
==========================================================================
global route report_tns
--------------------------------------------------------------------------
tns max -732319.00

==========================================================================
global route report_wns
--------------------------------------------------------------------------
wns max -1037.01

==========================================================================
global route report_worst_slack
--------------------------------------------------------------------------
worst slack max -1037.01

==========================================================================
global route report_clock_min_period
--------------------------------------------------------------------------
core_clk period_min = 6537.01 fmax = 152.98

==========================================================================
global route report_clock_skew
--------------------------------------------------------------------------
Clock core_clk
 306.50 source latency _308428_/CLK ^
-267.00 target latency _307500_/CLK ^
  50.00 clock uncertainty
  -2.19 CRPR
--------------
  87.31 setup skew


==========================================================================
global route report_checks -path_delay min
--------------------------------------------------------------------------
Startpoint: rst (input port clocked by core_clk)
Endpoint: imem_req_valid (output port clocked by core_clk)
Path Group: in2out
Path Type: min

Fanout     Cap    Slew   Delay    Time   Description
-----------------------------------------------------------------------------
                          0.00    0.00   clock core_clk (rise edge)
                          0.00    0.00   clock network delay (propagated)
                       1100.00 1100.00 v input external delay
     1    1.27   20.00    0.00 1100.00 v rst (in)
                                         rst (net)
                 20.29    0.09 1100.09 v input106/A (BUFx8_ASAP7_75t_R)
    42   54.19   43.10   30.59 1130.69 v input106/Y (BUFx8_ASAP7_75t_R)
                                         net106 (net)
                 62.26   13.77 1144.46 v _151342_/A (INVx3_ASAP7_75t_R)
     3    4.25   23.18   17.36 1161.82 ^ _151342_/Y (INVx3_ASAP7_75t_R)
                                         _096745_ (net)
                 23.32    1.02 1162.83 ^ load_slew4515/A (BUFx16f_ASAP7_75t_R)
    54   48.69   24.53   22.66 1185.49 ^ load_slew4515/Y (BUFx16f_ASAP7_75t_R)
                                         net4073 (net)
                 29.78    5.05 1190.54 ^ load_slew4514/A (BUFx16f_ASAP7_75t_R)
    46   36.67   19.00   21.01 1211.55 ^ load_slew4514/Y (BUFx16f_ASAP7_75t_R)
                                         net4072 (net)
                 22.89    3.72 1215.27 ^ load_slew4462/A (BUFx16f_ASAP7_75t_R)
    50   43.13   18.80   19.52 1234.79 ^ load_slew4462/Y (BUFx16f_ASAP7_75t_R)
                                         net4020 (net)
                 61.86   17.48 1252.27 ^ load_slew4460/A (BUFx16f_ASAP7_75t_R)
    50   44.49   23.11   26.10 1278.37 ^ load_slew4460/Y (BUFx16f_ASAP7_75t_R)
                                         net4018 (net)
                 92.50   28.58 1306.95 ^ wire4456/A (BUFx16f_ASAP7_75t_R)
    60   48.38   26.16   30.49 1337.44 ^ wire4456/Y (BUFx16f_ASAP7_75t_R)
                                         net4014 (net)
                 64.20   17.92 1355.35 ^ load_slew4452/A (BUFx16f_ASAP7_75t_R)
    60   47.46   24.03   26.94 1382.30 ^ load_slew4452/Y (BUFx16f_ASAP7_75t_R)
                                         net4010 (net)
                 72.34   21.19 1403.49 ^ load_slew4451/A (BUFx16f_ASAP7_75t_R)
    38   30.24   19.40   27.28 1430.77 ^ load_slew4451/Y (BUFx16f_ASAP7_75t_R)
                                         net4009 (net)
                 54.00   16.00 1446.77 ^ load_slew4450/A (BUFx16f_ASAP7_75t_R)
    50   40.85   12.76   24.77 1471.53 ^ load_slew4450/Y (BUFx16f_ASAP7_75t_R)
                                         net4008 (net)
                 73.19   21.33 1492.86 ^ load_slew4441/A (BUFx16f_ASAP7_75t_R)
    45   37.94   24.15   27.81 1520.67 ^ load_slew4441/Y (BUFx16f_ASAP7_75t_R)
                                         net3999 (net)
                 52.71   14.60 1535.27 ^ wire4440/A (BUFx16f_ASAP7_75t_R)
    50   41.90   19.23   25.15 1560.42 ^ wire4440/Y (BUFx16f_ASAP7_75t_R)
                                         net3998 (net)
                 41.14    9.83 1570.25 ^ load_slew4439/A (BUFx16f_ASAP7_75t_R)
    49   41.92   23.33   23.24 1593.48 ^ load_slew4439/Y (BUFx16f_ASAP7_75t_R)
                                         net3997 (net)
                 67.61   19.92 1613.41 ^ load_slew4438/A (BUFx16f_ASAP7_75t_R)
    41   38.47   15.00   27.51 1640.92 ^ load_slew4438/Y (BUFx16f_ASAP7_75t_R)
                                         net3996 (net)
                 79.00   23.84 1664.75 ^ _227188_/C (OA211x2_ASAP7_75t_R)
     1    0.55    7.41   23.71 1688.46 ^ _227188_/Y (OA211x2_ASAP7_75t_R)
                                         _031133_ (net)
                  7.41    0.05 1688.52 ^ _227189_/C (OA211x2_ASAP7_75t_R)
    31   25.68   90.08   43.79 1732.31 ^ _227189_/Y (OA211x2_ASAP7_75t_R)
                                         net109 (net)
                104.35   18.68 1750.98 ^ output109/A (BUFx2_ASAP7_75t_R)
     1    4.00   17.70   31.37 1782.35 ^ output109/Y (BUFx2_ASAP7_75t_R)
                                         imem_req_valid (net)
                 17.85    0.88 1783.23 ^ imem_req_valid (out)
                               1783.23   data arrival time

                          0.00    0.00   clock core_clk (rise edge)
                          0.00    0.00   clock network delay (propagated)
                         25.00   25.00   clock uncertainty
                          0.00   25.00   clock reconvergence pessimism
                       -1100.00 -1075.00   output external delay
                               -1075.00   data required time
-----------------------------------------------------------------------------
                               -1075.00   data required time
                               -1783.23   data arrival time
-----------------------------------------------------------------------------
                               2858.23   slack (MET)


Startpoint: imem_rsp_rdata[12] (input port clocked by core_clk)
Endpoint: _300555_ (rising edge-triggered flip-flop clocked by core_clk)
Path Group: in2reg
Path Type: min

Fanout     Cap    Slew   Delay    Time   Description
-----------------------------------------------------------------------------
                          0.00    0.00   clock core_clk (rise edge)
                          0.00    0.00   clock network delay (propagated)
                       1100.00 1100.00 v input external delay
     1    2.93   20.00    0.00 1100.00 v imem_rsp_rdata[12] (in)
                                         imem_rsp_rdata[12] (net)
                 21.12    0.35 1100.35 v input76/A (BUFx2_ASAP7_75t_R)
     5    3.67   13.35   21.36 1121.72 v input76/Y (BUFx2_ASAP7_75t_R)
                                         net76 (net)
                 13.50    0.77 1122.49 v _227791_/A1 (OA21x2_ASAP7_75t_R)
     1    0.63    4.39   17.42 1139.91 v _227791_/Y (OA21x2_ASAP7_75t_R)
                                         u_frontend._395419_ (net)
                  4.39    0.03 1139.95 v _300555_/D (DFFHQNx1_ASAP7_75t_R)
                               1139.95   data arrival time

                          0.00    0.00   clock core_clk (rise edge)
                          0.00    0.00   clock source latency
     1   20.70   20.00    0.00    0.00 ^ clk (in)
                                         clk (net)
                 73.05   16.73   16.73 ^ wire4945/A (BUFx10_ASAP7_75t_R)
     1   20.07   18.86   30.07   46.81 ^ wire4945/Y (BUFx10_ASAP7_75t_R)
                                         net4503 (net)
                 61.42   18.67   65.48 ^ clkbuf_0_clk/A (BUFx24_ASAP7_75t_R)
     2   16.40   13.18   30.20   95.68 ^ clkbuf_0_clk/Y (BUFx24_ASAP7_75t_R)
                                         clknet_0_clk (net)
                 26.06    7.05  102.73 ^ clkbuf_1_0_0_clk/A (BUFx24_ASAP7_75t_R)
     2   16.82   12.47   23.15  125.87 ^ clkbuf_1_0_0_clk/Y (BUFx24_ASAP7_75t_R)
                                         clknet_1_0_0_clk (net)
                 24.52    6.64  132.52 ^ clkbuf_2_0_0_clk/A (BUFx24_ASAP7_75t_R)
     2   12.23   10.06   22.52  155.03 ^ clkbuf_2_0_0_clk/Y (BUFx24_ASAP7_75t_R)
                                         clknet_2_0_0_clk (net)
                 19.88    5.41  160.44 ^ clkbuf_3_0_0_clk/A (BUFx24_ASAP7_75t_R)
     2   15.07   10.97   21.37  181.81 ^ clkbuf_3_0_0_clk/Y (BUFx24_ASAP7_75t_R)
                                         clknet_3_0_0_clk (net)
                 24.22    6.72  188.53 ^ clkbuf_4_0_0_clk/A (BUFx24_ASAP7_75t_R)
     4   23.78   16.86   23.90  212.42 ^ clkbuf_4_0_0_clk/Y (BUFx24_ASAP7_75t_R)
                                         clknet_4_0_0_clk (net)
                 22.83    5.15  217.57 ^ clkbuf_6_1_0_clk/A (BUFx24_ASAP7_75t_R)
     2    7.69    9.13   21.92  239.49 ^ clkbuf_6_1_0_clk/Y (BUFx24_ASAP7_75t_R)
                                         clknet_6_1_0_clk (net)
                 10.24    1.61  241.10 ^ clkbuf_7_2__f_clk/A (BUFx24_ASAP7_75t_R)
    13   46.12   26.44   22.08  263.18 ^ clkbuf_7_2__f_clk/Y (BUFx24_ASAP7_75t_R)
                                         clknet_7_2__leaf_clk (net)
                 36.93    8.62  271.80 ^ clkbuf_leaf_946_clk/A (BUFx24_ASAP7_75t_R)
    21   16.11   13.43   26.43  298.23 ^ clkbuf_leaf_946_clk/Y (BUFx24_ASAP7_75t_R)
                                         clknet_leaf_946_clk (net)
                 17.57    3.87  302.10 ^ _300555_/CLK (DFFHQNx1_ASAP7_75t_R)
                         25.00  327.10   clock uncertainty
                          0.00  327.10   clock reconvergence pessimism
                         13.10  340.20   library hold time
                                340.20   data required time
-----------------------------------------------------------------------------
                                340.20   data required time
                               -1139.95   data arrival time
-----------------------------------------------------------------------------
                                799.74   slack (MET)


Startpoint: _318717_ (rising edge-triggered flip-flop clocked by core_clk)
Endpoint: commit_trace[116] (output port clocked by core_clk)
Path Group: reg2out
Path Type: min

Fanout     Cap    Slew   Delay    Time   Description
-----------------------------------------------------------------------------
                          0.00    0.00   clock core_clk (rise edge)
                          0.00    0.00   clock source latency
     1   20.41   20.00    0.00    0.00 ^ clk (in)
                                         clk (net)
                 71.59   16.27   16.27 ^ wire4945/A (BUFx10_ASAP7_75t_R)
     1   19.47   18.64   29.84   46.11 ^ wire4945/Y (BUFx10_ASAP7_75t_R)
                                         net4503 (net)
                 58.48   17.71   63.82 ^ clkbuf_0_clk/A (BUFx24_ASAP7_75t_R)
     2   15.19   12.63   29.67   93.49 ^ clkbuf_0_clk/Y (BUFx24_ASAP7_75t_R)
                                         clknet_0_clk (net)
                 24.04    6.44   99.93 ^ clkbuf_1_0_0_clk/A (BUFx24_ASAP7_75t_R)
     2   15.61   11.94   22.61  122.54 ^ clkbuf_1_0_0_clk/Y (BUFx24_ASAP7_75t_R)
                                         clknet_1_0_0_clk (net)
                 22.46    6.00  128.53 ^ clkbuf_2_1_0_clk/A (BUFx24_ASAP7_75t_R)
     2   11.11    9.83   21.99  150.52 ^ clkbuf_2_1_0_clk/Y (BUFx24_ASAP7_75t_R)
                                         clknet_2_1_0_clk (net)
                 17.59    4.71  155.23 ^ clkbuf_3_2_0_clk/A (BUFx24_ASAP7_75t_R)
     2   13.99   10.69   20.68  175.91 ^ clkbuf_3_2_0_clk/Y (BUFx24_ASAP7_75t_R)
                                         clknet_3_2_0_clk (net)
                 22.19    6.08  181.99 ^ clkbuf_4_4_0_clk/A (BUFx24_ASAP7_75t_R)
     4   21.46   15.52   23.42  205.41 ^ clkbuf_4_4_0_clk/Y (BUFx24_ASAP7_75t_R)
                                         clknet_4_4_0_clk (net)
                 18.49    3.45  208.86 ^ clkbuf_6_17_0_clk/A (BUFx24_ASAP7_75t_R)
     2    6.19    8.45   20.57  229.43 ^ clkbuf_6_17_0_clk/Y (BUFx24_ASAP7_75t_R)
                                         clknet_6_17_0_clk (net)
                  9.14    1.31  230.74 ^ clkbuf_7_34__f_clk/A (BUFx24_ASAP7_75t_R)
     8   24.76   17.12   20.24  250.98 ^ clkbuf_7_34__f_clk/Y (BUFx24_ASAP7_75t_R)
                                         clknet_7_34__leaf_clk (net)
                 19.98    3.63  254.61 ^ clkbuf_leaf_753_clk/A (BUFx24_ASAP7_75t_R)
    22   14.84   12.25   22.15  276.77 ^ clkbuf_leaf_753_clk/Y (BUFx24_ASAP7_75t_R)
                                         clknet_leaf_753_clk (net)
                 13.29    1.73  278.49 ^ _318717_/CLK (DFFHQNx1_ASAP7_75t_R)
     1    0.58   11.76   33.96  312.45 v _318717_/QN (DFFHQNx1_ASAP7_75t_R)
                                         _000578_ (net)
                 11.76    0.03  312.48 v _152736_/A (INVx1_ASAP7_75t_R)
     1    0.59    7.17    6.54  319.02 ^ _152736_/Y (INVx1_ASAP7_75t_R)
                                         u_rob.commit_trace[116] (net)
                  7.18    0.05  319.08 ^ output226/A (BUFx2_ASAP7_75t_R)
     1    2.73   11.60   15.35  334.43 ^ output226/Y (BUFx2_ASAP7_75t_R)
                                         commit_trace[116] (net)
                 11.68    0.51  334.94 ^ commit_trace[116] (out)
                                334.94   data arrival time

                          0.00    0.00   clock core_clk (rise edge)
                          0.00    0.00   clock network delay (propagated)
                         25.00   25.00   clock uncertainty
                          0.00   25.00   clock reconvergence pessimism
                       -1100.00 -1075.00   output external delay
                               -1075.00   data required time
-----------------------------------------------------------------------------
                               -1075.00   data required time
                               -334.94   data arrival time
-----------------------------------------------------------------------------
                               1409.94   slack (MET)


Startpoint: _308398_ (rising edge-triggered flip-flop clocked by core_clk)
Endpoint: _307285_ (rising edge-triggered flip-flop clocked by core_clk)
Path Group: reg2reg
Path Type: min

Fanout     Cap    Slew   Delay    Time   Description
-----------------------------------------------------------------------------
                          0.00    0.00   clock core_clk (rise edge)
                          0.00    0.00   clock source latency
     1   20.41   20.00    0.00    0.00 ^ clk (in)
                                         clk (net)
                 71.59   16.27   16.27 ^ wire4945/A (BUFx10_ASAP7_75t_R)
     1   19.47   18.64   29.84   46.11 ^ wire4945/Y (BUFx10_ASAP7_75t_R)
                                         net4503 (net)
                 58.48   17.71   63.82 ^ clkbuf_0_clk/A (BUFx24_ASAP7_75t_R)
     2   15.19   12.63   29.67   93.49 ^ clkbuf_0_clk/Y (BUFx24_ASAP7_75t_R)
                                         clknet_0_clk (net)
                 24.04    6.44   99.93 ^ clkbuf_1_0_0_clk/A (BUFx24_ASAP7_75t_R)
     2   15.61   11.94   22.61  122.54 ^ clkbuf_1_0_0_clk/Y (BUFx24_ASAP7_75t_R)
                                         clknet_1_0_0_clk (net)
                 22.46    6.00  128.53 ^ clkbuf_2_1_0_clk/A (BUFx24_ASAP7_75t_R)
     2   11.11    9.83   21.99  150.52 ^ clkbuf_2_1_0_clk/Y (BUFx24_ASAP7_75t_R)
                                         clknet_2_1_0_clk (net)
                 13.30    2.79  153.31 ^ clkbuf_3_3_0_clk/A (BUFx24_ASAP7_75t_R)
     2   14.63   11.54   19.61  172.92 ^ clkbuf_3_3_0_clk/Y (BUFx24_ASAP7_75t_R)
                                         clknet_3_3_0_clk (net)
                 20.12    5.25  178.17 ^ clkbuf_4_6_0_clk/A (BUFx24_ASAP7_75t_R)
     4   21.27   15.47   22.72  200.88 ^ clkbuf_4_6_0_clk/Y (BUFx24_ASAP7_75t_R)
                                         clknet_4_6_0_clk (net)
                 19.93    4.26  205.15 ^ clkbuf_6_26_0_clk/A (BUFx24_ASAP7_75t_R)
     2    5.63    8.29   20.96  226.10 ^ clkbuf_6_26_0_clk/Y (BUFx24_ASAP7_75t_R)
                                         clknet_6_26_0_clk (net)
                  8.51    0.83  226.94 ^ clkbuf_7_53__f_clk/A (BUFx24_ASAP7_75t_R)
     7   20.07   14.85   19.38  246.32 ^ clkbuf_7_53__f_clk/Y (BUFx24_ASAP7_75t_R)
                                         clknet_7_53__leaf_clk (net)
                 16.95    2.87  249.19 ^ clkbuf_leaf_822_clk/A (BUFx24_ASAP7_75t_R)
    23   15.01   12.37   21.19  270.38 ^ clkbuf_leaf_822_clk/Y (BUFx24_ASAP7_75t_R)
                                         clknet_leaf_822_clk (net)
                 15.07    2.94  273.32 ^ _308398_/CLK (DFFHQNx1_ASAP7_75t_R)
     2    1.71   18.95   40.92  314.24 ^ _308398_/QN (DFFHQNx1_ASAP7_75t_R)
                                         _017624_ (net)
                 18.95    0.08  314.31 ^ _276148_/B2 (OAI22x1_ASAP7_75t_R)
     1    0.70    8.97    7.74  322.05 v _276148_/Y (OAI22x1_ASAP7_75t_R)
                                         u_fp_execute._000000_[69] (net)
                  8.98    0.05  322.10 v _307285_/D (DFFHQNx1_ASAP7_75t_R)
                                322.10   data arrival time

                          0.00    0.00   clock core_clk (rise edge)
                          0.00    0.00   clock source latency
     1   20.70   20.00    0.00    0.00 ^ clk (in)
                                         clk (net)
                 73.05   16.73   16.73 ^ wire4945/A (BUFx10_ASAP7_75t_R)
     1   20.07   18.86   30.07   46.81 ^ wire4945/Y (BUFx10_ASAP7_75t_R)
                                         net4503 (net)
                 61.42   18.67   65.48 ^ clkbuf_0_clk/A (BUFx24_ASAP7_75t_R)
     2   16.40   13.18   30.20   95.68 ^ clkbuf_0_clk/Y (BUFx24_ASAP7_75t_R)
                                         clknet_0_clk (net)
                 26.06    7.05  102.73 ^ clkbuf_1_0_0_clk/A (BUFx24_ASAP7_75t_R)
     2   16.82   12.47   23.15  125.87 ^ clkbuf_1_0_0_clk/Y (BUFx24_ASAP7_75t_R)
                                         clknet_1_0_0_clk (net)
                 24.31    6.56  132.43 ^ clkbuf_2_1_0_clk/A (BUFx24_ASAP7_75t_R)
     2   12.32   10.28   22.53  154.96 ^ clkbuf_2_1_0_clk/Y (BUFx24_ASAP7_75t_R)
                                         clknet_2_1_0_clk (net)
                 14.39    3.10  158.07 ^ clkbuf_3_3_0_clk/A (BUFx24_ASAP7_75t_R)
     2   15.84   12.06   19.98  178.05 ^ clkbuf_3_3_0_clk/Y (BUFx24_ASAP7_75t_R)
                                         clknet_3_3_0_clk (net)
                 21.81    5.76  183.81 ^ clkbuf_4_6_0_clk/A (BUFx24_ASAP7_75t_R)
     4   23.67   16.74   23.32  207.13 ^ clkbuf_4_6_0_clk/Y (BUFx24_ASAP7_75t_R)
                                         clknet_4_6_0_clk (net)
                 22.69    5.14  212.27 ^ clkbuf_6_27_0_clk/A (BUFx24_ASAP7_75t_R)
     2    7.13    8.95   21.85  234.12 ^ clkbuf_6_27_0_clk/Y (BUFx24_ASAP7_75t_R)
                                         clknet_6_27_0_clk (net)
                  9.51    1.19  235.30 ^ clkbuf_7_55__f_clk/A (BUFx24_ASAP7_75t_R)
     8   27.78   18.66   20.02  255.33 ^ clkbuf_7_55__f_clk/Y (BUFx24_ASAP7_75t_R)
                                         clknet_7_55__leaf_clk (net)
                 23.32    4.72  260.05 ^ clkbuf_leaf_819_clk/A (BUFx24_ASAP7_75t_R)
    22   16.58   13.27   23.27  283.31 ^ clkbuf_leaf_819_clk/Y (BUFx24_ASAP7_75t_R)
                                         clknet_leaf_819_clk (net)
                 15.34    2.68  285.99 ^ _307285_/CLK (DFFHQNx1_ASAP7_75t_R)
                         25.00  310.99   clock uncertainty
                         -6.24  304.75   clock reconvergence pessimism
                         12.15  316.90   library hold time
                                316.90   data required time
-----------------------------------------------------------------------------
                                316.90   data required time
                               -322.10   data arrival time
-----------------------------------------------------------------------------
                                  5.20   slack (MET)



==========================================================================
global route report_checks -path_delay max
--------------------------------------------------------------------------
Startpoint: rst (input port clocked by core_clk)
Endpoint: dmem_req_wdata[20] (output port clocked by core_clk)
Path Group: in2out
Path Type: max

Fanout     Cap    Slew   Delay    Time   Description
-----------------------------------------------------------------------------
                          0.00    0.00   clock core_clk (rise edge)
                          0.00    0.00   clock network delay (propagated)
                       1100.00 1100.00 v input external delay
     1    1.48   20.00    0.00 1100.00 v rst (in)
                                         rst (net)
                 20.35    0.11 1100.11 v input106/A (BUFx8_ASAP7_75t_R)
    42   68.72   53.57   32.41 1132.52 v input106/Y (BUFx8_ASAP7_75t_R)
                                         net106 (net)
                 54.31    3.47 1136.00 v wire4546/A (BUFx24_ASAP7_75t_R)
    80  123.56   49.53   36.65 1172.64 v wire4546/Y (BUFx24_ASAP7_75t_R)
                                         net4104 (net)
                 65.64   12.59 1185.24 v load_slew4545/A (BUFx16f_ASAP7_75t_R)
    59   95.09   25.38   31.54 1216.78 v load_slew4545/Y (BUFx16f_ASAP7_75t_R)
                                         net4103 (net)
                206.46   65.17 1281.94 v wire4532/A (BUFx24_ASAP7_75t_R)
    73  113.17   41.43   59.08 1341.02 v wire4532/Y (BUFx24_ASAP7_75t_R)
                                         net4090 (net)
                158.38   48.01 1389.03 v wire4531/A (BUFx16f_ASAP7_75t_R)
    65   96.54   26.37   45.62 1434.65 v wire4531/Y (BUFx16f_ASAP7_75t_R)
                                         net4089 (net)
                215.19   67.88 1502.53 v wire4530/A (BUFx24_ASAP7_75t_R)
    73  115.38   24.00   58.22 1560.74 v wire4530/Y (BUFx24_ASAP7_75t_R)
                                         net4088 (net)
                239.21   74.81 1635.56 v wire4528/A (BUFx16f_ASAP7_75t_R)
    60   91.85   25.42   52.97 1688.53 v wire4528/Y (BUFx16f_ASAP7_75t_R)
                                         net4086 (net)
                235.08   74.64 1763.17 v wire4527/A (BUFx16f_ASAP7_75t_R)
    43   92.26   35.90   54.31 1817.48 v wire4527/Y (BUFx16f_ASAP7_75t_R)
                                         net4085 (net)
                174.87   54.80 1872.27 v load_slew4526/A (BUFx16f_ASAP7_75t_R)
    38   63.53   14.43   43.44 1915.72 v load_slew4526/Y (BUFx16f_ASAP7_75t_R)
                                         net4084 (net)
                268.43   84.56 2000.28 v _167892_/A (NOR2x2_ASAP7_75t_R)
    17   25.10  134.49   72.80 2073.08 ^ _167892_/Y (NOR2x2_ASAP7_75t_R)
                                         net108 (net)
                134.65    3.14 2076.22 ^ load_slew3425/A (BUFx16f_ASAP7_75t_R)
    17   29.07   17.56   32.91 2109.13 ^ load_slew3425/Y (BUFx16f_ASAP7_75t_R)
                                         net2983 (net)
                 62.27   18.60 2127.73 ^ load_slew3423/A (BUFx16f_ASAP7_75t_R)
    25   29.68   12.99   25.80 2153.53 ^ load_slew3423/Y (BUFx16f_ASAP7_75t_R)
                                         net2981 (net)
                 79.82   25.03 2178.56 ^ _173675_/B (OA21x2_ASAP7_75t_R)
     1    1.71   10.81   26.11 2204.67 ^ _173675_/Y (OA21x2_ASAP7_75t_R)
                                         u_lsu.dmem_req_wdata[20] (net)
                 10.86    0.38 2205.05 ^ output188/A (BUFx2_ASAP7_75t_R)
     1    2.68   11.44   16.40 2221.45 ^ output188/Y (BUFx2_ASAP7_75t_R)
                                         dmem_req_wdata[20] (net)
                 11.49    0.43 2221.88 ^ dmem_req_wdata[20] (out)
                               2221.88   data arrival time

                       5500.00 5500.00   clock core_clk (rise edge)
                          0.00 5500.00   clock network delay (propagated)
                        -50.00 5450.00   clock uncertainty
                          0.00 5450.00   clock reconvergence pessimism
                       -1100.00 4350.00   output external delay
                               4350.00   data required time
-----------------------------------------------------------------------------
                               4350.00   data required time
                               -2221.88   data arrival time
-----------------------------------------------------------------------------
                               2128.12   slack (MET)


Startpoint: rst (input port clocked by core_clk)
Endpoint: _301091_ (rising edge-triggered flip-flop clocked by core_clk)
Path Group: in2reg
Path Type: max

Fanout     Cap    Slew   Delay    Time   Description
-----------------------------------------------------------------------------
                          0.00    0.00   clock core_clk (rise edge)
                          0.00    0.00   clock network delay (propagated)
                       1100.00 1100.00 ^ input external delay
     1    1.48   20.00    0.00 1100.00 ^ rst (in)
                                         rst (net)
                 20.35    0.11 1100.11 ^ input106/A (BUFx8_ASAP7_75t_R)
    42   69.26   63.90   32.64 1132.75 ^ input106/Y (BUFx8_ASAP7_75t_R)
                                         net106 (net)
                 85.45   17.88 1150.63 ^ _151342_/A (INVx3_ASAP7_75t_R)
     3    5.13   26.32   17.31 1167.93 v _151342_/Y (INVx3_ASAP7_75t_R)
                                         _096745_ (net)
                 26.50    1.26 1169.19 v load_slew4515/A (BUFx16f_ASAP7_75t_R)
    54   56.28   24.13   25.06 1194.26 v load_slew4515/Y (BUFx16f_ASAP7_75t_R)
                                         net4073 (net)
                 31.74    5.88 1200.14 v load_slew4436/A (BUFx16f_ASAP7_75t_R)
    47   43.42   15.08   23.07 1223.21 v load_slew4436/Y (BUFx16f_ASAP7_75t_R)
                                         net3994 (net)
                104.13   32.80 1256.01 v load_slew4430/A (BUFx16f_ASAP7_75t_R)
    55   51.82   22.80   36.27 1292.28 v load_slew4430/Y (BUFx16f_ASAP7_75t_R)
                                         net3988 (net)
                 89.33   27.03 1319.31 v _151458_/A (AND2x6_ASAP7_75t_R)
    12   29.93   19.22   39.64 1358.95 v _151458_/Y (AND2x6_ASAP7_75t_R)
                                         _096860_ (net)
                110.59   32.97 1391.91 v wire3415/A (BUFx16f_ASAP7_75t_R)
    70   75.38   19.90   35.84 1427.75 v wire3415/Y (BUFx16f_ASAP7_75t_R)
                                         net2973 (net)
                139.93   42.17 1469.92 v load_slew3414/A (BUFx16f_ASAP7_75t_R)
    72   68.15   27.18   41.22 1511.14 v load_slew3414/Y (BUFx16f_ASAP7_75t_R)
                                         net2972 (net)
                153.45   48.47 1559.61 v wire3413/A (BUFx16f_ASAP7_75t_R)
    46   59.72   16.84   43.08 1602.70 v wire3413/Y (BUFx16f_ASAP7_75t_R)
                                         net2971 (net)
                193.87   61.17 1663.86 v wire3412/A (BUFx16f_ASAP7_75t_R)
    75   67.76   15.47   45.45 1709.31 v wire3412/Y (BUFx16f_ASAP7_75t_R)
                                         net2970 (net)
                 50.79   12.76 1722.07 v _152190_/B (AND2x6_ASAP7_75t_R)
    52   49.49   54.68   37.41 1759.48 v _152190_/Y (AND2x6_ASAP7_75t_R)
                                         _097589_ (net)
                 78.70   19.63 1779.11 v wire2322/A (BUFx16f_ASAP7_75t_R)
   107   83.83   18.78   35.29 1814.39 v wire2322/Y (BUFx16f_ASAP7_75t_R)
                                         net1880 (net)
                 61.35   15.17 1829.56 v load_slew2321/A (BUFx16f_ASAP7_75t_R)
   118   91.08   45.69   31.24 1860.80 v load_slew2321/Y (BUFx16f_ASAP7_75t_R)
                                         net1879 (net)
                122.72   37.74 1898.54 v wire2320/A (BUFx24_ASAP7_75t_R)
   147  114.57   32.49   47.23 1945.77 v wire2320/Y (BUFx24_ASAP7_75t_R)
                                         net1878 (net)
                157.30   47.25 1993.01 v wire2319/A (BUFx16f_ASAP7_75t_R)
   121   95.70   18.83   43.86 2036.87 v wire2319/Y (BUFx16f_ASAP7_75t_R)
                                         net1877 (net)
                183.56   55.93 2092.80 v wire2318/A (BUFx16f_ASAP7_75t_R)
   124   92.82   35.93   47.97 2140.77 v wire2318/Y (BUFx16f_ASAP7_75t_R)
                                         net1876 (net)
                118.29   33.94 2174.71 v load_slew2317/A (BUFx16f_ASAP7_75t_R)
   118   89.51   19.35   39.83 2214.54 v load_slew2317/Y (BUFx16f_ASAP7_75t_R)
                                         net1875 (net)
                221.69   69.46 2284.00 v _230389_/B (AND3x4_ASAP7_75t_R)
    20   33.01   54.58   77.18 2361.18 v _230389_/Y (AND3x4_ASAP7_75t_R)
                                         _033609_ (net)
                 60.84    9.71 2370.89 v wire2092/A (BUFx16f_ASAP7_75t_R)
    44   60.13   11.51   28.76 2399.65 v wire2092/Y (BUFx16f_ASAP7_75t_R)
                                         net1650 (net)
                152.82   47.78 2447.43 v load_slew2091/A (BUFx16f_ASAP7_75t_R)
    54   68.22   31.30   44.43 2491.87 v load_slew2091/Y (BUFx16f_ASAP7_75t_R)
                                         net1649 (net)
                 68.70   17.59 2509.46 v wire2090/A (BUFx16f_ASAP7_75t_R)
    56   70.04   20.96   31.77 2541.23 v wire2090/Y (BUFx16f_ASAP7_75t_R)
                                         net1648 (net)
                 87.72   24.70 2565.92 v wire2089/A (BUFx16f_ASAP7_75t_R)
    51   64.92   16.46   35.36 2601.28 v wire2089/Y (BUFx16f_ASAP7_75t_R)
                                         net1647 (net)
                176.14   55.51 2656.79 v _230394_/B (NAND2x1_ASAP7_75t_R)
     2    3.12   52.84   45.21 2702.00 ^ _230394_/Y (NAND2x1_ASAP7_75t_R)
                                         _033614_ (net)
                 52.85    0.26 2702.26 ^ _230634_/B (OAI21x1_ASAP7_75t_R)
     1    0.83   27.59   13.52 2715.78 v _230634_/Y (OAI21x1_ASAP7_75t_R)
                                         u_frontend._395998_ (net)
                 27.59    0.06 2715.84 v _301091_/D (DFFHQNx1_ASAP7_75t_R)
                               2715.84   data arrival time

                       5500.00 5500.00   clock core_clk (rise edge)
                          0.00 5500.00   clock source latency
     1   20.41   20.00    0.00 5500.00 ^ clk (in)
                                         clk (net)
                 71.59   16.27 5516.27 ^ wire4945/A (BUFx10_ASAP7_75t_R)
     1   19.47   18.64   29.84 5546.11 ^ wire4945/Y (BUFx10_ASAP7_75t_R)
                                         net4503 (net)
                 58.48   17.71 5563.82 ^ clkbuf_0_clk/A (BUFx24_ASAP7_75t_R)
     2   15.19   12.63   29.67 5593.49 ^ clkbuf_0_clk/Y (BUFx24_ASAP7_75t_R)
                                         clknet_0_clk (net)
                 24.04    6.44 5599.93 ^ clkbuf_1_0_0_clk/A (BUFx24_ASAP7_75t_R)
     2   15.61   11.94   22.61 5622.54 ^ clkbuf_1_0_0_clk/Y (BUFx24_ASAP7_75t_R)
                                         clknet_1_0_0_clk (net)
                 22.65    6.07 5628.61 ^ clkbuf_2_0_0_clk/A (BUFx24_ASAP7_75t_R)
     2   11.02    9.68   21.98 5650.59 ^ clkbuf_2_0_0_clk/Y (BUFx24_ASAP7_75t_R)
                                         clknet_2_0_0_clk (net)
                 17.93    4.83 5655.42 ^ clkbuf_3_0_0_clk/A (BUFx24_ASAP7_75t_R)
     2   13.87   10.52   20.76 5676.18 ^ clkbuf_3_0_0_clk/Y (BUFx24_ASAP7_75t_R)
                                         clknet_3_0_0_clk (net)
                 21.82    5.95 5682.13 ^ clkbuf_4_1_0_clk/A (BUFx24_ASAP7_75t_R)
     4   21.53   15.66   23.19 5705.32 ^ clkbuf_4_1_0_clk/Y (BUFx24_ASAP7_75t_R)
                                         clknet_4_1_0_clk (net)
                 21.39    4.92 5710.24 ^ clkbuf_6_4_0_clk/A (BUFx24_ASAP7_75t_R)
     2    5.97    8.46   21.35 5731.59 ^ clkbuf_6_4_0_clk/Y (BUFx24_ASAP7_75t_R)
                                         clknet_6_4_0_clk (net)
                  8.87    1.06 5732.65 ^ clkbuf_7_9__f_clk/A (BUFx24_ASAP7_75t_R)
     9   26.27   18.00   20.00 5752.65 ^ clkbuf_7_9__f_clk/Y (BUFx24_ASAP7_75t_R)
                                         clknet_7_9__leaf_clk (net)
                 21.82    4.26 5756.92 ^ clkbuf_leaf_923_clk/A (BUFx24_ASAP7_75t_R)
    25   15.57   12.65   22.59 5779.51 ^ clkbuf_leaf_923_clk/Y (BUFx24_ASAP7_75t_R)
                                         clknet_leaf_923_clk (net)
                 14.05    2.04 5781.55 ^ _301091_/CLK (DFFHQNx1_ASAP7_75t_R)
                        -50.00 5731.55   clock uncertainty
                          0.00 5731.55   clock reconvergence pessimism
                         -2.83 5728.72   library setup time
                               5728.72   data required time
-----------------------------------------------------------------------------
                               5728.72   data required time
                               -2715.84   data arrival time
-----------------------------------------------------------------------------
                               3012.88   slack (MET)


Startpoint: _308209_ (rising edge-triggered flip-flop clocked by core_clk)
Endpoint: dmem_req_addr[13] (output port clocked by core_clk)
Path Group: reg2out
Path Type: max

Fanout     Cap    Slew   Delay    Time   Description
-----------------------------------------------------------------------------
                          0.00    0.00   clock core_clk (rise edge)
                          0.00    0.00   clock source latency
     1   20.70   20.00    0.00    0.00 ^ clk (in)
                                         clk (net)
                 73.05   16.73   16.73 ^ wire4945/A (BUFx10_ASAP7_75t_R)
     1   20.07   18.86   30.07   46.81 ^ wire4945/Y (BUFx10_ASAP7_75t_R)
                                         net4503 (net)
                 61.42   18.67   65.48 ^ clkbuf_0_clk/A (BUFx24_ASAP7_75t_R)
     2   16.40   13.18   30.20   95.68 ^ clkbuf_0_clk/Y (BUFx24_ASAP7_75t_R)
                                         clknet_0_clk (net)
                 26.06    7.05  102.73 ^ clkbuf_1_0_0_clk/A (BUFx24_ASAP7_75t_R)
     2   16.82   12.47   23.15  125.87 ^ clkbuf_1_0_0_clk/Y (BUFx24_ASAP7_75t_R)
                                         clknet_1_0_0_clk (net)
                 24.31    6.56  132.43 ^ clkbuf_2_1_0_clk/A (BUFx24_ASAP7_75t_R)
     2   12.32   10.28   22.53  154.96 ^ clkbuf_2_1_0_clk/Y (BUFx24_ASAP7_75t_R)
                                         clknet_2_1_0_clk (net)
                 19.37    5.23  160.19 ^ clkbuf_3_2_0_clk/A (BUFx24_ASAP7_75t_R)
     2   15.19   11.14   21.24  181.44 ^ clkbuf_3_2_0_clk/Y (BUFx24_ASAP7_75t_R)
                                         clknet_3_2_0_clk (net)
                 24.20    6.71  188.15 ^ clkbuf_4_4_0_clk/A (BUFx24_ASAP7_75t_R)
     4   23.86   16.78   24.13  212.28 ^ clkbuf_4_4_0_clk/Y (BUFx24_ASAP7_75t_R)
                                         clknet_4_4_0_clk (net)
                 19.87    3.65  215.93 ^ clkbuf_6_19_0_clk/A (BUFx24_ASAP7_75t_R)
     2    7.60    8.96   21.18  237.12 ^ clkbuf_6_19_0_clk/Y (BUFx24_ASAP7_75t_R)
                                         clknet_6_19_0_clk (net)
                  9.97    1.52  238.64 ^ clkbuf_7_38__f_clk/A (BUFx24_ASAP7_75t_R)
     7   25.72   17.73   20.24  258.88 ^ clkbuf_7_38__f_clk/Y (BUFx24_ASAP7_75t_R)
                                         clknet_7_38__leaf_clk (net)
                 22.53    4.75  263.64 ^ clkbuf_leaf_778_clk/A (BUFx24_ASAP7_75t_R)
    20   14.71   12.21   22.89  286.53 ^ clkbuf_leaf_778_clk/Y (BUFx24_ASAP7_75t_R)
                                         clknet_leaf_778_clk (net)
                 13.97    2.33  288.86 ^ _308209_/CLK (DFFHQNx3_ASAP7_75t_R)
     2    7.83   34.44   56.18  345.04 ^ _308209_/QN (DFFHQNx3_ASAP7_75t_R)
                                         u_lsu._004001_[1] (net)
                 37.64    5.51  350.55 ^ wire4778/A (BUFx16f_ASAP7_75t_R)
    36   50.08   19.31   22.00  372.55 ^ wire4778/Y (BUFx16f_ASAP7_75t_R)
                                         net4336 (net)
                111.41   34.71  407.26 ^ wire4776/A (BUFx16f_ASAP7_75t_R)
    45   53.52   24.72   32.24  439.50 ^ wire4776/Y (BUFx16f_ASAP7_75t_R)
                                         net4334 (net)
                 43.07    9.40  448.90 ^ wire4775/A (BUFx16f_ASAP7_75t_R)
    37   47.88   13.97   23.68  472.58 ^ wire4775/Y (BUFx16f_ASAP7_75t_R)
                                         net4333 (net)
                117.76   36.85  509.43 ^ load_slew4774/A (BUFx16f_ASAP7_75t_R)
    42   54.05   34.68   36.78  546.21 ^ load_slew4774/Y (BUFx16f_ASAP7_75t_R)
                                         net4332 (net)
                 51.61   12.70  558.92 ^ _153629_/B (AND2x2_ASAP7_75t_R)
    52   60.15  204.37   81.30  640.21 ^ _153629_/Y (AND2x2_ASAP7_75t_R)
                                         _098594_ (net)
                260.54   56.12  696.33 ^ _153630_/B (NAND2x1_ASAP7_75t_R)
    18   25.93  180.76  112.91  809.24 v _153630_/Y (NAND2x1_ASAP7_75t_R)
                                         _098595_ (net)
                181.38    6.31  815.55 v _153631_/B (OA21x2_ASAP7_75t_R)
    19   21.73   67.85   57.86  873.41 v _153631_/Y (OA21x2_ASAP7_75t_R)
                                         _098596_ (net)
                 75.16   11.59  885.00 v _153633_/C (AND3x1_ASAP7_75t_R)
    34   34.38  189.54   96.55  981.54 v _153633_/Y (AND3x1_ASAP7_75t_R)
                                         _098598_ (net)
                193.97   16.05  997.59 v _154870_/C1 (AO222x2_ASAP7_75t_R)
     5    6.26   28.07   73.12 1070.71 v _154870_/Y (AO222x2_ASAP7_75t_R)
                                         _099835_ (net)
                 28.42    1.70 1072.41 v _154873_/B (OR3x2_ASAP7_75t_R)
     8   14.14   46.49   45.71 1118.11 v _154873_/Y (OR3x2_ASAP7_75t_R)
                                         _099838_ (net)
                 47.31    3.47 1121.58 v _154878_/C (OR5x1_ASAP7_75t_R)
     3    5.22   37.45   50.77 1172.36 v _154878_/Y (OR5x1_ASAP7_75t_R)
                                         _099843_ (net)
                 37.92    2.35 1174.71 v _154879_/D (OR4x1_ASAP7_75t_R)
    31   36.08  211.40   91.64 1266.34 v _154879_/Y (OR4x1_ASAP7_75t_R)
                                         _099844_ (net)
                218.70   21.51 1287.85 v _155829_/C (OR4x1_ASAP7_75t_R)
     2    1.67   18.14   52.98 1340.82 v _155829_/Y (OR4x1_ASAP7_75t_R)
                                         _100794_ (net)
                 18.14    0.10 1340.92 v _155944_/B2 (AO221x1_ASAP7_75t_R)
     1    1.09   11.20   24.46 1365.38 v _155944_/Y (AO221x1_ASAP7_75t_R)
                                         _100909_ (net)
                 11.21    0.17 1365.55 v _155949_/A (OR5x1_ASAP7_75t_R)
    11    9.37   58.28   50.77 1416.32 v _155949_/Y (OR5x1_ASAP7_75t_R)
                                         _100914_ (net)
                 58.72    2.92 1419.24 v _156013_/A (AND2x2_ASAP7_75t_R)
     2    3.03   12.70   31.13 1450.37 v _156013_/Y (AND2x2_ASAP7_75t_R)
                                         _100978_ (net)
                 12.73    0.29 1450.66 v _156016_/A (NAND3x1_ASAP7_75t_R)
    12   18.63  133.11   49.68 1500.34 ^ _156016_/Y (NAND3x1_ASAP7_75t_R)
                                         _100981_ (net)
                133.43    4.01 1504.35 ^ _156112_/A1 (AOI221x1_ASAP7_75t_R)
     1    0.86   40.21   35.69 1540.04 v _156112_/Y (AOI221x1_ASAP7_75t_R)
                                         _101077_ (net)
                 40.21    0.09 1540.14 v _156115_/A2 (OA21x2_ASAP7_75t_R)
     1    1.46    9.17   25.99 1566.12 v _156115_/Y (OA21x2_ASAP7_75t_R)
                                         _101080_ (net)
                  9.20    0.28 1566.40 v _156116_/A (OR3x1_ASAP7_75t_R)
     2    1.45   12.33   21.57 1587.97 v _156116_/Y (OR3x1_ASAP7_75t_R)
                                         _101081_ (net)
                 12.34    0.15 1588.11 v _156123_/A3 (AO33x2_ASAP7_75t_R)
     5    4.95   20.98   38.48 1626.60 v _156123_/Y (AO33x2_ASAP7_75t_R)
                                         _101088_ (net)
                 21.06    0.72 1627.32 v _156140_/A (NAND2x1_ASAP7_75t_R)
    12   11.35   75.55   41.03 1668.35 ^ _156140_/Y (NAND2x1_ASAP7_75t_R)
                                         _101105_ (net)
                 75.62    1.32 1669.68 ^ _156253_/B2 (AO221x1_ASAP7_75t_R)
    33   35.23  232.42  109.44 1779.11 ^ _156253_/Y (AO221x1_ASAP7_75t_R)
                                         _101218_ (net)
                236.57   17.43 1796.54 ^ _156308_/A (NAND2x2_ASAP7_75t_R)
    15   23.58   94.20   52.16 1848.70 v _156308_/Y (NAND2x2_ASAP7_75t_R)
                                         _101273_ (net)
                 95.65    6.57 1855.26 v _156311_/A2 (AO21x2_ASAP7_75t_R)
     6    7.13   25.24   42.45 1897.71 v _156311_/Y (AO21x2_ASAP7_75t_R)
                                         _101276_ (net)
                 25.47    1.37 1899.08 v _156314_/A1 (OA21x2_ASAP7_75t_R)
     2    1.83    9.48   21.81 1920.89 v _156314_/Y (OA21x2_ASAP7_75t_R)
                                         _101279_ (net)
                  9.50    0.18 1921.07 v _156388_/C (AO221x1_ASAP7_75t_R)
     2    2.49   17.95   27.53 1948.60 v _156388_/Y (AO221x1_ASAP7_75t_R)
                                         _101353_ (net)
                 17.97    0.25 1948.85 v _156389_/A2 (OA21x2_ASAP7_75t_R)
     3    2.51   11.04   22.37 1971.22 v _156389_/Y (OA21x2_ASAP7_75t_R)
                                         _101354_ (net)
                 11.06    0.27 1971.49 v _156393_/A1 (AOI22x1_ASAP7_75t_R)
     6    5.97   45.26   23.87 1995.36 ^ _156393_/Y (AOI22x1_ASAP7_75t_R)
                                         _101358_ (net)
                 45.33    1.05 1996.40 ^ _156410_/B (NAND2x1_ASAP7_75t_R)
    21   22.32  119.64   52.95 2049.35 v _156410_/Y (NAND2x1_ASAP7_75t_R)
                                         _101375_ (net)
                119.64    0.80 2050.15 v _156421_/A3 (AO33x2_ASAP7_75t_R)
    13   15.33   53.03   70.67 2120.82 v _156421_/Y (AO33x2_ASAP7_75t_R)
                                         _101386_ (net)
                 53.92    3.92 2124.74 v _156522_/B (XNOR2x2_ASAP7_75t_R)
     1    0.84    8.38   28.83 2153.58 ^ _156522_/Y (XNOR2x2_ASAP7_75t_R)
                                         _101487_ (net)
                  8.38    0.07 2153.64 ^ _156526_/B (AND4x1_ASAP7_75t_R)
     2    1.84   17.40   25.12 2178.76 ^ _156526_/Y (AND4x1_ASAP7_75t_R)
                                         _101491_ (net)
                 17.41    0.13 2178.89 ^ _156550_/A2 (AO21x1_ASAP7_75t_R)
     2    1.97   15.32   19.08 2197.96 ^ _156550_/Y (AO21x1_ASAP7_75t_R)
                                         _101515_ (net)
                 15.33    0.24 2198.20 ^ _156551_/B (AO21x1_ASAP7_75t_R)
     3    2.92   21.48   18.99 2217.19 ^ _156551_/Y (AO21x1_ASAP7_75t_R)
                                         _101516_ (net)
                 21.48    0.09 2217.28 ^ _156552_/C (OA211x2_ASAP7_75t_R)
    52   51.63  174.74   80.68 2297.96 ^ _156552_/Y (OA211x2_ASAP7_75t_R)
                                         _101517_ (net)
                188.17   25.74 2323.70 ^ _156555_/A (INVx1_ASAP7_75t_R)
     6    9.79   96.94   63.54 2387.25 v _156555_/Y (INVx1_ASAP7_75t_R)
                                         _101520_ (net)
                 97.69    4.88 2392.12 v _156568_/A1 (OAI21x1_ASAP7_75t_R)
     2    2.09   34.40   28.80 2420.92 ^ _156568_/Y (OAI21x1_ASAP7_75t_R)
                                         _101533_ (net)
                 34.40    0.24 2421.16 ^ _156616_/A2 (AOI221x1_ASAP7_75t_R)
     5    4.65   54.83   34.05 2455.21 v _156616_/Y (AOI221x1_ASAP7_75t_R)
                                         _101581_ (net)
                 54.86    0.76 2455.97 v _156806_/B (OA211x2_ASAP7_75t_R)
     5    5.11   21.69   47.76 2503.73 v _156806_/Y (OA211x2_ASAP7_75t_R)
                                         _101771_ (net)
                 21.72    0.46 2504.19 v _156807_/B (NAND2x1_ASAP7_75t_R)
     2    1.49   15.40   13.32 2517.51 ^ _156807_/Y (NAND2x1_ASAP7_75t_R)
                                         _101772_ (net)
                 15.40    0.07 2517.59 ^ _156882_/A3 (AO32x1_ASAP7_75t_R)
    21   21.30  139.51   71.08 2588.67 ^ _156882_/Y (AO32x1_ASAP7_75t_R)
                                         _101847_ (net)
                139.84    4.22 2592.89 ^ _156995_/B (OR2x2_ASAP7_75t_R)
     1    0.71    9.58   30.26 2623.15 ^ _156995_/Y (OR2x2_ASAP7_75t_R)
                                         _101960_ (net)
                  9.58    0.06 2623.20 ^ _157002_/A2 (AO32x1_ASAP7_75t_R)
     5    8.77   59.93   38.95 2662.16 ^ _157002_/Y (AO32x1_ASAP7_75t_R)
                                         _101967_ (net)
                 60.73    3.90 2666.06 ^ _157004_/B (XNOR2x2_ASAP7_75t_R)
     2    2.66   13.80   32.38 2698.44 ^ _157004_/Y (XNOR2x2_ASAP7_75t_R)
                                         _101969_ (net)
                 13.88    0.55 2699.00 ^ _157005_/C (NOR3x1_ASAP7_75t_R)
     1    1.38   16.29   13.83 2712.83 v _157005_/Y (NOR3x1_ASAP7_75t_R)
                                         _101970_ (net)
                 16.30    0.19 2713.02 v _157006_/E (AND5x2_ASAP7_75t_R)
     7    7.71   24.94   32.43 2745.45 v _157006_/Y (AND5x2_ASAP7_75t_R)
                                         _101971_ (net)
                 24.98    0.67 2746.11 v _157078_/C (OR3x1_ASAP7_75t_R)
     3    2.36   17.33   28.21 2774.33 v _157078_/Y (OR3x1_ASAP7_75t_R)
                                         _102043_ (net)
                 17.33    0.08 2774.40 v _157141_/B3 (OA33x2_ASAP7_75t_R)
    29   28.22   88.96   57.29 2831.69 v _157141_/Y (OA33x2_ASAP7_75t_R)
                                         _102106_ (net)
                 89.23    3.20 2834.90 v _157144_/B (OR2x2_ASAP7_75t_R)
     1    0.79    9.05   31.53 2866.43 v _157144_/Y (OR2x2_ASAP7_75t_R)
                                         _102109_ (net)
                  9.05    0.05 2866.48 v _157145_/A2 (AO21x1_ASAP7_75t_R)
     5    4.68   28.44   24.39 2890.87 v _157145_/Y (AO21x1_ASAP7_75t_R)
                                         _102110_ (net)
                 28.50    0.81 2891.68 v _157196_/A2 (AO32x1_ASAP7_75t_R)
     1    0.77    9.40   25.54 2917.22 v _157196_/Y (AO32x1_ASAP7_75t_R)
                                         _102161_ (net)
                  9.40    0.07 2917.29 v _157198_/B1 (AO22x1_ASAP7_75t_R)
     3    3.49   22.67   26.70 2943.99 v _157198_/Y (AO22x1_ASAP7_75t_R)
                                         _102163_ (net)
                 22.73    0.63 2944.61 v _157222_/A2 (AO21x1_ASAP7_75t_R)
     3    2.30   15.25   22.37 2966.99 v _157222_/Y (AO21x1_ASAP7_75t_R)
                                         _102187_ (net)
                 15.25    0.15 2967.13 v _157223_/C (OR3x1_ASAP7_75t_R)
     4    3.88   24.86   30.69 2997.82 v _157223_/Y (OR3x1_ASAP7_75t_R)
                                         _102188_ (net)
                 24.89    0.46 2998.28 v _157312_/A2 (AO21x1_ASAP7_75t_R)
    11   10.77   59.59   42.03 3040.31 v _157312_/Y (AO21x1_ASAP7_75t_R)
                                         _102277_ (net)
                 59.66    1.22 3041.53 v _157343_/B (NAND2x1_ASAP7_75t_R)
    11   13.16   90.97   56.97 3098.50 ^ _157343_/Y (NAND2x1_ASAP7_75t_R)
                                         _102308_ (net)
                 91.04    1.35 3099.85 ^ _157440_/A1 (AOI221x1_ASAP7_75t_R)
     3    2.74   51.39   42.46 3142.32 v _157440_/Y (AOI221x1_ASAP7_75t_R)
                                         _102405_ (net)
                 51.41    0.49 3142.80 v _157456_/B2 (OA222x2_ASAP7_75t_R)
     1    1.20    9.94   30.42 3173.23 v _157456_/Y (OA222x2_ASAP7_75t_R)
                                         _102421_ (net)
                  9.95    0.12 3173.35 v _157459_/C (AND5x2_ASAP7_75t_R)
     3    2.86   11.75   22.12 3195.47 v _157459_/Y (AND5x2_ASAP7_75t_R)
                                         _102424_ (net)
                 11.77    0.26 3195.73 v _157472_/A1 (OA31x2_ASAP7_75t_R)
     3    2.82   13.61   20.60 3216.33 v _157472_/Y (OA31x2_ASAP7_75t_R)
                                         _102437_ (net)
                 13.70    0.58 3216.91 v _157475_/B (OR4x2_ASAP7_75t_R)
     6    7.35   29.48   41.68 3258.59 v _157475_/Y (OR4x2_ASAP7_75t_R)
                                         _102440_ (net)
                 29.62    1.16 3259.74 v _157478_/A (NAND2x1_ASAP7_75t_R)
    20   21.18  145.11   62.59 3322.33 ^ _157478_/Y (NAND2x1_ASAP7_75t_R)
                                         _102443_ (net)
                145.14    1.34 3323.67 ^ _157479_/B (NOR2x1_ASAP7_75t_R)
     1    0.86   25.15   18.60 3342.27 v _157479_/Y (NOR2x1_ASAP7_75t_R)
                                         _102444_ (net)
                 25.15    0.07 3342.34 v _157485_/A2 (OA21x2_ASAP7_75t_R)
     3    3.20   13.32   25.14 3367.48 v _157485_/Y (OA21x2_ASAP7_75t_R)
                                         _102450_ (net)
                 13.44    0.69 3368.17 v _157492_/A2 (AO221x1_ASAP7_75t_R)
     2    2.34   18.17   27.88 3396.06 v _157492_/Y (AO221x1_ASAP7_75t_R)
                                         _102457_ (net)
                 18.18    0.16 3396.22 v _157649_/B (OA21x2_ASAP7_75t_R)
    10    9.30   30.00   25.87 3422.09 v _157649_/Y (OA21x2_ASAP7_75t_R)
                                         _102614_ (net)
                 30.23    1.55 3423.64 v _157651_/B (AO21x1_ASAP7_75t_R)
     2    1.88   14.14   23.18 3446.82 v _157651_/Y (AO21x1_ASAP7_75t_R)
                                         _102616_ (net)
                 14.15    0.18 3447.01 v _157652_/B1 (AO22x1_ASAP7_75t_R)
    10    9.55   55.31   41.57 3488.58 v _157652_/Y (AO22x1_ASAP7_75t_R)
                                         _102617_ (net)
                 55.48    1.87 3490.44 v _157732_/B (NAND2x1_ASAP7_75t_R)
    15   16.17  109.57   62.69 3553.13 ^ _157732_/Y (NAND2x1_ASAP7_75t_R)
                                         _102697_ (net)
                109.75    2.57 3555.70 ^ _157764_/A1 (AO21x1_ASAP7_75t_R)
     1    1.59   14.26   23.42 3579.12 ^ _157764_/Y (AO21x1_ASAP7_75t_R)
                                         _102729_ (net)
                 14.27    0.14 3579.26 ^ _157767_/A2 (AOI22x1_ASAP7_75t_R)
     8    8.96   89.00   24.06 3603.32 v _157767_/Y (AOI22x1_ASAP7_75t_R)
                                         _102732_ (net)
                 89.56    4.05 3607.37 v _157790_/A2 (OA21x2_ASAP7_75t_R)
     1    1.12    9.75   33.26 3640.63 v _157790_/Y (OA21x2_ASAP7_75t_R)
                                         _102755_ (net)
                  9.75    0.07 3640.70 v _157827_/A2 (AOI211x1_ASAP7_75t_R)
     3    2.94   32.82   18.78 3659.48 ^ _157827_/Y (AOI211x1_ASAP7_75t_R)
                                         _102792_ (net)
                 32.84    0.46 3659.93 ^ _157842_/A2 (OAI21x1_ASAP7_75t_R)
     5    4.77   29.15   19.15 3679.09 v _157842_/Y (OAI21x1_ASAP7_75t_R)
                                         _102807_ (net)
                 29.18    0.52 3679.60 v _157921_/B1 (AO221x1_ASAP7_75t_R)
    29   29.25  160.94   89.13 3768.73 v _157921_/Y (AO221x1_ASAP7_75t_R)
                                         _102886_ (net)
                161.53    5.74 3774.47 v _157922_/C (AO221x1_ASAP7_75t_R)
     1    0.68   11.41   42.53 3817.00 v _157922_/Y (AO221x1_ASAP7_75t_R)
                                         _102887_ (net)
                 11.41    0.05 3817.05 v _157925_/B1 (AO32x2_ASAP7_75t_R)
     2    1.54   10.77   27.43 3844.48 v _157925_/Y (AO32x2_ASAP7_75t_R)
                                         _102890_ (net)
                 10.77    0.12 3844.60 v _157949_/A2 (OA211x2_ASAP7_75t_R)
     1    0.76    9.39   22.47 3867.07 v _157949_/Y (OA211x2_ASAP7_75t_R)
                                         _102914_ (net)
                  9.39    0.07 3867.14 v _157967_/B1 (AO222x2_ASAP7_75t_R)
     2    2.27   14.11   32.09 3899.24 v _157967_/Y (AO222x2_ASAP7_75t_R)
                                         _102932_ (net)
                 14.15    0.40 3899.63 v _158020_/A1 (AO221x1_ASAP7_75t_R)
     7    6.66   39.28   37.90 3937.53 v _158020_/Y (AO221x1_ASAP7_75t_R)
                                         _102985_ (net)
                 39.31    0.60 3938.13 v _158084_/A1 (AO211x2_ASAP7_75t_R)
     7    5.91   20.34   28.01 3966.14 v _158084_/Y (AO211x2_ASAP7_75t_R)
                                         _103049_ (net)
                 20.56    1.17 3967.31 v _158094_/A (AND2x2_ASAP7_75t_R)
    25   28.89   86.44   40.25 4007.57 v _158094_/Y (AND2x2_ASAP7_75t_R)
                                         _103059_ (net)
                 89.05    8.14 4015.70 v _158173_/A (OR3x2_ASAP7_75t_R)
     2    1.20   11.41   41.10 4056.80 v _158173_/Y (OR3x2_ASAP7_75t_R)
                                         _103138_ (net)
                 11.41    0.08 4056.88 v _158271_/A2 (AO221x1_ASAP7_75t_R)
     1    0.80    9.45   22.66 4079.54 v _158271_/Y (AO221x1_ASAP7_75t_R)
                                         _103236_ (net)
                  9.46    0.06 4079.60 v _158272_/E (OR5x1_ASAP7_75t_R)
     1    0.90   12.14   32.99 4112.59 v _158272_/Y (OR5x1_ASAP7_75t_R)
                                         _103237_ (net)
                 12.15    0.11 4112.71 v _158273_/E (OR5x1_ASAP7_75t_R)
     3    4.86   34.65   46.22 4158.93 v _158273_/Y (OR5x1_ASAP7_75t_R)
                                         _103238_ (net)
                 34.74    1.09 4160.02 v _158274_/B (NAND2x2_ASAP7_75t_R)
     5    4.70   24.41   19.04 4179.06 ^ _158274_/Y (NAND2x2_ASAP7_75t_R)
                                         _103239_ (net)
                 24.55    1.05 4180.11 ^ _158287_/A2 (OAI21x1_ASAP7_75t_R)
    21   25.67  130.87   53.55 4233.66 v _158287_/Y (OAI21x1_ASAP7_75t_R)
                                         _103252_ (net)
                132.09    7.31 4240.97 v _158298_/A (AND2x2_ASAP7_75t_R)
     2    5.57   21.57   45.39 4286.36 v _158298_/Y (AND2x2_ASAP7_75t_R)
                                         _103263_ (net)
                 21.58    0.35 4286.71 v _158304_/A2 (OA211x2_ASAP7_75t_R)
     5    7.94   30.55   35.29 4322.00 v _158304_/Y (OA211x2_ASAP7_75t_R)
                                         _103269_ (net)
                 32.77    4.39 4326.39 v _158330_/B (XNOR2x2_ASAP7_75t_R)
     3    2.59   12.59   26.07 4352.46 v _158330_/Y (XNOR2x2_ASAP7_75t_R)
                                         _103295_ (net)
                 12.60    0.17 4352.64 v _158388_/B (OR5x1_ASAP7_75t_R)
     1    0.79   11.52   29.40 4382.04 v _158388_/Y (OR5x1_ASAP7_75t_R)
                                         _103353_ (net)
                 11.52    0.09 4382.13 v _158399_/A3 (AO33x2_ASAP7_75t_R)
     7    8.42   30.23   42.85 4424.98 v _158399_/Y (AO33x2_ASAP7_75t_R)
                                         _103364_ (net)
                 30.43    1.40 4426.39 v _158436_/A (AND2x2_ASAP7_75t_R)
     3    2.85   11.27   24.76 4451.15 v _158436_/Y (AND2x2_ASAP7_75t_R)
                                         _103401_ (net)
                 11.27    0.10 4451.25 v _158437_/C (OR3x1_ASAP7_75t_R)
    27   27.47  153.30   78.82 4530.07 v _158437_/Y (OR3x1_ASAP7_75t_R)
                                         _103402_ (net)
                155.93   11.32 4541.39 v _158474_/B (AND2x2_ASAP7_75t_R)
    21   22.77   70.39   59.66 4601.05 v _158474_/Y (AND2x2_ASAP7_75t_R)
                                         _103439_ (net)
                 70.62    2.62 4603.67 v _158476_/A2 (AOI22x1_ASAP7_75t_R)
     4    4.63   46.85   35.53 4639.21 ^ _158476_/Y (AOI22x1_ASAP7_75t_R)
                                         _103441_ (net)
                 46.90    0.84 4640.05 ^ _158477_/B (AND2x2_ASAP7_75t_R)
     1    1.08    8.26   22.33 4662.38 ^ _158477_/Y (AND2x2_ASAP7_75t_R)
                                         _103442_ (net)
                  8.27    0.07 4662.45 ^ _158496_/B2 (AOI221x1_ASAP7_75t_R)
     1    2.00   35.90   15.93 4678.38 v _158496_/Y (AOI221x1_ASAP7_75t_R)
                                         _103461_ (net)
                 35.92    0.45 4678.83 v _158497_/C (MAJx2_ASAP7_75t_R)
     6    5.50   20.66   32.65 4711.47 v _158497_/Y (MAJx2_ASAP7_75t_R)
                                         _103462_ (net)
                 20.69    0.43 4711.90 v _158571_/A1 (AO21x1_ASAP7_75t_R)
     3    2.77   17.99   24.32 4736.22 v _158571_/Y (AO21x1_ASAP7_75t_R)
                                         _103536_ (net)
                 18.01    0.34 4736.56 v _158629_/B2 (AO221x2_ASAP7_75t_R)
    15   16.26   53.07   46.21 4782.77 v _158629_/Y (AO221x2_ASAP7_75t_R)
                                         _103594_ (net)
                 53.81    3.59 4786.36 v _158672_/A (NAND2x1_ASAP7_75t_R)
    23   23.50  161.60   77.46 4863.83 ^ _158672_/Y (NAND2x1_ASAP7_75t_R)
                                         _103637_ (net)
                161.89    4.24 4868.07 ^ _158689_/B (AND2x2_ASAP7_75t_R)
     1    1.05   11.16   31.56 4899.63 ^ _158689_/Y (AND2x2_ASAP7_75t_R)
                                         _103654_ (net)
                 11.17    0.14 4899.77 ^ _158690_/A2 (OA21x2_ASAP7_75t_R)
     5    5.20   22.45   22.43 4922.20 ^ _158690_/Y (OA21x2_ASAP7_75t_R)
                                         _103655_ (net)
                 22.63    1.13 4923.33 ^ _158691_/B (OR2x2_ASAP7_75t_R)
     2    1.94   10.67   19.11 4942.44 ^ _158691_/Y (OR2x2_ASAP7_75t_R)
                                         _103656_ (net)
                 10.68    0.11 4942.55 ^ _158702_/B (AND3x1_ASAP7_75t_R)
     2    2.19   17.83   22.71 4965.26 ^ _158702_/Y (AND3x1_ASAP7_75t_R)
                                         _103667_ (net)
                 17.83    0.09 4965.35 ^ _158720_/B (OA21x2_ASAP7_75t_R)
     3    3.39   14.78   21.69 4987.04 ^ _158720_/Y (OA21x2_ASAP7_75t_R)
                                         _103685_ (net)
                 14.83    0.43 4987.47 ^ _158743_/A1 (OA31x2_ASAP7_75t_R)
     2    1.61   10.44   24.10 5011.57 ^ _158743_/Y (OA31x2_ASAP7_75t_R)
                                         _103708_ (net)
                 10.44    0.08 5011.64 ^ _158761_/A (OR4x1_ASAP7_75t_R)
     2    1.96   14.59   15.00 5026.64 ^ _158761_/Y (OR4x1_ASAP7_75t_R)
                                         _103726_ (net)
                 14.60    0.23 5026.87 ^ _158764_/D (AND5x2_ASAP7_75t_R)
     4   14.33   54.41   47.81 5074.67 ^ _158764_/Y (AND5x2_ASAP7_75t_R)
                                         _103729_ (net)
                 58.80    8.18 5082.86 ^ _167893_/A1 (OA21x2_ASAP7_75t_R)
     3    2.64   13.31   28.91 5111.76 ^ _167893_/Y (OA21x2_ASAP7_75t_R)
                                         _111899_ (net)
                 13.32    0.24 5112.00 ^ _167894_/E (AND5x1_ASAP7_75t_R)
    21   30.86  215.11   83.26 5195.26 ^ _167894_/Y (AND5x1_ASAP7_75t_R)
                                         _111900_ (net)
                226.01   26.01 5221.27 ^ _171924_/B (AND2x2_ASAP7_75t_R)
    17   30.49  105.20   69.86 5291.13 ^ _171924_/Y (AND2x2_ASAP7_75t_R)
                                         _115788_ (net)
                110.57   12.80 5303.94 ^ _172383_/A2 (AO21x1_ASAP7_75t_R)
     2   11.37   74.80   51.78 5355.72 ^ _172383_/Y (AO21x1_ASAP7_75t_R)
                                         u_lsu.dmem_req_addr[13] (net)
                 75.40    3.83 5359.55 ^ output145/A (BUFx2_ASAP7_75t_R)
     1    2.66   13.10   26.98 5386.53 ^ output145/Y (BUFx2_ASAP7_75t_R)
                                         dmem_req_addr[13] (net)
                 13.16    0.47 5387.00 ^ dmem_req_addr[13] (out)
                               5387.00   data arrival time

                       5500.00 5500.00   clock core_clk (rise edge)
                          0.00 5500.00   clock network delay (propagated)
                        -50.00 5450.00   clock uncertainty
                          0.00 5450.00   clock reconvergence pessimism
                       -1100.00 4350.00   output external delay
                               4350.00   data required time
-----------------------------------------------------------------------------
                               4350.00   data required time
                               -5387.00   data arrival time
-----------------------------------------------------------------------------
                               -1037.01   slack (VIOLATED)


Startpoint: _308209_ (rising edge-triggered flip-flop clocked by core_clk)
Endpoint: _312547_ (rising edge-triggered flip-flop clocked by core_clk)
Path Group: reg2reg
Path Type: max

Fanout     Cap    Slew   Delay    Time   Description
-----------------------------------------------------------------------------
                          0.00    0.00   clock core_clk (rise edge)
                          0.00    0.00   clock source latency
     1   20.70   20.00    0.00    0.00 ^ clk (in)
                                         clk (net)
                 73.05   16.73   16.73 ^ wire4945/A (BUFx10_ASAP7_75t_R)
     1   20.07   18.86   30.07   46.81 ^ wire4945/Y (BUFx10_ASAP7_75t_R)
                                         net4503 (net)
                 61.42   18.67   65.48 ^ clkbuf_0_clk/A (BUFx24_ASAP7_75t_R)
     2   16.40   13.18   30.20   95.68 ^ clkbuf_0_clk/Y (BUFx24_ASAP7_75t_R)
                                         clknet_0_clk (net)
                 26.06    7.05  102.73 ^ clkbuf_1_0_0_clk/A (BUFx24_ASAP7_75t_R)
     2   16.82   12.47   23.15  125.87 ^ clkbuf_1_0_0_clk/Y (BUFx24_ASAP7_75t_R)
                                         clknet_1_0_0_clk (net)
                 24.31    6.56  132.43 ^ clkbuf_2_1_0_clk/A (BUFx24_ASAP7_75t_R)
     2   12.32   10.28   22.53  154.96 ^ clkbuf_2_1_0_clk/Y (BUFx24_ASAP7_75t_R)
                                         clknet_2_1_0_clk (net)
                 19.37    5.23  160.19 ^ clkbuf_3_2_0_clk/A (BUFx24_ASAP7_75t_R)
     2   15.19   11.14   21.24  181.44 ^ clkbuf_3_2_0_clk/Y (BUFx24_ASAP7_75t_R)
                                         clknet_3_2_0_clk (net)
                 24.20    6.71  188.15 ^ clkbuf_4_4_0_clk/A (BUFx24_ASAP7_75t_R)
     4   23.86   16.78   24.13  212.28 ^ clkbuf_4_4_0_clk/Y (BUFx24_ASAP7_75t_R)
                                         clknet_4_4_0_clk (net)
                 19.87    3.65  215.93 ^ clkbuf_6_19_0_clk/A (BUFx24_ASAP7_75t_R)
     2    7.60    8.96   21.18  237.12 ^ clkbuf_6_19_0_clk/Y (BUFx24_ASAP7_75t_R)
                                         clknet_6_19_0_clk (net)
                  9.97    1.52  238.64 ^ clkbuf_7_38__f_clk/A (BUFx24_ASAP7_75t_R)
     7   25.72   17.73   20.24  258.88 ^ clkbuf_7_38__f_clk/Y (BUFx24_ASAP7_75t_R)
                                         clknet_7_38__leaf_clk (net)
                 22.53    4.75  263.64 ^ clkbuf_leaf_778_clk/A (BUFx24_ASAP7_75t_R)
    20   14.71   12.21   22.89  286.53 ^ clkbuf_leaf_778_clk/Y (BUFx24_ASAP7_75t_R)
                                         clknet_leaf_778_clk (net)
                 13.97    2.33  288.86 ^ _308209_/CLK (DFFHQNx3_ASAP7_75t_R)
     2    7.83   34.44   56.18  345.04 ^ _308209_/QN (DFFHQNx3_ASAP7_75t_R)
                                         u_lsu._004001_[1] (net)
                 37.64    5.51  350.55 ^ wire4778/A (BUFx16f_ASAP7_75t_R)
    36   50.08   19.31   22.00  372.55 ^ wire4778/Y (BUFx16f_ASAP7_75t_R)
                                         net4336 (net)
                111.41   34.71  407.26 ^ wire4776/A (BUFx16f_ASAP7_75t_R)
    45   53.52   24.72   32.24  439.50 ^ wire4776/Y (BUFx16f_ASAP7_75t_R)
                                         net4334 (net)
                 43.07    9.40  448.90 ^ wire4775/A (BUFx16f_ASAP7_75t_R)
    37   47.88   13.97   23.68  472.58 ^ wire4775/Y (BUFx16f_ASAP7_75t_R)
                                         net4333 (net)
                117.76   36.85  509.43 ^ load_slew4774/A (BUFx16f_ASAP7_75t_R)
    42   54.05   34.68   36.78  546.21 ^ load_slew4774/Y (BUFx16f_ASAP7_75t_R)
                                         net4332 (net)
                 51.61   12.70  558.92 ^ _153629_/B (AND2x2_ASAP7_75t_R)
    52   60.15  204.37   81.30  640.21 ^ _153629_/Y (AND2x2_ASAP7_75t_R)
                                         _098594_ (net)
                260.54   56.12  696.33 ^ _153630_/B (NAND2x1_ASAP7_75t_R)
    18   25.93  180.76  112.91  809.24 v _153630_/Y (NAND2x1_ASAP7_75t_R)
                                         _098595_ (net)
                181.38    6.31  815.55 v _153631_/B (OA21x2_ASAP7_75t_R)
    19   21.73   67.85   57.86  873.41 v _153631_/Y (OA21x2_ASAP7_75t_R)
                                         _098596_ (net)
                 75.16   11.59  885.00 v _153633_/C (AND3x1_ASAP7_75t_R)
    34   34.38  189.54   96.55  981.54 v _153633_/Y (AND3x1_ASAP7_75t_R)
                                         _098598_ (net)
                193.97   16.05  997.59 v _154870_/C1 (AO222x2_ASAP7_75t_R)
     5    6.26   28.07   73.12 1070.71 v _154870_/Y (AO222x2_ASAP7_75t_R)
                                         _099835_ (net)
                 28.42    1.70 1072.41 v _154873_/B (OR3x2_ASAP7_75t_R)
     8   14.14   46.49   45.71 1118.11 v _154873_/Y (OR3x2_ASAP7_75t_R)
                                         _099838_ (net)
                 47.31    3.47 1121.58 v _154878_/C (OR5x1_ASAP7_75t_R)
     3    5.22   37.45   50.77 1172.36 v _154878_/Y (OR5x1_ASAP7_75t_R)
                                         _099843_ (net)
                 37.92    2.35 1174.71 v _154879_/D (OR4x1_ASAP7_75t_R)
    31   36.08  211.40   91.64 1266.34 v _154879_/Y (OR4x1_ASAP7_75t_R)
                                         _099844_ (net)
                218.70   21.51 1287.85 v _155829_/C (OR4x1_ASAP7_75t_R)
     2    1.67   18.14   52.98 1340.82 v _155829_/Y (OR4x1_ASAP7_75t_R)
                                         _100794_ (net)
                 18.14    0.10 1340.92 v _155944_/B2 (AO221x1_ASAP7_75t_R)
     1    1.09   11.20   24.46 1365.38 v _155944_/Y (AO221x1_ASAP7_75t_R)
                                         _100909_ (net)
                 11.21    0.17 1365.55 v _155949_/A (OR5x1_ASAP7_75t_R)
    11    9.37   58.28   50.77 1416.32 v _155949_/Y (OR5x1_ASAP7_75t_R)
                                         _100914_ (net)
                 58.72    2.92 1419.24 v _156013_/A (AND2x2_ASAP7_75t_R)
     2    3.03   12.70   31.13 1450.37 v _156013_/Y (AND2x2_ASAP7_75t_R)
                                         _100978_ (net)
                 12.73    0.29 1450.66 v _156016_/A (NAND3x1_ASAP7_75t_R)
    12   18.63  133.11   49.68 1500.34 ^ _156016_/Y (NAND3x1_ASAP7_75t_R)
                                         _100981_ (net)
                133.43    4.01 1504.35 ^ _156112_/A1 (AOI221x1_ASAP7_75t_R)
     1    0.86   40.21   35.69 1540.04 v _156112_/Y (AOI221x1_ASAP7_75t_R)
                                         _101077_ (net)
                 40.21    0.09 1540.14 v _156115_/A2 (OA21x2_ASAP7_75t_R)
     1    1.46    9.17   25.99 1566.12 v _156115_/Y (OA21x2_ASAP7_75t_R)
                                         _101080_ (net)
                  9.20    0.28 1566.40 v _156116_/A (OR3x1_ASAP7_75t_R)
     2    1.45   12.33   21.57 1587.97 v _156116_/Y (OR3x1_ASAP7_75t_R)
                                         _101081_ (net)
                 12.34    0.15 1588.11 v _156123_/A3 (AO33x2_ASAP7_75t_R)
     5    4.95   20.98   38.48 1626.60 v _156123_/Y (AO33x2_ASAP7_75t_R)
                                         _101088_ (net)
                 21.06    0.72 1627.32 v _156140_/A (NAND2x1_ASAP7_75t_R)
    12   11.35   75.55   41.03 1668.35 ^ _156140_/Y (NAND2x1_ASAP7_75t_R)
                                         _101105_ (net)
                 75.62    1.32 1669.68 ^ _156253_/B2 (AO221x1_ASAP7_75t_R)
    33   35.23  232.42  109.44 1779.11 ^ _156253_/Y (AO221x1_ASAP7_75t_R)
                                         _101218_ (net)
                236.57   17.43 1796.54 ^ _156308_/A (NAND2x2_ASAP7_75t_R)
    15   23.58   94.20   52.16 1848.70 v _156308_/Y (NAND2x2_ASAP7_75t_R)
                                         _101273_ (net)
                 95.65    6.57 1855.26 v _156311_/A2 (AO21x2_ASAP7_75t_R)
     6    7.13   25.24   42.45 1897.71 v _156311_/Y (AO21x2_ASAP7_75t_R)
                                         _101276_ (net)
                 25.47    1.37 1899.08 v _156314_/A1 (OA21x2_ASAP7_75t_R)
     2    1.83    9.48   21.81 1920.89 v _156314_/Y (OA21x2_ASAP7_75t_R)
                                         _101279_ (net)
                  9.50    0.18 1921.07 v _156388_/C (AO221x1_ASAP7_75t_R)
     2    2.49   17.95   27.53 1948.60 v _156388_/Y (AO221x1_ASAP7_75t_R)
                                         _101353_ (net)
                 17.97    0.25 1948.85 v _156389_/A2 (OA21x2_ASAP7_75t_R)
     3    2.51   11.04   22.37 1971.22 v _156389_/Y (OA21x2_ASAP7_75t_R)
                                         _101354_ (net)
                 11.06    0.27 1971.49 v _156393_/A1 (AOI22x1_ASAP7_75t_R)
     6    5.97   45.26   23.87 1995.36 ^ _156393_/Y (AOI22x1_ASAP7_75t_R)
                                         _101358_ (net)
                 45.33    1.05 1996.40 ^ _156410_/B (NAND2x1_ASAP7_75t_R)
    21   22.32  119.64   52.95 2049.35 v _156410_/Y (NAND2x1_ASAP7_75t_R)
                                         _101375_ (net)
                119.64    0.80 2050.15 v _156421_/A3 (AO33x2_ASAP7_75t_R)
    13   15.33   53.03   70.67 2120.82 v _156421_/Y (AO33x2_ASAP7_75t_R)
                                         _101386_ (net)
                 53.92    3.92 2124.74 v _156522_/B (XNOR2x2_ASAP7_75t_R)
     1    0.84    8.38   28.83 2153.58 ^ _156522_/Y (XNOR2x2_ASAP7_75t_R)
                                         _101487_ (net)
                  8.38    0.07 2153.64 ^ _156526_/B (AND4x1_ASAP7_75t_R)
     2    1.84   17.40   25.12 2178.76 ^ _156526_/Y (AND4x1_ASAP7_75t_R)
                                         _101491_ (net)
                 17.41    0.13 2178.89 ^ _156550_/A2 (AO21x1_ASAP7_75t_R)
     2    1.97   15.32   19.08 2197.96 ^ _156550_/Y (AO21x1_ASAP7_75t_R)
                                         _101515_ (net)
                 15.33    0.24 2198.20 ^ _156551_/B (AO21x1_ASAP7_75t_R)
     3    2.92   21.48   18.99 2217.19 ^ _156551_/Y (AO21x1_ASAP7_75t_R)
                                         _101516_ (net)
                 21.48    0.09 2217.28 ^ _156552_/C (OA211x2_ASAP7_75t_R)
    52   51.63  174.74   80.68 2297.96 ^ _156552_/Y (OA211x2_ASAP7_75t_R)
                                         _101517_ (net)
                188.17   25.74 2323.70 ^ _156555_/A (INVx1_ASAP7_75t_R)
     6    9.79   96.94   63.54 2387.25 v _156555_/Y (INVx1_ASAP7_75t_R)
                                         _101520_ (net)
                 97.69    4.88 2392.12 v _156568_/A1 (OAI21x1_ASAP7_75t_R)
     2    2.09   34.40   28.80 2420.92 ^ _156568_/Y (OAI21x1_ASAP7_75t_R)
                                         _101533_ (net)
                 34.40    0.24 2421.16 ^ _156616_/A2 (AOI221x1_ASAP7_75t_R)
     5    4.65   54.83   34.05 2455.21 v _156616_/Y (AOI221x1_ASAP7_75t_R)
                                         _101581_ (net)
                 54.86    0.76 2455.97 v _156806_/B (OA211x2_ASAP7_75t_R)
     5    5.11   21.69   47.76 2503.73 v _156806_/Y (OA211x2_ASAP7_75t_R)
                                         _101771_ (net)
                 21.72    0.46 2504.19 v _156807_/B (NAND2x1_ASAP7_75t_R)
     2    1.49   15.40   13.32 2517.51 ^ _156807_/Y (NAND2x1_ASAP7_75t_R)
                                         _101772_ (net)
                 15.40    0.07 2517.59 ^ _156882_/A3 (AO32x1_ASAP7_75t_R)
    21   21.30  139.51   71.08 2588.67 ^ _156882_/Y (AO32x1_ASAP7_75t_R)
                                         _101847_ (net)
                139.84    4.22 2592.89 ^ _156995_/B (OR2x2_ASAP7_75t_R)
     1    0.71    9.58   30.26 2623.15 ^ _156995_/Y (OR2x2_ASAP7_75t_R)
                                         _101960_ (net)
                  9.58    0.06 2623.20 ^ _157002_/A2 (AO32x1_ASAP7_75t_R)
     5    8.77   59.93   38.95 2662.16 ^ _157002_/Y (AO32x1_ASAP7_75t_R)
                                         _101967_ (net)
                 60.73    3.90 2666.06 ^ _157004_/B (XNOR2x2_ASAP7_75t_R)
     2    2.66   13.80   32.38 2698.44 ^ _157004_/Y (XNOR2x2_ASAP7_75t_R)
                                         _101969_ (net)
                 13.88    0.55 2699.00 ^ _157005_/C (NOR3x1_ASAP7_75t_R)
     1    1.38   16.29   13.83 2712.83 v _157005_/Y (NOR3x1_ASAP7_75t_R)
                                         _101970_ (net)
                 16.30    0.19 2713.02 v _157006_/E (AND5x2_ASAP7_75t_R)
     7    7.71   24.94   32.43 2745.45 v _157006_/Y (AND5x2_ASAP7_75t_R)
                                         _101971_ (net)
                 24.98    0.67 2746.11 v _157078_/C (OR3x1_ASAP7_75t_R)
     3    2.36   17.33   28.21 2774.33 v _157078_/Y (OR3x1_ASAP7_75t_R)
                                         _102043_ (net)
                 17.33    0.08 2774.40 v _157141_/B3 (OA33x2_ASAP7_75t_R)
    29   28.22   88.96   57.29 2831.69 v _157141_/Y (OA33x2_ASAP7_75t_R)
                                         _102106_ (net)
                 89.23    3.20 2834.90 v _157144_/B (OR2x2_ASAP7_75t_R)
     1    0.79    9.05   31.53 2866.43 v _157144_/Y (OR2x2_ASAP7_75t_R)
                                         _102109_ (net)
                  9.05    0.05 2866.48 v _157145_/A2 (AO21x1_ASAP7_75t_R)
     5    4.68   28.44   24.39 2890.87 v _157145_/Y (AO21x1_ASAP7_75t_R)
                                         _102110_ (net)
                 28.50    0.81 2891.68 v _157196_/A2 (AO32x1_ASAP7_75t_R)
     1    0.77    9.40   25.54 2917.22 v _157196_/Y (AO32x1_ASAP7_75t_R)
                                         _102161_ (net)
                  9.40    0.07 2917.29 v _157198_/B1 (AO22x1_ASAP7_75t_R)
     3    3.49   22.67   26.70 2943.99 v _157198_/Y (AO22x1_ASAP7_75t_R)
                                         _102163_ (net)
                 22.73    0.63 2944.61 v _157222_/A2 (AO21x1_ASAP7_75t_R)
     3    2.30   15.25   22.37 2966.99 v _157222_/Y (AO21x1_ASAP7_75t_R)
                                         _102187_ (net)
                 15.25    0.15 2967.13 v _157223_/C (OR3x1_ASAP7_75t_R)
     4    3.88   24.86   30.69 2997.82 v _157223_/Y (OR3x1_ASAP7_75t_R)
                                         _102188_ (net)
                 24.89    0.46 2998.28 v _157312_/A2 (AO21x1_ASAP7_75t_R)
    11   10.77   59.59   42.03 3040.31 v _157312_/Y (AO21x1_ASAP7_75t_R)
                                         _102277_ (net)
                 59.66    1.22 3041.53 v _157343_/B (NAND2x1_ASAP7_75t_R)
    11   13.16   90.97   56.97 3098.50 ^ _157343_/Y (NAND2x1_ASAP7_75t_R)
                                         _102308_ (net)
                 91.04    1.35 3099.85 ^ _157440_/A1 (AOI221x1_ASAP7_75t_R)
     3    2.74   51.39   42.46 3142.32 v _157440_/Y (AOI221x1_ASAP7_75t_R)
                                         _102405_ (net)
                 51.41    0.49 3142.80 v _157456_/B2 (OA222x2_ASAP7_75t_R)
     1    1.20    9.94   30.42 3173.23 v _157456_/Y (OA222x2_ASAP7_75t_R)
                                         _102421_ (net)
                  9.95    0.12 3173.35 v _157459_/C (AND5x2_ASAP7_75t_R)
     3    2.86   11.75   22.12 3195.47 v _157459_/Y (AND5x2_ASAP7_75t_R)
                                         _102424_ (net)
                 11.77    0.26 3195.73 v _157472_/A1 (OA31x2_ASAP7_75t_R)
     3    2.82   13.61   20.60 3216.33 v _157472_/Y (OA31x2_ASAP7_75t_R)
                                         _102437_ (net)
                 13.70    0.58 3216.91 v _157475_/B (OR4x2_ASAP7_75t_R)
     6    7.35   29.48   41.68 3258.59 v _157475_/Y (OR4x2_ASAP7_75t_R)
                                         _102440_ (net)
                 29.62    1.16 3259.74 v _157478_/A (NAND2x1_ASAP7_75t_R)
    20   21.18  145.11   62.59 3322.33 ^ _157478_/Y (NAND2x1_ASAP7_75t_R)
                                         _102443_ (net)
                145.14    1.34 3323.67 ^ _157479_/B (NOR2x1_ASAP7_75t_R)
     1    0.86   25.15   18.60 3342.27 v _157479_/Y (NOR2x1_ASAP7_75t_R)
                                         _102444_ (net)
                 25.15    0.07 3342.34 v _157485_/A2 (OA21x2_ASAP7_75t_R)
     3    3.20   13.32   25.14 3367.48 v _157485_/Y (OA21x2_ASAP7_75t_R)
                                         _102450_ (net)
                 13.44    0.69 3368.17 v _157492_/A2 (AO221x1_ASAP7_75t_R)
     2    2.34   18.17   27.88 3396.06 v _157492_/Y (AO221x1_ASAP7_75t_R)
                                         _102457_ (net)
                 18.18    0.16 3396.22 v _157649_/B (OA21x2_ASAP7_75t_R)
    10    9.30   30.00   25.87 3422.09 v _157649_/Y (OA21x2_ASAP7_75t_R)
                                         _102614_ (net)
                 30.23    1.55 3423.64 v _157651_/B (AO21x1_ASAP7_75t_R)
     2    1.88   14.14   23.18 3446.82 v _157651_/Y (AO21x1_ASAP7_75t_R)
                                         _102616_ (net)
                 14.15    0.18 3447.01 v _157652_/B1 (AO22x1_ASAP7_75t_R)
    10    9.55   55.31   41.57 3488.58 v _157652_/Y (AO22x1_ASAP7_75t_R)
                                         _102617_ (net)
                 55.48    1.87 3490.44 v _157732_/B (NAND2x1_ASAP7_75t_R)
    15   16.17  109.57   62.69 3553.13 ^ _157732_/Y (NAND2x1_ASAP7_75t_R)
                                         _102697_ (net)
                109.75    2.57 3555.70 ^ _157764_/A1 (AO21x1_ASAP7_75t_R)
     1    1.59   14.26   23.42 3579.12 ^ _157764_/Y (AO21x1_ASAP7_75t_R)
                                         _102729_ (net)
                 14.27    0.14 3579.26 ^ _157767_/A2 (AOI22x1_ASAP7_75t_R)
     8    8.96   89.00   24.06 3603.32 v _157767_/Y (AOI22x1_ASAP7_75t_R)
                                         _102732_ (net)
                 89.56    4.05 3607.37 v _157790_/A2 (OA21x2_ASAP7_75t_R)
     1    1.12    9.75   33.26 3640.63 v _157790_/Y (OA21x2_ASAP7_75t_R)
                                         _102755_ (net)
                  9.75    0.07 3640.70 v _157827_/A2 (AOI211x1_ASAP7_75t_R)
     3    2.94   32.82   18.78 3659.48 ^ _157827_/Y (AOI211x1_ASAP7_75t_R)
                                         _102792_ (net)
                 32.84    0.46 3659.93 ^ _157842_/A2 (OAI21x1_ASAP7_75t_R)
     5    4.77   29.15   19.15 3679.09 v _157842_/Y (OAI21x1_ASAP7_75t_R)
                                         _102807_ (net)
                 29.18    0.52 3679.60 v _157921_/B1 (AO221x1_ASAP7_75t_R)
    29   29.25  160.94   89.13 3768.73 v _157921_/Y (AO221x1_ASAP7_75t_R)
                                         _102886_ (net)
                161.53    5.74 3774.47 v _157922_/C (AO221x1_ASAP7_75t_R)
     1    0.68   11.41   42.53 3817.00 v _157922_/Y (AO221x1_ASAP7_75t_R)
                                         _102887_ (net)
                 11.41    0.05 3817.05 v _157925_/B1 (AO32x2_ASAP7_75t_R)
     2    1.54   10.77   27.43 3844.48 v _157925_/Y (AO32x2_ASAP7_75t_R)
                                         _102890_ (net)
                 10.77    0.12 3844.60 v _157949_/A2 (OA211x2_ASAP7_75t_R)
     1    0.76    9.39   22.47 3867.07 v _157949_/Y (OA211x2_ASAP7_75t_R)
                                         _102914_ (net)
                  9.39    0.07 3867.14 v _157967_/B1 (AO222x2_ASAP7_75t_R)
     2    2.27   14.11   32.09 3899.24 v _157967_/Y (AO222x2_ASAP7_75t_R)
                                         _102932_ (net)
                 14.15    0.40 3899.63 v _158020_/A1 (AO221x1_ASAP7_75t_R)
     7    6.66   39.28   37.90 3937.53 v _158020_/Y (AO221x1_ASAP7_75t_R)
                                         _102985_ (net)
                 39.31    0.60 3938.13 v _158084_/A1 (AO211x2_ASAP7_75t_R)
     7    5.91   20.34   28.01 3966.14 v _158084_/Y (AO211x2_ASAP7_75t_R)
                                         _103049_ (net)
                 20.56    1.17 3967.31 v _158094_/A (AND2x2_ASAP7_75t_R)
    25   28.89   86.44   40.25 4007.57 v _158094_/Y (AND2x2_ASAP7_75t_R)
                                         _103059_ (net)
                 89.05    8.14 4015.70 v _158173_/A (OR3x2_ASAP7_75t_R)
     2    1.20   11.41   41.10 4056.80 v _158173_/Y (OR3x2_ASAP7_75t_R)
                                         _103138_ (net)
                 11.41    0.08 4056.88 v _158271_/A2 (AO221x1_ASAP7_75t_R)
     1    0.80    9.45   22.66 4079.54 v _158271_/Y (AO221x1_ASAP7_75t_R)
                                         _103236_ (net)
                  9.46    0.06 4079.60 v _158272_/E (OR5x1_ASAP7_75t_R)
     1    0.90   12.14   32.99 4112.59 v _158272_/Y (OR5x1_ASAP7_75t_R)
                                         _103237_ (net)
                 12.15    0.11 4112.71 v _158273_/E (OR5x1_ASAP7_75t_R)
     3    4.86   34.65   46.22 4158.93 v _158273_/Y (OR5x1_ASAP7_75t_R)
                                         _103238_ (net)
                 34.74    1.09 4160.02 v _158274_/B (NAND2x2_ASAP7_75t_R)
     5    4.70   24.41   19.04 4179.06 ^ _158274_/Y (NAND2x2_ASAP7_75t_R)
                                         _103239_ (net)
                 24.55    1.05 4180.11 ^ _158287_/A2 (OAI21x1_ASAP7_75t_R)
    21   25.67  130.87   53.55 4233.66 v _158287_/Y (OAI21x1_ASAP7_75t_R)
                                         _103252_ (net)
                132.09    7.31 4240.97 v _158298_/A (AND2x2_ASAP7_75t_R)
     2    5.57   21.57   45.39 4286.36 v _158298_/Y (AND2x2_ASAP7_75t_R)
                                         _103263_ (net)
                 21.58    0.35 4286.71 v _158304_/A2 (OA211x2_ASAP7_75t_R)
     5    7.94   30.55   35.29 4322.00 v _158304_/Y (OA211x2_ASAP7_75t_R)
                                         _103269_ (net)
                 32.77    4.39 4326.39 v _158330_/B (XNOR2x2_ASAP7_75t_R)
     3    2.59   12.59   26.07 4352.46 v _158330_/Y (XNOR2x2_ASAP7_75t_R)
                                         _103295_ (net)
                 12.60    0.17 4352.64 v _158388_/B (OR5x1_ASAP7_75t_R)
     1    0.79   11.52   29.40 4382.04 v _158388_/Y (OR5x1_ASAP7_75t_R)
                                         _103353_ (net)
                 11.52    0.09 4382.13 v _158399_/A3 (AO33x2_ASAP7_75t_R)
     7    8.42   30.23   42.85 4424.98 v _158399_/Y (AO33x2_ASAP7_75t_R)
                                         _103364_ (net)
                 30.43    1.40 4426.39 v _158436_/A (AND2x2_ASAP7_75t_R)
     3    2.85   11.27   24.76 4451.15 v _158436_/Y (AND2x2_ASAP7_75t_R)
                                         _103401_ (net)
                 11.27    0.10 4451.25 v _158437_/C (OR3x1_ASAP7_75t_R)
    27   27.47  153.30   78.82 4530.07 v _158437_/Y (OR3x1_ASAP7_75t_R)
                                         _103402_ (net)
                155.93   11.32 4541.39 v _158474_/B (AND2x2_ASAP7_75t_R)
    21   22.77   70.39   59.66 4601.05 v _158474_/Y (AND2x2_ASAP7_75t_R)
                                         _103439_ (net)
                 70.62    2.62 4603.67 v _158476_/A2 (AOI22x1_ASAP7_75t_R)
     4    4.63   46.85   35.53 4639.21 ^ _158476_/Y (AOI22x1_ASAP7_75t_R)
                                         _103441_ (net)
                 46.90    0.84 4640.05 ^ _158477_/B (AND2x2_ASAP7_75t_R)
     1    1.08    8.26   22.33 4662.38 ^ _158477_/Y (AND2x2_ASAP7_75t_R)
                                         _103442_ (net)
                  8.27    0.07 4662.45 ^ _158496_/B2 (AOI221x1_ASAP7_75t_R)
     1    2.00   35.90   15.93 4678.38 v _158496_/Y (AOI221x1_ASAP7_75t_R)
                                         _103461_ (net)
                 35.92    0.45 4678.83 v _158497_/C (MAJx2_ASAP7_75t_R)
     6    5.50   20.66   32.65 4711.47 v _158497_/Y (MAJx2_ASAP7_75t_R)
                                         _103462_ (net)
                 20.69    0.43 4711.90 v _158571_/A1 (AO21x1_ASAP7_75t_R)
     3    2.77   17.99   24.32 4736.22 v _158571_/Y (AO21x1_ASAP7_75t_R)
                                         _103536_ (net)
                 18.01    0.34 4736.56 v _158629_/B2 (AO221x2_ASAP7_75t_R)
    15   16.26   53.07   46.21 4782.77 v _158629_/Y (AO221x2_ASAP7_75t_R)
                                         _103594_ (net)
                 53.81    3.59 4786.36 v _158672_/A (NAND2x1_ASAP7_75t_R)
    23   23.50  161.60   77.46 4863.83 ^ _158672_/Y (NAND2x1_ASAP7_75t_R)
                                         _103637_ (net)
                161.89    4.24 4868.07 ^ _158689_/B (AND2x2_ASAP7_75t_R)
     1    1.05   11.16   31.56 4899.63 ^ _158689_/Y (AND2x2_ASAP7_75t_R)
                                         _103654_ (net)
                 11.17    0.14 4899.77 ^ _158690_/A2 (OA21x2_ASAP7_75t_R)
     5    5.20   22.45   22.43 4922.20 ^ _158690_/Y (OA21x2_ASAP7_75t_R)
                                         _103655_ (net)
                 22.63    1.13 4923.33 ^ _158691_/B (OR2x2_ASAP7_75t_R)
     2    1.94   10.67   19.11 4942.44 ^ _158691_/Y (OR2x2_ASAP7_75t_R)
                                         _103656_ (net)
                 10.68    0.11 4942.55 ^ _158702_/B (AND3x1_ASAP7_75t_R)
     2    2.19   17.83   22.71 4965.26 ^ _158702_/Y (AND3x1_ASAP7_75t_R)
                                         _103667_ (net)
                 17.83    0.09 4965.35 ^ _158720_/B (OA21x2_ASAP7_75t_R)
     3    3.39   14.78   21.69 4987.04 ^ _158720_/Y (OA21x2_ASAP7_75t_R)
                                         _103685_ (net)
                 14.83    0.43 4987.47 ^ _158743_/A1 (OA31x2_ASAP7_75t_R)
     2    1.61   10.44   24.10 5011.57 ^ _158743_/Y (OA31x2_ASAP7_75t_R)
                                         _103708_ (net)
                 10.44    0.08 5011.64 ^ _158761_/A (OR4x1_ASAP7_75t_R)
     2    1.96   14.59   15.00 5026.64 ^ _158761_/Y (OR4x1_ASAP7_75t_R)
                                         _103726_ (net)
                 14.60    0.23 5026.87 ^ _158764_/D (AND5x2_ASAP7_75t_R)
     4   14.33   54.41   47.81 5074.67 ^ _158764_/Y (AND5x2_ASAP7_75t_R)
                                         _103729_ (net)
                 58.80    8.18 5082.86 ^ _159054_/A1 (OA21x2_ASAP7_75t_R)
     7   31.31  108.01   44.66 5127.52 ^ _159054_/Y (OA21x2_ASAP7_75t_R)
                                         _104019_ (net)
                207.47   60.80 5188.32 ^ _159120_/A1 (OA21x2_ASAP7_75t_R)
    36   44.49  153.37   57.63 5245.95 ^ _159120_/Y (OA21x2_ASAP7_75t_R)
                                         _104085_ (net)
                154.88    7.01 5252.96 ^ _159154_/A2 (AO221x1_ASAP7_75t_R)
     3    5.54   40.32   51.77 5304.73 ^ _159154_/Y (AO221x1_ASAP7_75t_R)
                                         _104119_ (net)
                 40.63    1.98 5306.71 ^ _159901_/B (AND2x2_ASAP7_75t_R)
    41   67.40  229.71   90.03 5396.74 ^ _159901_/Y (AND2x2_ASAP7_75t_R)
                                         _104858_ (net)
                254.00   39.06 5435.80 ^ _159903_/A (NOR2x1_ASAP7_75t_R)
     8   28.97  212.19  134.81 5570.61 v _159903_/Y (NOR2x1_ASAP7_75t_R)
                                         _104860_ (net)
                217.68   18.83 5589.44 v _163131_/B (NAND2x2_ASAP7_75t_R)
    15   27.46  143.40   93.01 5682.45 ^ _163131_/Y (NAND2x2_ASAP7_75t_R)
                                         _107988_ (net)
                143.45    1.94 5684.39 ^ load_slew954/A (BUFx16f_ASAP7_75t_R)
    25   34.85   21.09   33.31 5717.70 ^ load_slew954/Y (BUFx16f_ASAP7_75t_R)
                                         net512 (net)
                 50.38   13.26 5730.96 ^ load_slew952/A (BUFx16f_ASAP7_75t_R)
    23   34.23   10.08   23.68 5754.64 ^ load_slew952/Y (BUFx16f_ASAP7_75t_R)
                                         net510 (net)
                117.79   37.27 5791.91 ^ _164753_/A (OR2x2_ASAP7_75t_R)
    33   82.71  281.10  117.84 5909.75 ^ _164753_/Y (OR2x2_ASAP7_75t_R)
                                         _109546_ (net)
                313.32   49.86 5959.60 ^ _201221_/B (NAND2x1_ASAP7_75t_R)
     1    0.90   39.86   12.01 5971.61 v _201221_/Y (NAND2x1_ASAP7_75t_R)
                                         _141286_ (net)
                 39.86    0.08 5971.69 v _201222_/A2 (AO21x1_ASAP7_75t_R)
     1    0.81   10.89   21.41 5993.10 v _201222_/Y (AO21x1_ASAP7_75t_R)
                                         _141287_ (net)
                 10.90    0.10 5993.20 v _201223_/B (OA211x2_ASAP7_75t_R)
     1    0.85   10.07   26.25 6019.45 v _201223_/Y (OA211x2_ASAP7_75t_R)
                                         _141288_ (net)
                 10.07    0.09 6019.54 v _201224_/B (AO21x1_ASAP7_75t_R)
     1    0.68   10.70   15.98 6035.52 v _201224_/Y (AO21x1_ASAP7_75t_R)
                                         _141289_ (net)
                 10.70    0.04 6035.56 v _201225_/B (AND2x2_ASAP7_75t_R)
     1    0.71    5.69   14.64 6050.20 v _201225_/Y (AND2x2_ASAP7_75t_R)
                                         u_int_prf._00050_[23] (net)
                  5.69    0.04 6050.24 v _312547_/D (DFFHQNx1_ASAP7_75t_R)
                               6050.24   data arrival time

                       5500.00 5500.00   clock core_clk (rise edge)
                          0.00 5500.00   clock source latency
     1   20.41   20.00    0.00 5500.00 ^ clk (in)
                                         clk (net)
                 71.59   16.27 5516.27 ^ wire4945/A (BUFx10_ASAP7_75t_R)
     1   19.47   18.64   29.84 5546.11 ^ wire4945/Y (BUFx10_ASAP7_75t_R)
                                         net4503 (net)
                 58.48   17.71 5563.82 ^ clkbuf_0_clk/A (BUFx24_ASAP7_75t_R)
     2   15.19   12.63   29.67 5593.49 ^ clkbuf_0_clk/Y (BUFx24_ASAP7_75t_R)
                                         clknet_0_clk (net)
                 23.75    6.33 5599.82 ^ clkbuf_1_1_0_clk/A (BUFx24_ASAP7_75t_R)
     2   15.77   11.84   22.47 5622.29 ^ clkbuf_1_1_0_clk/Y (BUFx24_ASAP7_75t_R)
                                         clknet_1_1_0_clk (net)
                 23.30    6.29 5628.58 ^ clkbuf_2_3_0_clk/A (BUFx24_ASAP7_75t_R)
     2   11.24    9.74   22.13 5650.71 ^ clkbuf_2_3_0_clk/Y (BUFx24_ASAP7_75t_R)
                                         clknet_2_3_0_clk (net)
                 18.92    5.16 5655.87 ^ clkbuf_3_7_0_clk/A (BUFx24_ASAP7_75t_R)
     2   14.68   11.04   21.10 5676.97 ^ clkbuf_3_7_0_clk/Y (BUFx24_ASAP7_75t_R)
                                         clknet_3_7_0_clk (net)
                 23.25    6.41 5683.37 ^ clkbuf_4_14_0_clk/A (BUFx24_ASAP7_75t_R)
     4   19.85   14.81   23.45 5706.83 ^ clkbuf_4_14_0_clk/Y (BUFx24_ASAP7_75t_R)
                                         clknet_4_14_0_clk (net)
                 16.31    2.36 5709.18 ^ clkbuf_6_57_0_clk/A (BUFx24_ASAP7_75t_R)
     2    6.25    8.48   19.98 5729.17 ^ clkbuf_6_57_0_clk/Y (BUFx24_ASAP7_75t_R)
                                         clknet_6_57_0_clk (net)
                  8.78    0.91 5730.08 ^ clkbuf_7_114__f_clk/A (BUFx24_ASAP7_75t_R)
     5   15.42   12.41   18.94 5749.02 ^ clkbuf_7_114__f_clk/Y (BUFx24_ASAP7_75t_R)
                                         clknet_7_114__leaf_clk (net)
                 13.09    1.41 5750.43 ^ clkbuf_leaf_491_clk/A (BUFx24_ASAP7_75t_R)
    21   14.48   12.04   20.25 5770.67 ^ clkbuf_leaf_491_clk/Y (BUFx24_ASAP7_75t_R)
                                         clknet_leaf_491_clk (net)
                 13.10    1.80 5772.47 ^ _312547_/CLK (DFFHQNx1_ASAP7_75t_R)
                        -50.00 5722.47   clock uncertainty
                          2.19 5724.66   clock reconvergence pessimism
                         -0.87 5723.79   library setup time
                               5723.79   data required time
-----------------------------------------------------------------------------
                               5723.79   data required time
                               -6050.24   data arrival time
-----------------------------------------------------------------------------
                               -326.45   slack (VIOLATED)



==========================================================================
global route report_checks -unconstrained
--------------------------------------------------------------------------
Startpoint: rst (input port clocked by core_clk)
Endpoint: dmem_req_wdata[20] (output port clocked by core_clk)
Path Group: in2out
Path Type: max

Fanout     Cap    Slew   Delay    Time   Description
-----------------------------------------------------------------------------
                          0.00    0.00   clock core_clk (rise edge)
                          0.00    0.00   clock network delay (propagated)
                       1100.00 1100.00 v input external delay
     1    1.48   20.00    0.00 1100.00 v rst (in)
                                         rst (net)
                 20.35    0.11 1100.11 v input106/A (BUFx8_ASAP7_75t_R)
    42   68.72   53.57   32.41 1132.52 v input106/Y (BUFx8_ASAP7_75t_R)
                                         net106 (net)
                 54.31    3.47 1136.00 v wire4546/A (BUFx24_ASAP7_75t_R)
    80  123.56   49.53   36.65 1172.64 v wire4546/Y (BUFx24_ASAP7_75t_R)
                                         net4104 (net)
                 65.64   12.59 1185.24 v load_slew4545/A (BUFx16f_ASAP7_75t_R)
    59   95.09   25.38   31.54 1216.78 v load_slew4545/Y (BUFx16f_ASAP7_75t_R)
                                         net4103 (net)
                206.46   65.17 1281.94 v wire4532/A (BUFx24_ASAP7_75t_R)
    73  113.17   41.43   59.08 1341.02 v wire4532/Y (BUFx24_ASAP7_75t_R)
                                         net4090 (net)
                158.38   48.01 1389.03 v wire4531/A (BUFx16f_ASAP7_75t_R)
    65   96.54   26.37   45.62 1434.65 v wire4531/Y (BUFx16f_ASAP7_75t_R)
                                         net4089 (net)
                215.19   67.88 1502.53 v wire4530/A (BUFx24_ASAP7_75t_R)
    73  115.38   24.00   58.22 1560.74 v wire4530/Y (BUFx24_ASAP7_75t_R)
                                         net4088 (net)
                239.21   74.81 1635.56 v wire4528/A (BUFx16f_ASAP7_75t_R)
    60   91.85   25.42   52.97 1688.53 v wire4528/Y (BUFx16f_ASAP7_75t_R)
                                         net4086 (net)
                235.08   74.64 1763.17 v wire4527/A (BUFx16f_ASAP7_75t_R)
    43   92.26   35.90   54.31 1817.48 v wire4527/Y (BUFx16f_ASAP7_75t_R)
                                         net4085 (net)
                174.87   54.80 1872.27 v load_slew4526/A (BUFx16f_ASAP7_75t_R)
    38   63.53   14.43   43.44 1915.72 v load_slew4526/Y (BUFx16f_ASAP7_75t_R)
                                         net4084 (net)
                268.43   84.56 2000.28 v _167892_/A (NOR2x2_ASAP7_75t_R)
    17   25.10  134.49   72.80 2073.08 ^ _167892_/Y (NOR2x2_ASAP7_75t_R)
                                         net108 (net)
                134.65    3.14 2076.22 ^ load_slew3425/A (BUFx16f_ASAP7_75t_R)
    17   29.07   17.56   32.91 2109.13 ^ load_slew3425/Y (BUFx16f_ASAP7_75t_R)
                                         net2983 (net)
                 62.27   18.60 2127.73 ^ load_slew3423/A (BUFx16f_ASAP7_75t_R)
    25   29.68   12.99   25.80 2153.53 ^ load_slew3423/Y (BUFx16f_ASAP7_75t_R)
                                         net2981 (net)
                 79.82   25.03 2178.56 ^ _173675_/B (OA21x2_ASAP7_75t_R)
     1    1.71   10.81   26.11 2204.67 ^ _173675_/Y (OA21x2_ASAP7_75t_R)
                                         u_lsu.dmem_req_wdata[20] (net)
                 10.86    0.38 2205.05 ^ output188/A (BUFx2_ASAP7_75t_R)
     1    2.68   11.44   16.40 2221.45 ^ output188/Y (BUFx2_ASAP7_75t_R)
                                         dmem_req_wdata[20] (net)
                 11.49    0.43 2221.88 ^ dmem_req_wdata[20] (out)
                               2221.88   data arrival time

                       5500.00 5500.00   clock core_clk (rise edge)
                          0.00 5500.00   clock network delay (propagated)
                        -50.00 5450.00   clock uncertainty
                          0.00 5450.00   clock reconvergence pessimism
                       -1100.00 4350.00   output external delay
                               4350.00   data required time
-----------------------------------------------------------------------------
                               4350.00   data required time
                               -2221.88   data arrival time
-----------------------------------------------------------------------------
                               2128.12   slack (MET)


Startpoint: rst (input port clocked by core_clk)
Endpoint: _301091_ (rising edge-triggered flip-flop clocked by core_clk)
Path Group: in2reg
Path Type: max

Fanout     Cap    Slew   Delay    Time   Description
-----------------------------------------------------------------------------
                          0.00    0.00   clock core_clk (rise edge)
                          0.00    0.00   clock network delay (propagated)
                       1100.00 1100.00 ^ input external delay
     1    1.48   20.00    0.00 1100.00 ^ rst (in)
                                         rst (net)
                 20.35    0.11 1100.11 ^ input106/A (BUFx8_ASAP7_75t_R)
    42   69.26   63.90   32.64 1132.75 ^ input106/Y (BUFx8_ASAP7_75t_R)
                                         net106 (net)
                 85.45   17.88 1150.63 ^ _151342_/A (INVx3_ASAP7_75t_R)
     3    5.13   26.32   17.31 1167.93 v _151342_/Y (INVx3_ASAP7_75t_R)
                                         _096745_ (net)
                 26.50    1.26 1169.19 v load_slew4515/A (BUFx16f_ASAP7_75t_R)
    54   56.28   24.13   25.06 1194.26 v load_slew4515/Y (BUFx16f_ASAP7_75t_R)
                                         net4073 (net)
                 31.74    5.88 1200.14 v load_slew4436/A (BUFx16f_ASAP7_75t_R)
    47   43.42   15.08   23.07 1223.21 v load_slew4436/Y (BUFx16f_ASAP7_75t_R)
                                         net3994 (net)
                104.13   32.80 1256.01 v load_slew4430/A (BUFx16f_ASAP7_75t_R)
    55   51.82   22.80   36.27 1292.28 v load_slew4430/Y (BUFx16f_ASAP7_75t_R)
                                         net3988 (net)
                 89.33   27.03 1319.31 v _151458_/A (AND2x6_ASAP7_75t_R)
    12   29.93   19.22   39.64 1358.95 v _151458_/Y (AND2x6_ASAP7_75t_R)
                                         _096860_ (net)
                110.59   32.97 1391.91 v wire3415/A (BUFx16f_ASAP7_75t_R)
    70   75.38   19.90   35.84 1427.75 v wire3415/Y (BUFx16f_ASAP7_75t_R)
                                         net2973 (net)
                139.93   42.17 1469.92 v load_slew3414/A (BUFx16f_ASAP7_75t_R)
    72   68.15   27.18   41.22 1511.14 v load_slew3414/Y (BUFx16f_ASAP7_75t_R)
                                         net2972 (net)
                153.45   48.47 1559.61 v wire3413/A (BUFx16f_ASAP7_75t_R)
    46   59.72   16.84   43.08 1602.70 v wire3413/Y (BUFx16f_ASAP7_75t_R)
                                         net2971 (net)
                193.87   61.17 1663.86 v wire3412/A (BUFx16f_ASAP7_75t_R)
    75   67.76   15.47   45.45 1709.31 v wire3412/Y (BUFx16f_ASAP7_75t_R)
                                         net2970 (net)
                 50.79   12.76 1722.07 v _152190_/B (AND2x6_ASAP7_75t_R)
    52   49.49   54.68   37.41 1759.48 v _152190_/Y (AND2x6_ASAP7_75t_R)
                                         _097589_ (net)
                 78.70   19.63 1779.11 v wire2322/A (BUFx16f_ASAP7_75t_R)
   107   83.83   18.78   35.29 1814.39 v wire2322/Y (BUFx16f_ASAP7_75t_R)
                                         net1880 (net)
                 61.35   15.17 1829.56 v load_slew2321/A (BUFx16f_ASAP7_75t_R)
   118   91.08   45.69   31.24 1860.80 v load_slew2321/Y (BUFx16f_ASAP7_75t_R)
                                         net1879 (net)
                122.72   37.74 1898.54 v wire2320/A (BUFx24_ASAP7_75t_R)
   147  114.57   32.49   47.23 1945.77 v wire2320/Y (BUFx24_ASAP7_75t_R)
                                         net1878 (net)
                157.30   47.25 1993.01 v wire2319/A (BUFx16f_ASAP7_75t_R)
   121   95.70   18.83   43.86 2036.87 v wire2319/Y (BUFx16f_ASAP7_75t_R)
                                         net1877 (net)
                183.56   55.93 2092.80 v wire2318/A (BUFx16f_ASAP7_75t_R)
   124   92.82   35.93   47.97 2140.77 v wire2318/Y (BUFx16f_ASAP7_75t_R)
                                         net1876 (net)
                118.29   33.94 2174.71 v load_slew2317/A (BUFx16f_ASAP7_75t_R)
   118   89.51   19.35   39.83 2214.54 v load_slew2317/Y (BUFx16f_ASAP7_75t_R)
                                         net1875 (net)
                221.69   69.46 2284.00 v _230389_/B (AND3x4_ASAP7_75t_R)
    20   33.01   54.58   77.18 2361.18 v _230389_/Y (AND3x4_ASAP7_75t_R)
                                         _033609_ (net)
                 60.84    9.71 2370.89 v wire2092/A (BUFx16f_ASAP7_75t_R)
    44   60.13   11.51   28.76 2399.65 v wire2092/Y (BUFx16f_ASAP7_75t_R)
                                         net1650 (net)
                152.82   47.78 2447.43 v load_slew2091/A (BUFx16f_ASAP7_75t_R)
    54   68.22   31.30   44.43 2491.87 v load_slew2091/Y (BUFx16f_ASAP7_75t_R)
                                         net1649 (net)
                 68.70   17.59 2509.46 v wire2090/A (BUFx16f_ASAP7_75t_R)
    56   70.04   20.96   31.77 2541.23 v wire2090/Y (BUFx16f_ASAP7_75t_R)
                                         net1648 (net)
                 87.72   24.70 2565.92 v wire2089/A (BUFx16f_ASAP7_75t_R)
    51   64.92   16.46   35.36 2601.28 v wire2089/Y (BUFx16f_ASAP7_75t_R)
                                         net1647 (net)
                176.14   55.51 2656.79 v _230394_/B (NAND2x1_ASAP7_75t_R)
     2    3.12   52.84   45.21 2702.00 ^ _230394_/Y (NAND2x1_ASAP7_75t_R)
                                         _033614_ (net)
                 52.85    0.26 2702.26 ^ _230634_/B (OAI21x1_ASAP7_75t_R)
     1    0.83   27.59   13.52 2715.78 v _230634_/Y (OAI21x1_ASAP7_75t_R)
                                         u_frontend._395998_ (net)
                 27.59    0.06 2715.84 v _301091_/D (DFFHQNx1_ASAP7_75t_R)
                               2715.84   data arrival time

                       5500.00 5500.00   clock core_clk (rise edge)
                          0.00 5500.00   clock source latency
     1   20.41   20.00    0.00 5500.00 ^ clk (in)
                                         clk (net)
                 71.59   16.27 5516.27 ^ wire4945/A (BUFx10_ASAP7_75t_R)
     1   19.47   18.64   29.84 5546.11 ^ wire4945/Y (BUFx10_ASAP7_75t_R)
                                         net4503 (net)
                 58.48   17.71 5563.82 ^ clkbuf_0_clk/A (BUFx24_ASAP7_75t_R)
     2   15.19   12.63   29.67 5593.49 ^ clkbuf_0_clk/Y (BUFx24_ASAP7_75t_R)
                                         clknet_0_clk (net)
                 24.04    6.44 5599.93 ^ clkbuf_1_0_0_clk/A (BUFx24_ASAP7_75t_R)
     2   15.61   11.94   22.61 5622.54 ^ clkbuf_1_0_0_clk/Y (BUFx24_ASAP7_75t_R)
                                         clknet_1_0_0_clk (net)
                 22.65    6.07 5628.61 ^ clkbuf_2_0_0_clk/A (BUFx24_ASAP7_75t_R)
     2   11.02    9.68   21.98 5650.59 ^ clkbuf_2_0_0_clk/Y (BUFx24_ASAP7_75t_R)
                                         clknet_2_0_0_clk (net)
                 17.93    4.83 5655.42 ^ clkbuf_3_0_0_clk/A (BUFx24_ASAP7_75t_R)
     2   13.87   10.52   20.76 5676.18 ^ clkbuf_3_0_0_clk/Y (BUFx24_ASAP7_75t_R)
                                         clknet_3_0_0_clk (net)
                 21.82    5.95 5682.13 ^ clkbuf_4_1_0_clk/A (BUFx24_ASAP7_75t_R)
     4   21.53   15.66   23.19 5705.32 ^ clkbuf_4_1_0_clk/Y (BUFx24_ASAP7_75t_R)
                                         clknet_4_1_0_clk (net)
                 21.39    4.92 5710.24 ^ clkbuf_6_4_0_clk/A (BUFx24_ASAP7_75t_R)
     2    5.97    8.46   21.35 5731.59 ^ clkbuf_6_4_0_clk/Y (BUFx24_ASAP7_75t_R)
                                         clknet_6_4_0_clk (net)
                  8.87    1.06 5732.65 ^ clkbuf_7_9__f_clk/A (BUFx24_ASAP7_75t_R)
     9   26.27   18.00   20.00 5752.65 ^ clkbuf_7_9__f_clk/Y (BUFx24_ASAP7_75t_R)
                                         clknet_7_9__leaf_clk (net)
                 21.82    4.26 5756.92 ^ clkbuf_leaf_923_clk/A (BUFx24_ASAP7_75t_R)
    25   15.57   12.65   22.59 5779.51 ^ clkbuf_leaf_923_clk/Y (BUFx24_ASAP7_75t_R)
                                         clknet_leaf_923_clk (net)
                 14.05    2.04 5781.55 ^ _301091_/CLK (DFFHQNx1_ASAP7_75t_R)
                        -50.00 5731.55   clock uncertainty
                          0.00 5731.55   clock reconvergence pessimism
                         -2.83 5728.72   library setup time
                               5728.72   data required time
-----------------------------------------------------------------------------
                               5728.72   data required time
                               -2715.84   data arrival time
-----------------------------------------------------------------------------
                               3012.88   slack (MET)


Startpoint: _308209_ (rising edge-triggered flip-flop clocked by core_clk)
Endpoint: dmem_req_addr[13] (output port clocked by core_clk)
Path Group: reg2out
Path Type: max

Fanout     Cap    Slew   Delay    Time   Description
-----------------------------------------------------------------------------
                          0.00    0.00   clock core_clk (rise edge)
                          0.00    0.00   clock source latency
     1   20.70   20.00    0.00    0.00 ^ clk (in)
                                         clk (net)
                 73.05   16.73   16.73 ^ wire4945/A (BUFx10_ASAP7_75t_R)
     1   20.07   18.86   30.07   46.81 ^ wire4945/Y (BUFx10_ASAP7_75t_R)
                                         net4503 (net)
                 61.42   18.67   65.48 ^ clkbuf_0_clk/A (BUFx24_ASAP7_75t_R)
     2   16.40   13.18   30.20   95.68 ^ clkbuf_0_clk/Y (BUFx24_ASAP7_75t_R)
                                         clknet_0_clk (net)
                 26.06    7.05  102.73 ^ clkbuf_1_0_0_clk/A (BUFx24_ASAP7_75t_R)
     2   16.82   12.47   23.15  125.87 ^ clkbuf_1_0_0_clk/Y (BUFx24_ASAP7_75t_R)
                                         clknet_1_0_0_clk (net)
                 24.31    6.56  132.43 ^ clkbuf_2_1_0_clk/A (BUFx24_ASAP7_75t_R)
     2   12.32   10.28   22.53  154.96 ^ clkbuf_2_1_0_clk/Y (BUFx24_ASAP7_75t_R)
                                         clknet_2_1_0_clk (net)
                 19.37    5.23  160.19 ^ clkbuf_3_2_0_clk/A (BUFx24_ASAP7_75t_R)
     2   15.19   11.14   21.24  181.44 ^ clkbuf_3_2_0_clk/Y (BUFx24_ASAP7_75t_R)
                                         clknet_3_2_0_clk (net)
                 24.20    6.71  188.15 ^ clkbuf_4_4_0_clk/A (BUFx24_ASAP7_75t_R)
     4   23.86   16.78   24.13  212.28 ^ clkbuf_4_4_0_clk/Y (BUFx24_ASAP7_75t_R)
                                         clknet_4_4_0_clk (net)
                 19.87    3.65  215.93 ^ clkbuf_6_19_0_clk/A (BUFx24_ASAP7_75t_R)
     2    7.60    8.96   21.18  237.12 ^ clkbuf_6_19_0_clk/Y (BUFx24_ASAP7_75t_R)
                                         clknet_6_19_0_clk (net)
                  9.97    1.52  238.64 ^ clkbuf_7_38__f_clk/A (BUFx24_ASAP7_75t_R)
     7   25.72   17.73   20.24  258.88 ^ clkbuf_7_38__f_clk/Y (BUFx24_ASAP7_75t_R)
                                         clknet_7_38__leaf_clk (net)
                 22.53    4.75  263.64 ^ clkbuf_leaf_778_clk/A (BUFx24_ASAP7_75t_R)
    20   14.71   12.21   22.89  286.53 ^ clkbuf_leaf_778_clk/Y (BUFx24_ASAP7_75t_R)
                                         clknet_leaf_778_clk (net)
                 13.97    2.33  288.86 ^ _308209_/CLK (DFFHQNx3_ASAP7_75t_R)
     2    7.83   34.44   56.18  345.04 ^ _308209_/QN (DFFHQNx3_ASAP7_75t_R)
                                         u_lsu._004001_[1] (net)
                 37.64    5.51  350.55 ^ wire4778/A (BUFx16f_ASAP7_75t_R)
    36   50.08   19.31   22.00  372.55 ^ wire4778/Y (BUFx16f_ASAP7_75t_R)
                                         net4336 (net)
                111.41   34.71  407.26 ^ wire4776/A (BUFx16f_ASAP7_75t_R)
    45   53.52   24.72   32.24  439.50 ^ wire4776/Y (BUFx16f_ASAP7_75t_R)
                                         net4334 (net)
                 43.07    9.40  448.90 ^ wire4775/A (BUFx16f_ASAP7_75t_R)
    37   47.88   13.97   23.68  472.58 ^ wire4775/Y (BUFx16f_ASAP7_75t_R)
                                         net4333 (net)
                117.76   36.85  509.43 ^ load_slew4774/A (BUFx16f_ASAP7_75t_R)
    42   54.05   34.68   36.78  546.21 ^ load_slew4774/Y (BUFx16f_ASAP7_75t_R)
                                         net4332 (net)
                 51.61   12.70  558.92 ^ _153629_/B (AND2x2_ASAP7_75t_R)
    52   60.15  204.37   81.30  640.21 ^ _153629_/Y (AND2x2_ASAP7_75t_R)
                                         _098594_ (net)
                260.54   56.12  696.33 ^ _153630_/B (NAND2x1_ASAP7_75t_R)
    18   25.93  180.76  112.91  809.24 v _153630_/Y (NAND2x1_ASAP7_75t_R)
                                         _098595_ (net)
                181.38    6.31  815.55 v _153631_/B (OA21x2_ASAP7_75t_R)
    19   21.73   67.85   57.86  873.41 v _153631_/Y (OA21x2_ASAP7_75t_R)
                                         _098596_ (net)
                 75.16   11.59  885.00 v _153633_/C (AND3x1_ASAP7_75t_R)
    34   34.38  189.54   96.55  981.54 v _153633_/Y (AND3x1_ASAP7_75t_R)
                                         _098598_ (net)
                193.97   16.05  997.59 v _154870_/C1 (AO222x2_ASAP7_75t_R)
     5    6.26   28.07   73.12 1070.71 v _154870_/Y (AO222x2_ASAP7_75t_R)
                                         _099835_ (net)
                 28.42    1.70 1072.41 v _154873_/B (OR3x2_ASAP7_75t_R)
     8   14.14   46.49   45.71 1118.11 v _154873_/Y (OR3x2_ASAP7_75t_R)
                                         _099838_ (net)
                 47.31    3.47 1121.58 v _154878_/C (OR5x1_ASAP7_75t_R)
     3    5.22   37.45   50.77 1172.36 v _154878_/Y (OR5x1_ASAP7_75t_R)
                                         _099843_ (net)
                 37.92    2.35 1174.71 v _154879_/D (OR4x1_ASAP7_75t_R)
    31   36.08  211.40   91.64 1266.34 v _154879_/Y (OR4x1_ASAP7_75t_R)
                                         _099844_ (net)
                218.70   21.51 1287.85 v _155829_/C (OR4x1_ASAP7_75t_R)
     2    1.67   18.14   52.98 1340.82 v _155829_/Y (OR4x1_ASAP7_75t_R)
                                         _100794_ (net)
                 18.14    0.10 1340.92 v _155944_/B2 (AO221x1_ASAP7_75t_R)
     1    1.09   11.20   24.46 1365.38 v _155944_/Y (AO221x1_ASAP7_75t_R)
                                         _100909_ (net)
                 11.21    0.17 1365.55 v _155949_/A (OR5x1_ASAP7_75t_R)
    11    9.37   58.28   50.77 1416.32 v _155949_/Y (OR5x1_ASAP7_75t_R)
                                         _100914_ (net)
                 58.72    2.92 1419.24 v _156013_/A (AND2x2_ASAP7_75t_R)
     2    3.03   12.70   31.13 1450.37 v _156013_/Y (AND2x2_ASAP7_75t_R)
                                         _100978_ (net)
                 12.73    0.29 1450.66 v _156016_/A (NAND3x1_ASAP7_75t_R)
    12   18.63  133.11   49.68 1500.34 ^ _156016_/Y (NAND3x1_ASAP7_75t_R)
                                         _100981_ (net)
                133.43    4.01 1504.35 ^ _156112_/A1 (AOI221x1_ASAP7_75t_R)
     1    0.86   40.21   35.69 1540.04 v _156112_/Y (AOI221x1_ASAP7_75t_R)
                                         _101077_ (net)
                 40.21    0.09 1540.14 v _156115_/A2 (OA21x2_ASAP7_75t_R)
     1    1.46    9.17   25.99 1566.12 v _156115_/Y (OA21x2_ASAP7_75t_R)
                                         _101080_ (net)
                  9.20    0.28 1566.40 v _156116_/A (OR3x1_ASAP7_75t_R)
     2    1.45   12.33   21.57 1587.97 v _156116_/Y (OR3x1_ASAP7_75t_R)
                                         _101081_ (net)
                 12.34    0.15 1588.11 v _156123_/A3 (AO33x2_ASAP7_75t_R)
     5    4.95   20.98   38.48 1626.60 v _156123_/Y (AO33x2_ASAP7_75t_R)
                                         _101088_ (net)
                 21.06    0.72 1627.32 v _156140_/A (NAND2x1_ASAP7_75t_R)
    12   11.35   75.55   41.03 1668.35 ^ _156140_/Y (NAND2x1_ASAP7_75t_R)
                                         _101105_ (net)
                 75.62    1.32 1669.68 ^ _156253_/B2 (AO221x1_ASAP7_75t_R)
    33   35.23  232.42  109.44 1779.11 ^ _156253_/Y (AO221x1_ASAP7_75t_R)
                                         _101218_ (net)
                236.57   17.43 1796.54 ^ _156308_/A (NAND2x2_ASAP7_75t_R)
    15   23.58   94.20   52.16 1848.70 v _156308_/Y (NAND2x2_ASAP7_75t_R)
                                         _101273_ (net)
                 95.65    6.57 1855.26 v _156311_/A2 (AO21x2_ASAP7_75t_R)
     6    7.13   25.24   42.45 1897.71 v _156311_/Y (AO21x2_ASAP7_75t_R)
                                         _101276_ (net)
                 25.47    1.37 1899.08 v _156314_/A1 (OA21x2_ASAP7_75t_R)
     2    1.83    9.48   21.81 1920.89 v _156314_/Y (OA21x2_ASAP7_75t_R)
                                         _101279_ (net)
                  9.50    0.18 1921.07 v _156388_/C (AO221x1_ASAP7_75t_R)
     2    2.49   17.95   27.53 1948.60 v _156388_/Y (AO221x1_ASAP7_75t_R)
                                         _101353_ (net)
                 17.97    0.25 1948.85 v _156389_/A2 (OA21x2_ASAP7_75t_R)
     3    2.51   11.04   22.37 1971.22 v _156389_/Y (OA21x2_ASAP7_75t_R)
                                         _101354_ (net)
                 11.06    0.27 1971.49 v _156393_/A1 (AOI22x1_ASAP7_75t_R)
     6    5.97   45.26   23.87 1995.36 ^ _156393_/Y (AOI22x1_ASAP7_75t_R)
                                         _101358_ (net)
                 45.33    1.05 1996.40 ^ _156410_/B (NAND2x1_ASAP7_75t_R)
    21   22.32  119.64   52.95 2049.35 v _156410_/Y (NAND2x1_ASAP7_75t_R)
                                         _101375_ (net)
                119.64    0.80 2050.15 v _156421_/A3 (AO33x2_ASAP7_75t_R)
    13   15.33   53.03   70.67 2120.82 v _156421_/Y (AO33x2_ASAP7_75t_R)
                                         _101386_ (net)
                 53.92    3.92 2124.74 v _156522_/B (XNOR2x2_ASAP7_75t_R)
     1    0.84    8.38   28.83 2153.58 ^ _156522_/Y (XNOR2x2_ASAP7_75t_R)
                                         _101487_ (net)
                  8.38    0.07 2153.64 ^ _156526_/B (AND4x1_ASAP7_75t_R)
     2    1.84   17.40   25.12 2178.76 ^ _156526_/Y (AND4x1_ASAP7_75t_R)
                                         _101491_ (net)
                 17.41    0.13 2178.89 ^ _156550_/A2 (AO21x1_ASAP7_75t_R)
     2    1.97   15.32   19.08 2197.96 ^ _156550_/Y (AO21x1_ASAP7_75t_R)
                                         _101515_ (net)
                 15.33    0.24 2198.20 ^ _156551_/B (AO21x1_ASAP7_75t_R)
     3    2.92   21.48   18.99 2217.19 ^ _156551_/Y (AO21x1_ASAP7_75t_R)
                                         _101516_ (net)
                 21.48    0.09 2217.28 ^ _156552_/C (OA211x2_ASAP7_75t_R)
    52   51.63  174.74   80.68 2297.96 ^ _156552_/Y (OA211x2_ASAP7_75t_R)
                                         _101517_ (net)
                188.17   25.74 2323.70 ^ _156555_/A (INVx1_ASAP7_75t_R)
     6    9.79   96.94   63.54 2387.25 v _156555_/Y (INVx1_ASAP7_75t_R)
                                         _101520_ (net)
                 97.69    4.88 2392.12 v _156568_/A1 (OAI21x1_ASAP7_75t_R)
     2    2.09   34.40   28.80 2420.92 ^ _156568_/Y (OAI21x1_ASAP7_75t_R)
                                         _101533_ (net)
                 34.40    0.24 2421.16 ^ _156616_/A2 (AOI221x1_ASAP7_75t_R)
     5    4.65   54.83   34.05 2455.21 v _156616_/Y (AOI221x1_ASAP7_75t_R)
                                         _101581_ (net)
                 54.86    0.76 2455.97 v _156806_/B (OA211x2_ASAP7_75t_R)
     5    5.11   21.69   47.76 2503.73 v _156806_/Y (OA211x2_ASAP7_75t_R)
                                         _101771_ (net)
                 21.72    0.46 2504.19 v _156807_/B (NAND2x1_ASAP7_75t_R)
     2    1.49   15.40   13.32 2517.51 ^ _156807_/Y (NAND2x1_ASAP7_75t_R)
                                         _101772_ (net)
                 15.40    0.07 2517.59 ^ _156882_/A3 (AO32x1_ASAP7_75t_R)
    21   21.30  139.51   71.08 2588.67 ^ _156882_/Y (AO32x1_ASAP7_75t_R)
                                         _101847_ (net)
                139.84    4.22 2592.89 ^ _156995_/B (OR2x2_ASAP7_75t_R)
     1    0.71    9.58   30.26 2623.15 ^ _156995_/Y (OR2x2_ASAP7_75t_R)
                                         _101960_ (net)
                  9.58    0.06 2623.20 ^ _157002_/A2 (AO32x1_ASAP7_75t_R)
     5    8.77   59.93   38.95 2662.16 ^ _157002_/Y (AO32x1_ASAP7_75t_R)
                                         _101967_ (net)
                 60.73    3.90 2666.06 ^ _157004_/B (XNOR2x2_ASAP7_75t_R)
     2    2.66   13.80   32.38 2698.44 ^ _157004_/Y (XNOR2x2_ASAP7_75t_R)
                                         _101969_ (net)
                 13.88    0.55 2699.00 ^ _157005_/C (NOR3x1_ASAP7_75t_R)
     1    1.38   16.29   13.83 2712.83 v _157005_/Y (NOR3x1_ASAP7_75t_R)
                                         _101970_ (net)
                 16.30    0.19 2713.02 v _157006_/E (AND5x2_ASAP7_75t_R)
     7    7.71   24.94   32.43 2745.45 v _157006_/Y (AND5x2_ASAP7_75t_R)
                                         _101971_ (net)
                 24.98    0.67 2746.11 v _157078_/C (OR3x1_ASAP7_75t_R)
     3    2.36   17.33   28.21 2774.33 v _157078_/Y (OR3x1_ASAP7_75t_R)
                                         _102043_ (net)
                 17.33    0.08 2774.40 v _157141_/B3 (OA33x2_ASAP7_75t_R)
    29   28.22   88.96   57.29 2831.69 v _157141_/Y (OA33x2_ASAP7_75t_R)
                                         _102106_ (net)
                 89.23    3.20 2834.90 v _157144_/B (OR2x2_ASAP7_75t_R)
     1    0.79    9.05   31.53 2866.43 v _157144_/Y (OR2x2_ASAP7_75t_R)
                                         _102109_ (net)
                  9.05    0.05 2866.48 v _157145_/A2 (AO21x1_ASAP7_75t_R)
     5    4.68   28.44   24.39 2890.87 v _157145_/Y (AO21x1_ASAP7_75t_R)
                                         _102110_ (net)
                 28.50    0.81 2891.68 v _157196_/A2 (AO32x1_ASAP7_75t_R)
     1    0.77    9.40   25.54 2917.22 v _157196_/Y (AO32x1_ASAP7_75t_R)
                                         _102161_ (net)
                  9.40    0.07 2917.29 v _157198_/B1 (AO22x1_ASAP7_75t_R)
     3    3.49   22.67   26.70 2943.99 v _157198_/Y (AO22x1_ASAP7_75t_R)
                                         _102163_ (net)
                 22.73    0.63 2944.61 v _157222_/A2 (AO21x1_ASAP7_75t_R)
     3    2.30   15.25   22.37 2966.99 v _157222_/Y (AO21x1_ASAP7_75t_R)
                                         _102187_ (net)
                 15.25    0.15 2967.13 v _157223_/C (OR3x1_ASAP7_75t_R)
     4    3.88   24.86   30.69 2997.82 v _157223_/Y (OR3x1_ASAP7_75t_R)
                                         _102188_ (net)
                 24.89    0.46 2998.28 v _157312_/A2 (AO21x1_ASAP7_75t_R)
    11   10.77   59.59   42.03 3040.31 v _157312_/Y (AO21x1_ASAP7_75t_R)
                                         _102277_ (net)
                 59.66    1.22 3041.53 v _157343_/B (NAND2x1_ASAP7_75t_R)
    11   13.16   90.97   56.97 3098.50 ^ _157343_/Y (NAND2x1_ASAP7_75t_R)
                                         _102308_ (net)
                 91.04    1.35 3099.85 ^ _157440_/A1 (AOI221x1_ASAP7_75t_R)
     3    2.74   51.39   42.46 3142.32 v _157440_/Y (AOI221x1_ASAP7_75t_R)
                                         _102405_ (net)
                 51.41    0.49 3142.80 v _157456_/B2 (OA222x2_ASAP7_75t_R)
     1    1.20    9.94   30.42 3173.23 v _157456_/Y (OA222x2_ASAP7_75t_R)
                                         _102421_ (net)
                  9.95    0.12 3173.35 v _157459_/C (AND5x2_ASAP7_75t_R)
     3    2.86   11.75   22.12 3195.47 v _157459_/Y (AND5x2_ASAP7_75t_R)
                                         _102424_ (net)
                 11.77    0.26 3195.73 v _157472_/A1 (OA31x2_ASAP7_75t_R)
     3    2.82   13.61   20.60 3216.33 v _157472_/Y (OA31x2_ASAP7_75t_R)
                                         _102437_ (net)
                 13.70    0.58 3216.91 v _157475_/B (OR4x2_ASAP7_75t_R)
     6    7.35   29.48   41.68 3258.59 v _157475_/Y (OR4x2_ASAP7_75t_R)
                                         _102440_ (net)
                 29.62    1.16 3259.74 v _157478_/A (NAND2x1_ASAP7_75t_R)
    20   21.18  145.11   62.59 3322.33 ^ _157478_/Y (NAND2x1_ASAP7_75t_R)
                                         _102443_ (net)
                145.14    1.34 3323.67 ^ _157479_/B (NOR2x1_ASAP7_75t_R)
     1    0.86   25.15   18.60 3342.27 v _157479_/Y (NOR2x1_ASAP7_75t_R)
                                         _102444_ (net)
                 25.15    0.07 3342.34 v _157485_/A2 (OA21x2_ASAP7_75t_R)
     3    3.20   13.32   25.14 3367.48 v _157485_/Y (OA21x2_ASAP7_75t_R)
                                         _102450_ (net)
                 13.44    0.69 3368.17 v _157492_/A2 (AO221x1_ASAP7_75t_R)
     2    2.34   18.17   27.88 3396.06 v _157492_/Y (AO221x1_ASAP7_75t_R)
                                         _102457_ (net)
                 18.18    0.16 3396.22 v _157649_/B (OA21x2_ASAP7_75t_R)
    10    9.30   30.00   25.87 3422.09 v _157649_/Y (OA21x2_ASAP7_75t_R)
                                         _102614_ (net)
                 30.23    1.55 3423.64 v _157651_/B (AO21x1_ASAP7_75t_R)
     2    1.88   14.14   23.18 3446.82 v _157651_/Y (AO21x1_ASAP7_75t_R)
                                         _102616_ (net)
                 14.15    0.18 3447.01 v _157652_/B1 (AO22x1_ASAP7_75t_R)
    10    9.55   55.31   41.57 3488.58 v _157652_/Y (AO22x1_ASAP7_75t_R)
                                         _102617_ (net)
                 55.48    1.87 3490.44 v _157732_/B (NAND2x1_ASAP7_75t_R)
    15   16.17  109.57   62.69 3553.13 ^ _157732_/Y (NAND2x1_ASAP7_75t_R)
                                         _102697_ (net)
                109.75    2.57 3555.70 ^ _157764_/A1 (AO21x1_ASAP7_75t_R)
     1    1.59   14.26   23.42 3579.12 ^ _157764_/Y (AO21x1_ASAP7_75t_R)
                                         _102729_ (net)
                 14.27    0.14 3579.26 ^ _157767_/A2 (AOI22x1_ASAP7_75t_R)
     8    8.96   89.00   24.06 3603.32 v _157767_/Y (AOI22x1_ASAP7_75t_R)
                                         _102732_ (net)
                 89.56    4.05 3607.37 v _157790_/A2 (OA21x2_ASAP7_75t_R)
     1    1.12    9.75   33.26 3640.63 v _157790_/Y (OA21x2_ASAP7_75t_R)
                                         _102755_ (net)
                  9.75    0.07 3640.70 v _157827_/A2 (AOI211x1_ASAP7_75t_R)
     3    2.94   32.82   18.78 3659.48 ^ _157827_/Y (AOI211x1_ASAP7_75t_R)
                                         _102792_ (net)
                 32.84    0.46 3659.93 ^ _157842_/A2 (OAI21x1_ASAP7_75t_R)
     5    4.77   29.15   19.15 3679.09 v _157842_/Y (OAI21x1_ASAP7_75t_R)
                                         _102807_ (net)
                 29.18    0.52 3679.60 v _157921_/B1 (AO221x1_ASAP7_75t_R)
    29   29.25  160.94   89.13 3768.73 v _157921_/Y (AO221x1_ASAP7_75t_R)
                                         _102886_ (net)
                161.53    5.74 3774.47 v _157922_/C (AO221x1_ASAP7_75t_R)
     1    0.68   11.41   42.53 3817.00 v _157922_/Y (AO221x1_ASAP7_75t_R)
                                         _102887_ (net)
                 11.41    0.05 3817.05 v _157925_/B1 (AO32x2_ASAP7_75t_R)
     2    1.54   10.77   27.43 3844.48 v _157925_/Y (AO32x2_ASAP7_75t_R)
                                         _102890_ (net)
                 10.77    0.12 3844.60 v _157949_/A2 (OA211x2_ASAP7_75t_R)
     1    0.76    9.39   22.47 3867.07 v _157949_/Y (OA211x2_ASAP7_75t_R)
                                         _102914_ (net)
                  9.39    0.07 3867.14 v _157967_/B1 (AO222x2_ASAP7_75t_R)
     2    2.27   14.11   32.09 3899.24 v _157967_/Y (AO222x2_ASAP7_75t_R)
                                         _102932_ (net)
                 14.15    0.40 3899.63 v _158020_/A1 (AO221x1_ASAP7_75t_R)
     7    6.66   39.28   37.90 3937.53 v _158020_/Y (AO221x1_ASAP7_75t_R)
                                         _102985_ (net)
                 39.31    0.60 3938.13 v _158084_/A1 (AO211x2_ASAP7_75t_R)
     7    5.91   20.34   28.01 3966.14 v _158084_/Y (AO211x2_ASAP7_75t_R)
                                         _103049_ (net)
                 20.56    1.17 3967.31 v _158094_/A (AND2x2_ASAP7_75t_R)
    25   28.89   86.44   40.25 4007.57 v _158094_/Y (AND2x2_ASAP7_75t_R)
                                         _103059_ (net)
                 89.05    8.14 4015.70 v _158173_/A (OR3x2_ASAP7_75t_R)
     2    1.20   11.41   41.10 4056.80 v _158173_/Y (OR3x2_ASAP7_75t_R)
                                         _103138_ (net)
                 11.41    0.08 4056.88 v _158271_/A2 (AO221x1_ASAP7_75t_R)
     1    0.80    9.45   22.66 4079.54 v _158271_/Y (AO221x1_ASAP7_75t_R)
                                         _103236_ (net)
                  9.46    0.06 4079.60 v _158272_/E (OR5x1_ASAP7_75t_R)
     1    0.90   12.14   32.99 4112.59 v _158272_/Y (OR5x1_ASAP7_75t_R)
                                         _103237_ (net)
                 12.15    0.11 4112.71 v _158273_/E (OR5x1_ASAP7_75t_R)
     3    4.86   34.65   46.22 4158.93 v _158273_/Y (OR5x1_ASAP7_75t_R)
                                         _103238_ (net)
                 34.74    1.09 4160.02 v _158274_/B (NAND2x2_ASAP7_75t_R)
     5    4.70   24.41   19.04 4179.06 ^ _158274_/Y (NAND2x2_ASAP7_75t_R)
                                         _103239_ (net)
                 24.55    1.05 4180.11 ^ _158287_/A2 (OAI21x1_ASAP7_75t_R)
    21   25.67  130.87   53.55 4233.66 v _158287_/Y (OAI21x1_ASAP7_75t_R)
                                         _103252_ (net)
                132.09    7.31 4240.97 v _158298_/A (AND2x2_ASAP7_75t_R)
     2    5.57   21.57   45.39 4286.36 v _158298_/Y (AND2x2_ASAP7_75t_R)
                                         _103263_ (net)
                 21.58    0.35 4286.71 v _158304_/A2 (OA211x2_ASAP7_75t_R)
     5    7.94   30.55   35.29 4322.00 v _158304_/Y (OA211x2_ASAP7_75t_R)
                                         _103269_ (net)
                 32.77    4.39 4326.39 v _158330_/B (XNOR2x2_ASAP7_75t_R)
     3    2.59   12.59   26.07 4352.46 v _158330_/Y (XNOR2x2_ASAP7_75t_R)
                                         _103295_ (net)
                 12.60    0.17 4352.64 v _158388_/B (OR5x1_ASAP7_75t_R)
     1    0.79   11.52   29.40 4382.04 v _158388_/Y (OR5x1_ASAP7_75t_R)
                                         _103353_ (net)
                 11.52    0.09 4382.13 v _158399_/A3 (AO33x2_ASAP7_75t_R)
     7    8.42   30.23   42.85 4424.98 v _158399_/Y (AO33x2_ASAP7_75t_R)
                                         _103364_ (net)
                 30.43    1.40 4426.39 v _158436_/A (AND2x2_ASAP7_75t_R)
     3    2.85   11.27   24.76 4451.15 v _158436_/Y (AND2x2_ASAP7_75t_R)
                                         _103401_ (net)
                 11.27    0.10 4451.25 v _158437_/C (OR3x1_ASAP7_75t_R)
    27   27.47  153.30   78.82 4530.07 v _158437_/Y (OR3x1_ASAP7_75t_R)
                                         _103402_ (net)
                155.93   11.32 4541.39 v _158474_/B (AND2x2_ASAP7_75t_R)
    21   22.77   70.39   59.66 4601.05 v _158474_/Y (AND2x2_ASAP7_75t_R)
                                         _103439_ (net)
                 70.62    2.62 4603.67 v _158476_/A2 (AOI22x1_ASAP7_75t_R)
     4    4.63   46.85   35.53 4639.21 ^ _158476_/Y (AOI22x1_ASAP7_75t_R)
                                         _103441_ (net)
                 46.90    0.84 4640.05 ^ _158477_/B (AND2x2_ASAP7_75t_R)
     1    1.08    8.26   22.33 4662.38 ^ _158477_/Y (AND2x2_ASAP7_75t_R)
                                         _103442_ (net)
                  8.27    0.07 4662.45 ^ _158496_/B2 (AOI221x1_ASAP7_75t_R)
     1    2.00   35.90   15.93 4678.38 v _158496_/Y (AOI221x1_ASAP7_75t_R)
                                         _103461_ (net)
                 35.92    0.45 4678.83 v _158497_/C (MAJx2_ASAP7_75t_R)
     6    5.50   20.66   32.65 4711.47 v _158497_/Y (MAJx2_ASAP7_75t_R)
                                         _103462_ (net)
                 20.69    0.43 4711.90 v _158571_/A1 (AO21x1_ASAP7_75t_R)
     3    2.77   17.99   24.32 4736.22 v _158571_/Y (AO21x1_ASAP7_75t_R)
                                         _103536_ (net)
                 18.01    0.34 4736.56 v _158629_/B2 (AO221x2_ASAP7_75t_R)
    15   16.26   53.07   46.21 4782.77 v _158629_/Y (AO221x2_ASAP7_75t_R)
                                         _103594_ (net)
                 53.81    3.59 4786.36 v _158672_/A (NAND2x1_ASAP7_75t_R)
    23   23.50  161.60   77.46 4863.83 ^ _158672_/Y (NAND2x1_ASAP7_75t_R)
                                         _103637_ (net)
                161.89    4.24 4868.07 ^ _158689_/B (AND2x2_ASAP7_75t_R)
     1    1.05   11.16   31.56 4899.63 ^ _158689_/Y (AND2x2_ASAP7_75t_R)
                                         _103654_ (net)
                 11.17    0.14 4899.77 ^ _158690_/A2 (OA21x2_ASAP7_75t_R)
     5    5.20   22.45   22.43 4922.20 ^ _158690_/Y (OA21x2_ASAP7_75t_R)
                                         _103655_ (net)
                 22.63    1.13 4923.33 ^ _158691_/B (OR2x2_ASAP7_75t_R)
     2    1.94   10.67   19.11 4942.44 ^ _158691_/Y (OR2x2_ASAP7_75t_R)
                                         _103656_ (net)
                 10.68    0.11 4942.55 ^ _158702_/B (AND3x1_ASAP7_75t_R)
     2    2.19   17.83   22.71 4965.26 ^ _158702_/Y (AND3x1_ASAP7_75t_R)
                                         _103667_ (net)
                 17.83    0.09 4965.35 ^ _158720_/B (OA21x2_ASAP7_75t_R)
     3    3.39   14.78   21.69 4987.04 ^ _158720_/Y (OA21x2_ASAP7_75t_R)
                                         _103685_ (net)
                 14.83    0.43 4987.47 ^ _158743_/A1 (OA31x2_ASAP7_75t_R)
     2    1.61   10.44   24.10 5011.57 ^ _158743_/Y (OA31x2_ASAP7_75t_R)
                                         _103708_ (net)
                 10.44    0.08 5011.64 ^ _158761_/A (OR4x1_ASAP7_75t_R)
     2    1.96   14.59   15.00 5026.64 ^ _158761_/Y (OR4x1_ASAP7_75t_R)
                                         _103726_ (net)
                 14.60    0.23 5026.87 ^ _158764_/D (AND5x2_ASAP7_75t_R)
     4   14.33   54.41   47.81 5074.67 ^ _158764_/Y (AND5x2_ASAP7_75t_R)
                                         _103729_ (net)
                 58.80    8.18 5082.86 ^ _167893_/A1 (OA21x2_ASAP7_75t_R)
     3    2.64   13.31   28.91 5111.76 ^ _167893_/Y (OA21x2_ASAP7_75t_R)
                                         _111899_ (net)
                 13.32    0.24 5112.00 ^ _167894_/E (AND5x1_ASAP7_75t_R)
    21   30.86  215.11   83.26 5195.26 ^ _167894_/Y (AND5x1_ASAP7_75t_R)
                                         _111900_ (net)
                226.01   26.01 5221.27 ^ _171924_/B (AND2x2_ASAP7_75t_R)
    17   30.49  105.20   69.86 5291.13 ^ _171924_/Y (AND2x2_ASAP7_75t_R)
                                         _115788_ (net)
                110.57   12.80 5303.94 ^ _172383_/A2 (AO21x1_ASAP7_75t_R)
     2   11.37   74.80   51.78 5355.72 ^ _172383_/Y (AO21x1_ASAP7_75t_R)
                                         u_lsu.dmem_req_addr[13] (net)
                 75.40    3.83 5359.55 ^ output145/A (BUFx2_ASAP7_75t_R)
     1    2.66   13.10   26.98 5386.53 ^ output145/Y (BUFx2_ASAP7_75t_R)
                                         dmem_req_addr[13] (net)
                 13.16    0.47 5387.00 ^ dmem_req_addr[13] (out)
                               5387.00   data arrival time

                       5500.00 5500.00   clock core_clk (rise edge)
                          0.00 5500.00   clock network delay (propagated)
                        -50.00 5450.00   clock uncertainty
                          0.00 5450.00   clock reconvergence pessimism
                       -1100.00 4350.00   output external delay
                               4350.00   data required time
-----------------------------------------------------------------------------
                               4350.00   data required time
                               -5387.00   data arrival time
-----------------------------------------------------------------------------
                               -1037.01   slack (VIOLATED)


Startpoint: _308209_ (rising edge-triggered flip-flop clocked by core_clk)
Endpoint: _312547_ (rising edge-triggered flip-flop clocked by core_clk)
Path Group: reg2reg
Path Type: max

Fanout     Cap    Slew   Delay    Time   Description
-----------------------------------------------------------------------------
                          0.00    0.00   clock core_clk (rise edge)
                          0.00    0.00   clock source latency
     1   20.70   20.00    0.00    0.00 ^ clk (in)
                                         clk (net)
                 73.05   16.73   16.73 ^ wire4945/A (BUFx10_ASAP7_75t_R)
     1   20.07   18.86   30.07   46.81 ^ wire4945/Y (BUFx10_ASAP7_75t_R)
                                         net4503 (net)
                 61.42   18.67   65.48 ^ clkbuf_0_clk/A (BUFx24_ASAP7_75t_R)
     2   16.40   13.18   30.20   95.68 ^ clkbuf_0_clk/Y (BUFx24_ASAP7_75t_R)
                                         clknet_0_clk (net)
                 26.06    7.05  102.73 ^ clkbuf_1_0_0_clk/A (BUFx24_ASAP7_75t_R)
     2   16.82   12.47   23.15  125.87 ^ clkbuf_1_0_0_clk/Y (BUFx24_ASAP7_75t_R)
                                         clknet_1_0_0_clk (net)
                 24.31    6.56  132.43 ^ clkbuf_2_1_0_clk/A (BUFx24_ASAP7_75t_R)
     2   12.32   10.28   22.53  154.96 ^ clkbuf_2_1_0_clk/Y (BUFx24_ASAP7_75t_R)
                                         clknet_2_1_0_clk (net)
                 19.37    5.23  160.19 ^ clkbuf_3_2_0_clk/A (BUFx24_ASAP7_75t_R)
     2   15.19   11.14   21.24  181.44 ^ clkbuf_3_2_0_clk/Y (BUFx24_ASAP7_75t_R)
                                         clknet_3_2_0_clk (net)
                 24.20    6.71  188.15 ^ clkbuf_4_4_0_clk/A (BUFx24_ASAP7_75t_R)
     4   23.86   16.78   24.13  212.28 ^ clkbuf_4_4_0_clk/Y (BUFx24_ASAP7_75t_R)
                                         clknet_4_4_0_clk (net)
                 19.87    3.65  215.93 ^ clkbuf_6_19_0_clk/A (BUFx24_ASAP7_75t_R)
     2    7.60    8.96   21.18  237.12 ^ clkbuf_6_19_0_clk/Y (BUFx24_ASAP7_75t_R)
                                         clknet_6_19_0_clk (net)
                  9.97    1.52  238.64 ^ clkbuf_7_38__f_clk/A (BUFx24_ASAP7_75t_R)
     7   25.72   17.73   20.24  258.88 ^ clkbuf_7_38__f_clk/Y (BUFx24_ASAP7_75t_R)
                                         clknet_7_38__leaf_clk (net)
                 22.53    4.75  263.64 ^ clkbuf_leaf_778_clk/A (BUFx24_ASAP7_75t_R)
    20   14.71   12.21   22.89  286.53 ^ clkbuf_leaf_778_clk/Y (BUFx24_ASAP7_75t_R)
                                         clknet_leaf_778_clk (net)
                 13.97    2.33  288.86 ^ _308209_/CLK (DFFHQNx3_ASAP7_75t_R)
     2    7.83   34.44   56.18  345.04 ^ _308209_/QN (DFFHQNx3_ASAP7_75t_R)
                                         u_lsu._004001_[1] (net)
                 37.64    5.51  350.55 ^ wire4778/A (BUFx16f_ASAP7_75t_R)
    36   50.08   19.31   22.00  372.55 ^ wire4778/Y (BUFx16f_ASAP7_75t_R)
                                         net4336 (net)
                111.41   34.71  407.26 ^ wire4776/A (BUFx16f_ASAP7_75t_R)
    45   53.52   24.72   32.24  439.50 ^ wire4776/Y (BUFx16f_ASAP7_75t_R)
                                         net4334 (net)
                 43.07    9.40  448.90 ^ wire4775/A (BUFx16f_ASAP7_75t_R)
    37   47.88   13.97   23.68  472.58 ^ wire4775/Y (BUFx16f_ASAP7_75t_R)
                                         net4333 (net)
                117.76   36.85  509.43 ^ load_slew4774/A (BUFx16f_ASAP7_75t_R)
    42   54.05   34.68   36.78  546.21 ^ load_slew4774/Y (BUFx16f_ASAP7_75t_R)
                                         net4332 (net)
                 51.61   12.70  558.92 ^ _153629_/B (AND2x2_ASAP7_75t_R)
    52   60.15  204.37   81.30  640.21 ^ _153629_/Y (AND2x2_ASAP7_75t_R)
                                         _098594_ (net)
                260.54   56.12  696.33 ^ _153630_/B (NAND2x1_ASAP7_75t_R)
    18   25.93  180.76  112.91  809.24 v _153630_/Y (NAND2x1_ASAP7_75t_R)
                                         _098595_ (net)
                181.38    6.31  815.55 v _153631_/B (OA21x2_ASAP7_75t_R)
    19   21.73   67.85   57.86  873.41 v _153631_/Y (OA21x2_ASAP7_75t_R)
                                         _098596_ (net)
                 75.16   11.59  885.00 v _153633_/C (AND3x1_ASAP7_75t_R)
    34   34.38  189.54   96.55  981.54 v _153633_/Y (AND3x1_ASAP7_75t_R)
                                         _098598_ (net)
                193.97   16.05  997.59 v _154870_/C1 (AO222x2_ASAP7_75t_R)
     5    6.26   28.07   73.12 1070.71 v _154870_/Y (AO222x2_ASAP7_75t_R)
                                         _099835_ (net)
                 28.42    1.70 1072.41 v _154873_/B (OR3x2_ASAP7_75t_R)
     8   14.14   46.49   45.71 1118.11 v _154873_/Y (OR3x2_ASAP7_75t_R)
                                         _099838_ (net)
                 47.31    3.47 1121.58 v _154878_/C (OR5x1_ASAP7_75t_R)
     3    5.22   37.45   50.77 1172.36 v _154878_/Y (OR5x1_ASAP7_75t_R)
                                         _099843_ (net)
                 37.92    2.35 1174.71 v _154879_/D (OR4x1_ASAP7_75t_R)
    31   36.08  211.40   91.64 1266.34 v _154879_/Y (OR4x1_ASAP7_75t_R)
                                         _099844_ (net)
                218.70   21.51 1287.85 v _155829_/C (OR4x1_ASAP7_75t_R)
     2    1.67   18.14   52.98 1340.82 v _155829_/Y (OR4x1_ASAP7_75t_R)
                                         _100794_ (net)
                 18.14    0.10 1340.92 v _155944_/B2 (AO221x1_ASAP7_75t_R)
     1    1.09   11.20   24.46 1365.38 v _155944_/Y (AO221x1_ASAP7_75t_R)
                                         _100909_ (net)
                 11.21    0.17 1365.55 v _155949_/A (OR5x1_ASAP7_75t_R)
    11    9.37   58.28   50.77 1416.32 v _155949_/Y (OR5x1_ASAP7_75t_R)
                                         _100914_ (net)
                 58.72    2.92 1419.24 v _156013_/A (AND2x2_ASAP7_75t_R)
     2    3.03   12.70   31.13 1450.37 v _156013_/Y (AND2x2_ASAP7_75t_R)
                                         _100978_ (net)
                 12.73    0.29 1450.66 v _156016_/A (NAND3x1_ASAP7_75t_R)
    12   18.63  133.11   49.68 1500.34 ^ _156016_/Y (NAND3x1_ASAP7_75t_R)
                                         _100981_ (net)
                133.43    4.01 1504.35 ^ _156112_/A1 (AOI221x1_ASAP7_75t_R)
     1    0.86   40.21   35.69 1540.04 v _156112_/Y (AOI221x1_ASAP7_75t_R)
                                         _101077_ (net)
                 40.21    0.09 1540.14 v _156115_/A2 (OA21x2_ASAP7_75t_R)
     1    1.46    9.17   25.99 1566.12 v _156115_/Y (OA21x2_ASAP7_75t_R)
                                         _101080_ (net)
                  9.20    0.28 1566.40 v _156116_/A (OR3x1_ASAP7_75t_R)
     2    1.45   12.33   21.57 1587.97 v _156116_/Y (OR3x1_ASAP7_75t_R)
                                         _101081_ (net)
                 12.34    0.15 1588.11 v _156123_/A3 (AO33x2_ASAP7_75t_R)
     5    4.95   20.98   38.48 1626.60 v _156123_/Y (AO33x2_ASAP7_75t_R)
                                         _101088_ (net)
                 21.06    0.72 1627.32 v _156140_/A (NAND2x1_ASAP7_75t_R)
    12   11.35   75.55   41.03 1668.35 ^ _156140_/Y (NAND2x1_ASAP7_75t_R)
                                         _101105_ (net)
                 75.62    1.32 1669.68 ^ _156253_/B2 (AO221x1_ASAP7_75t_R)
    33   35.23  232.42  109.44 1779.11 ^ _156253_/Y (AO221x1_ASAP7_75t_R)
                                         _101218_ (net)
                236.57   17.43 1796.54 ^ _156308_/A (NAND2x2_ASAP7_75t_R)
    15   23.58   94.20   52.16 1848.70 v _156308_/Y (NAND2x2_ASAP7_75t_R)
                                         _101273_ (net)
                 95.65    6.57 1855.26 v _156311_/A2 (AO21x2_ASAP7_75t_R)
     6    7.13   25.24   42.45 1897.71 v _156311_/Y (AO21x2_ASAP7_75t_R)
                                         _101276_ (net)
                 25.47    1.37 1899.08 v _156314_/A1 (OA21x2_ASAP7_75t_R)
     2    1.83    9.48   21.81 1920.89 v _156314_/Y (OA21x2_ASAP7_75t_R)
                                         _101279_ (net)
                  9.50    0.18 1921.07 v _156388_/C (AO221x1_ASAP7_75t_R)
     2    2.49   17.95   27.53 1948.60 v _156388_/Y (AO221x1_ASAP7_75t_R)
                                         _101353_ (net)
                 17.97    0.25 1948.85 v _156389_/A2 (OA21x2_ASAP7_75t_R)
     3    2.51   11.04   22.37 1971.22 v _156389_/Y (OA21x2_ASAP7_75t_R)
                                         _101354_ (net)
                 11.06    0.27 1971.49 v _156393_/A1 (AOI22x1_ASAP7_75t_R)
     6    5.97   45.26   23.87 1995.36 ^ _156393_/Y (AOI22x1_ASAP7_75t_R)
                                         _101358_ (net)
                 45.33    1.05 1996.40 ^ _156410_/B (NAND2x1_ASAP7_75t_R)
    21   22.32  119.64   52.95 2049.35 v _156410_/Y (NAND2x1_ASAP7_75t_R)
                                         _101375_ (net)
                119.64    0.80 2050.15 v _156421_/A3 (AO33x2_ASAP7_75t_R)
    13   15.33   53.03   70.67 2120.82 v _156421_/Y (AO33x2_ASAP7_75t_R)
                                         _101386_ (net)
                 53.92    3.92 2124.74 v _156522_/B (XNOR2x2_ASAP7_75t_R)
     1    0.84    8.38   28.83 2153.58 ^ _156522_/Y (XNOR2x2_ASAP7_75t_R)
                                         _101487_ (net)
                  8.38    0.07 2153.64 ^ _156526_/B (AND4x1_ASAP7_75t_R)
     2    1.84   17.40   25.12 2178.76 ^ _156526_/Y (AND4x1_ASAP7_75t_R)
                                         _101491_ (net)
                 17.41    0.13 2178.89 ^ _156550_/A2 (AO21x1_ASAP7_75t_R)
     2    1.97   15.32   19.08 2197.96 ^ _156550_/Y (AO21x1_ASAP7_75t_R)
                                         _101515_ (net)
                 15.33    0.24 2198.20 ^ _156551_/B (AO21x1_ASAP7_75t_R)
     3    2.92   21.48   18.99 2217.19 ^ _156551_/Y (AO21x1_ASAP7_75t_R)
                                         _101516_ (net)
                 21.48    0.09 2217.28 ^ _156552_/C (OA211x2_ASAP7_75t_R)
    52   51.63  174.74   80.68 2297.96 ^ _156552_/Y (OA211x2_ASAP7_75t_R)
                                         _101517_ (net)
                188.17   25.74 2323.70 ^ _156555_/A (INVx1_ASAP7_75t_R)
     6    9.79   96.94   63.54 2387.25 v _156555_/Y (INVx1_ASAP7_75t_R)
                                         _101520_ (net)
                 97.69    4.88 2392.12 v _156568_/A1 (OAI21x1_ASAP7_75t_R)
     2    2.09   34.40   28.80 2420.92 ^ _156568_/Y (OAI21x1_ASAP7_75t_R)
                                         _101533_ (net)
                 34.40    0.24 2421.16 ^ _156616_/A2 (AOI221x1_ASAP7_75t_R)
     5    4.65   54.83   34.05 2455.21 v _156616_/Y (AOI221x1_ASAP7_75t_R)
                                         _101581_ (net)
                 54.86    0.76 2455.97 v _156806_/B (OA211x2_ASAP7_75t_R)
     5    5.11   21.69   47.76 2503.73 v _156806_/Y (OA211x2_ASAP7_75t_R)
                                         _101771_ (net)
                 21.72    0.46 2504.19 v _156807_/B (NAND2x1_ASAP7_75t_R)
     2    1.49   15.40   13.32 2517.51 ^ _156807_/Y (NAND2x1_ASAP7_75t_R)
                                         _101772_ (net)
                 15.40    0.07 2517.59 ^ _156882_/A3 (AO32x1_ASAP7_75t_R)
    21   21.30  139.51   71.08 2588.67 ^ _156882_/Y (AO32x1_ASAP7_75t_R)
                                         _101847_ (net)
                139.84    4.22 2592.89 ^ _156995_/B (OR2x2_ASAP7_75t_R)
     1    0.71    9.58   30.26 2623.15 ^ _156995_/Y (OR2x2_ASAP7_75t_R)
                                         _101960_ (net)
                  9.58    0.06 2623.20 ^ _157002_/A2 (AO32x1_ASAP7_75t_R)
     5    8.77   59.93   38.95 2662.16 ^ _157002_/Y (AO32x1_ASAP7_75t_R)
                                         _101967_ (net)
                 60.73    3.90 2666.06 ^ _157004_/B (XNOR2x2_ASAP7_75t_R)
     2    2.66   13.80   32.38 2698.44 ^ _157004_/Y (XNOR2x2_ASAP7_75t_R)
                                         _101969_ (net)
                 13.88    0.55 2699.00 ^ _157005_/C (NOR3x1_ASAP7_75t_R)
     1    1.38   16.29   13.83 2712.83 v _157005_/Y (NOR3x1_ASAP7_75t_R)
                                         _101970_ (net)
                 16.30    0.19 2713.02 v _157006_/E (AND5x2_ASAP7_75t_R)
     7    7.71   24.94   32.43 2745.45 v _157006_/Y (AND5x2_ASAP7_75t_R)
                                         _101971_ (net)
                 24.98    0.67 2746.11 v _157078_/C (OR3x1_ASAP7_75t_R)
     3    2.36   17.33   28.21 2774.33 v _157078_/Y (OR3x1_ASAP7_75t_R)
                                         _102043_ (net)
                 17.33    0.08 2774.40 v _157141_/B3 (OA33x2_ASAP7_75t_R)
    29   28.22   88.96   57.29 2831.69 v _157141_/Y (OA33x2_ASAP7_75t_R)
                                         _102106_ (net)
                 89.23    3.20 2834.90 v _157144_/B (OR2x2_ASAP7_75t_R)
     1    0.79    9.05   31.53 2866.43 v _157144_/Y (OR2x2_ASAP7_75t_R)
                                         _102109_ (net)
                  9.05    0.05 2866.48 v _157145_/A2 (AO21x1_ASAP7_75t_R)
     5    4.68   28.44   24.39 2890.87 v _157145_/Y (AO21x1_ASAP7_75t_R)
                                         _102110_ (net)
                 28.50    0.81 2891.68 v _157196_/A2 (AO32x1_ASAP7_75t_R)
     1    0.77    9.40   25.54 2917.22 v _157196_/Y (AO32x1_ASAP7_75t_R)
                                         _102161_ (net)
                  9.40    0.07 2917.29 v _157198_/B1 (AO22x1_ASAP7_75t_R)
     3    3.49   22.67   26.70 2943.99 v _157198_/Y (AO22x1_ASAP7_75t_R)
                                         _102163_ (net)
                 22.73    0.63 2944.61 v _157222_/A2 (AO21x1_ASAP7_75t_R)
     3    2.30   15.25   22.37 2966.99 v _157222_/Y (AO21x1_ASAP7_75t_R)
                                         _102187_ (net)
                 15.25    0.15 2967.13 v _157223_/C (OR3x1_ASAP7_75t_R)
     4    3.88   24.86   30.69 2997.82 v _157223_/Y (OR3x1_ASAP7_75t_R)
                                         _102188_ (net)
                 24.89    0.46 2998.28 v _157312_/A2 (AO21x1_ASAP7_75t_R)
    11   10.77   59.59   42.03 3040.31 v _157312_/Y (AO21x1_ASAP7_75t_R)
                                         _102277_ (net)
                 59.66    1.22 3041.53 v _157343_/B (NAND2x1_ASAP7_75t_R)
    11   13.16   90.97   56.97 3098.50 ^ _157343_/Y (NAND2x1_ASAP7_75t_R)
                                         _102308_ (net)
                 91.04    1.35 3099.85 ^ _157440_/A1 (AOI221x1_ASAP7_75t_R)
     3    2.74   51.39   42.46 3142.32 v _157440_/Y (AOI221x1_ASAP7_75t_R)
                                         _102405_ (net)
                 51.41    0.49 3142.80 v _157456_/B2 (OA222x2_ASAP7_75t_R)
     1    1.20    9.94   30.42 3173.23 v _157456_/Y (OA222x2_ASAP7_75t_R)
                                         _102421_ (net)
                  9.95    0.12 3173.35 v _157459_/C (AND5x2_ASAP7_75t_R)
     3    2.86   11.75   22.12 3195.47 v _157459_/Y (AND5x2_ASAP7_75t_R)
                                         _102424_ (net)
                 11.77    0.26 3195.73 v _157472_/A1 (OA31x2_ASAP7_75t_R)
     3    2.82   13.61   20.60 3216.33 v _157472_/Y (OA31x2_ASAP7_75t_R)
                                         _102437_ (net)
                 13.70    0.58 3216.91 v _157475_/B (OR4x2_ASAP7_75t_R)
     6    7.35   29.48   41.68 3258.59 v _157475_/Y (OR4x2_ASAP7_75t_R)
                                         _102440_ (net)
                 29.62    1.16 3259.74 v _157478_/A (NAND2x1_ASAP7_75t_R)
    20   21.18  145.11   62.59 3322.33 ^ _157478_/Y (NAND2x1_ASAP7_75t_R)
                                         _102443_ (net)
                145.14    1.34 3323.67 ^ _157479_/B (NOR2x1_ASAP7_75t_R)
     1    0.86   25.15   18.60 3342.27 v _157479_/Y (NOR2x1_ASAP7_75t_R)
                                         _102444_ (net)
                 25.15    0.07 3342.34 v _157485_/A2 (OA21x2_ASAP7_75t_R)
     3    3.20   13.32   25.14 3367.48 v _157485_/Y (OA21x2_ASAP7_75t_R)
                                         _102450_ (net)
                 13.44    0.69 3368.17 v _157492_/A2 (AO221x1_ASAP7_75t_R)
     2    2.34   18.17   27.88 3396.06 v _157492_/Y (AO221x1_ASAP7_75t_R)
                                         _102457_ (net)
                 18.18    0.16 3396.22 v _157649_/B (OA21x2_ASAP7_75t_R)
    10    9.30   30.00   25.87 3422.09 v _157649_/Y (OA21x2_ASAP7_75t_R)
                                         _102614_ (net)
                 30.23    1.55 3423.64 v _157651_/B (AO21x1_ASAP7_75t_R)
     2    1.88   14.14   23.18 3446.82 v _157651_/Y (AO21x1_ASAP7_75t_R)
                                         _102616_ (net)
                 14.15    0.18 3447.01 v _157652_/B1 (AO22x1_ASAP7_75t_R)
    10    9.55   55.31   41.57 3488.58 v _157652_/Y (AO22x1_ASAP7_75t_R)
                                         _102617_ (net)
                 55.48    1.87 3490.44 v _157732_/B (NAND2x1_ASAP7_75t_R)
    15   16.17  109.57   62.69 3553.13 ^ _157732_/Y (NAND2x1_ASAP7_75t_R)
                                         _102697_ (net)
                109.75    2.57 3555.70 ^ _157764_/A1 (AO21x1_ASAP7_75t_R)
     1    1.59   14.26   23.42 3579.12 ^ _157764_/Y (AO21x1_ASAP7_75t_R)
                                         _102729_ (net)
                 14.27    0.14 3579.26 ^ _157767_/A2 (AOI22x1_ASAP7_75t_R)
     8    8.96   89.00   24.06 3603.32 v _157767_/Y (AOI22x1_ASAP7_75t_R)
                                         _102732_ (net)
                 89.56    4.05 3607.37 v _157790_/A2 (OA21x2_ASAP7_75t_R)
     1    1.12    9.75   33.26 3640.63 v _157790_/Y (OA21x2_ASAP7_75t_R)
                                         _102755_ (net)
                  9.75    0.07 3640.70 v _157827_/A2 (AOI211x1_ASAP7_75t_R)
     3    2.94   32.82   18.78 3659.48 ^ _157827_/Y (AOI211x1_ASAP7_75t_R)
                                         _102792_ (net)
                 32.84    0.46 3659.93 ^ _157842_/A2 (OAI21x1_ASAP7_75t_R)
     5    4.77   29.15   19.15 3679.09 v _157842_/Y (OAI21x1_ASAP7_75t_R)
                                         _102807_ (net)
                 29.18    0.52 3679.60 v _157921_/B1 (AO221x1_ASAP7_75t_R)
    29   29.25  160.94   89.13 3768.73 v _157921_/Y (AO221x1_ASAP7_75t_R)
                                         _102886_ (net)
                161.53    5.74 3774.47 v _157922_/C (AO221x1_ASAP7_75t_R)
     1    0.68   11.41   42.53 3817.00 v _157922_/Y (AO221x1_ASAP7_75t_R)
                                         _102887_ (net)
                 11.41    0.05 3817.05 v _157925_/B1 (AO32x2_ASAP7_75t_R)
     2    1.54   10.77   27.43 3844.48 v _157925_/Y (AO32x2_ASAP7_75t_R)
                                         _102890_ (net)
                 10.77    0.12 3844.60 v _157949_/A2 (OA211x2_ASAP7_75t_R)
     1    0.76    9.39   22.47 3867.07 v _157949_/Y (OA211x2_ASAP7_75t_R)
                                         _102914_ (net)
                  9.39    0.07 3867.14 v _157967_/B1 (AO222x2_ASAP7_75t_R)
     2    2.27   14.11   32.09 3899.24 v _157967_/Y (AO222x2_ASAP7_75t_R)
                                         _102932_ (net)
                 14.15    0.40 3899.63 v _158020_/A1 (AO221x1_ASAP7_75t_R)
     7    6.66   39.28   37.90 3937.53 v _158020_/Y (AO221x1_ASAP7_75t_R)
                                         _102985_ (net)
                 39.31    0.60 3938.13 v _158084_/A1 (AO211x2_ASAP7_75t_R)
     7    5.91   20.34   28.01 3966.14 v _158084_/Y (AO211x2_ASAP7_75t_R)
                                         _103049_ (net)
                 20.56    1.17 3967.31 v _158094_/A (AND2x2_ASAP7_75t_R)
    25   28.89   86.44   40.25 4007.57 v _158094_/Y (AND2x2_ASAP7_75t_R)
                                         _103059_ (net)
                 89.05    8.14 4015.70 v _158173_/A (OR3x2_ASAP7_75t_R)
     2    1.20   11.41   41.10 4056.80 v _158173_/Y (OR3x2_ASAP7_75t_R)
                                         _103138_ (net)
                 11.41    0.08 4056.88 v _158271_/A2 (AO221x1_ASAP7_75t_R)
     1    0.80    9.45   22.66 4079.54 v _158271_/Y (AO221x1_ASAP7_75t_R)
                                         _103236_ (net)
                  9.46    0.06 4079.60 v _158272_/E (OR5x1_ASAP7_75t_R)
     1    0.90   12.14   32.99 4112.59 v _158272_/Y (OR5x1_ASAP7_75t_R)
                                         _103237_ (net)
                 12.15    0.11 4112.71 v _158273_/E (OR5x1_ASAP7_75t_R)
     3    4.86   34.65   46.22 4158.93 v _158273_/Y (OR5x1_ASAP7_75t_R)
                                         _103238_ (net)
                 34.74    1.09 4160.02 v _158274_/B (NAND2x2_ASAP7_75t_R)
     5    4.70   24.41   19.04 4179.06 ^ _158274_/Y (NAND2x2_ASAP7_75t_R)
                                         _103239_ (net)
                 24.55    1.05 4180.11 ^ _158287_/A2 (OAI21x1_ASAP7_75t_R)
    21   25.67  130.87   53.55 4233.66 v _158287_/Y (OAI21x1_ASAP7_75t_R)
                                         _103252_ (net)
                132.09    7.31 4240.97 v _158298_/A (AND2x2_ASAP7_75t_R)
     2    5.57   21.57   45.39 4286.36 v _158298_/Y (AND2x2_ASAP7_75t_R)
                                         _103263_ (net)
                 21.58    0.35 4286.71 v _158304_/A2 (OA211x2_ASAP7_75t_R)
     5    7.94   30.55   35.29 4322.00 v _158304_/Y (OA211x2_ASAP7_75t_R)
                                         _103269_ (net)
                 32.77    4.39 4326.39 v _158330_/B (XNOR2x2_ASAP7_75t_R)
     3    2.59   12.59   26.07 4352.46 v _158330_/Y (XNOR2x2_ASAP7_75t_R)
                                         _103295_ (net)
                 12.60    0.17 4352.64 v _158388_/B (OR5x1_ASAP7_75t_R)
     1    0.79   11.52   29.40 4382.04 v _158388_/Y (OR5x1_ASAP7_75t_R)
                                         _103353_ (net)
                 11.52    0.09 4382.13 v _158399_/A3 (AO33x2_ASAP7_75t_R)
     7    8.42   30.23   42.85 4424.98 v _158399_/Y (AO33x2_ASAP7_75t_R)
                                         _103364_ (net)
                 30.43    1.40 4426.39 v _158436_/A (AND2x2_ASAP7_75t_R)
     3    2.85   11.27   24.76 4451.15 v _158436_/Y (AND2x2_ASAP7_75t_R)
                                         _103401_ (net)
                 11.27    0.10 4451.25 v _158437_/C (OR3x1_ASAP7_75t_R)
    27   27.47  153.30   78.82 4530.07 v _158437_/Y (OR3x1_ASAP7_75t_R)
                                         _103402_ (net)
                155.93   11.32 4541.39 v _158474_/B (AND2x2_ASAP7_75t_R)
    21   22.77   70.39   59.66 4601.05 v _158474_/Y (AND2x2_ASAP7_75t_R)
                                         _103439_ (net)
                 70.62    2.62 4603.67 v _158476_/A2 (AOI22x1_ASAP7_75t_R)
     4    4.63   46.85   35.53 4639.21 ^ _158476_/Y (AOI22x1_ASAP7_75t_R)
                                         _103441_ (net)
                 46.90    0.84 4640.05 ^ _158477_/B (AND2x2_ASAP7_75t_R)
     1    1.08    8.26   22.33 4662.38 ^ _158477_/Y (AND2x2_ASAP7_75t_R)
                                         _103442_ (net)
                  8.27    0.07 4662.45 ^ _158496_/B2 (AOI221x1_ASAP7_75t_R)
     1    2.00   35.90   15.93 4678.38 v _158496_/Y (AOI221x1_ASAP7_75t_R)
                                         _103461_ (net)
                 35.92    0.45 4678.83 v _158497_/C (MAJx2_ASAP7_75t_R)
     6    5.50   20.66   32.65 4711.47 v _158497_/Y (MAJx2_ASAP7_75t_R)
                                         _103462_ (net)
                 20.69    0.43 4711.90 v _158571_/A1 (AO21x1_ASAP7_75t_R)
     3    2.77   17.99   24.32 4736.22 v _158571_/Y (AO21x1_ASAP7_75t_R)
                                         _103536_ (net)
                 18.01    0.34 4736.56 v _158629_/B2 (AO221x2_ASAP7_75t_R)
    15   16.26   53.07   46.21 4782.77 v _158629_/Y (AO221x2_ASAP7_75t_R)
                                         _103594_ (net)
                 53.81    3.59 4786.36 v _158672_/A (NAND2x1_ASAP7_75t_R)
    23   23.50  161.60   77.46 4863.83 ^ _158672_/Y (NAND2x1_ASAP7_75t_R)
                                         _103637_ (net)
                161.89    4.24 4868.07 ^ _158689_/B (AND2x2_ASAP7_75t_R)
     1    1.05   11.16   31.56 4899.63 ^ _158689_/Y (AND2x2_ASAP7_75t_R)
                                         _103654_ (net)
                 11.17    0.14 4899.77 ^ _158690_/A2 (OA21x2_ASAP7_75t_R)
     5    5.20   22.45   22.43 4922.20 ^ _158690_/Y (OA21x2_ASAP7_75t_R)
                                         _103655_ (net)
                 22.63    1.13 4923.33 ^ _158691_/B (OR2x2_ASAP7_75t_R)
     2    1.94   10.67   19.11 4942.44 ^ _158691_/Y (OR2x2_ASAP7_75t_R)
                                         _103656_ (net)
                 10.68    0.11 4942.55 ^ _158702_/B (AND3x1_ASAP7_75t_R)
     2    2.19   17.83   22.71 4965.26 ^ _158702_/Y (AND3x1_ASAP7_75t_R)
                                         _103667_ (net)
                 17.83    0.09 4965.35 ^ _158720_/B (OA21x2_ASAP7_75t_R)
     3    3.39   14.78   21.69 4987.04 ^ _158720_/Y (OA21x2_ASAP7_75t_R)
                                         _103685_ (net)
                 14.83    0.43 4987.47 ^ _158743_/A1 (OA31x2_ASAP7_75t_R)
     2    1.61   10.44   24.10 5011.57 ^ _158743_/Y (OA31x2_ASAP7_75t_R)
                                         _103708_ (net)
                 10.44    0.08 5011.64 ^ _158761_/A (OR4x1_ASAP7_75t_R)
     2    1.96   14.59   15.00 5026.64 ^ _158761_/Y (OR4x1_ASAP7_75t_R)
                                         _103726_ (net)
                 14.60    0.23 5026.87 ^ _158764_/D (AND5x2_ASAP7_75t_R)
     4   14.33   54.41   47.81 5074.67 ^ _158764_/Y (AND5x2_ASAP7_75t_R)
                                         _103729_ (net)
                 58.80    8.18 5082.86 ^ _159054_/A1 (OA21x2_ASAP7_75t_R)
     7   31.31  108.01   44.66 5127.52 ^ _159054_/Y (OA21x2_ASAP7_75t_R)
                                         _104019_ (net)
                207.47   60.80 5188.32 ^ _159120_/A1 (OA21x2_ASAP7_75t_R)
    36   44.49  153.37   57.63 5245.95 ^ _159120_/Y (OA21x2_ASAP7_75t_R)
                                         _104085_ (net)
                154.88    7.01 5252.96 ^ _159154_/A2 (AO221x1_ASAP7_75t_R)
     3    5.54   40.32   51.77 5304.73 ^ _159154_/Y (AO221x1_ASAP7_75t_R)
                                         _104119_ (net)
                 40.63    1.98 5306.71 ^ _159901_/B (AND2x2_ASAP7_75t_R)
    41   67.40  229.71   90.03 5396.74 ^ _159901_/Y (AND2x2_ASAP7_75t_R)
                                         _104858_ (net)
                254.00   39.06 5435.80 ^ _159903_/A (NOR2x1_ASAP7_75t_R)
     8   28.97  212.19  134.81 5570.61 v _159903_/Y (NOR2x1_ASAP7_75t_R)
                                         _104860_ (net)
                217.68   18.83 5589.44 v _163131_/B (NAND2x2_ASAP7_75t_R)
    15   27.46  143.40   93.01 5682.45 ^ _163131_/Y (NAND2x2_ASAP7_75t_R)
                                         _107988_ (net)
                143.45    1.94 5684.39 ^ load_slew954/A (BUFx16f_ASAP7_75t_R)
    25   34.85   21.09   33.31 5717.70 ^ load_slew954/Y (BUFx16f_ASAP7_75t_R)
                                         net512 (net)
                 50.38   13.26 5730.96 ^ load_slew952/A (BUFx16f_ASAP7_75t_R)
    23   34.23   10.08   23.68 5754.64 ^ load_slew952/Y (BUFx16f_ASAP7_75t_R)
                                         net510 (net)
                117.79   37.27 5791.91 ^ _164753_/A (OR2x2_ASAP7_75t_R)
    33   82.71  281.10  117.84 5909.75 ^ _164753_/Y (OR2x2_ASAP7_75t_R)
                                         _109546_ (net)
                313.32   49.86 5959.60 ^ _201221_/B (NAND2x1_ASAP7_75t_R)
     1    0.90   39.86   12.01 5971.61 v _201221_/Y (NAND2x1_ASAP7_75t_R)
                                         _141286_ (net)
                 39.86    0.08 5971.69 v _201222_/A2 (AO21x1_ASAP7_75t_R)
     1    0.81   10.89   21.41 5993.10 v _201222_/Y (AO21x1_ASAP7_75t_R)
                                         _141287_ (net)
                 10.90    0.10 5993.20 v _201223_/B (OA211x2_ASAP7_75t_R)
     1    0.85   10.07   26.25 6019.45 v _201223_/Y (OA211x2_ASAP7_75t_R)
                                         _141288_ (net)
                 10.07    0.09 6019.54 v _201224_/B (AO21x1_ASAP7_75t_R)
     1    0.68   10.70   15.98 6035.52 v _201224_/Y (AO21x1_ASAP7_75t_R)
                                         _141289_ (net)
                 10.70    0.04 6035.56 v _201225_/B (AND2x2_ASAP7_75t_R)
     1    0.71    5.69   14.64 6050.20 v _201225_/Y (AND2x2_ASAP7_75t_R)
                                         u_int_prf._00050_[23] (net)
                  5.69    0.04 6050.24 v _312547_/D (DFFHQNx1_ASAP7_75t_R)
                               6050.24   data arrival time

                       5500.00 5500.00   clock core_clk (rise edge)
                          0.00 5500.00   clock source latency
     1   20.41   20.00    0.00 5500.00 ^ clk (in)
                                         clk (net)
                 71.59   16.27 5516.27 ^ wire4945/A (BUFx10_ASAP7_75t_R)
     1   19.47   18.64   29.84 5546.11 ^ wire4945/Y (BUFx10_ASAP7_75t_R)
                                         net4503 (net)
                 58.48   17.71 5563.82 ^ clkbuf_0_clk/A (BUFx24_ASAP7_75t_R)
     2   15.19   12.63   29.67 5593.49 ^ clkbuf_0_clk/Y (BUFx24_ASAP7_75t_R)
                                         clknet_0_clk (net)
                 23.75    6.33 5599.82 ^ clkbuf_1_1_0_clk/A (BUFx24_ASAP7_75t_R)
     2   15.77   11.84   22.47 5622.29 ^ clkbuf_1_1_0_clk/Y (BUFx24_ASAP7_75t_R)
                                         clknet_1_1_0_clk (net)
                 23.30    6.29 5628.58 ^ clkbuf_2_3_0_clk/A (BUFx24_ASAP7_75t_R)
     2   11.24    9.74   22.13 5650.71 ^ clkbuf_2_3_0_clk/Y (BUFx24_ASAP7_75t_R)
                                         clknet_2_3_0_clk (net)
                 18.92    5.16 5655.87 ^ clkbuf_3_7_0_clk/A (BUFx24_ASAP7_75t_R)
     2   14.68   11.04   21.10 5676.97 ^ clkbuf_3_7_0_clk/Y (BUFx24_ASAP7_75t_R)
                                         clknet_3_7_0_clk (net)
                 23.25    6.41 5683.37 ^ clkbuf_4_14_0_clk/A (BUFx24_ASAP7_75t_R)
     4   19.85   14.81   23.45 5706.83 ^ clkbuf_4_14_0_clk/Y (BUFx24_ASAP7_75t_R)
                                         clknet_4_14_0_clk (net)
                 16.31    2.36 5709.18 ^ clkbuf_6_57_0_clk/A (BUFx24_ASAP7_75t_R)
     2    6.25    8.48   19.98 5729.17 ^ clkbuf_6_57_0_clk/Y (BUFx24_ASAP7_75t_R)
                                         clknet_6_57_0_clk (net)
                  8.78    0.91 5730.08 ^ clkbuf_7_114__f_clk/A (BUFx24_ASAP7_75t_R)
     5   15.42   12.41   18.94 5749.02 ^ clkbuf_7_114__f_clk/Y (BUFx24_ASAP7_75t_R)
                                         clknet_7_114__leaf_clk (net)
                 13.09    1.41 5750.43 ^ clkbuf_leaf_491_clk/A (BUFx24_ASAP7_75t_R)
    21   14.48   12.04   20.25 5770.67 ^ clkbuf_leaf_491_clk/Y (BUFx24_ASAP7_75t_R)
                                         clknet_leaf_491_clk (net)
                 13.10    1.80 5772.47 ^ _312547_/CLK (DFFHQNx1_ASAP7_75t_R)
                        -50.00 5722.47   clock uncertainty
                          2.19 5724.66   clock reconvergence pessimism
                         -0.87 5723.79   library setup time
                               5723.79   data required time
-----------------------------------------------------------------------------
                               5723.79   data required time
                               -6050.24   data arrival time
-----------------------------------------------------------------------------
                               -326.45   slack (VIOLATED)



==========================================================================
global route report_check_types -max_slew -max_cap -max_fanout -violators
--------------------------------------------------------------------------
max slew

Pin                                    Limit    Slew   Slack
------------------------------------------------------------
_261820_/B                            320.00  438.82 -118.82 (VIOLATED)
_261821_/A2                           320.00  438.77 -118.77 (VIOLATED)
_261900_/B                            320.00  438.32 -118.32 (VIOLATED)
_261901_/A2                           320.00  438.00 -118.00 (VIOLATED)
_261774_/B                            320.00  436.82 -116.82 (VIOLATED)
_261775_/A2                           320.00  436.69 -116.69 (VIOLATED)
_261771_/A2                           320.00  434.75 -114.75 (VIOLATED)
_261770_/B                            320.00  434.40 -114.40 (VIOLATED)
_261832_/B                            320.00  433.31 -113.31 (VIOLATED)
_261833_/A2                           320.00  433.28 -113.28 (VIOLATED)
_261834_/B                            320.00  427.79 -107.79 (VIOLATED)
_261837_/A2                           320.00  427.77 -107.77 (VIOLATED)
_261777_/B                            320.00  417.91  -97.91 (VIOLATED)
_261778_/A2                           320.00  417.91  -97.91 (VIOLATED)
_261895_/B                            320.00  411.45  -91.45 (VIOLATED)
_261896_/A2                           320.00  410.32  -90.32 (VIOLATED)
_229908_/A1                           320.00  406.19  -86.19 (VIOLATED)
_227985_/B                            320.00  406.14  -86.14 (VIOLATED)
_227968_/B                            320.00  405.98  -85.98 (VIOLATED)
_230850_/A1                           320.00  405.58  -85.58 (VIOLATED)
_228073_/A2                           320.00  405.15  -85.15 (VIOLATED)
_231230_/A1                           320.00  405.05  -85.05 (VIOLATED)
_228284_/A1                           320.00  404.99  -84.99 (VIOLATED)
_227908_/B                            320.00  404.82  -84.82 (VIOLATED)
_228163_/A1                           320.00  404.54  -84.54 (VIOLATED)
_227904_/B                            320.00  404.46  -84.46 (VIOLATED)
_231512_/A1                           320.00  404.41  -84.41 (VIOLATED)
_231500_/A1                           320.00  403.87  -83.87 (VIOLATED)
_228213_/A                            320.00  403.68  -83.68 (VIOLATED)
_228082_/B                            320.00  403.55  -83.55 (VIOLATED)
_228141_/A                            320.00  403.26  -83.26 (VIOLATED)
_228075_/A2                           320.00  402.90  -82.90 (VIOLATED)
_228086_/A2                           320.00  402.90  -82.90 (VIOLATED)
_261880_/A2                           320.00  402.26  -82.26 (VIOLATED)
_228084_/A2                           320.00  402.09  -82.09 (VIOLATED)
_227816_/B                            320.00  400.58  -80.58 (VIOLATED)
_231978_/A                            320.00  399.88  -79.88 (VIOLATED)
_227859_/A2                           320.00  399.85  -79.85 (VIOLATED)
_261879_/B                            320.00  399.63  -79.63 (VIOLATED)
_231968_/A                            320.00  397.91  -77.91 (VIOLATED)
_227857_/A2                           320.00  397.86  -77.86 (VIOLATED)
_239648_/A2                           320.00  397.86  -77.86 (VIOLATED)
_239504_/A2                           320.00  397.79  -77.79 (VIOLATED)
_283736_/A1                           320.00  397.69  -77.69 (VIOLATED)
_283732_/A1                           320.00  397.58  -77.58 (VIOLATED)
_231876_/A1                           320.00  396.41  -76.41 (VIOLATED)
_231875_/B                            320.00  396.14  -76.14 (VIOLATED)
_233389_/B                            320.00  395.66  -75.66 (VIOLATED)
_283728_/A1                           320.00  395.56  -75.56 (VIOLATED)
_283724_/A1                           320.00  395.51  -75.51 (VIOLATED)
_233344_/B                            320.00  395.44  -75.44 (VIOLATED)
_283748_/A1                           320.00  394.97  -74.97 (VIOLATED)
_283740_/A1                           320.00  394.83  -74.83 (VIOLATED)
_239330_/A2                           320.00  394.81  -74.81 (VIOLATED)
_239795_/A2                           320.00  394.62  -74.62 (VIOLATED)
_231874_/A1                           320.00  394.26  -74.26 (VIOLATED)
_231873_/B                            320.00  394.21  -74.21 (VIOLATED)
_231991_/A                            320.00  394.00  -74.00 (VIOLATED)
_232001_/A                            320.00  394.00  -74.00 (VIOLATED)
_261801_/A2                           320.00  393.80  -73.80 (VIOLATED)
_261800_/B                            320.00  393.79  -73.79 (VIOLATED)
_239348_/A2                           320.00  393.60  -73.60 (VIOLATED)
_283720_/A1                           320.00  393.56  -73.56 (VIOLATED)
_239043_/A2                           320.00  393.40  -73.40 (VIOLATED)
_232770_/C                            320.00  393.33  -73.33 (VIOLATED)
_231929_/A                            320.00  393.32  -73.32 (VIOLATED)
_283715_/A1                           320.00  393.21  -73.21 (VIOLATED)
_227872_/B                            320.00  392.46  -72.46 (VIOLATED)
_299838_/A2                           320.00  392.00  -72.00 (VIOLATED)
_300126_/A2                           320.00  391.99  -71.99 (VIOLATED)
_238899_/A2                           320.00  391.87  -71.87 (VIOLATED)
_300090_/A2                           320.00  391.83  -71.83 (VIOLATED)
_299398_/A2                           320.00  391.55  -71.55 (VIOLATED)
_299506_/A2                           320.00  390.91  -70.91 (VIOLATED)
_299542_/A2                           320.00  390.80  -70.80 (VIOLATED)
_289809_/A1                           320.00  390.59  -70.59 (VIOLATED)
_288711_/A1                           320.00  390.52  -70.52 (VIOLATED)
_289506_/A1                           320.00  390.50  -70.50 (VIOLATED)
_290270_/A1                           320.00  390.50  -70.50 (VIOLATED)
_238742_/A2                           320.00  390.42  -70.42 (VIOLATED)
_290723_/A1                           320.00  390.36  -70.36 (VIOLATED)
_290873_/A1                           320.00  390.35  -70.35 (VIOLATED)
_289959_/A1                           320.00  390.12  -70.12 (VIOLATED)
_299434_/A2                           320.00  389.94  -69.94 (VIOLATED)
_228243_/A1                           320.00  389.89  -69.89 (VIOLATED)
_283711_/A1                           320.00  389.83  -69.83 (VIOLATED)
_300018_/A2                           320.00  389.58  -69.58 (VIOLATED)
_290498_/A1                           320.00  389.53  -69.53 (VIOLATED)
_289734_/A1                           320.00  389.31  -69.31 (VIOLATED)
_290111_/A1                           320.00  389.30  -69.30 (VIOLATED)
_288457_/A                            320.00  389.04  -69.04 (VIOLATED)
_290648_/A1                           320.00  388.99  -68.99 (VIOLATED)
_288933_/A1                           320.00  388.90  -68.90 (VIOLATED)
_299283_/A2                           320.00  388.89  -68.89 (VIOLATED)
_289657_/A1                           320.00  388.75  -68.75 (VIOLATED)
_228093_/B                            320.00  388.67  -68.67 (VIOLATED)
_299245_/A2                           320.00  388.59  -68.59 (VIOLATED)
_290192_/A1                           320.00  388.22  -68.22 (VIOLATED)
_245259_/A1                           320.00  387.83  -67.83 (VIOLATED)
_245871_/A1                           320.00  387.82  -67.82 (VIOLATED)
_289582_/A1                           320.00  387.81  -67.81 (VIOLATED)
_245463_/A1                           320.00  387.80  -67.80 (VIOLATED)
_289350_/A1                           320.00  387.78  -67.78 (VIOLATED)
_238595_/A2                           320.00  387.64  -67.64 (VIOLATED)
_283706_/A1                           320.00  387.62  -67.62 (VIOLATED)
_231984_/A                            320.00  387.45  -67.45 (VIOLATED)
_231988_/B                            320.00  387.29  -67.29 (VIOLATED)
_245050_/A1                           320.00  387.11  -67.11 (VIOLATED)
_283701_/A1                           320.00  387.08  -67.08 (VIOLATED)
_261877_/B                            320.00  387.02  -67.02 (VIOLATED)
_244434_/A1                           320.00  386.89  -66.89 (VIOLATED)
_299321_/A2                           320.00  386.84  -66.84 (VIOLATED)
_231943_/A                            320.00  386.75  -66.75 (VIOLATED)
_244640_/A1                           320.00  386.44  -66.44 (VIOLATED)
_238447_/A2                           320.00  386.34  -66.34 (VIOLATED)
_231530_/A1                           320.00  386.18  -66.18 (VIOLATED)
_231995_/A                            320.00  385.97  -65.97 (VIOLATED)
_283697_/A1                           320.00  385.74  -65.74 (VIOLATED)
_299689_/A2                           320.00  385.67  -65.67 (VIOLATED)
_232063_/B                            320.00  385.67  -65.67 (VIOLATED)
_261878_/A2                           320.00  385.53  -65.53 (VIOLATED)
_228069_/A                            320.00  385.16  -65.16 (VIOLATED)
_228063_/B                            320.00  385.10  -65.10 (VIOLATED)
_290034_/A1                           320.00  385.09  -65.09 (VIOLATED)
_299578_/A2                           320.00  384.81  -64.81 (VIOLATED)
_232010_/B                            320.00  384.70  -64.70 (VIOLATED)
_238299_/A2                           320.00  384.21  -64.21 (VIOLATED)
_231963_/A                            320.00  383.63  -63.63 (VIOLATED)
_291023_/A1                           320.00  383.62  -63.62 (VIOLATED)
_228018_/A2                           320.00  383.17  -63.17 (VIOLATED)
_283688_/A1                           320.00  383.02  -63.02 (VIOLATED)
_228011_/A2                           320.00  383.01  -63.01 (VIOLATED)
_283693_/A1                           320.00  382.96  -62.96 (VIOLATED)
_299362_/A2                           320.00  382.93  -62.93 (VIOLATED)
_238150_/A2                           320.00  382.88  -62.88 (VIOLATED)
_228016_/A2                           320.00  382.73  -62.73 (VIOLATED)
_227798_/A                            320.00  382.64  -62.64 (VIOLATED)
_231938_/A                            320.00  382.48  -62.48 (VIOLATED)
_228013_/A2                           320.00  382.32  -62.32 (VIOLATED)
_228203_/B                            320.00  382.12  -62.12 (VIOLATED)
_299946_/A2                           320.00  382.08  -62.08 (VIOLATED)
_228008_/A2                           320.00  381.16  -61.16 (VIOLATED)
_238004_/A2                           320.00  381.09  -61.09 (VIOLATED)
_232022_/B                            320.00  381.07  -61.07 (VIOLATED)
_237707_/A2                           320.00  380.90  -60.90 (VIOLATED)
_283679_/A1                           320.00  380.82  -60.82 (VIOLATED)
_299766_/A2                           320.00  380.81  -60.81 (VIOLATED)
_237854_/A2                           320.00  380.73  -60.73 (VIOLATED)
_283684_/A1                           320.00  380.61  -60.61 (VIOLATED)
_261824_/A2                           320.00  380.55  -60.55 (VIOLATED)
_228006_/A2                           320.00  380.28  -60.28 (VIOLATED)
_261823_/B                            320.00  379.56  -59.56 (VIOLATED)
_227931_/B                            320.00  379.16  -59.16 (VIOLATED)
_227877_/A2                           320.00  378.95  -58.95 (VIOLATED)
_231319_/A1                           320.00  378.44  -58.44 (VIOLATED)
_283756_/A1                           320.00  378.21  -58.21 (VIOLATED)
_190710_/C                            320.00  378.00  -58.00 (VIOLATED)
_190670_/C                            320.00  377.90  -57.90 (VIOLATED)
_190618_/C                            320.00  377.74  -57.74 (VIOLATED)
_299910_/A2                           320.00  377.39  -57.39 (VIOLATED)
_190571_/C                            320.00  376.97  -56.97 (VIOLATED)
_227950_/B                            320.00  376.79  -56.79 (VIOLATED)
_190624_/C                            320.00  376.48  -56.48 (VIOLATED)
_240558_/A1                           320.00  376.44  -56.44 (VIOLATED)
_227875_/A2                           320.00  375.98  -55.98 (VIOLATED)
_299615_/A2                           320.00  375.90  -55.90 (VIOLATED)
_240517_/A2                           320.00  375.68  -55.68 (VIOLATED)
_232841_/A1                           320.00  375.47  -55.47 (VIOLATED)
_261237_/A1                           320.00  375.42  -55.42 (VIOLATED)
_184295_/A1                           320.00  375.35  -55.35 (VIOLATED)
_211540_/A1                           320.00  375.29  -55.29 (VIOLATED)
_299165_/A2                           320.00  375.22  -55.22 (VIOLATED)
_284063_/A1                           320.00  375.22  -55.22 (VIOLATED)
_191499_/A1                           320.00  375.05  -55.05 (VIOLATED)
_189337_/A1                           320.00  374.64  -54.64 (VIOLATED)
_232947_/A1                           320.00  374.59  -54.59 (VIOLATED)
_205422_/A1                           320.00  374.42  -54.42 (VIOLATED)
_228003_/A2                           320.00  374.42  -54.42 (VIOLATED)
_228001_/A2                           320.00  374.34  -54.34 (VIOLATED)
_190578_/C                            320.00  374.32  -54.32 (VIOLATED)
_216207_/A1                           320.00  374.28  -54.28 (VIOLATED)
_190664_/C                            320.00  374.02  -54.02 (VIOLATED)
_231916_/A                            320.00  374.01  -54.01 (VIOLATED)
_261786_/B                            320.00  373.83  -53.83 (VIOLATED)
_228314_/A                            320.00  372.89  -52.89 (VIOLATED)
_190677_/C                            320.00  372.83  -52.83 (VIOLATED)
_190611_/C                            320.00  372.74  -52.74 (VIOLATED)
_190703_/C                            320.00  372.45  -52.45 (VIOLATED)
_150336_/B                            320.00  371.96  -51.96 (VIOLATED)
_299470_/A2                           320.00  371.60  -51.60 (VIOLATED)
_150066_/B                            320.00  371.40  -51.40 (VIOLATED)
_190651_/C                            320.00  371.12  -51.12 (VIOLATED)
_289884_/A1                           320.00  370.98  -50.98 (VIOLATED)
_228172_/A                            320.00  370.97  -50.97 (VIOLATED)
_289269_/A1                           320.00  370.94  -50.94 (VIOLATED)
_149928_/B                            320.00  370.75  -50.75 (VIOLATED)
_150008_/B                            320.00  370.69  -50.69 (VIOLATED)
_203502_/A1                           320.00  370.61  -50.61 (VIOLATED)
_150346_/B                            320.00  370.54  -50.54 (VIOLATED)
_190605_/C                            320.00  370.48  -50.48 (VIOLATED)
_150046_/B                            320.00  370.31  -50.31 (VIOLATED)
_187759_/A                            320.00  370.27  -50.27 (VIOLATED)
_204464_/A1                           320.00  370.24  -50.24 (VIOLATED)
_152151_/A                            320.00  370.20  -50.20 (VIOLATED)
_261787_/A2                           320.00  370.16  -50.16 (VIOLATED)
_190585_/C                            320.00  370.13  -50.13 (VIOLATED)
_187733_/B2                           320.00  370.12  -50.12 (VIOLATED)
_283752_/A1                           320.00  370.04  -50.04 (VIOLATED)
_240244_/A2                           320.00  370.02  -50.02 (VIOLATED)
_152142_/C                            320.00  369.84  -49.84 (VIOLATED)
_192490_/A1                           320.00  369.58  -49.58 (VIOLATED)
_190644_/C                            320.00  369.55  -49.55 (VIOLATED)
_289188_/A1                           320.00  369.54  -49.54 (VIOLATED)
_151935_/A                            320.00  369.41  -49.41 (VIOLATED)
_208055_/B                            320.00  369.21  -49.21 (VIOLATED)
_242950_/A1                           320.00  369.18  -49.18 (VIOLATED)
_190525_/A                            320.00  368.95  -48.95 (VIOLATED)
_242733_/A1                           320.00  368.93  -48.93 (VIOLATED)
_243362_/A1                           320.00  368.85  -48.85 (VIOLATED)
_182286_/A1                           320.00  368.64  -48.64 (VIOLATED)
_298975_/A2                           320.00  368.54  -48.54 (VIOLATED)
_227831_/B                            320.00  368.47  -48.47 (VIOLATED)
_190159_/A2                           320.00  368.47  -48.47 (VIOLATED)
_247086_/A1                           320.00  368.23  -48.23 (VIOLATED)
_217164_/A1                           320.00  368.19  -48.19 (VIOLATED)
_207900_/A1                           320.00  368.08  -48.08 (VIOLATED)
_190523_/A1                           320.00  368.04  -48.04 (VIOLATED)
_262194_/A1                           320.00  368.01  -48.01 (VIOLATED)
_214132_/A1                           320.00  367.80  -47.80 (VIOLATED)
_207903_/A2                           320.00  367.62  -47.62 (VIOLATED)
_151948_/E                            320.00  367.56  -47.56 (VIOLATED)
_227836_/B                            320.00  367.25  -47.25 (VIOLATED)
_150416_/B                            320.00  367.18  -47.18 (VIOLATED)
_190716_/C                            320.00  367.07  -47.07 (VIOLATED)
_151646_/B                            320.00  366.98  -46.98 (VIOLATED)
_299874_/A2                           320.00  366.66  -46.66 (VIOLATED)
_228045_/B                            320.00  365.64  -45.64 (VIOLATED)
_190592_/C                            320.00  365.56  -45.56 (VIOLATED)
_190631_/C                            320.00  365.41  -45.41 (VIOLATED)
_283635_/A1                           320.00  365.34  -45.34 (VIOLATED)
_237067_/A2                           320.00  365.14  -45.14 (VIOLATED)
_190728_/C                            320.00  365.11  -45.11 (VIOLATED)
_283661_/A1                           320.00  365.11  -45.11 (VIOLATED)
_237559_/A2                           320.00  365.08  -45.08 (VIOLATED)
_151622_/B                            320.00  365.02  -45.02 (VIOLATED)
_283666_/A1                           320.00  364.98  -44.98 (VIOLATED)
_283675_/A1                           320.00  364.92  -44.92 (VIOLATED)
_207891_/A                            320.00  364.85  -44.85 (VIOLATED)
_237231_/A2                           320.00  364.68  -44.68 (VIOLATED)
_236898_/A2                           320.00  364.39  -44.39 (VIOLATED)
_283670_/A1                           320.00  364.33  -44.33 (VIOLATED)
_237380_/A2                           320.00  364.24  -44.24 (VIOLATED)
_174021_/A1                           320.00  364.15  -44.15 (VIOLATED)
_184292_/A1                           320.00  364.10  -44.10 (VIOLATED)
_232650_/A1                           320.00  364.07  -44.07 (VIOLATED)
_283656_/A1                           320.00  363.98  -43.98 (VIOLATED)
_228054_/B                            320.00  363.52  -43.52 (VIOLATED)
_261792_/A2                           320.00  363.18  -43.18 (VIOLATED)
_235546_/A2                           320.00  363.17  -43.17 (VIOLATED)
_261791_/B                            320.00  363.16  -43.16 (VIOLATED)
_235869_/A2                           320.00  363.11  -43.11 (VIOLATED)
_190684_/C                            320.00  363.02  -43.02 (VIOLATED)
_235846_/A2                           320.00  362.99  -42.99 (VIOLATED)
_299204_/A2                           320.00  362.65  -42.65 (VIOLATED)
_232005_/B                            320.00  362.57  -42.57 (VIOLATED)
_283630_/A1                           320.00  362.36  -42.36 (VIOLATED)
_190740_/C                            320.00  362.35  -42.35 (VIOLATED)
_190746_/C                            320.00  360.95  -40.95 (VIOLATED)
_283652_/A1                           320.00  360.94  -40.94 (VIOLATED)
_190742_/B                            320.00  360.90  -40.90 (VIOLATED)
_299982_/A2                           320.00  359.17  -39.17 (VIOLATED)
_300054_/A2                           320.00  359.11  -39.11 (VIOLATED)
_150386_/B                            320.00  358.64  -38.64 (VIOLATED)
_299125_/A2                           320.00  358.38  -38.38 (VIOLATED)
_261768_/B                            320.00  357.92  -37.92 (VIOLATED)
_261769_/A2                           320.00  357.91  -37.91 (VIOLATED)
_160775_/A                            320.00  357.58  -37.58 (VIOLATED)
_299080_/A2                           320.00  357.40  -37.40 (VIOLATED)
_161483_/A                            320.00  356.50  -36.50 (VIOLATED)
_241665_/A1                           320.00  356.15  -36.15 (VIOLATED)
_241251_/A1                           320.00  356.12  -36.12 (VIOLATED)
_177156_/B                            320.00  356.05  -36.05 (VIOLATED)
_177152_/B                            320.00  355.99  -35.99 (VIOLATED)
_177158_/B                            320.00  355.94  -35.94 (VIOLATED)
_241031_/A1                           320.00  355.92  -35.92 (VIOLATED)
_177154_/B                            320.00  355.86  -35.86 (VIOLATED)
_177148_/B                            320.00  355.84  -35.84 (VIOLATED)
_177150_/B                            320.00  355.72  -35.72 (VIOLATED)
_177146_/B                            320.00  355.28  -35.28 (VIOLATED)
_232017_/B                            320.00  355.08  -35.08 (VIOLATED)
_236736_/A2                           320.00  355.04  -35.04 (VIOLATED)
_177144_/B                            320.00  355.02  -35.02 (VIOLATED)
_177138_/B                            320.00  354.25  -34.25 (VIOLATED)
_182614_/A1                           320.00  354.22  -34.22 (VIOLATED)
_159375_/A                            320.00  354.20  -34.20 (VIOLATED)
_177136_/B                            320.00  354.12  -34.12 (VIOLATED)
_177142_/B                            320.00  352.85  -32.85 (VIOLATED)
_177140_/B                            320.00  351.87  -31.87 (VIOLATED)
_258262_/B1                           320.00  351.82  -31.82 (VIOLATED)
_257796_/B1                           320.00  351.64  -31.64 (VIOLATED)
_150258_/B                            320.00  351.40  -31.40 (VIOLATED)
_242077_/A1                           320.00  351.15  -31.15 (VIOLATED)
_283644_/A1                           320.00  350.95  -30.95 (VIOLATED)
_258119_/B1                           320.00  350.89  -30.89 (VIOLATED)
_261772_/B                            320.00  350.85  -30.85 (VIOLATED)
_261782_/B                            320.00  350.77  -30.77 (VIOLATED)
_261773_/A2                           320.00  350.74  -30.74 (VIOLATED)
_261783_/A2                           320.00  350.71  -30.71 (VIOLATED)
_240873_/B                            320.00  350.68  -30.68 (VIOLATED)
_240956_/B                            320.00  350.49  -30.49 (VIOLATED)
_240953_/B                            320.00  350.45  -30.45 (VIOLATED)
_182611_/A1                           320.00  350.32  -30.32 (VIOLATED)
_240876_/B                            320.00  350.25  -30.25 (VIOLATED)
_258306_/B1                           320.00  349.78  -29.78 (VIOLATED)
_240949_/B                            320.00  349.59  -29.59 (VIOLATED)
_258159_/B1                           320.00  349.26  -29.26 (VIOLATED)
_258256_/B1                           320.00  348.98  -28.98 (VIOLATED)
_243342_/A1                           320.00  348.59  -28.59 (VIOLATED)
_242930_/A1                           320.00  348.58  -28.58 (VIOLATED)
_242712_/A1                           320.00  348.42  -28.42 (VIOLATED)
_258292_/B1                           320.00  348.30  -28.30 (VIOLATED)
_240945_/B                            320.00  348.26  -28.26 (VIOLATED)
_240866_/B                            320.00  347.98  -27.98 (VIOLATED)
_257798_/B1                           320.00  347.97  -27.97 (VIOLATED)
_258112_/B1                           320.00  347.86  -27.86 (VIOLATED)
_258104_/B1                           320.00  347.66  -27.66 (VIOLATED)
_241872_/A1                           320.00  347.62  -27.62 (VIOLATED)
_261828_/B                            320.00  347.61  -27.61 (VIOLATED)
_258300_/B1                           320.00  347.47  -27.47 (VIOLATED)
_258311_/B1                           320.00  347.14  -27.14 (VIOLATED)
_245030_/A1                           320.00  346.93  -26.93 (VIOLATED)
_240940_/B                            320.00  346.88  -26.88 (VIOLATED)
_258302_/B1                           320.00  346.79  -26.79 (VIOLATED)
_202394_/C                            320.00  346.78  -26.78 (VIOLATED)
_202499_/C                            320.00  346.77  -26.77 (VIOLATED)
_202430_/C                            320.00  346.69  -26.69 (VIOLATED)
_261829_/A2                           320.00  346.67  -26.67 (VIOLATED)
_202476_/C                            320.00  346.52  -26.52 (VIOLATED)
_258273_/B1                           320.00  346.45  -26.45 (VIOLATED)
_298899_/A2                           320.00  346.27  -26.27 (VIOLATED)
_202362_/C                            320.00  346.26  -26.26 (VIOLATED)
_261780_/A2                           320.00  346.16  -26.16 (VIOLATED)
_261779_/B                            320.00  346.12  -26.12 (VIOLATED)
_244414_/A1                           320.00  346.07  -26.07 (VIOLATED)
_190564_/C                            320.00  345.85  -25.85 (VIOLATED)
_258155_/B1                           320.00  345.75  -25.75 (VIOLATED)
_150230_/B                            320.00  345.72  -25.72 (VIOLATED)
_240951_/B                            320.00  345.70  -25.70 (VIOLATED)
_293544_/B                            320.00  345.60  -25.60 (VIOLATED)
_231869_/B                            320.00  345.51  -25.51 (VIOLATED)
_244620_/A1                           320.00  345.34  -25.34 (VIOLATED)
_202518_/C                            320.00  345.31  -25.31 (VIOLATED)
_293915_/A1                           320.00  345.00  -25.00 (VIOLATED)
_293982_/C                            320.00  344.85  -24.85 (VIOLATED)
_294034_/B                            320.00  344.83  -24.83 (VIOLATED)
_236333_/A2                           320.00  344.81  -24.81 (VIOLATED)
_293984_/A1                           320.00  344.72  -24.72 (VIOLATED)
_245851_/A1                           320.00  344.61  -24.61 (VIOLATED)
_258277_/B1                           320.00  344.30  -24.30 (VIOLATED)
_294048_/A1                           320.00  344.26  -24.26 (VIOLATED)
_294050_/C                            320.00  344.25  -24.25 (VIOLATED)
_299651_/A2                           320.00  344.05  -24.05 (VIOLATED)
_202555_/C                            320.00  344.00  -24.00 (VIOLATED)
_202413_/C                            320.00  343.99  -23.99 (VIOLATED)
_202511_/C                            320.00  343.96  -23.96 (VIOLATED)
_202543_/C                            320.00  343.77  -23.77 (VIOLATED)
_202457_/C                            320.00  343.72  -23.72 (VIOLATED)
_257833_/B                            320.00  343.54  -23.54 (VIOLATED)
_150022_/B                            320.00  343.41  -23.41 (VIOLATED)
_202482_/C                            320.00  343.41  -23.41 (VIOLATED)
_245237_/A1                           320.00  343.38  -23.38 (VIOLATED)
_231870_/A1                           320.00  343.36  -23.36 (VIOLATED)
_294026_/C                            320.00  343.30  -23.30 (VIOLATED)
_177122_/B                            320.00  343.29  -23.29 (VIOLATED)
_202525_/C                            320.00  343.28  -23.28 (VIOLATED)
_202537_/C                            320.00  343.24  -23.24 (VIOLATED)
_202368_/C                            320.00  343.20  -23.20 (VIOLATED)
_202381_/C                            320.00  343.20  -23.20 (VIOLATED)
_202374_/C                            320.00  343.13  -23.13 (VIOLATED)
_240938_/B                            320.00  343.09  -23.09 (VIOLATED)
_258031_/B1                           320.00  342.86  -22.86 (VIOLATED)
_202505_/C                            320.00  342.77  -22.77 (VIOLATED)
_202442_/C                            320.00  342.69  -22.69 (VIOLATED)
_177120_/B                            320.00  342.66  -22.66 (VIOLATED)
_202470_/C                            320.00  342.57  -22.57 (VIOLATED)
_150075_/B                            320.00  342.57  -22.57 (VIOLATED)
_202388_/C                            320.00  342.54  -22.54 (VIOLATED)
_293956_/C                            320.00  342.47  -22.47 (VIOLATED)
_242494_/A1                           320.00  342.47  -22.47 (VIOLATED)
_245443_/A1                           320.00  342.47  -22.47 (VIOLATED)
_258147_/B1                           320.00  342.26  -22.26 (VIOLATED)
_293968_/C                            320.00  342.12  -22.12 (VIOLATED)
_236100_/A2                           320.00  341.87  -21.87 (VIOLATED)
_202407_/C                            320.00  341.84  -21.84 (VIOLATED)
_202561_/C                            320.00  341.74  -21.74 (VIOLATED)
_258115_/B1                           320.00  341.62  -21.62 (VIOLATED)
_150325_/B                            320.00  341.51  -21.51 (VIOLATED)
_258279_/B1                           320.00  341.22  -21.22 (VIOLATED)
_202463_/C                            320.00  340.93  -20.93 (VIOLATED)
_299802_/A2                           320.00  340.92  -20.92 (VIOLATED)
_202436_/C                            320.00  340.81  -20.81 (VIOLATED)
_293923_/C                            320.00  340.67  -20.67 (VIOLATED)
_231972_/B                            320.00  340.52  -20.52 (VIOLATED)
_219560_/A3                           320.00  340.28  -20.28 (VIOLATED)
_219554_/A3                           320.00  340.22  -20.22 (VIOLATED)
_219549_/A3                           320.00  340.15  -20.15 (VIOLATED)
_219543_/A3                           320.00  340.10  -20.10 (VIOLATED)
_293845_/A                            320.00  340.07  -20.07 (VIOLATED)
_150041_/B                            320.00  340.06  -20.06 (VIOLATED)
_202490_/C                            320.00  339.98  -19.98 (VIOLATED)
_202450_/C                            320.00  339.92  -19.92 (VIOLATED)
_202531_/C                            320.00  339.91  -19.91 (VIOLATED)
_219538_/A3                           320.00  339.89  -19.89 (VIOLATED)
_219533_/A3                           320.00  339.87  -19.87 (VIOLATED)
_232689_/A1                           320.00  339.82  -19.82 (VIOLATED)
_299032_/A2                           320.00  339.72  -19.72 (VIOLATED)
_149793_/B                            320.00  339.71  -19.71 (VIOLATED)
_219527_/A3                           320.00  339.63  -19.63 (VIOLATED)
_150362_/B                            320.00  339.61  -19.61 (VIOLATED)
_202401_/C                            320.00  339.52  -19.52 (VIOLATED)
_202549_/C                            320.00  339.52  -19.52 (VIOLATED)
_202421_/C                            320.00  339.52  -19.52 (VIOLATED)
_202567_/C                            320.00  339.50  -19.50 (VIOLATED)
_202360_/Y                            320.00  339.46  -19.46 (VIOLATED)
_258157_/B1                           320.00  339.44  -19.44 (VIOLATED)
_219522_/A3                           320.00  339.17  -19.17 (VIOLATED)
_245868_/A1                           320.00  339.16  -19.16 (VIOLATED)
_177124_/B                            320.00  339.05  -19.05 (VIOLATED)
_219499_/C                            320.00  339.04  -19.04 (VIOLATED)
_245460_/A1                           320.00  338.96  -18.96 (VIOLATED)
_245256_/A1                           320.00  338.92  -18.92 (VIOLATED)
_283639_/A1                           320.00  338.86  -18.86 (VIOLATED)
_293823_/C                            320.00  338.78  -18.78 (VIOLATED)
_219567_/A3                           320.00  338.71  -18.71 (VIOLATED)
_219573_/A3                           320.00  338.67  -18.67 (VIOLATED)
_299730_/A2                           320.00  338.59  -18.59 (VIOLATED)
_219578_/A3                           320.00  338.50  -18.50 (VIOLATED)
_219509_/A3                           320.00  338.42  -18.42 (VIOLATED)
_258095_/B1                           320.00  338.39  -18.39 (VIOLATED)
_219583_/A3                           320.00  338.32  -18.32 (VIOLATED)
_294017_/C                            320.00  338.28  -18.28 (VIOLATED)
_293945_/A                            320.00  338.25  -18.25 (VIOLATED)
_293946_/A1                           320.00  338.24  -18.24 (VIOLATED)
_244132_/B                            320.00  338.24  -18.24 (VIOLATED)
_244135_/B                            320.00  338.21  -18.21 (VIOLATED)
_219517_/A3                           320.00  338.13  -18.13 (VIOLATED)
_219589_/A3                           320.00  338.10  -18.10 (VIOLATED)
_177126_/B                            320.00  338.10  -18.10 (VIOLATED)
_177128_/B                            320.00  338.01  -18.01 (VIOLATED)
_177130_/B                            320.00  338.01  -18.01 (VIOLATED)
_244142_/B                            320.00  338.01  -18.01 (VIOLATED)
_258284_/B1                           320.00  337.96  -17.96 (VIOLATED)
_294010_/B                            320.00  337.88  -17.88 (VIOLATED)
_258304_/B1                           320.00  337.85  -17.85 (VIOLATED)
_294067_/A1                           320.00  337.83  -17.83 (VIOLATED)
_245250_/A1                           320.00  337.82  -17.82 (VIOLATED)
_219594_/A3                           320.00  337.79  -17.79 (VIOLATED)
_258268_/B1                           320.00  337.70  -17.70 (VIOLATED)
_293995_/A1                           320.00  337.64  -17.64 (VIOLATED)
_219599_/A3                           320.00  337.50  -17.50 (VIOLATED)
_177160_/B                            320.00  337.47  -17.47 (VIOLATED)
_177162_/B                            320.00  337.43  -17.43 (VIOLATED)
_219605_/A3                           320.00  337.26  -17.26 (VIOLATED)
_245454_/A1                           320.00  337.21  -17.21 (VIOLATED)
_177118_/B                            320.00  337.17  -17.17 (VIOLATED)
_244148_/B                            320.00  337.17  -17.17 (VIOLATED)
_293885_/C                            320.00  337.12  -17.12 (VIOLATED)
_187652_/C                            320.00  337.07  -17.07 (VIOLATED)
_177922_/A2                           320.00  337.05  -17.05 (VIOLATED)
_290347_/A1                           320.00  337.04  -17.04 (VIOLATED)
_177134_/B                            320.00  337.01  -17.01 (VIOLATED)
_219611_/A3                           320.00  336.99  -16.99 (VIOLATED)
_177132_/B                            320.00  336.87  -16.87 (VIOLATED)
_293807_/A1                           320.00  336.84  -16.84 (VIOLATED)
_240943_/B                            320.00  336.71  -16.71 (VIOLATED)
_167063_/A1                           320.00  336.69  -16.69 (VIOLATED)
_219663_/A3                           320.00  336.68  -16.68 (VIOLATED)
_177116_/B                            320.00  336.63  -16.63 (VIOLATED)
_244126_/B                            320.00  336.62  -16.62 (VIOLATED)
_219617_/A3                           320.00  336.53  -16.53 (VIOLATED)
_219711_/C                            320.00  336.46  -16.46 (VIOLATED)
_219658_/A3                           320.00  336.42  -16.42 (VIOLATED)
_166127_/A1                           320.00  336.34  -16.34 (VIOLATED)
_219622_/A3                           320.00  336.08  -16.08 (VIOLATED)
_244129_/B                            320.00  336.07  -16.07 (VIOLATED)
_288820_/A1                           320.00  336.06  -16.06 (VIOLATED)
_245866_/A1                           320.00  336.06  -16.06 (VIOLATED)
_219627_/A3                           320.00  335.90  -15.90 (VIOLATED)
_219653_/A3                           320.00  335.90  -15.90 (VIOLATED)
_231910_/A                            320.00  335.74  -15.74 (VIOLATED)
_219632_/A3                           320.00  335.65  -15.65 (VIOLATED)
_150410_/B                            320.00  335.58  -15.58 (VIOLATED)
_178103_/B                            320.00  335.48  -15.48 (VIOLATED)
_245254_/A1                           320.00  335.39  -15.39 (VIOLATED)
_219648_/A3                           320.00  335.29  -15.29 (VIOLATED)
_178105_/B                            320.00  335.21  -15.21 (VIOLATED)
_290798_/A1                           320.00  335.10  -15.10 (VIOLATED)
_167653_/A1                           320.00  335.01  -15.01 (VIOLATED)
_165772_/A1                           320.00  334.96  -14.96 (VIOLATED)
_243893_/B                            320.00  334.94  -14.94 (VIOLATED)
_243899_/B                            320.00  334.94  -14.94 (VIOLATED)
_219637_/A3                           320.00  334.87  -14.87 (VIOLATED)
_243895_/B                            320.00  334.81  -14.81 (VIOLATED)
_178116_/B                            320.00  334.73  -14.73 (VIOLATED)
_219643_/A3                           320.00  334.67  -14.67 (VIOLATED)
_232821_/A1                           320.00  334.52  -14.52 (VIOLATED)
_218184_/A1                           320.00  334.51  -14.51 (VIOLATED)
_217948_/A1                           320.00  334.48  -14.48 (VIOLATED)
_245466_/A1                           320.00  334.47  -14.47 (VIOLATED)
_178133_/B                            320.00  334.42  -14.42 (VIOLATED)
_245874_/A1                           320.00  334.39  -14.39 (VIOLATED)
_178135_/B                            320.00  334.38  -14.38 (VIOLATED)
_178125_/B                            320.00  334.34  -14.34 (VIOLATED)
_217979_/A1                           320.00  334.29  -14.29 (VIOLATED)
_178127_/B                            320.00  334.25  -14.25 (VIOLATED)
_217984_/A1                           320.00  334.22  -14.22 (VIOLATED)
_218234_/A1                           320.00  334.22  -14.22 (VIOLATED)
_178090_/B                            320.00  334.21  -14.21 (VIOLATED)
_245261_/A1                           320.00  334.17  -14.17 (VIOLATED)
_218243_/A1                           320.00  334.17  -14.17 (VIOLATED)
_218238_/A1                           320.00  334.17  -14.17 (VIOLATED)
_217977_/A1                           320.00  334.16  -14.16 (VIOLATED)
_240947_/B                            320.00  334.15  -14.15 (VIOLATED)
_218223_/A1                           320.00  334.13  -14.13 (VIOLATED)
_217970_/A1                           320.00  334.13  -14.13 (VIOLATED)
_166038_/A1                           320.00  334.01  -14.01 (VIOLATED)
_298730_/B                            320.00  334.01  -14.01 (VIOLATED)
_218207_/A1                           320.00  333.96  -13.96 (VIOLATED)
_178265_/A                            320.00  333.94  -13.94 (VIOLATED)
_243365_/A1                           320.00  333.93  -13.93 (VIOLATED)
_218245_/A1                           320.00  333.93  -13.93 (VIOLATED)
_184848_/A1                           320.00  333.92  -13.92 (VIOLATED)
_245458_/A1                           320.00  333.92  -13.92 (VIOLATED)
_242736_/A1                           320.00  333.88  -13.88 (VIOLATED)
_178119_/B                            320.00  333.86  -13.86 (VIOLATED)
_243904_/B                            320.00  333.86  -13.86 (VIOLATED)
_217985_/A1                           320.00  333.80  -13.80 (VIOLATED)
_185305_/A                            320.00  333.80  -13.80 (VIOLATED)
_217961_/A1                           320.00  333.79  -13.79 (VIOLATED)
_244151_/B                            320.00  333.78  -13.78 (VIOLATED)
_217978_/A1                           320.00  333.77  -13.77 (VIOLATED)
_242953_/A1                           320.00  333.74  -13.74 (VIOLATED)
_187328_/A1                           320.00  333.72  -13.72 (VIOLATED)
_150072_/B                            320.00  333.71  -13.71 (VIOLATED)
_150015_/B                            320.00  333.71  -13.71 (VIOLATED)
_165679_/A1                           320.00  333.67  -13.67 (VIOLATED)
_293796_/B                            320.00  333.59  -13.59 (VIOLATED)
_218236_/A1                           320.00  333.58  -13.58 (VIOLATED)
_243376_/A1                           320.00  333.58  -13.58 (VIOLATED)
_242965_/A1                           320.00  333.57  -13.57 (VIOLATED)
_178107_/B                            320.00  333.55  -13.55 (VIOLATED)
_232928_/A1                           320.00  333.51  -13.51 (VIOLATED)
_184569_/A                            320.00  333.48  -13.48 (VIOLATED)
_241851_/A1                           320.00  333.47  -13.47 (VIOLATED)
_150318_/B                            320.00  333.46  -13.46 (VIOLATED)
_245587_/B                            320.00  333.42  -13.42 (VIOLATED)
_242057_/A1                           320.00  333.42  -13.42 (VIOLATED)
_178110_/B                            320.00  333.42  -13.42 (VIOLATED)
_243690_/B                            320.00  333.41  -13.41 (VIOLATED)
_185129_/A                            320.00  333.37  -13.37 (VIOLATED)
_150035_/B                            320.00  333.37  -13.37 (VIOLATED)
_242474_/A1                           320.00  333.34  -13.34 (VIOLATED)
_178093_/B                            320.00  333.33  -13.33 (VIOLATED)
_232844_/A1                           320.00  333.33  -13.33 (VIOLATED)
_242748_/A1                           320.00  333.31  -13.31 (VIOLATED)
_150063_/B                            320.00  333.28  -13.28 (VIOLATED)
_240578_/A1                           320.00  333.27  -13.27 (VIOLATED)
_261165_/B                            320.00  333.27  -13.27 (VIOLATED)
_243688_/B                            320.00  333.24  -13.24 (VIOLATED)
_227711_/A                            320.00  333.24  -13.24 (VIOLATED)
_245579_/B                            320.00  333.23  -13.23 (VIOLATED)
_261112_/B                            320.00  333.21  -13.21 (VIOLATED)
_218241_/A1                           320.00  333.21  -13.21 (VIOLATED)
_217982_/A1                           320.00  333.18  -13.18 (VIOLATED)
_241010_/A1                           320.00  333.17  -13.17 (VIOLATED)
_243479_/B                            320.00  333.15  -13.15 (VIOLATED)
_243694_/B                            320.00  333.14  -13.14 (VIOLATED)
_245583_/B                            320.00  333.14  -13.14 (VIOLATED)
_261209_/B                            320.00  333.13  -13.13 (VIOLATED)
_290573_/A1                           320.00  333.13  -13.13 (VIOLATED)
_290423_/A1                           320.00  333.13  -13.13 (VIOLATED)
_150012_/B                            320.00  333.12  -13.12 (VIOLATED)
_243481_/B                            320.00  333.12  -13.12 (VIOLATED)
_232622_/A1                           320.00  333.11  -13.11 (VIOLATED)
_243485_/B                            320.00  333.09  -13.09 (VIOLATED)
_178086_/B                            320.00  333.04  -13.04 (VIOLATED)
_178088_/B                            320.00  333.01  -13.01 (VIOLATED)
_150332_/B                            320.00  332.99  -12.99 (VIOLATED)
_261033_/A                            320.00  332.97  -12.97 (VIOLATED)
_166983_/A1                           320.00  332.94  -12.94 (VIOLATED)
_243889_/B                            320.00  332.91  -12.91 (VIOLATED)
_185003_/B                            320.00  332.81  -12.81 (VIOLATED)
_149834_/B                            320.00  332.81  -12.81 (VIOLATED)
_243698_/B                            320.00  332.77  -12.77 (VIOLATED)
_150036_/B                            320.00  332.65  -12.65 (VIOLATED)
_218239_/A1                           320.00  332.63  -12.63 (VIOLATED)
_240555_/A1                           320.00  332.62  -12.62 (VIOLATED)
_245581_/B                            320.00  332.59  -12.59 (VIOLATED)
_243684_/B                            320.00  332.59  -12.59 (VIOLATED)
_243902_/B                            320.00  332.58  -12.58 (VIOLATED)
_261157_/B                            320.00  332.57  -12.57 (VIOLATED)
_295716_/C                            320.00  332.52  -12.52 (VIOLATED)
_295001_/C                            320.00  332.46  -12.46 (VIOLATED)
_296484_/C                            320.00  332.41  -12.41 (VIOLATED)
_241230_/A1                           320.00  332.40  -12.40 (VIOLATED)
_232646_/A1                           320.00  332.40  -12.40 (VIOLATED)
_261119_/B                            320.00  332.34  -12.34 (VIOLATED)
_294806_/C                            320.00  332.31  -12.31 (VIOLATED)
_296712_/C                            320.00  332.27  -12.27 (VIOLATED)
_243891_/B                            320.00  332.24  -12.24 (VIOLATED)
_295322_/C                            320.00  332.21  -12.21 (VIOLATED)
_297090_/C                            320.00  332.21  -12.21 (VIOLATED)
_150366_/B                            320.00  332.19  -12.19 (VIOLATED)
_297013_/C                            320.00  332.15  -12.15 (VIOLATED)
_296862_/C                            320.00  332.14  -12.14 (VIOLATED)
_149904_/B                            320.00  331.88  -11.88 (VIOLATED)
_150389_/B                            320.00  331.87  -11.87 (VIOLATED)
_243477_/B                            320.00  331.87  -11.87 (VIOLATED)
_245585_/B                            320.00  331.85  -11.85 (VIOLATED)
_244433_/A1                           320.00  331.85  -11.85 (VIOLATED)
_219760_/B2                           320.00  331.85  -11.85 (VIOLATED)
_295244_/C                            320.00  331.78  -11.78 (VIOLATED)
_293856_/C                            320.00  331.77  -11.77 (VIOLATED)
_244437_/A1                           320.00  331.75  -11.75 (VIOLATED)
_289025_/A1                           320.00  331.74  -11.74 (VIOLATED)
_295791_/C                            320.00  331.70  -11.70 (VIOLATED)
_150077_/B                            320.00  331.65  -11.65 (VIOLATED)
_243489_/B                            320.00  331.64  -11.64 (VIOLATED)
_295868_/C                            320.00  331.63  -11.63 (VIOLATED)
_245053_/A1                           320.00  331.62  -11.62 (VIOLATED)
_295563_/C                            320.00  331.58  -11.58 (VIOLATED)
_150079_/B                            320.00  331.55  -11.55 (VIOLATED)
_243686_/B                            320.00  331.54  -11.54 (VIOLATED)
_185492_/B                            320.00  331.47  -11.47 (VIOLATED)
_244643_/A1                           320.00  331.45  -11.45 (VIOLATED)
_150364_/B                            320.00  331.42  -11.42 (VIOLATED)
_244431_/A1                           320.00  331.39  -11.39 (VIOLATED)
_150319_/B                            320.00  331.38  -11.38 (VIOLATED)
_241644_/A1                           320.00  331.31  -11.31 (VIOLATED)
_245591_/B                            320.00  331.31  -11.31 (VIOLATED)
_232951_/A1                           320.00  331.29  -11.29 (VIOLATED)
_261203_/B                            320.00  331.28  -11.28 (VIOLATED)
_150323_/B                            320.00  331.22  -11.22 (VIOLATED)
_186138_/B                            320.00  331.22  -11.22 (VIOLATED)
_150414_/B                            320.00  331.21  -11.21 (VIOLATED)
_243696_/B                            320.00  331.17  -11.17 (VIOLATED)
_219753_/B3                           320.00  331.14  -11.14 (VIOLATED)
_165860_/A1                           320.00  331.09  -11.09 (VIOLATED)
_244153_/B                            320.00  331.08  -11.08 (VIOLATED)
_218211_/A1                           320.00  330.96  -10.96 (VIOLATED)
_217964_/A1                           320.00  330.96  -10.96 (VIOLATED)
_293868_/C                            320.00  330.92  -10.92 (VIOLATED)
_296019_/C                            320.00  330.91  -10.91 (VIOLATED)
_244636_/A1                           320.00  330.90  -10.90 (VIOLATED)
_243908_/B                            320.00  330.86  -10.86 (VIOLATED)
_243483_/B                            320.00  330.83  -10.83 (VIOLATED)
_217971_/A1                           320.00  330.82  -10.82 (VIOLATED)
_218226_/A1                           320.00  330.80  -10.80 (VIOLATED)
_217972_/A1                           320.00  330.74  -10.74 (VIOLATED)
_150298_/B                            320.00  330.73  -10.73 (VIOLATED)
_218228_/A1                           320.00  330.72  -10.72 (VIOLATED)
_296333_/C                            320.00  330.69  -10.69 (VIOLATED)
_296937_/C                            320.00  330.65  -10.65 (VIOLATED)
_187339_/A                            320.00  330.56  -10.56 (VIOLATED)
_218232_/A1                           320.00  330.54  -10.54 (VIOLATED)
_217975_/A1                           320.00  330.46  -10.46 (VIOLATED)
_178101_/B                            320.00  330.44  -10.44 (VIOLATED)
_245273_/A1                           320.00  330.43  -10.43 (VIOLATED)
_243703_/B                            320.00  330.42  -10.42 (VIOLATED)
_245886_/A1                           320.00  330.26  -10.26 (VIOLATED)
_245478_/A1                           320.00  330.24  -10.24 (VIOLATED)
_187342_/A1                           320.00  330.19  -10.19 (VIOLATED)
_244654_/A1                           320.00  330.08  -10.08 (VIOLATED)
_218230_/A1                           320.00  330.08  -10.08 (VIOLATED)
_245595_/B                            320.00  330.04  -10.04 (VIOLATED)
_217974_/A1                           320.00  330.01  -10.01 (VIOLATED)
_244449_/A1                           320.00  330.00  -10.00 (VIOLATED)
_167149_/A1                           320.00  329.99   -9.99 (VIOLATED)
_244145_/B                            320.00  329.94   -9.94 (VIOLATED)
_178099_/B                            320.00  329.84   -9.84 (VIOLATED)
_244139_/B                            320.00  329.80   -9.80 (VIOLATED)
_244630_/A1                           320.00  329.78   -9.78 (VIOLATED)
_258082_/B1                           320.00  329.69   -9.69 (VIOLATED)
_150020_/B                            320.00  329.59   -9.59 (VIOLATED)
_150351_/B                            320.00  329.55   -9.55 (VIOLATED)
_219496_/A                            320.00  329.53   -9.53 (VIOLATED)
_218558_/A                            320.00  329.51   -9.51 (VIOLATED)
_217981_/A1                           320.00  329.50   -9.50 (VIOLATED)
_150016_/B                            320.00  329.44   -9.44 (VIOLATED)
_243701_/B                            320.00  329.39   -9.39 (VIOLATED)
_200108_/B                            320.00  329.32   -9.32 (VIOLATED)
_167320_/A1                           320.00  329.25   -9.25 (VIOLATED)
_150081_/B                            320.00  329.21   -9.21 (VIOLATED)
_219656_/A                            320.00  329.14   -9.14 (VIOLATED)
_150005_/B                            320.00  329.12   -9.12 (VIOLATED)
_261131_/B                            320.00  328.97   -8.97 (VIOLATED)
_149864_/B                            320.00  328.97   -8.97 (VIOLATED)
_219646_/A                            320.00  328.84   -8.84 (VIOLATED)
_243906_/B                            320.00  328.81   -8.81 (VIOLATED)
_150344_/B                            320.00  328.79   -8.79 (VIOLATED)
_243692_/B                            320.00  328.76   -8.76 (VIOLATED)
_290948_/A1                           320.00  328.74   -8.74 (VIOLATED)
_288524_/A1                           320.00  328.69   -8.69 (VIOLATED)
_288591_/A1                           320.00  328.63   -8.63 (VIOLATED)
_149850_/B                            320.00  328.62   -8.62 (VIOLATED)
_150338_/B                            320.00  328.58   -8.58 (VIOLATED)
_153910_/A                            320.00  328.56   -8.56 (VIOLATED)
_150044_/B                            320.00  328.54   -8.54 (VIOLATED)
_243487_/B                            320.00  328.54   -8.54 (VIOLATED)
_199946_/B                            320.00  328.50   -8.50 (VIOLATED)
_293716_/A                            320.00  328.36   -8.36 (VIOLATED)
_245589_/B                            320.00  328.36   -8.36 (VIOLATED)
_165405_/A1                           320.00  328.35   -8.35 (VIOLATED)
_184500_/A                            320.00  328.29   -8.29 (VIOLATED)
_150048_/B                            320.00  328.28   -8.28 (VIOLATED)
_219635_/A                            320.00  328.27   -8.27 (VIOLATED)
_296560_/C                            320.00  328.26   -8.26 (VIOLATED)
_184485_/A                            320.00  328.22   -8.22 (VIOLATED)
_150417_/B                            320.00  328.21   -8.21 (VIOLATED)
_178097_/B                            320.00  328.20   -8.20 (VIOLATED)
_150027_/B                            320.00  327.79   -7.79 (VIOLATED)
_150280_/B                            320.00  327.79   -7.79 (VIOLATED)
_293700_/A                            320.00  327.78   -7.78 (VIOLATED)
_214919_/C                            320.00  327.67   -7.67 (VIOLATED)
_214925_/C                            320.00  327.63   -7.63 (VIOLATED)
_217986_/A1                           320.00  327.62   -7.62 (VIOLATED)
_245176_/B                            320.00  327.59   -7.59 (VIOLATED)
_243493_/B                            320.00  327.58   -7.58 (VIOLATED)
_150047_/B                            320.00  327.58   -7.58 (VIOLATED)
_245064_/A1                           320.00  327.55   -7.55 (VIOLATED)
_218247_/A1                           320.00  327.54   -7.54 (VIOLATED)
_245180_/B                            320.00  327.48   -7.48 (VIOLATED)
_214917_/C                            320.00  327.46   -7.46 (VIOLATED)
_243897_/B                            320.00  327.40   -7.40 (VIOLATED)
_244067_/B                            320.00  327.38   -7.38 (VIOLATED)
_216643_/C                            320.00  327.33   -7.33 (VIOLATED)
_245182_/B                            320.00  327.26   -7.26 (VIOLATED)
_200065_/B                            320.00  327.24   -7.24 (VIOLATED)
_214906_/C                            320.00  327.23   -7.23 (VIOLATED)
_216631_/C                            320.00  327.21   -7.21 (VIOLATED)
_216633_/C                            320.00  327.20   -7.20 (VIOLATED)
_242865_/B                            320.00  327.20   -7.20 (VIOLATED)
_216648_/C                            320.00  327.18   -7.18 (VIOLATED)
_214923_/C                            320.00  327.15   -7.15 (VIOLATED)
_258703_/A2                           320.00  327.09   -7.09 (VIOLATED)
_244846_/A1                           320.00  327.08   -7.08 (VIOLATED)
_258784_/B                            320.00  327.07   -7.07 (VIOLATED)
_258742_/B                            320.00  327.06   -7.06 (VIOLATED)
_258827_/B                            320.00  327.03   -7.03 (VIOLATED)
_242856_/B                            320.00  327.00   -7.00 (VIOLATED)
_149969_/B                            320.00  327.00   -7.00 (VIOLATED)
_261076_/B                            320.00  326.97   -6.97 (VIOLATED)
_150069_/B                            320.00  326.94   -6.94 (VIOLATED)
_150349_/B                            320.00  326.94   -6.94 (VIOLATED)
_245593_/B                            320.00  326.93   -6.93 (VIOLATED)
_178095_/B                            320.00  326.92   -6.92 (VIOLATED)
_244843_/A1                           320.00  326.89   -6.89 (VIOLATED)
_242859_/B                            320.00  326.86   -6.86 (VIOLATED)
_239943_/A2                           320.00  326.84   -6.84 (VIOLATED)
_195127_/B                            320.00  326.83   -6.83 (VIOLATED)
_258788_/B                            320.00  326.79   -6.79 (VIOLATED)
_216646_/C                            320.00  326.79   -6.79 (VIOLATED)
_283744_/A1                           320.00  326.75   -6.75 (VIOLATED)
_166213_/A1                           320.00  326.75   -6.75 (VIOLATED)
_245109_/B                            320.00  326.64   -6.64 (VIOLATED)
_189227_/A1                           320.00  326.49   -6.49 (VIOLATED)
_258795_/B                            320.00  326.48   -6.48 (VIOLATED)
_189043_/A1                           320.00  326.47   -6.47 (VIOLATED)
_245116_/B                            320.00  326.45   -6.45 (VIOLATED)
_258735_/B                            320.00  326.44   -6.44 (VIOLATED)
_240090_/A2                           320.00  326.44   -6.44 (VIOLATED)
_233340_/B                            320.00  326.43   -6.43 (VIOLATED)
_245047_/A1                           320.00  326.40   -6.40 (VIOLATED)
_195184_/B                            320.00  326.36   -6.36 (VIOLATED)
_259150_/B                            320.00  326.35   -6.35 (VIOLATED)
_258808_/B                            320.00  326.33   -6.33 (VIOLATED)
_242853_/B                            320.00  326.28   -6.28 (VIOLATED)
_189248_/A1                           320.00  326.27   -6.27 (VIOLATED)
_162023_/B                            320.00  326.25   -6.25 (VIOLATED)
_150321_/B                            320.00  326.24   -6.24 (VIOLATED)
_254542_/B                            320.00  326.23   -6.23 (VIOLATED)
_255123_/B                            320.00  326.20   -6.20 (VIOLATED)
_161537_/B                            320.00  326.18   -6.18 (VIOLATED)
_161870_/B                            320.00  326.17   -6.17 (VIOLATED)
_261173_/B                            320.00  326.14   -6.14 (VIOLATED)
_161711_/B                            320.00  326.13   -6.13 (VIOLATED)
_187076_/B2                           320.00  326.11   -6.11 (VIOLATED)
_254686_/B                            320.00  326.09   -6.09 (VIOLATED)
_253352_/B                            320.00  326.07   -6.07 (VIOLATED)
_254250_/B                            320.00  326.07   -6.07 (VIOLATED)
_161787_/B                            320.00  326.04   -6.04 (VIOLATED)
_258822_/B                            320.00  326.04   -6.04 (VIOLATED)
_245106_/B                            320.00  326.01   -6.01 (VIOLATED)
_186598_/B2                           320.00  325.99   -5.99 (VIOLATED)
_253963_/B                            320.00  325.98   -5.98 (VIOLATED)
_161898_/B                            320.00  325.91   -5.91 (VIOLATED)
_217988_/A1                           320.00  325.87   -5.87 (VIOLATED)
_293777_/B                            320.00  325.86   -5.86 (VIOLATED)
_218249_/A1                           320.00  325.86   -5.86 (VIOLATED)
_188989_/A1                           320.00  325.83   -5.83 (VIOLATED)
_211975_/C                            320.00  325.82   -5.82 (VIOLATED)
_186454_/B2                           320.00  325.78   -5.78 (VIOLATED)
_150418_/B                            320.00  325.77   -5.77 (VIOLATED)
_189258_/A1                           320.00  325.74   -5.74 (VIOLATED)
_211967_/C                            320.00  325.72   -5.72 (VIOLATED)
_228170_/A1                           320.00  325.68   -5.68 (VIOLATED)
_189176_/A1                           320.00  325.66   -5.66 (VIOLATED)
_244064_/B                            320.00  325.63   -5.63 (VIOLATED)
_231280_/B                            320.00  325.63   -5.63 (VIOLATED)
_243421_/B                            320.00  325.56   -5.56 (VIOLATED)
_166390_/A1                           320.00  325.55   -5.55 (VIOLATED)
_231411_/B                            320.00  325.54   -5.54 (VIOLATED)
_186383_/B2                           320.00  325.54   -5.54 (VIOLATED)
_258805_/B                            320.00  325.49   -5.49 (VIOLATED)
_195100_/B                            320.00  325.44   -5.44 (VIOLATED)
_254974_/B                            320.00  325.42   -5.42 (VIOLATED)
_211977_/C                            320.00  325.41   -5.41 (VIOLATED)
_189238_/A1                           320.00  325.41   -5.41 (VIOLATED)
_211965_/C                            320.00  325.39   -5.39 (VIOLATED)
_186781_/B2                           320.00  325.36   -5.36 (VIOLATED)
_150254_/B                            320.00  325.36   -5.36 (VIOLATED)
_186666_/B2                           320.00  325.35   -5.35 (VIOLATED)
_228099_/A                            320.00  325.34   -5.34 (VIOLATED)
_189268_/A1                           320.00  325.32   -5.32 (VIOLATED)
_258728_/B                            320.00  325.28   -5.28 (VIOLATED)
_211982_/C                            320.00  325.24   -5.24 (VIOLATED)
_161980_/B                            320.00  325.22   -5.22 (VIOLATED)
_258713_/A2                           320.00  325.21   -5.21 (VIOLATED)
_161750_/B                            320.00  325.20   -5.20 (VIOLATED)
_189078_/A1                           320.00  325.17   -5.17 (VIOLATED)
_186526_/B2                           320.00  325.16   -5.16 (VIOLATED)
_228312_/A1                           320.00  325.15   -5.15 (VIOLATED)
_254106_/B                            320.00  325.15   -5.15 (VIOLATED)
_258812_/B                            320.00  325.11   -5.11 (VIOLATED)
_289138_/A1                           320.00  325.11   -5.11 (VIOLATED)
_289429_/A1                           320.00  325.10   -5.10 (VIOLATED)
_253508_/B                            320.00  325.10   -5.10 (VIOLATED)
_242872_/B                            320.00  325.07   -5.07 (VIOLATED)
_258732_/B                            320.00  325.02   -5.02 (VIOLATED)
_178121_/B                            320.00  324.99   -4.99 (VIOLATED)
_245114_/B                            320.00  324.98   -4.98 (VIOLATED)
_187217_/B2                           320.00  324.96   -4.96 (VIOLATED)
_258815_/B                            320.00  324.96   -4.96 (VIOLATED)
_178123_/B                            320.00  324.94   -4.94 (VIOLATED)
_232856_/A1                           320.00  324.93   -4.93 (VIOLATED)
_155512_/B                            320.00  324.90   -4.90 (VIOLATED)
_189196_/A1                           320.00  324.86   -4.86 (VIOLATED)
_177352_/A                            320.00  324.83   -4.83 (VIOLATED)
_258819_/B                            320.00  324.81   -4.81 (VIOLATED)
_258141_/B1                           320.00  324.76   -4.76 (VIOLATED)
_258802_/B                            320.00  324.76   -4.76 (VIOLATED)
_165210_/A1                           320.00  324.73   -4.73 (VIOLATED)
_177837_/A1                           320.00  324.70   -4.70 (VIOLATED)
_258781_/B                            320.00  324.68   -4.68 (VIOLATED)
_231362_/A                            320.00  324.67   -4.67 (VIOLATED)
_195493_/B                            320.00  324.63   -4.63 (VIOLATED)
_193656_/B                            320.00  324.63   -4.63 (VIOLATED)
_193930_/B                            320.00  324.63   -4.63 (VIOLATED)
_195027_/B                            320.00  324.61   -4.61 (VIOLATED)
_194810_/B                            320.00  324.61   -4.61 (VIOLATED)
_193463_/B                            320.00  324.60   -4.60 (VIOLATED)
_155647_/B                            320.00  324.58   -4.58 (VIOLATED)
_161581_/B                            320.00  324.58   -4.58 (VIOLATED)
_162060_/B                            320.00  324.58   -4.58 (VIOLATED)
_255265_/B                            320.00  324.57   -4.57 (VIOLATED)
_194366_/B                            320.00  324.57   -4.57 (VIOLATED)
_196198_/B                            320.00  324.56   -4.56 (VIOLATED)
_193451_/B                            320.00  324.55   -4.55 (VIOLATED)
_258884_/B                            320.00  324.54   -4.54 (VIOLATED)
_163397_/B                            320.00  324.53   -4.53 (VIOLATED)
_162910_/B                            320.00  324.53   -4.53 (VIOLATED)
_194148_/B                            320.00  324.52   -4.52 (VIOLATED)
_193439_/B                            320.00  324.52   -4.52 (VIOLATED)
_162825_/B                            320.00  324.48   -4.48 (VIOLATED)
_163577_/B                            320.00  324.38   -4.38 (VIOLATED)
_195710_/B                            320.00  324.37   -4.37 (VIOLATED)
_244072_/B                            320.00  324.34   -4.34 (VIOLATED)
_194584_/B                            320.00  324.32   -4.32 (VIOLATED)
_195927_/B                            320.00  324.32   -4.32 (VIOLATED)
_163350_/B                            320.00  324.29   -4.29 (VIOLATED)
_195246_/B                            320.00  324.25   -4.25 (VIOLATED)
_243418_/B                            320.00  324.25   -4.25 (VIOLATED)
_163677_/B                            320.00  324.24   -4.24 (VIOLATED)
_242862_/B                            320.00  324.22   -4.22 (VIOLATED)
_158767_/B                            320.00  324.20   -4.20 (VIOLATED)
_196415_/B                            320.00  324.18   -4.18 (VIOLATED)
_245522_/B                            320.00  324.17   -4.17 (VIOLATED)
_163189_/B                            320.00  324.16   -4.16 (VIOLATED)
_244425_/A1                           320.00  324.16   -4.16 (VIOLATED)
_163446_/B                            320.00  324.16   -4.16 (VIOLATED)
_163033_/B                            320.00  324.15   -4.15 (VIOLATED)
_163138_/B                            320.00  324.13   -4.13 (VIOLATED)
_192947_/B                            320.00  324.10   -4.10 (VIOLATED)
_189010_/A1                           320.00  324.05   -4.05 (VIOLATED)
_253814_/B                            320.00  324.03   -4.03 (VIOLATED)
_178075_/A                            320.00  323.93   -3.93 (VIOLATED)
_195168_/B                            320.00  323.91   -3.91 (VIOLATED)
_163524_/B                            320.00  323.90   -3.90 (VIOLATED)
_162094_/B                            320.00  323.83   -3.83 (VIOLATED)
_218983_/B2                           320.00  323.79   -3.79 (VIOLATED)
_193620_/B                            320.00  323.73   -3.73 (VIOLATED)
_187286_/B2                           320.00  323.72   -3.72 (VIOLATED)
_243835_/B                            320.00  323.69   -3.69 (VIOLATED)
_228189_/B2                           320.00  323.67   -3.67 (VIOLATED)
_155516_/B                            320.00  323.63   -3.63 (VIOLATED)
_177358_/A                            320.00  323.62   -3.62 (VIOLATED)
_242869_/B                            320.00  323.59   -3.59 (VIOLATED)
_161673_/B                            320.00  323.59   -3.59 (VIOLATED)
_242739_/A1                           320.00  323.57   -3.57 (VIOLATED)
_189068_/A1                           320.00  323.54   -3.54 (VIOLATED)
_162577_/B                            320.00  323.50   -3.50 (VIOLATED)
_245785_/B                            320.00  323.49   -3.49 (VIOLATED)
_261083_/B                            320.00  323.49   -3.49 (VIOLATED)
_155649_/B                            320.00  323.48   -3.48 (VIOLATED)
_217968_/A1                           320.00  323.48   -3.48 (VIOLATED)
_161630_/B                            320.00  323.46   -3.46 (VIOLATED)
_253670_/B                            320.00  323.45   -3.45 (VIOLATED)
_189130_/A1                           320.00  323.44   -3.44 (VIOLATED)
_242956_/A1                           320.00  323.42   -3.42 (VIOLATED)
_161485_/B                            320.00  323.41   -3.41 (VIOLATED)
_261106_/B                            320.00  323.40   -3.40 (VIOLATED)
_161829_/B                            320.00  323.39   -3.39 (VIOLATED)
_245056_/A1                           320.00  323.38   -3.38 (VIOLATED)
_254394_/B                            320.00  323.38   -3.38 (VIOLATED)
_218220_/A1                           320.00  323.38   -3.38 (VIOLATED)
_253203_/B                            320.00  323.37   -3.37 (VIOLATED)
_295400_/C                            320.00  323.37   -3.37 (VIOLATED)
_255410_/B                            320.00  323.36   -3.36 (VIOLATED)
_177843_/A1                           320.00  323.35   -3.35 (VIOLATED)
_155561_/B                            320.00  323.35   -3.35 (VIOLATED)
_244646_/A1                           320.00  323.32   -3.32 (VIOLATED)
_245795_/B                            320.00  323.30   -3.30 (VIOLATED)
_218217_/A1                           320.00  323.28   -3.28 (VIOLATED)
_158769_/B                            320.00  323.27   -3.27 (VIOLATED)
_254830_/B                            320.00  323.26   -3.26 (VIOLATED)
_161936_/B                            320.00  323.25   -3.25 (VIOLATED)
_245045_/A1                           320.00  323.25   -3.25 (VIOLATED)
_243368_/A1                           320.00  323.20   -3.20 (VIOLATED)
_245789_/B                            320.00  323.20   -3.20 (VIOLATED)
_258887_/B                            320.00  323.18   -3.18 (VIOLATED)
_163299_/B                            320.00  323.17   -3.17 (VIOLATED)
_200135_/B                            320.00  323.16   -3.16 (VIOLATED)
_178081_/A                            320.00  323.13   -3.13 (VIOLATED)
_177594_/A1                           320.00  323.12   -3.12 (VIOLATED)
_150359_/B                            320.00  323.11   -3.11 (VIOLATED)
_163627_/B                            320.00  323.10   -3.10 (VIOLATED)
_150038_/B                            320.00  323.09   -3.09 (VIOLATED)
_161483_/Y                            320.00  322.99   -2.99 (VIOLATED)
_186235_/B2                           320.00  322.95   -2.95 (VIOLATED)
_155563_/B                            320.00  322.91   -2.91 (VIOLATED)
_240936_/B                            320.00  322.91   -2.91 (VIOLATED)
_244440_/A1                           320.00  322.84   -2.84 (VIOLATED)
_193588_/B                            320.00  322.82   -2.82 (VIOLATED)
_245799_/B                            320.00  322.68   -2.68 (VIOLATED)
_177600_/A1                           320.00  322.67   -2.67 (VIOLATED)
_258861_/B                            320.00  322.65   -2.65 (VIOLATED)
_150384_/B                            320.00  322.64   -2.64 (VIOLATED)
_150420_/B                            320.00  322.59   -2.59 (VIOLATED)
_243629_/B                            320.00  322.57   -2.57 (VIOLATED)
_184802_/B2                           320.00  322.56   -2.56 (VIOLATED)
_258874_/B                            320.00  322.55   -2.55 (VIOLATED)
_186931_/A1                           320.00  322.48   -2.48 (VIOLATED)
_258792_/B                            320.00  322.46   -2.46 (VIOLATED)
_187004_/B2                           320.00  322.44   -2.44 (VIOLATED)
_186857_/B2                           320.00  322.42   -2.42 (VIOLATED)
_178114_/B                            320.00  322.37   -2.37 (VIOLATED)
_178112_/B                            320.00  322.36   -2.36 (VIOLATED)
_149770_/B                            320.00  322.33   -2.33 (VIOLATED)
_258868_/B                            320.00  322.33   -2.33 (VIOLATED)
_163090_/B                            320.00  322.26   -2.26 (VIOLATED)
_155185_/B                            320.00  322.23   -2.23 (VIOLATED)
_261903_/A2                           320.00  322.17   -2.17 (VIOLATED)
_185922_/B2                           320.00  322.15   -2.15 (VIOLATED)
_293735_/A                            320.00  322.12   -2.12 (VIOLATED)
_185773_/B2                           320.00  322.07   -2.07 (VIOLATED)
_178280_/B                            320.00  322.05   -2.05 (VIOLATED)
_293769_/A                            320.00  322.04   -2.04 (VIOLATED)
_242875_/B                            320.00  322.03   -2.03 (VIOLATED)
_150405_/B                            320.00  322.02   -2.02 (VIOLATED)
_245793_/B                            320.00  322.00   -2.00 (VIOLATED)
_155183_/B                            320.00  321.89   -1.89 (VIOLATED)
_165950_/A1                           320.00  321.85   -1.85 (VIOLATED)
_258799_/B                            320.00  321.78   -1.78 (VIOLATED)
_244840_/A1                           320.00  321.76   -1.76 (VIOLATED)
_153931_/B                            320.00  321.76   -1.76 (VIOLATED)
_249127_/A                            320.00  321.76   -1.76 (VIOLATED)
_176397_/A1                           320.00  321.75   -1.75 (VIOLATED)
_295087_/C                            320.00  321.75   -1.75 (VIOLATED)
_249707_/A                            320.00  321.74   -1.74 (VIOLATED)
_176870_/A1                           320.00  321.71   -1.71 (VIOLATED)
_150224_/B                            320.00  321.68   -1.68 (VIOLATED)
_160528_/A                            320.00  321.65   -1.65 (VIOLATED)
_187146_/B2                           320.00  321.64   -1.64 (VIOLATED)
_155088_/B                            320.00  321.62   -1.62 (VIOLATED)
_243426_/B                            320.00  321.62   -1.62 (VIOLATED)
_244074_/B                            320.00  321.61   -1.61 (VIOLATED)
_242877_/B                            320.00  321.59   -1.59 (VIOLATED)
_162707_/B                            320.00  321.55   -1.55 (VIOLATED)
_175428_/A1                           320.00  321.55   -1.55 (VIOLATED)
_160282_/A                            320.00  321.51   -1.51 (VIOLATED)
_245519_/B                            320.00  321.48   -1.48 (VIOLATED)
_154348_/B                            320.00  321.48   -1.48 (VIOLATED)
_258846_/B                            320.00  321.48   -1.48 (VIOLATED)
_261090_/B                            320.00  321.45   -1.45 (VIOLATED)
_186157_/B2                           320.00  321.43   -1.43 (VIOLATED)
_258834_/B                            320.00  321.42   -1.42 (VIOLATED)
_160101_/A                            320.00  321.41   -1.41 (VIOLATED)
_245264_/A1                           320.00  321.41   -1.41 (VIOLATED)
_153885_/B                            320.00  321.38   -1.38 (VIOLATED)
_175907_/A                            320.00  321.32   -1.32 (VIOLATED)
_176864_/A1                           320.00  321.29   -1.29 (VIOLATED)
_208042_/A2                           320.00  321.29   -1.29 (VIOLATED)
_228152_/A                            320.00  321.28   -1.28 (VIOLATED)
_154272_/B                            320.00  321.28   -1.28 (VIOLATED)
_159982_/A                            320.00  321.26   -1.26 (VIOLATED)
_249415_/A                            320.00  321.25   -1.25 (VIOLATED)
_245112_/B                            320.00  321.20   -1.20 (VIOLATED)
_187672_/A2                           320.00  321.19   -1.19 (VIOLATED)
_176150_/A                            320.00  321.18   -1.18 (VIOLATED)
_193645_/B                            320.00  321.13   -1.13 (VIOLATED)
_178129_/B                            320.00  321.10   -1.10 (VIOLATED)
_249850_/A                            320.00  321.08   -1.08 (VIOLATED)
_178131_/B                            320.00  321.07   -1.07 (VIOLATED)
_172915_/A1                           320.00  321.01   -1.01 (VIOLATED)
_167870_/A1                           320.00  320.99   -0.99 (VIOLATED)
_243832_/B                            320.00  320.99   -0.99 (VIOLATED)
_228139_/A1                           320.00  320.98   -0.98 (VIOLATED)
_176390_/A1                           320.00  320.96   -0.96 (VIOLATED)
_159548_/A                            320.00  320.96   -0.96 (VIOLATED)
_258830_/B                            320.00  320.91   -0.91 (VIOLATED)
_154509_/B                            320.00  320.91   -0.91 (VIOLATED)
_228133_/A1                           320.00  320.90   -0.90 (VIOLATED)
_186314_/B2                           320.00  320.88   -0.88 (VIOLATED)
_257512_/A1                           320.00  320.87   -0.87 (VIOLATED)
_160323_/A                            320.00  320.85   -0.85 (VIOLATED)
_257605_/A1                           320.00  320.81   -0.81 (VIOLATED)
_258117_/B1                           320.00  320.81   -0.81 (VIOLATED)
_211256_/B                            320.00  320.77   -0.77 (VIOLATED)
_248512_/A                            320.00  320.74   -0.74 (VIOLATED)
_166641_/A1                           320.00  320.71   -0.71 (VIOLATED)
_150155_/B                            320.00  320.66   -0.66 (VIOLATED)
_255634_/A1                           320.00  320.64   -0.64 (VIOLATED)
_168063_/A1                           320.00  320.64   -0.64 (VIOLATED)
_245530_/B                            320.00  320.63   -0.63 (VIOLATED)
_250171_/A                            320.00  320.63   -0.63 (VIOLATED)
_160476_/A                            320.00  320.62   -0.62 (VIOLATED)
_245469_/A1                           320.00  320.60   -0.60 (VIOLATED)
_175671_/A1                           320.00  320.60   -0.60 (VIOLATED)
_244429_/A1                           320.00  320.58   -0.58 (VIOLATED)
_155090_/B                            320.00  320.56   -0.56 (VIOLATED)
_245527_/B                            320.00  320.53   -0.53 (VIOLATED)
_193223_/B                            320.00  320.52   -0.52 (VIOLATED)
_155403_/B                            320.00  320.49   -0.49 (VIOLATED)
_217967_/A1                           320.00  320.45   -0.45 (VIOLATED)
_258864_/B                            320.00  320.44   -0.44 (VIOLATED)
_175434_/A1                           320.00  320.43   -0.43 (VIOLATED)
_154352_/B                            320.00  320.40   -0.40 (VIOLATED)
_258361_/B2                           320.00  320.38   -0.38 (VIOLATED)
_243491_/B                            320.00  320.33   -0.33 (VIOLATED)
_154276_/B                            320.00  320.33   -0.33 (VIOLATED)
_175914_/A                            320.00  320.30   -0.30 (VIOLATED)
_160034_/A                            320.00  320.28   -0.28 (VIOLATED)
_282219_/A                            320.00  320.28   -0.28 (VIOLATED)
_282254_/A                            320.00  320.27   -0.27 (VIOLATED)
_282237_/A                            320.00  320.22   -0.22 (VIOLATED)
_245118_/B                            320.00  320.21   -0.21 (VIOLATED)
_177111_/A                            320.00  320.21   -0.21 (VIOLATED)
_154511_/B                            320.00  320.17   -0.17 (VIOLATED)
_282229_/A                            320.00  320.16   -0.16 (VIOLATED)
_282264_/A                            320.00  320.14   -0.14 (VIOLATED)
_195065_/B                            320.00  320.13   -0.13 (VIOLATED)
_232556_/B                            320.00  320.08   -0.08 (VIOLATED)
_193613_/B                            320.00  320.07   -0.07 (VIOLATED)
_175678_/A1                           320.00  320.07   -0.07 (VIOLATED)
_176156_/A                            320.00  320.04   -0.04 (VIOLATED)
_160577_/A                            320.00  320.03   -0.03 (VIOLATED)

max capacitance

Pin                                    Limit     Cap   Slack
------------------------------------------------------------
_161483_/Y                             46.08   50.14   -4.06 (VIOLATED)

_159375_/Y                             46.08   49.61   -3.53 (VIOLATED)

_162575_/Y                             46.08   48.60   -2.52 (VIOLATED)

_153928_/Y                             46.08   48.04   -1.96 (VIOLATED)

_164496_/Y                             46.08   47.79   -1.71 (VIOLATED)

_282004_/Y                             46.08   47.68   -1.60 (VIOLATED)

_258695_/Y                             46.08   47.50   -1.42 (VIOLATED)


==========================================================================
global route max_slew_check_slack
--------------------------------------------------------------------------
-118.82020568847656

==========================================================================
global route max_slew_check_limit
--------------------------------------------------------------------------
320.0

==========================================================================
global route max_slew_check_slack_limit
--------------------------------------------------------------------------
-0.3713

==========================================================================
global route max_fanout_check_slack
--------------------------------------------------------------------------
1.0000000150474662e+30

==========================================================================
global route max_fanout_check_limit
--------------------------------------------------------------------------
1.0000000150474662e+30

==========================================================================
global route max_capacitance_check_slack
--------------------------------------------------------------------------
-4.0616583824157715

==========================================================================
global route max_capacitance_check_limit
--------------------------------------------------------------------------
46.08000183105469

==========================================================================
global route max_capacitance_check_slack_limit
--------------------------------------------------------------------------
-0.0881

==========================================================================
global route max_slew_violation_count
--------------------------------------------------------------------------
max slew violation count 1076

==========================================================================
global route max_fanout_violation_count
--------------------------------------------------------------------------
max fanout violation count 0

==========================================================================
global route max_cap_violation_count
--------------------------------------------------------------------------
max cap violation count 7

==========================================================================
global route setup_violation_count
--------------------------------------------------------------------------
setup violation count 5959

==========================================================================
global route hold_violation_count
--------------------------------------------------------------------------
hold violation count 0

==========================================================================
global route report_checks -path_delay max reg to reg
--------------------------------------------------------------------------
Startpoint: _308209_ (rising edge-triggered flip-flop clocked by core_clk)
Endpoint: _312547_ (rising edge-triggered flip-flop clocked by core_clk)
Path Group: reg2reg
Path Type: max

  Delay    Time   Description
---------------------------------------------------------
   0.00    0.00   clock core_clk (rise edge)
   0.00    0.00   clock source latency
   0.00    0.00 ^ clk (in)
  46.81   46.81 ^ wire4945/Y (BUFx10_ASAP7_75t_R)
  48.87   95.68 ^ clkbuf_0_clk/Y (BUFx24_ASAP7_75t_R)
  30.20  125.87 ^ clkbuf_1_0_0_clk/Y (BUFx24_ASAP7_75t_R)
  29.09  154.96 ^ clkbuf_2_1_0_clk/Y (BUFx24_ASAP7_75t_R)
  26.47  181.44 ^ clkbuf_3_2_0_clk/Y (BUFx24_ASAP7_75t_R)
  30.84  212.28 ^ clkbuf_4_4_0_clk/Y (BUFx24_ASAP7_75t_R)
  24.84  237.12 ^ clkbuf_6_19_0_clk/Y (BUFx24_ASAP7_75t_R)
  21.77  258.88 ^ clkbuf_7_38__f_clk/Y (BUFx24_ASAP7_75t_R)
  27.65  286.53 ^ clkbuf_leaf_778_clk/Y (BUFx24_ASAP7_75t_R)
   2.33  288.86 ^ _308209_/CLK (DFFHQNx3_ASAP7_75t_R)
  56.18  345.04 ^ _308209_/QN (DFFHQNx3_ASAP7_75t_R)
  27.51  372.55 ^ wire4778/Y (BUFx16f_ASAP7_75t_R)
  66.95  439.50 ^ wire4776/Y (BUFx16f_ASAP7_75t_R)
  33.08  472.58 ^ wire4775/Y (BUFx16f_ASAP7_75t_R)
  73.63  546.21 ^ load_slew4774/Y (BUFx16f_ASAP7_75t_R)
  94.00  640.21 ^ _153629_/Y (AND2x2_ASAP7_75t_R)
 169.02  809.24 v _153630_/Y (NAND2x1_ASAP7_75t_R)
  64.17  873.41 v _153631_/Y (OA21x2_ASAP7_75t_R)
 108.13  981.54 v _153633_/Y (AND3x1_ASAP7_75t_R)
  89.17 1070.71 v _154870_/Y (AO222x2_ASAP7_75t_R)
  47.40 1118.11 v _154873_/Y (OR3x2_ASAP7_75t_R)
  54.24 1172.36 v _154878_/Y (OR5x1_ASAP7_75t_R)
  93.99 1266.34 v _154879_/Y (OR4x1_ASAP7_75t_R)
  74.48 1340.82 v _155829_/Y (OR4x1_ASAP7_75t_R)
  24.56 1365.38 v _155944_/Y (AO221x1_ASAP7_75t_R)
  50.94 1416.32 v _155949_/Y (OR5x1_ASAP7_75t_R)
  34.05 1450.37 v _156013_/Y (AND2x2_ASAP7_75t_R)
  49.97 1500.34 ^ _156016_/Y (NAND3x1_ASAP7_75t_R)
  39.70 1540.04 v _156112_/Y (AOI221x1_ASAP7_75t_R)
  26.08 1566.12 v _156115_/Y (OA21x2_ASAP7_75t_R)
  21.84 1587.97 v _156116_/Y (OR3x1_ASAP7_75t_R)
  38.63 1626.60 v _156123_/Y (AO33x2_ASAP7_75t_R)
  41.76 1668.35 ^ _156140_/Y (NAND2x1_ASAP7_75t_R)
 110.76 1779.11 ^ _156253_/Y (AO221x1_ASAP7_75t_R)
  69.58 1848.70 v _156308_/Y (NAND2x2_ASAP7_75t_R)
  49.02 1897.71 v _156311_/Y (AO21x2_ASAP7_75t_R)
  23.18 1920.89 v _156314_/Y (OA21x2_ASAP7_75t_R)
  27.71 1948.60 v _156388_/Y (AO221x1_ASAP7_75t_R)
  22.62 1971.22 v _156389_/Y (OA21x2_ASAP7_75t_R)
  24.14 1995.36 ^ _156393_/Y (AOI22x1_ASAP7_75t_R)
  53.99 2049.35 v _156410_/Y (NAND2x1_ASAP7_75t_R)
  71.47 2120.82 v _156421_/Y (AO33x2_ASAP7_75t_R)
  32.75 2153.58 ^ _156522_/Y (XNOR2x2_ASAP7_75t_R)
  25.19 2178.76 ^ _156526_/Y (AND4x1_ASAP7_75t_R)
  19.20 2197.96 ^ _156550_/Y (AO21x1_ASAP7_75t_R)
  19.23 2217.19 ^ _156551_/Y (AO21x1_ASAP7_75t_R)
  80.77 2297.96 ^ _156552_/Y (OA211x2_ASAP7_75t_R)
  89.28 2387.25 v _156555_/Y (INVx1_ASAP7_75t_R)
  33.68 2420.92 ^ _156568_/Y (OAI21x1_ASAP7_75t_R)
  34.29 2455.21 v _156616_/Y (AOI221x1_ASAP7_75t_R)
  48.52 2503.73 v _156806_/Y (OA211x2_ASAP7_75t_R)
  13.78 2517.51 ^ _156807_/Y (NAND2x1_ASAP7_75t_R)
  71.16 2588.67 ^ _156882_/Y (AO32x1_ASAP7_75t_R)
  34.48 2623.15 ^ _156995_/Y (OR2x2_ASAP7_75t_R)
  39.01 2662.16 ^ _157002_/Y (AO32x1_ASAP7_75t_R)
  36.29 2698.44 ^ _157004_/Y (XNOR2x2_ASAP7_75t_R)
  14.38 2712.83 v _157005_/Y (NOR3x1_ASAP7_75t_R)
  32.62 2745.45 v _157006_/Y (AND5x2_ASAP7_75t_R)
  28.88 2774.33 v _157078_/Y (OR3x1_ASAP7_75t_R)
  57.37 2831.69 v _157141_/Y (OA33x2_ASAP7_75t_R)
  34.73 2866.43 v _157144_/Y (OR2x2_ASAP7_75t_R)
  24.44 2890.87 v _157145_/Y (AO21x1_ASAP7_75t_R)
  26.35 2917.22 v _157196_/Y (AO32x1_ASAP7_75t_R)
  26.77 2943.99 v _157198_/Y (AO22x1_ASAP7_75t_R)
  23.00 2966.99 v _157222_/Y (AO21x1_ASAP7_75t_R)
  30.83 2997.82 v _157223_/Y (OR3x1_ASAP7_75t_R)
  42.49 3040.31 v _157312_/Y (AO21x1_ASAP7_75t_R)
  58.19 3098.50 ^ _157343_/Y (NAND2x1_ASAP7_75t_R)
  43.82 3142.32 v _157440_/Y (AOI221x1_ASAP7_75t_R)
  30.91 3173.23 v _157456_/Y (OA222x2_ASAP7_75t_R)
  22.24 3195.47 v _157459_/Y (AND5x2_ASAP7_75t_R)
  20.86 3216.33 v _157472_/Y (OA31x2_ASAP7_75t_R)
  42.26 3258.59 v _157475_/Y (OR4x2_ASAP7_75t_R)
  63.75 3322.33 ^ _157478_/Y (NAND2x1_ASAP7_75t_R)
  19.94 3342.27 v _157479_/Y (NOR2x1_ASAP7_75t_R)
  25.21 3367.48 v _157485_/Y (OA21x2_ASAP7_75t_R)
  28.58 3396.06 v _157492_/Y (AO221x1_ASAP7_75t_R)
  26.03 3422.09 v _157649_/Y (OA21x2_ASAP7_75t_R)
  24.74 3446.82 v _157651_/Y (AO21x1_ASAP7_75t_R)
  41.75 3488.58 v _157652_/Y (AO22x1_ASAP7_75t_R)
  64.55 3553.13 ^ _157732_/Y (NAND2x1_ASAP7_75t_R)
  25.99 3579.12 ^ _157764_/Y (AO21x1_ASAP7_75t_R)
  24.20 3603.32 v _157767_/Y (AOI22x1_ASAP7_75t_R)
  37.31 3640.63 v _157790_/Y (OA21x2_ASAP7_75t_R)
  18.85 3659.48 ^ _157827_/Y (AOI211x1_ASAP7_75t_R)
  19.61 3679.09 v _157842_/Y (OAI21x1_ASAP7_75t_R)
  89.64 3768.73 v _157921_/Y (AO221x1_ASAP7_75t_R)
  48.27 3817.00 v _157922_/Y (AO221x1_ASAP7_75t_R)
  27.48 3844.48 v _157925_/Y (AO32x2_ASAP7_75t_R)
  22.59 3867.07 v _157949_/Y (OA211x2_ASAP7_75t_R)
  32.17 3899.24 v _157967_/Y (AO222x2_ASAP7_75t_R)
  38.29 3937.53 v _158020_/Y (AO221x1_ASAP7_75t_R)
  28.61 3966.14 v _158084_/Y (AO211x2_ASAP7_75t_R)
  41.43 4007.57 v _158094_/Y (AND2x2_ASAP7_75t_R)
  49.23 4056.80 v _158173_/Y (OR3x2_ASAP7_75t_R)
  22.73 4079.54 v _158271_/Y (AO221x1_ASAP7_75t_R)
  33.06 4112.59 v _158272_/Y (OR5x1_ASAP7_75t_R)
  46.33 4158.93 v _158273_/Y (OR5x1_ASAP7_75t_R)
  20.14 4179.06 ^ _158274_/Y (NAND2x2_ASAP7_75t_R)
  54.60 4233.66 v _158287_/Y (OAI21x1_ASAP7_75t_R)
  52.70 4286.36 v _158298_/Y (AND2x2_ASAP7_75t_R)
  35.64 4322.00 v _158304_/Y (OA211x2_ASAP7_75t_R)
  30.46 4352.46 v _158330_/Y (XNOR2x2_ASAP7_75t_R)
  29.58 4382.04 v _158388_/Y (OR5x1_ASAP7_75t_R)
  42.94 4424.98 v _158399_/Y (AO33x2_ASAP7_75t_R)
  26.16 4451.15 v _158436_/Y (AND2x2_ASAP7_75t_R)
  78.93 4530.07 v _158437_/Y (OR3x1_ASAP7_75t_R)
  70.98 4601.05 v _158474_/Y (AND2x2_ASAP7_75t_R)
  38.15 4639.21 ^ _158476_/Y (AOI22x1_ASAP7_75t_R)
  23.17 4662.38 ^ _158477_/Y (AND2x2_ASAP7_75t_R)
  16.00 4678.38 v _158496_/Y (AOI221x1_ASAP7_75t_R)
  33.09 4711.47 v _158497_/Y (MAJx2_ASAP7_75t_R)
  24.75 4736.22 v _158571_/Y (AO21x1_ASAP7_75t_R)
  46.55 4782.77 v _158629_/Y (AO221x2_ASAP7_75t_R)
  81.05 4863.83 ^ _158672_/Y (NAND2x1_ASAP7_75t_R)
  35.80 4899.63 ^ _158689_/Y (AND2x2_ASAP7_75t_R)
  22.57 4922.20 ^ _158690_/Y (OA21x2_ASAP7_75t_R)
  20.24 4942.44 ^ _158691_/Y (OR2x2_ASAP7_75t_R)
  22.82 4965.26 ^ _158702_/Y (AND3x1_ASAP7_75t_R)
  21.78 4987.04 ^ _158720_/Y (OA21x2_ASAP7_75t_R)
  24.53 5011.57 ^ _158743_/Y (OA31x2_ASAP7_75t_R)
  15.08 5026.64 ^ _158761_/Y (OR4x1_ASAP7_75t_R)
  48.03 5074.67 ^ _158764_/Y (AND5x2_ASAP7_75t_R)
  52.84 5127.52 ^ _159054_/Y (OA21x2_ASAP7_75t_R)
 118.43 5245.95 ^ _159120_/Y (OA21x2_ASAP7_75t_R)
  58.79 5304.73 ^ _159154_/Y (AO221x1_ASAP7_75t_R)
  92.01 5396.74 ^ _159901_/Y (AND2x2_ASAP7_75t_R)
 173.87 5570.61 v _159903_/Y (NOR2x1_ASAP7_75t_R)
 111.84 5682.45 ^ _163131_/Y (NAND2x2_ASAP7_75t_R)
  35.25 5717.70 ^ load_slew954/Y (BUFx16f_ASAP7_75t_R)
  36.94 5754.64 ^ load_slew952/Y (BUFx16f_ASAP7_75t_R)
 155.10 5909.75 ^ _164753_/Y (OR2x2_ASAP7_75t_R)
  61.87 5971.61 v _201221_/Y (NAND2x1_ASAP7_75t_R)
  21.48 5993.10 v _201222_/Y (AO21x1_ASAP7_75t_R)
  26.35 6019.45 v _201223_/Y (OA211x2_ASAP7_75t_R)
  16.07 6035.52 v _201224_/Y (AO21x1_ASAP7_75t_R)
  14.68 6050.20 v _201225_/Y (AND2x2_ASAP7_75t_R)
   0.04 6050.24 v _312547_/D (DFFHQNx1_ASAP7_75t_R)
        6050.24   data arrival time

5500.00 5500.00   clock core_clk (rise edge)
   0.00 5500.00   clock source latency
   0.00 5500.00 ^ clk (in)
  46.11 5546.11 ^ wire4945/Y (BUFx10_ASAP7_75t_R)
  47.38 5593.49 ^ clkbuf_0_clk/Y (BUFx24_ASAP7_75t_R)
  28.80 5622.29 ^ clkbuf_1_1_0_clk/Y (BUFx24_ASAP7_75t_R)
  28.42 5650.71 ^ clkbuf_2_3_0_clk/Y (BUFx24_ASAP7_75t_R)
  26.26 5676.97 ^ clkbuf_3_7_0_clk/Y (BUFx24_ASAP7_75t_R)
  29.86 5706.83 ^ clkbuf_4_14_0_clk/Y (BUFx24_ASAP7_75t_R)
  22.34 5729.17 ^ clkbuf_6_57_0_clk/Y (BUFx24_ASAP7_75t_R)
  19.85 5749.02 ^ clkbuf_7_114__f_clk/Y (BUFx24_ASAP7_75t_R)
  21.65 5770.67 ^ clkbuf_leaf_491_clk/Y (BUFx24_ASAP7_75t_R)
   1.80 5772.47 ^ _312547_/CLK (DFFHQNx1_ASAP7_75t_R)
 -50.00 5722.47   clock uncertainty
   2.19 5724.66   clock reconvergence pessimism
  -0.87 5723.79   library setup time
        5723.79   data required time
---------------------------------------------------------
        5723.79   data required time
        -6050.24   data arrival time
---------------------------------------------------------
        -326.45   slack (VIOLATED)



==========================================================================
global route report_checks -path_delay min reg to reg
--------------------------------------------------------------------------
Startpoint: _308398_ (rising edge-triggered flip-flop clocked by core_clk)
Endpoint: _307285_ (rising edge-triggered flip-flop clocked by core_clk)
Path Group: reg2reg
Path Type: min

  Delay    Time   Description
---------------------------------------------------------
   0.00    0.00   clock core_clk (rise edge)
   0.00    0.00   clock source latency
   0.00    0.00 ^ clk (in)
  46.11   46.11 ^ wire4945/Y (BUFx10_ASAP7_75t_R)
  47.38   93.49 ^ clkbuf_0_clk/Y (BUFx24_ASAP7_75t_R)
  29.05  122.54 ^ clkbuf_1_0_0_clk/Y (BUFx24_ASAP7_75t_R)
  27.98  150.52 ^ clkbuf_2_1_0_clk/Y (BUFx24_ASAP7_75t_R)
  22.40  172.92 ^ clkbuf_3_3_0_clk/Y (BUFx24_ASAP7_75t_R)
  27.96  200.88 ^ clkbuf_4_6_0_clk/Y (BUFx24_ASAP7_75t_R)
  25.22  226.10 ^ clkbuf_6_26_0_clk/Y (BUFx24_ASAP7_75t_R)
  20.22  246.32 ^ clkbuf_7_53__f_clk/Y (BUFx24_ASAP7_75t_R)
  24.06  270.38 ^ clkbuf_leaf_822_clk/Y (BUFx24_ASAP7_75t_R)
   2.94  273.32 ^ _308398_/CLK (DFFHQNx1_ASAP7_75t_R)
  40.92  314.24 ^ _308398_/QN (DFFHQNx1_ASAP7_75t_R)
   7.81  322.05 v _276148_/Y (OAI22x1_ASAP7_75t_R)
   0.05  322.10 v _307285_/D (DFFHQNx1_ASAP7_75t_R)
         322.10   data arrival time

   0.00    0.00   clock core_clk (rise edge)
   0.00    0.00   clock source latency
   0.00    0.00 ^ clk (in)
  46.81   46.81 ^ wire4945/Y (BUFx10_ASAP7_75t_R)
  48.87   95.68 ^ clkbuf_0_clk/Y (BUFx24_ASAP7_75t_R)
  30.20  125.87 ^ clkbuf_1_0_0_clk/Y (BUFx24_ASAP7_75t_R)
  29.09  154.96 ^ clkbuf_2_1_0_clk/Y (BUFx24_ASAP7_75t_R)
  23.09  178.05 ^ clkbuf_3_3_0_clk/Y (BUFx24_ASAP7_75t_R)
  29.08  207.13 ^ clkbuf_4_6_0_clk/Y (BUFx24_ASAP7_75t_R)
  26.99  234.12 ^ clkbuf_6_27_0_clk/Y (BUFx24_ASAP7_75t_R)
  21.21  255.33 ^ clkbuf_7_55__f_clk/Y (BUFx24_ASAP7_75t_R)
  27.99  283.31 ^ clkbuf_leaf_819_clk/Y (BUFx24_ASAP7_75t_R)
   2.68  285.99 ^ _307285_/CLK (DFFHQNx1_ASAP7_75t_R)
  25.00  310.99   clock uncertainty
  -6.24  304.75   clock reconvergence pessimism
  12.15  316.90   library hold time
         316.90   data required time
---------------------------------------------------------
         316.90   data required time
        -322.10   data arrival time
---------------------------------------------------------
           5.20   slack (MET)



==========================================================================
global route critical path target clock latency max path
--------------------------------------------------------------------------
281.5510

==========================================================================
global route critical path target clock latency min path
--------------------------------------------------------------------------
302.1013

==========================================================================
global route critical path source clock latency min path
--------------------------------------------------------------------------
0.0000

==========================================================================
global route critical path delay
--------------------------------------------------------------------------
5387.0049

==========================================================================
global route critical path slack
--------------------------------------------------------------------------
-1037.0051

==========================================================================
global route slack div critical path delay
--------------------------------------------------------------------------
-19.250124

==========================================================================
global route report_power
--------------------------------------------------------------------------
Group                  Internal  Switching    Leakage      Total
                          Power      Power      Power      Power (Watts)
----------------------------------------------------------------
Sequential             5.30e-03   9.07e-05   3.04e-06   5.39e-03  40.4%
Combinational          7.83e-04   1.47e-03   1.42e-05   2.26e-03  17.0%
Clock                  3.43e-03   2.25e-03   6.59e-07   5.68e-03  42.6%
Macro                  0.00e+00   0.00e+00   0.00e+00   0.00e+00   0.0%
Pad                    0.00e+00   0.00e+00   0.00e+00   0.00e+00   0.0%
----------------------------------------------------------------
Total                  9.51e-03   3.81e-03   1.80e-05   1.33e-02 100.0%
                          71.3%      28.5%       0.1%
