Startpoint: _308209_ (rising edge-triggered flip-flop clocked by core_clk)
Endpoint: _312547_ (rising edge-triggered flip-flop clocked by core_clk)
Path Group: reg2reg
Path Type: max

  Delay    Time   Description
---------------------------------------------------------
   0.00    0.00   clock core_clk (rise edge)
   0.00    0.00   clock source latency
   0.00    0.00 ^ clk (in)
  44.44   44.44 ^ wire4945/Y (BUFx10_ASAP7_75t_R)
  46.42   90.85 ^ clkbuf_0_clk/Y (BUFx24_ASAP7_75t_R)
  28.76  119.62 ^ clkbuf_1_0_0_clk/Y (BUFx24_ASAP7_75t_R)
  28.26  147.87 ^ clkbuf_2_1_0_clk/Y (BUFx24_ASAP7_75t_R)
  25.61  173.49 ^ clkbuf_3_2_0_clk/Y (BUFx24_ASAP7_75t_R)
  29.85  203.33 ^ clkbuf_4_4_0_clk/Y (BUFx24_ASAP7_75t_R)
  24.35  227.68 ^ clkbuf_6_19_0_clk/Y (BUFx24_ASAP7_75t_R)
  21.69  249.37 ^ clkbuf_7_38__f_clk/Y (BUFx24_ASAP7_75t_R)
  26.71  276.08 ^ clkbuf_leaf_778_clk/Y (BUFx24_ASAP7_75t_R)
   1.89  277.97 ^ _308209_/CLK (DFFHQNx3_ASAP7_75t_R)
  56.19  334.16 ^ _308209_/QN (DFFHQNx3_ASAP7_75t_R)
  26.21  360.37 ^ wire4778/Y (BUFx16f_ASAP7_75t_R)
  56.27  416.64 ^ wire4776/Y (BUFx16f_ASAP7_75t_R)
  30.08  446.72 ^ wire4775/Y (BUFx16f_ASAP7_75t_R)
  60.47  507.19 ^ load_slew4774/Y (BUFx16f_ASAP7_75t_R)
  95.85  603.03 ^ _153629_/Y (AND2x2_ASAP7_75t_R)
 145.04  748.08 v _153630_/Y (NAND2x1_ASAP7_75t_R)
  63.27  811.35 v _153631_/Y (OA21x2_ASAP7_75t_R)
 105.27  916.62 v _153633_/Y (AND3x1_ASAP7_75t_R)
  83.72 1000.34 v _154870_/Y (AO222x2_ASAP7_75t_R)
  46.64 1046.98 v _154873_/Y (OR3x2_ASAP7_75t_R)
  53.58 1100.56 v _154878_/Y (OR5x1_ASAP7_75t_R)
  97.46 1198.02 v _154879_/Y (OR4x1_ASAP7_75t_R)
  69.73 1267.75 v _155829_/Y (OR4x1_ASAP7_75t_R)
  24.44 1292.18 v _155944_/Y (AO221x1_ASAP7_75t_R)
  50.98 1343.16 v _155949_/Y (OR5x1_ASAP7_75t_R)
  33.14 1376.30 v _156013_/Y (AND2x2_ASAP7_75t_R)
  50.65 1426.95 ^ _156016_/Y (NAND3x1_ASAP7_75t_R)
  37.85 1464.80 v _156112_/Y (AOI221x1_ASAP7_75t_R)
  25.93 1490.73 v _156115_/Y (OA21x2_ASAP7_75t_R)
  21.72 1512.45 v _156116_/Y (OR3x1_ASAP7_75t_R)
  38.61 1551.06 v _156123_/Y (AO33x2_ASAP7_75t_R)
  41.48 1592.54 ^ _156140_/Y (NAND2x1_ASAP7_75t_R)
 111.61 1704.15 ^ _156253_/Y (AO221x1_ASAP7_75t_R)
  66.42 1770.57 v _156308_/Y (NAND2x2_ASAP7_75t_R)
  47.11 1817.68 v _156311_/Y (AO21x2_ASAP7_75t_R)
  22.77 1840.45 v _156314_/Y (OA21x2_ASAP7_75t_R)
  27.66 1868.12 v _156388_/Y (AO221x1_ASAP7_75t_R)
  22.59 1890.71 v _156389_/Y (OA21x2_ASAP7_75t_R)
  24.11 1914.83 ^ _156393_/Y (AOI22x1_ASAP7_75t_R)
  54.62 1969.45 v _156410_/Y (NAND2x1_ASAP7_75t_R)
  71.78 2041.23 v _156421_/Y (AO33x2_ASAP7_75t_R)
  31.36 2072.60 ^ _156522_/Y (XNOR2x2_ASAP7_75t_R)
  25.12 2097.72 ^ _156526_/Y (AND4x1_ASAP7_75t_R)
  19.12 2116.83 ^ _156550_/Y (AO21x1_ASAP7_75t_R)
  19.18 2136.01 ^ _156551_/Y (AO21x1_ASAP7_75t_R)
  82.99 2219.01 ^ _156552_/Y (OA211x2_ASAP7_75t_R)
  82.97 2301.97 v _156555_/Y (INVx1_ASAP7_75t_R)
  32.74 2334.71 ^ _156568_/Y (OAI21x1_ASAP7_75t_R)
  34.05 2368.77 v _156616_/Y (AOI221x1_ASAP7_75t_R)
  48.33 2417.09 v _156806_/Y (OA211x2_ASAP7_75t_R)
  13.56 2430.65 ^ _156807_/Y (NAND2x1_ASAP7_75t_R)
  71.41 2502.07 ^ _156882_/Y (AO32x1_ASAP7_75t_R)
  33.66 2535.72 ^ _156995_/Y (OR2x2_ASAP7_75t_R)
  39.31 2575.03 ^ _157002_/Y (AO32x1_ASAP7_75t_R)
  35.10 2610.13 ^ _157004_/Y (XNOR2x2_ASAP7_75t_R)
  14.25 2624.38 v _157005_/Y (NOR3x1_ASAP7_75t_R)
  32.56 2656.94 v _157006_/Y (AND5x2_ASAP7_75t_R)
  28.67 2685.61 v _157078_/Y (OR3x1_ASAP7_75t_R)
  58.66 2744.27 v _157141_/Y (OA33x2_ASAP7_75t_R)
  34.02 2778.29 v _157144_/Y (OR2x2_ASAP7_75t_R)
  24.44 2802.73 v _157145_/Y (AO21x1_ASAP7_75t_R)
  25.92 2828.65 v _157196_/Y (AO32x1_ASAP7_75t_R)
  26.75 2855.41 v _157198_/Y (AO22x1_ASAP7_75t_R)
  22.89 2878.30 v _157222_/Y (AO21x1_ASAP7_75t_R)
  30.77 2909.07 v _157223_/Y (OR3x1_ASAP7_75t_R)
  42.45 2951.52 v _157312_/Y (AO21x1_ASAP7_75t_R)
  57.75 3009.27 ^ _157343_/Y (NAND2x1_ASAP7_75t_R)
  43.30 3052.57 v _157440_/Y (AOI221x1_ASAP7_75t_R)
  30.71 3083.28 v _157456_/Y (OA222x2_ASAP7_75t_R)
  22.22 3105.50 v _157459_/Y (AND5x2_ASAP7_75t_R)
  20.82 3126.32 v _157472_/Y (OA31x2_ASAP7_75t_R)
  42.25 3168.58 v _157475_/Y (OR4x2_ASAP7_75t_R)
  64.50 3233.08 ^ _157478_/Y (NAND2x1_ASAP7_75t_R)
  19.40 3252.47 v _157479_/Y (NOR2x1_ASAP7_75t_R)
  25.13 3277.60 v _157485_/Y (OA21x2_ASAP7_75t_R)
  28.32 3305.92 v _157492_/Y (AO221x1_ASAP7_75t_R)
  26.02 3331.94 v _157649_/Y (OA21x2_ASAP7_75t_R)
  24.30 3356.24 v _157651_/Y (AO21x1_ASAP7_75t_R)
  41.83 3398.07 v _157652_/Y (AO22x1_ASAP7_75t_R)
  64.09 3462.16 ^ _157732_/Y (NAND2x1_ASAP7_75t_R)
  25.46 3487.62 ^ _157764_/Y (AO21x1_ASAP7_75t_R)
  24.35 3511.96 v _157767_/Y (AOI22x1_ASAP7_75t_R)
  35.07 3547.04 v _157790_/Y (OA21x2_ASAP7_75t_R)
  18.74 3565.78 ^ _157827_/Y (AOI211x1_ASAP7_75t_R)
  19.47 3585.25 v _157842_/Y (OAI21x1_ASAP7_75t_R)
  90.29 3675.54 v _157921_/Y (AO221x1_ASAP7_75t_R)
  46.51 3722.05 v _157922_/Y (AO221x1_ASAP7_75t_R)
  27.43 3749.48 v _157925_/Y (AO32x2_ASAP7_75t_R)
  22.56 3772.04 v _157949_/Y (OA211x2_ASAP7_75t_R)
  32.14 3804.17 v _157967_/Y (AO222x2_ASAP7_75t_R)
  38.20 3842.38 v _158020_/Y (AO221x1_ASAP7_75t_R)
  28.44 3870.82 v _158084_/Y (AO211x2_ASAP7_75t_R)
  42.92 3913.75 v _158094_/Y (AND2x2_ASAP7_75t_R)
  47.43 3961.18 v _158173_/Y (OR3x2_ASAP7_75t_R)
  22.66 3983.84 v _158271_/Y (AO221x1_ASAP7_75t_R)
  32.98 4016.82 v _158272_/Y (OR5x1_ASAP7_75t_R)
  46.35 4063.17 v _158273_/Y (OR5x1_ASAP7_75t_R)
  19.78 4082.95 ^ _158274_/Y (NAND2x2_ASAP7_75t_R)
  55.14 4138.09 v _158287_/Y (OAI21x1_ASAP7_75t_R)
  50.89 4188.97 v _158298_/Y (AND2x2_ASAP7_75t_R)
  35.83 4224.80 v _158304_/Y (OA211x2_ASAP7_75t_R)
  29.40 4254.20 v _158330_/Y (XNOR2x2_ASAP7_75t_R)
  29.49 4283.70 v _158388_/Y (OR5x1_ASAP7_75t_R)
  43.07 4326.76 v _158399_/Y (AO33x2_ASAP7_75t_R)
  25.52 4352.29 v _158436_/Y (AND2x2_ASAP7_75t_R)
  79.84 4432.12 v _158437_/Y (OR3x1_ASAP7_75t_R)
  69.36 4501.48 v _158474_/Y (AND2x2_ASAP7_75t_R)
  37.44 4538.93 ^ _158476_/Y (AOI22x1_ASAP7_75t_R)
  22.97 4561.89 ^ _158477_/Y (AND2x2_ASAP7_75t_R)
  15.93 4577.82 v _158496_/Y (AOI221x1_ASAP7_75t_R)
  32.93 4610.75 v _158497_/Y (MAJx2_ASAP7_75t_R)
  24.66 4635.41 v _158571_/Y (AO21x1_ASAP7_75t_R)
  46.94 4682.35 v _158629_/Y (AO221x2_ASAP7_75t_R)
  80.71 4763.07 ^ _158672_/Y (NAND2x1_ASAP7_75t_R)
  34.83 4797.90 ^ _158689_/Y (AND2x2_ASAP7_75t_R)
  22.56 4820.46 ^ _158690_/Y (OA21x2_ASAP7_75t_R)
  19.98 4840.43 ^ _158691_/Y (OR2x2_ASAP7_75t_R)
  22.78 4863.21 ^ _158702_/Y (AND3x1_ASAP7_75t_R)
  21.75 4884.96 ^ _158720_/Y (OA21x2_ASAP7_75t_R)
  24.37 4909.33 ^ _158743_/Y (OA31x2_ASAP7_75t_R)
  15.03 4924.36 ^ _158761_/Y (OR4x1_ASAP7_75t_R)
  47.73 4972.10 ^ _158764_/Y (AND5x2_ASAP7_75t_R)
  51.96 5024.05 ^ _159054_/Y (OA21x2_ASAP7_75t_R)
 109.75 5133.81 ^ _159120_/Y (OA21x2_ASAP7_75t_R)
  57.09 5190.90 ^ _159154_/Y (AO221x1_ASAP7_75t_R)
  97.70 5288.61 ^ _159901_/Y (AND2x2_ASAP7_75t_R)
 160.23 5448.83 v _159903_/Y (NOR2x1_ASAP7_75t_R)
 112.70 5561.53 ^ _163131_/Y (NAND2x2_ASAP7_75t_R)
  35.00 5596.53 ^ load_slew954/Y (BUFx16f_ASAP7_75t_R)
  34.40 5630.93 ^ load_slew952/Y (BUFx16f_ASAP7_75t_R)
 142.80 5773.73 ^ _164753_/Y (OR2x2_ASAP7_75t_R)
  53.43 5827.16 v _201221_/Y (NAND2x1_ASAP7_75t_R)
  21.11 5848.27 v _201222_/Y (AO21x1_ASAP7_75t_R)
  26.28 5874.55 v _201223_/Y (OA211x2_ASAP7_75t_R)
  16.00 5890.55 v _201224_/Y (AO21x1_ASAP7_75t_R)
  14.63 5905.18 v _201225_/Y (AND2x2_ASAP7_75t_R)
   0.03 5905.21 v _312547_/D (DFFHQNx1_ASAP7_75t_R)
        5905.21   data arrival time

5500.00 5500.00   clock core_clk (rise edge)
   0.00 5500.00   clock source latency
   0.00 5500.00 ^ clk (in)
  43.78 5543.78 ^ wire4945/Y (BUFx10_ASAP7_75t_R)
  44.99 5588.77 ^ clkbuf_0_clk/Y (BUFx24_ASAP7_75t_R)
  27.54 5616.31 ^ clkbuf_1_1_0_clk/Y (BUFx24_ASAP7_75t_R)
  27.37 5643.69 ^ clkbuf_2_3_0_clk/Y (BUFx24_ASAP7_75t_R)
  25.30 5668.98 ^ clkbuf_3_7_0_clk/Y (BUFx24_ASAP7_75t_R)
  28.72 5697.71 ^ clkbuf_4_14_0_clk/Y (BUFx24_ASAP7_75t_R)
  22.00 5719.71 ^ clkbuf_6_57_0_clk/Y (BUFx24_ASAP7_75t_R)
  19.73 5739.44 ^ clkbuf_7_114__f_clk/Y (BUFx24_ASAP7_75t_R)
  21.51 5760.95 ^ clkbuf_leaf_491_clk/Y (BUFx24_ASAP7_75t_R)
   1.39 5762.34 ^ _312547_/CLK (DFFHQNx1_ASAP7_75t_R)
 -50.00 5712.34   clock uncertainty
   2.08 5714.42   clock reconvergence pessimism
  -1.18 5713.24   library setup time
        5713.24   data required time
---------------------------------------------------------
        5713.24   data required time
        -5905.21   data arrival time
---------------------------------------------------------
        -191.97   slack (VIOLATED)


Startpoint: _308209_ (rising edge-triggered flip-flop clocked by core_clk)
Endpoint: _312524_ (rising edge-triggered flip-flop clocked by core_clk)
Path Group: reg2reg
Path Type: max

  Delay    Time   Description
---------------------------------------------------------
   0.00    0.00   clock core_clk (rise edge)
   0.00    0.00   clock source latency
   0.00    0.00 ^ clk (in)
  44.44   44.44 ^ wire4945/Y (BUFx10_ASAP7_75t_R)
  46.42   90.85 ^ clkbuf_0_clk/Y (BUFx24_ASAP7_75t_R)
  28.76  119.62 ^ clkbuf_1_0_0_clk/Y (BUFx24_ASAP7_75t_R)
  28.26  147.87 ^ clkbuf_2_1_0_clk/Y (BUFx24_ASAP7_75t_R)
  25.61  173.49 ^ clkbuf_3_2_0_clk/Y (BUFx24_ASAP7_75t_R)
  29.85  203.33 ^ clkbuf_4_4_0_clk/Y (BUFx24_ASAP7_75t_R)
  24.35  227.68 ^ clkbuf_6_19_0_clk/Y (BUFx24_ASAP7_75t_R)
  21.69  249.37 ^ clkbuf_7_38__f_clk/Y (BUFx24_ASAP7_75t_R)
  26.71  276.08 ^ clkbuf_leaf_778_clk/Y (BUFx24_ASAP7_75t_R)
   1.89  277.97 ^ _308209_/CLK (DFFHQNx3_ASAP7_75t_R)
  56.19  334.16 ^ _308209_/QN (DFFHQNx3_ASAP7_75t_R)
  26.21  360.37 ^ wire4778/Y (BUFx16f_ASAP7_75t_R)
  56.27  416.64 ^ wire4776/Y (BUFx16f_ASAP7_75t_R)
  30.08  446.72 ^ wire4775/Y (BUFx16f_ASAP7_75t_R)
  60.47  507.19 ^ load_slew4774/Y (BUFx16f_ASAP7_75t_R)
  95.85  603.03 ^ _153629_/Y (AND2x2_ASAP7_75t_R)
 145.04  748.08 v _153630_/Y (NAND2x1_ASAP7_75t_R)
  63.27  811.35 v _153631_/Y (OA21x2_ASAP7_75t_R)
 105.27  916.62 v _153633_/Y (AND3x1_ASAP7_75t_R)
  83.72 1000.34 v _154870_/Y (AO222x2_ASAP7_75t_R)
  46.64 1046.98 v _154873_/Y (OR3x2_ASAP7_75t_R)
  53.58 1100.56 v _154878_/Y (OR5x1_ASAP7_75t_R)
  97.46 1198.02 v _154879_/Y (OR4x1_ASAP7_75t_R)
  69.73 1267.75 v _155829_/Y (OR4x1_ASAP7_75t_R)
  24.44 1292.18 v _155944_/Y (AO221x1_ASAP7_75t_R)
  50.98 1343.16 v _155949_/Y (OR5x1_ASAP7_75t_R)
  33.14 1376.30 v _156013_/Y (AND2x2_ASAP7_75t_R)
  50.65 1426.95 ^ _156016_/Y (NAND3x1_ASAP7_75t_R)
  37.85 1464.80 v _156112_/Y (AOI221x1_ASAP7_75t_R)
  25.93 1490.73 v _156115_/Y (OA21x2_ASAP7_75t_R)
  21.72 1512.45 v _156116_/Y (OR3x1_ASAP7_75t_R)
  38.61 1551.06 v _156123_/Y (AO33x2_ASAP7_75t_R)
  41.48 1592.54 ^ _156140_/Y (NAND2x1_ASAP7_75t_R)
 111.61 1704.15 ^ _156253_/Y (AO221x1_ASAP7_75t_R)
  66.42 1770.57 v _156308_/Y (NAND2x2_ASAP7_75t_R)
  47.11 1817.68 v _156311_/Y (AO21x2_ASAP7_75t_R)
  22.77 1840.45 v _156314_/Y (OA21x2_ASAP7_75t_R)
  27.66 1868.12 v _156388_/Y (AO221x1_ASAP7_75t_R)
  22.59 1890.71 v _156389_/Y (OA21x2_ASAP7_75t_R)
  24.11 1914.83 ^ _156393_/Y (AOI22x1_ASAP7_75t_R)
  54.62 1969.45 v _156410_/Y (NAND2x1_ASAP7_75t_R)
  71.78 2041.23 v _156421_/Y (AO33x2_ASAP7_75t_R)
  31.36 2072.60 ^ _156522_/Y (XNOR2x2_ASAP7_75t_R)
  25.12 2097.72 ^ _156526_/Y (AND4x1_ASAP7_75t_R)
  19.12 2116.83 ^ _156550_/Y (AO21x1_ASAP7_75t_R)
  19.18 2136.01 ^ _156551_/Y (AO21x1_ASAP7_75t_R)
  82.99 2219.01 ^ _156552_/Y (OA211x2_ASAP7_75t_R)
  82.97 2301.97 v _156555_/Y (INVx1_ASAP7_75t_R)
  32.74 2334.71 ^ _156568_/Y (OAI21x1_ASAP7_75t_R)
  34.05 2368.77 v _156616_/Y (AOI221x1_ASAP7_75t_R)
  48.33 2417.09 v _156806_/Y (OA211x2_ASAP7_75t_R)
  13.56 2430.65 ^ _156807_/Y (NAND2x1_ASAP7_75t_R)
  71.41 2502.07 ^ _156882_/Y (AO32x1_ASAP7_75t_R)
  33.66 2535.72 ^ _156995_/Y (OR2x2_ASAP7_75t_R)
  39.31 2575.03 ^ _157002_/Y (AO32x1_ASAP7_75t_R)
  35.10 2610.13 ^ _157004_/Y (XNOR2x2_ASAP7_75t_R)
  14.25 2624.38 v _157005_/Y (NOR3x1_ASAP7_75t_R)
  32.56 2656.94 v _157006_/Y (AND5x2_ASAP7_75t_R)
  28.67 2685.61 v _157078_/Y (OR3x1_ASAP7_75t_R)
  58.66 2744.27 v _157141_/Y (OA33x2_ASAP7_75t_R)
  34.02 2778.29 v _157144_/Y (OR2x2_ASAP7_75t_R)
  24.44 2802.73 v _157145_/Y (AO21x1_ASAP7_75t_R)
  25.92 2828.65 v _157196_/Y (AO32x1_ASAP7_75t_R)
  26.75 2855.41 v _157198_/Y (AO22x1_ASAP7_75t_R)
  22.89 2878.30 v _157222_/Y (AO21x1_ASAP7_75t_R)
  30.77 2909.07 v _157223_/Y (OR3x1_ASAP7_75t_R)
  42.45 2951.52 v _157312_/Y (AO21x1_ASAP7_75t_R)
  57.75 3009.27 ^ _157343_/Y (NAND2x1_ASAP7_75t_R)
  43.30 3052.57 v _157440_/Y (AOI221x1_ASAP7_75t_R)
  30.71 3083.28 v _157456_/Y (OA222x2_ASAP7_75t_R)
  22.22 3105.50 v _157459_/Y (AND5x2_ASAP7_75t_R)
  20.82 3126.32 v _157472_/Y (OA31x2_ASAP7_75t_R)
  42.25 3168.58 v _157475_/Y (OR4x2_ASAP7_75t_R)
  64.50 3233.08 ^ _157478_/Y (NAND2x1_ASAP7_75t_R)
  19.40 3252.47 v _157479_/Y (NOR2x1_ASAP7_75t_R)
  25.13 3277.60 v _157485_/Y (OA21x2_ASAP7_75t_R)
  28.32 3305.92 v _157492_/Y (AO221x1_ASAP7_75t_R)
  26.02 3331.94 v _157649_/Y (OA21x2_ASAP7_75t_R)
  24.30 3356.24 v _157651_/Y (AO21x1_ASAP7_75t_R)
  41.83 3398.07 v _157652_/Y (AO22x1_ASAP7_75t_R)
  64.09 3462.16 ^ _157732_/Y (NAND2x1_ASAP7_75t_R)
  25.46 3487.62 ^ _157764_/Y (AO21x1_ASAP7_75t_R)
  24.35 3511.96 v _157767_/Y (AOI22x1_ASAP7_75t_R)
  35.07 3547.04 v _157790_/Y (OA21x2_ASAP7_75t_R)
  18.74 3565.78 ^ _157827_/Y (AOI211x1_ASAP7_75t_R)
  19.47 3585.25 v _157842_/Y (OAI21x1_ASAP7_75t_R)
  90.29 3675.54 v _157921_/Y (AO221x1_ASAP7_75t_R)
  46.51 3722.05 v _157922_/Y (AO221x1_ASAP7_75t_R)
  27.43 3749.48 v _157925_/Y (AO32x2_ASAP7_75t_R)
  22.56 3772.04 v _157949_/Y (OA211x2_ASAP7_75t_R)
  32.14 3804.17 v _157967_/Y (AO222x2_ASAP7_75t_R)
  38.20 3842.38 v _158020_/Y (AO221x1_ASAP7_75t_R)
  28.44 3870.82 v _158084_/Y (AO211x2_ASAP7_75t_R)
  42.92 3913.75 v _158094_/Y (AND2x2_ASAP7_75t_R)
  47.43 3961.18 v _158173_/Y (OR3x2_ASAP7_75t_R)
  22.66 3983.84 v _158271_/Y (AO221x1_ASAP7_75t_R)
  32.98 4016.82 v _158272_/Y (OR5x1_ASAP7_75t_R)
  46.35 4063.17 v _158273_/Y (OR5x1_ASAP7_75t_R)
  19.78 4082.95 ^ _158274_/Y (NAND2x2_ASAP7_75t_R)
  55.14 4138.09 v _158287_/Y (OAI21x1_ASAP7_75t_R)
  50.89 4188.97 v _158298_/Y (AND2x2_ASAP7_75t_R)
  35.83 4224.80 v _158304_/Y (OA211x2_ASAP7_75t_R)
  29.40 4254.20 v _158330_/Y (XNOR2x2_ASAP7_75t_R)
  29.49 4283.70 v _158388_/Y (OR5x1_ASAP7_75t_R)
  43.07 4326.76 v _158399_/Y (AO33x2_ASAP7_75t_R)
  25.52 4352.29 v _158436_/Y (AND2x2_ASAP7_75t_R)
  79.84 4432.12 v _158437_/Y (OR3x1_ASAP7_75t_R)
  69.36 4501.48 v _158474_/Y (AND2x2_ASAP7_75t_R)
  37.44 4538.93 ^ _158476_/Y (AOI22x1_ASAP7_75t_R)
  22.97 4561.89 ^ _158477_/Y (AND2x2_ASAP7_75t_R)
  15.93 4577.82 v _158496_/Y (AOI221x1_ASAP7_75t_R)
  32.93 4610.75 v _158497_/Y (MAJx2_ASAP7_75t_R)
  24.66 4635.41 v _158571_/Y (AO21x1_ASAP7_75t_R)
  46.94 4682.35 v _158629_/Y (AO221x2_ASAP7_75t_R)
  80.71 4763.07 ^ _158672_/Y (NAND2x1_ASAP7_75t_R)
  34.83 4797.90 ^ _158689_/Y (AND2x2_ASAP7_75t_R)
  22.56 4820.46 ^ _158690_/Y (OA21x2_ASAP7_75t_R)
  19.98 4840.43 ^ _158691_/Y (OR2x2_ASAP7_75t_R)
  22.78 4863.21 ^ _158702_/Y (AND3x1_ASAP7_75t_R)
  21.75 4884.96 ^ _158720_/Y (OA21x2_ASAP7_75t_R)
  24.37 4909.33 ^ _158743_/Y (OA31x2_ASAP7_75t_R)
  15.03 4924.36 ^ _158761_/Y (OR4x1_ASAP7_75t_R)
  47.73 4972.10 ^ _158764_/Y (AND5x2_ASAP7_75t_R)
  51.96 5024.05 ^ _159054_/Y (OA21x2_ASAP7_75t_R)
 109.75 5133.81 ^ _159120_/Y (OA21x2_ASAP7_75t_R)
  57.09 5190.90 ^ _159154_/Y (AO221x1_ASAP7_75t_R)
  97.70 5288.61 ^ _159901_/Y (AND2x2_ASAP7_75t_R)
 160.23 5448.83 v _159903_/Y (NOR2x1_ASAP7_75t_R)
 112.70 5561.53 ^ _163131_/Y (NAND2x2_ASAP7_75t_R)
  35.00 5596.53 ^ load_slew954/Y (BUFx16f_ASAP7_75t_R)
  34.40 5630.93 ^ load_slew952/Y (BUFx16f_ASAP7_75t_R)
 142.80 5773.73 ^ _164753_/Y (OR2x2_ASAP7_75t_R)
  52.43 5826.16 v _201064_/Y (NAND2x1_ASAP7_75t_R)
  21.03 5847.19 v _201067_/Y (AO21x1_ASAP7_75t_R)
  26.46 5873.65 v _201068_/Y (OA211x2_ASAP7_75t_R)
  16.46 5890.11 v _201069_/Y (AO21x1_ASAP7_75t_R)
  15.15 5905.26 v _201070_/Y (AND2x2_ASAP7_75t_R)
   0.10 5905.35 v _312524_/D (DFFHQNx1_ASAP7_75t_R)
        5905.35   data arrival time

5500.00 5500.00   clock core_clk (rise edge)
   0.00 5500.00   clock source latency
   0.00 5500.00 ^ clk (in)
  43.78 5543.78 ^ wire4945/Y (BUFx10_ASAP7_75t_R)
  44.99 5588.77 ^ clkbuf_0_clk/Y (BUFx24_ASAP7_75t_R)
  27.54 5616.31 ^ clkbuf_1_1_0_clk/Y (BUFx24_ASAP7_75t_R)
  27.37 5643.69 ^ clkbuf_2_3_0_clk/Y (BUFx24_ASAP7_75t_R)
  25.30 5668.98 ^ clkbuf_3_7_0_clk/Y (BUFx24_ASAP7_75t_R)
  28.72 5697.71 ^ clkbuf_4_14_0_clk/Y (BUFx24_ASAP7_75t_R)
  22.00 5719.71 ^ clkbuf_6_57_0_clk/Y (BUFx24_ASAP7_75t_R)
  19.73 5739.44 ^ clkbuf_7_114__f_clk/Y (BUFx24_ASAP7_75t_R)
  21.51 5760.95 ^ clkbuf_leaf_491_clk/Y (BUFx24_ASAP7_75t_R)
   1.40 5762.34 ^ _312524_/CLK (DFFHQNx1_ASAP7_75t_R)
 -50.00 5712.34   clock uncertainty
   2.08 5714.43   clock reconvergence pessimism
  -0.18 5714.25   library setup time
        5714.25   data required time
---------------------------------------------------------
        5714.25   data required time
        -5905.35   data arrival time
---------------------------------------------------------
        -191.11   slack (VIOLATED)


Startpoint: _308209_ (rising edge-triggered flip-flop clocked by core_clk)
Endpoint: _312551_ (rising edge-triggered flip-flop clocked by core_clk)
Path Group: reg2reg
Path Type: max

  Delay    Time   Description
---------------------------------------------------------
   0.00    0.00   clock core_clk (rise edge)
   0.00    0.00   clock source latency
   0.00    0.00 ^ clk (in)
  44.44   44.44 ^ wire4945/Y (BUFx10_ASAP7_75t_R)
  46.42   90.85 ^ clkbuf_0_clk/Y (BUFx24_ASAP7_75t_R)
  28.76  119.62 ^ clkbuf_1_0_0_clk/Y (BUFx24_ASAP7_75t_R)
  28.26  147.87 ^ clkbuf_2_1_0_clk/Y (BUFx24_ASAP7_75t_R)
  25.61  173.49 ^ clkbuf_3_2_0_clk/Y (BUFx24_ASAP7_75t_R)
  29.85  203.33 ^ clkbuf_4_4_0_clk/Y (BUFx24_ASAP7_75t_R)
  24.35  227.68 ^ clkbuf_6_19_0_clk/Y (BUFx24_ASAP7_75t_R)
  21.69  249.37 ^ clkbuf_7_38__f_clk/Y (BUFx24_ASAP7_75t_R)
  26.71  276.08 ^ clkbuf_leaf_778_clk/Y (BUFx24_ASAP7_75t_R)
   1.89  277.97 ^ _308209_/CLK (DFFHQNx3_ASAP7_75t_R)
  56.19  334.16 ^ _308209_/QN (DFFHQNx3_ASAP7_75t_R)
  26.21  360.37 ^ wire4778/Y (BUFx16f_ASAP7_75t_R)
  56.27  416.64 ^ wire4776/Y (BUFx16f_ASAP7_75t_R)
  30.08  446.72 ^ wire4775/Y (BUFx16f_ASAP7_75t_R)
  60.47  507.19 ^ load_slew4774/Y (BUFx16f_ASAP7_75t_R)
  95.85  603.03 ^ _153629_/Y (AND2x2_ASAP7_75t_R)
 145.04  748.08 v _153630_/Y (NAND2x1_ASAP7_75t_R)
  63.27  811.35 v _153631_/Y (OA21x2_ASAP7_75t_R)
 105.27  916.62 v _153633_/Y (AND3x1_ASAP7_75t_R)
  83.72 1000.34 v _154870_/Y (AO222x2_ASAP7_75t_R)
  46.64 1046.98 v _154873_/Y (OR3x2_ASAP7_75t_R)
  53.58 1100.56 v _154878_/Y (OR5x1_ASAP7_75t_R)
  97.46 1198.02 v _154879_/Y (OR4x1_ASAP7_75t_R)
  69.73 1267.75 v _155829_/Y (OR4x1_ASAP7_75t_R)
  24.44 1292.18 v _155944_/Y (AO221x1_ASAP7_75t_R)
  50.98 1343.16 v _155949_/Y (OR5x1_ASAP7_75t_R)
  33.14 1376.30 v _156013_/Y (AND2x2_ASAP7_75t_R)
  50.65 1426.95 ^ _156016_/Y (NAND3x1_ASAP7_75t_R)
  37.85 1464.80 v _156112_/Y (AOI221x1_ASAP7_75t_R)
  25.93 1490.73 v _156115_/Y (OA21x2_ASAP7_75t_R)
  21.72 1512.45 v _156116_/Y (OR3x1_ASAP7_75t_R)
  38.61 1551.06 v _156123_/Y (AO33x2_ASAP7_75t_R)
  41.48 1592.54 ^ _156140_/Y (NAND2x1_ASAP7_75t_R)
 111.61 1704.15 ^ _156253_/Y (AO221x1_ASAP7_75t_R)
  66.42 1770.57 v _156308_/Y (NAND2x2_ASAP7_75t_R)
  47.11 1817.68 v _156311_/Y (AO21x2_ASAP7_75t_R)
  22.77 1840.45 v _156314_/Y (OA21x2_ASAP7_75t_R)
  27.66 1868.12 v _156388_/Y (AO221x1_ASAP7_75t_R)
  22.59 1890.71 v _156389_/Y (OA21x2_ASAP7_75t_R)
  24.11 1914.83 ^ _156393_/Y (AOI22x1_ASAP7_75t_R)
  54.62 1969.45 v _156410_/Y (NAND2x1_ASAP7_75t_R)
  71.78 2041.23 v _156421_/Y (AO33x2_ASAP7_75t_R)
  31.36 2072.60 ^ _156522_/Y (XNOR2x2_ASAP7_75t_R)
  25.12 2097.72 ^ _156526_/Y (AND4x1_ASAP7_75t_R)
  19.12 2116.83 ^ _156550_/Y (AO21x1_ASAP7_75t_R)
  19.18 2136.01 ^ _156551_/Y (AO21x1_ASAP7_75t_R)
  82.99 2219.01 ^ _156552_/Y (OA211x2_ASAP7_75t_R)
  82.97 2301.97 v _156555_/Y (INVx1_ASAP7_75t_R)
  32.74 2334.71 ^ _156568_/Y (OAI21x1_ASAP7_75t_R)
  34.05 2368.77 v _156616_/Y (AOI221x1_ASAP7_75t_R)
  48.33 2417.09 v _156806_/Y (OA211x2_ASAP7_75t_R)
  13.56 2430.65 ^ _156807_/Y (NAND2x1_ASAP7_75t_R)
  71.41 2502.07 ^ _156882_/Y (AO32x1_ASAP7_75t_R)
  33.66 2535.72 ^ _156995_/Y (OR2x2_ASAP7_75t_R)
  39.31 2575.03 ^ _157002_/Y (AO32x1_ASAP7_75t_R)
  35.10 2610.13 ^ _157004_/Y (XNOR2x2_ASAP7_75t_R)
  14.25 2624.38 v _157005_/Y (NOR3x1_ASAP7_75t_R)
  32.56 2656.94 v _157006_/Y (AND5x2_ASAP7_75t_R)
  28.67 2685.61 v _157078_/Y (OR3x1_ASAP7_75t_R)
  58.66 2744.27 v _157141_/Y (OA33x2_ASAP7_75t_R)
  34.02 2778.29 v _157144_/Y (OR2x2_ASAP7_75t_R)
  24.44 2802.73 v _157145_/Y (AO21x1_ASAP7_75t_R)
  25.92 2828.65 v _157196_/Y (AO32x1_ASAP7_75t_R)
  26.75 2855.41 v _157198_/Y (AO22x1_ASAP7_75t_R)
  22.89 2878.30 v _157222_/Y (AO21x1_ASAP7_75t_R)
  30.77 2909.07 v _157223_/Y (OR3x1_ASAP7_75t_R)
  42.45 2951.52 v _157312_/Y (AO21x1_ASAP7_75t_R)
  57.75 3009.27 ^ _157343_/Y (NAND2x1_ASAP7_75t_R)
  43.30 3052.57 v _157440_/Y (AOI221x1_ASAP7_75t_R)
  30.71 3083.28 v _157456_/Y (OA222x2_ASAP7_75t_R)
  22.22 3105.50 v _157459_/Y (AND5x2_ASAP7_75t_R)
  20.82 3126.32 v _157472_/Y (OA31x2_ASAP7_75t_R)
  42.25 3168.58 v _157475_/Y (OR4x2_ASAP7_75t_R)
  64.50 3233.08 ^ _157478_/Y (NAND2x1_ASAP7_75t_R)
  19.40 3252.47 v _157479_/Y (NOR2x1_ASAP7_75t_R)
  25.13 3277.60 v _157485_/Y (OA21x2_ASAP7_75t_R)
  28.32 3305.92 v _157492_/Y (AO221x1_ASAP7_75t_R)
  26.02 3331.94 v _157649_/Y (OA21x2_ASAP7_75t_R)
  24.30 3356.24 v _157651_/Y (AO21x1_ASAP7_75t_R)
  41.83 3398.07 v _157652_/Y (AO22x1_ASAP7_75t_R)
  64.09 3462.16 ^ _157732_/Y (NAND2x1_ASAP7_75t_R)
  25.46 3487.62 ^ _157764_/Y (AO21x1_ASAP7_75t_R)
  24.35 3511.96 v _157767_/Y (AOI22x1_ASAP7_75t_R)
  35.07 3547.04 v _157790_/Y (OA21x2_ASAP7_75t_R)
  18.74 3565.78 ^ _157827_/Y (AOI211x1_ASAP7_75t_R)
  19.47 3585.25 v _157842_/Y (OAI21x1_ASAP7_75t_R)
  90.29 3675.54 v _157921_/Y (AO221x1_ASAP7_75t_R)
  46.51 3722.05 v _157922_/Y (AO221x1_ASAP7_75t_R)
  27.43 3749.48 v _157925_/Y (AO32x2_ASAP7_75t_R)
  22.56 3772.04 v _157949_/Y (OA211x2_ASAP7_75t_R)
  32.14 3804.17 v _157967_/Y (AO222x2_ASAP7_75t_R)
  38.20 3842.38 v _158020_/Y (AO221x1_ASAP7_75t_R)
  28.44 3870.82 v _158084_/Y (AO211x2_ASAP7_75t_R)
  42.92 3913.75 v _158094_/Y (AND2x2_ASAP7_75t_R)
  47.43 3961.18 v _158173_/Y (OR3x2_ASAP7_75t_R)
  22.66 3983.84 v _158271_/Y (AO221x1_ASAP7_75t_R)
  32.98 4016.82 v _158272_/Y (OR5x1_ASAP7_75t_R)
  46.35 4063.17 v _158273_/Y (OR5x1_ASAP7_75t_R)
  19.78 4082.95 ^ _158274_/Y (NAND2x2_ASAP7_75t_R)
  55.14 4138.09 v _158287_/Y (OAI21x1_ASAP7_75t_R)
  50.89 4188.97 v _158298_/Y (AND2x2_ASAP7_75t_R)
  35.83 4224.80 v _158304_/Y (OA211x2_ASAP7_75t_R)
  29.40 4254.20 v _158330_/Y (XNOR2x2_ASAP7_75t_R)
  29.49 4283.70 v _158388_/Y (OR5x1_ASAP7_75t_R)
  43.07 4326.76 v _158399_/Y (AO33x2_ASAP7_75t_R)
  25.52 4352.29 v _158436_/Y (AND2x2_ASAP7_75t_R)
  79.84 4432.12 v _158437_/Y (OR3x1_ASAP7_75t_R)
  69.36 4501.48 v _158474_/Y (AND2x2_ASAP7_75t_R)
  37.44 4538.93 ^ _158476_/Y (AOI22x1_ASAP7_75t_R)
  22.97 4561.89 ^ _158477_/Y (AND2x2_ASAP7_75t_R)
  15.93 4577.82 v _158496_/Y (AOI221x1_ASAP7_75t_R)
  32.93 4610.75 v _158497_/Y (MAJx2_ASAP7_75t_R)
  24.66 4635.41 v _158571_/Y (AO21x1_ASAP7_75t_R)
  46.94 4682.35 v _158629_/Y (AO221x2_ASAP7_75t_R)
  80.71 4763.07 ^ _158672_/Y (NAND2x1_ASAP7_75t_R)
  34.83 4797.90 ^ _158689_/Y (AND2x2_ASAP7_75t_R)
  22.56 4820.46 ^ _158690_/Y (OA21x2_ASAP7_75t_R)
  19.98 4840.43 ^ _158691_/Y (OR2x2_ASAP7_75t_R)
  22.78 4863.21 ^ _158702_/Y (AND3x1_ASAP7_75t_R)
  21.75 4884.96 ^ _158720_/Y (OA21x2_ASAP7_75t_R)
  24.37 4909.33 ^ _158743_/Y (OA31x2_ASAP7_75t_R)
  15.03 4924.36 ^ _158761_/Y (OR4x1_ASAP7_75t_R)
  47.73 4972.10 ^ _158764_/Y (AND5x2_ASAP7_75t_R)
  51.96 5024.05 ^ _159054_/Y (OA21x2_ASAP7_75t_R)
 109.75 5133.81 ^ _159120_/Y (OA21x2_ASAP7_75t_R)
  57.09 5190.90 ^ _159154_/Y (AO221x1_ASAP7_75t_R)
  97.70 5288.61 ^ _159901_/Y (AND2x2_ASAP7_75t_R)
 160.23 5448.83 v _159903_/Y (NOR2x1_ASAP7_75t_R)
 112.70 5561.53 ^ _163131_/Y (NAND2x2_ASAP7_75t_R)
  35.00 5596.53 ^ load_slew954/Y (BUFx16f_ASAP7_75t_R)
  34.40 5630.93 ^ load_slew952/Y (BUFx16f_ASAP7_75t_R)
 142.80 5773.73 ^ _164753_/Y (OR2x2_ASAP7_75t_R)
  48.50 5822.23 v _201247_/Y (NAND2x1_ASAP7_75t_R)
  20.38 5842.61 v _201248_/Y (AO21x1_ASAP7_75t_R)
  25.68 5868.29 v _201249_/Y (OA211x2_ASAP7_75t_R)
  16.68 5884.98 v _201250_/Y (AO21x1_ASAP7_75t_R)
  15.17 5900.15 v _201251_/Y (AND2x2_ASAP7_75t_R)
   0.07 5900.22 v _312551_/D (DFFHQNx1_ASAP7_75t_R)
        5900.22   data arrival time

5500.00 5500.00   clock core_clk (rise edge)
   0.00 5500.00   clock source latency
   0.00 5500.00 ^ clk (in)
  43.78 5543.78 ^ wire4945/Y (BUFx10_ASAP7_75t_R)
  44.99 5588.77 ^ clkbuf_0_clk/Y (BUFx24_ASAP7_75t_R)
  27.54 5616.31 ^ clkbuf_1_1_0_clk/Y (BUFx24_ASAP7_75t_R)
  27.37 5643.69 ^ clkbuf_2_3_0_clk/Y (BUFx24_ASAP7_75t_R)
  25.30 5668.98 ^ clkbuf_3_7_0_clk/Y (BUFx24_ASAP7_75t_R)
  28.72 5697.71 ^ clkbuf_4_14_0_clk/Y (BUFx24_ASAP7_75t_R)
  22.00 5719.71 ^ clkbuf_6_57_0_clk/Y (BUFx24_ASAP7_75t_R)
  19.69 5739.40 ^ clkbuf_7_115__f_clk/Y (BUFx24_ASAP7_75t_R)
  21.50 5760.90 ^ clkbuf_leaf_506_clk/Y (BUFx24_ASAP7_75t_R)
   1.12 5762.02 ^ _312551_/CLK (DFFHQNx1_ASAP7_75t_R)
 -50.00 5712.02   clock uncertainty
   2.08 5714.10   clock reconvergence pessimism
  -0.87 5713.24   library setup time
        5713.24   data required time
---------------------------------------------------------
        5713.24   data required time
        -5900.22   data arrival time
---------------------------------------------------------
        -186.98   slack (VIOLATED)


Startpoint: _308209_ (rising edge-triggered flip-flop clocked by core_clk)
Endpoint: _312527_ (rising edge-triggered flip-flop clocked by core_clk)
Path Group: reg2reg
Path Type: max

  Delay    Time   Description
---------------------------------------------------------
   0.00    0.00   clock core_clk (rise edge)
   0.00    0.00   clock source latency
   0.00    0.00 ^ clk (in)
  44.44   44.44 ^ wire4945/Y (BUFx10_ASAP7_75t_R)
  46.42   90.85 ^ clkbuf_0_clk/Y (BUFx24_ASAP7_75t_R)
  28.76  119.62 ^ clkbuf_1_0_0_clk/Y (BUFx24_ASAP7_75t_R)
  28.26  147.87 ^ clkbuf_2_1_0_clk/Y (BUFx24_ASAP7_75t_R)
  25.61  173.49 ^ clkbuf_3_2_0_clk/Y (BUFx24_ASAP7_75t_R)
  29.85  203.33 ^ clkbuf_4_4_0_clk/Y (BUFx24_ASAP7_75t_R)
  24.35  227.68 ^ clkbuf_6_19_0_clk/Y (BUFx24_ASAP7_75t_R)
  21.69  249.37 ^ clkbuf_7_38__f_clk/Y (BUFx24_ASAP7_75t_R)
  26.71  276.08 ^ clkbuf_leaf_778_clk/Y (BUFx24_ASAP7_75t_R)
   1.89  277.97 ^ _308209_/CLK (DFFHQNx3_ASAP7_75t_R)
  56.19  334.16 ^ _308209_/QN (DFFHQNx3_ASAP7_75t_R)
  26.21  360.37 ^ wire4778/Y (BUFx16f_ASAP7_75t_R)
  56.27  416.64 ^ wire4776/Y (BUFx16f_ASAP7_75t_R)
  30.08  446.72 ^ wire4775/Y (BUFx16f_ASAP7_75t_R)
  60.47  507.19 ^ load_slew4774/Y (BUFx16f_ASAP7_75t_R)
  95.85  603.03 ^ _153629_/Y (AND2x2_ASAP7_75t_R)
 145.04  748.08 v _153630_/Y (NAND2x1_ASAP7_75t_R)
  63.27  811.35 v _153631_/Y (OA21x2_ASAP7_75t_R)
 105.27  916.62 v _153633_/Y (AND3x1_ASAP7_75t_R)
  83.72 1000.34 v _154870_/Y (AO222x2_ASAP7_75t_R)
  46.64 1046.98 v _154873_/Y (OR3x2_ASAP7_75t_R)
  53.58 1100.56 v _154878_/Y (OR5x1_ASAP7_75t_R)
  97.46 1198.02 v _154879_/Y (OR4x1_ASAP7_75t_R)
  69.73 1267.75 v _155829_/Y (OR4x1_ASAP7_75t_R)
  24.44 1292.18 v _155944_/Y (AO221x1_ASAP7_75t_R)
  50.98 1343.16 v _155949_/Y (OR5x1_ASAP7_75t_R)
  33.14 1376.30 v _156013_/Y (AND2x2_ASAP7_75t_R)
  50.65 1426.95 ^ _156016_/Y (NAND3x1_ASAP7_75t_R)
  37.85 1464.80 v _156112_/Y (AOI221x1_ASAP7_75t_R)
  25.93 1490.73 v _156115_/Y (OA21x2_ASAP7_75t_R)
  21.72 1512.45 v _156116_/Y (OR3x1_ASAP7_75t_R)
  38.61 1551.06 v _156123_/Y (AO33x2_ASAP7_75t_R)
  41.48 1592.54 ^ _156140_/Y (NAND2x1_ASAP7_75t_R)
 111.61 1704.15 ^ _156253_/Y (AO221x1_ASAP7_75t_R)
  66.42 1770.57 v _156308_/Y (NAND2x2_ASAP7_75t_R)
  47.11 1817.68 v _156311_/Y (AO21x2_ASAP7_75t_R)
  22.77 1840.45 v _156314_/Y (OA21x2_ASAP7_75t_R)
  27.66 1868.12 v _156388_/Y (AO221x1_ASAP7_75t_R)
  22.59 1890.71 v _156389_/Y (OA21x2_ASAP7_75t_R)
  24.11 1914.83 ^ _156393_/Y (AOI22x1_ASAP7_75t_R)
  54.62 1969.45 v _156410_/Y (NAND2x1_ASAP7_75t_R)
  71.78 2041.23 v _156421_/Y (AO33x2_ASAP7_75t_R)
  31.36 2072.60 ^ _156522_/Y (XNOR2x2_ASAP7_75t_R)
  25.12 2097.72 ^ _156526_/Y (AND4x1_ASAP7_75t_R)
  19.12 2116.83 ^ _156550_/Y (AO21x1_ASAP7_75t_R)
  19.18 2136.01 ^ _156551_/Y (AO21x1_ASAP7_75t_R)
  82.99 2219.01 ^ _156552_/Y (OA211x2_ASAP7_75t_R)
  82.97 2301.97 v _156555_/Y (INVx1_ASAP7_75t_R)
  32.74 2334.71 ^ _156568_/Y (OAI21x1_ASAP7_75t_R)
  34.05 2368.77 v _156616_/Y (AOI221x1_ASAP7_75t_R)
  48.33 2417.09 v _156806_/Y (OA211x2_ASAP7_75t_R)
  13.56 2430.65 ^ _156807_/Y (NAND2x1_ASAP7_75t_R)
  71.41 2502.07 ^ _156882_/Y (AO32x1_ASAP7_75t_R)
  33.66 2535.72 ^ _156995_/Y (OR2x2_ASAP7_75t_R)
  39.31 2575.03 ^ _157002_/Y (AO32x1_ASAP7_75t_R)
  35.10 2610.13 ^ _157004_/Y (XNOR2x2_ASAP7_75t_R)
  14.25 2624.38 v _157005_/Y (NOR3x1_ASAP7_75t_R)
  32.56 2656.94 v _157006_/Y (AND5x2_ASAP7_75t_R)
  28.67 2685.61 v _157078_/Y (OR3x1_ASAP7_75t_R)
  58.66 2744.27 v _157141_/Y (OA33x2_ASAP7_75t_R)
  34.02 2778.29 v _157144_/Y (OR2x2_ASAP7_75t_R)
  24.44 2802.73 v _157145_/Y (AO21x1_ASAP7_75t_R)
  25.92 2828.65 v _157196_/Y (AO32x1_ASAP7_75t_R)
  26.75 2855.41 v _157198_/Y (AO22x1_ASAP7_75t_R)
  22.89 2878.30 v _157222_/Y (AO21x1_ASAP7_75t_R)
  30.77 2909.07 v _157223_/Y (OR3x1_ASAP7_75t_R)
  42.45 2951.52 v _157312_/Y (AO21x1_ASAP7_75t_R)
  57.75 3009.27 ^ _157343_/Y (NAND2x1_ASAP7_75t_R)
  43.30 3052.57 v _157440_/Y (AOI221x1_ASAP7_75t_R)
  30.71 3083.28 v _157456_/Y (OA222x2_ASAP7_75t_R)
  22.22 3105.50 v _157459_/Y (AND5x2_ASAP7_75t_R)
  20.82 3126.32 v _157472_/Y (OA31x2_ASAP7_75t_R)
  42.25 3168.58 v _157475_/Y (OR4x2_ASAP7_75t_R)
  64.50 3233.08 ^ _157478_/Y (NAND2x1_ASAP7_75t_R)
  19.40 3252.47 v _157479_/Y (NOR2x1_ASAP7_75t_R)
  25.13 3277.60 v _157485_/Y (OA21x2_ASAP7_75t_R)
  28.32 3305.92 v _157492_/Y (AO221x1_ASAP7_75t_R)
  26.02 3331.94 v _157649_/Y (OA21x2_ASAP7_75t_R)
  24.30 3356.24 v _157651_/Y (AO21x1_ASAP7_75t_R)
  41.83 3398.07 v _157652_/Y (AO22x1_ASAP7_75t_R)
  64.09 3462.16 ^ _157732_/Y (NAND2x1_ASAP7_75t_R)
  25.46 3487.62 ^ _157764_/Y (AO21x1_ASAP7_75t_R)
  24.35 3511.96 v _157767_/Y (AOI22x1_ASAP7_75t_R)
  35.07 3547.04 v _157790_/Y (OA21x2_ASAP7_75t_R)
  18.74 3565.78 ^ _157827_/Y (AOI211x1_ASAP7_75t_R)
  19.47 3585.25 v _157842_/Y (OAI21x1_ASAP7_75t_R)
  90.29 3675.54 v _157921_/Y (AO221x1_ASAP7_75t_R)
  46.51 3722.05 v _157922_/Y (AO221x1_ASAP7_75t_R)
  27.43 3749.48 v _157925_/Y (AO32x2_ASAP7_75t_R)
  22.56 3772.04 v _157949_/Y (OA211x2_ASAP7_75t_R)
  32.14 3804.17 v _157967_/Y (AO222x2_ASAP7_75t_R)
  38.20 3842.38 v _158020_/Y (AO221x1_ASAP7_75t_R)
  28.44 3870.82 v _158084_/Y (AO211x2_ASAP7_75t_R)
  42.92 3913.75 v _158094_/Y (AND2x2_ASAP7_75t_R)
  47.43 3961.18 v _158173_/Y (OR3x2_ASAP7_75t_R)
  22.66 3983.84 v _158271_/Y (AO221x1_ASAP7_75t_R)
  32.98 4016.82 v _158272_/Y (OR5x1_ASAP7_75t_R)
  46.35 4063.17 v _158273_/Y (OR5x1_ASAP7_75t_R)
  19.78 4082.95 ^ _158274_/Y (NAND2x2_ASAP7_75t_R)
  55.14 4138.09 v _158287_/Y (OAI21x1_ASAP7_75t_R)
  50.89 4188.97 v _158298_/Y (AND2x2_ASAP7_75t_R)
  35.83 4224.80 v _158304_/Y (OA211x2_ASAP7_75t_R)
  29.40 4254.20 v _158330_/Y (XNOR2x2_ASAP7_75t_R)
  29.49 4283.70 v _158388_/Y (OR5x1_ASAP7_75t_R)
  43.07 4326.76 v _158399_/Y (AO33x2_ASAP7_75t_R)
  25.52 4352.29 v _158436_/Y (AND2x2_ASAP7_75t_R)
  79.84 4432.12 v _158437_/Y (OR3x1_ASAP7_75t_R)
  69.36 4501.48 v _158474_/Y (AND2x2_ASAP7_75t_R)
  37.44 4538.93 ^ _158476_/Y (AOI22x1_ASAP7_75t_R)
  22.97 4561.89 ^ _158477_/Y (AND2x2_ASAP7_75t_R)
  15.93 4577.82 v _158496_/Y (AOI221x1_ASAP7_75t_R)
  32.93 4610.75 v _158497_/Y (MAJx2_ASAP7_75t_R)
  24.66 4635.41 v _158571_/Y (AO21x1_ASAP7_75t_R)
  46.94 4682.35 v _158629_/Y (AO221x2_ASAP7_75t_R)
  80.71 4763.07 ^ _158672_/Y (NAND2x1_ASAP7_75t_R)
  34.83 4797.90 ^ _158689_/Y (AND2x2_ASAP7_75t_R)
  22.56 4820.46 ^ _158690_/Y (OA21x2_ASAP7_75t_R)
  19.98 4840.43 ^ _158691_/Y (OR2x2_ASAP7_75t_R)
  22.78 4863.21 ^ _158702_/Y (AND3x1_ASAP7_75t_R)
  21.75 4884.96 ^ _158720_/Y (OA21x2_ASAP7_75t_R)
  24.37 4909.33 ^ _158743_/Y (OA31x2_ASAP7_75t_R)
  15.03 4924.36 ^ _158761_/Y (OR4x1_ASAP7_75t_R)
  47.73 4972.10 ^ _158764_/Y (AND5x2_ASAP7_75t_R)
  51.96 5024.05 ^ _159054_/Y (OA21x2_ASAP7_75t_R)
 109.75 5133.81 ^ _159120_/Y (OA21x2_ASAP7_75t_R)
  57.09 5190.90 ^ _159154_/Y (AO221x1_ASAP7_75t_R)
  97.70 5288.61 ^ _159901_/Y (AND2x2_ASAP7_75t_R)
 160.23 5448.83 v _159903_/Y (NOR2x1_ASAP7_75t_R)
 112.70 5561.53 ^ _163131_/Y (NAND2x2_ASAP7_75t_R)
  35.00 5596.53 ^ load_slew954/Y (BUFx16f_ASAP7_75t_R)
  34.40 5630.93 ^ load_slew952/Y (BUFx16f_ASAP7_75t_R)
 142.80 5773.73 ^ _164753_/Y (OR2x2_ASAP7_75t_R)
  54.05 5827.79 v _201084_/Y (NAND2x1_ASAP7_75t_R)
  20.84 5848.62 v _201085_/Y (AO21x1_ASAP7_75t_R)
  26.15 5874.77 v _201086_/Y (OA211x2_ASAP7_75t_R)
  15.93 5890.70 v _201087_/Y (AO21x1_ASAP7_75t_R)
  14.87 5905.58 v _201088_/Y (AND2x2_ASAP7_75t_R)
   0.06 5905.63 v _312527_/D (DFFHQNx1_ASAP7_75t_R)
        5905.63   data arrival time

5500.00 5500.00   clock core_clk (rise edge)
   0.00 5500.00   clock source latency
   0.00 5500.00 ^ clk (in)
  43.78 5543.78 ^ wire4945/Y (BUFx10_ASAP7_75t_R)
  44.99 5588.77 ^ clkbuf_0_clk/Y (BUFx24_ASAP7_75t_R)
  27.54 5616.31 ^ clkbuf_1_1_0_clk/Y (BUFx24_ASAP7_75t_R)
  27.37 5643.69 ^ clkbuf_2_3_0_clk/Y (BUFx24_ASAP7_75t_R)
  22.31 5665.99 ^ clkbuf_3_6_0_clk/Y (BUFx24_ASAP7_75t_R)
  27.65 5693.64 ^ clkbuf_4_13_0_clk/Y (BUFx24_ASAP7_75t_R)
  25.02 5718.66 ^ clkbuf_6_54_0_clk/Y (BUFx24_ASAP7_75t_R)
  20.47 5739.13 ^ clkbuf_7_109__f_clk/Y (BUFx24_ASAP7_75t_R)
  25.45 5764.58 ^ clkbuf_leaf_488_clk/Y (BUFx24_ASAP7_75t_R)
   2.26 5766.84 ^ _312527_/CLK (DFFHQNx1_ASAP7_75t_R)
 -50.00 5716.84   clock uncertainty
   2.08 5718.92   clock reconvergence pessimism
  -0.06 5718.86   library setup time
        5718.86   data required time
---------------------------------------------------------
        5718.86   data required time
        -5905.63   data arrival time
---------------------------------------------------------
        -186.78   slack (VIOLATED)


Startpoint: _308209_ (rising edge-triggered flip-flop clocked by core_clk)
Endpoint: _312548_ (rising edge-triggered flip-flop clocked by core_clk)
Path Group: reg2reg
Path Type: max

  Delay    Time   Description
---------------------------------------------------------
   0.00    0.00   clock core_clk (rise edge)
   0.00    0.00   clock source latency
   0.00    0.00 ^ clk (in)
  44.44   44.44 ^ wire4945/Y (BUFx10_ASAP7_75t_R)
  46.42   90.85 ^ clkbuf_0_clk/Y (BUFx24_ASAP7_75t_R)
  28.76  119.62 ^ clkbuf_1_0_0_clk/Y (BUFx24_ASAP7_75t_R)
  28.26  147.87 ^ clkbuf_2_1_0_clk/Y (BUFx24_ASAP7_75t_R)
  25.61  173.49 ^ clkbuf_3_2_0_clk/Y (BUFx24_ASAP7_75t_R)
  29.85  203.33 ^ clkbuf_4_4_0_clk/Y (BUFx24_ASAP7_75t_R)
  24.35  227.68 ^ clkbuf_6_19_0_clk/Y (BUFx24_ASAP7_75t_R)
  21.69  249.37 ^ clkbuf_7_38__f_clk/Y (BUFx24_ASAP7_75t_R)
  26.71  276.08 ^ clkbuf_leaf_778_clk/Y (BUFx24_ASAP7_75t_R)
   1.89  277.97 ^ _308209_/CLK (DFFHQNx3_ASAP7_75t_R)
  56.19  334.16 ^ _308209_/QN (DFFHQNx3_ASAP7_75t_R)
  26.21  360.37 ^ wire4778/Y (BUFx16f_ASAP7_75t_R)
  56.27  416.64 ^ wire4776/Y (BUFx16f_ASAP7_75t_R)
  30.08  446.72 ^ wire4775/Y (BUFx16f_ASAP7_75t_R)
  60.47  507.19 ^ load_slew4774/Y (BUFx16f_ASAP7_75t_R)
  95.85  603.03 ^ _153629_/Y (AND2x2_ASAP7_75t_R)
 145.04  748.08 v _153630_/Y (NAND2x1_ASAP7_75t_R)
  63.27  811.35 v _153631_/Y (OA21x2_ASAP7_75t_R)
 105.27  916.62 v _153633_/Y (AND3x1_ASAP7_75t_R)
  83.72 1000.34 v _154870_/Y (AO222x2_ASAP7_75t_R)
  46.64 1046.98 v _154873_/Y (OR3x2_ASAP7_75t_R)
  53.58 1100.56 v _154878_/Y (OR5x1_ASAP7_75t_R)
  97.46 1198.02 v _154879_/Y (OR4x1_ASAP7_75t_R)
  69.73 1267.75 v _155829_/Y (OR4x1_ASAP7_75t_R)
  24.44 1292.18 v _155944_/Y (AO221x1_ASAP7_75t_R)
  50.98 1343.16 v _155949_/Y (OR5x1_ASAP7_75t_R)
  33.14 1376.30 v _156013_/Y (AND2x2_ASAP7_75t_R)
  50.65 1426.95 ^ _156016_/Y (NAND3x1_ASAP7_75t_R)
  37.85 1464.80 v _156112_/Y (AOI221x1_ASAP7_75t_R)
  25.93 1490.73 v _156115_/Y (OA21x2_ASAP7_75t_R)
  21.72 1512.45 v _156116_/Y (OR3x1_ASAP7_75t_R)
  38.61 1551.06 v _156123_/Y (AO33x2_ASAP7_75t_R)
  41.48 1592.54 ^ _156140_/Y (NAND2x1_ASAP7_75t_R)
 111.61 1704.15 ^ _156253_/Y (AO221x1_ASAP7_75t_R)
  66.42 1770.57 v _156308_/Y (NAND2x2_ASAP7_75t_R)
  47.11 1817.68 v _156311_/Y (AO21x2_ASAP7_75t_R)
  22.77 1840.45 v _156314_/Y (OA21x2_ASAP7_75t_R)
  27.66 1868.12 v _156388_/Y (AO221x1_ASAP7_75t_R)
  22.59 1890.71 v _156389_/Y (OA21x2_ASAP7_75t_R)
  24.11 1914.83 ^ _156393_/Y (AOI22x1_ASAP7_75t_R)
  54.62 1969.45 v _156410_/Y (NAND2x1_ASAP7_75t_R)
  71.78 2041.23 v _156421_/Y (AO33x2_ASAP7_75t_R)
  31.36 2072.60 ^ _156522_/Y (XNOR2x2_ASAP7_75t_R)
  25.12 2097.72 ^ _156526_/Y (AND4x1_ASAP7_75t_R)
  19.12 2116.83 ^ _156550_/Y (AO21x1_ASAP7_75t_R)
  19.18 2136.01 ^ _156551_/Y (AO21x1_ASAP7_75t_R)
  82.99 2219.01 ^ _156552_/Y (OA211x2_ASAP7_75t_R)
  82.97 2301.97 v _156555_/Y (INVx1_ASAP7_75t_R)
  32.74 2334.71 ^ _156568_/Y (OAI21x1_ASAP7_75t_R)
  34.05 2368.77 v _156616_/Y (AOI221x1_ASAP7_75t_R)
  48.33 2417.09 v _156806_/Y (OA211x2_ASAP7_75t_R)
  13.56 2430.65 ^ _156807_/Y (NAND2x1_ASAP7_75t_R)
  71.41 2502.07 ^ _156882_/Y (AO32x1_ASAP7_75t_R)
  33.66 2535.72 ^ _156995_/Y (OR2x2_ASAP7_75t_R)
  39.31 2575.03 ^ _157002_/Y (AO32x1_ASAP7_75t_R)
  35.10 2610.13 ^ _157004_/Y (XNOR2x2_ASAP7_75t_R)
  14.25 2624.38 v _157005_/Y (NOR3x1_ASAP7_75t_R)
  32.56 2656.94 v _157006_/Y (AND5x2_ASAP7_75t_R)
  28.67 2685.61 v _157078_/Y (OR3x1_ASAP7_75t_R)
  58.66 2744.27 v _157141_/Y (OA33x2_ASAP7_75t_R)
  34.02 2778.29 v _157144_/Y (OR2x2_ASAP7_75t_R)
  24.44 2802.73 v _157145_/Y (AO21x1_ASAP7_75t_R)
  25.92 2828.65 v _157196_/Y (AO32x1_ASAP7_75t_R)
  26.75 2855.41 v _157198_/Y (AO22x1_ASAP7_75t_R)
  22.89 2878.30 v _157222_/Y (AO21x1_ASAP7_75t_R)
  30.77 2909.07 v _157223_/Y (OR3x1_ASAP7_75t_R)
  42.45 2951.52 v _157312_/Y (AO21x1_ASAP7_75t_R)
  57.75 3009.27 ^ _157343_/Y (NAND2x1_ASAP7_75t_R)
  43.30 3052.57 v _157440_/Y (AOI221x1_ASAP7_75t_R)
  30.71 3083.28 v _157456_/Y (OA222x2_ASAP7_75t_R)
  22.22 3105.50 v _157459_/Y (AND5x2_ASAP7_75t_R)
  20.82 3126.32 v _157472_/Y (OA31x2_ASAP7_75t_R)
  42.25 3168.58 v _157475_/Y (OR4x2_ASAP7_75t_R)
  64.50 3233.08 ^ _157478_/Y (NAND2x1_ASAP7_75t_R)
  19.40 3252.47 v _157479_/Y (NOR2x1_ASAP7_75t_R)
  25.13 3277.60 v _157485_/Y (OA21x2_ASAP7_75t_R)
  28.32 3305.92 v _157492_/Y (AO221x1_ASAP7_75t_R)
  26.02 3331.94 v _157649_/Y (OA21x2_ASAP7_75t_R)
  24.30 3356.24 v _157651_/Y (AO21x1_ASAP7_75t_R)
  41.83 3398.07 v _157652_/Y (AO22x1_ASAP7_75t_R)
  64.09 3462.16 ^ _157732_/Y (NAND2x1_ASAP7_75t_R)
  25.46 3487.62 ^ _157764_/Y (AO21x1_ASAP7_75t_R)
  24.35 3511.96 v _157767_/Y (AOI22x1_ASAP7_75t_R)
  35.07 3547.04 v _157790_/Y (OA21x2_ASAP7_75t_R)
  18.74 3565.78 ^ _157827_/Y (AOI211x1_ASAP7_75t_R)
  19.47 3585.25 v _157842_/Y (OAI21x1_ASAP7_75t_R)
  90.29 3675.54 v _157921_/Y (AO221x1_ASAP7_75t_R)
  46.51 3722.05 v _157922_/Y (AO221x1_ASAP7_75t_R)
  27.43 3749.48 v _157925_/Y (AO32x2_ASAP7_75t_R)
  22.56 3772.04 v _157949_/Y (OA211x2_ASAP7_75t_R)
  32.14 3804.17 v _157967_/Y (AO222x2_ASAP7_75t_R)
  38.20 3842.38 v _158020_/Y (AO221x1_ASAP7_75t_R)
  28.44 3870.82 v _158084_/Y (AO211x2_ASAP7_75t_R)
  42.92 3913.75 v _158094_/Y (AND2x2_ASAP7_75t_R)
  47.43 3961.18 v _158173_/Y (OR3x2_ASAP7_75t_R)
  22.66 3983.84 v _158271_/Y (AO221x1_ASAP7_75t_R)
  32.98 4016.82 v _158272_/Y (OR5x1_ASAP7_75t_R)
  46.35 4063.17 v _158273_/Y (OR5x1_ASAP7_75t_R)
  19.78 4082.95 ^ _158274_/Y (NAND2x2_ASAP7_75t_R)
  55.14 4138.09 v _158287_/Y (OAI21x1_ASAP7_75t_R)
  50.89 4188.97 v _158298_/Y (AND2x2_ASAP7_75t_R)
  35.83 4224.80 v _158304_/Y (OA211x2_ASAP7_75t_R)
  29.40 4254.20 v _158330_/Y (XNOR2x2_ASAP7_75t_R)
  29.49 4283.70 v _158388_/Y (OR5x1_ASAP7_75t_R)
  43.07 4326.76 v _158399_/Y (AO33x2_ASAP7_75t_R)
  25.52 4352.29 v _158436_/Y (AND2x2_ASAP7_75t_R)
  79.84 4432.12 v _158437_/Y (OR3x1_ASAP7_75t_R)
  69.36 4501.48 v _158474_/Y (AND2x2_ASAP7_75t_R)
  37.44 4538.93 ^ _158476_/Y (AOI22x1_ASAP7_75t_R)
  22.97 4561.89 ^ _158477_/Y (AND2x2_ASAP7_75t_R)
  15.93 4577.82 v _158496_/Y (AOI221x1_ASAP7_75t_R)
  32.93 4610.75 v _158497_/Y (MAJx2_ASAP7_75t_R)
  24.66 4635.41 v _158571_/Y (AO21x1_ASAP7_75t_R)
  46.94 4682.35 v _158629_/Y (AO221x2_ASAP7_75t_R)
  80.71 4763.07 ^ _158672_/Y (NAND2x1_ASAP7_75t_R)
  34.83 4797.90 ^ _158689_/Y (AND2x2_ASAP7_75t_R)
  22.56 4820.46 ^ _158690_/Y (OA21x2_ASAP7_75t_R)
  19.98 4840.43 ^ _158691_/Y (OR2x2_ASAP7_75t_R)
  22.78 4863.21 ^ _158702_/Y (AND3x1_ASAP7_75t_R)
  21.75 4884.96 ^ _158720_/Y (OA21x2_ASAP7_75t_R)
  24.37 4909.33 ^ _158743_/Y (OA31x2_ASAP7_75t_R)
  15.03 4924.36 ^ _158761_/Y (OR4x1_ASAP7_75t_R)
  47.73 4972.10 ^ _158764_/Y (AND5x2_ASAP7_75t_R)
  51.96 5024.05 ^ _159054_/Y (OA21x2_ASAP7_75t_R)
 109.75 5133.81 ^ _159120_/Y (OA21x2_ASAP7_75t_R)
  57.09 5190.90 ^ _159154_/Y (AO221x1_ASAP7_75t_R)
  97.70 5288.61 ^ _159901_/Y (AND2x2_ASAP7_75t_R)
 160.23 5448.83 v _159903_/Y (NOR2x1_ASAP7_75t_R)
 112.70 5561.53 ^ _163131_/Y (NAND2x2_ASAP7_75t_R)
  35.00 5596.53 ^ load_slew954/Y (BUFx16f_ASAP7_75t_R)
  34.40 5630.93 ^ load_slew952/Y (BUFx16f_ASAP7_75t_R)
 142.80 5773.73 ^ _164753_/Y (OR2x2_ASAP7_75t_R)
  52.85 5826.59 v _201227_/Y (NAND2x1_ASAP7_75t_R)
  20.48 5847.07 v _201228_/Y (AO21x1_ASAP7_75t_R)
  26.42 5873.49 v _201229_/Y (OA211x2_ASAP7_75t_R)
  16.33 5889.82 v _201230_/Y (AO21x1_ASAP7_75t_R)
  14.94 5904.76 v _201231_/Y (AND2x2_ASAP7_75t_R)
   0.09 5904.85 v _312548_/D (DFFHQNx1_ASAP7_75t_R)
        5904.85   data arrival time

5500.00 5500.00   clock core_clk (rise edge)
   0.00 5500.00   clock source latency
   0.00 5500.00 ^ clk (in)
  43.78 5543.78 ^ wire4945/Y (BUFx10_ASAP7_75t_R)
  44.99 5588.77 ^ clkbuf_0_clk/Y (BUFx24_ASAP7_75t_R)
  27.54 5616.31 ^ clkbuf_1_1_0_clk/Y (BUFx24_ASAP7_75t_R)
  27.37 5643.69 ^ clkbuf_2_3_0_clk/Y (BUFx24_ASAP7_75t_R)
  22.31 5665.99 ^ clkbuf_3_6_0_clk/Y (BUFx24_ASAP7_75t_R)
  27.65 5693.64 ^ clkbuf_4_13_0_clk/Y (BUFx24_ASAP7_75t_R)
  25.02 5718.66 ^ clkbuf_6_54_0_clk/Y (BUFx24_ASAP7_75t_R)
  20.47 5739.13 ^ clkbuf_7_109__f_clk/Y (BUFx24_ASAP7_75t_R)
  27.32 5766.46 ^ clkbuf_leaf_489_clk/Y (BUFx24_ASAP7_75t_R)
   1.07 5767.53 ^ _312548_/CLK (DFFHQNx1_ASAP7_75t_R)
 -50.00 5717.53   clock uncertainty
   2.08 5719.61   clock reconvergence pessimism
  -1.39 5718.23   library setup time
        5718.23   data required time
---------------------------------------------------------
        5718.23   data required time
        -5904.85   data arrival time
---------------------------------------------------------
        -186.63   slack (VIOLATED)


Startpoint: _308209_ (rising edge-triggered flip-flop clocked by core_clk)
Endpoint: _312554_ (rising edge-triggered flip-flop clocked by core_clk)
Path Group: reg2reg
Path Type: max

  Delay    Time   Description
---------------------------------------------------------
   0.00    0.00   clock core_clk (rise edge)
   0.00    0.00   clock source latency
   0.00    0.00 ^ clk (in)
  44.44   44.44 ^ wire4945/Y (BUFx10_ASAP7_75t_R)
  46.42   90.85 ^ clkbuf_0_clk/Y (BUFx24_ASAP7_75t_R)
  28.76  119.62 ^ clkbuf_1_0_0_clk/Y (BUFx24_ASAP7_75t_R)
  28.26  147.87 ^ clkbuf_2_1_0_clk/Y (BUFx24_ASAP7_75t_R)
  25.61  173.49 ^ clkbuf_3_2_0_clk/Y (BUFx24_ASAP7_75t_R)
  29.85  203.33 ^ clkbuf_4_4_0_clk/Y (BUFx24_ASAP7_75t_R)
  24.35  227.68 ^ clkbuf_6_19_0_clk/Y (BUFx24_ASAP7_75t_R)
  21.69  249.37 ^ clkbuf_7_38__f_clk/Y (BUFx24_ASAP7_75t_R)
  26.71  276.08 ^ clkbuf_leaf_778_clk/Y (BUFx24_ASAP7_75t_R)
   1.89  277.97 ^ _308209_/CLK (DFFHQNx3_ASAP7_75t_R)
  56.19  334.16 ^ _308209_/QN (DFFHQNx3_ASAP7_75t_R)
  26.21  360.37 ^ wire4778/Y (BUFx16f_ASAP7_75t_R)
  56.27  416.64 ^ wire4776/Y (BUFx16f_ASAP7_75t_R)
  30.08  446.72 ^ wire4775/Y (BUFx16f_ASAP7_75t_R)
  60.47  507.19 ^ load_slew4774/Y (BUFx16f_ASAP7_75t_R)
  95.85  603.03 ^ _153629_/Y (AND2x2_ASAP7_75t_R)
 145.04  748.08 v _153630_/Y (NAND2x1_ASAP7_75t_R)
  63.27  811.35 v _153631_/Y (OA21x2_ASAP7_75t_R)
 105.27  916.62 v _153633_/Y (AND3x1_ASAP7_75t_R)
  83.72 1000.34 v _154870_/Y (AO222x2_ASAP7_75t_R)
  46.64 1046.98 v _154873_/Y (OR3x2_ASAP7_75t_R)
  53.58 1100.56 v _154878_/Y (OR5x1_ASAP7_75t_R)
  97.46 1198.02 v _154879_/Y (OR4x1_ASAP7_75t_R)
  69.73 1267.75 v _155829_/Y (OR4x1_ASAP7_75t_R)
  24.44 1292.18 v _155944_/Y (AO221x1_ASAP7_75t_R)
  50.98 1343.16 v _155949_/Y (OR5x1_ASAP7_75t_R)
  33.14 1376.30 v _156013_/Y (AND2x2_ASAP7_75t_R)
  50.65 1426.95 ^ _156016_/Y (NAND3x1_ASAP7_75t_R)
  37.85 1464.80 v _156112_/Y (AOI221x1_ASAP7_75t_R)
  25.93 1490.73 v _156115_/Y (OA21x2_ASAP7_75t_R)
  21.72 1512.45 v _156116_/Y (OR3x1_ASAP7_75t_R)
  38.61 1551.06 v _156123_/Y (AO33x2_ASAP7_75t_R)
  41.48 1592.54 ^ _156140_/Y (NAND2x1_ASAP7_75t_R)
 111.61 1704.15 ^ _156253_/Y (AO221x1_ASAP7_75t_R)
  66.42 1770.57 v _156308_/Y (NAND2x2_ASAP7_75t_R)
  47.11 1817.68 v _156311_/Y (AO21x2_ASAP7_75t_R)
  22.77 1840.45 v _156314_/Y (OA21x2_ASAP7_75t_R)
  27.66 1868.12 v _156388_/Y (AO221x1_ASAP7_75t_R)
  22.59 1890.71 v _156389_/Y (OA21x2_ASAP7_75t_R)
  24.11 1914.83 ^ _156393_/Y (AOI22x1_ASAP7_75t_R)
  54.62 1969.45 v _156410_/Y (NAND2x1_ASAP7_75t_R)
  71.78 2041.23 v _156421_/Y (AO33x2_ASAP7_75t_R)
  31.36 2072.60 ^ _156522_/Y (XNOR2x2_ASAP7_75t_R)
  25.12 2097.72 ^ _156526_/Y (AND4x1_ASAP7_75t_R)
  19.12 2116.83 ^ _156550_/Y (AO21x1_ASAP7_75t_R)
  19.18 2136.01 ^ _156551_/Y (AO21x1_ASAP7_75t_R)
  82.99 2219.01 ^ _156552_/Y (OA211x2_ASAP7_75t_R)
  82.97 2301.97 v _156555_/Y (INVx1_ASAP7_75t_R)
  32.74 2334.71 ^ _156568_/Y (OAI21x1_ASAP7_75t_R)
  34.05 2368.77 v _156616_/Y (AOI221x1_ASAP7_75t_R)
  48.33 2417.09 v _156806_/Y (OA211x2_ASAP7_75t_R)
  13.56 2430.65 ^ _156807_/Y (NAND2x1_ASAP7_75t_R)
  71.41 2502.07 ^ _156882_/Y (AO32x1_ASAP7_75t_R)
  33.66 2535.72 ^ _156995_/Y (OR2x2_ASAP7_75t_R)
  39.31 2575.03 ^ _157002_/Y (AO32x1_ASAP7_75t_R)
  35.10 2610.13 ^ _157004_/Y (XNOR2x2_ASAP7_75t_R)
  14.25 2624.38 v _157005_/Y (NOR3x1_ASAP7_75t_R)
  32.56 2656.94 v _157006_/Y (AND5x2_ASAP7_75t_R)
  28.67 2685.61 v _157078_/Y (OR3x1_ASAP7_75t_R)
  58.66 2744.27 v _157141_/Y (OA33x2_ASAP7_75t_R)
  34.02 2778.29 v _157144_/Y (OR2x2_ASAP7_75t_R)
  24.44 2802.73 v _157145_/Y (AO21x1_ASAP7_75t_R)
  25.92 2828.65 v _157196_/Y (AO32x1_ASAP7_75t_R)
  26.75 2855.41 v _157198_/Y (AO22x1_ASAP7_75t_R)
  22.89 2878.30 v _157222_/Y (AO21x1_ASAP7_75t_R)
  30.77 2909.07 v _157223_/Y (OR3x1_ASAP7_75t_R)
  42.45 2951.52 v _157312_/Y (AO21x1_ASAP7_75t_R)
  57.75 3009.27 ^ _157343_/Y (NAND2x1_ASAP7_75t_R)
  43.30 3052.57 v _157440_/Y (AOI221x1_ASAP7_75t_R)
  30.71 3083.28 v _157456_/Y (OA222x2_ASAP7_75t_R)
  22.22 3105.50 v _157459_/Y (AND5x2_ASAP7_75t_R)
  20.82 3126.32 v _157472_/Y (OA31x2_ASAP7_75t_R)
  42.25 3168.58 v _157475_/Y (OR4x2_ASAP7_75t_R)
  64.50 3233.08 ^ _157478_/Y (NAND2x1_ASAP7_75t_R)
  19.40 3252.47 v _157479_/Y (NOR2x1_ASAP7_75t_R)
  25.13 3277.60 v _157485_/Y (OA21x2_ASAP7_75t_R)
  28.32 3305.92 v _157492_/Y (AO221x1_ASAP7_75t_R)
  26.02 3331.94 v _157649_/Y (OA21x2_ASAP7_75t_R)
  24.30 3356.24 v _157651_/Y (AO21x1_ASAP7_75t_R)
  41.83 3398.07 v _157652_/Y (AO22x1_ASAP7_75t_R)
  64.09 3462.16 ^ _157732_/Y (NAND2x1_ASAP7_75t_R)
  25.46 3487.62 ^ _157764_/Y (AO21x1_ASAP7_75t_R)
  24.35 3511.96 v _157767_/Y (AOI22x1_ASAP7_75t_R)
  35.07 3547.04 v _157790_/Y (OA21x2_ASAP7_75t_R)
  18.74 3565.78 ^ _157827_/Y (AOI211x1_ASAP7_75t_R)
  19.47 3585.25 v _157842_/Y (OAI21x1_ASAP7_75t_R)
  90.29 3675.54 v _157921_/Y (AO221x1_ASAP7_75t_R)
  46.51 3722.05 v _157922_/Y (AO221x1_ASAP7_75t_R)
  27.43 3749.48 v _157925_/Y (AO32x2_ASAP7_75t_R)
  22.56 3772.04 v _157949_/Y (OA211x2_ASAP7_75t_R)
  32.14 3804.17 v _157967_/Y (AO222x2_ASAP7_75t_R)
  38.20 3842.38 v _158020_/Y (AO221x1_ASAP7_75t_R)
  28.44 3870.82 v _158084_/Y (AO211x2_ASAP7_75t_R)
  42.92 3913.75 v _158094_/Y (AND2x2_ASAP7_75t_R)
  47.43 3961.18 v _158173_/Y (OR3x2_ASAP7_75t_R)
  22.66 3983.84 v _158271_/Y (AO221x1_ASAP7_75t_R)
  32.98 4016.82 v _158272_/Y (OR5x1_ASAP7_75t_R)
  46.35 4063.17 v _158273_/Y (OR5x1_ASAP7_75t_R)
  19.78 4082.95 ^ _158274_/Y (NAND2x2_ASAP7_75t_R)
  55.14 4138.09 v _158287_/Y (OAI21x1_ASAP7_75t_R)
  50.89 4188.97 v _158298_/Y (AND2x2_ASAP7_75t_R)
  35.83 4224.80 v _158304_/Y (OA211x2_ASAP7_75t_R)
  29.40 4254.20 v _158330_/Y (XNOR2x2_ASAP7_75t_R)
  29.49 4283.70 v _158388_/Y (OR5x1_ASAP7_75t_R)
  43.07 4326.76 v _158399_/Y (AO33x2_ASAP7_75t_R)
  25.52 4352.29 v _158436_/Y (AND2x2_ASAP7_75t_R)
  79.84 4432.12 v _158437_/Y (OR3x1_ASAP7_75t_R)
  69.36 4501.48 v _158474_/Y (AND2x2_ASAP7_75t_R)
  37.44 4538.93 ^ _158476_/Y (AOI22x1_ASAP7_75t_R)
  22.97 4561.89 ^ _158477_/Y (AND2x2_ASAP7_75t_R)
  15.93 4577.82 v _158496_/Y (AOI221x1_ASAP7_75t_R)
  32.93 4610.75 v _158497_/Y (MAJx2_ASAP7_75t_R)
  24.66 4635.41 v _158571_/Y (AO21x1_ASAP7_75t_R)
  46.94 4682.35 v _158629_/Y (AO221x2_ASAP7_75t_R)
  80.71 4763.07 ^ _158672_/Y (NAND2x1_ASAP7_75t_R)
  34.83 4797.90 ^ _158689_/Y (AND2x2_ASAP7_75t_R)
  22.56 4820.46 ^ _158690_/Y (OA21x2_ASAP7_75t_R)
  19.98 4840.43 ^ _158691_/Y (OR2x2_ASAP7_75t_R)
  22.78 4863.21 ^ _158702_/Y (AND3x1_ASAP7_75t_R)
  21.75 4884.96 ^ _158720_/Y (OA21x2_ASAP7_75t_R)
  24.37 4909.33 ^ _158743_/Y (OA31x2_ASAP7_75t_R)
  15.03 4924.36 ^ _158761_/Y (OR4x1_ASAP7_75t_R)
  47.73 4972.10 ^ _158764_/Y (AND5x2_ASAP7_75t_R)
  51.96 5024.05 ^ _159054_/Y (OA21x2_ASAP7_75t_R)
 109.75 5133.81 ^ _159120_/Y (OA21x2_ASAP7_75t_R)
  57.09 5190.90 ^ _159154_/Y (AO221x1_ASAP7_75t_R)
  97.70 5288.61 ^ _159901_/Y (AND2x2_ASAP7_75t_R)
 160.23 5448.83 v _159903_/Y (NOR2x1_ASAP7_75t_R)
 112.70 5561.53 ^ _163131_/Y (NAND2x2_ASAP7_75t_R)
  35.00 5596.53 ^ load_slew954/Y (BUFx16f_ASAP7_75t_R)
  34.40 5630.93 ^ load_slew952/Y (BUFx16f_ASAP7_75t_R)
 142.80 5773.73 ^ _164753_/Y (OR2x2_ASAP7_75t_R)
  51.04 5824.77 v _201265_/Y (NAND2x1_ASAP7_75t_R)
  21.05 5845.82 v _201266_/Y (AO21x1_ASAP7_75t_R)
  26.26 5872.08 v _201267_/Y (OA211x2_ASAP7_75t_R)
  17.18 5889.26 v _201268_/Y (AO21x1_ASAP7_75t_R)
  14.98 5904.24 v _201269_/Y (AND2x2_ASAP7_75t_R)
   0.05 5904.29 v _312554_/D (DFFHQNx1_ASAP7_75t_R)
        5904.29   data arrival time

5500.00 5500.00   clock core_clk (rise edge)
   0.00 5500.00   clock source latency
   0.00 5500.00 ^ clk (in)
  43.78 5543.78 ^ wire4945/Y (BUFx10_ASAP7_75t_R)
  44.99 5588.77 ^ clkbuf_0_clk/Y (BUFx24_ASAP7_75t_R)
  27.54 5616.31 ^ clkbuf_1_1_0_clk/Y (BUFx24_ASAP7_75t_R)
  27.37 5643.69 ^ clkbuf_2_3_0_clk/Y (BUFx24_ASAP7_75t_R)
  22.31 5665.99 ^ clkbuf_3_6_0_clk/Y (BUFx24_ASAP7_75t_R)
  28.18 5694.18 ^ clkbuf_4_12_0_clk/Y (BUFx24_ASAP7_75t_R)
  26.31 5720.48 ^ clkbuf_6_51_0_clk/Y (BUFx24_ASAP7_75t_R)
  20.81 5741.29 ^ clkbuf_7_103__f_clk/Y (BUFx24_ASAP7_75t_R)
  23.41 5764.70 ^ clkbuf_leaf_473_clk/Y (BUFx24_ASAP7_75t_R)
   1.47 5766.17 ^ _312554_/CLK (DFFHQNx1_ASAP7_75t_R)
 -50.00 5716.17   clock uncertainty
   2.08 5718.25   clock reconvergence pessimism
   0.02 5718.27   library setup time
        5718.27   data required time
---------------------------------------------------------
        5718.27   data required time
        -5904.29   data arrival time
---------------------------------------------------------
        -186.02   slack (VIOLATED)


Startpoint: _308209_ (rising edge-triggered flip-flop clocked by core_clk)
Endpoint: _312545_ (rising edge-triggered flip-flop clocked by core_clk)
Path Group: reg2reg
Path Type: max

  Delay    Time   Description
---------------------------------------------------------
   0.00    0.00   clock core_clk (rise edge)
   0.00    0.00   clock source latency
   0.00    0.00 ^ clk (in)
  44.44   44.44 ^ wire4945/Y (BUFx10_ASAP7_75t_R)
  46.42   90.85 ^ clkbuf_0_clk/Y (BUFx24_ASAP7_75t_R)
  28.76  119.62 ^ clkbuf_1_0_0_clk/Y (BUFx24_ASAP7_75t_R)
  28.26  147.87 ^ clkbuf_2_1_0_clk/Y (BUFx24_ASAP7_75t_R)
  25.61  173.49 ^ clkbuf_3_2_0_clk/Y (BUFx24_ASAP7_75t_R)
  29.85  203.33 ^ clkbuf_4_4_0_clk/Y (BUFx24_ASAP7_75t_R)
  24.35  227.68 ^ clkbuf_6_19_0_clk/Y (BUFx24_ASAP7_75t_R)
  21.69  249.37 ^ clkbuf_7_38__f_clk/Y (BUFx24_ASAP7_75t_R)
  26.71  276.08 ^ clkbuf_leaf_778_clk/Y (BUFx24_ASAP7_75t_R)
   1.89  277.97 ^ _308209_/CLK (DFFHQNx3_ASAP7_75t_R)
  56.19  334.16 ^ _308209_/QN (DFFHQNx3_ASAP7_75t_R)
  26.21  360.37 ^ wire4778/Y (BUFx16f_ASAP7_75t_R)
  56.27  416.64 ^ wire4776/Y (BUFx16f_ASAP7_75t_R)
  30.08  446.72 ^ wire4775/Y (BUFx16f_ASAP7_75t_R)
  60.47  507.19 ^ load_slew4774/Y (BUFx16f_ASAP7_75t_R)
  95.85  603.03 ^ _153629_/Y (AND2x2_ASAP7_75t_R)
 145.04  748.08 v _153630_/Y (NAND2x1_ASAP7_75t_R)
  63.27  811.35 v _153631_/Y (OA21x2_ASAP7_75t_R)
 105.27  916.62 v _153633_/Y (AND3x1_ASAP7_75t_R)
  83.72 1000.34 v _154870_/Y (AO222x2_ASAP7_75t_R)
  46.64 1046.98 v _154873_/Y (OR3x2_ASAP7_75t_R)
  53.58 1100.56 v _154878_/Y (OR5x1_ASAP7_75t_R)
  97.46 1198.02 v _154879_/Y (OR4x1_ASAP7_75t_R)
  69.73 1267.75 v _155829_/Y (OR4x1_ASAP7_75t_R)
  24.44 1292.18 v _155944_/Y (AO221x1_ASAP7_75t_R)
  50.98 1343.16 v _155949_/Y (OR5x1_ASAP7_75t_R)
  33.14 1376.30 v _156013_/Y (AND2x2_ASAP7_75t_R)
  50.65 1426.95 ^ _156016_/Y (NAND3x1_ASAP7_75t_R)
  37.85 1464.80 v _156112_/Y (AOI221x1_ASAP7_75t_R)
  25.93 1490.73 v _156115_/Y (OA21x2_ASAP7_75t_R)
  21.72 1512.45 v _156116_/Y (OR3x1_ASAP7_75t_R)
  38.61 1551.06 v _156123_/Y (AO33x2_ASAP7_75t_R)
  41.48 1592.54 ^ _156140_/Y (NAND2x1_ASAP7_75t_R)
 111.61 1704.15 ^ _156253_/Y (AO221x1_ASAP7_75t_R)
  66.42 1770.57 v _156308_/Y (NAND2x2_ASAP7_75t_R)
  47.11 1817.68 v _156311_/Y (AO21x2_ASAP7_75t_R)
  22.77 1840.45 v _156314_/Y (OA21x2_ASAP7_75t_R)
  27.66 1868.12 v _156388_/Y (AO221x1_ASAP7_75t_R)
  22.59 1890.71 v _156389_/Y (OA21x2_ASAP7_75t_R)
  24.11 1914.83 ^ _156393_/Y (AOI22x1_ASAP7_75t_R)
  54.62 1969.45 v _156410_/Y (NAND2x1_ASAP7_75t_R)
  71.78 2041.23 v _156421_/Y (AO33x2_ASAP7_75t_R)
  31.36 2072.60 ^ _156522_/Y (XNOR2x2_ASAP7_75t_R)
  25.12 2097.72 ^ _156526_/Y (AND4x1_ASAP7_75t_R)
  19.12 2116.83 ^ _156550_/Y (AO21x1_ASAP7_75t_R)
  19.18 2136.01 ^ _156551_/Y (AO21x1_ASAP7_75t_R)
  82.99 2219.01 ^ _156552_/Y (OA211x2_ASAP7_75t_R)
  82.97 2301.97 v _156555_/Y (INVx1_ASAP7_75t_R)
  32.74 2334.71 ^ _156568_/Y (OAI21x1_ASAP7_75t_R)
  34.05 2368.77 v _156616_/Y (AOI221x1_ASAP7_75t_R)
  48.33 2417.09 v _156806_/Y (OA211x2_ASAP7_75t_R)
  13.56 2430.65 ^ _156807_/Y (NAND2x1_ASAP7_75t_R)
  71.41 2502.07 ^ _156882_/Y (AO32x1_ASAP7_75t_R)
  33.66 2535.72 ^ _156995_/Y (OR2x2_ASAP7_75t_R)
  39.31 2575.03 ^ _157002_/Y (AO32x1_ASAP7_75t_R)
  35.10 2610.13 ^ _157004_/Y (XNOR2x2_ASAP7_75t_R)
  14.25 2624.38 v _157005_/Y (NOR3x1_ASAP7_75t_R)
  32.56 2656.94 v _157006_/Y (AND5x2_ASAP7_75t_R)
  28.67 2685.61 v _157078_/Y (OR3x1_ASAP7_75t_R)
  58.66 2744.27 v _157141_/Y (OA33x2_ASAP7_75t_R)
  34.02 2778.29 v _157144_/Y (OR2x2_ASAP7_75t_R)
  24.44 2802.73 v _157145_/Y (AO21x1_ASAP7_75t_R)
  25.92 2828.65 v _157196_/Y (AO32x1_ASAP7_75t_R)
  26.75 2855.41 v _157198_/Y (AO22x1_ASAP7_75t_R)
  22.89 2878.30 v _157222_/Y (AO21x1_ASAP7_75t_R)
  30.77 2909.07 v _157223_/Y (OR3x1_ASAP7_75t_R)
  42.45 2951.52 v _157312_/Y (AO21x1_ASAP7_75t_R)
  57.75 3009.27 ^ _157343_/Y (NAND2x1_ASAP7_75t_R)
  43.30 3052.57 v _157440_/Y (AOI221x1_ASAP7_75t_R)
  30.71 3083.28 v _157456_/Y (OA222x2_ASAP7_75t_R)
  22.22 3105.50 v _157459_/Y (AND5x2_ASAP7_75t_R)
  20.82 3126.32 v _157472_/Y (OA31x2_ASAP7_75t_R)
  42.25 3168.58 v _157475_/Y (OR4x2_ASAP7_75t_R)
  64.50 3233.08 ^ _157478_/Y (NAND2x1_ASAP7_75t_R)
  19.40 3252.47 v _157479_/Y (NOR2x1_ASAP7_75t_R)
  25.13 3277.60 v _157485_/Y (OA21x2_ASAP7_75t_R)
  28.32 3305.92 v _157492_/Y (AO221x1_ASAP7_75t_R)
  26.02 3331.94 v _157649_/Y (OA21x2_ASAP7_75t_R)
  24.30 3356.24 v _157651_/Y (AO21x1_ASAP7_75t_R)
  41.83 3398.07 v _157652_/Y (AO22x1_ASAP7_75t_R)
  64.09 3462.16 ^ _157732_/Y (NAND2x1_ASAP7_75t_R)
  25.46 3487.62 ^ _157764_/Y (AO21x1_ASAP7_75t_R)
  24.35 3511.96 v _157767_/Y (AOI22x1_ASAP7_75t_R)
  35.07 3547.04 v _157790_/Y (OA21x2_ASAP7_75t_R)
  18.74 3565.78 ^ _157827_/Y (AOI211x1_ASAP7_75t_R)
  19.47 3585.25 v _157842_/Y (OAI21x1_ASAP7_75t_R)
  90.29 3675.54 v _157921_/Y (AO221x1_ASAP7_75t_R)
  46.51 3722.05 v _157922_/Y (AO221x1_ASAP7_75t_R)
  27.43 3749.48 v _157925_/Y (AO32x2_ASAP7_75t_R)
  22.56 3772.04 v _157949_/Y (OA211x2_ASAP7_75t_R)
  32.14 3804.17 v _157967_/Y (AO222x2_ASAP7_75t_R)
  38.20 3842.38 v _158020_/Y (AO221x1_ASAP7_75t_R)
  28.44 3870.82 v _158084_/Y (AO211x2_ASAP7_75t_R)
  42.92 3913.75 v _158094_/Y (AND2x2_ASAP7_75t_R)
  47.43 3961.18 v _158173_/Y (OR3x2_ASAP7_75t_R)
  22.66 3983.84 v _158271_/Y (AO221x1_ASAP7_75t_R)
  32.98 4016.82 v _158272_/Y (OR5x1_ASAP7_75t_R)
  46.35 4063.17 v _158273_/Y (OR5x1_ASAP7_75t_R)
  19.78 4082.95 ^ _158274_/Y (NAND2x2_ASAP7_75t_R)
  55.14 4138.09 v _158287_/Y (OAI21x1_ASAP7_75t_R)
  50.89 4188.97 v _158298_/Y (AND2x2_ASAP7_75t_R)
  35.83 4224.80 v _158304_/Y (OA211x2_ASAP7_75t_R)
  29.40 4254.20 v _158330_/Y (XNOR2x2_ASAP7_75t_R)
  29.49 4283.70 v _158388_/Y (OR5x1_ASAP7_75t_R)
  43.07 4326.76 v _158399_/Y (AO33x2_ASAP7_75t_R)
  25.52 4352.29 v _158436_/Y (AND2x2_ASAP7_75t_R)
  79.84 4432.12 v _158437_/Y (OR3x1_ASAP7_75t_R)
  69.36 4501.48 v _158474_/Y (AND2x2_ASAP7_75t_R)
  37.44 4538.93 ^ _158476_/Y (AOI22x1_ASAP7_75t_R)
  22.97 4561.89 ^ _158477_/Y (AND2x2_ASAP7_75t_R)
  15.93 4577.82 v _158496_/Y (AOI221x1_ASAP7_75t_R)
  32.93 4610.75 v _158497_/Y (MAJx2_ASAP7_75t_R)
  24.66 4635.41 v _158571_/Y (AO21x1_ASAP7_75t_R)
  46.94 4682.35 v _158629_/Y (AO221x2_ASAP7_75t_R)
  80.71 4763.07 ^ _158672_/Y (NAND2x1_ASAP7_75t_R)
  34.83 4797.90 ^ _158689_/Y (AND2x2_ASAP7_75t_R)
  22.56 4820.46 ^ _158690_/Y (OA21x2_ASAP7_75t_R)
  19.98 4840.43 ^ _158691_/Y (OR2x2_ASAP7_75t_R)
  22.78 4863.21 ^ _158702_/Y (AND3x1_ASAP7_75t_R)
  21.75 4884.96 ^ _158720_/Y (OA21x2_ASAP7_75t_R)
  24.37 4909.33 ^ _158743_/Y (OA31x2_ASAP7_75t_R)
  15.03 4924.36 ^ _158761_/Y (OR4x1_ASAP7_75t_R)
  47.73 4972.10 ^ _158764_/Y (AND5x2_ASAP7_75t_R)
  51.96 5024.05 ^ _159054_/Y (OA21x2_ASAP7_75t_R)
 109.75 5133.81 ^ _159120_/Y (OA21x2_ASAP7_75t_R)
  57.09 5190.90 ^ _159154_/Y (AO221x1_ASAP7_75t_R)
  97.70 5288.61 ^ _159901_/Y (AND2x2_ASAP7_75t_R)
 160.23 5448.83 v _159903_/Y (NOR2x1_ASAP7_75t_R)
 112.70 5561.53 ^ _163131_/Y (NAND2x2_ASAP7_75t_R)
  35.00 5596.53 ^ load_slew954/Y (BUFx16f_ASAP7_75t_R)
  34.40 5630.93 ^ load_slew952/Y (BUFx16f_ASAP7_75t_R)
 142.80 5773.73 ^ _164753_/Y (OR2x2_ASAP7_75t_R)
  50.87 5824.60 v _201209_/Y (NAND2x1_ASAP7_75t_R)
  20.74 5845.34 v _201210_/Y (AO21x1_ASAP7_75t_R)
  25.78 5871.12 v _201211_/Y (OA211x2_ASAP7_75t_R)
  16.82 5887.94 v _201212_/Y (AO21x1_ASAP7_75t_R)
  14.71 5902.65 v _201213_/Y (AND2x2_ASAP7_75t_R)
   0.03 5902.68 v _312545_/D (DFFHQNx1_ASAP7_75t_R)
        5902.68   data arrival time

5500.00 5500.00   clock core_clk (rise edge)
   0.00 5500.00   clock source latency
   0.00 5500.00 ^ clk (in)
  43.78 5543.78 ^ wire4945/Y (BUFx10_ASAP7_75t_R)
  44.99 5588.77 ^ clkbuf_0_clk/Y (BUFx24_ASAP7_75t_R)
  27.54 5616.31 ^ clkbuf_1_1_0_clk/Y (BUFx24_ASAP7_75t_R)
  27.37 5643.69 ^ clkbuf_2_3_0_clk/Y (BUFx24_ASAP7_75t_R)
  22.31 5665.99 ^ clkbuf_3_6_0_clk/Y (BUFx24_ASAP7_75t_R)
  27.65 5693.64 ^ clkbuf_4_13_0_clk/Y (BUFx24_ASAP7_75t_R)
  25.02 5718.66 ^ clkbuf_6_54_0_clk/Y (BUFx24_ASAP7_75t_R)
  21.27 5739.93 ^ clkbuf_7_108__f_clk/Y (BUFx24_ASAP7_75t_R)
  23.76 5763.70 ^ clkbuf_leaf_476_clk/Y (BUFx24_ASAP7_75t_R)
   1.54 5765.24 ^ _312545_/CLK (DFFHQNx1_ASAP7_75t_R)
 -50.00 5715.24   clock uncertainty
   2.08 5717.32   clock reconvergence pessimism
  -0.22 5717.10   library setup time
        5717.10   data required time
---------------------------------------------------------
        5717.10   data required time
        -5902.68   data arrival time
---------------------------------------------------------
        -185.58   slack (VIOLATED)


Startpoint: _308209_ (rising edge-triggered flip-flop clocked by core_clk)
Endpoint: _312550_ (rising edge-triggered flip-flop clocked by core_clk)
Path Group: reg2reg
Path Type: max

  Delay    Time   Description
---------------------------------------------------------
   0.00    0.00   clock core_clk (rise edge)
   0.00    0.00   clock source latency
   0.00    0.00 ^ clk (in)
  44.44   44.44 ^ wire4945/Y (BUFx10_ASAP7_75t_R)
  46.42   90.85 ^ clkbuf_0_clk/Y (BUFx24_ASAP7_75t_R)
  28.76  119.62 ^ clkbuf_1_0_0_clk/Y (BUFx24_ASAP7_75t_R)
  28.26  147.87 ^ clkbuf_2_1_0_clk/Y (BUFx24_ASAP7_75t_R)
  25.61  173.49 ^ clkbuf_3_2_0_clk/Y (BUFx24_ASAP7_75t_R)
  29.85  203.33 ^ clkbuf_4_4_0_clk/Y (BUFx24_ASAP7_75t_R)
  24.35  227.68 ^ clkbuf_6_19_0_clk/Y (BUFx24_ASAP7_75t_R)
  21.69  249.37 ^ clkbuf_7_38__f_clk/Y (BUFx24_ASAP7_75t_R)
  26.71  276.08 ^ clkbuf_leaf_778_clk/Y (BUFx24_ASAP7_75t_R)
   1.89  277.97 ^ _308209_/CLK (DFFHQNx3_ASAP7_75t_R)
  56.19  334.16 ^ _308209_/QN (DFFHQNx3_ASAP7_75t_R)
  26.21  360.37 ^ wire4778/Y (BUFx16f_ASAP7_75t_R)
  56.27  416.64 ^ wire4776/Y (BUFx16f_ASAP7_75t_R)
  30.08  446.72 ^ wire4775/Y (BUFx16f_ASAP7_75t_R)
  60.47  507.19 ^ load_slew4774/Y (BUFx16f_ASAP7_75t_R)
  95.85  603.03 ^ _153629_/Y (AND2x2_ASAP7_75t_R)
 145.04  748.08 v _153630_/Y (NAND2x1_ASAP7_75t_R)
  63.27  811.35 v _153631_/Y (OA21x2_ASAP7_75t_R)
 105.27  916.62 v _153633_/Y (AND3x1_ASAP7_75t_R)
  83.72 1000.34 v _154870_/Y (AO222x2_ASAP7_75t_R)
  46.64 1046.98 v _154873_/Y (OR3x2_ASAP7_75t_R)
  53.58 1100.56 v _154878_/Y (OR5x1_ASAP7_75t_R)
  97.46 1198.02 v _154879_/Y (OR4x1_ASAP7_75t_R)
  69.73 1267.75 v _155829_/Y (OR4x1_ASAP7_75t_R)
  24.44 1292.18 v _155944_/Y (AO221x1_ASAP7_75t_R)
  50.98 1343.16 v _155949_/Y (OR5x1_ASAP7_75t_R)
  33.14 1376.30 v _156013_/Y (AND2x2_ASAP7_75t_R)
  50.65 1426.95 ^ _156016_/Y (NAND3x1_ASAP7_75t_R)
  37.85 1464.80 v _156112_/Y (AOI221x1_ASAP7_75t_R)
  25.93 1490.73 v _156115_/Y (OA21x2_ASAP7_75t_R)
  21.72 1512.45 v _156116_/Y (OR3x1_ASAP7_75t_R)
  38.61 1551.06 v _156123_/Y (AO33x2_ASAP7_75t_R)
  41.48 1592.54 ^ _156140_/Y (NAND2x1_ASAP7_75t_R)
 111.61 1704.15 ^ _156253_/Y (AO221x1_ASAP7_75t_R)
  66.42 1770.57 v _156308_/Y (NAND2x2_ASAP7_75t_R)
  47.11 1817.68 v _156311_/Y (AO21x2_ASAP7_75t_R)
  22.77 1840.45 v _156314_/Y (OA21x2_ASAP7_75t_R)
  27.66 1868.12 v _156388_/Y (AO221x1_ASAP7_75t_R)
  22.59 1890.71 v _156389_/Y (OA21x2_ASAP7_75t_R)
  24.11 1914.83 ^ _156393_/Y (AOI22x1_ASAP7_75t_R)
  54.62 1969.45 v _156410_/Y (NAND2x1_ASAP7_75t_R)
  71.78 2041.23 v _156421_/Y (AO33x2_ASAP7_75t_R)
  31.36 2072.60 ^ _156522_/Y (XNOR2x2_ASAP7_75t_R)
  25.12 2097.72 ^ _156526_/Y (AND4x1_ASAP7_75t_R)
  19.12 2116.83 ^ _156550_/Y (AO21x1_ASAP7_75t_R)
  19.18 2136.01 ^ _156551_/Y (AO21x1_ASAP7_75t_R)
  82.99 2219.01 ^ _156552_/Y (OA211x2_ASAP7_75t_R)
  82.97 2301.97 v _156555_/Y (INVx1_ASAP7_75t_R)
  32.74 2334.71 ^ _156568_/Y (OAI21x1_ASAP7_75t_R)
  34.05 2368.77 v _156616_/Y (AOI221x1_ASAP7_75t_R)
  48.33 2417.09 v _156806_/Y (OA211x2_ASAP7_75t_R)
  13.56 2430.65 ^ _156807_/Y (NAND2x1_ASAP7_75t_R)
  71.41 2502.07 ^ _156882_/Y (AO32x1_ASAP7_75t_R)
  33.66 2535.72 ^ _156995_/Y (OR2x2_ASAP7_75t_R)
  39.31 2575.03 ^ _157002_/Y (AO32x1_ASAP7_75t_R)
  35.10 2610.13 ^ _157004_/Y (XNOR2x2_ASAP7_75t_R)
  14.25 2624.38 v _157005_/Y (NOR3x1_ASAP7_75t_R)
  32.56 2656.94 v _157006_/Y (AND5x2_ASAP7_75t_R)
  28.67 2685.61 v _157078_/Y (OR3x1_ASAP7_75t_R)
  58.66 2744.27 v _157141_/Y (OA33x2_ASAP7_75t_R)
  34.02 2778.29 v _157144_/Y (OR2x2_ASAP7_75t_R)
  24.44 2802.73 v _157145_/Y (AO21x1_ASAP7_75t_R)
  25.92 2828.65 v _157196_/Y (AO32x1_ASAP7_75t_R)
  26.75 2855.41 v _157198_/Y (AO22x1_ASAP7_75t_R)
  22.89 2878.30 v _157222_/Y (AO21x1_ASAP7_75t_R)
  30.77 2909.07 v _157223_/Y (OR3x1_ASAP7_75t_R)
  42.45 2951.52 v _157312_/Y (AO21x1_ASAP7_75t_R)
  57.75 3009.27 ^ _157343_/Y (NAND2x1_ASAP7_75t_R)
  43.30 3052.57 v _157440_/Y (AOI221x1_ASAP7_75t_R)
  30.71 3083.28 v _157456_/Y (OA222x2_ASAP7_75t_R)
  22.22 3105.50 v _157459_/Y (AND5x2_ASAP7_75t_R)
  20.82 3126.32 v _157472_/Y (OA31x2_ASAP7_75t_R)
  42.25 3168.58 v _157475_/Y (OR4x2_ASAP7_75t_R)
  64.50 3233.08 ^ _157478_/Y (NAND2x1_ASAP7_75t_R)
  19.40 3252.47 v _157479_/Y (NOR2x1_ASAP7_75t_R)
  25.13 3277.60 v _157485_/Y (OA21x2_ASAP7_75t_R)
  28.32 3305.92 v _157492_/Y (AO221x1_ASAP7_75t_R)
  26.02 3331.94 v _157649_/Y (OA21x2_ASAP7_75t_R)
  24.30 3356.24 v _157651_/Y (AO21x1_ASAP7_75t_R)
  41.83 3398.07 v _157652_/Y (AO22x1_ASAP7_75t_R)
  64.09 3462.16 ^ _157732_/Y (NAND2x1_ASAP7_75t_R)
  25.46 3487.62 ^ _157764_/Y (AO21x1_ASAP7_75t_R)
  24.35 3511.96 v _157767_/Y (AOI22x1_ASAP7_75t_R)
  35.07 3547.04 v _157790_/Y (OA21x2_ASAP7_75t_R)
  18.74 3565.78 ^ _157827_/Y (AOI211x1_ASAP7_75t_R)
  19.47 3585.25 v _157842_/Y (OAI21x1_ASAP7_75t_R)
  90.29 3675.54 v _157921_/Y (AO221x1_ASAP7_75t_R)
  46.51 3722.05 v _157922_/Y (AO221x1_ASAP7_75t_R)
  27.43 3749.48 v _157925_/Y (AO32x2_ASAP7_75t_R)
  22.56 3772.04 v _157949_/Y (OA211x2_ASAP7_75t_R)
  32.14 3804.17 v _157967_/Y (AO222x2_ASAP7_75t_R)
  38.20 3842.38 v _158020_/Y (AO221x1_ASAP7_75t_R)
  28.44 3870.82 v _158084_/Y (AO211x2_ASAP7_75t_R)
  42.92 3913.75 v _158094_/Y (AND2x2_ASAP7_75t_R)
  47.43 3961.18 v _158173_/Y (OR3x2_ASAP7_75t_R)
  22.66 3983.84 v _158271_/Y (AO221x1_ASAP7_75t_R)
  32.98 4016.82 v _158272_/Y (OR5x1_ASAP7_75t_R)
  46.35 4063.17 v _158273_/Y (OR5x1_ASAP7_75t_R)
  19.78 4082.95 ^ _158274_/Y (NAND2x2_ASAP7_75t_R)
  55.14 4138.09 v _158287_/Y (OAI21x1_ASAP7_75t_R)
  50.89 4188.97 v _158298_/Y (AND2x2_ASAP7_75t_R)
  35.83 4224.80 v _158304_/Y (OA211x2_ASAP7_75t_R)
  29.40 4254.20 v _158330_/Y (XNOR2x2_ASAP7_75t_R)
  29.49 4283.70 v _158388_/Y (OR5x1_ASAP7_75t_R)
  43.07 4326.76 v _158399_/Y (AO33x2_ASAP7_75t_R)
  25.52 4352.29 v _158436_/Y (AND2x2_ASAP7_75t_R)
  79.84 4432.12 v _158437_/Y (OR3x1_ASAP7_75t_R)
  69.36 4501.48 v _158474_/Y (AND2x2_ASAP7_75t_R)
  37.44 4538.93 ^ _158476_/Y (AOI22x1_ASAP7_75t_R)
  22.97 4561.89 ^ _158477_/Y (AND2x2_ASAP7_75t_R)
  15.93 4577.82 v _158496_/Y (AOI221x1_ASAP7_75t_R)
  32.93 4610.75 v _158497_/Y (MAJx2_ASAP7_75t_R)
  24.66 4635.41 v _158571_/Y (AO21x1_ASAP7_75t_R)
  46.94 4682.35 v _158629_/Y (AO221x2_ASAP7_75t_R)
  80.71 4763.07 ^ _158672_/Y (NAND2x1_ASAP7_75t_R)
  34.83 4797.90 ^ _158689_/Y (AND2x2_ASAP7_75t_R)
  22.56 4820.46 ^ _158690_/Y (OA21x2_ASAP7_75t_R)
  19.98 4840.43 ^ _158691_/Y (OR2x2_ASAP7_75t_R)
  22.78 4863.21 ^ _158702_/Y (AND3x1_ASAP7_75t_R)
  21.75 4884.96 ^ _158720_/Y (OA21x2_ASAP7_75t_R)
  24.37 4909.33 ^ _158743_/Y (OA31x2_ASAP7_75t_R)
  15.03 4924.36 ^ _158761_/Y (OR4x1_ASAP7_75t_R)
  47.73 4972.10 ^ _158764_/Y (AND5x2_ASAP7_75t_R)
  51.96 5024.05 ^ _159054_/Y (OA21x2_ASAP7_75t_R)
 109.75 5133.81 ^ _159120_/Y (OA21x2_ASAP7_75t_R)
  57.09 5190.90 ^ _159154_/Y (AO221x1_ASAP7_75t_R)
  97.70 5288.61 ^ _159901_/Y (AND2x2_ASAP7_75t_R)
 160.23 5448.83 v _159903_/Y (NOR2x1_ASAP7_75t_R)
 112.70 5561.53 ^ _163131_/Y (NAND2x2_ASAP7_75t_R)
  35.00 5596.53 ^ load_slew954/Y (BUFx16f_ASAP7_75t_R)
  34.40 5630.93 ^ load_slew952/Y (BUFx16f_ASAP7_75t_R)
 142.80 5773.73 ^ _164753_/Y (OR2x2_ASAP7_75t_R)
  49.99 5823.72 v _201241_/Y (NAND2x1_ASAP7_75t_R)
  20.38 5844.10 v _201242_/Y (AO21x1_ASAP7_75t_R)
  25.73 5869.83 v _201243_/Y (OA211x2_ASAP7_75t_R)
  16.98 5886.81 v _201244_/Y (AO21x1_ASAP7_75t_R)
  14.82 5901.63 v _201245_/Y (AND2x2_ASAP7_75t_R)
   0.04 5901.66 v _312550_/D (DFFHQNx1_ASAP7_75t_R)
        5901.66   data arrival time

5500.00 5500.00   clock core_clk (rise edge)
   0.00 5500.00   clock source latency
   0.00 5500.00 ^ clk (in)
  43.78 5543.78 ^ wire4945/Y (BUFx10_ASAP7_75t_R)
  44.99 5588.77 ^ clkbuf_0_clk/Y (BUFx24_ASAP7_75t_R)
  27.54 5616.31 ^ clkbuf_1_1_0_clk/Y (BUFx24_ASAP7_75t_R)
  27.37 5643.69 ^ clkbuf_2_3_0_clk/Y (BUFx24_ASAP7_75t_R)
  22.31 5665.99 ^ clkbuf_3_6_0_clk/Y (BUFx24_ASAP7_75t_R)
  27.65 5693.64 ^ clkbuf_4_13_0_clk/Y (BUFx24_ASAP7_75t_R)
  25.02 5718.66 ^ clkbuf_6_54_0_clk/Y (BUFx24_ASAP7_75t_R)
  21.27 5739.93 ^ clkbuf_7_108__f_clk/Y (BUFx24_ASAP7_75t_R)
  23.76 5763.70 ^ clkbuf_leaf_476_clk/Y (BUFx24_ASAP7_75t_R)
   0.92 5764.62 ^ _312550_/CLK (DFFHQNx1_ASAP7_75t_R)
 -50.00 5714.62   clock uncertainty
   2.08 5716.70   clock reconvergence pessimism
  -0.30 5716.40   library setup time
        5716.40   data required time
---------------------------------------------------------
        5716.40   data required time
        -5901.66   data arrival time
---------------------------------------------------------
        -185.27   slack (VIOLATED)


Startpoint: _308209_ (rising edge-triggered flip-flop clocked by core_clk)
Endpoint: _312525_ (rising edge-triggered flip-flop clocked by core_clk)
Path Group: reg2reg
Path Type: max

  Delay    Time   Description
---------------------------------------------------------
   0.00    0.00   clock core_clk (rise edge)
   0.00    0.00   clock source latency
   0.00    0.00 ^ clk (in)
  44.44   44.44 ^ wire4945/Y (BUFx10_ASAP7_75t_R)
  46.42   90.85 ^ clkbuf_0_clk/Y (BUFx24_ASAP7_75t_R)
  28.76  119.62 ^ clkbuf_1_0_0_clk/Y (BUFx24_ASAP7_75t_R)
  28.26  147.87 ^ clkbuf_2_1_0_clk/Y (BUFx24_ASAP7_75t_R)
  25.61  173.49 ^ clkbuf_3_2_0_clk/Y (BUFx24_ASAP7_75t_R)
  29.85  203.33 ^ clkbuf_4_4_0_clk/Y (BUFx24_ASAP7_75t_R)
  24.35  227.68 ^ clkbuf_6_19_0_clk/Y (BUFx24_ASAP7_75t_R)
  21.69  249.37 ^ clkbuf_7_38__f_clk/Y (BUFx24_ASAP7_75t_R)
  26.71  276.08 ^ clkbuf_leaf_778_clk/Y (BUFx24_ASAP7_75t_R)
   1.89  277.97 ^ _308209_/CLK (DFFHQNx3_ASAP7_75t_R)
  56.19  334.16 ^ _308209_/QN (DFFHQNx3_ASAP7_75t_R)
  26.21  360.37 ^ wire4778/Y (BUFx16f_ASAP7_75t_R)
  56.27  416.64 ^ wire4776/Y (BUFx16f_ASAP7_75t_R)
  30.08  446.72 ^ wire4775/Y (BUFx16f_ASAP7_75t_R)
  60.47  507.19 ^ load_slew4774/Y (BUFx16f_ASAP7_75t_R)
  95.85  603.03 ^ _153629_/Y (AND2x2_ASAP7_75t_R)
 145.04  748.08 v _153630_/Y (NAND2x1_ASAP7_75t_R)
  63.27  811.35 v _153631_/Y (OA21x2_ASAP7_75t_R)
 105.27  916.62 v _153633_/Y (AND3x1_ASAP7_75t_R)
  83.72 1000.34 v _154870_/Y (AO222x2_ASAP7_75t_R)
  46.64 1046.98 v _154873_/Y (OR3x2_ASAP7_75t_R)
  53.58 1100.56 v _154878_/Y (OR5x1_ASAP7_75t_R)
  97.46 1198.02 v _154879_/Y (OR4x1_ASAP7_75t_R)
  69.73 1267.75 v _155829_/Y (OR4x1_ASAP7_75t_R)
  24.44 1292.18 v _155944_/Y (AO221x1_ASAP7_75t_R)
  50.98 1343.16 v _155949_/Y (OR5x1_ASAP7_75t_R)
  33.14 1376.30 v _156013_/Y (AND2x2_ASAP7_75t_R)
  50.65 1426.95 ^ _156016_/Y (NAND3x1_ASAP7_75t_R)
  37.85 1464.80 v _156112_/Y (AOI221x1_ASAP7_75t_R)
  25.93 1490.73 v _156115_/Y (OA21x2_ASAP7_75t_R)
  21.72 1512.45 v _156116_/Y (OR3x1_ASAP7_75t_R)
  38.61 1551.06 v _156123_/Y (AO33x2_ASAP7_75t_R)
  41.48 1592.54 ^ _156140_/Y (NAND2x1_ASAP7_75t_R)
 111.61 1704.15 ^ _156253_/Y (AO221x1_ASAP7_75t_R)
  66.42 1770.57 v _156308_/Y (NAND2x2_ASAP7_75t_R)
  47.11 1817.68 v _156311_/Y (AO21x2_ASAP7_75t_R)
  22.77 1840.45 v _156314_/Y (OA21x2_ASAP7_75t_R)
  27.66 1868.12 v _156388_/Y (AO221x1_ASAP7_75t_R)
  22.59 1890.71 v _156389_/Y (OA21x2_ASAP7_75t_R)
  24.11 1914.83 ^ _156393_/Y (AOI22x1_ASAP7_75t_R)
  54.62 1969.45 v _156410_/Y (NAND2x1_ASAP7_75t_R)
  71.78 2041.23 v _156421_/Y (AO33x2_ASAP7_75t_R)
  31.36 2072.60 ^ _156522_/Y (XNOR2x2_ASAP7_75t_R)
  25.12 2097.72 ^ _156526_/Y (AND4x1_ASAP7_75t_R)
  19.12 2116.83 ^ _156550_/Y (AO21x1_ASAP7_75t_R)
  19.18 2136.01 ^ _156551_/Y (AO21x1_ASAP7_75t_R)
  82.99 2219.01 ^ _156552_/Y (OA211x2_ASAP7_75t_R)
  82.97 2301.97 v _156555_/Y (INVx1_ASAP7_75t_R)
  32.74 2334.71 ^ _156568_/Y (OAI21x1_ASAP7_75t_R)
  34.05 2368.77 v _156616_/Y (AOI221x1_ASAP7_75t_R)
  48.33 2417.09 v _156806_/Y (OA211x2_ASAP7_75t_R)
  13.56 2430.65 ^ _156807_/Y (NAND2x1_ASAP7_75t_R)
  71.41 2502.07 ^ _156882_/Y (AO32x1_ASAP7_75t_R)
  33.66 2535.72 ^ _156995_/Y (OR2x2_ASAP7_75t_R)
  39.31 2575.03 ^ _157002_/Y (AO32x1_ASAP7_75t_R)
  35.10 2610.13 ^ _157004_/Y (XNOR2x2_ASAP7_75t_R)
  14.25 2624.38 v _157005_/Y (NOR3x1_ASAP7_75t_R)
  32.56 2656.94 v _157006_/Y (AND5x2_ASAP7_75t_R)
  28.67 2685.61 v _157078_/Y (OR3x1_ASAP7_75t_R)
  58.66 2744.27 v _157141_/Y (OA33x2_ASAP7_75t_R)
  34.02 2778.29 v _157144_/Y (OR2x2_ASAP7_75t_R)
  24.44 2802.73 v _157145_/Y (AO21x1_ASAP7_75t_R)
  25.92 2828.65 v _157196_/Y (AO32x1_ASAP7_75t_R)
  26.75 2855.41 v _157198_/Y (AO22x1_ASAP7_75t_R)
  22.89 2878.30 v _157222_/Y (AO21x1_ASAP7_75t_R)
  30.77 2909.07 v _157223_/Y (OR3x1_ASAP7_75t_R)
  42.45 2951.52 v _157312_/Y (AO21x1_ASAP7_75t_R)
  57.75 3009.27 ^ _157343_/Y (NAND2x1_ASAP7_75t_R)
  43.30 3052.57 v _157440_/Y (AOI221x1_ASAP7_75t_R)
  30.71 3083.28 v _157456_/Y (OA222x2_ASAP7_75t_R)
  22.22 3105.50 v _157459_/Y (AND5x2_ASAP7_75t_R)
  20.82 3126.32 v _157472_/Y (OA31x2_ASAP7_75t_R)
  42.25 3168.58 v _157475_/Y (OR4x2_ASAP7_75t_R)
  64.50 3233.08 ^ _157478_/Y (NAND2x1_ASAP7_75t_R)
  19.40 3252.47 v _157479_/Y (NOR2x1_ASAP7_75t_R)
  25.13 3277.60 v _157485_/Y (OA21x2_ASAP7_75t_R)
  28.32 3305.92 v _157492_/Y (AO221x1_ASAP7_75t_R)
  26.02 3331.94 v _157649_/Y (OA21x2_ASAP7_75t_R)
  24.30 3356.24 v _157651_/Y (AO21x1_ASAP7_75t_R)
  41.83 3398.07 v _157652_/Y (AO22x1_ASAP7_75t_R)
  64.09 3462.16 ^ _157732_/Y (NAND2x1_ASAP7_75t_R)
  25.46 3487.62 ^ _157764_/Y (AO21x1_ASAP7_75t_R)
  24.35 3511.96 v _157767_/Y (AOI22x1_ASAP7_75t_R)
  35.07 3547.04 v _157790_/Y (OA21x2_ASAP7_75t_R)
  18.74 3565.78 ^ _157827_/Y (AOI211x1_ASAP7_75t_R)
  19.47 3585.25 v _157842_/Y (OAI21x1_ASAP7_75t_R)
  90.29 3675.54 v _157921_/Y (AO221x1_ASAP7_75t_R)
  46.51 3722.05 v _157922_/Y (AO221x1_ASAP7_75t_R)
  27.43 3749.48 v _157925_/Y (AO32x2_ASAP7_75t_R)
  22.56 3772.04 v _157949_/Y (OA211x2_ASAP7_75t_R)
  32.14 3804.17 v _157967_/Y (AO222x2_ASAP7_75t_R)
  38.20 3842.38 v _158020_/Y (AO221x1_ASAP7_75t_R)
  28.44 3870.82 v _158084_/Y (AO211x2_ASAP7_75t_R)
  42.92 3913.75 v _158094_/Y (AND2x2_ASAP7_75t_R)
  47.43 3961.18 v _158173_/Y (OR3x2_ASAP7_75t_R)
  22.66 3983.84 v _158271_/Y (AO221x1_ASAP7_75t_R)
  32.98 4016.82 v _158272_/Y (OR5x1_ASAP7_75t_R)
  46.35 4063.17 v _158273_/Y (OR5x1_ASAP7_75t_R)
  19.78 4082.95 ^ _158274_/Y (NAND2x2_ASAP7_75t_R)
  55.14 4138.09 v _158287_/Y (OAI21x1_ASAP7_75t_R)
  50.89 4188.97 v _158298_/Y (AND2x2_ASAP7_75t_R)
  35.83 4224.80 v _158304_/Y (OA211x2_ASAP7_75t_R)
  29.40 4254.20 v _158330_/Y (XNOR2x2_ASAP7_75t_R)
  29.49 4283.70 v _158388_/Y (OR5x1_ASAP7_75t_R)
  43.07 4326.76 v _158399_/Y (AO33x2_ASAP7_75t_R)
  25.52 4352.29 v _158436_/Y (AND2x2_ASAP7_75t_R)
  79.84 4432.12 v _158437_/Y (OR3x1_ASAP7_75t_R)
  69.36 4501.48 v _158474_/Y (AND2x2_ASAP7_75t_R)
  37.44 4538.93 ^ _158476_/Y (AOI22x1_ASAP7_75t_R)
  22.97 4561.89 ^ _158477_/Y (AND2x2_ASAP7_75t_R)
  15.93 4577.82 v _158496_/Y (AOI221x1_ASAP7_75t_R)
  32.93 4610.75 v _158497_/Y (MAJx2_ASAP7_75t_R)
  24.66 4635.41 v _158571_/Y (AO21x1_ASAP7_75t_R)
  46.94 4682.35 v _158629_/Y (AO221x2_ASAP7_75t_R)
  80.71 4763.07 ^ _158672_/Y (NAND2x1_ASAP7_75t_R)
  34.83 4797.90 ^ _158689_/Y (AND2x2_ASAP7_75t_R)
  22.56 4820.46 ^ _158690_/Y (OA21x2_ASAP7_75t_R)
  19.98 4840.43 ^ _158691_/Y (OR2x2_ASAP7_75t_R)
  22.78 4863.21 ^ _158702_/Y (AND3x1_ASAP7_75t_R)
  21.75 4884.96 ^ _158720_/Y (OA21x2_ASAP7_75t_R)
  24.37 4909.33 ^ _158743_/Y (OA31x2_ASAP7_75t_R)
  15.03 4924.36 ^ _158761_/Y (OR4x1_ASAP7_75t_R)
  47.73 4972.10 ^ _158764_/Y (AND5x2_ASAP7_75t_R)
  51.96 5024.05 ^ _159054_/Y (OA21x2_ASAP7_75t_R)
 109.75 5133.81 ^ _159120_/Y (OA21x2_ASAP7_75t_R)
  57.09 5190.90 ^ _159154_/Y (AO221x1_ASAP7_75t_R)
  97.70 5288.61 ^ _159901_/Y (AND2x2_ASAP7_75t_R)
 160.23 5448.83 v _159903_/Y (NOR2x1_ASAP7_75t_R)
 112.70 5561.53 ^ _163131_/Y (NAND2x2_ASAP7_75t_R)
  35.00 5596.53 ^ load_slew954/Y (BUFx16f_ASAP7_75t_R)
  34.40 5630.93 ^ load_slew952/Y (BUFx16f_ASAP7_75t_R)
 142.80 5773.73 ^ _164753_/Y (OR2x2_ASAP7_75t_R)
  49.52 5823.25 v _201072_/Y (NAND2x1_ASAP7_75t_R)
  20.20 5843.46 v _201073_/Y (AO21x1_ASAP7_75t_R)
  25.88 5869.34 v _201074_/Y (OA211x2_ASAP7_75t_R)
  17.11 5886.44 v _201075_/Y (AO21x1_ASAP7_75t_R)
  15.04 5901.48 v _201076_/Y (AND2x2_ASAP7_75t_R)
   0.06 5901.54 v _312525_/D (DFFHQNx1_ASAP7_75t_R)
        5901.54   data arrival time

5500.00 5500.00   clock core_clk (rise edge)
   0.00 5500.00   clock source latency
   0.00 5500.00 ^ clk (in)
  43.78 5543.78 ^ wire4945/Y (BUFx10_ASAP7_75t_R)
  44.99 5588.77 ^ clkbuf_0_clk/Y (BUFx24_ASAP7_75t_R)
  27.54 5616.31 ^ clkbuf_1_1_0_clk/Y (BUFx24_ASAP7_75t_R)
  27.37 5643.69 ^ clkbuf_2_3_0_clk/Y (BUFx24_ASAP7_75t_R)
  22.31 5665.99 ^ clkbuf_3_6_0_clk/Y (BUFx24_ASAP7_75t_R)
  27.65 5693.64 ^ clkbuf_4_13_0_clk/Y (BUFx24_ASAP7_75t_R)
  23.42 5717.06 ^ clkbuf_6_55_0_clk/Y (BUFx24_ASAP7_75t_R)
  19.92 5736.99 ^ clkbuf_7_110__f_clk/Y (BUFx24_ASAP7_75t_R)
  24.63 5761.62 ^ clkbuf_leaf_481_clk/Y (BUFx24_ASAP7_75t_R)
   2.79 5764.41 ^ _312525_/CLK (DFFHQNx1_ASAP7_75t_R)
 -50.00 5714.41   clock uncertainty
   2.08 5716.49   clock reconvergence pessimism
   0.47 5716.96   library setup time
        5716.96   data required time
---------------------------------------------------------
        5716.96   data required time
        -5901.54   data arrival time
---------------------------------------------------------
        -184.58   slack (VIOLATED)


Startpoint: _308209_ (rising edge-triggered flip-flop clocked by core_clk)
Endpoint: _312492_ (rising edge-triggered flip-flop clocked by core_clk)
Path Group: reg2reg
Path Type: max

  Delay    Time   Description
---------------------------------------------------------
   0.00    0.00   clock core_clk (rise edge)
   0.00    0.00   clock source latency
   0.00    0.00 ^ clk (in)
  44.44   44.44 ^ wire4945/Y (BUFx10_ASAP7_75t_R)
  46.42   90.85 ^ clkbuf_0_clk/Y (BUFx24_ASAP7_75t_R)
  28.76  119.62 ^ clkbuf_1_0_0_clk/Y (BUFx24_ASAP7_75t_R)
  28.26  147.87 ^ clkbuf_2_1_0_clk/Y (BUFx24_ASAP7_75t_R)
  25.61  173.49 ^ clkbuf_3_2_0_clk/Y (BUFx24_ASAP7_75t_R)
  29.85  203.33 ^ clkbuf_4_4_0_clk/Y (BUFx24_ASAP7_75t_R)
  24.35  227.68 ^ clkbuf_6_19_0_clk/Y (BUFx24_ASAP7_75t_R)
  21.69  249.37 ^ clkbuf_7_38__f_clk/Y (BUFx24_ASAP7_75t_R)
  26.71  276.08 ^ clkbuf_leaf_778_clk/Y (BUFx24_ASAP7_75t_R)
   1.89  277.97 ^ _308209_/CLK (DFFHQNx3_ASAP7_75t_R)
  56.19  334.16 ^ _308209_/QN (DFFHQNx3_ASAP7_75t_R)
  26.21  360.37 ^ wire4778/Y (BUFx16f_ASAP7_75t_R)
  56.27  416.64 ^ wire4776/Y (BUFx16f_ASAP7_75t_R)
  30.08  446.72 ^ wire4775/Y (BUFx16f_ASAP7_75t_R)
  60.47  507.19 ^ load_slew4774/Y (BUFx16f_ASAP7_75t_R)
  95.85  603.03 ^ _153629_/Y (AND2x2_ASAP7_75t_R)
 145.04  748.08 v _153630_/Y (NAND2x1_ASAP7_75t_R)
  63.27  811.35 v _153631_/Y (OA21x2_ASAP7_75t_R)
 105.27  916.62 v _153633_/Y (AND3x1_ASAP7_75t_R)
  83.72 1000.34 v _154870_/Y (AO222x2_ASAP7_75t_R)
  46.64 1046.98 v _154873_/Y (OR3x2_ASAP7_75t_R)
  53.58 1100.56 v _154878_/Y (OR5x1_ASAP7_75t_R)
  97.46 1198.02 v _154879_/Y (OR4x1_ASAP7_75t_R)
  69.73 1267.75 v _155829_/Y (OR4x1_ASAP7_75t_R)
  24.44 1292.18 v _155944_/Y (AO221x1_ASAP7_75t_R)
  50.98 1343.16 v _155949_/Y (OR5x1_ASAP7_75t_R)
  33.14 1376.30 v _156013_/Y (AND2x2_ASAP7_75t_R)
  50.65 1426.95 ^ _156016_/Y (NAND3x1_ASAP7_75t_R)
  37.85 1464.80 v _156112_/Y (AOI221x1_ASAP7_75t_R)
  25.93 1490.73 v _156115_/Y (OA21x2_ASAP7_75t_R)
  21.72 1512.45 v _156116_/Y (OR3x1_ASAP7_75t_R)
  38.61 1551.06 v _156123_/Y (AO33x2_ASAP7_75t_R)
  41.48 1592.54 ^ _156140_/Y (NAND2x1_ASAP7_75t_R)
 111.61 1704.15 ^ _156253_/Y (AO221x1_ASAP7_75t_R)
  66.42 1770.57 v _156308_/Y (NAND2x2_ASAP7_75t_R)
  47.11 1817.68 v _156311_/Y (AO21x2_ASAP7_75t_R)
  22.77 1840.45 v _156314_/Y (OA21x2_ASAP7_75t_R)
  27.66 1868.12 v _156388_/Y (AO221x1_ASAP7_75t_R)
  22.59 1890.71 v _156389_/Y (OA21x2_ASAP7_75t_R)
  24.11 1914.83 ^ _156393_/Y (AOI22x1_ASAP7_75t_R)
  54.62 1969.45 v _156410_/Y (NAND2x1_ASAP7_75t_R)
  71.78 2041.23 v _156421_/Y (AO33x2_ASAP7_75t_R)
  31.36 2072.60 ^ _156522_/Y (XNOR2x2_ASAP7_75t_R)
  25.12 2097.72 ^ _156526_/Y (AND4x1_ASAP7_75t_R)
  19.12 2116.83 ^ _156550_/Y (AO21x1_ASAP7_75t_R)
  19.18 2136.01 ^ _156551_/Y (AO21x1_ASAP7_75t_R)
  82.99 2219.01 ^ _156552_/Y (OA211x2_ASAP7_75t_R)
  82.97 2301.97 v _156555_/Y (INVx1_ASAP7_75t_R)
  32.74 2334.71 ^ _156568_/Y (OAI21x1_ASAP7_75t_R)
  34.05 2368.77 v _156616_/Y (AOI221x1_ASAP7_75t_R)
  48.33 2417.09 v _156806_/Y (OA211x2_ASAP7_75t_R)
  13.56 2430.65 ^ _156807_/Y (NAND2x1_ASAP7_75t_R)
  71.41 2502.07 ^ _156882_/Y (AO32x1_ASAP7_75t_R)
  33.66 2535.72 ^ _156995_/Y (OR2x2_ASAP7_75t_R)
  39.31 2575.03 ^ _157002_/Y (AO32x1_ASAP7_75t_R)
  35.10 2610.13 ^ _157004_/Y (XNOR2x2_ASAP7_75t_R)
  14.25 2624.38 v _157005_/Y (NOR3x1_ASAP7_75t_R)
  32.56 2656.94 v _157006_/Y (AND5x2_ASAP7_75t_R)
  28.67 2685.61 v _157078_/Y (OR3x1_ASAP7_75t_R)
  58.66 2744.27 v _157141_/Y (OA33x2_ASAP7_75t_R)
  34.02 2778.29 v _157144_/Y (OR2x2_ASAP7_75t_R)
  24.44 2802.73 v _157145_/Y (AO21x1_ASAP7_75t_R)
  25.92 2828.65 v _157196_/Y (AO32x1_ASAP7_75t_R)
  26.75 2855.41 v _157198_/Y (AO22x1_ASAP7_75t_R)
  22.89 2878.30 v _157222_/Y (AO21x1_ASAP7_75t_R)
  30.77 2909.07 v _157223_/Y (OR3x1_ASAP7_75t_R)
  42.45 2951.52 v _157312_/Y (AO21x1_ASAP7_75t_R)
  57.75 3009.27 ^ _157343_/Y (NAND2x1_ASAP7_75t_R)
  43.30 3052.57 v _157440_/Y (AOI221x1_ASAP7_75t_R)
  30.71 3083.28 v _157456_/Y (OA222x2_ASAP7_75t_R)
  22.22 3105.50 v _157459_/Y (AND5x2_ASAP7_75t_R)
  20.82 3126.32 v _157472_/Y (OA31x2_ASAP7_75t_R)
  42.25 3168.58 v _157475_/Y (OR4x2_ASAP7_75t_R)
  64.50 3233.08 ^ _157478_/Y (NAND2x1_ASAP7_75t_R)
  19.40 3252.47 v _157479_/Y (NOR2x1_ASAP7_75t_R)
  25.13 3277.60 v _157485_/Y (OA21x2_ASAP7_75t_R)
  28.32 3305.92 v _157492_/Y (AO221x1_ASAP7_75t_R)
  26.02 3331.94 v _157649_/Y (OA21x2_ASAP7_75t_R)
  24.30 3356.24 v _157651_/Y (AO21x1_ASAP7_75t_R)
  41.83 3398.07 v _157652_/Y (AO22x1_ASAP7_75t_R)
  64.09 3462.16 ^ _157732_/Y (NAND2x1_ASAP7_75t_R)
  25.46 3487.62 ^ _157764_/Y (AO21x1_ASAP7_75t_R)
  24.35 3511.96 v _157767_/Y (AOI22x1_ASAP7_75t_R)
  35.07 3547.04 v _157790_/Y (OA21x2_ASAP7_75t_R)
  18.74 3565.78 ^ _157827_/Y (AOI211x1_ASAP7_75t_R)
  19.47 3585.25 v _157842_/Y (OAI21x1_ASAP7_75t_R)
  90.29 3675.54 v _157921_/Y (AO221x1_ASAP7_75t_R)
  46.51 3722.05 v _157922_/Y (AO221x1_ASAP7_75t_R)
  27.43 3749.48 v _157925_/Y (AO32x2_ASAP7_75t_R)
  22.56 3772.04 v _157949_/Y (OA211x2_ASAP7_75t_R)
  32.14 3804.17 v _157967_/Y (AO222x2_ASAP7_75t_R)
  38.20 3842.38 v _158020_/Y (AO221x1_ASAP7_75t_R)
  28.44 3870.82 v _158084_/Y (AO211x2_ASAP7_75t_R)
  42.92 3913.75 v _158094_/Y (AND2x2_ASAP7_75t_R)
  47.43 3961.18 v _158173_/Y (OR3x2_ASAP7_75t_R)
  22.66 3983.84 v _158271_/Y (AO221x1_ASAP7_75t_R)
  32.98 4016.82 v _158272_/Y (OR5x1_ASAP7_75t_R)
  46.35 4063.17 v _158273_/Y (OR5x1_ASAP7_75t_R)
  19.78 4082.95 ^ _158274_/Y (NAND2x2_ASAP7_75t_R)
  55.14 4138.09 v _158287_/Y (OAI21x1_ASAP7_75t_R)
  50.89 4188.97 v _158298_/Y (AND2x2_ASAP7_75t_R)
  35.83 4224.80 v _158304_/Y (OA211x2_ASAP7_75t_R)
  29.40 4254.20 v _158330_/Y (XNOR2x2_ASAP7_75t_R)
  29.49 4283.70 v _158388_/Y (OR5x1_ASAP7_75t_R)
  43.07 4326.76 v _158399_/Y (AO33x2_ASAP7_75t_R)
  25.52 4352.29 v _158436_/Y (AND2x2_ASAP7_75t_R)
  79.84 4432.12 v _158437_/Y (OR3x1_ASAP7_75t_R)
  69.36 4501.48 v _158474_/Y (AND2x2_ASAP7_75t_R)
  37.44 4538.93 ^ _158476_/Y (AOI22x1_ASAP7_75t_R)
  22.97 4561.89 ^ _158477_/Y (AND2x2_ASAP7_75t_R)
  15.93 4577.82 v _158496_/Y (AOI221x1_ASAP7_75t_R)
  32.93 4610.75 v _158497_/Y (MAJx2_ASAP7_75t_R)
  24.66 4635.41 v _158571_/Y (AO21x1_ASAP7_75t_R)
  46.94 4682.35 v _158629_/Y (AO221x2_ASAP7_75t_R)
  80.71 4763.07 ^ _158672_/Y (NAND2x1_ASAP7_75t_R)
  34.83 4797.90 ^ _158689_/Y (AND2x2_ASAP7_75t_R)
  22.56 4820.46 ^ _158690_/Y (OA21x2_ASAP7_75t_R)
  19.98 4840.43 ^ _158691_/Y (OR2x2_ASAP7_75t_R)
  22.78 4863.21 ^ _158702_/Y (AND3x1_ASAP7_75t_R)
  21.75 4884.96 ^ _158720_/Y (OA21x2_ASAP7_75t_R)
  24.37 4909.33 ^ _158743_/Y (OA31x2_ASAP7_75t_R)
  15.03 4924.36 ^ _158761_/Y (OR4x1_ASAP7_75t_R)
  47.73 4972.10 ^ _158764_/Y (AND5x2_ASAP7_75t_R)
  51.96 5024.05 ^ _159054_/Y (OA21x2_ASAP7_75t_R)
 109.75 5133.81 ^ _159120_/Y (OA21x2_ASAP7_75t_R)
  57.09 5190.90 ^ _159154_/Y (AO221x1_ASAP7_75t_R)
  97.70 5288.61 ^ _159901_/Y (AND2x2_ASAP7_75t_R)
 160.23 5448.83 v _159903_/Y (NOR2x1_ASAP7_75t_R)
  96.53 5545.36 ^ _163182_/Y (NAND2x2_ASAP7_75t_R)
  31.61 5576.97 ^ load_slew951/Y (BUFx16f_ASAP7_75t_R)
  21.45 5598.43 ^ load_slew949/Y (BUFx16f_ASAP7_75t_R)
  27.29 5625.72 ^ wire948/Y (BUFx16f_ASAP7_75t_R)
 148.18 5773.90 ^ _164794_/Y (OR2x2_ASAP7_75t_R)
  43.12 5817.01 v _201279_/Y (NAND2x1_ASAP7_75t_R)
  21.43 5838.44 v _201282_/Y (AO21x1_ASAP7_75t_R)
  26.43 5864.88 v _201283_/Y (OA211x2_ASAP7_75t_R)
  16.20 5881.08 v _201284_/Y (AO21x1_ASAP7_75t_R)
  14.69 5895.77 v _201285_/Y (AND2x2_ASAP7_75t_R)
   0.04 5895.81 v _312492_/D (DFFHQNx1_ASAP7_75t_R)
        5895.81   data arrival time

5500.00 5500.00   clock core_clk (rise edge)
   0.00 5500.00   clock source latency
   0.00 5500.00 ^ clk (in)
  43.78 5543.78 ^ wire4945/Y (BUFx10_ASAP7_75t_R)
  44.99 5588.77 ^ clkbuf_0_clk/Y (BUFx24_ASAP7_75t_R)
  27.54 5616.31 ^ clkbuf_1_1_0_clk/Y (BUFx24_ASAP7_75t_R)
  27.37 5643.69 ^ clkbuf_2_3_0_clk/Y (BUFx24_ASAP7_75t_R)
  25.30 5668.98 ^ clkbuf_3_7_0_clk/Y (BUFx24_ASAP7_75t_R)
  28.72 5697.71 ^ clkbuf_4_14_0_clk/Y (BUFx24_ASAP7_75t_R)
  22.00 5719.71 ^ clkbuf_6_57_0_clk/Y (BUFx24_ASAP7_75t_R)
  19.73 5739.44 ^ clkbuf_7_114__f_clk/Y (BUFx24_ASAP7_75t_R)
  21.54 5760.98 ^ clkbuf_leaf_492_clk/Y (BUFx24_ASAP7_75t_R)
   1.45 5762.43 ^ _312492_/CLK (DFFHQNx1_ASAP7_75t_R)
 -50.00 5712.43   clock uncertainty
   2.08 5714.51   clock reconvergence pessimism
  -0.42 5714.09   library setup time
        5714.09   data required time
---------------------------------------------------------
        5714.09   data required time
        -5895.81   data arrival time
---------------------------------------------------------
        -181.72   slack (VIOLATED)


Startpoint: _308209_ (rising edge-triggered flip-flop clocked by core_clk)
Endpoint: _312549_ (rising edge-triggered flip-flop clocked by core_clk)
Path Group: reg2reg
Path Type: max

  Delay    Time   Description
---------------------------------------------------------
   0.00    0.00   clock core_clk (rise edge)
   0.00    0.00   clock source latency
   0.00    0.00 ^ clk (in)
  44.44   44.44 ^ wire4945/Y (BUFx10_ASAP7_75t_R)
  46.42   90.85 ^ clkbuf_0_clk/Y (BUFx24_ASAP7_75t_R)
  28.76  119.62 ^ clkbuf_1_0_0_clk/Y (BUFx24_ASAP7_75t_R)
  28.26  147.87 ^ clkbuf_2_1_0_clk/Y (BUFx24_ASAP7_75t_R)
  25.61  173.49 ^ clkbuf_3_2_0_clk/Y (BUFx24_ASAP7_75t_R)
  29.85  203.33 ^ clkbuf_4_4_0_clk/Y (BUFx24_ASAP7_75t_R)
  24.35  227.68 ^ clkbuf_6_19_0_clk/Y (BUFx24_ASAP7_75t_R)
  21.69  249.37 ^ clkbuf_7_38__f_clk/Y (BUFx24_ASAP7_75t_R)
  26.71  276.08 ^ clkbuf_leaf_778_clk/Y (BUFx24_ASAP7_75t_R)
   1.89  277.97 ^ _308209_/CLK (DFFHQNx3_ASAP7_75t_R)
  56.19  334.16 ^ _308209_/QN (DFFHQNx3_ASAP7_75t_R)
  26.21  360.37 ^ wire4778/Y (BUFx16f_ASAP7_75t_R)
  56.27  416.64 ^ wire4776/Y (BUFx16f_ASAP7_75t_R)
  30.08  446.72 ^ wire4775/Y (BUFx16f_ASAP7_75t_R)
  60.47  507.19 ^ load_slew4774/Y (BUFx16f_ASAP7_75t_R)
  95.85  603.03 ^ _153629_/Y (AND2x2_ASAP7_75t_R)
 145.04  748.08 v _153630_/Y (NAND2x1_ASAP7_75t_R)
  63.27  811.35 v _153631_/Y (OA21x2_ASAP7_75t_R)
 105.27  916.62 v _153633_/Y (AND3x1_ASAP7_75t_R)
  83.72 1000.34 v _154870_/Y (AO222x2_ASAP7_75t_R)
  46.64 1046.98 v _154873_/Y (OR3x2_ASAP7_75t_R)
  53.58 1100.56 v _154878_/Y (OR5x1_ASAP7_75t_R)
  97.46 1198.02 v _154879_/Y (OR4x1_ASAP7_75t_R)
  69.73 1267.75 v _155829_/Y (OR4x1_ASAP7_75t_R)
  24.44 1292.18 v _155944_/Y (AO221x1_ASAP7_75t_R)
  50.98 1343.16 v _155949_/Y (OR5x1_ASAP7_75t_R)
  33.14 1376.30 v _156013_/Y (AND2x2_ASAP7_75t_R)
  50.65 1426.95 ^ _156016_/Y (NAND3x1_ASAP7_75t_R)
  37.85 1464.80 v _156112_/Y (AOI221x1_ASAP7_75t_R)
  25.93 1490.73 v _156115_/Y (OA21x2_ASAP7_75t_R)
  21.72 1512.45 v _156116_/Y (OR3x1_ASAP7_75t_R)
  38.61 1551.06 v _156123_/Y (AO33x2_ASAP7_75t_R)
  41.48 1592.54 ^ _156140_/Y (NAND2x1_ASAP7_75t_R)
 111.61 1704.15 ^ _156253_/Y (AO221x1_ASAP7_75t_R)
  66.42 1770.57 v _156308_/Y (NAND2x2_ASAP7_75t_R)
  47.11 1817.68 v _156311_/Y (AO21x2_ASAP7_75t_R)
  22.77 1840.45 v _156314_/Y (OA21x2_ASAP7_75t_R)
  27.66 1868.12 v _156388_/Y (AO221x1_ASAP7_75t_R)
  22.59 1890.71 v _156389_/Y (OA21x2_ASAP7_75t_R)
  24.11 1914.83 ^ _156393_/Y (AOI22x1_ASAP7_75t_R)
  54.62 1969.45 v _156410_/Y (NAND2x1_ASAP7_75t_R)
  71.78 2041.23 v _156421_/Y (AO33x2_ASAP7_75t_R)
  31.36 2072.60 ^ _156522_/Y (XNOR2x2_ASAP7_75t_R)
  25.12 2097.72 ^ _156526_/Y (AND4x1_ASAP7_75t_R)
  19.12 2116.83 ^ _156550_/Y (AO21x1_ASAP7_75t_R)
  19.18 2136.01 ^ _156551_/Y (AO21x1_ASAP7_75t_R)
  82.99 2219.01 ^ _156552_/Y (OA211x2_ASAP7_75t_R)
  82.97 2301.97 v _156555_/Y (INVx1_ASAP7_75t_R)
  32.74 2334.71 ^ _156568_/Y (OAI21x1_ASAP7_75t_R)
  34.05 2368.77 v _156616_/Y (AOI221x1_ASAP7_75t_R)
  48.33 2417.09 v _156806_/Y (OA211x2_ASAP7_75t_R)
  13.56 2430.65 ^ _156807_/Y (NAND2x1_ASAP7_75t_R)
  71.41 2502.07 ^ _156882_/Y (AO32x1_ASAP7_75t_R)
  33.66 2535.72 ^ _156995_/Y (OR2x2_ASAP7_75t_R)
  39.31 2575.03 ^ _157002_/Y (AO32x1_ASAP7_75t_R)
  35.10 2610.13 ^ _157004_/Y (XNOR2x2_ASAP7_75t_R)
  14.25 2624.38 v _157005_/Y (NOR3x1_ASAP7_75t_R)
  32.56 2656.94 v _157006_/Y (AND5x2_ASAP7_75t_R)
  28.67 2685.61 v _157078_/Y (OR3x1_ASAP7_75t_R)
  58.66 2744.27 v _157141_/Y (OA33x2_ASAP7_75t_R)
  34.02 2778.29 v _157144_/Y (OR2x2_ASAP7_75t_R)
  24.44 2802.73 v _157145_/Y (AO21x1_ASAP7_75t_R)
  25.92 2828.65 v _157196_/Y (AO32x1_ASAP7_75t_R)
  26.75 2855.41 v _157198_/Y (AO22x1_ASAP7_75t_R)
  22.89 2878.30 v _157222_/Y (AO21x1_ASAP7_75t_R)
  30.77 2909.07 v _157223_/Y (OR3x1_ASAP7_75t_R)
  42.45 2951.52 v _157312_/Y (AO21x1_ASAP7_75t_R)
  57.75 3009.27 ^ _157343_/Y (NAND2x1_ASAP7_75t_R)
  43.30 3052.57 v _157440_/Y (AOI221x1_ASAP7_75t_R)
  30.71 3083.28 v _157456_/Y (OA222x2_ASAP7_75t_R)
  22.22 3105.50 v _157459_/Y (AND5x2_ASAP7_75t_R)
  20.82 3126.32 v _157472_/Y (OA31x2_ASAP7_75t_R)
  42.25 3168.58 v _157475_/Y (OR4x2_ASAP7_75t_R)
  64.50 3233.08 ^ _157478_/Y (NAND2x1_ASAP7_75t_R)
  19.40 3252.47 v _157479_/Y (NOR2x1_ASAP7_75t_R)
  25.13 3277.60 v _157485_/Y (OA21x2_ASAP7_75t_R)
  28.32 3305.92 v _157492_/Y (AO221x1_ASAP7_75t_R)
  26.02 3331.94 v _157649_/Y (OA21x2_ASAP7_75t_R)
  24.30 3356.24 v _157651_/Y (AO21x1_ASAP7_75t_R)
  41.83 3398.07 v _157652_/Y (AO22x1_ASAP7_75t_R)
  64.09 3462.16 ^ _157732_/Y (NAND2x1_ASAP7_75t_R)
  25.46 3487.62 ^ _157764_/Y (AO21x1_ASAP7_75t_R)
  24.35 3511.96 v _157767_/Y (AOI22x1_ASAP7_75t_R)
  35.07 3547.04 v _157790_/Y (OA21x2_ASAP7_75t_R)
  18.74 3565.78 ^ _157827_/Y (AOI211x1_ASAP7_75t_R)
  19.47 3585.25 v _157842_/Y (OAI21x1_ASAP7_75t_R)
  90.29 3675.54 v _157921_/Y (AO221x1_ASAP7_75t_R)
  46.51 3722.05 v _157922_/Y (AO221x1_ASAP7_75t_R)
  27.43 3749.48 v _157925_/Y (AO32x2_ASAP7_75t_R)
  22.56 3772.04 v _157949_/Y (OA211x2_ASAP7_75t_R)
  32.14 3804.17 v _157967_/Y (AO222x2_ASAP7_75t_R)
  38.20 3842.38 v _158020_/Y (AO221x1_ASAP7_75t_R)
  28.44 3870.82 v _158084_/Y (AO211x2_ASAP7_75t_R)
  42.92 3913.75 v _158094_/Y (AND2x2_ASAP7_75t_R)
  47.43 3961.18 v _158173_/Y (OR3x2_ASAP7_75t_R)
  22.66 3983.84 v _158271_/Y (AO221x1_ASAP7_75t_R)
  32.98 4016.82 v _158272_/Y (OR5x1_ASAP7_75t_R)
  46.35 4063.17 v _158273_/Y (OR5x1_ASAP7_75t_R)
  19.78 4082.95 ^ _158274_/Y (NAND2x2_ASAP7_75t_R)
  55.14 4138.09 v _158287_/Y (OAI21x1_ASAP7_75t_R)
  50.89 4188.97 v _158298_/Y (AND2x2_ASAP7_75t_R)
  35.83 4224.80 v _158304_/Y (OA211x2_ASAP7_75t_R)
  29.40 4254.20 v _158330_/Y (XNOR2x2_ASAP7_75t_R)
  29.49 4283.70 v _158388_/Y (OR5x1_ASAP7_75t_R)
  43.07 4326.76 v _158399_/Y (AO33x2_ASAP7_75t_R)
  25.52 4352.29 v _158436_/Y (AND2x2_ASAP7_75t_R)
  79.84 4432.12 v _158437_/Y (OR3x1_ASAP7_75t_R)
  69.36 4501.48 v _158474_/Y (AND2x2_ASAP7_75t_R)
  37.44 4538.93 ^ _158476_/Y (AOI22x1_ASAP7_75t_R)
  22.97 4561.89 ^ _158477_/Y (AND2x2_ASAP7_75t_R)
  15.93 4577.82 v _158496_/Y (AOI221x1_ASAP7_75t_R)
  32.93 4610.75 v _158497_/Y (MAJx2_ASAP7_75t_R)
  24.66 4635.41 v _158571_/Y (AO21x1_ASAP7_75t_R)
  46.94 4682.35 v _158629_/Y (AO221x2_ASAP7_75t_R)
  80.71 4763.07 ^ _158672_/Y (NAND2x1_ASAP7_75t_R)
  34.83 4797.90 ^ _158689_/Y (AND2x2_ASAP7_75t_R)
  22.56 4820.46 ^ _158690_/Y (OA21x2_ASAP7_75t_R)
  19.98 4840.43 ^ _158691_/Y (OR2x2_ASAP7_75t_R)
  22.78 4863.21 ^ _158702_/Y (AND3x1_ASAP7_75t_R)
  21.75 4884.96 ^ _158720_/Y (OA21x2_ASAP7_75t_R)
  24.37 4909.33 ^ _158743_/Y (OA31x2_ASAP7_75t_R)
  15.03 4924.36 ^ _158761_/Y (OR4x1_ASAP7_75t_R)
  47.73 4972.10 ^ _158764_/Y (AND5x2_ASAP7_75t_R)
  51.96 5024.05 ^ _159054_/Y (OA21x2_ASAP7_75t_R)
 109.75 5133.81 ^ _159120_/Y (OA21x2_ASAP7_75t_R)
  57.09 5190.90 ^ _159154_/Y (AO221x1_ASAP7_75t_R)
  97.70 5288.61 ^ _159901_/Y (AND2x2_ASAP7_75t_R)
 160.23 5448.83 v _159903_/Y (NOR2x1_ASAP7_75t_R)
 112.70 5561.53 ^ _163131_/Y (NAND2x2_ASAP7_75t_R)
  35.00 5596.53 ^ load_slew954/Y (BUFx16f_ASAP7_75t_R)
  34.40 5630.93 ^ load_slew952/Y (BUFx16f_ASAP7_75t_R)
 142.80 5773.73 ^ _164753_/Y (OR2x2_ASAP7_75t_R)
  46.61 5820.34 v _201234_/Y (NAND2x1_ASAP7_75t_R)
  20.64 5840.98 v _201235_/Y (AO21x1_ASAP7_75t_R)
  26.00 5866.98 v _201236_/Y (OA211x2_ASAP7_75t_R)
  16.93 5883.91 v _201237_/Y (AO21x1_ASAP7_75t_R)
  14.96 5898.87 v _201238_/Y (AND2x2_ASAP7_75t_R)
   0.08 5898.95 v _312549_/D (DFFHQNx1_ASAP7_75t_R)
        5898.95   data arrival time

5500.00 5500.00   clock core_clk (rise edge)
   0.00 5500.00   clock source latency
   0.00 5500.00 ^ clk (in)
  43.78 5543.78 ^ wire4945/Y (BUFx10_ASAP7_75t_R)
  44.99 5588.77 ^ clkbuf_0_clk/Y (BUFx24_ASAP7_75t_R)
  27.54 5616.31 ^ clkbuf_1_1_0_clk/Y (BUFx24_ASAP7_75t_R)
  27.37 5643.69 ^ clkbuf_2_3_0_clk/Y (BUFx24_ASAP7_75t_R)
  22.31 5665.99 ^ clkbuf_3_6_0_clk/Y (BUFx24_ASAP7_75t_R)
  28.18 5694.18 ^ clkbuf_4_12_0_clk/Y (BUFx24_ASAP7_75t_R)
  26.31 5720.48 ^ clkbuf_6_51_0_clk/Y (BUFx24_ASAP7_75t_R)
  20.81 5741.29 ^ clkbuf_7_103__f_clk/Y (BUFx24_ASAP7_75t_R)
  23.09 5764.38 ^ clkbuf_leaf_472_clk/Y (BUFx24_ASAP7_75t_R)
   1.90 5766.28 ^ _312549_/CLK (DFFHQNx1_ASAP7_75t_R)
 -50.00 5716.28   clock uncertainty
   2.08 5718.36   clock reconvergence pessimism
  -0.47 5717.89   library setup time
        5717.89   data required time
---------------------------------------------------------
        5717.89   data required time
        -5898.95   data arrival time
---------------------------------------------------------
        -181.06   slack (VIOLATED)


Startpoint: _308209_ (rising edge-triggered flip-flop clocked by core_clk)
Endpoint: _312518_ (rising edge-triggered flip-flop clocked by core_clk)
Path Group: reg2reg
Path Type: max

  Delay    Time   Description
---------------------------------------------------------
   0.00    0.00   clock core_clk (rise edge)
   0.00    0.00   clock source latency
   0.00    0.00 ^ clk (in)
  44.44   44.44 ^ wire4945/Y (BUFx10_ASAP7_75t_R)
  46.42   90.85 ^ clkbuf_0_clk/Y (BUFx24_ASAP7_75t_R)
  28.76  119.62 ^ clkbuf_1_0_0_clk/Y (BUFx24_ASAP7_75t_R)
  28.26  147.87 ^ clkbuf_2_1_0_clk/Y (BUFx24_ASAP7_75t_R)
  25.61  173.49 ^ clkbuf_3_2_0_clk/Y (BUFx24_ASAP7_75t_R)
  29.85  203.33 ^ clkbuf_4_4_0_clk/Y (BUFx24_ASAP7_75t_R)
  24.35  227.68 ^ clkbuf_6_19_0_clk/Y (BUFx24_ASAP7_75t_R)
  21.69  249.37 ^ clkbuf_7_38__f_clk/Y (BUFx24_ASAP7_75t_R)
  26.71  276.08 ^ clkbuf_leaf_778_clk/Y (BUFx24_ASAP7_75t_R)
   1.89  277.97 ^ _308209_/CLK (DFFHQNx3_ASAP7_75t_R)
  56.19  334.16 ^ _308209_/QN (DFFHQNx3_ASAP7_75t_R)
  26.21  360.37 ^ wire4778/Y (BUFx16f_ASAP7_75t_R)
  56.27  416.64 ^ wire4776/Y (BUFx16f_ASAP7_75t_R)
  30.08  446.72 ^ wire4775/Y (BUFx16f_ASAP7_75t_R)
  60.47  507.19 ^ load_slew4774/Y (BUFx16f_ASAP7_75t_R)
  95.85  603.03 ^ _153629_/Y (AND2x2_ASAP7_75t_R)
 145.04  748.08 v _153630_/Y (NAND2x1_ASAP7_75t_R)
  63.27  811.35 v _153631_/Y (OA21x2_ASAP7_75t_R)
 105.27  916.62 v _153633_/Y (AND3x1_ASAP7_75t_R)
  83.72 1000.34 v _154870_/Y (AO222x2_ASAP7_75t_R)
  46.64 1046.98 v _154873_/Y (OR3x2_ASAP7_75t_R)
  53.58 1100.56 v _154878_/Y (OR5x1_ASAP7_75t_R)
  97.46 1198.02 v _154879_/Y (OR4x1_ASAP7_75t_R)
  69.73 1267.75 v _155829_/Y (OR4x1_ASAP7_75t_R)
  24.44 1292.18 v _155944_/Y (AO221x1_ASAP7_75t_R)
  50.98 1343.16 v _155949_/Y (OR5x1_ASAP7_75t_R)
  33.14 1376.30 v _156013_/Y (AND2x2_ASAP7_75t_R)
  50.65 1426.95 ^ _156016_/Y (NAND3x1_ASAP7_75t_R)
  37.85 1464.80 v _156112_/Y (AOI221x1_ASAP7_75t_R)
  25.93 1490.73 v _156115_/Y (OA21x2_ASAP7_75t_R)
  21.72 1512.45 v _156116_/Y (OR3x1_ASAP7_75t_R)
  38.61 1551.06 v _156123_/Y (AO33x2_ASAP7_75t_R)
  41.48 1592.54 ^ _156140_/Y (NAND2x1_ASAP7_75t_R)
 111.61 1704.15 ^ _156253_/Y (AO221x1_ASAP7_75t_R)
  66.42 1770.57 v _156308_/Y (NAND2x2_ASAP7_75t_R)
  47.11 1817.68 v _156311_/Y (AO21x2_ASAP7_75t_R)
  22.77 1840.45 v _156314_/Y (OA21x2_ASAP7_75t_R)
  27.66 1868.12 v _156388_/Y (AO221x1_ASAP7_75t_R)
  22.59 1890.71 v _156389_/Y (OA21x2_ASAP7_75t_R)
  24.11 1914.83 ^ _156393_/Y (AOI22x1_ASAP7_75t_R)
  54.62 1969.45 v _156410_/Y (NAND2x1_ASAP7_75t_R)
  71.78 2041.23 v _156421_/Y (AO33x2_ASAP7_75t_R)
  31.36 2072.60 ^ _156522_/Y (XNOR2x2_ASAP7_75t_R)
  25.12 2097.72 ^ _156526_/Y (AND4x1_ASAP7_75t_R)
  19.12 2116.83 ^ _156550_/Y (AO21x1_ASAP7_75t_R)
  19.18 2136.01 ^ _156551_/Y (AO21x1_ASAP7_75t_R)
  82.99 2219.01 ^ _156552_/Y (OA211x2_ASAP7_75t_R)
  82.97 2301.97 v _156555_/Y (INVx1_ASAP7_75t_R)
  32.74 2334.71 ^ _156568_/Y (OAI21x1_ASAP7_75t_R)
  34.05 2368.77 v _156616_/Y (AOI221x1_ASAP7_75t_R)
  48.33 2417.09 v _156806_/Y (OA211x2_ASAP7_75t_R)
  13.56 2430.65 ^ _156807_/Y (NAND2x1_ASAP7_75t_R)
  71.41 2502.07 ^ _156882_/Y (AO32x1_ASAP7_75t_R)
  33.66 2535.72 ^ _156995_/Y (OR2x2_ASAP7_75t_R)
  39.31 2575.03 ^ _157002_/Y (AO32x1_ASAP7_75t_R)
  35.10 2610.13 ^ _157004_/Y (XNOR2x2_ASAP7_75t_R)
  14.25 2624.38 v _157005_/Y (NOR3x1_ASAP7_75t_R)
  32.56 2656.94 v _157006_/Y (AND5x2_ASAP7_75t_R)
  28.67 2685.61 v _157078_/Y (OR3x1_ASAP7_75t_R)
  58.66 2744.27 v _157141_/Y (OA33x2_ASAP7_75t_R)
  34.02 2778.29 v _157144_/Y (OR2x2_ASAP7_75t_R)
  24.44 2802.73 v _157145_/Y (AO21x1_ASAP7_75t_R)
  25.92 2828.65 v _157196_/Y (AO32x1_ASAP7_75t_R)
  26.75 2855.41 v _157198_/Y (AO22x1_ASAP7_75t_R)
  22.89 2878.30 v _157222_/Y (AO21x1_ASAP7_75t_R)
  30.77 2909.07 v _157223_/Y (OR3x1_ASAP7_75t_R)
  42.45 2951.52 v _157312_/Y (AO21x1_ASAP7_75t_R)
  57.75 3009.27 ^ _157343_/Y (NAND2x1_ASAP7_75t_R)
  43.30 3052.57 v _157440_/Y (AOI221x1_ASAP7_75t_R)
  30.71 3083.28 v _157456_/Y (OA222x2_ASAP7_75t_R)
  22.22 3105.50 v _157459_/Y (AND5x2_ASAP7_75t_R)
  20.82 3126.32 v _157472_/Y (OA31x2_ASAP7_75t_R)
  42.25 3168.58 v _157475_/Y (OR4x2_ASAP7_75t_R)
  64.50 3233.08 ^ _157478_/Y (NAND2x1_ASAP7_75t_R)
  19.40 3252.47 v _157479_/Y (NOR2x1_ASAP7_75t_R)
  25.13 3277.60 v _157485_/Y (OA21x2_ASAP7_75t_R)
  28.32 3305.92 v _157492_/Y (AO221x1_ASAP7_75t_R)
  26.02 3331.94 v _157649_/Y (OA21x2_ASAP7_75t_R)
  24.30 3356.24 v _157651_/Y (AO21x1_ASAP7_75t_R)
  41.83 3398.07 v _157652_/Y (AO22x1_ASAP7_75t_R)
  64.09 3462.16 ^ _157732_/Y (NAND2x1_ASAP7_75t_R)
  25.46 3487.62 ^ _157764_/Y (AO21x1_ASAP7_75t_R)
  24.35 3511.96 v _157767_/Y (AOI22x1_ASAP7_75t_R)
  35.07 3547.04 v _157790_/Y (OA21x2_ASAP7_75t_R)
  18.74 3565.78 ^ _157827_/Y (AOI211x1_ASAP7_75t_R)
  19.47 3585.25 v _157842_/Y (OAI21x1_ASAP7_75t_R)
  90.29 3675.54 v _157921_/Y (AO221x1_ASAP7_75t_R)
  46.51 3722.05 v _157922_/Y (AO221x1_ASAP7_75t_R)
  27.43 3749.48 v _157925_/Y (AO32x2_ASAP7_75t_R)
  22.56 3772.04 v _157949_/Y (OA211x2_ASAP7_75t_R)
  32.14 3804.17 v _157967_/Y (AO222x2_ASAP7_75t_R)
  38.20 3842.38 v _158020_/Y (AO221x1_ASAP7_75t_R)
  28.44 3870.82 v _158084_/Y (AO211x2_ASAP7_75t_R)
  42.92 3913.75 v _158094_/Y (AND2x2_ASAP7_75t_R)
  47.43 3961.18 v _158173_/Y (OR3x2_ASAP7_75t_R)
  22.66 3983.84 v _158271_/Y (AO221x1_ASAP7_75t_R)
  32.98 4016.82 v _158272_/Y (OR5x1_ASAP7_75t_R)
  46.35 4063.17 v _158273_/Y (OR5x1_ASAP7_75t_R)
  19.78 4082.95 ^ _158274_/Y (NAND2x2_ASAP7_75t_R)
  55.14 4138.09 v _158287_/Y (OAI21x1_ASAP7_75t_R)
  50.89 4188.97 v _158298_/Y (AND2x2_ASAP7_75t_R)
  35.83 4224.80 v _158304_/Y (OA211x2_ASAP7_75t_R)
  29.40 4254.20 v _158330_/Y (XNOR2x2_ASAP7_75t_R)
  29.49 4283.70 v _158388_/Y (OR5x1_ASAP7_75t_R)
  43.07 4326.76 v _158399_/Y (AO33x2_ASAP7_75t_R)
  25.52 4352.29 v _158436_/Y (AND2x2_ASAP7_75t_R)
  79.84 4432.12 v _158437_/Y (OR3x1_ASAP7_75t_R)
  69.36 4501.48 v _158474_/Y (AND2x2_ASAP7_75t_R)
  37.44 4538.93 ^ _158476_/Y (AOI22x1_ASAP7_75t_R)
  22.97 4561.89 ^ _158477_/Y (AND2x2_ASAP7_75t_R)
  15.93 4577.82 v _158496_/Y (AOI221x1_ASAP7_75t_R)
  32.93 4610.75 v _158497_/Y (MAJx2_ASAP7_75t_R)
  24.66 4635.41 v _158571_/Y (AO21x1_ASAP7_75t_R)
  46.94 4682.35 v _158629_/Y (AO221x2_ASAP7_75t_R)
  80.71 4763.07 ^ _158672_/Y (NAND2x1_ASAP7_75t_R)
  34.83 4797.90 ^ _158689_/Y (AND2x2_ASAP7_75t_R)
  22.56 4820.46 ^ _158690_/Y (OA21x2_ASAP7_75t_R)
  19.98 4840.43 ^ _158691_/Y (OR2x2_ASAP7_75t_R)
  22.78 4863.21 ^ _158702_/Y (AND3x1_ASAP7_75t_R)
  21.75 4884.96 ^ _158720_/Y (OA21x2_ASAP7_75t_R)
  24.37 4909.33 ^ _158743_/Y (OA31x2_ASAP7_75t_R)
  15.03 4924.36 ^ _158761_/Y (OR4x1_ASAP7_75t_R)
  47.73 4972.10 ^ _158764_/Y (AND5x2_ASAP7_75t_R)
  51.96 5024.05 ^ _159054_/Y (OA21x2_ASAP7_75t_R)
 109.75 5133.81 ^ _159120_/Y (OA21x2_ASAP7_75t_R)
  57.09 5190.90 ^ _159154_/Y (AO221x1_ASAP7_75t_R)
  97.70 5288.61 ^ _159901_/Y (AND2x2_ASAP7_75t_R)
 160.23 5448.83 v _159903_/Y (NOR2x1_ASAP7_75t_R)
  96.53 5545.36 ^ _163182_/Y (NAND2x2_ASAP7_75t_R)
  31.61 5576.97 ^ load_slew951/Y (BUFx16f_ASAP7_75t_R)
  21.45 5598.43 ^ load_slew949/Y (BUFx16f_ASAP7_75t_R)
  27.29 5625.72 ^ wire948/Y (BUFx16f_ASAP7_75t_R)
 148.18 5773.90 ^ _164794_/Y (OR2x2_ASAP7_75t_R)
  44.46 5818.35 v _201456_/Y (NAND2x1_ASAP7_75t_R)
  20.50 5838.86 v _201457_/Y (AO21x1_ASAP7_75t_R)
  25.87 5864.73 v _201458_/Y (OA211x2_ASAP7_75t_R)
  17.20 5881.93 v _201459_/Y (AO21x1_ASAP7_75t_R)
  14.94 5896.87 v _201460_/Y (AND2x2_ASAP7_75t_R)
   0.04 5896.91 v _312518_/D (DFFHQNx1_ASAP7_75t_R)
        5896.91   data arrival time

5500.00 5500.00   clock core_clk (rise edge)
   0.00 5500.00   clock source latency
   0.00 5500.00 ^ clk (in)
  43.78 5543.78 ^ wire4945/Y (BUFx10_ASAP7_75t_R)
  44.99 5588.77 ^ clkbuf_0_clk/Y (BUFx24_ASAP7_75t_R)
  27.54 5616.31 ^ clkbuf_1_1_0_clk/Y (BUFx24_ASAP7_75t_R)
  27.37 5643.69 ^ clkbuf_2_3_0_clk/Y (BUFx24_ASAP7_75t_R)
  22.31 5665.99 ^ clkbuf_3_6_0_clk/Y (BUFx24_ASAP7_75t_R)
  27.65 5693.64 ^ clkbuf_4_13_0_clk/Y (BUFx24_ASAP7_75t_R)
  25.02 5718.66 ^ clkbuf_6_54_0_clk/Y (BUFx24_ASAP7_75t_R)
  21.27 5739.93 ^ clkbuf_7_108__f_clk/Y (BUFx24_ASAP7_75t_R)
  23.33 5763.27 ^ clkbuf_leaf_482_clk/Y (BUFx24_ASAP7_75t_R)
   1.29 5764.55 ^ _312518_/CLK (DFFHQNx1_ASAP7_75t_R)
 -50.00 5714.55   clock uncertainty
   2.08 5716.64   clock reconvergence pessimism
  -0.53 5716.10   library setup time
        5716.10   data required time
---------------------------------------------------------
        5716.10   data required time
        -5896.91   data arrival time
---------------------------------------------------------
        -180.81   slack (VIOLATED)


Startpoint: _308209_ (rising edge-triggered flip-flop clocked by core_clk)
Endpoint: _312539_ (rising edge-triggered flip-flop clocked by core_clk)
Path Group: reg2reg
Path Type: max

  Delay    Time   Description
---------------------------------------------------------
   0.00    0.00   clock core_clk (rise edge)
   0.00    0.00   clock source latency
   0.00    0.00 ^ clk (in)
  44.44   44.44 ^ wire4945/Y (BUFx10_ASAP7_75t_R)
  46.42   90.85 ^ clkbuf_0_clk/Y (BUFx24_ASAP7_75t_R)
  28.76  119.62 ^ clkbuf_1_0_0_clk/Y (BUFx24_ASAP7_75t_R)
  28.26  147.87 ^ clkbuf_2_1_0_clk/Y (BUFx24_ASAP7_75t_R)
  25.61  173.49 ^ clkbuf_3_2_0_clk/Y (BUFx24_ASAP7_75t_R)
  29.85  203.33 ^ clkbuf_4_4_0_clk/Y (BUFx24_ASAP7_75t_R)
  24.35  227.68 ^ clkbuf_6_19_0_clk/Y (BUFx24_ASAP7_75t_R)
  21.69  249.37 ^ clkbuf_7_38__f_clk/Y (BUFx24_ASAP7_75t_R)
  26.71  276.08 ^ clkbuf_leaf_778_clk/Y (BUFx24_ASAP7_75t_R)
   1.89  277.97 ^ _308209_/CLK (DFFHQNx3_ASAP7_75t_R)
  56.19  334.16 ^ _308209_/QN (DFFHQNx3_ASAP7_75t_R)
  26.21  360.37 ^ wire4778/Y (BUFx16f_ASAP7_75t_R)
  56.27  416.64 ^ wire4776/Y (BUFx16f_ASAP7_75t_R)
  30.08  446.72 ^ wire4775/Y (BUFx16f_ASAP7_75t_R)
  60.47  507.19 ^ load_slew4774/Y (BUFx16f_ASAP7_75t_R)
  95.85  603.03 ^ _153629_/Y (AND2x2_ASAP7_75t_R)
 145.04  748.08 v _153630_/Y (NAND2x1_ASAP7_75t_R)
  63.27  811.35 v _153631_/Y (OA21x2_ASAP7_75t_R)
 105.27  916.62 v _153633_/Y (AND3x1_ASAP7_75t_R)
  83.72 1000.34 v _154870_/Y (AO222x2_ASAP7_75t_R)
  46.64 1046.98 v _154873_/Y (OR3x2_ASAP7_75t_R)
  53.58 1100.56 v _154878_/Y (OR5x1_ASAP7_75t_R)
  97.46 1198.02 v _154879_/Y (OR4x1_ASAP7_75t_R)
  69.73 1267.75 v _155829_/Y (OR4x1_ASAP7_75t_R)
  24.44 1292.18 v _155944_/Y (AO221x1_ASAP7_75t_R)
  50.98 1343.16 v _155949_/Y (OR5x1_ASAP7_75t_R)
  33.14 1376.30 v _156013_/Y (AND2x2_ASAP7_75t_R)
  50.65 1426.95 ^ _156016_/Y (NAND3x1_ASAP7_75t_R)
  37.85 1464.80 v _156112_/Y (AOI221x1_ASAP7_75t_R)
  25.93 1490.73 v _156115_/Y (OA21x2_ASAP7_75t_R)
  21.72 1512.45 v _156116_/Y (OR3x1_ASAP7_75t_R)
  38.61 1551.06 v _156123_/Y (AO33x2_ASAP7_75t_R)
  41.48 1592.54 ^ _156140_/Y (NAND2x1_ASAP7_75t_R)
 111.61 1704.15 ^ _156253_/Y (AO221x1_ASAP7_75t_R)
  66.42 1770.57 v _156308_/Y (NAND2x2_ASAP7_75t_R)
  47.11 1817.68 v _156311_/Y (AO21x2_ASAP7_75t_R)
  22.77 1840.45 v _156314_/Y (OA21x2_ASAP7_75t_R)
  27.66 1868.12 v _156388_/Y (AO221x1_ASAP7_75t_R)
  22.59 1890.71 v _156389_/Y (OA21x2_ASAP7_75t_R)
  24.11 1914.83 ^ _156393_/Y (AOI22x1_ASAP7_75t_R)
  54.62 1969.45 v _156410_/Y (NAND2x1_ASAP7_75t_R)
  71.78 2041.23 v _156421_/Y (AO33x2_ASAP7_75t_R)
  31.36 2072.60 ^ _156522_/Y (XNOR2x2_ASAP7_75t_R)
  25.12 2097.72 ^ _156526_/Y (AND4x1_ASAP7_75t_R)
  19.12 2116.83 ^ _156550_/Y (AO21x1_ASAP7_75t_R)
  19.18 2136.01 ^ _156551_/Y (AO21x1_ASAP7_75t_R)
  82.99 2219.01 ^ _156552_/Y (OA211x2_ASAP7_75t_R)
  82.97 2301.97 v _156555_/Y (INVx1_ASAP7_75t_R)
  32.74 2334.71 ^ _156568_/Y (OAI21x1_ASAP7_75t_R)
  34.05 2368.77 v _156616_/Y (AOI221x1_ASAP7_75t_R)
  48.33 2417.09 v _156806_/Y (OA211x2_ASAP7_75t_R)
  13.56 2430.65 ^ _156807_/Y (NAND2x1_ASAP7_75t_R)
  71.41 2502.07 ^ _156882_/Y (AO32x1_ASAP7_75t_R)
  33.66 2535.72 ^ _156995_/Y (OR2x2_ASAP7_75t_R)
  39.31 2575.03 ^ _157002_/Y (AO32x1_ASAP7_75t_R)
  35.10 2610.13 ^ _157004_/Y (XNOR2x2_ASAP7_75t_R)
  14.25 2624.38 v _157005_/Y (NOR3x1_ASAP7_75t_R)
  32.56 2656.94 v _157006_/Y (AND5x2_ASAP7_75t_R)
  28.67 2685.61 v _157078_/Y (OR3x1_ASAP7_75t_R)
  58.66 2744.27 v _157141_/Y (OA33x2_ASAP7_75t_R)
  34.02 2778.29 v _157144_/Y (OR2x2_ASAP7_75t_R)
  24.44 2802.73 v _157145_/Y (AO21x1_ASAP7_75t_R)
  25.92 2828.65 v _157196_/Y (AO32x1_ASAP7_75t_R)
  26.75 2855.41 v _157198_/Y (AO22x1_ASAP7_75t_R)
  22.89 2878.30 v _157222_/Y (AO21x1_ASAP7_75t_R)
  30.77 2909.07 v _157223_/Y (OR3x1_ASAP7_75t_R)
  42.45 2951.52 v _157312_/Y (AO21x1_ASAP7_75t_R)
  57.75 3009.27 ^ _157343_/Y (NAND2x1_ASAP7_75t_R)
  43.30 3052.57 v _157440_/Y (AOI221x1_ASAP7_75t_R)
  30.71 3083.28 v _157456_/Y (OA222x2_ASAP7_75t_R)
  22.22 3105.50 v _157459_/Y (AND5x2_ASAP7_75t_R)
  20.82 3126.32 v _157472_/Y (OA31x2_ASAP7_75t_R)
  42.25 3168.58 v _157475_/Y (OR4x2_ASAP7_75t_R)
  64.50 3233.08 ^ _157478_/Y (NAND2x1_ASAP7_75t_R)
  19.40 3252.47 v _157479_/Y (NOR2x1_ASAP7_75t_R)
  25.13 3277.60 v _157485_/Y (OA21x2_ASAP7_75t_R)
  28.32 3305.92 v _157492_/Y (AO221x1_ASAP7_75t_R)
  26.02 3331.94 v _157649_/Y (OA21x2_ASAP7_75t_R)
  24.30 3356.24 v _157651_/Y (AO21x1_ASAP7_75t_R)
  41.83 3398.07 v _157652_/Y (AO22x1_ASAP7_75t_R)
  64.09 3462.16 ^ _157732_/Y (NAND2x1_ASAP7_75t_R)
  25.46 3487.62 ^ _157764_/Y (AO21x1_ASAP7_75t_R)
  24.35 3511.96 v _157767_/Y (AOI22x1_ASAP7_75t_R)
  35.07 3547.04 v _157790_/Y (OA21x2_ASAP7_75t_R)
  18.74 3565.78 ^ _157827_/Y (AOI211x1_ASAP7_75t_R)
  19.47 3585.25 v _157842_/Y (OAI21x1_ASAP7_75t_R)
  90.29 3675.54 v _157921_/Y (AO221x1_ASAP7_75t_R)
  46.51 3722.05 v _157922_/Y (AO221x1_ASAP7_75t_R)
  27.43 3749.48 v _157925_/Y (AO32x2_ASAP7_75t_R)
  22.56 3772.04 v _157949_/Y (OA211x2_ASAP7_75t_R)
  32.14 3804.17 v _157967_/Y (AO222x2_ASAP7_75t_R)
  38.20 3842.38 v _158020_/Y (AO221x1_ASAP7_75t_R)
  28.44 3870.82 v _158084_/Y (AO211x2_ASAP7_75t_R)
  42.92 3913.75 v _158094_/Y (AND2x2_ASAP7_75t_R)
  47.43 3961.18 v _158173_/Y (OR3x2_ASAP7_75t_R)
  22.66 3983.84 v _158271_/Y (AO221x1_ASAP7_75t_R)
  32.98 4016.82 v _158272_/Y (OR5x1_ASAP7_75t_R)
  46.35 4063.17 v _158273_/Y (OR5x1_ASAP7_75t_R)
  19.78 4082.95 ^ _158274_/Y (NAND2x2_ASAP7_75t_R)
  55.14 4138.09 v _158287_/Y (OAI21x1_ASAP7_75t_R)
  50.89 4188.97 v _158298_/Y (AND2x2_ASAP7_75t_R)
  35.83 4224.80 v _158304_/Y (OA211x2_ASAP7_75t_R)
  29.40 4254.20 v _158330_/Y (XNOR2x2_ASAP7_75t_R)
  29.49 4283.70 v _158388_/Y (OR5x1_ASAP7_75t_R)
  43.07 4326.76 v _158399_/Y (AO33x2_ASAP7_75t_R)
  25.52 4352.29 v _158436_/Y (AND2x2_ASAP7_75t_R)
  79.84 4432.12 v _158437_/Y (OR3x1_ASAP7_75t_R)
  69.36 4501.48 v _158474_/Y (AND2x2_ASAP7_75t_R)
  37.44 4538.93 ^ _158476_/Y (AOI22x1_ASAP7_75t_R)
  22.97 4561.89 ^ _158477_/Y (AND2x2_ASAP7_75t_R)
  15.93 4577.82 v _158496_/Y (AOI221x1_ASAP7_75t_R)
  32.93 4610.75 v _158497_/Y (MAJx2_ASAP7_75t_R)
  24.66 4635.41 v _158571_/Y (AO21x1_ASAP7_75t_R)
  46.94 4682.35 v _158629_/Y (AO221x2_ASAP7_75t_R)
  80.71 4763.07 ^ _158672_/Y (NAND2x1_ASAP7_75t_R)
  34.83 4797.90 ^ _158689_/Y (AND2x2_ASAP7_75t_R)
  22.56 4820.46 ^ _158690_/Y (OA21x2_ASAP7_75t_R)
  19.98 4840.43 ^ _158691_/Y (OR2x2_ASAP7_75t_R)
  22.78 4863.21 ^ _158702_/Y (AND3x1_ASAP7_75t_R)
  21.75 4884.96 ^ _158720_/Y (OA21x2_ASAP7_75t_R)
  24.37 4909.33 ^ _158743_/Y (OA31x2_ASAP7_75t_R)
  15.03 4924.36 ^ _158761_/Y (OR4x1_ASAP7_75t_R)
  47.73 4972.10 ^ _158764_/Y (AND5x2_ASAP7_75t_R)
  51.96 5024.05 ^ _159054_/Y (OA21x2_ASAP7_75t_R)
 109.75 5133.81 ^ _159120_/Y (OA21x2_ASAP7_75t_R)
  57.09 5190.90 ^ _159154_/Y (AO221x1_ASAP7_75t_R)
  97.70 5288.61 ^ _159901_/Y (AND2x2_ASAP7_75t_R)
 160.23 5448.83 v _159903_/Y (NOR2x1_ASAP7_75t_R)
 112.70 5561.53 ^ _163131_/Y (NAND2x2_ASAP7_75t_R)
  35.00 5596.53 ^ load_slew954/Y (BUFx16f_ASAP7_75t_R)
  34.40 5630.93 ^ load_slew952/Y (BUFx16f_ASAP7_75t_R)
 142.80 5773.73 ^ _164753_/Y (OR2x2_ASAP7_75t_R)
  44.00 5817.73 v _201166_/Y (NAND2x1_ASAP7_75t_R)
  20.40 5838.13 v _201167_/Y (AO21x1_ASAP7_75t_R)
  25.78 5863.91 v _201168_/Y (OA211x2_ASAP7_75t_R)
  16.18 5880.09 v _201169_/Y (AO21x1_ASAP7_75t_R)
  14.85 5894.94 v _201170_/Y (AND2x2_ASAP7_75t_R)
   0.06 5895.01 v _312539_/D (DFFHQNx1_ASAP7_75t_R)
        5895.01   data arrival time

5500.00 5500.00   clock core_clk (rise edge)
   0.00 5500.00   clock source latency
   0.00 5500.00 ^ clk (in)
  43.78 5543.78 ^ wire4945/Y (BUFx10_ASAP7_75t_R)
  44.99 5588.77 ^ clkbuf_0_clk/Y (BUFx24_ASAP7_75t_R)
  27.54 5616.31 ^ clkbuf_1_1_0_clk/Y (BUFx24_ASAP7_75t_R)
  27.37 5643.69 ^ clkbuf_2_3_0_clk/Y (BUFx24_ASAP7_75t_R)
  25.30 5668.98 ^ clkbuf_3_7_0_clk/Y (BUFx24_ASAP7_75t_R)
  28.72 5697.71 ^ clkbuf_4_14_0_clk/Y (BUFx24_ASAP7_75t_R)
  22.00 5719.71 ^ clkbuf_6_57_0_clk/Y (BUFx24_ASAP7_75t_R)
  19.69 5739.40 ^ clkbuf_7_115__f_clk/Y (BUFx24_ASAP7_75t_R)
  22.20 5761.60 ^ clkbuf_leaf_505_clk/Y (BUFx24_ASAP7_75t_R)
   1.39 5762.99 ^ _312539_/CLK (DFFHQNx1_ASAP7_75t_R)
 -50.00 5712.99   clock uncertainty
   2.08 5715.07   clock reconvergence pessimism
  -0.06 5715.01   library setup time
        5715.01   data required time
---------------------------------------------------------
        5715.01   data required time
        -5895.01   data arrival time
---------------------------------------------------------
        -179.99   slack (VIOLATED)


Startpoint: _308209_ (rising edge-triggered flip-flop clocked by core_clk)
Endpoint: _312493_ (rising edge-triggered flip-flop clocked by core_clk)
Path Group: reg2reg
Path Type: max

  Delay    Time   Description
---------------------------------------------------------
   0.00    0.00   clock core_clk (rise edge)
   0.00    0.00   clock source latency
   0.00    0.00 ^ clk (in)
  44.44   44.44 ^ wire4945/Y (BUFx10_ASAP7_75t_R)
  46.42   90.85 ^ clkbuf_0_clk/Y (BUFx24_ASAP7_75t_R)
  28.76  119.62 ^ clkbuf_1_0_0_clk/Y (BUFx24_ASAP7_75t_R)
  28.26  147.87 ^ clkbuf_2_1_0_clk/Y (BUFx24_ASAP7_75t_R)
  25.61  173.49 ^ clkbuf_3_2_0_clk/Y (BUFx24_ASAP7_75t_R)
  29.85  203.33 ^ clkbuf_4_4_0_clk/Y (BUFx24_ASAP7_75t_R)
  24.35  227.68 ^ clkbuf_6_19_0_clk/Y (BUFx24_ASAP7_75t_R)
  21.69  249.37 ^ clkbuf_7_38__f_clk/Y (BUFx24_ASAP7_75t_R)
  26.71  276.08 ^ clkbuf_leaf_778_clk/Y (BUFx24_ASAP7_75t_R)
   1.89  277.97 ^ _308209_/CLK (DFFHQNx3_ASAP7_75t_R)
  56.19  334.16 ^ _308209_/QN (DFFHQNx3_ASAP7_75t_R)
  26.21  360.37 ^ wire4778/Y (BUFx16f_ASAP7_75t_R)
  56.27  416.64 ^ wire4776/Y (BUFx16f_ASAP7_75t_R)
  30.08  446.72 ^ wire4775/Y (BUFx16f_ASAP7_75t_R)
  60.47  507.19 ^ load_slew4774/Y (BUFx16f_ASAP7_75t_R)
  95.85  603.03 ^ _153629_/Y (AND2x2_ASAP7_75t_R)
 145.04  748.08 v _153630_/Y (NAND2x1_ASAP7_75t_R)
  63.27  811.35 v _153631_/Y (OA21x2_ASAP7_75t_R)
 105.27  916.62 v _153633_/Y (AND3x1_ASAP7_75t_R)
  83.72 1000.34 v _154870_/Y (AO222x2_ASAP7_75t_R)
  46.64 1046.98 v _154873_/Y (OR3x2_ASAP7_75t_R)
  53.58 1100.56 v _154878_/Y (OR5x1_ASAP7_75t_R)
  97.46 1198.02 v _154879_/Y (OR4x1_ASAP7_75t_R)
  69.73 1267.75 v _155829_/Y (OR4x1_ASAP7_75t_R)
  24.44 1292.18 v _155944_/Y (AO221x1_ASAP7_75t_R)
  50.98 1343.16 v _155949_/Y (OR5x1_ASAP7_75t_R)
  33.14 1376.30 v _156013_/Y (AND2x2_ASAP7_75t_R)
  50.65 1426.95 ^ _156016_/Y (NAND3x1_ASAP7_75t_R)
  37.85 1464.80 v _156112_/Y (AOI221x1_ASAP7_75t_R)
  25.93 1490.73 v _156115_/Y (OA21x2_ASAP7_75t_R)
  21.72 1512.45 v _156116_/Y (OR3x1_ASAP7_75t_R)
  38.61 1551.06 v _156123_/Y (AO33x2_ASAP7_75t_R)
  41.48 1592.54 ^ _156140_/Y (NAND2x1_ASAP7_75t_R)
 111.61 1704.15 ^ _156253_/Y (AO221x1_ASAP7_75t_R)
  66.42 1770.57 v _156308_/Y (NAND2x2_ASAP7_75t_R)
  47.11 1817.68 v _156311_/Y (AO21x2_ASAP7_75t_R)
  22.77 1840.45 v _156314_/Y (OA21x2_ASAP7_75t_R)
  27.66 1868.12 v _156388_/Y (AO221x1_ASAP7_75t_R)
  22.59 1890.71 v _156389_/Y (OA21x2_ASAP7_75t_R)
  24.11 1914.83 ^ _156393_/Y (AOI22x1_ASAP7_75t_R)
  54.62 1969.45 v _156410_/Y (NAND2x1_ASAP7_75t_R)
  71.78 2041.23 v _156421_/Y (AO33x2_ASAP7_75t_R)
  31.36 2072.60 ^ _156522_/Y (XNOR2x2_ASAP7_75t_R)
  25.12 2097.72 ^ _156526_/Y (AND4x1_ASAP7_75t_R)
  19.12 2116.83 ^ _156550_/Y (AO21x1_ASAP7_75t_R)
  19.18 2136.01 ^ _156551_/Y (AO21x1_ASAP7_75t_R)
  82.99 2219.01 ^ _156552_/Y (OA211x2_ASAP7_75t_R)
  82.97 2301.97 v _156555_/Y (INVx1_ASAP7_75t_R)
  32.74 2334.71 ^ _156568_/Y (OAI21x1_ASAP7_75t_R)
  34.05 2368.77 v _156616_/Y (AOI221x1_ASAP7_75t_R)
  48.33 2417.09 v _156806_/Y (OA211x2_ASAP7_75t_R)
  13.56 2430.65 ^ _156807_/Y (NAND2x1_ASAP7_75t_R)
  71.41 2502.07 ^ _156882_/Y (AO32x1_ASAP7_75t_R)
  33.66 2535.72 ^ _156995_/Y (OR2x2_ASAP7_75t_R)
  39.31 2575.03 ^ _157002_/Y (AO32x1_ASAP7_75t_R)
  35.10 2610.13 ^ _157004_/Y (XNOR2x2_ASAP7_75t_R)
  14.25 2624.38 v _157005_/Y (NOR3x1_ASAP7_75t_R)
  32.56 2656.94 v _157006_/Y (AND5x2_ASAP7_75t_R)
  28.67 2685.61 v _157078_/Y (OR3x1_ASAP7_75t_R)
  58.66 2744.27 v _157141_/Y (OA33x2_ASAP7_75t_R)
  34.02 2778.29 v _157144_/Y (OR2x2_ASAP7_75t_R)
  24.44 2802.73 v _157145_/Y (AO21x1_ASAP7_75t_R)
  25.92 2828.65 v _157196_/Y (AO32x1_ASAP7_75t_R)
  26.75 2855.41 v _157198_/Y (AO22x1_ASAP7_75t_R)
  22.89 2878.30 v _157222_/Y (AO21x1_ASAP7_75t_R)
  30.77 2909.07 v _157223_/Y (OR3x1_ASAP7_75t_R)
  42.45 2951.52 v _157312_/Y (AO21x1_ASAP7_75t_R)
  57.75 3009.27 ^ _157343_/Y (NAND2x1_ASAP7_75t_R)
  43.30 3052.57 v _157440_/Y (AOI221x1_ASAP7_75t_R)
  30.71 3083.28 v _157456_/Y (OA222x2_ASAP7_75t_R)
  22.22 3105.50 v _157459_/Y (AND5x2_ASAP7_75t_R)
  20.82 3126.32 v _157472_/Y (OA31x2_ASAP7_75t_R)
  42.25 3168.58 v _157475_/Y (OR4x2_ASAP7_75t_R)
  64.50 3233.08 ^ _157478_/Y (NAND2x1_ASAP7_75t_R)
  19.40 3252.47 v _157479_/Y (NOR2x1_ASAP7_75t_R)
  25.13 3277.60 v _157485_/Y (OA21x2_ASAP7_75t_R)
  28.32 3305.92 v _157492_/Y (AO221x1_ASAP7_75t_R)
  26.02 3331.94 v _157649_/Y (OA21x2_ASAP7_75t_R)
  24.30 3356.24 v _157651_/Y (AO21x1_ASAP7_75t_R)
  41.83 3398.07 v _157652_/Y (AO22x1_ASAP7_75t_R)
  64.09 3462.16 ^ _157732_/Y (NAND2x1_ASAP7_75t_R)
  25.46 3487.62 ^ _157764_/Y (AO21x1_ASAP7_75t_R)
  24.35 3511.96 v _157767_/Y (AOI22x1_ASAP7_75t_R)
  35.07 3547.04 v _157790_/Y (OA21x2_ASAP7_75t_R)
  18.74 3565.78 ^ _157827_/Y (AOI211x1_ASAP7_75t_R)
  19.47 3585.25 v _157842_/Y (OAI21x1_ASAP7_75t_R)
  90.29 3675.54 v _157921_/Y (AO221x1_ASAP7_75t_R)
  46.51 3722.05 v _157922_/Y (AO221x1_ASAP7_75t_R)
  27.43 3749.48 v _157925_/Y (AO32x2_ASAP7_75t_R)
  22.56 3772.04 v _157949_/Y (OA211x2_ASAP7_75t_R)
  32.14 3804.17 v _157967_/Y (AO222x2_ASAP7_75t_R)
  38.20 3842.38 v _158020_/Y (AO221x1_ASAP7_75t_R)
  28.44 3870.82 v _158084_/Y (AO211x2_ASAP7_75t_R)
  42.92 3913.75 v _158094_/Y (AND2x2_ASAP7_75t_R)
  47.43 3961.18 v _158173_/Y (OR3x2_ASAP7_75t_R)
  22.66 3983.84 v _158271_/Y (AO221x1_ASAP7_75t_R)
  32.98 4016.82 v _158272_/Y (OR5x1_ASAP7_75t_R)
  46.35 4063.17 v _158273_/Y (OR5x1_ASAP7_75t_R)
  19.78 4082.95 ^ _158274_/Y (NAND2x2_ASAP7_75t_R)
  55.14 4138.09 v _158287_/Y (OAI21x1_ASAP7_75t_R)
  50.89 4188.97 v _158298_/Y (AND2x2_ASAP7_75t_R)
  35.83 4224.80 v _158304_/Y (OA211x2_ASAP7_75t_R)
  29.40 4254.20 v _158330_/Y (XNOR2x2_ASAP7_75t_R)
  29.49 4283.70 v _158388_/Y (OR5x1_ASAP7_75t_R)
  43.07 4326.76 v _158399_/Y (AO33x2_ASAP7_75t_R)
  25.52 4352.29 v _158436_/Y (AND2x2_ASAP7_75t_R)
  79.84 4432.12 v _158437_/Y (OR3x1_ASAP7_75t_R)
  69.36 4501.48 v _158474_/Y (AND2x2_ASAP7_75t_R)
  37.44 4538.93 ^ _158476_/Y (AOI22x1_ASAP7_75t_R)
  22.97 4561.89 ^ _158477_/Y (AND2x2_ASAP7_75t_R)
  15.93 4577.82 v _158496_/Y (AOI221x1_ASAP7_75t_R)
  32.93 4610.75 v _158497_/Y (MAJx2_ASAP7_75t_R)
  24.66 4635.41 v _158571_/Y (AO21x1_ASAP7_75t_R)
  46.94 4682.35 v _158629_/Y (AO221x2_ASAP7_75t_R)
  80.71 4763.07 ^ _158672_/Y (NAND2x1_ASAP7_75t_R)
  34.83 4797.90 ^ _158689_/Y (AND2x2_ASAP7_75t_R)
  22.56 4820.46 ^ _158690_/Y (OA21x2_ASAP7_75t_R)
  19.98 4840.43 ^ _158691_/Y (OR2x2_ASAP7_75t_R)
  22.78 4863.21 ^ _158702_/Y (AND3x1_ASAP7_75t_R)
  21.75 4884.96 ^ _158720_/Y (OA21x2_ASAP7_75t_R)
  24.37 4909.33 ^ _158743_/Y (OA31x2_ASAP7_75t_R)
  15.03 4924.36 ^ _158761_/Y (OR4x1_ASAP7_75t_R)
  47.73 4972.10 ^ _158764_/Y (AND5x2_ASAP7_75t_R)
  51.96 5024.05 ^ _159054_/Y (OA21x2_ASAP7_75t_R)
 109.75 5133.81 ^ _159120_/Y (OA21x2_ASAP7_75t_R)
  57.09 5190.90 ^ _159154_/Y (AO221x1_ASAP7_75t_R)
  97.70 5288.61 ^ _159901_/Y (AND2x2_ASAP7_75t_R)
 160.23 5448.83 v _159903_/Y (NOR2x1_ASAP7_75t_R)
  96.53 5545.36 ^ _163182_/Y (NAND2x2_ASAP7_75t_R)
  31.61 5576.97 ^ load_slew951/Y (BUFx16f_ASAP7_75t_R)
  21.45 5598.43 ^ load_slew949/Y (BUFx16f_ASAP7_75t_R)
  27.29 5625.72 ^ wire948/Y (BUFx16f_ASAP7_75t_R)
 148.18 5773.90 ^ _164794_/Y (OR2x2_ASAP7_75t_R)
  42.88 5816.78 v _201287_/Y (NAND2x1_ASAP7_75t_R)
  20.68 5837.46 v _201288_/Y (AO21x1_ASAP7_75t_R)
  26.03 5863.48 v _201289_/Y (OA211x2_ASAP7_75t_R)
  17.13 5880.61 v _201290_/Y (AO21x1_ASAP7_75t_R)
  14.98 5895.59 v _201291_/Y (AND2x2_ASAP7_75t_R)
   0.08 5895.67 v _312493_/D (DFFHQNx1_ASAP7_75t_R)
        5895.67   data arrival time

5500.00 5500.00   clock core_clk (rise edge)
   0.00 5500.00   clock source latency
   0.00 5500.00 ^ clk (in)
  43.78 5543.78 ^ wire4945/Y (BUFx10_ASAP7_75t_R)
  44.99 5588.77 ^ clkbuf_0_clk/Y (BUFx24_ASAP7_75t_R)
  27.54 5616.31 ^ clkbuf_1_1_0_clk/Y (BUFx24_ASAP7_75t_R)
  27.37 5643.69 ^ clkbuf_2_3_0_clk/Y (BUFx24_ASAP7_75t_R)
  22.31 5665.99 ^ clkbuf_3_6_0_clk/Y (BUFx24_ASAP7_75t_R)
  27.65 5693.64 ^ clkbuf_4_13_0_clk/Y (BUFx24_ASAP7_75t_R)
  25.02 5718.66 ^ clkbuf_6_54_0_clk/Y (BUFx24_ASAP7_75t_R)
  21.27 5739.93 ^ clkbuf_7_108__f_clk/Y (BUFx24_ASAP7_75t_R)
  23.33 5763.27 ^ clkbuf_leaf_482_clk/Y (BUFx24_ASAP7_75t_R)
   1.34 5764.60 ^ _312493_/CLK (DFFHQNx1_ASAP7_75t_R)
 -50.00 5714.60   clock uncertainty
   2.08 5716.69   clock reconvergence pessimism
  -0.39 5716.29   library setup time
        5716.29   data required time
---------------------------------------------------------
        5716.29   data required time
        -5895.67   data arrival time
---------------------------------------------------------
        -179.37   slack (VIOLATED)


Startpoint: _308209_ (rising edge-triggered flip-flop clocked by core_clk)
Endpoint: _312495_ (rising edge-triggered flip-flop clocked by core_clk)
Path Group: reg2reg
Path Type: max

  Delay    Time   Description
---------------------------------------------------------
   0.00    0.00   clock core_clk (rise edge)
   0.00    0.00   clock source latency
   0.00    0.00 ^ clk (in)
  44.44   44.44 ^ wire4945/Y (BUFx10_ASAP7_75t_R)
  46.42   90.85 ^ clkbuf_0_clk/Y (BUFx24_ASAP7_75t_R)
  28.76  119.62 ^ clkbuf_1_0_0_clk/Y (BUFx24_ASAP7_75t_R)
  28.26  147.87 ^ clkbuf_2_1_0_clk/Y (BUFx24_ASAP7_75t_R)
  25.61  173.49 ^ clkbuf_3_2_0_clk/Y (BUFx24_ASAP7_75t_R)
  29.85  203.33 ^ clkbuf_4_4_0_clk/Y (BUFx24_ASAP7_75t_R)
  24.35  227.68 ^ clkbuf_6_19_0_clk/Y (BUFx24_ASAP7_75t_R)
  21.69  249.37 ^ clkbuf_7_38__f_clk/Y (BUFx24_ASAP7_75t_R)
  26.71  276.08 ^ clkbuf_leaf_778_clk/Y (BUFx24_ASAP7_75t_R)
   1.89  277.97 ^ _308209_/CLK (DFFHQNx3_ASAP7_75t_R)
  56.19  334.16 ^ _308209_/QN (DFFHQNx3_ASAP7_75t_R)
  26.21  360.37 ^ wire4778/Y (BUFx16f_ASAP7_75t_R)
  56.27  416.64 ^ wire4776/Y (BUFx16f_ASAP7_75t_R)
  30.08  446.72 ^ wire4775/Y (BUFx16f_ASAP7_75t_R)
  60.47  507.19 ^ load_slew4774/Y (BUFx16f_ASAP7_75t_R)
  95.85  603.03 ^ _153629_/Y (AND2x2_ASAP7_75t_R)
 145.04  748.08 v _153630_/Y (NAND2x1_ASAP7_75t_R)
  63.27  811.35 v _153631_/Y (OA21x2_ASAP7_75t_R)
 105.27  916.62 v _153633_/Y (AND3x1_ASAP7_75t_R)
  83.72 1000.34 v _154870_/Y (AO222x2_ASAP7_75t_R)
  46.64 1046.98 v _154873_/Y (OR3x2_ASAP7_75t_R)
  53.58 1100.56 v _154878_/Y (OR5x1_ASAP7_75t_R)
  97.46 1198.02 v _154879_/Y (OR4x1_ASAP7_75t_R)
  69.73 1267.75 v _155829_/Y (OR4x1_ASAP7_75t_R)
  24.44 1292.18 v _155944_/Y (AO221x1_ASAP7_75t_R)
  50.98 1343.16 v _155949_/Y (OR5x1_ASAP7_75t_R)
  33.14 1376.30 v _156013_/Y (AND2x2_ASAP7_75t_R)
  50.65 1426.95 ^ _156016_/Y (NAND3x1_ASAP7_75t_R)
  37.85 1464.80 v _156112_/Y (AOI221x1_ASAP7_75t_R)
  25.93 1490.73 v _156115_/Y (OA21x2_ASAP7_75t_R)
  21.72 1512.45 v _156116_/Y (OR3x1_ASAP7_75t_R)
  38.61 1551.06 v _156123_/Y (AO33x2_ASAP7_75t_R)
  41.48 1592.54 ^ _156140_/Y (NAND2x1_ASAP7_75t_R)
 111.61 1704.15 ^ _156253_/Y (AO221x1_ASAP7_75t_R)
  66.42 1770.57 v _156308_/Y (NAND2x2_ASAP7_75t_R)
  47.11 1817.68 v _156311_/Y (AO21x2_ASAP7_75t_R)
  22.77 1840.45 v _156314_/Y (OA21x2_ASAP7_75t_R)
  27.66 1868.12 v _156388_/Y (AO221x1_ASAP7_75t_R)
  22.59 1890.71 v _156389_/Y (OA21x2_ASAP7_75t_R)
  24.11 1914.83 ^ _156393_/Y (AOI22x1_ASAP7_75t_R)
  54.62 1969.45 v _156410_/Y (NAND2x1_ASAP7_75t_R)
  71.78 2041.23 v _156421_/Y (AO33x2_ASAP7_75t_R)
  31.36 2072.60 ^ _156522_/Y (XNOR2x2_ASAP7_75t_R)
  25.12 2097.72 ^ _156526_/Y (AND4x1_ASAP7_75t_R)
  19.12 2116.83 ^ _156550_/Y (AO21x1_ASAP7_75t_R)
  19.18 2136.01 ^ _156551_/Y (AO21x1_ASAP7_75t_R)
  82.99 2219.01 ^ _156552_/Y (OA211x2_ASAP7_75t_R)
  82.97 2301.97 v _156555_/Y (INVx1_ASAP7_75t_R)
  32.74 2334.71 ^ _156568_/Y (OAI21x1_ASAP7_75t_R)
  34.05 2368.77 v _156616_/Y (AOI221x1_ASAP7_75t_R)
  48.33 2417.09 v _156806_/Y (OA211x2_ASAP7_75t_R)
  13.56 2430.65 ^ _156807_/Y (NAND2x1_ASAP7_75t_R)
  71.41 2502.07 ^ _156882_/Y (AO32x1_ASAP7_75t_R)
  33.66 2535.72 ^ _156995_/Y (OR2x2_ASAP7_75t_R)
  39.31 2575.03 ^ _157002_/Y (AO32x1_ASAP7_75t_R)
  35.10 2610.13 ^ _157004_/Y (XNOR2x2_ASAP7_75t_R)
  14.25 2624.38 v _157005_/Y (NOR3x1_ASAP7_75t_R)
  32.56 2656.94 v _157006_/Y (AND5x2_ASAP7_75t_R)
  28.67 2685.61 v _157078_/Y (OR3x1_ASAP7_75t_R)
  58.66 2744.27 v _157141_/Y (OA33x2_ASAP7_75t_R)
  34.02 2778.29 v _157144_/Y (OR2x2_ASAP7_75t_R)
  24.44 2802.73 v _157145_/Y (AO21x1_ASAP7_75t_R)
  25.92 2828.65 v _157196_/Y (AO32x1_ASAP7_75t_R)
  26.75 2855.41 v _157198_/Y (AO22x1_ASAP7_75t_R)
  22.89 2878.30 v _157222_/Y (AO21x1_ASAP7_75t_R)
  30.77 2909.07 v _157223_/Y (OR3x1_ASAP7_75t_R)
  42.45 2951.52 v _157312_/Y (AO21x1_ASAP7_75t_R)
  57.75 3009.27 ^ _157343_/Y (NAND2x1_ASAP7_75t_R)
  43.30 3052.57 v _157440_/Y (AOI221x1_ASAP7_75t_R)
  30.71 3083.28 v _157456_/Y (OA222x2_ASAP7_75t_R)
  22.22 3105.50 v _157459_/Y (AND5x2_ASAP7_75t_R)
  20.82 3126.32 v _157472_/Y (OA31x2_ASAP7_75t_R)
  42.25 3168.58 v _157475_/Y (OR4x2_ASAP7_75t_R)
  64.50 3233.08 ^ _157478_/Y (NAND2x1_ASAP7_75t_R)
  19.40 3252.47 v _157479_/Y (NOR2x1_ASAP7_75t_R)
  25.13 3277.60 v _157485_/Y (OA21x2_ASAP7_75t_R)
  28.32 3305.92 v _157492_/Y (AO221x1_ASAP7_75t_R)
  26.02 3331.94 v _157649_/Y (OA21x2_ASAP7_75t_R)
  24.30 3356.24 v _157651_/Y (AO21x1_ASAP7_75t_R)
  41.83 3398.07 v _157652_/Y (AO22x1_ASAP7_75t_R)
  64.09 3462.16 ^ _157732_/Y (NAND2x1_ASAP7_75t_R)
  25.46 3487.62 ^ _157764_/Y (AO21x1_ASAP7_75t_R)
  24.35 3511.96 v _157767_/Y (AOI22x1_ASAP7_75t_R)
  35.07 3547.04 v _157790_/Y (OA21x2_ASAP7_75t_R)
  18.74 3565.78 ^ _157827_/Y (AOI211x1_ASAP7_75t_R)
  19.47 3585.25 v _157842_/Y (OAI21x1_ASAP7_75t_R)
  90.29 3675.54 v _157921_/Y (AO221x1_ASAP7_75t_R)
  46.51 3722.05 v _157922_/Y (AO221x1_ASAP7_75t_R)
  27.43 3749.48 v _157925_/Y (AO32x2_ASAP7_75t_R)
  22.56 3772.04 v _157949_/Y (OA211x2_ASAP7_75t_R)
  32.14 3804.17 v _157967_/Y (AO222x2_ASAP7_75t_R)
  38.20 3842.38 v _158020_/Y (AO221x1_ASAP7_75t_R)
  28.44 3870.82 v _158084_/Y (AO211x2_ASAP7_75t_R)
  42.92 3913.75 v _158094_/Y (AND2x2_ASAP7_75t_R)
  47.43 3961.18 v _158173_/Y (OR3x2_ASAP7_75t_R)
  22.66 3983.84 v _158271_/Y (AO221x1_ASAP7_75t_R)
  32.98 4016.82 v _158272_/Y (OR5x1_ASAP7_75t_R)
  46.35 4063.17 v _158273_/Y (OR5x1_ASAP7_75t_R)
  19.78 4082.95 ^ _158274_/Y (NAND2x2_ASAP7_75t_R)
  55.14 4138.09 v _158287_/Y (OAI21x1_ASAP7_75t_R)
  50.89 4188.97 v _158298_/Y (AND2x2_ASAP7_75t_R)
  35.83 4224.80 v _158304_/Y (OA211x2_ASAP7_75t_R)
  29.40 4254.20 v _158330_/Y (XNOR2x2_ASAP7_75t_R)
  29.49 4283.70 v _158388_/Y (OR5x1_ASAP7_75t_R)
  43.07 4326.76 v _158399_/Y (AO33x2_ASAP7_75t_R)
  25.52 4352.29 v _158436_/Y (AND2x2_ASAP7_75t_R)
  79.84 4432.12 v _158437_/Y (OR3x1_ASAP7_75t_R)
  69.36 4501.48 v _158474_/Y (AND2x2_ASAP7_75t_R)
  37.44 4538.93 ^ _158476_/Y (AOI22x1_ASAP7_75t_R)
  22.97 4561.89 ^ _158477_/Y (AND2x2_ASAP7_75t_R)
  15.93 4577.82 v _158496_/Y (AOI221x1_ASAP7_75t_R)
  32.93 4610.75 v _158497_/Y (MAJx2_ASAP7_75t_R)
  24.66 4635.41 v _158571_/Y (AO21x1_ASAP7_75t_R)
  46.94 4682.35 v _158629_/Y (AO221x2_ASAP7_75t_R)
  80.71 4763.07 ^ _158672_/Y (NAND2x1_ASAP7_75t_R)
  34.83 4797.90 ^ _158689_/Y (AND2x2_ASAP7_75t_R)
  22.56 4820.46 ^ _158690_/Y (OA21x2_ASAP7_75t_R)
  19.98 4840.43 ^ _158691_/Y (OR2x2_ASAP7_75t_R)
  22.78 4863.21 ^ _158702_/Y (AND3x1_ASAP7_75t_R)
  21.75 4884.96 ^ _158720_/Y (OA21x2_ASAP7_75t_R)
  24.37 4909.33 ^ _158743_/Y (OA31x2_ASAP7_75t_R)
  15.03 4924.36 ^ _158761_/Y (OR4x1_ASAP7_75t_R)
  47.73 4972.10 ^ _158764_/Y (AND5x2_ASAP7_75t_R)
  51.96 5024.05 ^ _159054_/Y (OA21x2_ASAP7_75t_R)
 109.75 5133.81 ^ _159120_/Y (OA21x2_ASAP7_75t_R)
  57.09 5190.90 ^ _159154_/Y (AO221x1_ASAP7_75t_R)
  97.70 5288.61 ^ _159901_/Y (AND2x2_ASAP7_75t_R)
 160.23 5448.83 v _159903_/Y (NOR2x1_ASAP7_75t_R)
  96.53 5545.36 ^ _163182_/Y (NAND2x2_ASAP7_75t_R)
  31.61 5576.97 ^ load_slew951/Y (BUFx16f_ASAP7_75t_R)
  21.45 5598.43 ^ load_slew949/Y (BUFx16f_ASAP7_75t_R)
  27.29 5625.72 ^ wire948/Y (BUFx16f_ASAP7_75t_R)
 148.18 5773.90 ^ _164794_/Y (OR2x2_ASAP7_75t_R)
  43.57 5817.47 v _201300_/Y (NAND2x1_ASAP7_75t_R)
  20.22 5837.68 v _201301_/Y (AO21x1_ASAP7_75t_R)
  25.67 5863.35 v _201302_/Y (OA211x2_ASAP7_75t_R)
  16.60 5879.95 v _201303_/Y (AO21x1_ASAP7_75t_R)
  14.69 5894.64 v _201304_/Y (AND2x2_ASAP7_75t_R)
   0.08 5894.72 v _312495_/D (DFFHQNx1_ASAP7_75t_R)
        5894.72   data arrival time

5500.00 5500.00   clock core_clk (rise edge)
   0.00 5500.00   clock source latency
   0.00 5500.00 ^ clk (in)
  43.78 5543.78 ^ wire4945/Y (BUFx10_ASAP7_75t_R)
  44.99 5588.77 ^ clkbuf_0_clk/Y (BUFx24_ASAP7_75t_R)
  27.54 5616.31 ^ clkbuf_1_1_0_clk/Y (BUFx24_ASAP7_75t_R)
  27.37 5643.69 ^ clkbuf_2_3_0_clk/Y (BUFx24_ASAP7_75t_R)
  22.31 5665.99 ^ clkbuf_3_6_0_clk/Y (BUFx24_ASAP7_75t_R)
  27.65 5693.64 ^ clkbuf_4_13_0_clk/Y (BUFx24_ASAP7_75t_R)
  25.02 5718.66 ^ clkbuf_6_54_0_clk/Y (BUFx24_ASAP7_75t_R)
  21.27 5739.93 ^ clkbuf_7_108__f_clk/Y (BUFx24_ASAP7_75t_R)
  23.33 5763.27 ^ clkbuf_leaf_482_clk/Y (BUFx24_ASAP7_75t_R)
   0.89 5764.15 ^ _312495_/CLK (DFFHQNx1_ASAP7_75t_R)
 -50.00 5714.15   clock uncertainty
   2.08 5716.24   clock reconvergence pessimism
  -0.54 5715.69   library setup time
        5715.69   data required time
---------------------------------------------------------
        5715.69   data required time
        -5894.72   data arrival time
---------------------------------------------------------
        -179.02   slack (VIOLATED)


Startpoint: _308209_ (rising edge-triggered flip-flop clocked by core_clk)
Endpoint: _312102_ (rising edge-triggered flip-flop clocked by core_clk)
Path Group: reg2reg
Path Type: max

  Delay    Time   Description
---------------------------------------------------------
   0.00    0.00   clock core_clk (rise edge)
   0.00    0.00   clock source latency
   0.00    0.00 ^ clk (in)
  44.44   44.44 ^ wire4945/Y (BUFx10_ASAP7_75t_R)
  46.42   90.85 ^ clkbuf_0_clk/Y (BUFx24_ASAP7_75t_R)
  28.76  119.62 ^ clkbuf_1_0_0_clk/Y (BUFx24_ASAP7_75t_R)
  28.26  147.87 ^ clkbuf_2_1_0_clk/Y (BUFx24_ASAP7_75t_R)
  25.61  173.49 ^ clkbuf_3_2_0_clk/Y (BUFx24_ASAP7_75t_R)
  29.85  203.33 ^ clkbuf_4_4_0_clk/Y (BUFx24_ASAP7_75t_R)
  24.35  227.68 ^ clkbuf_6_19_0_clk/Y (BUFx24_ASAP7_75t_R)
  21.69  249.37 ^ clkbuf_7_38__f_clk/Y (BUFx24_ASAP7_75t_R)
  26.71  276.08 ^ clkbuf_leaf_778_clk/Y (BUFx24_ASAP7_75t_R)
   1.89  277.97 ^ _308209_/CLK (DFFHQNx3_ASAP7_75t_R)
  56.19  334.16 ^ _308209_/QN (DFFHQNx3_ASAP7_75t_R)
  26.21  360.37 ^ wire4778/Y (BUFx16f_ASAP7_75t_R)
  56.27  416.64 ^ wire4776/Y (BUFx16f_ASAP7_75t_R)
  30.08  446.72 ^ wire4775/Y (BUFx16f_ASAP7_75t_R)
  60.47  507.19 ^ load_slew4774/Y (BUFx16f_ASAP7_75t_R)
  95.85  603.03 ^ _153629_/Y (AND2x2_ASAP7_75t_R)
 145.04  748.08 v _153630_/Y (NAND2x1_ASAP7_75t_R)
  63.27  811.35 v _153631_/Y (OA21x2_ASAP7_75t_R)
 105.27  916.62 v _153633_/Y (AND3x1_ASAP7_75t_R)
  83.72 1000.34 v _154870_/Y (AO222x2_ASAP7_75t_R)
  46.64 1046.98 v _154873_/Y (OR3x2_ASAP7_75t_R)
  53.58 1100.56 v _154878_/Y (OR5x1_ASAP7_75t_R)
  97.46 1198.02 v _154879_/Y (OR4x1_ASAP7_75t_R)
  69.73 1267.75 v _155829_/Y (OR4x1_ASAP7_75t_R)
  24.44 1292.18 v _155944_/Y (AO221x1_ASAP7_75t_R)
  50.98 1343.16 v _155949_/Y (OR5x1_ASAP7_75t_R)
  33.14 1376.30 v _156013_/Y (AND2x2_ASAP7_75t_R)
  50.65 1426.95 ^ _156016_/Y (NAND3x1_ASAP7_75t_R)
  37.85 1464.80 v _156112_/Y (AOI221x1_ASAP7_75t_R)
  25.93 1490.73 v _156115_/Y (OA21x2_ASAP7_75t_R)
  21.72 1512.45 v _156116_/Y (OR3x1_ASAP7_75t_R)
  38.61 1551.06 v _156123_/Y (AO33x2_ASAP7_75t_R)
  41.48 1592.54 ^ _156140_/Y (NAND2x1_ASAP7_75t_R)
 111.61 1704.15 ^ _156253_/Y (AO221x1_ASAP7_75t_R)
  66.42 1770.57 v _156308_/Y (NAND2x2_ASAP7_75t_R)
  47.11 1817.68 v _156311_/Y (AO21x2_ASAP7_75t_R)
  22.77 1840.45 v _156314_/Y (OA21x2_ASAP7_75t_R)
  27.66 1868.12 v _156388_/Y (AO221x1_ASAP7_75t_R)
  22.59 1890.71 v _156389_/Y (OA21x2_ASAP7_75t_R)
  24.11 1914.83 ^ _156393_/Y (AOI22x1_ASAP7_75t_R)
  54.62 1969.45 v _156410_/Y (NAND2x1_ASAP7_75t_R)
  71.78 2041.23 v _156421_/Y (AO33x2_ASAP7_75t_R)
  31.36 2072.60 ^ _156522_/Y (XNOR2x2_ASAP7_75t_R)
  25.12 2097.72 ^ _156526_/Y (AND4x1_ASAP7_75t_R)
  19.12 2116.83 ^ _156550_/Y (AO21x1_ASAP7_75t_R)
  19.18 2136.01 ^ _156551_/Y (AO21x1_ASAP7_75t_R)
  82.99 2219.01 ^ _156552_/Y (OA211x2_ASAP7_75t_R)
  82.97 2301.97 v _156555_/Y (INVx1_ASAP7_75t_R)
  32.74 2334.71 ^ _156568_/Y (OAI21x1_ASAP7_75t_R)
  34.05 2368.77 v _156616_/Y (AOI221x1_ASAP7_75t_R)
  48.33 2417.09 v _156806_/Y (OA211x2_ASAP7_75t_R)
  13.56 2430.65 ^ _156807_/Y (NAND2x1_ASAP7_75t_R)
  71.41 2502.07 ^ _156882_/Y (AO32x1_ASAP7_75t_R)
  33.66 2535.72 ^ _156995_/Y (OR2x2_ASAP7_75t_R)
  39.31 2575.03 ^ _157002_/Y (AO32x1_ASAP7_75t_R)
  35.10 2610.13 ^ _157004_/Y (XNOR2x2_ASAP7_75t_R)
  14.25 2624.38 v _157005_/Y (NOR3x1_ASAP7_75t_R)
  32.56 2656.94 v _157006_/Y (AND5x2_ASAP7_75t_R)
  28.67 2685.61 v _157078_/Y (OR3x1_ASAP7_75t_R)
  58.66 2744.27 v _157141_/Y (OA33x2_ASAP7_75t_R)
  34.02 2778.29 v _157144_/Y (OR2x2_ASAP7_75t_R)
  24.44 2802.73 v _157145_/Y (AO21x1_ASAP7_75t_R)
  25.92 2828.65 v _157196_/Y (AO32x1_ASAP7_75t_R)
  26.75 2855.41 v _157198_/Y (AO22x1_ASAP7_75t_R)
  22.89 2878.30 v _157222_/Y (AO21x1_ASAP7_75t_R)
  30.77 2909.07 v _157223_/Y (OR3x1_ASAP7_75t_R)
  42.45 2951.52 v _157312_/Y (AO21x1_ASAP7_75t_R)
  57.75 3009.27 ^ _157343_/Y (NAND2x1_ASAP7_75t_R)
  43.30 3052.57 v _157440_/Y (AOI221x1_ASAP7_75t_R)
  30.71 3083.28 v _157456_/Y (OA222x2_ASAP7_75t_R)
  22.22 3105.50 v _157459_/Y (AND5x2_ASAP7_75t_R)
  20.82 3126.32 v _157472_/Y (OA31x2_ASAP7_75t_R)
  42.25 3168.58 v _157475_/Y (OR4x2_ASAP7_75t_R)
  64.50 3233.08 ^ _157478_/Y (NAND2x1_ASAP7_75t_R)
  19.40 3252.47 v _157479_/Y (NOR2x1_ASAP7_75t_R)
  25.13 3277.60 v _157485_/Y (OA21x2_ASAP7_75t_R)
  28.32 3305.92 v _157492_/Y (AO221x1_ASAP7_75t_R)
  26.02 3331.94 v _157649_/Y (OA21x2_ASAP7_75t_R)
  24.30 3356.24 v _157651_/Y (AO21x1_ASAP7_75t_R)
  41.83 3398.07 v _157652_/Y (AO22x1_ASAP7_75t_R)
  64.09 3462.16 ^ _157732_/Y (NAND2x1_ASAP7_75t_R)
  25.46 3487.62 ^ _157764_/Y (AO21x1_ASAP7_75t_R)
  24.35 3511.96 v _157767_/Y (AOI22x1_ASAP7_75t_R)
  35.07 3547.04 v _157790_/Y (OA21x2_ASAP7_75t_R)
  18.74 3565.78 ^ _157827_/Y (AOI211x1_ASAP7_75t_R)
  19.47 3585.25 v _157842_/Y (OAI21x1_ASAP7_75t_R)
  90.29 3675.54 v _157921_/Y (AO221x1_ASAP7_75t_R)
  46.51 3722.05 v _157922_/Y (AO221x1_ASAP7_75t_R)
  27.43 3749.48 v _157925_/Y (AO32x2_ASAP7_75t_R)
  22.56 3772.04 v _157949_/Y (OA211x2_ASAP7_75t_R)
  32.14 3804.17 v _157967_/Y (AO222x2_ASAP7_75t_R)
  38.20 3842.38 v _158020_/Y (AO221x1_ASAP7_75t_R)
  28.44 3870.82 v _158084_/Y (AO211x2_ASAP7_75t_R)
  42.92 3913.75 v _158094_/Y (AND2x2_ASAP7_75t_R)
  47.43 3961.18 v _158173_/Y (OR3x2_ASAP7_75t_R)
  22.66 3983.84 v _158271_/Y (AO221x1_ASAP7_75t_R)
  32.98 4016.82 v _158272_/Y (OR5x1_ASAP7_75t_R)
  46.35 4063.17 v _158273_/Y (OR5x1_ASAP7_75t_R)
  19.78 4082.95 ^ _158274_/Y (NAND2x2_ASAP7_75t_R)
  55.14 4138.09 v _158287_/Y (OAI21x1_ASAP7_75t_R)
  50.89 4188.97 v _158298_/Y (AND2x2_ASAP7_75t_R)
  35.83 4224.80 v _158304_/Y (OA211x2_ASAP7_75t_R)
  29.40 4254.20 v _158330_/Y (XNOR2x2_ASAP7_75t_R)
  29.49 4283.70 v _158388_/Y (OR5x1_ASAP7_75t_R)
  43.07 4326.76 v _158399_/Y (AO33x2_ASAP7_75t_R)
  25.52 4352.29 v _158436_/Y (AND2x2_ASAP7_75t_R)
  79.84 4432.12 v _158437_/Y (OR3x1_ASAP7_75t_R)
  69.36 4501.48 v _158474_/Y (AND2x2_ASAP7_75t_R)
  37.44 4538.93 ^ _158476_/Y (AOI22x1_ASAP7_75t_R)
  22.97 4561.89 ^ _158477_/Y (AND2x2_ASAP7_75t_R)
  15.93 4577.82 v _158496_/Y (AOI221x1_ASAP7_75t_R)
  32.93 4610.75 v _158497_/Y (MAJx2_ASAP7_75t_R)
  24.66 4635.41 v _158571_/Y (AO21x1_ASAP7_75t_R)
  46.94 4682.35 v _158629_/Y (AO221x2_ASAP7_75t_R)
  80.71 4763.07 ^ _158672_/Y (NAND2x1_ASAP7_75t_R)
  34.83 4797.90 ^ _158689_/Y (AND2x2_ASAP7_75t_R)
  22.56 4820.46 ^ _158690_/Y (OA21x2_ASAP7_75t_R)
  19.98 4840.43 ^ _158691_/Y (OR2x2_ASAP7_75t_R)
  22.78 4863.21 ^ _158702_/Y (AND3x1_ASAP7_75t_R)
  21.75 4884.96 ^ _158720_/Y (OA21x2_ASAP7_75t_R)
  24.37 4909.33 ^ _158743_/Y (OA31x2_ASAP7_75t_R)
  15.03 4924.36 ^ _158761_/Y (OR4x1_ASAP7_75t_R)
  47.73 4972.10 ^ _158764_/Y (AND5x2_ASAP7_75t_R)
  51.96 5024.05 ^ _159054_/Y (OA21x2_ASAP7_75t_R)
 109.75 5133.81 ^ _159120_/Y (OA21x2_ASAP7_75t_R)
  57.09 5190.90 ^ _159154_/Y (AO221x1_ASAP7_75t_R)
  97.70 5288.61 ^ _159901_/Y (AND2x2_ASAP7_75t_R)
 160.23 5448.83 v _159903_/Y (NOR2x1_ASAP7_75t_R)
 112.70 5561.53 ^ _163131_/Y (NAND2x2_ASAP7_75t_R)
  35.00 5596.53 ^ load_slew954/Y (BUFx16f_ASAP7_75t_R)
  34.40 5630.93 ^ load_slew952/Y (BUFx16f_ASAP7_75t_R)
 126.57 5757.49 ^ _163132_/Y (OR2x2_ASAP7_75t_R)
  58.21 5815.71 v _194546_/Y (NAND2x1_ASAP7_75t_R)
  20.16 5835.86 v _194547_/Y (AO21x1_ASAP7_75t_R)
  25.78 5861.64 v _194548_/Y (OA211x2_ASAP7_75t_R)
  17.30 5878.94 v _194549_/Y (AO21x1_ASAP7_75t_R)
  15.10 5894.04 v _194550_/Y (AND2x2_ASAP7_75t_R)
   0.08 5894.12 v _312102_/D (DFFHQNx1_ASAP7_75t_R)
        5894.12   data arrival time

5500.00 5500.00   clock core_clk (rise edge)
   0.00 5500.00   clock source latency
   0.00 5500.00 ^ clk (in)
  43.78 5543.78 ^ wire4945/Y (BUFx10_ASAP7_75t_R)
  44.99 5588.77 ^ clkbuf_0_clk/Y (BUFx24_ASAP7_75t_R)
  27.54 5616.31 ^ clkbuf_1_1_0_clk/Y (BUFx24_ASAP7_75t_R)
  27.37 5643.69 ^ clkbuf_2_3_0_clk/Y (BUFx24_ASAP7_75t_R)
  22.31 5665.99 ^ clkbuf_3_6_0_clk/Y (BUFx24_ASAP7_75t_R)
  27.65 5693.64 ^ clkbuf_4_13_0_clk/Y (BUFx24_ASAP7_75t_R)
  25.02 5718.66 ^ clkbuf_6_54_0_clk/Y (BUFx24_ASAP7_75t_R)
  21.27 5739.93 ^ clkbuf_7_108__f_clk/Y (BUFx24_ASAP7_75t_R)
  23.67 5763.60 ^ clkbuf_leaf_475_clk/Y (BUFx24_ASAP7_75t_R)
   1.06 5764.67 ^ _312102_/CLK (DFFHQNx1_ASAP7_75t_R)
 -50.00 5714.67   clock uncertainty
   2.08 5716.75   clock reconvergence pessimism
  -0.58 5716.17   library setup time
        5716.17   data required time
---------------------------------------------------------
        5716.17   data required time
        -5894.12   data arrival time
---------------------------------------------------------
        -177.95   slack (VIOLATED)


Startpoint: _308209_ (rising edge-triggered flip-flop clocked by core_clk)
Endpoint: _312521_ (rising edge-triggered flip-flop clocked by core_clk)
Path Group: reg2reg
Path Type: max

  Delay    Time   Description
---------------------------------------------------------
   0.00    0.00   clock core_clk (rise edge)
   0.00    0.00   clock source latency
   0.00    0.00 ^ clk (in)
  44.44   44.44 ^ wire4945/Y (BUFx10_ASAP7_75t_R)
  46.42   90.85 ^ clkbuf_0_clk/Y (BUFx24_ASAP7_75t_R)
  28.76  119.62 ^ clkbuf_1_0_0_clk/Y (BUFx24_ASAP7_75t_R)
  28.26  147.87 ^ clkbuf_2_1_0_clk/Y (BUFx24_ASAP7_75t_R)
  25.61  173.49 ^ clkbuf_3_2_0_clk/Y (BUFx24_ASAP7_75t_R)
  29.85  203.33 ^ clkbuf_4_4_0_clk/Y (BUFx24_ASAP7_75t_R)
  24.35  227.68 ^ clkbuf_6_19_0_clk/Y (BUFx24_ASAP7_75t_R)
  21.69  249.37 ^ clkbuf_7_38__f_clk/Y (BUFx24_ASAP7_75t_R)
  26.71  276.08 ^ clkbuf_leaf_778_clk/Y (BUFx24_ASAP7_75t_R)
   1.89  277.97 ^ _308209_/CLK (DFFHQNx3_ASAP7_75t_R)
  56.19  334.16 ^ _308209_/QN (DFFHQNx3_ASAP7_75t_R)
  26.21  360.37 ^ wire4778/Y (BUFx16f_ASAP7_75t_R)
  56.27  416.64 ^ wire4776/Y (BUFx16f_ASAP7_75t_R)
  30.08  446.72 ^ wire4775/Y (BUFx16f_ASAP7_75t_R)
  60.47  507.19 ^ load_slew4774/Y (BUFx16f_ASAP7_75t_R)
  95.85  603.03 ^ _153629_/Y (AND2x2_ASAP7_75t_R)
 145.04  748.08 v _153630_/Y (NAND2x1_ASAP7_75t_R)
  63.27  811.35 v _153631_/Y (OA21x2_ASAP7_75t_R)
 105.27  916.62 v _153633_/Y (AND3x1_ASAP7_75t_R)
  83.72 1000.34 v _154870_/Y (AO222x2_ASAP7_75t_R)
  46.64 1046.98 v _154873_/Y (OR3x2_ASAP7_75t_R)
  53.58 1100.56 v _154878_/Y (OR5x1_ASAP7_75t_R)
  97.46 1198.02 v _154879_/Y (OR4x1_ASAP7_75t_R)
  69.73 1267.75 v _155829_/Y (OR4x1_ASAP7_75t_R)
  24.44 1292.18 v _155944_/Y (AO221x1_ASAP7_75t_R)
  50.98 1343.16 v _155949_/Y (OR5x1_ASAP7_75t_R)
  33.14 1376.30 v _156013_/Y (AND2x2_ASAP7_75t_R)
  50.65 1426.95 ^ _156016_/Y (NAND3x1_ASAP7_75t_R)
  37.85 1464.80 v _156112_/Y (AOI221x1_ASAP7_75t_R)
  25.93 1490.73 v _156115_/Y (OA21x2_ASAP7_75t_R)
  21.72 1512.45 v _156116_/Y (OR3x1_ASAP7_75t_R)
  38.61 1551.06 v _156123_/Y (AO33x2_ASAP7_75t_R)
  41.48 1592.54 ^ _156140_/Y (NAND2x1_ASAP7_75t_R)
 111.61 1704.15 ^ _156253_/Y (AO221x1_ASAP7_75t_R)
  66.42 1770.57 v _156308_/Y (NAND2x2_ASAP7_75t_R)
  47.11 1817.68 v _156311_/Y (AO21x2_ASAP7_75t_R)
  22.77 1840.45 v _156314_/Y (OA21x2_ASAP7_75t_R)
  27.66 1868.12 v _156388_/Y (AO221x1_ASAP7_75t_R)
  22.59 1890.71 v _156389_/Y (OA21x2_ASAP7_75t_R)
  24.11 1914.83 ^ _156393_/Y (AOI22x1_ASAP7_75t_R)
  54.62 1969.45 v _156410_/Y (NAND2x1_ASAP7_75t_R)
  71.78 2041.23 v _156421_/Y (AO33x2_ASAP7_75t_R)
  31.36 2072.60 ^ _156522_/Y (XNOR2x2_ASAP7_75t_R)
  25.12 2097.72 ^ _156526_/Y (AND4x1_ASAP7_75t_R)
  19.12 2116.83 ^ _156550_/Y (AO21x1_ASAP7_75t_R)
  19.18 2136.01 ^ _156551_/Y (AO21x1_ASAP7_75t_R)
  82.99 2219.01 ^ _156552_/Y (OA211x2_ASAP7_75t_R)
  82.97 2301.97 v _156555_/Y (INVx1_ASAP7_75t_R)
  32.74 2334.71 ^ _156568_/Y (OAI21x1_ASAP7_75t_R)
  34.05 2368.77 v _156616_/Y (AOI221x1_ASAP7_75t_R)
  48.33 2417.09 v _156806_/Y (OA211x2_ASAP7_75t_R)
  13.56 2430.65 ^ _156807_/Y (NAND2x1_ASAP7_75t_R)
  71.41 2502.07 ^ _156882_/Y (AO32x1_ASAP7_75t_R)
  33.66 2535.72 ^ _156995_/Y (OR2x2_ASAP7_75t_R)
  39.31 2575.03 ^ _157002_/Y (AO32x1_ASAP7_75t_R)
  35.10 2610.13 ^ _157004_/Y (XNOR2x2_ASAP7_75t_R)
  14.25 2624.38 v _157005_/Y (NOR3x1_ASAP7_75t_R)
  32.56 2656.94 v _157006_/Y (AND5x2_ASAP7_75t_R)
  28.67 2685.61 v _157078_/Y (OR3x1_ASAP7_75t_R)
  58.66 2744.27 v _157141_/Y (OA33x2_ASAP7_75t_R)
  34.02 2778.29 v _157144_/Y (OR2x2_ASAP7_75t_R)
  24.44 2802.73 v _157145_/Y (AO21x1_ASAP7_75t_R)
  25.92 2828.65 v _157196_/Y (AO32x1_ASAP7_75t_R)
  26.75 2855.41 v _157198_/Y (AO22x1_ASAP7_75t_R)
  22.89 2878.30 v _157222_/Y (AO21x1_ASAP7_75t_R)
  30.77 2909.07 v _157223_/Y (OR3x1_ASAP7_75t_R)
  42.45 2951.52 v _157312_/Y (AO21x1_ASAP7_75t_R)
  57.75 3009.27 ^ _157343_/Y (NAND2x1_ASAP7_75t_R)
  43.30 3052.57 v _157440_/Y (AOI221x1_ASAP7_75t_R)
  30.71 3083.28 v _157456_/Y (OA222x2_ASAP7_75t_R)
  22.22 3105.50 v _157459_/Y (AND5x2_ASAP7_75t_R)
  20.82 3126.32 v _157472_/Y (OA31x2_ASAP7_75t_R)
  42.25 3168.58 v _157475_/Y (OR4x2_ASAP7_75t_R)
  64.50 3233.08 ^ _157478_/Y (NAND2x1_ASAP7_75t_R)
  19.40 3252.47 v _157479_/Y (NOR2x1_ASAP7_75t_R)
  25.13 3277.60 v _157485_/Y (OA21x2_ASAP7_75t_R)
  28.32 3305.92 v _157492_/Y (AO221x1_ASAP7_75t_R)
  26.02 3331.94 v _157649_/Y (OA21x2_ASAP7_75t_R)
  24.30 3356.24 v _157651_/Y (AO21x1_ASAP7_75t_R)
  41.83 3398.07 v _157652_/Y (AO22x1_ASAP7_75t_R)
  64.09 3462.16 ^ _157732_/Y (NAND2x1_ASAP7_75t_R)
  25.46 3487.62 ^ _157764_/Y (AO21x1_ASAP7_75t_R)
  24.35 3511.96 v _157767_/Y (AOI22x1_ASAP7_75t_R)
  35.07 3547.04 v _157790_/Y (OA21x2_ASAP7_75t_R)
  18.74 3565.78 ^ _157827_/Y (AOI211x1_ASAP7_75t_R)
  19.47 3585.25 v _157842_/Y (OAI21x1_ASAP7_75t_R)
  90.29 3675.54 v _157921_/Y (AO221x1_ASAP7_75t_R)
  46.51 3722.05 v _157922_/Y (AO221x1_ASAP7_75t_R)
  27.43 3749.48 v _157925_/Y (AO32x2_ASAP7_75t_R)
  22.56 3772.04 v _157949_/Y (OA211x2_ASAP7_75t_R)
  32.14 3804.17 v _157967_/Y (AO222x2_ASAP7_75t_R)
  38.20 3842.38 v _158020_/Y (AO221x1_ASAP7_75t_R)
  28.44 3870.82 v _158084_/Y (AO211x2_ASAP7_75t_R)
  42.92 3913.75 v _158094_/Y (AND2x2_ASAP7_75t_R)
  47.43 3961.18 v _158173_/Y (OR3x2_ASAP7_75t_R)
  22.66 3983.84 v _158271_/Y (AO221x1_ASAP7_75t_R)
  32.98 4016.82 v _158272_/Y (OR5x1_ASAP7_75t_R)
  46.35 4063.17 v _158273_/Y (OR5x1_ASAP7_75t_R)
  19.78 4082.95 ^ _158274_/Y (NAND2x2_ASAP7_75t_R)
  55.14 4138.09 v _158287_/Y (OAI21x1_ASAP7_75t_R)
  50.89 4188.97 v _158298_/Y (AND2x2_ASAP7_75t_R)
  35.83 4224.80 v _158304_/Y (OA211x2_ASAP7_75t_R)
  29.40 4254.20 v _158330_/Y (XNOR2x2_ASAP7_75t_R)
  29.49 4283.70 v _158388_/Y (OR5x1_ASAP7_75t_R)
  43.07 4326.76 v _158399_/Y (AO33x2_ASAP7_75t_R)
  25.52 4352.29 v _158436_/Y (AND2x2_ASAP7_75t_R)
  79.84 4432.12 v _158437_/Y (OR3x1_ASAP7_75t_R)
  69.36 4501.48 v _158474_/Y (AND2x2_ASAP7_75t_R)
  37.44 4538.93 ^ _158476_/Y (AOI22x1_ASAP7_75t_R)
  22.97 4561.89 ^ _158477_/Y (AND2x2_ASAP7_75t_R)
  15.93 4577.82 v _158496_/Y (AOI221x1_ASAP7_75t_R)
  32.93 4610.75 v _158497_/Y (MAJx2_ASAP7_75t_R)
  24.66 4635.41 v _158571_/Y (AO21x1_ASAP7_75t_R)
  46.94 4682.35 v _158629_/Y (AO221x2_ASAP7_75t_R)
  80.71 4763.07 ^ _158672_/Y (NAND2x1_ASAP7_75t_R)
  34.83 4797.90 ^ _158689_/Y (AND2x2_ASAP7_75t_R)
  22.56 4820.46 ^ _158690_/Y (OA21x2_ASAP7_75t_R)
  19.98 4840.43 ^ _158691_/Y (OR2x2_ASAP7_75t_R)
  22.78 4863.21 ^ _158702_/Y (AND3x1_ASAP7_75t_R)
  21.75 4884.96 ^ _158720_/Y (OA21x2_ASAP7_75t_R)
  24.37 4909.33 ^ _158743_/Y (OA31x2_ASAP7_75t_R)
  15.03 4924.36 ^ _158761_/Y (OR4x1_ASAP7_75t_R)
  47.73 4972.10 ^ _158764_/Y (AND5x2_ASAP7_75t_R)
  51.96 5024.05 ^ _159054_/Y (OA21x2_ASAP7_75t_R)
 109.75 5133.81 ^ _159120_/Y (OA21x2_ASAP7_75t_R)
  57.09 5190.90 ^ _159154_/Y (AO221x1_ASAP7_75t_R)
  97.70 5288.61 ^ _159901_/Y (AND2x2_ASAP7_75t_R)
 160.23 5448.83 v _159903_/Y (NOR2x1_ASAP7_75t_R)
  96.53 5545.36 ^ _163182_/Y (NAND2x2_ASAP7_75t_R)
  31.61 5576.97 ^ load_slew951/Y (BUFx16f_ASAP7_75t_R)
  21.45 5598.43 ^ load_slew949/Y (BUFx16f_ASAP7_75t_R)
  27.29 5625.72 ^ wire948/Y (BUFx16f_ASAP7_75t_R)
 148.18 5773.90 ^ _164794_/Y (OR2x2_ASAP7_75t_R)
  39.09 5812.98 v _201474_/Y (NAND2x1_ASAP7_75t_R)
  20.94 5833.92 v _201475_/Y (AO21x1_ASAP7_75t_R)
  26.11 5860.03 v _201476_/Y (OA211x2_ASAP7_75t_R)
  16.49 5876.52 v _201477_/Y (AO21x1_ASAP7_75t_R)
  14.87 5891.39 v _201478_/Y (AND2x2_ASAP7_75t_R)
   0.03 5891.42 v _312521_/D (DFFHQNx1_ASAP7_75t_R)
        5891.42   data arrival time

5500.00 5500.00   clock core_clk (rise edge)
   0.00 5500.00   clock source latency
   0.00 5500.00 ^ clk (in)
  43.78 5543.78 ^ wire4945/Y (BUFx10_ASAP7_75t_R)
  44.99 5588.77 ^ clkbuf_0_clk/Y (BUFx24_ASAP7_75t_R)
  27.54 5616.31 ^ clkbuf_1_1_0_clk/Y (BUFx24_ASAP7_75t_R)
  27.37 5643.69 ^ clkbuf_2_3_0_clk/Y (BUFx24_ASAP7_75t_R)
  25.30 5668.98 ^ clkbuf_3_7_0_clk/Y (BUFx24_ASAP7_75t_R)
  28.72 5697.71 ^ clkbuf_4_14_0_clk/Y (BUFx24_ASAP7_75t_R)
  22.00 5719.71 ^ clkbuf_6_57_0_clk/Y (BUFx24_ASAP7_75t_R)
  19.69 5739.40 ^ clkbuf_7_115__f_clk/Y (BUFx24_ASAP7_75t_R)
  21.50 5760.90 ^ clkbuf_leaf_506_clk/Y (BUFx24_ASAP7_75t_R)
   1.70 5762.60 ^ _312521_/CLK (DFFHQNx1_ASAP7_75t_R)
 -50.00 5712.60   clock uncertainty
   2.08 5714.69   clock reconvergence pessimism
  -0.38 5714.31   library setup time
        5714.31   data required time
---------------------------------------------------------
        5714.31   data required time
        -5891.42   data arrival time
---------------------------------------------------------
        -177.11   slack (VIOLATED)


Startpoint: _308209_ (rising edge-triggered flip-flop clocked by core_clk)
Endpoint: _312079_ (rising edge-triggered flip-flop clocked by core_clk)
Path Group: reg2reg
Path Type: max

  Delay    Time   Description
---------------------------------------------------------
   0.00    0.00   clock core_clk (rise edge)
   0.00    0.00   clock source latency
   0.00    0.00 ^ clk (in)
  44.44   44.44 ^ wire4945/Y (BUFx10_ASAP7_75t_R)
  46.42   90.85 ^ clkbuf_0_clk/Y (BUFx24_ASAP7_75t_R)
  28.76  119.62 ^ clkbuf_1_0_0_clk/Y (BUFx24_ASAP7_75t_R)
  28.26  147.87 ^ clkbuf_2_1_0_clk/Y (BUFx24_ASAP7_75t_R)
  25.61  173.49 ^ clkbuf_3_2_0_clk/Y (BUFx24_ASAP7_75t_R)
  29.85  203.33 ^ clkbuf_4_4_0_clk/Y (BUFx24_ASAP7_75t_R)
  24.35  227.68 ^ clkbuf_6_19_0_clk/Y (BUFx24_ASAP7_75t_R)
  21.69  249.37 ^ clkbuf_7_38__f_clk/Y (BUFx24_ASAP7_75t_R)
  26.71  276.08 ^ clkbuf_leaf_778_clk/Y (BUFx24_ASAP7_75t_R)
   1.89  277.97 ^ _308209_/CLK (DFFHQNx3_ASAP7_75t_R)
  56.19  334.16 ^ _308209_/QN (DFFHQNx3_ASAP7_75t_R)
  26.21  360.37 ^ wire4778/Y (BUFx16f_ASAP7_75t_R)
  56.27  416.64 ^ wire4776/Y (BUFx16f_ASAP7_75t_R)
  30.08  446.72 ^ wire4775/Y (BUFx16f_ASAP7_75t_R)
  60.47  507.19 ^ load_slew4774/Y (BUFx16f_ASAP7_75t_R)
  95.85  603.03 ^ _153629_/Y (AND2x2_ASAP7_75t_R)
 145.04  748.08 v _153630_/Y (NAND2x1_ASAP7_75t_R)
  63.27  811.35 v _153631_/Y (OA21x2_ASAP7_75t_R)
 105.27  916.62 v _153633_/Y (AND3x1_ASAP7_75t_R)
  83.72 1000.34 v _154870_/Y (AO222x2_ASAP7_75t_R)
  46.64 1046.98 v _154873_/Y (OR3x2_ASAP7_75t_R)
  53.58 1100.56 v _154878_/Y (OR5x1_ASAP7_75t_R)
  97.46 1198.02 v _154879_/Y (OR4x1_ASAP7_75t_R)
  69.73 1267.75 v _155829_/Y (OR4x1_ASAP7_75t_R)
  24.44 1292.18 v _155944_/Y (AO221x1_ASAP7_75t_R)
  50.98 1343.16 v _155949_/Y (OR5x1_ASAP7_75t_R)
  33.14 1376.30 v _156013_/Y (AND2x2_ASAP7_75t_R)
  50.65 1426.95 ^ _156016_/Y (NAND3x1_ASAP7_75t_R)
  37.85 1464.80 v _156112_/Y (AOI221x1_ASAP7_75t_R)
  25.93 1490.73 v _156115_/Y (OA21x2_ASAP7_75t_R)
  21.72 1512.45 v _156116_/Y (OR3x1_ASAP7_75t_R)
  38.61 1551.06 v _156123_/Y (AO33x2_ASAP7_75t_R)
  41.48 1592.54 ^ _156140_/Y (NAND2x1_ASAP7_75t_R)
 111.61 1704.15 ^ _156253_/Y (AO221x1_ASAP7_75t_R)
  66.42 1770.57 v _156308_/Y (NAND2x2_ASAP7_75t_R)
  47.11 1817.68 v _156311_/Y (AO21x2_ASAP7_75t_R)
  22.77 1840.45 v _156314_/Y (OA21x2_ASAP7_75t_R)
  27.66 1868.12 v _156388_/Y (AO221x1_ASAP7_75t_R)
  22.59 1890.71 v _156389_/Y (OA21x2_ASAP7_75t_R)
  24.11 1914.83 ^ _156393_/Y (AOI22x1_ASAP7_75t_R)
  54.62 1969.45 v _156410_/Y (NAND2x1_ASAP7_75t_R)
  71.78 2041.23 v _156421_/Y (AO33x2_ASAP7_75t_R)
  31.36 2072.60 ^ _156522_/Y (XNOR2x2_ASAP7_75t_R)
  25.12 2097.72 ^ _156526_/Y (AND4x1_ASAP7_75t_R)
  19.12 2116.83 ^ _156550_/Y (AO21x1_ASAP7_75t_R)
  19.18 2136.01 ^ _156551_/Y (AO21x1_ASAP7_75t_R)
  82.99 2219.01 ^ _156552_/Y (OA211x2_ASAP7_75t_R)
  82.97 2301.97 v _156555_/Y (INVx1_ASAP7_75t_R)
  32.74 2334.71 ^ _156568_/Y (OAI21x1_ASAP7_75t_R)
  34.05 2368.77 v _156616_/Y (AOI221x1_ASAP7_75t_R)
  48.33 2417.09 v _156806_/Y (OA211x2_ASAP7_75t_R)
  13.56 2430.65 ^ _156807_/Y (NAND2x1_ASAP7_75t_R)
  71.41 2502.07 ^ _156882_/Y (AO32x1_ASAP7_75t_R)
  33.66 2535.72 ^ _156995_/Y (OR2x2_ASAP7_75t_R)
  39.31 2575.03 ^ _157002_/Y (AO32x1_ASAP7_75t_R)
  35.10 2610.13 ^ _157004_/Y (XNOR2x2_ASAP7_75t_R)
  14.25 2624.38 v _157005_/Y (NOR3x1_ASAP7_75t_R)
  32.56 2656.94 v _157006_/Y (AND5x2_ASAP7_75t_R)
  28.67 2685.61 v _157078_/Y (OR3x1_ASAP7_75t_R)
  58.66 2744.27 v _157141_/Y (OA33x2_ASAP7_75t_R)
  34.02 2778.29 v _157144_/Y (OR2x2_ASAP7_75t_R)
  24.44 2802.73 v _157145_/Y (AO21x1_ASAP7_75t_R)
  25.92 2828.65 v _157196_/Y (AO32x1_ASAP7_75t_R)
  26.75 2855.41 v _157198_/Y (AO22x1_ASAP7_75t_R)
  22.89 2878.30 v _157222_/Y (AO21x1_ASAP7_75t_R)
  30.77 2909.07 v _157223_/Y (OR3x1_ASAP7_75t_R)
  42.45 2951.52 v _157312_/Y (AO21x1_ASAP7_75t_R)
  57.75 3009.27 ^ _157343_/Y (NAND2x1_ASAP7_75t_R)
  43.30 3052.57 v _157440_/Y (AOI221x1_ASAP7_75t_R)
  30.71 3083.28 v _157456_/Y (OA222x2_ASAP7_75t_R)
  22.22 3105.50 v _157459_/Y (AND5x2_ASAP7_75t_R)
  20.82 3126.32 v _157472_/Y (OA31x2_ASAP7_75t_R)
  42.25 3168.58 v _157475_/Y (OR4x2_ASAP7_75t_R)
  64.50 3233.08 ^ _157478_/Y (NAND2x1_ASAP7_75t_R)
  19.40 3252.47 v _157479_/Y (NOR2x1_ASAP7_75t_R)
  25.13 3277.60 v _157485_/Y (OA21x2_ASAP7_75t_R)
  28.32 3305.92 v _157492_/Y (AO221x1_ASAP7_75t_R)
  26.02 3331.94 v _157649_/Y (OA21x2_ASAP7_75t_R)
  24.30 3356.24 v _157651_/Y (AO21x1_ASAP7_75t_R)
  41.83 3398.07 v _157652_/Y (AO22x1_ASAP7_75t_R)
  64.09 3462.16 ^ _157732_/Y (NAND2x1_ASAP7_75t_R)
  25.46 3487.62 ^ _157764_/Y (AO21x1_ASAP7_75t_R)
  24.35 3511.96 v _157767_/Y (AOI22x1_ASAP7_75t_R)
  35.07 3547.04 v _157790_/Y (OA21x2_ASAP7_75t_R)
  18.74 3565.78 ^ _157827_/Y (AOI211x1_ASAP7_75t_R)
  19.47 3585.25 v _157842_/Y (OAI21x1_ASAP7_75t_R)
  90.29 3675.54 v _157921_/Y (AO221x1_ASAP7_75t_R)
  46.51 3722.05 v _157922_/Y (AO221x1_ASAP7_75t_R)
  27.43 3749.48 v _157925_/Y (AO32x2_ASAP7_75t_R)
  22.56 3772.04 v _157949_/Y (OA211x2_ASAP7_75t_R)
  32.14 3804.17 v _157967_/Y (AO222x2_ASAP7_75t_R)
  38.20 3842.38 v _158020_/Y (AO221x1_ASAP7_75t_R)
  28.44 3870.82 v _158084_/Y (AO211x2_ASAP7_75t_R)
  42.92 3913.75 v _158094_/Y (AND2x2_ASAP7_75t_R)
  47.43 3961.18 v _158173_/Y (OR3x2_ASAP7_75t_R)
  22.66 3983.84 v _158271_/Y (AO221x1_ASAP7_75t_R)
  32.98 4016.82 v _158272_/Y (OR5x1_ASAP7_75t_R)
  46.35 4063.17 v _158273_/Y (OR5x1_ASAP7_75t_R)
  19.78 4082.95 ^ _158274_/Y (NAND2x2_ASAP7_75t_R)
  55.14 4138.09 v _158287_/Y (OAI21x1_ASAP7_75t_R)
  50.89 4188.97 v _158298_/Y (AND2x2_ASAP7_75t_R)
  35.83 4224.80 v _158304_/Y (OA211x2_ASAP7_75t_R)
  29.40 4254.20 v _158330_/Y (XNOR2x2_ASAP7_75t_R)
  29.49 4283.70 v _158388_/Y (OR5x1_ASAP7_75t_R)
  43.07 4326.76 v _158399_/Y (AO33x2_ASAP7_75t_R)
  25.52 4352.29 v _158436_/Y (AND2x2_ASAP7_75t_R)
  79.84 4432.12 v _158437_/Y (OR3x1_ASAP7_75t_R)
  69.36 4501.48 v _158474_/Y (AND2x2_ASAP7_75t_R)
  37.44 4538.93 ^ _158476_/Y (AOI22x1_ASAP7_75t_R)
  22.97 4561.89 ^ _158477_/Y (AND2x2_ASAP7_75t_R)
  15.93 4577.82 v _158496_/Y (AOI221x1_ASAP7_75t_R)
  32.93 4610.75 v _158497_/Y (MAJx2_ASAP7_75t_R)
  24.66 4635.41 v _158571_/Y (AO21x1_ASAP7_75t_R)
  46.94 4682.35 v _158629_/Y (AO221x2_ASAP7_75t_R)
  80.71 4763.07 ^ _158672_/Y (NAND2x1_ASAP7_75t_R)
  34.83 4797.90 ^ _158689_/Y (AND2x2_ASAP7_75t_R)
  22.56 4820.46 ^ _158690_/Y (OA21x2_ASAP7_75t_R)
  19.98 4840.43 ^ _158691_/Y (OR2x2_ASAP7_75t_R)
  22.78 4863.21 ^ _158702_/Y (AND3x1_ASAP7_75t_R)
  21.75 4884.96 ^ _158720_/Y (OA21x2_ASAP7_75t_R)
  24.37 4909.33 ^ _158743_/Y (OA31x2_ASAP7_75t_R)
  15.03 4924.36 ^ _158761_/Y (OR4x1_ASAP7_75t_R)
  47.73 4972.10 ^ _158764_/Y (AND5x2_ASAP7_75t_R)
  51.96 5024.05 ^ _159054_/Y (OA21x2_ASAP7_75t_R)
 109.75 5133.81 ^ _159120_/Y (OA21x2_ASAP7_75t_R)
  57.09 5190.90 ^ _159154_/Y (AO221x1_ASAP7_75t_R)
  97.70 5288.61 ^ _159901_/Y (AND2x2_ASAP7_75t_R)
 160.23 5448.83 v _159903_/Y (NOR2x1_ASAP7_75t_R)
 112.70 5561.53 ^ _163131_/Y (NAND2x2_ASAP7_75t_R)
  35.00 5596.53 ^ load_slew954/Y (BUFx16f_ASAP7_75t_R)
  34.40 5630.93 ^ load_slew952/Y (BUFx16f_ASAP7_75t_R)
 126.57 5757.49 ^ _163132_/Y (OR2x2_ASAP7_75t_R)
  57.58 5815.07 v _194391_/Y (NAND2x1_ASAP7_75t_R)
  20.09 5835.16 v _194392_/Y (AO21x1_ASAP7_75t_R)
  25.82 5860.99 v _194393_/Y (OA211x2_ASAP7_75t_R)
  17.03 5878.02 v _194394_/Y (AO21x1_ASAP7_75t_R)
  14.84 5892.86 v _194395_/Y (AND2x2_ASAP7_75t_R)
   0.07 5892.93 v _312079_/D (DFFHQNx1_ASAP7_75t_R)
        5892.93   data arrival time

5500.00 5500.00   clock core_clk (rise edge)
   0.00 5500.00   clock source latency
   0.00 5500.00 ^ clk (in)
  43.78 5543.78 ^ wire4945/Y (BUFx10_ASAP7_75t_R)
  44.99 5588.77 ^ clkbuf_0_clk/Y (BUFx24_ASAP7_75t_R)
  27.54 5616.31 ^ clkbuf_1_1_0_clk/Y (BUFx24_ASAP7_75t_R)
  27.37 5643.69 ^ clkbuf_2_3_0_clk/Y (BUFx24_ASAP7_75t_R)
  22.31 5665.99 ^ clkbuf_3_6_0_clk/Y (BUFx24_ASAP7_75t_R)
  27.65 5693.64 ^ clkbuf_4_13_0_clk/Y (BUFx24_ASAP7_75t_R)
  25.02 5718.66 ^ clkbuf_6_54_0_clk/Y (BUFx24_ASAP7_75t_R)
  21.27 5739.93 ^ clkbuf_7_108__f_clk/Y (BUFx24_ASAP7_75t_R)
  23.33 5763.27 ^ clkbuf_leaf_482_clk/Y (BUFx24_ASAP7_75t_R)
   1.13 5764.40 ^ _312079_/CLK (DFFHQNx1_ASAP7_75t_R)
 -50.00 5714.40   clock uncertainty
   2.08 5716.48   clock reconvergence pessimism
  -0.63 5715.85   library setup time
        5715.85   data required time
---------------------------------------------------------
        5715.85   data required time
        -5892.93   data arrival time
---------------------------------------------------------
        -177.08   slack (VIOLATED)


Startpoint: _308209_ (rising edge-triggered flip-flop clocked by core_clk)
Endpoint: _312516_ (rising edge-triggered flip-flop clocked by core_clk)
Path Group: reg2reg
Path Type: max

  Delay    Time   Description
---------------------------------------------------------
   0.00    0.00   clock core_clk (rise edge)
   0.00    0.00   clock source latency
   0.00    0.00 ^ clk (in)
  44.44   44.44 ^ wire4945/Y (BUFx10_ASAP7_75t_R)
  46.42   90.85 ^ clkbuf_0_clk/Y (BUFx24_ASAP7_75t_R)
  28.76  119.62 ^ clkbuf_1_0_0_clk/Y (BUFx24_ASAP7_75t_R)
  28.26  147.87 ^ clkbuf_2_1_0_clk/Y (BUFx24_ASAP7_75t_R)
  25.61  173.49 ^ clkbuf_3_2_0_clk/Y (BUFx24_ASAP7_75t_R)
  29.85  203.33 ^ clkbuf_4_4_0_clk/Y (BUFx24_ASAP7_75t_R)
  24.35  227.68 ^ clkbuf_6_19_0_clk/Y (BUFx24_ASAP7_75t_R)
  21.69  249.37 ^ clkbuf_7_38__f_clk/Y (BUFx24_ASAP7_75t_R)
  26.71  276.08 ^ clkbuf_leaf_778_clk/Y (BUFx24_ASAP7_75t_R)
   1.89  277.97 ^ _308209_/CLK (DFFHQNx3_ASAP7_75t_R)
  56.19  334.16 ^ _308209_/QN (DFFHQNx3_ASAP7_75t_R)
  26.21  360.37 ^ wire4778/Y (BUFx16f_ASAP7_75t_R)
  56.27  416.64 ^ wire4776/Y (BUFx16f_ASAP7_75t_R)
  30.08  446.72 ^ wire4775/Y (BUFx16f_ASAP7_75t_R)
  60.47  507.19 ^ load_slew4774/Y (BUFx16f_ASAP7_75t_R)
  95.85  603.03 ^ _153629_/Y (AND2x2_ASAP7_75t_R)
 145.04  748.08 v _153630_/Y (NAND2x1_ASAP7_75t_R)
  63.27  811.35 v _153631_/Y (OA21x2_ASAP7_75t_R)
 105.27  916.62 v _153633_/Y (AND3x1_ASAP7_75t_R)
  83.72 1000.34 v _154870_/Y (AO222x2_ASAP7_75t_R)
  46.64 1046.98 v _154873_/Y (OR3x2_ASAP7_75t_R)
  53.58 1100.56 v _154878_/Y (OR5x1_ASAP7_75t_R)
  97.46 1198.02 v _154879_/Y (OR4x1_ASAP7_75t_R)
  69.73 1267.75 v _155829_/Y (OR4x1_ASAP7_75t_R)
  24.44 1292.18 v _155944_/Y (AO221x1_ASAP7_75t_R)
  50.98 1343.16 v _155949_/Y (OR5x1_ASAP7_75t_R)
  33.14 1376.30 v _156013_/Y (AND2x2_ASAP7_75t_R)
  50.65 1426.95 ^ _156016_/Y (NAND3x1_ASAP7_75t_R)
  37.85 1464.80 v _156112_/Y (AOI221x1_ASAP7_75t_R)
  25.93 1490.73 v _156115_/Y (OA21x2_ASAP7_75t_R)
  21.72 1512.45 v _156116_/Y (OR3x1_ASAP7_75t_R)
  38.61 1551.06 v _156123_/Y (AO33x2_ASAP7_75t_R)
  41.48 1592.54 ^ _156140_/Y (NAND2x1_ASAP7_75t_R)
 111.61 1704.15 ^ _156253_/Y (AO221x1_ASAP7_75t_R)
  66.42 1770.57 v _156308_/Y (NAND2x2_ASAP7_75t_R)
  47.11 1817.68 v _156311_/Y (AO21x2_ASAP7_75t_R)
  22.77 1840.45 v _156314_/Y (OA21x2_ASAP7_75t_R)
  27.66 1868.12 v _156388_/Y (AO221x1_ASAP7_75t_R)
  22.59 1890.71 v _156389_/Y (OA21x2_ASAP7_75t_R)
  24.11 1914.83 ^ _156393_/Y (AOI22x1_ASAP7_75t_R)
  54.62 1969.45 v _156410_/Y (NAND2x1_ASAP7_75t_R)
  71.78 2041.23 v _156421_/Y (AO33x2_ASAP7_75t_R)
  31.36 2072.60 ^ _156522_/Y (XNOR2x2_ASAP7_75t_R)
  25.12 2097.72 ^ _156526_/Y (AND4x1_ASAP7_75t_R)
  19.12 2116.83 ^ _156550_/Y (AO21x1_ASAP7_75t_R)
  19.18 2136.01 ^ _156551_/Y (AO21x1_ASAP7_75t_R)
  82.99 2219.01 ^ _156552_/Y (OA211x2_ASAP7_75t_R)
  82.97 2301.97 v _156555_/Y (INVx1_ASAP7_75t_R)
  32.74 2334.71 ^ _156568_/Y (OAI21x1_ASAP7_75t_R)
  34.05 2368.77 v _156616_/Y (AOI221x1_ASAP7_75t_R)
  48.33 2417.09 v _156806_/Y (OA211x2_ASAP7_75t_R)
  13.56 2430.65 ^ _156807_/Y (NAND2x1_ASAP7_75t_R)
  71.41 2502.07 ^ _156882_/Y (AO32x1_ASAP7_75t_R)
  33.66 2535.72 ^ _156995_/Y (OR2x2_ASAP7_75t_R)
  39.31 2575.03 ^ _157002_/Y (AO32x1_ASAP7_75t_R)
  35.10 2610.13 ^ _157004_/Y (XNOR2x2_ASAP7_75t_R)
  14.25 2624.38 v _157005_/Y (NOR3x1_ASAP7_75t_R)
  32.56 2656.94 v _157006_/Y (AND5x2_ASAP7_75t_R)
  28.67 2685.61 v _157078_/Y (OR3x1_ASAP7_75t_R)
  58.66 2744.27 v _157141_/Y (OA33x2_ASAP7_75t_R)
  34.02 2778.29 v _157144_/Y (OR2x2_ASAP7_75t_R)
  24.44 2802.73 v _157145_/Y (AO21x1_ASAP7_75t_R)
  25.92 2828.65 v _157196_/Y (AO32x1_ASAP7_75t_R)
  26.75 2855.41 v _157198_/Y (AO22x1_ASAP7_75t_R)
  22.89 2878.30 v _157222_/Y (AO21x1_ASAP7_75t_R)
  30.77 2909.07 v _157223_/Y (OR3x1_ASAP7_75t_R)
  42.45 2951.52 v _157312_/Y (AO21x1_ASAP7_75t_R)
  57.75 3009.27 ^ _157343_/Y (NAND2x1_ASAP7_75t_R)
  43.30 3052.57 v _157440_/Y (AOI221x1_ASAP7_75t_R)
  30.71 3083.28 v _157456_/Y (OA222x2_ASAP7_75t_R)
  22.22 3105.50 v _157459_/Y (AND5x2_ASAP7_75t_R)
  20.82 3126.32 v _157472_/Y (OA31x2_ASAP7_75t_R)
  42.25 3168.58 v _157475_/Y (OR4x2_ASAP7_75t_R)
  64.50 3233.08 ^ _157478_/Y (NAND2x1_ASAP7_75t_R)
  19.40 3252.47 v _157479_/Y (NOR2x1_ASAP7_75t_R)
  25.13 3277.60 v _157485_/Y (OA21x2_ASAP7_75t_R)
  28.32 3305.92 v _157492_/Y (AO221x1_ASAP7_75t_R)
  26.02 3331.94 v _157649_/Y (OA21x2_ASAP7_75t_R)
  24.30 3356.24 v _157651_/Y (AO21x1_ASAP7_75t_R)
  41.83 3398.07 v _157652_/Y (AO22x1_ASAP7_75t_R)
  64.09 3462.16 ^ _157732_/Y (NAND2x1_ASAP7_75t_R)
  25.46 3487.62 ^ _157764_/Y (AO21x1_ASAP7_75t_R)
  24.35 3511.96 v _157767_/Y (AOI22x1_ASAP7_75t_R)
  35.07 3547.04 v _157790_/Y (OA21x2_ASAP7_75t_R)
  18.74 3565.78 ^ _157827_/Y (AOI211x1_ASAP7_75t_R)
  19.47 3585.25 v _157842_/Y (OAI21x1_ASAP7_75t_R)
  90.29 3675.54 v _157921_/Y (AO221x1_ASAP7_75t_R)
  46.51 3722.05 v _157922_/Y (AO221x1_ASAP7_75t_R)
  27.43 3749.48 v _157925_/Y (AO32x2_ASAP7_75t_R)
  22.56 3772.04 v _157949_/Y (OA211x2_ASAP7_75t_R)
  32.14 3804.17 v _157967_/Y (AO222x2_ASAP7_75t_R)
  38.20 3842.38 v _158020_/Y (AO221x1_ASAP7_75t_R)
  28.44 3870.82 v _158084_/Y (AO211x2_ASAP7_75t_R)
  42.92 3913.75 v _158094_/Y (AND2x2_ASAP7_75t_R)
  47.43 3961.18 v _158173_/Y (OR3x2_ASAP7_75t_R)
  22.66 3983.84 v _158271_/Y (AO221x1_ASAP7_75t_R)
  32.98 4016.82 v _158272_/Y (OR5x1_ASAP7_75t_R)
  46.35 4063.17 v _158273_/Y (OR5x1_ASAP7_75t_R)
  19.78 4082.95 ^ _158274_/Y (NAND2x2_ASAP7_75t_R)
  55.14 4138.09 v _158287_/Y (OAI21x1_ASAP7_75t_R)
  50.89 4188.97 v _158298_/Y (AND2x2_ASAP7_75t_R)
  35.83 4224.80 v _158304_/Y (OA211x2_ASAP7_75t_R)
  29.40 4254.20 v _158330_/Y (XNOR2x2_ASAP7_75t_R)
  29.49 4283.70 v _158388_/Y (OR5x1_ASAP7_75t_R)
  43.07 4326.76 v _158399_/Y (AO33x2_ASAP7_75t_R)
  25.52 4352.29 v _158436_/Y (AND2x2_ASAP7_75t_R)
  79.84 4432.12 v _158437_/Y (OR3x1_ASAP7_75t_R)
  69.36 4501.48 v _158474_/Y (AND2x2_ASAP7_75t_R)
  37.44 4538.93 ^ _158476_/Y (AOI22x1_ASAP7_75t_R)
  22.97 4561.89 ^ _158477_/Y (AND2x2_ASAP7_75t_R)
  15.93 4577.82 v _158496_/Y (AOI221x1_ASAP7_75t_R)
  32.93 4610.75 v _158497_/Y (MAJx2_ASAP7_75t_R)
  24.66 4635.41 v _158571_/Y (AO21x1_ASAP7_75t_R)
  46.94 4682.35 v _158629_/Y (AO221x2_ASAP7_75t_R)
  80.71 4763.07 ^ _158672_/Y (NAND2x1_ASAP7_75t_R)
  34.83 4797.90 ^ _158689_/Y (AND2x2_ASAP7_75t_R)
  22.56 4820.46 ^ _158690_/Y (OA21x2_ASAP7_75t_R)
  19.98 4840.43 ^ _158691_/Y (OR2x2_ASAP7_75t_R)
  22.78 4863.21 ^ _158702_/Y (AND3x1_ASAP7_75t_R)
  21.75 4884.96 ^ _158720_/Y (OA21x2_ASAP7_75t_R)
  24.37 4909.33 ^ _158743_/Y (OA31x2_ASAP7_75t_R)
  15.03 4924.36 ^ _158761_/Y (OR4x1_ASAP7_75t_R)
  47.73 4972.10 ^ _158764_/Y (AND5x2_ASAP7_75t_R)
  51.96 5024.05 ^ _159054_/Y (OA21x2_ASAP7_75t_R)
 109.75 5133.81 ^ _159120_/Y (OA21x2_ASAP7_75t_R)
  57.09 5190.90 ^ _159154_/Y (AO221x1_ASAP7_75t_R)
  97.70 5288.61 ^ _159901_/Y (AND2x2_ASAP7_75t_R)
 160.23 5448.83 v _159903_/Y (NOR2x1_ASAP7_75t_R)
  96.53 5545.36 ^ _163182_/Y (NAND2x2_ASAP7_75t_R)
  31.61 5576.97 ^ load_slew951/Y (BUFx16f_ASAP7_75t_R)
  21.45 5598.43 ^ load_slew949/Y (BUFx16f_ASAP7_75t_R)
  27.29 5625.72 ^ wire948/Y (BUFx16f_ASAP7_75t_R)
 148.18 5773.90 ^ _164794_/Y (OR2x2_ASAP7_75t_R)
  44.26 5818.16 v _201444_/Y (NAND2x1_ASAP7_75t_R)
  20.80 5838.96 v _201445_/Y (AO21x1_ASAP7_75t_R)
  25.74 5864.70 v _201446_/Y (OA211x2_ASAP7_75t_R)
  16.18 5880.88 v _201447_/Y (AO21x1_ASAP7_75t_R)
  14.86 5895.74 v _201448_/Y (AND2x2_ASAP7_75t_R)
   0.09 5895.83 v _312516_/D (DFFHQNx1_ASAP7_75t_R)
        5895.83   data arrival time

5500.00 5500.00   clock core_clk (rise edge)
   0.00 5500.00   clock source latency
   0.00 5500.00 ^ clk (in)
  43.78 5543.78 ^ wire4945/Y (BUFx10_ASAP7_75t_R)
  44.99 5588.77 ^ clkbuf_0_clk/Y (BUFx24_ASAP7_75t_R)
  27.54 5616.31 ^ clkbuf_1_1_0_clk/Y (BUFx24_ASAP7_75t_R)
  27.37 5643.69 ^ clkbuf_2_3_0_clk/Y (BUFx24_ASAP7_75t_R)
  22.31 5665.99 ^ clkbuf_3_6_0_clk/Y (BUFx24_ASAP7_75t_R)
  27.65 5693.64 ^ clkbuf_4_13_0_clk/Y (BUFx24_ASAP7_75t_R)
  25.02 5718.66 ^ clkbuf_6_54_0_clk/Y (BUFx24_ASAP7_75t_R)
  20.47 5739.13 ^ clkbuf_7_109__f_clk/Y (BUFx24_ASAP7_75t_R)
  25.45 5764.58 ^ clkbuf_leaf_488_clk/Y (BUFx24_ASAP7_75t_R)
   2.46 5767.04 ^ _312516_/CLK (DFFHQNx1_ASAP7_75t_R)
 -50.00 5717.04   clock uncertainty
   2.08 5719.13   clock reconvergence pessimism
  -0.09 5719.04   library setup time
        5719.04   data required time
---------------------------------------------------------
        5719.04   data required time
        -5895.83   data arrival time
---------------------------------------------------------
        -176.79   slack (VIOLATED)


Startpoint: _308209_ (rising edge-triggered flip-flop clocked by core_clk)
Endpoint: _312553_ (rising edge-triggered flip-flop clocked by core_clk)
Path Group: reg2reg
Path Type: max

  Delay    Time   Description
---------------------------------------------------------
   0.00    0.00   clock core_clk (rise edge)
   0.00    0.00   clock source latency
   0.00    0.00 ^ clk (in)
  44.44   44.44 ^ wire4945/Y (BUFx10_ASAP7_75t_R)
  46.42   90.85 ^ clkbuf_0_clk/Y (BUFx24_ASAP7_75t_R)
  28.76  119.62 ^ clkbuf_1_0_0_clk/Y (BUFx24_ASAP7_75t_R)
  28.26  147.87 ^ clkbuf_2_1_0_clk/Y (BUFx24_ASAP7_75t_R)
  25.61  173.49 ^ clkbuf_3_2_0_clk/Y (BUFx24_ASAP7_75t_R)
  29.85  203.33 ^ clkbuf_4_4_0_clk/Y (BUFx24_ASAP7_75t_R)
  24.35  227.68 ^ clkbuf_6_19_0_clk/Y (BUFx24_ASAP7_75t_R)
  21.69  249.37 ^ clkbuf_7_38__f_clk/Y (BUFx24_ASAP7_75t_R)
  26.71  276.08 ^ clkbuf_leaf_778_clk/Y (BUFx24_ASAP7_75t_R)
   1.89  277.97 ^ _308209_/CLK (DFFHQNx3_ASAP7_75t_R)
  56.19  334.16 ^ _308209_/QN (DFFHQNx3_ASAP7_75t_R)
  26.21  360.37 ^ wire4778/Y (BUFx16f_ASAP7_75t_R)
  56.27  416.64 ^ wire4776/Y (BUFx16f_ASAP7_75t_R)
  30.08  446.72 ^ wire4775/Y (BUFx16f_ASAP7_75t_R)
  60.47  507.19 ^ load_slew4774/Y (BUFx16f_ASAP7_75t_R)
  95.85  603.03 ^ _153629_/Y (AND2x2_ASAP7_75t_R)
 145.04  748.08 v _153630_/Y (NAND2x1_ASAP7_75t_R)
  63.27  811.35 v _153631_/Y (OA21x2_ASAP7_75t_R)
 105.27  916.62 v _153633_/Y (AND3x1_ASAP7_75t_R)
  83.72 1000.34 v _154870_/Y (AO222x2_ASAP7_75t_R)
  46.64 1046.98 v _154873_/Y (OR3x2_ASAP7_75t_R)
  53.58 1100.56 v _154878_/Y (OR5x1_ASAP7_75t_R)
  97.46 1198.02 v _154879_/Y (OR4x1_ASAP7_75t_R)
  69.73 1267.75 v _155829_/Y (OR4x1_ASAP7_75t_R)
  24.44 1292.18 v _155944_/Y (AO221x1_ASAP7_75t_R)
  50.98 1343.16 v _155949_/Y (OR5x1_ASAP7_75t_R)
  33.14 1376.30 v _156013_/Y (AND2x2_ASAP7_75t_R)
  50.65 1426.95 ^ _156016_/Y (NAND3x1_ASAP7_75t_R)
  37.85 1464.80 v _156112_/Y (AOI221x1_ASAP7_75t_R)
  25.93 1490.73 v _156115_/Y (OA21x2_ASAP7_75t_R)
  21.72 1512.45 v _156116_/Y (OR3x1_ASAP7_75t_R)
  38.61 1551.06 v _156123_/Y (AO33x2_ASAP7_75t_R)
  41.48 1592.54 ^ _156140_/Y (NAND2x1_ASAP7_75t_R)
 111.61 1704.15 ^ _156253_/Y (AO221x1_ASAP7_75t_R)
  66.42 1770.57 v _156308_/Y (NAND2x2_ASAP7_75t_R)
  47.11 1817.68 v _156311_/Y (AO21x2_ASAP7_75t_R)
  22.77 1840.45 v _156314_/Y (OA21x2_ASAP7_75t_R)
  27.66 1868.12 v _156388_/Y (AO221x1_ASAP7_75t_R)
  22.59 1890.71 v _156389_/Y (OA21x2_ASAP7_75t_R)
  24.11 1914.83 ^ _156393_/Y (AOI22x1_ASAP7_75t_R)
  54.62 1969.45 v _156410_/Y (NAND2x1_ASAP7_75t_R)
  71.78 2041.23 v _156421_/Y (AO33x2_ASAP7_75t_R)
  31.36 2072.60 ^ _156522_/Y (XNOR2x2_ASAP7_75t_R)
  25.12 2097.72 ^ _156526_/Y (AND4x1_ASAP7_75t_R)
  19.12 2116.83 ^ _156550_/Y (AO21x1_ASAP7_75t_R)
  19.18 2136.01 ^ _156551_/Y (AO21x1_ASAP7_75t_R)
  82.99 2219.01 ^ _156552_/Y (OA211x2_ASAP7_75t_R)
  82.97 2301.97 v _156555_/Y (INVx1_ASAP7_75t_R)
  32.74 2334.71 ^ _156568_/Y (OAI21x1_ASAP7_75t_R)
  34.05 2368.77 v _156616_/Y (AOI221x1_ASAP7_75t_R)
  48.33 2417.09 v _156806_/Y (OA211x2_ASAP7_75t_R)
  13.56 2430.65 ^ _156807_/Y (NAND2x1_ASAP7_75t_R)
  71.41 2502.07 ^ _156882_/Y (AO32x1_ASAP7_75t_R)
  33.66 2535.72 ^ _156995_/Y (OR2x2_ASAP7_75t_R)
  39.31 2575.03 ^ _157002_/Y (AO32x1_ASAP7_75t_R)
  35.10 2610.13 ^ _157004_/Y (XNOR2x2_ASAP7_75t_R)
  14.25 2624.38 v _157005_/Y (NOR3x1_ASAP7_75t_R)
  32.56 2656.94 v _157006_/Y (AND5x2_ASAP7_75t_R)
  28.67 2685.61 v _157078_/Y (OR3x1_ASAP7_75t_R)
  58.66 2744.27 v _157141_/Y (OA33x2_ASAP7_75t_R)
  34.02 2778.29 v _157144_/Y (OR2x2_ASAP7_75t_R)
  24.44 2802.73 v _157145_/Y (AO21x1_ASAP7_75t_R)
  25.92 2828.65 v _157196_/Y (AO32x1_ASAP7_75t_R)
  26.75 2855.41 v _157198_/Y (AO22x1_ASAP7_75t_R)
  22.89 2878.30 v _157222_/Y (AO21x1_ASAP7_75t_R)
  30.77 2909.07 v _157223_/Y (OR3x1_ASAP7_75t_R)
  42.45 2951.52 v _157312_/Y (AO21x1_ASAP7_75t_R)
  57.75 3009.27 ^ _157343_/Y (NAND2x1_ASAP7_75t_R)
  43.30 3052.57 v _157440_/Y (AOI221x1_ASAP7_75t_R)
  30.71 3083.28 v _157456_/Y (OA222x2_ASAP7_75t_R)
  22.22 3105.50 v _157459_/Y (AND5x2_ASAP7_75t_R)
  20.82 3126.32 v _157472_/Y (OA31x2_ASAP7_75t_R)
  42.25 3168.58 v _157475_/Y (OR4x2_ASAP7_75t_R)
  64.50 3233.08 ^ _157478_/Y (NAND2x1_ASAP7_75t_R)
  19.40 3252.47 v _157479_/Y (NOR2x1_ASAP7_75t_R)
  25.13 3277.60 v _157485_/Y (OA21x2_ASAP7_75t_R)
  28.32 3305.92 v _157492_/Y (AO221x1_ASAP7_75t_R)
  26.02 3331.94 v _157649_/Y (OA21x2_ASAP7_75t_R)
  24.30 3356.24 v _157651_/Y (AO21x1_ASAP7_75t_R)
  41.83 3398.07 v _157652_/Y (AO22x1_ASAP7_75t_R)
  64.09 3462.16 ^ _157732_/Y (NAND2x1_ASAP7_75t_R)
  25.46 3487.62 ^ _157764_/Y (AO21x1_ASAP7_75t_R)
  24.35 3511.96 v _157767_/Y (AOI22x1_ASAP7_75t_R)
  35.07 3547.04 v _157790_/Y (OA21x2_ASAP7_75t_R)
  18.74 3565.78 ^ _157827_/Y (AOI211x1_ASAP7_75t_R)
  19.47 3585.25 v _157842_/Y (OAI21x1_ASAP7_75t_R)
  90.29 3675.54 v _157921_/Y (AO221x1_ASAP7_75t_R)
  46.51 3722.05 v _157922_/Y (AO221x1_ASAP7_75t_R)
  27.43 3749.48 v _157925_/Y (AO32x2_ASAP7_75t_R)
  22.56 3772.04 v _157949_/Y (OA211x2_ASAP7_75t_R)
  32.14 3804.17 v _157967_/Y (AO222x2_ASAP7_75t_R)
  38.20 3842.38 v _158020_/Y (AO221x1_ASAP7_75t_R)
  28.44 3870.82 v _158084_/Y (AO211x2_ASAP7_75t_R)
  42.92 3913.75 v _158094_/Y (AND2x2_ASAP7_75t_R)
  47.43 3961.18 v _158173_/Y (OR3x2_ASAP7_75t_R)
  22.66 3983.84 v _158271_/Y (AO221x1_ASAP7_75t_R)
  32.98 4016.82 v _158272_/Y (OR5x1_ASAP7_75t_R)
  46.35 4063.17 v _158273_/Y (OR5x1_ASAP7_75t_R)
  19.78 4082.95 ^ _158274_/Y (NAND2x2_ASAP7_75t_R)
  55.14 4138.09 v _158287_/Y (OAI21x1_ASAP7_75t_R)
  50.89 4188.97 v _158298_/Y (AND2x2_ASAP7_75t_R)
  35.83 4224.80 v _158304_/Y (OA211x2_ASAP7_75t_R)
  29.40 4254.20 v _158330_/Y (XNOR2x2_ASAP7_75t_R)
  29.49 4283.70 v _158388_/Y (OR5x1_ASAP7_75t_R)
  43.07 4326.76 v _158399_/Y (AO33x2_ASAP7_75t_R)
  25.52 4352.29 v _158436_/Y (AND2x2_ASAP7_75t_R)
  79.84 4432.12 v _158437_/Y (OR3x1_ASAP7_75t_R)
  69.36 4501.48 v _158474_/Y (AND2x2_ASAP7_75t_R)
  37.44 4538.93 ^ _158476_/Y (AOI22x1_ASAP7_75t_R)
  22.97 4561.89 ^ _158477_/Y (AND2x2_ASAP7_75t_R)
  15.93 4577.82 v _158496_/Y (AOI221x1_ASAP7_75t_R)
  32.93 4610.75 v _158497_/Y (MAJx2_ASAP7_75t_R)
  24.66 4635.41 v _158571_/Y (AO21x1_ASAP7_75t_R)
  46.94 4682.35 v _158629_/Y (AO221x2_ASAP7_75t_R)
  80.71 4763.07 ^ _158672_/Y (NAND2x1_ASAP7_75t_R)
  34.83 4797.90 ^ _158689_/Y (AND2x2_ASAP7_75t_R)
  22.56 4820.46 ^ _158690_/Y (OA21x2_ASAP7_75t_R)
  19.98 4840.43 ^ _158691_/Y (OR2x2_ASAP7_75t_R)
  22.78 4863.21 ^ _158702_/Y (AND3x1_ASAP7_75t_R)
  21.75 4884.96 ^ _158720_/Y (OA21x2_ASAP7_75t_R)
  24.37 4909.33 ^ _158743_/Y (OA31x2_ASAP7_75t_R)
  15.03 4924.36 ^ _158761_/Y (OR4x1_ASAP7_75t_R)
  47.73 4972.10 ^ _158764_/Y (AND5x2_ASAP7_75t_R)
  51.96 5024.05 ^ _159054_/Y (OA21x2_ASAP7_75t_R)
 109.75 5133.81 ^ _159120_/Y (OA21x2_ASAP7_75t_R)
  57.09 5190.90 ^ _159154_/Y (AO221x1_ASAP7_75t_R)
  97.70 5288.61 ^ _159901_/Y (AND2x2_ASAP7_75t_R)
 160.23 5448.83 v _159903_/Y (NOR2x1_ASAP7_75t_R)
 112.70 5561.53 ^ _163131_/Y (NAND2x2_ASAP7_75t_R)
  35.00 5596.53 ^ load_slew954/Y (BUFx16f_ASAP7_75t_R)
  34.40 5630.93 ^ load_slew952/Y (BUFx16f_ASAP7_75t_R)
 142.80 5773.73 ^ _164753_/Y (OR2x2_ASAP7_75t_R)
  45.66 5819.39 v _201259_/Y (NAND2x1_ASAP7_75t_R)
  20.28 5839.66 v _201260_/Y (AO21x1_ASAP7_75t_R)
  26.06 5865.72 v _201261_/Y (OA211x2_ASAP7_75t_R)
  16.67 5882.40 v _201262_/Y (AO21x1_ASAP7_75t_R)
  15.03 5897.43 v _201263_/Y (AND2x2_ASAP7_75t_R)
   0.04 5897.46 v _312553_/D (DFFHQNx1_ASAP7_75t_R)
        5897.46   data arrival time

5500.00 5500.00   clock core_clk (rise edge)
   0.00 5500.00   clock source latency
   0.00 5500.00 ^ clk (in)
  43.78 5543.78 ^ wire4945/Y (BUFx10_ASAP7_75t_R)
  44.99 5588.77 ^ clkbuf_0_clk/Y (BUFx24_ASAP7_75t_R)
  27.54 5616.31 ^ clkbuf_1_1_0_clk/Y (BUFx24_ASAP7_75t_R)
  27.37 5643.69 ^ clkbuf_2_3_0_clk/Y (BUFx24_ASAP7_75t_R)
  25.30 5668.98 ^ clkbuf_3_7_0_clk/Y (BUFx24_ASAP7_75t_R)
  28.72 5697.71 ^ clkbuf_4_14_0_clk/Y (BUFx24_ASAP7_75t_R)
  24.11 5721.82 ^ clkbuf_6_59_0_clk/Y (BUFx24_ASAP7_75t_R)
  20.87 5742.69 ^ clkbuf_7_118__f_clk/Y (BUFx24_ASAP7_75t_R)
  25.42 5768.10 ^ clkbuf_leaf_520_clk/Y (BUFx24_ASAP7_75t_R)
   0.88 5768.99 ^ _312553_/CLK (DFFHQNx1_ASAP7_75t_R)
 -50.00 5718.99   clock uncertainty
   2.08 5721.07   clock reconvergence pessimism
  -0.34 5720.73   library setup time
        5720.73   data required time
---------------------------------------------------------
        5720.73   data required time
        -5897.46   data arrival time
---------------------------------------------------------
        -176.73   slack (VIOLATED)


Startpoint: _308209_ (rising edge-triggered flip-flop clocked by core_clk)
Endpoint: _312532_ (rising edge-triggered flip-flop clocked by core_clk)
Path Group: reg2reg
Path Type: max

  Delay    Time   Description
---------------------------------------------------------
   0.00    0.00   clock core_clk (rise edge)
   0.00    0.00   clock source latency
   0.00    0.00 ^ clk (in)
  44.44   44.44 ^ wire4945/Y (BUFx10_ASAP7_75t_R)
  46.42   90.85 ^ clkbuf_0_clk/Y (BUFx24_ASAP7_75t_R)
  28.76  119.62 ^ clkbuf_1_0_0_clk/Y (BUFx24_ASAP7_75t_R)
  28.26  147.87 ^ clkbuf_2_1_0_clk/Y (BUFx24_ASAP7_75t_R)
  25.61  173.49 ^ clkbuf_3_2_0_clk/Y (BUFx24_ASAP7_75t_R)
  29.85  203.33 ^ clkbuf_4_4_0_clk/Y (BUFx24_ASAP7_75t_R)
  24.35  227.68 ^ clkbuf_6_19_0_clk/Y (BUFx24_ASAP7_75t_R)
  21.69  249.37 ^ clkbuf_7_38__f_clk/Y (BUFx24_ASAP7_75t_R)
  26.71  276.08 ^ clkbuf_leaf_778_clk/Y (BUFx24_ASAP7_75t_R)
   1.89  277.97 ^ _308209_/CLK (DFFHQNx3_ASAP7_75t_R)
  56.19  334.16 ^ _308209_/QN (DFFHQNx3_ASAP7_75t_R)
  26.21  360.37 ^ wire4778/Y (BUFx16f_ASAP7_75t_R)
  56.27  416.64 ^ wire4776/Y (BUFx16f_ASAP7_75t_R)
  30.08  446.72 ^ wire4775/Y (BUFx16f_ASAP7_75t_R)
  60.47  507.19 ^ load_slew4774/Y (BUFx16f_ASAP7_75t_R)
  95.85  603.03 ^ _153629_/Y (AND2x2_ASAP7_75t_R)
 145.04  748.08 v _153630_/Y (NAND2x1_ASAP7_75t_R)
  63.27  811.35 v _153631_/Y (OA21x2_ASAP7_75t_R)
 105.27  916.62 v _153633_/Y (AND3x1_ASAP7_75t_R)
  83.72 1000.34 v _154870_/Y (AO222x2_ASAP7_75t_R)
  46.64 1046.98 v _154873_/Y (OR3x2_ASAP7_75t_R)
  53.58 1100.56 v _154878_/Y (OR5x1_ASAP7_75t_R)
  97.46 1198.02 v _154879_/Y (OR4x1_ASAP7_75t_R)
  69.73 1267.75 v _155829_/Y (OR4x1_ASAP7_75t_R)
  24.44 1292.18 v _155944_/Y (AO221x1_ASAP7_75t_R)
  50.98 1343.16 v _155949_/Y (OR5x1_ASAP7_75t_R)
  33.14 1376.30 v _156013_/Y (AND2x2_ASAP7_75t_R)
  50.65 1426.95 ^ _156016_/Y (NAND3x1_ASAP7_75t_R)
  37.85 1464.80 v _156112_/Y (AOI221x1_ASAP7_75t_R)
  25.93 1490.73 v _156115_/Y (OA21x2_ASAP7_75t_R)
  21.72 1512.45 v _156116_/Y (OR3x1_ASAP7_75t_R)
  38.61 1551.06 v _156123_/Y (AO33x2_ASAP7_75t_R)
  41.48 1592.54 ^ _156140_/Y (NAND2x1_ASAP7_75t_R)
 111.61 1704.15 ^ _156253_/Y (AO221x1_ASAP7_75t_R)
  66.42 1770.57 v _156308_/Y (NAND2x2_ASAP7_75t_R)
  47.11 1817.68 v _156311_/Y (AO21x2_ASAP7_75t_R)
  22.77 1840.45 v _156314_/Y (OA21x2_ASAP7_75t_R)
  27.66 1868.12 v _156388_/Y (AO221x1_ASAP7_75t_R)
  22.59 1890.71 v _156389_/Y (OA21x2_ASAP7_75t_R)
  24.11 1914.83 ^ _156393_/Y (AOI22x1_ASAP7_75t_R)
  54.62 1969.45 v _156410_/Y (NAND2x1_ASAP7_75t_R)
  71.78 2041.23 v _156421_/Y (AO33x2_ASAP7_75t_R)
  31.36 2072.60 ^ _156522_/Y (XNOR2x2_ASAP7_75t_R)
  25.12 2097.72 ^ _156526_/Y (AND4x1_ASAP7_75t_R)
  19.12 2116.83 ^ _156550_/Y (AO21x1_ASAP7_75t_R)
  19.18 2136.01 ^ _156551_/Y (AO21x1_ASAP7_75t_R)
  82.99 2219.01 ^ _156552_/Y (OA211x2_ASAP7_75t_R)
  82.97 2301.97 v _156555_/Y (INVx1_ASAP7_75t_R)
  32.74 2334.71 ^ _156568_/Y (OAI21x1_ASAP7_75t_R)
  34.05 2368.77 v _156616_/Y (AOI221x1_ASAP7_75t_R)
  48.33 2417.09 v _156806_/Y (OA211x2_ASAP7_75t_R)
  13.56 2430.65 ^ _156807_/Y (NAND2x1_ASAP7_75t_R)
  71.41 2502.07 ^ _156882_/Y (AO32x1_ASAP7_75t_R)
  33.66 2535.72 ^ _156995_/Y (OR2x2_ASAP7_75t_R)
  39.31 2575.03 ^ _157002_/Y (AO32x1_ASAP7_75t_R)
  35.10 2610.13 ^ _157004_/Y (XNOR2x2_ASAP7_75t_R)
  14.25 2624.38 v _157005_/Y (NOR3x1_ASAP7_75t_R)
  32.56 2656.94 v _157006_/Y (AND5x2_ASAP7_75t_R)
  28.67 2685.61 v _157078_/Y (OR3x1_ASAP7_75t_R)
  58.66 2744.27 v _157141_/Y (OA33x2_ASAP7_75t_R)
  34.02 2778.29 v _157144_/Y (OR2x2_ASAP7_75t_R)
  24.44 2802.73 v _157145_/Y (AO21x1_ASAP7_75t_R)
  25.92 2828.65 v _157196_/Y (AO32x1_ASAP7_75t_R)
  26.75 2855.41 v _157198_/Y (AO22x1_ASAP7_75t_R)
  22.89 2878.30 v _157222_/Y (AO21x1_ASAP7_75t_R)
  30.77 2909.07 v _157223_/Y (OR3x1_ASAP7_75t_R)
  42.45 2951.52 v _157312_/Y (AO21x1_ASAP7_75t_R)
  57.75 3009.27 ^ _157343_/Y (NAND2x1_ASAP7_75t_R)
  43.30 3052.57 v _157440_/Y (AOI221x1_ASAP7_75t_R)
  30.71 3083.28 v _157456_/Y (OA222x2_ASAP7_75t_R)
  22.22 3105.50 v _157459_/Y (AND5x2_ASAP7_75t_R)
  20.82 3126.32 v _157472_/Y (OA31x2_ASAP7_75t_R)
  42.25 3168.58 v _157475_/Y (OR4x2_ASAP7_75t_R)
  64.50 3233.08 ^ _157478_/Y (NAND2x1_ASAP7_75t_R)
  19.40 3252.47 v _157479_/Y (NOR2x1_ASAP7_75t_R)
  25.13 3277.60 v _157485_/Y (OA21x2_ASAP7_75t_R)
  28.32 3305.92 v _157492_/Y (AO221x1_ASAP7_75t_R)
  26.02 3331.94 v _157649_/Y (OA21x2_ASAP7_75t_R)
  24.30 3356.24 v _157651_/Y (AO21x1_ASAP7_75t_R)
  41.83 3398.07 v _157652_/Y (AO22x1_ASAP7_75t_R)
  64.09 3462.16 ^ _157732_/Y (NAND2x1_ASAP7_75t_R)
  25.46 3487.62 ^ _157764_/Y (AO21x1_ASAP7_75t_R)
  24.35 3511.96 v _157767_/Y (AOI22x1_ASAP7_75t_R)
  35.07 3547.04 v _157790_/Y (OA21x2_ASAP7_75t_R)
  18.74 3565.78 ^ _157827_/Y (AOI211x1_ASAP7_75t_R)
  19.47 3585.25 v _157842_/Y (OAI21x1_ASAP7_75t_R)
  90.29 3675.54 v _157921_/Y (AO221x1_ASAP7_75t_R)
  46.51 3722.05 v _157922_/Y (AO221x1_ASAP7_75t_R)
  27.43 3749.48 v _157925_/Y (AO32x2_ASAP7_75t_R)
  22.56 3772.04 v _157949_/Y (OA211x2_ASAP7_75t_R)
  32.14 3804.17 v _157967_/Y (AO222x2_ASAP7_75t_R)
  38.20 3842.38 v _158020_/Y (AO221x1_ASAP7_75t_R)
  28.44 3870.82 v _158084_/Y (AO211x2_ASAP7_75t_R)
  42.92 3913.75 v _158094_/Y (AND2x2_ASAP7_75t_R)
  47.43 3961.18 v _158173_/Y (OR3x2_ASAP7_75t_R)
  22.66 3983.84 v _158271_/Y (AO221x1_ASAP7_75t_R)
  32.98 4016.82 v _158272_/Y (OR5x1_ASAP7_75t_R)
  46.35 4063.17 v _158273_/Y (OR5x1_ASAP7_75t_R)
  19.78 4082.95 ^ _158274_/Y (NAND2x2_ASAP7_75t_R)
  55.14 4138.09 v _158287_/Y (OAI21x1_ASAP7_75t_R)
  50.89 4188.97 v _158298_/Y (AND2x2_ASAP7_75t_R)
  35.83 4224.80 v _158304_/Y (OA211x2_ASAP7_75t_R)
  29.40 4254.20 v _158330_/Y (XNOR2x2_ASAP7_75t_R)
  29.49 4283.70 v _158388_/Y (OR5x1_ASAP7_75t_R)
  43.07 4326.76 v _158399_/Y (AO33x2_ASAP7_75t_R)
  25.52 4352.29 v _158436_/Y (AND2x2_ASAP7_75t_R)
  79.84 4432.12 v _158437_/Y (OR3x1_ASAP7_75t_R)
  69.36 4501.48 v _158474_/Y (AND2x2_ASAP7_75t_R)
  37.44 4538.93 ^ _158476_/Y (AOI22x1_ASAP7_75t_R)
  22.97 4561.89 ^ _158477_/Y (AND2x2_ASAP7_75t_R)
  15.93 4577.82 v _158496_/Y (AOI221x1_ASAP7_75t_R)
  32.93 4610.75 v _158497_/Y (MAJx2_ASAP7_75t_R)
  24.66 4635.41 v _158571_/Y (AO21x1_ASAP7_75t_R)
  46.94 4682.35 v _158629_/Y (AO221x2_ASAP7_75t_R)
  80.71 4763.07 ^ _158672_/Y (NAND2x1_ASAP7_75t_R)
  34.83 4797.90 ^ _158689_/Y (AND2x2_ASAP7_75t_R)
  22.56 4820.46 ^ _158690_/Y (OA21x2_ASAP7_75t_R)
  19.98 4840.43 ^ _158691_/Y (OR2x2_ASAP7_75t_R)
  22.78 4863.21 ^ _158702_/Y (AND3x1_ASAP7_75t_R)
  21.75 4884.96 ^ _158720_/Y (OA21x2_ASAP7_75t_R)
  24.37 4909.33 ^ _158743_/Y (OA31x2_ASAP7_75t_R)
  15.03 4924.36 ^ _158761_/Y (OR4x1_ASAP7_75t_R)
  47.73 4972.10 ^ _158764_/Y (AND5x2_ASAP7_75t_R)
  51.96 5024.05 ^ _159054_/Y (OA21x2_ASAP7_75t_R)
 109.75 5133.81 ^ _159120_/Y (OA21x2_ASAP7_75t_R)
  57.09 5190.90 ^ _159154_/Y (AO221x1_ASAP7_75t_R)
  97.70 5288.61 ^ _159901_/Y (AND2x2_ASAP7_75t_R)
 160.23 5448.83 v _159903_/Y (NOR2x1_ASAP7_75t_R)
 112.70 5561.53 ^ _163131_/Y (NAND2x2_ASAP7_75t_R)
  35.00 5596.53 ^ load_slew954/Y (BUFx16f_ASAP7_75t_R)
  34.40 5630.93 ^ load_slew952/Y (BUFx16f_ASAP7_75t_R)
 142.80 5773.73 ^ _164753_/Y (OR2x2_ASAP7_75t_R)
  44.36 5818.09 v _201118_/Y (NAND2x1_ASAP7_75t_R)
  20.40 5838.49 v _201119_/Y (AO21x1_ASAP7_75t_R)
  25.84 5864.33 v _201120_/Y (OA211x2_ASAP7_75t_R)
  16.12 5880.45 v _201121_/Y (AO21x1_ASAP7_75t_R)
  14.85 5895.30 v _201122_/Y (AND2x2_ASAP7_75t_R)
   0.04 5895.35 v _312532_/D (DFFHQNx1_ASAP7_75t_R)
        5895.35   data arrival time

5500.00 5500.00   clock core_clk (rise edge)
   0.00 5500.00   clock source latency
   0.00 5500.00 ^ clk (in)
  43.78 5543.78 ^ wire4945/Y (BUFx10_ASAP7_75t_R)
  44.99 5588.77 ^ clkbuf_0_clk/Y (BUFx24_ASAP7_75t_R)
  27.54 5616.31 ^ clkbuf_1_1_0_clk/Y (BUFx24_ASAP7_75t_R)
  27.37 5643.69 ^ clkbuf_2_3_0_clk/Y (BUFx24_ASAP7_75t_R)
  22.31 5665.99 ^ clkbuf_3_6_0_clk/Y (BUFx24_ASAP7_75t_R)
  28.18 5694.18 ^ clkbuf_4_12_0_clk/Y (BUFx24_ASAP7_75t_R)
  26.31 5720.48 ^ clkbuf_6_51_0_clk/Y (BUFx24_ASAP7_75t_R)
  20.81 5741.29 ^ clkbuf_7_103__f_clk/Y (BUFx24_ASAP7_75t_R)
  25.16 5766.45 ^ clkbuf_leaf_497_clk/Y (BUFx24_ASAP7_75t_R)
   0.79 5767.24 ^ _312532_/CLK (DFFHQNx1_ASAP7_75t_R)
 -50.00 5717.24   clock uncertainty
   2.08 5719.32   clock reconvergence pessimism
  -0.13 5719.19   library setup time
        5719.19   data required time
---------------------------------------------------------
        5719.19   data required time
        -5895.35   data arrival time
---------------------------------------------------------
        -176.16   slack (VIOLATED)


Startpoint: _308209_ (rising edge-triggered flip-flop clocked by core_clk)
Endpoint: _312541_ (rising edge-triggered flip-flop clocked by core_clk)
Path Group: reg2reg
Path Type: max

  Delay    Time   Description
---------------------------------------------------------
   0.00    0.00   clock core_clk (rise edge)
   0.00    0.00   clock source latency
   0.00    0.00 ^ clk (in)
  44.44   44.44 ^ wire4945/Y (BUFx10_ASAP7_75t_R)
  46.42   90.85 ^ clkbuf_0_clk/Y (BUFx24_ASAP7_75t_R)
  28.76  119.62 ^ clkbuf_1_0_0_clk/Y (BUFx24_ASAP7_75t_R)
  28.26  147.87 ^ clkbuf_2_1_0_clk/Y (BUFx24_ASAP7_75t_R)
  25.61  173.49 ^ clkbuf_3_2_0_clk/Y (BUFx24_ASAP7_75t_R)
  29.85  203.33 ^ clkbuf_4_4_0_clk/Y (BUFx24_ASAP7_75t_R)
  24.35  227.68 ^ clkbuf_6_19_0_clk/Y (BUFx24_ASAP7_75t_R)
  21.69  249.37 ^ clkbuf_7_38__f_clk/Y (BUFx24_ASAP7_75t_R)
  26.71  276.08 ^ clkbuf_leaf_778_clk/Y (BUFx24_ASAP7_75t_R)
   1.89  277.97 ^ _308209_/CLK (DFFHQNx3_ASAP7_75t_R)
  56.19  334.16 ^ _308209_/QN (DFFHQNx3_ASAP7_75t_R)
  26.21  360.37 ^ wire4778/Y (BUFx16f_ASAP7_75t_R)
  56.27  416.64 ^ wire4776/Y (BUFx16f_ASAP7_75t_R)
  30.08  446.72 ^ wire4775/Y (BUFx16f_ASAP7_75t_R)
  60.47  507.19 ^ load_slew4774/Y (BUFx16f_ASAP7_75t_R)
  95.85  603.03 ^ _153629_/Y (AND2x2_ASAP7_75t_R)
 145.04  748.08 v _153630_/Y (NAND2x1_ASAP7_75t_R)
  63.27  811.35 v _153631_/Y (OA21x2_ASAP7_75t_R)
 105.27  916.62 v _153633_/Y (AND3x1_ASAP7_75t_R)
  83.72 1000.34 v _154870_/Y (AO222x2_ASAP7_75t_R)
  46.64 1046.98 v _154873_/Y (OR3x2_ASAP7_75t_R)
  53.58 1100.56 v _154878_/Y (OR5x1_ASAP7_75t_R)
  97.46 1198.02 v _154879_/Y (OR4x1_ASAP7_75t_R)
  69.73 1267.75 v _155829_/Y (OR4x1_ASAP7_75t_R)
  24.44 1292.18 v _155944_/Y (AO221x1_ASAP7_75t_R)
  50.98 1343.16 v _155949_/Y (OR5x1_ASAP7_75t_R)
  33.14 1376.30 v _156013_/Y (AND2x2_ASAP7_75t_R)
  50.65 1426.95 ^ _156016_/Y (NAND3x1_ASAP7_75t_R)
  37.85 1464.80 v _156112_/Y (AOI221x1_ASAP7_75t_R)
  25.93 1490.73 v _156115_/Y (OA21x2_ASAP7_75t_R)
  21.72 1512.45 v _156116_/Y (OR3x1_ASAP7_75t_R)
  38.61 1551.06 v _156123_/Y (AO33x2_ASAP7_75t_R)
  41.48 1592.54 ^ _156140_/Y (NAND2x1_ASAP7_75t_R)
 111.61 1704.15 ^ _156253_/Y (AO221x1_ASAP7_75t_R)
  66.42 1770.57 v _156308_/Y (NAND2x2_ASAP7_75t_R)
  47.11 1817.68 v _156311_/Y (AO21x2_ASAP7_75t_R)
  22.77 1840.45 v _156314_/Y (OA21x2_ASAP7_75t_R)
  27.66 1868.12 v _156388_/Y (AO221x1_ASAP7_75t_R)
  22.59 1890.71 v _156389_/Y (OA21x2_ASAP7_75t_R)
  24.11 1914.83 ^ _156393_/Y (AOI22x1_ASAP7_75t_R)
  54.62 1969.45 v _156410_/Y (NAND2x1_ASAP7_75t_R)
  71.78 2041.23 v _156421_/Y (AO33x2_ASAP7_75t_R)
  31.36 2072.60 ^ _156522_/Y (XNOR2x2_ASAP7_75t_R)
  25.12 2097.72 ^ _156526_/Y (AND4x1_ASAP7_75t_R)
  19.12 2116.83 ^ _156550_/Y (AO21x1_ASAP7_75t_R)
  19.18 2136.01 ^ _156551_/Y (AO21x1_ASAP7_75t_R)
  82.99 2219.01 ^ _156552_/Y (OA211x2_ASAP7_75t_R)
  82.97 2301.97 v _156555_/Y (INVx1_ASAP7_75t_R)
  32.74 2334.71 ^ _156568_/Y (OAI21x1_ASAP7_75t_R)
  34.05 2368.77 v _156616_/Y (AOI221x1_ASAP7_75t_R)
  48.33 2417.09 v _156806_/Y (OA211x2_ASAP7_75t_R)
  13.56 2430.65 ^ _156807_/Y (NAND2x1_ASAP7_75t_R)
  71.41 2502.07 ^ _156882_/Y (AO32x1_ASAP7_75t_R)
  33.66 2535.72 ^ _156995_/Y (OR2x2_ASAP7_75t_R)
  39.31 2575.03 ^ _157002_/Y (AO32x1_ASAP7_75t_R)
  35.10 2610.13 ^ _157004_/Y (XNOR2x2_ASAP7_75t_R)
  14.25 2624.38 v _157005_/Y (NOR3x1_ASAP7_75t_R)
  32.56 2656.94 v _157006_/Y (AND5x2_ASAP7_75t_R)
  28.67 2685.61 v _157078_/Y (OR3x1_ASAP7_75t_R)
  58.66 2744.27 v _157141_/Y (OA33x2_ASAP7_75t_R)
  34.02 2778.29 v _157144_/Y (OR2x2_ASAP7_75t_R)
  24.44 2802.73 v _157145_/Y (AO21x1_ASAP7_75t_R)
  25.92 2828.65 v _157196_/Y (AO32x1_ASAP7_75t_R)
  26.75 2855.41 v _157198_/Y (AO22x1_ASAP7_75t_R)
  22.89 2878.30 v _157222_/Y (AO21x1_ASAP7_75t_R)
  30.77 2909.07 v _157223_/Y (OR3x1_ASAP7_75t_R)
  42.45 2951.52 v _157312_/Y (AO21x1_ASAP7_75t_R)
  57.75 3009.27 ^ _157343_/Y (NAND2x1_ASAP7_75t_R)
  43.30 3052.57 v _157440_/Y (AOI221x1_ASAP7_75t_R)
  30.71 3083.28 v _157456_/Y (OA222x2_ASAP7_75t_R)
  22.22 3105.50 v _157459_/Y (AND5x2_ASAP7_75t_R)
  20.82 3126.32 v _157472_/Y (OA31x2_ASAP7_75t_R)
  42.25 3168.58 v _157475_/Y (OR4x2_ASAP7_75t_R)
  64.50 3233.08 ^ _157478_/Y (NAND2x1_ASAP7_75t_R)
  19.40 3252.47 v _157479_/Y (NOR2x1_ASAP7_75t_R)
  25.13 3277.60 v _157485_/Y (OA21x2_ASAP7_75t_R)
  28.32 3305.92 v _157492_/Y (AO221x1_ASAP7_75t_R)
  26.02 3331.94 v _157649_/Y (OA21x2_ASAP7_75t_R)
  24.30 3356.24 v _157651_/Y (AO21x1_ASAP7_75t_R)
  41.83 3398.07 v _157652_/Y (AO22x1_ASAP7_75t_R)
  64.09 3462.16 ^ _157732_/Y (NAND2x1_ASAP7_75t_R)
  25.46 3487.62 ^ _157764_/Y (AO21x1_ASAP7_75t_R)
  24.35 3511.96 v _157767_/Y (AOI22x1_ASAP7_75t_R)
  35.07 3547.04 v _157790_/Y (OA21x2_ASAP7_75t_R)
  18.74 3565.78 ^ _157827_/Y (AOI211x1_ASAP7_75t_R)
  19.47 3585.25 v _157842_/Y (OAI21x1_ASAP7_75t_R)
  90.29 3675.54 v _157921_/Y (AO221x1_ASAP7_75t_R)
  46.51 3722.05 v _157922_/Y (AO221x1_ASAP7_75t_R)
  27.43 3749.48 v _157925_/Y (AO32x2_ASAP7_75t_R)
  22.56 3772.04 v _157949_/Y (OA211x2_ASAP7_75t_R)
  32.14 3804.17 v _157967_/Y (AO222x2_ASAP7_75t_R)
  38.20 3842.38 v _158020_/Y (AO221x1_ASAP7_75t_R)
  28.44 3870.82 v _158084_/Y (AO211x2_ASAP7_75t_R)
  42.92 3913.75 v _158094_/Y (AND2x2_ASAP7_75t_R)
  47.43 3961.18 v _158173_/Y (OR3x2_ASAP7_75t_R)
  22.66 3983.84 v _158271_/Y (AO221x1_ASAP7_75t_R)
  32.98 4016.82 v _158272_/Y (OR5x1_ASAP7_75t_R)
  46.35 4063.17 v _158273_/Y (OR5x1_ASAP7_75t_R)
  19.78 4082.95 ^ _158274_/Y (NAND2x2_ASAP7_75t_R)
  55.14 4138.09 v _158287_/Y (OAI21x1_ASAP7_75t_R)
  50.89 4188.97 v _158298_/Y (AND2x2_ASAP7_75t_R)
  35.83 4224.80 v _158304_/Y (OA211x2_ASAP7_75t_R)
  29.40 4254.20 v _158330_/Y (XNOR2x2_ASAP7_75t_R)
  29.49 4283.70 v _158388_/Y (OR5x1_ASAP7_75t_R)
  43.07 4326.76 v _158399_/Y (AO33x2_ASAP7_75t_R)
  25.52 4352.29 v _158436_/Y (AND2x2_ASAP7_75t_R)
  79.84 4432.12 v _158437_/Y (OR3x1_ASAP7_75t_R)
  69.36 4501.48 v _158474_/Y (AND2x2_ASAP7_75t_R)
  37.44 4538.93 ^ _158476_/Y (AOI22x1_ASAP7_75t_R)
  22.97 4561.89 ^ _158477_/Y (AND2x2_ASAP7_75t_R)
  15.93 4577.82 v _158496_/Y (AOI221x1_ASAP7_75t_R)
  32.93 4610.75 v _158497_/Y (MAJx2_ASAP7_75t_R)
  24.66 4635.41 v _158571_/Y (AO21x1_ASAP7_75t_R)
  46.94 4682.35 v _158629_/Y (AO221x2_ASAP7_75t_R)
  80.71 4763.07 ^ _158672_/Y (NAND2x1_ASAP7_75t_R)
  34.83 4797.90 ^ _158689_/Y (AND2x2_ASAP7_75t_R)
  22.56 4820.46 ^ _158690_/Y (OA21x2_ASAP7_75t_R)
  19.98 4840.43 ^ _158691_/Y (OR2x2_ASAP7_75t_R)
  22.78 4863.21 ^ _158702_/Y (AND3x1_ASAP7_75t_R)
  21.75 4884.96 ^ _158720_/Y (OA21x2_ASAP7_75t_R)
  24.37 4909.33 ^ _158743_/Y (OA31x2_ASAP7_75t_R)
  15.03 4924.36 ^ _158761_/Y (OR4x1_ASAP7_75t_R)
  47.73 4972.10 ^ _158764_/Y (AND5x2_ASAP7_75t_R)
  51.96 5024.05 ^ _159054_/Y (OA21x2_ASAP7_75t_R)
 109.75 5133.81 ^ _159120_/Y (OA21x2_ASAP7_75t_R)
  57.09 5190.90 ^ _159154_/Y (AO221x1_ASAP7_75t_R)
  97.70 5288.61 ^ _159901_/Y (AND2x2_ASAP7_75t_R)
 160.23 5448.83 v _159903_/Y (NOR2x1_ASAP7_75t_R)
 112.70 5561.53 ^ _163131_/Y (NAND2x2_ASAP7_75t_R)
  35.00 5596.53 ^ load_slew954/Y (BUFx16f_ASAP7_75t_R)
  34.40 5630.93 ^ load_slew952/Y (BUFx16f_ASAP7_75t_R)
 142.80 5773.73 ^ _164753_/Y (OR2x2_ASAP7_75t_R)
  44.21 5817.94 v _201180_/Y (NAND2x1_ASAP7_75t_R)
  20.09 5838.04 v _201181_/Y (AO21x1_ASAP7_75t_R)
  25.84 5863.87 v _201182_/Y (OA211x2_ASAP7_75t_R)
  16.63 5880.50 v _201183_/Y (AO21x1_ASAP7_75t_R)
  15.04 5895.55 v _201184_/Y (AND2x2_ASAP7_75t_R)
   0.07 5895.62 v _312541_/D (DFFHQNx1_ASAP7_75t_R)
        5895.62   data arrival time

5500.00 5500.00   clock core_clk (rise edge)
   0.00 5500.00   clock source latency
   0.00 5500.00 ^ clk (in)
  43.78 5543.78 ^ wire4945/Y (BUFx10_ASAP7_75t_R)
  44.99 5588.77 ^ clkbuf_0_clk/Y (BUFx24_ASAP7_75t_R)
  27.54 5616.31 ^ clkbuf_1_1_0_clk/Y (BUFx24_ASAP7_75t_R)
  27.37 5643.69 ^ clkbuf_2_3_0_clk/Y (BUFx24_ASAP7_75t_R)
  25.30 5668.98 ^ clkbuf_3_7_0_clk/Y (BUFx24_ASAP7_75t_R)
  28.72 5697.71 ^ clkbuf_4_14_0_clk/Y (BUFx24_ASAP7_75t_R)
  24.11 5721.82 ^ clkbuf_6_59_0_clk/Y (BUFx24_ASAP7_75t_R)
  20.87 5742.69 ^ clkbuf_7_118__f_clk/Y (BUFx24_ASAP7_75t_R)
  24.35 5767.04 ^ clkbuf_leaf_521_clk/Y (BUFx24_ASAP7_75t_R)
   1.75 5768.79 ^ _312541_/CLK (DFFHQNx1_ASAP7_75t_R)
 -50.00 5718.79   clock uncertainty
   2.08 5720.87   clock reconvergence pessimism
  -0.48 5720.39   library setup time
        5720.39   data required time
---------------------------------------------------------
        5720.39   data required time
        -5895.62   data arrival time
---------------------------------------------------------
        -175.22   slack (VIOLATED)


Startpoint: _308209_ (rising edge-triggered flip-flop clocked by core_clk)
Endpoint: _312534_ (rising edge-triggered flip-flop clocked by core_clk)
Path Group: reg2reg
Path Type: max

  Delay    Time   Description
---------------------------------------------------------
   0.00    0.00   clock core_clk (rise edge)
   0.00    0.00   clock source latency
   0.00    0.00 ^ clk (in)
  44.44   44.44 ^ wire4945/Y (BUFx10_ASAP7_75t_R)
  46.42   90.85 ^ clkbuf_0_clk/Y (BUFx24_ASAP7_75t_R)
  28.76  119.62 ^ clkbuf_1_0_0_clk/Y (BUFx24_ASAP7_75t_R)
  28.26  147.87 ^ clkbuf_2_1_0_clk/Y (BUFx24_ASAP7_75t_R)
  25.61  173.49 ^ clkbuf_3_2_0_clk/Y (BUFx24_ASAP7_75t_R)
  29.85  203.33 ^ clkbuf_4_4_0_clk/Y (BUFx24_ASAP7_75t_R)
  24.35  227.68 ^ clkbuf_6_19_0_clk/Y (BUFx24_ASAP7_75t_R)
  21.69  249.37 ^ clkbuf_7_38__f_clk/Y (BUFx24_ASAP7_75t_R)
  26.71  276.08 ^ clkbuf_leaf_778_clk/Y (BUFx24_ASAP7_75t_R)
   1.89  277.97 ^ _308209_/CLK (DFFHQNx3_ASAP7_75t_R)
  56.19  334.16 ^ _308209_/QN (DFFHQNx3_ASAP7_75t_R)
  26.21  360.37 ^ wire4778/Y (BUFx16f_ASAP7_75t_R)
  56.27  416.64 ^ wire4776/Y (BUFx16f_ASAP7_75t_R)
  30.08  446.72 ^ wire4775/Y (BUFx16f_ASAP7_75t_R)
  60.47  507.19 ^ load_slew4774/Y (BUFx16f_ASAP7_75t_R)
  95.85  603.03 ^ _153629_/Y (AND2x2_ASAP7_75t_R)
 145.04  748.08 v _153630_/Y (NAND2x1_ASAP7_75t_R)
  63.27  811.35 v _153631_/Y (OA21x2_ASAP7_75t_R)
 105.27  916.62 v _153633_/Y (AND3x1_ASAP7_75t_R)
  83.72 1000.34 v _154870_/Y (AO222x2_ASAP7_75t_R)
  46.64 1046.98 v _154873_/Y (OR3x2_ASAP7_75t_R)
  53.58 1100.56 v _154878_/Y (OR5x1_ASAP7_75t_R)
  97.46 1198.02 v _154879_/Y (OR4x1_ASAP7_75t_R)
  69.73 1267.75 v _155829_/Y (OR4x1_ASAP7_75t_R)
  24.44 1292.18 v _155944_/Y (AO221x1_ASAP7_75t_R)
  50.98 1343.16 v _155949_/Y (OR5x1_ASAP7_75t_R)
  33.14 1376.30 v _156013_/Y (AND2x2_ASAP7_75t_R)
  50.65 1426.95 ^ _156016_/Y (NAND3x1_ASAP7_75t_R)
  37.85 1464.80 v _156112_/Y (AOI221x1_ASAP7_75t_R)
  25.93 1490.73 v _156115_/Y (OA21x2_ASAP7_75t_R)
  21.72 1512.45 v _156116_/Y (OR3x1_ASAP7_75t_R)
  38.61 1551.06 v _156123_/Y (AO33x2_ASAP7_75t_R)
  41.48 1592.54 ^ _156140_/Y (NAND2x1_ASAP7_75t_R)
 111.61 1704.15 ^ _156253_/Y (AO221x1_ASAP7_75t_R)
  66.42 1770.57 v _156308_/Y (NAND2x2_ASAP7_75t_R)
  47.11 1817.68 v _156311_/Y (AO21x2_ASAP7_75t_R)
  22.77 1840.45 v _156314_/Y (OA21x2_ASAP7_75t_R)
  27.66 1868.12 v _156388_/Y (AO221x1_ASAP7_75t_R)
  22.59 1890.71 v _156389_/Y (OA21x2_ASAP7_75t_R)
  24.11 1914.83 ^ _156393_/Y (AOI22x1_ASAP7_75t_R)
  54.62 1969.45 v _156410_/Y (NAND2x1_ASAP7_75t_R)
  71.78 2041.23 v _156421_/Y (AO33x2_ASAP7_75t_R)
  31.36 2072.60 ^ _156522_/Y (XNOR2x2_ASAP7_75t_R)
  25.12 2097.72 ^ _156526_/Y (AND4x1_ASAP7_75t_R)
  19.12 2116.83 ^ _156550_/Y (AO21x1_ASAP7_75t_R)
  19.18 2136.01 ^ _156551_/Y (AO21x1_ASAP7_75t_R)
  82.99 2219.01 ^ _156552_/Y (OA211x2_ASAP7_75t_R)
  82.97 2301.97 v _156555_/Y (INVx1_ASAP7_75t_R)
  32.74 2334.71 ^ _156568_/Y (OAI21x1_ASAP7_75t_R)
  34.05 2368.77 v _156616_/Y (AOI221x1_ASAP7_75t_R)
  48.33 2417.09 v _156806_/Y (OA211x2_ASAP7_75t_R)
  13.56 2430.65 ^ _156807_/Y (NAND2x1_ASAP7_75t_R)
  71.41 2502.07 ^ _156882_/Y (AO32x1_ASAP7_75t_R)
  33.66 2535.72 ^ _156995_/Y (OR2x2_ASAP7_75t_R)
  39.31 2575.03 ^ _157002_/Y (AO32x1_ASAP7_75t_R)
  35.10 2610.13 ^ _157004_/Y (XNOR2x2_ASAP7_75t_R)
  14.25 2624.38 v _157005_/Y (NOR3x1_ASAP7_75t_R)
  32.56 2656.94 v _157006_/Y (AND5x2_ASAP7_75t_R)
  28.67 2685.61 v _157078_/Y (OR3x1_ASAP7_75t_R)
  58.66 2744.27 v _157141_/Y (OA33x2_ASAP7_75t_R)
  34.02 2778.29 v _157144_/Y (OR2x2_ASAP7_75t_R)
  24.44 2802.73 v _157145_/Y (AO21x1_ASAP7_75t_R)
  25.92 2828.65 v _157196_/Y (AO32x1_ASAP7_75t_R)
  26.75 2855.41 v _157198_/Y (AO22x1_ASAP7_75t_R)
  22.89 2878.30 v _157222_/Y (AO21x1_ASAP7_75t_R)
  30.77 2909.07 v _157223_/Y (OR3x1_ASAP7_75t_R)
  42.45 2951.52 v _157312_/Y (AO21x1_ASAP7_75t_R)
  57.75 3009.27 ^ _157343_/Y (NAND2x1_ASAP7_75t_R)
  43.30 3052.57 v _157440_/Y (AOI221x1_ASAP7_75t_R)
  30.71 3083.28 v _157456_/Y (OA222x2_ASAP7_75t_R)
  22.22 3105.50 v _157459_/Y (AND5x2_ASAP7_75t_R)
  20.82 3126.32 v _157472_/Y (OA31x2_ASAP7_75t_R)
  42.25 3168.58 v _157475_/Y (OR4x2_ASAP7_75t_R)
  64.50 3233.08 ^ _157478_/Y (NAND2x1_ASAP7_75t_R)
  19.40 3252.47 v _157479_/Y (NOR2x1_ASAP7_75t_R)
  25.13 3277.60 v _157485_/Y (OA21x2_ASAP7_75t_R)
  28.32 3305.92 v _157492_/Y (AO221x1_ASAP7_75t_R)
  26.02 3331.94 v _157649_/Y (OA21x2_ASAP7_75t_R)
  24.30 3356.24 v _157651_/Y (AO21x1_ASAP7_75t_R)
  41.83 3398.07 v _157652_/Y (AO22x1_ASAP7_75t_R)
  64.09 3462.16 ^ _157732_/Y (NAND2x1_ASAP7_75t_R)
  25.46 3487.62 ^ _157764_/Y (AO21x1_ASAP7_75t_R)
  24.35 3511.96 v _157767_/Y (AOI22x1_ASAP7_75t_R)
  35.07 3547.04 v _157790_/Y (OA21x2_ASAP7_75t_R)
  18.74 3565.78 ^ _157827_/Y (AOI211x1_ASAP7_75t_R)
  19.47 3585.25 v _157842_/Y (OAI21x1_ASAP7_75t_R)
  90.29 3675.54 v _157921_/Y (AO221x1_ASAP7_75t_R)
  46.51 3722.05 v _157922_/Y (AO221x1_ASAP7_75t_R)
  27.43 3749.48 v _157925_/Y (AO32x2_ASAP7_75t_R)
  22.56 3772.04 v _157949_/Y (OA211x2_ASAP7_75t_R)
  32.14 3804.17 v _157967_/Y (AO222x2_ASAP7_75t_R)
  38.20 3842.38 v _158020_/Y (AO221x1_ASAP7_75t_R)
  28.44 3870.82 v _158084_/Y (AO211x2_ASAP7_75t_R)
  42.92 3913.75 v _158094_/Y (AND2x2_ASAP7_75t_R)
  47.43 3961.18 v _158173_/Y (OR3x2_ASAP7_75t_R)
  22.66 3983.84 v _158271_/Y (AO221x1_ASAP7_75t_R)
  32.98 4016.82 v _158272_/Y (OR5x1_ASAP7_75t_R)
  46.35 4063.17 v _158273_/Y (OR5x1_ASAP7_75t_R)
  19.78 4082.95 ^ _158274_/Y (NAND2x2_ASAP7_75t_R)
  55.14 4138.09 v _158287_/Y (OAI21x1_ASAP7_75t_R)
  50.89 4188.97 v _158298_/Y (AND2x2_ASAP7_75t_R)
  35.83 4224.80 v _158304_/Y (OA211x2_ASAP7_75t_R)
  29.40 4254.20 v _158330_/Y (XNOR2x2_ASAP7_75t_R)
  29.49 4283.70 v _158388_/Y (OR5x1_ASAP7_75t_R)
  43.07 4326.76 v _158399_/Y (AO33x2_ASAP7_75t_R)
  25.52 4352.29 v _158436_/Y (AND2x2_ASAP7_75t_R)
  79.84 4432.12 v _158437_/Y (OR3x1_ASAP7_75t_R)
  69.36 4501.48 v _158474_/Y (AND2x2_ASAP7_75t_R)
  37.44 4538.93 ^ _158476_/Y (AOI22x1_ASAP7_75t_R)
  22.97 4561.89 ^ _158477_/Y (AND2x2_ASAP7_75t_R)
  15.93 4577.82 v _158496_/Y (AOI221x1_ASAP7_75t_R)
  32.93 4610.75 v _158497_/Y (MAJx2_ASAP7_75t_R)
  24.66 4635.41 v _158571_/Y (AO21x1_ASAP7_75t_R)
  46.94 4682.35 v _158629_/Y (AO221x2_ASAP7_75t_R)
  80.71 4763.07 ^ _158672_/Y (NAND2x1_ASAP7_75t_R)
  34.83 4797.90 ^ _158689_/Y (AND2x2_ASAP7_75t_R)
  22.56 4820.46 ^ _158690_/Y (OA21x2_ASAP7_75t_R)
  19.98 4840.43 ^ _158691_/Y (OR2x2_ASAP7_75t_R)
  22.78 4863.21 ^ _158702_/Y (AND3x1_ASAP7_75t_R)
  21.75 4884.96 ^ _158720_/Y (OA21x2_ASAP7_75t_R)
  24.37 4909.33 ^ _158743_/Y (OA31x2_ASAP7_75t_R)
  15.03 4924.36 ^ _158761_/Y (OR4x1_ASAP7_75t_R)
  47.73 4972.10 ^ _158764_/Y (AND5x2_ASAP7_75t_R)
  51.96 5024.05 ^ _159054_/Y (OA21x2_ASAP7_75t_R)
 109.75 5133.81 ^ _159120_/Y (OA21x2_ASAP7_75t_R)
  57.09 5190.90 ^ _159154_/Y (AO221x1_ASAP7_75t_R)
  97.70 5288.61 ^ _159901_/Y (AND2x2_ASAP7_75t_R)
 160.23 5448.83 v _159903_/Y (NOR2x1_ASAP7_75t_R)
 112.70 5561.53 ^ _163131_/Y (NAND2x2_ASAP7_75t_R)
  35.00 5596.53 ^ load_slew954/Y (BUFx16f_ASAP7_75t_R)
  34.40 5630.93 ^ load_slew952/Y (BUFx16f_ASAP7_75t_R)
 142.80 5773.73 ^ _164753_/Y (OR2x2_ASAP7_75t_R)
  43.63 5817.37 v _201134_/Y (NAND2x1_ASAP7_75t_R)
  20.58 5837.94 v _201136_/Y (AO21x1_ASAP7_75t_R)
  26.13 5864.07 v _201137_/Y (OA211x2_ASAP7_75t_R)
  16.36 5880.43 v _201138_/Y (AO21x1_ASAP7_75t_R)
  14.79 5895.22 v _201139_/Y (AND2x2_ASAP7_75t_R)
   0.03 5895.24 v _312534_/D (DFFHQNx1_ASAP7_75t_R)
        5895.24   data arrival time

5500.00 5500.00   clock core_clk (rise edge)
   0.00 5500.00   clock source latency
   0.00 5500.00 ^ clk (in)
  43.78 5543.78 ^ wire4945/Y (BUFx10_ASAP7_75t_R)
  44.99 5588.77 ^ clkbuf_0_clk/Y (BUFx24_ASAP7_75t_R)
  27.54 5616.31 ^ clkbuf_1_1_0_clk/Y (BUFx24_ASAP7_75t_R)
  27.37 5643.69 ^ clkbuf_2_3_0_clk/Y (BUFx24_ASAP7_75t_R)
  25.30 5668.98 ^ clkbuf_3_7_0_clk/Y (BUFx24_ASAP7_75t_R)
  28.72 5697.71 ^ clkbuf_4_14_0_clk/Y (BUFx24_ASAP7_75t_R)
  24.11 5721.82 ^ clkbuf_6_59_0_clk/Y (BUFx24_ASAP7_75t_R)
  21.03 5742.85 ^ clkbuf_7_119__f_clk/Y (BUFx24_ASAP7_75t_R)
  24.03 5766.88 ^ clkbuf_leaf_518_clk/Y (BUFx24_ASAP7_75t_R)
   1.83 5768.71 ^ _312534_/CLK (DFFHQNx1_ASAP7_75t_R)
 -50.00 5718.71   clock uncertainty
   2.08 5720.79   clock reconvergence pessimism
  -0.76 5720.03   library setup time
        5720.03   data required time
---------------------------------------------------------
        5720.03   data required time
        -5895.24   data arrival time
---------------------------------------------------------
        -175.22   slack (VIOLATED)


Startpoint: _308209_ (rising edge-triggered flip-flop clocked by core_clk)
Endpoint: _312544_ (rising edge-triggered flip-flop clocked by core_clk)
Path Group: reg2reg
Path Type: max

  Delay    Time   Description
---------------------------------------------------------
   0.00    0.00   clock core_clk (rise edge)
   0.00    0.00   clock source latency
   0.00    0.00 ^ clk (in)
  44.44   44.44 ^ wire4945/Y (BUFx10_ASAP7_75t_R)
  46.42   90.85 ^ clkbuf_0_clk/Y (BUFx24_ASAP7_75t_R)
  28.76  119.62 ^ clkbuf_1_0_0_clk/Y (BUFx24_ASAP7_75t_R)
  28.26  147.87 ^ clkbuf_2_1_0_clk/Y (BUFx24_ASAP7_75t_R)
  25.61  173.49 ^ clkbuf_3_2_0_clk/Y (BUFx24_ASAP7_75t_R)
  29.85  203.33 ^ clkbuf_4_4_0_clk/Y (BUFx24_ASAP7_75t_R)
  24.35  227.68 ^ clkbuf_6_19_0_clk/Y (BUFx24_ASAP7_75t_R)
  21.69  249.37 ^ clkbuf_7_38__f_clk/Y (BUFx24_ASAP7_75t_R)
  26.71  276.08 ^ clkbuf_leaf_778_clk/Y (BUFx24_ASAP7_75t_R)
   1.89  277.97 ^ _308209_/CLK (DFFHQNx3_ASAP7_75t_R)
  56.19  334.16 ^ _308209_/QN (DFFHQNx3_ASAP7_75t_R)
  26.21  360.37 ^ wire4778/Y (BUFx16f_ASAP7_75t_R)
  56.27  416.64 ^ wire4776/Y (BUFx16f_ASAP7_75t_R)
  30.08  446.72 ^ wire4775/Y (BUFx16f_ASAP7_75t_R)
  60.47  507.19 ^ load_slew4774/Y (BUFx16f_ASAP7_75t_R)
  95.85  603.03 ^ _153629_/Y (AND2x2_ASAP7_75t_R)
 145.04  748.08 v _153630_/Y (NAND2x1_ASAP7_75t_R)
  63.27  811.35 v _153631_/Y (OA21x2_ASAP7_75t_R)
 105.27  916.62 v _153633_/Y (AND3x1_ASAP7_75t_R)
  83.72 1000.34 v _154870_/Y (AO222x2_ASAP7_75t_R)
  46.64 1046.98 v _154873_/Y (OR3x2_ASAP7_75t_R)
  53.58 1100.56 v _154878_/Y (OR5x1_ASAP7_75t_R)
  97.46 1198.02 v _154879_/Y (OR4x1_ASAP7_75t_R)
  69.73 1267.75 v _155829_/Y (OR4x1_ASAP7_75t_R)
  24.44 1292.18 v _155944_/Y (AO221x1_ASAP7_75t_R)
  50.98 1343.16 v _155949_/Y (OR5x1_ASAP7_75t_R)
  33.14 1376.30 v _156013_/Y (AND2x2_ASAP7_75t_R)
  50.65 1426.95 ^ _156016_/Y (NAND3x1_ASAP7_75t_R)
  37.85 1464.80 v _156112_/Y (AOI221x1_ASAP7_75t_R)
  25.93 1490.73 v _156115_/Y (OA21x2_ASAP7_75t_R)
  21.72 1512.45 v _156116_/Y (OR3x1_ASAP7_75t_R)
  38.61 1551.06 v _156123_/Y (AO33x2_ASAP7_75t_R)
  41.48 1592.54 ^ _156140_/Y (NAND2x1_ASAP7_75t_R)
 111.61 1704.15 ^ _156253_/Y (AO221x1_ASAP7_75t_R)
  66.42 1770.57 v _156308_/Y (NAND2x2_ASAP7_75t_R)
  47.11 1817.68 v _156311_/Y (AO21x2_ASAP7_75t_R)
  22.77 1840.45 v _156314_/Y (OA21x2_ASAP7_75t_R)
  27.66 1868.12 v _156388_/Y (AO221x1_ASAP7_75t_R)
  22.59 1890.71 v _156389_/Y (OA21x2_ASAP7_75t_R)
  24.11 1914.83 ^ _156393_/Y (AOI22x1_ASAP7_75t_R)
  54.62 1969.45 v _156410_/Y (NAND2x1_ASAP7_75t_R)
  71.78 2041.23 v _156421_/Y (AO33x2_ASAP7_75t_R)
  31.36 2072.60 ^ _156522_/Y (XNOR2x2_ASAP7_75t_R)
  25.12 2097.72 ^ _156526_/Y (AND4x1_ASAP7_75t_R)
  19.12 2116.83 ^ _156550_/Y (AO21x1_ASAP7_75t_R)
  19.18 2136.01 ^ _156551_/Y (AO21x1_ASAP7_75t_R)
  82.99 2219.01 ^ _156552_/Y (OA211x2_ASAP7_75t_R)
  82.97 2301.97 v _156555_/Y (INVx1_ASAP7_75t_R)
  32.74 2334.71 ^ _156568_/Y (OAI21x1_ASAP7_75t_R)
  34.05 2368.77 v _156616_/Y (AOI221x1_ASAP7_75t_R)
  48.33 2417.09 v _156806_/Y (OA211x2_ASAP7_75t_R)
  13.56 2430.65 ^ _156807_/Y (NAND2x1_ASAP7_75t_R)
  71.41 2502.07 ^ _156882_/Y (AO32x1_ASAP7_75t_R)
  33.66 2535.72 ^ _156995_/Y (OR2x2_ASAP7_75t_R)
  39.31 2575.03 ^ _157002_/Y (AO32x1_ASAP7_75t_R)
  35.10 2610.13 ^ _157004_/Y (XNOR2x2_ASAP7_75t_R)
  14.25 2624.38 v _157005_/Y (NOR3x1_ASAP7_75t_R)
  32.56 2656.94 v _157006_/Y (AND5x2_ASAP7_75t_R)
  28.67 2685.61 v _157078_/Y (OR3x1_ASAP7_75t_R)
  58.66 2744.27 v _157141_/Y (OA33x2_ASAP7_75t_R)
  34.02 2778.29 v _157144_/Y (OR2x2_ASAP7_75t_R)
  24.44 2802.73 v _157145_/Y (AO21x1_ASAP7_75t_R)
  25.92 2828.65 v _157196_/Y (AO32x1_ASAP7_75t_R)
  26.75 2855.41 v _157198_/Y (AO22x1_ASAP7_75t_R)
  22.89 2878.30 v _157222_/Y (AO21x1_ASAP7_75t_R)
  30.77 2909.07 v _157223_/Y (OR3x1_ASAP7_75t_R)
  42.45 2951.52 v _157312_/Y (AO21x1_ASAP7_75t_R)
  57.75 3009.27 ^ _157343_/Y (NAND2x1_ASAP7_75t_R)
  43.30 3052.57 v _157440_/Y (AOI221x1_ASAP7_75t_R)
  30.71 3083.28 v _157456_/Y (OA222x2_ASAP7_75t_R)
  22.22 3105.50 v _157459_/Y (AND5x2_ASAP7_75t_R)
  20.82 3126.32 v _157472_/Y (OA31x2_ASAP7_75t_R)
  42.25 3168.58 v _157475_/Y (OR4x2_ASAP7_75t_R)
  64.50 3233.08 ^ _157478_/Y (NAND2x1_ASAP7_75t_R)
  19.40 3252.47 v _157479_/Y (NOR2x1_ASAP7_75t_R)
  25.13 3277.60 v _157485_/Y (OA21x2_ASAP7_75t_R)
  28.32 3305.92 v _157492_/Y (AO221x1_ASAP7_75t_R)
  26.02 3331.94 v _157649_/Y (OA21x2_ASAP7_75t_R)
  24.30 3356.24 v _157651_/Y (AO21x1_ASAP7_75t_R)
  41.83 3398.07 v _157652_/Y (AO22x1_ASAP7_75t_R)
  64.09 3462.16 ^ _157732_/Y (NAND2x1_ASAP7_75t_R)
  25.46 3487.62 ^ _157764_/Y (AO21x1_ASAP7_75t_R)
  24.35 3511.96 v _157767_/Y (AOI22x1_ASAP7_75t_R)
  35.07 3547.04 v _157790_/Y (OA21x2_ASAP7_75t_R)
  18.74 3565.78 ^ _157827_/Y (AOI211x1_ASAP7_75t_R)
  19.47 3585.25 v _157842_/Y (OAI21x1_ASAP7_75t_R)
  90.29 3675.54 v _157921_/Y (AO221x1_ASAP7_75t_R)
  46.51 3722.05 v _157922_/Y (AO221x1_ASAP7_75t_R)
  27.43 3749.48 v _157925_/Y (AO32x2_ASAP7_75t_R)
  22.56 3772.04 v _157949_/Y (OA211x2_ASAP7_75t_R)
  32.14 3804.17 v _157967_/Y (AO222x2_ASAP7_75t_R)
  38.20 3842.38 v _158020_/Y (AO221x1_ASAP7_75t_R)
  28.44 3870.82 v _158084_/Y (AO211x2_ASAP7_75t_R)
  42.92 3913.75 v _158094_/Y (AND2x2_ASAP7_75t_R)
  47.43 3961.18 v _158173_/Y (OR3x2_ASAP7_75t_R)
  22.66 3983.84 v _158271_/Y (AO221x1_ASAP7_75t_R)
  32.98 4016.82 v _158272_/Y (OR5x1_ASAP7_75t_R)
  46.35 4063.17 v _158273_/Y (OR5x1_ASAP7_75t_R)
  19.78 4082.95 ^ _158274_/Y (NAND2x2_ASAP7_75t_R)
  55.14 4138.09 v _158287_/Y (OAI21x1_ASAP7_75t_R)
  50.89 4188.97 v _158298_/Y (AND2x2_ASAP7_75t_R)
  35.83 4224.80 v _158304_/Y (OA211x2_ASAP7_75t_R)
  29.40 4254.20 v _158330_/Y (XNOR2x2_ASAP7_75t_R)
  29.49 4283.70 v _158388_/Y (OR5x1_ASAP7_75t_R)
  43.07 4326.76 v _158399_/Y (AO33x2_ASAP7_75t_R)
  25.52 4352.29 v _158436_/Y (AND2x2_ASAP7_75t_R)
  79.84 4432.12 v _158437_/Y (OR3x1_ASAP7_75t_R)
  69.36 4501.48 v _158474_/Y (AND2x2_ASAP7_75t_R)
  37.44 4538.93 ^ _158476_/Y (AOI22x1_ASAP7_75t_R)
  22.97 4561.89 ^ _158477_/Y (AND2x2_ASAP7_75t_R)
  15.93 4577.82 v _158496_/Y (AOI221x1_ASAP7_75t_R)
  32.93 4610.75 v _158497_/Y (MAJx2_ASAP7_75t_R)
  24.66 4635.41 v _158571_/Y (AO21x1_ASAP7_75t_R)
  46.94 4682.35 v _158629_/Y (AO221x2_ASAP7_75t_R)
  80.71 4763.07 ^ _158672_/Y (NAND2x1_ASAP7_75t_R)
  34.83 4797.90 ^ _158689_/Y (AND2x2_ASAP7_75t_R)
  22.56 4820.46 ^ _158690_/Y (OA21x2_ASAP7_75t_R)
  19.98 4840.43 ^ _158691_/Y (OR2x2_ASAP7_75t_R)
  22.78 4863.21 ^ _158702_/Y (AND3x1_ASAP7_75t_R)
  21.75 4884.96 ^ _158720_/Y (OA21x2_ASAP7_75t_R)
  24.37 4909.33 ^ _158743_/Y (OA31x2_ASAP7_75t_R)
  15.03 4924.36 ^ _158761_/Y (OR4x1_ASAP7_75t_R)
  47.73 4972.10 ^ _158764_/Y (AND5x2_ASAP7_75t_R)
  51.96 5024.05 ^ _159054_/Y (OA21x2_ASAP7_75t_R)
 109.75 5133.81 ^ _159120_/Y (OA21x2_ASAP7_75t_R)
  57.09 5190.90 ^ _159154_/Y (AO221x1_ASAP7_75t_R)
  97.70 5288.61 ^ _159901_/Y (AND2x2_ASAP7_75t_R)
 160.23 5448.83 v _159903_/Y (NOR2x1_ASAP7_75t_R)
 112.70 5561.53 ^ _163131_/Y (NAND2x2_ASAP7_75t_R)
  35.00 5596.53 ^ load_slew954/Y (BUFx16f_ASAP7_75t_R)
  34.40 5630.93 ^ load_slew952/Y (BUFx16f_ASAP7_75t_R)
 142.80 5773.73 ^ _164753_/Y (OR2x2_ASAP7_75t_R)
  43.73 5817.46 v _201202_/Y (NAND2x1_ASAP7_75t_R)
  20.05 5837.51 v _201204_/Y (AO21x1_ASAP7_75t_R)
  25.57 5863.08 v _201205_/Y (OA211x2_ASAP7_75t_R)
  16.73 5879.80 v _201206_/Y (AO21x1_ASAP7_75t_R)
  15.01 5894.82 v _201207_/Y (AND2x2_ASAP7_75t_R)
   0.03 5894.85 v _312544_/D (DFFHQNx1_ASAP7_75t_R)
        5894.85   data arrival time

5500.00 5500.00   clock core_clk (rise edge)
   0.00 5500.00   clock source latency
   0.00 5500.00 ^ clk (in)
  43.78 5543.78 ^ wire4945/Y (BUFx10_ASAP7_75t_R)
  44.99 5588.77 ^ clkbuf_0_clk/Y (BUFx24_ASAP7_75t_R)
  27.54 5616.31 ^ clkbuf_1_1_0_clk/Y (BUFx24_ASAP7_75t_R)
  27.37 5643.69 ^ clkbuf_2_3_0_clk/Y (BUFx24_ASAP7_75t_R)
  25.30 5668.98 ^ clkbuf_3_7_0_clk/Y (BUFx24_ASAP7_75t_R)
  28.72 5697.71 ^ clkbuf_4_14_0_clk/Y (BUFx24_ASAP7_75t_R)
  24.11 5721.82 ^ clkbuf_6_59_0_clk/Y (BUFx24_ASAP7_75t_R)
  21.03 5742.85 ^ clkbuf_7_119__f_clk/Y (BUFx24_ASAP7_75t_R)
  23.81 5766.66 ^ clkbuf_leaf_523_clk/Y (BUFx24_ASAP7_75t_R)
   1.63 5768.29 ^ _312544_/CLK (DFFHQNx1_ASAP7_75t_R)
 -50.00 5718.29   clock uncertainty
   2.08 5720.38   clock reconvergence pessimism
  -0.73 5719.65   library setup time
        5719.65   data required time
---------------------------------------------------------
        5719.65   data required time
        -5894.85   data arrival time
---------------------------------------------------------
        -175.20   slack (VIOLATED)


Startpoint: _308209_ (rising edge-triggered flip-flop clocked by core_clk)
Endpoint: _312552_ (rising edge-triggered flip-flop clocked by core_clk)
Path Group: reg2reg
Path Type: max

  Delay    Time   Description
---------------------------------------------------------
   0.00    0.00   clock core_clk (rise edge)
   0.00    0.00   clock source latency
   0.00    0.00 ^ clk (in)
  44.44   44.44 ^ wire4945/Y (BUFx10_ASAP7_75t_R)
  46.42   90.85 ^ clkbuf_0_clk/Y (BUFx24_ASAP7_75t_R)
  28.76  119.62 ^ clkbuf_1_0_0_clk/Y (BUFx24_ASAP7_75t_R)
  28.26  147.87 ^ clkbuf_2_1_0_clk/Y (BUFx24_ASAP7_75t_R)
  25.61  173.49 ^ clkbuf_3_2_0_clk/Y (BUFx24_ASAP7_75t_R)
  29.85  203.33 ^ clkbuf_4_4_0_clk/Y (BUFx24_ASAP7_75t_R)
  24.35  227.68 ^ clkbuf_6_19_0_clk/Y (BUFx24_ASAP7_75t_R)
  21.69  249.37 ^ clkbuf_7_38__f_clk/Y (BUFx24_ASAP7_75t_R)
  26.71  276.08 ^ clkbuf_leaf_778_clk/Y (BUFx24_ASAP7_75t_R)
   1.89  277.97 ^ _308209_/CLK (DFFHQNx3_ASAP7_75t_R)
  56.19  334.16 ^ _308209_/QN (DFFHQNx3_ASAP7_75t_R)
  26.21  360.37 ^ wire4778/Y (BUFx16f_ASAP7_75t_R)
  56.27  416.64 ^ wire4776/Y (BUFx16f_ASAP7_75t_R)
  30.08  446.72 ^ wire4775/Y (BUFx16f_ASAP7_75t_R)
  60.47  507.19 ^ load_slew4774/Y (BUFx16f_ASAP7_75t_R)
  95.85  603.03 ^ _153629_/Y (AND2x2_ASAP7_75t_R)
 145.04  748.08 v _153630_/Y (NAND2x1_ASAP7_75t_R)
  63.27  811.35 v _153631_/Y (OA21x2_ASAP7_75t_R)
 105.27  916.62 v _153633_/Y (AND3x1_ASAP7_75t_R)
  83.72 1000.34 v _154870_/Y (AO222x2_ASAP7_75t_R)
  46.64 1046.98 v _154873_/Y (OR3x2_ASAP7_75t_R)
  53.58 1100.56 v _154878_/Y (OR5x1_ASAP7_75t_R)
  97.46 1198.02 v _154879_/Y (OR4x1_ASAP7_75t_R)
  69.73 1267.75 v _155829_/Y (OR4x1_ASAP7_75t_R)
  24.44 1292.18 v _155944_/Y (AO221x1_ASAP7_75t_R)
  50.98 1343.16 v _155949_/Y (OR5x1_ASAP7_75t_R)
  33.14 1376.30 v _156013_/Y (AND2x2_ASAP7_75t_R)
  50.65 1426.95 ^ _156016_/Y (NAND3x1_ASAP7_75t_R)
  37.85 1464.80 v _156112_/Y (AOI221x1_ASAP7_75t_R)
  25.93 1490.73 v _156115_/Y (OA21x2_ASAP7_75t_R)
  21.72 1512.45 v _156116_/Y (OR3x1_ASAP7_75t_R)
  38.61 1551.06 v _156123_/Y (AO33x2_ASAP7_75t_R)
  41.48 1592.54 ^ _156140_/Y (NAND2x1_ASAP7_75t_R)
 111.61 1704.15 ^ _156253_/Y (AO221x1_ASAP7_75t_R)
  66.42 1770.57 v _156308_/Y (NAND2x2_ASAP7_75t_R)
  47.11 1817.68 v _156311_/Y (AO21x2_ASAP7_75t_R)
  22.77 1840.45 v _156314_/Y (OA21x2_ASAP7_75t_R)
  27.66 1868.12 v _156388_/Y (AO221x1_ASAP7_75t_R)
  22.59 1890.71 v _156389_/Y (OA21x2_ASAP7_75t_R)
  24.11 1914.83 ^ _156393_/Y (AOI22x1_ASAP7_75t_R)
  54.62 1969.45 v _156410_/Y (NAND2x1_ASAP7_75t_R)
  71.78 2041.23 v _156421_/Y (AO33x2_ASAP7_75t_R)
  31.36 2072.60 ^ _156522_/Y (XNOR2x2_ASAP7_75t_R)
  25.12 2097.72 ^ _156526_/Y (AND4x1_ASAP7_75t_R)
  19.12 2116.83 ^ _156550_/Y (AO21x1_ASAP7_75t_R)
  19.18 2136.01 ^ _156551_/Y (AO21x1_ASAP7_75t_R)
  82.99 2219.01 ^ _156552_/Y (OA211x2_ASAP7_75t_R)
  82.97 2301.97 v _156555_/Y (INVx1_ASAP7_75t_R)
  32.74 2334.71 ^ _156568_/Y (OAI21x1_ASAP7_75t_R)
  34.05 2368.77 v _156616_/Y (AOI221x1_ASAP7_75t_R)
  48.33 2417.09 v _156806_/Y (OA211x2_ASAP7_75t_R)
  13.56 2430.65 ^ _156807_/Y (NAND2x1_ASAP7_75t_R)
  71.41 2502.07 ^ _156882_/Y (AO32x1_ASAP7_75t_R)
  33.66 2535.72 ^ _156995_/Y (OR2x2_ASAP7_75t_R)
  39.31 2575.03 ^ _157002_/Y (AO32x1_ASAP7_75t_R)
  35.10 2610.13 ^ _157004_/Y (XNOR2x2_ASAP7_75t_R)
  14.25 2624.38 v _157005_/Y (NOR3x1_ASAP7_75t_R)
  32.56 2656.94 v _157006_/Y (AND5x2_ASAP7_75t_R)
  28.67 2685.61 v _157078_/Y (OR3x1_ASAP7_75t_R)
  58.66 2744.27 v _157141_/Y (OA33x2_ASAP7_75t_R)
  34.02 2778.29 v _157144_/Y (OR2x2_ASAP7_75t_R)
  24.44 2802.73 v _157145_/Y (AO21x1_ASAP7_75t_R)
  25.92 2828.65 v _157196_/Y (AO32x1_ASAP7_75t_R)
  26.75 2855.41 v _157198_/Y (AO22x1_ASAP7_75t_R)
  22.89 2878.30 v _157222_/Y (AO21x1_ASAP7_75t_R)
  30.77 2909.07 v _157223_/Y (OR3x1_ASAP7_75t_R)
  42.45 2951.52 v _157312_/Y (AO21x1_ASAP7_75t_R)
  57.75 3009.27 ^ _157343_/Y (NAND2x1_ASAP7_75t_R)
  43.30 3052.57 v _157440_/Y (AOI221x1_ASAP7_75t_R)
  30.71 3083.28 v _157456_/Y (OA222x2_ASAP7_75t_R)
  22.22 3105.50 v _157459_/Y (AND5x2_ASAP7_75t_R)
  20.82 3126.32 v _157472_/Y (OA31x2_ASAP7_75t_R)
  42.25 3168.58 v _157475_/Y (OR4x2_ASAP7_75t_R)
  64.50 3233.08 ^ _157478_/Y (NAND2x1_ASAP7_75t_R)
  19.40 3252.47 v _157479_/Y (NOR2x1_ASAP7_75t_R)
  25.13 3277.60 v _157485_/Y (OA21x2_ASAP7_75t_R)
  28.32 3305.92 v _157492_/Y (AO221x1_ASAP7_75t_R)
  26.02 3331.94 v _157649_/Y (OA21x2_ASAP7_75t_R)
  24.30 3356.24 v _157651_/Y (AO21x1_ASAP7_75t_R)
  41.83 3398.07 v _157652_/Y (AO22x1_ASAP7_75t_R)
  64.09 3462.16 ^ _157732_/Y (NAND2x1_ASAP7_75t_R)
  25.46 3487.62 ^ _157764_/Y (AO21x1_ASAP7_75t_R)
  24.35 3511.96 v _157767_/Y (AOI22x1_ASAP7_75t_R)
  35.07 3547.04 v _157790_/Y (OA21x2_ASAP7_75t_R)
  18.74 3565.78 ^ _157827_/Y (AOI211x1_ASAP7_75t_R)
  19.47 3585.25 v _157842_/Y (OAI21x1_ASAP7_75t_R)
  90.29 3675.54 v _157921_/Y (AO221x1_ASAP7_75t_R)
  46.51 3722.05 v _157922_/Y (AO221x1_ASAP7_75t_R)
  27.43 3749.48 v _157925_/Y (AO32x2_ASAP7_75t_R)
  22.56 3772.04 v _157949_/Y (OA211x2_ASAP7_75t_R)
  32.14 3804.17 v _157967_/Y (AO222x2_ASAP7_75t_R)
  38.20 3842.38 v _158020_/Y (AO221x1_ASAP7_75t_R)
  28.44 3870.82 v _158084_/Y (AO211x2_ASAP7_75t_R)
  42.92 3913.75 v _158094_/Y (AND2x2_ASAP7_75t_R)
  47.43 3961.18 v _158173_/Y (OR3x2_ASAP7_75t_R)
  22.66 3983.84 v _158271_/Y (AO221x1_ASAP7_75t_R)
  32.98 4016.82 v _158272_/Y (OR5x1_ASAP7_75t_R)
  46.35 4063.17 v _158273_/Y (OR5x1_ASAP7_75t_R)
  19.78 4082.95 ^ _158274_/Y (NAND2x2_ASAP7_75t_R)
  55.14 4138.09 v _158287_/Y (OAI21x1_ASAP7_75t_R)
  50.89 4188.97 v _158298_/Y (AND2x2_ASAP7_75t_R)
  35.83 4224.80 v _158304_/Y (OA211x2_ASAP7_75t_R)
  29.40 4254.20 v _158330_/Y (XNOR2x2_ASAP7_75t_R)
  29.49 4283.70 v _158388_/Y (OR5x1_ASAP7_75t_R)
  43.07 4326.76 v _158399_/Y (AO33x2_ASAP7_75t_R)
  25.52 4352.29 v _158436_/Y (AND2x2_ASAP7_75t_R)
  79.84 4432.12 v _158437_/Y (OR3x1_ASAP7_75t_R)
  69.36 4501.48 v _158474_/Y (AND2x2_ASAP7_75t_R)
  37.44 4538.93 ^ _158476_/Y (AOI22x1_ASAP7_75t_R)
  22.97 4561.89 ^ _158477_/Y (AND2x2_ASAP7_75t_R)
  15.93 4577.82 v _158496_/Y (AOI221x1_ASAP7_75t_R)
  32.93 4610.75 v _158497_/Y (MAJx2_ASAP7_75t_R)
  24.66 4635.41 v _158571_/Y (AO21x1_ASAP7_75t_R)
  46.94 4682.35 v _158629_/Y (AO221x2_ASAP7_75t_R)
  80.71 4763.07 ^ _158672_/Y (NAND2x1_ASAP7_75t_R)
  34.83 4797.90 ^ _158689_/Y (AND2x2_ASAP7_75t_R)
  22.56 4820.46 ^ _158690_/Y (OA21x2_ASAP7_75t_R)
  19.98 4840.43 ^ _158691_/Y (OR2x2_ASAP7_75t_R)
  22.78 4863.21 ^ _158702_/Y (AND3x1_ASAP7_75t_R)
  21.75 4884.96 ^ _158720_/Y (OA21x2_ASAP7_75t_R)
  24.37 4909.33 ^ _158743_/Y (OA31x2_ASAP7_75t_R)
  15.03 4924.36 ^ _158761_/Y (OR4x1_ASAP7_75t_R)
  47.73 4972.10 ^ _158764_/Y (AND5x2_ASAP7_75t_R)
  51.96 5024.05 ^ _159054_/Y (OA21x2_ASAP7_75t_R)
 109.75 5133.81 ^ _159120_/Y (OA21x2_ASAP7_75t_R)
  57.09 5190.90 ^ _159154_/Y (AO221x1_ASAP7_75t_R)
  97.70 5288.61 ^ _159901_/Y (AND2x2_ASAP7_75t_R)
 160.23 5448.83 v _159903_/Y (NOR2x1_ASAP7_75t_R)
 112.70 5561.53 ^ _163131_/Y (NAND2x2_ASAP7_75t_R)
  35.00 5596.53 ^ load_slew954/Y (BUFx16f_ASAP7_75t_R)
  34.40 5630.93 ^ load_slew952/Y (BUFx16f_ASAP7_75t_R)
 142.80 5773.73 ^ _164753_/Y (OR2x2_ASAP7_75t_R)
  39.62 5813.36 v _201253_/Y (NAND2x1_ASAP7_75t_R)
  20.44 5833.80 v _201254_/Y (AO21x1_ASAP7_75t_R)
  25.96 5859.76 v _201255_/Y (OA211x2_ASAP7_75t_R)
  17.02 5876.78 v _201256_/Y (AO21x1_ASAP7_75t_R)
  15.13 5891.91 v _201257_/Y (AND2x2_ASAP7_75t_R)
   0.09 5892.00 v _312552_/D (DFFHQNx1_ASAP7_75t_R)
        5892.00   data arrival time

5500.00 5500.00   clock core_clk (rise edge)
   0.00 5500.00   clock source latency
   0.00 5500.00 ^ clk (in)
  43.78 5543.78 ^ wire4945/Y (BUFx10_ASAP7_75t_R)
  44.99 5588.77 ^ clkbuf_0_clk/Y (BUFx24_ASAP7_75t_R)
  27.54 5616.31 ^ clkbuf_1_1_0_clk/Y (BUFx24_ASAP7_75t_R)
  27.37 5643.69 ^ clkbuf_2_3_0_clk/Y (BUFx24_ASAP7_75t_R)
  22.31 5665.99 ^ clkbuf_3_6_0_clk/Y (BUFx24_ASAP7_75t_R)
  28.18 5694.18 ^ clkbuf_4_12_0_clk/Y (BUFx24_ASAP7_75t_R)
  26.40 5720.58 ^ clkbuf_6_50_0_clk/Y (BUFx24_ASAP7_75t_R)
  20.30 5740.88 ^ clkbuf_7_100__f_clk/Y (BUFx24_ASAP7_75t_R)
  21.10 5761.98 ^ clkbuf_leaf_439_clk/Y (BUFx24_ASAP7_75t_R)
   2.42 5764.40 ^ _312552_/CLK (DFFHQNx1_ASAP7_75t_R)
 -50.00 5714.40   clock uncertainty
   2.08 5716.48   clock reconvergence pessimism
   0.35 5716.83   library setup time
        5716.83   data required time
---------------------------------------------------------
        5716.83   data required time
        -5892.00   data arrival time
---------------------------------------------------------
        -175.17   slack (VIOLATED)


Startpoint: _308209_ (rising edge-triggered flip-flop clocked by core_clk)
Endpoint: _312529_ (rising edge-triggered flip-flop clocked by core_clk)
Path Group: reg2reg
Path Type: max

  Delay    Time   Description
---------------------------------------------------------
   0.00    0.00   clock core_clk (rise edge)
   0.00    0.00   clock source latency
   0.00    0.00 ^ clk (in)
  44.44   44.44 ^ wire4945/Y (BUFx10_ASAP7_75t_R)
  46.42   90.85 ^ clkbuf_0_clk/Y (BUFx24_ASAP7_75t_R)
  28.76  119.62 ^ clkbuf_1_0_0_clk/Y (BUFx24_ASAP7_75t_R)
  28.26  147.87 ^ clkbuf_2_1_0_clk/Y (BUFx24_ASAP7_75t_R)
  25.61  173.49 ^ clkbuf_3_2_0_clk/Y (BUFx24_ASAP7_75t_R)
  29.85  203.33 ^ clkbuf_4_4_0_clk/Y (BUFx24_ASAP7_75t_R)
  24.35  227.68 ^ clkbuf_6_19_0_clk/Y (BUFx24_ASAP7_75t_R)
  21.69  249.37 ^ clkbuf_7_38__f_clk/Y (BUFx24_ASAP7_75t_R)
  26.71  276.08 ^ clkbuf_leaf_778_clk/Y (BUFx24_ASAP7_75t_R)
   1.89  277.97 ^ _308209_/CLK (DFFHQNx3_ASAP7_75t_R)
  56.19  334.16 ^ _308209_/QN (DFFHQNx3_ASAP7_75t_R)
  26.21  360.37 ^ wire4778/Y (BUFx16f_ASAP7_75t_R)
  56.27  416.64 ^ wire4776/Y (BUFx16f_ASAP7_75t_R)
  30.08  446.72 ^ wire4775/Y (BUFx16f_ASAP7_75t_R)
  60.47  507.19 ^ load_slew4774/Y (BUFx16f_ASAP7_75t_R)
  95.85  603.03 ^ _153629_/Y (AND2x2_ASAP7_75t_R)
 145.04  748.08 v _153630_/Y (NAND2x1_ASAP7_75t_R)
  63.27  811.35 v _153631_/Y (OA21x2_ASAP7_75t_R)
 105.27  916.62 v _153633_/Y (AND3x1_ASAP7_75t_R)
  83.72 1000.34 v _154870_/Y (AO222x2_ASAP7_75t_R)
  46.64 1046.98 v _154873_/Y (OR3x2_ASAP7_75t_R)
  53.58 1100.56 v _154878_/Y (OR5x1_ASAP7_75t_R)
  97.46 1198.02 v _154879_/Y (OR4x1_ASAP7_75t_R)
  69.73 1267.75 v _155829_/Y (OR4x1_ASAP7_75t_R)
  24.44 1292.18 v _155944_/Y (AO221x1_ASAP7_75t_R)
  50.98 1343.16 v _155949_/Y (OR5x1_ASAP7_75t_R)
  33.14 1376.30 v _156013_/Y (AND2x2_ASAP7_75t_R)
  50.65 1426.95 ^ _156016_/Y (NAND3x1_ASAP7_75t_R)
  37.85 1464.80 v _156112_/Y (AOI221x1_ASAP7_75t_R)
  25.93 1490.73 v _156115_/Y (OA21x2_ASAP7_75t_R)
  21.72 1512.45 v _156116_/Y (OR3x1_ASAP7_75t_R)
  38.61 1551.06 v _156123_/Y (AO33x2_ASAP7_75t_R)
  41.48 1592.54 ^ _156140_/Y (NAND2x1_ASAP7_75t_R)
 111.61 1704.15 ^ _156253_/Y (AO221x1_ASAP7_75t_R)
  66.42 1770.57 v _156308_/Y (NAND2x2_ASAP7_75t_R)
  47.11 1817.68 v _156311_/Y (AO21x2_ASAP7_75t_R)
  22.77 1840.45 v _156314_/Y (OA21x2_ASAP7_75t_R)
  27.66 1868.12 v _156388_/Y (AO221x1_ASAP7_75t_R)
  22.59 1890.71 v _156389_/Y (OA21x2_ASAP7_75t_R)
  24.11 1914.83 ^ _156393_/Y (AOI22x1_ASAP7_75t_R)
  54.62 1969.45 v _156410_/Y (NAND2x1_ASAP7_75t_R)
  71.78 2041.23 v _156421_/Y (AO33x2_ASAP7_75t_R)
  31.36 2072.60 ^ _156522_/Y (XNOR2x2_ASAP7_75t_R)
  25.12 2097.72 ^ _156526_/Y (AND4x1_ASAP7_75t_R)
  19.12 2116.83 ^ _156550_/Y (AO21x1_ASAP7_75t_R)
  19.18 2136.01 ^ _156551_/Y (AO21x1_ASAP7_75t_R)
  82.99 2219.01 ^ _156552_/Y (OA211x2_ASAP7_75t_R)
  82.97 2301.97 v _156555_/Y (INVx1_ASAP7_75t_R)
  32.74 2334.71 ^ _156568_/Y (OAI21x1_ASAP7_75t_R)
  34.05 2368.77 v _156616_/Y (AOI221x1_ASAP7_75t_R)
  48.33 2417.09 v _156806_/Y (OA211x2_ASAP7_75t_R)
  13.56 2430.65 ^ _156807_/Y (NAND2x1_ASAP7_75t_R)
  71.41 2502.07 ^ _156882_/Y (AO32x1_ASAP7_75t_R)
  33.66 2535.72 ^ _156995_/Y (OR2x2_ASAP7_75t_R)
  39.31 2575.03 ^ _157002_/Y (AO32x1_ASAP7_75t_R)
  35.10 2610.13 ^ _157004_/Y (XNOR2x2_ASAP7_75t_R)
  14.25 2624.38 v _157005_/Y (NOR3x1_ASAP7_75t_R)
  32.56 2656.94 v _157006_/Y (AND5x2_ASAP7_75t_R)
  28.67 2685.61 v _157078_/Y (OR3x1_ASAP7_75t_R)
  58.66 2744.27 v _157141_/Y (OA33x2_ASAP7_75t_R)
  34.02 2778.29 v _157144_/Y (OR2x2_ASAP7_75t_R)
  24.44 2802.73 v _157145_/Y (AO21x1_ASAP7_75t_R)
  25.92 2828.65 v _157196_/Y (AO32x1_ASAP7_75t_R)
  26.75 2855.41 v _157198_/Y (AO22x1_ASAP7_75t_R)
  22.89 2878.30 v _157222_/Y (AO21x1_ASAP7_75t_R)
  30.77 2909.07 v _157223_/Y (OR3x1_ASAP7_75t_R)
  42.45 2951.52 v _157312_/Y (AO21x1_ASAP7_75t_R)
  57.75 3009.27 ^ _157343_/Y (NAND2x1_ASAP7_75t_R)
  43.30 3052.57 v _157440_/Y (AOI221x1_ASAP7_75t_R)
  30.71 3083.28 v _157456_/Y (OA222x2_ASAP7_75t_R)
  22.22 3105.50 v _157459_/Y (AND5x2_ASAP7_75t_R)
  20.82 3126.32 v _157472_/Y (OA31x2_ASAP7_75t_R)
  42.25 3168.58 v _157475_/Y (OR4x2_ASAP7_75t_R)
  64.50 3233.08 ^ _157478_/Y (NAND2x1_ASAP7_75t_R)
  19.40 3252.47 v _157479_/Y (NOR2x1_ASAP7_75t_R)
  25.13 3277.60 v _157485_/Y (OA21x2_ASAP7_75t_R)
  28.32 3305.92 v _157492_/Y (AO221x1_ASAP7_75t_R)
  26.02 3331.94 v _157649_/Y (OA21x2_ASAP7_75t_R)
  24.30 3356.24 v _157651_/Y (AO21x1_ASAP7_75t_R)
  41.83 3398.07 v _157652_/Y (AO22x1_ASAP7_75t_R)
  64.09 3462.16 ^ _157732_/Y (NAND2x1_ASAP7_75t_R)
  25.46 3487.62 ^ _157764_/Y (AO21x1_ASAP7_75t_R)
  24.35 3511.96 v _157767_/Y (AOI22x1_ASAP7_75t_R)
  35.07 3547.04 v _157790_/Y (OA21x2_ASAP7_75t_R)
  18.74 3565.78 ^ _157827_/Y (AOI211x1_ASAP7_75t_R)
  19.47 3585.25 v _157842_/Y (OAI21x1_ASAP7_75t_R)
  90.29 3675.54 v _157921_/Y (AO221x1_ASAP7_75t_R)
  46.51 3722.05 v _157922_/Y (AO221x1_ASAP7_75t_R)
  27.43 3749.48 v _157925_/Y (AO32x2_ASAP7_75t_R)
  22.56 3772.04 v _157949_/Y (OA211x2_ASAP7_75t_R)
  32.14 3804.17 v _157967_/Y (AO222x2_ASAP7_75t_R)
  38.20 3842.38 v _158020_/Y (AO221x1_ASAP7_75t_R)
  28.44 3870.82 v _158084_/Y (AO211x2_ASAP7_75t_R)
  42.92 3913.75 v _158094_/Y (AND2x2_ASAP7_75t_R)
  47.43 3961.18 v _158173_/Y (OR3x2_ASAP7_75t_R)
  22.66 3983.84 v _158271_/Y (AO221x1_ASAP7_75t_R)
  32.98 4016.82 v _158272_/Y (OR5x1_ASAP7_75t_R)
  46.35 4063.17 v _158273_/Y (OR5x1_ASAP7_75t_R)
  19.78 4082.95 ^ _158274_/Y (NAND2x2_ASAP7_75t_R)
  55.14 4138.09 v _158287_/Y (OAI21x1_ASAP7_75t_R)
  50.89 4188.97 v _158298_/Y (AND2x2_ASAP7_75t_R)
  35.83 4224.80 v _158304_/Y (OA211x2_ASAP7_75t_R)
  29.40 4254.20 v _158330_/Y (XNOR2x2_ASAP7_75t_R)
  29.49 4283.70 v _158388_/Y (OR5x1_ASAP7_75t_R)
  43.07 4326.76 v _158399_/Y (AO33x2_ASAP7_75t_R)
  25.52 4352.29 v _158436_/Y (AND2x2_ASAP7_75t_R)
  79.84 4432.12 v _158437_/Y (OR3x1_ASAP7_75t_R)
  69.36 4501.48 v _158474_/Y (AND2x2_ASAP7_75t_R)
  37.44 4538.93 ^ _158476_/Y (AOI22x1_ASAP7_75t_R)
  22.97 4561.89 ^ _158477_/Y (AND2x2_ASAP7_75t_R)
  15.93 4577.82 v _158496_/Y (AOI221x1_ASAP7_75t_R)
  32.93 4610.75 v _158497_/Y (MAJx2_ASAP7_75t_R)
  24.66 4635.41 v _158571_/Y (AO21x1_ASAP7_75t_R)
  46.94 4682.35 v _158629_/Y (AO221x2_ASAP7_75t_R)
  80.71 4763.07 ^ _158672_/Y (NAND2x1_ASAP7_75t_R)
  34.83 4797.90 ^ _158689_/Y (AND2x2_ASAP7_75t_R)
  22.56 4820.46 ^ _158690_/Y (OA21x2_ASAP7_75t_R)
  19.98 4840.43 ^ _158691_/Y (OR2x2_ASAP7_75t_R)
  22.78 4863.21 ^ _158702_/Y (AND3x1_ASAP7_75t_R)
  21.75 4884.96 ^ _158720_/Y (OA21x2_ASAP7_75t_R)
  24.37 4909.33 ^ _158743_/Y (OA31x2_ASAP7_75t_R)
  15.03 4924.36 ^ _158761_/Y (OR4x1_ASAP7_75t_R)
  47.73 4972.10 ^ _158764_/Y (AND5x2_ASAP7_75t_R)
  51.96 5024.05 ^ _159054_/Y (OA21x2_ASAP7_75t_R)
 109.75 5133.81 ^ _159120_/Y (OA21x2_ASAP7_75t_R)
  57.09 5190.90 ^ _159154_/Y (AO221x1_ASAP7_75t_R)
  97.70 5288.61 ^ _159901_/Y (AND2x2_ASAP7_75t_R)
 160.23 5448.83 v _159903_/Y (NOR2x1_ASAP7_75t_R)
 112.70 5561.53 ^ _163131_/Y (NAND2x2_ASAP7_75t_R)
  35.00 5596.53 ^ load_slew954/Y (BUFx16f_ASAP7_75t_R)
  34.40 5630.93 ^ load_slew952/Y (BUFx16f_ASAP7_75t_R)
 142.80 5773.73 ^ _164753_/Y (OR2x2_ASAP7_75t_R)
  43.99 5817.72 v _201098_/Y (NAND2x1_ASAP7_75t_R)
  20.02 5837.74 v _201099_/Y (AO21x1_ASAP7_75t_R)
  25.67 5863.42 v _201100_/Y (OA211x2_ASAP7_75t_R)
  16.26 5879.68 v _201101_/Y (AO21x1_ASAP7_75t_R)
  14.97 5894.65 v _201102_/Y (AND2x2_ASAP7_75t_R)
   0.05 5894.70 v _312529_/D (DFFHQNx1_ASAP7_75t_R)
        5894.70   data arrival time

5500.00 5500.00   clock core_clk (rise edge)
   0.00 5500.00   clock source latency
   0.00 5500.00 ^ clk (in)
  43.78 5543.78 ^ wire4945/Y (BUFx10_ASAP7_75t_R)
  44.99 5588.77 ^ clkbuf_0_clk/Y (BUFx24_ASAP7_75t_R)
  27.54 5616.31 ^ clkbuf_1_1_0_clk/Y (BUFx24_ASAP7_75t_R)
  27.37 5643.69 ^ clkbuf_2_3_0_clk/Y (BUFx24_ASAP7_75t_R)
  25.30 5668.98 ^ clkbuf_3_7_0_clk/Y (BUFx24_ASAP7_75t_R)
  28.72 5697.71 ^ clkbuf_4_14_0_clk/Y (BUFx24_ASAP7_75t_R)
  24.11 5721.82 ^ clkbuf_6_59_0_clk/Y (BUFx24_ASAP7_75t_R)
  20.87 5742.69 ^ clkbuf_7_118__f_clk/Y (BUFx24_ASAP7_75t_R)
  23.47 5766.16 ^ clkbuf_leaf_522_clk/Y (BUFx24_ASAP7_75t_R)
   2.00 5768.15 ^ _312529_/CLK (DFFHQNx1_ASAP7_75t_R)
 -50.00 5718.15   clock uncertainty
   2.08 5720.23   clock reconvergence pessimism
  -0.51 5719.73   library setup time
        5719.73   data required time
---------------------------------------------------------
        5719.73   data required time
        -5894.70   data arrival time
---------------------------------------------------------
        -174.97   slack (VIOLATED)


Startpoint: _308209_ (rising edge-triggered flip-flop clocked by core_clk)
Endpoint: _312519_ (rising edge-triggered flip-flop clocked by core_clk)
Path Group: reg2reg
Path Type: max

  Delay    Time   Description
---------------------------------------------------------
   0.00    0.00   clock core_clk (rise edge)
   0.00    0.00   clock source latency
   0.00    0.00 ^ clk (in)
  44.44   44.44 ^ wire4945/Y (BUFx10_ASAP7_75t_R)
  46.42   90.85 ^ clkbuf_0_clk/Y (BUFx24_ASAP7_75t_R)
  28.76  119.62 ^ clkbuf_1_0_0_clk/Y (BUFx24_ASAP7_75t_R)
  28.26  147.87 ^ clkbuf_2_1_0_clk/Y (BUFx24_ASAP7_75t_R)
  25.61  173.49 ^ clkbuf_3_2_0_clk/Y (BUFx24_ASAP7_75t_R)
  29.85  203.33 ^ clkbuf_4_4_0_clk/Y (BUFx24_ASAP7_75t_R)
  24.35  227.68 ^ clkbuf_6_19_0_clk/Y (BUFx24_ASAP7_75t_R)
  21.69  249.37 ^ clkbuf_7_38__f_clk/Y (BUFx24_ASAP7_75t_R)
  26.71  276.08 ^ clkbuf_leaf_778_clk/Y (BUFx24_ASAP7_75t_R)
   1.89  277.97 ^ _308209_/CLK (DFFHQNx3_ASAP7_75t_R)
  56.19  334.16 ^ _308209_/QN (DFFHQNx3_ASAP7_75t_R)
  26.21  360.37 ^ wire4778/Y (BUFx16f_ASAP7_75t_R)
  56.27  416.64 ^ wire4776/Y (BUFx16f_ASAP7_75t_R)
  30.08  446.72 ^ wire4775/Y (BUFx16f_ASAP7_75t_R)
  60.47  507.19 ^ load_slew4774/Y (BUFx16f_ASAP7_75t_R)
  95.85  603.03 ^ _153629_/Y (AND2x2_ASAP7_75t_R)
 145.04  748.08 v _153630_/Y (NAND2x1_ASAP7_75t_R)
  63.27  811.35 v _153631_/Y (OA21x2_ASAP7_75t_R)
 105.27  916.62 v _153633_/Y (AND3x1_ASAP7_75t_R)
  83.72 1000.34 v _154870_/Y (AO222x2_ASAP7_75t_R)
  46.64 1046.98 v _154873_/Y (OR3x2_ASAP7_75t_R)
  53.58 1100.56 v _154878_/Y (OR5x1_ASAP7_75t_R)
  97.46 1198.02 v _154879_/Y (OR4x1_ASAP7_75t_R)
  69.73 1267.75 v _155829_/Y (OR4x1_ASAP7_75t_R)
  24.44 1292.18 v _155944_/Y (AO221x1_ASAP7_75t_R)
  50.98 1343.16 v _155949_/Y (OR5x1_ASAP7_75t_R)
  33.14 1376.30 v _156013_/Y (AND2x2_ASAP7_75t_R)
  50.65 1426.95 ^ _156016_/Y (NAND3x1_ASAP7_75t_R)
  37.85 1464.80 v _156112_/Y (AOI221x1_ASAP7_75t_R)
  25.93 1490.73 v _156115_/Y (OA21x2_ASAP7_75t_R)
  21.72 1512.45 v _156116_/Y (OR3x1_ASAP7_75t_R)
  38.61 1551.06 v _156123_/Y (AO33x2_ASAP7_75t_R)
  41.48 1592.54 ^ _156140_/Y (NAND2x1_ASAP7_75t_R)
 111.61 1704.15 ^ _156253_/Y (AO221x1_ASAP7_75t_R)
  66.42 1770.57 v _156308_/Y (NAND2x2_ASAP7_75t_R)
  47.11 1817.68 v _156311_/Y (AO21x2_ASAP7_75t_R)
  22.77 1840.45 v _156314_/Y (OA21x2_ASAP7_75t_R)
  27.66 1868.12 v _156388_/Y (AO221x1_ASAP7_75t_R)
  22.59 1890.71 v _156389_/Y (OA21x2_ASAP7_75t_R)
  24.11 1914.83 ^ _156393_/Y (AOI22x1_ASAP7_75t_R)
  54.62 1969.45 v _156410_/Y (NAND2x1_ASAP7_75t_R)
  71.78 2041.23 v _156421_/Y (AO33x2_ASAP7_75t_R)
  31.36 2072.60 ^ _156522_/Y (XNOR2x2_ASAP7_75t_R)
  25.12 2097.72 ^ _156526_/Y (AND4x1_ASAP7_75t_R)
  19.12 2116.83 ^ _156550_/Y (AO21x1_ASAP7_75t_R)
  19.18 2136.01 ^ _156551_/Y (AO21x1_ASAP7_75t_R)
  82.99 2219.01 ^ _156552_/Y (OA211x2_ASAP7_75t_R)
  82.97 2301.97 v _156555_/Y (INVx1_ASAP7_75t_R)
  32.74 2334.71 ^ _156568_/Y (OAI21x1_ASAP7_75t_R)
  34.05 2368.77 v _156616_/Y (AOI221x1_ASAP7_75t_R)
  48.33 2417.09 v _156806_/Y (OA211x2_ASAP7_75t_R)
  13.56 2430.65 ^ _156807_/Y (NAND2x1_ASAP7_75t_R)
  71.41 2502.07 ^ _156882_/Y (AO32x1_ASAP7_75t_R)
  33.66 2535.72 ^ _156995_/Y (OR2x2_ASAP7_75t_R)
  39.31 2575.03 ^ _157002_/Y (AO32x1_ASAP7_75t_R)
  35.10 2610.13 ^ _157004_/Y (XNOR2x2_ASAP7_75t_R)
  14.25 2624.38 v _157005_/Y (NOR3x1_ASAP7_75t_R)
  32.56 2656.94 v _157006_/Y (AND5x2_ASAP7_75t_R)
  28.67 2685.61 v _157078_/Y (OR3x1_ASAP7_75t_R)
  58.66 2744.27 v _157141_/Y (OA33x2_ASAP7_75t_R)
  34.02 2778.29 v _157144_/Y (OR2x2_ASAP7_75t_R)
  24.44 2802.73 v _157145_/Y (AO21x1_ASAP7_75t_R)
  25.92 2828.65 v _157196_/Y (AO32x1_ASAP7_75t_R)
  26.75 2855.41 v _157198_/Y (AO22x1_ASAP7_75t_R)
  22.89 2878.30 v _157222_/Y (AO21x1_ASAP7_75t_R)
  30.77 2909.07 v _157223_/Y (OR3x1_ASAP7_75t_R)
  42.45 2951.52 v _157312_/Y (AO21x1_ASAP7_75t_R)
  57.75 3009.27 ^ _157343_/Y (NAND2x1_ASAP7_75t_R)
  43.30 3052.57 v _157440_/Y (AOI221x1_ASAP7_75t_R)
  30.71 3083.28 v _157456_/Y (OA222x2_ASAP7_75t_R)
  22.22 3105.50 v _157459_/Y (AND5x2_ASAP7_75t_R)
  20.82 3126.32 v _157472_/Y (OA31x2_ASAP7_75t_R)
  42.25 3168.58 v _157475_/Y (OR4x2_ASAP7_75t_R)
  64.50 3233.08 ^ _157478_/Y (NAND2x1_ASAP7_75t_R)
  19.40 3252.47 v _157479_/Y (NOR2x1_ASAP7_75t_R)
  25.13 3277.60 v _157485_/Y (OA21x2_ASAP7_75t_R)
  28.32 3305.92 v _157492_/Y (AO221x1_ASAP7_75t_R)
  26.02 3331.94 v _157649_/Y (OA21x2_ASAP7_75t_R)
  24.30 3356.24 v _157651_/Y (AO21x1_ASAP7_75t_R)
  41.83 3398.07 v _157652_/Y (AO22x1_ASAP7_75t_R)
  64.09 3462.16 ^ _157732_/Y (NAND2x1_ASAP7_75t_R)
  25.46 3487.62 ^ _157764_/Y (AO21x1_ASAP7_75t_R)
  24.35 3511.96 v _157767_/Y (AOI22x1_ASAP7_75t_R)
  35.07 3547.04 v _157790_/Y (OA21x2_ASAP7_75t_R)
  18.74 3565.78 ^ _157827_/Y (AOI211x1_ASAP7_75t_R)
  19.47 3585.25 v _157842_/Y (OAI21x1_ASAP7_75t_R)
  90.29 3675.54 v _157921_/Y (AO221x1_ASAP7_75t_R)
  46.51 3722.05 v _157922_/Y (AO221x1_ASAP7_75t_R)
  27.43 3749.48 v _157925_/Y (AO32x2_ASAP7_75t_R)
  22.56 3772.04 v _157949_/Y (OA211x2_ASAP7_75t_R)
  32.14 3804.17 v _157967_/Y (AO222x2_ASAP7_75t_R)
  38.20 3842.38 v _158020_/Y (AO221x1_ASAP7_75t_R)
  28.44 3870.82 v _158084_/Y (AO211x2_ASAP7_75t_R)
  42.92 3913.75 v _158094_/Y (AND2x2_ASAP7_75t_R)
  47.43 3961.18 v _158173_/Y (OR3x2_ASAP7_75t_R)
  22.66 3983.84 v _158271_/Y (AO221x1_ASAP7_75t_R)
  32.98 4016.82 v _158272_/Y (OR5x1_ASAP7_75t_R)
  46.35 4063.17 v _158273_/Y (OR5x1_ASAP7_75t_R)
  19.78 4082.95 ^ _158274_/Y (NAND2x2_ASAP7_75t_R)
  55.14 4138.09 v _158287_/Y (OAI21x1_ASAP7_75t_R)
  50.89 4188.97 v _158298_/Y (AND2x2_ASAP7_75t_R)
  35.83 4224.80 v _158304_/Y (OA211x2_ASAP7_75t_R)
  29.40 4254.20 v _158330_/Y (XNOR2x2_ASAP7_75t_R)
  29.49 4283.70 v _158388_/Y (OR5x1_ASAP7_75t_R)
  43.07 4326.76 v _158399_/Y (AO33x2_ASAP7_75t_R)
  25.52 4352.29 v _158436_/Y (AND2x2_ASAP7_75t_R)
  79.84 4432.12 v _158437_/Y (OR3x1_ASAP7_75t_R)
  69.36 4501.48 v _158474_/Y (AND2x2_ASAP7_75t_R)
  37.44 4538.93 ^ _158476_/Y (AOI22x1_ASAP7_75t_R)
  22.97 4561.89 ^ _158477_/Y (AND2x2_ASAP7_75t_R)
  15.93 4577.82 v _158496_/Y (AOI221x1_ASAP7_75t_R)
  32.93 4610.75 v _158497_/Y (MAJx2_ASAP7_75t_R)
  24.66 4635.41 v _158571_/Y (AO21x1_ASAP7_75t_R)
  46.94 4682.35 v _158629_/Y (AO221x2_ASAP7_75t_R)
  80.71 4763.07 ^ _158672_/Y (NAND2x1_ASAP7_75t_R)
  34.83 4797.90 ^ _158689_/Y (AND2x2_ASAP7_75t_R)
  22.56 4820.46 ^ _158690_/Y (OA21x2_ASAP7_75t_R)
  19.98 4840.43 ^ _158691_/Y (OR2x2_ASAP7_75t_R)
  22.78 4863.21 ^ _158702_/Y (AND3x1_ASAP7_75t_R)
  21.75 4884.96 ^ _158720_/Y (OA21x2_ASAP7_75t_R)
  24.37 4909.33 ^ _158743_/Y (OA31x2_ASAP7_75t_R)
  15.03 4924.36 ^ _158761_/Y (OR4x1_ASAP7_75t_R)
  47.73 4972.10 ^ _158764_/Y (AND5x2_ASAP7_75t_R)
  51.96 5024.05 ^ _159054_/Y (OA21x2_ASAP7_75t_R)
 109.75 5133.81 ^ _159120_/Y (OA21x2_ASAP7_75t_R)
  57.09 5190.90 ^ _159154_/Y (AO221x1_ASAP7_75t_R)
  97.70 5288.61 ^ _159901_/Y (AND2x2_ASAP7_75t_R)
 160.23 5448.83 v _159903_/Y (NOR2x1_ASAP7_75t_R)
  96.53 5545.36 ^ _163182_/Y (NAND2x2_ASAP7_75t_R)
  31.61 5576.97 ^ load_slew951/Y (BUFx16f_ASAP7_75t_R)
  21.45 5598.43 ^ load_slew949/Y (BUFx16f_ASAP7_75t_R)
  27.29 5625.72 ^ wire948/Y (BUFx16f_ASAP7_75t_R)
 148.18 5773.90 ^ _164794_/Y (OR2x2_ASAP7_75t_R)
  37.94 5811.83 v _201462_/Y (NAND2x1_ASAP7_75t_R)
  20.41 5832.24 v _201463_/Y (AO21x1_ASAP7_75t_R)
  25.78 5858.03 v _201464_/Y (OA211x2_ASAP7_75t_R)
  15.72 5873.74 v _201465_/Y (AO21x1_ASAP7_75t_R)
  14.63 5888.37 v _201466_/Y (AND2x2_ASAP7_75t_R)
   0.04 5888.42 v _312519_/D (DFFHQNx1_ASAP7_75t_R)
        5888.42   data arrival time

5500.00 5500.00   clock core_clk (rise edge)
   0.00 5500.00   clock source latency
   0.00 5500.00 ^ clk (in)
  43.78 5543.78 ^ wire4945/Y (BUFx10_ASAP7_75t_R)
  44.99 5588.77 ^ clkbuf_0_clk/Y (BUFx24_ASAP7_75t_R)
  27.54 5616.31 ^ clkbuf_1_1_0_clk/Y (BUFx24_ASAP7_75t_R)
  27.37 5643.69 ^ clkbuf_2_3_0_clk/Y (BUFx24_ASAP7_75t_R)
  25.30 5668.98 ^ clkbuf_3_7_0_clk/Y (BUFx24_ASAP7_75t_R)
  28.72 5697.71 ^ clkbuf_4_14_0_clk/Y (BUFx24_ASAP7_75t_R)
  22.00 5719.71 ^ clkbuf_6_57_0_clk/Y (BUFx24_ASAP7_75t_R)
  19.69 5739.40 ^ clkbuf_7_115__f_clk/Y (BUFx24_ASAP7_75t_R)
  21.50 5760.90 ^ clkbuf_leaf_506_clk/Y (BUFx24_ASAP7_75t_R)
   1.68 5762.58 ^ _312519_/CLK (DFFHQNx1_ASAP7_75t_R)
 -50.00 5712.58   clock uncertainty
   2.08 5714.66   clock reconvergence pessimism
  -1.01 5713.65   library setup time
        5713.65   data required time
---------------------------------------------------------
        5713.65   data required time
        -5888.42   data arrival time
---------------------------------------------------------
        -174.76   slack (VIOLATED)


Startpoint: _308209_ (rising edge-triggered flip-flop clocked by core_clk)
Endpoint: _312500_ (rising edge-triggered flip-flop clocked by core_clk)
Path Group: reg2reg
Path Type: max

  Delay    Time   Description
---------------------------------------------------------
   0.00    0.00   clock core_clk (rise edge)
   0.00    0.00   clock source latency
   0.00    0.00 ^ clk (in)
  44.44   44.44 ^ wire4945/Y (BUFx10_ASAP7_75t_R)
  46.42   90.85 ^ clkbuf_0_clk/Y (BUFx24_ASAP7_75t_R)
  28.76  119.62 ^ clkbuf_1_0_0_clk/Y (BUFx24_ASAP7_75t_R)
  28.26  147.87 ^ clkbuf_2_1_0_clk/Y (BUFx24_ASAP7_75t_R)
  25.61  173.49 ^ clkbuf_3_2_0_clk/Y (BUFx24_ASAP7_75t_R)
  29.85  203.33 ^ clkbuf_4_4_0_clk/Y (BUFx24_ASAP7_75t_R)
  24.35  227.68 ^ clkbuf_6_19_0_clk/Y (BUFx24_ASAP7_75t_R)
  21.69  249.37 ^ clkbuf_7_38__f_clk/Y (BUFx24_ASAP7_75t_R)
  26.71  276.08 ^ clkbuf_leaf_778_clk/Y (BUFx24_ASAP7_75t_R)
   1.89  277.97 ^ _308209_/CLK (DFFHQNx3_ASAP7_75t_R)
  56.19  334.16 ^ _308209_/QN (DFFHQNx3_ASAP7_75t_R)
  26.21  360.37 ^ wire4778/Y (BUFx16f_ASAP7_75t_R)
  56.27  416.64 ^ wire4776/Y (BUFx16f_ASAP7_75t_R)
  30.08  446.72 ^ wire4775/Y (BUFx16f_ASAP7_75t_R)
  60.47  507.19 ^ load_slew4774/Y (BUFx16f_ASAP7_75t_R)
  95.85  603.03 ^ _153629_/Y (AND2x2_ASAP7_75t_R)
 145.04  748.08 v _153630_/Y (NAND2x1_ASAP7_75t_R)
  63.27  811.35 v _153631_/Y (OA21x2_ASAP7_75t_R)
 105.27  916.62 v _153633_/Y (AND3x1_ASAP7_75t_R)
  83.72 1000.34 v _154870_/Y (AO222x2_ASAP7_75t_R)
  46.64 1046.98 v _154873_/Y (OR3x2_ASAP7_75t_R)
  53.58 1100.56 v _154878_/Y (OR5x1_ASAP7_75t_R)
  97.46 1198.02 v _154879_/Y (OR4x1_ASAP7_75t_R)
  69.73 1267.75 v _155829_/Y (OR4x1_ASAP7_75t_R)
  24.44 1292.18 v _155944_/Y (AO221x1_ASAP7_75t_R)
  50.98 1343.16 v _155949_/Y (OR5x1_ASAP7_75t_R)
  33.14 1376.30 v _156013_/Y (AND2x2_ASAP7_75t_R)
  50.65 1426.95 ^ _156016_/Y (NAND3x1_ASAP7_75t_R)
  37.85 1464.80 v _156112_/Y (AOI221x1_ASAP7_75t_R)
  25.93 1490.73 v _156115_/Y (OA21x2_ASAP7_75t_R)
  21.72 1512.45 v _156116_/Y (OR3x1_ASAP7_75t_R)
  38.61 1551.06 v _156123_/Y (AO33x2_ASAP7_75t_R)
  41.48 1592.54 ^ _156140_/Y (NAND2x1_ASAP7_75t_R)
 111.61 1704.15 ^ _156253_/Y (AO221x1_ASAP7_75t_R)
  66.42 1770.57 v _156308_/Y (NAND2x2_ASAP7_75t_R)
  47.11 1817.68 v _156311_/Y (AO21x2_ASAP7_75t_R)
  22.77 1840.45 v _156314_/Y (OA21x2_ASAP7_75t_R)
  27.66 1868.12 v _156388_/Y (AO221x1_ASAP7_75t_R)
  22.59 1890.71 v _156389_/Y (OA21x2_ASAP7_75t_R)
  24.11 1914.83 ^ _156393_/Y (AOI22x1_ASAP7_75t_R)
  54.62 1969.45 v _156410_/Y (NAND2x1_ASAP7_75t_R)
  71.78 2041.23 v _156421_/Y (AO33x2_ASAP7_75t_R)
  31.36 2072.60 ^ _156522_/Y (XNOR2x2_ASAP7_75t_R)
  25.12 2097.72 ^ _156526_/Y (AND4x1_ASAP7_75t_R)
  19.12 2116.83 ^ _156550_/Y (AO21x1_ASAP7_75t_R)
  19.18 2136.01 ^ _156551_/Y (AO21x1_ASAP7_75t_R)
  82.99 2219.01 ^ _156552_/Y (OA211x2_ASAP7_75t_R)
  82.97 2301.97 v _156555_/Y (INVx1_ASAP7_75t_R)
  32.74 2334.71 ^ _156568_/Y (OAI21x1_ASAP7_75t_R)
  34.05 2368.77 v _156616_/Y (AOI221x1_ASAP7_75t_R)
  48.33 2417.09 v _156806_/Y (OA211x2_ASAP7_75t_R)
  13.56 2430.65 ^ _156807_/Y (NAND2x1_ASAP7_75t_R)
  71.41 2502.07 ^ _156882_/Y (AO32x1_ASAP7_75t_R)
  33.66 2535.72 ^ _156995_/Y (OR2x2_ASAP7_75t_R)
  39.31 2575.03 ^ _157002_/Y (AO32x1_ASAP7_75t_R)
  35.10 2610.13 ^ _157004_/Y (XNOR2x2_ASAP7_75t_R)
  14.25 2624.38 v _157005_/Y (NOR3x1_ASAP7_75t_R)
  32.56 2656.94 v _157006_/Y (AND5x2_ASAP7_75t_R)
  28.67 2685.61 v _157078_/Y (OR3x1_ASAP7_75t_R)
  58.66 2744.27 v _157141_/Y (OA33x2_ASAP7_75t_R)
  34.02 2778.29 v _157144_/Y (OR2x2_ASAP7_75t_R)
  24.44 2802.73 v _157145_/Y (AO21x1_ASAP7_75t_R)
  25.92 2828.65 v _157196_/Y (AO32x1_ASAP7_75t_R)
  26.75 2855.41 v _157198_/Y (AO22x1_ASAP7_75t_R)
  22.89 2878.30 v _157222_/Y (AO21x1_ASAP7_75t_R)
  30.77 2909.07 v _157223_/Y (OR3x1_ASAP7_75t_R)
  42.45 2951.52 v _157312_/Y (AO21x1_ASAP7_75t_R)
  57.75 3009.27 ^ _157343_/Y (NAND2x1_ASAP7_75t_R)
  43.30 3052.57 v _157440_/Y (AOI221x1_ASAP7_75t_R)
  30.71 3083.28 v _157456_/Y (OA222x2_ASAP7_75t_R)
  22.22 3105.50 v _157459_/Y (AND5x2_ASAP7_75t_R)
  20.82 3126.32 v _157472_/Y (OA31x2_ASAP7_75t_R)
  42.25 3168.58 v _157475_/Y (OR4x2_ASAP7_75t_R)
  64.50 3233.08 ^ _157478_/Y (NAND2x1_ASAP7_75t_R)
  19.40 3252.47 v _157479_/Y (NOR2x1_ASAP7_75t_R)
  25.13 3277.60 v _157485_/Y (OA21x2_ASAP7_75t_R)
  28.32 3305.92 v _157492_/Y (AO221x1_ASAP7_75t_R)
  26.02 3331.94 v _157649_/Y (OA21x2_ASAP7_75t_R)
  24.30 3356.24 v _157651_/Y (AO21x1_ASAP7_75t_R)
  41.83 3398.07 v _157652_/Y (AO22x1_ASAP7_75t_R)
  64.09 3462.16 ^ _157732_/Y (NAND2x1_ASAP7_75t_R)
  25.46 3487.62 ^ _157764_/Y (AO21x1_ASAP7_75t_R)
  24.35 3511.96 v _157767_/Y (AOI22x1_ASAP7_75t_R)
  35.07 3547.04 v _157790_/Y (OA21x2_ASAP7_75t_R)
  18.74 3565.78 ^ _157827_/Y (AOI211x1_ASAP7_75t_R)
  19.47 3585.25 v _157842_/Y (OAI21x1_ASAP7_75t_R)
  90.29 3675.54 v _157921_/Y (AO221x1_ASAP7_75t_R)
  46.51 3722.05 v _157922_/Y (AO221x1_ASAP7_75t_R)
  27.43 3749.48 v _157925_/Y (AO32x2_ASAP7_75t_R)
  22.56 3772.04 v _157949_/Y (OA211x2_ASAP7_75t_R)
  32.14 3804.17 v _157967_/Y (AO222x2_ASAP7_75t_R)
  38.20 3842.38 v _158020_/Y (AO221x1_ASAP7_75t_R)
  28.44 3870.82 v _158084_/Y (AO211x2_ASAP7_75t_R)
  42.92 3913.75 v _158094_/Y (AND2x2_ASAP7_75t_R)
  47.43 3961.18 v _158173_/Y (OR3x2_ASAP7_75t_R)
  22.66 3983.84 v _158271_/Y (AO221x1_ASAP7_75t_R)
  32.98 4016.82 v _158272_/Y (OR5x1_ASAP7_75t_R)
  46.35 4063.17 v _158273_/Y (OR5x1_ASAP7_75t_R)
  19.78 4082.95 ^ _158274_/Y (NAND2x2_ASAP7_75t_R)
  55.14 4138.09 v _158287_/Y (OAI21x1_ASAP7_75t_R)
  50.89 4188.97 v _158298_/Y (AND2x2_ASAP7_75t_R)
  35.83 4224.80 v _158304_/Y (OA211x2_ASAP7_75t_R)
  29.40 4254.20 v _158330_/Y (XNOR2x2_ASAP7_75t_R)
  29.49 4283.70 v _158388_/Y (OR5x1_ASAP7_75t_R)
  43.07 4326.76 v _158399_/Y (AO33x2_ASAP7_75t_R)
  25.52 4352.29 v _158436_/Y (AND2x2_ASAP7_75t_R)
  79.84 4432.12 v _158437_/Y (OR3x1_ASAP7_75t_R)
  69.36 4501.48 v _158474_/Y (AND2x2_ASAP7_75t_R)
  37.44 4538.93 ^ _158476_/Y (AOI22x1_ASAP7_75t_R)
  22.97 4561.89 ^ _158477_/Y (AND2x2_ASAP7_75t_R)
  15.93 4577.82 v _158496_/Y (AOI221x1_ASAP7_75t_R)
  32.93 4610.75 v _158497_/Y (MAJx2_ASAP7_75t_R)
  24.66 4635.41 v _158571_/Y (AO21x1_ASAP7_75t_R)
  46.94 4682.35 v _158629_/Y (AO221x2_ASAP7_75t_R)
  80.71 4763.07 ^ _158672_/Y (NAND2x1_ASAP7_75t_R)
  34.83 4797.90 ^ _158689_/Y (AND2x2_ASAP7_75t_R)
  22.56 4820.46 ^ _158690_/Y (OA21x2_ASAP7_75t_R)
  19.98 4840.43 ^ _158691_/Y (OR2x2_ASAP7_75t_R)
  22.78 4863.21 ^ _158702_/Y (AND3x1_ASAP7_75t_R)
  21.75 4884.96 ^ _158720_/Y (OA21x2_ASAP7_75t_R)
  24.37 4909.33 ^ _158743_/Y (OA31x2_ASAP7_75t_R)
  15.03 4924.36 ^ _158761_/Y (OR4x1_ASAP7_75t_R)
  47.73 4972.10 ^ _158764_/Y (AND5x2_ASAP7_75t_R)
  51.96 5024.05 ^ _159054_/Y (OA21x2_ASAP7_75t_R)
 109.75 5133.81 ^ _159120_/Y (OA21x2_ASAP7_75t_R)
  57.09 5190.90 ^ _159154_/Y (AO221x1_ASAP7_75t_R)
  97.70 5288.61 ^ _159901_/Y (AND2x2_ASAP7_75t_R)
 160.23 5448.83 v _159903_/Y (NOR2x1_ASAP7_75t_R)
  96.53 5545.36 ^ _163182_/Y (NAND2x2_ASAP7_75t_R)
  31.61 5576.97 ^ load_slew951/Y (BUFx16f_ASAP7_75t_R)
  21.45 5598.43 ^ load_slew949/Y (BUFx16f_ASAP7_75t_R)
  27.29 5625.72 ^ wire948/Y (BUFx16f_ASAP7_75t_R)
 148.18 5773.90 ^ _164794_/Y (OR2x2_ASAP7_75t_R)
  41.38 5815.27 v _201332_/Y (NAND2x1_ASAP7_75t_R)
  20.61 5835.89 v _201333_/Y (AO21x1_ASAP7_75t_R)
  26.05 5861.94 v _201334_/Y (OA211x2_ASAP7_75t_R)
  16.84 5878.78 v _201335_/Y (AO21x1_ASAP7_75t_R)
  15.20 5893.98 v _201336_/Y (AND2x2_ASAP7_75t_R)
   0.06 5894.05 v _312500_/D (DFFHQNx1_ASAP7_75t_R)
        5894.05   data arrival time

5500.00 5500.00   clock core_clk (rise edge)
   0.00 5500.00   clock source latency
   0.00 5500.00 ^ clk (in)
  43.78 5543.78 ^ wire4945/Y (BUFx10_ASAP7_75t_R)
  44.99 5588.77 ^ clkbuf_0_clk/Y (BUFx24_ASAP7_75t_R)
  27.54 5616.31 ^ clkbuf_1_1_0_clk/Y (BUFx24_ASAP7_75t_R)
  27.37 5643.69 ^ clkbuf_2_3_0_clk/Y (BUFx24_ASAP7_75t_R)
  22.31 5665.99 ^ clkbuf_3_6_0_clk/Y (BUFx24_ASAP7_75t_R)
  27.65 5693.64 ^ clkbuf_4_13_0_clk/Y (BUFx24_ASAP7_75t_R)
  25.02 5718.66 ^ clkbuf_6_54_0_clk/Y (BUFx24_ASAP7_75t_R)
  20.47 5739.13 ^ clkbuf_7_109__f_clk/Y (BUFx24_ASAP7_75t_R)
  26.91 5766.05 ^ clkbuf_leaf_495_clk/Y (BUFx24_ASAP7_75t_R)
   1.95 5767.99 ^ _312500_/CLK (DFFHQNx1_ASAP7_75t_R)
 -50.00 5717.99   clock uncertainty
   2.08 5720.08   clock reconvergence pessimism
  -0.60 5719.47   library setup time
        5719.47   data required time
---------------------------------------------------------
        5719.47   data required time
        -5894.05   data arrival time
---------------------------------------------------------
        -174.57   slack (VIOLATED)


Startpoint: _308209_ (rising edge-triggered flip-flop clocked by core_clk)
Endpoint: _312077_ (rising edge-triggered flip-flop clocked by core_clk)
Path Group: reg2reg
Path Type: max

  Delay    Time   Description
---------------------------------------------------------
   0.00    0.00   clock core_clk (rise edge)
   0.00    0.00   clock source latency
   0.00    0.00 ^ clk (in)
  44.44   44.44 ^ wire4945/Y (BUFx10_ASAP7_75t_R)
  46.42   90.85 ^ clkbuf_0_clk/Y (BUFx24_ASAP7_75t_R)
  28.76  119.62 ^ clkbuf_1_0_0_clk/Y (BUFx24_ASAP7_75t_R)
  28.26  147.87 ^ clkbuf_2_1_0_clk/Y (BUFx24_ASAP7_75t_R)
  25.61  173.49 ^ clkbuf_3_2_0_clk/Y (BUFx24_ASAP7_75t_R)
  29.85  203.33 ^ clkbuf_4_4_0_clk/Y (BUFx24_ASAP7_75t_R)
  24.35  227.68 ^ clkbuf_6_19_0_clk/Y (BUFx24_ASAP7_75t_R)
  21.69  249.37 ^ clkbuf_7_38__f_clk/Y (BUFx24_ASAP7_75t_R)
  26.71  276.08 ^ clkbuf_leaf_778_clk/Y (BUFx24_ASAP7_75t_R)
   1.89  277.97 ^ _308209_/CLK (DFFHQNx3_ASAP7_75t_R)
  56.19  334.16 ^ _308209_/QN (DFFHQNx3_ASAP7_75t_R)
  26.21  360.37 ^ wire4778/Y (BUFx16f_ASAP7_75t_R)
  56.27  416.64 ^ wire4776/Y (BUFx16f_ASAP7_75t_R)
  30.08  446.72 ^ wire4775/Y (BUFx16f_ASAP7_75t_R)
  60.47  507.19 ^ load_slew4774/Y (BUFx16f_ASAP7_75t_R)
  95.85  603.03 ^ _153629_/Y (AND2x2_ASAP7_75t_R)
 145.04  748.08 v _153630_/Y (NAND2x1_ASAP7_75t_R)
  63.27  811.35 v _153631_/Y (OA21x2_ASAP7_75t_R)
 105.27  916.62 v _153633_/Y (AND3x1_ASAP7_75t_R)
  83.72 1000.34 v _154870_/Y (AO222x2_ASAP7_75t_R)
  46.64 1046.98 v _154873_/Y (OR3x2_ASAP7_75t_R)
  53.58 1100.56 v _154878_/Y (OR5x1_ASAP7_75t_R)
  97.46 1198.02 v _154879_/Y (OR4x1_ASAP7_75t_R)
  69.73 1267.75 v _155829_/Y (OR4x1_ASAP7_75t_R)
  24.44 1292.18 v _155944_/Y (AO221x1_ASAP7_75t_R)
  50.98 1343.16 v _155949_/Y (OR5x1_ASAP7_75t_R)
  33.14 1376.30 v _156013_/Y (AND2x2_ASAP7_75t_R)
  50.65 1426.95 ^ _156016_/Y (NAND3x1_ASAP7_75t_R)
  37.85 1464.80 v _156112_/Y (AOI221x1_ASAP7_75t_R)
  25.93 1490.73 v _156115_/Y (OA21x2_ASAP7_75t_R)
  21.72 1512.45 v _156116_/Y (OR3x1_ASAP7_75t_R)
  38.61 1551.06 v _156123_/Y (AO33x2_ASAP7_75t_R)
  41.48 1592.54 ^ _156140_/Y (NAND2x1_ASAP7_75t_R)
 111.61 1704.15 ^ _156253_/Y (AO221x1_ASAP7_75t_R)
  66.42 1770.57 v _156308_/Y (NAND2x2_ASAP7_75t_R)
  47.11 1817.68 v _156311_/Y (AO21x2_ASAP7_75t_R)
  22.77 1840.45 v _156314_/Y (OA21x2_ASAP7_75t_R)
  27.66 1868.12 v _156388_/Y (AO221x1_ASAP7_75t_R)
  22.59 1890.71 v _156389_/Y (OA21x2_ASAP7_75t_R)
  24.11 1914.83 ^ _156393_/Y (AOI22x1_ASAP7_75t_R)
  54.62 1969.45 v _156410_/Y (NAND2x1_ASAP7_75t_R)
  71.78 2041.23 v _156421_/Y (AO33x2_ASAP7_75t_R)
  31.36 2072.60 ^ _156522_/Y (XNOR2x2_ASAP7_75t_R)
  25.12 2097.72 ^ _156526_/Y (AND4x1_ASAP7_75t_R)
  19.12 2116.83 ^ _156550_/Y (AO21x1_ASAP7_75t_R)
  19.18 2136.01 ^ _156551_/Y (AO21x1_ASAP7_75t_R)
  82.99 2219.01 ^ _156552_/Y (OA211x2_ASAP7_75t_R)
  82.97 2301.97 v _156555_/Y (INVx1_ASAP7_75t_R)
  32.74 2334.71 ^ _156568_/Y (OAI21x1_ASAP7_75t_R)
  34.05 2368.77 v _156616_/Y (AOI221x1_ASAP7_75t_R)
  48.33 2417.09 v _156806_/Y (OA211x2_ASAP7_75t_R)
  13.56 2430.65 ^ _156807_/Y (NAND2x1_ASAP7_75t_R)
  71.41 2502.07 ^ _156882_/Y (AO32x1_ASAP7_75t_R)
  33.66 2535.72 ^ _156995_/Y (OR2x2_ASAP7_75t_R)
  39.31 2575.03 ^ _157002_/Y (AO32x1_ASAP7_75t_R)
  35.10 2610.13 ^ _157004_/Y (XNOR2x2_ASAP7_75t_R)
  14.25 2624.38 v _157005_/Y (NOR3x1_ASAP7_75t_R)
  32.56 2656.94 v _157006_/Y (AND5x2_ASAP7_75t_R)
  28.67 2685.61 v _157078_/Y (OR3x1_ASAP7_75t_R)
  58.66 2744.27 v _157141_/Y (OA33x2_ASAP7_75t_R)
  34.02 2778.29 v _157144_/Y (OR2x2_ASAP7_75t_R)
  24.44 2802.73 v _157145_/Y (AO21x1_ASAP7_75t_R)
  25.92 2828.65 v _157196_/Y (AO32x1_ASAP7_75t_R)
  26.75 2855.41 v _157198_/Y (AO22x1_ASAP7_75t_R)
  22.89 2878.30 v _157222_/Y (AO21x1_ASAP7_75t_R)
  30.77 2909.07 v _157223_/Y (OR3x1_ASAP7_75t_R)
  42.45 2951.52 v _157312_/Y (AO21x1_ASAP7_75t_R)
  57.75 3009.27 ^ _157343_/Y (NAND2x1_ASAP7_75t_R)
  43.30 3052.57 v _157440_/Y (AOI221x1_ASAP7_75t_R)
  30.71 3083.28 v _157456_/Y (OA222x2_ASAP7_75t_R)
  22.22 3105.50 v _157459_/Y (AND5x2_ASAP7_75t_R)
  20.82 3126.32 v _157472_/Y (OA31x2_ASAP7_75t_R)
  42.25 3168.58 v _157475_/Y (OR4x2_ASAP7_75t_R)
  64.50 3233.08 ^ _157478_/Y (NAND2x1_ASAP7_75t_R)
  19.40 3252.47 v _157479_/Y (NOR2x1_ASAP7_75t_R)
  25.13 3277.60 v _157485_/Y (OA21x2_ASAP7_75t_R)
  28.32 3305.92 v _157492_/Y (AO221x1_ASAP7_75t_R)
  26.02 3331.94 v _157649_/Y (OA21x2_ASAP7_75t_R)
  24.30 3356.24 v _157651_/Y (AO21x1_ASAP7_75t_R)
  41.83 3398.07 v _157652_/Y (AO22x1_ASAP7_75t_R)
  64.09 3462.16 ^ _157732_/Y (NAND2x1_ASAP7_75t_R)
  25.46 3487.62 ^ _157764_/Y (AO21x1_ASAP7_75t_R)
  24.35 3511.96 v _157767_/Y (AOI22x1_ASAP7_75t_R)
  35.07 3547.04 v _157790_/Y (OA21x2_ASAP7_75t_R)
  18.74 3565.78 ^ _157827_/Y (AOI211x1_ASAP7_75t_R)
  19.47 3585.25 v _157842_/Y (OAI21x1_ASAP7_75t_R)
  90.29 3675.54 v _157921_/Y (AO221x1_ASAP7_75t_R)
  46.51 3722.05 v _157922_/Y (AO221x1_ASAP7_75t_R)
  27.43 3749.48 v _157925_/Y (AO32x2_ASAP7_75t_R)
  22.56 3772.04 v _157949_/Y (OA211x2_ASAP7_75t_R)
  32.14 3804.17 v _157967_/Y (AO222x2_ASAP7_75t_R)
  38.20 3842.38 v _158020_/Y (AO221x1_ASAP7_75t_R)
  28.44 3870.82 v _158084_/Y (AO211x2_ASAP7_75t_R)
  42.92 3913.75 v _158094_/Y (AND2x2_ASAP7_75t_R)
  47.43 3961.18 v _158173_/Y (OR3x2_ASAP7_75t_R)
  22.66 3983.84 v _158271_/Y (AO221x1_ASAP7_75t_R)
  32.98 4016.82 v _158272_/Y (OR5x1_ASAP7_75t_R)
  46.35 4063.17 v _158273_/Y (OR5x1_ASAP7_75t_R)
  19.78 4082.95 ^ _158274_/Y (NAND2x2_ASAP7_75t_R)
  55.14 4138.09 v _158287_/Y (OAI21x1_ASAP7_75t_R)
  50.89 4188.97 v _158298_/Y (AND2x2_ASAP7_75t_R)
  35.83 4224.80 v _158304_/Y (OA211x2_ASAP7_75t_R)
  29.40 4254.20 v _158330_/Y (XNOR2x2_ASAP7_75t_R)
  29.49 4283.70 v _158388_/Y (OR5x1_ASAP7_75t_R)
  43.07 4326.76 v _158399_/Y (AO33x2_ASAP7_75t_R)
  25.52 4352.29 v _158436_/Y (AND2x2_ASAP7_75t_R)
  79.84 4432.12 v _158437_/Y (OR3x1_ASAP7_75t_R)
  69.36 4501.48 v _158474_/Y (AND2x2_ASAP7_75t_R)
  37.44 4538.93 ^ _158476_/Y (AOI22x1_ASAP7_75t_R)
  22.97 4561.89 ^ _158477_/Y (AND2x2_ASAP7_75t_R)
  15.93 4577.82 v _158496_/Y (AOI221x1_ASAP7_75t_R)
  32.93 4610.75 v _158497_/Y (MAJx2_ASAP7_75t_R)
  24.66 4635.41 v _158571_/Y (AO21x1_ASAP7_75t_R)
  46.94 4682.35 v _158629_/Y (AO221x2_ASAP7_75t_R)
  80.71 4763.07 ^ _158672_/Y (NAND2x1_ASAP7_75t_R)
  34.83 4797.90 ^ _158689_/Y (AND2x2_ASAP7_75t_R)
  22.56 4820.46 ^ _158690_/Y (OA21x2_ASAP7_75t_R)
  19.98 4840.43 ^ _158691_/Y (OR2x2_ASAP7_75t_R)
  22.78 4863.21 ^ _158702_/Y (AND3x1_ASAP7_75t_R)
  21.75 4884.96 ^ _158720_/Y (OA21x2_ASAP7_75t_R)
  24.37 4909.33 ^ _158743_/Y (OA31x2_ASAP7_75t_R)
  15.03 4924.36 ^ _158761_/Y (OR4x1_ASAP7_75t_R)
  47.73 4972.10 ^ _158764_/Y (AND5x2_ASAP7_75t_R)
  51.96 5024.05 ^ _159054_/Y (OA21x2_ASAP7_75t_R)
 109.75 5133.81 ^ _159120_/Y (OA21x2_ASAP7_75t_R)
  57.09 5190.90 ^ _159154_/Y (AO221x1_ASAP7_75t_R)
  97.70 5288.61 ^ _159901_/Y (AND2x2_ASAP7_75t_R)
 160.23 5448.83 v _159903_/Y (NOR2x1_ASAP7_75t_R)
 112.70 5561.53 ^ _163131_/Y (NAND2x2_ASAP7_75t_R)
  35.00 5596.53 ^ load_slew954/Y (BUFx16f_ASAP7_75t_R)
  34.40 5630.93 ^ load_slew952/Y (BUFx16f_ASAP7_75t_R)
 126.57 5757.49 ^ _163132_/Y (OR2x2_ASAP7_75t_R)
  57.86 5815.35 v _194379_/Y (NAND2x1_ASAP7_75t_R)
  20.36 5835.71 v _194380_/Y (AO21x1_ASAP7_75t_R)
  25.82 5861.53 v _194381_/Y (OA211x2_ASAP7_75t_R)
  16.73 5878.25 v _194382_/Y (AO21x1_ASAP7_75t_R)
  14.77 5893.02 v _194383_/Y (AND2x2_ASAP7_75t_R)
   0.07 5893.09 v _312077_/D (DFFHQNx1_ASAP7_75t_R)
        5893.09   data arrival time

5500.00 5500.00   clock core_clk (rise edge)
   0.00 5500.00   clock source latency
   0.00 5500.00 ^ clk (in)
  43.78 5543.78 ^ wire4945/Y (BUFx10_ASAP7_75t_R)
  44.99 5588.77 ^ clkbuf_0_clk/Y (BUFx24_ASAP7_75t_R)
  27.54 5616.31 ^ clkbuf_1_1_0_clk/Y (BUFx24_ASAP7_75t_R)
  27.37 5643.69 ^ clkbuf_2_3_0_clk/Y (BUFx24_ASAP7_75t_R)
  22.31 5665.99 ^ clkbuf_3_6_0_clk/Y (BUFx24_ASAP7_75t_R)
  27.65 5693.64 ^ clkbuf_4_13_0_clk/Y (BUFx24_ASAP7_75t_R)
  25.02 5718.66 ^ clkbuf_6_54_0_clk/Y (BUFx24_ASAP7_75t_R)
  20.47 5739.13 ^ clkbuf_7_109__f_clk/Y (BUFx24_ASAP7_75t_R)
  25.45 5764.58 ^ clkbuf_leaf_488_clk/Y (BUFx24_ASAP7_75t_R)
   2.21 5766.80 ^ _312077_/CLK (DFFHQNx1_ASAP7_75t_R)
 -50.00 5716.80   clock uncertainty
   2.08 5718.88   clock reconvergence pessimism
  -0.14 5718.74   library setup time
        5718.74   data required time
---------------------------------------------------------
        5718.74   data required time
        -5893.09   data arrival time
---------------------------------------------------------
        -174.35   slack (VIOLATED)


Startpoint: _308209_ (rising edge-triggered flip-flop clocked by core_clk)
Endpoint: _312106_ (rising edge-triggered flip-flop clocked by core_clk)
Path Group: reg2reg
Path Type: max

  Delay    Time   Description
---------------------------------------------------------
   0.00    0.00   clock core_clk (rise edge)
   0.00    0.00   clock source latency
   0.00    0.00 ^ clk (in)
  44.44   44.44 ^ wire4945/Y (BUFx10_ASAP7_75t_R)
  46.42   90.85 ^ clkbuf_0_clk/Y (BUFx24_ASAP7_75t_R)
  28.76  119.62 ^ clkbuf_1_0_0_clk/Y (BUFx24_ASAP7_75t_R)
  28.26  147.87 ^ clkbuf_2_1_0_clk/Y (BUFx24_ASAP7_75t_R)
  25.61  173.49 ^ clkbuf_3_2_0_clk/Y (BUFx24_ASAP7_75t_R)
  29.85  203.33 ^ clkbuf_4_4_0_clk/Y (BUFx24_ASAP7_75t_R)
  24.35  227.68 ^ clkbuf_6_19_0_clk/Y (BUFx24_ASAP7_75t_R)
  21.69  249.37 ^ clkbuf_7_38__f_clk/Y (BUFx24_ASAP7_75t_R)
  26.71  276.08 ^ clkbuf_leaf_778_clk/Y (BUFx24_ASAP7_75t_R)
   1.89  277.97 ^ _308209_/CLK (DFFHQNx3_ASAP7_75t_R)
  56.19  334.16 ^ _308209_/QN (DFFHQNx3_ASAP7_75t_R)
  26.21  360.37 ^ wire4778/Y (BUFx16f_ASAP7_75t_R)
  56.27  416.64 ^ wire4776/Y (BUFx16f_ASAP7_75t_R)
  30.08  446.72 ^ wire4775/Y (BUFx16f_ASAP7_75t_R)
  60.47  507.19 ^ load_slew4774/Y (BUFx16f_ASAP7_75t_R)
  95.85  603.03 ^ _153629_/Y (AND2x2_ASAP7_75t_R)
 145.04  748.08 v _153630_/Y (NAND2x1_ASAP7_75t_R)
  63.27  811.35 v _153631_/Y (OA21x2_ASAP7_75t_R)
 105.27  916.62 v _153633_/Y (AND3x1_ASAP7_75t_R)
  83.72 1000.34 v _154870_/Y (AO222x2_ASAP7_75t_R)
  46.64 1046.98 v _154873_/Y (OR3x2_ASAP7_75t_R)
  53.58 1100.56 v _154878_/Y (OR5x1_ASAP7_75t_R)
  97.46 1198.02 v _154879_/Y (OR4x1_ASAP7_75t_R)
  69.73 1267.75 v _155829_/Y (OR4x1_ASAP7_75t_R)
  24.44 1292.18 v _155944_/Y (AO221x1_ASAP7_75t_R)
  50.98 1343.16 v _155949_/Y (OR5x1_ASAP7_75t_R)
  33.14 1376.30 v _156013_/Y (AND2x2_ASAP7_75t_R)
  50.65 1426.95 ^ _156016_/Y (NAND3x1_ASAP7_75t_R)
  37.85 1464.80 v _156112_/Y (AOI221x1_ASAP7_75t_R)
  25.93 1490.73 v _156115_/Y (OA21x2_ASAP7_75t_R)
  21.72 1512.45 v _156116_/Y (OR3x1_ASAP7_75t_R)
  38.61 1551.06 v _156123_/Y (AO33x2_ASAP7_75t_R)
  41.48 1592.54 ^ _156140_/Y (NAND2x1_ASAP7_75t_R)
 111.61 1704.15 ^ _156253_/Y (AO221x1_ASAP7_75t_R)
  66.42 1770.57 v _156308_/Y (NAND2x2_ASAP7_75t_R)
  47.11 1817.68 v _156311_/Y (AO21x2_ASAP7_75t_R)
  22.77 1840.45 v _156314_/Y (OA21x2_ASAP7_75t_R)
  27.66 1868.12 v _156388_/Y (AO221x1_ASAP7_75t_R)
  22.59 1890.71 v _156389_/Y (OA21x2_ASAP7_75t_R)
  24.11 1914.83 ^ _156393_/Y (AOI22x1_ASAP7_75t_R)
  54.62 1969.45 v _156410_/Y (NAND2x1_ASAP7_75t_R)
  71.78 2041.23 v _156421_/Y (AO33x2_ASAP7_75t_R)
  31.36 2072.60 ^ _156522_/Y (XNOR2x2_ASAP7_75t_R)
  25.12 2097.72 ^ _156526_/Y (AND4x1_ASAP7_75t_R)
  19.12 2116.83 ^ _156550_/Y (AO21x1_ASAP7_75t_R)
  19.18 2136.01 ^ _156551_/Y (AO21x1_ASAP7_75t_R)
  82.99 2219.01 ^ _156552_/Y (OA211x2_ASAP7_75t_R)
  82.97 2301.97 v _156555_/Y (INVx1_ASAP7_75t_R)
  32.74 2334.71 ^ _156568_/Y (OAI21x1_ASAP7_75t_R)
  34.05 2368.77 v _156616_/Y (AOI221x1_ASAP7_75t_R)
  48.33 2417.09 v _156806_/Y (OA211x2_ASAP7_75t_R)
  13.56 2430.65 ^ _156807_/Y (NAND2x1_ASAP7_75t_R)
  71.41 2502.07 ^ _156882_/Y (AO32x1_ASAP7_75t_R)
  33.66 2535.72 ^ _156995_/Y (OR2x2_ASAP7_75t_R)
  39.31 2575.03 ^ _157002_/Y (AO32x1_ASAP7_75t_R)
  35.10 2610.13 ^ _157004_/Y (XNOR2x2_ASAP7_75t_R)
  14.25 2624.38 v _157005_/Y (NOR3x1_ASAP7_75t_R)
  32.56 2656.94 v _157006_/Y (AND5x2_ASAP7_75t_R)
  28.67 2685.61 v _157078_/Y (OR3x1_ASAP7_75t_R)
  58.66 2744.27 v _157141_/Y (OA33x2_ASAP7_75t_R)
  34.02 2778.29 v _157144_/Y (OR2x2_ASAP7_75t_R)
  24.44 2802.73 v _157145_/Y (AO21x1_ASAP7_75t_R)
  25.92 2828.65 v _157196_/Y (AO32x1_ASAP7_75t_R)
  26.75 2855.41 v _157198_/Y (AO22x1_ASAP7_75t_R)
  22.89 2878.30 v _157222_/Y (AO21x1_ASAP7_75t_R)
  30.77 2909.07 v _157223_/Y (OR3x1_ASAP7_75t_R)
  42.45 2951.52 v _157312_/Y (AO21x1_ASAP7_75t_R)
  57.75 3009.27 ^ _157343_/Y (NAND2x1_ASAP7_75t_R)
  43.30 3052.57 v _157440_/Y (AOI221x1_ASAP7_75t_R)
  30.71 3083.28 v _157456_/Y (OA222x2_ASAP7_75t_R)
  22.22 3105.50 v _157459_/Y (AND5x2_ASAP7_75t_R)
  20.82 3126.32 v _157472_/Y (OA31x2_ASAP7_75t_R)
  42.25 3168.58 v _157475_/Y (OR4x2_ASAP7_75t_R)
  64.50 3233.08 ^ _157478_/Y (NAND2x1_ASAP7_75t_R)
  19.40 3252.47 v _157479_/Y (NOR2x1_ASAP7_75t_R)
  25.13 3277.60 v _157485_/Y (OA21x2_ASAP7_75t_R)
  28.32 3305.92 v _157492_/Y (AO221x1_ASAP7_75t_R)
  26.02 3331.94 v _157649_/Y (OA21x2_ASAP7_75t_R)
  24.30 3356.24 v _157651_/Y (AO21x1_ASAP7_75t_R)
  41.83 3398.07 v _157652_/Y (AO22x1_ASAP7_75t_R)
  64.09 3462.16 ^ _157732_/Y (NAND2x1_ASAP7_75t_R)
  25.46 3487.62 ^ _157764_/Y (AO21x1_ASAP7_75t_R)
  24.35 3511.96 v _157767_/Y (AOI22x1_ASAP7_75t_R)
  35.07 3547.04 v _157790_/Y (OA21x2_ASAP7_75t_R)
  18.74 3565.78 ^ _157827_/Y (AOI211x1_ASAP7_75t_R)
  19.47 3585.25 v _157842_/Y (OAI21x1_ASAP7_75t_R)
  90.29 3675.54 v _157921_/Y (AO221x1_ASAP7_75t_R)
  46.51 3722.05 v _157922_/Y (AO221x1_ASAP7_75t_R)
  27.43 3749.48 v _157925_/Y (AO32x2_ASAP7_75t_R)
  22.56 3772.04 v _157949_/Y (OA211x2_ASAP7_75t_R)
  32.14 3804.17 v _157967_/Y (AO222x2_ASAP7_75t_R)
  38.20 3842.38 v _158020_/Y (AO221x1_ASAP7_75t_R)
  28.44 3870.82 v _158084_/Y (AO211x2_ASAP7_75t_R)
  42.92 3913.75 v _158094_/Y (AND2x2_ASAP7_75t_R)
  47.43 3961.18 v _158173_/Y (OR3x2_ASAP7_75t_R)
  22.66 3983.84 v _158271_/Y (AO221x1_ASAP7_75t_R)
  32.98 4016.82 v _158272_/Y (OR5x1_ASAP7_75t_R)
  46.35 4063.17 v _158273_/Y (OR5x1_ASAP7_75t_R)
  19.78 4082.95 ^ _158274_/Y (NAND2x2_ASAP7_75t_R)
  55.14 4138.09 v _158287_/Y (OAI21x1_ASAP7_75t_R)
  50.89 4188.97 v _158298_/Y (AND2x2_ASAP7_75t_R)
  35.83 4224.80 v _158304_/Y (OA211x2_ASAP7_75t_R)
  29.40 4254.20 v _158330_/Y (XNOR2x2_ASAP7_75t_R)
  29.49 4283.70 v _158388_/Y (OR5x1_ASAP7_75t_R)
  43.07 4326.76 v _158399_/Y (AO33x2_ASAP7_75t_R)
  25.52 4352.29 v _158436_/Y (AND2x2_ASAP7_75t_R)
  79.84 4432.12 v _158437_/Y (OR3x1_ASAP7_75t_R)
  69.36 4501.48 v _158474_/Y (AND2x2_ASAP7_75t_R)
  37.44 4538.93 ^ _158476_/Y (AOI22x1_ASAP7_75t_R)
  22.97 4561.89 ^ _158477_/Y (AND2x2_ASAP7_75t_R)
  15.93 4577.82 v _158496_/Y (AOI221x1_ASAP7_75t_R)
  32.93 4610.75 v _158497_/Y (MAJx2_ASAP7_75t_R)
  24.66 4635.41 v _158571_/Y (AO21x1_ASAP7_75t_R)
  46.94 4682.35 v _158629_/Y (AO221x2_ASAP7_75t_R)
  80.71 4763.07 ^ _158672_/Y (NAND2x1_ASAP7_75t_R)
  34.83 4797.90 ^ _158689_/Y (AND2x2_ASAP7_75t_R)
  22.56 4820.46 ^ _158690_/Y (OA21x2_ASAP7_75t_R)
  19.98 4840.43 ^ _158691_/Y (OR2x2_ASAP7_75t_R)
  22.78 4863.21 ^ _158702_/Y (AND3x1_ASAP7_75t_R)
  21.75 4884.96 ^ _158720_/Y (OA21x2_ASAP7_75t_R)
  24.37 4909.33 ^ _158743_/Y (OA31x2_ASAP7_75t_R)
  15.03 4924.36 ^ _158761_/Y (OR4x1_ASAP7_75t_R)
  47.73 4972.10 ^ _158764_/Y (AND5x2_ASAP7_75t_R)
  51.96 5024.05 ^ _159054_/Y (OA21x2_ASAP7_75t_R)
 109.75 5133.81 ^ _159120_/Y (OA21x2_ASAP7_75t_R)
  57.09 5190.90 ^ _159154_/Y (AO221x1_ASAP7_75t_R)
  97.70 5288.61 ^ _159901_/Y (AND2x2_ASAP7_75t_R)
 160.23 5448.83 v _159903_/Y (NOR2x1_ASAP7_75t_R)
 112.70 5561.53 ^ _163131_/Y (NAND2x2_ASAP7_75t_R)
  35.00 5596.53 ^ load_slew954/Y (BUFx16f_ASAP7_75t_R)
  34.40 5630.93 ^ load_slew952/Y (BUFx16f_ASAP7_75t_R)
 126.57 5757.49 ^ _163132_/Y (OR2x2_ASAP7_75t_R)
  55.58 5813.07 v _194573_/Y (NAND2x1_ASAP7_75t_R)
  20.18 5833.25 v _194574_/Y (AO21x1_ASAP7_75t_R)
  25.74 5858.99 v _194575_/Y (OA211x2_ASAP7_75t_R)
  17.06 5876.05 v _194576_/Y (AO21x1_ASAP7_75t_R)
  14.80 5890.84 v _194577_/Y (AND2x2_ASAP7_75t_R)
   0.04 5890.88 v _312106_/D (DFFHQNx1_ASAP7_75t_R)
        5890.88   data arrival time

5500.00 5500.00   clock core_clk (rise edge)
   0.00 5500.00   clock source latency
   0.00 5500.00 ^ clk (in)
  43.78 5543.78 ^ wire4945/Y (BUFx10_ASAP7_75t_R)
  44.99 5588.77 ^ clkbuf_0_clk/Y (BUFx24_ASAP7_75t_R)
  27.54 5616.31 ^ clkbuf_1_1_0_clk/Y (BUFx24_ASAP7_75t_R)
  27.37 5643.69 ^ clkbuf_2_3_0_clk/Y (BUFx24_ASAP7_75t_R)
  22.31 5665.99 ^ clkbuf_3_6_0_clk/Y (BUFx24_ASAP7_75t_R)
  28.18 5694.18 ^ clkbuf_4_12_0_clk/Y (BUFx24_ASAP7_75t_R)
  26.31 5720.48 ^ clkbuf_6_51_0_clk/Y (BUFx24_ASAP7_75t_R)
  20.81 5741.29 ^ clkbuf_7_103__f_clk/Y (BUFx24_ASAP7_75t_R)
  23.09 5764.38 ^ clkbuf_leaf_472_clk/Y (BUFx24_ASAP7_75t_R)
   1.05 5765.43 ^ _312106_/CLK (DFFHQNx1_ASAP7_75t_R)
 -50.00 5715.43   clock uncertainty
   2.08 5717.51   clock reconvergence pessimism
  -0.89 5716.62   library setup time
        5716.62   data required time
---------------------------------------------------------
        5716.62   data required time
        -5890.88   data arrival time
---------------------------------------------------------
        -174.27   slack (VIOLATED)


Startpoint: _308209_ (rising edge-triggered flip-flop clocked by core_clk)
Endpoint: _312097_ (rising edge-triggered flip-flop clocked by core_clk)
Path Group: reg2reg
Path Type: max

  Delay    Time   Description
---------------------------------------------------------
   0.00    0.00   clock core_clk (rise edge)
   0.00    0.00   clock source latency
   0.00    0.00 ^ clk (in)
  44.44   44.44 ^ wire4945/Y (BUFx10_ASAP7_75t_R)
  46.42   90.85 ^ clkbuf_0_clk/Y (BUFx24_ASAP7_75t_R)
  28.76  119.62 ^ clkbuf_1_0_0_clk/Y (BUFx24_ASAP7_75t_R)
  28.26  147.87 ^ clkbuf_2_1_0_clk/Y (BUFx24_ASAP7_75t_R)
  25.61  173.49 ^ clkbuf_3_2_0_clk/Y (BUFx24_ASAP7_75t_R)
  29.85  203.33 ^ clkbuf_4_4_0_clk/Y (BUFx24_ASAP7_75t_R)
  24.35  227.68 ^ clkbuf_6_19_0_clk/Y (BUFx24_ASAP7_75t_R)
  21.69  249.37 ^ clkbuf_7_38__f_clk/Y (BUFx24_ASAP7_75t_R)
  26.71  276.08 ^ clkbuf_leaf_778_clk/Y (BUFx24_ASAP7_75t_R)
   1.89  277.97 ^ _308209_/CLK (DFFHQNx3_ASAP7_75t_R)
  56.19  334.16 ^ _308209_/QN (DFFHQNx3_ASAP7_75t_R)
  26.21  360.37 ^ wire4778/Y (BUFx16f_ASAP7_75t_R)
  56.27  416.64 ^ wire4776/Y (BUFx16f_ASAP7_75t_R)
  30.08  446.72 ^ wire4775/Y (BUFx16f_ASAP7_75t_R)
  60.47  507.19 ^ load_slew4774/Y (BUFx16f_ASAP7_75t_R)
  95.85  603.03 ^ _153629_/Y (AND2x2_ASAP7_75t_R)
 145.04  748.08 v _153630_/Y (NAND2x1_ASAP7_75t_R)
  63.27  811.35 v _153631_/Y (OA21x2_ASAP7_75t_R)
 105.27  916.62 v _153633_/Y (AND3x1_ASAP7_75t_R)
  83.72 1000.34 v _154870_/Y (AO222x2_ASAP7_75t_R)
  46.64 1046.98 v _154873_/Y (OR3x2_ASAP7_75t_R)
  53.58 1100.56 v _154878_/Y (OR5x1_ASAP7_75t_R)
  97.46 1198.02 v _154879_/Y (OR4x1_ASAP7_75t_R)
  69.73 1267.75 v _155829_/Y (OR4x1_ASAP7_75t_R)
  24.44 1292.18 v _155944_/Y (AO221x1_ASAP7_75t_R)
  50.98 1343.16 v _155949_/Y (OR5x1_ASAP7_75t_R)
  33.14 1376.30 v _156013_/Y (AND2x2_ASAP7_75t_R)
  50.65 1426.95 ^ _156016_/Y (NAND3x1_ASAP7_75t_R)
  37.85 1464.80 v _156112_/Y (AOI221x1_ASAP7_75t_R)
  25.93 1490.73 v _156115_/Y (OA21x2_ASAP7_75t_R)
  21.72 1512.45 v _156116_/Y (OR3x1_ASAP7_75t_R)
  38.61 1551.06 v _156123_/Y (AO33x2_ASAP7_75t_R)
  41.48 1592.54 ^ _156140_/Y (NAND2x1_ASAP7_75t_R)
 111.61 1704.15 ^ _156253_/Y (AO221x1_ASAP7_75t_R)
  66.42 1770.57 v _156308_/Y (NAND2x2_ASAP7_75t_R)
  47.11 1817.68 v _156311_/Y (AO21x2_ASAP7_75t_R)
  22.77 1840.45 v _156314_/Y (OA21x2_ASAP7_75t_R)
  27.66 1868.12 v _156388_/Y (AO221x1_ASAP7_75t_R)
  22.59 1890.71 v _156389_/Y (OA21x2_ASAP7_75t_R)
  24.11 1914.83 ^ _156393_/Y (AOI22x1_ASAP7_75t_R)
  54.62 1969.45 v _156410_/Y (NAND2x1_ASAP7_75t_R)
  71.78 2041.23 v _156421_/Y (AO33x2_ASAP7_75t_R)
  31.36 2072.60 ^ _156522_/Y (XNOR2x2_ASAP7_75t_R)
  25.12 2097.72 ^ _156526_/Y (AND4x1_ASAP7_75t_R)
  19.12 2116.83 ^ _156550_/Y (AO21x1_ASAP7_75t_R)
  19.18 2136.01 ^ _156551_/Y (AO21x1_ASAP7_75t_R)
  82.99 2219.01 ^ _156552_/Y (OA211x2_ASAP7_75t_R)
  82.97 2301.97 v _156555_/Y (INVx1_ASAP7_75t_R)
  32.74 2334.71 ^ _156568_/Y (OAI21x1_ASAP7_75t_R)
  34.05 2368.77 v _156616_/Y (AOI221x1_ASAP7_75t_R)
  48.33 2417.09 v _156806_/Y (OA211x2_ASAP7_75t_R)
  13.56 2430.65 ^ _156807_/Y (NAND2x1_ASAP7_75t_R)
  71.41 2502.07 ^ _156882_/Y (AO32x1_ASAP7_75t_R)
  33.66 2535.72 ^ _156995_/Y (OR2x2_ASAP7_75t_R)
  39.31 2575.03 ^ _157002_/Y (AO32x1_ASAP7_75t_R)
  35.10 2610.13 ^ _157004_/Y (XNOR2x2_ASAP7_75t_R)
  14.25 2624.38 v _157005_/Y (NOR3x1_ASAP7_75t_R)
  32.56 2656.94 v _157006_/Y (AND5x2_ASAP7_75t_R)
  28.67 2685.61 v _157078_/Y (OR3x1_ASAP7_75t_R)
  58.66 2744.27 v _157141_/Y (OA33x2_ASAP7_75t_R)
  34.02 2778.29 v _157144_/Y (OR2x2_ASAP7_75t_R)
  24.44 2802.73 v _157145_/Y (AO21x1_ASAP7_75t_R)
  25.92 2828.65 v _157196_/Y (AO32x1_ASAP7_75t_R)
  26.75 2855.41 v _157198_/Y (AO22x1_ASAP7_75t_R)
  22.89 2878.30 v _157222_/Y (AO21x1_ASAP7_75t_R)
  30.77 2909.07 v _157223_/Y (OR3x1_ASAP7_75t_R)
  42.45 2951.52 v _157312_/Y (AO21x1_ASAP7_75t_R)
  57.75 3009.27 ^ _157343_/Y (NAND2x1_ASAP7_75t_R)
  43.30 3052.57 v _157440_/Y (AOI221x1_ASAP7_75t_R)
  30.71 3083.28 v _157456_/Y (OA222x2_ASAP7_75t_R)
  22.22 3105.50 v _157459_/Y (AND5x2_ASAP7_75t_R)
  20.82 3126.32 v _157472_/Y (OA31x2_ASAP7_75t_R)
  42.25 3168.58 v _157475_/Y (OR4x2_ASAP7_75t_R)
  64.50 3233.08 ^ _157478_/Y (NAND2x1_ASAP7_75t_R)
  19.40 3252.47 v _157479_/Y (NOR2x1_ASAP7_75t_R)
  25.13 3277.60 v _157485_/Y (OA21x2_ASAP7_75t_R)
  28.32 3305.92 v _157492_/Y (AO221x1_ASAP7_75t_R)
  26.02 3331.94 v _157649_/Y (OA21x2_ASAP7_75t_R)
  24.30 3356.24 v _157651_/Y (AO21x1_ASAP7_75t_R)
  41.83 3398.07 v _157652_/Y (AO22x1_ASAP7_75t_R)
  64.09 3462.16 ^ _157732_/Y (NAND2x1_ASAP7_75t_R)
  25.46 3487.62 ^ _157764_/Y (AO21x1_ASAP7_75t_R)
  24.35 3511.96 v _157767_/Y (AOI22x1_ASAP7_75t_R)
  35.07 3547.04 v _157790_/Y (OA21x2_ASAP7_75t_R)
  18.74 3565.78 ^ _157827_/Y (AOI211x1_ASAP7_75t_R)
  19.47 3585.25 v _157842_/Y (OAI21x1_ASAP7_75t_R)
  90.29 3675.54 v _157921_/Y (AO221x1_ASAP7_75t_R)
  46.51 3722.05 v _157922_/Y (AO221x1_ASAP7_75t_R)
  27.43 3749.48 v _157925_/Y (AO32x2_ASAP7_75t_R)
  22.56 3772.04 v _157949_/Y (OA211x2_ASAP7_75t_R)
  32.14 3804.17 v _157967_/Y (AO222x2_ASAP7_75t_R)
  38.20 3842.38 v _158020_/Y (AO221x1_ASAP7_75t_R)
  28.44 3870.82 v _158084_/Y (AO211x2_ASAP7_75t_R)
  42.92 3913.75 v _158094_/Y (AND2x2_ASAP7_75t_R)
  47.43 3961.18 v _158173_/Y (OR3x2_ASAP7_75t_R)
  22.66 3983.84 v _158271_/Y (AO221x1_ASAP7_75t_R)
  32.98 4016.82 v _158272_/Y (OR5x1_ASAP7_75t_R)
  46.35 4063.17 v _158273_/Y (OR5x1_ASAP7_75t_R)
  19.78 4082.95 ^ _158274_/Y (NAND2x2_ASAP7_75t_R)
  55.14 4138.09 v _158287_/Y (OAI21x1_ASAP7_75t_R)
  50.89 4188.97 v _158298_/Y (AND2x2_ASAP7_75t_R)
  35.83 4224.80 v _158304_/Y (OA211x2_ASAP7_75t_R)
  29.40 4254.20 v _158330_/Y (XNOR2x2_ASAP7_75t_R)
  29.49 4283.70 v _158388_/Y (OR5x1_ASAP7_75t_R)
  43.07 4326.76 v _158399_/Y (AO33x2_ASAP7_75t_R)
  25.52 4352.29 v _158436_/Y (AND2x2_ASAP7_75t_R)
  79.84 4432.12 v _158437_/Y (OR3x1_ASAP7_75t_R)
  69.36 4501.48 v _158474_/Y (AND2x2_ASAP7_75t_R)
  37.44 4538.93 ^ _158476_/Y (AOI22x1_ASAP7_75t_R)
  22.97 4561.89 ^ _158477_/Y (AND2x2_ASAP7_75t_R)
  15.93 4577.82 v _158496_/Y (AOI221x1_ASAP7_75t_R)
  32.93 4610.75 v _158497_/Y (MAJx2_ASAP7_75t_R)
  24.66 4635.41 v _158571_/Y (AO21x1_ASAP7_75t_R)
  46.94 4682.35 v _158629_/Y (AO221x2_ASAP7_75t_R)
  80.71 4763.07 ^ _158672_/Y (NAND2x1_ASAP7_75t_R)
  34.83 4797.90 ^ _158689_/Y (AND2x2_ASAP7_75t_R)
  22.56 4820.46 ^ _158690_/Y (OA21x2_ASAP7_75t_R)
  19.98 4840.43 ^ _158691_/Y (OR2x2_ASAP7_75t_R)
  22.78 4863.21 ^ _158702_/Y (AND3x1_ASAP7_75t_R)
  21.75 4884.96 ^ _158720_/Y (OA21x2_ASAP7_75t_R)
  24.37 4909.33 ^ _158743_/Y (OA31x2_ASAP7_75t_R)
  15.03 4924.36 ^ _158761_/Y (OR4x1_ASAP7_75t_R)
  47.73 4972.10 ^ _158764_/Y (AND5x2_ASAP7_75t_R)
  51.96 5024.05 ^ _159054_/Y (OA21x2_ASAP7_75t_R)
 109.75 5133.81 ^ _159120_/Y (OA21x2_ASAP7_75t_R)
  57.09 5190.90 ^ _159154_/Y (AO221x1_ASAP7_75t_R)
  97.70 5288.61 ^ _159901_/Y (AND2x2_ASAP7_75t_R)
 160.23 5448.83 v _159903_/Y (NOR2x1_ASAP7_75t_R)
 112.70 5561.53 ^ _163131_/Y (NAND2x2_ASAP7_75t_R)
  35.00 5596.53 ^ load_slew954/Y (BUFx16f_ASAP7_75t_R)
  34.40 5630.93 ^ load_slew952/Y (BUFx16f_ASAP7_75t_R)
 126.57 5757.49 ^ _163132_/Y (OR2x2_ASAP7_75t_R)
  55.56 5813.05 v _194516_/Y (NAND2x1_ASAP7_75t_R)
  20.08 5833.13 v _194517_/Y (AO21x1_ASAP7_75t_R)
  25.82 5858.95 v _194518_/Y (OA211x2_ASAP7_75t_R)
  16.97 5875.92 v _194519_/Y (AO21x1_ASAP7_75t_R)
  14.88 5890.80 v _194520_/Y (AND2x2_ASAP7_75t_R)
   0.08 5890.88 v _312097_/D (DFFHQNx1_ASAP7_75t_R)
        5890.88   data arrival time

5500.00 5500.00   clock core_clk (rise edge)
   0.00 5500.00   clock source latency
   0.00 5500.00 ^ clk (in)
  43.78 5543.78 ^ wire4945/Y (BUFx10_ASAP7_75t_R)
  44.99 5588.77 ^ clkbuf_0_clk/Y (BUFx24_ASAP7_75t_R)
  27.54 5616.31 ^ clkbuf_1_1_0_clk/Y (BUFx24_ASAP7_75t_R)
  27.37 5643.69 ^ clkbuf_2_3_0_clk/Y (BUFx24_ASAP7_75t_R)
  22.31 5665.99 ^ clkbuf_3_6_0_clk/Y (BUFx24_ASAP7_75t_R)
  28.18 5694.18 ^ clkbuf_4_12_0_clk/Y (BUFx24_ASAP7_75t_R)
  26.31 5720.48 ^ clkbuf_6_51_0_clk/Y (BUFx24_ASAP7_75t_R)
  20.81 5741.29 ^ clkbuf_7_103__f_clk/Y (BUFx24_ASAP7_75t_R)
  23.31 5764.60 ^ clkbuf_leaf_474_clk/Y (BUFx24_ASAP7_75t_R)
   0.68 5765.28 ^ _312097_/CLK (DFFHQNx1_ASAP7_75t_R)
 -50.00 5715.28   clock uncertainty
   2.08 5717.36   clock reconvergence pessimism
  -0.51 5716.84   library setup time
        5716.84   data required time
---------------------------------------------------------
        5716.84   data required time
        -5890.88   data arrival time
---------------------------------------------------------
        -174.03   slack (VIOLATED)


Startpoint: _308209_ (rising edge-triggered flip-flop clocked by core_clk)
Endpoint: _312497_ (rising edge-triggered flip-flop clocked by core_clk)
Path Group: reg2reg
Path Type: max

  Delay    Time   Description
---------------------------------------------------------
   0.00    0.00   clock core_clk (rise edge)
   0.00    0.00   clock source latency
   0.00    0.00 ^ clk (in)
  44.44   44.44 ^ wire4945/Y (BUFx10_ASAP7_75t_R)
  46.42   90.85 ^ clkbuf_0_clk/Y (BUFx24_ASAP7_75t_R)
  28.76  119.62 ^ clkbuf_1_0_0_clk/Y (BUFx24_ASAP7_75t_R)
  28.26  147.87 ^ clkbuf_2_1_0_clk/Y (BUFx24_ASAP7_75t_R)
  25.61  173.49 ^ clkbuf_3_2_0_clk/Y (BUFx24_ASAP7_75t_R)
  29.85  203.33 ^ clkbuf_4_4_0_clk/Y (BUFx24_ASAP7_75t_R)
  24.35  227.68 ^ clkbuf_6_19_0_clk/Y (BUFx24_ASAP7_75t_R)
  21.69  249.37 ^ clkbuf_7_38__f_clk/Y (BUFx24_ASAP7_75t_R)
  26.71  276.08 ^ clkbuf_leaf_778_clk/Y (BUFx24_ASAP7_75t_R)
   1.89  277.97 ^ _308209_/CLK (DFFHQNx3_ASAP7_75t_R)
  56.19  334.16 ^ _308209_/QN (DFFHQNx3_ASAP7_75t_R)
  26.21  360.37 ^ wire4778/Y (BUFx16f_ASAP7_75t_R)
  56.27  416.64 ^ wire4776/Y (BUFx16f_ASAP7_75t_R)
  30.08  446.72 ^ wire4775/Y (BUFx16f_ASAP7_75t_R)
  60.47  507.19 ^ load_slew4774/Y (BUFx16f_ASAP7_75t_R)
  95.85  603.03 ^ _153629_/Y (AND2x2_ASAP7_75t_R)
 145.04  748.08 v _153630_/Y (NAND2x1_ASAP7_75t_R)
  63.27  811.35 v _153631_/Y (OA21x2_ASAP7_75t_R)
 105.27  916.62 v _153633_/Y (AND3x1_ASAP7_75t_R)
  83.72 1000.34 v _154870_/Y (AO222x2_ASAP7_75t_R)
  46.64 1046.98 v _154873_/Y (OR3x2_ASAP7_75t_R)
  53.58 1100.56 v _154878_/Y (OR5x1_ASAP7_75t_R)
  97.46 1198.02 v _154879_/Y (OR4x1_ASAP7_75t_R)
  69.73 1267.75 v _155829_/Y (OR4x1_ASAP7_75t_R)
  24.44 1292.18 v _155944_/Y (AO221x1_ASAP7_75t_R)
  50.98 1343.16 v _155949_/Y (OR5x1_ASAP7_75t_R)
  33.14 1376.30 v _156013_/Y (AND2x2_ASAP7_75t_R)
  50.65 1426.95 ^ _156016_/Y (NAND3x1_ASAP7_75t_R)
  37.85 1464.80 v _156112_/Y (AOI221x1_ASAP7_75t_R)
  25.93 1490.73 v _156115_/Y (OA21x2_ASAP7_75t_R)
  21.72 1512.45 v _156116_/Y (OR3x1_ASAP7_75t_R)
  38.61 1551.06 v _156123_/Y (AO33x2_ASAP7_75t_R)
  41.48 1592.54 ^ _156140_/Y (NAND2x1_ASAP7_75t_R)
 111.61 1704.15 ^ _156253_/Y (AO221x1_ASAP7_75t_R)
  66.42 1770.57 v _156308_/Y (NAND2x2_ASAP7_75t_R)
  47.11 1817.68 v _156311_/Y (AO21x2_ASAP7_75t_R)
  22.77 1840.45 v _156314_/Y (OA21x2_ASAP7_75t_R)
  27.66 1868.12 v _156388_/Y (AO221x1_ASAP7_75t_R)
  22.59 1890.71 v _156389_/Y (OA21x2_ASAP7_75t_R)
  24.11 1914.83 ^ _156393_/Y (AOI22x1_ASAP7_75t_R)
  54.62 1969.45 v _156410_/Y (NAND2x1_ASAP7_75t_R)
  71.78 2041.23 v _156421_/Y (AO33x2_ASAP7_75t_R)
  31.36 2072.60 ^ _156522_/Y (XNOR2x2_ASAP7_75t_R)
  25.12 2097.72 ^ _156526_/Y (AND4x1_ASAP7_75t_R)
  19.12 2116.83 ^ _156550_/Y (AO21x1_ASAP7_75t_R)
  19.18 2136.01 ^ _156551_/Y (AO21x1_ASAP7_75t_R)
  82.99 2219.01 ^ _156552_/Y (OA211x2_ASAP7_75t_R)
  82.97 2301.97 v _156555_/Y (INVx1_ASAP7_75t_R)
  32.74 2334.71 ^ _156568_/Y (OAI21x1_ASAP7_75t_R)
  34.05 2368.77 v _156616_/Y (AOI221x1_ASAP7_75t_R)
  48.33 2417.09 v _156806_/Y (OA211x2_ASAP7_75t_R)
  13.56 2430.65 ^ _156807_/Y (NAND2x1_ASAP7_75t_R)
  71.41 2502.07 ^ _156882_/Y (AO32x1_ASAP7_75t_R)
  33.66 2535.72 ^ _156995_/Y (OR2x2_ASAP7_75t_R)
  39.31 2575.03 ^ _157002_/Y (AO32x1_ASAP7_75t_R)
  35.10 2610.13 ^ _157004_/Y (XNOR2x2_ASAP7_75t_R)
  14.25 2624.38 v _157005_/Y (NOR3x1_ASAP7_75t_R)
  32.56 2656.94 v _157006_/Y (AND5x2_ASAP7_75t_R)
  28.67 2685.61 v _157078_/Y (OR3x1_ASAP7_75t_R)
  58.66 2744.27 v _157141_/Y (OA33x2_ASAP7_75t_R)
  34.02 2778.29 v _157144_/Y (OR2x2_ASAP7_75t_R)
  24.44 2802.73 v _157145_/Y (AO21x1_ASAP7_75t_R)
  25.92 2828.65 v _157196_/Y (AO32x1_ASAP7_75t_R)
  26.75 2855.41 v _157198_/Y (AO22x1_ASAP7_75t_R)
  22.89 2878.30 v _157222_/Y (AO21x1_ASAP7_75t_R)
  30.77 2909.07 v _157223_/Y (OR3x1_ASAP7_75t_R)
  42.45 2951.52 v _157312_/Y (AO21x1_ASAP7_75t_R)
  57.75 3009.27 ^ _157343_/Y (NAND2x1_ASAP7_75t_R)
  43.30 3052.57 v _157440_/Y (AOI221x1_ASAP7_75t_R)
  30.71 3083.28 v _157456_/Y (OA222x2_ASAP7_75t_R)
  22.22 3105.50 v _157459_/Y (AND5x2_ASAP7_75t_R)
  20.82 3126.32 v _157472_/Y (OA31x2_ASAP7_75t_R)
  42.25 3168.58 v _157475_/Y (OR4x2_ASAP7_75t_R)
  64.50 3233.08 ^ _157478_/Y (NAND2x1_ASAP7_75t_R)
  19.40 3252.47 v _157479_/Y (NOR2x1_ASAP7_75t_R)
  25.13 3277.60 v _157485_/Y (OA21x2_ASAP7_75t_R)
  28.32 3305.92 v _157492_/Y (AO221x1_ASAP7_75t_R)
  26.02 3331.94 v _157649_/Y (OA21x2_ASAP7_75t_R)
  24.30 3356.24 v _157651_/Y (AO21x1_ASAP7_75t_R)
  41.83 3398.07 v _157652_/Y (AO22x1_ASAP7_75t_R)
  64.09 3462.16 ^ _157732_/Y (NAND2x1_ASAP7_75t_R)
  25.46 3487.62 ^ _157764_/Y (AO21x1_ASAP7_75t_R)
  24.35 3511.96 v _157767_/Y (AOI22x1_ASAP7_75t_R)
  35.07 3547.04 v _157790_/Y (OA21x2_ASAP7_75t_R)
  18.74 3565.78 ^ _157827_/Y (AOI211x1_ASAP7_75t_R)
  19.47 3585.25 v _157842_/Y (OAI21x1_ASAP7_75t_R)
  90.29 3675.54 v _157921_/Y (AO221x1_ASAP7_75t_R)
  46.51 3722.05 v _157922_/Y (AO221x1_ASAP7_75t_R)
  27.43 3749.48 v _157925_/Y (AO32x2_ASAP7_75t_R)
  22.56 3772.04 v _157949_/Y (OA211x2_ASAP7_75t_R)
  32.14 3804.17 v _157967_/Y (AO222x2_ASAP7_75t_R)
  38.20 3842.38 v _158020_/Y (AO221x1_ASAP7_75t_R)
  28.44 3870.82 v _158084_/Y (AO211x2_ASAP7_75t_R)
  42.92 3913.75 v _158094_/Y (AND2x2_ASAP7_75t_R)
  47.43 3961.18 v _158173_/Y (OR3x2_ASAP7_75t_R)
  22.66 3983.84 v _158271_/Y (AO221x1_ASAP7_75t_R)
  32.98 4016.82 v _158272_/Y (OR5x1_ASAP7_75t_R)
  46.35 4063.17 v _158273_/Y (OR5x1_ASAP7_75t_R)
  19.78 4082.95 ^ _158274_/Y (NAND2x2_ASAP7_75t_R)
  55.14 4138.09 v _158287_/Y (OAI21x1_ASAP7_75t_R)
  50.89 4188.97 v _158298_/Y (AND2x2_ASAP7_75t_R)
  35.83 4224.80 v _158304_/Y (OA211x2_ASAP7_75t_R)
  29.40 4254.20 v _158330_/Y (XNOR2x2_ASAP7_75t_R)
  29.49 4283.70 v _158388_/Y (OR5x1_ASAP7_75t_R)
  43.07 4326.76 v _158399_/Y (AO33x2_ASAP7_75t_R)
  25.52 4352.29 v _158436_/Y (AND2x2_ASAP7_75t_R)
  79.84 4432.12 v _158437_/Y (OR3x1_ASAP7_75t_R)
  69.36 4501.48 v _158474_/Y (AND2x2_ASAP7_75t_R)
  37.44 4538.93 ^ _158476_/Y (AOI22x1_ASAP7_75t_R)
  22.97 4561.89 ^ _158477_/Y (AND2x2_ASAP7_75t_R)
  15.93 4577.82 v _158496_/Y (AOI221x1_ASAP7_75t_R)
  32.93 4610.75 v _158497_/Y (MAJx2_ASAP7_75t_R)
  24.66 4635.41 v _158571_/Y (AO21x1_ASAP7_75t_R)
  46.94 4682.35 v _158629_/Y (AO221x2_ASAP7_75t_R)
  80.71 4763.07 ^ _158672_/Y (NAND2x1_ASAP7_75t_R)
  34.83 4797.90 ^ _158689_/Y (AND2x2_ASAP7_75t_R)
  22.56 4820.46 ^ _158690_/Y (OA21x2_ASAP7_75t_R)
  19.98 4840.43 ^ _158691_/Y (OR2x2_ASAP7_75t_R)
  22.78 4863.21 ^ _158702_/Y (AND3x1_ASAP7_75t_R)
  21.75 4884.96 ^ _158720_/Y (OA21x2_ASAP7_75t_R)
  24.37 4909.33 ^ _158743_/Y (OA31x2_ASAP7_75t_R)
  15.03 4924.36 ^ _158761_/Y (OR4x1_ASAP7_75t_R)
  47.73 4972.10 ^ _158764_/Y (AND5x2_ASAP7_75t_R)
  51.96 5024.05 ^ _159054_/Y (OA21x2_ASAP7_75t_R)
 109.75 5133.81 ^ _159120_/Y (OA21x2_ASAP7_75t_R)
  57.09 5190.90 ^ _159154_/Y (AO221x1_ASAP7_75t_R)
  97.70 5288.61 ^ _159901_/Y (AND2x2_ASAP7_75t_R)
 160.23 5448.83 v _159903_/Y (NOR2x1_ASAP7_75t_R)
  96.53 5545.36 ^ _163182_/Y (NAND2x2_ASAP7_75t_R)
  31.61 5576.97 ^ load_slew951/Y (BUFx16f_ASAP7_75t_R)
  21.45 5598.43 ^ load_slew949/Y (BUFx16f_ASAP7_75t_R)
  27.29 5625.72 ^ wire948/Y (BUFx16f_ASAP7_75t_R)
 148.18 5773.90 ^ _164794_/Y (OR2x2_ASAP7_75t_R)
  41.30 5815.20 v _201313_/Y (NAND2x1_ASAP7_75t_R)
  20.75 5835.95 v _201314_/Y (AO21x1_ASAP7_75t_R)
  26.21 5862.16 v _201315_/Y (OA211x2_ASAP7_75t_R)
  16.26 5878.42 v _201316_/Y (AO21x1_ASAP7_75t_R)
  14.77 5893.19 v _201317_/Y (AND2x2_ASAP7_75t_R)
   0.08 5893.27 v _312497_/D (DFFHQNx1_ASAP7_75t_R)
        5893.27   data arrival time

5500.00 5500.00   clock core_clk (rise edge)
   0.00 5500.00   clock source latency
   0.00 5500.00 ^ clk (in)
  43.78 5543.78 ^ wire4945/Y (BUFx10_ASAP7_75t_R)
  44.99 5588.77 ^ clkbuf_0_clk/Y (BUFx24_ASAP7_75t_R)
  27.54 5616.31 ^ clkbuf_1_1_0_clk/Y (BUFx24_ASAP7_75t_R)
  27.37 5643.69 ^ clkbuf_2_3_0_clk/Y (BUFx24_ASAP7_75t_R)
  25.30 5668.98 ^ clkbuf_3_7_0_clk/Y (BUFx24_ASAP7_75t_R)
  28.72 5697.71 ^ clkbuf_4_14_0_clk/Y (BUFx24_ASAP7_75t_R)
  24.11 5721.82 ^ clkbuf_6_59_0_clk/Y (BUFx24_ASAP7_75t_R)
  21.03 5742.85 ^ clkbuf_7_119__f_clk/Y (BUFx24_ASAP7_75t_R)
  23.81 5766.66 ^ clkbuf_leaf_523_clk/Y (BUFx24_ASAP7_75t_R)
   1.43 5768.09 ^ _312497_/CLK (DFFHQNx1_ASAP7_75t_R)
 -50.00 5718.09   clock uncertainty
   2.08 5720.18   clock reconvergence pessimism
  -0.72 5719.46   library setup time
        5719.46   data required time
---------------------------------------------------------
        5719.46   data required time
        -5893.27   data arrival time
---------------------------------------------------------
        -173.81   slack (VIOLATED)


Startpoint: _308209_ (rising edge-triggered flip-flop clocked by core_clk)
Endpoint: _312513_ (rising edge-triggered flip-flop clocked by core_clk)
Path Group: reg2reg
Path Type: max

  Delay    Time   Description
---------------------------------------------------------
   0.00    0.00   clock core_clk (rise edge)
   0.00    0.00   clock source latency
   0.00    0.00 ^ clk (in)
  44.44   44.44 ^ wire4945/Y (BUFx10_ASAP7_75t_R)
  46.42   90.85 ^ clkbuf_0_clk/Y (BUFx24_ASAP7_75t_R)
  28.76  119.62 ^ clkbuf_1_0_0_clk/Y (BUFx24_ASAP7_75t_R)
  28.26  147.87 ^ clkbuf_2_1_0_clk/Y (BUFx24_ASAP7_75t_R)
  25.61  173.49 ^ clkbuf_3_2_0_clk/Y (BUFx24_ASAP7_75t_R)
  29.85  203.33 ^ clkbuf_4_4_0_clk/Y (BUFx24_ASAP7_75t_R)
  24.35  227.68 ^ clkbuf_6_19_0_clk/Y (BUFx24_ASAP7_75t_R)
  21.69  249.37 ^ clkbuf_7_38__f_clk/Y (BUFx24_ASAP7_75t_R)
  26.71  276.08 ^ clkbuf_leaf_778_clk/Y (BUFx24_ASAP7_75t_R)
   1.89  277.97 ^ _308209_/CLK (DFFHQNx3_ASAP7_75t_R)
  56.19  334.16 ^ _308209_/QN (DFFHQNx3_ASAP7_75t_R)
  26.21  360.37 ^ wire4778/Y (BUFx16f_ASAP7_75t_R)
  56.27  416.64 ^ wire4776/Y (BUFx16f_ASAP7_75t_R)
  30.08  446.72 ^ wire4775/Y (BUFx16f_ASAP7_75t_R)
  60.47  507.19 ^ load_slew4774/Y (BUFx16f_ASAP7_75t_R)
  95.85  603.03 ^ _153629_/Y (AND2x2_ASAP7_75t_R)
 145.04  748.08 v _153630_/Y (NAND2x1_ASAP7_75t_R)
  63.27  811.35 v _153631_/Y (OA21x2_ASAP7_75t_R)
 105.27  916.62 v _153633_/Y (AND3x1_ASAP7_75t_R)
  83.72 1000.34 v _154870_/Y (AO222x2_ASAP7_75t_R)
  46.64 1046.98 v _154873_/Y (OR3x2_ASAP7_75t_R)
  53.58 1100.56 v _154878_/Y (OR5x1_ASAP7_75t_R)
  97.46 1198.02 v _154879_/Y (OR4x1_ASAP7_75t_R)
  69.73 1267.75 v _155829_/Y (OR4x1_ASAP7_75t_R)
  24.44 1292.18 v _155944_/Y (AO221x1_ASAP7_75t_R)
  50.98 1343.16 v _155949_/Y (OR5x1_ASAP7_75t_R)
  33.14 1376.30 v _156013_/Y (AND2x2_ASAP7_75t_R)
  50.65 1426.95 ^ _156016_/Y (NAND3x1_ASAP7_75t_R)
  37.85 1464.80 v _156112_/Y (AOI221x1_ASAP7_75t_R)
  25.93 1490.73 v _156115_/Y (OA21x2_ASAP7_75t_R)
  21.72 1512.45 v _156116_/Y (OR3x1_ASAP7_75t_R)
  38.61 1551.06 v _156123_/Y (AO33x2_ASAP7_75t_R)
  41.48 1592.54 ^ _156140_/Y (NAND2x1_ASAP7_75t_R)
 111.61 1704.15 ^ _156253_/Y (AO221x1_ASAP7_75t_R)
  66.42 1770.57 v _156308_/Y (NAND2x2_ASAP7_75t_R)
  47.11 1817.68 v _156311_/Y (AO21x2_ASAP7_75t_R)
  22.77 1840.45 v _156314_/Y (OA21x2_ASAP7_75t_R)
  27.66 1868.12 v _156388_/Y (AO221x1_ASAP7_75t_R)
  22.59 1890.71 v _156389_/Y (OA21x2_ASAP7_75t_R)
  24.11 1914.83 ^ _156393_/Y (AOI22x1_ASAP7_75t_R)
  54.62 1969.45 v _156410_/Y (NAND2x1_ASAP7_75t_R)
  71.78 2041.23 v _156421_/Y (AO33x2_ASAP7_75t_R)
  31.36 2072.60 ^ _156522_/Y (XNOR2x2_ASAP7_75t_R)
  25.12 2097.72 ^ _156526_/Y (AND4x1_ASAP7_75t_R)
  19.12 2116.83 ^ _156550_/Y (AO21x1_ASAP7_75t_R)
  19.18 2136.01 ^ _156551_/Y (AO21x1_ASAP7_75t_R)
  82.99 2219.01 ^ _156552_/Y (OA211x2_ASAP7_75t_R)
  82.97 2301.97 v _156555_/Y (INVx1_ASAP7_75t_R)
  32.74 2334.71 ^ _156568_/Y (OAI21x1_ASAP7_75t_R)
  34.05 2368.77 v _156616_/Y (AOI221x1_ASAP7_75t_R)
  48.33 2417.09 v _156806_/Y (OA211x2_ASAP7_75t_R)
  13.56 2430.65 ^ _156807_/Y (NAND2x1_ASAP7_75t_R)
  71.41 2502.07 ^ _156882_/Y (AO32x1_ASAP7_75t_R)
  33.66 2535.72 ^ _156995_/Y (OR2x2_ASAP7_75t_R)
  39.31 2575.03 ^ _157002_/Y (AO32x1_ASAP7_75t_R)
  35.10 2610.13 ^ _157004_/Y (XNOR2x2_ASAP7_75t_R)
  14.25 2624.38 v _157005_/Y (NOR3x1_ASAP7_75t_R)
  32.56 2656.94 v _157006_/Y (AND5x2_ASAP7_75t_R)
  28.67 2685.61 v _157078_/Y (OR3x1_ASAP7_75t_R)
  58.66 2744.27 v _157141_/Y (OA33x2_ASAP7_75t_R)
  34.02 2778.29 v _157144_/Y (OR2x2_ASAP7_75t_R)
  24.44 2802.73 v _157145_/Y (AO21x1_ASAP7_75t_R)
  25.92 2828.65 v _157196_/Y (AO32x1_ASAP7_75t_R)
  26.75 2855.41 v _157198_/Y (AO22x1_ASAP7_75t_R)
  22.89 2878.30 v _157222_/Y (AO21x1_ASAP7_75t_R)
  30.77 2909.07 v _157223_/Y (OR3x1_ASAP7_75t_R)
  42.45 2951.52 v _157312_/Y (AO21x1_ASAP7_75t_R)
  57.75 3009.27 ^ _157343_/Y (NAND2x1_ASAP7_75t_R)
  43.30 3052.57 v _157440_/Y (AOI221x1_ASAP7_75t_R)
  30.71 3083.28 v _157456_/Y (OA222x2_ASAP7_75t_R)
  22.22 3105.50 v _157459_/Y (AND5x2_ASAP7_75t_R)
  20.82 3126.32 v _157472_/Y (OA31x2_ASAP7_75t_R)
  42.25 3168.58 v _157475_/Y (OR4x2_ASAP7_75t_R)
  64.50 3233.08 ^ _157478_/Y (NAND2x1_ASAP7_75t_R)
  19.40 3252.47 v _157479_/Y (NOR2x1_ASAP7_75t_R)
  25.13 3277.60 v _157485_/Y (OA21x2_ASAP7_75t_R)
  28.32 3305.92 v _157492_/Y (AO221x1_ASAP7_75t_R)
  26.02 3331.94 v _157649_/Y (OA21x2_ASAP7_75t_R)
  24.30 3356.24 v _157651_/Y (AO21x1_ASAP7_75t_R)
  41.83 3398.07 v _157652_/Y (AO22x1_ASAP7_75t_R)
  64.09 3462.16 ^ _157732_/Y (NAND2x1_ASAP7_75t_R)
  25.46 3487.62 ^ _157764_/Y (AO21x1_ASAP7_75t_R)
  24.35 3511.96 v _157767_/Y (AOI22x1_ASAP7_75t_R)
  35.07 3547.04 v _157790_/Y (OA21x2_ASAP7_75t_R)
  18.74 3565.78 ^ _157827_/Y (AOI211x1_ASAP7_75t_R)
  19.47 3585.25 v _157842_/Y (OAI21x1_ASAP7_75t_R)
  90.29 3675.54 v _157921_/Y (AO221x1_ASAP7_75t_R)
  46.51 3722.05 v _157922_/Y (AO221x1_ASAP7_75t_R)
  27.43 3749.48 v _157925_/Y (AO32x2_ASAP7_75t_R)
  22.56 3772.04 v _157949_/Y (OA211x2_ASAP7_75t_R)
  32.14 3804.17 v _157967_/Y (AO222x2_ASAP7_75t_R)
  38.20 3842.38 v _158020_/Y (AO221x1_ASAP7_75t_R)
  28.44 3870.82 v _158084_/Y (AO211x2_ASAP7_75t_R)
  42.92 3913.75 v _158094_/Y (AND2x2_ASAP7_75t_R)
  47.43 3961.18 v _158173_/Y (OR3x2_ASAP7_75t_R)
  22.66 3983.84 v _158271_/Y (AO221x1_ASAP7_75t_R)
  32.98 4016.82 v _158272_/Y (OR5x1_ASAP7_75t_R)
  46.35 4063.17 v _158273_/Y (OR5x1_ASAP7_75t_R)
  19.78 4082.95 ^ _158274_/Y (NAND2x2_ASAP7_75t_R)
  55.14 4138.09 v _158287_/Y (OAI21x1_ASAP7_75t_R)
  50.89 4188.97 v _158298_/Y (AND2x2_ASAP7_75t_R)
  35.83 4224.80 v _158304_/Y (OA211x2_ASAP7_75t_R)
  29.40 4254.20 v _158330_/Y (XNOR2x2_ASAP7_75t_R)
  29.49 4283.70 v _158388_/Y (OR5x1_ASAP7_75t_R)
  43.07 4326.76 v _158399_/Y (AO33x2_ASAP7_75t_R)
  25.52 4352.29 v _158436_/Y (AND2x2_ASAP7_75t_R)
  79.84 4432.12 v _158437_/Y (OR3x1_ASAP7_75t_R)
  69.36 4501.48 v _158474_/Y (AND2x2_ASAP7_75t_R)
  37.44 4538.93 ^ _158476_/Y (AOI22x1_ASAP7_75t_R)
  22.97 4561.89 ^ _158477_/Y (AND2x2_ASAP7_75t_R)
  15.93 4577.82 v _158496_/Y (AOI221x1_ASAP7_75t_R)
  32.93 4610.75 v _158497_/Y (MAJx2_ASAP7_75t_R)
  24.66 4635.41 v _158571_/Y (AO21x1_ASAP7_75t_R)
  46.94 4682.35 v _158629_/Y (AO221x2_ASAP7_75t_R)
  80.71 4763.07 ^ _158672_/Y (NAND2x1_ASAP7_75t_R)
  34.83 4797.90 ^ _158689_/Y (AND2x2_ASAP7_75t_R)
  22.56 4820.46 ^ _158690_/Y (OA21x2_ASAP7_75t_R)
  19.98 4840.43 ^ _158691_/Y (OR2x2_ASAP7_75t_R)
  22.78 4863.21 ^ _158702_/Y (AND3x1_ASAP7_75t_R)
  21.75 4884.96 ^ _158720_/Y (OA21x2_ASAP7_75t_R)
  24.37 4909.33 ^ _158743_/Y (OA31x2_ASAP7_75t_R)
  15.03 4924.36 ^ _158761_/Y (OR4x1_ASAP7_75t_R)
  47.73 4972.10 ^ _158764_/Y (AND5x2_ASAP7_75t_R)
  51.96 5024.05 ^ _159054_/Y (OA21x2_ASAP7_75t_R)
 109.75 5133.81 ^ _159120_/Y (OA21x2_ASAP7_75t_R)
  57.09 5190.90 ^ _159154_/Y (AO221x1_ASAP7_75t_R)
  97.70 5288.61 ^ _159901_/Y (AND2x2_ASAP7_75t_R)
 160.23 5448.83 v _159903_/Y (NOR2x1_ASAP7_75t_R)
  96.53 5545.36 ^ _163182_/Y (NAND2x2_ASAP7_75t_R)
  31.61 5576.97 ^ load_slew951/Y (BUFx16f_ASAP7_75t_R)
  21.45 5598.43 ^ load_slew949/Y (BUFx16f_ASAP7_75t_R)
  27.29 5625.72 ^ wire948/Y (BUFx16f_ASAP7_75t_R)
 148.18 5773.90 ^ _164794_/Y (OR2x2_ASAP7_75t_R)
  37.98 5811.88 v _201424_/Y (NAND2x1_ASAP7_75t_R)
  20.67 5832.55 v _201425_/Y (AO21x1_ASAP7_75t_R)
  25.83 5858.38 v _201426_/Y (OA211x2_ASAP7_75t_R)
  17.02 5875.40 v _201427_/Y (AO21x1_ASAP7_75t_R)
  14.81 5890.20 v _201428_/Y (AND2x2_ASAP7_75t_R)
   0.04 5890.24 v _312513_/D (DFFHQNx1_ASAP7_75t_R)
        5890.24   data arrival time

5500.00 5500.00   clock core_clk (rise edge)
   0.00 5500.00   clock source latency
   0.00 5500.00 ^ clk (in)
  43.78 5543.78 ^ wire4945/Y (BUFx10_ASAP7_75t_R)
  44.99 5588.77 ^ clkbuf_0_clk/Y (BUFx24_ASAP7_75t_R)
  27.54 5616.31 ^ clkbuf_1_1_0_clk/Y (BUFx24_ASAP7_75t_R)
  27.37 5643.69 ^ clkbuf_2_3_0_clk/Y (BUFx24_ASAP7_75t_R)
  22.31 5665.99 ^ clkbuf_3_6_0_clk/Y (BUFx24_ASAP7_75t_R)
  28.18 5694.18 ^ clkbuf_4_12_0_clk/Y (BUFx24_ASAP7_75t_R)
  26.31 5720.48 ^ clkbuf_6_51_0_clk/Y (BUFx24_ASAP7_75t_R)
  20.81 5741.29 ^ clkbuf_7_103__f_clk/Y (BUFx24_ASAP7_75t_R)
  23.31 5764.60 ^ clkbuf_leaf_474_clk/Y (BUFx24_ASAP7_75t_R)
   0.63 5765.23 ^ _312513_/CLK (DFFHQNx1_ASAP7_75t_R)
 -50.00 5715.23   clock uncertainty
   2.08 5717.31   clock reconvergence pessimism
  -0.70 5716.61   library setup time
        5716.61   data required time
---------------------------------------------------------
        5716.61   data required time
        -5890.24   data arrival time
---------------------------------------------------------
        -173.63   slack (VIOLATED)


Startpoint: _308209_ (rising edge-triggered flip-flop clocked by core_clk)
Endpoint: _312537_ (rising edge-triggered flip-flop clocked by core_clk)
Path Group: reg2reg
Path Type: max

  Delay    Time   Description
---------------------------------------------------------
   0.00    0.00   clock core_clk (rise edge)
   0.00    0.00   clock source latency
   0.00    0.00 ^ clk (in)
  44.44   44.44 ^ wire4945/Y (BUFx10_ASAP7_75t_R)
  46.42   90.85 ^ clkbuf_0_clk/Y (BUFx24_ASAP7_75t_R)
  28.76  119.62 ^ clkbuf_1_0_0_clk/Y (BUFx24_ASAP7_75t_R)
  28.26  147.87 ^ clkbuf_2_1_0_clk/Y (BUFx24_ASAP7_75t_R)
  25.61  173.49 ^ clkbuf_3_2_0_clk/Y (BUFx24_ASAP7_75t_R)
  29.85  203.33 ^ clkbuf_4_4_0_clk/Y (BUFx24_ASAP7_75t_R)
  24.35  227.68 ^ clkbuf_6_19_0_clk/Y (BUFx24_ASAP7_75t_R)
  21.69  249.37 ^ clkbuf_7_38__f_clk/Y (BUFx24_ASAP7_75t_R)
  26.71  276.08 ^ clkbuf_leaf_778_clk/Y (BUFx24_ASAP7_75t_R)
   1.89  277.97 ^ _308209_/CLK (DFFHQNx3_ASAP7_75t_R)
  56.19  334.16 ^ _308209_/QN (DFFHQNx3_ASAP7_75t_R)
  26.21  360.37 ^ wire4778/Y (BUFx16f_ASAP7_75t_R)
  56.27  416.64 ^ wire4776/Y (BUFx16f_ASAP7_75t_R)
  30.08  446.72 ^ wire4775/Y (BUFx16f_ASAP7_75t_R)
  60.47  507.19 ^ load_slew4774/Y (BUFx16f_ASAP7_75t_R)
  95.85  603.03 ^ _153629_/Y (AND2x2_ASAP7_75t_R)
 145.04  748.08 v _153630_/Y (NAND2x1_ASAP7_75t_R)
  63.27  811.35 v _153631_/Y (OA21x2_ASAP7_75t_R)
 105.27  916.62 v _153633_/Y (AND3x1_ASAP7_75t_R)
  83.72 1000.34 v _154870_/Y (AO222x2_ASAP7_75t_R)
  46.64 1046.98 v _154873_/Y (OR3x2_ASAP7_75t_R)
  53.58 1100.56 v _154878_/Y (OR5x1_ASAP7_75t_R)
  97.46 1198.02 v _154879_/Y (OR4x1_ASAP7_75t_R)
  69.73 1267.75 v _155829_/Y (OR4x1_ASAP7_75t_R)
  24.44 1292.18 v _155944_/Y (AO221x1_ASAP7_75t_R)
  50.98 1343.16 v _155949_/Y (OR5x1_ASAP7_75t_R)
  33.14 1376.30 v _156013_/Y (AND2x2_ASAP7_75t_R)
  50.65 1426.95 ^ _156016_/Y (NAND3x1_ASAP7_75t_R)
  37.85 1464.80 v _156112_/Y (AOI221x1_ASAP7_75t_R)
  25.93 1490.73 v _156115_/Y (OA21x2_ASAP7_75t_R)
  21.72 1512.45 v _156116_/Y (OR3x1_ASAP7_75t_R)
  38.61 1551.06 v _156123_/Y (AO33x2_ASAP7_75t_R)
  41.48 1592.54 ^ _156140_/Y (NAND2x1_ASAP7_75t_R)
 111.61 1704.15 ^ _156253_/Y (AO221x1_ASAP7_75t_R)
  66.42 1770.57 v _156308_/Y (NAND2x2_ASAP7_75t_R)
  47.11 1817.68 v _156311_/Y (AO21x2_ASAP7_75t_R)
  22.77 1840.45 v _156314_/Y (OA21x2_ASAP7_75t_R)
  27.66 1868.12 v _156388_/Y (AO221x1_ASAP7_75t_R)
  22.59 1890.71 v _156389_/Y (OA21x2_ASAP7_75t_R)
  24.11 1914.83 ^ _156393_/Y (AOI22x1_ASAP7_75t_R)
  54.62 1969.45 v _156410_/Y (NAND2x1_ASAP7_75t_R)
  71.78 2041.23 v _156421_/Y (AO33x2_ASAP7_75t_R)
  31.36 2072.60 ^ _156522_/Y (XNOR2x2_ASAP7_75t_R)
  25.12 2097.72 ^ _156526_/Y (AND4x1_ASAP7_75t_R)
  19.12 2116.83 ^ _156550_/Y (AO21x1_ASAP7_75t_R)
  19.18 2136.01 ^ _156551_/Y (AO21x1_ASAP7_75t_R)
  82.99 2219.01 ^ _156552_/Y (OA211x2_ASAP7_75t_R)
  82.97 2301.97 v _156555_/Y (INVx1_ASAP7_75t_R)
  32.74 2334.71 ^ _156568_/Y (OAI21x1_ASAP7_75t_R)
  34.05 2368.77 v _156616_/Y (AOI221x1_ASAP7_75t_R)
  48.33 2417.09 v _156806_/Y (OA211x2_ASAP7_75t_R)
  13.56 2430.65 ^ _156807_/Y (NAND2x1_ASAP7_75t_R)
  71.41 2502.07 ^ _156882_/Y (AO32x1_ASAP7_75t_R)
  33.66 2535.72 ^ _156995_/Y (OR2x2_ASAP7_75t_R)
  39.31 2575.03 ^ _157002_/Y (AO32x1_ASAP7_75t_R)
  35.10 2610.13 ^ _157004_/Y (XNOR2x2_ASAP7_75t_R)
  14.25 2624.38 v _157005_/Y (NOR3x1_ASAP7_75t_R)
  32.56 2656.94 v _157006_/Y (AND5x2_ASAP7_75t_R)
  28.67 2685.61 v _157078_/Y (OR3x1_ASAP7_75t_R)
  58.66 2744.27 v _157141_/Y (OA33x2_ASAP7_75t_R)
  34.02 2778.29 v _157144_/Y (OR2x2_ASAP7_75t_R)
  24.44 2802.73 v _157145_/Y (AO21x1_ASAP7_75t_R)
  25.92 2828.65 v _157196_/Y (AO32x1_ASAP7_75t_R)
  26.75 2855.41 v _157198_/Y (AO22x1_ASAP7_75t_R)
  22.89 2878.30 v _157222_/Y (AO21x1_ASAP7_75t_R)
  30.77 2909.07 v _157223_/Y (OR3x1_ASAP7_75t_R)
  42.45 2951.52 v _157312_/Y (AO21x1_ASAP7_75t_R)
  57.75 3009.27 ^ _157343_/Y (NAND2x1_ASAP7_75t_R)
  43.30 3052.57 v _157440_/Y (AOI221x1_ASAP7_75t_R)
  30.71 3083.28 v _157456_/Y (OA222x2_ASAP7_75t_R)
  22.22 3105.50 v _157459_/Y (AND5x2_ASAP7_75t_R)
  20.82 3126.32 v _157472_/Y (OA31x2_ASAP7_75t_R)
  42.25 3168.58 v _157475_/Y (OR4x2_ASAP7_75t_R)
  64.50 3233.08 ^ _157478_/Y (NAND2x1_ASAP7_75t_R)
  19.40 3252.47 v _157479_/Y (NOR2x1_ASAP7_75t_R)
  25.13 3277.60 v _157485_/Y (OA21x2_ASAP7_75t_R)
  28.32 3305.92 v _157492_/Y (AO221x1_ASAP7_75t_R)
  26.02 3331.94 v _157649_/Y (OA21x2_ASAP7_75t_R)
  24.30 3356.24 v _157651_/Y (AO21x1_ASAP7_75t_R)
  41.83 3398.07 v _157652_/Y (AO22x1_ASAP7_75t_R)
  64.09 3462.16 ^ _157732_/Y (NAND2x1_ASAP7_75t_R)
  25.46 3487.62 ^ _157764_/Y (AO21x1_ASAP7_75t_R)
  24.35 3511.96 v _157767_/Y (AOI22x1_ASAP7_75t_R)
  35.07 3547.04 v _157790_/Y (OA21x2_ASAP7_75t_R)
  18.74 3565.78 ^ _157827_/Y (AOI211x1_ASAP7_75t_R)
  19.47 3585.25 v _157842_/Y (OAI21x1_ASAP7_75t_R)
  90.29 3675.54 v _157921_/Y (AO221x1_ASAP7_75t_R)
  46.51 3722.05 v _157922_/Y (AO221x1_ASAP7_75t_R)
  27.43 3749.48 v _157925_/Y (AO32x2_ASAP7_75t_R)
  22.56 3772.04 v _157949_/Y (OA211x2_ASAP7_75t_R)
  32.14 3804.17 v _157967_/Y (AO222x2_ASAP7_75t_R)
  38.20 3842.38 v _158020_/Y (AO221x1_ASAP7_75t_R)
  28.44 3870.82 v _158084_/Y (AO211x2_ASAP7_75t_R)
  42.92 3913.75 v _158094_/Y (AND2x2_ASAP7_75t_R)
  47.43 3961.18 v _158173_/Y (OR3x2_ASAP7_75t_R)
  22.66 3983.84 v _158271_/Y (AO221x1_ASAP7_75t_R)
  32.98 4016.82 v _158272_/Y (OR5x1_ASAP7_75t_R)
  46.35 4063.17 v _158273_/Y (OR5x1_ASAP7_75t_R)
  19.78 4082.95 ^ _158274_/Y (NAND2x2_ASAP7_75t_R)
  55.14 4138.09 v _158287_/Y (OAI21x1_ASAP7_75t_R)
  50.89 4188.97 v _158298_/Y (AND2x2_ASAP7_75t_R)
  35.83 4224.80 v _158304_/Y (OA211x2_ASAP7_75t_R)
  29.40 4254.20 v _158330_/Y (XNOR2x2_ASAP7_75t_R)
  29.49 4283.70 v _158388_/Y (OR5x1_ASAP7_75t_R)
  43.07 4326.76 v _158399_/Y (AO33x2_ASAP7_75t_R)
  25.52 4352.29 v _158436_/Y (AND2x2_ASAP7_75t_R)
  79.84 4432.12 v _158437_/Y (OR3x1_ASAP7_75t_R)
  69.36 4501.48 v _158474_/Y (AND2x2_ASAP7_75t_R)
  37.44 4538.93 ^ _158476_/Y (AOI22x1_ASAP7_75t_R)
  22.97 4561.89 ^ _158477_/Y (AND2x2_ASAP7_75t_R)
  15.93 4577.82 v _158496_/Y (AOI221x1_ASAP7_75t_R)
  32.93 4610.75 v _158497_/Y (MAJx2_ASAP7_75t_R)
  24.66 4635.41 v _158571_/Y (AO21x1_ASAP7_75t_R)
  46.94 4682.35 v _158629_/Y (AO221x2_ASAP7_75t_R)
  80.71 4763.07 ^ _158672_/Y (NAND2x1_ASAP7_75t_R)
  34.83 4797.90 ^ _158689_/Y (AND2x2_ASAP7_75t_R)
  22.56 4820.46 ^ _158690_/Y (OA21x2_ASAP7_75t_R)
  19.98 4840.43 ^ _158691_/Y (OR2x2_ASAP7_75t_R)
  22.78 4863.21 ^ _158702_/Y (AND3x1_ASAP7_75t_R)
  21.75 4884.96 ^ _158720_/Y (OA21x2_ASAP7_75t_R)
  24.37 4909.33 ^ _158743_/Y (OA31x2_ASAP7_75t_R)
  15.03 4924.36 ^ _158761_/Y (OR4x1_ASAP7_75t_R)
  47.73 4972.10 ^ _158764_/Y (AND5x2_ASAP7_75t_R)
  51.96 5024.05 ^ _159054_/Y (OA21x2_ASAP7_75t_R)
 109.75 5133.81 ^ _159120_/Y (OA21x2_ASAP7_75t_R)
  57.09 5190.90 ^ _159154_/Y (AO221x1_ASAP7_75t_R)
  97.70 5288.61 ^ _159901_/Y (AND2x2_ASAP7_75t_R)
 160.23 5448.83 v _159903_/Y (NOR2x1_ASAP7_75t_R)
 112.70 5561.53 ^ _163131_/Y (NAND2x2_ASAP7_75t_R)
  35.00 5596.53 ^ load_slew954/Y (BUFx16f_ASAP7_75t_R)
  34.40 5630.93 ^ load_slew952/Y (BUFx16f_ASAP7_75t_R)
 142.80 5773.73 ^ _164753_/Y (OR2x2_ASAP7_75t_R)
  42.13 5815.86 v _201153_/Y (NAND2x1_ASAP7_75t_R)
  20.20 5836.07 v _201154_/Y (AO21x1_ASAP7_75t_R)
  25.93 5862.00 v _201155_/Y (OA211x2_ASAP7_75t_R)
  16.13 5878.13 v _201156_/Y (AO21x1_ASAP7_75t_R)
  14.80 5892.93 v _201157_/Y (AND2x2_ASAP7_75t_R)
   0.04 5892.97 v _312537_/D (DFFHQNx1_ASAP7_75t_R)
        5892.97   data arrival time

5500.00 5500.00   clock core_clk (rise edge)
   0.00 5500.00   clock source latency
   0.00 5500.00 ^ clk (in)
  43.78 5543.78 ^ wire4945/Y (BUFx10_ASAP7_75t_R)
  44.99 5588.77 ^ clkbuf_0_clk/Y (BUFx24_ASAP7_75t_R)
  27.54 5616.31 ^ clkbuf_1_1_0_clk/Y (BUFx24_ASAP7_75t_R)
  27.37 5643.69 ^ clkbuf_2_3_0_clk/Y (BUFx24_ASAP7_75t_R)
  22.31 5665.99 ^ clkbuf_3_6_0_clk/Y (BUFx24_ASAP7_75t_R)
  28.18 5694.18 ^ clkbuf_4_12_0_clk/Y (BUFx24_ASAP7_75t_R)
  26.40 5720.58 ^ clkbuf_6_50_0_clk/Y (BUFx24_ASAP7_75t_R)
  20.04 5740.61 ^ clkbuf_7_101__f_clk/Y (BUFx24_ASAP7_75t_R)
  25.26 5765.88 ^ clkbuf_leaf_500_clk/Y (BUFx24_ASAP7_75t_R)
   1.71 5767.59 ^ _312537_/CLK (DFFHQNx1_ASAP7_75t_R)
 -50.00 5717.59   clock uncertainty
   2.08 5719.67   clock reconvergence pessimism
  -0.06 5719.61   library setup time
        5719.61   data required time
---------------------------------------------------------
        5719.61   data required time
        -5892.97   data arrival time
---------------------------------------------------------
        -173.36   slack (VIOLATED)


Startpoint: _308209_ (rising edge-triggered flip-flop clocked by core_clk)
Endpoint: _312100_ (rising edge-triggered flip-flop clocked by core_clk)
Path Group: reg2reg
Path Type: max

  Delay    Time   Description
---------------------------------------------------------
   0.00    0.00   clock core_clk (rise edge)
   0.00    0.00   clock source latency
   0.00    0.00 ^ clk (in)
  44.44   44.44 ^ wire4945/Y (BUFx10_ASAP7_75t_R)
  46.42   90.85 ^ clkbuf_0_clk/Y (BUFx24_ASAP7_75t_R)
  28.76  119.62 ^ clkbuf_1_0_0_clk/Y (BUFx24_ASAP7_75t_R)
  28.26  147.87 ^ clkbuf_2_1_0_clk/Y (BUFx24_ASAP7_75t_R)
  25.61  173.49 ^ clkbuf_3_2_0_clk/Y (BUFx24_ASAP7_75t_R)
  29.85  203.33 ^ clkbuf_4_4_0_clk/Y (BUFx24_ASAP7_75t_R)
  24.35  227.68 ^ clkbuf_6_19_0_clk/Y (BUFx24_ASAP7_75t_R)
  21.69  249.37 ^ clkbuf_7_38__f_clk/Y (BUFx24_ASAP7_75t_R)
  26.71  276.08 ^ clkbuf_leaf_778_clk/Y (BUFx24_ASAP7_75t_R)
   1.89  277.97 ^ _308209_/CLK (DFFHQNx3_ASAP7_75t_R)
  56.19  334.16 ^ _308209_/QN (DFFHQNx3_ASAP7_75t_R)
  26.21  360.37 ^ wire4778/Y (BUFx16f_ASAP7_75t_R)
  56.27  416.64 ^ wire4776/Y (BUFx16f_ASAP7_75t_R)
  30.08  446.72 ^ wire4775/Y (BUFx16f_ASAP7_75t_R)
  60.47  507.19 ^ load_slew4774/Y (BUFx16f_ASAP7_75t_R)
  95.85  603.03 ^ _153629_/Y (AND2x2_ASAP7_75t_R)
 145.04  748.08 v _153630_/Y (NAND2x1_ASAP7_75t_R)
  63.27  811.35 v _153631_/Y (OA21x2_ASAP7_75t_R)
 105.27  916.62 v _153633_/Y (AND3x1_ASAP7_75t_R)
  83.72 1000.34 v _154870_/Y (AO222x2_ASAP7_75t_R)
  46.64 1046.98 v _154873_/Y (OR3x2_ASAP7_75t_R)
  53.58 1100.56 v _154878_/Y (OR5x1_ASAP7_75t_R)
  97.46 1198.02 v _154879_/Y (OR4x1_ASAP7_75t_R)
  69.73 1267.75 v _155829_/Y (OR4x1_ASAP7_75t_R)
  24.44 1292.18 v _155944_/Y (AO221x1_ASAP7_75t_R)
  50.98 1343.16 v _155949_/Y (OR5x1_ASAP7_75t_R)
  33.14 1376.30 v _156013_/Y (AND2x2_ASAP7_75t_R)
  50.65 1426.95 ^ _156016_/Y (NAND3x1_ASAP7_75t_R)
  37.85 1464.80 v _156112_/Y (AOI221x1_ASAP7_75t_R)
  25.93 1490.73 v _156115_/Y (OA21x2_ASAP7_75t_R)
  21.72 1512.45 v _156116_/Y (OR3x1_ASAP7_75t_R)
  38.61 1551.06 v _156123_/Y (AO33x2_ASAP7_75t_R)
  41.48 1592.54 ^ _156140_/Y (NAND2x1_ASAP7_75t_R)
 111.61 1704.15 ^ _156253_/Y (AO221x1_ASAP7_75t_R)
  66.42 1770.57 v _156308_/Y (NAND2x2_ASAP7_75t_R)
  47.11 1817.68 v _156311_/Y (AO21x2_ASAP7_75t_R)
  22.77 1840.45 v _156314_/Y (OA21x2_ASAP7_75t_R)
  27.66 1868.12 v _156388_/Y (AO221x1_ASAP7_75t_R)
  22.59 1890.71 v _156389_/Y (OA21x2_ASAP7_75t_R)
  24.11 1914.83 ^ _156393_/Y (AOI22x1_ASAP7_75t_R)
  54.62 1969.45 v _156410_/Y (NAND2x1_ASAP7_75t_R)
  71.78 2041.23 v _156421_/Y (AO33x2_ASAP7_75t_R)
  31.36 2072.60 ^ _156522_/Y (XNOR2x2_ASAP7_75t_R)
  25.12 2097.72 ^ _156526_/Y (AND4x1_ASAP7_75t_R)
  19.12 2116.83 ^ _156550_/Y (AO21x1_ASAP7_75t_R)
  19.18 2136.01 ^ _156551_/Y (AO21x1_ASAP7_75t_R)
  82.99 2219.01 ^ _156552_/Y (OA211x2_ASAP7_75t_R)
  82.97 2301.97 v _156555_/Y (INVx1_ASAP7_75t_R)
  32.74 2334.71 ^ _156568_/Y (OAI21x1_ASAP7_75t_R)
  34.05 2368.77 v _156616_/Y (AOI221x1_ASAP7_75t_R)
  48.33 2417.09 v _156806_/Y (OA211x2_ASAP7_75t_R)
  13.56 2430.65 ^ _156807_/Y (NAND2x1_ASAP7_75t_R)
  71.41 2502.07 ^ _156882_/Y (AO32x1_ASAP7_75t_R)
  33.66 2535.72 ^ _156995_/Y (OR2x2_ASAP7_75t_R)
  39.31 2575.03 ^ _157002_/Y (AO32x1_ASAP7_75t_R)
  35.10 2610.13 ^ _157004_/Y (XNOR2x2_ASAP7_75t_R)
  14.25 2624.38 v _157005_/Y (NOR3x1_ASAP7_75t_R)
  32.56 2656.94 v _157006_/Y (AND5x2_ASAP7_75t_R)
  28.67 2685.61 v _157078_/Y (OR3x1_ASAP7_75t_R)
  58.66 2744.27 v _157141_/Y (OA33x2_ASAP7_75t_R)
  34.02 2778.29 v _157144_/Y (OR2x2_ASAP7_75t_R)
  24.44 2802.73 v _157145_/Y (AO21x1_ASAP7_75t_R)
  25.92 2828.65 v _157196_/Y (AO32x1_ASAP7_75t_R)
  26.75 2855.41 v _157198_/Y (AO22x1_ASAP7_75t_R)
  22.89 2878.30 v _157222_/Y (AO21x1_ASAP7_75t_R)
  30.77 2909.07 v _157223_/Y (OR3x1_ASAP7_75t_R)
  42.45 2951.52 v _157312_/Y (AO21x1_ASAP7_75t_R)
  57.75 3009.27 ^ _157343_/Y (NAND2x1_ASAP7_75t_R)
  43.30 3052.57 v _157440_/Y (AOI221x1_ASAP7_75t_R)
  30.71 3083.28 v _157456_/Y (OA222x2_ASAP7_75t_R)
  22.22 3105.50 v _157459_/Y (AND5x2_ASAP7_75t_R)
  20.82 3126.32 v _157472_/Y (OA31x2_ASAP7_75t_R)
  42.25 3168.58 v _157475_/Y (OR4x2_ASAP7_75t_R)
  64.50 3233.08 ^ _157478_/Y (NAND2x1_ASAP7_75t_R)
  19.40 3252.47 v _157479_/Y (NOR2x1_ASAP7_75t_R)
  25.13 3277.60 v _157485_/Y (OA21x2_ASAP7_75t_R)
  28.32 3305.92 v _157492_/Y (AO221x1_ASAP7_75t_R)
  26.02 3331.94 v _157649_/Y (OA21x2_ASAP7_75t_R)
  24.30 3356.24 v _157651_/Y (AO21x1_ASAP7_75t_R)
  41.83 3398.07 v _157652_/Y (AO22x1_ASAP7_75t_R)
  64.09 3462.16 ^ _157732_/Y (NAND2x1_ASAP7_75t_R)
  25.46 3487.62 ^ _157764_/Y (AO21x1_ASAP7_75t_R)
  24.35 3511.96 v _157767_/Y (AOI22x1_ASAP7_75t_R)
  35.07 3547.04 v _157790_/Y (OA21x2_ASAP7_75t_R)
  18.74 3565.78 ^ _157827_/Y (AOI211x1_ASAP7_75t_R)
  19.47 3585.25 v _157842_/Y (OAI21x1_ASAP7_75t_R)
  90.29 3675.54 v _157921_/Y (AO221x1_ASAP7_75t_R)
  46.51 3722.05 v _157922_/Y (AO221x1_ASAP7_75t_R)
  27.43 3749.48 v _157925_/Y (AO32x2_ASAP7_75t_R)
  22.56 3772.04 v _157949_/Y (OA211x2_ASAP7_75t_R)
  32.14 3804.17 v _157967_/Y (AO222x2_ASAP7_75t_R)
  38.20 3842.38 v _158020_/Y (AO221x1_ASAP7_75t_R)
  28.44 3870.82 v _158084_/Y (AO211x2_ASAP7_75t_R)
  42.92 3913.75 v _158094_/Y (AND2x2_ASAP7_75t_R)
  47.43 3961.18 v _158173_/Y (OR3x2_ASAP7_75t_R)
  22.66 3983.84 v _158271_/Y (AO221x1_ASAP7_75t_R)
  32.98 4016.82 v _158272_/Y (OR5x1_ASAP7_75t_R)
  46.35 4063.17 v _158273_/Y (OR5x1_ASAP7_75t_R)
  19.78 4082.95 ^ _158274_/Y (NAND2x2_ASAP7_75t_R)
  55.14 4138.09 v _158287_/Y (OAI21x1_ASAP7_75t_R)
  50.89 4188.97 v _158298_/Y (AND2x2_ASAP7_75t_R)
  35.83 4224.80 v _158304_/Y (OA211x2_ASAP7_75t_R)
  29.40 4254.20 v _158330_/Y (XNOR2x2_ASAP7_75t_R)
  29.49 4283.70 v _158388_/Y (OR5x1_ASAP7_75t_R)
  43.07 4326.76 v _158399_/Y (AO33x2_ASAP7_75t_R)
  25.52 4352.29 v _158436_/Y (AND2x2_ASAP7_75t_R)
  79.84 4432.12 v _158437_/Y (OR3x1_ASAP7_75t_R)
  69.36 4501.48 v _158474_/Y (AND2x2_ASAP7_75t_R)
  37.44 4538.93 ^ _158476_/Y (AOI22x1_ASAP7_75t_R)
  22.97 4561.89 ^ _158477_/Y (AND2x2_ASAP7_75t_R)
  15.93 4577.82 v _158496_/Y (AOI221x1_ASAP7_75t_R)
  32.93 4610.75 v _158497_/Y (MAJx2_ASAP7_75t_R)
  24.66 4635.41 v _158571_/Y (AO21x1_ASAP7_75t_R)
  46.94 4682.35 v _158629_/Y (AO221x2_ASAP7_75t_R)
  80.71 4763.07 ^ _158672_/Y (NAND2x1_ASAP7_75t_R)
  34.83 4797.90 ^ _158689_/Y (AND2x2_ASAP7_75t_R)
  22.56 4820.46 ^ _158690_/Y (OA21x2_ASAP7_75t_R)
  19.98 4840.43 ^ _158691_/Y (OR2x2_ASAP7_75t_R)
  22.78 4863.21 ^ _158702_/Y (AND3x1_ASAP7_75t_R)
  21.75 4884.96 ^ _158720_/Y (OA21x2_ASAP7_75t_R)
  24.37 4909.33 ^ _158743_/Y (OA31x2_ASAP7_75t_R)
  15.03 4924.36 ^ _158761_/Y (OR4x1_ASAP7_75t_R)
  47.73 4972.10 ^ _158764_/Y (AND5x2_ASAP7_75t_R)
  51.96 5024.05 ^ _159054_/Y (OA21x2_ASAP7_75t_R)
 109.75 5133.81 ^ _159120_/Y (OA21x2_ASAP7_75t_R)
  57.09 5190.90 ^ _159154_/Y (AO221x1_ASAP7_75t_R)
  97.70 5288.61 ^ _159901_/Y (AND2x2_ASAP7_75t_R)
 160.23 5448.83 v _159903_/Y (NOR2x1_ASAP7_75t_R)
 112.70 5561.53 ^ _163131_/Y (NAND2x2_ASAP7_75t_R)
  35.00 5596.53 ^ load_slew954/Y (BUFx16f_ASAP7_75t_R)
  34.40 5630.93 ^ load_slew952/Y (BUFx16f_ASAP7_75t_R)
 126.57 5757.49 ^ _163132_/Y (OR2x2_ASAP7_75t_R)
  57.70 5815.19 v _194534_/Y (NAND2x1_ASAP7_75t_R)
  19.99 5835.18 v _194535_/Y (AO21x1_ASAP7_75t_R)
  25.70 5860.88 v _194536_/Y (OA211x2_ASAP7_75t_R)
  16.70 5877.58 v _194537_/Y (AO21x1_ASAP7_75t_R)
  14.66 5892.24 v _194538_/Y (AND2x2_ASAP7_75t_R)
   0.07 5892.31 v _312100_/D (DFFHQNx1_ASAP7_75t_R)
        5892.31   data arrival time

5500.00 5500.00   clock core_clk (rise edge)
   0.00 5500.00   clock source latency
   0.00 5500.00 ^ clk (in)
  43.78 5543.78 ^ wire4945/Y (BUFx10_ASAP7_75t_R)
  44.99 5588.77 ^ clkbuf_0_clk/Y (BUFx24_ASAP7_75t_R)
  27.54 5616.31 ^ clkbuf_1_1_0_clk/Y (BUFx24_ASAP7_75t_R)
  27.37 5643.69 ^ clkbuf_2_3_0_clk/Y (BUFx24_ASAP7_75t_R)
  22.31 5665.99 ^ clkbuf_3_6_0_clk/Y (BUFx24_ASAP7_75t_R)
  27.65 5693.64 ^ clkbuf_4_13_0_clk/Y (BUFx24_ASAP7_75t_R)
  25.02 5718.66 ^ clkbuf_6_54_0_clk/Y (BUFx24_ASAP7_75t_R)
  20.47 5739.13 ^ clkbuf_7_109__f_clk/Y (BUFx24_ASAP7_75t_R)
  25.45 5764.58 ^ clkbuf_leaf_488_clk/Y (BUFx24_ASAP7_75t_R)
   2.54 5767.13 ^ _312100_/CLK (DFFHQNx1_ASAP7_75t_R)
 -50.00 5717.13   clock uncertainty
   2.08 5719.21   clock reconvergence pessimism
  -0.18 5719.03   library setup time
        5719.03   data required time
---------------------------------------------------------
        5719.03   data required time
        -5892.31   data arrival time
---------------------------------------------------------
        -173.28   slack (VIOLATED)


Startpoint: _308209_ (rising edge-triggered flip-flop clocked by core_clk)
Endpoint: _312530_ (rising edge-triggered flip-flop clocked by core_clk)
Path Group: reg2reg
Path Type: max

  Delay    Time   Description
---------------------------------------------------------
   0.00    0.00   clock core_clk (rise edge)
   0.00    0.00   clock source latency
   0.00    0.00 ^ clk (in)
  44.44   44.44 ^ wire4945/Y (BUFx10_ASAP7_75t_R)
  46.42   90.85 ^ clkbuf_0_clk/Y (BUFx24_ASAP7_75t_R)
  28.76  119.62 ^ clkbuf_1_0_0_clk/Y (BUFx24_ASAP7_75t_R)
  28.26  147.87 ^ clkbuf_2_1_0_clk/Y (BUFx24_ASAP7_75t_R)
  25.61  173.49 ^ clkbuf_3_2_0_clk/Y (BUFx24_ASAP7_75t_R)
  29.85  203.33 ^ clkbuf_4_4_0_clk/Y (BUFx24_ASAP7_75t_R)
  24.35  227.68 ^ clkbuf_6_19_0_clk/Y (BUFx24_ASAP7_75t_R)
  21.69  249.37 ^ clkbuf_7_38__f_clk/Y (BUFx24_ASAP7_75t_R)
  26.71  276.08 ^ clkbuf_leaf_778_clk/Y (BUFx24_ASAP7_75t_R)
   1.89  277.97 ^ _308209_/CLK (DFFHQNx3_ASAP7_75t_R)
  56.19  334.16 ^ _308209_/QN (DFFHQNx3_ASAP7_75t_R)
  26.21  360.37 ^ wire4778/Y (BUFx16f_ASAP7_75t_R)
  56.27  416.64 ^ wire4776/Y (BUFx16f_ASAP7_75t_R)
  30.08  446.72 ^ wire4775/Y (BUFx16f_ASAP7_75t_R)
  60.47  507.19 ^ load_slew4774/Y (BUFx16f_ASAP7_75t_R)
  95.85  603.03 ^ _153629_/Y (AND2x2_ASAP7_75t_R)
 145.04  748.08 v _153630_/Y (NAND2x1_ASAP7_75t_R)
  63.27  811.35 v _153631_/Y (OA21x2_ASAP7_75t_R)
 105.27  916.62 v _153633_/Y (AND3x1_ASAP7_75t_R)
  83.72 1000.34 v _154870_/Y (AO222x2_ASAP7_75t_R)
  46.64 1046.98 v _154873_/Y (OR3x2_ASAP7_75t_R)
  53.58 1100.56 v _154878_/Y (OR5x1_ASAP7_75t_R)
  97.46 1198.02 v _154879_/Y (OR4x1_ASAP7_75t_R)
  69.73 1267.75 v _155829_/Y (OR4x1_ASAP7_75t_R)
  24.44 1292.18 v _155944_/Y (AO221x1_ASAP7_75t_R)
  50.98 1343.16 v _155949_/Y (OR5x1_ASAP7_75t_R)
  33.14 1376.30 v _156013_/Y (AND2x2_ASAP7_75t_R)
  50.65 1426.95 ^ _156016_/Y (NAND3x1_ASAP7_75t_R)
  37.85 1464.80 v _156112_/Y (AOI221x1_ASAP7_75t_R)
  25.93 1490.73 v _156115_/Y (OA21x2_ASAP7_75t_R)
  21.72 1512.45 v _156116_/Y (OR3x1_ASAP7_75t_R)
  38.61 1551.06 v _156123_/Y (AO33x2_ASAP7_75t_R)
  41.48 1592.54 ^ _156140_/Y (NAND2x1_ASAP7_75t_R)
 111.61 1704.15 ^ _156253_/Y (AO221x1_ASAP7_75t_R)
  66.42 1770.57 v _156308_/Y (NAND2x2_ASAP7_75t_R)
  47.11 1817.68 v _156311_/Y (AO21x2_ASAP7_75t_R)
  22.77 1840.45 v _156314_/Y (OA21x2_ASAP7_75t_R)
  27.66 1868.12 v _156388_/Y (AO221x1_ASAP7_75t_R)
  22.59 1890.71 v _156389_/Y (OA21x2_ASAP7_75t_R)
  24.11 1914.83 ^ _156393_/Y (AOI22x1_ASAP7_75t_R)
  54.62 1969.45 v _156410_/Y (NAND2x1_ASAP7_75t_R)
  71.78 2041.23 v _156421_/Y (AO33x2_ASAP7_75t_R)
  31.36 2072.60 ^ _156522_/Y (XNOR2x2_ASAP7_75t_R)
  25.12 2097.72 ^ _156526_/Y (AND4x1_ASAP7_75t_R)
  19.12 2116.83 ^ _156550_/Y (AO21x1_ASAP7_75t_R)
  19.18 2136.01 ^ _156551_/Y (AO21x1_ASAP7_75t_R)
  82.99 2219.01 ^ _156552_/Y (OA211x2_ASAP7_75t_R)
  82.97 2301.97 v _156555_/Y (INVx1_ASAP7_75t_R)
  32.74 2334.71 ^ _156568_/Y (OAI21x1_ASAP7_75t_R)
  34.05 2368.77 v _156616_/Y (AOI221x1_ASAP7_75t_R)
  48.33 2417.09 v _156806_/Y (OA211x2_ASAP7_75t_R)
  13.56 2430.65 ^ _156807_/Y (NAND2x1_ASAP7_75t_R)
  71.41 2502.07 ^ _156882_/Y (AO32x1_ASAP7_75t_R)
  33.66 2535.72 ^ _156995_/Y (OR2x2_ASAP7_75t_R)
  39.31 2575.03 ^ _157002_/Y (AO32x1_ASAP7_75t_R)
  35.10 2610.13 ^ _157004_/Y (XNOR2x2_ASAP7_75t_R)
  14.25 2624.38 v _157005_/Y (NOR3x1_ASAP7_75t_R)
  32.56 2656.94 v _157006_/Y (AND5x2_ASAP7_75t_R)
  28.67 2685.61 v _157078_/Y (OR3x1_ASAP7_75t_R)
  58.66 2744.27 v _157141_/Y (OA33x2_ASAP7_75t_R)
  34.02 2778.29 v _157144_/Y (OR2x2_ASAP7_75t_R)
  24.44 2802.73 v _157145_/Y (AO21x1_ASAP7_75t_R)
  25.92 2828.65 v _157196_/Y (AO32x1_ASAP7_75t_R)
  26.75 2855.41 v _157198_/Y (AO22x1_ASAP7_75t_R)
  22.89 2878.30 v _157222_/Y (AO21x1_ASAP7_75t_R)
  30.77 2909.07 v _157223_/Y (OR3x1_ASAP7_75t_R)
  42.45 2951.52 v _157312_/Y (AO21x1_ASAP7_75t_R)
  57.75 3009.27 ^ _157343_/Y (NAND2x1_ASAP7_75t_R)
  43.30 3052.57 v _157440_/Y (AOI221x1_ASAP7_75t_R)
  30.71 3083.28 v _157456_/Y (OA222x2_ASAP7_75t_R)
  22.22 3105.50 v _157459_/Y (AND5x2_ASAP7_75t_R)
  20.82 3126.32 v _157472_/Y (OA31x2_ASAP7_75t_R)
  42.25 3168.58 v _157475_/Y (OR4x2_ASAP7_75t_R)
  64.50 3233.08 ^ _157478_/Y (NAND2x1_ASAP7_75t_R)
  19.40 3252.47 v _157479_/Y (NOR2x1_ASAP7_75t_R)
  25.13 3277.60 v _157485_/Y (OA21x2_ASAP7_75t_R)
  28.32 3305.92 v _157492_/Y (AO221x1_ASAP7_75t_R)
  26.02 3331.94 v _157649_/Y (OA21x2_ASAP7_75t_R)
  24.30 3356.24 v _157651_/Y (AO21x1_ASAP7_75t_R)
  41.83 3398.07 v _157652_/Y (AO22x1_ASAP7_75t_R)
  64.09 3462.16 ^ _157732_/Y (NAND2x1_ASAP7_75t_R)
  25.46 3487.62 ^ _157764_/Y (AO21x1_ASAP7_75t_R)
  24.35 3511.96 v _157767_/Y (AOI22x1_ASAP7_75t_R)
  35.07 3547.04 v _157790_/Y (OA21x2_ASAP7_75t_R)
  18.74 3565.78 ^ _157827_/Y (AOI211x1_ASAP7_75t_R)
  19.47 3585.25 v _157842_/Y (OAI21x1_ASAP7_75t_R)
  90.29 3675.54 v _157921_/Y (AO221x1_ASAP7_75t_R)
  46.51 3722.05 v _157922_/Y (AO221x1_ASAP7_75t_R)
  27.43 3749.48 v _157925_/Y (AO32x2_ASAP7_75t_R)
  22.56 3772.04 v _157949_/Y (OA211x2_ASAP7_75t_R)
  32.14 3804.17 v _157967_/Y (AO222x2_ASAP7_75t_R)
  38.20 3842.38 v _158020_/Y (AO221x1_ASAP7_75t_R)
  28.44 3870.82 v _158084_/Y (AO211x2_ASAP7_75t_R)
  42.92 3913.75 v _158094_/Y (AND2x2_ASAP7_75t_R)
  47.43 3961.18 v _158173_/Y (OR3x2_ASAP7_75t_R)
  22.66 3983.84 v _158271_/Y (AO221x1_ASAP7_75t_R)
  32.98 4016.82 v _158272_/Y (OR5x1_ASAP7_75t_R)
  46.35 4063.17 v _158273_/Y (OR5x1_ASAP7_75t_R)
  19.78 4082.95 ^ _158274_/Y (NAND2x2_ASAP7_75t_R)
  55.14 4138.09 v _158287_/Y (OAI21x1_ASAP7_75t_R)
  50.89 4188.97 v _158298_/Y (AND2x2_ASAP7_75t_R)
  35.83 4224.80 v _158304_/Y (OA211x2_ASAP7_75t_R)
  29.40 4254.20 v _158330_/Y (XNOR2x2_ASAP7_75t_R)
  29.49 4283.70 v _158388_/Y (OR5x1_ASAP7_75t_R)
  43.07 4326.76 v _158399_/Y (AO33x2_ASAP7_75t_R)
  25.52 4352.29 v _158436_/Y (AND2x2_ASAP7_75t_R)
  79.84 4432.12 v _158437_/Y (OR3x1_ASAP7_75t_R)
  69.36 4501.48 v _158474_/Y (AND2x2_ASAP7_75t_R)
  37.44 4538.93 ^ _158476_/Y (AOI22x1_ASAP7_75t_R)
  22.97 4561.89 ^ _158477_/Y (AND2x2_ASAP7_75t_R)
  15.93 4577.82 v _158496_/Y (AOI221x1_ASAP7_75t_R)
  32.93 4610.75 v _158497_/Y (MAJx2_ASAP7_75t_R)
  24.66 4635.41 v _158571_/Y (AO21x1_ASAP7_75t_R)
  46.94 4682.35 v _158629_/Y (AO221x2_ASAP7_75t_R)
  80.71 4763.07 ^ _158672_/Y (NAND2x1_ASAP7_75t_R)
  34.83 4797.90 ^ _158689_/Y (AND2x2_ASAP7_75t_R)
  22.56 4820.46 ^ _158690_/Y (OA21x2_ASAP7_75t_R)
  19.98 4840.43 ^ _158691_/Y (OR2x2_ASAP7_75t_R)
  22.78 4863.21 ^ _158702_/Y (AND3x1_ASAP7_75t_R)
  21.75 4884.96 ^ _158720_/Y (OA21x2_ASAP7_75t_R)
  24.37 4909.33 ^ _158743_/Y (OA31x2_ASAP7_75t_R)
  15.03 4924.36 ^ _158761_/Y (OR4x1_ASAP7_75t_R)
  47.73 4972.10 ^ _158764_/Y (AND5x2_ASAP7_75t_R)
  51.96 5024.05 ^ _159054_/Y (OA21x2_ASAP7_75t_R)
 109.75 5133.81 ^ _159120_/Y (OA21x2_ASAP7_75t_R)
  57.09 5190.90 ^ _159154_/Y (AO221x1_ASAP7_75t_R)
  97.70 5288.61 ^ _159901_/Y (AND2x2_ASAP7_75t_R)
 160.23 5448.83 v _159903_/Y (NOR2x1_ASAP7_75t_R)
 112.70 5561.53 ^ _163131_/Y (NAND2x2_ASAP7_75t_R)
  35.00 5596.53 ^ load_slew954/Y (BUFx16f_ASAP7_75t_R)
  34.40 5630.93 ^ load_slew952/Y (BUFx16f_ASAP7_75t_R)
 142.80 5773.73 ^ _164753_/Y (OR2x2_ASAP7_75t_R)
  38.49 5812.22 v _201105_/Y (NAND2x1_ASAP7_75t_R)
  20.47 5832.69 v _201106_/Y (AO21x1_ASAP7_75t_R)
  26.05 5858.75 v _201107_/Y (OA211x2_ASAP7_75t_R)
  17.41 5876.16 v _201108_/Y (AO21x1_ASAP7_75t_R)
  15.31 5891.47 v _201109_/Y (AND2x2_ASAP7_75t_R)
   0.10 5891.57 v _312530_/D (DFFHQNx1_ASAP7_75t_R)
        5891.57   data arrival time

5500.00 5500.00   clock core_clk (rise edge)
   0.00 5500.00   clock source latency
   0.00 5500.00 ^ clk (in)
  43.78 5543.78 ^ wire4945/Y (BUFx10_ASAP7_75t_R)
  44.99 5588.77 ^ clkbuf_0_clk/Y (BUFx24_ASAP7_75t_R)
  27.54 5616.31 ^ clkbuf_1_1_0_clk/Y (BUFx24_ASAP7_75t_R)
  27.73 5644.04 ^ clkbuf_2_2_0_clk/Y (BUFx24_ASAP7_75t_R)
  26.01 5670.06 ^ clkbuf_3_4_0_clk/Y (BUFx24_ASAP7_75t_R)
  27.87 5697.93 ^ clkbuf_4_9_0_clk/Y (BUFx24_ASAP7_75t_R)
  24.15 5722.08 ^ clkbuf_6_39_0_clk/Y (BUFx24_ASAP7_75t_R)
  20.11 5742.19 ^ clkbuf_7_79__f_clk/Y (BUFx24_ASAP7_75t_R)
  24.04 5766.22 ^ clkbuf_leaf_434_clk/Y (BUFx24_ASAP7_75t_R)
   0.88 5767.11 ^ _312530_/CLK (DFFHQNx1_ASAP7_75t_R)
 -50.00 5717.11   clock uncertainty
   2.08 5719.19   clock reconvergence pessimism
  -0.69 5718.50   library setup time
        5718.50   data required time
---------------------------------------------------------
        5718.50   data required time
        -5891.57   data arrival time
---------------------------------------------------------
        -173.07   slack (VIOLATED)


Startpoint: _308209_ (rising edge-triggered flip-flop clocked by core_clk)
Endpoint: _312543_ (rising edge-triggered flip-flop clocked by core_clk)
Path Group: reg2reg
Path Type: max

  Delay    Time   Description
---------------------------------------------------------
   0.00    0.00   clock core_clk (rise edge)
   0.00    0.00   clock source latency
   0.00    0.00 ^ clk (in)
  44.44   44.44 ^ wire4945/Y (BUFx10_ASAP7_75t_R)
  46.42   90.85 ^ clkbuf_0_clk/Y (BUFx24_ASAP7_75t_R)
  28.76  119.62 ^ clkbuf_1_0_0_clk/Y (BUFx24_ASAP7_75t_R)
  28.26  147.87 ^ clkbuf_2_1_0_clk/Y (BUFx24_ASAP7_75t_R)
  25.61  173.49 ^ clkbuf_3_2_0_clk/Y (BUFx24_ASAP7_75t_R)
  29.85  203.33 ^ clkbuf_4_4_0_clk/Y (BUFx24_ASAP7_75t_R)
  24.35  227.68 ^ clkbuf_6_19_0_clk/Y (BUFx24_ASAP7_75t_R)
  21.69  249.37 ^ clkbuf_7_38__f_clk/Y (BUFx24_ASAP7_75t_R)
  26.71  276.08 ^ clkbuf_leaf_778_clk/Y (BUFx24_ASAP7_75t_R)
   1.89  277.97 ^ _308209_/CLK (DFFHQNx3_ASAP7_75t_R)
  56.19  334.16 ^ _308209_/QN (DFFHQNx3_ASAP7_75t_R)
  26.21  360.37 ^ wire4778/Y (BUFx16f_ASAP7_75t_R)
  56.27  416.64 ^ wire4776/Y (BUFx16f_ASAP7_75t_R)
  30.08  446.72 ^ wire4775/Y (BUFx16f_ASAP7_75t_R)
  60.47  507.19 ^ load_slew4774/Y (BUFx16f_ASAP7_75t_R)
  95.85  603.03 ^ _153629_/Y (AND2x2_ASAP7_75t_R)
 145.04  748.08 v _153630_/Y (NAND2x1_ASAP7_75t_R)
  63.27  811.35 v _153631_/Y (OA21x2_ASAP7_75t_R)
 105.27  916.62 v _153633_/Y (AND3x1_ASAP7_75t_R)
  83.72 1000.34 v _154870_/Y (AO222x2_ASAP7_75t_R)
  46.64 1046.98 v _154873_/Y (OR3x2_ASAP7_75t_R)
  53.58 1100.56 v _154878_/Y (OR5x1_ASAP7_75t_R)
  97.46 1198.02 v _154879_/Y (OR4x1_ASAP7_75t_R)
  69.73 1267.75 v _155829_/Y (OR4x1_ASAP7_75t_R)
  24.44 1292.18 v _155944_/Y (AO221x1_ASAP7_75t_R)
  50.98 1343.16 v _155949_/Y (OR5x1_ASAP7_75t_R)
  33.14 1376.30 v _156013_/Y (AND2x2_ASAP7_75t_R)
  50.65 1426.95 ^ _156016_/Y (NAND3x1_ASAP7_75t_R)
  37.85 1464.80 v _156112_/Y (AOI221x1_ASAP7_75t_R)
  25.93 1490.73 v _156115_/Y (OA21x2_ASAP7_75t_R)
  21.72 1512.45 v _156116_/Y (OR3x1_ASAP7_75t_R)
  38.61 1551.06 v _156123_/Y (AO33x2_ASAP7_75t_R)
  41.48 1592.54 ^ _156140_/Y (NAND2x1_ASAP7_75t_R)
 111.61 1704.15 ^ _156253_/Y (AO221x1_ASAP7_75t_R)
  66.42 1770.57 v _156308_/Y (NAND2x2_ASAP7_75t_R)
  47.11 1817.68 v _156311_/Y (AO21x2_ASAP7_75t_R)
  22.77 1840.45 v _156314_/Y (OA21x2_ASAP7_75t_R)
  27.66 1868.12 v _156388_/Y (AO221x1_ASAP7_75t_R)
  22.59 1890.71 v _156389_/Y (OA21x2_ASAP7_75t_R)
  24.11 1914.83 ^ _156393_/Y (AOI22x1_ASAP7_75t_R)
  54.62 1969.45 v _156410_/Y (NAND2x1_ASAP7_75t_R)
  71.78 2041.23 v _156421_/Y (AO33x2_ASAP7_75t_R)
  31.36 2072.60 ^ _156522_/Y (XNOR2x2_ASAP7_75t_R)
  25.12 2097.72 ^ _156526_/Y (AND4x1_ASAP7_75t_R)
  19.12 2116.83 ^ _156550_/Y (AO21x1_ASAP7_75t_R)
  19.18 2136.01 ^ _156551_/Y (AO21x1_ASAP7_75t_R)
  82.99 2219.01 ^ _156552_/Y (OA211x2_ASAP7_75t_R)
  82.97 2301.97 v _156555_/Y (INVx1_ASAP7_75t_R)
  32.74 2334.71 ^ _156568_/Y (OAI21x1_ASAP7_75t_R)
  34.05 2368.77 v _156616_/Y (AOI221x1_ASAP7_75t_R)
  48.33 2417.09 v _156806_/Y (OA211x2_ASAP7_75t_R)
  13.56 2430.65 ^ _156807_/Y (NAND2x1_ASAP7_75t_R)
  71.41 2502.07 ^ _156882_/Y (AO32x1_ASAP7_75t_R)
  33.66 2535.72 ^ _156995_/Y (OR2x2_ASAP7_75t_R)
  39.31 2575.03 ^ _157002_/Y (AO32x1_ASAP7_75t_R)
  35.10 2610.13 ^ _157004_/Y (XNOR2x2_ASAP7_75t_R)
  14.25 2624.38 v _157005_/Y (NOR3x1_ASAP7_75t_R)
  32.56 2656.94 v _157006_/Y (AND5x2_ASAP7_75t_R)
  28.67 2685.61 v _157078_/Y (OR3x1_ASAP7_75t_R)
  58.66 2744.27 v _157141_/Y (OA33x2_ASAP7_75t_R)
  34.02 2778.29 v _157144_/Y (OR2x2_ASAP7_75t_R)
  24.44 2802.73 v _157145_/Y (AO21x1_ASAP7_75t_R)
  25.92 2828.65 v _157196_/Y (AO32x1_ASAP7_75t_R)
  26.75 2855.41 v _157198_/Y (AO22x1_ASAP7_75t_R)
  22.89 2878.30 v _157222_/Y (AO21x1_ASAP7_75t_R)
  30.77 2909.07 v _157223_/Y (OR3x1_ASAP7_75t_R)
  42.45 2951.52 v _157312_/Y (AO21x1_ASAP7_75t_R)
  57.75 3009.27 ^ _157343_/Y (NAND2x1_ASAP7_75t_R)
  43.30 3052.57 v _157440_/Y (AOI221x1_ASAP7_75t_R)
  30.71 3083.28 v _157456_/Y (OA222x2_ASAP7_75t_R)
  22.22 3105.50 v _157459_/Y (AND5x2_ASAP7_75t_R)
  20.82 3126.32 v _157472_/Y (OA31x2_ASAP7_75t_R)
  42.25 3168.58 v _157475_/Y (OR4x2_ASAP7_75t_R)
  64.50 3233.08 ^ _157478_/Y (NAND2x1_ASAP7_75t_R)
  19.40 3252.47 v _157479_/Y (NOR2x1_ASAP7_75t_R)
  25.13 3277.60 v _157485_/Y (OA21x2_ASAP7_75t_R)
  28.32 3305.92 v _157492_/Y (AO221x1_ASAP7_75t_R)
  26.02 3331.94 v _157649_/Y (OA21x2_ASAP7_75t_R)
  24.30 3356.24 v _157651_/Y (AO21x1_ASAP7_75t_R)
  41.83 3398.07 v _157652_/Y (AO22x1_ASAP7_75t_R)
  64.09 3462.16 ^ _157732_/Y (NAND2x1_ASAP7_75t_R)
  25.46 3487.62 ^ _157764_/Y (AO21x1_ASAP7_75t_R)
  24.35 3511.96 v _157767_/Y (AOI22x1_ASAP7_75t_R)
  35.07 3547.04 v _157790_/Y (OA21x2_ASAP7_75t_R)
  18.74 3565.78 ^ _157827_/Y (AOI211x1_ASAP7_75t_R)
  19.47 3585.25 v _157842_/Y (OAI21x1_ASAP7_75t_R)
  90.29 3675.54 v _157921_/Y (AO221x1_ASAP7_75t_R)
  46.51 3722.05 v _157922_/Y (AO221x1_ASAP7_75t_R)
  27.43 3749.48 v _157925_/Y (AO32x2_ASAP7_75t_R)
  22.56 3772.04 v _157949_/Y (OA211x2_ASAP7_75t_R)
  32.14 3804.17 v _157967_/Y (AO222x2_ASAP7_75t_R)
  38.20 3842.38 v _158020_/Y (AO221x1_ASAP7_75t_R)
  28.44 3870.82 v _158084_/Y (AO211x2_ASAP7_75t_R)
  42.92 3913.75 v _158094_/Y (AND2x2_ASAP7_75t_R)
  47.43 3961.18 v _158173_/Y (OR3x2_ASAP7_75t_R)
  22.66 3983.84 v _158271_/Y (AO221x1_ASAP7_75t_R)
  32.98 4016.82 v _158272_/Y (OR5x1_ASAP7_75t_R)
  46.35 4063.17 v _158273_/Y (OR5x1_ASAP7_75t_R)
  19.78 4082.95 ^ _158274_/Y (NAND2x2_ASAP7_75t_R)
  55.14 4138.09 v _158287_/Y (OAI21x1_ASAP7_75t_R)
  50.89 4188.97 v _158298_/Y (AND2x2_ASAP7_75t_R)
  35.83 4224.80 v _158304_/Y (OA211x2_ASAP7_75t_R)
  29.40 4254.20 v _158330_/Y (XNOR2x2_ASAP7_75t_R)
  29.49 4283.70 v _158388_/Y (OR5x1_ASAP7_75t_R)
  43.07 4326.76 v _158399_/Y (AO33x2_ASAP7_75t_R)
  25.52 4352.29 v _158436_/Y (AND2x2_ASAP7_75t_R)
  79.84 4432.12 v _158437_/Y (OR3x1_ASAP7_75t_R)
  69.36 4501.48 v _158474_/Y (AND2x2_ASAP7_75t_R)
  37.44 4538.93 ^ _158476_/Y (AOI22x1_ASAP7_75t_R)
  22.97 4561.89 ^ _158477_/Y (AND2x2_ASAP7_75t_R)
  15.93 4577.82 v _158496_/Y (AOI221x1_ASAP7_75t_R)
  32.93 4610.75 v _158497_/Y (MAJx2_ASAP7_75t_R)
  24.66 4635.41 v _158571_/Y (AO21x1_ASAP7_75t_R)
  46.94 4682.35 v _158629_/Y (AO221x2_ASAP7_75t_R)
  80.71 4763.07 ^ _158672_/Y (NAND2x1_ASAP7_75t_R)
  34.83 4797.90 ^ _158689_/Y (AND2x2_ASAP7_75t_R)
  22.56 4820.46 ^ _158690_/Y (OA21x2_ASAP7_75t_R)
  19.98 4840.43 ^ _158691_/Y (OR2x2_ASAP7_75t_R)
  22.78 4863.21 ^ _158702_/Y (AND3x1_ASAP7_75t_R)
  21.75 4884.96 ^ _158720_/Y (OA21x2_ASAP7_75t_R)
  24.37 4909.33 ^ _158743_/Y (OA31x2_ASAP7_75t_R)
  15.03 4924.36 ^ _158761_/Y (OR4x1_ASAP7_75t_R)
  47.73 4972.10 ^ _158764_/Y (AND5x2_ASAP7_75t_R)
  51.96 5024.05 ^ _159054_/Y (OA21x2_ASAP7_75t_R)
 109.75 5133.81 ^ _159120_/Y (OA21x2_ASAP7_75t_R)
  57.09 5190.90 ^ _159154_/Y (AO221x1_ASAP7_75t_R)
  97.70 5288.61 ^ _159901_/Y (AND2x2_ASAP7_75t_R)
 160.23 5448.83 v _159903_/Y (NOR2x1_ASAP7_75t_R)
 112.70 5561.53 ^ _163131_/Y (NAND2x2_ASAP7_75t_R)
  35.00 5596.53 ^ load_slew954/Y (BUFx16f_ASAP7_75t_R)
  34.40 5630.93 ^ load_slew952/Y (BUFx16f_ASAP7_75t_R)
 142.80 5773.73 ^ _164753_/Y (OR2x2_ASAP7_75t_R)
  40.07 5813.80 v _201194_/Y (NAND2x1_ASAP7_75t_R)
  20.28 5834.08 v _201195_/Y (AO21x1_ASAP7_75t_R)
  25.88 5859.95 v _201197_/Y (OA211x2_ASAP7_75t_R)
  15.86 5875.81 v _201198_/Y (AO21x1_ASAP7_75t_R)
  14.74 5890.56 v _201199_/Y (AND2x2_ASAP7_75t_R)
   0.05 5890.61 v _312543_/D (DFFHQNx1_ASAP7_75t_R)
        5890.61   data arrival time

5500.00 5500.00   clock core_clk (rise edge)
   0.00 5500.00   clock source latency
   0.00 5500.00 ^ clk (in)
  43.78 5543.78 ^ wire4945/Y (BUFx10_ASAP7_75t_R)
  44.99 5588.77 ^ clkbuf_0_clk/Y (BUFx24_ASAP7_75t_R)
  27.54 5616.31 ^ clkbuf_1_1_0_clk/Y (BUFx24_ASAP7_75t_R)
  27.37 5643.69 ^ clkbuf_2_3_0_clk/Y (BUFx24_ASAP7_75t_R)
  25.30 5668.98 ^ clkbuf_3_7_0_clk/Y (BUFx24_ASAP7_75t_R)
  28.72 5697.71 ^ clkbuf_4_14_0_clk/Y (BUFx24_ASAP7_75t_R)
  22.00 5719.71 ^ clkbuf_6_57_0_clk/Y (BUFx24_ASAP7_75t_R)
  19.69 5739.40 ^ clkbuf_7_115__f_clk/Y (BUFx24_ASAP7_75t_R)
  23.33 5762.73 ^ clkbuf_leaf_503_clk/Y (BUFx24_ASAP7_75t_R)
   2.76 5765.49 ^ _312543_/CLK (DFFHQNx1_ASAP7_75t_R)
 -50.00 5715.49   clock uncertainty
   2.08 5717.57   clock reconvergence pessimism
   0.01 5717.58   library setup time
        5717.58   data required time
---------------------------------------------------------
        5717.58   data required time
        -5890.61   data arrival time
---------------------------------------------------------
        -173.03   slack (VIOLATED)


Startpoint: _308209_ (rising edge-triggered flip-flop clocked by core_clk)
Endpoint: _312104_ (rising edge-triggered flip-flop clocked by core_clk)
Path Group: reg2reg
Path Type: max

  Delay    Time   Description
---------------------------------------------------------
   0.00    0.00   clock core_clk (rise edge)
   0.00    0.00   clock source latency
   0.00    0.00 ^ clk (in)
  44.44   44.44 ^ wire4945/Y (BUFx10_ASAP7_75t_R)
  46.42   90.85 ^ clkbuf_0_clk/Y (BUFx24_ASAP7_75t_R)
  28.76  119.62 ^ clkbuf_1_0_0_clk/Y (BUFx24_ASAP7_75t_R)
  28.26  147.87 ^ clkbuf_2_1_0_clk/Y (BUFx24_ASAP7_75t_R)
  25.61  173.49 ^ clkbuf_3_2_0_clk/Y (BUFx24_ASAP7_75t_R)
  29.85  203.33 ^ clkbuf_4_4_0_clk/Y (BUFx24_ASAP7_75t_R)
  24.35  227.68 ^ clkbuf_6_19_0_clk/Y (BUFx24_ASAP7_75t_R)
  21.69  249.37 ^ clkbuf_7_38__f_clk/Y (BUFx24_ASAP7_75t_R)
  26.71  276.08 ^ clkbuf_leaf_778_clk/Y (BUFx24_ASAP7_75t_R)
   1.89  277.97 ^ _308209_/CLK (DFFHQNx3_ASAP7_75t_R)
  56.19  334.16 ^ _308209_/QN (DFFHQNx3_ASAP7_75t_R)
  26.21  360.37 ^ wire4778/Y (BUFx16f_ASAP7_75t_R)
  56.27  416.64 ^ wire4776/Y (BUFx16f_ASAP7_75t_R)
  30.08  446.72 ^ wire4775/Y (BUFx16f_ASAP7_75t_R)
  60.47  507.19 ^ load_slew4774/Y (BUFx16f_ASAP7_75t_R)
  95.85  603.03 ^ _153629_/Y (AND2x2_ASAP7_75t_R)
 145.04  748.08 v _153630_/Y (NAND2x1_ASAP7_75t_R)
  63.27  811.35 v _153631_/Y (OA21x2_ASAP7_75t_R)
 105.27  916.62 v _153633_/Y (AND3x1_ASAP7_75t_R)
  83.72 1000.34 v _154870_/Y (AO222x2_ASAP7_75t_R)
  46.64 1046.98 v _154873_/Y (OR3x2_ASAP7_75t_R)
  53.58 1100.56 v _154878_/Y (OR5x1_ASAP7_75t_R)
  97.46 1198.02 v _154879_/Y (OR4x1_ASAP7_75t_R)
  69.73 1267.75 v _155829_/Y (OR4x1_ASAP7_75t_R)
  24.44 1292.18 v _155944_/Y (AO221x1_ASAP7_75t_R)
  50.98 1343.16 v _155949_/Y (OR5x1_ASAP7_75t_R)
  33.14 1376.30 v _156013_/Y (AND2x2_ASAP7_75t_R)
  50.65 1426.95 ^ _156016_/Y (NAND3x1_ASAP7_75t_R)
  37.85 1464.80 v _156112_/Y (AOI221x1_ASAP7_75t_R)
  25.93 1490.73 v _156115_/Y (OA21x2_ASAP7_75t_R)
  21.72 1512.45 v _156116_/Y (OR3x1_ASAP7_75t_R)
  38.61 1551.06 v _156123_/Y (AO33x2_ASAP7_75t_R)
  41.48 1592.54 ^ _156140_/Y (NAND2x1_ASAP7_75t_R)
 111.61 1704.15 ^ _156253_/Y (AO221x1_ASAP7_75t_R)
  66.42 1770.57 v _156308_/Y (NAND2x2_ASAP7_75t_R)
  47.11 1817.68 v _156311_/Y (AO21x2_ASAP7_75t_R)
  22.77 1840.45 v _156314_/Y (OA21x2_ASAP7_75t_R)
  27.66 1868.12 v _156388_/Y (AO221x1_ASAP7_75t_R)
  22.59 1890.71 v _156389_/Y (OA21x2_ASAP7_75t_R)
  24.11 1914.83 ^ _156393_/Y (AOI22x1_ASAP7_75t_R)
  54.62 1969.45 v _156410_/Y (NAND2x1_ASAP7_75t_R)
  71.78 2041.23 v _156421_/Y (AO33x2_ASAP7_75t_R)
  31.36 2072.60 ^ _156522_/Y (XNOR2x2_ASAP7_75t_R)
  25.12 2097.72 ^ _156526_/Y (AND4x1_ASAP7_75t_R)
  19.12 2116.83 ^ _156550_/Y (AO21x1_ASAP7_75t_R)
  19.18 2136.01 ^ _156551_/Y (AO21x1_ASAP7_75t_R)
  82.99 2219.01 ^ _156552_/Y (OA211x2_ASAP7_75t_R)
  82.97 2301.97 v _156555_/Y (INVx1_ASAP7_75t_R)
  32.74 2334.71 ^ _156568_/Y (OAI21x1_ASAP7_75t_R)
  34.05 2368.77 v _156616_/Y (AOI221x1_ASAP7_75t_R)
  48.33 2417.09 v _156806_/Y (OA211x2_ASAP7_75t_R)
  13.56 2430.65 ^ _156807_/Y (NAND2x1_ASAP7_75t_R)
  71.41 2502.07 ^ _156882_/Y (AO32x1_ASAP7_75t_R)
  33.66 2535.72 ^ _156995_/Y (OR2x2_ASAP7_75t_R)
  39.31 2575.03 ^ _157002_/Y (AO32x1_ASAP7_75t_R)
  35.10 2610.13 ^ _157004_/Y (XNOR2x2_ASAP7_75t_R)
  14.25 2624.38 v _157005_/Y (NOR3x1_ASAP7_75t_R)
  32.56 2656.94 v _157006_/Y (AND5x2_ASAP7_75t_R)
  28.67 2685.61 v _157078_/Y (OR3x1_ASAP7_75t_R)
  58.66 2744.27 v _157141_/Y (OA33x2_ASAP7_75t_R)
  34.02 2778.29 v _157144_/Y (OR2x2_ASAP7_75t_R)
  24.44 2802.73 v _157145_/Y (AO21x1_ASAP7_75t_R)
  25.92 2828.65 v _157196_/Y (AO32x1_ASAP7_75t_R)
  26.75 2855.41 v _157198_/Y (AO22x1_ASAP7_75t_R)
  22.89 2878.30 v _157222_/Y (AO21x1_ASAP7_75t_R)
  30.77 2909.07 v _157223_/Y (OR3x1_ASAP7_75t_R)
  42.45 2951.52 v _157312_/Y (AO21x1_ASAP7_75t_R)
  57.75 3009.27 ^ _157343_/Y (NAND2x1_ASAP7_75t_R)
  43.30 3052.57 v _157440_/Y (AOI221x1_ASAP7_75t_R)
  30.71 3083.28 v _157456_/Y (OA222x2_ASAP7_75t_R)
  22.22 3105.50 v _157459_/Y (AND5x2_ASAP7_75t_R)
  20.82 3126.32 v _157472_/Y (OA31x2_ASAP7_75t_R)
  42.25 3168.58 v _157475_/Y (OR4x2_ASAP7_75t_R)
  64.50 3233.08 ^ _157478_/Y (NAND2x1_ASAP7_75t_R)
  19.40 3252.47 v _157479_/Y (NOR2x1_ASAP7_75t_R)
  25.13 3277.60 v _157485_/Y (OA21x2_ASAP7_75t_R)
  28.32 3305.92 v _157492_/Y (AO221x1_ASAP7_75t_R)
  26.02 3331.94 v _157649_/Y (OA21x2_ASAP7_75t_R)
  24.30 3356.24 v _157651_/Y (AO21x1_ASAP7_75t_R)
  41.83 3398.07 v _157652_/Y (AO22x1_ASAP7_75t_R)
  64.09 3462.16 ^ _157732_/Y (NAND2x1_ASAP7_75t_R)
  25.46 3487.62 ^ _157764_/Y (AO21x1_ASAP7_75t_R)
  24.35 3511.96 v _157767_/Y (AOI22x1_ASAP7_75t_R)
  35.07 3547.04 v _157790_/Y (OA21x2_ASAP7_75t_R)
  18.74 3565.78 ^ _157827_/Y (AOI211x1_ASAP7_75t_R)
  19.47 3585.25 v _157842_/Y (OAI21x1_ASAP7_75t_R)
  90.29 3675.54 v _157921_/Y (AO221x1_ASAP7_75t_R)
  46.51 3722.05 v _157922_/Y (AO221x1_ASAP7_75t_R)
  27.43 3749.48 v _157925_/Y (AO32x2_ASAP7_75t_R)
  22.56 3772.04 v _157949_/Y (OA211x2_ASAP7_75t_R)
  32.14 3804.17 v _157967_/Y (AO222x2_ASAP7_75t_R)
  38.20 3842.38 v _158020_/Y (AO221x1_ASAP7_75t_R)
  28.44 3870.82 v _158084_/Y (AO211x2_ASAP7_75t_R)
  42.92 3913.75 v _158094_/Y (AND2x2_ASAP7_75t_R)
  47.43 3961.18 v _158173_/Y (OR3x2_ASAP7_75t_R)
  22.66 3983.84 v _158271_/Y (AO221x1_ASAP7_75t_R)
  32.98 4016.82 v _158272_/Y (OR5x1_ASAP7_75t_R)
  46.35 4063.17 v _158273_/Y (OR5x1_ASAP7_75t_R)
  19.78 4082.95 ^ _158274_/Y (NAND2x2_ASAP7_75t_R)
  55.14 4138.09 v _158287_/Y (OAI21x1_ASAP7_75t_R)
  50.89 4188.97 v _158298_/Y (AND2x2_ASAP7_75t_R)
  35.83 4224.80 v _158304_/Y (OA211x2_ASAP7_75t_R)
  29.40 4254.20 v _158330_/Y (XNOR2x2_ASAP7_75t_R)
  29.49 4283.70 v _158388_/Y (OR5x1_ASAP7_75t_R)
  43.07 4326.76 v _158399_/Y (AO33x2_ASAP7_75t_R)
  25.52 4352.29 v _158436_/Y (AND2x2_ASAP7_75t_R)
  79.84 4432.12 v _158437_/Y (OR3x1_ASAP7_75t_R)
  69.36 4501.48 v _158474_/Y (AND2x2_ASAP7_75t_R)
  37.44 4538.93 ^ _158476_/Y (AOI22x1_ASAP7_75t_R)
  22.97 4561.89 ^ _158477_/Y (AND2x2_ASAP7_75t_R)
  15.93 4577.82 v _158496_/Y (AOI221x1_ASAP7_75t_R)
  32.93 4610.75 v _158497_/Y (MAJx2_ASAP7_75t_R)
  24.66 4635.41 v _158571_/Y (AO21x1_ASAP7_75t_R)
  46.94 4682.35 v _158629_/Y (AO221x2_ASAP7_75t_R)
  80.71 4763.07 ^ _158672_/Y (NAND2x1_ASAP7_75t_R)
  34.83 4797.90 ^ _158689_/Y (AND2x2_ASAP7_75t_R)
  22.56 4820.46 ^ _158690_/Y (OA21x2_ASAP7_75t_R)
  19.98 4840.43 ^ _158691_/Y (OR2x2_ASAP7_75t_R)
  22.78 4863.21 ^ _158702_/Y (AND3x1_ASAP7_75t_R)
  21.75 4884.96 ^ _158720_/Y (OA21x2_ASAP7_75t_R)
  24.37 4909.33 ^ _158743_/Y (OA31x2_ASAP7_75t_R)
  15.03 4924.36 ^ _158761_/Y (OR4x1_ASAP7_75t_R)
  47.73 4972.10 ^ _158764_/Y (AND5x2_ASAP7_75t_R)
  51.96 5024.05 ^ _159054_/Y (OA21x2_ASAP7_75t_R)
 109.75 5133.81 ^ _159120_/Y (OA21x2_ASAP7_75t_R)
  57.09 5190.90 ^ _159154_/Y (AO221x1_ASAP7_75t_R)
  97.70 5288.61 ^ _159901_/Y (AND2x2_ASAP7_75t_R)
 160.23 5448.83 v _159903_/Y (NOR2x1_ASAP7_75t_R)
 112.70 5561.53 ^ _163131_/Y (NAND2x2_ASAP7_75t_R)
  35.00 5596.53 ^ load_slew954/Y (BUFx16f_ASAP7_75t_R)
  34.40 5630.93 ^ load_slew952/Y (BUFx16f_ASAP7_75t_R)
 126.57 5757.49 ^ _163132_/Y (OR2x2_ASAP7_75t_R)
  52.87 5810.37 v _194560_/Y (NAND2x1_ASAP7_75t_R)
  19.58 5829.95 v _194561_/Y (AO21x1_ASAP7_75t_R)
  25.83 5855.78 v _194562_/Y (OA211x2_ASAP7_75t_R)
  16.92 5872.69 v _194563_/Y (AO21x1_ASAP7_75t_R)
  14.88 5887.58 v _194564_/Y (AND2x2_ASAP7_75t_R)
   0.05 5887.63 v _312104_/D (DFFHQNx1_ASAP7_75t_R)
        5887.63   data arrival time

5500.00 5500.00   clock core_clk (rise edge)
   0.00 5500.00   clock source latency
   0.00 5500.00 ^ clk (in)
  43.78 5543.78 ^ wire4945/Y (BUFx10_ASAP7_75t_R)
  44.99 5588.77 ^ clkbuf_0_clk/Y (BUFx24_ASAP7_75t_R)
  27.54 5616.31 ^ clkbuf_1_1_0_clk/Y (BUFx24_ASAP7_75t_R)
  27.37 5643.69 ^ clkbuf_2_3_0_clk/Y (BUFx24_ASAP7_75t_R)
  22.31 5665.99 ^ clkbuf_3_6_0_clk/Y (BUFx24_ASAP7_75t_R)
  28.18 5694.18 ^ clkbuf_4_12_0_clk/Y (BUFx24_ASAP7_75t_R)
  26.40 5720.58 ^ clkbuf_6_50_0_clk/Y (BUFx24_ASAP7_75t_R)
  20.04 5740.61 ^ clkbuf_7_101__f_clk/Y (BUFx24_ASAP7_75t_R)
  22.52 5763.13 ^ clkbuf_leaf_438_clk/Y (BUFx24_ASAP7_75t_R)
   0.64 5763.77 ^ _312104_/CLK (DFFHQNx1_ASAP7_75t_R)
 -50.00 5713.77   clock uncertainty
   2.08 5715.85   clock reconvergence pessimism
  -0.81 5715.04   library setup time
        5715.04   data required time
---------------------------------------------------------
        5715.04   data required time
        -5887.63   data arrival time
---------------------------------------------------------
        -172.59   slack (VIOLATED)


Startpoint: _308209_ (rising edge-triggered flip-flop clocked by core_clk)
Endpoint: _312502_ (rising edge-triggered flip-flop clocked by core_clk)
Path Group: reg2reg
Path Type: max

  Delay    Time   Description
---------------------------------------------------------
   0.00    0.00   clock core_clk (rise edge)
   0.00    0.00   clock source latency
   0.00    0.00 ^ clk (in)
  44.44   44.44 ^ wire4945/Y (BUFx10_ASAP7_75t_R)
  46.42   90.85 ^ clkbuf_0_clk/Y (BUFx24_ASAP7_75t_R)
  28.76  119.62 ^ clkbuf_1_0_0_clk/Y (BUFx24_ASAP7_75t_R)
  28.26  147.87 ^ clkbuf_2_1_0_clk/Y (BUFx24_ASAP7_75t_R)
  25.61  173.49 ^ clkbuf_3_2_0_clk/Y (BUFx24_ASAP7_75t_R)
  29.85  203.33 ^ clkbuf_4_4_0_clk/Y (BUFx24_ASAP7_75t_R)
  24.35  227.68 ^ clkbuf_6_19_0_clk/Y (BUFx24_ASAP7_75t_R)
  21.69  249.37 ^ clkbuf_7_38__f_clk/Y (BUFx24_ASAP7_75t_R)
  26.71  276.08 ^ clkbuf_leaf_778_clk/Y (BUFx24_ASAP7_75t_R)
   1.89  277.97 ^ _308209_/CLK (DFFHQNx3_ASAP7_75t_R)
  56.19  334.16 ^ _308209_/QN (DFFHQNx3_ASAP7_75t_R)
  26.21  360.37 ^ wire4778/Y (BUFx16f_ASAP7_75t_R)
  56.27  416.64 ^ wire4776/Y (BUFx16f_ASAP7_75t_R)
  30.08  446.72 ^ wire4775/Y (BUFx16f_ASAP7_75t_R)
  60.47  507.19 ^ load_slew4774/Y (BUFx16f_ASAP7_75t_R)
  95.85  603.03 ^ _153629_/Y (AND2x2_ASAP7_75t_R)
 145.04  748.08 v _153630_/Y (NAND2x1_ASAP7_75t_R)
  63.27  811.35 v _153631_/Y (OA21x2_ASAP7_75t_R)
 105.27  916.62 v _153633_/Y (AND3x1_ASAP7_75t_R)
  83.72 1000.34 v _154870_/Y (AO222x2_ASAP7_75t_R)
  46.64 1046.98 v _154873_/Y (OR3x2_ASAP7_75t_R)
  53.58 1100.56 v _154878_/Y (OR5x1_ASAP7_75t_R)
  97.46 1198.02 v _154879_/Y (OR4x1_ASAP7_75t_R)
  69.73 1267.75 v _155829_/Y (OR4x1_ASAP7_75t_R)
  24.44 1292.18 v _155944_/Y (AO221x1_ASAP7_75t_R)
  50.98 1343.16 v _155949_/Y (OR5x1_ASAP7_75t_R)
  33.14 1376.30 v _156013_/Y (AND2x2_ASAP7_75t_R)
  50.65 1426.95 ^ _156016_/Y (NAND3x1_ASAP7_75t_R)
  37.85 1464.80 v _156112_/Y (AOI221x1_ASAP7_75t_R)
  25.93 1490.73 v _156115_/Y (OA21x2_ASAP7_75t_R)
  21.72 1512.45 v _156116_/Y (OR3x1_ASAP7_75t_R)
  38.61 1551.06 v _156123_/Y (AO33x2_ASAP7_75t_R)
  41.48 1592.54 ^ _156140_/Y (NAND2x1_ASAP7_75t_R)
 111.61 1704.15 ^ _156253_/Y (AO221x1_ASAP7_75t_R)
  66.42 1770.57 v _156308_/Y (NAND2x2_ASAP7_75t_R)
  47.11 1817.68 v _156311_/Y (AO21x2_ASAP7_75t_R)
  22.77 1840.45 v _156314_/Y (OA21x2_ASAP7_75t_R)
  27.66 1868.12 v _156388_/Y (AO221x1_ASAP7_75t_R)
  22.59 1890.71 v _156389_/Y (OA21x2_ASAP7_75t_R)
  24.11 1914.83 ^ _156393_/Y (AOI22x1_ASAP7_75t_R)
  54.62 1969.45 v _156410_/Y (NAND2x1_ASAP7_75t_R)
  71.78 2041.23 v _156421_/Y (AO33x2_ASAP7_75t_R)
  31.36 2072.60 ^ _156522_/Y (XNOR2x2_ASAP7_75t_R)
  25.12 2097.72 ^ _156526_/Y (AND4x1_ASAP7_75t_R)
  19.12 2116.83 ^ _156550_/Y (AO21x1_ASAP7_75t_R)
  19.18 2136.01 ^ _156551_/Y (AO21x1_ASAP7_75t_R)
  82.99 2219.01 ^ _156552_/Y (OA211x2_ASAP7_75t_R)
  82.97 2301.97 v _156555_/Y (INVx1_ASAP7_75t_R)
  32.74 2334.71 ^ _156568_/Y (OAI21x1_ASAP7_75t_R)
  34.05 2368.77 v _156616_/Y (AOI221x1_ASAP7_75t_R)
  48.33 2417.09 v _156806_/Y (OA211x2_ASAP7_75t_R)
  13.56 2430.65 ^ _156807_/Y (NAND2x1_ASAP7_75t_R)
  71.41 2502.07 ^ _156882_/Y (AO32x1_ASAP7_75t_R)
  33.66 2535.72 ^ _156995_/Y (OR2x2_ASAP7_75t_R)
  39.31 2575.03 ^ _157002_/Y (AO32x1_ASAP7_75t_R)
  35.10 2610.13 ^ _157004_/Y (XNOR2x2_ASAP7_75t_R)
  14.25 2624.38 v _157005_/Y (NOR3x1_ASAP7_75t_R)
  32.56 2656.94 v _157006_/Y (AND5x2_ASAP7_75t_R)
  28.67 2685.61 v _157078_/Y (OR3x1_ASAP7_75t_R)
  58.66 2744.27 v _157141_/Y (OA33x2_ASAP7_75t_R)
  34.02 2778.29 v _157144_/Y (OR2x2_ASAP7_75t_R)
  24.44 2802.73 v _157145_/Y (AO21x1_ASAP7_75t_R)
  25.92 2828.65 v _157196_/Y (AO32x1_ASAP7_75t_R)
  26.75 2855.41 v _157198_/Y (AO22x1_ASAP7_75t_R)
  22.89 2878.30 v _157222_/Y (AO21x1_ASAP7_75t_R)
  30.77 2909.07 v _157223_/Y (OR3x1_ASAP7_75t_R)
  42.45 2951.52 v _157312_/Y (AO21x1_ASAP7_75t_R)
  57.75 3009.27 ^ _157343_/Y (NAND2x1_ASAP7_75t_R)
  43.30 3052.57 v _157440_/Y (AOI221x1_ASAP7_75t_R)
  30.71 3083.28 v _157456_/Y (OA222x2_ASAP7_75t_R)
  22.22 3105.50 v _157459_/Y (AND5x2_ASAP7_75t_R)
  20.82 3126.32 v _157472_/Y (OA31x2_ASAP7_75t_R)
  42.25 3168.58 v _157475_/Y (OR4x2_ASAP7_75t_R)
  64.50 3233.08 ^ _157478_/Y (NAND2x1_ASAP7_75t_R)
  19.40 3252.47 v _157479_/Y (NOR2x1_ASAP7_75t_R)
  25.13 3277.60 v _157485_/Y (OA21x2_ASAP7_75t_R)
  28.32 3305.92 v _157492_/Y (AO221x1_ASAP7_75t_R)
  26.02 3331.94 v _157649_/Y (OA21x2_ASAP7_75t_R)
  24.30 3356.24 v _157651_/Y (AO21x1_ASAP7_75t_R)
  41.83 3398.07 v _157652_/Y (AO22x1_ASAP7_75t_R)
  64.09 3462.16 ^ _157732_/Y (NAND2x1_ASAP7_75t_R)
  25.46 3487.62 ^ _157764_/Y (AO21x1_ASAP7_75t_R)
  24.35 3511.96 v _157767_/Y (AOI22x1_ASAP7_75t_R)
  35.07 3547.04 v _157790_/Y (OA21x2_ASAP7_75t_R)
  18.74 3565.78 ^ _157827_/Y (AOI211x1_ASAP7_75t_R)
  19.47 3585.25 v _157842_/Y (OAI21x1_ASAP7_75t_R)
  90.29 3675.54 v _157921_/Y (AO221x1_ASAP7_75t_R)
  46.51 3722.05 v _157922_/Y (AO221x1_ASAP7_75t_R)
  27.43 3749.48 v _157925_/Y (AO32x2_ASAP7_75t_R)
  22.56 3772.04 v _157949_/Y (OA211x2_ASAP7_75t_R)
  32.14 3804.17 v _157967_/Y (AO222x2_ASAP7_75t_R)
  38.20 3842.38 v _158020_/Y (AO221x1_ASAP7_75t_R)
  28.44 3870.82 v _158084_/Y (AO211x2_ASAP7_75t_R)
  42.92 3913.75 v _158094_/Y (AND2x2_ASAP7_75t_R)
  47.43 3961.18 v _158173_/Y (OR3x2_ASAP7_75t_R)
  22.66 3983.84 v _158271_/Y (AO221x1_ASAP7_75t_R)
  32.98 4016.82 v _158272_/Y (OR5x1_ASAP7_75t_R)
  46.35 4063.17 v _158273_/Y (OR5x1_ASAP7_75t_R)
  19.78 4082.95 ^ _158274_/Y (NAND2x2_ASAP7_75t_R)
  55.14 4138.09 v _158287_/Y (OAI21x1_ASAP7_75t_R)
  50.89 4188.97 v _158298_/Y (AND2x2_ASAP7_75t_R)
  35.83 4224.80 v _158304_/Y (OA211x2_ASAP7_75t_R)
  29.40 4254.20 v _158330_/Y (XNOR2x2_ASAP7_75t_R)
  29.49 4283.70 v _158388_/Y (OR5x1_ASAP7_75t_R)
  43.07 4326.76 v _158399_/Y (AO33x2_ASAP7_75t_R)
  25.52 4352.29 v _158436_/Y (AND2x2_ASAP7_75t_R)
  79.84 4432.12 v _158437_/Y (OR3x1_ASAP7_75t_R)
  69.36 4501.48 v _158474_/Y (AND2x2_ASAP7_75t_R)
  37.44 4538.93 ^ _158476_/Y (AOI22x1_ASAP7_75t_R)
  22.97 4561.89 ^ _158477_/Y (AND2x2_ASAP7_75t_R)
  15.93 4577.82 v _158496_/Y (AOI221x1_ASAP7_75t_R)
  32.93 4610.75 v _158497_/Y (MAJx2_ASAP7_75t_R)
  24.66 4635.41 v _158571_/Y (AO21x1_ASAP7_75t_R)
  46.94 4682.35 v _158629_/Y (AO221x2_ASAP7_75t_R)
  80.71 4763.07 ^ _158672_/Y (NAND2x1_ASAP7_75t_R)
  34.83 4797.90 ^ _158689_/Y (AND2x2_ASAP7_75t_R)
  22.56 4820.46 ^ _158690_/Y (OA21x2_ASAP7_75t_R)
  19.98 4840.43 ^ _158691_/Y (OR2x2_ASAP7_75t_R)
  22.78 4863.21 ^ _158702_/Y (AND3x1_ASAP7_75t_R)
  21.75 4884.96 ^ _158720_/Y (OA21x2_ASAP7_75t_R)
  24.37 4909.33 ^ _158743_/Y (OA31x2_ASAP7_75t_R)
  15.03 4924.36 ^ _158761_/Y (OR4x1_ASAP7_75t_R)
  47.73 4972.10 ^ _158764_/Y (AND5x2_ASAP7_75t_R)
  51.96 5024.05 ^ _159054_/Y (OA21x2_ASAP7_75t_R)
 109.75 5133.81 ^ _159120_/Y (OA21x2_ASAP7_75t_R)
  57.09 5190.90 ^ _159154_/Y (AO221x1_ASAP7_75t_R)
  97.70 5288.61 ^ _159901_/Y (AND2x2_ASAP7_75t_R)
 160.23 5448.83 v _159903_/Y (NOR2x1_ASAP7_75t_R)
  96.53 5545.36 ^ _163182_/Y (NAND2x2_ASAP7_75t_R)
  31.61 5576.97 ^ load_slew951/Y (BUFx16f_ASAP7_75t_R)
  21.45 5598.43 ^ load_slew949/Y (BUFx16f_ASAP7_75t_R)
  27.29 5625.72 ^ wire948/Y (BUFx16f_ASAP7_75t_R)
 148.18 5773.90 ^ _164794_/Y (OR2x2_ASAP7_75t_R)
  40.21 5814.11 v _201349_/Y (NAND2x1_ASAP7_75t_R)
  20.43 5834.54 v _201351_/Y (AO21x1_ASAP7_75t_R)
  26.31 5860.86 v _201352_/Y (OA211x2_ASAP7_75t_R)
  16.95 5877.80 v _201353_/Y (AO21x1_ASAP7_75t_R)
  14.91 5892.72 v _201354_/Y (AND2x2_ASAP7_75t_R)
   0.04 5892.75 v _312502_/D (DFFHQNx1_ASAP7_75t_R)
        5892.75   data arrival time

5500.00 5500.00   clock core_clk (rise edge)
   0.00 5500.00   clock source latency
   0.00 5500.00 ^ clk (in)
  43.78 5543.78 ^ wire4945/Y (BUFx10_ASAP7_75t_R)
  44.99 5588.77 ^ clkbuf_0_clk/Y (BUFx24_ASAP7_75t_R)
  27.54 5616.31 ^ clkbuf_1_1_0_clk/Y (BUFx24_ASAP7_75t_R)
  27.37 5643.69 ^ clkbuf_2_3_0_clk/Y (BUFx24_ASAP7_75t_R)
  25.30 5668.98 ^ clkbuf_3_7_0_clk/Y (BUFx24_ASAP7_75t_R)
  28.72 5697.71 ^ clkbuf_4_14_0_clk/Y (BUFx24_ASAP7_75t_R)
  24.11 5721.82 ^ clkbuf_6_59_0_clk/Y (BUFx24_ASAP7_75t_R)
  21.03 5742.85 ^ clkbuf_7_119__f_clk/Y (BUFx24_ASAP7_75t_R)
  23.81 5766.66 ^ clkbuf_leaf_523_clk/Y (BUFx24_ASAP7_75t_R)
   2.03 5768.69 ^ _312502_/CLK (DFFHQNx1_ASAP7_75t_R)
 -50.00 5718.69   clock uncertainty
   2.08 5720.77   clock reconvergence pessimism
  -0.48 5720.29   library setup time
        5720.29   data required time
---------------------------------------------------------
        5720.29   data required time
        -5892.75   data arrival time
---------------------------------------------------------
        -172.46   slack (VIOLATED)


Startpoint: _308209_ (rising edge-triggered flip-flop clocked by core_clk)
Endpoint: _312522_ (rising edge-triggered flip-flop clocked by core_clk)
Path Group: reg2reg
Path Type: max

  Delay    Time   Description
---------------------------------------------------------
   0.00    0.00   clock core_clk (rise edge)
   0.00    0.00   clock source latency
   0.00    0.00 ^ clk (in)
  44.44   44.44 ^ wire4945/Y (BUFx10_ASAP7_75t_R)
  46.42   90.85 ^ clkbuf_0_clk/Y (BUFx24_ASAP7_75t_R)
  28.76  119.62 ^ clkbuf_1_0_0_clk/Y (BUFx24_ASAP7_75t_R)
  28.26  147.87 ^ clkbuf_2_1_0_clk/Y (BUFx24_ASAP7_75t_R)
  25.61  173.49 ^ clkbuf_3_2_0_clk/Y (BUFx24_ASAP7_75t_R)
  29.85  203.33 ^ clkbuf_4_4_0_clk/Y (BUFx24_ASAP7_75t_R)
  24.35  227.68 ^ clkbuf_6_19_0_clk/Y (BUFx24_ASAP7_75t_R)
  21.69  249.37 ^ clkbuf_7_38__f_clk/Y (BUFx24_ASAP7_75t_R)
  26.71  276.08 ^ clkbuf_leaf_778_clk/Y (BUFx24_ASAP7_75t_R)
   1.89  277.97 ^ _308209_/CLK (DFFHQNx3_ASAP7_75t_R)
  56.19  334.16 ^ _308209_/QN (DFFHQNx3_ASAP7_75t_R)
  26.21  360.37 ^ wire4778/Y (BUFx16f_ASAP7_75t_R)
  56.27  416.64 ^ wire4776/Y (BUFx16f_ASAP7_75t_R)
  30.08  446.72 ^ wire4775/Y (BUFx16f_ASAP7_75t_R)
  60.47  507.19 ^ load_slew4774/Y (BUFx16f_ASAP7_75t_R)
  95.85  603.03 ^ _153629_/Y (AND2x2_ASAP7_75t_R)
 145.04  748.08 v _153630_/Y (NAND2x1_ASAP7_75t_R)
  63.27  811.35 v _153631_/Y (OA21x2_ASAP7_75t_R)
 105.27  916.62 v _153633_/Y (AND3x1_ASAP7_75t_R)
  83.72 1000.34 v _154870_/Y (AO222x2_ASAP7_75t_R)
  46.64 1046.98 v _154873_/Y (OR3x2_ASAP7_75t_R)
  53.58 1100.56 v _154878_/Y (OR5x1_ASAP7_75t_R)
  97.46 1198.02 v _154879_/Y (OR4x1_ASAP7_75t_R)
  69.73 1267.75 v _155829_/Y (OR4x1_ASAP7_75t_R)
  24.44 1292.18 v _155944_/Y (AO221x1_ASAP7_75t_R)
  50.98 1343.16 v _155949_/Y (OR5x1_ASAP7_75t_R)
  33.14 1376.30 v _156013_/Y (AND2x2_ASAP7_75t_R)
  50.65 1426.95 ^ _156016_/Y (NAND3x1_ASAP7_75t_R)
  37.85 1464.80 v _156112_/Y (AOI221x1_ASAP7_75t_R)
  25.93 1490.73 v _156115_/Y (OA21x2_ASAP7_75t_R)
  21.72 1512.45 v _156116_/Y (OR3x1_ASAP7_75t_R)
  38.61 1551.06 v _156123_/Y (AO33x2_ASAP7_75t_R)
  41.48 1592.54 ^ _156140_/Y (NAND2x1_ASAP7_75t_R)
 111.61 1704.15 ^ _156253_/Y (AO221x1_ASAP7_75t_R)
  66.42 1770.57 v _156308_/Y (NAND2x2_ASAP7_75t_R)
  47.11 1817.68 v _156311_/Y (AO21x2_ASAP7_75t_R)
  22.77 1840.45 v _156314_/Y (OA21x2_ASAP7_75t_R)
  27.66 1868.12 v _156388_/Y (AO221x1_ASAP7_75t_R)
  22.59 1890.71 v _156389_/Y (OA21x2_ASAP7_75t_R)
  24.11 1914.83 ^ _156393_/Y (AOI22x1_ASAP7_75t_R)
  54.62 1969.45 v _156410_/Y (NAND2x1_ASAP7_75t_R)
  71.78 2041.23 v _156421_/Y (AO33x2_ASAP7_75t_R)
  31.36 2072.60 ^ _156522_/Y (XNOR2x2_ASAP7_75t_R)
  25.12 2097.72 ^ _156526_/Y (AND4x1_ASAP7_75t_R)
  19.12 2116.83 ^ _156550_/Y (AO21x1_ASAP7_75t_R)
  19.18 2136.01 ^ _156551_/Y (AO21x1_ASAP7_75t_R)
  82.99 2219.01 ^ _156552_/Y (OA211x2_ASAP7_75t_R)
  82.97 2301.97 v _156555_/Y (INVx1_ASAP7_75t_R)
  32.74 2334.71 ^ _156568_/Y (OAI21x1_ASAP7_75t_R)
  34.05 2368.77 v _156616_/Y (AOI221x1_ASAP7_75t_R)
  48.33 2417.09 v _156806_/Y (OA211x2_ASAP7_75t_R)
  13.56 2430.65 ^ _156807_/Y (NAND2x1_ASAP7_75t_R)
  71.41 2502.07 ^ _156882_/Y (AO32x1_ASAP7_75t_R)
  33.66 2535.72 ^ _156995_/Y (OR2x2_ASAP7_75t_R)
  39.31 2575.03 ^ _157002_/Y (AO32x1_ASAP7_75t_R)
  35.10 2610.13 ^ _157004_/Y (XNOR2x2_ASAP7_75t_R)
  14.25 2624.38 v _157005_/Y (NOR3x1_ASAP7_75t_R)
  32.56 2656.94 v _157006_/Y (AND5x2_ASAP7_75t_R)
  28.67 2685.61 v _157078_/Y (OR3x1_ASAP7_75t_R)
  58.66 2744.27 v _157141_/Y (OA33x2_ASAP7_75t_R)
  34.02 2778.29 v _157144_/Y (OR2x2_ASAP7_75t_R)
  24.44 2802.73 v _157145_/Y (AO21x1_ASAP7_75t_R)
  25.92 2828.65 v _157196_/Y (AO32x1_ASAP7_75t_R)
  26.75 2855.41 v _157198_/Y (AO22x1_ASAP7_75t_R)
  22.89 2878.30 v _157222_/Y (AO21x1_ASAP7_75t_R)
  30.77 2909.07 v _157223_/Y (OR3x1_ASAP7_75t_R)
  42.45 2951.52 v _157312_/Y (AO21x1_ASAP7_75t_R)
  57.75 3009.27 ^ _157343_/Y (NAND2x1_ASAP7_75t_R)
  43.30 3052.57 v _157440_/Y (AOI221x1_ASAP7_75t_R)
  30.71 3083.28 v _157456_/Y (OA222x2_ASAP7_75t_R)
  22.22 3105.50 v _157459_/Y (AND5x2_ASAP7_75t_R)
  20.82 3126.32 v _157472_/Y (OA31x2_ASAP7_75t_R)
  42.25 3168.58 v _157475_/Y (OR4x2_ASAP7_75t_R)
  64.50 3233.08 ^ _157478_/Y (NAND2x1_ASAP7_75t_R)
  19.40 3252.47 v _157479_/Y (NOR2x1_ASAP7_75t_R)
  25.13 3277.60 v _157485_/Y (OA21x2_ASAP7_75t_R)
  28.32 3305.92 v _157492_/Y (AO221x1_ASAP7_75t_R)
  26.02 3331.94 v _157649_/Y (OA21x2_ASAP7_75t_R)
  24.30 3356.24 v _157651_/Y (AO21x1_ASAP7_75t_R)
  41.83 3398.07 v _157652_/Y (AO22x1_ASAP7_75t_R)
  64.09 3462.16 ^ _157732_/Y (NAND2x1_ASAP7_75t_R)
  25.46 3487.62 ^ _157764_/Y (AO21x1_ASAP7_75t_R)
  24.35 3511.96 v _157767_/Y (AOI22x1_ASAP7_75t_R)
  35.07 3547.04 v _157790_/Y (OA21x2_ASAP7_75t_R)
  18.74 3565.78 ^ _157827_/Y (AOI211x1_ASAP7_75t_R)
  19.47 3585.25 v _157842_/Y (OAI21x1_ASAP7_75t_R)
  90.29 3675.54 v _157921_/Y (AO221x1_ASAP7_75t_R)
  46.51 3722.05 v _157922_/Y (AO221x1_ASAP7_75t_R)
  27.43 3749.48 v _157925_/Y (AO32x2_ASAP7_75t_R)
  22.56 3772.04 v _157949_/Y (OA211x2_ASAP7_75t_R)
  32.14 3804.17 v _157967_/Y (AO222x2_ASAP7_75t_R)
  38.20 3842.38 v _158020_/Y (AO221x1_ASAP7_75t_R)
  28.44 3870.82 v _158084_/Y (AO211x2_ASAP7_75t_R)
  42.92 3913.75 v _158094_/Y (AND2x2_ASAP7_75t_R)
  47.43 3961.18 v _158173_/Y (OR3x2_ASAP7_75t_R)
  22.66 3983.84 v _158271_/Y (AO221x1_ASAP7_75t_R)
  32.98 4016.82 v _158272_/Y (OR5x1_ASAP7_75t_R)
  46.35 4063.17 v _158273_/Y (OR5x1_ASAP7_75t_R)
  19.78 4082.95 ^ _158274_/Y (NAND2x2_ASAP7_75t_R)
  55.14 4138.09 v _158287_/Y (OAI21x1_ASAP7_75t_R)
  50.89 4188.97 v _158298_/Y (AND2x2_ASAP7_75t_R)
  35.83 4224.80 v _158304_/Y (OA211x2_ASAP7_75t_R)
  29.40 4254.20 v _158330_/Y (XNOR2x2_ASAP7_75t_R)
  29.49 4283.70 v _158388_/Y (OR5x1_ASAP7_75t_R)
  43.07 4326.76 v _158399_/Y (AO33x2_ASAP7_75t_R)
  25.52 4352.29 v _158436_/Y (AND2x2_ASAP7_75t_R)
  79.84 4432.12 v _158437_/Y (OR3x1_ASAP7_75t_R)
  69.36 4501.48 v _158474_/Y (AND2x2_ASAP7_75t_R)
  37.44 4538.93 ^ _158476_/Y (AOI22x1_ASAP7_75t_R)
  22.97 4561.89 ^ _158477_/Y (AND2x2_ASAP7_75t_R)
  15.93 4577.82 v _158496_/Y (AOI221x1_ASAP7_75t_R)
  32.93 4610.75 v _158497_/Y (MAJx2_ASAP7_75t_R)
  24.66 4635.41 v _158571_/Y (AO21x1_ASAP7_75t_R)
  46.94 4682.35 v _158629_/Y (AO221x2_ASAP7_75t_R)
  80.71 4763.07 ^ _158672_/Y (NAND2x1_ASAP7_75t_R)
  34.83 4797.90 ^ _158689_/Y (AND2x2_ASAP7_75t_R)
  22.56 4820.46 ^ _158690_/Y (OA21x2_ASAP7_75t_R)
  19.98 4840.43 ^ _158691_/Y (OR2x2_ASAP7_75t_R)
  22.78 4863.21 ^ _158702_/Y (AND3x1_ASAP7_75t_R)
  21.75 4884.96 ^ _158720_/Y (OA21x2_ASAP7_75t_R)
  24.37 4909.33 ^ _158743_/Y (OA31x2_ASAP7_75t_R)
  15.03 4924.36 ^ _158761_/Y (OR4x1_ASAP7_75t_R)
  47.73 4972.10 ^ _158764_/Y (AND5x2_ASAP7_75t_R)
  51.96 5024.05 ^ _159054_/Y (OA21x2_ASAP7_75t_R)
 109.75 5133.81 ^ _159120_/Y (OA21x2_ASAP7_75t_R)
  57.09 5190.90 ^ _159154_/Y (AO221x1_ASAP7_75t_R)
  97.70 5288.61 ^ _159901_/Y (AND2x2_ASAP7_75t_R)
 160.23 5448.83 v _159903_/Y (NOR2x1_ASAP7_75t_R)
  96.53 5545.36 ^ _163182_/Y (NAND2x2_ASAP7_75t_R)
  31.61 5576.97 ^ load_slew951/Y (BUFx16f_ASAP7_75t_R)
  21.45 5598.43 ^ load_slew949/Y (BUFx16f_ASAP7_75t_R)
  27.29 5625.72 ^ wire948/Y (BUFx16f_ASAP7_75t_R)
 148.18 5773.90 ^ _164794_/Y (OR2x2_ASAP7_75t_R)
  35.81 5809.70 v _201480_/Y (NAND2x1_ASAP7_75t_R)
  20.65 5830.35 v _201481_/Y (AO21x1_ASAP7_75t_R)
  26.08 5856.43 v _201482_/Y (OA211x2_ASAP7_75t_R)
  17.25 5873.68 v _201483_/Y (AO21x1_ASAP7_75t_R)
  15.02 5888.69 v _201484_/Y (AND2x2_ASAP7_75t_R)
   0.05 5888.74 v _312522_/D (DFFHQNx1_ASAP7_75t_R)
        5888.74   data arrival time

5500.00 5500.00   clock core_clk (rise edge)
   0.00 5500.00   clock source latency
   0.00 5500.00 ^ clk (in)
  43.78 5543.78 ^ wire4945/Y (BUFx10_ASAP7_75t_R)
  44.99 5588.77 ^ clkbuf_0_clk/Y (BUFx24_ASAP7_75t_R)
  27.54 5616.31 ^ clkbuf_1_1_0_clk/Y (BUFx24_ASAP7_75t_R)
  27.37 5643.69 ^ clkbuf_2_3_0_clk/Y (BUFx24_ASAP7_75t_R)
  22.31 5665.99 ^ clkbuf_3_6_0_clk/Y (BUFx24_ASAP7_75t_R)
  28.18 5694.18 ^ clkbuf_4_12_0_clk/Y (BUFx24_ASAP7_75t_R)
  26.31 5720.48 ^ clkbuf_6_51_0_clk/Y (BUFx24_ASAP7_75t_R)
  20.81 5741.29 ^ clkbuf_7_103__f_clk/Y (BUFx24_ASAP7_75t_R)
  23.09 5764.38 ^ clkbuf_leaf_472_clk/Y (BUFx24_ASAP7_75t_R)
   1.13 5765.50 ^ _312522_/CLK (DFFHQNx1_ASAP7_75t_R)
 -50.00 5715.50   clock uncertainty
   2.08 5717.59   clock reconvergence pessimism
  -0.78 5716.80   library setup time
        5716.80   data required time
---------------------------------------------------------
        5716.80   data required time
        -5888.74   data arrival time
---------------------------------------------------------
        -171.94   slack (VIOLATED)


Startpoint: _308209_ (rising edge-triggered flip-flop clocked by core_clk)
Endpoint: _312512_ (rising edge-triggered flip-flop clocked by core_clk)
Path Group: reg2reg
Path Type: max

  Delay    Time   Description
---------------------------------------------------------
   0.00    0.00   clock core_clk (rise edge)
   0.00    0.00   clock source latency
   0.00    0.00 ^ clk (in)
  44.44   44.44 ^ wire4945/Y (BUFx10_ASAP7_75t_R)
  46.42   90.85 ^ clkbuf_0_clk/Y (BUFx24_ASAP7_75t_R)
  28.76  119.62 ^ clkbuf_1_0_0_clk/Y (BUFx24_ASAP7_75t_R)
  28.26  147.87 ^ clkbuf_2_1_0_clk/Y (BUFx24_ASAP7_75t_R)
  25.61  173.49 ^ clkbuf_3_2_0_clk/Y (BUFx24_ASAP7_75t_R)
  29.85  203.33 ^ clkbuf_4_4_0_clk/Y (BUFx24_ASAP7_75t_R)
  24.35  227.68 ^ clkbuf_6_19_0_clk/Y (BUFx24_ASAP7_75t_R)
  21.69  249.37 ^ clkbuf_7_38__f_clk/Y (BUFx24_ASAP7_75t_R)
  26.71  276.08 ^ clkbuf_leaf_778_clk/Y (BUFx24_ASAP7_75t_R)
   1.89  277.97 ^ _308209_/CLK (DFFHQNx3_ASAP7_75t_R)
  56.19  334.16 ^ _308209_/QN (DFFHQNx3_ASAP7_75t_R)
  26.21  360.37 ^ wire4778/Y (BUFx16f_ASAP7_75t_R)
  56.27  416.64 ^ wire4776/Y (BUFx16f_ASAP7_75t_R)
  30.08  446.72 ^ wire4775/Y (BUFx16f_ASAP7_75t_R)
  60.47  507.19 ^ load_slew4774/Y (BUFx16f_ASAP7_75t_R)
  95.85  603.03 ^ _153629_/Y (AND2x2_ASAP7_75t_R)
 145.04  748.08 v _153630_/Y (NAND2x1_ASAP7_75t_R)
  63.27  811.35 v _153631_/Y (OA21x2_ASAP7_75t_R)
 105.27  916.62 v _153633_/Y (AND3x1_ASAP7_75t_R)
  83.72 1000.34 v _154870_/Y (AO222x2_ASAP7_75t_R)
  46.64 1046.98 v _154873_/Y (OR3x2_ASAP7_75t_R)
  53.58 1100.56 v _154878_/Y (OR5x1_ASAP7_75t_R)
  97.46 1198.02 v _154879_/Y (OR4x1_ASAP7_75t_R)
  69.73 1267.75 v _155829_/Y (OR4x1_ASAP7_75t_R)
  24.44 1292.18 v _155944_/Y (AO221x1_ASAP7_75t_R)
  50.98 1343.16 v _155949_/Y (OR5x1_ASAP7_75t_R)
  33.14 1376.30 v _156013_/Y (AND2x2_ASAP7_75t_R)
  50.65 1426.95 ^ _156016_/Y (NAND3x1_ASAP7_75t_R)
  37.85 1464.80 v _156112_/Y (AOI221x1_ASAP7_75t_R)
  25.93 1490.73 v _156115_/Y (OA21x2_ASAP7_75t_R)
  21.72 1512.45 v _156116_/Y (OR3x1_ASAP7_75t_R)
  38.61 1551.06 v _156123_/Y (AO33x2_ASAP7_75t_R)
  41.48 1592.54 ^ _156140_/Y (NAND2x1_ASAP7_75t_R)
 111.61 1704.15 ^ _156253_/Y (AO221x1_ASAP7_75t_R)
  66.42 1770.57 v _156308_/Y (NAND2x2_ASAP7_75t_R)
  47.11 1817.68 v _156311_/Y (AO21x2_ASAP7_75t_R)
  22.77 1840.45 v _156314_/Y (OA21x2_ASAP7_75t_R)
  27.66 1868.12 v _156388_/Y (AO221x1_ASAP7_75t_R)
  22.59 1890.71 v _156389_/Y (OA21x2_ASAP7_75t_R)
  24.11 1914.83 ^ _156393_/Y (AOI22x1_ASAP7_75t_R)
  54.62 1969.45 v _156410_/Y (NAND2x1_ASAP7_75t_R)
  71.78 2041.23 v _156421_/Y (AO33x2_ASAP7_75t_R)
  31.36 2072.60 ^ _156522_/Y (XNOR2x2_ASAP7_75t_R)
  25.12 2097.72 ^ _156526_/Y (AND4x1_ASAP7_75t_R)
  19.12 2116.83 ^ _156550_/Y (AO21x1_ASAP7_75t_R)
  19.18 2136.01 ^ _156551_/Y (AO21x1_ASAP7_75t_R)
  82.99 2219.01 ^ _156552_/Y (OA211x2_ASAP7_75t_R)
  82.97 2301.97 v _156555_/Y (INVx1_ASAP7_75t_R)
  32.74 2334.71 ^ _156568_/Y (OAI21x1_ASAP7_75t_R)
  34.05 2368.77 v _156616_/Y (AOI221x1_ASAP7_75t_R)
  48.33 2417.09 v _156806_/Y (OA211x2_ASAP7_75t_R)
  13.56 2430.65 ^ _156807_/Y (NAND2x1_ASAP7_75t_R)
  71.41 2502.07 ^ _156882_/Y (AO32x1_ASAP7_75t_R)
  33.66 2535.72 ^ _156995_/Y (OR2x2_ASAP7_75t_R)
  39.31 2575.03 ^ _157002_/Y (AO32x1_ASAP7_75t_R)
  35.10 2610.13 ^ _157004_/Y (XNOR2x2_ASAP7_75t_R)
  14.25 2624.38 v _157005_/Y (NOR3x1_ASAP7_75t_R)
  32.56 2656.94 v _157006_/Y (AND5x2_ASAP7_75t_R)
  28.67 2685.61 v _157078_/Y (OR3x1_ASAP7_75t_R)
  58.66 2744.27 v _157141_/Y (OA33x2_ASAP7_75t_R)
  34.02 2778.29 v _157144_/Y (OR2x2_ASAP7_75t_R)
  24.44 2802.73 v _157145_/Y (AO21x1_ASAP7_75t_R)
  25.92 2828.65 v _157196_/Y (AO32x1_ASAP7_75t_R)
  26.75 2855.41 v _157198_/Y (AO22x1_ASAP7_75t_R)
  22.89 2878.30 v _157222_/Y (AO21x1_ASAP7_75t_R)
  30.77 2909.07 v _157223_/Y (OR3x1_ASAP7_75t_R)
  42.45 2951.52 v _157312_/Y (AO21x1_ASAP7_75t_R)
  57.75 3009.27 ^ _157343_/Y (NAND2x1_ASAP7_75t_R)
  43.30 3052.57 v _157440_/Y (AOI221x1_ASAP7_75t_R)
  30.71 3083.28 v _157456_/Y (OA222x2_ASAP7_75t_R)
  22.22 3105.50 v _157459_/Y (AND5x2_ASAP7_75t_R)
  20.82 3126.32 v _157472_/Y (OA31x2_ASAP7_75t_R)
  42.25 3168.58 v _157475_/Y (OR4x2_ASAP7_75t_R)
  64.50 3233.08 ^ _157478_/Y (NAND2x1_ASAP7_75t_R)
  19.40 3252.47 v _157479_/Y (NOR2x1_ASAP7_75t_R)
  25.13 3277.60 v _157485_/Y (OA21x2_ASAP7_75t_R)
  28.32 3305.92 v _157492_/Y (AO221x1_ASAP7_75t_R)
  26.02 3331.94 v _157649_/Y (OA21x2_ASAP7_75t_R)
  24.30 3356.24 v _157651_/Y (AO21x1_ASAP7_75t_R)
  41.83 3398.07 v _157652_/Y (AO22x1_ASAP7_75t_R)
  64.09 3462.16 ^ _157732_/Y (NAND2x1_ASAP7_75t_R)
  25.46 3487.62 ^ _157764_/Y (AO21x1_ASAP7_75t_R)
  24.35 3511.96 v _157767_/Y (AOI22x1_ASAP7_75t_R)
  35.07 3547.04 v _157790_/Y (OA21x2_ASAP7_75t_R)
  18.74 3565.78 ^ _157827_/Y (AOI211x1_ASAP7_75t_R)
  19.47 3585.25 v _157842_/Y (OAI21x1_ASAP7_75t_R)
  90.29 3675.54 v _157921_/Y (AO221x1_ASAP7_75t_R)
  46.51 3722.05 v _157922_/Y (AO221x1_ASAP7_75t_R)
  27.43 3749.48 v _157925_/Y (AO32x2_ASAP7_75t_R)
  22.56 3772.04 v _157949_/Y (OA211x2_ASAP7_75t_R)
  32.14 3804.17 v _157967_/Y (AO222x2_ASAP7_75t_R)
  38.20 3842.38 v _158020_/Y (AO221x1_ASAP7_75t_R)
  28.44 3870.82 v _158084_/Y (AO211x2_ASAP7_75t_R)
  42.92 3913.75 v _158094_/Y (AND2x2_ASAP7_75t_R)
  47.43 3961.18 v _158173_/Y (OR3x2_ASAP7_75t_R)
  22.66 3983.84 v _158271_/Y (AO221x1_ASAP7_75t_R)
  32.98 4016.82 v _158272_/Y (OR5x1_ASAP7_75t_R)
  46.35 4063.17 v _158273_/Y (OR5x1_ASAP7_75t_R)
  19.78 4082.95 ^ _158274_/Y (NAND2x2_ASAP7_75t_R)
  55.14 4138.09 v _158287_/Y (OAI21x1_ASAP7_75t_R)
  50.89 4188.97 v _158298_/Y (AND2x2_ASAP7_75t_R)
  35.83 4224.80 v _158304_/Y (OA211x2_ASAP7_75t_R)
  29.40 4254.20 v _158330_/Y (XNOR2x2_ASAP7_75t_R)
  29.49 4283.70 v _158388_/Y (OR5x1_ASAP7_75t_R)
  43.07 4326.76 v _158399_/Y (AO33x2_ASAP7_75t_R)
  25.52 4352.29 v _158436_/Y (AND2x2_ASAP7_75t_R)
  79.84 4432.12 v _158437_/Y (OR3x1_ASAP7_75t_R)
  69.36 4501.48 v _158474_/Y (AND2x2_ASAP7_75t_R)
  37.44 4538.93 ^ _158476_/Y (AOI22x1_ASAP7_75t_R)
  22.97 4561.89 ^ _158477_/Y (AND2x2_ASAP7_75t_R)
  15.93 4577.82 v _158496_/Y (AOI221x1_ASAP7_75t_R)
  32.93 4610.75 v _158497_/Y (MAJx2_ASAP7_75t_R)
  24.66 4635.41 v _158571_/Y (AO21x1_ASAP7_75t_R)
  46.94 4682.35 v _158629_/Y (AO221x2_ASAP7_75t_R)
  80.71 4763.07 ^ _158672_/Y (NAND2x1_ASAP7_75t_R)
  34.83 4797.90 ^ _158689_/Y (AND2x2_ASAP7_75t_R)
  22.56 4820.46 ^ _158690_/Y (OA21x2_ASAP7_75t_R)
  19.98 4840.43 ^ _158691_/Y (OR2x2_ASAP7_75t_R)
  22.78 4863.21 ^ _158702_/Y (AND3x1_ASAP7_75t_R)
  21.75 4884.96 ^ _158720_/Y (OA21x2_ASAP7_75t_R)
  24.37 4909.33 ^ _158743_/Y (OA31x2_ASAP7_75t_R)
  15.03 4924.36 ^ _158761_/Y (OR4x1_ASAP7_75t_R)
  47.73 4972.10 ^ _158764_/Y (AND5x2_ASAP7_75t_R)
  51.96 5024.05 ^ _159054_/Y (OA21x2_ASAP7_75t_R)
 109.75 5133.81 ^ _159120_/Y (OA21x2_ASAP7_75t_R)
  57.09 5190.90 ^ _159154_/Y (AO221x1_ASAP7_75t_R)
  97.70 5288.61 ^ _159901_/Y (AND2x2_ASAP7_75t_R)
 160.23 5448.83 v _159903_/Y (NOR2x1_ASAP7_75t_R)
  96.53 5545.36 ^ _163182_/Y (NAND2x2_ASAP7_75t_R)
  31.61 5576.97 ^ load_slew951/Y (BUFx16f_ASAP7_75t_R)
  21.45 5598.43 ^ load_slew949/Y (BUFx16f_ASAP7_75t_R)
  27.29 5625.72 ^ wire948/Y (BUFx16f_ASAP7_75t_R)
 148.18 5773.90 ^ _164794_/Y (OR2x2_ASAP7_75t_R)
  40.13 5814.03 v _201417_/Y (NAND2x1_ASAP7_75t_R)
  20.29 5834.32 v _201419_/Y (AO21x1_ASAP7_75t_R)
  26.09 5860.41 v _201420_/Y (OA211x2_ASAP7_75t_R)
  16.51 5876.92 v _201421_/Y (AO21x1_ASAP7_75t_R)
  14.91 5891.83 v _201422_/Y (AND2x2_ASAP7_75t_R)
   0.08 5891.92 v _312512_/D (DFFHQNx1_ASAP7_75t_R)
        5891.92   data arrival time

5500.00 5500.00   clock core_clk (rise edge)
   0.00 5500.00   clock source latency
   0.00 5500.00 ^ clk (in)
  43.78 5543.78 ^ wire4945/Y (BUFx10_ASAP7_75t_R)
  44.99 5588.77 ^ clkbuf_0_clk/Y (BUFx24_ASAP7_75t_R)
  27.54 5616.31 ^ clkbuf_1_1_0_clk/Y (BUFx24_ASAP7_75t_R)
  27.37 5643.69 ^ clkbuf_2_3_0_clk/Y (BUFx24_ASAP7_75t_R)
  25.30 5668.98 ^ clkbuf_3_7_0_clk/Y (BUFx24_ASAP7_75t_R)
  28.72 5697.71 ^ clkbuf_4_14_0_clk/Y (BUFx24_ASAP7_75t_R)
  24.11 5721.82 ^ clkbuf_6_59_0_clk/Y (BUFx24_ASAP7_75t_R)
  21.03 5742.85 ^ clkbuf_7_119__f_clk/Y (BUFx24_ASAP7_75t_R)
  23.81 5766.66 ^ clkbuf_leaf_523_clk/Y (BUFx24_ASAP7_75t_R)
   2.01 5768.67 ^ _312512_/CLK (DFFHQNx1_ASAP7_75t_R)
 -50.00 5718.67   clock uncertainty
   2.08 5720.75   clock reconvergence pessimism
  -0.40 5720.35   library setup time
        5720.35   data required time
---------------------------------------------------------
        5720.35   data required time
        -5891.92   data arrival time
---------------------------------------------------------
        -171.57   slack (VIOLATED)


Startpoint: _308209_ (rising edge-triggered flip-flop clocked by core_clk)
Endpoint: _312509_ (rising edge-triggered flip-flop clocked by core_clk)
Path Group: reg2reg
Path Type: max

  Delay    Time   Description
---------------------------------------------------------
   0.00    0.00   clock core_clk (rise edge)
   0.00    0.00   clock source latency
   0.00    0.00 ^ clk (in)
  44.44   44.44 ^ wire4945/Y (BUFx10_ASAP7_75t_R)
  46.42   90.85 ^ clkbuf_0_clk/Y (BUFx24_ASAP7_75t_R)
  28.76  119.62 ^ clkbuf_1_0_0_clk/Y (BUFx24_ASAP7_75t_R)
  28.26  147.87 ^ clkbuf_2_1_0_clk/Y (BUFx24_ASAP7_75t_R)
  25.61  173.49 ^ clkbuf_3_2_0_clk/Y (BUFx24_ASAP7_75t_R)
  29.85  203.33 ^ clkbuf_4_4_0_clk/Y (BUFx24_ASAP7_75t_R)
  24.35  227.68 ^ clkbuf_6_19_0_clk/Y (BUFx24_ASAP7_75t_R)
  21.69  249.37 ^ clkbuf_7_38__f_clk/Y (BUFx24_ASAP7_75t_R)
  26.71  276.08 ^ clkbuf_leaf_778_clk/Y (BUFx24_ASAP7_75t_R)
   1.89  277.97 ^ _308209_/CLK (DFFHQNx3_ASAP7_75t_R)
  56.19  334.16 ^ _308209_/QN (DFFHQNx3_ASAP7_75t_R)
  26.21  360.37 ^ wire4778/Y (BUFx16f_ASAP7_75t_R)
  56.27  416.64 ^ wire4776/Y (BUFx16f_ASAP7_75t_R)
  30.08  446.72 ^ wire4775/Y (BUFx16f_ASAP7_75t_R)
  60.47  507.19 ^ load_slew4774/Y (BUFx16f_ASAP7_75t_R)
  95.85  603.03 ^ _153629_/Y (AND2x2_ASAP7_75t_R)
 145.04  748.08 v _153630_/Y (NAND2x1_ASAP7_75t_R)
  63.27  811.35 v _153631_/Y (OA21x2_ASAP7_75t_R)
 105.27  916.62 v _153633_/Y (AND3x1_ASAP7_75t_R)
  83.72 1000.34 v _154870_/Y (AO222x2_ASAP7_75t_R)
  46.64 1046.98 v _154873_/Y (OR3x2_ASAP7_75t_R)
  53.58 1100.56 v _154878_/Y (OR5x1_ASAP7_75t_R)
  97.46 1198.02 v _154879_/Y (OR4x1_ASAP7_75t_R)
  69.73 1267.75 v _155829_/Y (OR4x1_ASAP7_75t_R)
  24.44 1292.18 v _155944_/Y (AO221x1_ASAP7_75t_R)
  50.98 1343.16 v _155949_/Y (OR5x1_ASAP7_75t_R)
  33.14 1376.30 v _156013_/Y (AND2x2_ASAP7_75t_R)
  50.65 1426.95 ^ _156016_/Y (NAND3x1_ASAP7_75t_R)
  37.85 1464.80 v _156112_/Y (AOI221x1_ASAP7_75t_R)
  25.93 1490.73 v _156115_/Y (OA21x2_ASAP7_75t_R)
  21.72 1512.45 v _156116_/Y (OR3x1_ASAP7_75t_R)
  38.61 1551.06 v _156123_/Y (AO33x2_ASAP7_75t_R)
  41.48 1592.54 ^ _156140_/Y (NAND2x1_ASAP7_75t_R)
 111.61 1704.15 ^ _156253_/Y (AO221x1_ASAP7_75t_R)
  66.42 1770.57 v _156308_/Y (NAND2x2_ASAP7_75t_R)
  47.11 1817.68 v _156311_/Y (AO21x2_ASAP7_75t_R)
  22.77 1840.45 v _156314_/Y (OA21x2_ASAP7_75t_R)
  27.66 1868.12 v _156388_/Y (AO221x1_ASAP7_75t_R)
  22.59 1890.71 v _156389_/Y (OA21x2_ASAP7_75t_R)
  24.11 1914.83 ^ _156393_/Y (AOI22x1_ASAP7_75t_R)
  54.62 1969.45 v _156410_/Y (NAND2x1_ASAP7_75t_R)
  71.78 2041.23 v _156421_/Y (AO33x2_ASAP7_75t_R)
  31.36 2072.60 ^ _156522_/Y (XNOR2x2_ASAP7_75t_R)
  25.12 2097.72 ^ _156526_/Y (AND4x1_ASAP7_75t_R)
  19.12 2116.83 ^ _156550_/Y (AO21x1_ASAP7_75t_R)
  19.18 2136.01 ^ _156551_/Y (AO21x1_ASAP7_75t_R)
  82.99 2219.01 ^ _156552_/Y (OA211x2_ASAP7_75t_R)
  82.97 2301.97 v _156555_/Y (INVx1_ASAP7_75t_R)
  32.74 2334.71 ^ _156568_/Y (OAI21x1_ASAP7_75t_R)
  34.05 2368.77 v _156616_/Y (AOI221x1_ASAP7_75t_R)
  48.33 2417.09 v _156806_/Y (OA211x2_ASAP7_75t_R)
  13.56 2430.65 ^ _156807_/Y (NAND2x1_ASAP7_75t_R)
  71.41 2502.07 ^ _156882_/Y (AO32x1_ASAP7_75t_R)
  33.66 2535.72 ^ _156995_/Y (OR2x2_ASAP7_75t_R)
  39.31 2575.03 ^ _157002_/Y (AO32x1_ASAP7_75t_R)
  35.10 2610.13 ^ _157004_/Y (XNOR2x2_ASAP7_75t_R)
  14.25 2624.38 v _157005_/Y (NOR3x1_ASAP7_75t_R)
  32.56 2656.94 v _157006_/Y (AND5x2_ASAP7_75t_R)
  28.67 2685.61 v _157078_/Y (OR3x1_ASAP7_75t_R)
  58.66 2744.27 v _157141_/Y (OA33x2_ASAP7_75t_R)
  34.02 2778.29 v _157144_/Y (OR2x2_ASAP7_75t_R)
  24.44 2802.73 v _157145_/Y (AO21x1_ASAP7_75t_R)
  25.92 2828.65 v _157196_/Y (AO32x1_ASAP7_75t_R)
  26.75 2855.41 v _157198_/Y (AO22x1_ASAP7_75t_R)
  22.89 2878.30 v _157222_/Y (AO21x1_ASAP7_75t_R)
  30.77 2909.07 v _157223_/Y (OR3x1_ASAP7_75t_R)
  42.45 2951.52 v _157312_/Y (AO21x1_ASAP7_75t_R)
  57.75 3009.27 ^ _157343_/Y (NAND2x1_ASAP7_75t_R)
  43.30 3052.57 v _157440_/Y (AOI221x1_ASAP7_75t_R)
  30.71 3083.28 v _157456_/Y (OA222x2_ASAP7_75t_R)
  22.22 3105.50 v _157459_/Y (AND5x2_ASAP7_75t_R)
  20.82 3126.32 v _157472_/Y (OA31x2_ASAP7_75t_R)
  42.25 3168.58 v _157475_/Y (OR4x2_ASAP7_75t_R)
  64.50 3233.08 ^ _157478_/Y (NAND2x1_ASAP7_75t_R)
  19.40 3252.47 v _157479_/Y (NOR2x1_ASAP7_75t_R)
  25.13 3277.60 v _157485_/Y (OA21x2_ASAP7_75t_R)
  28.32 3305.92 v _157492_/Y (AO221x1_ASAP7_75t_R)
  26.02 3331.94 v _157649_/Y (OA21x2_ASAP7_75t_R)
  24.30 3356.24 v _157651_/Y (AO21x1_ASAP7_75t_R)
  41.83 3398.07 v _157652_/Y (AO22x1_ASAP7_75t_R)
  64.09 3462.16 ^ _157732_/Y (NAND2x1_ASAP7_75t_R)
  25.46 3487.62 ^ _157764_/Y (AO21x1_ASAP7_75t_R)
  24.35 3511.96 v _157767_/Y (AOI22x1_ASAP7_75t_R)
  35.07 3547.04 v _157790_/Y (OA21x2_ASAP7_75t_R)
  18.74 3565.78 ^ _157827_/Y (AOI211x1_ASAP7_75t_R)
  19.47 3585.25 v _157842_/Y (OAI21x1_ASAP7_75t_R)
  90.29 3675.54 v _157921_/Y (AO221x1_ASAP7_75t_R)
  46.51 3722.05 v _157922_/Y (AO221x1_ASAP7_75t_R)
  27.43 3749.48 v _157925_/Y (AO32x2_ASAP7_75t_R)
  22.56 3772.04 v _157949_/Y (OA211x2_ASAP7_75t_R)
  32.14 3804.17 v _157967_/Y (AO222x2_ASAP7_75t_R)
  38.20 3842.38 v _158020_/Y (AO221x1_ASAP7_75t_R)
  28.44 3870.82 v _158084_/Y (AO211x2_ASAP7_75t_R)
  42.92 3913.75 v _158094_/Y (AND2x2_ASAP7_75t_R)
  47.43 3961.18 v _158173_/Y (OR3x2_ASAP7_75t_R)
  22.66 3983.84 v _158271_/Y (AO221x1_ASAP7_75t_R)
  32.98 4016.82 v _158272_/Y (OR5x1_ASAP7_75t_R)
  46.35 4063.17 v _158273_/Y (OR5x1_ASAP7_75t_R)
  19.78 4082.95 ^ _158274_/Y (NAND2x2_ASAP7_75t_R)
  55.14 4138.09 v _158287_/Y (OAI21x1_ASAP7_75t_R)
  50.89 4188.97 v _158298_/Y (AND2x2_ASAP7_75t_R)
  35.83 4224.80 v _158304_/Y (OA211x2_ASAP7_75t_R)
  29.40 4254.20 v _158330_/Y (XNOR2x2_ASAP7_75t_R)
  29.49 4283.70 v _158388_/Y (OR5x1_ASAP7_75t_R)
  43.07 4326.76 v _158399_/Y (AO33x2_ASAP7_75t_R)
  25.52 4352.29 v _158436_/Y (AND2x2_ASAP7_75t_R)
  79.84 4432.12 v _158437_/Y (OR3x1_ASAP7_75t_R)
  69.36 4501.48 v _158474_/Y (AND2x2_ASAP7_75t_R)
  37.44 4538.93 ^ _158476_/Y (AOI22x1_ASAP7_75t_R)
  22.97 4561.89 ^ _158477_/Y (AND2x2_ASAP7_75t_R)
  15.93 4577.82 v _158496_/Y (AOI221x1_ASAP7_75t_R)
  32.93 4610.75 v _158497_/Y (MAJx2_ASAP7_75t_R)
  24.66 4635.41 v _158571_/Y (AO21x1_ASAP7_75t_R)
  46.94 4682.35 v _158629_/Y (AO221x2_ASAP7_75t_R)
  80.71 4763.07 ^ _158672_/Y (NAND2x1_ASAP7_75t_R)
  34.83 4797.90 ^ _158689_/Y (AND2x2_ASAP7_75t_R)
  22.56 4820.46 ^ _158690_/Y (OA21x2_ASAP7_75t_R)
  19.98 4840.43 ^ _158691_/Y (OR2x2_ASAP7_75t_R)
  22.78 4863.21 ^ _158702_/Y (AND3x1_ASAP7_75t_R)
  21.75 4884.96 ^ _158720_/Y (OA21x2_ASAP7_75t_R)
  24.37 4909.33 ^ _158743_/Y (OA31x2_ASAP7_75t_R)
  15.03 4924.36 ^ _158761_/Y (OR4x1_ASAP7_75t_R)
  47.73 4972.10 ^ _158764_/Y (AND5x2_ASAP7_75t_R)
  51.96 5024.05 ^ _159054_/Y (OA21x2_ASAP7_75t_R)
 109.75 5133.81 ^ _159120_/Y (OA21x2_ASAP7_75t_R)
  57.09 5190.90 ^ _159154_/Y (AO221x1_ASAP7_75t_R)
  97.70 5288.61 ^ _159901_/Y (AND2x2_ASAP7_75t_R)
 160.23 5448.83 v _159903_/Y (NOR2x1_ASAP7_75t_R)
  96.53 5545.36 ^ _163182_/Y (NAND2x2_ASAP7_75t_R)
  31.61 5576.97 ^ load_slew951/Y (BUFx16f_ASAP7_75t_R)
  21.45 5598.43 ^ load_slew949/Y (BUFx16f_ASAP7_75t_R)
  27.29 5625.72 ^ wire948/Y (BUFx16f_ASAP7_75t_R)
 148.18 5773.90 ^ _164794_/Y (OR2x2_ASAP7_75t_R)
  40.73 5814.62 v _201395_/Y (NAND2x1_ASAP7_75t_R)
  19.79 5834.41 v _201396_/Y (AO21x1_ASAP7_75t_R)
  25.53 5859.94 v _201397_/Y (OA211x2_ASAP7_75t_R)
  16.73 5876.67 v _201398_/Y (AO21x1_ASAP7_75t_R)
  15.07 5891.75 v _201399_/Y (AND2x2_ASAP7_75t_R)
   0.08 5891.83 v _312509_/D (DFFHQNx1_ASAP7_75t_R)
        5891.83   data arrival time

5500.00 5500.00   clock core_clk (rise edge)
   0.00 5500.00   clock source latency
   0.00 5500.00 ^ clk (in)
  43.78 5543.78 ^ wire4945/Y (BUFx10_ASAP7_75t_R)
  44.99 5588.77 ^ clkbuf_0_clk/Y (BUFx24_ASAP7_75t_R)
  27.54 5616.31 ^ clkbuf_1_1_0_clk/Y (BUFx24_ASAP7_75t_R)
  27.37 5643.69 ^ clkbuf_2_3_0_clk/Y (BUFx24_ASAP7_75t_R)
  25.30 5668.98 ^ clkbuf_3_7_0_clk/Y (BUFx24_ASAP7_75t_R)
  28.72 5697.71 ^ clkbuf_4_14_0_clk/Y (BUFx24_ASAP7_75t_R)
  24.11 5721.82 ^ clkbuf_6_59_0_clk/Y (BUFx24_ASAP7_75t_R)
  20.87 5742.69 ^ clkbuf_7_118__f_clk/Y (BUFx24_ASAP7_75t_R)
  24.35 5767.04 ^ clkbuf_leaf_521_clk/Y (BUFx24_ASAP7_75t_R)
   1.66 5768.70 ^ _312509_/CLK (DFFHQNx1_ASAP7_75t_R)
 -50.00 5718.70   clock uncertainty
   2.08 5720.78   clock reconvergence pessimism
  -0.37 5720.41   library setup time
        5720.41   data required time
---------------------------------------------------------
        5720.41   data required time
        -5891.83   data arrival time
---------------------------------------------------------
        -171.41   slack (VIOLATED)


Startpoint: _308209_ (rising edge-triggered flip-flop clocked by core_clk)
Endpoint: _312520_ (rising edge-triggered flip-flop clocked by core_clk)
Path Group: reg2reg
Path Type: max

  Delay    Time   Description
---------------------------------------------------------
   0.00    0.00   clock core_clk (rise edge)
   0.00    0.00   clock source latency
   0.00    0.00 ^ clk (in)
  44.44   44.44 ^ wire4945/Y (BUFx10_ASAP7_75t_R)
  46.42   90.85 ^ clkbuf_0_clk/Y (BUFx24_ASAP7_75t_R)
  28.76  119.62 ^ clkbuf_1_0_0_clk/Y (BUFx24_ASAP7_75t_R)
  28.26  147.87 ^ clkbuf_2_1_0_clk/Y (BUFx24_ASAP7_75t_R)
  25.61  173.49 ^ clkbuf_3_2_0_clk/Y (BUFx24_ASAP7_75t_R)
  29.85  203.33 ^ clkbuf_4_4_0_clk/Y (BUFx24_ASAP7_75t_R)
  24.35  227.68 ^ clkbuf_6_19_0_clk/Y (BUFx24_ASAP7_75t_R)
  21.69  249.37 ^ clkbuf_7_38__f_clk/Y (BUFx24_ASAP7_75t_R)
  26.71  276.08 ^ clkbuf_leaf_778_clk/Y (BUFx24_ASAP7_75t_R)
   1.89  277.97 ^ _308209_/CLK (DFFHQNx3_ASAP7_75t_R)
  56.19  334.16 ^ _308209_/QN (DFFHQNx3_ASAP7_75t_R)
  26.21  360.37 ^ wire4778/Y (BUFx16f_ASAP7_75t_R)
  56.27  416.64 ^ wire4776/Y (BUFx16f_ASAP7_75t_R)
  30.08  446.72 ^ wire4775/Y (BUFx16f_ASAP7_75t_R)
  60.47  507.19 ^ load_slew4774/Y (BUFx16f_ASAP7_75t_R)
  95.85  603.03 ^ _153629_/Y (AND2x2_ASAP7_75t_R)
 145.04  748.08 v _153630_/Y (NAND2x1_ASAP7_75t_R)
  63.27  811.35 v _153631_/Y (OA21x2_ASAP7_75t_R)
 105.27  916.62 v _153633_/Y (AND3x1_ASAP7_75t_R)
  83.72 1000.34 v _154870_/Y (AO222x2_ASAP7_75t_R)
  46.64 1046.98 v _154873_/Y (OR3x2_ASAP7_75t_R)
  53.58 1100.56 v _154878_/Y (OR5x1_ASAP7_75t_R)
  97.46 1198.02 v _154879_/Y (OR4x1_ASAP7_75t_R)
  69.73 1267.75 v _155829_/Y (OR4x1_ASAP7_75t_R)
  24.44 1292.18 v _155944_/Y (AO221x1_ASAP7_75t_R)
  50.98 1343.16 v _155949_/Y (OR5x1_ASAP7_75t_R)
  33.14 1376.30 v _156013_/Y (AND2x2_ASAP7_75t_R)
  50.65 1426.95 ^ _156016_/Y (NAND3x1_ASAP7_75t_R)
  37.85 1464.80 v _156112_/Y (AOI221x1_ASAP7_75t_R)
  25.93 1490.73 v _156115_/Y (OA21x2_ASAP7_75t_R)
  21.72 1512.45 v _156116_/Y (OR3x1_ASAP7_75t_R)
  38.61 1551.06 v _156123_/Y (AO33x2_ASAP7_75t_R)
  41.48 1592.54 ^ _156140_/Y (NAND2x1_ASAP7_75t_R)
 111.61 1704.15 ^ _156253_/Y (AO221x1_ASAP7_75t_R)
  66.42 1770.57 v _156308_/Y (NAND2x2_ASAP7_75t_R)
  47.11 1817.68 v _156311_/Y (AO21x2_ASAP7_75t_R)
  22.77 1840.45 v _156314_/Y (OA21x2_ASAP7_75t_R)
  27.66 1868.12 v _156388_/Y (AO221x1_ASAP7_75t_R)
  22.59 1890.71 v _156389_/Y (OA21x2_ASAP7_75t_R)
  24.11 1914.83 ^ _156393_/Y (AOI22x1_ASAP7_75t_R)
  54.62 1969.45 v _156410_/Y (NAND2x1_ASAP7_75t_R)
  71.78 2041.23 v _156421_/Y (AO33x2_ASAP7_75t_R)
  31.36 2072.60 ^ _156522_/Y (XNOR2x2_ASAP7_75t_R)
  25.12 2097.72 ^ _156526_/Y (AND4x1_ASAP7_75t_R)
  19.12 2116.83 ^ _156550_/Y (AO21x1_ASAP7_75t_R)
  19.18 2136.01 ^ _156551_/Y (AO21x1_ASAP7_75t_R)
  82.99 2219.01 ^ _156552_/Y (OA211x2_ASAP7_75t_R)
  82.97 2301.97 v _156555_/Y (INVx1_ASAP7_75t_R)
  32.74 2334.71 ^ _156568_/Y (OAI21x1_ASAP7_75t_R)
  34.05 2368.77 v _156616_/Y (AOI221x1_ASAP7_75t_R)
  48.33 2417.09 v _156806_/Y (OA211x2_ASAP7_75t_R)
  13.56 2430.65 ^ _156807_/Y (NAND2x1_ASAP7_75t_R)
  71.41 2502.07 ^ _156882_/Y (AO32x1_ASAP7_75t_R)
  33.66 2535.72 ^ _156995_/Y (OR2x2_ASAP7_75t_R)
  39.31 2575.03 ^ _157002_/Y (AO32x1_ASAP7_75t_R)
  35.10 2610.13 ^ _157004_/Y (XNOR2x2_ASAP7_75t_R)
  14.25 2624.38 v _157005_/Y (NOR3x1_ASAP7_75t_R)
  32.56 2656.94 v _157006_/Y (AND5x2_ASAP7_75t_R)
  28.67 2685.61 v _157078_/Y (OR3x1_ASAP7_75t_R)
  58.66 2744.27 v _157141_/Y (OA33x2_ASAP7_75t_R)
  34.02 2778.29 v _157144_/Y (OR2x2_ASAP7_75t_R)
  24.44 2802.73 v _157145_/Y (AO21x1_ASAP7_75t_R)
  25.92 2828.65 v _157196_/Y (AO32x1_ASAP7_75t_R)
  26.75 2855.41 v _157198_/Y (AO22x1_ASAP7_75t_R)
  22.89 2878.30 v _157222_/Y (AO21x1_ASAP7_75t_R)
  30.77 2909.07 v _157223_/Y (OR3x1_ASAP7_75t_R)
  42.45 2951.52 v _157312_/Y (AO21x1_ASAP7_75t_R)
  57.75 3009.27 ^ _157343_/Y (NAND2x1_ASAP7_75t_R)
  43.30 3052.57 v _157440_/Y (AOI221x1_ASAP7_75t_R)
  30.71 3083.28 v _157456_/Y (OA222x2_ASAP7_75t_R)
  22.22 3105.50 v _157459_/Y (AND5x2_ASAP7_75t_R)
  20.82 3126.32 v _157472_/Y (OA31x2_ASAP7_75t_R)
  42.25 3168.58 v _157475_/Y (OR4x2_ASAP7_75t_R)
  64.50 3233.08 ^ _157478_/Y (NAND2x1_ASAP7_75t_R)
  19.40 3252.47 v _157479_/Y (NOR2x1_ASAP7_75t_R)
  25.13 3277.60 v _157485_/Y (OA21x2_ASAP7_75t_R)
  28.32 3305.92 v _157492_/Y (AO221x1_ASAP7_75t_R)
  26.02 3331.94 v _157649_/Y (OA21x2_ASAP7_75t_R)
  24.30 3356.24 v _157651_/Y (AO21x1_ASAP7_75t_R)
  41.83 3398.07 v _157652_/Y (AO22x1_ASAP7_75t_R)
  64.09 3462.16 ^ _157732_/Y (NAND2x1_ASAP7_75t_R)
  25.46 3487.62 ^ _157764_/Y (AO21x1_ASAP7_75t_R)
  24.35 3511.96 v _157767_/Y (AOI22x1_ASAP7_75t_R)
  35.07 3547.04 v _157790_/Y (OA21x2_ASAP7_75t_R)
  18.74 3565.78 ^ _157827_/Y (AOI211x1_ASAP7_75t_R)
  19.47 3585.25 v _157842_/Y (OAI21x1_ASAP7_75t_R)
  90.29 3675.54 v _157921_/Y (AO221x1_ASAP7_75t_R)
  46.51 3722.05 v _157922_/Y (AO221x1_ASAP7_75t_R)
  27.43 3749.48 v _157925_/Y (AO32x2_ASAP7_75t_R)
  22.56 3772.04 v _157949_/Y (OA211x2_ASAP7_75t_R)
  32.14 3804.17 v _157967_/Y (AO222x2_ASAP7_75t_R)
  38.20 3842.38 v _158020_/Y (AO221x1_ASAP7_75t_R)
  28.44 3870.82 v _158084_/Y (AO211x2_ASAP7_75t_R)
  42.92 3913.75 v _158094_/Y (AND2x2_ASAP7_75t_R)
  47.43 3961.18 v _158173_/Y (OR3x2_ASAP7_75t_R)
  22.66 3983.84 v _158271_/Y (AO221x1_ASAP7_75t_R)
  32.98 4016.82 v _158272_/Y (OR5x1_ASAP7_75t_R)
  46.35 4063.17 v _158273_/Y (OR5x1_ASAP7_75t_R)
  19.78 4082.95 ^ _158274_/Y (NAND2x2_ASAP7_75t_R)
  55.14 4138.09 v _158287_/Y (OAI21x1_ASAP7_75t_R)
  50.89 4188.97 v _158298_/Y (AND2x2_ASAP7_75t_R)
  35.83 4224.80 v _158304_/Y (OA211x2_ASAP7_75t_R)
  29.40 4254.20 v _158330_/Y (XNOR2x2_ASAP7_75t_R)
  29.49 4283.70 v _158388_/Y (OR5x1_ASAP7_75t_R)
  43.07 4326.76 v _158399_/Y (AO33x2_ASAP7_75t_R)
  25.52 4352.29 v _158436_/Y (AND2x2_ASAP7_75t_R)
  79.84 4432.12 v _158437_/Y (OR3x1_ASAP7_75t_R)
  69.36 4501.48 v _158474_/Y (AND2x2_ASAP7_75t_R)
  37.44 4538.93 ^ _158476_/Y (AOI22x1_ASAP7_75t_R)
  22.97 4561.89 ^ _158477_/Y (AND2x2_ASAP7_75t_R)
  15.93 4577.82 v _158496_/Y (AOI221x1_ASAP7_75t_R)
  32.93 4610.75 v _158497_/Y (MAJx2_ASAP7_75t_R)
  24.66 4635.41 v _158571_/Y (AO21x1_ASAP7_75t_R)
  46.94 4682.35 v _158629_/Y (AO221x2_ASAP7_75t_R)
  80.71 4763.07 ^ _158672_/Y (NAND2x1_ASAP7_75t_R)
  34.83 4797.90 ^ _158689_/Y (AND2x2_ASAP7_75t_R)
  22.56 4820.46 ^ _158690_/Y (OA21x2_ASAP7_75t_R)
  19.98 4840.43 ^ _158691_/Y (OR2x2_ASAP7_75t_R)
  22.78 4863.21 ^ _158702_/Y (AND3x1_ASAP7_75t_R)
  21.75 4884.96 ^ _158720_/Y (OA21x2_ASAP7_75t_R)
  24.37 4909.33 ^ _158743_/Y (OA31x2_ASAP7_75t_R)
  15.03 4924.36 ^ _158761_/Y (OR4x1_ASAP7_75t_R)
  47.73 4972.10 ^ _158764_/Y (AND5x2_ASAP7_75t_R)
  51.96 5024.05 ^ _159054_/Y (OA21x2_ASAP7_75t_R)
 109.75 5133.81 ^ _159120_/Y (OA21x2_ASAP7_75t_R)
  57.09 5190.90 ^ _159154_/Y (AO221x1_ASAP7_75t_R)
  97.70 5288.61 ^ _159901_/Y (AND2x2_ASAP7_75t_R)
 160.23 5448.83 v _159903_/Y (NOR2x1_ASAP7_75t_R)
  96.53 5545.36 ^ _163182_/Y (NAND2x2_ASAP7_75t_R)
  31.61 5576.97 ^ load_slew951/Y (BUFx16f_ASAP7_75t_R)
  21.45 5598.43 ^ load_slew949/Y (BUFx16f_ASAP7_75t_R)
  27.29 5625.72 ^ wire948/Y (BUFx16f_ASAP7_75t_R)
 148.18 5773.90 ^ _164794_/Y (OR2x2_ASAP7_75t_R)
  36.12 5810.02 v _201468_/Y (NAND2x1_ASAP7_75t_R)
  20.43 5830.45 v _201469_/Y (AO21x1_ASAP7_75t_R)
  25.78 5856.23 v _201470_/Y (OA211x2_ASAP7_75t_R)
  17.27 5873.50 v _201471_/Y (AO21x1_ASAP7_75t_R)
  15.29 5888.78 v _201472_/Y (AND2x2_ASAP7_75t_R)
   0.08 5888.86 v _312520_/D (DFFHQNx1_ASAP7_75t_R)
        5888.86   data arrival time

5500.00 5500.00   clock core_clk (rise edge)
   0.00 5500.00   clock source latency
   0.00 5500.00 ^ clk (in)
  43.78 5543.78 ^ wire4945/Y (BUFx10_ASAP7_75t_R)
  44.99 5588.77 ^ clkbuf_0_clk/Y (BUFx24_ASAP7_75t_R)
  27.54 5616.31 ^ clkbuf_1_1_0_clk/Y (BUFx24_ASAP7_75t_R)
  27.37 5643.69 ^ clkbuf_2_3_0_clk/Y (BUFx24_ASAP7_75t_R)
  22.31 5665.99 ^ clkbuf_3_6_0_clk/Y (BUFx24_ASAP7_75t_R)
  28.18 5694.18 ^ clkbuf_4_12_0_clk/Y (BUFx24_ASAP7_75t_R)
  26.40 5720.58 ^ clkbuf_6_50_0_clk/Y (BUFx24_ASAP7_75t_R)
  20.30 5740.88 ^ clkbuf_7_100__f_clk/Y (BUFx24_ASAP7_75t_R)
  21.10 5761.98 ^ clkbuf_leaf_439_clk/Y (BUFx24_ASAP7_75t_R)
   2.96 5764.94 ^ _312520_/CLK (DFFHQNx1_ASAP7_75t_R)
 -50.00 5714.94   clock uncertainty
   2.08 5717.02   clock reconvergence pessimism
   0.62 5717.64   library setup time
        5717.64   data required time
---------------------------------------------------------
        5717.64   data required time
        -5888.86   data arrival time
---------------------------------------------------------
        -171.23   slack (VIOLATED)


Startpoint: _308209_ (rising edge-triggered flip-flop clocked by core_clk)
Endpoint: _312515_ (rising edge-triggered flip-flop clocked by core_clk)
Path Group: reg2reg
Path Type: max

  Delay    Time   Description
---------------------------------------------------------
   0.00    0.00   clock core_clk (rise edge)
   0.00    0.00   clock source latency
   0.00    0.00 ^ clk (in)
  44.44   44.44 ^ wire4945/Y (BUFx10_ASAP7_75t_R)
  46.42   90.85 ^ clkbuf_0_clk/Y (BUFx24_ASAP7_75t_R)
  28.76  119.62 ^ clkbuf_1_0_0_clk/Y (BUFx24_ASAP7_75t_R)
  28.26  147.87 ^ clkbuf_2_1_0_clk/Y (BUFx24_ASAP7_75t_R)
  25.61  173.49 ^ clkbuf_3_2_0_clk/Y (BUFx24_ASAP7_75t_R)
  29.85  203.33 ^ clkbuf_4_4_0_clk/Y (BUFx24_ASAP7_75t_R)
  24.35  227.68 ^ clkbuf_6_19_0_clk/Y (BUFx24_ASAP7_75t_R)
  21.69  249.37 ^ clkbuf_7_38__f_clk/Y (BUFx24_ASAP7_75t_R)
  26.71  276.08 ^ clkbuf_leaf_778_clk/Y (BUFx24_ASAP7_75t_R)
   1.89  277.97 ^ _308209_/CLK (DFFHQNx3_ASAP7_75t_R)
  56.19  334.16 ^ _308209_/QN (DFFHQNx3_ASAP7_75t_R)
  26.21  360.37 ^ wire4778/Y (BUFx16f_ASAP7_75t_R)
  56.27  416.64 ^ wire4776/Y (BUFx16f_ASAP7_75t_R)
  30.08  446.72 ^ wire4775/Y (BUFx16f_ASAP7_75t_R)
  60.47  507.19 ^ load_slew4774/Y (BUFx16f_ASAP7_75t_R)
  95.85  603.03 ^ _153629_/Y (AND2x2_ASAP7_75t_R)
 145.04  748.08 v _153630_/Y (NAND2x1_ASAP7_75t_R)
  63.27  811.35 v _153631_/Y (OA21x2_ASAP7_75t_R)
 105.27  916.62 v _153633_/Y (AND3x1_ASAP7_75t_R)
  83.72 1000.34 v _154870_/Y (AO222x2_ASAP7_75t_R)
  46.64 1046.98 v _154873_/Y (OR3x2_ASAP7_75t_R)
  53.58 1100.56 v _154878_/Y (OR5x1_ASAP7_75t_R)
  97.46 1198.02 v _154879_/Y (OR4x1_ASAP7_75t_R)
  69.73 1267.75 v _155829_/Y (OR4x1_ASAP7_75t_R)
  24.44 1292.18 v _155944_/Y (AO221x1_ASAP7_75t_R)
  50.98 1343.16 v _155949_/Y (OR5x1_ASAP7_75t_R)
  33.14 1376.30 v _156013_/Y (AND2x2_ASAP7_75t_R)
  50.65 1426.95 ^ _156016_/Y (NAND3x1_ASAP7_75t_R)
  37.85 1464.80 v _156112_/Y (AOI221x1_ASAP7_75t_R)
  25.93 1490.73 v _156115_/Y (OA21x2_ASAP7_75t_R)
  21.72 1512.45 v _156116_/Y (OR3x1_ASAP7_75t_R)
  38.61 1551.06 v _156123_/Y (AO33x2_ASAP7_75t_R)
  41.48 1592.54 ^ _156140_/Y (NAND2x1_ASAP7_75t_R)
 111.61 1704.15 ^ _156253_/Y (AO221x1_ASAP7_75t_R)
  66.42 1770.57 v _156308_/Y (NAND2x2_ASAP7_75t_R)
  47.11 1817.68 v _156311_/Y (AO21x2_ASAP7_75t_R)
  22.77 1840.45 v _156314_/Y (OA21x2_ASAP7_75t_R)
  27.66 1868.12 v _156388_/Y (AO221x1_ASAP7_75t_R)
  22.59 1890.71 v _156389_/Y (OA21x2_ASAP7_75t_R)
  24.11 1914.83 ^ _156393_/Y (AOI22x1_ASAP7_75t_R)
  54.62 1969.45 v _156410_/Y (NAND2x1_ASAP7_75t_R)
  71.78 2041.23 v _156421_/Y (AO33x2_ASAP7_75t_R)
  31.36 2072.60 ^ _156522_/Y (XNOR2x2_ASAP7_75t_R)
  25.12 2097.72 ^ _156526_/Y (AND4x1_ASAP7_75t_R)
  19.12 2116.83 ^ _156550_/Y (AO21x1_ASAP7_75t_R)
  19.18 2136.01 ^ _156551_/Y (AO21x1_ASAP7_75t_R)
  82.99 2219.01 ^ _156552_/Y (OA211x2_ASAP7_75t_R)
  82.97 2301.97 v _156555_/Y (INVx1_ASAP7_75t_R)
  32.74 2334.71 ^ _156568_/Y (OAI21x1_ASAP7_75t_R)
  34.05 2368.77 v _156616_/Y (AOI221x1_ASAP7_75t_R)
  48.33 2417.09 v _156806_/Y (OA211x2_ASAP7_75t_R)
  13.56 2430.65 ^ _156807_/Y (NAND2x1_ASAP7_75t_R)
  71.41 2502.07 ^ _156882_/Y (AO32x1_ASAP7_75t_R)
  33.66 2535.72 ^ _156995_/Y (OR2x2_ASAP7_75t_R)
  39.31 2575.03 ^ _157002_/Y (AO32x1_ASAP7_75t_R)
  35.10 2610.13 ^ _157004_/Y (XNOR2x2_ASAP7_75t_R)
  14.25 2624.38 v _157005_/Y (NOR3x1_ASAP7_75t_R)
  32.56 2656.94 v _157006_/Y (AND5x2_ASAP7_75t_R)
  28.67 2685.61 v _157078_/Y (OR3x1_ASAP7_75t_R)
  58.66 2744.27 v _157141_/Y (OA33x2_ASAP7_75t_R)
  34.02 2778.29 v _157144_/Y (OR2x2_ASAP7_75t_R)
  24.44 2802.73 v _157145_/Y (AO21x1_ASAP7_75t_R)
  25.92 2828.65 v _157196_/Y (AO32x1_ASAP7_75t_R)
  26.75 2855.41 v _157198_/Y (AO22x1_ASAP7_75t_R)
  22.89 2878.30 v _157222_/Y (AO21x1_ASAP7_75t_R)
  30.77 2909.07 v _157223_/Y (OR3x1_ASAP7_75t_R)
  42.45 2951.52 v _157312_/Y (AO21x1_ASAP7_75t_R)
  57.75 3009.27 ^ _157343_/Y (NAND2x1_ASAP7_75t_R)
  43.30 3052.57 v _157440_/Y (AOI221x1_ASAP7_75t_R)
  30.71 3083.28 v _157456_/Y (OA222x2_ASAP7_75t_R)
  22.22 3105.50 v _157459_/Y (AND5x2_ASAP7_75t_R)
  20.82 3126.32 v _157472_/Y (OA31x2_ASAP7_75t_R)
  42.25 3168.58 v _157475_/Y (OR4x2_ASAP7_75t_R)
  64.50 3233.08 ^ _157478_/Y (NAND2x1_ASAP7_75t_R)
  19.40 3252.47 v _157479_/Y (NOR2x1_ASAP7_75t_R)
  25.13 3277.60 v _157485_/Y (OA21x2_ASAP7_75t_R)
  28.32 3305.92 v _157492_/Y (AO221x1_ASAP7_75t_R)
  26.02 3331.94 v _157649_/Y (OA21x2_ASAP7_75t_R)
  24.30 3356.24 v _157651_/Y (AO21x1_ASAP7_75t_R)
  41.83 3398.07 v _157652_/Y (AO22x1_ASAP7_75t_R)
  64.09 3462.16 ^ _157732_/Y (NAND2x1_ASAP7_75t_R)
  25.46 3487.62 ^ _157764_/Y (AO21x1_ASAP7_75t_R)
  24.35 3511.96 v _157767_/Y (AOI22x1_ASAP7_75t_R)
  35.07 3547.04 v _157790_/Y (OA21x2_ASAP7_75t_R)
  18.74 3565.78 ^ _157827_/Y (AOI211x1_ASAP7_75t_R)
  19.47 3585.25 v _157842_/Y (OAI21x1_ASAP7_75t_R)
  90.29 3675.54 v _157921_/Y (AO221x1_ASAP7_75t_R)
  46.51 3722.05 v _157922_/Y (AO221x1_ASAP7_75t_R)
  27.43 3749.48 v _157925_/Y (AO32x2_ASAP7_75t_R)
  22.56 3772.04 v _157949_/Y (OA211x2_ASAP7_75t_R)
  32.14 3804.17 v _157967_/Y (AO222x2_ASAP7_75t_R)
  38.20 3842.38 v _158020_/Y (AO221x1_ASAP7_75t_R)
  28.44 3870.82 v _158084_/Y (AO211x2_ASAP7_75t_R)
  42.92 3913.75 v _158094_/Y (AND2x2_ASAP7_75t_R)
  47.43 3961.18 v _158173_/Y (OR3x2_ASAP7_75t_R)
  22.66 3983.84 v _158271_/Y (AO221x1_ASAP7_75t_R)
  32.98 4016.82 v _158272_/Y (OR5x1_ASAP7_75t_R)
  46.35 4063.17 v _158273_/Y (OR5x1_ASAP7_75t_R)
  19.78 4082.95 ^ _158274_/Y (NAND2x2_ASAP7_75t_R)
  55.14 4138.09 v _158287_/Y (OAI21x1_ASAP7_75t_R)
  50.89 4188.97 v _158298_/Y (AND2x2_ASAP7_75t_R)
  35.83 4224.80 v _158304_/Y (OA211x2_ASAP7_75t_R)
  29.40 4254.20 v _158330_/Y (XNOR2x2_ASAP7_75t_R)
  29.49 4283.70 v _158388_/Y (OR5x1_ASAP7_75t_R)
  43.07 4326.76 v _158399_/Y (AO33x2_ASAP7_75t_R)
  25.52 4352.29 v _158436_/Y (AND2x2_ASAP7_75t_R)
  79.84 4432.12 v _158437_/Y (OR3x1_ASAP7_75t_R)
  69.36 4501.48 v _158474_/Y (AND2x2_ASAP7_75t_R)
  37.44 4538.93 ^ _158476_/Y (AOI22x1_ASAP7_75t_R)
  22.97 4561.89 ^ _158477_/Y (AND2x2_ASAP7_75t_R)
  15.93 4577.82 v _158496_/Y (AOI221x1_ASAP7_75t_R)
  32.93 4610.75 v _158497_/Y (MAJx2_ASAP7_75t_R)
  24.66 4635.41 v _158571_/Y (AO21x1_ASAP7_75t_R)
  46.94 4682.35 v _158629_/Y (AO221x2_ASAP7_75t_R)
  80.71 4763.07 ^ _158672_/Y (NAND2x1_ASAP7_75t_R)
  34.83 4797.90 ^ _158689_/Y (AND2x2_ASAP7_75t_R)
  22.56 4820.46 ^ _158690_/Y (OA21x2_ASAP7_75t_R)
  19.98 4840.43 ^ _158691_/Y (OR2x2_ASAP7_75t_R)
  22.78 4863.21 ^ _158702_/Y (AND3x1_ASAP7_75t_R)
  21.75 4884.96 ^ _158720_/Y (OA21x2_ASAP7_75t_R)
  24.37 4909.33 ^ _158743_/Y (OA31x2_ASAP7_75t_R)
  15.03 4924.36 ^ _158761_/Y (OR4x1_ASAP7_75t_R)
  47.73 4972.10 ^ _158764_/Y (AND5x2_ASAP7_75t_R)
  51.96 5024.05 ^ _159054_/Y (OA21x2_ASAP7_75t_R)
 109.75 5133.81 ^ _159120_/Y (OA21x2_ASAP7_75t_R)
  57.09 5190.90 ^ _159154_/Y (AO221x1_ASAP7_75t_R)
  97.70 5288.61 ^ _159901_/Y (AND2x2_ASAP7_75t_R)
 160.23 5448.83 v _159903_/Y (NOR2x1_ASAP7_75t_R)
  96.53 5545.36 ^ _163182_/Y (NAND2x2_ASAP7_75t_R)
  31.61 5576.97 ^ load_slew951/Y (BUFx16f_ASAP7_75t_R)
  21.45 5598.43 ^ load_slew949/Y (BUFx16f_ASAP7_75t_R)
  27.29 5625.72 ^ wire948/Y (BUFx16f_ASAP7_75t_R)
 148.18 5773.90 ^ _164794_/Y (OR2x2_ASAP7_75t_R)
  40.17 5814.06 v _201437_/Y (NAND2x1_ASAP7_75t_R)
  20.56 5834.62 v _201438_/Y (AO21x1_ASAP7_75t_R)
  26.21 5860.83 v _201439_/Y (OA211x2_ASAP7_75t_R)
  16.32 5877.15 v _201440_/Y (AO21x1_ASAP7_75t_R)
  14.74 5891.89 v _201441_/Y (AND2x2_ASAP7_75t_R)
   0.05 5891.94 v _312515_/D (DFFHQNx1_ASAP7_75t_R)
        5891.94   data arrival time

5500.00 5500.00   clock core_clk (rise edge)
   0.00 5500.00   clock source latency
   0.00 5500.00 ^ clk (in)
  43.78 5543.78 ^ wire4945/Y (BUFx10_ASAP7_75t_R)
  44.99 5588.77 ^ clkbuf_0_clk/Y (BUFx24_ASAP7_75t_R)
  27.54 5616.31 ^ clkbuf_1_1_0_clk/Y (BUFx24_ASAP7_75t_R)
  27.37 5643.69 ^ clkbuf_2_3_0_clk/Y (BUFx24_ASAP7_75t_R)
  22.31 5665.99 ^ clkbuf_3_6_0_clk/Y (BUFx24_ASAP7_75t_R)
  27.65 5693.64 ^ clkbuf_4_13_0_clk/Y (BUFx24_ASAP7_75t_R)
  25.02 5718.66 ^ clkbuf_6_54_0_clk/Y (BUFx24_ASAP7_75t_R)
  20.47 5739.13 ^ clkbuf_7_109__f_clk/Y (BUFx24_ASAP7_75t_R)
  28.64 5767.77 ^ clkbuf_leaf_494_clk/Y (BUFx24_ASAP7_75t_R)
   1.61 5769.38 ^ _312515_/CLK (DFFHQNx1_ASAP7_75t_R)
 -50.00 5719.38   clock uncertainty
   2.08 5721.46   clock reconvergence pessimism
  -0.66 5720.80   library setup time
        5720.80   data required time
---------------------------------------------------------
        5720.80   data required time
        -5891.94   data arrival time
---------------------------------------------------------
        -171.14   slack (VIOLATED)


Startpoint: _308209_ (rising edge-triggered flip-flop clocked by core_clk)
Endpoint: _312101_ (rising edge-triggered flip-flop clocked by core_clk)
Path Group: reg2reg
Path Type: max

  Delay    Time   Description
---------------------------------------------------------
   0.00    0.00   clock core_clk (rise edge)
   0.00    0.00   clock source latency
   0.00    0.00 ^ clk (in)
  44.44   44.44 ^ wire4945/Y (BUFx10_ASAP7_75t_R)
  46.42   90.85 ^ clkbuf_0_clk/Y (BUFx24_ASAP7_75t_R)
  28.76  119.62 ^ clkbuf_1_0_0_clk/Y (BUFx24_ASAP7_75t_R)
  28.26  147.87 ^ clkbuf_2_1_0_clk/Y (BUFx24_ASAP7_75t_R)
  25.61  173.49 ^ clkbuf_3_2_0_clk/Y (BUFx24_ASAP7_75t_R)
  29.85  203.33 ^ clkbuf_4_4_0_clk/Y (BUFx24_ASAP7_75t_R)
  24.35  227.68 ^ clkbuf_6_19_0_clk/Y (BUFx24_ASAP7_75t_R)
  21.69  249.37 ^ clkbuf_7_38__f_clk/Y (BUFx24_ASAP7_75t_R)
  26.71  276.08 ^ clkbuf_leaf_778_clk/Y (BUFx24_ASAP7_75t_R)
   1.89  277.97 ^ _308209_/CLK (DFFHQNx3_ASAP7_75t_R)
  56.19  334.16 ^ _308209_/QN (DFFHQNx3_ASAP7_75t_R)
  26.21  360.37 ^ wire4778/Y (BUFx16f_ASAP7_75t_R)
  56.27  416.64 ^ wire4776/Y (BUFx16f_ASAP7_75t_R)
  30.08  446.72 ^ wire4775/Y (BUFx16f_ASAP7_75t_R)
  60.47  507.19 ^ load_slew4774/Y (BUFx16f_ASAP7_75t_R)
  95.85  603.03 ^ _153629_/Y (AND2x2_ASAP7_75t_R)
 145.04  748.08 v _153630_/Y (NAND2x1_ASAP7_75t_R)
  63.27  811.35 v _153631_/Y (OA21x2_ASAP7_75t_R)
 105.27  916.62 v _153633_/Y (AND3x1_ASAP7_75t_R)
  83.72 1000.34 v _154870_/Y (AO222x2_ASAP7_75t_R)
  46.64 1046.98 v _154873_/Y (OR3x2_ASAP7_75t_R)
  53.58 1100.56 v _154878_/Y (OR5x1_ASAP7_75t_R)
  97.46 1198.02 v _154879_/Y (OR4x1_ASAP7_75t_R)
  69.73 1267.75 v _155829_/Y (OR4x1_ASAP7_75t_R)
  24.44 1292.18 v _155944_/Y (AO221x1_ASAP7_75t_R)
  50.98 1343.16 v _155949_/Y (OR5x1_ASAP7_75t_R)
  33.14 1376.30 v _156013_/Y (AND2x2_ASAP7_75t_R)
  50.65 1426.95 ^ _156016_/Y (NAND3x1_ASAP7_75t_R)
  37.85 1464.80 v _156112_/Y (AOI221x1_ASAP7_75t_R)
  25.93 1490.73 v _156115_/Y (OA21x2_ASAP7_75t_R)
  21.72 1512.45 v _156116_/Y (OR3x1_ASAP7_75t_R)
  38.61 1551.06 v _156123_/Y (AO33x2_ASAP7_75t_R)
  41.48 1592.54 ^ _156140_/Y (NAND2x1_ASAP7_75t_R)
 111.61 1704.15 ^ _156253_/Y (AO221x1_ASAP7_75t_R)
  66.42 1770.57 v _156308_/Y (NAND2x2_ASAP7_75t_R)
  47.11 1817.68 v _156311_/Y (AO21x2_ASAP7_75t_R)
  22.77 1840.45 v _156314_/Y (OA21x2_ASAP7_75t_R)
  27.66 1868.12 v _156388_/Y (AO221x1_ASAP7_75t_R)
  22.59 1890.71 v _156389_/Y (OA21x2_ASAP7_75t_R)
  24.11 1914.83 ^ _156393_/Y (AOI22x1_ASAP7_75t_R)
  54.62 1969.45 v _156410_/Y (NAND2x1_ASAP7_75t_R)
  71.78 2041.23 v _156421_/Y (AO33x2_ASAP7_75t_R)
  31.36 2072.60 ^ _156522_/Y (XNOR2x2_ASAP7_75t_R)
  25.12 2097.72 ^ _156526_/Y (AND4x1_ASAP7_75t_R)
  19.12 2116.83 ^ _156550_/Y (AO21x1_ASAP7_75t_R)
  19.18 2136.01 ^ _156551_/Y (AO21x1_ASAP7_75t_R)
  82.99 2219.01 ^ _156552_/Y (OA211x2_ASAP7_75t_R)
  82.97 2301.97 v _156555_/Y (INVx1_ASAP7_75t_R)
  32.74 2334.71 ^ _156568_/Y (OAI21x1_ASAP7_75t_R)
  34.05 2368.77 v _156616_/Y (AOI221x1_ASAP7_75t_R)
  48.33 2417.09 v _156806_/Y (OA211x2_ASAP7_75t_R)
  13.56 2430.65 ^ _156807_/Y (NAND2x1_ASAP7_75t_R)
  71.41 2502.07 ^ _156882_/Y (AO32x1_ASAP7_75t_R)
  33.66 2535.72 ^ _156995_/Y (OR2x2_ASAP7_75t_R)
  39.31 2575.03 ^ _157002_/Y (AO32x1_ASAP7_75t_R)
  35.10 2610.13 ^ _157004_/Y (XNOR2x2_ASAP7_75t_R)
  14.25 2624.38 v _157005_/Y (NOR3x1_ASAP7_75t_R)
  32.56 2656.94 v _157006_/Y (AND5x2_ASAP7_75t_R)
  28.67 2685.61 v _157078_/Y (OR3x1_ASAP7_75t_R)
  58.66 2744.27 v _157141_/Y (OA33x2_ASAP7_75t_R)
  34.02 2778.29 v _157144_/Y (OR2x2_ASAP7_75t_R)
  24.44 2802.73 v _157145_/Y (AO21x1_ASAP7_75t_R)
  25.92 2828.65 v _157196_/Y (AO32x1_ASAP7_75t_R)
  26.75 2855.41 v _157198_/Y (AO22x1_ASAP7_75t_R)
  22.89 2878.30 v _157222_/Y (AO21x1_ASAP7_75t_R)
  30.77 2909.07 v _157223_/Y (OR3x1_ASAP7_75t_R)
  42.45 2951.52 v _157312_/Y (AO21x1_ASAP7_75t_R)
  57.75 3009.27 ^ _157343_/Y (NAND2x1_ASAP7_75t_R)
  43.30 3052.57 v _157440_/Y (AOI221x1_ASAP7_75t_R)
  30.71 3083.28 v _157456_/Y (OA222x2_ASAP7_75t_R)
  22.22 3105.50 v _157459_/Y (AND5x2_ASAP7_75t_R)
  20.82 3126.32 v _157472_/Y (OA31x2_ASAP7_75t_R)
  42.25 3168.58 v _157475_/Y (OR4x2_ASAP7_75t_R)
  64.50 3233.08 ^ _157478_/Y (NAND2x1_ASAP7_75t_R)
  19.40 3252.47 v _157479_/Y (NOR2x1_ASAP7_75t_R)
  25.13 3277.60 v _157485_/Y (OA21x2_ASAP7_75t_R)
  28.32 3305.92 v _157492_/Y (AO221x1_ASAP7_75t_R)
  26.02 3331.94 v _157649_/Y (OA21x2_ASAP7_75t_R)
  24.30 3356.24 v _157651_/Y (AO21x1_ASAP7_75t_R)
  41.83 3398.07 v _157652_/Y (AO22x1_ASAP7_75t_R)
  64.09 3462.16 ^ _157732_/Y (NAND2x1_ASAP7_75t_R)
  25.46 3487.62 ^ _157764_/Y (AO21x1_ASAP7_75t_R)
  24.35 3511.96 v _157767_/Y (AOI22x1_ASAP7_75t_R)
  35.07 3547.04 v _157790_/Y (OA21x2_ASAP7_75t_R)
  18.74 3565.78 ^ _157827_/Y (AOI211x1_ASAP7_75t_R)
  19.47 3585.25 v _157842_/Y (OAI21x1_ASAP7_75t_R)
  90.29 3675.54 v _157921_/Y (AO221x1_ASAP7_75t_R)
  46.51 3722.05 v _157922_/Y (AO221x1_ASAP7_75t_R)
  27.43 3749.48 v _157925_/Y (AO32x2_ASAP7_75t_R)
  22.56 3772.04 v _157949_/Y (OA211x2_ASAP7_75t_R)
  32.14 3804.17 v _157967_/Y (AO222x2_ASAP7_75t_R)
  38.20 3842.38 v _158020_/Y (AO221x1_ASAP7_75t_R)
  28.44 3870.82 v _158084_/Y (AO211x2_ASAP7_75t_R)
  42.92 3913.75 v _158094_/Y (AND2x2_ASAP7_75t_R)
  47.43 3961.18 v _158173_/Y (OR3x2_ASAP7_75t_R)
  22.66 3983.84 v _158271_/Y (AO221x1_ASAP7_75t_R)
  32.98 4016.82 v _158272_/Y (OR5x1_ASAP7_75t_R)
  46.35 4063.17 v _158273_/Y (OR5x1_ASAP7_75t_R)
  19.78 4082.95 ^ _158274_/Y (NAND2x2_ASAP7_75t_R)
  55.14 4138.09 v _158287_/Y (OAI21x1_ASAP7_75t_R)
  50.89 4188.97 v _158298_/Y (AND2x2_ASAP7_75t_R)
  35.83 4224.80 v _158304_/Y (OA211x2_ASAP7_75t_R)
  29.40 4254.20 v _158330_/Y (XNOR2x2_ASAP7_75t_R)
  29.49 4283.70 v _158388_/Y (OR5x1_ASAP7_75t_R)
  43.07 4326.76 v _158399_/Y (AO33x2_ASAP7_75t_R)
  25.52 4352.29 v _158436_/Y (AND2x2_ASAP7_75t_R)
  79.84 4432.12 v _158437_/Y (OR3x1_ASAP7_75t_R)
  69.36 4501.48 v _158474_/Y (AND2x2_ASAP7_75t_R)
  37.44 4538.93 ^ _158476_/Y (AOI22x1_ASAP7_75t_R)
  22.97 4561.89 ^ _158477_/Y (AND2x2_ASAP7_75t_R)
  15.93 4577.82 v _158496_/Y (AOI221x1_ASAP7_75t_R)
  32.93 4610.75 v _158497_/Y (MAJx2_ASAP7_75t_R)
  24.66 4635.41 v _158571_/Y (AO21x1_ASAP7_75t_R)
  46.94 4682.35 v _158629_/Y (AO221x2_ASAP7_75t_R)
  80.71 4763.07 ^ _158672_/Y (NAND2x1_ASAP7_75t_R)
  34.83 4797.90 ^ _158689_/Y (AND2x2_ASAP7_75t_R)
  22.56 4820.46 ^ _158690_/Y (OA21x2_ASAP7_75t_R)
  19.98 4840.43 ^ _158691_/Y (OR2x2_ASAP7_75t_R)
  22.78 4863.21 ^ _158702_/Y (AND3x1_ASAP7_75t_R)
  21.75 4884.96 ^ _158720_/Y (OA21x2_ASAP7_75t_R)
  24.37 4909.33 ^ _158743_/Y (OA31x2_ASAP7_75t_R)
  15.03 4924.36 ^ _158761_/Y (OR4x1_ASAP7_75t_R)
  47.73 4972.10 ^ _158764_/Y (AND5x2_ASAP7_75t_R)
  51.96 5024.05 ^ _159054_/Y (OA21x2_ASAP7_75t_R)
 109.75 5133.81 ^ _159120_/Y (OA21x2_ASAP7_75t_R)
  57.09 5190.90 ^ _159154_/Y (AO221x1_ASAP7_75t_R)
  97.70 5288.61 ^ _159901_/Y (AND2x2_ASAP7_75t_R)
 160.23 5448.83 v _159903_/Y (NOR2x1_ASAP7_75t_R)
 112.70 5561.53 ^ _163131_/Y (NAND2x2_ASAP7_75t_R)
  35.00 5596.53 ^ load_slew954/Y (BUFx16f_ASAP7_75t_R)
  34.40 5630.93 ^ load_slew952/Y (BUFx16f_ASAP7_75t_R)
 126.57 5757.49 ^ _163132_/Y (OR2x2_ASAP7_75t_R)
  53.04 5810.53 v _194540_/Y (NAND2x1_ASAP7_75t_R)
  19.79 5830.32 v _194541_/Y (AO21x1_ASAP7_75t_R)
  25.92 5856.23 v _194542_/Y (OA211x2_ASAP7_75t_R)
  16.65 5872.88 v _194543_/Y (AO21x1_ASAP7_75t_R)
  14.71 5887.60 v _194544_/Y (AND2x2_ASAP7_75t_R)
   0.08 5887.68 v _312101_/D (DFFHQNx1_ASAP7_75t_R)
        5887.68   data arrival time

5500.00 5500.00   clock core_clk (rise edge)
   0.00 5500.00   clock source latency
   0.00 5500.00 ^ clk (in)
  43.78 5543.78 ^ wire4945/Y (BUFx10_ASAP7_75t_R)
  44.99 5588.77 ^ clkbuf_0_clk/Y (BUFx24_ASAP7_75t_R)
  27.54 5616.31 ^ clkbuf_1_1_0_clk/Y (BUFx24_ASAP7_75t_R)
  27.37 5643.69 ^ clkbuf_2_3_0_clk/Y (BUFx24_ASAP7_75t_R)
  22.31 5665.99 ^ clkbuf_3_6_0_clk/Y (BUFx24_ASAP7_75t_R)
  28.18 5694.18 ^ clkbuf_4_12_0_clk/Y (BUFx24_ASAP7_75t_R)
  26.31 5720.48 ^ clkbuf_6_51_0_clk/Y (BUFx24_ASAP7_75t_R)
  20.81 5741.29 ^ clkbuf_7_103__f_clk/Y (BUFx24_ASAP7_75t_R)
  23.09 5764.38 ^ clkbuf_leaf_472_clk/Y (BUFx24_ASAP7_75t_R)
   1.63 5766.01 ^ _312101_/CLK (DFFHQNx1_ASAP7_75t_R)
 -50.00 5716.01   clock uncertainty
   2.08 5718.09   clock reconvergence pessimism
  -1.14 5716.95   library setup time
        5716.95   data required time
---------------------------------------------------------
        5716.95   data required time
        -5887.68   data arrival time
---------------------------------------------------------
        -170.73   slack (VIOLATED)


Startpoint: _308209_ (rising edge-triggered flip-flop clocked by core_clk)
Endpoint: _312511_ (rising edge-triggered flip-flop clocked by core_clk)
Path Group: reg2reg
Path Type: max

  Delay    Time   Description
---------------------------------------------------------
   0.00    0.00   clock core_clk (rise edge)
   0.00    0.00   clock source latency
   0.00    0.00 ^ clk (in)
  44.44   44.44 ^ wire4945/Y (BUFx10_ASAP7_75t_R)
  46.42   90.85 ^ clkbuf_0_clk/Y (BUFx24_ASAP7_75t_R)
  28.76  119.62 ^ clkbuf_1_0_0_clk/Y (BUFx24_ASAP7_75t_R)
  28.26  147.87 ^ clkbuf_2_1_0_clk/Y (BUFx24_ASAP7_75t_R)
  25.61  173.49 ^ clkbuf_3_2_0_clk/Y (BUFx24_ASAP7_75t_R)
  29.85  203.33 ^ clkbuf_4_4_0_clk/Y (BUFx24_ASAP7_75t_R)
  24.35  227.68 ^ clkbuf_6_19_0_clk/Y (BUFx24_ASAP7_75t_R)
  21.69  249.37 ^ clkbuf_7_38__f_clk/Y (BUFx24_ASAP7_75t_R)
  26.71  276.08 ^ clkbuf_leaf_778_clk/Y (BUFx24_ASAP7_75t_R)
   1.89  277.97 ^ _308209_/CLK (DFFHQNx3_ASAP7_75t_R)
  56.19  334.16 ^ _308209_/QN (DFFHQNx3_ASAP7_75t_R)
  26.21  360.37 ^ wire4778/Y (BUFx16f_ASAP7_75t_R)
  56.27  416.64 ^ wire4776/Y (BUFx16f_ASAP7_75t_R)
  30.08  446.72 ^ wire4775/Y (BUFx16f_ASAP7_75t_R)
  60.47  507.19 ^ load_slew4774/Y (BUFx16f_ASAP7_75t_R)
  95.85  603.03 ^ _153629_/Y (AND2x2_ASAP7_75t_R)
 145.04  748.08 v _153630_/Y (NAND2x1_ASAP7_75t_R)
  63.27  811.35 v _153631_/Y (OA21x2_ASAP7_75t_R)
 105.27  916.62 v _153633_/Y (AND3x1_ASAP7_75t_R)
  83.72 1000.34 v _154870_/Y (AO222x2_ASAP7_75t_R)
  46.64 1046.98 v _154873_/Y (OR3x2_ASAP7_75t_R)
  53.58 1100.56 v _154878_/Y (OR5x1_ASAP7_75t_R)
  97.46 1198.02 v _154879_/Y (OR4x1_ASAP7_75t_R)
  69.73 1267.75 v _155829_/Y (OR4x1_ASAP7_75t_R)
  24.44 1292.18 v _155944_/Y (AO221x1_ASAP7_75t_R)
  50.98 1343.16 v _155949_/Y (OR5x1_ASAP7_75t_R)
  33.14 1376.30 v _156013_/Y (AND2x2_ASAP7_75t_R)
  50.65 1426.95 ^ _156016_/Y (NAND3x1_ASAP7_75t_R)
  37.85 1464.80 v _156112_/Y (AOI221x1_ASAP7_75t_R)
  25.93 1490.73 v _156115_/Y (OA21x2_ASAP7_75t_R)
  21.72 1512.45 v _156116_/Y (OR3x1_ASAP7_75t_R)
  38.61 1551.06 v _156123_/Y (AO33x2_ASAP7_75t_R)
  41.48 1592.54 ^ _156140_/Y (NAND2x1_ASAP7_75t_R)
 111.61 1704.15 ^ _156253_/Y (AO221x1_ASAP7_75t_R)
  66.42 1770.57 v _156308_/Y (NAND2x2_ASAP7_75t_R)
  47.11 1817.68 v _156311_/Y (AO21x2_ASAP7_75t_R)
  22.77 1840.45 v _156314_/Y (OA21x2_ASAP7_75t_R)
  27.66 1868.12 v _156388_/Y (AO221x1_ASAP7_75t_R)
  22.59 1890.71 v _156389_/Y (OA21x2_ASAP7_75t_R)
  24.11 1914.83 ^ _156393_/Y (AOI22x1_ASAP7_75t_R)
  54.62 1969.45 v _156410_/Y (NAND2x1_ASAP7_75t_R)
  71.78 2041.23 v _156421_/Y (AO33x2_ASAP7_75t_R)
  31.36 2072.60 ^ _156522_/Y (XNOR2x2_ASAP7_75t_R)
  25.12 2097.72 ^ _156526_/Y (AND4x1_ASAP7_75t_R)
  19.12 2116.83 ^ _156550_/Y (AO21x1_ASAP7_75t_R)
  19.18 2136.01 ^ _156551_/Y (AO21x1_ASAP7_75t_R)
  82.99 2219.01 ^ _156552_/Y (OA211x2_ASAP7_75t_R)
  82.97 2301.97 v _156555_/Y (INVx1_ASAP7_75t_R)
  32.74 2334.71 ^ _156568_/Y (OAI21x1_ASAP7_75t_R)
  34.05 2368.77 v _156616_/Y (AOI221x1_ASAP7_75t_R)
  48.33 2417.09 v _156806_/Y (OA211x2_ASAP7_75t_R)
  13.56 2430.65 ^ _156807_/Y (NAND2x1_ASAP7_75t_R)
  71.41 2502.07 ^ _156882_/Y (AO32x1_ASAP7_75t_R)
  33.66 2535.72 ^ _156995_/Y (OR2x2_ASAP7_75t_R)
  39.31 2575.03 ^ _157002_/Y (AO32x1_ASAP7_75t_R)
  35.10 2610.13 ^ _157004_/Y (XNOR2x2_ASAP7_75t_R)
  14.25 2624.38 v _157005_/Y (NOR3x1_ASAP7_75t_R)
  32.56 2656.94 v _157006_/Y (AND5x2_ASAP7_75t_R)
  28.67 2685.61 v _157078_/Y (OR3x1_ASAP7_75t_R)
  58.66 2744.27 v _157141_/Y (OA33x2_ASAP7_75t_R)
  34.02 2778.29 v _157144_/Y (OR2x2_ASAP7_75t_R)
  24.44 2802.73 v _157145_/Y (AO21x1_ASAP7_75t_R)
  25.92 2828.65 v _157196_/Y (AO32x1_ASAP7_75t_R)
  26.75 2855.41 v _157198_/Y (AO22x1_ASAP7_75t_R)
  22.89 2878.30 v _157222_/Y (AO21x1_ASAP7_75t_R)
  30.77 2909.07 v _157223_/Y (OR3x1_ASAP7_75t_R)
  42.45 2951.52 v _157312_/Y (AO21x1_ASAP7_75t_R)
  57.75 3009.27 ^ _157343_/Y (NAND2x1_ASAP7_75t_R)
  43.30 3052.57 v _157440_/Y (AOI221x1_ASAP7_75t_R)
  30.71 3083.28 v _157456_/Y (OA222x2_ASAP7_75t_R)
  22.22 3105.50 v _157459_/Y (AND5x2_ASAP7_75t_R)
  20.82 3126.32 v _157472_/Y (OA31x2_ASAP7_75t_R)
  42.25 3168.58 v _157475_/Y (OR4x2_ASAP7_75t_R)
  64.50 3233.08 ^ _157478_/Y (NAND2x1_ASAP7_75t_R)
  19.40 3252.47 v _157479_/Y (NOR2x1_ASAP7_75t_R)
  25.13 3277.60 v _157485_/Y (OA21x2_ASAP7_75t_R)
  28.32 3305.92 v _157492_/Y (AO221x1_ASAP7_75t_R)
  26.02 3331.94 v _157649_/Y (OA21x2_ASAP7_75t_R)
  24.30 3356.24 v _157651_/Y (AO21x1_ASAP7_75t_R)
  41.83 3398.07 v _157652_/Y (AO22x1_ASAP7_75t_R)
  64.09 3462.16 ^ _157732_/Y (NAND2x1_ASAP7_75t_R)
  25.46 3487.62 ^ _157764_/Y (AO21x1_ASAP7_75t_R)
  24.35 3511.96 v _157767_/Y (AOI22x1_ASAP7_75t_R)
  35.07 3547.04 v _157790_/Y (OA21x2_ASAP7_75t_R)
  18.74 3565.78 ^ _157827_/Y (AOI211x1_ASAP7_75t_R)
  19.47 3585.25 v _157842_/Y (OAI21x1_ASAP7_75t_R)
  90.29 3675.54 v _157921_/Y (AO221x1_ASAP7_75t_R)
  46.51 3722.05 v _157922_/Y (AO221x1_ASAP7_75t_R)
  27.43 3749.48 v _157925_/Y (AO32x2_ASAP7_75t_R)
  22.56 3772.04 v _157949_/Y (OA211x2_ASAP7_75t_R)
  32.14 3804.17 v _157967_/Y (AO222x2_ASAP7_75t_R)
  38.20 3842.38 v _158020_/Y (AO221x1_ASAP7_75t_R)
  28.44 3870.82 v _158084_/Y (AO211x2_ASAP7_75t_R)
  42.92 3913.75 v _158094_/Y (AND2x2_ASAP7_75t_R)
  47.43 3961.18 v _158173_/Y (OR3x2_ASAP7_75t_R)
  22.66 3983.84 v _158271_/Y (AO221x1_ASAP7_75t_R)
  32.98 4016.82 v _158272_/Y (OR5x1_ASAP7_75t_R)
  46.35 4063.17 v _158273_/Y (OR5x1_ASAP7_75t_R)
  19.78 4082.95 ^ _158274_/Y (NAND2x2_ASAP7_75t_R)
  55.14 4138.09 v _158287_/Y (OAI21x1_ASAP7_75t_R)
  50.89 4188.97 v _158298_/Y (AND2x2_ASAP7_75t_R)
  35.83 4224.80 v _158304_/Y (OA211x2_ASAP7_75t_R)
  29.40 4254.20 v _158330_/Y (XNOR2x2_ASAP7_75t_R)
  29.49 4283.70 v _158388_/Y (OR5x1_ASAP7_75t_R)
  43.07 4326.76 v _158399_/Y (AO33x2_ASAP7_75t_R)
  25.52 4352.29 v _158436_/Y (AND2x2_ASAP7_75t_R)
  79.84 4432.12 v _158437_/Y (OR3x1_ASAP7_75t_R)
  69.36 4501.48 v _158474_/Y (AND2x2_ASAP7_75t_R)
  37.44 4538.93 ^ _158476_/Y (AOI22x1_ASAP7_75t_R)
  22.97 4561.89 ^ _158477_/Y (AND2x2_ASAP7_75t_R)
  15.93 4577.82 v _158496_/Y (AOI221x1_ASAP7_75t_R)
  32.93 4610.75 v _158497_/Y (MAJx2_ASAP7_75t_R)
  24.66 4635.41 v _158571_/Y (AO21x1_ASAP7_75t_R)
  46.94 4682.35 v _158629_/Y (AO221x2_ASAP7_75t_R)
  80.71 4763.07 ^ _158672_/Y (NAND2x1_ASAP7_75t_R)
  34.83 4797.90 ^ _158689_/Y (AND2x2_ASAP7_75t_R)
  22.56 4820.46 ^ _158690_/Y (OA21x2_ASAP7_75t_R)
  19.98 4840.43 ^ _158691_/Y (OR2x2_ASAP7_75t_R)
  22.78 4863.21 ^ _158702_/Y (AND3x1_ASAP7_75t_R)
  21.75 4884.96 ^ _158720_/Y (OA21x2_ASAP7_75t_R)
  24.37 4909.33 ^ _158743_/Y (OA31x2_ASAP7_75t_R)
  15.03 4924.36 ^ _158761_/Y (OR4x1_ASAP7_75t_R)
  47.73 4972.10 ^ _158764_/Y (AND5x2_ASAP7_75t_R)
  51.96 5024.05 ^ _159054_/Y (OA21x2_ASAP7_75t_R)
 109.75 5133.81 ^ _159120_/Y (OA21x2_ASAP7_75t_R)
  57.09 5190.90 ^ _159154_/Y (AO221x1_ASAP7_75t_R)
  97.70 5288.61 ^ _159901_/Y (AND2x2_ASAP7_75t_R)
 160.23 5448.83 v _159903_/Y (NOR2x1_ASAP7_75t_R)
  96.53 5545.36 ^ _163182_/Y (NAND2x2_ASAP7_75t_R)
  31.61 5576.97 ^ load_slew951/Y (BUFx16f_ASAP7_75t_R)
  21.45 5598.43 ^ load_slew949/Y (BUFx16f_ASAP7_75t_R)
  27.29 5625.72 ^ wire948/Y (BUFx16f_ASAP7_75t_R)
 148.18 5773.90 ^ _164794_/Y (OR2x2_ASAP7_75t_R)
  36.06 5809.96 v _201409_/Y (NAND2x1_ASAP7_75t_R)
  20.32 5830.28 v _201410_/Y (AO21x1_ASAP7_75t_R)
  25.78 5856.05 v _201412_/Y (OA211x2_ASAP7_75t_R)
  16.13 5872.19 v _201413_/Y (AO21x1_ASAP7_75t_R)
  14.96 5887.15 v _201414_/Y (AND2x2_ASAP7_75t_R)
   0.08 5887.23 v _312511_/D (DFFHQNx1_ASAP7_75t_R)
        5887.23   data arrival time

5500.00 5500.00   clock core_clk (rise edge)
   0.00 5500.00   clock source latency
   0.00 5500.00 ^ clk (in)
  43.78 5543.78 ^ wire4945/Y (BUFx10_ASAP7_75t_R)
  44.99 5588.77 ^ clkbuf_0_clk/Y (BUFx24_ASAP7_75t_R)
  27.54 5616.31 ^ clkbuf_1_1_0_clk/Y (BUFx24_ASAP7_75t_R)
  27.37 5643.69 ^ clkbuf_2_3_0_clk/Y (BUFx24_ASAP7_75t_R)
  25.30 5668.98 ^ clkbuf_3_7_0_clk/Y (BUFx24_ASAP7_75t_R)
  28.72 5697.71 ^ clkbuf_4_14_0_clk/Y (BUFx24_ASAP7_75t_R)
  22.00 5719.71 ^ clkbuf_6_57_0_clk/Y (BUFx24_ASAP7_75t_R)
  19.69 5739.40 ^ clkbuf_7_115__f_clk/Y (BUFx24_ASAP7_75t_R)
  22.69 5762.09 ^ clkbuf_leaf_504_clk/Y (BUFx24_ASAP7_75t_R)
   2.32 5764.40 ^ _312511_/CLK (DFFHQNx1_ASAP7_75t_R)
 -50.00 5714.40   clock uncertainty
   2.08 5716.48   clock reconvergence pessimism
   0.28 5716.76   library setup time
        5716.76   data required time
---------------------------------------------------------
        5716.76   data required time
        -5887.23   data arrival time
---------------------------------------------------------
        -170.46   slack (VIOLATED)


Startpoint: _308209_ (rising edge-triggered flip-flop clocked by core_clk)
Endpoint: _312546_ (rising edge-triggered flip-flop clocked by core_clk)
Path Group: reg2reg
Path Type: max

  Delay    Time   Description
---------------------------------------------------------
   0.00    0.00   clock core_clk (rise edge)
   0.00    0.00   clock source latency
   0.00    0.00 ^ clk (in)
  44.44   44.44 ^ wire4945/Y (BUFx10_ASAP7_75t_R)
  46.42   90.85 ^ clkbuf_0_clk/Y (BUFx24_ASAP7_75t_R)
  28.76  119.62 ^ clkbuf_1_0_0_clk/Y (BUFx24_ASAP7_75t_R)
  28.26  147.87 ^ clkbuf_2_1_0_clk/Y (BUFx24_ASAP7_75t_R)
  25.61  173.49 ^ clkbuf_3_2_0_clk/Y (BUFx24_ASAP7_75t_R)
  29.85  203.33 ^ clkbuf_4_4_0_clk/Y (BUFx24_ASAP7_75t_R)
  24.35  227.68 ^ clkbuf_6_19_0_clk/Y (BUFx24_ASAP7_75t_R)
  21.69  249.37 ^ clkbuf_7_38__f_clk/Y (BUFx24_ASAP7_75t_R)
  26.71  276.08 ^ clkbuf_leaf_778_clk/Y (BUFx24_ASAP7_75t_R)
   1.89  277.97 ^ _308209_/CLK (DFFHQNx3_ASAP7_75t_R)
  56.19  334.16 ^ _308209_/QN (DFFHQNx3_ASAP7_75t_R)
  26.21  360.37 ^ wire4778/Y (BUFx16f_ASAP7_75t_R)
  56.27  416.64 ^ wire4776/Y (BUFx16f_ASAP7_75t_R)
  30.08  446.72 ^ wire4775/Y (BUFx16f_ASAP7_75t_R)
  60.47  507.19 ^ load_slew4774/Y (BUFx16f_ASAP7_75t_R)
  95.85  603.03 ^ _153629_/Y (AND2x2_ASAP7_75t_R)
 145.04  748.08 v _153630_/Y (NAND2x1_ASAP7_75t_R)
  63.27  811.35 v _153631_/Y (OA21x2_ASAP7_75t_R)
 105.27  916.62 v _153633_/Y (AND3x1_ASAP7_75t_R)
  83.72 1000.34 v _154870_/Y (AO222x2_ASAP7_75t_R)
  46.64 1046.98 v _154873_/Y (OR3x2_ASAP7_75t_R)
  53.58 1100.56 v _154878_/Y (OR5x1_ASAP7_75t_R)
  97.46 1198.02 v _154879_/Y (OR4x1_ASAP7_75t_R)
  69.73 1267.75 v _155829_/Y (OR4x1_ASAP7_75t_R)
  24.44 1292.18 v _155944_/Y (AO221x1_ASAP7_75t_R)
  50.98 1343.16 v _155949_/Y (OR5x1_ASAP7_75t_R)
  33.14 1376.30 v _156013_/Y (AND2x2_ASAP7_75t_R)
  50.65 1426.95 ^ _156016_/Y (NAND3x1_ASAP7_75t_R)
  37.85 1464.80 v _156112_/Y (AOI221x1_ASAP7_75t_R)
  25.93 1490.73 v _156115_/Y (OA21x2_ASAP7_75t_R)
  21.72 1512.45 v _156116_/Y (OR3x1_ASAP7_75t_R)
  38.61 1551.06 v _156123_/Y (AO33x2_ASAP7_75t_R)
  41.48 1592.54 ^ _156140_/Y (NAND2x1_ASAP7_75t_R)
 111.61 1704.15 ^ _156253_/Y (AO221x1_ASAP7_75t_R)
  66.42 1770.57 v _156308_/Y (NAND2x2_ASAP7_75t_R)
  47.11 1817.68 v _156311_/Y (AO21x2_ASAP7_75t_R)
  22.77 1840.45 v _156314_/Y (OA21x2_ASAP7_75t_R)
  27.66 1868.12 v _156388_/Y (AO221x1_ASAP7_75t_R)
  22.59 1890.71 v _156389_/Y (OA21x2_ASAP7_75t_R)
  24.11 1914.83 ^ _156393_/Y (AOI22x1_ASAP7_75t_R)
  54.62 1969.45 v _156410_/Y (NAND2x1_ASAP7_75t_R)
  71.78 2041.23 v _156421_/Y (AO33x2_ASAP7_75t_R)
  31.36 2072.60 ^ _156522_/Y (XNOR2x2_ASAP7_75t_R)
  25.12 2097.72 ^ _156526_/Y (AND4x1_ASAP7_75t_R)
  19.12 2116.83 ^ _156550_/Y (AO21x1_ASAP7_75t_R)
  19.18 2136.01 ^ _156551_/Y (AO21x1_ASAP7_75t_R)
  82.99 2219.01 ^ _156552_/Y (OA211x2_ASAP7_75t_R)
  82.97 2301.97 v _156555_/Y (INVx1_ASAP7_75t_R)
  32.74 2334.71 ^ _156568_/Y (OAI21x1_ASAP7_75t_R)
  34.05 2368.77 v _156616_/Y (AOI221x1_ASAP7_75t_R)
  48.33 2417.09 v _156806_/Y (OA211x2_ASAP7_75t_R)
  13.56 2430.65 ^ _156807_/Y (NAND2x1_ASAP7_75t_R)
  71.41 2502.07 ^ _156882_/Y (AO32x1_ASAP7_75t_R)
  33.66 2535.72 ^ _156995_/Y (OR2x2_ASAP7_75t_R)
  39.31 2575.03 ^ _157002_/Y (AO32x1_ASAP7_75t_R)
  35.10 2610.13 ^ _157004_/Y (XNOR2x2_ASAP7_75t_R)
  14.25 2624.38 v _157005_/Y (NOR3x1_ASAP7_75t_R)
  32.56 2656.94 v _157006_/Y (AND5x2_ASAP7_75t_R)
  28.67 2685.61 v _157078_/Y (OR3x1_ASAP7_75t_R)
  58.66 2744.27 v _157141_/Y (OA33x2_ASAP7_75t_R)
  34.02 2778.29 v _157144_/Y (OR2x2_ASAP7_75t_R)
  24.44 2802.73 v _157145_/Y (AO21x1_ASAP7_75t_R)
  25.92 2828.65 v _157196_/Y (AO32x1_ASAP7_75t_R)
  26.75 2855.41 v _157198_/Y (AO22x1_ASAP7_75t_R)
  22.89 2878.30 v _157222_/Y (AO21x1_ASAP7_75t_R)
  30.77 2909.07 v _157223_/Y (OR3x1_ASAP7_75t_R)
  42.45 2951.52 v _157312_/Y (AO21x1_ASAP7_75t_R)
  57.75 3009.27 ^ _157343_/Y (NAND2x1_ASAP7_75t_R)
  43.30 3052.57 v _157440_/Y (AOI221x1_ASAP7_75t_R)
  30.71 3083.28 v _157456_/Y (OA222x2_ASAP7_75t_R)
  22.22 3105.50 v _157459_/Y (AND5x2_ASAP7_75t_R)
  20.82 3126.32 v _157472_/Y (OA31x2_ASAP7_75t_R)
  42.25 3168.58 v _157475_/Y (OR4x2_ASAP7_75t_R)
  64.50 3233.08 ^ _157478_/Y (NAND2x1_ASAP7_75t_R)
  19.40 3252.47 v _157479_/Y (NOR2x1_ASAP7_75t_R)
  25.13 3277.60 v _157485_/Y (OA21x2_ASAP7_75t_R)
  28.32 3305.92 v _157492_/Y (AO221x1_ASAP7_75t_R)
  26.02 3331.94 v _157649_/Y (OA21x2_ASAP7_75t_R)
  24.30 3356.24 v _157651_/Y (AO21x1_ASAP7_75t_R)
  41.83 3398.07 v _157652_/Y (AO22x1_ASAP7_75t_R)
  64.09 3462.16 ^ _157732_/Y (NAND2x1_ASAP7_75t_R)
  25.46 3487.62 ^ _157764_/Y (AO21x1_ASAP7_75t_R)
  24.35 3511.96 v _157767_/Y (AOI22x1_ASAP7_75t_R)
  35.07 3547.04 v _157790_/Y (OA21x2_ASAP7_75t_R)
  18.74 3565.78 ^ _157827_/Y (AOI211x1_ASAP7_75t_R)
  19.47 3585.25 v _157842_/Y (OAI21x1_ASAP7_75t_R)
  90.29 3675.54 v _157921_/Y (AO221x1_ASAP7_75t_R)
  46.51 3722.05 v _157922_/Y (AO221x1_ASAP7_75t_R)
  27.43 3749.48 v _157925_/Y (AO32x2_ASAP7_75t_R)
  22.56 3772.04 v _157949_/Y (OA211x2_ASAP7_75t_R)
  32.14 3804.17 v _157967_/Y (AO222x2_ASAP7_75t_R)
  38.20 3842.38 v _158020_/Y (AO221x1_ASAP7_75t_R)
  28.44 3870.82 v _158084_/Y (AO211x2_ASAP7_75t_R)
  42.92 3913.75 v _158094_/Y (AND2x2_ASAP7_75t_R)
  47.43 3961.18 v _158173_/Y (OR3x2_ASAP7_75t_R)
  22.66 3983.84 v _158271_/Y (AO221x1_ASAP7_75t_R)
  32.98 4016.82 v _158272_/Y (OR5x1_ASAP7_75t_R)
  46.35 4063.17 v _158273_/Y (OR5x1_ASAP7_75t_R)
  19.78 4082.95 ^ _158274_/Y (NAND2x2_ASAP7_75t_R)
  55.14 4138.09 v _158287_/Y (OAI21x1_ASAP7_75t_R)
  50.89 4188.97 v _158298_/Y (AND2x2_ASAP7_75t_R)
  35.83 4224.80 v _158304_/Y (OA211x2_ASAP7_75t_R)
  29.40 4254.20 v _158330_/Y (XNOR2x2_ASAP7_75t_R)
  29.49 4283.70 v _158388_/Y (OR5x1_ASAP7_75t_R)
  43.07 4326.76 v _158399_/Y (AO33x2_ASAP7_75t_R)
  25.52 4352.29 v _158436_/Y (AND2x2_ASAP7_75t_R)
  79.84 4432.12 v _158437_/Y (OR3x1_ASAP7_75t_R)
  69.36 4501.48 v _158474_/Y (AND2x2_ASAP7_75t_R)
  37.44 4538.93 ^ _158476_/Y (AOI22x1_ASAP7_75t_R)
  22.97 4561.89 ^ _158477_/Y (AND2x2_ASAP7_75t_R)
  15.93 4577.82 v _158496_/Y (AOI221x1_ASAP7_75t_R)
  32.93 4610.75 v _158497_/Y (MAJx2_ASAP7_75t_R)
  24.66 4635.41 v _158571_/Y (AO21x1_ASAP7_75t_R)
  46.94 4682.35 v _158629_/Y (AO221x2_ASAP7_75t_R)
  80.71 4763.07 ^ _158672_/Y (NAND2x1_ASAP7_75t_R)
  34.83 4797.90 ^ _158689_/Y (AND2x2_ASAP7_75t_R)
  22.56 4820.46 ^ _158690_/Y (OA21x2_ASAP7_75t_R)
  19.98 4840.43 ^ _158691_/Y (OR2x2_ASAP7_75t_R)
  22.78 4863.21 ^ _158702_/Y (AND3x1_ASAP7_75t_R)
  21.75 4884.96 ^ _158720_/Y (OA21x2_ASAP7_75t_R)
  24.37 4909.33 ^ _158743_/Y (OA31x2_ASAP7_75t_R)
  15.03 4924.36 ^ _158761_/Y (OR4x1_ASAP7_75t_R)
  47.73 4972.10 ^ _158764_/Y (AND5x2_ASAP7_75t_R)
  51.96 5024.05 ^ _159054_/Y (OA21x2_ASAP7_75t_R)
 109.75 5133.81 ^ _159120_/Y (OA21x2_ASAP7_75t_R)
  57.09 5190.90 ^ _159154_/Y (AO221x1_ASAP7_75t_R)
  97.70 5288.61 ^ _159901_/Y (AND2x2_ASAP7_75t_R)
 160.23 5448.83 v _159903_/Y (NOR2x1_ASAP7_75t_R)
 112.70 5561.53 ^ _163131_/Y (NAND2x2_ASAP7_75t_R)
  35.00 5596.53 ^ load_slew954/Y (BUFx16f_ASAP7_75t_R)
  34.40 5630.93 ^ load_slew952/Y (BUFx16f_ASAP7_75t_R)
 142.80 5773.73 ^ _164753_/Y (OR2x2_ASAP7_75t_R)
  41.76 5815.49 v _201215_/Y (NAND2x1_ASAP7_75t_R)
  20.51 5836.01 v _201216_/Y (AO21x1_ASAP7_75t_R)
  25.83 5861.84 v _201217_/Y (OA211x2_ASAP7_75t_R)
  16.07 5877.91 v _201218_/Y (AO21x1_ASAP7_75t_R)
  14.85 5892.76 v _201219_/Y (AND2x2_ASAP7_75t_R)
   0.08 5892.84 v _312546_/D (DFFHQNx1_ASAP7_75t_R)
        5892.84   data arrival time

5500.00 5500.00   clock core_clk (rise edge)
   0.00 5500.00   clock source latency
   0.00 5500.00 ^ clk (in)
  43.78 5543.78 ^ wire4945/Y (BUFx10_ASAP7_75t_R)
  44.99 5588.77 ^ clkbuf_0_clk/Y (BUFx24_ASAP7_75t_R)
  27.54 5616.31 ^ clkbuf_1_1_0_clk/Y (BUFx24_ASAP7_75t_R)
  27.37 5643.69 ^ clkbuf_2_3_0_clk/Y (BUFx24_ASAP7_75t_R)
  25.30 5668.98 ^ clkbuf_3_7_0_clk/Y (BUFx24_ASAP7_75t_R)
  28.72 5697.71 ^ clkbuf_4_14_0_clk/Y (BUFx24_ASAP7_75t_R)
  24.11 5721.82 ^ clkbuf_6_59_0_clk/Y (BUFx24_ASAP7_75t_R)
  21.03 5742.85 ^ clkbuf_7_119__f_clk/Y (BUFx24_ASAP7_75t_R)
  24.29 5767.14 ^ clkbuf_leaf_519_clk/Y (BUFx24_ASAP7_75t_R)
   2.88 5770.02 ^ _312546_/CLK (DFFHQNx1_ASAP7_75t_R)
 -50.00 5720.02   clock uncertainty
   2.08 5722.10   clock reconvergence pessimism
   0.43 5722.53   library setup time
        5722.53   data required time
---------------------------------------------------------
        5722.53   data required time
        -5892.84   data arrival time
---------------------------------------------------------
        -170.31   slack (VIOLATED)


Startpoint: _308209_ (rising edge-triggered flip-flop clocked by core_clk)
Endpoint: _312507_ (rising edge-triggered flip-flop clocked by core_clk)
Path Group: reg2reg
Path Type: max

  Delay    Time   Description
---------------------------------------------------------
   0.00    0.00   clock core_clk (rise edge)
   0.00    0.00   clock source latency
   0.00    0.00 ^ clk (in)
  44.44   44.44 ^ wire4945/Y (BUFx10_ASAP7_75t_R)
  46.42   90.85 ^ clkbuf_0_clk/Y (BUFx24_ASAP7_75t_R)
  28.76  119.62 ^ clkbuf_1_0_0_clk/Y (BUFx24_ASAP7_75t_R)
  28.26  147.87 ^ clkbuf_2_1_0_clk/Y (BUFx24_ASAP7_75t_R)
  25.61  173.49 ^ clkbuf_3_2_0_clk/Y (BUFx24_ASAP7_75t_R)
  29.85  203.33 ^ clkbuf_4_4_0_clk/Y (BUFx24_ASAP7_75t_R)
  24.35  227.68 ^ clkbuf_6_19_0_clk/Y (BUFx24_ASAP7_75t_R)
  21.69  249.37 ^ clkbuf_7_38__f_clk/Y (BUFx24_ASAP7_75t_R)
  26.71  276.08 ^ clkbuf_leaf_778_clk/Y (BUFx24_ASAP7_75t_R)
   1.89  277.97 ^ _308209_/CLK (DFFHQNx3_ASAP7_75t_R)
  56.19  334.16 ^ _308209_/QN (DFFHQNx3_ASAP7_75t_R)
  26.21  360.37 ^ wire4778/Y (BUFx16f_ASAP7_75t_R)
  56.27  416.64 ^ wire4776/Y (BUFx16f_ASAP7_75t_R)
  30.08  446.72 ^ wire4775/Y (BUFx16f_ASAP7_75t_R)
  60.47  507.19 ^ load_slew4774/Y (BUFx16f_ASAP7_75t_R)
  95.85  603.03 ^ _153629_/Y (AND2x2_ASAP7_75t_R)
 145.04  748.08 v _153630_/Y (NAND2x1_ASAP7_75t_R)
  63.27  811.35 v _153631_/Y (OA21x2_ASAP7_75t_R)
 105.27  916.62 v _153633_/Y (AND3x1_ASAP7_75t_R)
  83.72 1000.34 v _154870_/Y (AO222x2_ASAP7_75t_R)
  46.64 1046.98 v _154873_/Y (OR3x2_ASAP7_75t_R)
  53.58 1100.56 v _154878_/Y (OR5x1_ASAP7_75t_R)
  97.46 1198.02 v _154879_/Y (OR4x1_ASAP7_75t_R)
  69.73 1267.75 v _155829_/Y (OR4x1_ASAP7_75t_R)
  24.44 1292.18 v _155944_/Y (AO221x1_ASAP7_75t_R)
  50.98 1343.16 v _155949_/Y (OR5x1_ASAP7_75t_R)
  33.14 1376.30 v _156013_/Y (AND2x2_ASAP7_75t_R)
  50.65 1426.95 ^ _156016_/Y (NAND3x1_ASAP7_75t_R)
  37.85 1464.80 v _156112_/Y (AOI221x1_ASAP7_75t_R)
  25.93 1490.73 v _156115_/Y (OA21x2_ASAP7_75t_R)
  21.72 1512.45 v _156116_/Y (OR3x1_ASAP7_75t_R)
  38.61 1551.06 v _156123_/Y (AO33x2_ASAP7_75t_R)
  41.48 1592.54 ^ _156140_/Y (NAND2x1_ASAP7_75t_R)
 111.61 1704.15 ^ _156253_/Y (AO221x1_ASAP7_75t_R)
  66.42 1770.57 v _156308_/Y (NAND2x2_ASAP7_75t_R)
  47.11 1817.68 v _156311_/Y (AO21x2_ASAP7_75t_R)
  22.77 1840.45 v _156314_/Y (OA21x2_ASAP7_75t_R)
  27.66 1868.12 v _156388_/Y (AO221x1_ASAP7_75t_R)
  22.59 1890.71 v _156389_/Y (OA21x2_ASAP7_75t_R)
  24.11 1914.83 ^ _156393_/Y (AOI22x1_ASAP7_75t_R)
  54.62 1969.45 v _156410_/Y (NAND2x1_ASAP7_75t_R)
  71.78 2041.23 v _156421_/Y (AO33x2_ASAP7_75t_R)
  31.36 2072.60 ^ _156522_/Y (XNOR2x2_ASAP7_75t_R)
  25.12 2097.72 ^ _156526_/Y (AND4x1_ASAP7_75t_R)
  19.12 2116.83 ^ _156550_/Y (AO21x1_ASAP7_75t_R)
  19.18 2136.01 ^ _156551_/Y (AO21x1_ASAP7_75t_R)
  82.99 2219.01 ^ _156552_/Y (OA211x2_ASAP7_75t_R)
  82.97 2301.97 v _156555_/Y (INVx1_ASAP7_75t_R)
  32.74 2334.71 ^ _156568_/Y (OAI21x1_ASAP7_75t_R)
  34.05 2368.77 v _156616_/Y (AOI221x1_ASAP7_75t_R)
  48.33 2417.09 v _156806_/Y (OA211x2_ASAP7_75t_R)
  13.56 2430.65 ^ _156807_/Y (NAND2x1_ASAP7_75t_R)
  71.41 2502.07 ^ _156882_/Y (AO32x1_ASAP7_75t_R)
  33.66 2535.72 ^ _156995_/Y (OR2x2_ASAP7_75t_R)
  39.31 2575.03 ^ _157002_/Y (AO32x1_ASAP7_75t_R)
  35.10 2610.13 ^ _157004_/Y (XNOR2x2_ASAP7_75t_R)
  14.25 2624.38 v _157005_/Y (NOR3x1_ASAP7_75t_R)
  32.56 2656.94 v _157006_/Y (AND5x2_ASAP7_75t_R)
  28.67 2685.61 v _157078_/Y (OR3x1_ASAP7_75t_R)
  58.66 2744.27 v _157141_/Y (OA33x2_ASAP7_75t_R)
  34.02 2778.29 v _157144_/Y (OR2x2_ASAP7_75t_R)
  24.44 2802.73 v _157145_/Y (AO21x1_ASAP7_75t_R)
  25.92 2828.65 v _157196_/Y (AO32x1_ASAP7_75t_R)
  26.75 2855.41 v _157198_/Y (AO22x1_ASAP7_75t_R)
  22.89 2878.30 v _157222_/Y (AO21x1_ASAP7_75t_R)
  30.77 2909.07 v _157223_/Y (OR3x1_ASAP7_75t_R)
  42.45 2951.52 v _157312_/Y (AO21x1_ASAP7_75t_R)
  57.75 3009.27 ^ _157343_/Y (NAND2x1_ASAP7_75t_R)
  43.30 3052.57 v _157440_/Y (AOI221x1_ASAP7_75t_R)
  30.71 3083.28 v _157456_/Y (OA222x2_ASAP7_75t_R)
  22.22 3105.50 v _157459_/Y (AND5x2_ASAP7_75t_R)
  20.82 3126.32 v _157472_/Y (OA31x2_ASAP7_75t_R)
  42.25 3168.58 v _157475_/Y (OR4x2_ASAP7_75t_R)
  64.50 3233.08 ^ _157478_/Y (NAND2x1_ASAP7_75t_R)
  19.40 3252.47 v _157479_/Y (NOR2x1_ASAP7_75t_R)
  25.13 3277.60 v _157485_/Y (OA21x2_ASAP7_75t_R)
  28.32 3305.92 v _157492_/Y (AO221x1_ASAP7_75t_R)
  26.02 3331.94 v _157649_/Y (OA21x2_ASAP7_75t_R)
  24.30 3356.24 v _157651_/Y (AO21x1_ASAP7_75t_R)
  41.83 3398.07 v _157652_/Y (AO22x1_ASAP7_75t_R)
  64.09 3462.16 ^ _157732_/Y (NAND2x1_ASAP7_75t_R)
  25.46 3487.62 ^ _157764_/Y (AO21x1_ASAP7_75t_R)
  24.35 3511.96 v _157767_/Y (AOI22x1_ASAP7_75t_R)
  35.07 3547.04 v _157790_/Y (OA21x2_ASAP7_75t_R)
  18.74 3565.78 ^ _157827_/Y (AOI211x1_ASAP7_75t_R)
  19.47 3585.25 v _157842_/Y (OAI21x1_ASAP7_75t_R)
  90.29 3675.54 v _157921_/Y (AO221x1_ASAP7_75t_R)
  46.51 3722.05 v _157922_/Y (AO221x1_ASAP7_75t_R)
  27.43 3749.48 v _157925_/Y (AO32x2_ASAP7_75t_R)
  22.56 3772.04 v _157949_/Y (OA211x2_ASAP7_75t_R)
  32.14 3804.17 v _157967_/Y (AO222x2_ASAP7_75t_R)
  38.20 3842.38 v _158020_/Y (AO221x1_ASAP7_75t_R)
  28.44 3870.82 v _158084_/Y (AO211x2_ASAP7_75t_R)
  42.92 3913.75 v _158094_/Y (AND2x2_ASAP7_75t_R)
  47.43 3961.18 v _158173_/Y (OR3x2_ASAP7_75t_R)
  22.66 3983.84 v _158271_/Y (AO221x1_ASAP7_75t_R)
  32.98 4016.82 v _158272_/Y (OR5x1_ASAP7_75t_R)
  46.35 4063.17 v _158273_/Y (OR5x1_ASAP7_75t_R)
  19.78 4082.95 ^ _158274_/Y (NAND2x2_ASAP7_75t_R)
  55.14 4138.09 v _158287_/Y (OAI21x1_ASAP7_75t_R)
  50.89 4188.97 v _158298_/Y (AND2x2_ASAP7_75t_R)
  35.83 4224.80 v _158304_/Y (OA211x2_ASAP7_75t_R)
  29.40 4254.20 v _158330_/Y (XNOR2x2_ASAP7_75t_R)
  29.49 4283.70 v _158388_/Y (OR5x1_ASAP7_75t_R)
  43.07 4326.76 v _158399_/Y (AO33x2_ASAP7_75t_R)
  25.52 4352.29 v _158436_/Y (AND2x2_ASAP7_75t_R)
  79.84 4432.12 v _158437_/Y (OR3x1_ASAP7_75t_R)
  69.36 4501.48 v _158474_/Y (AND2x2_ASAP7_75t_R)
  37.44 4538.93 ^ _158476_/Y (AOI22x1_ASAP7_75t_R)
  22.97 4561.89 ^ _158477_/Y (AND2x2_ASAP7_75t_R)
  15.93 4577.82 v _158496_/Y (AOI221x1_ASAP7_75t_R)
  32.93 4610.75 v _158497_/Y (MAJx2_ASAP7_75t_R)
  24.66 4635.41 v _158571_/Y (AO21x1_ASAP7_75t_R)
  46.94 4682.35 v _158629_/Y (AO221x2_ASAP7_75t_R)
  80.71 4763.07 ^ _158672_/Y (NAND2x1_ASAP7_75t_R)
  34.83 4797.90 ^ _158689_/Y (AND2x2_ASAP7_75t_R)
  22.56 4820.46 ^ _158690_/Y (OA21x2_ASAP7_75t_R)
  19.98 4840.43 ^ _158691_/Y (OR2x2_ASAP7_75t_R)
  22.78 4863.21 ^ _158702_/Y (AND3x1_ASAP7_75t_R)
  21.75 4884.96 ^ _158720_/Y (OA21x2_ASAP7_75t_R)
  24.37 4909.33 ^ _158743_/Y (OA31x2_ASAP7_75t_R)
  15.03 4924.36 ^ _158761_/Y (OR4x1_ASAP7_75t_R)
  47.73 4972.10 ^ _158764_/Y (AND5x2_ASAP7_75t_R)
  51.96 5024.05 ^ _159054_/Y (OA21x2_ASAP7_75t_R)
 109.75 5133.81 ^ _159120_/Y (OA21x2_ASAP7_75t_R)
  57.09 5190.90 ^ _159154_/Y (AO221x1_ASAP7_75t_R)
  97.70 5288.61 ^ _159901_/Y (AND2x2_ASAP7_75t_R)
 160.23 5448.83 v _159903_/Y (NOR2x1_ASAP7_75t_R)
  96.53 5545.36 ^ _163182_/Y (NAND2x2_ASAP7_75t_R)
  31.61 5576.97 ^ load_slew951/Y (BUFx16f_ASAP7_75t_R)
  21.45 5598.43 ^ load_slew949/Y (BUFx16f_ASAP7_75t_R)
  27.29 5625.72 ^ wire948/Y (BUFx16f_ASAP7_75t_R)
 148.18 5773.90 ^ _164794_/Y (OR2x2_ASAP7_75t_R)
  38.50 5812.40 v _201382_/Y (NAND2x1_ASAP7_75t_R)
  20.68 5833.08 v _201383_/Y (AO21x1_ASAP7_75t_R)
  25.75 5858.83 v _201384_/Y (OA211x2_ASAP7_75t_R)
  16.20 5875.03 v _201385_/Y (AO21x1_ASAP7_75t_R)
  14.98 5890.01 v _201386_/Y (AND2x2_ASAP7_75t_R)
   0.08 5890.08 v _312507_/D (DFFHQNx1_ASAP7_75t_R)
        5890.08   data arrival time

5500.00 5500.00   clock core_clk (rise edge)
   0.00 5500.00   clock source latency
   0.00 5500.00 ^ clk (in)
  43.78 5543.78 ^ wire4945/Y (BUFx10_ASAP7_75t_R)
  44.99 5588.77 ^ clkbuf_0_clk/Y (BUFx24_ASAP7_75t_R)
  27.54 5616.31 ^ clkbuf_1_1_0_clk/Y (BUFx24_ASAP7_75t_R)
  27.37 5643.69 ^ clkbuf_2_3_0_clk/Y (BUFx24_ASAP7_75t_R)
  22.31 5665.99 ^ clkbuf_3_6_0_clk/Y (BUFx24_ASAP7_75t_R)
  28.18 5694.18 ^ clkbuf_4_12_0_clk/Y (BUFx24_ASAP7_75t_R)
  26.31 5720.48 ^ clkbuf_6_51_0_clk/Y (BUFx24_ASAP7_75t_R)
  20.81 5741.29 ^ clkbuf_7_103__f_clk/Y (BUFx24_ASAP7_75t_R)
  25.74 5767.03 ^ clkbuf_leaf_501_clk/Y (BUFx24_ASAP7_75t_R)
   1.08 5768.11 ^ _312507_/CLK (DFFHQNx1_ASAP7_75t_R)
 -50.00 5718.11   clock uncertainty
   2.08 5720.19   clock reconvergence pessimism
  -0.25 5719.94   library setup time
        5719.94   data required time
---------------------------------------------------------
        5719.94   data required time
        -5890.08   data arrival time
---------------------------------------------------------
        -170.14   slack (VIOLATED)


Startpoint: _308209_ (rising edge-triggered flip-flop clocked by core_clk)
Endpoint: _312067_ (rising edge-triggered flip-flop clocked by core_clk)
Path Group: reg2reg
Path Type: max

  Delay    Time   Description
---------------------------------------------------------
   0.00    0.00   clock core_clk (rise edge)
   0.00    0.00   clock source latency
   0.00    0.00 ^ clk (in)
  44.44   44.44 ^ wire4945/Y (BUFx10_ASAP7_75t_R)
  46.42   90.85 ^ clkbuf_0_clk/Y (BUFx24_ASAP7_75t_R)
  28.76  119.62 ^ clkbuf_1_0_0_clk/Y (BUFx24_ASAP7_75t_R)
  28.26  147.87 ^ clkbuf_2_1_0_clk/Y (BUFx24_ASAP7_75t_R)
  25.61  173.49 ^ clkbuf_3_2_0_clk/Y (BUFx24_ASAP7_75t_R)
  29.85  203.33 ^ clkbuf_4_4_0_clk/Y (BUFx24_ASAP7_75t_R)
  24.35  227.68 ^ clkbuf_6_19_0_clk/Y (BUFx24_ASAP7_75t_R)
  21.69  249.37 ^ clkbuf_7_38__f_clk/Y (BUFx24_ASAP7_75t_R)
  26.71  276.08 ^ clkbuf_leaf_778_clk/Y (BUFx24_ASAP7_75t_R)
   1.89  277.97 ^ _308209_/CLK (DFFHQNx3_ASAP7_75t_R)
  56.19  334.16 ^ _308209_/QN (DFFHQNx3_ASAP7_75t_R)
  26.21  360.37 ^ wire4778/Y (BUFx16f_ASAP7_75t_R)
  56.27  416.64 ^ wire4776/Y (BUFx16f_ASAP7_75t_R)
  30.08  446.72 ^ wire4775/Y (BUFx16f_ASAP7_75t_R)
  60.47  507.19 ^ load_slew4774/Y (BUFx16f_ASAP7_75t_R)
  95.85  603.03 ^ _153629_/Y (AND2x2_ASAP7_75t_R)
 145.04  748.08 v _153630_/Y (NAND2x1_ASAP7_75t_R)
  63.27  811.35 v _153631_/Y (OA21x2_ASAP7_75t_R)
 105.27  916.62 v _153633_/Y (AND3x1_ASAP7_75t_R)
  83.72 1000.34 v _154870_/Y (AO222x2_ASAP7_75t_R)
  46.64 1046.98 v _154873_/Y (OR3x2_ASAP7_75t_R)
  53.58 1100.56 v _154878_/Y (OR5x1_ASAP7_75t_R)
  97.46 1198.02 v _154879_/Y (OR4x1_ASAP7_75t_R)
  69.73 1267.75 v _155829_/Y (OR4x1_ASAP7_75t_R)
  24.44 1292.18 v _155944_/Y (AO221x1_ASAP7_75t_R)
  50.98 1343.16 v _155949_/Y (OR5x1_ASAP7_75t_R)
  33.14 1376.30 v _156013_/Y (AND2x2_ASAP7_75t_R)
  50.65 1426.95 ^ _156016_/Y (NAND3x1_ASAP7_75t_R)
  37.85 1464.80 v _156112_/Y (AOI221x1_ASAP7_75t_R)
  25.93 1490.73 v _156115_/Y (OA21x2_ASAP7_75t_R)
  21.72 1512.45 v _156116_/Y (OR3x1_ASAP7_75t_R)
  38.61 1551.06 v _156123_/Y (AO33x2_ASAP7_75t_R)
  41.48 1592.54 ^ _156140_/Y (NAND2x1_ASAP7_75t_R)
 111.61 1704.15 ^ _156253_/Y (AO221x1_ASAP7_75t_R)
  66.42 1770.57 v _156308_/Y (NAND2x2_ASAP7_75t_R)
  47.11 1817.68 v _156311_/Y (AO21x2_ASAP7_75t_R)
  22.77 1840.45 v _156314_/Y (OA21x2_ASAP7_75t_R)
  27.66 1868.12 v _156388_/Y (AO221x1_ASAP7_75t_R)
  22.59 1890.71 v _156389_/Y (OA21x2_ASAP7_75t_R)
  24.11 1914.83 ^ _156393_/Y (AOI22x1_ASAP7_75t_R)
  54.62 1969.45 v _156410_/Y (NAND2x1_ASAP7_75t_R)
  71.78 2041.23 v _156421_/Y (AO33x2_ASAP7_75t_R)
  31.36 2072.60 ^ _156522_/Y (XNOR2x2_ASAP7_75t_R)
  25.12 2097.72 ^ _156526_/Y (AND4x1_ASAP7_75t_R)
  19.12 2116.83 ^ _156550_/Y (AO21x1_ASAP7_75t_R)
  19.18 2136.01 ^ _156551_/Y (AO21x1_ASAP7_75t_R)
  82.99 2219.01 ^ _156552_/Y (OA211x2_ASAP7_75t_R)
  82.97 2301.97 v _156555_/Y (INVx1_ASAP7_75t_R)
  32.74 2334.71 ^ _156568_/Y (OAI21x1_ASAP7_75t_R)
  34.05 2368.77 v _156616_/Y (AOI221x1_ASAP7_75t_R)
  48.33 2417.09 v _156806_/Y (OA211x2_ASAP7_75t_R)
  13.56 2430.65 ^ _156807_/Y (NAND2x1_ASAP7_75t_R)
  71.41 2502.07 ^ _156882_/Y (AO32x1_ASAP7_75t_R)
  33.66 2535.72 ^ _156995_/Y (OR2x2_ASAP7_75t_R)
  39.31 2575.03 ^ _157002_/Y (AO32x1_ASAP7_75t_R)
  35.10 2610.13 ^ _157004_/Y (XNOR2x2_ASAP7_75t_R)
  14.25 2624.38 v _157005_/Y (NOR3x1_ASAP7_75t_R)
  32.56 2656.94 v _157006_/Y (AND5x2_ASAP7_75t_R)
  28.67 2685.61 v _157078_/Y (OR3x1_ASAP7_75t_R)
  58.66 2744.27 v _157141_/Y (OA33x2_ASAP7_75t_R)
  34.02 2778.29 v _157144_/Y (OR2x2_ASAP7_75t_R)
  24.44 2802.73 v _157145_/Y (AO21x1_ASAP7_75t_R)
  25.92 2828.65 v _157196_/Y (AO32x1_ASAP7_75t_R)
  26.75 2855.41 v _157198_/Y (AO22x1_ASAP7_75t_R)
  22.89 2878.30 v _157222_/Y (AO21x1_ASAP7_75t_R)
  30.77 2909.07 v _157223_/Y (OR3x1_ASAP7_75t_R)
  42.45 2951.52 v _157312_/Y (AO21x1_ASAP7_75t_R)
  57.75 3009.27 ^ _157343_/Y (NAND2x1_ASAP7_75t_R)
  43.30 3052.57 v _157440_/Y (AOI221x1_ASAP7_75t_R)
  30.71 3083.28 v _157456_/Y (OA222x2_ASAP7_75t_R)
  22.22 3105.50 v _157459_/Y (AND5x2_ASAP7_75t_R)
  20.82 3126.32 v _157472_/Y (OA31x2_ASAP7_75t_R)
  42.25 3168.58 v _157475_/Y (OR4x2_ASAP7_75t_R)
  64.50 3233.08 ^ _157478_/Y (NAND2x1_ASAP7_75t_R)
  19.40 3252.47 v _157479_/Y (NOR2x1_ASAP7_75t_R)
  25.13 3277.60 v _157485_/Y (OA21x2_ASAP7_75t_R)
  28.32 3305.92 v _157492_/Y (AO221x1_ASAP7_75t_R)
  26.02 3331.94 v _157649_/Y (OA21x2_ASAP7_75t_R)
  24.30 3356.24 v _157651_/Y (AO21x1_ASAP7_75t_R)
  41.83 3398.07 v _157652_/Y (AO22x1_ASAP7_75t_R)
  64.09 3462.16 ^ _157732_/Y (NAND2x1_ASAP7_75t_R)
  25.46 3487.62 ^ _157764_/Y (AO21x1_ASAP7_75t_R)
  24.35 3511.96 v _157767_/Y (AOI22x1_ASAP7_75t_R)
  35.07 3547.04 v _157790_/Y (OA21x2_ASAP7_75t_R)
  18.74 3565.78 ^ _157827_/Y (AOI211x1_ASAP7_75t_R)
  19.47 3585.25 v _157842_/Y (OAI21x1_ASAP7_75t_R)
  90.29 3675.54 v _157921_/Y (AO221x1_ASAP7_75t_R)
  46.51 3722.05 v _157922_/Y (AO221x1_ASAP7_75t_R)
  27.43 3749.48 v _157925_/Y (AO32x2_ASAP7_75t_R)
  22.56 3772.04 v _157949_/Y (OA211x2_ASAP7_75t_R)
  32.14 3804.17 v _157967_/Y (AO222x2_ASAP7_75t_R)
  38.20 3842.38 v _158020_/Y (AO221x1_ASAP7_75t_R)
  28.44 3870.82 v _158084_/Y (AO211x2_ASAP7_75t_R)
  42.92 3913.75 v _158094_/Y (AND2x2_ASAP7_75t_R)
  47.43 3961.18 v _158173_/Y (OR3x2_ASAP7_75t_R)
  22.66 3983.84 v _158271_/Y (AO221x1_ASAP7_75t_R)
  32.98 4016.82 v _158272_/Y (OR5x1_ASAP7_75t_R)
  46.35 4063.17 v _158273_/Y (OR5x1_ASAP7_75t_R)
  19.78 4082.95 ^ _158274_/Y (NAND2x2_ASAP7_75t_R)
  55.14 4138.09 v _158287_/Y (OAI21x1_ASAP7_75t_R)
  50.89 4188.97 v _158298_/Y (AND2x2_ASAP7_75t_R)
  35.83 4224.80 v _158304_/Y (OA211x2_ASAP7_75t_R)
  29.40 4254.20 v _158330_/Y (XNOR2x2_ASAP7_75t_R)
  29.49 4283.70 v _158388_/Y (OR5x1_ASAP7_75t_R)
  43.07 4326.76 v _158399_/Y (AO33x2_ASAP7_75t_R)
  25.52 4352.29 v _158436_/Y (AND2x2_ASAP7_75t_R)
  79.84 4432.12 v _158437_/Y (OR3x1_ASAP7_75t_R)
  69.36 4501.48 v _158474_/Y (AND2x2_ASAP7_75t_R)
  37.44 4538.93 ^ _158476_/Y (AOI22x1_ASAP7_75t_R)
  22.97 4561.89 ^ _158477_/Y (AND2x2_ASAP7_75t_R)
  15.93 4577.82 v _158496_/Y (AOI221x1_ASAP7_75t_R)
  32.93 4610.75 v _158497_/Y (MAJx2_ASAP7_75t_R)
  24.66 4635.41 v _158571_/Y (AO21x1_ASAP7_75t_R)
  46.94 4682.35 v _158629_/Y (AO221x2_ASAP7_75t_R)
  80.71 4763.07 ^ _158672_/Y (NAND2x1_ASAP7_75t_R)
  34.83 4797.90 ^ _158689_/Y (AND2x2_ASAP7_75t_R)
  22.56 4820.46 ^ _158690_/Y (OA21x2_ASAP7_75t_R)
  19.98 4840.43 ^ _158691_/Y (OR2x2_ASAP7_75t_R)
  22.78 4863.21 ^ _158702_/Y (AND3x1_ASAP7_75t_R)
  21.75 4884.96 ^ _158720_/Y (OA21x2_ASAP7_75t_R)
  24.37 4909.33 ^ _158743_/Y (OA31x2_ASAP7_75t_R)
  15.03 4924.36 ^ _158761_/Y (OR4x1_ASAP7_75t_R)
  47.73 4972.10 ^ _158764_/Y (AND5x2_ASAP7_75t_R)
  51.96 5024.05 ^ _159054_/Y (OA21x2_ASAP7_75t_R)
 109.75 5133.81 ^ _159120_/Y (OA21x2_ASAP7_75t_R)
  57.09 5190.90 ^ _159154_/Y (AO221x1_ASAP7_75t_R)
  97.70 5288.61 ^ _159901_/Y (AND2x2_ASAP7_75t_R)
 160.23 5448.83 v _159903_/Y (NOR2x1_ASAP7_75t_R)
  96.53 5545.36 ^ _163182_/Y (NAND2x2_ASAP7_75t_R)
  31.61 5576.97 ^ load_slew951/Y (BUFx16f_ASAP7_75t_R)
  21.45 5598.43 ^ load_slew949/Y (BUFx16f_ASAP7_75t_R)
  27.29 5625.72 ^ wire948/Y (BUFx16f_ASAP7_75t_R)
 140.92 5766.64 ^ _163183_/Y (OR2x2_ASAP7_75t_R)
  36.94 5803.57 v _194750_/Y (NAND2x1_ASAP7_75t_R)
  20.58 5824.15 v _194751_/Y (AO21x1_ASAP7_75t_R)
  26.02 5850.17 v _194752_/Y (OA211x2_ASAP7_75t_R)
  16.97 5867.14 v _194753_/Y (AO21x1_ASAP7_75t_R)
  14.77 5881.91 v _194754_/Y (AND2x2_ASAP7_75t_R)
   0.04 5881.95 v _312067_/D (DFFHQNx1_ASAP7_75t_R)
        5881.95   data arrival time

5500.00 5500.00   clock core_clk (rise edge)
   0.00 5500.00   clock source latency
   0.00 5500.00 ^ clk (in)
  43.78 5543.78 ^ wire4945/Y (BUFx10_ASAP7_75t_R)
  44.99 5588.77 ^ clkbuf_0_clk/Y (BUFx24_ASAP7_75t_R)
  27.54 5616.31 ^ clkbuf_1_1_0_clk/Y (BUFx24_ASAP7_75t_R)
  27.37 5643.69 ^ clkbuf_2_3_0_clk/Y (BUFx24_ASAP7_75t_R)
  25.30 5668.98 ^ clkbuf_3_7_0_clk/Y (BUFx24_ASAP7_75t_R)
  28.72 5697.71 ^ clkbuf_4_14_0_clk/Y (BUFx24_ASAP7_75t_R)
  22.00 5719.71 ^ clkbuf_6_57_0_clk/Y (BUFx24_ASAP7_75t_R)
  19.73 5739.44 ^ clkbuf_7_114__f_clk/Y (BUFx24_ASAP7_75t_R)
  21.51 5760.95 ^ clkbuf_leaf_491_clk/Y (BUFx24_ASAP7_75t_R)
   1.13 5762.07 ^ _312067_/CLK (DFFHQNx1_ASAP7_75t_R)
 -50.00 5712.07   clock uncertainty
   2.08 5714.16   clock reconvergence pessimism
  -0.96 5713.20   library setup time
        5713.20   data required time
---------------------------------------------------------
        5713.20   data required time
        -5881.95   data arrival time
---------------------------------------------------------
        -168.75   slack (VIOLATED)


Startpoint: _308209_ (rising edge-triggered flip-flop clocked by core_clk)
Endpoint: _312076_ (rising edge-triggered flip-flop clocked by core_clk)
Path Group: reg2reg
Path Type: max

  Delay    Time   Description
---------------------------------------------------------
   0.00    0.00   clock core_clk (rise edge)
   0.00    0.00   clock source latency
   0.00    0.00 ^ clk (in)
  44.44   44.44 ^ wire4945/Y (BUFx10_ASAP7_75t_R)
  46.42   90.85 ^ clkbuf_0_clk/Y (BUFx24_ASAP7_75t_R)
  28.76  119.62 ^ clkbuf_1_0_0_clk/Y (BUFx24_ASAP7_75t_R)
  28.26  147.87 ^ clkbuf_2_1_0_clk/Y (BUFx24_ASAP7_75t_R)
  25.61  173.49 ^ clkbuf_3_2_0_clk/Y (BUFx24_ASAP7_75t_R)
  29.85  203.33 ^ clkbuf_4_4_0_clk/Y (BUFx24_ASAP7_75t_R)
  24.35  227.68 ^ clkbuf_6_19_0_clk/Y (BUFx24_ASAP7_75t_R)
  21.69  249.37 ^ clkbuf_7_38__f_clk/Y (BUFx24_ASAP7_75t_R)
  26.71  276.08 ^ clkbuf_leaf_778_clk/Y (BUFx24_ASAP7_75t_R)
   1.89  277.97 ^ _308209_/CLK (DFFHQNx3_ASAP7_75t_R)
  56.19  334.16 ^ _308209_/QN (DFFHQNx3_ASAP7_75t_R)
  26.21  360.37 ^ wire4778/Y (BUFx16f_ASAP7_75t_R)
  56.27  416.64 ^ wire4776/Y (BUFx16f_ASAP7_75t_R)
  30.08  446.72 ^ wire4775/Y (BUFx16f_ASAP7_75t_R)
  60.47  507.19 ^ load_slew4774/Y (BUFx16f_ASAP7_75t_R)
  95.85  603.03 ^ _153629_/Y (AND2x2_ASAP7_75t_R)
 145.04  748.08 v _153630_/Y (NAND2x1_ASAP7_75t_R)
  63.27  811.35 v _153631_/Y (OA21x2_ASAP7_75t_R)
 105.27  916.62 v _153633_/Y (AND3x1_ASAP7_75t_R)
  83.72 1000.34 v _154870_/Y (AO222x2_ASAP7_75t_R)
  46.64 1046.98 v _154873_/Y (OR3x2_ASAP7_75t_R)
  53.58 1100.56 v _154878_/Y (OR5x1_ASAP7_75t_R)
  97.46 1198.02 v _154879_/Y (OR4x1_ASAP7_75t_R)
  69.73 1267.75 v _155829_/Y (OR4x1_ASAP7_75t_R)
  24.44 1292.18 v _155944_/Y (AO221x1_ASAP7_75t_R)
  50.98 1343.16 v _155949_/Y (OR5x1_ASAP7_75t_R)
  33.14 1376.30 v _156013_/Y (AND2x2_ASAP7_75t_R)
  50.65 1426.95 ^ _156016_/Y (NAND3x1_ASAP7_75t_R)
  37.85 1464.80 v _156112_/Y (AOI221x1_ASAP7_75t_R)
  25.93 1490.73 v _156115_/Y (OA21x2_ASAP7_75t_R)
  21.72 1512.45 v _156116_/Y (OR3x1_ASAP7_75t_R)
  38.61 1551.06 v _156123_/Y (AO33x2_ASAP7_75t_R)
  41.48 1592.54 ^ _156140_/Y (NAND2x1_ASAP7_75t_R)
 111.61 1704.15 ^ _156253_/Y (AO221x1_ASAP7_75t_R)
  66.42 1770.57 v _156308_/Y (NAND2x2_ASAP7_75t_R)
  47.11 1817.68 v _156311_/Y (AO21x2_ASAP7_75t_R)
  22.77 1840.45 v _156314_/Y (OA21x2_ASAP7_75t_R)
  27.66 1868.12 v _156388_/Y (AO221x1_ASAP7_75t_R)
  22.59 1890.71 v _156389_/Y (OA21x2_ASAP7_75t_R)
  24.11 1914.83 ^ _156393_/Y (AOI22x1_ASAP7_75t_R)
  54.62 1969.45 v _156410_/Y (NAND2x1_ASAP7_75t_R)
  71.78 2041.23 v _156421_/Y (AO33x2_ASAP7_75t_R)
  31.36 2072.60 ^ _156522_/Y (XNOR2x2_ASAP7_75t_R)
  25.12 2097.72 ^ _156526_/Y (AND4x1_ASAP7_75t_R)
  19.12 2116.83 ^ _156550_/Y (AO21x1_ASAP7_75t_R)
  19.18 2136.01 ^ _156551_/Y (AO21x1_ASAP7_75t_R)
  82.99 2219.01 ^ _156552_/Y (OA211x2_ASAP7_75t_R)
  82.97 2301.97 v _156555_/Y (INVx1_ASAP7_75t_R)
  32.74 2334.71 ^ _156568_/Y (OAI21x1_ASAP7_75t_R)
  34.05 2368.77 v _156616_/Y (AOI221x1_ASAP7_75t_R)
  48.33 2417.09 v _156806_/Y (OA211x2_ASAP7_75t_R)
  13.56 2430.65 ^ _156807_/Y (NAND2x1_ASAP7_75t_R)
  71.41 2502.07 ^ _156882_/Y (AO32x1_ASAP7_75t_R)
  33.66 2535.72 ^ _156995_/Y (OR2x2_ASAP7_75t_R)
  39.31 2575.03 ^ _157002_/Y (AO32x1_ASAP7_75t_R)
  35.10 2610.13 ^ _157004_/Y (XNOR2x2_ASAP7_75t_R)
  14.25 2624.38 v _157005_/Y (NOR3x1_ASAP7_75t_R)
  32.56 2656.94 v _157006_/Y (AND5x2_ASAP7_75t_R)
  28.67 2685.61 v _157078_/Y (OR3x1_ASAP7_75t_R)
  58.66 2744.27 v _157141_/Y (OA33x2_ASAP7_75t_R)
  34.02 2778.29 v _157144_/Y (OR2x2_ASAP7_75t_R)
  24.44 2802.73 v _157145_/Y (AO21x1_ASAP7_75t_R)
  25.92 2828.65 v _157196_/Y (AO32x1_ASAP7_75t_R)
  26.75 2855.41 v _157198_/Y (AO22x1_ASAP7_75t_R)
  22.89 2878.30 v _157222_/Y (AO21x1_ASAP7_75t_R)
  30.77 2909.07 v _157223_/Y (OR3x1_ASAP7_75t_R)
  42.45 2951.52 v _157312_/Y (AO21x1_ASAP7_75t_R)
  57.75 3009.27 ^ _157343_/Y (NAND2x1_ASAP7_75t_R)
  43.30 3052.57 v _157440_/Y (AOI221x1_ASAP7_75t_R)
  30.71 3083.28 v _157456_/Y (OA222x2_ASAP7_75t_R)
  22.22 3105.50 v _157459_/Y (AND5x2_ASAP7_75t_R)
  20.82 3126.32 v _157472_/Y (OA31x2_ASAP7_75t_R)
  42.25 3168.58 v _157475_/Y (OR4x2_ASAP7_75t_R)
  64.50 3233.08 ^ _157478_/Y (NAND2x1_ASAP7_75t_R)
  19.40 3252.47 v _157479_/Y (NOR2x1_ASAP7_75t_R)
  25.13 3277.60 v _157485_/Y (OA21x2_ASAP7_75t_R)
  28.32 3305.92 v _157492_/Y (AO221x1_ASAP7_75t_R)
  26.02 3331.94 v _157649_/Y (OA21x2_ASAP7_75t_R)
  24.30 3356.24 v _157651_/Y (AO21x1_ASAP7_75t_R)
  41.83 3398.07 v _157652_/Y (AO22x1_ASAP7_75t_R)
  64.09 3462.16 ^ _157732_/Y (NAND2x1_ASAP7_75t_R)
  25.46 3487.62 ^ _157764_/Y (AO21x1_ASAP7_75t_R)
  24.35 3511.96 v _157767_/Y (AOI22x1_ASAP7_75t_R)
  35.07 3547.04 v _157790_/Y (OA21x2_ASAP7_75t_R)
  18.74 3565.78 ^ _157827_/Y (AOI211x1_ASAP7_75t_R)
  19.47 3585.25 v _157842_/Y (OAI21x1_ASAP7_75t_R)
  90.29 3675.54 v _157921_/Y (AO221x1_ASAP7_75t_R)
  46.51 3722.05 v _157922_/Y (AO221x1_ASAP7_75t_R)
  27.43 3749.48 v _157925_/Y (AO32x2_ASAP7_75t_R)
  22.56 3772.04 v _157949_/Y (OA211x2_ASAP7_75t_R)
  32.14 3804.17 v _157967_/Y (AO222x2_ASAP7_75t_R)
  38.20 3842.38 v _158020_/Y (AO221x1_ASAP7_75t_R)
  28.44 3870.82 v _158084_/Y (AO211x2_ASAP7_75t_R)
  42.92 3913.75 v _158094_/Y (AND2x2_ASAP7_75t_R)
  47.43 3961.18 v _158173_/Y (OR3x2_ASAP7_75t_R)
  22.66 3983.84 v _158271_/Y (AO221x1_ASAP7_75t_R)
  32.98 4016.82 v _158272_/Y (OR5x1_ASAP7_75t_R)
  46.35 4063.17 v _158273_/Y (OR5x1_ASAP7_75t_R)
  19.78 4082.95 ^ _158274_/Y (NAND2x2_ASAP7_75t_R)
  55.14 4138.09 v _158287_/Y (OAI21x1_ASAP7_75t_R)
  50.89 4188.97 v _158298_/Y (AND2x2_ASAP7_75t_R)
  35.83 4224.80 v _158304_/Y (OA211x2_ASAP7_75t_R)
  29.40 4254.20 v _158330_/Y (XNOR2x2_ASAP7_75t_R)
  29.49 4283.70 v _158388_/Y (OR5x1_ASAP7_75t_R)
  43.07 4326.76 v _158399_/Y (AO33x2_ASAP7_75t_R)
  25.52 4352.29 v _158436_/Y (AND2x2_ASAP7_75t_R)
  79.84 4432.12 v _158437_/Y (OR3x1_ASAP7_75t_R)
  69.36 4501.48 v _158474_/Y (AND2x2_ASAP7_75t_R)
  37.44 4538.93 ^ _158476_/Y (AOI22x1_ASAP7_75t_R)
  22.97 4561.89 ^ _158477_/Y (AND2x2_ASAP7_75t_R)
  15.93 4577.82 v _158496_/Y (AOI221x1_ASAP7_75t_R)
  32.93 4610.75 v _158497_/Y (MAJx2_ASAP7_75t_R)
  24.66 4635.41 v _158571_/Y (AO21x1_ASAP7_75t_R)
  46.94 4682.35 v _158629_/Y (AO221x2_ASAP7_75t_R)
  80.71 4763.07 ^ _158672_/Y (NAND2x1_ASAP7_75t_R)
  34.83 4797.90 ^ _158689_/Y (AND2x2_ASAP7_75t_R)
  22.56 4820.46 ^ _158690_/Y (OA21x2_ASAP7_75t_R)
  19.98 4840.43 ^ _158691_/Y (OR2x2_ASAP7_75t_R)
  22.78 4863.21 ^ _158702_/Y (AND3x1_ASAP7_75t_R)
  21.75 4884.96 ^ _158720_/Y (OA21x2_ASAP7_75t_R)
  24.37 4909.33 ^ _158743_/Y (OA31x2_ASAP7_75t_R)
  15.03 4924.36 ^ _158761_/Y (OR4x1_ASAP7_75t_R)
  47.73 4972.10 ^ _158764_/Y (AND5x2_ASAP7_75t_R)
  51.96 5024.05 ^ _159054_/Y (OA21x2_ASAP7_75t_R)
 109.75 5133.81 ^ _159120_/Y (OA21x2_ASAP7_75t_R)
  57.09 5190.90 ^ _159154_/Y (AO221x1_ASAP7_75t_R)
  97.70 5288.61 ^ _159901_/Y (AND2x2_ASAP7_75t_R)
 160.23 5448.83 v _159903_/Y (NOR2x1_ASAP7_75t_R)
 112.70 5561.53 ^ _163131_/Y (NAND2x2_ASAP7_75t_R)
  35.00 5596.53 ^ load_slew954/Y (BUFx16f_ASAP7_75t_R)
  34.40 5630.93 ^ load_slew952/Y (BUFx16f_ASAP7_75t_R)
 126.57 5757.49 ^ _163132_/Y (OR2x2_ASAP7_75t_R)
  47.41 5804.90 v _194371_/Y (NAND2x1_ASAP7_75t_R)
  20.00 5824.90 v _194374_/Y (AO21x1_ASAP7_75t_R)
  25.98 5850.88 v _194375_/Y (OA211x2_ASAP7_75t_R)
  16.73 5867.61 v _194376_/Y (AO21x1_ASAP7_75t_R)
  14.98 5882.60 v _194377_/Y (AND2x2_ASAP7_75t_R)
   0.04 5882.64 v _312076_/D (DFFHQNx1_ASAP7_75t_R)
        5882.64   data arrival time

5500.00 5500.00   clock core_clk (rise edge)
   0.00 5500.00   clock source latency
   0.00 5500.00 ^ clk (in)
  43.78 5543.78 ^ wire4945/Y (BUFx10_ASAP7_75t_R)
  44.99 5588.77 ^ clkbuf_0_clk/Y (BUFx24_ASAP7_75t_R)
  27.54 5616.31 ^ clkbuf_1_1_0_clk/Y (BUFx24_ASAP7_75t_R)
  27.37 5643.69 ^ clkbuf_2_3_0_clk/Y (BUFx24_ASAP7_75t_R)
  25.30 5668.98 ^ clkbuf_3_7_0_clk/Y (BUFx24_ASAP7_75t_R)
  28.72 5697.71 ^ clkbuf_4_14_0_clk/Y (BUFx24_ASAP7_75t_R)
  22.00 5719.71 ^ clkbuf_6_57_0_clk/Y (BUFx24_ASAP7_75t_R)
  19.73 5739.44 ^ clkbuf_7_114__f_clk/Y (BUFx24_ASAP7_75t_R)
  21.54 5760.98 ^ clkbuf_leaf_492_clk/Y (BUFx24_ASAP7_75t_R)
   1.35 5762.33 ^ _312076_/CLK (DFFHQNx1_ASAP7_75t_R)
 -50.00 5712.33   clock uncertainty
   2.08 5714.41   clock reconvergence pessimism
  -0.50 5713.91   library setup time
        5713.91   data required time
---------------------------------------------------------
        5713.91   data required time
        -5882.64   data arrival time
---------------------------------------------------------
        -168.73   slack (VIOLATED)


