[WARNING STA-0502] report_checks -endpoint_count is deprecated. Use -endpoint_path_count instead.
Startpoint: _369487_ (rising edge-triggered flip-flop clocked by core_clk)
Endpoint: _378108_ (rising edge-triggered flip-flop clocked by core_clk)
Path Group: reg2reg
Path Type: max

  Delay    Time   Description
---------------------------------------------------------
   0.00    0.00   clock core_clk (rise edge)
   0.00    0.00   clock source latency
   0.00    0.00 ^ clk (in)
  51.99   51.99 ^ wire5675/Y (BUFx12_ASAP7_75t_R)
  52.29  104.28 ^ clkbuf_0_clk/Y (BUFx24_ASAP7_75t_R)
  27.06  131.33 ^ clkbuf_1_0_0_clk/Y (BUFx24_ASAP7_75t_R)
  26.85  158.18 ^ clkbuf_2_1_0_clk/Y (BUFx24_ASAP7_75t_R)
  28.86  187.04 ^ clkbuf_3_3_0_clk/Y (BUFx24_ASAP7_75t_R)
  30.02  217.07 ^ clkbuf_4_7_0_clk/Y (BUFx24_ASAP7_75t_R)
  29.08  246.15 ^ clkbuf_6_30__f_clk/Y (BUFx24_ASAP7_75t_R)
  33.58  279.73 ^ clkbuf_leaf_368_clk/Y (BUFx24_ASAP7_75t_R)
   3.20  282.92 ^ _369487_/CLK (DFFHQNx1_ASAP7_75t_R)
  81.75  364.68 v _369487_/QN (DFFHQNx1_ASAP7_75t_R)
 117.22  481.90 v _184248_/Y (OR4x2_ASAP7_75t_R)
 163.68  645.58 ^ _184249_/Y (NAND3x1_ASAP7_75t_R)
  86.57  732.14 v _184434_/Y (AOI21x1_ASAP7_75t_R)
  78.49  810.64 v _184438_/Y (OR3x1_ASAP7_75t_R)
  60.40  871.03 ^ _184457_/Y (AOI21x1_ASAP7_75t_R)
  39.14  910.17 ^ max_cap4622/Y (BUFx12_ASAP7_75t_R)
  24.73  934.91 ^ max_cap4621/Y (BUFx12_ASAP7_75t_R)
  31.59  966.49 ^ load_slew4620/Y (BUFx6f_ASAP7_75t_R)
  23.60  990.09 ^ wire4619/Y (BUFx12f_ASAP7_75t_R)
  32.21 1022.30 ^ max_cap4618/Y (BUFx10_ASAP7_75t_R)
  29.02 1051.32 ^ max_cap4612/Y (BUFx12_ASAP7_75t_R)
  34.32 1085.64 ^ wire4609/Y (BUFx12f_ASAP7_75t_R)
  29.55 1115.19 ^ load_slew4607/Y (BUFx12f_ASAP7_75t_R)
 120.66 1235.85 ^ _184934_/Y (OR3x1_ASAP7_75t_R)
  79.52 1315.37 ^ _185378_/Y (OR2x2_ASAP7_75t_R)
  21.21 1336.58 ^ _185399_/Y (AND4x1_ASAP7_75t_R)
  38.30 1374.88 ^ _185400_/Y (AND4x2_ASAP7_75t_R)
  95.55 1470.43 ^ _185414_/Y (OA222x2_ASAP7_75t_R)
  80.33 1550.76 v _185565_/Y (NAND2x1_ASAP7_75t_R)
  49.69 1600.45 v _186054_/Y (OR5x1_ASAP7_75t_R)
  49.59 1650.03 v _188459_/Y (OR4x2_ASAP7_75t_R)
  66.04 1716.07 v _211565_/Y (AND4x2_ASAP7_75t_R)
  30.31 1746.38 v load_slew2798/Y (BUFx16f_ASAP7_75t_R)
  43.33 1789.71 v load_slew2797/Y (BUFx16f_ASAP7_75t_R)
  35.87 1825.58 v load_slew2796/Y (BUFx16f_ASAP7_75t_R)
  69.03 1894.61 v wire2795/Y (BUFx16f_ASAP7_75t_R)
  24.24 1918.86 v load_slew2794/Y (BUFx16f_ASAP7_75t_R)
  55.74 1974.59 v wire2793/Y (BUFx16f_ASAP7_75t_R)
  79.57 2054.17 v _211844_/Y (AND2x4_ASAP7_75t_R)
  30.08 2084.25 v wire2553/Y (BUFx16f_ASAP7_75t_R)
  78.91 2163.16 v load_slew2552/Y (BUFx16f_ASAP7_75t_R)
 118.99 2282.15 v _211850_/Y (OR4x1_ASAP7_75t_R)
  25.38 2307.53 v _211851_/Y (AND2x4_ASAP7_75t_R)
  17.24 2324.78 ^ _211863_/Y (NOR3x1_ASAP7_75t_R)
  30.46 2355.24 ^ _211864_/Y (AND4x2_ASAP7_75t_R)
   8.53 2363.77 v _211865_/Y (NAND3x1_ASAP7_75t_R)
  33.28 2397.05 v _211869_/Y (OA211x2_ASAP7_75t_R)
  20.81 2417.86 ^ _211879_/Y (AOI221x1_ASAP7_75t_R)
  37.89 2455.75 v _211916_/Y (AOI221x1_ASAP7_75t_R)
  34.29 2490.04 v _211994_/Y (AO21x2_ASAP7_75t_R)
  24.71 2514.75 ^ _212068_/Y (AOI221x1_ASAP7_75t_R)
  40.92 2555.67 v _212069_/Y (XNOR2x2_ASAP7_75t_R)
  49.13 2604.81 v _212079_/Y (AO32x1_ASAP7_75t_R)
  37.28 2642.08 v _212081_/Y (AO221x2_ASAP7_75t_R)
  33.14 2675.22 v _212140_/Y (AO21x2_ASAP7_75t_R)
  32.77 2708.00 ^ _212148_/Y (NAND2x2_ASAP7_75t_R)
  33.87 2741.87 ^ _212159_/Y (AO221x1_ASAP7_75t_R)
  30.04 2771.91 ^ _212174_/Y (AO22x2_ASAP7_75t_R)
  32.66 2804.57 v _212207_/Y (OAI21x1_ASAP7_75t_R)
  25.57 2830.14 ^ _212221_/Y (AOI21x1_ASAP7_75t_R)
  31.21 2861.35 ^ _212228_/Y (OA21x2_ASAP7_75t_R)
  26.23 2887.59 ^ _212263_/Y (XNOR2x2_ASAP7_75t_R)
  30.31 2917.90 ^ _212273_/Y (AO221x1_ASAP7_75t_R)
  27.36 2945.26 ^ _212358_/Y (MAJx2_ASAP7_75t_R)
  40.47 2985.73 v _212379_/Y (AOI211x1_ASAP7_75t_R)
  56.07 3041.79 ^ _212412_/Y (OAI21x1_ASAP7_75t_R)
  41.41 3083.21 ^ _212419_/Y (AO211x2_ASAP7_75t_R)
  25.93 3109.13 ^ _212421_/Y (OA33x2_ASAP7_75t_R)
  25.72 3134.86 v _212437_/Y (NOR3x1_ASAP7_75t_R)
  34.56 3169.41 ^ _212512_/Y (OAI21x1_ASAP7_75t_R)
  31.95 3201.36 ^ _212568_/Y (AO32x1_ASAP7_75t_R)
  22.00 3223.36 ^ _212584_/Y (AND3x1_ASAP7_75t_R)
  26.56 3249.92 ^ _212585_/Y (XNOR2x2_ASAP7_75t_R)
  37.09 3287.01 ^ _212597_/Y (MAJx2_ASAP7_75t_R)
  34.19 3321.21 v _212610_/Y (AOI211x1_ASAP7_75t_R)
  42.58 3363.79 v _212620_/Y (OA211x2_ASAP7_75t_R)
  40.55 3404.34 v _212641_/Y (OR2x2_ASAP7_75t_R)
  26.42 3430.77 v _212731_/Y (AO21x1_ASAP7_75t_R)
  20.15 3450.91 v _212733_/Y (AO22x1_ASAP7_75t_R)
  30.08 3480.99 ^ _212738_/Y (AOI221x1_ASAP7_75t_R)
  32.67 3513.66 ^ _212740_/Y (AO211x2_ASAP7_75t_R)
  34.65 3548.30 ^ _212753_/Y (AO21x1_ASAP7_75t_R)
  43.93 3592.23 ^ _212838_/Y (AO21x2_ASAP7_75t_R)
  27.90 3620.13 ^ _212901_/Y (AND3x1_ASAP7_75t_R)
  31.81 3651.94 v _212902_/Y (AOI21x1_ASAP7_75t_R)
  31.51 3683.46 ^ _212903_/Y (AOI22x1_ASAP7_75t_R)
  39.18 3722.63 ^ _212946_/Y (AND4x2_ASAP7_75t_R)
  24.62 3747.25 ^ _213006_/Y (OA211x2_ASAP7_75t_R)
  25.07 3772.32 ^ _213007_/Y (AO221x1_ASAP7_75t_R)
  20.55 3792.87 ^ _213008_/Y (AO21x2_ASAP7_75t_R)
  25.91 3818.77 ^ _213011_/Y (AND3x2_ASAP7_75t_R)
  34.12 3852.89 v _213012_/Y (XNOR2x2_ASAP7_75t_R)
  26.94 3879.83 v _213058_/Y (OA211x2_ASAP7_75t_R)
  30.20 3910.03 v _213060_/Y (OA211x2_ASAP7_75t_R)
  31.18 3941.21 v _213078_/Y (OR3x2_ASAP7_75t_R)
  27.61 3968.82 v _213197_/Y (AO211x2_ASAP7_75t_R)
  26.88 3995.70 v _213198_/Y (AND2x4_ASAP7_75t_R)
  27.47 4023.17 v _213230_/Y (AND2x2_ASAP7_75t_R)
  26.40 4049.57 v _213231_/Y (XNOR2x1_ASAP7_75t_R)
  29.91 4079.47 v _213232_/Y (XNOR2x1_ASAP7_75t_R)
  44.09 4123.57 v _213363_/Y (AO221x1_ASAP7_75t_R)
  38.78 4162.35 v _213368_/Y (OR5x1_ASAP7_75t_R)
  58.50 4220.84 v _213375_/Y (AO222x2_ASAP7_75t_R)
  33.13 4253.97 v _213494_/Y (AND2x4_ASAP7_75t_R)
  30.36 4284.34 v _213495_/Y (XNOR2x1_ASAP7_75t_R)
  38.09 4322.42 v _213524_/Y (AO32x1_ASAP7_75t_R)
  26.66 4349.08 ^ _213525_/Y (AOI211x1_ASAP7_75t_R)
  34.25 4383.33 ^ _213548_/Y (OA31x2_ASAP7_75t_R)
  37.41 4420.74 ^ _213564_/Y (AO211x2_ASAP7_75t_R)
  26.49 4447.23 ^ _213595_/Y (AND3x1_ASAP7_75t_R)
  26.24 4473.47 v _213596_/Y (XOR2x2_ASAP7_75t_R)
  22.45 4495.92 v _213605_/Y (AO21x1_ASAP7_75t_R)
  37.08 4533.00 v _213606_/Y (AO32x1_ASAP7_75t_R)
  31.94 4564.94 v _213625_/Y (AO21x2_ASAP7_75t_R)
  27.70 4592.64 v _213781_/Y (OA21x2_ASAP7_75t_R)
  41.78 4634.43 ^ _213794_/Y (OAI21x1_ASAP7_75t_R)
  42.88 4677.31 v _213835_/Y (NAND2x2_ASAP7_75t_R)
  36.85 4714.16 v _213973_/Y (AND2x2_ASAP7_75t_R)
  38.28 4752.44 ^ _213974_/Y (XNOR2x2_ASAP7_75t_R)
  22.92 4775.36 v _213984_/Y (AOI211x1_ASAP7_75t_R)
  37.61 4812.97 v _213988_/Y (OR4x2_ASAP7_75t_R)
  38.30 4851.27 v _213989_/Y (AO21x1_ASAP7_75t_R)
  59.80 4911.07 ^ _214007_/Y (NAND2x1_ASAP7_75t_R)
  41.74 4952.81 ^ _214009_/Y (AND2x4_ASAP7_75t_R)
  22.52 4975.32 ^ _214013_/Y (AND2x2_ASAP7_75t_R)
  36.11 5011.43 v _214014_/Y (XNOR2x2_ASAP7_75t_R)
  33.46 5044.89 v _214121_/Y (OA211x2_ASAP7_75t_R)
  18.77 5063.65 v _214139_/Y (AND4x1_ASAP7_75t_R)
  21.40 5085.06 v _214326_/Y (AO211x2_ASAP7_75t_R)
  49.96 5135.02 v _214333_/Y (OA21x2_ASAP7_75t_R)
  60.41 5195.44 v _214504_/Y (OA211x2_ASAP7_75t_R)
  29.67 5225.10 v _214505_/Y (XOR2x2_ASAP7_75t_R)
  20.14 5245.25 v _214529_/Y (AND3x1_ASAP7_75t_R)
  38.50 5283.75 v _214531_/Y (OR4x2_ASAP7_75t_R)
  17.34 5301.09 ^ _214543_/Y (AOI22x1_ASAP7_75t_R)
  20.49 5321.58 ^ _214544_/Y (AND2x4_ASAP7_75t_R)
  63.94 5385.52 ^ _214554_/Y (AO221x2_ASAP7_75t_R)
  51.28 5436.80 ^ _214722_/Y (AND5x1_ASAP7_75t_R)
  29.23 5466.03 v _214723_/Y (XOR2x2_ASAP7_75t_R)
  19.65 5485.69 v _214724_/Y (AND2x4_ASAP7_75t_R)
  15.97 5501.66 ^ _214850_/Y (INVx1_ASAP7_75t_R)
  31.91 5533.57 ^ _214852_/Y (AND4x1_ASAP7_75t_R)
  29.87 5563.43 ^ _214868_/Y (AND5x1_ASAP7_75t_R)
  22.72 5586.16 ^ _214869_/Y (AO32x1_ASAP7_75t_R)
  81.64 5667.80 ^ _214872_/Y (OA31x2_ASAP7_75t_R)
  42.50 5710.30 ^ _215078_/Y (AND2x2_ASAP7_75t_R)
  36.10 5746.39 v _215079_/Y (XNOR2x2_ASAP7_75t_R)
  34.42 5780.82 v _215122_/Y (OA221x2_ASAP7_75t_R)
  30.89 5811.71 v _215131_/Y (AO221x1_ASAP7_75t_R)
  37.11 5848.82 v _215139_/Y (AO22x2_ASAP7_75t_R)
  36.40 5885.21 v _215153_/Y (AO221x2_ASAP7_75t_R)
  53.03 5938.24 v _215160_/Y (AO21x2_ASAP7_75t_R)
  43.59 5981.83 v _215230_/Y (AO21x2_ASAP7_75t_R)
  20.05 6001.87 v _215231_/Y (AND2x4_ASAP7_75t_R)
  16.94 6018.81 v _215284_/Y (XNOR2x1_ASAP7_75t_R)
  38.74 6057.55 v _215285_/Y (OR5x1_ASAP7_75t_R)
  28.11 6085.66 ^ _215286_/Y (OAI22x1_ASAP7_75t_R)
  44.37 6130.03 ^ _215332_/Y (AO211x2_ASAP7_75t_R)
  52.27 6182.30 ^ _215466_/Y (AO211x2_ASAP7_75t_R)
  42.70 6225.00 ^ _215467_/Y (AND2x4_ASAP7_75t_R)
  28.50 6253.50 ^ _215476_/Y (AO21x2_ASAP7_75t_R)
  26.58 6280.08 ^ _215478_/Y (AND2x2_ASAP7_75t_R)
  29.44 6309.52 ^ _215729_/Y (OA31x2_ASAP7_75t_R)
  15.57 6325.09 v _215748_/Y (AOI211x1_ASAP7_75t_R)
  37.27 6362.36 v _215777_/Y (OR4x2_ASAP7_75t_R)
  39.75 6402.11 v _215781_/Y (AO32x2_ASAP7_75t_R)
  53.51 6455.62 v _215787_/Y (OR3x2_ASAP7_75t_R)
  52.82 6508.44 v _215869_/Y (OA21x2_ASAP7_75t_R)
  29.60 6538.05 v _215888_/Y (AND2x2_ASAP7_75t_R)
  32.20 6570.25 v _215889_/Y (XNOR2x2_ASAP7_75t_R)
  33.95 6604.19 v _216007_/Y (XNOR2x1_ASAP7_75t_R)
  22.91 6627.10 ^ _216008_/Y (NAND3x1_ASAP7_75t_R)
  21.90 6649.00 v _216182_/Y (AOI211x1_ASAP7_75t_R)
  55.33 6704.33 v _216196_/Y (OR5x2_ASAP7_75t_R)
  56.07 6760.40 ^ _216251_/Y (NAND2x1_ASAP7_75t_R)
  30.17 6790.56 ^ _216252_/Y (AO21x2_ASAP7_75t_R)
  30.37 6820.93 ^ _216253_/Y (XNOR2x2_ASAP7_75t_R)
  27.60 6848.53 ^ _216254_/Y (AND2x2_ASAP7_75t_R)
  20.59 6869.12 ^ _216255_/Y (AO21x1_ASAP7_75t_R)
  20.90 6890.03 ^ _216261_/Y (OA211x2_ASAP7_75t_R)
  69.99 6960.02 ^ _216360_/Y (AO221x1_ASAP7_75t_R)
  23.00 6983.01 v _216362_/Y (INVx6_ASAP7_75t_R)
  89.01 7072.03 ^ _216545_/Y (NAND2x1_ASAP7_75t_R)
  37.31 7109.34 ^ _216628_/Y (OA21x2_ASAP7_75t_R)
  34.38 7143.72 v _216629_/Y (XNOR2x2_ASAP7_75t_R)
  28.17 7171.89 v _216843_/Y (OR2x4_ASAP7_75t_R)
  23.70 7195.59 v _216846_/Y (OA222x2_ASAP7_75t_R)
  22.80 7218.39 v _216851_/Y (AO221x1_ASAP7_75t_R)
  43.30 7261.68 v _216876_/Y (AO221x1_ASAP7_75t_R)
  43.55 7305.23 v _216887_/Y (AND3x2_ASAP7_75t_R)
  68.57 7373.80 ^ _216996_/Y (NAND2x2_ASAP7_75t_R)
  42.10 7415.90 ^ _217076_/Y (OA21x2_ASAP7_75t_R)
  23.95 7439.86 ^ _217107_/Y (XNOR2x2_ASAP7_75t_R)
  41.93 7481.79 ^ _217265_/Y (AND5x1_ASAP7_75t_R)
  36.98 7518.77 ^ _217277_/Y (AND5x1_ASAP7_75t_R)
  31.55 7550.31 ^ _217278_/Y (OA211x2_ASAP7_75t_R)
  45.89 7596.21 v _217284_/Y (AOI211x1_ASAP7_75t_R)
 109.67 7705.88 ^ _217285_/Y (NAND2x2_ASAP7_75t_R)
  40.57 7746.45 ^ _217578_/Y (OA21x2_ASAP7_75t_R)
  37.61 7784.06 v _217579_/Y (XNOR2x2_ASAP7_75t_R)
  37.05 7821.11 ^ _217695_/Y (NAND2x1_ASAP7_75t_R)
  31.64 7852.76 ^ _217699_/Y (AO211x2_ASAP7_75t_R)
  28.09 7880.85 ^ _217700_/Y (AO31x2_ASAP7_75t_R)
  45.60 7926.44 ^ _217715_/Y (AO21x2_ASAP7_75t_R)
  53.63 7980.07 v _217716_/Y (NAND2x2_ASAP7_75t_R)
  52.44 8032.51 v _218014_/Y (OA21x2_ASAP7_75t_R)
  28.10 8060.62 ^ _218015_/Y (XNOR2x2_ASAP7_75t_R)
  30.42 8091.04 v _218016_/Y (XNOR2x2_ASAP7_75t_R)
  36.08 8127.11 v _218022_/Y (OA211x2_ASAP7_75t_R)
  28.22 8155.33 v _218131_/Y (AO21x1_ASAP7_75t_R)
  32.85 8188.18 v _218149_/Y (OA21x2_ASAP7_75t_R)
  81.58 8269.76 v _218150_/Y (OR3x2_ASAP7_75t_R)
  30.35 8300.11 ^ _218207_/Y (OAI21x1_ASAP7_75t_R)
  42.40 8342.51 ^ _218208_/Y (XOR2x2_ASAP7_75t_R)
  31.19 8373.70 ^ _218236_/Y (XNOR2x2_ASAP7_75t_R)
  20.63 8394.32 ^ _218242_/Y (AND3x1_ASAP7_75t_R)
  14.84 8409.17 v _218244_/Y (NAND2x1_ASAP7_75t_R)
  26.50 8435.67 ^ _218285_/Y (OAI22x1_ASAP7_75t_R)
 142.85 8578.51 v _218562_/Y (AOI211x1_ASAP7_75t_R)
  74.35 8652.86 ^ _218680_/Y (OAI21x1_ASAP7_75t_R)
  29.37 8682.24 ^ _218682_/Y (AND2x2_ASAP7_75t_R)
  23.39 8705.63 ^ _218683_/Y (XNOR2x2_ASAP7_75t_R)
  37.42 8743.05 ^ _218684_/Y (AND5x1_ASAP7_75t_R)
  32.57 8775.62 ^ _218852_/Y (AND4x1_ASAP7_75t_R)
  19.20 8794.81 ^ _218871_/Y (AO31x2_ASAP7_75t_R)
  41.49 8836.30 ^ _218918_/Y (AO211x2_ASAP7_75t_R)
  57.65 8893.95 v _218927_/Y (NOR2x2_ASAP7_75t_R)
  48.50 8942.45 v _219003_/Y (OR4x1_ASAP7_75t_R)
  27.70 8970.15 v _219005_/Y (OA211x2_ASAP7_75t_R)
  17.28 8987.44 v _219012_/Y (AO31x2_ASAP7_75t_R)
  21.46 9008.90 v _219030_/Y (OR3x1_ASAP7_75t_R)
  23.63 9032.53 ^ _219031_/Y (NAND2x1_ASAP7_75t_R)
  33.26 9065.79 ^ _219212_/Y (AND4x1_ASAP7_75t_R)
  25.20 9090.98 ^ _219221_/Y (OR4x1_ASAP7_75t_R)
  50.06 9141.04 v _219222_/Y (OAI21x1_ASAP7_75t_R)
  67.84 9208.88 v _219302_/Y (AND2x2_ASAP7_75t_R)
  41.57 9250.45 ^ _219314_/Y (AOI211x1_ASAP7_75t_R)
  45.30 9295.75 v _219315_/Y (XNOR2x2_ASAP7_75t_R)
  36.90 9332.65 v _219653_/Y (OA211x2_ASAP7_75t_R)
  28.08 9360.74 v _219655_/Y (OA222x2_ASAP7_75t_R)
  91.46 9452.20 v _219690_/Y (AO221x1_ASAP7_75t_R)
  99.27 9551.47 ^ _219718_/Y (NAND2x2_ASAP7_75t_R)
  38.26 9589.73 v _219988_/Y (AOI221x1_ASAP7_75t_R)
  39.18 9628.90 v _219992_/Y (OA33x2_ASAP7_75t_R)
  20.42 9649.32 ^ _220017_/Y (AOI21x1_ASAP7_75t_R)
  37.96 9687.28 ^ _220031_/Y (OA33x2_ASAP7_75t_R)
  14.29 9701.57 v _220033_/Y (OAI21x1_ASAP7_75t_R)
  30.17 9731.74 v _220096_/Y (AO31x2_ASAP7_75t_R)
  36.51 9768.25 v _220129_/Y (AO211x2_ASAP7_75t_R)
  67.14 9835.39 v _220162_/Y (AO21x2_ASAP7_75t_R)
  57.53 9892.92 v _220341_/Y (AO21x2_ASAP7_75t_R)
  30.09 9923.01 v _220343_/Y (AND2x2_ASAP7_75t_R)
  23.13 9946.13 ^ _220461_/Y (OAI21x1_ASAP7_75t_R)
  37.85 9983.98 ^ _220467_/Y (AND5x1_ASAP7_75t_R)
  30.72 10014.70 ^ _220661_/Y (AO32x2_ASAP7_75t_R)
  35.08 10049.79 ^ _220664_/Y (OA31x2_ASAP7_75t_R)
  68.48 10118.27 ^ _220695_/Y (OR3x2_ASAP7_75t_R)
  70.81 10189.08 ^ _220861_/Y (OA21x2_ASAP7_75t_R)
  17.80 10206.87 ^ _220880_/Y (OA21x2_ASAP7_75t_R)
  12.18 10219.06 v _220893_/Y (NOR3x1_ASAP7_75t_R)
  37.00 10256.06 v _220894_/Y (OR4x1_ASAP7_75t_R)
  23.16 10279.21 v _220901_/Y (AO21x1_ASAP7_75t_R)
  25.08 10304.29 v _220910_/Y (AO21x2_ASAP7_75t_R)
  48.71 10353.01 v _221032_/Y (AO32x1_ASAP7_75t_R)
  65.61 10418.62 ^ _221087_/Y (NAND2x2_ASAP7_75t_R)
  55.90 10474.51 ^ _221108_/Y (OA22x2_ASAP7_75t_R)
  39.06 10513.58 ^ _221291_/Y (XNOR2x2_ASAP7_75t_R)
  32.23 10545.81 ^ _221294_/Y (AND4x2_ASAP7_75t_R)
  20.24 10566.05 ^ _221517_/Y (AND2x2_ASAP7_75t_R)
  14.05 10580.10 v _221532_/Y (AOI21x1_ASAP7_75t_R)
  32.93 10613.03 v _221571_/Y (AO221x1_ASAP7_75t_R)
  38.33 10651.35 v _221574_/Y (AO33x2_ASAP7_75t_R)
 118.12 10769.48 v _221575_/Y (AND3x1_ASAP7_75t_R)
  63.66 10833.14 v _221581_/Y (OR4x1_ASAP7_75t_R)
  35.15 10868.29 v _221583_/Y (AND3x1_ASAP7_75t_R)
  31.05 10899.34 v _221585_/Y (XNOR2x2_ASAP7_75t_R)
  25.34 10924.68 v _221598_/Y (AO211x2_ASAP7_75t_R)
  35.17 10959.85 v _221785_/Y (OR3x2_ASAP7_75t_R)
  44.32 11004.17 ^ _221849_/Y (NAND2x2_ASAP7_75t_R)
  66.84 11071.02 ^ _222157_/Y (OR3x2_ASAP7_75t_R)
  33.29 11104.30 ^ _222175_/Y (AND3x1_ASAP7_75t_R)
  41.82 11146.13 ^ _222176_/Y (XNOR2x2_ASAP7_75t_R)
  38.85 11184.98 v _222177_/Y (XNOR2x2_ASAP7_75t_R)
  27.14 11212.12 v _222178_/Y (AND5x2_ASAP7_75t_R)
  18.92 11231.04 v _222221_/Y (AND2x2_ASAP7_75t_R)
  19.31 11250.36 v _222230_/Y (AO21x2_ASAP7_75t_R)
  35.13 11285.48 v _222272_/Y (AO221x2_ASAP7_75t_R)
  25.58 11311.06 v _222273_/Y (AO21x2_ASAP7_75t_R)
 107.77 11418.83 v _222374_/Y (AO21x1_ASAP7_75t_R)
  77.82 11496.65 v _222701_/Y (OA211x2_ASAP7_75t_R)
  32.91 11529.56 v _222709_/Y (OR5x1_ASAP7_75t_R)
  23.11 11552.67 v _222716_/Y (OA21x2_ASAP7_75t_R)
  19.97 11572.64 v _222721_/Y (AND3x2_ASAP7_75t_R)
  27.35 11599.99 v _222722_/Y (OA31x2_ASAP7_75t_R)
  54.79 11654.77 v _222723_/Y (OR4x1_ASAP7_75t_R)
  80.73 11735.50 v _222856_/Y (AO21x2_ASAP7_75t_R)
  56.87 11792.38 v _223087_/Y (AND2x2_ASAP7_75t_R)
  36.36 11828.73 ^ _223088_/Y (XOR2x2_ASAP7_75t_R)
  26.88 11855.61 ^ _223089_/Y (XNOR2x2_ASAP7_75t_R)
  35.68 11891.29 ^ _223171_/Y (AND5x1_ASAP7_75t_R)
  37.20 11928.49 v _223178_/Y (AOI221x1_ASAP7_75t_R)
  39.10 11967.59 v _223188_/Y (OA21x2_ASAP7_75t_R)
 102.96 12070.56 v _223343_/Y (OA211x2_ASAP7_75t_R)
  56.24 12126.80 v _223434_/Y (OR3x1_ASAP7_75t_R)
  21.07 12147.87 v _223789_/Y (AND2x2_ASAP7_75t_R)
  21.60 12169.47 v _223790_/Y (XNOR2x1_ASAP7_75t_R)
  41.04 12210.51 v _223794_/Y (OR5x1_ASAP7_75t_R)
  38.35 12248.86 v _223795_/Y (OR4x1_ASAP7_75t_R)
  27.32 12276.17 v _223882_/Y (OA31x2_ASAP7_75t_R)
  44.98 12321.16 v _223883_/Y (OA211x2_ASAP7_75t_R)
  34.75 12355.91 v _223927_/Y (AND2x4_ASAP7_75t_R)
  49.68 12405.59 ^ _224049_/Y (AOI22x1_ASAP7_75t_R)
  26.12 12431.71 ^ _224050_/Y (XNOR2x1_ASAP7_75t_R)
  35.55 12467.26 ^ _224061_/Y (AND5x1_ASAP7_75t_R)
  58.64 12525.89 v _224146_/Y (AOI221x1_ASAP7_75t_R)
  47.00 12572.89 ^ _224355_/Y (OAI21x1_ASAP7_75t_R)
  26.37 12599.27 ^ _224356_/Y (AND4x1_ASAP7_75t_R)
  63.78 12663.05 ^ _224360_/Y (OR4x2_ASAP7_75t_R)
  87.20 12750.24 v _224402_/Y (INVx1_ASAP7_75t_R)
  20.14 12770.38 ^ _224406_/Y (AOI21x1_ASAP7_75t_R)
  49.46 12819.84 ^ _224409_/Y (AND5x1_ASAP7_75t_R)
  32.33 12852.17 v _224410_/Y (XNOR2x2_ASAP7_75t_R)
  18.06 12870.24 ^ _224411_/Y (AOI211x1_ASAP7_75t_R)
  31.51 12901.75 ^ _224428_/Y (AND2x2_ASAP7_75t_R)
 100.65 13002.40 v _224840_/Y (AOI211x1_ASAP7_75t_R)
  58.48 13060.88 v _224913_/Y (AND2x2_ASAP7_75t_R)
  17.85 13078.73 v _224914_/Y (OA21x2_ASAP7_75t_R)
  18.09 13096.81 v _224915_/Y (OA21x2_ASAP7_75t_R)
  33.01 13129.82 v _224916_/Y (AO221x1_ASAP7_75t_R)
  28.02 13157.83 v _224917_/Y (MAJx2_ASAP7_75t_R)
  19.41 13177.25 v _224929_/Y (AO21x1_ASAP7_75t_R)
  16.07 13193.32 v _224943_/Y (AO21x1_ASAP7_75t_R)
  17.98 13211.31 v _224948_/Y (AO21x1_ASAP7_75t_R)
  28.74 13240.05 v _225034_/Y (AO21x2_ASAP7_75t_R)
  45.54 13285.58 v _225249_/Y (AO21x2_ASAP7_75t_R)
  68.32 13353.90 ^ _225319_/Y (NAND2x2_ASAP7_75t_R)
  33.58 13387.48 ^ _225320_/Y (AO22x1_ASAP7_75t_R)
  24.35 13411.83 ^ _225322_/Y (AO21x2_ASAP7_75t_R)
  20.35 13432.18 ^ _225323_/Y (AO221x1_ASAP7_75t_R)
  31.65 13463.83 ^ _225326_/Y (OA211x2_ASAP7_75t_R)
  33.42 13497.25 ^ _225330_/Y (AO221x2_ASAP7_75t_R)
  24.64 13521.89 ^ _225341_/Y (AO21x2_ASAP7_75t_R)
  29.84 13551.73 ^ _225351_/Y (AO22x2_ASAP7_75t_R)
  71.22 13622.95 v _225594_/Y (AOI211x1_ASAP7_75t_R)
  99.64 13722.60 ^ _225595_/Y (NAND2x2_ASAP7_75t_R)
  45.68 13768.28 ^ _225671_/Y (OA211x2_ASAP7_75t_R)
  31.05 13799.33 ^ _225684_/Y (AND3x2_ASAP7_75t_R)
  25.28 13824.61 ^ _225685_/Y (OA22x2_ASAP7_75t_R)
  28.45 13853.06 ^ _225689_/Y (MAJx2_ASAP7_75t_R)
  25.67 13878.73 ^ _225690_/Y (MAJx2_ASAP7_75t_R)
  23.93 13902.66 v _225704_/Y (AOI21x1_ASAP7_75t_R)
  29.00 13931.66 ^ _225734_/Y (OAI21x1_ASAP7_75t_R)
  25.19 13956.85 ^ _225812_/Y (AND3x1_ASAP7_75t_R)
 113.16 14070.02 ^ _225945_/Y (OR5x1_ASAP7_75t_R)
  48.64 14118.66 ^ _226108_/Y (OA21x2_ASAP7_75t_R)
  18.90 14137.56 ^ _226109_/Y (AO221x1_ASAP7_75t_R)
  23.26 14160.82 ^ _226110_/Y (MAJx2_ASAP7_75t_R)
  18.20 14179.02 ^ _226111_/Y (AO21x1_ASAP7_75t_R)
  23.11 14202.12 ^ _226112_/Y (AO32x1_ASAP7_75t_R)
  39.84 14241.96 ^ _226115_/Y (AO22x1_ASAP7_75t_R)
  27.02 14268.98 v _226127_/Y (AOI21x1_ASAP7_75t_R)
  36.81 14305.79 ^ _226148_/Y (OAI22x1_ASAP7_75t_R)
  25.88 14331.68 ^ _226158_/Y (AO21x1_ASAP7_75t_R)
  27.29 14358.97 ^ _226160_/Y (AO22x2_ASAP7_75t_R)
  91.88 14450.85 ^ _226252_/Y (AO21x1_ASAP7_75t_R)
  17.69 14468.54 v _226384_/Y (NAND2x1_ASAP7_75t_R)
  32.81 14501.35 v _226388_/Y (AO222x2_ASAP7_75t_R)
  31.82 14533.18 v _226389_/Y (OA211x2_ASAP7_75t_R)
  22.60 14555.77 v _226390_/Y (MAJx2_ASAP7_75t_R)
  20.79 14576.57 v _226391_/Y (MAJx2_ASAP7_75t_R)
  20.18 14596.75 v _226392_/Y (MAJx2_ASAP7_75t_R)
  33.17 14629.92 v _226393_/Y (AO222x2_ASAP7_75t_R)
  20.18 14650.10 v _226415_/Y (AO21x1_ASAP7_75t_R)
  20.07 14670.17 v _226416_/Y (AO22x1_ASAP7_75t_R)
  22.13 14692.30 v _226425_/Y (AO21x2_ASAP7_75t_R)
  60.49 14752.79 v _226552_/Y (AO21x2_ASAP7_75t_R)
 228.13 14980.92 ^ _226668_/Y (NAND2x2_ASAP7_75t_R)
 115.78 15096.71 ^ _226680_/Y (OR3x2_ASAP7_75t_R)
  41.22 15137.93 ^ _226685_/Y (AND2x4_ASAP7_75t_R)
  58.80 15196.73 v _226736_/Y (XNOR2x2_ASAP7_75t_R)
  28.96 15225.69 v _226773_/Y (OR3x1_ASAP7_75t_R)
  47.08 15272.77 ^ _226775_/Y (AOI21x1_ASAP7_75t_R)
  45.33 15318.10 v _226776_/Y (NOR2x2_ASAP7_75t_R)
  79.48 15397.58 v _226777_/Y (AO32x1_ASAP7_75t_R)
 120.91 15518.49 ^ _227106_/Y (XNOR2x1_ASAP7_75t_R)
  53.31 15571.79 ^ _228542_/Y (AO32x1_ASAP7_75t_R)
  84.55 15656.34 ^ _228577_/Y (AO32x1_ASAP7_75t_R)
  53.68 15710.02 v _228823_/Y (NOR3x1_ASAP7_75t_R)
  36.69 15746.71 v _228824_/Y (AO32x1_ASAP7_75t_R)
  30.88 15777.60 v _228836_/Y (AO222x2_ASAP7_75t_R)
  29.42 15807.02 v _228869_/Y (OR5x1_ASAP7_75t_R)
  35.42 15842.43 v _228909_/Y (OR5x1_ASAP7_75t_R)
  35.55 15877.99 v _229076_/Y (AO32x1_ASAP7_75t_R)
  37.28 15915.27 v _229116_/Y (AO32x2_ASAP7_75t_R)
  26.65 15941.92 v _229223_/Y (AND5x2_ASAP7_75t_R)
  22.56 15964.47 v _229304_/Y (AND3x2_ASAP7_75t_R)
  23.31 15987.79 v _229305_/Y (AND4x2_ASAP7_75t_R)
  15.69 16003.47 v _229409_/Y (AND3x1_ASAP7_75t_R)
  18.91 16022.39 v _229419_/Y (OA31x2_ASAP7_75t_R)
  23.75 16046.13 v _229424_/Y (OA21x2_ASAP7_75t_R)
  45.81 16091.94 v _238033_/Y (OA211x2_ASAP7_75t_R)
  34.16 16126.10 v _241101_/Y (AO31x2_ASAP7_75t_R)
  71.43 16197.53 v _241194_/Y (AO221x1_ASAP7_75t_R)
 173.32 16370.85 ^ _241196_/Y (NAND2x2_ASAP7_75t_R)
  88.37 16459.22 v _241197_/Y (INVx2_ASAP7_75t_R)
  53.44 16512.66 v _253544_/Y (AO21x1_ASAP7_75t_R)
  14.90 16527.56 v _253545_/Y (AND2x2_ASAP7_75t_R)
   0.13 16527.69 v _378108_/D (DFFHQNx1_ASAP7_75t_R)
        16527.69   data arrival time

12000.00 12000.00   clock core_clk (rise edge)
   0.00 12000.00   clock source latency
   0.00 12000.00 ^ clk (in)
  51.21 12051.21 ^ wire5675/Y (BUFx12_ASAP7_75t_R)
  50.67 12101.89 ^ clkbuf_0_clk/Y (BUFx24_ASAP7_75t_R)
  26.15 12128.04 ^ clkbuf_1_1_0_clk/Y (BUFx24_ASAP7_75t_R)
  24.91 12152.95 ^ clkbuf_2_2_0_clk/Y (BUFx24_ASAP7_75t_R)
  27.24 12180.19 ^ clkbuf_3_5_0_clk/Y (BUFx24_ASAP7_75t_R)
  25.96 12206.15 ^ clkbuf_4_11_0_clk/Y (BUFx24_ASAP7_75t_R)
  27.00 12233.15 ^ clkbuf_6_45__f_clk/Y (BUFx24_ASAP7_75t_R)
  26.21 12259.37 ^ clkbuf_leaf_570_clk/Y (BUFx24_ASAP7_75t_R)
   1.34 12260.70 ^ _378108_/CLK (DFFHQNx1_ASAP7_75t_R)
 -50.00 12210.70   clock uncertainty
   2.39 12213.09   clock reconvergence pessimism
  -0.26 12212.83   library setup time
        12212.83   data required time
---------------------------------------------------------
        12212.83   data required time
        -16527.69   data arrival time
---------------------------------------------------------
        -4314.85   slack (VIOLATED)


Startpoint: _369487_ (rising edge-triggered flip-flop clocked by core_clk)
Endpoint: _378108_ (rising edge-triggered flip-flop clocked by core_clk)
Path Group: reg2reg
Path Type: max

  Delay    Time   Description
---------------------------------------------------------
   0.00    0.00   clock core_clk (rise edge)
   0.00    0.00   clock source latency
   0.00    0.00 ^ clk (in)
  51.99   51.99 ^ wire5675/Y (BUFx12_ASAP7_75t_R)
  52.29  104.28 ^ clkbuf_0_clk/Y (BUFx24_ASAP7_75t_R)
  27.06  131.33 ^ clkbuf_1_0_0_clk/Y (BUFx24_ASAP7_75t_R)
  26.85  158.18 ^ clkbuf_2_1_0_clk/Y (BUFx24_ASAP7_75t_R)
  28.86  187.04 ^ clkbuf_3_3_0_clk/Y (BUFx24_ASAP7_75t_R)
  30.02  217.07 ^ clkbuf_4_7_0_clk/Y (BUFx24_ASAP7_75t_R)
  29.08  246.15 ^ clkbuf_6_30__f_clk/Y (BUFx24_ASAP7_75t_R)
  33.58  279.73 ^ clkbuf_leaf_368_clk/Y (BUFx24_ASAP7_75t_R)
   3.20  282.92 ^ _369487_/CLK (DFFHQNx1_ASAP7_75t_R)
  81.75  364.68 v _369487_/QN (DFFHQNx1_ASAP7_75t_R)
 117.22  481.90 v _184248_/Y (OR4x2_ASAP7_75t_R)
 163.68  645.58 ^ _184249_/Y (NAND3x1_ASAP7_75t_R)
  86.57  732.14 v _184434_/Y (AOI21x1_ASAP7_75t_R)
  78.49  810.64 v _184438_/Y (OR3x1_ASAP7_75t_R)
  60.40  871.03 ^ _184457_/Y (AOI21x1_ASAP7_75t_R)
  39.14  910.17 ^ max_cap4622/Y (BUFx12_ASAP7_75t_R)
  24.73  934.91 ^ max_cap4621/Y (BUFx12_ASAP7_75t_R)
  31.59  966.49 ^ load_slew4620/Y (BUFx6f_ASAP7_75t_R)
  23.60  990.09 ^ wire4619/Y (BUFx12f_ASAP7_75t_R)
  32.21 1022.30 ^ max_cap4618/Y (BUFx10_ASAP7_75t_R)
  29.02 1051.32 ^ max_cap4612/Y (BUFx12_ASAP7_75t_R)
  34.32 1085.64 ^ wire4609/Y (BUFx12f_ASAP7_75t_R)
  29.55 1115.19 ^ load_slew4607/Y (BUFx12f_ASAP7_75t_R)
 120.66 1235.85 ^ _184934_/Y (OR3x1_ASAP7_75t_R)
  79.52 1315.37 ^ _185378_/Y (OR2x2_ASAP7_75t_R)
  21.21 1336.58 ^ _185399_/Y (AND4x1_ASAP7_75t_R)
  38.30 1374.88 ^ _185400_/Y (AND4x2_ASAP7_75t_R)
  95.55 1470.43 ^ _185414_/Y (OA222x2_ASAP7_75t_R)
  80.33 1550.76 v _185565_/Y (NAND2x1_ASAP7_75t_R)
  49.69 1600.45 v _186054_/Y (OR5x1_ASAP7_75t_R)
  49.59 1650.03 v _188459_/Y (OR4x2_ASAP7_75t_R)
  66.04 1716.07 v _211565_/Y (AND4x2_ASAP7_75t_R)
  30.31 1746.38 v load_slew2798/Y (BUFx16f_ASAP7_75t_R)
  43.33 1789.71 v load_slew2797/Y (BUFx16f_ASAP7_75t_R)
  35.87 1825.58 v load_slew2796/Y (BUFx16f_ASAP7_75t_R)
  69.03 1894.61 v wire2795/Y (BUFx16f_ASAP7_75t_R)
  24.24 1918.86 v load_slew2794/Y (BUFx16f_ASAP7_75t_R)
  55.74 1974.59 v wire2793/Y (BUFx16f_ASAP7_75t_R)
  79.57 2054.17 v _211844_/Y (AND2x4_ASAP7_75t_R)
  30.08 2084.25 v wire2553/Y (BUFx16f_ASAP7_75t_R)
  78.91 2163.16 v load_slew2552/Y (BUFx16f_ASAP7_75t_R)
 118.99 2282.15 v _211850_/Y (OR4x1_ASAP7_75t_R)
  25.38 2307.53 v _211851_/Y (AND2x4_ASAP7_75t_R)
  17.24 2324.78 ^ _211863_/Y (NOR3x1_ASAP7_75t_R)
  30.46 2355.24 ^ _211864_/Y (AND4x2_ASAP7_75t_R)
   8.53 2363.77 v _211865_/Y (NAND3x1_ASAP7_75t_R)
  33.28 2397.05 v _211869_/Y (OA211x2_ASAP7_75t_R)
  20.81 2417.86 ^ _211879_/Y (AOI221x1_ASAP7_75t_R)
  37.89 2455.75 v _211916_/Y (AOI221x1_ASAP7_75t_R)
  34.29 2490.04 v _211994_/Y (AO21x2_ASAP7_75t_R)
  24.71 2514.75 ^ _212068_/Y (AOI221x1_ASAP7_75t_R)
  40.92 2555.67 v _212069_/Y (XNOR2x2_ASAP7_75t_R)
  49.13 2604.81 v _212079_/Y (AO32x1_ASAP7_75t_R)
  37.28 2642.08 v _212081_/Y (AO221x2_ASAP7_75t_R)
  33.14 2675.22 v _212140_/Y (AO21x2_ASAP7_75t_R)
  32.77 2708.00 ^ _212148_/Y (NAND2x2_ASAP7_75t_R)
  33.87 2741.87 ^ _212159_/Y (AO221x1_ASAP7_75t_R)
  30.04 2771.91 ^ _212174_/Y (AO22x2_ASAP7_75t_R)
  32.66 2804.57 v _212207_/Y (OAI21x1_ASAP7_75t_R)
  25.57 2830.14 ^ _212221_/Y (AOI21x1_ASAP7_75t_R)
  31.21 2861.35 ^ _212228_/Y (OA21x2_ASAP7_75t_R)
  26.23 2887.59 ^ _212263_/Y (XNOR2x2_ASAP7_75t_R)
  30.31 2917.90 ^ _212273_/Y (AO221x1_ASAP7_75t_R)
  27.36 2945.26 ^ _212358_/Y (MAJx2_ASAP7_75t_R)
  40.47 2985.73 v _212379_/Y (AOI211x1_ASAP7_75t_R)
  56.07 3041.79 ^ _212412_/Y (OAI21x1_ASAP7_75t_R)
  41.41 3083.21 ^ _212419_/Y (AO211x2_ASAP7_75t_R)
  25.93 3109.13 ^ _212421_/Y (OA33x2_ASAP7_75t_R)
  25.72 3134.86 v _212437_/Y (NOR3x1_ASAP7_75t_R)
  34.56 3169.41 ^ _212512_/Y (OAI21x1_ASAP7_75t_R)
  31.95 3201.36 ^ _212568_/Y (AO32x1_ASAP7_75t_R)
  22.00 3223.36 ^ _212584_/Y (AND3x1_ASAP7_75t_R)
  26.56 3249.92 ^ _212585_/Y (XNOR2x2_ASAP7_75t_R)
  37.09 3287.01 ^ _212597_/Y (MAJx2_ASAP7_75t_R)
  34.19 3321.21 v _212610_/Y (AOI211x1_ASAP7_75t_R)
  42.58 3363.79 v _212620_/Y (OA211x2_ASAP7_75t_R)
  40.55 3404.34 v _212641_/Y (OR2x2_ASAP7_75t_R)
  26.42 3430.77 v _212731_/Y (AO21x1_ASAP7_75t_R)
  20.15 3450.91 v _212733_/Y (AO22x1_ASAP7_75t_R)
  30.08 3480.99 ^ _212738_/Y (AOI221x1_ASAP7_75t_R)
  32.67 3513.66 ^ _212740_/Y (AO211x2_ASAP7_75t_R)
  34.65 3548.30 ^ _212753_/Y (AO21x1_ASAP7_75t_R)
  43.93 3592.23 ^ _212838_/Y (AO21x2_ASAP7_75t_R)
  27.90 3620.13 ^ _212901_/Y (AND3x1_ASAP7_75t_R)
  31.81 3651.94 v _212902_/Y (AOI21x1_ASAP7_75t_R)
  31.51 3683.46 ^ _212903_/Y (AOI22x1_ASAP7_75t_R)
  39.18 3722.63 ^ _212946_/Y (AND4x2_ASAP7_75t_R)
  24.62 3747.25 ^ _213006_/Y (OA211x2_ASAP7_75t_R)
  25.07 3772.32 ^ _213007_/Y (AO221x1_ASAP7_75t_R)
  20.55 3792.87 ^ _213008_/Y (AO21x2_ASAP7_75t_R)
  25.91 3818.77 ^ _213011_/Y (AND3x2_ASAP7_75t_R)
  34.12 3852.89 v _213012_/Y (XNOR2x2_ASAP7_75t_R)
  26.94 3879.83 v _213058_/Y (OA211x2_ASAP7_75t_R)
  30.20 3910.03 v _213060_/Y (OA211x2_ASAP7_75t_R)
  31.18 3941.21 v _213078_/Y (OR3x2_ASAP7_75t_R)
  27.61 3968.82 v _213197_/Y (AO211x2_ASAP7_75t_R)
  26.88 3995.70 v _213198_/Y (AND2x4_ASAP7_75t_R)
  27.47 4023.17 v _213230_/Y (AND2x2_ASAP7_75t_R)
  26.40 4049.57 v _213231_/Y (XNOR2x1_ASAP7_75t_R)
  29.91 4079.47 v _213232_/Y (XNOR2x1_ASAP7_75t_R)
  44.09 4123.57 v _213363_/Y (AO221x1_ASAP7_75t_R)
  38.78 4162.35 v _213368_/Y (OR5x1_ASAP7_75t_R)
  58.50 4220.84 v _213375_/Y (AO222x2_ASAP7_75t_R)
  33.13 4253.97 v _213494_/Y (AND2x4_ASAP7_75t_R)
  30.36 4284.34 v _213495_/Y (XNOR2x1_ASAP7_75t_R)
  38.09 4322.42 v _213524_/Y (AO32x1_ASAP7_75t_R)
  26.66 4349.08 ^ _213525_/Y (AOI211x1_ASAP7_75t_R)
  34.25 4383.33 ^ _213548_/Y (OA31x2_ASAP7_75t_R)
  37.41 4420.74 ^ _213564_/Y (AO211x2_ASAP7_75t_R)
  26.49 4447.23 ^ _213595_/Y (AND3x1_ASAP7_75t_R)
  26.24 4473.47 v _213596_/Y (XOR2x2_ASAP7_75t_R)
  22.45 4495.92 v _213605_/Y (AO21x1_ASAP7_75t_R)
  37.08 4533.00 v _213606_/Y (AO32x1_ASAP7_75t_R)
  31.94 4564.94 v _213625_/Y (AO21x2_ASAP7_75t_R)
  27.70 4592.64 v _213781_/Y (OA21x2_ASAP7_75t_R)
  41.78 4634.43 ^ _213794_/Y (OAI21x1_ASAP7_75t_R)
  42.88 4677.31 v _213835_/Y (NAND2x2_ASAP7_75t_R)
  36.85 4714.16 v _213973_/Y (AND2x2_ASAP7_75t_R)
  38.28 4752.44 ^ _213974_/Y (XNOR2x2_ASAP7_75t_R)
  22.92 4775.36 v _213984_/Y (AOI211x1_ASAP7_75t_R)
  37.61 4812.97 v _213988_/Y (OR4x2_ASAP7_75t_R)
  38.30 4851.27 v _213989_/Y (AO21x1_ASAP7_75t_R)
  59.80 4911.07 ^ _214007_/Y (NAND2x1_ASAP7_75t_R)
  41.74 4952.81 ^ _214009_/Y (AND2x4_ASAP7_75t_R)
  22.52 4975.32 ^ _214013_/Y (AND2x2_ASAP7_75t_R)
  36.11 5011.43 v _214014_/Y (XNOR2x2_ASAP7_75t_R)
  33.46 5044.89 v _214121_/Y (OA211x2_ASAP7_75t_R)
  18.77 5063.65 v _214139_/Y (AND4x1_ASAP7_75t_R)
  21.40 5085.06 v _214326_/Y (AO211x2_ASAP7_75t_R)
  49.96 5135.02 v _214333_/Y (OA21x2_ASAP7_75t_R)
  60.41 5195.44 v _214504_/Y (OA211x2_ASAP7_75t_R)
  29.67 5225.10 v _214505_/Y (XOR2x2_ASAP7_75t_R)
  20.14 5245.25 v _214529_/Y (AND3x1_ASAP7_75t_R)
  38.50 5283.75 v _214531_/Y (OR4x2_ASAP7_75t_R)
  17.34 5301.09 ^ _214543_/Y (AOI22x1_ASAP7_75t_R)
  20.49 5321.58 ^ _214544_/Y (AND2x4_ASAP7_75t_R)
  63.94 5385.52 ^ _214554_/Y (AO221x2_ASAP7_75t_R)
  51.28 5436.80 ^ _214722_/Y (AND5x1_ASAP7_75t_R)
  29.23 5466.03 v _214723_/Y (XOR2x2_ASAP7_75t_R)
  19.65 5485.69 v _214724_/Y (AND2x4_ASAP7_75t_R)
  15.97 5501.66 ^ _214850_/Y (INVx1_ASAP7_75t_R)
  31.91 5533.57 ^ _214852_/Y (AND4x1_ASAP7_75t_R)
  29.87 5563.43 ^ _214868_/Y (AND5x1_ASAP7_75t_R)
  22.72 5586.16 ^ _214869_/Y (AO32x1_ASAP7_75t_R)
  81.64 5667.80 ^ _214872_/Y (OA31x2_ASAP7_75t_R)
  42.50 5710.30 ^ _215078_/Y (AND2x2_ASAP7_75t_R)
  36.10 5746.39 v _215079_/Y (XNOR2x2_ASAP7_75t_R)
  34.42 5780.82 v _215122_/Y (OA221x2_ASAP7_75t_R)
  30.89 5811.71 v _215131_/Y (AO221x1_ASAP7_75t_R)
  37.11 5848.82 v _215139_/Y (AO22x2_ASAP7_75t_R)
  36.40 5885.21 v _215153_/Y (AO221x2_ASAP7_75t_R)
  53.03 5938.24 v _215160_/Y (AO21x2_ASAP7_75t_R)
  43.59 5981.83 v _215230_/Y (AO21x2_ASAP7_75t_R)
  20.05 6001.87 v _215231_/Y (AND2x4_ASAP7_75t_R)
  16.94 6018.81 v _215284_/Y (XNOR2x1_ASAP7_75t_R)
  38.74 6057.55 v _215285_/Y (OR5x1_ASAP7_75t_R)
  28.11 6085.66 ^ _215286_/Y (OAI22x1_ASAP7_75t_R)
  44.37 6130.03 ^ _215332_/Y (AO211x2_ASAP7_75t_R)
  52.27 6182.30 ^ _215466_/Y (AO211x2_ASAP7_75t_R)
  42.70 6225.00 ^ _215467_/Y (AND2x4_ASAP7_75t_R)
  28.50 6253.50 ^ _215476_/Y (AO21x2_ASAP7_75t_R)
  26.58 6280.08 ^ _215478_/Y (AND2x2_ASAP7_75t_R)
  29.44 6309.52 ^ _215729_/Y (OA31x2_ASAP7_75t_R)
  15.57 6325.09 v _215748_/Y (AOI211x1_ASAP7_75t_R)
  37.27 6362.36 v _215777_/Y (OR4x2_ASAP7_75t_R)
  39.75 6402.11 v _215781_/Y (AO32x2_ASAP7_75t_R)
  53.51 6455.62 v _215787_/Y (OR3x2_ASAP7_75t_R)
  52.82 6508.44 v _215869_/Y (OA21x2_ASAP7_75t_R)
  29.60 6538.05 v _215888_/Y (AND2x2_ASAP7_75t_R)
  32.20 6570.25 v _215889_/Y (XNOR2x2_ASAP7_75t_R)
  33.95 6604.19 v _216007_/Y (XNOR2x1_ASAP7_75t_R)
  22.91 6627.10 ^ _216008_/Y (NAND3x1_ASAP7_75t_R)
  21.90 6649.00 v _216182_/Y (AOI211x1_ASAP7_75t_R)
  55.33 6704.33 v _216196_/Y (OR5x2_ASAP7_75t_R)
  56.07 6760.40 ^ _216251_/Y (NAND2x1_ASAP7_75t_R)
  30.17 6790.56 ^ _216252_/Y (AO21x2_ASAP7_75t_R)
  30.37 6820.93 ^ _216253_/Y (XNOR2x2_ASAP7_75t_R)
  27.60 6848.53 ^ _216254_/Y (AND2x2_ASAP7_75t_R)
  20.59 6869.12 ^ _216255_/Y (AO21x1_ASAP7_75t_R)
  20.90 6890.03 ^ _216261_/Y (OA211x2_ASAP7_75t_R)
  69.99 6960.02 ^ _216360_/Y (AO221x1_ASAP7_75t_R)
  23.00 6983.01 v _216362_/Y (INVx6_ASAP7_75t_R)
  89.01 7072.03 ^ _216545_/Y (NAND2x1_ASAP7_75t_R)
  37.31 7109.34 ^ _216628_/Y (OA21x2_ASAP7_75t_R)
  34.38 7143.72 v _216629_/Y (XNOR2x2_ASAP7_75t_R)
  28.17 7171.89 v _216843_/Y (OR2x4_ASAP7_75t_R)
  23.70 7195.59 v _216846_/Y (OA222x2_ASAP7_75t_R)
  22.80 7218.39 v _216851_/Y (AO221x1_ASAP7_75t_R)
  43.30 7261.68 v _216876_/Y (AO221x1_ASAP7_75t_R)
  43.55 7305.23 v _216887_/Y (AND3x2_ASAP7_75t_R)
  68.57 7373.80 ^ _216996_/Y (NAND2x2_ASAP7_75t_R)
  42.10 7415.90 ^ _217076_/Y (OA21x2_ASAP7_75t_R)
  23.95 7439.86 ^ _217107_/Y (XNOR2x2_ASAP7_75t_R)
  41.93 7481.79 ^ _217265_/Y (AND5x1_ASAP7_75t_R)
  36.98 7518.77 ^ _217277_/Y (AND5x1_ASAP7_75t_R)
  31.55 7550.31 ^ _217278_/Y (OA211x2_ASAP7_75t_R)
  45.89 7596.21 v _217284_/Y (AOI211x1_ASAP7_75t_R)
 109.67 7705.88 ^ _217285_/Y (NAND2x2_ASAP7_75t_R)
  40.57 7746.45 ^ _217578_/Y (OA21x2_ASAP7_75t_R)
  37.61 7784.06 v _217579_/Y (XNOR2x2_ASAP7_75t_R)
  37.05 7821.11 ^ _217695_/Y (NAND2x1_ASAP7_75t_R)
  31.64 7852.76 ^ _217699_/Y (AO211x2_ASAP7_75t_R)
  28.09 7880.85 ^ _217700_/Y (AO31x2_ASAP7_75t_R)
  45.60 7926.44 ^ _217715_/Y (AO21x2_ASAP7_75t_R)
  53.63 7980.07 v _217716_/Y (NAND2x2_ASAP7_75t_R)
  52.44 8032.51 v _218014_/Y (OA21x2_ASAP7_75t_R)
  28.10 8060.62 ^ _218015_/Y (XNOR2x2_ASAP7_75t_R)
  30.42 8091.04 v _218016_/Y (XNOR2x2_ASAP7_75t_R)
  36.08 8127.11 v _218022_/Y (OA211x2_ASAP7_75t_R)
  28.22 8155.33 v _218131_/Y (AO21x1_ASAP7_75t_R)
  32.85 8188.18 v _218149_/Y (OA21x2_ASAP7_75t_R)
  81.58 8269.76 v _218150_/Y (OR3x2_ASAP7_75t_R)
  30.35 8300.11 ^ _218207_/Y (OAI21x1_ASAP7_75t_R)
  42.40 8342.51 ^ _218208_/Y (XOR2x2_ASAP7_75t_R)
  31.19 8373.70 ^ _218236_/Y (XNOR2x2_ASAP7_75t_R)
  20.63 8394.32 ^ _218242_/Y (AND3x1_ASAP7_75t_R)
  14.84 8409.17 v _218244_/Y (NAND2x1_ASAP7_75t_R)
  26.50 8435.67 ^ _218285_/Y (OAI22x1_ASAP7_75t_R)
 142.85 8578.51 v _218562_/Y (AOI211x1_ASAP7_75t_R)
  74.35 8652.86 ^ _218680_/Y (OAI21x1_ASAP7_75t_R)
  29.37 8682.24 ^ _218682_/Y (AND2x2_ASAP7_75t_R)
  23.39 8705.63 ^ _218683_/Y (XNOR2x2_ASAP7_75t_R)
  37.42 8743.05 ^ _218684_/Y (AND5x1_ASAP7_75t_R)
  32.57 8775.62 ^ _218852_/Y (AND4x1_ASAP7_75t_R)
  19.20 8794.81 ^ _218871_/Y (AO31x2_ASAP7_75t_R)
  41.49 8836.30 ^ _218918_/Y (AO211x2_ASAP7_75t_R)
  57.65 8893.95 v _218927_/Y (NOR2x2_ASAP7_75t_R)
  48.50 8942.45 v _219003_/Y (OR4x1_ASAP7_75t_R)
  27.70 8970.15 v _219005_/Y (OA211x2_ASAP7_75t_R)
  17.28 8987.44 v _219012_/Y (AO31x2_ASAP7_75t_R)
  21.46 9008.90 v _219030_/Y (OR3x1_ASAP7_75t_R)
  23.63 9032.53 ^ _219031_/Y (NAND2x1_ASAP7_75t_R)
  33.26 9065.79 ^ _219212_/Y (AND4x1_ASAP7_75t_R)
  25.20 9090.98 ^ _219221_/Y (OR4x1_ASAP7_75t_R)
  50.06 9141.04 v _219222_/Y (OAI21x1_ASAP7_75t_R)
  67.84 9208.88 v _219302_/Y (AND2x2_ASAP7_75t_R)
  41.57 9250.45 ^ _219314_/Y (AOI211x1_ASAP7_75t_R)
  45.30 9295.75 v _219315_/Y (XNOR2x2_ASAP7_75t_R)
  36.90 9332.65 v _219653_/Y (OA211x2_ASAP7_75t_R)
  28.08 9360.74 v _219655_/Y (OA222x2_ASAP7_75t_R)
  91.46 9452.20 v _219690_/Y (AO221x1_ASAP7_75t_R)
  99.27 9551.47 ^ _219718_/Y (NAND2x2_ASAP7_75t_R)
  38.26 9589.73 v _219988_/Y (AOI221x1_ASAP7_75t_R)
  39.18 9628.90 v _219992_/Y (OA33x2_ASAP7_75t_R)
  20.42 9649.32 ^ _220017_/Y (AOI21x1_ASAP7_75t_R)
  37.96 9687.28 ^ _220031_/Y (OA33x2_ASAP7_75t_R)
  14.29 9701.57 v _220033_/Y (OAI21x1_ASAP7_75t_R)
  30.17 9731.74 v _220096_/Y (AO31x2_ASAP7_75t_R)
  36.51 9768.25 v _220129_/Y (AO211x2_ASAP7_75t_R)
  67.14 9835.39 v _220162_/Y (AO21x2_ASAP7_75t_R)
  57.53 9892.92 v _220341_/Y (AO21x2_ASAP7_75t_R)
  30.09 9923.01 v _220343_/Y (AND2x2_ASAP7_75t_R)
  23.13 9946.13 ^ _220461_/Y (OAI21x1_ASAP7_75t_R)
  37.85 9983.98 ^ _220467_/Y (AND5x1_ASAP7_75t_R)
  30.72 10014.70 ^ _220661_/Y (AO32x2_ASAP7_75t_R)
  35.08 10049.79 ^ _220664_/Y (OA31x2_ASAP7_75t_R)
  68.48 10118.27 ^ _220695_/Y (OR3x2_ASAP7_75t_R)
  70.81 10189.08 ^ _220861_/Y (OA21x2_ASAP7_75t_R)
  17.80 10206.87 ^ _220880_/Y (OA21x2_ASAP7_75t_R)
  12.18 10219.06 v _220893_/Y (NOR3x1_ASAP7_75t_R)
  37.00 10256.06 v _220894_/Y (OR4x1_ASAP7_75t_R)
  23.16 10279.21 v _220901_/Y (AO21x1_ASAP7_75t_R)
  25.08 10304.29 v _220910_/Y (AO21x2_ASAP7_75t_R)
  48.71 10353.01 v _221032_/Y (AO32x1_ASAP7_75t_R)
  65.61 10418.62 ^ _221087_/Y (NAND2x2_ASAP7_75t_R)
  55.90 10474.51 ^ _221108_/Y (OA22x2_ASAP7_75t_R)
  39.06 10513.58 ^ _221291_/Y (XNOR2x2_ASAP7_75t_R)
  32.23 10545.81 ^ _221294_/Y (AND4x2_ASAP7_75t_R)
  20.24 10566.05 ^ _221517_/Y (AND2x2_ASAP7_75t_R)
  14.05 10580.10 v _221532_/Y (AOI21x1_ASAP7_75t_R)
  32.93 10613.03 v _221571_/Y (AO221x1_ASAP7_75t_R)
  38.33 10651.35 v _221574_/Y (AO33x2_ASAP7_75t_R)
 118.12 10769.48 v _221575_/Y (AND3x1_ASAP7_75t_R)
  63.66 10833.14 v _221581_/Y (OR4x1_ASAP7_75t_R)
  35.15 10868.29 v _221583_/Y (AND3x1_ASAP7_75t_R)
  31.05 10899.34 v _221585_/Y (XNOR2x2_ASAP7_75t_R)
  25.34 10924.68 v _221598_/Y (AO211x2_ASAP7_75t_R)
  35.17 10959.85 v _221785_/Y (OR3x2_ASAP7_75t_R)
  44.32 11004.17 ^ _221849_/Y (NAND2x2_ASAP7_75t_R)
  66.84 11071.02 ^ _222157_/Y (OR3x2_ASAP7_75t_R)
  33.29 11104.30 ^ _222175_/Y (AND3x1_ASAP7_75t_R)
  41.82 11146.13 ^ _222176_/Y (XNOR2x2_ASAP7_75t_R)
  38.85 11184.98 v _222177_/Y (XNOR2x2_ASAP7_75t_R)
  27.14 11212.12 v _222178_/Y (AND5x2_ASAP7_75t_R)
  18.92 11231.04 v _222221_/Y (AND2x2_ASAP7_75t_R)
  19.31 11250.36 v _222230_/Y (AO21x2_ASAP7_75t_R)
  35.13 11285.48 v _222272_/Y (AO221x2_ASAP7_75t_R)
  25.58 11311.06 v _222273_/Y (AO21x2_ASAP7_75t_R)
 107.77 11418.83 v _222374_/Y (AO21x1_ASAP7_75t_R)
  77.82 11496.65 v _222701_/Y (OA211x2_ASAP7_75t_R)
  32.91 11529.56 v _222709_/Y (OR5x1_ASAP7_75t_R)
  23.11 11552.67 v _222716_/Y (OA21x2_ASAP7_75t_R)
  19.97 11572.64 v _222721_/Y (AND3x2_ASAP7_75t_R)
  27.35 11599.99 v _222722_/Y (OA31x2_ASAP7_75t_R)
  54.79 11654.77 v _222723_/Y (OR4x1_ASAP7_75t_R)
  80.73 11735.50 v _222856_/Y (AO21x2_ASAP7_75t_R)
  56.87 11792.38 v _223087_/Y (AND2x2_ASAP7_75t_R)
  36.36 11828.73 ^ _223088_/Y (XOR2x2_ASAP7_75t_R)
  26.88 11855.61 ^ _223089_/Y (XNOR2x2_ASAP7_75t_R)
  35.68 11891.29 ^ _223171_/Y (AND5x1_ASAP7_75t_R)
  37.20 11928.49 v _223178_/Y (AOI221x1_ASAP7_75t_R)
  39.10 11967.59 v _223188_/Y (OA21x2_ASAP7_75t_R)
 102.96 12070.56 v _223343_/Y (OA211x2_ASAP7_75t_R)
  56.24 12126.80 v _223434_/Y (OR3x1_ASAP7_75t_R)
  21.07 12147.87 v _223789_/Y (AND2x2_ASAP7_75t_R)
  21.60 12169.47 v _223790_/Y (XNOR2x1_ASAP7_75t_R)
  41.04 12210.51 v _223794_/Y (OR5x1_ASAP7_75t_R)
  38.35 12248.86 v _223795_/Y (OR4x1_ASAP7_75t_R)
  27.32 12276.17 v _223882_/Y (OA31x2_ASAP7_75t_R)
  44.98 12321.16 v _223883_/Y (OA211x2_ASAP7_75t_R)
  34.75 12355.91 v _223927_/Y (AND2x4_ASAP7_75t_R)
  49.68 12405.59 ^ _224049_/Y (AOI22x1_ASAP7_75t_R)
  26.12 12431.71 ^ _224050_/Y (XNOR2x1_ASAP7_75t_R)
  35.55 12467.26 ^ _224061_/Y (AND5x1_ASAP7_75t_R)
  58.64 12525.89 v _224146_/Y (AOI221x1_ASAP7_75t_R)
  47.00 12572.89 ^ _224355_/Y (OAI21x1_ASAP7_75t_R)
  26.37 12599.27 ^ _224356_/Y (AND4x1_ASAP7_75t_R)
  63.78 12663.05 ^ _224360_/Y (OR4x2_ASAP7_75t_R)
  87.20 12750.24 v _224402_/Y (INVx1_ASAP7_75t_R)
  20.14 12770.38 ^ _224406_/Y (AOI21x1_ASAP7_75t_R)
  49.46 12819.84 ^ _224409_/Y (AND5x1_ASAP7_75t_R)
  32.33 12852.17 v _224410_/Y (XNOR2x2_ASAP7_75t_R)
  18.06 12870.24 ^ _224411_/Y (AOI211x1_ASAP7_75t_R)
  31.51 12901.75 ^ _224428_/Y (AND2x2_ASAP7_75t_R)
 100.65 13002.40 v _224840_/Y (AOI211x1_ASAP7_75t_R)
  58.48 13060.88 v _224913_/Y (AND2x2_ASAP7_75t_R)
  17.85 13078.73 v _224914_/Y (OA21x2_ASAP7_75t_R)
  18.09 13096.81 v _224915_/Y (OA21x2_ASAP7_75t_R)
  33.01 13129.82 v _224916_/Y (AO221x1_ASAP7_75t_R)
  28.02 13157.83 v _224917_/Y (MAJx2_ASAP7_75t_R)
  19.41 13177.25 v _224929_/Y (AO21x1_ASAP7_75t_R)
  16.07 13193.32 v _224943_/Y (AO21x1_ASAP7_75t_R)
  17.98 13211.31 v _224948_/Y (AO21x1_ASAP7_75t_R)
  28.74 13240.05 v _225034_/Y (AO21x2_ASAP7_75t_R)
  45.54 13285.58 v _225249_/Y (AO21x2_ASAP7_75t_R)
  68.32 13353.90 ^ _225319_/Y (NAND2x2_ASAP7_75t_R)
  33.58 13387.48 ^ _225320_/Y (AO22x1_ASAP7_75t_R)
  24.35 13411.83 ^ _225322_/Y (AO21x2_ASAP7_75t_R)
  20.35 13432.18 ^ _225323_/Y (AO221x1_ASAP7_75t_R)
  31.65 13463.83 ^ _225326_/Y (OA211x2_ASAP7_75t_R)
  33.42 13497.25 ^ _225330_/Y (AO221x2_ASAP7_75t_R)
  24.64 13521.89 ^ _225341_/Y (AO21x2_ASAP7_75t_R)
  29.84 13551.73 ^ _225351_/Y (AO22x2_ASAP7_75t_R)
  71.22 13622.95 v _225594_/Y (AOI211x1_ASAP7_75t_R)
  99.64 13722.60 ^ _225595_/Y (NAND2x2_ASAP7_75t_R)
  45.68 13768.28 ^ _225671_/Y (OA211x2_ASAP7_75t_R)
  31.05 13799.33 ^ _225684_/Y (AND3x2_ASAP7_75t_R)
  25.28 13824.61 ^ _225685_/Y (OA22x2_ASAP7_75t_R)
  28.45 13853.06 ^ _225689_/Y (MAJx2_ASAP7_75t_R)
  25.67 13878.73 ^ _225690_/Y (MAJx2_ASAP7_75t_R)
  23.93 13902.66 v _225704_/Y (AOI21x1_ASAP7_75t_R)
  29.00 13931.66 ^ _225734_/Y (OAI21x1_ASAP7_75t_R)
  25.19 13956.85 ^ _225812_/Y (AND3x1_ASAP7_75t_R)
 113.16 14070.02 ^ _225945_/Y (OR5x1_ASAP7_75t_R)
  48.64 14118.66 ^ _226108_/Y (OA21x2_ASAP7_75t_R)
  18.90 14137.56 ^ _226109_/Y (AO221x1_ASAP7_75t_R)
  23.26 14160.82 ^ _226110_/Y (MAJx2_ASAP7_75t_R)
  18.20 14179.02 ^ _226111_/Y (AO21x1_ASAP7_75t_R)
  23.11 14202.12 ^ _226112_/Y (AO32x1_ASAP7_75t_R)
  39.84 14241.96 ^ _226115_/Y (AO22x1_ASAP7_75t_R)
  27.02 14268.98 v _226127_/Y (AOI21x1_ASAP7_75t_R)
  36.81 14305.79 ^ _226148_/Y (OAI22x1_ASAP7_75t_R)
  25.88 14331.68 ^ _226158_/Y (AO21x1_ASAP7_75t_R)
  27.29 14358.97 ^ _226160_/Y (AO22x2_ASAP7_75t_R)
  91.88 14450.85 ^ _226252_/Y (AO21x1_ASAP7_75t_R)
  17.69 14468.54 v _226384_/Y (NAND2x1_ASAP7_75t_R)
  32.81 14501.35 v _226388_/Y (AO222x2_ASAP7_75t_R)
  31.82 14533.18 v _226389_/Y (OA211x2_ASAP7_75t_R)
  22.60 14555.77 v _226390_/Y (MAJx2_ASAP7_75t_R)
  20.79 14576.57 v _226391_/Y (MAJx2_ASAP7_75t_R)
  20.18 14596.75 v _226392_/Y (MAJx2_ASAP7_75t_R)
  33.17 14629.92 v _226393_/Y (AO222x2_ASAP7_75t_R)
  20.18 14650.10 v _226415_/Y (AO21x1_ASAP7_75t_R)
  20.07 14670.17 v _226416_/Y (AO22x1_ASAP7_75t_R)
  22.13 14692.30 v _226425_/Y (AO21x2_ASAP7_75t_R)
  60.49 14752.79 v _226552_/Y (AO21x2_ASAP7_75t_R)
 228.13 14980.92 ^ _226668_/Y (NAND2x2_ASAP7_75t_R)
 115.78 15096.71 ^ _226680_/Y (OR3x2_ASAP7_75t_R)
  41.22 15137.93 ^ _226685_/Y (AND2x4_ASAP7_75t_R)
  58.80 15196.73 v _226736_/Y (XNOR2x2_ASAP7_75t_R)
  28.96 15225.69 v _226773_/Y (OR3x1_ASAP7_75t_R)
  47.08 15272.77 ^ _226775_/Y (AOI21x1_ASAP7_75t_R)
  45.33 15318.10 v _226776_/Y (NOR2x2_ASAP7_75t_R)
  79.48 15397.58 v _226777_/Y (AO32x1_ASAP7_75t_R)
 120.91 15518.49 ^ _227106_/Y (XNOR2x1_ASAP7_75t_R)
  53.31 15571.79 ^ _228542_/Y (AO32x1_ASAP7_75t_R)
  84.55 15656.34 ^ _228577_/Y (AO32x1_ASAP7_75t_R)
  53.68 15710.02 v _228823_/Y (NOR3x1_ASAP7_75t_R)
  36.69 15746.71 v _228824_/Y (AO32x1_ASAP7_75t_R)
  30.88 15777.60 v _228836_/Y (AO222x2_ASAP7_75t_R)
  29.42 15807.02 v _228869_/Y (OR5x1_ASAP7_75t_R)
  35.42 15842.43 v _228909_/Y (OR5x1_ASAP7_75t_R)
  35.55 15877.99 v _229076_/Y (AO32x1_ASAP7_75t_R)
  37.28 15915.27 v _229116_/Y (AO32x2_ASAP7_75t_R)
  26.65 15941.92 v _229223_/Y (AND5x2_ASAP7_75t_R)
  22.56 15964.47 v _229304_/Y (AND3x2_ASAP7_75t_R)
  23.31 15987.79 v _229305_/Y (AND4x2_ASAP7_75t_R)
  15.69 16003.47 v _229409_/Y (AND3x1_ASAP7_75t_R)
  18.91 16022.39 v _229419_/Y (OA31x2_ASAP7_75t_R)
  23.75 16046.13 v _229424_/Y (OA21x2_ASAP7_75t_R)
  45.81 16091.94 v _238033_/Y (OA211x2_ASAP7_75t_R)
  34.16 16126.10 v _241101_/Y (AO31x2_ASAP7_75t_R)
  71.43 16197.53 v _241194_/Y (AO221x1_ASAP7_75t_R)
 173.32 16370.85 ^ _241196_/Y (NAND2x2_ASAP7_75t_R)
  88.37 16459.22 v _241197_/Y (INVx2_ASAP7_75t_R)
  53.44 16512.66 v _253544_/Y (AO21x1_ASAP7_75t_R)
  14.90 16527.56 v _253545_/Y (AND2x2_ASAP7_75t_R)
   0.13 16527.69 v _378108_/D (DFFHQNx1_ASAP7_75t_R)
        16527.69   data arrival time

12000.00 12000.00   clock core_clk (rise edge)
   0.00 12000.00   clock source latency
   0.00 12000.00 ^ clk (in)
  51.21 12051.21 ^ wire5675/Y (BUFx12_ASAP7_75t_R)
  50.67 12101.89 ^ clkbuf_0_clk/Y (BUFx24_ASAP7_75t_R)
  26.15 12128.04 ^ clkbuf_1_1_0_clk/Y (BUFx24_ASAP7_75t_R)
  24.91 12152.95 ^ clkbuf_2_2_0_clk/Y (BUFx24_ASAP7_75t_R)
  27.24 12180.19 ^ clkbuf_3_5_0_clk/Y (BUFx24_ASAP7_75t_R)
  25.96 12206.15 ^ clkbuf_4_11_0_clk/Y (BUFx24_ASAP7_75t_R)
  27.00 12233.15 ^ clkbuf_6_45__f_clk/Y (BUFx24_ASAP7_75t_R)
  26.21 12259.37 ^ clkbuf_leaf_570_clk/Y (BUFx24_ASAP7_75t_R)
   1.34 12260.70 ^ _378108_/CLK (DFFHQNx1_ASAP7_75t_R)
 -50.00 12210.70   clock uncertainty
   2.39 12213.09   clock reconvergence pessimism
  -0.26 12212.83   library setup time
        12212.83   data required time
---------------------------------------------------------
        12212.83   data required time
        -16527.69   data arrival time
---------------------------------------------------------
        -4314.85   slack (VIOLATED)


Startpoint: _369487_ (rising edge-triggered flip-flop clocked by core_clk)
Endpoint: _378108_ (rising edge-triggered flip-flop clocked by core_clk)
Path Group: reg2reg
Path Type: max

  Delay    Time   Description
---------------------------------------------------------
   0.00    0.00   clock core_clk (rise edge)
   0.00    0.00   clock source latency
   0.00    0.00 ^ clk (in)
  51.99   51.99 ^ wire5675/Y (BUFx12_ASAP7_75t_R)
  52.29  104.28 ^ clkbuf_0_clk/Y (BUFx24_ASAP7_75t_R)
  27.06  131.33 ^ clkbuf_1_0_0_clk/Y (BUFx24_ASAP7_75t_R)
  26.85  158.18 ^ clkbuf_2_1_0_clk/Y (BUFx24_ASAP7_75t_R)
  28.86  187.04 ^ clkbuf_3_3_0_clk/Y (BUFx24_ASAP7_75t_R)
  30.02  217.07 ^ clkbuf_4_7_0_clk/Y (BUFx24_ASAP7_75t_R)
  29.08  246.15 ^ clkbuf_6_30__f_clk/Y (BUFx24_ASAP7_75t_R)
  33.58  279.73 ^ clkbuf_leaf_368_clk/Y (BUFx24_ASAP7_75t_R)
   3.20  282.92 ^ _369487_/CLK (DFFHQNx1_ASAP7_75t_R)
  81.75  364.68 v _369487_/QN (DFFHQNx1_ASAP7_75t_R)
 117.22  481.90 v _184248_/Y (OR4x2_ASAP7_75t_R)
 163.68  645.58 ^ _184249_/Y (NAND3x1_ASAP7_75t_R)
  86.57  732.14 v _184434_/Y (AOI21x1_ASAP7_75t_R)
  78.49  810.64 v _184438_/Y (OR3x1_ASAP7_75t_R)
  60.40  871.03 ^ _184457_/Y (AOI21x1_ASAP7_75t_R)
  39.14  910.17 ^ max_cap4622/Y (BUFx12_ASAP7_75t_R)
  24.73  934.91 ^ max_cap4621/Y (BUFx12_ASAP7_75t_R)
  31.59  966.49 ^ load_slew4620/Y (BUFx6f_ASAP7_75t_R)
  23.60  990.09 ^ wire4619/Y (BUFx12f_ASAP7_75t_R)
  32.21 1022.30 ^ max_cap4618/Y (BUFx10_ASAP7_75t_R)
  29.02 1051.32 ^ max_cap4612/Y (BUFx12_ASAP7_75t_R)
  34.32 1085.64 ^ wire4609/Y (BUFx12f_ASAP7_75t_R)
  29.55 1115.19 ^ load_slew4607/Y (BUFx12f_ASAP7_75t_R)
 120.66 1235.85 ^ _184934_/Y (OR3x1_ASAP7_75t_R)
  79.52 1315.37 ^ _185378_/Y (OR2x2_ASAP7_75t_R)
  21.21 1336.58 ^ _185399_/Y (AND4x1_ASAP7_75t_R)
  38.30 1374.88 ^ _185400_/Y (AND4x2_ASAP7_75t_R)
  95.55 1470.43 ^ _185414_/Y (OA222x2_ASAP7_75t_R)
  80.33 1550.76 v _185565_/Y (NAND2x1_ASAP7_75t_R)
  49.69 1600.45 v _186054_/Y (OR5x1_ASAP7_75t_R)
  49.59 1650.03 v _188459_/Y (OR4x2_ASAP7_75t_R)
  66.04 1716.07 v _211565_/Y (AND4x2_ASAP7_75t_R)
  30.31 1746.38 v load_slew2798/Y (BUFx16f_ASAP7_75t_R)
  43.33 1789.71 v load_slew2797/Y (BUFx16f_ASAP7_75t_R)
  35.87 1825.58 v load_slew2796/Y (BUFx16f_ASAP7_75t_R)
  69.03 1894.61 v wire2795/Y (BUFx16f_ASAP7_75t_R)
  24.24 1918.86 v load_slew2794/Y (BUFx16f_ASAP7_75t_R)
  55.74 1974.59 v wire2793/Y (BUFx16f_ASAP7_75t_R)
  79.57 2054.17 v _211844_/Y (AND2x4_ASAP7_75t_R)
  30.08 2084.25 v wire2553/Y (BUFx16f_ASAP7_75t_R)
  78.91 2163.16 v load_slew2552/Y (BUFx16f_ASAP7_75t_R)
 118.99 2282.15 v _211850_/Y (OR4x1_ASAP7_75t_R)
  25.38 2307.53 v _211851_/Y (AND2x4_ASAP7_75t_R)
  17.24 2324.78 ^ _211863_/Y (NOR3x1_ASAP7_75t_R)
  30.46 2355.24 ^ _211864_/Y (AND4x2_ASAP7_75t_R)
   8.53 2363.77 v _211865_/Y (NAND3x1_ASAP7_75t_R)
  33.28 2397.05 v _211869_/Y (OA211x2_ASAP7_75t_R)
  20.81 2417.86 ^ _211879_/Y (AOI221x1_ASAP7_75t_R)
  37.89 2455.75 v _211916_/Y (AOI221x1_ASAP7_75t_R)
  34.29 2490.04 v _211994_/Y (AO21x2_ASAP7_75t_R)
  24.71 2514.75 ^ _212068_/Y (AOI221x1_ASAP7_75t_R)
  40.92 2555.67 v _212069_/Y (XNOR2x2_ASAP7_75t_R)
  49.13 2604.81 v _212079_/Y (AO32x1_ASAP7_75t_R)
  37.28 2642.08 v _212081_/Y (AO221x2_ASAP7_75t_R)
  33.14 2675.22 v _212140_/Y (AO21x2_ASAP7_75t_R)
  32.77 2708.00 ^ _212148_/Y (NAND2x2_ASAP7_75t_R)
  33.87 2741.87 ^ _212159_/Y (AO221x1_ASAP7_75t_R)
  30.04 2771.91 ^ _212174_/Y (AO22x2_ASAP7_75t_R)
  32.66 2804.57 v _212207_/Y (OAI21x1_ASAP7_75t_R)
  25.57 2830.14 ^ _212221_/Y (AOI21x1_ASAP7_75t_R)
  31.21 2861.35 ^ _212228_/Y (OA21x2_ASAP7_75t_R)
  26.23 2887.59 ^ _212263_/Y (XNOR2x2_ASAP7_75t_R)
  30.31 2917.90 ^ _212273_/Y (AO221x1_ASAP7_75t_R)
  27.36 2945.26 ^ _212358_/Y (MAJx2_ASAP7_75t_R)
  40.47 2985.73 v _212379_/Y (AOI211x1_ASAP7_75t_R)
  56.07 3041.79 ^ _212412_/Y (OAI21x1_ASAP7_75t_R)
  41.41 3083.21 ^ _212419_/Y (AO211x2_ASAP7_75t_R)
  25.93 3109.13 ^ _212421_/Y (OA33x2_ASAP7_75t_R)
  25.72 3134.86 v _212437_/Y (NOR3x1_ASAP7_75t_R)
  34.56 3169.41 ^ _212512_/Y (OAI21x1_ASAP7_75t_R)
  31.95 3201.36 ^ _212568_/Y (AO32x1_ASAP7_75t_R)
  22.00 3223.36 ^ _212584_/Y (AND3x1_ASAP7_75t_R)
  26.56 3249.92 ^ _212585_/Y (XNOR2x2_ASAP7_75t_R)
  37.09 3287.01 ^ _212597_/Y (MAJx2_ASAP7_75t_R)
  34.19 3321.21 v _212610_/Y (AOI211x1_ASAP7_75t_R)
  42.58 3363.79 v _212620_/Y (OA211x2_ASAP7_75t_R)
  40.55 3404.34 v _212641_/Y (OR2x2_ASAP7_75t_R)
  26.42 3430.77 v _212731_/Y (AO21x1_ASAP7_75t_R)
  20.15 3450.91 v _212733_/Y (AO22x1_ASAP7_75t_R)
  30.08 3480.99 ^ _212738_/Y (AOI221x1_ASAP7_75t_R)
  32.67 3513.66 ^ _212740_/Y (AO211x2_ASAP7_75t_R)
  34.65 3548.30 ^ _212753_/Y (AO21x1_ASAP7_75t_R)
  43.93 3592.23 ^ _212838_/Y (AO21x2_ASAP7_75t_R)
  27.90 3620.13 ^ _212901_/Y (AND3x1_ASAP7_75t_R)
  31.81 3651.94 v _212902_/Y (AOI21x1_ASAP7_75t_R)
  31.51 3683.46 ^ _212903_/Y (AOI22x1_ASAP7_75t_R)
  39.18 3722.63 ^ _212946_/Y (AND4x2_ASAP7_75t_R)
  24.62 3747.25 ^ _213006_/Y (OA211x2_ASAP7_75t_R)
  25.07 3772.32 ^ _213007_/Y (AO221x1_ASAP7_75t_R)
  20.55 3792.87 ^ _213008_/Y (AO21x2_ASAP7_75t_R)
  25.91 3818.77 ^ _213011_/Y (AND3x2_ASAP7_75t_R)
  34.12 3852.89 v _213012_/Y (XNOR2x2_ASAP7_75t_R)
  26.94 3879.83 v _213058_/Y (OA211x2_ASAP7_75t_R)
  30.20 3910.03 v _213060_/Y (OA211x2_ASAP7_75t_R)
  31.18 3941.21 v _213078_/Y (OR3x2_ASAP7_75t_R)
  27.61 3968.82 v _213197_/Y (AO211x2_ASAP7_75t_R)
  26.88 3995.70 v _213198_/Y (AND2x4_ASAP7_75t_R)
  27.47 4023.17 v _213230_/Y (AND2x2_ASAP7_75t_R)
  26.40 4049.57 v _213231_/Y (XNOR2x1_ASAP7_75t_R)
  29.91 4079.47 v _213232_/Y (XNOR2x1_ASAP7_75t_R)
  44.09 4123.57 v _213363_/Y (AO221x1_ASAP7_75t_R)
  38.78 4162.35 v _213368_/Y (OR5x1_ASAP7_75t_R)
  58.50 4220.84 v _213375_/Y (AO222x2_ASAP7_75t_R)
  33.13 4253.97 v _213494_/Y (AND2x4_ASAP7_75t_R)
  30.36 4284.34 v _213495_/Y (XNOR2x1_ASAP7_75t_R)
  38.09 4322.42 v _213524_/Y (AO32x1_ASAP7_75t_R)
  26.66 4349.08 ^ _213525_/Y (AOI211x1_ASAP7_75t_R)
  34.25 4383.33 ^ _213548_/Y (OA31x2_ASAP7_75t_R)
  37.41 4420.74 ^ _213564_/Y (AO211x2_ASAP7_75t_R)
  26.49 4447.23 ^ _213595_/Y (AND3x1_ASAP7_75t_R)
  26.24 4473.47 v _213596_/Y (XOR2x2_ASAP7_75t_R)
  22.45 4495.92 v _213605_/Y (AO21x1_ASAP7_75t_R)
  37.08 4533.00 v _213606_/Y (AO32x1_ASAP7_75t_R)
  31.94 4564.94 v _213625_/Y (AO21x2_ASAP7_75t_R)
  27.70 4592.64 v _213781_/Y (OA21x2_ASAP7_75t_R)
  41.78 4634.43 ^ _213794_/Y (OAI21x1_ASAP7_75t_R)
  42.88 4677.31 v _213835_/Y (NAND2x2_ASAP7_75t_R)
  36.85 4714.16 v _213973_/Y (AND2x2_ASAP7_75t_R)
  38.28 4752.44 ^ _213974_/Y (XNOR2x2_ASAP7_75t_R)
  22.92 4775.36 v _213984_/Y (AOI211x1_ASAP7_75t_R)
  37.61 4812.97 v _213988_/Y (OR4x2_ASAP7_75t_R)
  38.30 4851.27 v _213989_/Y (AO21x1_ASAP7_75t_R)
  59.80 4911.07 ^ _214007_/Y (NAND2x1_ASAP7_75t_R)
  41.74 4952.81 ^ _214009_/Y (AND2x4_ASAP7_75t_R)
  22.52 4975.32 ^ _214013_/Y (AND2x2_ASAP7_75t_R)
  36.11 5011.43 v _214014_/Y (XNOR2x2_ASAP7_75t_R)
  33.46 5044.89 v _214121_/Y (OA211x2_ASAP7_75t_R)
  18.77 5063.65 v _214139_/Y (AND4x1_ASAP7_75t_R)
  21.40 5085.06 v _214326_/Y (AO211x2_ASAP7_75t_R)
  49.96 5135.02 v _214333_/Y (OA21x2_ASAP7_75t_R)
  60.41 5195.44 v _214504_/Y (OA211x2_ASAP7_75t_R)
  29.67 5225.10 v _214505_/Y (XOR2x2_ASAP7_75t_R)
  20.14 5245.25 v _214529_/Y (AND3x1_ASAP7_75t_R)
  38.50 5283.75 v _214531_/Y (OR4x2_ASAP7_75t_R)
  17.34 5301.09 ^ _214543_/Y (AOI22x1_ASAP7_75t_R)
  20.49 5321.58 ^ _214544_/Y (AND2x4_ASAP7_75t_R)
  63.94 5385.52 ^ _214554_/Y (AO221x2_ASAP7_75t_R)
  51.28 5436.80 ^ _214722_/Y (AND5x1_ASAP7_75t_R)
  29.23 5466.03 v _214723_/Y (XOR2x2_ASAP7_75t_R)
  19.65 5485.69 v _214724_/Y (AND2x4_ASAP7_75t_R)
  15.97 5501.66 ^ _214850_/Y (INVx1_ASAP7_75t_R)
  31.91 5533.57 ^ _214852_/Y (AND4x1_ASAP7_75t_R)
  29.87 5563.43 ^ _214868_/Y (AND5x1_ASAP7_75t_R)
  22.72 5586.16 ^ _214869_/Y (AO32x1_ASAP7_75t_R)
  81.64 5667.80 ^ _214872_/Y (OA31x2_ASAP7_75t_R)
  42.50 5710.30 ^ _215078_/Y (AND2x2_ASAP7_75t_R)
  36.10 5746.39 v _215079_/Y (XNOR2x2_ASAP7_75t_R)
  34.42 5780.82 v _215122_/Y (OA221x2_ASAP7_75t_R)
  30.89 5811.71 v _215131_/Y (AO221x1_ASAP7_75t_R)
  37.11 5848.82 v _215139_/Y (AO22x2_ASAP7_75t_R)
  36.40 5885.21 v _215153_/Y (AO221x2_ASAP7_75t_R)
  53.03 5938.24 v _215160_/Y (AO21x2_ASAP7_75t_R)
  43.59 5981.83 v _215230_/Y (AO21x2_ASAP7_75t_R)
  20.05 6001.87 v _215231_/Y (AND2x4_ASAP7_75t_R)
  16.94 6018.81 v _215284_/Y (XNOR2x1_ASAP7_75t_R)
  38.74 6057.55 v _215285_/Y (OR5x1_ASAP7_75t_R)
  28.11 6085.66 ^ _215286_/Y (OAI22x1_ASAP7_75t_R)
  44.37 6130.03 ^ _215332_/Y (AO211x2_ASAP7_75t_R)
  52.27 6182.30 ^ _215466_/Y (AO211x2_ASAP7_75t_R)
  42.70 6225.00 ^ _215467_/Y (AND2x4_ASAP7_75t_R)
  28.50 6253.50 ^ _215476_/Y (AO21x2_ASAP7_75t_R)
  26.58 6280.08 ^ _215478_/Y (AND2x2_ASAP7_75t_R)
  29.44 6309.52 ^ _215729_/Y (OA31x2_ASAP7_75t_R)
  15.57 6325.09 v _215748_/Y (AOI211x1_ASAP7_75t_R)
  37.27 6362.36 v _215777_/Y (OR4x2_ASAP7_75t_R)
  39.75 6402.11 v _215781_/Y (AO32x2_ASAP7_75t_R)
  53.51 6455.62 v _215787_/Y (OR3x2_ASAP7_75t_R)
  52.82 6508.44 v _215869_/Y (OA21x2_ASAP7_75t_R)
  29.60 6538.05 v _215888_/Y (AND2x2_ASAP7_75t_R)
  32.20 6570.25 v _215889_/Y (XNOR2x2_ASAP7_75t_R)
  33.95 6604.19 v _216007_/Y (XNOR2x1_ASAP7_75t_R)
  22.91 6627.10 ^ _216008_/Y (NAND3x1_ASAP7_75t_R)
  21.90 6649.00 v _216182_/Y (AOI211x1_ASAP7_75t_R)
  55.33 6704.33 v _216196_/Y (OR5x2_ASAP7_75t_R)
  56.07 6760.40 ^ _216251_/Y (NAND2x1_ASAP7_75t_R)
  30.17 6790.56 ^ _216252_/Y (AO21x2_ASAP7_75t_R)
  30.37 6820.93 ^ _216253_/Y (XNOR2x2_ASAP7_75t_R)
  27.60 6848.53 ^ _216254_/Y (AND2x2_ASAP7_75t_R)
  20.59 6869.12 ^ _216255_/Y (AO21x1_ASAP7_75t_R)
  20.90 6890.03 ^ _216261_/Y (OA211x2_ASAP7_75t_R)
  69.99 6960.02 ^ _216360_/Y (AO221x1_ASAP7_75t_R)
  23.00 6983.01 v _216362_/Y (INVx6_ASAP7_75t_R)
  89.01 7072.03 ^ _216545_/Y (NAND2x1_ASAP7_75t_R)
  37.31 7109.34 ^ _216628_/Y (OA21x2_ASAP7_75t_R)
  34.38 7143.72 v _216629_/Y (XNOR2x2_ASAP7_75t_R)
  28.17 7171.89 v _216843_/Y (OR2x4_ASAP7_75t_R)
  23.70 7195.59 v _216846_/Y (OA222x2_ASAP7_75t_R)
  22.80 7218.39 v _216851_/Y (AO221x1_ASAP7_75t_R)
  43.30 7261.68 v _216876_/Y (AO221x1_ASAP7_75t_R)
  43.55 7305.23 v _216887_/Y (AND3x2_ASAP7_75t_R)
  68.57 7373.80 ^ _216996_/Y (NAND2x2_ASAP7_75t_R)
  42.10 7415.90 ^ _217076_/Y (OA21x2_ASAP7_75t_R)
  23.95 7439.86 ^ _217107_/Y (XNOR2x2_ASAP7_75t_R)
  41.93 7481.79 ^ _217265_/Y (AND5x1_ASAP7_75t_R)
  36.98 7518.77 ^ _217277_/Y (AND5x1_ASAP7_75t_R)
  31.55 7550.31 ^ _217278_/Y (OA211x2_ASAP7_75t_R)
  45.89 7596.21 v _217284_/Y (AOI211x1_ASAP7_75t_R)
 109.67 7705.88 ^ _217285_/Y (NAND2x2_ASAP7_75t_R)
  40.57 7746.45 ^ _217578_/Y (OA21x2_ASAP7_75t_R)
  37.61 7784.06 v _217579_/Y (XNOR2x2_ASAP7_75t_R)
  37.05 7821.11 ^ _217695_/Y (NAND2x1_ASAP7_75t_R)
  31.64 7852.76 ^ _217699_/Y (AO211x2_ASAP7_75t_R)
  28.09 7880.85 ^ _217700_/Y (AO31x2_ASAP7_75t_R)
  45.60 7926.44 ^ _217715_/Y (AO21x2_ASAP7_75t_R)
  53.63 7980.07 v _217716_/Y (NAND2x2_ASAP7_75t_R)
  52.44 8032.51 v _218014_/Y (OA21x2_ASAP7_75t_R)
  28.10 8060.62 ^ _218015_/Y (XNOR2x2_ASAP7_75t_R)
  30.42 8091.04 v _218016_/Y (XNOR2x2_ASAP7_75t_R)
  36.08 8127.11 v _218022_/Y (OA211x2_ASAP7_75t_R)
  28.22 8155.33 v _218131_/Y (AO21x1_ASAP7_75t_R)
  32.85 8188.18 v _218149_/Y (OA21x2_ASAP7_75t_R)
  81.58 8269.76 v _218150_/Y (OR3x2_ASAP7_75t_R)
  30.35 8300.11 ^ _218207_/Y (OAI21x1_ASAP7_75t_R)
  42.40 8342.51 ^ _218208_/Y (XOR2x2_ASAP7_75t_R)
  31.19 8373.70 ^ _218236_/Y (XNOR2x2_ASAP7_75t_R)
  20.63 8394.32 ^ _218242_/Y (AND3x1_ASAP7_75t_R)
  14.84 8409.17 v _218244_/Y (NAND2x1_ASAP7_75t_R)
  26.50 8435.67 ^ _218285_/Y (OAI22x1_ASAP7_75t_R)
 142.85 8578.51 v _218562_/Y (AOI211x1_ASAP7_75t_R)
  74.35 8652.86 ^ _218680_/Y (OAI21x1_ASAP7_75t_R)
  29.37 8682.24 ^ _218682_/Y (AND2x2_ASAP7_75t_R)
  23.39 8705.63 ^ _218683_/Y (XNOR2x2_ASAP7_75t_R)
  37.42 8743.05 ^ _218684_/Y (AND5x1_ASAP7_75t_R)
  32.57 8775.62 ^ _218852_/Y (AND4x1_ASAP7_75t_R)
  19.20 8794.81 ^ _218871_/Y (AO31x2_ASAP7_75t_R)
  41.49 8836.30 ^ _218918_/Y (AO211x2_ASAP7_75t_R)
  57.65 8893.95 v _218927_/Y (NOR2x2_ASAP7_75t_R)
  48.50 8942.45 v _219003_/Y (OR4x1_ASAP7_75t_R)
  27.70 8970.15 v _219005_/Y (OA211x2_ASAP7_75t_R)
  17.28 8987.44 v _219012_/Y (AO31x2_ASAP7_75t_R)
  21.46 9008.90 v _219030_/Y (OR3x1_ASAP7_75t_R)
  23.63 9032.53 ^ _219031_/Y (NAND2x1_ASAP7_75t_R)
  33.26 9065.79 ^ _219212_/Y (AND4x1_ASAP7_75t_R)
  25.20 9090.98 ^ _219221_/Y (OR4x1_ASAP7_75t_R)
  50.06 9141.04 v _219222_/Y (OAI21x1_ASAP7_75t_R)
  67.84 9208.88 v _219302_/Y (AND2x2_ASAP7_75t_R)
  41.57 9250.45 ^ _219314_/Y (AOI211x1_ASAP7_75t_R)
  45.30 9295.75 v _219315_/Y (XNOR2x2_ASAP7_75t_R)
  36.90 9332.65 v _219653_/Y (OA211x2_ASAP7_75t_R)
  28.08 9360.74 v _219655_/Y (OA222x2_ASAP7_75t_R)
  91.46 9452.20 v _219690_/Y (AO221x1_ASAP7_75t_R)
  99.27 9551.47 ^ _219718_/Y (NAND2x2_ASAP7_75t_R)
  38.26 9589.73 v _219988_/Y (AOI221x1_ASAP7_75t_R)
  39.18 9628.90 v _219992_/Y (OA33x2_ASAP7_75t_R)
  20.42 9649.32 ^ _220017_/Y (AOI21x1_ASAP7_75t_R)
  37.96 9687.28 ^ _220031_/Y (OA33x2_ASAP7_75t_R)
  14.29 9701.57 v _220033_/Y (OAI21x1_ASAP7_75t_R)
  30.17 9731.74 v _220096_/Y (AO31x2_ASAP7_75t_R)
  36.51 9768.25 v _220129_/Y (AO211x2_ASAP7_75t_R)
  67.14 9835.39 v _220162_/Y (AO21x2_ASAP7_75t_R)
  57.53 9892.92 v _220341_/Y (AO21x2_ASAP7_75t_R)
  30.09 9923.01 v _220343_/Y (AND2x2_ASAP7_75t_R)
  23.13 9946.13 ^ _220461_/Y (OAI21x1_ASAP7_75t_R)
  37.85 9983.98 ^ _220467_/Y (AND5x1_ASAP7_75t_R)
  30.72 10014.70 ^ _220661_/Y (AO32x2_ASAP7_75t_R)
  35.08 10049.79 ^ _220664_/Y (OA31x2_ASAP7_75t_R)
  68.48 10118.27 ^ _220695_/Y (OR3x2_ASAP7_75t_R)
  70.81 10189.08 ^ _220861_/Y (OA21x2_ASAP7_75t_R)
  17.80 10206.87 ^ _220880_/Y (OA21x2_ASAP7_75t_R)
  12.18 10219.06 v _220893_/Y (NOR3x1_ASAP7_75t_R)
  37.00 10256.06 v _220894_/Y (OR4x1_ASAP7_75t_R)
  23.16 10279.21 v _220901_/Y (AO21x1_ASAP7_75t_R)
  25.08 10304.29 v _220910_/Y (AO21x2_ASAP7_75t_R)
  48.71 10353.01 v _221032_/Y (AO32x1_ASAP7_75t_R)
  65.61 10418.62 ^ _221087_/Y (NAND2x2_ASAP7_75t_R)
  55.90 10474.51 ^ _221108_/Y (OA22x2_ASAP7_75t_R)
  39.06 10513.58 ^ _221291_/Y (XNOR2x2_ASAP7_75t_R)
  32.23 10545.81 ^ _221294_/Y (AND4x2_ASAP7_75t_R)
  20.24 10566.05 ^ _221517_/Y (AND2x2_ASAP7_75t_R)
  14.05 10580.10 v _221532_/Y (AOI21x1_ASAP7_75t_R)
  32.93 10613.03 v _221571_/Y (AO221x1_ASAP7_75t_R)
  38.33 10651.35 v _221574_/Y (AO33x2_ASAP7_75t_R)
 118.12 10769.48 v _221575_/Y (AND3x1_ASAP7_75t_R)
  63.66 10833.14 v _221581_/Y (OR4x1_ASAP7_75t_R)
  35.15 10868.29 v _221583_/Y (AND3x1_ASAP7_75t_R)
  31.05 10899.34 v _221585_/Y (XNOR2x2_ASAP7_75t_R)
  25.34 10924.68 v _221598_/Y (AO211x2_ASAP7_75t_R)
  35.17 10959.85 v _221785_/Y (OR3x2_ASAP7_75t_R)
  44.32 11004.17 ^ _221849_/Y (NAND2x2_ASAP7_75t_R)
  66.84 11071.02 ^ _222157_/Y (OR3x2_ASAP7_75t_R)
  33.29 11104.30 ^ _222175_/Y (AND3x1_ASAP7_75t_R)
  41.82 11146.13 ^ _222176_/Y (XNOR2x2_ASAP7_75t_R)
  38.85 11184.98 v _222177_/Y (XNOR2x2_ASAP7_75t_R)
  27.14 11212.12 v _222178_/Y (AND5x2_ASAP7_75t_R)
  18.92 11231.04 v _222221_/Y (AND2x2_ASAP7_75t_R)
  19.31 11250.36 v _222230_/Y (AO21x2_ASAP7_75t_R)
  35.13 11285.48 v _222272_/Y (AO221x2_ASAP7_75t_R)
  25.58 11311.06 v _222273_/Y (AO21x2_ASAP7_75t_R)
 107.77 11418.83 v _222374_/Y (AO21x1_ASAP7_75t_R)
  77.82 11496.65 v _222701_/Y (OA211x2_ASAP7_75t_R)
  32.91 11529.56 v _222709_/Y (OR5x1_ASAP7_75t_R)
  23.11 11552.67 v _222716_/Y (OA21x2_ASAP7_75t_R)
  19.97 11572.64 v _222721_/Y (AND3x2_ASAP7_75t_R)
  27.35 11599.99 v _222722_/Y (OA31x2_ASAP7_75t_R)
  54.79 11654.77 v _222723_/Y (OR4x1_ASAP7_75t_R)
  80.73 11735.50 v _222856_/Y (AO21x2_ASAP7_75t_R)
  56.87 11792.38 v _223087_/Y (AND2x2_ASAP7_75t_R)
  36.36 11828.73 ^ _223088_/Y (XOR2x2_ASAP7_75t_R)
  26.88 11855.61 ^ _223089_/Y (XNOR2x2_ASAP7_75t_R)
  35.68 11891.29 ^ _223171_/Y (AND5x1_ASAP7_75t_R)
  37.20 11928.49 v _223178_/Y (AOI221x1_ASAP7_75t_R)
  39.10 11967.59 v _223188_/Y (OA21x2_ASAP7_75t_R)
 102.96 12070.56 v _223343_/Y (OA211x2_ASAP7_75t_R)
  56.24 12126.80 v _223434_/Y (OR3x1_ASAP7_75t_R)
  21.07 12147.87 v _223789_/Y (AND2x2_ASAP7_75t_R)
  21.60 12169.47 v _223790_/Y (XNOR2x1_ASAP7_75t_R)
  41.04 12210.51 v _223794_/Y (OR5x1_ASAP7_75t_R)
  38.35 12248.86 v _223795_/Y (OR4x1_ASAP7_75t_R)
  27.32 12276.17 v _223882_/Y (OA31x2_ASAP7_75t_R)
  44.98 12321.16 v _223883_/Y (OA211x2_ASAP7_75t_R)
  34.75 12355.91 v _223927_/Y (AND2x4_ASAP7_75t_R)
  49.68 12405.59 ^ _224049_/Y (AOI22x1_ASAP7_75t_R)
  26.12 12431.71 ^ _224050_/Y (XNOR2x1_ASAP7_75t_R)
  35.55 12467.26 ^ _224061_/Y (AND5x1_ASAP7_75t_R)
  58.64 12525.89 v _224146_/Y (AOI221x1_ASAP7_75t_R)
  47.00 12572.89 ^ _224355_/Y (OAI21x1_ASAP7_75t_R)
  26.37 12599.27 ^ _224356_/Y (AND4x1_ASAP7_75t_R)
  63.78 12663.05 ^ _224360_/Y (OR4x2_ASAP7_75t_R)
  87.20 12750.24 v _224402_/Y (INVx1_ASAP7_75t_R)
  20.14 12770.38 ^ _224406_/Y (AOI21x1_ASAP7_75t_R)
  49.46 12819.84 ^ _224409_/Y (AND5x1_ASAP7_75t_R)
  32.33 12852.17 v _224410_/Y (XNOR2x2_ASAP7_75t_R)
  18.06 12870.24 ^ _224411_/Y (AOI211x1_ASAP7_75t_R)
  31.51 12901.75 ^ _224428_/Y (AND2x2_ASAP7_75t_R)
 100.65 13002.40 v _224840_/Y (AOI211x1_ASAP7_75t_R)
  58.48 13060.88 v _224913_/Y (AND2x2_ASAP7_75t_R)
  17.85 13078.73 v _224914_/Y (OA21x2_ASAP7_75t_R)
  18.09 13096.81 v _224915_/Y (OA21x2_ASAP7_75t_R)
  33.01 13129.82 v _224916_/Y (AO221x1_ASAP7_75t_R)
  28.02 13157.83 v _224917_/Y (MAJx2_ASAP7_75t_R)
  19.41 13177.25 v _224929_/Y (AO21x1_ASAP7_75t_R)
  16.07 13193.32 v _224943_/Y (AO21x1_ASAP7_75t_R)
  17.98 13211.31 v _224948_/Y (AO21x1_ASAP7_75t_R)
  28.74 13240.05 v _225034_/Y (AO21x2_ASAP7_75t_R)
  45.54 13285.58 v _225249_/Y (AO21x2_ASAP7_75t_R)
  68.32 13353.90 ^ _225319_/Y (NAND2x2_ASAP7_75t_R)
  33.58 13387.48 ^ _225320_/Y (AO22x1_ASAP7_75t_R)
  24.35 13411.83 ^ _225322_/Y (AO21x2_ASAP7_75t_R)
  20.35 13432.18 ^ _225323_/Y (AO221x1_ASAP7_75t_R)
  31.65 13463.83 ^ _225326_/Y (OA211x2_ASAP7_75t_R)
  33.42 13497.25 ^ _225330_/Y (AO221x2_ASAP7_75t_R)
  24.64 13521.89 ^ _225341_/Y (AO21x2_ASAP7_75t_R)
  29.84 13551.73 ^ _225351_/Y (AO22x2_ASAP7_75t_R)
  71.22 13622.95 v _225594_/Y (AOI211x1_ASAP7_75t_R)
  99.64 13722.60 ^ _225595_/Y (NAND2x2_ASAP7_75t_R)
  45.68 13768.28 ^ _225671_/Y (OA211x2_ASAP7_75t_R)
  31.05 13799.33 ^ _225684_/Y (AND3x2_ASAP7_75t_R)
  25.28 13824.61 ^ _225685_/Y (OA22x2_ASAP7_75t_R)
  28.45 13853.06 ^ _225689_/Y (MAJx2_ASAP7_75t_R)
  25.67 13878.73 ^ _225690_/Y (MAJx2_ASAP7_75t_R)
  23.93 13902.66 v _225704_/Y (AOI21x1_ASAP7_75t_R)
  29.00 13931.66 ^ _225734_/Y (OAI21x1_ASAP7_75t_R)
  25.19 13956.85 ^ _225812_/Y (AND3x1_ASAP7_75t_R)
 113.16 14070.02 ^ _225945_/Y (OR5x1_ASAP7_75t_R)
  48.64 14118.66 ^ _226108_/Y (OA21x2_ASAP7_75t_R)
  18.90 14137.56 ^ _226109_/Y (AO221x1_ASAP7_75t_R)
  23.26 14160.82 ^ _226110_/Y (MAJx2_ASAP7_75t_R)
  18.20 14179.02 ^ _226111_/Y (AO21x1_ASAP7_75t_R)
  23.11 14202.12 ^ _226112_/Y (AO32x1_ASAP7_75t_R)
  39.84 14241.96 ^ _226115_/Y (AO22x1_ASAP7_75t_R)
  27.02 14268.98 v _226127_/Y (AOI21x1_ASAP7_75t_R)
  36.81 14305.79 ^ _226148_/Y (OAI22x1_ASAP7_75t_R)
  25.88 14331.68 ^ _226158_/Y (AO21x1_ASAP7_75t_R)
  27.29 14358.97 ^ _226160_/Y (AO22x2_ASAP7_75t_R)
  91.88 14450.85 ^ _226252_/Y (AO21x1_ASAP7_75t_R)
  17.69 14468.54 v _226384_/Y (NAND2x1_ASAP7_75t_R)
  32.81 14501.35 v _226388_/Y (AO222x2_ASAP7_75t_R)
  31.82 14533.18 v _226389_/Y (OA211x2_ASAP7_75t_R)
  22.60 14555.77 v _226390_/Y (MAJx2_ASAP7_75t_R)
  20.79 14576.57 v _226391_/Y (MAJx2_ASAP7_75t_R)
  20.18 14596.75 v _226392_/Y (MAJx2_ASAP7_75t_R)
  33.17 14629.92 v _226393_/Y (AO222x2_ASAP7_75t_R)
  20.18 14650.10 v _226415_/Y (AO21x1_ASAP7_75t_R)
  20.07 14670.17 v _226416_/Y (AO22x1_ASAP7_75t_R)
  22.13 14692.30 v _226425_/Y (AO21x2_ASAP7_75t_R)
  60.49 14752.79 v _226552_/Y (AO21x2_ASAP7_75t_R)
 228.13 14980.92 ^ _226668_/Y (NAND2x2_ASAP7_75t_R)
 115.78 15096.71 ^ _226680_/Y (OR3x2_ASAP7_75t_R)
  41.22 15137.93 ^ _226685_/Y (AND2x4_ASAP7_75t_R)
  58.80 15196.73 v _226736_/Y (XNOR2x2_ASAP7_75t_R)
  28.96 15225.69 v _226773_/Y (OR3x1_ASAP7_75t_R)
  47.08 15272.77 ^ _226775_/Y (AOI21x1_ASAP7_75t_R)
  45.33 15318.10 v _226776_/Y (NOR2x2_ASAP7_75t_R)
  79.48 15397.58 v _226777_/Y (AO32x1_ASAP7_75t_R)
 120.91 15518.49 ^ _227106_/Y (XNOR2x1_ASAP7_75t_R)
  53.31 15571.79 ^ _228542_/Y (AO32x1_ASAP7_75t_R)
  84.55 15656.34 ^ _228577_/Y (AO32x1_ASAP7_75t_R)
  53.68 15710.02 v _228823_/Y (NOR3x1_ASAP7_75t_R)
  36.69 15746.71 v _228824_/Y (AO32x1_ASAP7_75t_R)
  30.88 15777.60 v _228836_/Y (AO222x2_ASAP7_75t_R)
  29.42 15807.02 v _228869_/Y (OR5x1_ASAP7_75t_R)
  35.42 15842.43 v _228909_/Y (OR5x1_ASAP7_75t_R)
  35.55 15877.99 v _229076_/Y (AO32x1_ASAP7_75t_R)
  37.28 15915.27 v _229116_/Y (AO32x2_ASAP7_75t_R)
  26.65 15941.92 v _229223_/Y (AND5x2_ASAP7_75t_R)
  22.56 15964.47 v _229304_/Y (AND3x2_ASAP7_75t_R)
  23.31 15987.79 v _229305_/Y (AND4x2_ASAP7_75t_R)
  15.69 16003.47 v _229409_/Y (AND3x1_ASAP7_75t_R)
  18.91 16022.39 v _229419_/Y (OA31x2_ASAP7_75t_R)
  23.75 16046.13 v _229424_/Y (OA21x2_ASAP7_75t_R)
  45.81 16091.94 v _238033_/Y (OA211x2_ASAP7_75t_R)
  34.16 16126.10 v _241101_/Y (AO31x2_ASAP7_75t_R)
  71.43 16197.53 v _241194_/Y (AO221x1_ASAP7_75t_R)
 173.32 16370.85 ^ _241196_/Y (NAND2x2_ASAP7_75t_R)
  88.37 16459.22 v _241197_/Y (INVx2_ASAP7_75t_R)
  53.44 16512.66 v _253544_/Y (AO21x1_ASAP7_75t_R)
  14.90 16527.56 v _253545_/Y (AND2x2_ASAP7_75t_R)
   0.13 16527.69 v _378108_/D (DFFHQNx1_ASAP7_75t_R)
        16527.69   data arrival time

12000.00 12000.00   clock core_clk (rise edge)
   0.00 12000.00   clock source latency
   0.00 12000.00 ^ clk (in)
  51.21 12051.21 ^ wire5675/Y (BUFx12_ASAP7_75t_R)
  50.67 12101.89 ^ clkbuf_0_clk/Y (BUFx24_ASAP7_75t_R)
  26.15 12128.04 ^ clkbuf_1_1_0_clk/Y (BUFx24_ASAP7_75t_R)
  24.91 12152.95 ^ clkbuf_2_2_0_clk/Y (BUFx24_ASAP7_75t_R)
  27.24 12180.19 ^ clkbuf_3_5_0_clk/Y (BUFx24_ASAP7_75t_R)
  25.96 12206.15 ^ clkbuf_4_11_0_clk/Y (BUFx24_ASAP7_75t_R)
  27.00 12233.15 ^ clkbuf_6_45__f_clk/Y (BUFx24_ASAP7_75t_R)
  26.21 12259.37 ^ clkbuf_leaf_570_clk/Y (BUFx24_ASAP7_75t_R)
   1.34 12260.70 ^ _378108_/CLK (DFFHQNx1_ASAP7_75t_R)
 -50.00 12210.70   clock uncertainty
   2.39 12213.09   clock reconvergence pessimism
  -0.26 12212.83   library setup time
        12212.83   data required time
---------------------------------------------------------
        12212.83   data required time
        -16527.69   data arrival time
---------------------------------------------------------
        -4314.85   slack (VIOLATED)


Startpoint: _369487_ (rising edge-triggered flip-flop clocked by core_clk)
Endpoint: _378108_ (rising edge-triggered flip-flop clocked by core_clk)
Path Group: reg2reg
Path Type: max

  Delay    Time   Description
---------------------------------------------------------
   0.00    0.00   clock core_clk (rise edge)
   0.00    0.00   clock source latency
   0.00    0.00 ^ clk (in)
  51.99   51.99 ^ wire5675/Y (BUFx12_ASAP7_75t_R)
  52.29  104.28 ^ clkbuf_0_clk/Y (BUFx24_ASAP7_75t_R)
  27.06  131.33 ^ clkbuf_1_0_0_clk/Y (BUFx24_ASAP7_75t_R)
  26.85  158.18 ^ clkbuf_2_1_0_clk/Y (BUFx24_ASAP7_75t_R)
  28.86  187.04 ^ clkbuf_3_3_0_clk/Y (BUFx24_ASAP7_75t_R)
  30.02  217.07 ^ clkbuf_4_7_0_clk/Y (BUFx24_ASAP7_75t_R)
  29.08  246.15 ^ clkbuf_6_30__f_clk/Y (BUFx24_ASAP7_75t_R)
  33.58  279.73 ^ clkbuf_leaf_368_clk/Y (BUFx24_ASAP7_75t_R)
   3.20  282.92 ^ _369487_/CLK (DFFHQNx1_ASAP7_75t_R)
  81.75  364.68 v _369487_/QN (DFFHQNx1_ASAP7_75t_R)
 117.22  481.90 v _184248_/Y (OR4x2_ASAP7_75t_R)
 163.68  645.58 ^ _184249_/Y (NAND3x1_ASAP7_75t_R)
  86.57  732.14 v _184434_/Y (AOI21x1_ASAP7_75t_R)
  78.49  810.64 v _184438_/Y (OR3x1_ASAP7_75t_R)
  60.40  871.03 ^ _184457_/Y (AOI21x1_ASAP7_75t_R)
  39.14  910.17 ^ max_cap4622/Y (BUFx12_ASAP7_75t_R)
  24.73  934.91 ^ max_cap4621/Y (BUFx12_ASAP7_75t_R)
  31.59  966.49 ^ load_slew4620/Y (BUFx6f_ASAP7_75t_R)
  23.60  990.09 ^ wire4619/Y (BUFx12f_ASAP7_75t_R)
  32.21 1022.30 ^ max_cap4618/Y (BUFx10_ASAP7_75t_R)
  29.02 1051.32 ^ max_cap4612/Y (BUFx12_ASAP7_75t_R)
  34.32 1085.64 ^ wire4609/Y (BUFx12f_ASAP7_75t_R)
  29.55 1115.19 ^ load_slew4607/Y (BUFx12f_ASAP7_75t_R)
 120.66 1235.85 ^ _184934_/Y (OR3x1_ASAP7_75t_R)
  79.52 1315.37 ^ _185378_/Y (OR2x2_ASAP7_75t_R)
  21.21 1336.58 ^ _185399_/Y (AND4x1_ASAP7_75t_R)
  38.30 1374.88 ^ _185400_/Y (AND4x2_ASAP7_75t_R)
  95.55 1470.43 ^ _185414_/Y (OA222x2_ASAP7_75t_R)
  80.33 1550.76 v _185565_/Y (NAND2x1_ASAP7_75t_R)
  49.69 1600.45 v _186054_/Y (OR5x1_ASAP7_75t_R)
  49.59 1650.03 v _188459_/Y (OR4x2_ASAP7_75t_R)
  66.04 1716.07 v _211565_/Y (AND4x2_ASAP7_75t_R)
  30.31 1746.38 v load_slew2798/Y (BUFx16f_ASAP7_75t_R)
  43.33 1789.71 v load_slew2797/Y (BUFx16f_ASAP7_75t_R)
  35.87 1825.58 v load_slew2796/Y (BUFx16f_ASAP7_75t_R)
  69.03 1894.61 v wire2795/Y (BUFx16f_ASAP7_75t_R)
  24.24 1918.86 v load_slew2794/Y (BUFx16f_ASAP7_75t_R)
  55.74 1974.59 v wire2793/Y (BUFx16f_ASAP7_75t_R)
  79.57 2054.17 v _211844_/Y (AND2x4_ASAP7_75t_R)
  30.08 2084.25 v wire2553/Y (BUFx16f_ASAP7_75t_R)
  78.91 2163.16 v load_slew2552/Y (BUFx16f_ASAP7_75t_R)
 118.99 2282.15 v _211850_/Y (OR4x1_ASAP7_75t_R)
  25.38 2307.53 v _211851_/Y (AND2x4_ASAP7_75t_R)
  17.24 2324.78 ^ _211863_/Y (NOR3x1_ASAP7_75t_R)
  30.46 2355.24 ^ _211864_/Y (AND4x2_ASAP7_75t_R)
   8.53 2363.77 v _211865_/Y (NAND3x1_ASAP7_75t_R)
  33.28 2397.05 v _211869_/Y (OA211x2_ASAP7_75t_R)
  20.81 2417.86 ^ _211879_/Y (AOI221x1_ASAP7_75t_R)
  37.89 2455.75 v _211916_/Y (AOI221x1_ASAP7_75t_R)
  34.29 2490.04 v _211994_/Y (AO21x2_ASAP7_75t_R)
  24.71 2514.75 ^ _212068_/Y (AOI221x1_ASAP7_75t_R)
  40.92 2555.67 v _212069_/Y (XNOR2x2_ASAP7_75t_R)
  49.13 2604.81 v _212079_/Y (AO32x1_ASAP7_75t_R)
  37.28 2642.08 v _212081_/Y (AO221x2_ASAP7_75t_R)
  33.14 2675.22 v _212140_/Y (AO21x2_ASAP7_75t_R)
  32.77 2708.00 ^ _212148_/Y (NAND2x2_ASAP7_75t_R)
  33.87 2741.87 ^ _212159_/Y (AO221x1_ASAP7_75t_R)
  30.04 2771.91 ^ _212174_/Y (AO22x2_ASAP7_75t_R)
  32.66 2804.57 v _212207_/Y (OAI21x1_ASAP7_75t_R)
  25.57 2830.14 ^ _212221_/Y (AOI21x1_ASAP7_75t_R)
  31.21 2861.35 ^ _212228_/Y (OA21x2_ASAP7_75t_R)
  26.23 2887.59 ^ _212263_/Y (XNOR2x2_ASAP7_75t_R)
  30.31 2917.90 ^ _212273_/Y (AO221x1_ASAP7_75t_R)
  27.36 2945.26 ^ _212358_/Y (MAJx2_ASAP7_75t_R)
  40.47 2985.73 v _212379_/Y (AOI211x1_ASAP7_75t_R)
  56.07 3041.79 ^ _212412_/Y (OAI21x1_ASAP7_75t_R)
  41.41 3083.21 ^ _212419_/Y (AO211x2_ASAP7_75t_R)
  25.93 3109.13 ^ _212421_/Y (OA33x2_ASAP7_75t_R)
  25.72 3134.86 v _212437_/Y (NOR3x1_ASAP7_75t_R)
  34.56 3169.41 ^ _212512_/Y (OAI21x1_ASAP7_75t_R)
  31.95 3201.36 ^ _212568_/Y (AO32x1_ASAP7_75t_R)
  22.00 3223.36 ^ _212584_/Y (AND3x1_ASAP7_75t_R)
  26.56 3249.92 ^ _212585_/Y (XNOR2x2_ASAP7_75t_R)
  37.09 3287.01 ^ _212597_/Y (MAJx2_ASAP7_75t_R)
  34.19 3321.21 v _212610_/Y (AOI211x1_ASAP7_75t_R)
  42.58 3363.79 v _212620_/Y (OA211x2_ASAP7_75t_R)
  40.55 3404.34 v _212641_/Y (OR2x2_ASAP7_75t_R)
  26.42 3430.77 v _212731_/Y (AO21x1_ASAP7_75t_R)
  20.15 3450.91 v _212733_/Y (AO22x1_ASAP7_75t_R)
  30.08 3480.99 ^ _212738_/Y (AOI221x1_ASAP7_75t_R)
  32.67 3513.66 ^ _212740_/Y (AO211x2_ASAP7_75t_R)
  34.65 3548.30 ^ _212753_/Y (AO21x1_ASAP7_75t_R)
  43.93 3592.23 ^ _212838_/Y (AO21x2_ASAP7_75t_R)
  27.90 3620.13 ^ _212901_/Y (AND3x1_ASAP7_75t_R)
  31.81 3651.94 v _212902_/Y (AOI21x1_ASAP7_75t_R)
  31.51 3683.46 ^ _212903_/Y (AOI22x1_ASAP7_75t_R)
  39.18 3722.63 ^ _212946_/Y (AND4x2_ASAP7_75t_R)
  24.62 3747.25 ^ _213006_/Y (OA211x2_ASAP7_75t_R)
  25.07 3772.32 ^ _213007_/Y (AO221x1_ASAP7_75t_R)
  20.55 3792.87 ^ _213008_/Y (AO21x2_ASAP7_75t_R)
  25.91 3818.77 ^ _213011_/Y (AND3x2_ASAP7_75t_R)
  34.12 3852.89 v _213012_/Y (XNOR2x2_ASAP7_75t_R)
  26.94 3879.83 v _213058_/Y (OA211x2_ASAP7_75t_R)
  30.20 3910.03 v _213060_/Y (OA211x2_ASAP7_75t_R)
  31.18 3941.21 v _213078_/Y (OR3x2_ASAP7_75t_R)
  27.61 3968.82 v _213197_/Y (AO211x2_ASAP7_75t_R)
  26.88 3995.70 v _213198_/Y (AND2x4_ASAP7_75t_R)
  27.47 4023.17 v _213230_/Y (AND2x2_ASAP7_75t_R)
  26.40 4049.57 v _213231_/Y (XNOR2x1_ASAP7_75t_R)
  29.91 4079.47 v _213232_/Y (XNOR2x1_ASAP7_75t_R)
  44.09 4123.57 v _213363_/Y (AO221x1_ASAP7_75t_R)
  38.78 4162.35 v _213368_/Y (OR5x1_ASAP7_75t_R)
  58.50 4220.84 v _213375_/Y (AO222x2_ASAP7_75t_R)
  33.13 4253.97 v _213494_/Y (AND2x4_ASAP7_75t_R)
  30.36 4284.34 v _213495_/Y (XNOR2x1_ASAP7_75t_R)
  38.09 4322.42 v _213524_/Y (AO32x1_ASAP7_75t_R)
  26.66 4349.08 ^ _213525_/Y (AOI211x1_ASAP7_75t_R)
  34.25 4383.33 ^ _213548_/Y (OA31x2_ASAP7_75t_R)
  37.41 4420.74 ^ _213564_/Y (AO211x2_ASAP7_75t_R)
  26.49 4447.23 ^ _213595_/Y (AND3x1_ASAP7_75t_R)
  26.24 4473.47 v _213596_/Y (XOR2x2_ASAP7_75t_R)
  22.45 4495.92 v _213605_/Y (AO21x1_ASAP7_75t_R)
  37.08 4533.00 v _213606_/Y (AO32x1_ASAP7_75t_R)
  31.94 4564.94 v _213625_/Y (AO21x2_ASAP7_75t_R)
  27.70 4592.64 v _213781_/Y (OA21x2_ASAP7_75t_R)
  41.78 4634.43 ^ _213794_/Y (OAI21x1_ASAP7_75t_R)
  42.88 4677.31 v _213835_/Y (NAND2x2_ASAP7_75t_R)
  36.85 4714.16 v _213973_/Y (AND2x2_ASAP7_75t_R)
  38.28 4752.44 ^ _213974_/Y (XNOR2x2_ASAP7_75t_R)
  22.92 4775.36 v _213984_/Y (AOI211x1_ASAP7_75t_R)
  37.61 4812.97 v _213988_/Y (OR4x2_ASAP7_75t_R)
  38.30 4851.27 v _213989_/Y (AO21x1_ASAP7_75t_R)
  59.80 4911.07 ^ _214007_/Y (NAND2x1_ASAP7_75t_R)
  41.74 4952.81 ^ _214009_/Y (AND2x4_ASAP7_75t_R)
  22.52 4975.32 ^ _214013_/Y (AND2x2_ASAP7_75t_R)
  36.11 5011.43 v _214014_/Y (XNOR2x2_ASAP7_75t_R)
  33.46 5044.89 v _214121_/Y (OA211x2_ASAP7_75t_R)
  18.77 5063.65 v _214139_/Y (AND4x1_ASAP7_75t_R)
  21.40 5085.06 v _214326_/Y (AO211x2_ASAP7_75t_R)
  49.96 5135.02 v _214333_/Y (OA21x2_ASAP7_75t_R)
  60.41 5195.44 v _214504_/Y (OA211x2_ASAP7_75t_R)
  29.67 5225.10 v _214505_/Y (XOR2x2_ASAP7_75t_R)
  20.14 5245.25 v _214529_/Y (AND3x1_ASAP7_75t_R)
  38.50 5283.75 v _214531_/Y (OR4x2_ASAP7_75t_R)
  17.34 5301.09 ^ _214543_/Y (AOI22x1_ASAP7_75t_R)
  20.49 5321.58 ^ _214544_/Y (AND2x4_ASAP7_75t_R)
  63.94 5385.52 ^ _214554_/Y (AO221x2_ASAP7_75t_R)
  51.28 5436.80 ^ _214722_/Y (AND5x1_ASAP7_75t_R)
  29.23 5466.03 v _214723_/Y (XOR2x2_ASAP7_75t_R)
  19.65 5485.69 v _214724_/Y (AND2x4_ASAP7_75t_R)
  15.97 5501.66 ^ _214850_/Y (INVx1_ASAP7_75t_R)
  31.91 5533.57 ^ _214852_/Y (AND4x1_ASAP7_75t_R)
  29.87 5563.43 ^ _214868_/Y (AND5x1_ASAP7_75t_R)
  22.72 5586.16 ^ _214869_/Y (AO32x1_ASAP7_75t_R)
  81.64 5667.80 ^ _214872_/Y (OA31x2_ASAP7_75t_R)
  42.50 5710.30 ^ _215078_/Y (AND2x2_ASAP7_75t_R)
  36.10 5746.39 v _215079_/Y (XNOR2x2_ASAP7_75t_R)
  34.42 5780.82 v _215122_/Y (OA221x2_ASAP7_75t_R)
  30.89 5811.71 v _215131_/Y (AO221x1_ASAP7_75t_R)
  37.11 5848.82 v _215139_/Y (AO22x2_ASAP7_75t_R)
  36.40 5885.21 v _215153_/Y (AO221x2_ASAP7_75t_R)
  53.03 5938.24 v _215160_/Y (AO21x2_ASAP7_75t_R)
  43.59 5981.83 v _215230_/Y (AO21x2_ASAP7_75t_R)
  20.05 6001.87 v _215231_/Y (AND2x4_ASAP7_75t_R)
  16.94 6018.81 v _215284_/Y (XNOR2x1_ASAP7_75t_R)
  38.74 6057.55 v _215285_/Y (OR5x1_ASAP7_75t_R)
  28.11 6085.66 ^ _215286_/Y (OAI22x1_ASAP7_75t_R)
  44.37 6130.03 ^ _215332_/Y (AO211x2_ASAP7_75t_R)
  52.27 6182.30 ^ _215466_/Y (AO211x2_ASAP7_75t_R)
  42.70 6225.00 ^ _215467_/Y (AND2x4_ASAP7_75t_R)
  28.50 6253.50 ^ _215476_/Y (AO21x2_ASAP7_75t_R)
  26.58 6280.08 ^ _215478_/Y (AND2x2_ASAP7_75t_R)
  29.44 6309.52 ^ _215729_/Y (OA31x2_ASAP7_75t_R)
  15.57 6325.09 v _215748_/Y (AOI211x1_ASAP7_75t_R)
  37.27 6362.36 v _215777_/Y (OR4x2_ASAP7_75t_R)
  39.75 6402.11 v _215781_/Y (AO32x2_ASAP7_75t_R)
  53.51 6455.62 v _215787_/Y (OR3x2_ASAP7_75t_R)
  52.82 6508.44 v _215869_/Y (OA21x2_ASAP7_75t_R)
  29.60 6538.05 v _215888_/Y (AND2x2_ASAP7_75t_R)
  32.20 6570.25 v _215889_/Y (XNOR2x2_ASAP7_75t_R)
  33.95 6604.19 v _216007_/Y (XNOR2x1_ASAP7_75t_R)
  22.91 6627.10 ^ _216008_/Y (NAND3x1_ASAP7_75t_R)
  21.90 6649.00 v _216182_/Y (AOI211x1_ASAP7_75t_R)
  55.33 6704.33 v _216196_/Y (OR5x2_ASAP7_75t_R)
  56.07 6760.40 ^ _216251_/Y (NAND2x1_ASAP7_75t_R)
  30.17 6790.56 ^ _216252_/Y (AO21x2_ASAP7_75t_R)
  30.37 6820.93 ^ _216253_/Y (XNOR2x2_ASAP7_75t_R)
  27.60 6848.53 ^ _216254_/Y (AND2x2_ASAP7_75t_R)
  20.59 6869.12 ^ _216255_/Y (AO21x1_ASAP7_75t_R)
  20.90 6890.03 ^ _216261_/Y (OA211x2_ASAP7_75t_R)
  69.99 6960.02 ^ _216360_/Y (AO221x1_ASAP7_75t_R)
  23.00 6983.01 v _216362_/Y (INVx6_ASAP7_75t_R)
  89.01 7072.03 ^ _216545_/Y (NAND2x1_ASAP7_75t_R)
  37.31 7109.34 ^ _216628_/Y (OA21x2_ASAP7_75t_R)
  34.38 7143.72 v _216629_/Y (XNOR2x2_ASAP7_75t_R)
  28.17 7171.89 v _216843_/Y (OR2x4_ASAP7_75t_R)
  23.70 7195.59 v _216846_/Y (OA222x2_ASAP7_75t_R)
  22.80 7218.39 v _216851_/Y (AO221x1_ASAP7_75t_R)
  43.30 7261.68 v _216876_/Y (AO221x1_ASAP7_75t_R)
  43.55 7305.23 v _216887_/Y (AND3x2_ASAP7_75t_R)
  68.57 7373.80 ^ _216996_/Y (NAND2x2_ASAP7_75t_R)
  42.10 7415.90 ^ _217076_/Y (OA21x2_ASAP7_75t_R)
  23.95 7439.86 ^ _217107_/Y (XNOR2x2_ASAP7_75t_R)
  41.93 7481.79 ^ _217265_/Y (AND5x1_ASAP7_75t_R)
  36.98 7518.77 ^ _217277_/Y (AND5x1_ASAP7_75t_R)
  31.55 7550.31 ^ _217278_/Y (OA211x2_ASAP7_75t_R)
  45.89 7596.21 v _217284_/Y (AOI211x1_ASAP7_75t_R)
 109.67 7705.88 ^ _217285_/Y (NAND2x2_ASAP7_75t_R)
  40.57 7746.45 ^ _217578_/Y (OA21x2_ASAP7_75t_R)
  37.61 7784.06 v _217579_/Y (XNOR2x2_ASAP7_75t_R)
  37.05 7821.11 ^ _217695_/Y (NAND2x1_ASAP7_75t_R)
  31.64 7852.76 ^ _217699_/Y (AO211x2_ASAP7_75t_R)
  28.09 7880.85 ^ _217700_/Y (AO31x2_ASAP7_75t_R)
  45.60 7926.44 ^ _217715_/Y (AO21x2_ASAP7_75t_R)
  53.63 7980.07 v _217716_/Y (NAND2x2_ASAP7_75t_R)
  52.44 8032.51 v _218014_/Y (OA21x2_ASAP7_75t_R)
  28.10 8060.62 ^ _218015_/Y (XNOR2x2_ASAP7_75t_R)
  30.42 8091.04 v _218016_/Y (XNOR2x2_ASAP7_75t_R)
  36.08 8127.11 v _218022_/Y (OA211x2_ASAP7_75t_R)
  28.22 8155.33 v _218131_/Y (AO21x1_ASAP7_75t_R)
  32.85 8188.18 v _218149_/Y (OA21x2_ASAP7_75t_R)
  81.58 8269.76 v _218150_/Y (OR3x2_ASAP7_75t_R)
  30.35 8300.11 ^ _218207_/Y (OAI21x1_ASAP7_75t_R)
  42.40 8342.51 ^ _218208_/Y (XOR2x2_ASAP7_75t_R)
  31.19 8373.70 ^ _218236_/Y (XNOR2x2_ASAP7_75t_R)
  20.63 8394.32 ^ _218242_/Y (AND3x1_ASAP7_75t_R)
  14.84 8409.17 v _218244_/Y (NAND2x1_ASAP7_75t_R)
  26.50 8435.67 ^ _218285_/Y (OAI22x1_ASAP7_75t_R)
 142.85 8578.51 v _218562_/Y (AOI211x1_ASAP7_75t_R)
  74.35 8652.86 ^ _218680_/Y (OAI21x1_ASAP7_75t_R)
  29.37 8682.24 ^ _218682_/Y (AND2x2_ASAP7_75t_R)
  23.39 8705.63 ^ _218683_/Y (XNOR2x2_ASAP7_75t_R)
  37.42 8743.05 ^ _218684_/Y (AND5x1_ASAP7_75t_R)
  32.57 8775.62 ^ _218852_/Y (AND4x1_ASAP7_75t_R)
  19.20 8794.81 ^ _218871_/Y (AO31x2_ASAP7_75t_R)
  41.49 8836.30 ^ _218918_/Y (AO211x2_ASAP7_75t_R)
  57.65 8893.95 v _218927_/Y (NOR2x2_ASAP7_75t_R)
  48.50 8942.45 v _219003_/Y (OR4x1_ASAP7_75t_R)
  27.70 8970.15 v _219005_/Y (OA211x2_ASAP7_75t_R)
  17.28 8987.44 v _219012_/Y (AO31x2_ASAP7_75t_R)
  21.46 9008.90 v _219030_/Y (OR3x1_ASAP7_75t_R)
  23.63 9032.53 ^ _219031_/Y (NAND2x1_ASAP7_75t_R)
  33.26 9065.79 ^ _219212_/Y (AND4x1_ASAP7_75t_R)
  25.20 9090.98 ^ _219221_/Y (OR4x1_ASAP7_75t_R)
  50.06 9141.04 v _219222_/Y (OAI21x1_ASAP7_75t_R)
  67.84 9208.88 v _219302_/Y (AND2x2_ASAP7_75t_R)
  41.57 9250.45 ^ _219314_/Y (AOI211x1_ASAP7_75t_R)
  45.30 9295.75 v _219315_/Y (XNOR2x2_ASAP7_75t_R)
  36.90 9332.65 v _219653_/Y (OA211x2_ASAP7_75t_R)
  28.08 9360.74 v _219655_/Y (OA222x2_ASAP7_75t_R)
  91.46 9452.20 v _219690_/Y (AO221x1_ASAP7_75t_R)
  99.27 9551.47 ^ _219718_/Y (NAND2x2_ASAP7_75t_R)
  38.26 9589.73 v _219988_/Y (AOI221x1_ASAP7_75t_R)
  39.18 9628.90 v _219992_/Y (OA33x2_ASAP7_75t_R)
  20.42 9649.32 ^ _220017_/Y (AOI21x1_ASAP7_75t_R)
  37.96 9687.28 ^ _220031_/Y (OA33x2_ASAP7_75t_R)
  14.29 9701.57 v _220033_/Y (OAI21x1_ASAP7_75t_R)
  30.17 9731.74 v _220096_/Y (AO31x2_ASAP7_75t_R)
  36.51 9768.25 v _220129_/Y (AO211x2_ASAP7_75t_R)
  67.14 9835.39 v _220162_/Y (AO21x2_ASAP7_75t_R)
  57.53 9892.92 v _220341_/Y (AO21x2_ASAP7_75t_R)
  30.09 9923.01 v _220343_/Y (AND2x2_ASAP7_75t_R)
  23.13 9946.13 ^ _220461_/Y (OAI21x1_ASAP7_75t_R)
  37.85 9983.98 ^ _220467_/Y (AND5x1_ASAP7_75t_R)
  30.72 10014.70 ^ _220661_/Y (AO32x2_ASAP7_75t_R)
  35.08 10049.79 ^ _220664_/Y (OA31x2_ASAP7_75t_R)
  68.48 10118.27 ^ _220695_/Y (OR3x2_ASAP7_75t_R)
  70.81 10189.08 ^ _220861_/Y (OA21x2_ASAP7_75t_R)
  17.80 10206.87 ^ _220880_/Y (OA21x2_ASAP7_75t_R)
  12.18 10219.06 v _220893_/Y (NOR3x1_ASAP7_75t_R)
  37.00 10256.06 v _220894_/Y (OR4x1_ASAP7_75t_R)
  23.16 10279.21 v _220901_/Y (AO21x1_ASAP7_75t_R)
  25.08 10304.29 v _220910_/Y (AO21x2_ASAP7_75t_R)
  48.71 10353.01 v _221032_/Y (AO32x1_ASAP7_75t_R)
  65.61 10418.62 ^ _221087_/Y (NAND2x2_ASAP7_75t_R)
  55.90 10474.51 ^ _221108_/Y (OA22x2_ASAP7_75t_R)
  39.06 10513.58 ^ _221291_/Y (XNOR2x2_ASAP7_75t_R)
  32.23 10545.81 ^ _221294_/Y (AND4x2_ASAP7_75t_R)
  20.24 10566.05 ^ _221517_/Y (AND2x2_ASAP7_75t_R)
  14.05 10580.10 v _221532_/Y (AOI21x1_ASAP7_75t_R)
  32.93 10613.03 v _221571_/Y (AO221x1_ASAP7_75t_R)
  38.33 10651.35 v _221574_/Y (AO33x2_ASAP7_75t_R)
 118.12 10769.48 v _221575_/Y (AND3x1_ASAP7_75t_R)
  63.66 10833.14 v _221581_/Y (OR4x1_ASAP7_75t_R)
  35.15 10868.29 v _221583_/Y (AND3x1_ASAP7_75t_R)
  31.05 10899.34 v _221585_/Y (XNOR2x2_ASAP7_75t_R)
  25.34 10924.68 v _221598_/Y (AO211x2_ASAP7_75t_R)
  35.17 10959.85 v _221785_/Y (OR3x2_ASAP7_75t_R)
  44.32 11004.17 ^ _221849_/Y (NAND2x2_ASAP7_75t_R)
  66.84 11071.02 ^ _222157_/Y (OR3x2_ASAP7_75t_R)
  33.29 11104.30 ^ _222175_/Y (AND3x1_ASAP7_75t_R)
  41.82 11146.13 ^ _222176_/Y (XNOR2x2_ASAP7_75t_R)
  38.85 11184.98 v _222177_/Y (XNOR2x2_ASAP7_75t_R)
  27.14 11212.12 v _222178_/Y (AND5x2_ASAP7_75t_R)
  18.92 11231.04 v _222221_/Y (AND2x2_ASAP7_75t_R)
  19.31 11250.36 v _222230_/Y (AO21x2_ASAP7_75t_R)
  35.13 11285.48 v _222272_/Y (AO221x2_ASAP7_75t_R)
  25.58 11311.06 v _222273_/Y (AO21x2_ASAP7_75t_R)
 107.77 11418.83 v _222374_/Y (AO21x1_ASAP7_75t_R)
  77.82 11496.65 v _222701_/Y (OA211x2_ASAP7_75t_R)
  32.91 11529.56 v _222709_/Y (OR5x1_ASAP7_75t_R)
  23.11 11552.67 v _222716_/Y (OA21x2_ASAP7_75t_R)
  19.97 11572.64 v _222721_/Y (AND3x2_ASAP7_75t_R)
  27.35 11599.99 v _222722_/Y (OA31x2_ASAP7_75t_R)
  54.79 11654.77 v _222723_/Y (OR4x1_ASAP7_75t_R)
  80.73 11735.50 v _222856_/Y (AO21x2_ASAP7_75t_R)
  56.87 11792.38 v _223087_/Y (AND2x2_ASAP7_75t_R)
  36.36 11828.73 ^ _223088_/Y (XOR2x2_ASAP7_75t_R)
  26.88 11855.61 ^ _223089_/Y (XNOR2x2_ASAP7_75t_R)
  35.68 11891.29 ^ _223171_/Y (AND5x1_ASAP7_75t_R)
  37.20 11928.49 v _223178_/Y (AOI221x1_ASAP7_75t_R)
  39.10 11967.59 v _223188_/Y (OA21x2_ASAP7_75t_R)
 102.96 12070.56 v _223343_/Y (OA211x2_ASAP7_75t_R)
  56.24 12126.80 v _223434_/Y (OR3x1_ASAP7_75t_R)
  21.07 12147.87 v _223789_/Y (AND2x2_ASAP7_75t_R)
  21.60 12169.47 v _223790_/Y (XNOR2x1_ASAP7_75t_R)
  41.04 12210.51 v _223794_/Y (OR5x1_ASAP7_75t_R)
  38.35 12248.86 v _223795_/Y (OR4x1_ASAP7_75t_R)
  27.32 12276.17 v _223882_/Y (OA31x2_ASAP7_75t_R)
  44.98 12321.16 v _223883_/Y (OA211x2_ASAP7_75t_R)
  34.75 12355.91 v _223927_/Y (AND2x4_ASAP7_75t_R)
  49.68 12405.59 ^ _224049_/Y (AOI22x1_ASAP7_75t_R)
  26.12 12431.71 ^ _224050_/Y (XNOR2x1_ASAP7_75t_R)
  35.55 12467.26 ^ _224061_/Y (AND5x1_ASAP7_75t_R)
  58.64 12525.89 v _224146_/Y (AOI221x1_ASAP7_75t_R)
  47.00 12572.89 ^ _224355_/Y (OAI21x1_ASAP7_75t_R)
  26.37 12599.27 ^ _224356_/Y (AND4x1_ASAP7_75t_R)
  63.78 12663.05 ^ _224360_/Y (OR4x2_ASAP7_75t_R)
  87.20 12750.24 v _224402_/Y (INVx1_ASAP7_75t_R)
  20.14 12770.38 ^ _224406_/Y (AOI21x1_ASAP7_75t_R)
  49.46 12819.84 ^ _224409_/Y (AND5x1_ASAP7_75t_R)
  32.33 12852.17 v _224410_/Y (XNOR2x2_ASAP7_75t_R)
  18.06 12870.24 ^ _224411_/Y (AOI211x1_ASAP7_75t_R)
  31.51 12901.75 ^ _224428_/Y (AND2x2_ASAP7_75t_R)
 100.65 13002.40 v _224840_/Y (AOI211x1_ASAP7_75t_R)
  58.48 13060.88 v _224913_/Y (AND2x2_ASAP7_75t_R)
  17.85 13078.73 v _224914_/Y (OA21x2_ASAP7_75t_R)
  18.09 13096.81 v _224915_/Y (OA21x2_ASAP7_75t_R)
  33.01 13129.82 v _224916_/Y (AO221x1_ASAP7_75t_R)
  28.02 13157.83 v _224917_/Y (MAJx2_ASAP7_75t_R)
  19.41 13177.25 v _224929_/Y (AO21x1_ASAP7_75t_R)
  16.07 13193.32 v _224943_/Y (AO21x1_ASAP7_75t_R)
  17.98 13211.31 v _224948_/Y (AO21x1_ASAP7_75t_R)
  28.74 13240.05 v _225034_/Y (AO21x2_ASAP7_75t_R)
  45.54 13285.58 v _225249_/Y (AO21x2_ASAP7_75t_R)
  68.32 13353.90 ^ _225319_/Y (NAND2x2_ASAP7_75t_R)
  33.58 13387.48 ^ _225320_/Y (AO22x1_ASAP7_75t_R)
  24.35 13411.83 ^ _225322_/Y (AO21x2_ASAP7_75t_R)
  20.35 13432.18 ^ _225323_/Y (AO221x1_ASAP7_75t_R)
  31.65 13463.83 ^ _225326_/Y (OA211x2_ASAP7_75t_R)
  33.42 13497.25 ^ _225330_/Y (AO221x2_ASAP7_75t_R)
  24.64 13521.89 ^ _225341_/Y (AO21x2_ASAP7_75t_R)
  29.84 13551.73 ^ _225351_/Y (AO22x2_ASAP7_75t_R)
  71.22 13622.95 v _225594_/Y (AOI211x1_ASAP7_75t_R)
  99.64 13722.60 ^ _225595_/Y (NAND2x2_ASAP7_75t_R)
  45.68 13768.28 ^ _225671_/Y (OA211x2_ASAP7_75t_R)
  31.05 13799.33 ^ _225684_/Y (AND3x2_ASAP7_75t_R)
  25.28 13824.61 ^ _225685_/Y (OA22x2_ASAP7_75t_R)
  28.45 13853.06 ^ _225689_/Y (MAJx2_ASAP7_75t_R)
  25.67 13878.73 ^ _225690_/Y (MAJx2_ASAP7_75t_R)
  23.93 13902.66 v _225704_/Y (AOI21x1_ASAP7_75t_R)
  29.00 13931.66 ^ _225734_/Y (OAI21x1_ASAP7_75t_R)
  25.19 13956.85 ^ _225812_/Y (AND3x1_ASAP7_75t_R)
 113.16 14070.02 ^ _225945_/Y (OR5x1_ASAP7_75t_R)
  48.64 14118.66 ^ _226108_/Y (OA21x2_ASAP7_75t_R)
  18.90 14137.56 ^ _226109_/Y (AO221x1_ASAP7_75t_R)
  23.26 14160.82 ^ _226110_/Y (MAJx2_ASAP7_75t_R)
  18.20 14179.02 ^ _226111_/Y (AO21x1_ASAP7_75t_R)
  23.11 14202.12 ^ _226112_/Y (AO32x1_ASAP7_75t_R)
  39.84 14241.96 ^ _226115_/Y (AO22x1_ASAP7_75t_R)
  27.02 14268.98 v _226127_/Y (AOI21x1_ASAP7_75t_R)
  36.81 14305.79 ^ _226148_/Y (OAI22x1_ASAP7_75t_R)
  25.88 14331.68 ^ _226158_/Y (AO21x1_ASAP7_75t_R)
  27.29 14358.97 ^ _226160_/Y (AO22x2_ASAP7_75t_R)
  91.88 14450.85 ^ _226252_/Y (AO21x1_ASAP7_75t_R)
  17.69 14468.54 v _226384_/Y (NAND2x1_ASAP7_75t_R)
  32.81 14501.35 v _226388_/Y (AO222x2_ASAP7_75t_R)
  31.82 14533.18 v _226389_/Y (OA211x2_ASAP7_75t_R)
  22.60 14555.77 v _226390_/Y (MAJx2_ASAP7_75t_R)
  20.79 14576.57 v _226391_/Y (MAJx2_ASAP7_75t_R)
  20.18 14596.75 v _226392_/Y (MAJx2_ASAP7_75t_R)
  33.17 14629.92 v _226393_/Y (AO222x2_ASAP7_75t_R)
  20.18 14650.10 v _226415_/Y (AO21x1_ASAP7_75t_R)
  20.07 14670.17 v _226416_/Y (AO22x1_ASAP7_75t_R)
  22.13 14692.30 v _226425_/Y (AO21x2_ASAP7_75t_R)
  60.49 14752.79 v _226552_/Y (AO21x2_ASAP7_75t_R)
 228.13 14980.92 ^ _226668_/Y (NAND2x2_ASAP7_75t_R)
 115.78 15096.71 ^ _226680_/Y (OR3x2_ASAP7_75t_R)
  41.22 15137.93 ^ _226685_/Y (AND2x4_ASAP7_75t_R)
  58.80 15196.73 v _226736_/Y (XNOR2x2_ASAP7_75t_R)
  28.96 15225.69 v _226773_/Y (OR3x1_ASAP7_75t_R)
  47.08 15272.77 ^ _226775_/Y (AOI21x1_ASAP7_75t_R)
  45.33 15318.10 v _226776_/Y (NOR2x2_ASAP7_75t_R)
  79.48 15397.58 v _226777_/Y (AO32x1_ASAP7_75t_R)
 120.91 15518.49 ^ _227106_/Y (XNOR2x1_ASAP7_75t_R)
  53.31 15571.79 ^ _228542_/Y (AO32x1_ASAP7_75t_R)
  84.55 15656.34 ^ _228577_/Y (AO32x1_ASAP7_75t_R)
  53.68 15710.02 v _228823_/Y (NOR3x1_ASAP7_75t_R)
  36.69 15746.71 v _228824_/Y (AO32x1_ASAP7_75t_R)
  30.88 15777.60 v _228836_/Y (AO222x2_ASAP7_75t_R)
  29.42 15807.02 v _228869_/Y (OR5x1_ASAP7_75t_R)
  35.42 15842.43 v _228909_/Y (OR5x1_ASAP7_75t_R)
  35.55 15877.99 v _229076_/Y (AO32x1_ASAP7_75t_R)
  37.28 15915.27 v _229116_/Y (AO32x2_ASAP7_75t_R)
  26.65 15941.92 v _229223_/Y (AND5x2_ASAP7_75t_R)
  22.56 15964.47 v _229304_/Y (AND3x2_ASAP7_75t_R)
  23.31 15987.79 v _229305_/Y (AND4x2_ASAP7_75t_R)
  15.69 16003.47 v _229409_/Y (AND3x1_ASAP7_75t_R)
  18.91 16022.39 v _229419_/Y (OA31x2_ASAP7_75t_R)
  23.75 16046.13 v _229424_/Y (OA21x2_ASAP7_75t_R)
  45.81 16091.94 v _238033_/Y (OA211x2_ASAP7_75t_R)
  34.16 16126.10 v _241101_/Y (AO31x2_ASAP7_75t_R)
  71.43 16197.53 v _241194_/Y (AO221x1_ASAP7_75t_R)
 173.32 16370.85 ^ _241196_/Y (NAND2x2_ASAP7_75t_R)
  88.37 16459.22 v _241197_/Y (INVx2_ASAP7_75t_R)
  53.44 16512.66 v _253544_/Y (AO21x1_ASAP7_75t_R)
  14.90 16527.56 v _253545_/Y (AND2x2_ASAP7_75t_R)
   0.13 16527.69 v _378108_/D (DFFHQNx1_ASAP7_75t_R)
        16527.69   data arrival time

12000.00 12000.00   clock core_clk (rise edge)
   0.00 12000.00   clock source latency
   0.00 12000.00 ^ clk (in)
  51.21 12051.21 ^ wire5675/Y (BUFx12_ASAP7_75t_R)
  50.67 12101.89 ^ clkbuf_0_clk/Y (BUFx24_ASAP7_75t_R)
  26.15 12128.04 ^ clkbuf_1_1_0_clk/Y (BUFx24_ASAP7_75t_R)
  24.91 12152.95 ^ clkbuf_2_2_0_clk/Y (BUFx24_ASAP7_75t_R)
  27.24 12180.19 ^ clkbuf_3_5_0_clk/Y (BUFx24_ASAP7_75t_R)
  25.96 12206.15 ^ clkbuf_4_11_0_clk/Y (BUFx24_ASAP7_75t_R)
  27.00 12233.15 ^ clkbuf_6_45__f_clk/Y (BUFx24_ASAP7_75t_R)
  26.21 12259.37 ^ clkbuf_leaf_570_clk/Y (BUFx24_ASAP7_75t_R)
   1.34 12260.70 ^ _378108_/CLK (DFFHQNx1_ASAP7_75t_R)
 -50.00 12210.70   clock uncertainty
   2.39 12213.09   clock reconvergence pessimism
  -0.26 12212.83   library setup time
        12212.83   data required time
---------------------------------------------------------
        12212.83   data required time
        -16527.69   data arrival time
---------------------------------------------------------
        -4314.85   slack (VIOLATED)


Startpoint: _369487_ (rising edge-triggered flip-flop clocked by core_clk)
Endpoint: _378108_ (rising edge-triggered flip-flop clocked by core_clk)
Path Group: reg2reg
Path Type: max

  Delay    Time   Description
---------------------------------------------------------
   0.00    0.00   clock core_clk (rise edge)
   0.00    0.00   clock source latency
   0.00    0.00 ^ clk (in)
  51.99   51.99 ^ wire5675/Y (BUFx12_ASAP7_75t_R)
  52.29  104.28 ^ clkbuf_0_clk/Y (BUFx24_ASAP7_75t_R)
  27.06  131.33 ^ clkbuf_1_0_0_clk/Y (BUFx24_ASAP7_75t_R)
  26.85  158.18 ^ clkbuf_2_1_0_clk/Y (BUFx24_ASAP7_75t_R)
  28.86  187.04 ^ clkbuf_3_3_0_clk/Y (BUFx24_ASAP7_75t_R)
  30.02  217.07 ^ clkbuf_4_7_0_clk/Y (BUFx24_ASAP7_75t_R)
  29.08  246.15 ^ clkbuf_6_30__f_clk/Y (BUFx24_ASAP7_75t_R)
  33.58  279.73 ^ clkbuf_leaf_368_clk/Y (BUFx24_ASAP7_75t_R)
   3.20  282.92 ^ _369487_/CLK (DFFHQNx1_ASAP7_75t_R)
  81.75  364.68 v _369487_/QN (DFFHQNx1_ASAP7_75t_R)
 117.22  481.90 v _184248_/Y (OR4x2_ASAP7_75t_R)
 163.68  645.58 ^ _184249_/Y (NAND3x1_ASAP7_75t_R)
  86.57  732.14 v _184434_/Y (AOI21x1_ASAP7_75t_R)
  78.49  810.64 v _184438_/Y (OR3x1_ASAP7_75t_R)
  60.40  871.03 ^ _184457_/Y (AOI21x1_ASAP7_75t_R)
  39.14  910.17 ^ max_cap4622/Y (BUFx12_ASAP7_75t_R)
  24.73  934.91 ^ max_cap4621/Y (BUFx12_ASAP7_75t_R)
  31.59  966.49 ^ load_slew4620/Y (BUFx6f_ASAP7_75t_R)
  23.60  990.09 ^ wire4619/Y (BUFx12f_ASAP7_75t_R)
  32.21 1022.30 ^ max_cap4618/Y (BUFx10_ASAP7_75t_R)
  29.02 1051.32 ^ max_cap4612/Y (BUFx12_ASAP7_75t_R)
  34.32 1085.64 ^ wire4609/Y (BUFx12f_ASAP7_75t_R)
  29.55 1115.19 ^ load_slew4607/Y (BUFx12f_ASAP7_75t_R)
 120.66 1235.85 ^ _184934_/Y (OR3x1_ASAP7_75t_R)
  79.52 1315.37 ^ _185378_/Y (OR2x2_ASAP7_75t_R)
  21.21 1336.58 ^ _185399_/Y (AND4x1_ASAP7_75t_R)
  38.30 1374.88 ^ _185400_/Y (AND4x2_ASAP7_75t_R)
  95.55 1470.43 ^ _185414_/Y (OA222x2_ASAP7_75t_R)
  80.33 1550.76 v _185565_/Y (NAND2x1_ASAP7_75t_R)
  49.69 1600.45 v _186054_/Y (OR5x1_ASAP7_75t_R)
  49.59 1650.03 v _188459_/Y (OR4x2_ASAP7_75t_R)
  66.04 1716.07 v _211565_/Y (AND4x2_ASAP7_75t_R)
  30.31 1746.38 v load_slew2798/Y (BUFx16f_ASAP7_75t_R)
  43.33 1789.71 v load_slew2797/Y (BUFx16f_ASAP7_75t_R)
  35.87 1825.58 v load_slew2796/Y (BUFx16f_ASAP7_75t_R)
  69.03 1894.61 v wire2795/Y (BUFx16f_ASAP7_75t_R)
  24.24 1918.86 v load_slew2794/Y (BUFx16f_ASAP7_75t_R)
  55.74 1974.59 v wire2793/Y (BUFx16f_ASAP7_75t_R)
  79.57 2054.17 v _211844_/Y (AND2x4_ASAP7_75t_R)
  30.08 2084.25 v wire2553/Y (BUFx16f_ASAP7_75t_R)
  78.91 2163.16 v load_slew2552/Y (BUFx16f_ASAP7_75t_R)
 118.99 2282.15 v _211850_/Y (OR4x1_ASAP7_75t_R)
  25.38 2307.53 v _211851_/Y (AND2x4_ASAP7_75t_R)
  17.24 2324.78 ^ _211863_/Y (NOR3x1_ASAP7_75t_R)
  30.46 2355.24 ^ _211864_/Y (AND4x2_ASAP7_75t_R)
   8.53 2363.77 v _211865_/Y (NAND3x1_ASAP7_75t_R)
  33.28 2397.05 v _211869_/Y (OA211x2_ASAP7_75t_R)
  20.81 2417.86 ^ _211879_/Y (AOI221x1_ASAP7_75t_R)
  37.89 2455.75 v _211916_/Y (AOI221x1_ASAP7_75t_R)
  34.29 2490.04 v _211994_/Y (AO21x2_ASAP7_75t_R)
  24.71 2514.75 ^ _212068_/Y (AOI221x1_ASAP7_75t_R)
  40.92 2555.67 v _212069_/Y (XNOR2x2_ASAP7_75t_R)
  49.13 2604.81 v _212079_/Y (AO32x1_ASAP7_75t_R)
  37.28 2642.08 v _212081_/Y (AO221x2_ASAP7_75t_R)
  33.14 2675.22 v _212140_/Y (AO21x2_ASAP7_75t_R)
  32.77 2708.00 ^ _212148_/Y (NAND2x2_ASAP7_75t_R)
  33.87 2741.87 ^ _212159_/Y (AO221x1_ASAP7_75t_R)
  30.04 2771.91 ^ _212174_/Y (AO22x2_ASAP7_75t_R)
  32.66 2804.57 v _212207_/Y (OAI21x1_ASAP7_75t_R)
  25.57 2830.14 ^ _212221_/Y (AOI21x1_ASAP7_75t_R)
  31.21 2861.35 ^ _212228_/Y (OA21x2_ASAP7_75t_R)
  26.23 2887.59 ^ _212263_/Y (XNOR2x2_ASAP7_75t_R)
  30.31 2917.90 ^ _212273_/Y (AO221x1_ASAP7_75t_R)
  27.36 2945.26 ^ _212358_/Y (MAJx2_ASAP7_75t_R)
  40.47 2985.73 v _212379_/Y (AOI211x1_ASAP7_75t_R)
  56.07 3041.79 ^ _212412_/Y (OAI21x1_ASAP7_75t_R)
  41.41 3083.21 ^ _212419_/Y (AO211x2_ASAP7_75t_R)
  25.93 3109.13 ^ _212421_/Y (OA33x2_ASAP7_75t_R)
  25.72 3134.86 v _212437_/Y (NOR3x1_ASAP7_75t_R)
  34.56 3169.41 ^ _212512_/Y (OAI21x1_ASAP7_75t_R)
  31.95 3201.36 ^ _212568_/Y (AO32x1_ASAP7_75t_R)
  22.00 3223.36 ^ _212584_/Y (AND3x1_ASAP7_75t_R)
  26.56 3249.92 ^ _212585_/Y (XNOR2x2_ASAP7_75t_R)
  37.09 3287.01 ^ _212597_/Y (MAJx2_ASAP7_75t_R)
  34.19 3321.21 v _212610_/Y (AOI211x1_ASAP7_75t_R)
  42.58 3363.79 v _212620_/Y (OA211x2_ASAP7_75t_R)
  40.55 3404.34 v _212641_/Y (OR2x2_ASAP7_75t_R)
  26.42 3430.77 v _212731_/Y (AO21x1_ASAP7_75t_R)
  20.15 3450.91 v _212733_/Y (AO22x1_ASAP7_75t_R)
  30.08 3480.99 ^ _212738_/Y (AOI221x1_ASAP7_75t_R)
  32.67 3513.66 ^ _212740_/Y (AO211x2_ASAP7_75t_R)
  34.65 3548.30 ^ _212753_/Y (AO21x1_ASAP7_75t_R)
  43.93 3592.23 ^ _212838_/Y (AO21x2_ASAP7_75t_R)
  27.90 3620.13 ^ _212901_/Y (AND3x1_ASAP7_75t_R)
  31.81 3651.94 v _212902_/Y (AOI21x1_ASAP7_75t_R)
  31.51 3683.46 ^ _212903_/Y (AOI22x1_ASAP7_75t_R)
  39.18 3722.63 ^ _212946_/Y (AND4x2_ASAP7_75t_R)
  24.62 3747.25 ^ _213006_/Y (OA211x2_ASAP7_75t_R)
  25.07 3772.32 ^ _213007_/Y (AO221x1_ASAP7_75t_R)
  20.55 3792.87 ^ _213008_/Y (AO21x2_ASAP7_75t_R)
  25.91 3818.77 ^ _213011_/Y (AND3x2_ASAP7_75t_R)
  34.12 3852.89 v _213012_/Y (XNOR2x2_ASAP7_75t_R)
  26.94 3879.83 v _213058_/Y (OA211x2_ASAP7_75t_R)
  30.20 3910.03 v _213060_/Y (OA211x2_ASAP7_75t_R)
  31.18 3941.21 v _213078_/Y (OR3x2_ASAP7_75t_R)
  27.61 3968.82 v _213197_/Y (AO211x2_ASAP7_75t_R)
  26.88 3995.70 v _213198_/Y (AND2x4_ASAP7_75t_R)
  27.47 4023.17 v _213230_/Y (AND2x2_ASAP7_75t_R)
  26.40 4049.57 v _213231_/Y (XNOR2x1_ASAP7_75t_R)
  29.91 4079.47 v _213232_/Y (XNOR2x1_ASAP7_75t_R)
  44.09 4123.57 v _213363_/Y (AO221x1_ASAP7_75t_R)
  38.78 4162.35 v _213368_/Y (OR5x1_ASAP7_75t_R)
  58.50 4220.84 v _213375_/Y (AO222x2_ASAP7_75t_R)
  33.13 4253.97 v _213494_/Y (AND2x4_ASAP7_75t_R)
  30.36 4284.34 v _213495_/Y (XNOR2x1_ASAP7_75t_R)
  38.09 4322.42 v _213524_/Y (AO32x1_ASAP7_75t_R)
  26.66 4349.08 ^ _213525_/Y (AOI211x1_ASAP7_75t_R)
  34.25 4383.33 ^ _213548_/Y (OA31x2_ASAP7_75t_R)
  37.41 4420.74 ^ _213564_/Y (AO211x2_ASAP7_75t_R)
  26.49 4447.23 ^ _213595_/Y (AND3x1_ASAP7_75t_R)
  26.24 4473.47 v _213596_/Y (XOR2x2_ASAP7_75t_R)
  22.45 4495.92 v _213605_/Y (AO21x1_ASAP7_75t_R)
  37.08 4533.00 v _213606_/Y (AO32x1_ASAP7_75t_R)
  31.94 4564.94 v _213625_/Y (AO21x2_ASAP7_75t_R)
  27.70 4592.64 v _213781_/Y (OA21x2_ASAP7_75t_R)
  41.78 4634.43 ^ _213794_/Y (OAI21x1_ASAP7_75t_R)
  42.88 4677.31 v _213835_/Y (NAND2x2_ASAP7_75t_R)
  36.85 4714.16 v _213973_/Y (AND2x2_ASAP7_75t_R)
  38.28 4752.44 ^ _213974_/Y (XNOR2x2_ASAP7_75t_R)
  22.92 4775.36 v _213984_/Y (AOI211x1_ASAP7_75t_R)
  37.61 4812.97 v _213988_/Y (OR4x2_ASAP7_75t_R)
  38.30 4851.27 v _213989_/Y (AO21x1_ASAP7_75t_R)
  59.80 4911.07 ^ _214007_/Y (NAND2x1_ASAP7_75t_R)
  41.74 4952.81 ^ _214009_/Y (AND2x4_ASAP7_75t_R)
  22.52 4975.32 ^ _214013_/Y (AND2x2_ASAP7_75t_R)
  36.11 5011.43 v _214014_/Y (XNOR2x2_ASAP7_75t_R)
  33.46 5044.89 v _214121_/Y (OA211x2_ASAP7_75t_R)
  18.77 5063.65 v _214139_/Y (AND4x1_ASAP7_75t_R)
  21.40 5085.06 v _214326_/Y (AO211x2_ASAP7_75t_R)
  49.96 5135.02 v _214333_/Y (OA21x2_ASAP7_75t_R)
  60.41 5195.44 v _214504_/Y (OA211x2_ASAP7_75t_R)
  29.67 5225.10 v _214505_/Y (XOR2x2_ASAP7_75t_R)
  20.14 5245.25 v _214529_/Y (AND3x1_ASAP7_75t_R)
  38.50 5283.75 v _214531_/Y (OR4x2_ASAP7_75t_R)
  17.34 5301.09 ^ _214543_/Y (AOI22x1_ASAP7_75t_R)
  20.49 5321.58 ^ _214544_/Y (AND2x4_ASAP7_75t_R)
  63.94 5385.52 ^ _214554_/Y (AO221x2_ASAP7_75t_R)
  51.28 5436.80 ^ _214722_/Y (AND5x1_ASAP7_75t_R)
  29.23 5466.03 v _214723_/Y (XOR2x2_ASAP7_75t_R)
  19.65 5485.69 v _214724_/Y (AND2x4_ASAP7_75t_R)
  15.97 5501.66 ^ _214850_/Y (INVx1_ASAP7_75t_R)
  31.91 5533.57 ^ _214852_/Y (AND4x1_ASAP7_75t_R)
  29.87 5563.43 ^ _214868_/Y (AND5x1_ASAP7_75t_R)
  22.72 5586.16 ^ _214869_/Y (AO32x1_ASAP7_75t_R)
  81.64 5667.80 ^ _214872_/Y (OA31x2_ASAP7_75t_R)
  42.50 5710.30 ^ _215078_/Y (AND2x2_ASAP7_75t_R)
  36.10 5746.39 v _215079_/Y (XNOR2x2_ASAP7_75t_R)
  34.42 5780.82 v _215122_/Y (OA221x2_ASAP7_75t_R)
  30.89 5811.71 v _215131_/Y (AO221x1_ASAP7_75t_R)
  37.11 5848.82 v _215139_/Y (AO22x2_ASAP7_75t_R)
  36.40 5885.21 v _215153_/Y (AO221x2_ASAP7_75t_R)
  53.03 5938.24 v _215160_/Y (AO21x2_ASAP7_75t_R)
  43.59 5981.83 v _215230_/Y (AO21x2_ASAP7_75t_R)
  20.05 6001.87 v _215231_/Y (AND2x4_ASAP7_75t_R)
  16.94 6018.81 v _215284_/Y (XNOR2x1_ASAP7_75t_R)
  38.74 6057.55 v _215285_/Y (OR5x1_ASAP7_75t_R)
  28.11 6085.66 ^ _215286_/Y (OAI22x1_ASAP7_75t_R)
  44.37 6130.03 ^ _215332_/Y (AO211x2_ASAP7_75t_R)
  52.27 6182.30 ^ _215466_/Y (AO211x2_ASAP7_75t_R)
  42.70 6225.00 ^ _215467_/Y (AND2x4_ASAP7_75t_R)
  28.50 6253.50 ^ _215476_/Y (AO21x2_ASAP7_75t_R)
  26.58 6280.08 ^ _215478_/Y (AND2x2_ASAP7_75t_R)
  29.44 6309.52 ^ _215729_/Y (OA31x2_ASAP7_75t_R)
  15.57 6325.09 v _215748_/Y (AOI211x1_ASAP7_75t_R)
  37.27 6362.36 v _215777_/Y (OR4x2_ASAP7_75t_R)
  39.75 6402.11 v _215781_/Y (AO32x2_ASAP7_75t_R)
  53.51 6455.62 v _215787_/Y (OR3x2_ASAP7_75t_R)
  52.82 6508.44 v _215869_/Y (OA21x2_ASAP7_75t_R)
  29.60 6538.05 v _215888_/Y (AND2x2_ASAP7_75t_R)
  32.20 6570.25 v _215889_/Y (XNOR2x2_ASAP7_75t_R)
  33.95 6604.19 v _216007_/Y (XNOR2x1_ASAP7_75t_R)
  22.91 6627.10 ^ _216008_/Y (NAND3x1_ASAP7_75t_R)
  21.90 6649.00 v _216182_/Y (AOI211x1_ASAP7_75t_R)
  55.33 6704.33 v _216196_/Y (OR5x2_ASAP7_75t_R)
  56.07 6760.40 ^ _216251_/Y (NAND2x1_ASAP7_75t_R)
  30.17 6790.56 ^ _216252_/Y (AO21x2_ASAP7_75t_R)
  30.37 6820.93 ^ _216253_/Y (XNOR2x2_ASAP7_75t_R)
  27.60 6848.53 ^ _216254_/Y (AND2x2_ASAP7_75t_R)
  20.59 6869.12 ^ _216255_/Y (AO21x1_ASAP7_75t_R)
  20.90 6890.03 ^ _216261_/Y (OA211x2_ASAP7_75t_R)
  69.99 6960.02 ^ _216360_/Y (AO221x1_ASAP7_75t_R)
  23.00 6983.01 v _216362_/Y (INVx6_ASAP7_75t_R)
  89.01 7072.03 ^ _216545_/Y (NAND2x1_ASAP7_75t_R)
  37.31 7109.34 ^ _216628_/Y (OA21x2_ASAP7_75t_R)
  34.38 7143.72 v _216629_/Y (XNOR2x2_ASAP7_75t_R)
  28.17 7171.89 v _216843_/Y (OR2x4_ASAP7_75t_R)
  23.70 7195.59 v _216846_/Y (OA222x2_ASAP7_75t_R)
  22.80 7218.39 v _216851_/Y (AO221x1_ASAP7_75t_R)
  43.30 7261.68 v _216876_/Y (AO221x1_ASAP7_75t_R)
  43.55 7305.23 v _216887_/Y (AND3x2_ASAP7_75t_R)
  68.57 7373.80 ^ _216996_/Y (NAND2x2_ASAP7_75t_R)
  42.10 7415.90 ^ _217076_/Y (OA21x2_ASAP7_75t_R)
  23.95 7439.86 ^ _217107_/Y (XNOR2x2_ASAP7_75t_R)
  41.93 7481.79 ^ _217265_/Y (AND5x1_ASAP7_75t_R)
  36.98 7518.77 ^ _217277_/Y (AND5x1_ASAP7_75t_R)
  31.55 7550.31 ^ _217278_/Y (OA211x2_ASAP7_75t_R)
  45.89 7596.21 v _217284_/Y (AOI211x1_ASAP7_75t_R)
 109.67 7705.88 ^ _217285_/Y (NAND2x2_ASAP7_75t_R)
  40.57 7746.45 ^ _217578_/Y (OA21x2_ASAP7_75t_R)
  37.61 7784.06 v _217579_/Y (XNOR2x2_ASAP7_75t_R)
  37.05 7821.11 ^ _217695_/Y (NAND2x1_ASAP7_75t_R)
  31.64 7852.76 ^ _217699_/Y (AO211x2_ASAP7_75t_R)
  28.09 7880.85 ^ _217700_/Y (AO31x2_ASAP7_75t_R)
  45.60 7926.44 ^ _217715_/Y (AO21x2_ASAP7_75t_R)
  53.63 7980.07 v _217716_/Y (NAND2x2_ASAP7_75t_R)
  52.44 8032.51 v _218014_/Y (OA21x2_ASAP7_75t_R)
  28.10 8060.62 ^ _218015_/Y (XNOR2x2_ASAP7_75t_R)
  30.42 8091.04 v _218016_/Y (XNOR2x2_ASAP7_75t_R)
  36.08 8127.11 v _218022_/Y (OA211x2_ASAP7_75t_R)
  28.22 8155.33 v _218131_/Y (AO21x1_ASAP7_75t_R)
  32.85 8188.18 v _218149_/Y (OA21x2_ASAP7_75t_R)
  81.58 8269.76 v _218150_/Y (OR3x2_ASAP7_75t_R)
  30.35 8300.11 ^ _218207_/Y (OAI21x1_ASAP7_75t_R)
  42.40 8342.51 ^ _218208_/Y (XOR2x2_ASAP7_75t_R)
  31.19 8373.70 ^ _218236_/Y (XNOR2x2_ASAP7_75t_R)
  20.63 8394.32 ^ _218242_/Y (AND3x1_ASAP7_75t_R)
  14.84 8409.17 v _218244_/Y (NAND2x1_ASAP7_75t_R)
  26.50 8435.67 ^ _218285_/Y (OAI22x1_ASAP7_75t_R)
 142.85 8578.51 v _218562_/Y (AOI211x1_ASAP7_75t_R)
  74.35 8652.86 ^ _218680_/Y (OAI21x1_ASAP7_75t_R)
  29.37 8682.24 ^ _218682_/Y (AND2x2_ASAP7_75t_R)
  23.39 8705.63 ^ _218683_/Y (XNOR2x2_ASAP7_75t_R)
  37.42 8743.05 ^ _218684_/Y (AND5x1_ASAP7_75t_R)
  32.57 8775.62 ^ _218852_/Y (AND4x1_ASAP7_75t_R)
  19.20 8794.81 ^ _218871_/Y (AO31x2_ASAP7_75t_R)
  41.49 8836.30 ^ _218918_/Y (AO211x2_ASAP7_75t_R)
  57.65 8893.95 v _218927_/Y (NOR2x2_ASAP7_75t_R)
  48.50 8942.45 v _219003_/Y (OR4x1_ASAP7_75t_R)
  27.70 8970.15 v _219005_/Y (OA211x2_ASAP7_75t_R)
  17.28 8987.44 v _219012_/Y (AO31x2_ASAP7_75t_R)
  21.46 9008.90 v _219030_/Y (OR3x1_ASAP7_75t_R)
  23.63 9032.53 ^ _219031_/Y (NAND2x1_ASAP7_75t_R)
  33.26 9065.79 ^ _219212_/Y (AND4x1_ASAP7_75t_R)
  25.20 9090.98 ^ _219221_/Y (OR4x1_ASAP7_75t_R)
  50.06 9141.04 v _219222_/Y (OAI21x1_ASAP7_75t_R)
  67.84 9208.88 v _219302_/Y (AND2x2_ASAP7_75t_R)
  41.57 9250.45 ^ _219314_/Y (AOI211x1_ASAP7_75t_R)
  45.30 9295.75 v _219315_/Y (XNOR2x2_ASAP7_75t_R)
  36.90 9332.65 v _219653_/Y (OA211x2_ASAP7_75t_R)
  28.08 9360.74 v _219655_/Y (OA222x2_ASAP7_75t_R)
  91.46 9452.20 v _219690_/Y (AO221x1_ASAP7_75t_R)
  99.27 9551.47 ^ _219718_/Y (NAND2x2_ASAP7_75t_R)
  38.26 9589.73 v _219988_/Y (AOI221x1_ASAP7_75t_R)
  39.18 9628.90 v _219992_/Y (OA33x2_ASAP7_75t_R)
  20.42 9649.32 ^ _220017_/Y (AOI21x1_ASAP7_75t_R)
  37.96 9687.28 ^ _220031_/Y (OA33x2_ASAP7_75t_R)
  14.29 9701.57 v _220033_/Y (OAI21x1_ASAP7_75t_R)
  30.17 9731.74 v _220096_/Y (AO31x2_ASAP7_75t_R)
  36.51 9768.25 v _220129_/Y (AO211x2_ASAP7_75t_R)
  67.14 9835.39 v _220162_/Y (AO21x2_ASAP7_75t_R)
  57.53 9892.92 v _220341_/Y (AO21x2_ASAP7_75t_R)
  30.09 9923.01 v _220343_/Y (AND2x2_ASAP7_75t_R)
  23.13 9946.13 ^ _220461_/Y (OAI21x1_ASAP7_75t_R)
  37.85 9983.98 ^ _220467_/Y (AND5x1_ASAP7_75t_R)
  30.72 10014.70 ^ _220661_/Y (AO32x2_ASAP7_75t_R)
  35.08 10049.79 ^ _220664_/Y (OA31x2_ASAP7_75t_R)
  68.48 10118.27 ^ _220695_/Y (OR3x2_ASAP7_75t_R)
  70.81 10189.08 ^ _220861_/Y (OA21x2_ASAP7_75t_R)
  17.80 10206.87 ^ _220880_/Y (OA21x2_ASAP7_75t_R)
  12.18 10219.06 v _220893_/Y (NOR3x1_ASAP7_75t_R)
  37.00 10256.06 v _220894_/Y (OR4x1_ASAP7_75t_R)
  23.16 10279.21 v _220901_/Y (AO21x1_ASAP7_75t_R)
  25.08 10304.29 v _220910_/Y (AO21x2_ASAP7_75t_R)
  48.71 10353.01 v _221032_/Y (AO32x1_ASAP7_75t_R)
  65.61 10418.62 ^ _221087_/Y (NAND2x2_ASAP7_75t_R)
  55.90 10474.51 ^ _221108_/Y (OA22x2_ASAP7_75t_R)
  39.06 10513.58 ^ _221291_/Y (XNOR2x2_ASAP7_75t_R)
  32.23 10545.81 ^ _221294_/Y (AND4x2_ASAP7_75t_R)
  20.24 10566.05 ^ _221517_/Y (AND2x2_ASAP7_75t_R)
  14.05 10580.10 v _221532_/Y (AOI21x1_ASAP7_75t_R)
  32.93 10613.03 v _221571_/Y (AO221x1_ASAP7_75t_R)
  38.33 10651.35 v _221574_/Y (AO33x2_ASAP7_75t_R)
 118.12 10769.48 v _221575_/Y (AND3x1_ASAP7_75t_R)
  63.66 10833.14 v _221581_/Y (OR4x1_ASAP7_75t_R)
  35.15 10868.29 v _221583_/Y (AND3x1_ASAP7_75t_R)
  31.05 10899.34 v _221585_/Y (XNOR2x2_ASAP7_75t_R)
  25.34 10924.68 v _221598_/Y (AO211x2_ASAP7_75t_R)
  35.17 10959.85 v _221785_/Y (OR3x2_ASAP7_75t_R)
  44.32 11004.17 ^ _221849_/Y (NAND2x2_ASAP7_75t_R)
  66.84 11071.02 ^ _222157_/Y (OR3x2_ASAP7_75t_R)
  33.29 11104.30 ^ _222175_/Y (AND3x1_ASAP7_75t_R)
  41.82 11146.13 ^ _222176_/Y (XNOR2x2_ASAP7_75t_R)
  38.85 11184.98 v _222177_/Y (XNOR2x2_ASAP7_75t_R)
  27.14 11212.12 v _222178_/Y (AND5x2_ASAP7_75t_R)
  18.92 11231.04 v _222221_/Y (AND2x2_ASAP7_75t_R)
  19.31 11250.36 v _222230_/Y (AO21x2_ASAP7_75t_R)
  35.13 11285.48 v _222272_/Y (AO221x2_ASAP7_75t_R)
  25.58 11311.06 v _222273_/Y (AO21x2_ASAP7_75t_R)
 107.77 11418.83 v _222374_/Y (AO21x1_ASAP7_75t_R)
  77.82 11496.65 v _222701_/Y (OA211x2_ASAP7_75t_R)
  32.91 11529.56 v _222709_/Y (OR5x1_ASAP7_75t_R)
  23.11 11552.67 v _222716_/Y (OA21x2_ASAP7_75t_R)
  19.97 11572.64 v _222721_/Y (AND3x2_ASAP7_75t_R)
  27.35 11599.99 v _222722_/Y (OA31x2_ASAP7_75t_R)
  54.79 11654.77 v _222723_/Y (OR4x1_ASAP7_75t_R)
  80.73 11735.50 v _222856_/Y (AO21x2_ASAP7_75t_R)
  56.87 11792.38 v _223087_/Y (AND2x2_ASAP7_75t_R)
  36.36 11828.73 ^ _223088_/Y (XOR2x2_ASAP7_75t_R)
  26.88 11855.61 ^ _223089_/Y (XNOR2x2_ASAP7_75t_R)
  35.68 11891.29 ^ _223171_/Y (AND5x1_ASAP7_75t_R)
  37.20 11928.49 v _223178_/Y (AOI221x1_ASAP7_75t_R)
  39.10 11967.59 v _223188_/Y (OA21x2_ASAP7_75t_R)
 102.96 12070.56 v _223343_/Y (OA211x2_ASAP7_75t_R)
  56.24 12126.80 v _223434_/Y (OR3x1_ASAP7_75t_R)
  21.07 12147.87 v _223789_/Y (AND2x2_ASAP7_75t_R)
  21.60 12169.47 v _223790_/Y (XNOR2x1_ASAP7_75t_R)
  41.04 12210.51 v _223794_/Y (OR5x1_ASAP7_75t_R)
  38.35 12248.86 v _223795_/Y (OR4x1_ASAP7_75t_R)
  27.32 12276.17 v _223882_/Y (OA31x2_ASAP7_75t_R)
  44.98 12321.16 v _223883_/Y (OA211x2_ASAP7_75t_R)
  34.75 12355.91 v _223927_/Y (AND2x4_ASAP7_75t_R)
  49.68 12405.59 ^ _224049_/Y (AOI22x1_ASAP7_75t_R)
  26.12 12431.71 ^ _224050_/Y (XNOR2x1_ASAP7_75t_R)
  35.55 12467.26 ^ _224061_/Y (AND5x1_ASAP7_75t_R)
  58.64 12525.89 v _224146_/Y (AOI221x1_ASAP7_75t_R)
  47.00 12572.89 ^ _224355_/Y (OAI21x1_ASAP7_75t_R)
  26.37 12599.27 ^ _224356_/Y (AND4x1_ASAP7_75t_R)
  63.78 12663.05 ^ _224360_/Y (OR4x2_ASAP7_75t_R)
  87.20 12750.24 v _224402_/Y (INVx1_ASAP7_75t_R)
  20.14 12770.38 ^ _224406_/Y (AOI21x1_ASAP7_75t_R)
  49.46 12819.84 ^ _224409_/Y (AND5x1_ASAP7_75t_R)
  32.33 12852.17 v _224410_/Y (XNOR2x2_ASAP7_75t_R)
  18.06 12870.24 ^ _224411_/Y (AOI211x1_ASAP7_75t_R)
  31.51 12901.75 ^ _224428_/Y (AND2x2_ASAP7_75t_R)
 100.65 13002.40 v _224840_/Y (AOI211x1_ASAP7_75t_R)
  58.48 13060.88 v _224913_/Y (AND2x2_ASAP7_75t_R)
  17.85 13078.73 v _224914_/Y (OA21x2_ASAP7_75t_R)
  18.09 13096.81 v _224915_/Y (OA21x2_ASAP7_75t_R)
  33.01 13129.82 v _224916_/Y (AO221x1_ASAP7_75t_R)
  28.02 13157.83 v _224917_/Y (MAJx2_ASAP7_75t_R)
  19.41 13177.25 v _224929_/Y (AO21x1_ASAP7_75t_R)
  16.07 13193.32 v _224943_/Y (AO21x1_ASAP7_75t_R)
  17.98 13211.31 v _224948_/Y (AO21x1_ASAP7_75t_R)
  28.74 13240.05 v _225034_/Y (AO21x2_ASAP7_75t_R)
  45.54 13285.58 v _225249_/Y (AO21x2_ASAP7_75t_R)
  68.32 13353.90 ^ _225319_/Y (NAND2x2_ASAP7_75t_R)
  33.58 13387.48 ^ _225320_/Y (AO22x1_ASAP7_75t_R)
  24.35 13411.83 ^ _225322_/Y (AO21x2_ASAP7_75t_R)
  20.35 13432.18 ^ _225323_/Y (AO221x1_ASAP7_75t_R)
  31.65 13463.83 ^ _225326_/Y (OA211x2_ASAP7_75t_R)
  33.42 13497.25 ^ _225330_/Y (AO221x2_ASAP7_75t_R)
  24.64 13521.89 ^ _225341_/Y (AO21x2_ASAP7_75t_R)
  29.84 13551.73 ^ _225351_/Y (AO22x2_ASAP7_75t_R)
  71.22 13622.95 v _225594_/Y (AOI211x1_ASAP7_75t_R)
  99.64 13722.60 ^ _225595_/Y (NAND2x2_ASAP7_75t_R)
  45.68 13768.28 ^ _225671_/Y (OA211x2_ASAP7_75t_R)
  31.05 13799.33 ^ _225684_/Y (AND3x2_ASAP7_75t_R)
  25.28 13824.61 ^ _225685_/Y (OA22x2_ASAP7_75t_R)
  28.45 13853.06 ^ _225689_/Y (MAJx2_ASAP7_75t_R)
  25.67 13878.73 ^ _225690_/Y (MAJx2_ASAP7_75t_R)
  23.93 13902.66 v _225704_/Y (AOI21x1_ASAP7_75t_R)
  29.00 13931.66 ^ _225734_/Y (OAI21x1_ASAP7_75t_R)
  25.19 13956.85 ^ _225812_/Y (AND3x1_ASAP7_75t_R)
 113.16 14070.02 ^ _225945_/Y (OR5x1_ASAP7_75t_R)
  48.64 14118.66 ^ _226108_/Y (OA21x2_ASAP7_75t_R)
  18.90 14137.56 ^ _226109_/Y (AO221x1_ASAP7_75t_R)
  23.26 14160.82 ^ _226110_/Y (MAJx2_ASAP7_75t_R)
  18.20 14179.02 ^ _226111_/Y (AO21x1_ASAP7_75t_R)
  23.11 14202.12 ^ _226112_/Y (AO32x1_ASAP7_75t_R)
  39.84 14241.96 ^ _226115_/Y (AO22x1_ASAP7_75t_R)
  27.02 14268.98 v _226127_/Y (AOI21x1_ASAP7_75t_R)
  36.81 14305.79 ^ _226148_/Y (OAI22x1_ASAP7_75t_R)
  25.88 14331.68 ^ _226158_/Y (AO21x1_ASAP7_75t_R)
  27.29 14358.97 ^ _226160_/Y (AO22x2_ASAP7_75t_R)
  91.88 14450.85 ^ _226252_/Y (AO21x1_ASAP7_75t_R)
  17.69 14468.54 v _226384_/Y (NAND2x1_ASAP7_75t_R)
  32.81 14501.35 v _226388_/Y (AO222x2_ASAP7_75t_R)
  31.82 14533.18 v _226389_/Y (OA211x2_ASAP7_75t_R)
  22.60 14555.77 v _226390_/Y (MAJx2_ASAP7_75t_R)
  20.79 14576.57 v _226391_/Y (MAJx2_ASAP7_75t_R)
  20.18 14596.75 v _226392_/Y (MAJx2_ASAP7_75t_R)
  33.17 14629.92 v _226393_/Y (AO222x2_ASAP7_75t_R)
  20.18 14650.10 v _226415_/Y (AO21x1_ASAP7_75t_R)
  20.07 14670.17 v _226416_/Y (AO22x1_ASAP7_75t_R)
  22.13 14692.30 v _226425_/Y (AO21x2_ASAP7_75t_R)
  60.49 14752.79 v _226552_/Y (AO21x2_ASAP7_75t_R)
 228.13 14980.92 ^ _226668_/Y (NAND2x2_ASAP7_75t_R)
 115.78 15096.71 ^ _226680_/Y (OR3x2_ASAP7_75t_R)
  41.22 15137.93 ^ _226685_/Y (AND2x4_ASAP7_75t_R)
  58.80 15196.73 v _226736_/Y (XNOR2x2_ASAP7_75t_R)
  28.96 15225.69 v _226773_/Y (OR3x1_ASAP7_75t_R)
  47.08 15272.77 ^ _226775_/Y (AOI21x1_ASAP7_75t_R)
  45.33 15318.10 v _226776_/Y (NOR2x2_ASAP7_75t_R)
  79.48 15397.58 v _226777_/Y (AO32x1_ASAP7_75t_R)
 120.91 15518.49 ^ _227106_/Y (XNOR2x1_ASAP7_75t_R)
  53.31 15571.79 ^ _228542_/Y (AO32x1_ASAP7_75t_R)
  84.55 15656.34 ^ _228577_/Y (AO32x1_ASAP7_75t_R)
  53.68 15710.02 v _228823_/Y (NOR3x1_ASAP7_75t_R)
  36.69 15746.71 v _228824_/Y (AO32x1_ASAP7_75t_R)
  30.88 15777.60 v _228836_/Y (AO222x2_ASAP7_75t_R)
  29.42 15807.02 v _228869_/Y (OR5x1_ASAP7_75t_R)
  35.42 15842.43 v _228909_/Y (OR5x1_ASAP7_75t_R)
  35.55 15877.99 v _229076_/Y (AO32x1_ASAP7_75t_R)
  37.28 15915.27 v _229116_/Y (AO32x2_ASAP7_75t_R)
  26.65 15941.92 v _229223_/Y (AND5x2_ASAP7_75t_R)
  22.56 15964.47 v _229304_/Y (AND3x2_ASAP7_75t_R)
  23.31 15987.79 v _229305_/Y (AND4x2_ASAP7_75t_R)
  15.69 16003.47 v _229409_/Y (AND3x1_ASAP7_75t_R)
  18.91 16022.39 v _229419_/Y (OA31x2_ASAP7_75t_R)
  23.75 16046.13 v _229424_/Y (OA21x2_ASAP7_75t_R)
  45.81 16091.94 v _238033_/Y (OA211x2_ASAP7_75t_R)
  34.16 16126.10 v _241101_/Y (AO31x2_ASAP7_75t_R)
  71.43 16197.53 v _241194_/Y (AO221x1_ASAP7_75t_R)
 173.32 16370.85 ^ _241196_/Y (NAND2x2_ASAP7_75t_R)
  88.37 16459.22 v _241197_/Y (INVx2_ASAP7_75t_R)
  53.44 16512.66 v _253544_/Y (AO21x1_ASAP7_75t_R)
  14.90 16527.56 v _253545_/Y (AND2x2_ASAP7_75t_R)
   0.13 16527.69 v _378108_/D (DFFHQNx1_ASAP7_75t_R)
        16527.69   data arrival time

12000.00 12000.00   clock core_clk (rise edge)
   0.00 12000.00   clock source latency
   0.00 12000.00 ^ clk (in)
  51.21 12051.21 ^ wire5675/Y (BUFx12_ASAP7_75t_R)
  50.67 12101.89 ^ clkbuf_0_clk/Y (BUFx24_ASAP7_75t_R)
  26.15 12128.04 ^ clkbuf_1_1_0_clk/Y (BUFx24_ASAP7_75t_R)
  24.91 12152.95 ^ clkbuf_2_2_0_clk/Y (BUFx24_ASAP7_75t_R)
  27.24 12180.19 ^ clkbuf_3_5_0_clk/Y (BUFx24_ASAP7_75t_R)
  25.96 12206.15 ^ clkbuf_4_11_0_clk/Y (BUFx24_ASAP7_75t_R)
  27.00 12233.15 ^ clkbuf_6_45__f_clk/Y (BUFx24_ASAP7_75t_R)
  26.21 12259.37 ^ clkbuf_leaf_570_clk/Y (BUFx24_ASAP7_75t_R)
   1.34 12260.70 ^ _378108_/CLK (DFFHQNx1_ASAP7_75t_R)
 -50.00 12210.70   clock uncertainty
   2.39 12213.09   clock reconvergence pessimism
  -0.26 12212.83   library setup time
        12212.83   data required time
---------------------------------------------------------
        12212.83   data required time
        -16527.69   data arrival time
---------------------------------------------------------
        -4314.85   slack (VIOLATED)


Startpoint: _369487_ (rising edge-triggered flip-flop clocked by core_clk)
Endpoint: _378108_ (rising edge-triggered flip-flop clocked by core_clk)
Path Group: reg2reg
Path Type: max

  Delay    Time   Description
---------------------------------------------------------
   0.00    0.00   clock core_clk (rise edge)
   0.00    0.00   clock source latency
   0.00    0.00 ^ clk (in)
  51.99   51.99 ^ wire5675/Y (BUFx12_ASAP7_75t_R)
  52.29  104.28 ^ clkbuf_0_clk/Y (BUFx24_ASAP7_75t_R)
  27.06  131.33 ^ clkbuf_1_0_0_clk/Y (BUFx24_ASAP7_75t_R)
  26.85  158.18 ^ clkbuf_2_1_0_clk/Y (BUFx24_ASAP7_75t_R)
  28.86  187.04 ^ clkbuf_3_3_0_clk/Y (BUFx24_ASAP7_75t_R)
  30.02  217.07 ^ clkbuf_4_7_0_clk/Y (BUFx24_ASAP7_75t_R)
  29.08  246.15 ^ clkbuf_6_30__f_clk/Y (BUFx24_ASAP7_75t_R)
  33.58  279.73 ^ clkbuf_leaf_368_clk/Y (BUFx24_ASAP7_75t_R)
   3.20  282.92 ^ _369487_/CLK (DFFHQNx1_ASAP7_75t_R)
  81.75  364.68 v _369487_/QN (DFFHQNx1_ASAP7_75t_R)
 117.22  481.90 v _184248_/Y (OR4x2_ASAP7_75t_R)
 163.68  645.58 ^ _184249_/Y (NAND3x1_ASAP7_75t_R)
  86.57  732.14 v _184434_/Y (AOI21x1_ASAP7_75t_R)
  78.49  810.64 v _184438_/Y (OR3x1_ASAP7_75t_R)
  60.40  871.03 ^ _184457_/Y (AOI21x1_ASAP7_75t_R)
  39.14  910.17 ^ max_cap4622/Y (BUFx12_ASAP7_75t_R)
  24.73  934.91 ^ max_cap4621/Y (BUFx12_ASAP7_75t_R)
  31.59  966.49 ^ load_slew4620/Y (BUFx6f_ASAP7_75t_R)
  23.60  990.09 ^ wire4619/Y (BUFx12f_ASAP7_75t_R)
  32.21 1022.30 ^ max_cap4618/Y (BUFx10_ASAP7_75t_R)
  29.02 1051.32 ^ max_cap4612/Y (BUFx12_ASAP7_75t_R)
  34.32 1085.64 ^ wire4609/Y (BUFx12f_ASAP7_75t_R)
  29.55 1115.19 ^ load_slew4607/Y (BUFx12f_ASAP7_75t_R)
 120.66 1235.85 ^ _184934_/Y (OR3x1_ASAP7_75t_R)
  79.52 1315.37 ^ _185378_/Y (OR2x2_ASAP7_75t_R)
  21.21 1336.58 ^ _185399_/Y (AND4x1_ASAP7_75t_R)
  38.30 1374.88 ^ _185400_/Y (AND4x2_ASAP7_75t_R)
  95.55 1470.43 ^ _185414_/Y (OA222x2_ASAP7_75t_R)
  80.33 1550.76 v _185565_/Y (NAND2x1_ASAP7_75t_R)
  49.69 1600.45 v _186054_/Y (OR5x1_ASAP7_75t_R)
  49.59 1650.03 v _188459_/Y (OR4x2_ASAP7_75t_R)
  66.04 1716.07 v _211565_/Y (AND4x2_ASAP7_75t_R)
  30.31 1746.38 v load_slew2798/Y (BUFx16f_ASAP7_75t_R)
  43.33 1789.71 v load_slew2797/Y (BUFx16f_ASAP7_75t_R)
  35.87 1825.58 v load_slew2796/Y (BUFx16f_ASAP7_75t_R)
  69.03 1894.61 v wire2795/Y (BUFx16f_ASAP7_75t_R)
  24.24 1918.86 v load_slew2794/Y (BUFx16f_ASAP7_75t_R)
  55.74 1974.59 v wire2793/Y (BUFx16f_ASAP7_75t_R)
  79.57 2054.17 v _211844_/Y (AND2x4_ASAP7_75t_R)
  30.08 2084.25 v wire2553/Y (BUFx16f_ASAP7_75t_R)
  78.91 2163.16 v load_slew2552/Y (BUFx16f_ASAP7_75t_R)
 118.99 2282.15 v _211850_/Y (OR4x1_ASAP7_75t_R)
  25.38 2307.53 v _211851_/Y (AND2x4_ASAP7_75t_R)
  17.24 2324.78 ^ _211863_/Y (NOR3x1_ASAP7_75t_R)
  30.46 2355.24 ^ _211864_/Y (AND4x2_ASAP7_75t_R)
   8.53 2363.77 v _211865_/Y (NAND3x1_ASAP7_75t_R)
  33.28 2397.05 v _211869_/Y (OA211x2_ASAP7_75t_R)
  20.81 2417.86 ^ _211879_/Y (AOI221x1_ASAP7_75t_R)
  37.89 2455.75 v _211916_/Y (AOI221x1_ASAP7_75t_R)
  34.29 2490.04 v _211994_/Y (AO21x2_ASAP7_75t_R)
  24.71 2514.75 ^ _212068_/Y (AOI221x1_ASAP7_75t_R)
  40.92 2555.67 v _212069_/Y (XNOR2x2_ASAP7_75t_R)
  49.13 2604.81 v _212079_/Y (AO32x1_ASAP7_75t_R)
  37.28 2642.08 v _212081_/Y (AO221x2_ASAP7_75t_R)
  33.14 2675.22 v _212140_/Y (AO21x2_ASAP7_75t_R)
  32.77 2708.00 ^ _212148_/Y (NAND2x2_ASAP7_75t_R)
  33.87 2741.87 ^ _212159_/Y (AO221x1_ASAP7_75t_R)
  30.04 2771.91 ^ _212174_/Y (AO22x2_ASAP7_75t_R)
  32.66 2804.57 v _212207_/Y (OAI21x1_ASAP7_75t_R)
  25.57 2830.14 ^ _212221_/Y (AOI21x1_ASAP7_75t_R)
  31.21 2861.35 ^ _212228_/Y (OA21x2_ASAP7_75t_R)
  26.23 2887.59 ^ _212263_/Y (XNOR2x2_ASAP7_75t_R)
  30.31 2917.90 ^ _212273_/Y (AO221x1_ASAP7_75t_R)
  27.36 2945.26 ^ _212358_/Y (MAJx2_ASAP7_75t_R)
  40.47 2985.73 v _212379_/Y (AOI211x1_ASAP7_75t_R)
  56.07 3041.79 ^ _212412_/Y (OAI21x1_ASAP7_75t_R)
  41.41 3083.21 ^ _212419_/Y (AO211x2_ASAP7_75t_R)
  25.93 3109.13 ^ _212421_/Y (OA33x2_ASAP7_75t_R)
  25.72 3134.86 v _212437_/Y (NOR3x1_ASAP7_75t_R)
  34.56 3169.41 ^ _212512_/Y (OAI21x1_ASAP7_75t_R)
  31.95 3201.36 ^ _212568_/Y (AO32x1_ASAP7_75t_R)
  22.00 3223.36 ^ _212584_/Y (AND3x1_ASAP7_75t_R)
  26.56 3249.92 ^ _212585_/Y (XNOR2x2_ASAP7_75t_R)
  37.09 3287.01 ^ _212597_/Y (MAJx2_ASAP7_75t_R)
  34.19 3321.21 v _212610_/Y (AOI211x1_ASAP7_75t_R)
  42.58 3363.79 v _212620_/Y (OA211x2_ASAP7_75t_R)
  40.55 3404.34 v _212641_/Y (OR2x2_ASAP7_75t_R)
  26.42 3430.77 v _212731_/Y (AO21x1_ASAP7_75t_R)
  20.15 3450.91 v _212733_/Y (AO22x1_ASAP7_75t_R)
  30.08 3480.99 ^ _212738_/Y (AOI221x1_ASAP7_75t_R)
  32.67 3513.66 ^ _212740_/Y (AO211x2_ASAP7_75t_R)
  34.65 3548.30 ^ _212753_/Y (AO21x1_ASAP7_75t_R)
  43.93 3592.23 ^ _212838_/Y (AO21x2_ASAP7_75t_R)
  27.90 3620.13 ^ _212901_/Y (AND3x1_ASAP7_75t_R)
  31.81 3651.94 v _212902_/Y (AOI21x1_ASAP7_75t_R)
  31.51 3683.46 ^ _212903_/Y (AOI22x1_ASAP7_75t_R)
  39.18 3722.63 ^ _212946_/Y (AND4x2_ASAP7_75t_R)
  24.62 3747.25 ^ _213006_/Y (OA211x2_ASAP7_75t_R)
  25.07 3772.32 ^ _213007_/Y (AO221x1_ASAP7_75t_R)
  20.55 3792.87 ^ _213008_/Y (AO21x2_ASAP7_75t_R)
  25.91 3818.77 ^ _213011_/Y (AND3x2_ASAP7_75t_R)
  34.12 3852.89 v _213012_/Y (XNOR2x2_ASAP7_75t_R)
  26.94 3879.83 v _213058_/Y (OA211x2_ASAP7_75t_R)
  30.20 3910.03 v _213060_/Y (OA211x2_ASAP7_75t_R)
  31.18 3941.21 v _213078_/Y (OR3x2_ASAP7_75t_R)
  27.61 3968.82 v _213197_/Y (AO211x2_ASAP7_75t_R)
  26.88 3995.70 v _213198_/Y (AND2x4_ASAP7_75t_R)
  27.47 4023.17 v _213230_/Y (AND2x2_ASAP7_75t_R)
  26.40 4049.57 v _213231_/Y (XNOR2x1_ASAP7_75t_R)
  29.91 4079.47 v _213232_/Y (XNOR2x1_ASAP7_75t_R)
  44.09 4123.57 v _213363_/Y (AO221x1_ASAP7_75t_R)
  38.78 4162.35 v _213368_/Y (OR5x1_ASAP7_75t_R)
  58.50 4220.84 v _213375_/Y (AO222x2_ASAP7_75t_R)
  33.13 4253.97 v _213494_/Y (AND2x4_ASAP7_75t_R)
  30.36 4284.34 v _213495_/Y (XNOR2x1_ASAP7_75t_R)
  38.09 4322.42 v _213524_/Y (AO32x1_ASAP7_75t_R)
  26.66 4349.08 ^ _213525_/Y (AOI211x1_ASAP7_75t_R)
  34.25 4383.33 ^ _213548_/Y (OA31x2_ASAP7_75t_R)
  37.41 4420.74 ^ _213564_/Y (AO211x2_ASAP7_75t_R)
  26.49 4447.23 ^ _213595_/Y (AND3x1_ASAP7_75t_R)
  26.24 4473.47 v _213596_/Y (XOR2x2_ASAP7_75t_R)
  22.45 4495.92 v _213605_/Y (AO21x1_ASAP7_75t_R)
  37.08 4533.00 v _213606_/Y (AO32x1_ASAP7_75t_R)
  31.94 4564.94 v _213625_/Y (AO21x2_ASAP7_75t_R)
  27.70 4592.64 v _213781_/Y (OA21x2_ASAP7_75t_R)
  41.78 4634.43 ^ _213794_/Y (OAI21x1_ASAP7_75t_R)
  42.88 4677.31 v _213835_/Y (NAND2x2_ASAP7_75t_R)
  36.85 4714.16 v _213973_/Y (AND2x2_ASAP7_75t_R)
  38.28 4752.44 ^ _213974_/Y (XNOR2x2_ASAP7_75t_R)
  22.92 4775.36 v _213984_/Y (AOI211x1_ASAP7_75t_R)
  37.61 4812.97 v _213988_/Y (OR4x2_ASAP7_75t_R)
  38.30 4851.27 v _213989_/Y (AO21x1_ASAP7_75t_R)
  59.80 4911.07 ^ _214007_/Y (NAND2x1_ASAP7_75t_R)
  41.74 4952.81 ^ _214009_/Y (AND2x4_ASAP7_75t_R)
  22.52 4975.32 ^ _214013_/Y (AND2x2_ASAP7_75t_R)
  36.11 5011.43 v _214014_/Y (XNOR2x2_ASAP7_75t_R)
  33.46 5044.89 v _214121_/Y (OA211x2_ASAP7_75t_R)
  18.77 5063.65 v _214139_/Y (AND4x1_ASAP7_75t_R)
  21.40 5085.06 v _214326_/Y (AO211x2_ASAP7_75t_R)
  49.96 5135.02 v _214333_/Y (OA21x2_ASAP7_75t_R)
  60.41 5195.44 v _214504_/Y (OA211x2_ASAP7_75t_R)
  29.67 5225.10 v _214505_/Y (XOR2x2_ASAP7_75t_R)
  20.14 5245.25 v _214529_/Y (AND3x1_ASAP7_75t_R)
  38.50 5283.75 v _214531_/Y (OR4x2_ASAP7_75t_R)
  17.34 5301.09 ^ _214543_/Y (AOI22x1_ASAP7_75t_R)
  20.49 5321.58 ^ _214544_/Y (AND2x4_ASAP7_75t_R)
  63.94 5385.52 ^ _214554_/Y (AO221x2_ASAP7_75t_R)
  51.28 5436.80 ^ _214722_/Y (AND5x1_ASAP7_75t_R)
  29.23 5466.03 v _214723_/Y (XOR2x2_ASAP7_75t_R)
  19.65 5485.69 v _214724_/Y (AND2x4_ASAP7_75t_R)
  15.97 5501.66 ^ _214850_/Y (INVx1_ASAP7_75t_R)
  31.91 5533.57 ^ _214852_/Y (AND4x1_ASAP7_75t_R)
  29.87 5563.43 ^ _214868_/Y (AND5x1_ASAP7_75t_R)
  22.72 5586.16 ^ _214869_/Y (AO32x1_ASAP7_75t_R)
  81.64 5667.80 ^ _214872_/Y (OA31x2_ASAP7_75t_R)
  42.50 5710.30 ^ _215078_/Y (AND2x2_ASAP7_75t_R)
  36.10 5746.39 v _215079_/Y (XNOR2x2_ASAP7_75t_R)
  34.42 5780.82 v _215122_/Y (OA221x2_ASAP7_75t_R)
  30.89 5811.71 v _215131_/Y (AO221x1_ASAP7_75t_R)
  37.11 5848.82 v _215139_/Y (AO22x2_ASAP7_75t_R)
  36.40 5885.21 v _215153_/Y (AO221x2_ASAP7_75t_R)
  53.03 5938.24 v _215160_/Y (AO21x2_ASAP7_75t_R)
  43.59 5981.83 v _215230_/Y (AO21x2_ASAP7_75t_R)
  20.05 6001.87 v _215231_/Y (AND2x4_ASAP7_75t_R)
  16.94 6018.81 v _215284_/Y (XNOR2x1_ASAP7_75t_R)
  38.74 6057.55 v _215285_/Y (OR5x1_ASAP7_75t_R)
  28.11 6085.66 ^ _215286_/Y (OAI22x1_ASAP7_75t_R)
  44.37 6130.03 ^ _215332_/Y (AO211x2_ASAP7_75t_R)
  52.27 6182.30 ^ _215466_/Y (AO211x2_ASAP7_75t_R)
  42.70 6225.00 ^ _215467_/Y (AND2x4_ASAP7_75t_R)
  28.50 6253.50 ^ _215476_/Y (AO21x2_ASAP7_75t_R)
  26.58 6280.08 ^ _215478_/Y (AND2x2_ASAP7_75t_R)
  29.44 6309.52 ^ _215729_/Y (OA31x2_ASAP7_75t_R)
  15.57 6325.09 v _215748_/Y (AOI211x1_ASAP7_75t_R)
  37.27 6362.36 v _215777_/Y (OR4x2_ASAP7_75t_R)
  39.75 6402.11 v _215781_/Y (AO32x2_ASAP7_75t_R)
  53.51 6455.62 v _215787_/Y (OR3x2_ASAP7_75t_R)
  52.82 6508.44 v _215869_/Y (OA21x2_ASAP7_75t_R)
  29.60 6538.05 v _215888_/Y (AND2x2_ASAP7_75t_R)
  32.20 6570.25 v _215889_/Y (XNOR2x2_ASAP7_75t_R)
  33.95 6604.19 v _216007_/Y (XNOR2x1_ASAP7_75t_R)
  22.91 6627.10 ^ _216008_/Y (NAND3x1_ASAP7_75t_R)
  21.90 6649.00 v _216182_/Y (AOI211x1_ASAP7_75t_R)
  55.33 6704.33 v _216196_/Y (OR5x2_ASAP7_75t_R)
  56.07 6760.40 ^ _216251_/Y (NAND2x1_ASAP7_75t_R)
  30.17 6790.56 ^ _216252_/Y (AO21x2_ASAP7_75t_R)
  30.37 6820.93 ^ _216253_/Y (XNOR2x2_ASAP7_75t_R)
  27.60 6848.53 ^ _216254_/Y (AND2x2_ASAP7_75t_R)
  20.59 6869.12 ^ _216255_/Y (AO21x1_ASAP7_75t_R)
  20.90 6890.03 ^ _216261_/Y (OA211x2_ASAP7_75t_R)
  69.99 6960.02 ^ _216360_/Y (AO221x1_ASAP7_75t_R)
  23.00 6983.01 v _216362_/Y (INVx6_ASAP7_75t_R)
  89.01 7072.03 ^ _216545_/Y (NAND2x1_ASAP7_75t_R)
  37.31 7109.34 ^ _216628_/Y (OA21x2_ASAP7_75t_R)
  34.38 7143.72 v _216629_/Y (XNOR2x2_ASAP7_75t_R)
  28.17 7171.89 v _216843_/Y (OR2x4_ASAP7_75t_R)
  23.70 7195.59 v _216846_/Y (OA222x2_ASAP7_75t_R)
  22.80 7218.39 v _216851_/Y (AO221x1_ASAP7_75t_R)
  43.30 7261.68 v _216876_/Y (AO221x1_ASAP7_75t_R)
  43.55 7305.23 v _216887_/Y (AND3x2_ASAP7_75t_R)
  68.57 7373.80 ^ _216996_/Y (NAND2x2_ASAP7_75t_R)
  42.10 7415.90 ^ _217076_/Y (OA21x2_ASAP7_75t_R)
  23.95 7439.86 ^ _217107_/Y (XNOR2x2_ASAP7_75t_R)
  41.93 7481.79 ^ _217265_/Y (AND5x1_ASAP7_75t_R)
  36.98 7518.77 ^ _217277_/Y (AND5x1_ASAP7_75t_R)
  31.55 7550.31 ^ _217278_/Y (OA211x2_ASAP7_75t_R)
  45.89 7596.21 v _217284_/Y (AOI211x1_ASAP7_75t_R)
 109.67 7705.88 ^ _217285_/Y (NAND2x2_ASAP7_75t_R)
  40.57 7746.45 ^ _217578_/Y (OA21x2_ASAP7_75t_R)
  37.61 7784.06 v _217579_/Y (XNOR2x2_ASAP7_75t_R)
  37.05 7821.11 ^ _217695_/Y (NAND2x1_ASAP7_75t_R)
  31.64 7852.76 ^ _217699_/Y (AO211x2_ASAP7_75t_R)
  28.09 7880.85 ^ _217700_/Y (AO31x2_ASAP7_75t_R)
  45.60 7926.44 ^ _217715_/Y (AO21x2_ASAP7_75t_R)
  53.63 7980.07 v _217716_/Y (NAND2x2_ASAP7_75t_R)
  52.44 8032.51 v _218014_/Y (OA21x2_ASAP7_75t_R)
  28.10 8060.62 ^ _218015_/Y (XNOR2x2_ASAP7_75t_R)
  30.42 8091.04 v _218016_/Y (XNOR2x2_ASAP7_75t_R)
  36.08 8127.11 v _218022_/Y (OA211x2_ASAP7_75t_R)
  28.22 8155.33 v _218131_/Y (AO21x1_ASAP7_75t_R)
  32.85 8188.18 v _218149_/Y (OA21x2_ASAP7_75t_R)
  81.58 8269.76 v _218150_/Y (OR3x2_ASAP7_75t_R)
  30.35 8300.11 ^ _218207_/Y (OAI21x1_ASAP7_75t_R)
  42.40 8342.51 ^ _218208_/Y (XOR2x2_ASAP7_75t_R)
  31.19 8373.70 ^ _218236_/Y (XNOR2x2_ASAP7_75t_R)
  20.63 8394.32 ^ _218242_/Y (AND3x1_ASAP7_75t_R)
  14.84 8409.17 v _218244_/Y (NAND2x1_ASAP7_75t_R)
  26.50 8435.67 ^ _218285_/Y (OAI22x1_ASAP7_75t_R)
 142.85 8578.51 v _218562_/Y (AOI211x1_ASAP7_75t_R)
  74.35 8652.86 ^ _218680_/Y (OAI21x1_ASAP7_75t_R)
  29.37 8682.24 ^ _218682_/Y (AND2x2_ASAP7_75t_R)
  23.39 8705.63 ^ _218683_/Y (XNOR2x2_ASAP7_75t_R)
  37.42 8743.05 ^ _218684_/Y (AND5x1_ASAP7_75t_R)
  32.57 8775.62 ^ _218852_/Y (AND4x1_ASAP7_75t_R)
  19.20 8794.81 ^ _218871_/Y (AO31x2_ASAP7_75t_R)
  41.49 8836.30 ^ _218918_/Y (AO211x2_ASAP7_75t_R)
  57.65 8893.95 v _218927_/Y (NOR2x2_ASAP7_75t_R)
  48.50 8942.45 v _219003_/Y (OR4x1_ASAP7_75t_R)
  27.70 8970.15 v _219005_/Y (OA211x2_ASAP7_75t_R)
  17.28 8987.44 v _219012_/Y (AO31x2_ASAP7_75t_R)
  21.46 9008.90 v _219030_/Y (OR3x1_ASAP7_75t_R)
  23.63 9032.53 ^ _219031_/Y (NAND2x1_ASAP7_75t_R)
  33.26 9065.79 ^ _219212_/Y (AND4x1_ASAP7_75t_R)
  25.20 9090.98 ^ _219221_/Y (OR4x1_ASAP7_75t_R)
  50.06 9141.04 v _219222_/Y (OAI21x1_ASAP7_75t_R)
  67.84 9208.88 v _219302_/Y (AND2x2_ASAP7_75t_R)
  41.57 9250.45 ^ _219314_/Y (AOI211x1_ASAP7_75t_R)
  45.30 9295.75 v _219315_/Y (XNOR2x2_ASAP7_75t_R)
  36.90 9332.65 v _219653_/Y (OA211x2_ASAP7_75t_R)
  28.08 9360.74 v _219655_/Y (OA222x2_ASAP7_75t_R)
  91.46 9452.20 v _219690_/Y (AO221x1_ASAP7_75t_R)
  99.27 9551.47 ^ _219718_/Y (NAND2x2_ASAP7_75t_R)
  38.26 9589.73 v _219988_/Y (AOI221x1_ASAP7_75t_R)
  39.18 9628.90 v _219992_/Y (OA33x2_ASAP7_75t_R)
  20.42 9649.32 ^ _220017_/Y (AOI21x1_ASAP7_75t_R)
  37.96 9687.28 ^ _220031_/Y (OA33x2_ASAP7_75t_R)
  14.29 9701.57 v _220033_/Y (OAI21x1_ASAP7_75t_R)
  30.17 9731.74 v _220096_/Y (AO31x2_ASAP7_75t_R)
  36.51 9768.25 v _220129_/Y (AO211x2_ASAP7_75t_R)
  67.14 9835.39 v _220162_/Y (AO21x2_ASAP7_75t_R)
  57.53 9892.92 v _220341_/Y (AO21x2_ASAP7_75t_R)
  30.09 9923.01 v _220343_/Y (AND2x2_ASAP7_75t_R)
  23.13 9946.13 ^ _220461_/Y (OAI21x1_ASAP7_75t_R)
  37.85 9983.98 ^ _220467_/Y (AND5x1_ASAP7_75t_R)
  30.72 10014.70 ^ _220661_/Y (AO32x2_ASAP7_75t_R)
  35.08 10049.79 ^ _220664_/Y (OA31x2_ASAP7_75t_R)
  68.48 10118.27 ^ _220695_/Y (OR3x2_ASAP7_75t_R)
  70.81 10189.08 ^ _220861_/Y (OA21x2_ASAP7_75t_R)
  17.80 10206.87 ^ _220880_/Y (OA21x2_ASAP7_75t_R)
  12.18 10219.06 v _220893_/Y (NOR3x1_ASAP7_75t_R)
  37.00 10256.06 v _220894_/Y (OR4x1_ASAP7_75t_R)
  23.16 10279.21 v _220901_/Y (AO21x1_ASAP7_75t_R)
  25.08 10304.29 v _220910_/Y (AO21x2_ASAP7_75t_R)
  48.71 10353.01 v _221032_/Y (AO32x1_ASAP7_75t_R)
  65.61 10418.62 ^ _221087_/Y (NAND2x2_ASAP7_75t_R)
  55.90 10474.51 ^ _221108_/Y (OA22x2_ASAP7_75t_R)
  39.06 10513.58 ^ _221291_/Y (XNOR2x2_ASAP7_75t_R)
  32.23 10545.81 ^ _221294_/Y (AND4x2_ASAP7_75t_R)
  20.24 10566.05 ^ _221517_/Y (AND2x2_ASAP7_75t_R)
  14.05 10580.10 v _221532_/Y (AOI21x1_ASAP7_75t_R)
  32.93 10613.03 v _221571_/Y (AO221x1_ASAP7_75t_R)
  38.33 10651.35 v _221574_/Y (AO33x2_ASAP7_75t_R)
 118.12 10769.48 v _221575_/Y (AND3x1_ASAP7_75t_R)
  63.66 10833.14 v _221581_/Y (OR4x1_ASAP7_75t_R)
  35.15 10868.29 v _221583_/Y (AND3x1_ASAP7_75t_R)
  31.05 10899.34 v _221585_/Y (XNOR2x2_ASAP7_75t_R)
  25.34 10924.68 v _221598_/Y (AO211x2_ASAP7_75t_R)
  35.17 10959.85 v _221785_/Y (OR3x2_ASAP7_75t_R)
  44.32 11004.17 ^ _221849_/Y (NAND2x2_ASAP7_75t_R)
  66.84 11071.02 ^ _222157_/Y (OR3x2_ASAP7_75t_R)
  33.29 11104.30 ^ _222175_/Y (AND3x1_ASAP7_75t_R)
  41.82 11146.13 ^ _222176_/Y (XNOR2x2_ASAP7_75t_R)
  38.85 11184.98 v _222177_/Y (XNOR2x2_ASAP7_75t_R)
  27.14 11212.12 v _222178_/Y (AND5x2_ASAP7_75t_R)
  18.92 11231.04 v _222221_/Y (AND2x2_ASAP7_75t_R)
  19.31 11250.36 v _222230_/Y (AO21x2_ASAP7_75t_R)
  35.13 11285.48 v _222272_/Y (AO221x2_ASAP7_75t_R)
  25.58 11311.06 v _222273_/Y (AO21x2_ASAP7_75t_R)
 107.77 11418.83 v _222374_/Y (AO21x1_ASAP7_75t_R)
  77.82 11496.65 v _222701_/Y (OA211x2_ASAP7_75t_R)
  32.91 11529.56 v _222709_/Y (OR5x1_ASAP7_75t_R)
  23.11 11552.67 v _222716_/Y (OA21x2_ASAP7_75t_R)
  19.97 11572.64 v _222721_/Y (AND3x2_ASAP7_75t_R)
  27.35 11599.99 v _222722_/Y (OA31x2_ASAP7_75t_R)
  54.79 11654.77 v _222723_/Y (OR4x1_ASAP7_75t_R)
  80.73 11735.50 v _222856_/Y (AO21x2_ASAP7_75t_R)
  56.87 11792.38 v _223087_/Y (AND2x2_ASAP7_75t_R)
  36.36 11828.73 ^ _223088_/Y (XOR2x2_ASAP7_75t_R)
  26.88 11855.61 ^ _223089_/Y (XNOR2x2_ASAP7_75t_R)
  35.68 11891.29 ^ _223171_/Y (AND5x1_ASAP7_75t_R)
  37.20 11928.49 v _223178_/Y (AOI221x1_ASAP7_75t_R)
  39.10 11967.59 v _223188_/Y (OA21x2_ASAP7_75t_R)
 102.96 12070.56 v _223343_/Y (OA211x2_ASAP7_75t_R)
  56.24 12126.80 v _223434_/Y (OR3x1_ASAP7_75t_R)
  21.07 12147.87 v _223789_/Y (AND2x2_ASAP7_75t_R)
  21.60 12169.47 v _223790_/Y (XNOR2x1_ASAP7_75t_R)
  41.04 12210.51 v _223794_/Y (OR5x1_ASAP7_75t_R)
  38.35 12248.86 v _223795_/Y (OR4x1_ASAP7_75t_R)
  27.32 12276.17 v _223882_/Y (OA31x2_ASAP7_75t_R)
  44.98 12321.16 v _223883_/Y (OA211x2_ASAP7_75t_R)
  34.75 12355.91 v _223927_/Y (AND2x4_ASAP7_75t_R)
  49.68 12405.59 ^ _224049_/Y (AOI22x1_ASAP7_75t_R)
  26.12 12431.71 ^ _224050_/Y (XNOR2x1_ASAP7_75t_R)
  35.55 12467.26 ^ _224061_/Y (AND5x1_ASAP7_75t_R)
  58.64 12525.89 v _224146_/Y (AOI221x1_ASAP7_75t_R)
  47.00 12572.89 ^ _224355_/Y (OAI21x1_ASAP7_75t_R)
  26.37 12599.27 ^ _224356_/Y (AND4x1_ASAP7_75t_R)
  63.78 12663.05 ^ _224360_/Y (OR4x2_ASAP7_75t_R)
  87.20 12750.24 v _224402_/Y (INVx1_ASAP7_75t_R)
  20.14 12770.38 ^ _224406_/Y (AOI21x1_ASAP7_75t_R)
  49.46 12819.84 ^ _224409_/Y (AND5x1_ASAP7_75t_R)
  32.33 12852.17 v _224410_/Y (XNOR2x2_ASAP7_75t_R)
  18.06 12870.24 ^ _224411_/Y (AOI211x1_ASAP7_75t_R)
  31.51 12901.75 ^ _224428_/Y (AND2x2_ASAP7_75t_R)
 100.65 13002.40 v _224840_/Y (AOI211x1_ASAP7_75t_R)
  58.48 13060.88 v _224913_/Y (AND2x2_ASAP7_75t_R)
  17.85 13078.73 v _224914_/Y (OA21x2_ASAP7_75t_R)
  18.09 13096.81 v _224915_/Y (OA21x2_ASAP7_75t_R)
  33.01 13129.82 v _224916_/Y (AO221x1_ASAP7_75t_R)
  28.02 13157.83 v _224917_/Y (MAJx2_ASAP7_75t_R)
  19.41 13177.25 v _224929_/Y (AO21x1_ASAP7_75t_R)
  16.07 13193.32 v _224943_/Y (AO21x1_ASAP7_75t_R)
  17.98 13211.31 v _224948_/Y (AO21x1_ASAP7_75t_R)
  28.74 13240.05 v _225034_/Y (AO21x2_ASAP7_75t_R)
  45.54 13285.58 v _225249_/Y (AO21x2_ASAP7_75t_R)
  68.32 13353.90 ^ _225319_/Y (NAND2x2_ASAP7_75t_R)
  33.58 13387.48 ^ _225320_/Y (AO22x1_ASAP7_75t_R)
  24.35 13411.83 ^ _225322_/Y (AO21x2_ASAP7_75t_R)
  20.35 13432.18 ^ _225323_/Y (AO221x1_ASAP7_75t_R)
  31.65 13463.83 ^ _225326_/Y (OA211x2_ASAP7_75t_R)
  33.42 13497.25 ^ _225330_/Y (AO221x2_ASAP7_75t_R)
  24.64 13521.89 ^ _225341_/Y (AO21x2_ASAP7_75t_R)
  29.84 13551.73 ^ _225351_/Y (AO22x2_ASAP7_75t_R)
  71.22 13622.95 v _225594_/Y (AOI211x1_ASAP7_75t_R)
  99.64 13722.60 ^ _225595_/Y (NAND2x2_ASAP7_75t_R)
  45.68 13768.28 ^ _225671_/Y (OA211x2_ASAP7_75t_R)
  31.05 13799.33 ^ _225684_/Y (AND3x2_ASAP7_75t_R)
  25.28 13824.61 ^ _225685_/Y (OA22x2_ASAP7_75t_R)
  28.45 13853.06 ^ _225689_/Y (MAJx2_ASAP7_75t_R)
  25.67 13878.73 ^ _225690_/Y (MAJx2_ASAP7_75t_R)
  23.93 13902.66 v _225704_/Y (AOI21x1_ASAP7_75t_R)
  29.00 13931.66 ^ _225734_/Y (OAI21x1_ASAP7_75t_R)
  25.19 13956.85 ^ _225812_/Y (AND3x1_ASAP7_75t_R)
 113.16 14070.02 ^ _225945_/Y (OR5x1_ASAP7_75t_R)
  48.64 14118.66 ^ _226108_/Y (OA21x2_ASAP7_75t_R)
  18.90 14137.56 ^ _226109_/Y (AO221x1_ASAP7_75t_R)
  23.26 14160.82 ^ _226110_/Y (MAJx2_ASAP7_75t_R)
  18.20 14179.02 ^ _226111_/Y (AO21x1_ASAP7_75t_R)
  23.11 14202.12 ^ _226112_/Y (AO32x1_ASAP7_75t_R)
  39.84 14241.96 ^ _226115_/Y (AO22x1_ASAP7_75t_R)
  27.02 14268.98 v _226127_/Y (AOI21x1_ASAP7_75t_R)
  36.81 14305.79 ^ _226148_/Y (OAI22x1_ASAP7_75t_R)
  25.88 14331.68 ^ _226158_/Y (AO21x1_ASAP7_75t_R)
  27.29 14358.97 ^ _226160_/Y (AO22x2_ASAP7_75t_R)
  91.88 14450.85 ^ _226252_/Y (AO21x1_ASAP7_75t_R)
  17.69 14468.54 v _226384_/Y (NAND2x1_ASAP7_75t_R)
  32.81 14501.35 v _226388_/Y (AO222x2_ASAP7_75t_R)
  31.82 14533.18 v _226389_/Y (OA211x2_ASAP7_75t_R)
  22.60 14555.77 v _226390_/Y (MAJx2_ASAP7_75t_R)
  20.79 14576.57 v _226391_/Y (MAJx2_ASAP7_75t_R)
  20.18 14596.75 v _226392_/Y (MAJx2_ASAP7_75t_R)
  33.17 14629.92 v _226393_/Y (AO222x2_ASAP7_75t_R)
  20.18 14650.10 v _226415_/Y (AO21x1_ASAP7_75t_R)
  20.07 14670.17 v _226416_/Y (AO22x1_ASAP7_75t_R)
  22.13 14692.30 v _226425_/Y (AO21x2_ASAP7_75t_R)
  60.49 14752.79 v _226552_/Y (AO21x2_ASAP7_75t_R)
 228.13 14980.92 ^ _226668_/Y (NAND2x2_ASAP7_75t_R)
 115.78 15096.71 ^ _226680_/Y (OR3x2_ASAP7_75t_R)
  41.22 15137.93 ^ _226685_/Y (AND2x4_ASAP7_75t_R)
  58.80 15196.73 v _226736_/Y (XNOR2x2_ASAP7_75t_R)
  28.96 15225.69 v _226773_/Y (OR3x1_ASAP7_75t_R)
  47.08 15272.77 ^ _226775_/Y (AOI21x1_ASAP7_75t_R)
  45.33 15318.10 v _226776_/Y (NOR2x2_ASAP7_75t_R)
  79.48 15397.58 v _226777_/Y (AO32x1_ASAP7_75t_R)
 120.91 15518.49 ^ _227106_/Y (XNOR2x1_ASAP7_75t_R)
  53.31 15571.79 ^ _228542_/Y (AO32x1_ASAP7_75t_R)
  84.55 15656.34 ^ _228577_/Y (AO32x1_ASAP7_75t_R)
  53.68 15710.02 v _228823_/Y (NOR3x1_ASAP7_75t_R)
  36.69 15746.71 v _228824_/Y (AO32x1_ASAP7_75t_R)
  30.88 15777.60 v _228836_/Y (AO222x2_ASAP7_75t_R)
  29.42 15807.02 v _228869_/Y (OR5x1_ASAP7_75t_R)
  35.42 15842.43 v _228909_/Y (OR5x1_ASAP7_75t_R)
  35.55 15877.99 v _229076_/Y (AO32x1_ASAP7_75t_R)
  37.28 15915.27 v _229116_/Y (AO32x2_ASAP7_75t_R)
  26.65 15941.92 v _229223_/Y (AND5x2_ASAP7_75t_R)
  22.56 15964.47 v _229304_/Y (AND3x2_ASAP7_75t_R)
  23.31 15987.79 v _229305_/Y (AND4x2_ASAP7_75t_R)
  15.69 16003.47 v _229409_/Y (AND3x1_ASAP7_75t_R)
  18.91 16022.39 v _229419_/Y (OA31x2_ASAP7_75t_R)
  23.75 16046.13 v _229424_/Y (OA21x2_ASAP7_75t_R)
  45.81 16091.94 v _238033_/Y (OA211x2_ASAP7_75t_R)
  34.16 16126.10 v _241101_/Y (AO31x2_ASAP7_75t_R)
  71.43 16197.53 v _241194_/Y (AO221x1_ASAP7_75t_R)
 173.32 16370.85 ^ _241196_/Y (NAND2x2_ASAP7_75t_R)
  88.37 16459.22 v _241197_/Y (INVx2_ASAP7_75t_R)
  53.44 16512.66 v _253544_/Y (AO21x1_ASAP7_75t_R)
  14.90 16527.56 v _253545_/Y (AND2x2_ASAP7_75t_R)
   0.13 16527.69 v _378108_/D (DFFHQNx1_ASAP7_75t_R)
        16527.69   data arrival time

12000.00 12000.00   clock core_clk (rise edge)
   0.00 12000.00   clock source latency
   0.00 12000.00 ^ clk (in)
  51.21 12051.21 ^ wire5675/Y (BUFx12_ASAP7_75t_R)
  50.67 12101.89 ^ clkbuf_0_clk/Y (BUFx24_ASAP7_75t_R)
  26.15 12128.04 ^ clkbuf_1_1_0_clk/Y (BUFx24_ASAP7_75t_R)
  24.91 12152.95 ^ clkbuf_2_2_0_clk/Y (BUFx24_ASAP7_75t_R)
  27.24 12180.19 ^ clkbuf_3_5_0_clk/Y (BUFx24_ASAP7_75t_R)
  25.96 12206.15 ^ clkbuf_4_11_0_clk/Y (BUFx24_ASAP7_75t_R)
  27.00 12233.15 ^ clkbuf_6_45__f_clk/Y (BUFx24_ASAP7_75t_R)
  26.21 12259.37 ^ clkbuf_leaf_570_clk/Y (BUFx24_ASAP7_75t_R)
   1.34 12260.70 ^ _378108_/CLK (DFFHQNx1_ASAP7_75t_R)
 -50.00 12210.70   clock uncertainty
   2.39 12213.09   clock reconvergence pessimism
  -0.26 12212.83   library setup time
        12212.83   data required time
---------------------------------------------------------
        12212.83   data required time
        -16527.69   data arrival time
---------------------------------------------------------
        -4314.85   slack (VIOLATED)


Startpoint: _369487_ (rising edge-triggered flip-flop clocked by core_clk)
Endpoint: _378108_ (rising edge-triggered flip-flop clocked by core_clk)
Path Group: reg2reg
Path Type: max

  Delay    Time   Description
---------------------------------------------------------
   0.00    0.00   clock core_clk (rise edge)
   0.00    0.00   clock source latency
   0.00    0.00 ^ clk (in)
  51.99   51.99 ^ wire5675/Y (BUFx12_ASAP7_75t_R)
  52.29  104.28 ^ clkbuf_0_clk/Y (BUFx24_ASAP7_75t_R)
  27.06  131.33 ^ clkbuf_1_0_0_clk/Y (BUFx24_ASAP7_75t_R)
  26.85  158.18 ^ clkbuf_2_1_0_clk/Y (BUFx24_ASAP7_75t_R)
  28.86  187.04 ^ clkbuf_3_3_0_clk/Y (BUFx24_ASAP7_75t_R)
  30.02  217.07 ^ clkbuf_4_7_0_clk/Y (BUFx24_ASAP7_75t_R)
  29.08  246.15 ^ clkbuf_6_30__f_clk/Y (BUFx24_ASAP7_75t_R)
  33.58  279.73 ^ clkbuf_leaf_368_clk/Y (BUFx24_ASAP7_75t_R)
   3.20  282.92 ^ _369487_/CLK (DFFHQNx1_ASAP7_75t_R)
  81.75  364.68 v _369487_/QN (DFFHQNx1_ASAP7_75t_R)
 117.22  481.90 v _184248_/Y (OR4x2_ASAP7_75t_R)
 163.68  645.58 ^ _184249_/Y (NAND3x1_ASAP7_75t_R)
  86.57  732.14 v _184434_/Y (AOI21x1_ASAP7_75t_R)
  78.49  810.64 v _184438_/Y (OR3x1_ASAP7_75t_R)
  60.40  871.03 ^ _184457_/Y (AOI21x1_ASAP7_75t_R)
  39.14  910.17 ^ max_cap4622/Y (BUFx12_ASAP7_75t_R)
  24.73  934.91 ^ max_cap4621/Y (BUFx12_ASAP7_75t_R)
  31.59  966.49 ^ load_slew4620/Y (BUFx6f_ASAP7_75t_R)
  23.60  990.09 ^ wire4619/Y (BUFx12f_ASAP7_75t_R)
  32.21 1022.30 ^ max_cap4618/Y (BUFx10_ASAP7_75t_R)
  29.02 1051.32 ^ max_cap4612/Y (BUFx12_ASAP7_75t_R)
  34.32 1085.64 ^ wire4609/Y (BUFx12f_ASAP7_75t_R)
  29.55 1115.19 ^ load_slew4607/Y (BUFx12f_ASAP7_75t_R)
 120.66 1235.85 ^ _184934_/Y (OR3x1_ASAP7_75t_R)
  79.52 1315.37 ^ _185378_/Y (OR2x2_ASAP7_75t_R)
  21.21 1336.58 ^ _185399_/Y (AND4x1_ASAP7_75t_R)
  38.30 1374.88 ^ _185400_/Y (AND4x2_ASAP7_75t_R)
  95.55 1470.43 ^ _185414_/Y (OA222x2_ASAP7_75t_R)
  80.33 1550.76 v _185565_/Y (NAND2x1_ASAP7_75t_R)
  49.69 1600.45 v _186054_/Y (OR5x1_ASAP7_75t_R)
  49.59 1650.03 v _188459_/Y (OR4x2_ASAP7_75t_R)
  66.04 1716.07 v _211565_/Y (AND4x2_ASAP7_75t_R)
  30.31 1746.38 v load_slew2798/Y (BUFx16f_ASAP7_75t_R)
  43.33 1789.71 v load_slew2797/Y (BUFx16f_ASAP7_75t_R)
  35.87 1825.58 v load_slew2796/Y (BUFx16f_ASAP7_75t_R)
  69.03 1894.61 v wire2795/Y (BUFx16f_ASAP7_75t_R)
  24.24 1918.86 v load_slew2794/Y (BUFx16f_ASAP7_75t_R)
  55.74 1974.59 v wire2793/Y (BUFx16f_ASAP7_75t_R)
  79.57 2054.17 v _211844_/Y (AND2x4_ASAP7_75t_R)
  30.08 2084.25 v wire2553/Y (BUFx16f_ASAP7_75t_R)
  78.91 2163.16 v load_slew2552/Y (BUFx16f_ASAP7_75t_R)
 118.99 2282.15 v _211850_/Y (OR4x1_ASAP7_75t_R)
  25.38 2307.53 v _211851_/Y (AND2x4_ASAP7_75t_R)
  17.24 2324.78 ^ _211863_/Y (NOR3x1_ASAP7_75t_R)
  30.46 2355.24 ^ _211864_/Y (AND4x2_ASAP7_75t_R)
   8.53 2363.77 v _211865_/Y (NAND3x1_ASAP7_75t_R)
  33.28 2397.05 v _211869_/Y (OA211x2_ASAP7_75t_R)
  20.81 2417.86 ^ _211879_/Y (AOI221x1_ASAP7_75t_R)
  37.89 2455.75 v _211916_/Y (AOI221x1_ASAP7_75t_R)
  34.29 2490.04 v _211994_/Y (AO21x2_ASAP7_75t_R)
  24.71 2514.75 ^ _212068_/Y (AOI221x1_ASAP7_75t_R)
  40.92 2555.67 v _212069_/Y (XNOR2x2_ASAP7_75t_R)
  49.13 2604.81 v _212079_/Y (AO32x1_ASAP7_75t_R)
  37.28 2642.08 v _212081_/Y (AO221x2_ASAP7_75t_R)
  33.14 2675.22 v _212140_/Y (AO21x2_ASAP7_75t_R)
  32.77 2708.00 ^ _212148_/Y (NAND2x2_ASAP7_75t_R)
  33.87 2741.87 ^ _212159_/Y (AO221x1_ASAP7_75t_R)
  30.04 2771.91 ^ _212174_/Y (AO22x2_ASAP7_75t_R)
  32.66 2804.57 v _212207_/Y (OAI21x1_ASAP7_75t_R)
  25.57 2830.14 ^ _212221_/Y (AOI21x1_ASAP7_75t_R)
  31.21 2861.35 ^ _212228_/Y (OA21x2_ASAP7_75t_R)
  26.23 2887.59 ^ _212263_/Y (XNOR2x2_ASAP7_75t_R)
  30.31 2917.90 ^ _212273_/Y (AO221x1_ASAP7_75t_R)
  27.36 2945.26 ^ _212358_/Y (MAJx2_ASAP7_75t_R)
  40.47 2985.73 v _212379_/Y (AOI211x1_ASAP7_75t_R)
  56.07 3041.79 ^ _212412_/Y (OAI21x1_ASAP7_75t_R)
  41.41 3083.21 ^ _212419_/Y (AO211x2_ASAP7_75t_R)
  25.93 3109.13 ^ _212421_/Y (OA33x2_ASAP7_75t_R)
  25.72 3134.86 v _212437_/Y (NOR3x1_ASAP7_75t_R)
  34.56 3169.41 ^ _212512_/Y (OAI21x1_ASAP7_75t_R)
  31.95 3201.36 ^ _212568_/Y (AO32x1_ASAP7_75t_R)
  22.00 3223.36 ^ _212584_/Y (AND3x1_ASAP7_75t_R)
  26.56 3249.92 ^ _212585_/Y (XNOR2x2_ASAP7_75t_R)
  37.09 3287.01 ^ _212597_/Y (MAJx2_ASAP7_75t_R)
  34.19 3321.21 v _212610_/Y (AOI211x1_ASAP7_75t_R)
  42.58 3363.79 v _212620_/Y (OA211x2_ASAP7_75t_R)
  40.55 3404.34 v _212641_/Y (OR2x2_ASAP7_75t_R)
  26.42 3430.77 v _212731_/Y (AO21x1_ASAP7_75t_R)
  20.15 3450.91 v _212733_/Y (AO22x1_ASAP7_75t_R)
  30.08 3480.99 ^ _212738_/Y (AOI221x1_ASAP7_75t_R)
  32.67 3513.66 ^ _212740_/Y (AO211x2_ASAP7_75t_R)
  34.65 3548.30 ^ _212753_/Y (AO21x1_ASAP7_75t_R)
  43.93 3592.23 ^ _212838_/Y (AO21x2_ASAP7_75t_R)
  27.90 3620.13 ^ _212901_/Y (AND3x1_ASAP7_75t_R)
  31.81 3651.94 v _212902_/Y (AOI21x1_ASAP7_75t_R)
  31.51 3683.46 ^ _212903_/Y (AOI22x1_ASAP7_75t_R)
  39.18 3722.63 ^ _212946_/Y (AND4x2_ASAP7_75t_R)
  24.62 3747.25 ^ _213006_/Y (OA211x2_ASAP7_75t_R)
  25.07 3772.32 ^ _213007_/Y (AO221x1_ASAP7_75t_R)
  20.55 3792.87 ^ _213008_/Y (AO21x2_ASAP7_75t_R)
  25.91 3818.77 ^ _213011_/Y (AND3x2_ASAP7_75t_R)
  34.12 3852.89 v _213012_/Y (XNOR2x2_ASAP7_75t_R)
  26.94 3879.83 v _213058_/Y (OA211x2_ASAP7_75t_R)
  30.20 3910.03 v _213060_/Y (OA211x2_ASAP7_75t_R)
  31.18 3941.21 v _213078_/Y (OR3x2_ASAP7_75t_R)
  27.61 3968.82 v _213197_/Y (AO211x2_ASAP7_75t_R)
  26.88 3995.70 v _213198_/Y (AND2x4_ASAP7_75t_R)
  27.47 4023.17 v _213230_/Y (AND2x2_ASAP7_75t_R)
  26.40 4049.57 v _213231_/Y (XNOR2x1_ASAP7_75t_R)
  29.91 4079.47 v _213232_/Y (XNOR2x1_ASAP7_75t_R)
  44.09 4123.57 v _213363_/Y (AO221x1_ASAP7_75t_R)
  38.78 4162.35 v _213368_/Y (OR5x1_ASAP7_75t_R)
  58.50 4220.84 v _213375_/Y (AO222x2_ASAP7_75t_R)
  33.13 4253.97 v _213494_/Y (AND2x4_ASAP7_75t_R)
  30.36 4284.34 v _213495_/Y (XNOR2x1_ASAP7_75t_R)
  38.09 4322.42 v _213524_/Y (AO32x1_ASAP7_75t_R)
  26.66 4349.08 ^ _213525_/Y (AOI211x1_ASAP7_75t_R)
  34.25 4383.33 ^ _213548_/Y (OA31x2_ASAP7_75t_R)
  37.41 4420.74 ^ _213564_/Y (AO211x2_ASAP7_75t_R)
  26.49 4447.23 ^ _213595_/Y (AND3x1_ASAP7_75t_R)
  26.24 4473.47 v _213596_/Y (XOR2x2_ASAP7_75t_R)
  22.45 4495.92 v _213605_/Y (AO21x1_ASAP7_75t_R)
  37.08 4533.00 v _213606_/Y (AO32x1_ASAP7_75t_R)
  31.94 4564.94 v _213625_/Y (AO21x2_ASAP7_75t_R)
  27.70 4592.64 v _213781_/Y (OA21x2_ASAP7_75t_R)
  41.78 4634.43 ^ _213794_/Y (OAI21x1_ASAP7_75t_R)
  42.88 4677.31 v _213835_/Y (NAND2x2_ASAP7_75t_R)
  36.85 4714.16 v _213973_/Y (AND2x2_ASAP7_75t_R)
  38.28 4752.44 ^ _213974_/Y (XNOR2x2_ASAP7_75t_R)
  22.92 4775.36 v _213984_/Y (AOI211x1_ASAP7_75t_R)
  37.61 4812.97 v _213988_/Y (OR4x2_ASAP7_75t_R)
  38.30 4851.27 v _213989_/Y (AO21x1_ASAP7_75t_R)
  59.80 4911.07 ^ _214007_/Y (NAND2x1_ASAP7_75t_R)
  41.74 4952.81 ^ _214009_/Y (AND2x4_ASAP7_75t_R)
  22.52 4975.32 ^ _214013_/Y (AND2x2_ASAP7_75t_R)
  36.11 5011.43 v _214014_/Y (XNOR2x2_ASAP7_75t_R)
  33.46 5044.89 v _214121_/Y (OA211x2_ASAP7_75t_R)
  18.77 5063.65 v _214139_/Y (AND4x1_ASAP7_75t_R)
  21.40 5085.06 v _214326_/Y (AO211x2_ASAP7_75t_R)
  49.96 5135.02 v _214333_/Y (OA21x2_ASAP7_75t_R)
  60.41 5195.44 v _214504_/Y (OA211x2_ASAP7_75t_R)
  29.67 5225.10 v _214505_/Y (XOR2x2_ASAP7_75t_R)
  20.14 5245.25 v _214529_/Y (AND3x1_ASAP7_75t_R)
  38.50 5283.75 v _214531_/Y (OR4x2_ASAP7_75t_R)
  17.34 5301.09 ^ _214543_/Y (AOI22x1_ASAP7_75t_R)
  20.49 5321.58 ^ _214544_/Y (AND2x4_ASAP7_75t_R)
  63.94 5385.52 ^ _214554_/Y (AO221x2_ASAP7_75t_R)
  51.28 5436.80 ^ _214722_/Y (AND5x1_ASAP7_75t_R)
  29.23 5466.03 v _214723_/Y (XOR2x2_ASAP7_75t_R)
  19.65 5485.69 v _214724_/Y (AND2x4_ASAP7_75t_R)
  15.97 5501.66 ^ _214850_/Y (INVx1_ASAP7_75t_R)
  31.91 5533.57 ^ _214852_/Y (AND4x1_ASAP7_75t_R)
  29.87 5563.43 ^ _214868_/Y (AND5x1_ASAP7_75t_R)
  22.72 5586.16 ^ _214869_/Y (AO32x1_ASAP7_75t_R)
  81.64 5667.80 ^ _214872_/Y (OA31x2_ASAP7_75t_R)
  42.50 5710.30 ^ _215078_/Y (AND2x2_ASAP7_75t_R)
  36.10 5746.39 v _215079_/Y (XNOR2x2_ASAP7_75t_R)
  34.42 5780.82 v _215122_/Y (OA221x2_ASAP7_75t_R)
  30.89 5811.71 v _215131_/Y (AO221x1_ASAP7_75t_R)
  37.11 5848.82 v _215139_/Y (AO22x2_ASAP7_75t_R)
  36.40 5885.21 v _215153_/Y (AO221x2_ASAP7_75t_R)
  53.03 5938.24 v _215160_/Y (AO21x2_ASAP7_75t_R)
  43.59 5981.83 v _215230_/Y (AO21x2_ASAP7_75t_R)
  20.05 6001.87 v _215231_/Y (AND2x4_ASAP7_75t_R)
  16.94 6018.81 v _215284_/Y (XNOR2x1_ASAP7_75t_R)
  38.74 6057.55 v _215285_/Y (OR5x1_ASAP7_75t_R)
  28.11 6085.66 ^ _215286_/Y (OAI22x1_ASAP7_75t_R)
  44.37 6130.03 ^ _215332_/Y (AO211x2_ASAP7_75t_R)
  52.27 6182.30 ^ _215466_/Y (AO211x2_ASAP7_75t_R)
  42.70 6225.00 ^ _215467_/Y (AND2x4_ASAP7_75t_R)
  28.50 6253.50 ^ _215476_/Y (AO21x2_ASAP7_75t_R)
  26.58 6280.08 ^ _215478_/Y (AND2x2_ASAP7_75t_R)
  29.44 6309.52 ^ _215729_/Y (OA31x2_ASAP7_75t_R)
  15.57 6325.09 v _215748_/Y (AOI211x1_ASAP7_75t_R)
  37.27 6362.36 v _215777_/Y (OR4x2_ASAP7_75t_R)
  39.75 6402.11 v _215781_/Y (AO32x2_ASAP7_75t_R)
  53.51 6455.62 v _215787_/Y (OR3x2_ASAP7_75t_R)
  52.82 6508.44 v _215869_/Y (OA21x2_ASAP7_75t_R)
  29.60 6538.05 v _215888_/Y (AND2x2_ASAP7_75t_R)
  32.20 6570.25 v _215889_/Y (XNOR2x2_ASAP7_75t_R)
  33.95 6604.19 v _216007_/Y (XNOR2x1_ASAP7_75t_R)
  22.91 6627.10 ^ _216008_/Y (NAND3x1_ASAP7_75t_R)
  21.90 6649.00 v _216182_/Y (AOI211x1_ASAP7_75t_R)
  55.33 6704.33 v _216196_/Y (OR5x2_ASAP7_75t_R)
  56.07 6760.40 ^ _216251_/Y (NAND2x1_ASAP7_75t_R)
  30.17 6790.56 ^ _216252_/Y (AO21x2_ASAP7_75t_R)
  30.37 6820.93 ^ _216253_/Y (XNOR2x2_ASAP7_75t_R)
  27.60 6848.53 ^ _216254_/Y (AND2x2_ASAP7_75t_R)
  20.59 6869.12 ^ _216255_/Y (AO21x1_ASAP7_75t_R)
  20.90 6890.03 ^ _216261_/Y (OA211x2_ASAP7_75t_R)
  69.99 6960.02 ^ _216360_/Y (AO221x1_ASAP7_75t_R)
  23.00 6983.01 v _216362_/Y (INVx6_ASAP7_75t_R)
  89.01 7072.03 ^ _216545_/Y (NAND2x1_ASAP7_75t_R)
  37.31 7109.34 ^ _216628_/Y (OA21x2_ASAP7_75t_R)
  34.38 7143.72 v _216629_/Y (XNOR2x2_ASAP7_75t_R)
  28.17 7171.89 v _216843_/Y (OR2x4_ASAP7_75t_R)
  23.70 7195.59 v _216846_/Y (OA222x2_ASAP7_75t_R)
  22.80 7218.39 v _216851_/Y (AO221x1_ASAP7_75t_R)
  43.30 7261.68 v _216876_/Y (AO221x1_ASAP7_75t_R)
  43.55 7305.23 v _216887_/Y (AND3x2_ASAP7_75t_R)
  68.57 7373.80 ^ _216996_/Y (NAND2x2_ASAP7_75t_R)
  42.10 7415.90 ^ _217076_/Y (OA21x2_ASAP7_75t_R)
  23.95 7439.86 ^ _217107_/Y (XNOR2x2_ASAP7_75t_R)
  41.93 7481.79 ^ _217265_/Y (AND5x1_ASAP7_75t_R)
  36.98 7518.77 ^ _217277_/Y (AND5x1_ASAP7_75t_R)
  31.55 7550.31 ^ _217278_/Y (OA211x2_ASAP7_75t_R)
  45.89 7596.21 v _217284_/Y (AOI211x1_ASAP7_75t_R)
 109.67 7705.88 ^ _217285_/Y (NAND2x2_ASAP7_75t_R)
  40.57 7746.45 ^ _217578_/Y (OA21x2_ASAP7_75t_R)
  37.61 7784.06 v _217579_/Y (XNOR2x2_ASAP7_75t_R)
  37.05 7821.11 ^ _217695_/Y (NAND2x1_ASAP7_75t_R)
  31.64 7852.76 ^ _217699_/Y (AO211x2_ASAP7_75t_R)
  28.09 7880.85 ^ _217700_/Y (AO31x2_ASAP7_75t_R)
  45.60 7926.44 ^ _217715_/Y (AO21x2_ASAP7_75t_R)
  53.63 7980.07 v _217716_/Y (NAND2x2_ASAP7_75t_R)
  52.44 8032.51 v _218014_/Y (OA21x2_ASAP7_75t_R)
  28.10 8060.62 ^ _218015_/Y (XNOR2x2_ASAP7_75t_R)
  30.42 8091.04 v _218016_/Y (XNOR2x2_ASAP7_75t_R)
  36.08 8127.11 v _218022_/Y (OA211x2_ASAP7_75t_R)
  28.22 8155.33 v _218131_/Y (AO21x1_ASAP7_75t_R)
  32.85 8188.18 v _218149_/Y (OA21x2_ASAP7_75t_R)
  81.58 8269.76 v _218150_/Y (OR3x2_ASAP7_75t_R)
  30.35 8300.11 ^ _218207_/Y (OAI21x1_ASAP7_75t_R)
  42.40 8342.51 ^ _218208_/Y (XOR2x2_ASAP7_75t_R)
  31.19 8373.70 ^ _218236_/Y (XNOR2x2_ASAP7_75t_R)
  20.63 8394.32 ^ _218242_/Y (AND3x1_ASAP7_75t_R)
  14.84 8409.17 v _218244_/Y (NAND2x1_ASAP7_75t_R)
  26.50 8435.67 ^ _218285_/Y (OAI22x1_ASAP7_75t_R)
 142.85 8578.51 v _218562_/Y (AOI211x1_ASAP7_75t_R)
  74.35 8652.86 ^ _218680_/Y (OAI21x1_ASAP7_75t_R)
  29.37 8682.24 ^ _218682_/Y (AND2x2_ASAP7_75t_R)
  23.39 8705.63 ^ _218683_/Y (XNOR2x2_ASAP7_75t_R)
  37.42 8743.05 ^ _218684_/Y (AND5x1_ASAP7_75t_R)
  32.57 8775.62 ^ _218852_/Y (AND4x1_ASAP7_75t_R)
  19.20 8794.81 ^ _218871_/Y (AO31x2_ASAP7_75t_R)
  41.49 8836.30 ^ _218918_/Y (AO211x2_ASAP7_75t_R)
  57.65 8893.95 v _218927_/Y (NOR2x2_ASAP7_75t_R)
  48.50 8942.45 v _219003_/Y (OR4x1_ASAP7_75t_R)
  27.70 8970.15 v _219005_/Y (OA211x2_ASAP7_75t_R)
  17.28 8987.44 v _219012_/Y (AO31x2_ASAP7_75t_R)
  21.46 9008.90 v _219030_/Y (OR3x1_ASAP7_75t_R)
  23.63 9032.53 ^ _219031_/Y (NAND2x1_ASAP7_75t_R)
  33.26 9065.79 ^ _219212_/Y (AND4x1_ASAP7_75t_R)
  25.20 9090.98 ^ _219221_/Y (OR4x1_ASAP7_75t_R)
  50.06 9141.04 v _219222_/Y (OAI21x1_ASAP7_75t_R)
  67.84 9208.88 v _219302_/Y (AND2x2_ASAP7_75t_R)
  41.57 9250.45 ^ _219314_/Y (AOI211x1_ASAP7_75t_R)
  45.30 9295.75 v _219315_/Y (XNOR2x2_ASAP7_75t_R)
  36.90 9332.65 v _219653_/Y (OA211x2_ASAP7_75t_R)
  28.08 9360.74 v _219655_/Y (OA222x2_ASAP7_75t_R)
  91.46 9452.20 v _219690_/Y (AO221x1_ASAP7_75t_R)
  99.27 9551.47 ^ _219718_/Y (NAND2x2_ASAP7_75t_R)
  38.26 9589.73 v _219988_/Y (AOI221x1_ASAP7_75t_R)
  39.18 9628.90 v _219992_/Y (OA33x2_ASAP7_75t_R)
  20.42 9649.32 ^ _220017_/Y (AOI21x1_ASAP7_75t_R)
  37.96 9687.28 ^ _220031_/Y (OA33x2_ASAP7_75t_R)
  14.29 9701.57 v _220033_/Y (OAI21x1_ASAP7_75t_R)
  30.17 9731.74 v _220096_/Y (AO31x2_ASAP7_75t_R)
  36.51 9768.25 v _220129_/Y (AO211x2_ASAP7_75t_R)
  67.14 9835.39 v _220162_/Y (AO21x2_ASAP7_75t_R)
  57.53 9892.92 v _220341_/Y (AO21x2_ASAP7_75t_R)
  30.09 9923.01 v _220343_/Y (AND2x2_ASAP7_75t_R)
  23.13 9946.13 ^ _220461_/Y (OAI21x1_ASAP7_75t_R)
  37.85 9983.98 ^ _220467_/Y (AND5x1_ASAP7_75t_R)
  30.72 10014.70 ^ _220661_/Y (AO32x2_ASAP7_75t_R)
  35.08 10049.79 ^ _220664_/Y (OA31x2_ASAP7_75t_R)
  68.48 10118.27 ^ _220695_/Y (OR3x2_ASAP7_75t_R)
  70.81 10189.08 ^ _220861_/Y (OA21x2_ASAP7_75t_R)
  17.80 10206.87 ^ _220880_/Y (OA21x2_ASAP7_75t_R)
  12.18 10219.06 v _220893_/Y (NOR3x1_ASAP7_75t_R)
  37.00 10256.06 v _220894_/Y (OR4x1_ASAP7_75t_R)
  23.16 10279.21 v _220901_/Y (AO21x1_ASAP7_75t_R)
  25.08 10304.29 v _220910_/Y (AO21x2_ASAP7_75t_R)
  48.71 10353.01 v _221032_/Y (AO32x1_ASAP7_75t_R)
  65.61 10418.62 ^ _221087_/Y (NAND2x2_ASAP7_75t_R)
  55.90 10474.51 ^ _221108_/Y (OA22x2_ASAP7_75t_R)
  39.06 10513.58 ^ _221291_/Y (XNOR2x2_ASAP7_75t_R)
  32.23 10545.81 ^ _221294_/Y (AND4x2_ASAP7_75t_R)
  20.24 10566.05 ^ _221517_/Y (AND2x2_ASAP7_75t_R)
  14.05 10580.10 v _221532_/Y (AOI21x1_ASAP7_75t_R)
  32.93 10613.03 v _221571_/Y (AO221x1_ASAP7_75t_R)
  38.33 10651.35 v _221574_/Y (AO33x2_ASAP7_75t_R)
 118.12 10769.48 v _221575_/Y (AND3x1_ASAP7_75t_R)
  63.66 10833.14 v _221581_/Y (OR4x1_ASAP7_75t_R)
  35.15 10868.29 v _221583_/Y (AND3x1_ASAP7_75t_R)
  31.05 10899.34 v _221585_/Y (XNOR2x2_ASAP7_75t_R)
  25.34 10924.68 v _221598_/Y (AO211x2_ASAP7_75t_R)
  35.17 10959.85 v _221785_/Y (OR3x2_ASAP7_75t_R)
  44.32 11004.17 ^ _221849_/Y (NAND2x2_ASAP7_75t_R)
  66.84 11071.02 ^ _222157_/Y (OR3x2_ASAP7_75t_R)
  33.29 11104.30 ^ _222175_/Y (AND3x1_ASAP7_75t_R)
  41.82 11146.13 ^ _222176_/Y (XNOR2x2_ASAP7_75t_R)
  38.85 11184.98 v _222177_/Y (XNOR2x2_ASAP7_75t_R)
  27.14 11212.12 v _222178_/Y (AND5x2_ASAP7_75t_R)
  18.92 11231.04 v _222221_/Y (AND2x2_ASAP7_75t_R)
  19.31 11250.36 v _222230_/Y (AO21x2_ASAP7_75t_R)
  35.13 11285.48 v _222272_/Y (AO221x2_ASAP7_75t_R)
  25.58 11311.06 v _222273_/Y (AO21x2_ASAP7_75t_R)
 107.77 11418.83 v _222374_/Y (AO21x1_ASAP7_75t_R)
  77.82 11496.65 v _222701_/Y (OA211x2_ASAP7_75t_R)
  32.91 11529.56 v _222709_/Y (OR5x1_ASAP7_75t_R)
  23.11 11552.67 v _222716_/Y (OA21x2_ASAP7_75t_R)
  19.97 11572.64 v _222721_/Y (AND3x2_ASAP7_75t_R)
  27.35 11599.99 v _222722_/Y (OA31x2_ASAP7_75t_R)
  54.79 11654.77 v _222723_/Y (OR4x1_ASAP7_75t_R)
  80.73 11735.50 v _222856_/Y (AO21x2_ASAP7_75t_R)
  56.87 11792.38 v _223087_/Y (AND2x2_ASAP7_75t_R)
  36.36 11828.73 ^ _223088_/Y (XOR2x2_ASAP7_75t_R)
  26.88 11855.61 ^ _223089_/Y (XNOR2x2_ASAP7_75t_R)
  35.68 11891.29 ^ _223171_/Y (AND5x1_ASAP7_75t_R)
  37.20 11928.49 v _223178_/Y (AOI221x1_ASAP7_75t_R)
  39.10 11967.59 v _223188_/Y (OA21x2_ASAP7_75t_R)
 102.96 12070.56 v _223343_/Y (OA211x2_ASAP7_75t_R)
  56.24 12126.80 v _223434_/Y (OR3x1_ASAP7_75t_R)
  21.07 12147.87 v _223789_/Y (AND2x2_ASAP7_75t_R)
  21.60 12169.47 v _223790_/Y (XNOR2x1_ASAP7_75t_R)
  41.04 12210.51 v _223794_/Y (OR5x1_ASAP7_75t_R)
  38.35 12248.86 v _223795_/Y (OR4x1_ASAP7_75t_R)
  27.32 12276.17 v _223882_/Y (OA31x2_ASAP7_75t_R)
  44.98 12321.16 v _223883_/Y (OA211x2_ASAP7_75t_R)
  34.75 12355.91 v _223927_/Y (AND2x4_ASAP7_75t_R)
  49.68 12405.59 ^ _224049_/Y (AOI22x1_ASAP7_75t_R)
  26.12 12431.71 ^ _224050_/Y (XNOR2x1_ASAP7_75t_R)
  35.55 12467.26 ^ _224061_/Y (AND5x1_ASAP7_75t_R)
  58.64 12525.89 v _224146_/Y (AOI221x1_ASAP7_75t_R)
  47.00 12572.89 ^ _224355_/Y (OAI21x1_ASAP7_75t_R)
  26.37 12599.27 ^ _224356_/Y (AND4x1_ASAP7_75t_R)
  63.78 12663.05 ^ _224360_/Y (OR4x2_ASAP7_75t_R)
  87.20 12750.24 v _224402_/Y (INVx1_ASAP7_75t_R)
  20.14 12770.38 ^ _224406_/Y (AOI21x1_ASAP7_75t_R)
  49.46 12819.84 ^ _224409_/Y (AND5x1_ASAP7_75t_R)
  32.33 12852.17 v _224410_/Y (XNOR2x2_ASAP7_75t_R)
  18.06 12870.24 ^ _224411_/Y (AOI211x1_ASAP7_75t_R)
  31.51 12901.75 ^ _224428_/Y (AND2x2_ASAP7_75t_R)
 100.65 13002.40 v _224840_/Y (AOI211x1_ASAP7_75t_R)
  58.48 13060.88 v _224913_/Y (AND2x2_ASAP7_75t_R)
  17.85 13078.73 v _224914_/Y (OA21x2_ASAP7_75t_R)
  18.09 13096.81 v _224915_/Y (OA21x2_ASAP7_75t_R)
  33.01 13129.82 v _224916_/Y (AO221x1_ASAP7_75t_R)
  28.02 13157.83 v _224917_/Y (MAJx2_ASAP7_75t_R)
  19.41 13177.25 v _224929_/Y (AO21x1_ASAP7_75t_R)
  16.07 13193.32 v _224943_/Y (AO21x1_ASAP7_75t_R)
  17.98 13211.31 v _224948_/Y (AO21x1_ASAP7_75t_R)
  28.74 13240.05 v _225034_/Y (AO21x2_ASAP7_75t_R)
  45.54 13285.58 v _225249_/Y (AO21x2_ASAP7_75t_R)
  68.32 13353.90 ^ _225319_/Y (NAND2x2_ASAP7_75t_R)
  33.58 13387.48 ^ _225320_/Y (AO22x1_ASAP7_75t_R)
  24.35 13411.83 ^ _225322_/Y (AO21x2_ASAP7_75t_R)
  20.35 13432.18 ^ _225323_/Y (AO221x1_ASAP7_75t_R)
  31.65 13463.83 ^ _225326_/Y (OA211x2_ASAP7_75t_R)
  33.42 13497.25 ^ _225330_/Y (AO221x2_ASAP7_75t_R)
  24.64 13521.89 ^ _225341_/Y (AO21x2_ASAP7_75t_R)
  29.84 13551.73 ^ _225351_/Y (AO22x2_ASAP7_75t_R)
  71.22 13622.95 v _225594_/Y (AOI211x1_ASAP7_75t_R)
  99.64 13722.60 ^ _225595_/Y (NAND2x2_ASAP7_75t_R)
  45.68 13768.28 ^ _225671_/Y (OA211x2_ASAP7_75t_R)
  31.05 13799.33 ^ _225684_/Y (AND3x2_ASAP7_75t_R)
  25.28 13824.61 ^ _225685_/Y (OA22x2_ASAP7_75t_R)
  28.45 13853.06 ^ _225689_/Y (MAJx2_ASAP7_75t_R)
  25.67 13878.73 ^ _225690_/Y (MAJx2_ASAP7_75t_R)
  23.93 13902.66 v _225704_/Y (AOI21x1_ASAP7_75t_R)
  29.00 13931.66 ^ _225734_/Y (OAI21x1_ASAP7_75t_R)
  25.19 13956.85 ^ _225812_/Y (AND3x1_ASAP7_75t_R)
 113.16 14070.02 ^ _225945_/Y (OR5x1_ASAP7_75t_R)
  48.64 14118.66 ^ _226108_/Y (OA21x2_ASAP7_75t_R)
  18.90 14137.56 ^ _226109_/Y (AO221x1_ASAP7_75t_R)
  23.26 14160.82 ^ _226110_/Y (MAJx2_ASAP7_75t_R)
  18.20 14179.02 ^ _226111_/Y (AO21x1_ASAP7_75t_R)
  23.11 14202.12 ^ _226112_/Y (AO32x1_ASAP7_75t_R)
  39.84 14241.96 ^ _226115_/Y (AO22x1_ASAP7_75t_R)
  27.02 14268.98 v _226127_/Y (AOI21x1_ASAP7_75t_R)
  36.81 14305.79 ^ _226148_/Y (OAI22x1_ASAP7_75t_R)
  25.88 14331.68 ^ _226158_/Y (AO21x1_ASAP7_75t_R)
  27.29 14358.97 ^ _226160_/Y (AO22x2_ASAP7_75t_R)
  91.88 14450.85 ^ _226252_/Y (AO21x1_ASAP7_75t_R)
  17.69 14468.54 v _226384_/Y (NAND2x1_ASAP7_75t_R)
  32.81 14501.35 v _226388_/Y (AO222x2_ASAP7_75t_R)
  31.82 14533.18 v _226389_/Y (OA211x2_ASAP7_75t_R)
  22.60 14555.77 v _226390_/Y (MAJx2_ASAP7_75t_R)
  20.79 14576.57 v _226391_/Y (MAJx2_ASAP7_75t_R)
  20.18 14596.75 v _226392_/Y (MAJx2_ASAP7_75t_R)
  33.17 14629.92 v _226393_/Y (AO222x2_ASAP7_75t_R)
  20.18 14650.10 v _226415_/Y (AO21x1_ASAP7_75t_R)
  20.07 14670.17 v _226416_/Y (AO22x1_ASAP7_75t_R)
  22.13 14692.30 v _226425_/Y (AO21x2_ASAP7_75t_R)
  60.49 14752.79 v _226552_/Y (AO21x2_ASAP7_75t_R)
 228.13 14980.92 ^ _226668_/Y (NAND2x2_ASAP7_75t_R)
 115.78 15096.71 ^ _226680_/Y (OR3x2_ASAP7_75t_R)
  41.22 15137.93 ^ _226685_/Y (AND2x4_ASAP7_75t_R)
  58.80 15196.73 v _226736_/Y (XNOR2x2_ASAP7_75t_R)
  28.96 15225.69 v _226773_/Y (OR3x1_ASAP7_75t_R)
  47.08 15272.77 ^ _226775_/Y (AOI21x1_ASAP7_75t_R)
  45.33 15318.10 v _226776_/Y (NOR2x2_ASAP7_75t_R)
  79.48 15397.58 v _226777_/Y (AO32x1_ASAP7_75t_R)
 120.91 15518.49 ^ _227106_/Y (XNOR2x1_ASAP7_75t_R)
  53.31 15571.79 ^ _228542_/Y (AO32x1_ASAP7_75t_R)
  84.55 15656.34 ^ _228577_/Y (AO32x1_ASAP7_75t_R)
  53.68 15710.02 v _228823_/Y (NOR3x1_ASAP7_75t_R)
  36.69 15746.71 v _228824_/Y (AO32x1_ASAP7_75t_R)
  30.88 15777.60 v _228836_/Y (AO222x2_ASAP7_75t_R)
  29.42 15807.02 v _228869_/Y (OR5x1_ASAP7_75t_R)
  35.42 15842.43 v _228909_/Y (OR5x1_ASAP7_75t_R)
  35.55 15877.99 v _229076_/Y (AO32x1_ASAP7_75t_R)
  37.28 15915.27 v _229116_/Y (AO32x2_ASAP7_75t_R)
  26.65 15941.92 v _229223_/Y (AND5x2_ASAP7_75t_R)
  22.56 15964.47 v _229304_/Y (AND3x2_ASAP7_75t_R)
  23.31 15987.79 v _229305_/Y (AND4x2_ASAP7_75t_R)
  15.69 16003.47 v _229409_/Y (AND3x1_ASAP7_75t_R)
  18.91 16022.39 v _229419_/Y (OA31x2_ASAP7_75t_R)
  23.75 16046.13 v _229424_/Y (OA21x2_ASAP7_75t_R)
  45.81 16091.94 v _238033_/Y (OA211x2_ASAP7_75t_R)
  34.16 16126.10 v _241101_/Y (AO31x2_ASAP7_75t_R)
  71.43 16197.53 v _241194_/Y (AO221x1_ASAP7_75t_R)
 173.32 16370.85 ^ _241196_/Y (NAND2x2_ASAP7_75t_R)
  88.37 16459.22 v _241197_/Y (INVx2_ASAP7_75t_R)
  53.44 16512.66 v _253544_/Y (AO21x1_ASAP7_75t_R)
  14.90 16527.56 v _253545_/Y (AND2x2_ASAP7_75t_R)
   0.13 16527.69 v _378108_/D (DFFHQNx1_ASAP7_75t_R)
        16527.69   data arrival time

12000.00 12000.00   clock core_clk (rise edge)
   0.00 12000.00   clock source latency
   0.00 12000.00 ^ clk (in)
  51.21 12051.21 ^ wire5675/Y (BUFx12_ASAP7_75t_R)
  50.67 12101.89 ^ clkbuf_0_clk/Y (BUFx24_ASAP7_75t_R)
  26.15 12128.04 ^ clkbuf_1_1_0_clk/Y (BUFx24_ASAP7_75t_R)
  24.91 12152.95 ^ clkbuf_2_2_0_clk/Y (BUFx24_ASAP7_75t_R)
  27.24 12180.19 ^ clkbuf_3_5_0_clk/Y (BUFx24_ASAP7_75t_R)
  25.96 12206.15 ^ clkbuf_4_11_0_clk/Y (BUFx24_ASAP7_75t_R)
  27.00 12233.15 ^ clkbuf_6_45__f_clk/Y (BUFx24_ASAP7_75t_R)
  26.21 12259.37 ^ clkbuf_leaf_570_clk/Y (BUFx24_ASAP7_75t_R)
   1.34 12260.70 ^ _378108_/CLK (DFFHQNx1_ASAP7_75t_R)
 -50.00 12210.70   clock uncertainty
   2.39 12213.09   clock reconvergence pessimism
  -0.26 12212.83   library setup time
        12212.83   data required time
---------------------------------------------------------
        12212.83   data required time
        -16527.69   data arrival time
---------------------------------------------------------
        -4314.85   slack (VIOLATED)


Startpoint: _369487_ (rising edge-triggered flip-flop clocked by core_clk)
Endpoint: _378108_ (rising edge-triggered flip-flop clocked by core_clk)
Path Group: reg2reg
Path Type: max

  Delay    Time   Description
---------------------------------------------------------
   0.00    0.00   clock core_clk (rise edge)
   0.00    0.00   clock source latency
   0.00    0.00 ^ clk (in)
  51.99   51.99 ^ wire5675/Y (BUFx12_ASAP7_75t_R)
  52.29  104.28 ^ clkbuf_0_clk/Y (BUFx24_ASAP7_75t_R)
  27.06  131.33 ^ clkbuf_1_0_0_clk/Y (BUFx24_ASAP7_75t_R)
  26.85  158.18 ^ clkbuf_2_1_0_clk/Y (BUFx24_ASAP7_75t_R)
  28.86  187.04 ^ clkbuf_3_3_0_clk/Y (BUFx24_ASAP7_75t_R)
  30.02  217.07 ^ clkbuf_4_7_0_clk/Y (BUFx24_ASAP7_75t_R)
  29.08  246.15 ^ clkbuf_6_30__f_clk/Y (BUFx24_ASAP7_75t_R)
  33.58  279.73 ^ clkbuf_leaf_368_clk/Y (BUFx24_ASAP7_75t_R)
   3.20  282.92 ^ _369487_/CLK (DFFHQNx1_ASAP7_75t_R)
  81.75  364.68 v _369487_/QN (DFFHQNx1_ASAP7_75t_R)
 117.22  481.90 v _184248_/Y (OR4x2_ASAP7_75t_R)
 163.68  645.58 ^ _184249_/Y (NAND3x1_ASAP7_75t_R)
  86.57  732.14 v _184434_/Y (AOI21x1_ASAP7_75t_R)
  78.49  810.64 v _184438_/Y (OR3x1_ASAP7_75t_R)
  60.40  871.03 ^ _184457_/Y (AOI21x1_ASAP7_75t_R)
  39.14  910.17 ^ max_cap4622/Y (BUFx12_ASAP7_75t_R)
  24.73  934.91 ^ max_cap4621/Y (BUFx12_ASAP7_75t_R)
  31.59  966.49 ^ load_slew4620/Y (BUFx6f_ASAP7_75t_R)
  23.60  990.09 ^ wire4619/Y (BUFx12f_ASAP7_75t_R)
  32.21 1022.30 ^ max_cap4618/Y (BUFx10_ASAP7_75t_R)
  29.02 1051.32 ^ max_cap4612/Y (BUFx12_ASAP7_75t_R)
  34.32 1085.64 ^ wire4609/Y (BUFx12f_ASAP7_75t_R)
  29.55 1115.19 ^ load_slew4607/Y (BUFx12f_ASAP7_75t_R)
 120.66 1235.85 ^ _184934_/Y (OR3x1_ASAP7_75t_R)
  79.52 1315.37 ^ _185378_/Y (OR2x2_ASAP7_75t_R)
  21.21 1336.58 ^ _185399_/Y (AND4x1_ASAP7_75t_R)
  38.30 1374.88 ^ _185400_/Y (AND4x2_ASAP7_75t_R)
  95.55 1470.43 ^ _185414_/Y (OA222x2_ASAP7_75t_R)
  80.33 1550.76 v _185565_/Y (NAND2x1_ASAP7_75t_R)
  49.69 1600.45 v _186054_/Y (OR5x1_ASAP7_75t_R)
  49.59 1650.03 v _188459_/Y (OR4x2_ASAP7_75t_R)
  66.04 1716.07 v _211565_/Y (AND4x2_ASAP7_75t_R)
  30.31 1746.38 v load_slew2798/Y (BUFx16f_ASAP7_75t_R)
  43.33 1789.71 v load_slew2797/Y (BUFx16f_ASAP7_75t_R)
  35.87 1825.58 v load_slew2796/Y (BUFx16f_ASAP7_75t_R)
  69.03 1894.61 v wire2795/Y (BUFx16f_ASAP7_75t_R)
  24.24 1918.86 v load_slew2794/Y (BUFx16f_ASAP7_75t_R)
  55.74 1974.59 v wire2793/Y (BUFx16f_ASAP7_75t_R)
  79.57 2054.17 v _211844_/Y (AND2x4_ASAP7_75t_R)
  30.08 2084.25 v wire2553/Y (BUFx16f_ASAP7_75t_R)
  78.91 2163.16 v load_slew2552/Y (BUFx16f_ASAP7_75t_R)
 118.99 2282.15 v _211850_/Y (OR4x1_ASAP7_75t_R)
  25.38 2307.53 v _211851_/Y (AND2x4_ASAP7_75t_R)
  17.24 2324.78 ^ _211863_/Y (NOR3x1_ASAP7_75t_R)
  30.46 2355.24 ^ _211864_/Y (AND4x2_ASAP7_75t_R)
   8.53 2363.77 v _211865_/Y (NAND3x1_ASAP7_75t_R)
  33.28 2397.05 v _211869_/Y (OA211x2_ASAP7_75t_R)
  20.81 2417.86 ^ _211879_/Y (AOI221x1_ASAP7_75t_R)
  37.89 2455.75 v _211916_/Y (AOI221x1_ASAP7_75t_R)
  34.29 2490.04 v _211994_/Y (AO21x2_ASAP7_75t_R)
  24.71 2514.75 ^ _212068_/Y (AOI221x1_ASAP7_75t_R)
  40.92 2555.67 v _212069_/Y (XNOR2x2_ASAP7_75t_R)
  49.13 2604.81 v _212079_/Y (AO32x1_ASAP7_75t_R)
  37.28 2642.08 v _212081_/Y (AO221x2_ASAP7_75t_R)
  33.14 2675.22 v _212140_/Y (AO21x2_ASAP7_75t_R)
  32.77 2708.00 ^ _212148_/Y (NAND2x2_ASAP7_75t_R)
  33.87 2741.87 ^ _212159_/Y (AO221x1_ASAP7_75t_R)
  30.04 2771.91 ^ _212174_/Y (AO22x2_ASAP7_75t_R)
  32.66 2804.57 v _212207_/Y (OAI21x1_ASAP7_75t_R)
  25.57 2830.14 ^ _212221_/Y (AOI21x1_ASAP7_75t_R)
  31.21 2861.35 ^ _212228_/Y (OA21x2_ASAP7_75t_R)
  26.23 2887.59 ^ _212263_/Y (XNOR2x2_ASAP7_75t_R)
  30.31 2917.90 ^ _212273_/Y (AO221x1_ASAP7_75t_R)
  27.36 2945.26 ^ _212358_/Y (MAJx2_ASAP7_75t_R)
  40.47 2985.73 v _212379_/Y (AOI211x1_ASAP7_75t_R)
  56.07 3041.79 ^ _212412_/Y (OAI21x1_ASAP7_75t_R)
  41.41 3083.21 ^ _212419_/Y (AO211x2_ASAP7_75t_R)
  25.93 3109.13 ^ _212421_/Y (OA33x2_ASAP7_75t_R)
  25.72 3134.86 v _212437_/Y (NOR3x1_ASAP7_75t_R)
  34.56 3169.41 ^ _212512_/Y (OAI21x1_ASAP7_75t_R)
  31.95 3201.36 ^ _212568_/Y (AO32x1_ASAP7_75t_R)
  22.00 3223.36 ^ _212584_/Y (AND3x1_ASAP7_75t_R)
  26.56 3249.92 ^ _212585_/Y (XNOR2x2_ASAP7_75t_R)
  37.09 3287.01 ^ _212597_/Y (MAJx2_ASAP7_75t_R)
  34.19 3321.21 v _212610_/Y (AOI211x1_ASAP7_75t_R)
  42.58 3363.79 v _212620_/Y (OA211x2_ASAP7_75t_R)
  40.55 3404.34 v _212641_/Y (OR2x2_ASAP7_75t_R)
  26.42 3430.77 v _212731_/Y (AO21x1_ASAP7_75t_R)
  20.15 3450.91 v _212733_/Y (AO22x1_ASAP7_75t_R)
  30.08 3480.99 ^ _212738_/Y (AOI221x1_ASAP7_75t_R)
  32.67 3513.66 ^ _212740_/Y (AO211x2_ASAP7_75t_R)
  34.65 3548.30 ^ _212753_/Y (AO21x1_ASAP7_75t_R)
  43.93 3592.23 ^ _212838_/Y (AO21x2_ASAP7_75t_R)
  27.90 3620.13 ^ _212901_/Y (AND3x1_ASAP7_75t_R)
  31.81 3651.94 v _212902_/Y (AOI21x1_ASAP7_75t_R)
  31.51 3683.46 ^ _212903_/Y (AOI22x1_ASAP7_75t_R)
  39.18 3722.63 ^ _212946_/Y (AND4x2_ASAP7_75t_R)
  24.62 3747.25 ^ _213006_/Y (OA211x2_ASAP7_75t_R)
  25.07 3772.32 ^ _213007_/Y (AO221x1_ASAP7_75t_R)
  20.55 3792.87 ^ _213008_/Y (AO21x2_ASAP7_75t_R)
  25.91 3818.77 ^ _213011_/Y (AND3x2_ASAP7_75t_R)
  34.12 3852.89 v _213012_/Y (XNOR2x2_ASAP7_75t_R)
  26.94 3879.83 v _213058_/Y (OA211x2_ASAP7_75t_R)
  30.20 3910.03 v _213060_/Y (OA211x2_ASAP7_75t_R)
  31.18 3941.21 v _213078_/Y (OR3x2_ASAP7_75t_R)
  27.61 3968.82 v _213197_/Y (AO211x2_ASAP7_75t_R)
  26.88 3995.70 v _213198_/Y (AND2x4_ASAP7_75t_R)
  27.47 4023.17 v _213230_/Y (AND2x2_ASAP7_75t_R)
  26.40 4049.57 v _213231_/Y (XNOR2x1_ASAP7_75t_R)
  29.91 4079.47 v _213232_/Y (XNOR2x1_ASAP7_75t_R)
  44.09 4123.57 v _213363_/Y (AO221x1_ASAP7_75t_R)
  38.78 4162.35 v _213368_/Y (OR5x1_ASAP7_75t_R)
  58.50 4220.84 v _213375_/Y (AO222x2_ASAP7_75t_R)
  33.13 4253.97 v _213494_/Y (AND2x4_ASAP7_75t_R)
  30.36 4284.34 v _213495_/Y (XNOR2x1_ASAP7_75t_R)
  38.09 4322.42 v _213524_/Y (AO32x1_ASAP7_75t_R)
  26.66 4349.08 ^ _213525_/Y (AOI211x1_ASAP7_75t_R)
  34.25 4383.33 ^ _213548_/Y (OA31x2_ASAP7_75t_R)
  37.41 4420.74 ^ _213564_/Y (AO211x2_ASAP7_75t_R)
  26.49 4447.23 ^ _213595_/Y (AND3x1_ASAP7_75t_R)
  26.24 4473.47 v _213596_/Y (XOR2x2_ASAP7_75t_R)
  22.45 4495.92 v _213605_/Y (AO21x1_ASAP7_75t_R)
  37.08 4533.00 v _213606_/Y (AO32x1_ASAP7_75t_R)
  31.94 4564.94 v _213625_/Y (AO21x2_ASAP7_75t_R)
  27.70 4592.64 v _213781_/Y (OA21x2_ASAP7_75t_R)
  41.78 4634.43 ^ _213794_/Y (OAI21x1_ASAP7_75t_R)
  42.88 4677.31 v _213835_/Y (NAND2x2_ASAP7_75t_R)
  36.85 4714.16 v _213973_/Y (AND2x2_ASAP7_75t_R)
  38.28 4752.44 ^ _213974_/Y (XNOR2x2_ASAP7_75t_R)
  22.92 4775.36 v _213984_/Y (AOI211x1_ASAP7_75t_R)
  37.61 4812.97 v _213988_/Y (OR4x2_ASAP7_75t_R)
  38.30 4851.27 v _213989_/Y (AO21x1_ASAP7_75t_R)
  59.80 4911.07 ^ _214007_/Y (NAND2x1_ASAP7_75t_R)
  41.74 4952.81 ^ _214009_/Y (AND2x4_ASAP7_75t_R)
  22.52 4975.32 ^ _214013_/Y (AND2x2_ASAP7_75t_R)
  36.11 5011.43 v _214014_/Y (XNOR2x2_ASAP7_75t_R)
  33.46 5044.89 v _214121_/Y (OA211x2_ASAP7_75t_R)
  18.77 5063.65 v _214139_/Y (AND4x1_ASAP7_75t_R)
  21.40 5085.06 v _214326_/Y (AO211x2_ASAP7_75t_R)
  49.96 5135.02 v _214333_/Y (OA21x2_ASAP7_75t_R)
  60.41 5195.44 v _214504_/Y (OA211x2_ASAP7_75t_R)
  29.67 5225.10 v _214505_/Y (XOR2x2_ASAP7_75t_R)
  20.14 5245.25 v _214529_/Y (AND3x1_ASAP7_75t_R)
  38.50 5283.75 v _214531_/Y (OR4x2_ASAP7_75t_R)
  17.34 5301.09 ^ _214543_/Y (AOI22x1_ASAP7_75t_R)
  20.49 5321.58 ^ _214544_/Y (AND2x4_ASAP7_75t_R)
  63.94 5385.52 ^ _214554_/Y (AO221x2_ASAP7_75t_R)
  51.28 5436.80 ^ _214722_/Y (AND5x1_ASAP7_75t_R)
  29.23 5466.03 v _214723_/Y (XOR2x2_ASAP7_75t_R)
  19.65 5485.69 v _214724_/Y (AND2x4_ASAP7_75t_R)
  15.97 5501.66 ^ _214850_/Y (INVx1_ASAP7_75t_R)
  31.91 5533.57 ^ _214852_/Y (AND4x1_ASAP7_75t_R)
  29.87 5563.43 ^ _214868_/Y (AND5x1_ASAP7_75t_R)
  22.72 5586.16 ^ _214869_/Y (AO32x1_ASAP7_75t_R)
  81.64 5667.80 ^ _214872_/Y (OA31x2_ASAP7_75t_R)
  42.50 5710.30 ^ _215078_/Y (AND2x2_ASAP7_75t_R)
  36.10 5746.39 v _215079_/Y (XNOR2x2_ASAP7_75t_R)
  34.42 5780.82 v _215122_/Y (OA221x2_ASAP7_75t_R)
  30.89 5811.71 v _215131_/Y (AO221x1_ASAP7_75t_R)
  37.11 5848.82 v _215139_/Y (AO22x2_ASAP7_75t_R)
  36.40 5885.21 v _215153_/Y (AO221x2_ASAP7_75t_R)
  53.03 5938.24 v _215160_/Y (AO21x2_ASAP7_75t_R)
  43.59 5981.83 v _215230_/Y (AO21x2_ASAP7_75t_R)
  20.05 6001.87 v _215231_/Y (AND2x4_ASAP7_75t_R)
  16.94 6018.81 v _215284_/Y (XNOR2x1_ASAP7_75t_R)
  38.74 6057.55 v _215285_/Y (OR5x1_ASAP7_75t_R)
  28.11 6085.66 ^ _215286_/Y (OAI22x1_ASAP7_75t_R)
  44.37 6130.03 ^ _215332_/Y (AO211x2_ASAP7_75t_R)
  52.27 6182.30 ^ _215466_/Y (AO211x2_ASAP7_75t_R)
  42.70 6225.00 ^ _215467_/Y (AND2x4_ASAP7_75t_R)
  28.50 6253.50 ^ _215476_/Y (AO21x2_ASAP7_75t_R)
  26.58 6280.08 ^ _215478_/Y (AND2x2_ASAP7_75t_R)
  29.44 6309.52 ^ _215729_/Y (OA31x2_ASAP7_75t_R)
  15.57 6325.09 v _215748_/Y (AOI211x1_ASAP7_75t_R)
  37.27 6362.36 v _215777_/Y (OR4x2_ASAP7_75t_R)
  39.75 6402.11 v _215781_/Y (AO32x2_ASAP7_75t_R)
  53.51 6455.62 v _215787_/Y (OR3x2_ASAP7_75t_R)
  52.82 6508.44 v _215869_/Y (OA21x2_ASAP7_75t_R)
  29.60 6538.05 v _215888_/Y (AND2x2_ASAP7_75t_R)
  32.20 6570.25 v _215889_/Y (XNOR2x2_ASAP7_75t_R)
  33.95 6604.19 v _216007_/Y (XNOR2x1_ASAP7_75t_R)
  22.91 6627.10 ^ _216008_/Y (NAND3x1_ASAP7_75t_R)
  21.90 6649.00 v _216182_/Y (AOI211x1_ASAP7_75t_R)
  55.33 6704.33 v _216196_/Y (OR5x2_ASAP7_75t_R)
  56.07 6760.40 ^ _216251_/Y (NAND2x1_ASAP7_75t_R)
  30.17 6790.56 ^ _216252_/Y (AO21x2_ASAP7_75t_R)
  30.37 6820.93 ^ _216253_/Y (XNOR2x2_ASAP7_75t_R)
  27.60 6848.53 ^ _216254_/Y (AND2x2_ASAP7_75t_R)
  20.59 6869.12 ^ _216255_/Y (AO21x1_ASAP7_75t_R)
  20.90 6890.03 ^ _216261_/Y (OA211x2_ASAP7_75t_R)
  69.99 6960.02 ^ _216360_/Y (AO221x1_ASAP7_75t_R)
  23.00 6983.01 v _216362_/Y (INVx6_ASAP7_75t_R)
  89.01 7072.03 ^ _216545_/Y (NAND2x1_ASAP7_75t_R)
  37.31 7109.34 ^ _216628_/Y (OA21x2_ASAP7_75t_R)
  34.38 7143.72 v _216629_/Y (XNOR2x2_ASAP7_75t_R)
  28.17 7171.89 v _216843_/Y (OR2x4_ASAP7_75t_R)
  23.70 7195.59 v _216846_/Y (OA222x2_ASAP7_75t_R)
  22.80 7218.39 v _216851_/Y (AO221x1_ASAP7_75t_R)
  43.30 7261.68 v _216876_/Y (AO221x1_ASAP7_75t_R)
  43.55 7305.23 v _216887_/Y (AND3x2_ASAP7_75t_R)
  68.57 7373.80 ^ _216996_/Y (NAND2x2_ASAP7_75t_R)
  42.10 7415.90 ^ _217076_/Y (OA21x2_ASAP7_75t_R)
  23.95 7439.86 ^ _217107_/Y (XNOR2x2_ASAP7_75t_R)
  41.93 7481.79 ^ _217265_/Y (AND5x1_ASAP7_75t_R)
  36.98 7518.77 ^ _217277_/Y (AND5x1_ASAP7_75t_R)
  31.55 7550.31 ^ _217278_/Y (OA211x2_ASAP7_75t_R)
  45.89 7596.21 v _217284_/Y (AOI211x1_ASAP7_75t_R)
 109.67 7705.88 ^ _217285_/Y (NAND2x2_ASAP7_75t_R)
  40.57 7746.45 ^ _217578_/Y (OA21x2_ASAP7_75t_R)
  37.61 7784.06 v _217579_/Y (XNOR2x2_ASAP7_75t_R)
  37.05 7821.11 ^ _217695_/Y (NAND2x1_ASAP7_75t_R)
  31.64 7852.76 ^ _217699_/Y (AO211x2_ASAP7_75t_R)
  28.09 7880.85 ^ _217700_/Y (AO31x2_ASAP7_75t_R)
  45.60 7926.44 ^ _217715_/Y (AO21x2_ASAP7_75t_R)
  53.63 7980.07 v _217716_/Y (NAND2x2_ASAP7_75t_R)
  52.44 8032.51 v _218014_/Y (OA21x2_ASAP7_75t_R)
  28.10 8060.62 ^ _218015_/Y (XNOR2x2_ASAP7_75t_R)
  30.42 8091.04 v _218016_/Y (XNOR2x2_ASAP7_75t_R)
  36.08 8127.11 v _218022_/Y (OA211x2_ASAP7_75t_R)
  28.22 8155.33 v _218131_/Y (AO21x1_ASAP7_75t_R)
  32.85 8188.18 v _218149_/Y (OA21x2_ASAP7_75t_R)
  81.58 8269.76 v _218150_/Y (OR3x2_ASAP7_75t_R)
  30.35 8300.11 ^ _218207_/Y (OAI21x1_ASAP7_75t_R)
  42.40 8342.51 ^ _218208_/Y (XOR2x2_ASAP7_75t_R)
  31.19 8373.70 ^ _218236_/Y (XNOR2x2_ASAP7_75t_R)
  20.63 8394.32 ^ _218242_/Y (AND3x1_ASAP7_75t_R)
  14.84 8409.17 v _218244_/Y (NAND2x1_ASAP7_75t_R)
  26.50 8435.67 ^ _218285_/Y (OAI22x1_ASAP7_75t_R)
 142.85 8578.51 v _218562_/Y (AOI211x1_ASAP7_75t_R)
  74.35 8652.86 ^ _218680_/Y (OAI21x1_ASAP7_75t_R)
  29.37 8682.24 ^ _218682_/Y (AND2x2_ASAP7_75t_R)
  23.39 8705.63 ^ _218683_/Y (XNOR2x2_ASAP7_75t_R)
  37.42 8743.05 ^ _218684_/Y (AND5x1_ASAP7_75t_R)
  32.57 8775.62 ^ _218852_/Y (AND4x1_ASAP7_75t_R)
  19.20 8794.81 ^ _218871_/Y (AO31x2_ASAP7_75t_R)
  41.49 8836.30 ^ _218918_/Y (AO211x2_ASAP7_75t_R)
  57.65 8893.95 v _218927_/Y (NOR2x2_ASAP7_75t_R)
  48.50 8942.45 v _219003_/Y (OR4x1_ASAP7_75t_R)
  27.70 8970.15 v _219005_/Y (OA211x2_ASAP7_75t_R)
  17.28 8987.44 v _219012_/Y (AO31x2_ASAP7_75t_R)
  21.46 9008.90 v _219030_/Y (OR3x1_ASAP7_75t_R)
  23.63 9032.53 ^ _219031_/Y (NAND2x1_ASAP7_75t_R)
  33.26 9065.79 ^ _219212_/Y (AND4x1_ASAP7_75t_R)
  25.20 9090.98 ^ _219221_/Y (OR4x1_ASAP7_75t_R)
  50.06 9141.04 v _219222_/Y (OAI21x1_ASAP7_75t_R)
  67.84 9208.88 v _219302_/Y (AND2x2_ASAP7_75t_R)
  41.57 9250.45 ^ _219314_/Y (AOI211x1_ASAP7_75t_R)
  45.30 9295.75 v _219315_/Y (XNOR2x2_ASAP7_75t_R)
  36.90 9332.65 v _219653_/Y (OA211x2_ASAP7_75t_R)
  28.08 9360.74 v _219655_/Y (OA222x2_ASAP7_75t_R)
  91.46 9452.20 v _219690_/Y (AO221x1_ASAP7_75t_R)
  99.27 9551.47 ^ _219718_/Y (NAND2x2_ASAP7_75t_R)
  38.26 9589.73 v _219988_/Y (AOI221x1_ASAP7_75t_R)
  39.18 9628.90 v _219992_/Y (OA33x2_ASAP7_75t_R)
  20.42 9649.32 ^ _220017_/Y (AOI21x1_ASAP7_75t_R)
  37.96 9687.28 ^ _220031_/Y (OA33x2_ASAP7_75t_R)
  14.29 9701.57 v _220033_/Y (OAI21x1_ASAP7_75t_R)
  30.17 9731.74 v _220096_/Y (AO31x2_ASAP7_75t_R)
  36.51 9768.25 v _220129_/Y (AO211x2_ASAP7_75t_R)
  67.14 9835.39 v _220162_/Y (AO21x2_ASAP7_75t_R)
  57.53 9892.92 v _220341_/Y (AO21x2_ASAP7_75t_R)
  30.09 9923.01 v _220343_/Y (AND2x2_ASAP7_75t_R)
  23.13 9946.13 ^ _220461_/Y (OAI21x1_ASAP7_75t_R)
  37.85 9983.98 ^ _220467_/Y (AND5x1_ASAP7_75t_R)
  30.72 10014.70 ^ _220661_/Y (AO32x2_ASAP7_75t_R)
  35.08 10049.79 ^ _220664_/Y (OA31x2_ASAP7_75t_R)
  68.48 10118.27 ^ _220695_/Y (OR3x2_ASAP7_75t_R)
  70.81 10189.08 ^ _220861_/Y (OA21x2_ASAP7_75t_R)
  17.80 10206.87 ^ _220880_/Y (OA21x2_ASAP7_75t_R)
  12.18 10219.06 v _220893_/Y (NOR3x1_ASAP7_75t_R)
  37.00 10256.06 v _220894_/Y (OR4x1_ASAP7_75t_R)
  23.16 10279.21 v _220901_/Y (AO21x1_ASAP7_75t_R)
  25.08 10304.29 v _220910_/Y (AO21x2_ASAP7_75t_R)
  48.71 10353.01 v _221032_/Y (AO32x1_ASAP7_75t_R)
  65.61 10418.62 ^ _221087_/Y (NAND2x2_ASAP7_75t_R)
  55.90 10474.51 ^ _221108_/Y (OA22x2_ASAP7_75t_R)
  39.06 10513.58 ^ _221291_/Y (XNOR2x2_ASAP7_75t_R)
  32.23 10545.81 ^ _221294_/Y (AND4x2_ASAP7_75t_R)
  20.24 10566.05 ^ _221517_/Y (AND2x2_ASAP7_75t_R)
  14.05 10580.10 v _221532_/Y (AOI21x1_ASAP7_75t_R)
  32.93 10613.03 v _221571_/Y (AO221x1_ASAP7_75t_R)
  38.33 10651.35 v _221574_/Y (AO33x2_ASAP7_75t_R)
 118.12 10769.48 v _221575_/Y (AND3x1_ASAP7_75t_R)
  63.66 10833.14 v _221581_/Y (OR4x1_ASAP7_75t_R)
  35.15 10868.29 v _221583_/Y (AND3x1_ASAP7_75t_R)
  31.05 10899.34 v _221585_/Y (XNOR2x2_ASAP7_75t_R)
  25.34 10924.68 v _221598_/Y (AO211x2_ASAP7_75t_R)
  35.17 10959.85 v _221785_/Y (OR3x2_ASAP7_75t_R)
  44.32 11004.17 ^ _221849_/Y (NAND2x2_ASAP7_75t_R)
  66.84 11071.02 ^ _222157_/Y (OR3x2_ASAP7_75t_R)
  33.29 11104.30 ^ _222175_/Y (AND3x1_ASAP7_75t_R)
  41.82 11146.13 ^ _222176_/Y (XNOR2x2_ASAP7_75t_R)
  38.85 11184.98 v _222177_/Y (XNOR2x2_ASAP7_75t_R)
  27.14 11212.12 v _222178_/Y (AND5x2_ASAP7_75t_R)
  18.92 11231.04 v _222221_/Y (AND2x2_ASAP7_75t_R)
  19.31 11250.36 v _222230_/Y (AO21x2_ASAP7_75t_R)
  35.13 11285.48 v _222272_/Y (AO221x2_ASAP7_75t_R)
  25.58 11311.06 v _222273_/Y (AO21x2_ASAP7_75t_R)
 107.77 11418.83 v _222374_/Y (AO21x1_ASAP7_75t_R)
  77.82 11496.65 v _222701_/Y (OA211x2_ASAP7_75t_R)
  32.91 11529.56 v _222709_/Y (OR5x1_ASAP7_75t_R)
  23.11 11552.67 v _222716_/Y (OA21x2_ASAP7_75t_R)
  19.97 11572.64 v _222721_/Y (AND3x2_ASAP7_75t_R)
  27.35 11599.99 v _222722_/Y (OA31x2_ASAP7_75t_R)
  54.79 11654.77 v _222723_/Y (OR4x1_ASAP7_75t_R)
  80.73 11735.50 v _222856_/Y (AO21x2_ASAP7_75t_R)
  56.87 11792.38 v _223087_/Y (AND2x2_ASAP7_75t_R)
  36.36 11828.73 ^ _223088_/Y (XOR2x2_ASAP7_75t_R)
  26.88 11855.61 ^ _223089_/Y (XNOR2x2_ASAP7_75t_R)
  35.68 11891.29 ^ _223171_/Y (AND5x1_ASAP7_75t_R)
  37.20 11928.49 v _223178_/Y (AOI221x1_ASAP7_75t_R)
  39.10 11967.59 v _223188_/Y (OA21x2_ASAP7_75t_R)
 102.96 12070.56 v _223343_/Y (OA211x2_ASAP7_75t_R)
  56.24 12126.80 v _223434_/Y (OR3x1_ASAP7_75t_R)
  21.07 12147.87 v _223789_/Y (AND2x2_ASAP7_75t_R)
  21.60 12169.47 v _223790_/Y (XNOR2x1_ASAP7_75t_R)
  41.04 12210.51 v _223794_/Y (OR5x1_ASAP7_75t_R)
  38.35 12248.86 v _223795_/Y (OR4x1_ASAP7_75t_R)
  27.32 12276.17 v _223882_/Y (OA31x2_ASAP7_75t_R)
  44.98 12321.16 v _223883_/Y (OA211x2_ASAP7_75t_R)
  34.75 12355.91 v _223927_/Y (AND2x4_ASAP7_75t_R)
  49.68 12405.59 ^ _224049_/Y (AOI22x1_ASAP7_75t_R)
  26.12 12431.71 ^ _224050_/Y (XNOR2x1_ASAP7_75t_R)
  35.55 12467.26 ^ _224061_/Y (AND5x1_ASAP7_75t_R)
  58.64 12525.89 v _224146_/Y (AOI221x1_ASAP7_75t_R)
  47.00 12572.89 ^ _224355_/Y (OAI21x1_ASAP7_75t_R)
  26.37 12599.27 ^ _224356_/Y (AND4x1_ASAP7_75t_R)
  63.78 12663.05 ^ _224360_/Y (OR4x2_ASAP7_75t_R)
  87.20 12750.24 v _224402_/Y (INVx1_ASAP7_75t_R)
  20.14 12770.38 ^ _224406_/Y (AOI21x1_ASAP7_75t_R)
  49.46 12819.84 ^ _224409_/Y (AND5x1_ASAP7_75t_R)
  32.33 12852.17 v _224410_/Y (XNOR2x2_ASAP7_75t_R)
  18.06 12870.24 ^ _224411_/Y (AOI211x1_ASAP7_75t_R)
  31.51 12901.75 ^ _224428_/Y (AND2x2_ASAP7_75t_R)
 100.65 13002.40 v _224840_/Y (AOI211x1_ASAP7_75t_R)
  58.48 13060.88 v _224913_/Y (AND2x2_ASAP7_75t_R)
  17.85 13078.73 v _224914_/Y (OA21x2_ASAP7_75t_R)
  18.09 13096.81 v _224915_/Y (OA21x2_ASAP7_75t_R)
  33.01 13129.82 v _224916_/Y (AO221x1_ASAP7_75t_R)
  28.02 13157.83 v _224917_/Y (MAJx2_ASAP7_75t_R)
  19.41 13177.25 v _224929_/Y (AO21x1_ASAP7_75t_R)
  16.07 13193.32 v _224943_/Y (AO21x1_ASAP7_75t_R)
  17.98 13211.31 v _224948_/Y (AO21x1_ASAP7_75t_R)
  28.74 13240.05 v _225034_/Y (AO21x2_ASAP7_75t_R)
  45.54 13285.58 v _225249_/Y (AO21x2_ASAP7_75t_R)
  68.32 13353.90 ^ _225319_/Y (NAND2x2_ASAP7_75t_R)
  33.58 13387.48 ^ _225320_/Y (AO22x1_ASAP7_75t_R)
  24.35 13411.83 ^ _225322_/Y (AO21x2_ASAP7_75t_R)
  20.35 13432.18 ^ _225323_/Y (AO221x1_ASAP7_75t_R)
  31.65 13463.83 ^ _225326_/Y (OA211x2_ASAP7_75t_R)
  33.42 13497.25 ^ _225330_/Y (AO221x2_ASAP7_75t_R)
  24.64 13521.89 ^ _225341_/Y (AO21x2_ASAP7_75t_R)
  29.84 13551.73 ^ _225351_/Y (AO22x2_ASAP7_75t_R)
  71.22 13622.95 v _225594_/Y (AOI211x1_ASAP7_75t_R)
  99.64 13722.60 ^ _225595_/Y (NAND2x2_ASAP7_75t_R)
  45.68 13768.28 ^ _225671_/Y (OA211x2_ASAP7_75t_R)
  31.05 13799.33 ^ _225684_/Y (AND3x2_ASAP7_75t_R)
  25.28 13824.61 ^ _225685_/Y (OA22x2_ASAP7_75t_R)
  28.45 13853.06 ^ _225689_/Y (MAJx2_ASAP7_75t_R)
  25.67 13878.73 ^ _225690_/Y (MAJx2_ASAP7_75t_R)
  23.93 13902.66 v _225704_/Y (AOI21x1_ASAP7_75t_R)
  29.00 13931.66 ^ _225734_/Y (OAI21x1_ASAP7_75t_R)
  25.19 13956.85 ^ _225812_/Y (AND3x1_ASAP7_75t_R)
 113.16 14070.02 ^ _225945_/Y (OR5x1_ASAP7_75t_R)
  48.64 14118.66 ^ _226108_/Y (OA21x2_ASAP7_75t_R)
  18.90 14137.56 ^ _226109_/Y (AO221x1_ASAP7_75t_R)
  23.26 14160.82 ^ _226110_/Y (MAJx2_ASAP7_75t_R)
  18.20 14179.02 ^ _226111_/Y (AO21x1_ASAP7_75t_R)
  23.11 14202.12 ^ _226112_/Y (AO32x1_ASAP7_75t_R)
  39.84 14241.96 ^ _226115_/Y (AO22x1_ASAP7_75t_R)
  27.02 14268.98 v _226127_/Y (AOI21x1_ASAP7_75t_R)
  36.81 14305.79 ^ _226148_/Y (OAI22x1_ASAP7_75t_R)
  25.88 14331.68 ^ _226158_/Y (AO21x1_ASAP7_75t_R)
  27.29 14358.97 ^ _226160_/Y (AO22x2_ASAP7_75t_R)
  91.88 14450.85 ^ _226252_/Y (AO21x1_ASAP7_75t_R)
  17.69 14468.54 v _226384_/Y (NAND2x1_ASAP7_75t_R)
  32.81 14501.35 v _226388_/Y (AO222x2_ASAP7_75t_R)
  31.82 14533.18 v _226389_/Y (OA211x2_ASAP7_75t_R)
  22.60 14555.77 v _226390_/Y (MAJx2_ASAP7_75t_R)
  20.79 14576.57 v _226391_/Y (MAJx2_ASAP7_75t_R)
  20.18 14596.75 v _226392_/Y (MAJx2_ASAP7_75t_R)
  33.17 14629.92 v _226393_/Y (AO222x2_ASAP7_75t_R)
  20.18 14650.10 v _226415_/Y (AO21x1_ASAP7_75t_R)
  20.07 14670.17 v _226416_/Y (AO22x1_ASAP7_75t_R)
  22.13 14692.30 v _226425_/Y (AO21x2_ASAP7_75t_R)
  60.49 14752.79 v _226552_/Y (AO21x2_ASAP7_75t_R)
 228.13 14980.92 ^ _226668_/Y (NAND2x2_ASAP7_75t_R)
 115.78 15096.71 ^ _226680_/Y (OR3x2_ASAP7_75t_R)
  41.22 15137.93 ^ _226685_/Y (AND2x4_ASAP7_75t_R)
  58.80 15196.73 v _226736_/Y (XNOR2x2_ASAP7_75t_R)
  28.96 15225.69 v _226773_/Y (OR3x1_ASAP7_75t_R)
  47.08 15272.77 ^ _226775_/Y (AOI21x1_ASAP7_75t_R)
  45.33 15318.10 v _226776_/Y (NOR2x2_ASAP7_75t_R)
  79.48 15397.58 v _226777_/Y (AO32x1_ASAP7_75t_R)
 120.91 15518.49 ^ _227106_/Y (XNOR2x1_ASAP7_75t_R)
  53.31 15571.79 ^ _228542_/Y (AO32x1_ASAP7_75t_R)
  84.55 15656.34 ^ _228577_/Y (AO32x1_ASAP7_75t_R)
  53.68 15710.02 v _228823_/Y (NOR3x1_ASAP7_75t_R)
  36.69 15746.71 v _228824_/Y (AO32x1_ASAP7_75t_R)
  30.88 15777.60 v _228836_/Y (AO222x2_ASAP7_75t_R)
  29.42 15807.02 v _228869_/Y (OR5x1_ASAP7_75t_R)
  35.42 15842.43 v _228909_/Y (OR5x1_ASAP7_75t_R)
  35.55 15877.99 v _229076_/Y (AO32x1_ASAP7_75t_R)
  37.28 15915.27 v _229116_/Y (AO32x2_ASAP7_75t_R)
  26.65 15941.92 v _229223_/Y (AND5x2_ASAP7_75t_R)
  22.56 15964.47 v _229304_/Y (AND3x2_ASAP7_75t_R)
  23.31 15987.79 v _229305_/Y (AND4x2_ASAP7_75t_R)
  15.69 16003.47 v _229409_/Y (AND3x1_ASAP7_75t_R)
  18.91 16022.39 v _229419_/Y (OA31x2_ASAP7_75t_R)
  23.75 16046.13 v _229424_/Y (OA21x2_ASAP7_75t_R)
  45.81 16091.94 v _238033_/Y (OA211x2_ASAP7_75t_R)
  34.16 16126.10 v _241101_/Y (AO31x2_ASAP7_75t_R)
  71.43 16197.53 v _241194_/Y (AO221x1_ASAP7_75t_R)
 173.32 16370.85 ^ _241196_/Y (NAND2x2_ASAP7_75t_R)
  88.37 16459.22 v _241197_/Y (INVx2_ASAP7_75t_R)
  53.44 16512.66 v _253544_/Y (AO21x1_ASAP7_75t_R)
  14.90 16527.56 v _253545_/Y (AND2x2_ASAP7_75t_R)
   0.13 16527.69 v _378108_/D (DFFHQNx1_ASAP7_75t_R)
        16527.69   data arrival time

12000.00 12000.00   clock core_clk (rise edge)
   0.00 12000.00   clock source latency
   0.00 12000.00 ^ clk (in)
  51.21 12051.21 ^ wire5675/Y (BUFx12_ASAP7_75t_R)
  50.67 12101.89 ^ clkbuf_0_clk/Y (BUFx24_ASAP7_75t_R)
  26.15 12128.04 ^ clkbuf_1_1_0_clk/Y (BUFx24_ASAP7_75t_R)
  24.91 12152.95 ^ clkbuf_2_2_0_clk/Y (BUFx24_ASAP7_75t_R)
  27.24 12180.19 ^ clkbuf_3_5_0_clk/Y (BUFx24_ASAP7_75t_R)
  25.96 12206.15 ^ clkbuf_4_11_0_clk/Y (BUFx24_ASAP7_75t_R)
  27.00 12233.15 ^ clkbuf_6_45__f_clk/Y (BUFx24_ASAP7_75t_R)
  26.21 12259.37 ^ clkbuf_leaf_570_clk/Y (BUFx24_ASAP7_75t_R)
   1.34 12260.70 ^ _378108_/CLK (DFFHQNx1_ASAP7_75t_R)
 -50.00 12210.70   clock uncertainty
   2.39 12213.09   clock reconvergence pessimism
  -0.26 12212.83   library setup time
        12212.83   data required time
---------------------------------------------------------
        12212.83   data required time
        -16527.69   data arrival time
---------------------------------------------------------
        -4314.85   slack (VIOLATED)


Startpoint: _369487_ (rising edge-triggered flip-flop clocked by core_clk)
Endpoint: _378108_ (rising edge-triggered flip-flop clocked by core_clk)
Path Group: reg2reg
Path Type: max

  Delay    Time   Description
---------------------------------------------------------
   0.00    0.00   clock core_clk (rise edge)
   0.00    0.00   clock source latency
   0.00    0.00 ^ clk (in)
  51.99   51.99 ^ wire5675/Y (BUFx12_ASAP7_75t_R)
  52.29  104.28 ^ clkbuf_0_clk/Y (BUFx24_ASAP7_75t_R)
  27.06  131.33 ^ clkbuf_1_0_0_clk/Y (BUFx24_ASAP7_75t_R)
  26.85  158.18 ^ clkbuf_2_1_0_clk/Y (BUFx24_ASAP7_75t_R)
  28.86  187.04 ^ clkbuf_3_3_0_clk/Y (BUFx24_ASAP7_75t_R)
  30.02  217.07 ^ clkbuf_4_7_0_clk/Y (BUFx24_ASAP7_75t_R)
  29.08  246.15 ^ clkbuf_6_30__f_clk/Y (BUFx24_ASAP7_75t_R)
  33.58  279.73 ^ clkbuf_leaf_368_clk/Y (BUFx24_ASAP7_75t_R)
   3.20  282.92 ^ _369487_/CLK (DFFHQNx1_ASAP7_75t_R)
  81.75  364.68 v _369487_/QN (DFFHQNx1_ASAP7_75t_R)
 117.22  481.90 v _184248_/Y (OR4x2_ASAP7_75t_R)
 163.68  645.58 ^ _184249_/Y (NAND3x1_ASAP7_75t_R)
  86.57  732.14 v _184434_/Y (AOI21x1_ASAP7_75t_R)
  78.49  810.64 v _184438_/Y (OR3x1_ASAP7_75t_R)
  60.40  871.03 ^ _184457_/Y (AOI21x1_ASAP7_75t_R)
  39.14  910.17 ^ max_cap4622/Y (BUFx12_ASAP7_75t_R)
  24.73  934.91 ^ max_cap4621/Y (BUFx12_ASAP7_75t_R)
  31.59  966.49 ^ load_slew4620/Y (BUFx6f_ASAP7_75t_R)
  23.60  990.09 ^ wire4619/Y (BUFx12f_ASAP7_75t_R)
  32.21 1022.30 ^ max_cap4618/Y (BUFx10_ASAP7_75t_R)
  29.02 1051.32 ^ max_cap4612/Y (BUFx12_ASAP7_75t_R)
  34.32 1085.64 ^ wire4609/Y (BUFx12f_ASAP7_75t_R)
  29.55 1115.19 ^ load_slew4607/Y (BUFx12f_ASAP7_75t_R)
 120.66 1235.85 ^ _184934_/Y (OR3x1_ASAP7_75t_R)
  79.52 1315.37 ^ _185378_/Y (OR2x2_ASAP7_75t_R)
  21.21 1336.58 ^ _185399_/Y (AND4x1_ASAP7_75t_R)
  38.30 1374.88 ^ _185400_/Y (AND4x2_ASAP7_75t_R)
  95.55 1470.43 ^ _185414_/Y (OA222x2_ASAP7_75t_R)
  80.33 1550.76 v _185565_/Y (NAND2x1_ASAP7_75t_R)
  49.69 1600.45 v _186054_/Y (OR5x1_ASAP7_75t_R)
  49.59 1650.03 v _188459_/Y (OR4x2_ASAP7_75t_R)
  66.04 1716.07 v _211565_/Y (AND4x2_ASAP7_75t_R)
  30.31 1746.38 v load_slew2798/Y (BUFx16f_ASAP7_75t_R)
  43.33 1789.71 v load_slew2797/Y (BUFx16f_ASAP7_75t_R)
  35.87 1825.58 v load_slew2796/Y (BUFx16f_ASAP7_75t_R)
  69.03 1894.61 v wire2795/Y (BUFx16f_ASAP7_75t_R)
  24.24 1918.86 v load_slew2794/Y (BUFx16f_ASAP7_75t_R)
  55.74 1974.59 v wire2793/Y (BUFx16f_ASAP7_75t_R)
  79.57 2054.17 v _211844_/Y (AND2x4_ASAP7_75t_R)
  30.08 2084.25 v wire2553/Y (BUFx16f_ASAP7_75t_R)
  78.91 2163.16 v load_slew2552/Y (BUFx16f_ASAP7_75t_R)
 118.99 2282.15 v _211850_/Y (OR4x1_ASAP7_75t_R)
  25.38 2307.53 v _211851_/Y (AND2x4_ASAP7_75t_R)
  17.24 2324.78 ^ _211863_/Y (NOR3x1_ASAP7_75t_R)
  30.46 2355.24 ^ _211864_/Y (AND4x2_ASAP7_75t_R)
   8.53 2363.77 v _211865_/Y (NAND3x1_ASAP7_75t_R)
  33.28 2397.05 v _211869_/Y (OA211x2_ASAP7_75t_R)
  20.81 2417.86 ^ _211879_/Y (AOI221x1_ASAP7_75t_R)
  37.89 2455.75 v _211916_/Y (AOI221x1_ASAP7_75t_R)
  34.29 2490.04 v _211994_/Y (AO21x2_ASAP7_75t_R)
  24.71 2514.75 ^ _212068_/Y (AOI221x1_ASAP7_75t_R)
  40.92 2555.67 v _212069_/Y (XNOR2x2_ASAP7_75t_R)
  49.13 2604.81 v _212079_/Y (AO32x1_ASAP7_75t_R)
  37.28 2642.08 v _212081_/Y (AO221x2_ASAP7_75t_R)
  33.14 2675.22 v _212140_/Y (AO21x2_ASAP7_75t_R)
  32.77 2708.00 ^ _212148_/Y (NAND2x2_ASAP7_75t_R)
  33.87 2741.87 ^ _212159_/Y (AO221x1_ASAP7_75t_R)
  30.04 2771.91 ^ _212174_/Y (AO22x2_ASAP7_75t_R)
  32.66 2804.57 v _212207_/Y (OAI21x1_ASAP7_75t_R)
  25.57 2830.14 ^ _212221_/Y (AOI21x1_ASAP7_75t_R)
  31.21 2861.35 ^ _212228_/Y (OA21x2_ASAP7_75t_R)
  26.23 2887.59 ^ _212263_/Y (XNOR2x2_ASAP7_75t_R)
  30.31 2917.90 ^ _212273_/Y (AO221x1_ASAP7_75t_R)
  27.36 2945.26 ^ _212358_/Y (MAJx2_ASAP7_75t_R)
  40.47 2985.73 v _212379_/Y (AOI211x1_ASAP7_75t_R)
  56.07 3041.79 ^ _212412_/Y (OAI21x1_ASAP7_75t_R)
  41.41 3083.21 ^ _212419_/Y (AO211x2_ASAP7_75t_R)
  25.93 3109.13 ^ _212421_/Y (OA33x2_ASAP7_75t_R)
  25.72 3134.86 v _212437_/Y (NOR3x1_ASAP7_75t_R)
  34.56 3169.41 ^ _212512_/Y (OAI21x1_ASAP7_75t_R)
  31.95 3201.36 ^ _212568_/Y (AO32x1_ASAP7_75t_R)
  22.00 3223.36 ^ _212584_/Y (AND3x1_ASAP7_75t_R)
  26.56 3249.92 ^ _212585_/Y (XNOR2x2_ASAP7_75t_R)
  37.09 3287.01 ^ _212597_/Y (MAJx2_ASAP7_75t_R)
  34.19 3321.21 v _212610_/Y (AOI211x1_ASAP7_75t_R)
  42.58 3363.79 v _212620_/Y (OA211x2_ASAP7_75t_R)
  40.55 3404.34 v _212641_/Y (OR2x2_ASAP7_75t_R)
  26.42 3430.77 v _212731_/Y (AO21x1_ASAP7_75t_R)
  20.15 3450.91 v _212733_/Y (AO22x1_ASAP7_75t_R)
  30.08 3480.99 ^ _212738_/Y (AOI221x1_ASAP7_75t_R)
  32.67 3513.66 ^ _212740_/Y (AO211x2_ASAP7_75t_R)
  34.65 3548.30 ^ _212753_/Y (AO21x1_ASAP7_75t_R)
  43.93 3592.23 ^ _212838_/Y (AO21x2_ASAP7_75t_R)
  27.90 3620.13 ^ _212901_/Y (AND3x1_ASAP7_75t_R)
  31.81 3651.94 v _212902_/Y (AOI21x1_ASAP7_75t_R)
  31.51 3683.46 ^ _212903_/Y (AOI22x1_ASAP7_75t_R)
  39.18 3722.63 ^ _212946_/Y (AND4x2_ASAP7_75t_R)
  24.62 3747.25 ^ _213006_/Y (OA211x2_ASAP7_75t_R)
  25.07 3772.32 ^ _213007_/Y (AO221x1_ASAP7_75t_R)
  20.55 3792.87 ^ _213008_/Y (AO21x2_ASAP7_75t_R)
  25.91 3818.77 ^ _213011_/Y (AND3x2_ASAP7_75t_R)
  34.12 3852.89 v _213012_/Y (XNOR2x2_ASAP7_75t_R)
  26.94 3879.83 v _213058_/Y (OA211x2_ASAP7_75t_R)
  30.20 3910.03 v _213060_/Y (OA211x2_ASAP7_75t_R)
  31.18 3941.21 v _213078_/Y (OR3x2_ASAP7_75t_R)
  27.61 3968.82 v _213197_/Y (AO211x2_ASAP7_75t_R)
  26.88 3995.70 v _213198_/Y (AND2x4_ASAP7_75t_R)
  27.47 4023.17 v _213230_/Y (AND2x2_ASAP7_75t_R)
  26.40 4049.57 v _213231_/Y (XNOR2x1_ASAP7_75t_R)
  29.91 4079.47 v _213232_/Y (XNOR2x1_ASAP7_75t_R)
  44.09 4123.57 v _213363_/Y (AO221x1_ASAP7_75t_R)
  38.78 4162.35 v _213368_/Y (OR5x1_ASAP7_75t_R)
  58.50 4220.84 v _213375_/Y (AO222x2_ASAP7_75t_R)
  33.13 4253.97 v _213494_/Y (AND2x4_ASAP7_75t_R)
  30.36 4284.34 v _213495_/Y (XNOR2x1_ASAP7_75t_R)
  38.09 4322.42 v _213524_/Y (AO32x1_ASAP7_75t_R)
  26.66 4349.08 ^ _213525_/Y (AOI211x1_ASAP7_75t_R)
  34.25 4383.33 ^ _213548_/Y (OA31x2_ASAP7_75t_R)
  37.41 4420.74 ^ _213564_/Y (AO211x2_ASAP7_75t_R)
  26.49 4447.23 ^ _213595_/Y (AND3x1_ASAP7_75t_R)
  26.24 4473.47 v _213596_/Y (XOR2x2_ASAP7_75t_R)
  22.45 4495.92 v _213605_/Y (AO21x1_ASAP7_75t_R)
  37.08 4533.00 v _213606_/Y (AO32x1_ASAP7_75t_R)
  31.94 4564.94 v _213625_/Y (AO21x2_ASAP7_75t_R)
  27.70 4592.64 v _213781_/Y (OA21x2_ASAP7_75t_R)
  41.78 4634.43 ^ _213794_/Y (OAI21x1_ASAP7_75t_R)
  42.88 4677.31 v _213835_/Y (NAND2x2_ASAP7_75t_R)
  36.85 4714.16 v _213973_/Y (AND2x2_ASAP7_75t_R)
  38.28 4752.44 ^ _213974_/Y (XNOR2x2_ASAP7_75t_R)
  22.92 4775.36 v _213984_/Y (AOI211x1_ASAP7_75t_R)
  37.61 4812.97 v _213988_/Y (OR4x2_ASAP7_75t_R)
  38.30 4851.27 v _213989_/Y (AO21x1_ASAP7_75t_R)
  59.80 4911.07 ^ _214007_/Y (NAND2x1_ASAP7_75t_R)
  41.74 4952.81 ^ _214009_/Y (AND2x4_ASAP7_75t_R)
  22.52 4975.32 ^ _214013_/Y (AND2x2_ASAP7_75t_R)
  36.11 5011.43 v _214014_/Y (XNOR2x2_ASAP7_75t_R)
  33.46 5044.89 v _214121_/Y (OA211x2_ASAP7_75t_R)
  18.77 5063.65 v _214139_/Y (AND4x1_ASAP7_75t_R)
  21.40 5085.06 v _214326_/Y (AO211x2_ASAP7_75t_R)
  49.96 5135.02 v _214333_/Y (OA21x2_ASAP7_75t_R)
  60.41 5195.44 v _214504_/Y (OA211x2_ASAP7_75t_R)
  29.67 5225.10 v _214505_/Y (XOR2x2_ASAP7_75t_R)
  20.14 5245.25 v _214529_/Y (AND3x1_ASAP7_75t_R)
  38.50 5283.75 v _214531_/Y (OR4x2_ASAP7_75t_R)
  17.34 5301.09 ^ _214543_/Y (AOI22x1_ASAP7_75t_R)
  20.49 5321.58 ^ _214544_/Y (AND2x4_ASAP7_75t_R)
  63.94 5385.52 ^ _214554_/Y (AO221x2_ASAP7_75t_R)
  51.28 5436.80 ^ _214722_/Y (AND5x1_ASAP7_75t_R)
  29.23 5466.03 v _214723_/Y (XOR2x2_ASAP7_75t_R)
  19.65 5485.69 v _214724_/Y (AND2x4_ASAP7_75t_R)
  15.97 5501.66 ^ _214850_/Y (INVx1_ASAP7_75t_R)
  31.91 5533.57 ^ _214852_/Y (AND4x1_ASAP7_75t_R)
  29.87 5563.43 ^ _214868_/Y (AND5x1_ASAP7_75t_R)
  22.72 5586.16 ^ _214869_/Y (AO32x1_ASAP7_75t_R)
  81.64 5667.80 ^ _214872_/Y (OA31x2_ASAP7_75t_R)
  42.50 5710.30 ^ _215078_/Y (AND2x2_ASAP7_75t_R)
  36.10 5746.39 v _215079_/Y (XNOR2x2_ASAP7_75t_R)
  34.42 5780.82 v _215122_/Y (OA221x2_ASAP7_75t_R)
  30.89 5811.71 v _215131_/Y (AO221x1_ASAP7_75t_R)
  37.11 5848.82 v _215139_/Y (AO22x2_ASAP7_75t_R)
  36.40 5885.21 v _215153_/Y (AO221x2_ASAP7_75t_R)
  53.03 5938.24 v _215160_/Y (AO21x2_ASAP7_75t_R)
  43.59 5981.83 v _215230_/Y (AO21x2_ASAP7_75t_R)
  20.05 6001.87 v _215231_/Y (AND2x4_ASAP7_75t_R)
  16.94 6018.81 v _215284_/Y (XNOR2x1_ASAP7_75t_R)
  38.74 6057.55 v _215285_/Y (OR5x1_ASAP7_75t_R)
  28.11 6085.66 ^ _215286_/Y (OAI22x1_ASAP7_75t_R)
  44.37 6130.03 ^ _215332_/Y (AO211x2_ASAP7_75t_R)
  52.27 6182.30 ^ _215466_/Y (AO211x2_ASAP7_75t_R)
  42.70 6225.00 ^ _215467_/Y (AND2x4_ASAP7_75t_R)
  28.50 6253.50 ^ _215476_/Y (AO21x2_ASAP7_75t_R)
  26.58 6280.08 ^ _215478_/Y (AND2x2_ASAP7_75t_R)
  29.44 6309.52 ^ _215729_/Y (OA31x2_ASAP7_75t_R)
  15.57 6325.09 v _215748_/Y (AOI211x1_ASAP7_75t_R)
  37.27 6362.36 v _215777_/Y (OR4x2_ASAP7_75t_R)
  39.75 6402.11 v _215781_/Y (AO32x2_ASAP7_75t_R)
  53.51 6455.62 v _215787_/Y (OR3x2_ASAP7_75t_R)
  52.82 6508.44 v _215869_/Y (OA21x2_ASAP7_75t_R)
  29.60 6538.05 v _215888_/Y (AND2x2_ASAP7_75t_R)
  32.20 6570.25 v _215889_/Y (XNOR2x2_ASAP7_75t_R)
  33.95 6604.19 v _216007_/Y (XNOR2x1_ASAP7_75t_R)
  22.91 6627.10 ^ _216008_/Y (NAND3x1_ASAP7_75t_R)
  21.90 6649.00 v _216182_/Y (AOI211x1_ASAP7_75t_R)
  55.33 6704.33 v _216196_/Y (OR5x2_ASAP7_75t_R)
  56.07 6760.40 ^ _216251_/Y (NAND2x1_ASAP7_75t_R)
  30.17 6790.56 ^ _216252_/Y (AO21x2_ASAP7_75t_R)
  30.37 6820.93 ^ _216253_/Y (XNOR2x2_ASAP7_75t_R)
  27.60 6848.53 ^ _216254_/Y (AND2x2_ASAP7_75t_R)
  20.59 6869.12 ^ _216255_/Y (AO21x1_ASAP7_75t_R)
  20.90 6890.03 ^ _216261_/Y (OA211x2_ASAP7_75t_R)
  69.99 6960.02 ^ _216360_/Y (AO221x1_ASAP7_75t_R)
  23.00 6983.01 v _216362_/Y (INVx6_ASAP7_75t_R)
  89.01 7072.03 ^ _216545_/Y (NAND2x1_ASAP7_75t_R)
  37.31 7109.34 ^ _216628_/Y (OA21x2_ASAP7_75t_R)
  34.38 7143.72 v _216629_/Y (XNOR2x2_ASAP7_75t_R)
  28.17 7171.89 v _216843_/Y (OR2x4_ASAP7_75t_R)
  23.70 7195.59 v _216846_/Y (OA222x2_ASAP7_75t_R)
  22.80 7218.39 v _216851_/Y (AO221x1_ASAP7_75t_R)
  43.30 7261.68 v _216876_/Y (AO221x1_ASAP7_75t_R)
  43.55 7305.23 v _216887_/Y (AND3x2_ASAP7_75t_R)
  68.57 7373.80 ^ _216996_/Y (NAND2x2_ASAP7_75t_R)
  42.10 7415.90 ^ _217076_/Y (OA21x2_ASAP7_75t_R)
  23.95 7439.86 ^ _217107_/Y (XNOR2x2_ASAP7_75t_R)
  41.93 7481.79 ^ _217265_/Y (AND5x1_ASAP7_75t_R)
  36.98 7518.77 ^ _217277_/Y (AND5x1_ASAP7_75t_R)
  31.55 7550.31 ^ _217278_/Y (OA211x2_ASAP7_75t_R)
  45.89 7596.21 v _217284_/Y (AOI211x1_ASAP7_75t_R)
 109.67 7705.88 ^ _217285_/Y (NAND2x2_ASAP7_75t_R)
  40.57 7746.45 ^ _217578_/Y (OA21x2_ASAP7_75t_R)
  37.61 7784.06 v _217579_/Y (XNOR2x2_ASAP7_75t_R)
  37.05 7821.11 ^ _217695_/Y (NAND2x1_ASAP7_75t_R)
  31.64 7852.76 ^ _217699_/Y (AO211x2_ASAP7_75t_R)
  28.09 7880.85 ^ _217700_/Y (AO31x2_ASAP7_75t_R)
  45.60 7926.44 ^ _217715_/Y (AO21x2_ASAP7_75t_R)
  53.63 7980.07 v _217716_/Y (NAND2x2_ASAP7_75t_R)
  52.44 8032.51 v _218014_/Y (OA21x2_ASAP7_75t_R)
  28.10 8060.62 ^ _218015_/Y (XNOR2x2_ASAP7_75t_R)
  30.42 8091.04 v _218016_/Y (XNOR2x2_ASAP7_75t_R)
  36.08 8127.11 v _218022_/Y (OA211x2_ASAP7_75t_R)
  28.22 8155.33 v _218131_/Y (AO21x1_ASAP7_75t_R)
  32.85 8188.18 v _218149_/Y (OA21x2_ASAP7_75t_R)
  81.58 8269.76 v _218150_/Y (OR3x2_ASAP7_75t_R)
  30.35 8300.11 ^ _218207_/Y (OAI21x1_ASAP7_75t_R)
  42.40 8342.51 ^ _218208_/Y (XOR2x2_ASAP7_75t_R)
  31.19 8373.70 ^ _218236_/Y (XNOR2x2_ASAP7_75t_R)
  20.63 8394.32 ^ _218242_/Y (AND3x1_ASAP7_75t_R)
  14.84 8409.17 v _218244_/Y (NAND2x1_ASAP7_75t_R)
  26.50 8435.67 ^ _218285_/Y (OAI22x1_ASAP7_75t_R)
 142.85 8578.51 v _218562_/Y (AOI211x1_ASAP7_75t_R)
  74.35 8652.86 ^ _218680_/Y (OAI21x1_ASAP7_75t_R)
  29.37 8682.24 ^ _218682_/Y (AND2x2_ASAP7_75t_R)
  23.39 8705.63 ^ _218683_/Y (XNOR2x2_ASAP7_75t_R)
  37.42 8743.05 ^ _218684_/Y (AND5x1_ASAP7_75t_R)
  32.57 8775.62 ^ _218852_/Y (AND4x1_ASAP7_75t_R)
  19.20 8794.81 ^ _218871_/Y (AO31x2_ASAP7_75t_R)
  41.49 8836.30 ^ _218918_/Y (AO211x2_ASAP7_75t_R)
  57.65 8893.95 v _218927_/Y (NOR2x2_ASAP7_75t_R)
  48.50 8942.45 v _219003_/Y (OR4x1_ASAP7_75t_R)
  27.70 8970.15 v _219005_/Y (OA211x2_ASAP7_75t_R)
  17.28 8987.44 v _219012_/Y (AO31x2_ASAP7_75t_R)
  21.46 9008.90 v _219030_/Y (OR3x1_ASAP7_75t_R)
  23.63 9032.53 ^ _219031_/Y (NAND2x1_ASAP7_75t_R)
  33.26 9065.79 ^ _219212_/Y (AND4x1_ASAP7_75t_R)
  25.20 9090.98 ^ _219221_/Y (OR4x1_ASAP7_75t_R)
  50.06 9141.04 v _219222_/Y (OAI21x1_ASAP7_75t_R)
  67.84 9208.88 v _219302_/Y (AND2x2_ASAP7_75t_R)
  41.57 9250.45 ^ _219314_/Y (AOI211x1_ASAP7_75t_R)
  45.30 9295.75 v _219315_/Y (XNOR2x2_ASAP7_75t_R)
  36.90 9332.65 v _219653_/Y (OA211x2_ASAP7_75t_R)
  28.08 9360.74 v _219655_/Y (OA222x2_ASAP7_75t_R)
  91.46 9452.20 v _219690_/Y (AO221x1_ASAP7_75t_R)
  99.27 9551.47 ^ _219718_/Y (NAND2x2_ASAP7_75t_R)
  38.26 9589.73 v _219988_/Y (AOI221x1_ASAP7_75t_R)
  39.18 9628.90 v _219992_/Y (OA33x2_ASAP7_75t_R)
  20.42 9649.32 ^ _220017_/Y (AOI21x1_ASAP7_75t_R)
  37.96 9687.28 ^ _220031_/Y (OA33x2_ASAP7_75t_R)
  14.29 9701.57 v _220033_/Y (OAI21x1_ASAP7_75t_R)
  30.17 9731.74 v _220096_/Y (AO31x2_ASAP7_75t_R)
  36.51 9768.25 v _220129_/Y (AO211x2_ASAP7_75t_R)
  67.14 9835.39 v _220162_/Y (AO21x2_ASAP7_75t_R)
  57.53 9892.92 v _220341_/Y (AO21x2_ASAP7_75t_R)
  30.09 9923.01 v _220343_/Y (AND2x2_ASAP7_75t_R)
  23.13 9946.13 ^ _220461_/Y (OAI21x1_ASAP7_75t_R)
  37.85 9983.98 ^ _220467_/Y (AND5x1_ASAP7_75t_R)
  30.72 10014.70 ^ _220661_/Y (AO32x2_ASAP7_75t_R)
  35.08 10049.79 ^ _220664_/Y (OA31x2_ASAP7_75t_R)
  68.48 10118.27 ^ _220695_/Y (OR3x2_ASAP7_75t_R)
  70.81 10189.08 ^ _220861_/Y (OA21x2_ASAP7_75t_R)
  17.80 10206.87 ^ _220880_/Y (OA21x2_ASAP7_75t_R)
  12.18 10219.06 v _220893_/Y (NOR3x1_ASAP7_75t_R)
  37.00 10256.06 v _220894_/Y (OR4x1_ASAP7_75t_R)
  23.16 10279.21 v _220901_/Y (AO21x1_ASAP7_75t_R)
  25.08 10304.29 v _220910_/Y (AO21x2_ASAP7_75t_R)
  48.71 10353.01 v _221032_/Y (AO32x1_ASAP7_75t_R)
  65.61 10418.62 ^ _221087_/Y (NAND2x2_ASAP7_75t_R)
  55.90 10474.51 ^ _221108_/Y (OA22x2_ASAP7_75t_R)
  39.06 10513.58 ^ _221291_/Y (XNOR2x2_ASAP7_75t_R)
  32.23 10545.81 ^ _221294_/Y (AND4x2_ASAP7_75t_R)
  20.24 10566.05 ^ _221517_/Y (AND2x2_ASAP7_75t_R)
  14.05 10580.10 v _221532_/Y (AOI21x1_ASAP7_75t_R)
  32.93 10613.03 v _221571_/Y (AO221x1_ASAP7_75t_R)
  38.33 10651.35 v _221574_/Y (AO33x2_ASAP7_75t_R)
 118.12 10769.48 v _221575_/Y (AND3x1_ASAP7_75t_R)
  63.66 10833.14 v _221581_/Y (OR4x1_ASAP7_75t_R)
  35.15 10868.29 v _221583_/Y (AND3x1_ASAP7_75t_R)
  31.05 10899.34 v _221585_/Y (XNOR2x2_ASAP7_75t_R)
  25.34 10924.68 v _221598_/Y (AO211x2_ASAP7_75t_R)
  35.17 10959.85 v _221785_/Y (OR3x2_ASAP7_75t_R)
  44.32 11004.17 ^ _221849_/Y (NAND2x2_ASAP7_75t_R)
  66.84 11071.02 ^ _222157_/Y (OR3x2_ASAP7_75t_R)
  33.29 11104.30 ^ _222175_/Y (AND3x1_ASAP7_75t_R)
  41.82 11146.13 ^ _222176_/Y (XNOR2x2_ASAP7_75t_R)
  38.85 11184.98 v _222177_/Y (XNOR2x2_ASAP7_75t_R)
  27.14 11212.12 v _222178_/Y (AND5x2_ASAP7_75t_R)
  18.92 11231.04 v _222221_/Y (AND2x2_ASAP7_75t_R)
  19.31 11250.36 v _222230_/Y (AO21x2_ASAP7_75t_R)
  35.13 11285.48 v _222272_/Y (AO221x2_ASAP7_75t_R)
  25.58 11311.06 v _222273_/Y (AO21x2_ASAP7_75t_R)
 107.77 11418.83 v _222374_/Y (AO21x1_ASAP7_75t_R)
  77.82 11496.65 v _222701_/Y (OA211x2_ASAP7_75t_R)
  32.91 11529.56 v _222709_/Y (OR5x1_ASAP7_75t_R)
  23.11 11552.67 v _222716_/Y (OA21x2_ASAP7_75t_R)
  19.97 11572.64 v _222721_/Y (AND3x2_ASAP7_75t_R)
  27.35 11599.99 v _222722_/Y (OA31x2_ASAP7_75t_R)
  54.79 11654.77 v _222723_/Y (OR4x1_ASAP7_75t_R)
  80.73 11735.50 v _222856_/Y (AO21x2_ASAP7_75t_R)
  56.87 11792.38 v _223087_/Y (AND2x2_ASAP7_75t_R)
  36.36 11828.73 ^ _223088_/Y (XOR2x2_ASAP7_75t_R)
  26.88 11855.61 ^ _223089_/Y (XNOR2x2_ASAP7_75t_R)
  35.68 11891.29 ^ _223171_/Y (AND5x1_ASAP7_75t_R)
  37.20 11928.49 v _223178_/Y (AOI221x1_ASAP7_75t_R)
  39.10 11967.59 v _223188_/Y (OA21x2_ASAP7_75t_R)
 102.96 12070.56 v _223343_/Y (OA211x2_ASAP7_75t_R)
  56.24 12126.80 v _223434_/Y (OR3x1_ASAP7_75t_R)
  21.07 12147.87 v _223789_/Y (AND2x2_ASAP7_75t_R)
  21.60 12169.47 v _223790_/Y (XNOR2x1_ASAP7_75t_R)
  41.04 12210.51 v _223794_/Y (OR5x1_ASAP7_75t_R)
  38.35 12248.86 v _223795_/Y (OR4x1_ASAP7_75t_R)
  27.32 12276.17 v _223882_/Y (OA31x2_ASAP7_75t_R)
  44.98 12321.16 v _223883_/Y (OA211x2_ASAP7_75t_R)
  34.75 12355.91 v _223927_/Y (AND2x4_ASAP7_75t_R)
  49.68 12405.59 ^ _224049_/Y (AOI22x1_ASAP7_75t_R)
  26.12 12431.71 ^ _224050_/Y (XNOR2x1_ASAP7_75t_R)
  35.55 12467.26 ^ _224061_/Y (AND5x1_ASAP7_75t_R)
  58.64 12525.89 v _224146_/Y (AOI221x1_ASAP7_75t_R)
  47.00 12572.89 ^ _224355_/Y (OAI21x1_ASAP7_75t_R)
  26.37 12599.27 ^ _224356_/Y (AND4x1_ASAP7_75t_R)
  63.78 12663.05 ^ _224360_/Y (OR4x2_ASAP7_75t_R)
  87.20 12750.24 v _224402_/Y (INVx1_ASAP7_75t_R)
  20.14 12770.38 ^ _224406_/Y (AOI21x1_ASAP7_75t_R)
  49.46 12819.84 ^ _224409_/Y (AND5x1_ASAP7_75t_R)
  32.33 12852.17 v _224410_/Y (XNOR2x2_ASAP7_75t_R)
  18.06 12870.24 ^ _224411_/Y (AOI211x1_ASAP7_75t_R)
  31.51 12901.75 ^ _224428_/Y (AND2x2_ASAP7_75t_R)
 100.65 13002.40 v _224840_/Y (AOI211x1_ASAP7_75t_R)
  58.48 13060.88 v _224913_/Y (AND2x2_ASAP7_75t_R)
  17.85 13078.73 v _224914_/Y (OA21x2_ASAP7_75t_R)
  18.09 13096.81 v _224915_/Y (OA21x2_ASAP7_75t_R)
  33.01 13129.82 v _224916_/Y (AO221x1_ASAP7_75t_R)
  28.02 13157.83 v _224917_/Y (MAJx2_ASAP7_75t_R)
  19.41 13177.25 v _224929_/Y (AO21x1_ASAP7_75t_R)
  16.07 13193.32 v _224943_/Y (AO21x1_ASAP7_75t_R)
  17.98 13211.31 v _224948_/Y (AO21x1_ASAP7_75t_R)
  28.74 13240.05 v _225034_/Y (AO21x2_ASAP7_75t_R)
  45.54 13285.58 v _225249_/Y (AO21x2_ASAP7_75t_R)
  68.32 13353.90 ^ _225319_/Y (NAND2x2_ASAP7_75t_R)
  33.58 13387.48 ^ _225320_/Y (AO22x1_ASAP7_75t_R)
  24.35 13411.83 ^ _225322_/Y (AO21x2_ASAP7_75t_R)
  20.35 13432.18 ^ _225323_/Y (AO221x1_ASAP7_75t_R)
  31.65 13463.83 ^ _225326_/Y (OA211x2_ASAP7_75t_R)
  33.42 13497.25 ^ _225330_/Y (AO221x2_ASAP7_75t_R)
  24.64 13521.89 ^ _225341_/Y (AO21x2_ASAP7_75t_R)
  29.84 13551.73 ^ _225351_/Y (AO22x2_ASAP7_75t_R)
  71.22 13622.95 v _225594_/Y (AOI211x1_ASAP7_75t_R)
  99.64 13722.60 ^ _225595_/Y (NAND2x2_ASAP7_75t_R)
  45.68 13768.28 ^ _225671_/Y (OA211x2_ASAP7_75t_R)
  31.05 13799.33 ^ _225684_/Y (AND3x2_ASAP7_75t_R)
  25.28 13824.61 ^ _225685_/Y (OA22x2_ASAP7_75t_R)
  28.45 13853.06 ^ _225689_/Y (MAJx2_ASAP7_75t_R)
  25.67 13878.73 ^ _225690_/Y (MAJx2_ASAP7_75t_R)
  23.93 13902.66 v _225704_/Y (AOI21x1_ASAP7_75t_R)
  29.00 13931.66 ^ _225734_/Y (OAI21x1_ASAP7_75t_R)
  25.19 13956.85 ^ _225812_/Y (AND3x1_ASAP7_75t_R)
 113.16 14070.02 ^ _225945_/Y (OR5x1_ASAP7_75t_R)
  48.64 14118.66 ^ _226108_/Y (OA21x2_ASAP7_75t_R)
  18.90 14137.56 ^ _226109_/Y (AO221x1_ASAP7_75t_R)
  23.26 14160.82 ^ _226110_/Y (MAJx2_ASAP7_75t_R)
  18.20 14179.02 ^ _226111_/Y (AO21x1_ASAP7_75t_R)
  23.11 14202.12 ^ _226112_/Y (AO32x1_ASAP7_75t_R)
  39.84 14241.96 ^ _226115_/Y (AO22x1_ASAP7_75t_R)
  27.02 14268.98 v _226127_/Y (AOI21x1_ASAP7_75t_R)
  36.81 14305.79 ^ _226148_/Y (OAI22x1_ASAP7_75t_R)
  25.88 14331.68 ^ _226158_/Y (AO21x1_ASAP7_75t_R)
  27.29 14358.97 ^ _226160_/Y (AO22x2_ASAP7_75t_R)
  91.88 14450.85 ^ _226252_/Y (AO21x1_ASAP7_75t_R)
  17.69 14468.54 v _226384_/Y (NAND2x1_ASAP7_75t_R)
  32.81 14501.35 v _226388_/Y (AO222x2_ASAP7_75t_R)
  31.82 14533.18 v _226389_/Y (OA211x2_ASAP7_75t_R)
  22.60 14555.77 v _226390_/Y (MAJx2_ASAP7_75t_R)
  20.79 14576.57 v _226391_/Y (MAJx2_ASAP7_75t_R)
  20.18 14596.75 v _226392_/Y (MAJx2_ASAP7_75t_R)
  33.17 14629.92 v _226393_/Y (AO222x2_ASAP7_75t_R)
  20.18 14650.10 v _226415_/Y (AO21x1_ASAP7_75t_R)
  20.07 14670.17 v _226416_/Y (AO22x1_ASAP7_75t_R)
  22.13 14692.30 v _226425_/Y (AO21x2_ASAP7_75t_R)
  60.49 14752.79 v _226552_/Y (AO21x2_ASAP7_75t_R)
 228.13 14980.92 ^ _226668_/Y (NAND2x2_ASAP7_75t_R)
 115.78 15096.71 ^ _226680_/Y (OR3x2_ASAP7_75t_R)
  41.22 15137.93 ^ _226685_/Y (AND2x4_ASAP7_75t_R)
  58.80 15196.73 v _226736_/Y (XNOR2x2_ASAP7_75t_R)
  28.96 15225.69 v _226773_/Y (OR3x1_ASAP7_75t_R)
  47.08 15272.77 ^ _226775_/Y (AOI21x1_ASAP7_75t_R)
  45.33 15318.10 v _226776_/Y (NOR2x2_ASAP7_75t_R)
  79.48 15397.58 v _226777_/Y (AO32x1_ASAP7_75t_R)
 120.91 15518.49 ^ _227106_/Y (XNOR2x1_ASAP7_75t_R)
  53.31 15571.79 ^ _228542_/Y (AO32x1_ASAP7_75t_R)
  84.55 15656.34 ^ _228577_/Y (AO32x1_ASAP7_75t_R)
  53.68 15710.02 v _228823_/Y (NOR3x1_ASAP7_75t_R)
  36.69 15746.71 v _228824_/Y (AO32x1_ASAP7_75t_R)
  30.88 15777.60 v _228836_/Y (AO222x2_ASAP7_75t_R)
  29.42 15807.02 v _228869_/Y (OR5x1_ASAP7_75t_R)
  35.42 15842.43 v _228909_/Y (OR5x1_ASAP7_75t_R)
  35.55 15877.99 v _229076_/Y (AO32x1_ASAP7_75t_R)
  37.28 15915.27 v _229116_/Y (AO32x2_ASAP7_75t_R)
  26.65 15941.92 v _229223_/Y (AND5x2_ASAP7_75t_R)
  22.56 15964.47 v _229304_/Y (AND3x2_ASAP7_75t_R)
  23.31 15987.79 v _229305_/Y (AND4x2_ASAP7_75t_R)
  15.69 16003.47 v _229409_/Y (AND3x1_ASAP7_75t_R)
  18.91 16022.39 v _229419_/Y (OA31x2_ASAP7_75t_R)
  23.75 16046.13 v _229424_/Y (OA21x2_ASAP7_75t_R)
  45.81 16091.94 v _238033_/Y (OA211x2_ASAP7_75t_R)
  34.16 16126.10 v _241101_/Y (AO31x2_ASAP7_75t_R)
  71.43 16197.53 v _241194_/Y (AO221x1_ASAP7_75t_R)
 173.32 16370.85 ^ _241196_/Y (NAND2x2_ASAP7_75t_R)
  88.37 16459.22 v _241197_/Y (INVx2_ASAP7_75t_R)
  53.44 16512.66 v _253544_/Y (AO21x1_ASAP7_75t_R)
  14.90 16527.56 v _253545_/Y (AND2x2_ASAP7_75t_R)
   0.13 16527.69 v _378108_/D (DFFHQNx1_ASAP7_75t_R)
        16527.69   data arrival time

12000.00 12000.00   clock core_clk (rise edge)
   0.00 12000.00   clock source latency
   0.00 12000.00 ^ clk (in)
  51.21 12051.21 ^ wire5675/Y (BUFx12_ASAP7_75t_R)
  50.67 12101.89 ^ clkbuf_0_clk/Y (BUFx24_ASAP7_75t_R)
  26.15 12128.04 ^ clkbuf_1_1_0_clk/Y (BUFx24_ASAP7_75t_R)
  24.91 12152.95 ^ clkbuf_2_2_0_clk/Y (BUFx24_ASAP7_75t_R)
  27.24 12180.19 ^ clkbuf_3_5_0_clk/Y (BUFx24_ASAP7_75t_R)
  25.96 12206.15 ^ clkbuf_4_11_0_clk/Y (BUFx24_ASAP7_75t_R)
  27.00 12233.15 ^ clkbuf_6_45__f_clk/Y (BUFx24_ASAP7_75t_R)
  26.21 12259.37 ^ clkbuf_leaf_570_clk/Y (BUFx24_ASAP7_75t_R)
   1.34 12260.70 ^ _378108_/CLK (DFFHQNx1_ASAP7_75t_R)
 -50.00 12210.70   clock uncertainty
   2.39 12213.09   clock reconvergence pessimism
  -0.26 12212.83   library setup time
        12212.83   data required time
---------------------------------------------------------
        12212.83   data required time
        -16527.69   data arrival time
---------------------------------------------------------
        -4314.85   slack (VIOLATED)


Startpoint: _369487_ (rising edge-triggered flip-flop clocked by core_clk)
Endpoint: _378108_ (rising edge-triggered flip-flop clocked by core_clk)
Path Group: reg2reg
Path Type: max

  Delay    Time   Description
---------------------------------------------------------
   0.00    0.00   clock core_clk (rise edge)
   0.00    0.00   clock source latency
   0.00    0.00 ^ clk (in)
  51.99   51.99 ^ wire5675/Y (BUFx12_ASAP7_75t_R)
  52.29  104.28 ^ clkbuf_0_clk/Y (BUFx24_ASAP7_75t_R)
  27.06  131.33 ^ clkbuf_1_0_0_clk/Y (BUFx24_ASAP7_75t_R)
  26.85  158.18 ^ clkbuf_2_1_0_clk/Y (BUFx24_ASAP7_75t_R)
  28.86  187.04 ^ clkbuf_3_3_0_clk/Y (BUFx24_ASAP7_75t_R)
  30.02  217.07 ^ clkbuf_4_7_0_clk/Y (BUFx24_ASAP7_75t_R)
  29.08  246.15 ^ clkbuf_6_30__f_clk/Y (BUFx24_ASAP7_75t_R)
  33.58  279.73 ^ clkbuf_leaf_368_clk/Y (BUFx24_ASAP7_75t_R)
   3.20  282.92 ^ _369487_/CLK (DFFHQNx1_ASAP7_75t_R)
  81.75  364.68 v _369487_/QN (DFFHQNx1_ASAP7_75t_R)
 117.22  481.90 v _184248_/Y (OR4x2_ASAP7_75t_R)
 163.68  645.58 ^ _184249_/Y (NAND3x1_ASAP7_75t_R)
  86.57  732.14 v _184434_/Y (AOI21x1_ASAP7_75t_R)
  78.49  810.64 v _184438_/Y (OR3x1_ASAP7_75t_R)
  60.40  871.03 ^ _184457_/Y (AOI21x1_ASAP7_75t_R)
  39.14  910.17 ^ max_cap4622/Y (BUFx12_ASAP7_75t_R)
  24.73  934.91 ^ max_cap4621/Y (BUFx12_ASAP7_75t_R)
  31.59  966.49 ^ load_slew4620/Y (BUFx6f_ASAP7_75t_R)
  23.60  990.09 ^ wire4619/Y (BUFx12f_ASAP7_75t_R)
  32.21 1022.30 ^ max_cap4618/Y (BUFx10_ASAP7_75t_R)
  29.02 1051.32 ^ max_cap4612/Y (BUFx12_ASAP7_75t_R)
  34.32 1085.64 ^ wire4609/Y (BUFx12f_ASAP7_75t_R)
  29.55 1115.19 ^ load_slew4607/Y (BUFx12f_ASAP7_75t_R)
 120.66 1235.85 ^ _184934_/Y (OR3x1_ASAP7_75t_R)
  79.52 1315.37 ^ _185378_/Y (OR2x2_ASAP7_75t_R)
  21.21 1336.58 ^ _185399_/Y (AND4x1_ASAP7_75t_R)
  38.30 1374.88 ^ _185400_/Y (AND4x2_ASAP7_75t_R)
  95.55 1470.43 ^ _185414_/Y (OA222x2_ASAP7_75t_R)
  80.33 1550.76 v _185565_/Y (NAND2x1_ASAP7_75t_R)
  49.69 1600.45 v _186054_/Y (OR5x1_ASAP7_75t_R)
  49.59 1650.03 v _188459_/Y (OR4x2_ASAP7_75t_R)
  66.04 1716.07 v _211565_/Y (AND4x2_ASAP7_75t_R)
  30.31 1746.38 v load_slew2798/Y (BUFx16f_ASAP7_75t_R)
  43.33 1789.71 v load_slew2797/Y (BUFx16f_ASAP7_75t_R)
  35.87 1825.58 v load_slew2796/Y (BUFx16f_ASAP7_75t_R)
  69.03 1894.61 v wire2795/Y (BUFx16f_ASAP7_75t_R)
  24.24 1918.86 v load_slew2794/Y (BUFx16f_ASAP7_75t_R)
  55.74 1974.59 v wire2793/Y (BUFx16f_ASAP7_75t_R)
  79.57 2054.17 v _211844_/Y (AND2x4_ASAP7_75t_R)
  30.08 2084.25 v wire2553/Y (BUFx16f_ASAP7_75t_R)
  78.91 2163.16 v load_slew2552/Y (BUFx16f_ASAP7_75t_R)
 118.99 2282.15 v _211850_/Y (OR4x1_ASAP7_75t_R)
  25.38 2307.53 v _211851_/Y (AND2x4_ASAP7_75t_R)
  17.24 2324.78 ^ _211863_/Y (NOR3x1_ASAP7_75t_R)
  30.46 2355.24 ^ _211864_/Y (AND4x2_ASAP7_75t_R)
   8.53 2363.77 v _211865_/Y (NAND3x1_ASAP7_75t_R)
  33.28 2397.05 v _211869_/Y (OA211x2_ASAP7_75t_R)
  20.81 2417.86 ^ _211879_/Y (AOI221x1_ASAP7_75t_R)
  37.89 2455.75 v _211916_/Y (AOI221x1_ASAP7_75t_R)
  34.29 2490.04 v _211994_/Y (AO21x2_ASAP7_75t_R)
  24.71 2514.75 ^ _212068_/Y (AOI221x1_ASAP7_75t_R)
  40.92 2555.67 v _212069_/Y (XNOR2x2_ASAP7_75t_R)
  49.13 2604.81 v _212079_/Y (AO32x1_ASAP7_75t_R)
  37.28 2642.08 v _212081_/Y (AO221x2_ASAP7_75t_R)
  33.14 2675.22 v _212140_/Y (AO21x2_ASAP7_75t_R)
  32.77 2708.00 ^ _212148_/Y (NAND2x2_ASAP7_75t_R)
  33.87 2741.87 ^ _212159_/Y (AO221x1_ASAP7_75t_R)
  30.04 2771.91 ^ _212174_/Y (AO22x2_ASAP7_75t_R)
  32.66 2804.57 v _212207_/Y (OAI21x1_ASAP7_75t_R)
  25.57 2830.14 ^ _212221_/Y (AOI21x1_ASAP7_75t_R)
  31.21 2861.35 ^ _212228_/Y (OA21x2_ASAP7_75t_R)
  26.23 2887.59 ^ _212263_/Y (XNOR2x2_ASAP7_75t_R)
  30.31 2917.90 ^ _212273_/Y (AO221x1_ASAP7_75t_R)
  27.36 2945.26 ^ _212358_/Y (MAJx2_ASAP7_75t_R)
  40.47 2985.73 v _212379_/Y (AOI211x1_ASAP7_75t_R)
  56.07 3041.79 ^ _212412_/Y (OAI21x1_ASAP7_75t_R)
  41.41 3083.21 ^ _212419_/Y (AO211x2_ASAP7_75t_R)
  25.93 3109.13 ^ _212421_/Y (OA33x2_ASAP7_75t_R)
  25.72 3134.86 v _212437_/Y (NOR3x1_ASAP7_75t_R)
  34.56 3169.41 ^ _212512_/Y (OAI21x1_ASAP7_75t_R)
  31.95 3201.36 ^ _212568_/Y (AO32x1_ASAP7_75t_R)
  22.00 3223.36 ^ _212584_/Y (AND3x1_ASAP7_75t_R)
  26.56 3249.92 ^ _212585_/Y (XNOR2x2_ASAP7_75t_R)
  37.09 3287.01 ^ _212597_/Y (MAJx2_ASAP7_75t_R)
  34.19 3321.21 v _212610_/Y (AOI211x1_ASAP7_75t_R)
  42.58 3363.79 v _212620_/Y (OA211x2_ASAP7_75t_R)
  40.55 3404.34 v _212641_/Y (OR2x2_ASAP7_75t_R)
  26.42 3430.77 v _212731_/Y (AO21x1_ASAP7_75t_R)
  20.15 3450.91 v _212733_/Y (AO22x1_ASAP7_75t_R)
  30.08 3480.99 ^ _212738_/Y (AOI221x1_ASAP7_75t_R)
  32.67 3513.66 ^ _212740_/Y (AO211x2_ASAP7_75t_R)
  34.65 3548.30 ^ _212753_/Y (AO21x1_ASAP7_75t_R)
  43.93 3592.23 ^ _212838_/Y (AO21x2_ASAP7_75t_R)
  27.90 3620.13 ^ _212901_/Y (AND3x1_ASAP7_75t_R)
  31.81 3651.94 v _212902_/Y (AOI21x1_ASAP7_75t_R)
  31.51 3683.46 ^ _212903_/Y (AOI22x1_ASAP7_75t_R)
  39.18 3722.63 ^ _212946_/Y (AND4x2_ASAP7_75t_R)
  24.62 3747.25 ^ _213006_/Y (OA211x2_ASAP7_75t_R)
  25.07 3772.32 ^ _213007_/Y (AO221x1_ASAP7_75t_R)
  20.55 3792.87 ^ _213008_/Y (AO21x2_ASAP7_75t_R)
  25.91 3818.77 ^ _213011_/Y (AND3x2_ASAP7_75t_R)
  34.12 3852.89 v _213012_/Y (XNOR2x2_ASAP7_75t_R)
  26.94 3879.83 v _213058_/Y (OA211x2_ASAP7_75t_R)
  30.20 3910.03 v _213060_/Y (OA211x2_ASAP7_75t_R)
  31.18 3941.21 v _213078_/Y (OR3x2_ASAP7_75t_R)
  27.61 3968.82 v _213197_/Y (AO211x2_ASAP7_75t_R)
  26.88 3995.70 v _213198_/Y (AND2x4_ASAP7_75t_R)
  27.47 4023.17 v _213230_/Y (AND2x2_ASAP7_75t_R)
  26.40 4049.57 v _213231_/Y (XNOR2x1_ASAP7_75t_R)
  29.91 4079.47 v _213232_/Y (XNOR2x1_ASAP7_75t_R)
  44.09 4123.57 v _213363_/Y (AO221x1_ASAP7_75t_R)
  38.78 4162.35 v _213368_/Y (OR5x1_ASAP7_75t_R)
  58.50 4220.84 v _213375_/Y (AO222x2_ASAP7_75t_R)
  33.13 4253.97 v _213494_/Y (AND2x4_ASAP7_75t_R)
  30.36 4284.34 v _213495_/Y (XNOR2x1_ASAP7_75t_R)
  38.09 4322.42 v _213524_/Y (AO32x1_ASAP7_75t_R)
  26.66 4349.08 ^ _213525_/Y (AOI211x1_ASAP7_75t_R)
  34.25 4383.33 ^ _213548_/Y (OA31x2_ASAP7_75t_R)
  37.41 4420.74 ^ _213564_/Y (AO211x2_ASAP7_75t_R)
  26.49 4447.23 ^ _213595_/Y (AND3x1_ASAP7_75t_R)
  26.24 4473.47 v _213596_/Y (XOR2x2_ASAP7_75t_R)
  22.45 4495.92 v _213605_/Y (AO21x1_ASAP7_75t_R)
  37.08 4533.00 v _213606_/Y (AO32x1_ASAP7_75t_R)
  31.94 4564.94 v _213625_/Y (AO21x2_ASAP7_75t_R)
  27.70 4592.64 v _213781_/Y (OA21x2_ASAP7_75t_R)
  41.78 4634.43 ^ _213794_/Y (OAI21x1_ASAP7_75t_R)
  42.88 4677.31 v _213835_/Y (NAND2x2_ASAP7_75t_R)
  36.85 4714.16 v _213973_/Y (AND2x2_ASAP7_75t_R)
  38.28 4752.44 ^ _213974_/Y (XNOR2x2_ASAP7_75t_R)
  22.92 4775.36 v _213984_/Y (AOI211x1_ASAP7_75t_R)
  37.61 4812.97 v _213988_/Y (OR4x2_ASAP7_75t_R)
  38.30 4851.27 v _213989_/Y (AO21x1_ASAP7_75t_R)
  59.80 4911.07 ^ _214007_/Y (NAND2x1_ASAP7_75t_R)
  41.74 4952.81 ^ _214009_/Y (AND2x4_ASAP7_75t_R)
  22.52 4975.32 ^ _214013_/Y (AND2x2_ASAP7_75t_R)
  36.11 5011.43 v _214014_/Y (XNOR2x2_ASAP7_75t_R)
  33.46 5044.89 v _214121_/Y (OA211x2_ASAP7_75t_R)
  18.77 5063.65 v _214139_/Y (AND4x1_ASAP7_75t_R)
  21.40 5085.06 v _214326_/Y (AO211x2_ASAP7_75t_R)
  49.96 5135.02 v _214333_/Y (OA21x2_ASAP7_75t_R)
  60.41 5195.44 v _214504_/Y (OA211x2_ASAP7_75t_R)
  29.67 5225.10 v _214505_/Y (XOR2x2_ASAP7_75t_R)
  20.14 5245.25 v _214529_/Y (AND3x1_ASAP7_75t_R)
  38.50 5283.75 v _214531_/Y (OR4x2_ASAP7_75t_R)
  17.34 5301.09 ^ _214543_/Y (AOI22x1_ASAP7_75t_R)
  20.49 5321.58 ^ _214544_/Y (AND2x4_ASAP7_75t_R)
  63.94 5385.52 ^ _214554_/Y (AO221x2_ASAP7_75t_R)
  51.28 5436.80 ^ _214722_/Y (AND5x1_ASAP7_75t_R)
  29.23 5466.03 v _214723_/Y (XOR2x2_ASAP7_75t_R)
  19.65 5485.69 v _214724_/Y (AND2x4_ASAP7_75t_R)
  15.97 5501.66 ^ _214850_/Y (INVx1_ASAP7_75t_R)
  31.91 5533.57 ^ _214852_/Y (AND4x1_ASAP7_75t_R)
  29.87 5563.43 ^ _214868_/Y (AND5x1_ASAP7_75t_R)
  22.72 5586.16 ^ _214869_/Y (AO32x1_ASAP7_75t_R)
  81.64 5667.80 ^ _214872_/Y (OA31x2_ASAP7_75t_R)
  42.50 5710.30 ^ _215078_/Y (AND2x2_ASAP7_75t_R)
  36.10 5746.39 v _215079_/Y (XNOR2x2_ASAP7_75t_R)
  34.42 5780.82 v _215122_/Y (OA221x2_ASAP7_75t_R)
  30.89 5811.71 v _215131_/Y (AO221x1_ASAP7_75t_R)
  37.11 5848.82 v _215139_/Y (AO22x2_ASAP7_75t_R)
  36.40 5885.21 v _215153_/Y (AO221x2_ASAP7_75t_R)
  53.03 5938.24 v _215160_/Y (AO21x2_ASAP7_75t_R)
  43.59 5981.83 v _215230_/Y (AO21x2_ASAP7_75t_R)
  20.05 6001.87 v _215231_/Y (AND2x4_ASAP7_75t_R)
  16.94 6018.81 v _215284_/Y (XNOR2x1_ASAP7_75t_R)
  38.74 6057.55 v _215285_/Y (OR5x1_ASAP7_75t_R)
  28.11 6085.66 ^ _215286_/Y (OAI22x1_ASAP7_75t_R)
  44.37 6130.03 ^ _215332_/Y (AO211x2_ASAP7_75t_R)
  52.27 6182.30 ^ _215466_/Y (AO211x2_ASAP7_75t_R)
  42.70 6225.00 ^ _215467_/Y (AND2x4_ASAP7_75t_R)
  28.50 6253.50 ^ _215476_/Y (AO21x2_ASAP7_75t_R)
  26.58 6280.08 ^ _215478_/Y (AND2x2_ASAP7_75t_R)
  29.44 6309.52 ^ _215729_/Y (OA31x2_ASAP7_75t_R)
  15.57 6325.09 v _215748_/Y (AOI211x1_ASAP7_75t_R)
  37.27 6362.36 v _215777_/Y (OR4x2_ASAP7_75t_R)
  39.75 6402.11 v _215781_/Y (AO32x2_ASAP7_75t_R)
  53.51 6455.62 v _215787_/Y (OR3x2_ASAP7_75t_R)
  52.82 6508.44 v _215869_/Y (OA21x2_ASAP7_75t_R)
  29.60 6538.05 v _215888_/Y (AND2x2_ASAP7_75t_R)
  32.20 6570.25 v _215889_/Y (XNOR2x2_ASAP7_75t_R)
  33.95 6604.19 v _216007_/Y (XNOR2x1_ASAP7_75t_R)
  22.91 6627.10 ^ _216008_/Y (NAND3x1_ASAP7_75t_R)
  21.90 6649.00 v _216182_/Y (AOI211x1_ASAP7_75t_R)
  55.33 6704.33 v _216196_/Y (OR5x2_ASAP7_75t_R)
  56.07 6760.40 ^ _216251_/Y (NAND2x1_ASAP7_75t_R)
  30.17 6790.56 ^ _216252_/Y (AO21x2_ASAP7_75t_R)
  30.37 6820.93 ^ _216253_/Y (XNOR2x2_ASAP7_75t_R)
  27.60 6848.53 ^ _216254_/Y (AND2x2_ASAP7_75t_R)
  20.59 6869.12 ^ _216255_/Y (AO21x1_ASAP7_75t_R)
  20.90 6890.03 ^ _216261_/Y (OA211x2_ASAP7_75t_R)
  69.99 6960.02 ^ _216360_/Y (AO221x1_ASAP7_75t_R)
  23.00 6983.01 v _216362_/Y (INVx6_ASAP7_75t_R)
  89.01 7072.03 ^ _216545_/Y (NAND2x1_ASAP7_75t_R)
  37.31 7109.34 ^ _216628_/Y (OA21x2_ASAP7_75t_R)
  34.38 7143.72 v _216629_/Y (XNOR2x2_ASAP7_75t_R)
  28.17 7171.89 v _216843_/Y (OR2x4_ASAP7_75t_R)
  23.70 7195.59 v _216846_/Y (OA222x2_ASAP7_75t_R)
  22.80 7218.39 v _216851_/Y (AO221x1_ASAP7_75t_R)
  43.30 7261.68 v _216876_/Y (AO221x1_ASAP7_75t_R)
  43.55 7305.23 v _216887_/Y (AND3x2_ASAP7_75t_R)
  68.57 7373.80 ^ _216996_/Y (NAND2x2_ASAP7_75t_R)
  42.10 7415.90 ^ _217076_/Y (OA21x2_ASAP7_75t_R)
  23.95 7439.86 ^ _217107_/Y (XNOR2x2_ASAP7_75t_R)
  41.93 7481.79 ^ _217265_/Y (AND5x1_ASAP7_75t_R)
  36.98 7518.77 ^ _217277_/Y (AND5x1_ASAP7_75t_R)
  31.55 7550.31 ^ _217278_/Y (OA211x2_ASAP7_75t_R)
  45.89 7596.21 v _217284_/Y (AOI211x1_ASAP7_75t_R)
 109.67 7705.88 ^ _217285_/Y (NAND2x2_ASAP7_75t_R)
  40.57 7746.45 ^ _217578_/Y (OA21x2_ASAP7_75t_R)
  37.61 7784.06 v _217579_/Y (XNOR2x2_ASAP7_75t_R)
  37.05 7821.11 ^ _217695_/Y (NAND2x1_ASAP7_75t_R)
  31.64 7852.76 ^ _217699_/Y (AO211x2_ASAP7_75t_R)
  28.09 7880.85 ^ _217700_/Y (AO31x2_ASAP7_75t_R)
  45.60 7926.44 ^ _217715_/Y (AO21x2_ASAP7_75t_R)
  53.63 7980.07 v _217716_/Y (NAND2x2_ASAP7_75t_R)
  52.44 8032.51 v _218014_/Y (OA21x2_ASAP7_75t_R)
  28.10 8060.62 ^ _218015_/Y (XNOR2x2_ASAP7_75t_R)
  30.42 8091.04 v _218016_/Y (XNOR2x2_ASAP7_75t_R)
  36.08 8127.11 v _218022_/Y (OA211x2_ASAP7_75t_R)
  28.22 8155.33 v _218131_/Y (AO21x1_ASAP7_75t_R)
  32.85 8188.18 v _218149_/Y (OA21x2_ASAP7_75t_R)
  81.58 8269.76 v _218150_/Y (OR3x2_ASAP7_75t_R)
  30.35 8300.11 ^ _218207_/Y (OAI21x1_ASAP7_75t_R)
  42.40 8342.51 ^ _218208_/Y (XOR2x2_ASAP7_75t_R)
  31.19 8373.70 ^ _218236_/Y (XNOR2x2_ASAP7_75t_R)
  20.63 8394.32 ^ _218242_/Y (AND3x1_ASAP7_75t_R)
  14.84 8409.17 v _218244_/Y (NAND2x1_ASAP7_75t_R)
  26.50 8435.67 ^ _218285_/Y (OAI22x1_ASAP7_75t_R)
 142.85 8578.51 v _218562_/Y (AOI211x1_ASAP7_75t_R)
  74.35 8652.86 ^ _218680_/Y (OAI21x1_ASAP7_75t_R)
  29.37 8682.24 ^ _218682_/Y (AND2x2_ASAP7_75t_R)
  23.39 8705.63 ^ _218683_/Y (XNOR2x2_ASAP7_75t_R)
  37.42 8743.05 ^ _218684_/Y (AND5x1_ASAP7_75t_R)
  32.57 8775.62 ^ _218852_/Y (AND4x1_ASAP7_75t_R)
  19.20 8794.81 ^ _218871_/Y (AO31x2_ASAP7_75t_R)
  41.49 8836.30 ^ _218918_/Y (AO211x2_ASAP7_75t_R)
  57.65 8893.95 v _218927_/Y (NOR2x2_ASAP7_75t_R)
  48.50 8942.45 v _219003_/Y (OR4x1_ASAP7_75t_R)
  27.70 8970.15 v _219005_/Y (OA211x2_ASAP7_75t_R)
  17.28 8987.44 v _219012_/Y (AO31x2_ASAP7_75t_R)
  21.46 9008.90 v _219030_/Y (OR3x1_ASAP7_75t_R)
  23.63 9032.53 ^ _219031_/Y (NAND2x1_ASAP7_75t_R)
  33.26 9065.79 ^ _219212_/Y (AND4x1_ASAP7_75t_R)
  25.20 9090.98 ^ _219221_/Y (OR4x1_ASAP7_75t_R)
  50.06 9141.04 v _219222_/Y (OAI21x1_ASAP7_75t_R)
  67.84 9208.88 v _219302_/Y (AND2x2_ASAP7_75t_R)
  41.57 9250.45 ^ _219314_/Y (AOI211x1_ASAP7_75t_R)
  45.30 9295.75 v _219315_/Y (XNOR2x2_ASAP7_75t_R)
  36.90 9332.65 v _219653_/Y (OA211x2_ASAP7_75t_R)
  28.08 9360.74 v _219655_/Y (OA222x2_ASAP7_75t_R)
  91.46 9452.20 v _219690_/Y (AO221x1_ASAP7_75t_R)
  99.27 9551.47 ^ _219718_/Y (NAND2x2_ASAP7_75t_R)
  38.26 9589.73 v _219988_/Y (AOI221x1_ASAP7_75t_R)
  39.18 9628.90 v _219992_/Y (OA33x2_ASAP7_75t_R)
  20.42 9649.32 ^ _220017_/Y (AOI21x1_ASAP7_75t_R)
  37.96 9687.28 ^ _220031_/Y (OA33x2_ASAP7_75t_R)
  14.29 9701.57 v _220033_/Y (OAI21x1_ASAP7_75t_R)
  30.17 9731.74 v _220096_/Y (AO31x2_ASAP7_75t_R)
  36.51 9768.25 v _220129_/Y (AO211x2_ASAP7_75t_R)
  67.14 9835.39 v _220162_/Y (AO21x2_ASAP7_75t_R)
  57.53 9892.92 v _220341_/Y (AO21x2_ASAP7_75t_R)
  30.09 9923.01 v _220343_/Y (AND2x2_ASAP7_75t_R)
  23.13 9946.13 ^ _220461_/Y (OAI21x1_ASAP7_75t_R)
  37.85 9983.98 ^ _220467_/Y (AND5x1_ASAP7_75t_R)
  30.72 10014.70 ^ _220661_/Y (AO32x2_ASAP7_75t_R)
  35.08 10049.79 ^ _220664_/Y (OA31x2_ASAP7_75t_R)
  68.48 10118.27 ^ _220695_/Y (OR3x2_ASAP7_75t_R)
  70.81 10189.08 ^ _220861_/Y (OA21x2_ASAP7_75t_R)
  17.80 10206.87 ^ _220880_/Y (OA21x2_ASAP7_75t_R)
  12.18 10219.06 v _220893_/Y (NOR3x1_ASAP7_75t_R)
  37.00 10256.06 v _220894_/Y (OR4x1_ASAP7_75t_R)
  23.16 10279.21 v _220901_/Y (AO21x1_ASAP7_75t_R)
  25.08 10304.29 v _220910_/Y (AO21x2_ASAP7_75t_R)
  48.71 10353.01 v _221032_/Y (AO32x1_ASAP7_75t_R)
  65.61 10418.62 ^ _221087_/Y (NAND2x2_ASAP7_75t_R)
  55.90 10474.51 ^ _221108_/Y (OA22x2_ASAP7_75t_R)
  39.06 10513.58 ^ _221291_/Y (XNOR2x2_ASAP7_75t_R)
  32.23 10545.81 ^ _221294_/Y (AND4x2_ASAP7_75t_R)
  20.24 10566.05 ^ _221517_/Y (AND2x2_ASAP7_75t_R)
  14.05 10580.10 v _221532_/Y (AOI21x1_ASAP7_75t_R)
  32.93 10613.03 v _221571_/Y (AO221x1_ASAP7_75t_R)
  38.33 10651.35 v _221574_/Y (AO33x2_ASAP7_75t_R)
 118.12 10769.48 v _221575_/Y (AND3x1_ASAP7_75t_R)
  63.66 10833.14 v _221581_/Y (OR4x1_ASAP7_75t_R)
  35.15 10868.29 v _221583_/Y (AND3x1_ASAP7_75t_R)
  31.05 10899.34 v _221585_/Y (XNOR2x2_ASAP7_75t_R)
  25.34 10924.68 v _221598_/Y (AO211x2_ASAP7_75t_R)
  35.17 10959.85 v _221785_/Y (OR3x2_ASAP7_75t_R)
  44.32 11004.17 ^ _221849_/Y (NAND2x2_ASAP7_75t_R)
  66.84 11071.02 ^ _222157_/Y (OR3x2_ASAP7_75t_R)
  33.29 11104.30 ^ _222175_/Y (AND3x1_ASAP7_75t_R)
  41.82 11146.13 ^ _222176_/Y (XNOR2x2_ASAP7_75t_R)
  38.85 11184.98 v _222177_/Y (XNOR2x2_ASAP7_75t_R)
  27.14 11212.12 v _222178_/Y (AND5x2_ASAP7_75t_R)
  18.92 11231.04 v _222221_/Y (AND2x2_ASAP7_75t_R)
  19.31 11250.36 v _222230_/Y (AO21x2_ASAP7_75t_R)
  35.13 11285.48 v _222272_/Y (AO221x2_ASAP7_75t_R)
  25.58 11311.06 v _222273_/Y (AO21x2_ASAP7_75t_R)
 107.77 11418.83 v _222374_/Y (AO21x1_ASAP7_75t_R)
  77.82 11496.65 v _222701_/Y (OA211x2_ASAP7_75t_R)
  32.91 11529.56 v _222709_/Y (OR5x1_ASAP7_75t_R)
  23.11 11552.67 v _222716_/Y (OA21x2_ASAP7_75t_R)
  19.97 11572.64 v _222721_/Y (AND3x2_ASAP7_75t_R)
  27.35 11599.99 v _222722_/Y (OA31x2_ASAP7_75t_R)
  54.79 11654.77 v _222723_/Y (OR4x1_ASAP7_75t_R)
  80.73 11735.50 v _222856_/Y (AO21x2_ASAP7_75t_R)
  56.87 11792.38 v _223087_/Y (AND2x2_ASAP7_75t_R)
  36.36 11828.73 ^ _223088_/Y (XOR2x2_ASAP7_75t_R)
  26.88 11855.61 ^ _223089_/Y (XNOR2x2_ASAP7_75t_R)
  35.68 11891.29 ^ _223171_/Y (AND5x1_ASAP7_75t_R)
  37.20 11928.49 v _223178_/Y (AOI221x1_ASAP7_75t_R)
  39.10 11967.59 v _223188_/Y (OA21x2_ASAP7_75t_R)
 102.96 12070.56 v _223343_/Y (OA211x2_ASAP7_75t_R)
  56.24 12126.80 v _223434_/Y (OR3x1_ASAP7_75t_R)
  21.07 12147.87 v _223789_/Y (AND2x2_ASAP7_75t_R)
  21.60 12169.47 v _223790_/Y (XNOR2x1_ASAP7_75t_R)
  41.04 12210.51 v _223794_/Y (OR5x1_ASAP7_75t_R)
  38.35 12248.86 v _223795_/Y (OR4x1_ASAP7_75t_R)
  27.32 12276.17 v _223882_/Y (OA31x2_ASAP7_75t_R)
  44.98 12321.16 v _223883_/Y (OA211x2_ASAP7_75t_R)
  34.75 12355.91 v _223927_/Y (AND2x4_ASAP7_75t_R)
  49.68 12405.59 ^ _224049_/Y (AOI22x1_ASAP7_75t_R)
  26.12 12431.71 ^ _224050_/Y (XNOR2x1_ASAP7_75t_R)
  35.55 12467.26 ^ _224061_/Y (AND5x1_ASAP7_75t_R)
  58.64 12525.89 v _224146_/Y (AOI221x1_ASAP7_75t_R)
  47.00 12572.89 ^ _224355_/Y (OAI21x1_ASAP7_75t_R)
  26.37 12599.27 ^ _224356_/Y (AND4x1_ASAP7_75t_R)
  63.78 12663.05 ^ _224360_/Y (OR4x2_ASAP7_75t_R)
  87.20 12750.24 v _224402_/Y (INVx1_ASAP7_75t_R)
  20.14 12770.38 ^ _224406_/Y (AOI21x1_ASAP7_75t_R)
  49.46 12819.84 ^ _224409_/Y (AND5x1_ASAP7_75t_R)
  32.33 12852.17 v _224410_/Y (XNOR2x2_ASAP7_75t_R)
  18.06 12870.24 ^ _224411_/Y (AOI211x1_ASAP7_75t_R)
  31.51 12901.75 ^ _224428_/Y (AND2x2_ASAP7_75t_R)
 100.65 13002.40 v _224840_/Y (AOI211x1_ASAP7_75t_R)
  58.48 13060.88 v _224913_/Y (AND2x2_ASAP7_75t_R)
  17.85 13078.73 v _224914_/Y (OA21x2_ASAP7_75t_R)
  18.09 13096.81 v _224915_/Y (OA21x2_ASAP7_75t_R)
  33.01 13129.82 v _224916_/Y (AO221x1_ASAP7_75t_R)
  28.02 13157.83 v _224917_/Y (MAJx2_ASAP7_75t_R)
  19.41 13177.25 v _224929_/Y (AO21x1_ASAP7_75t_R)
  16.07 13193.32 v _224943_/Y (AO21x1_ASAP7_75t_R)
  17.98 13211.31 v _224948_/Y (AO21x1_ASAP7_75t_R)
  28.74 13240.05 v _225034_/Y (AO21x2_ASAP7_75t_R)
  45.54 13285.58 v _225249_/Y (AO21x2_ASAP7_75t_R)
  68.32 13353.90 ^ _225319_/Y (NAND2x2_ASAP7_75t_R)
  33.58 13387.48 ^ _225320_/Y (AO22x1_ASAP7_75t_R)
  24.35 13411.83 ^ _225322_/Y (AO21x2_ASAP7_75t_R)
  20.35 13432.18 ^ _225323_/Y (AO221x1_ASAP7_75t_R)
  31.65 13463.83 ^ _225326_/Y (OA211x2_ASAP7_75t_R)
  33.42 13497.25 ^ _225330_/Y (AO221x2_ASAP7_75t_R)
  24.64 13521.89 ^ _225341_/Y (AO21x2_ASAP7_75t_R)
  29.84 13551.73 ^ _225351_/Y (AO22x2_ASAP7_75t_R)
  71.22 13622.95 v _225594_/Y (AOI211x1_ASAP7_75t_R)
  99.64 13722.60 ^ _225595_/Y (NAND2x2_ASAP7_75t_R)
  45.68 13768.28 ^ _225671_/Y (OA211x2_ASAP7_75t_R)
  31.05 13799.33 ^ _225684_/Y (AND3x2_ASAP7_75t_R)
  25.28 13824.61 ^ _225685_/Y (OA22x2_ASAP7_75t_R)
  28.45 13853.06 ^ _225689_/Y (MAJx2_ASAP7_75t_R)
  25.67 13878.73 ^ _225690_/Y (MAJx2_ASAP7_75t_R)
  23.93 13902.66 v _225704_/Y (AOI21x1_ASAP7_75t_R)
  29.00 13931.66 ^ _225734_/Y (OAI21x1_ASAP7_75t_R)
  25.19 13956.85 ^ _225812_/Y (AND3x1_ASAP7_75t_R)
 113.16 14070.02 ^ _225945_/Y (OR5x1_ASAP7_75t_R)
  48.64 14118.66 ^ _226108_/Y (OA21x2_ASAP7_75t_R)
  18.90 14137.56 ^ _226109_/Y (AO221x1_ASAP7_75t_R)
  23.26 14160.82 ^ _226110_/Y (MAJx2_ASAP7_75t_R)
  18.20 14179.02 ^ _226111_/Y (AO21x1_ASAP7_75t_R)
  23.11 14202.12 ^ _226112_/Y (AO32x1_ASAP7_75t_R)
  39.84 14241.96 ^ _226115_/Y (AO22x1_ASAP7_75t_R)
  27.02 14268.98 v _226127_/Y (AOI21x1_ASAP7_75t_R)
  36.81 14305.79 ^ _226148_/Y (OAI22x1_ASAP7_75t_R)
  25.88 14331.68 ^ _226158_/Y (AO21x1_ASAP7_75t_R)
  27.29 14358.97 ^ _226160_/Y (AO22x2_ASAP7_75t_R)
  91.88 14450.85 ^ _226252_/Y (AO21x1_ASAP7_75t_R)
  17.69 14468.54 v _226384_/Y (NAND2x1_ASAP7_75t_R)
  32.81 14501.35 v _226388_/Y (AO222x2_ASAP7_75t_R)
  31.82 14533.18 v _226389_/Y (OA211x2_ASAP7_75t_R)
  22.60 14555.77 v _226390_/Y (MAJx2_ASAP7_75t_R)
  20.79 14576.57 v _226391_/Y (MAJx2_ASAP7_75t_R)
  20.18 14596.75 v _226392_/Y (MAJx2_ASAP7_75t_R)
  33.17 14629.92 v _226393_/Y (AO222x2_ASAP7_75t_R)
  20.18 14650.10 v _226415_/Y (AO21x1_ASAP7_75t_R)
  20.07 14670.17 v _226416_/Y (AO22x1_ASAP7_75t_R)
  22.13 14692.30 v _226425_/Y (AO21x2_ASAP7_75t_R)
  60.49 14752.79 v _226552_/Y (AO21x2_ASAP7_75t_R)
 228.13 14980.92 ^ _226668_/Y (NAND2x2_ASAP7_75t_R)
 115.78 15096.71 ^ _226680_/Y (OR3x2_ASAP7_75t_R)
  41.22 15137.93 ^ _226685_/Y (AND2x4_ASAP7_75t_R)
  58.80 15196.73 v _226736_/Y (XNOR2x2_ASAP7_75t_R)
  28.96 15225.69 v _226773_/Y (OR3x1_ASAP7_75t_R)
  47.08 15272.77 ^ _226775_/Y (AOI21x1_ASAP7_75t_R)
  45.33 15318.10 v _226776_/Y (NOR2x2_ASAP7_75t_R)
  79.48 15397.58 v _226777_/Y (AO32x1_ASAP7_75t_R)
 120.91 15518.49 ^ _227106_/Y (XNOR2x1_ASAP7_75t_R)
  53.31 15571.79 ^ _228542_/Y (AO32x1_ASAP7_75t_R)
  84.55 15656.34 ^ _228577_/Y (AO32x1_ASAP7_75t_R)
  53.68 15710.02 v _228823_/Y (NOR3x1_ASAP7_75t_R)
  36.69 15746.71 v _228824_/Y (AO32x1_ASAP7_75t_R)
  30.88 15777.60 v _228836_/Y (AO222x2_ASAP7_75t_R)
  29.42 15807.02 v _228869_/Y (OR5x1_ASAP7_75t_R)
  35.42 15842.43 v _228909_/Y (OR5x1_ASAP7_75t_R)
  35.55 15877.99 v _229076_/Y (AO32x1_ASAP7_75t_R)
  37.28 15915.27 v _229116_/Y (AO32x2_ASAP7_75t_R)
  26.65 15941.92 v _229223_/Y (AND5x2_ASAP7_75t_R)
  22.56 15964.47 v _229304_/Y (AND3x2_ASAP7_75t_R)
  23.31 15987.79 v _229305_/Y (AND4x2_ASAP7_75t_R)
  15.69 16003.47 v _229409_/Y (AND3x1_ASAP7_75t_R)
  18.91 16022.39 v _229419_/Y (OA31x2_ASAP7_75t_R)
  23.75 16046.13 v _229424_/Y (OA21x2_ASAP7_75t_R)
  45.81 16091.94 v _238033_/Y (OA211x2_ASAP7_75t_R)
  34.16 16126.10 v _241101_/Y (AO31x2_ASAP7_75t_R)
  71.43 16197.53 v _241194_/Y (AO221x1_ASAP7_75t_R)
 173.32 16370.85 ^ _241196_/Y (NAND2x2_ASAP7_75t_R)
  88.37 16459.22 v _241197_/Y (INVx2_ASAP7_75t_R)
  53.44 16512.66 v _253544_/Y (AO21x1_ASAP7_75t_R)
  14.90 16527.56 v _253545_/Y (AND2x2_ASAP7_75t_R)
   0.13 16527.69 v _378108_/D (DFFHQNx1_ASAP7_75t_R)
        16527.69   data arrival time

12000.00 12000.00   clock core_clk (rise edge)
   0.00 12000.00   clock source latency
   0.00 12000.00 ^ clk (in)
  51.21 12051.21 ^ wire5675/Y (BUFx12_ASAP7_75t_R)
  50.67 12101.89 ^ clkbuf_0_clk/Y (BUFx24_ASAP7_75t_R)
  26.15 12128.04 ^ clkbuf_1_1_0_clk/Y (BUFx24_ASAP7_75t_R)
  24.91 12152.95 ^ clkbuf_2_2_0_clk/Y (BUFx24_ASAP7_75t_R)
  27.24 12180.19 ^ clkbuf_3_5_0_clk/Y (BUFx24_ASAP7_75t_R)
  25.96 12206.15 ^ clkbuf_4_11_0_clk/Y (BUFx24_ASAP7_75t_R)
  27.00 12233.15 ^ clkbuf_6_45__f_clk/Y (BUFx24_ASAP7_75t_R)
  26.21 12259.37 ^ clkbuf_leaf_570_clk/Y (BUFx24_ASAP7_75t_R)
   1.34 12260.70 ^ _378108_/CLK (DFFHQNx1_ASAP7_75t_R)
 -50.00 12210.70   clock uncertainty
   2.39 12213.09   clock reconvergence pessimism
  -0.26 12212.83   library setup time
        12212.83   data required time
---------------------------------------------------------
        12212.83   data required time
        -16527.69   data arrival time
---------------------------------------------------------
        -4314.85   slack (VIOLATED)


Startpoint: _369487_ (rising edge-triggered flip-flop clocked by core_clk)
Endpoint: _378108_ (rising edge-triggered flip-flop clocked by core_clk)
Path Group: reg2reg
Path Type: max

  Delay    Time   Description
---------------------------------------------------------
   0.00    0.00   clock core_clk (rise edge)
   0.00    0.00   clock source latency
   0.00    0.00 ^ clk (in)
  51.99   51.99 ^ wire5675/Y (BUFx12_ASAP7_75t_R)
  52.29  104.28 ^ clkbuf_0_clk/Y (BUFx24_ASAP7_75t_R)
  27.06  131.33 ^ clkbuf_1_0_0_clk/Y (BUFx24_ASAP7_75t_R)
  26.85  158.18 ^ clkbuf_2_1_0_clk/Y (BUFx24_ASAP7_75t_R)
  28.86  187.04 ^ clkbuf_3_3_0_clk/Y (BUFx24_ASAP7_75t_R)
  30.02  217.07 ^ clkbuf_4_7_0_clk/Y (BUFx24_ASAP7_75t_R)
  29.08  246.15 ^ clkbuf_6_30__f_clk/Y (BUFx24_ASAP7_75t_R)
  33.58  279.73 ^ clkbuf_leaf_368_clk/Y (BUFx24_ASAP7_75t_R)
   3.20  282.92 ^ _369487_/CLK (DFFHQNx1_ASAP7_75t_R)
  81.75  364.68 v _369487_/QN (DFFHQNx1_ASAP7_75t_R)
 117.22  481.90 v _184248_/Y (OR4x2_ASAP7_75t_R)
 163.68  645.58 ^ _184249_/Y (NAND3x1_ASAP7_75t_R)
  86.57  732.14 v _184434_/Y (AOI21x1_ASAP7_75t_R)
  78.49  810.64 v _184438_/Y (OR3x1_ASAP7_75t_R)
  60.40  871.03 ^ _184457_/Y (AOI21x1_ASAP7_75t_R)
  39.14  910.17 ^ max_cap4622/Y (BUFx12_ASAP7_75t_R)
  24.73  934.91 ^ max_cap4621/Y (BUFx12_ASAP7_75t_R)
  31.59  966.49 ^ load_slew4620/Y (BUFx6f_ASAP7_75t_R)
  23.60  990.09 ^ wire4619/Y (BUFx12f_ASAP7_75t_R)
  32.21 1022.30 ^ max_cap4618/Y (BUFx10_ASAP7_75t_R)
  29.02 1051.32 ^ max_cap4612/Y (BUFx12_ASAP7_75t_R)
  34.32 1085.64 ^ wire4609/Y (BUFx12f_ASAP7_75t_R)
  29.55 1115.19 ^ load_slew4607/Y (BUFx12f_ASAP7_75t_R)
 120.66 1235.85 ^ _184934_/Y (OR3x1_ASAP7_75t_R)
  79.52 1315.37 ^ _185378_/Y (OR2x2_ASAP7_75t_R)
  21.21 1336.58 ^ _185399_/Y (AND4x1_ASAP7_75t_R)
  38.30 1374.88 ^ _185400_/Y (AND4x2_ASAP7_75t_R)
  95.55 1470.43 ^ _185414_/Y (OA222x2_ASAP7_75t_R)
  80.33 1550.76 v _185565_/Y (NAND2x1_ASAP7_75t_R)
  49.69 1600.45 v _186054_/Y (OR5x1_ASAP7_75t_R)
  49.59 1650.03 v _188459_/Y (OR4x2_ASAP7_75t_R)
  66.04 1716.07 v _211565_/Y (AND4x2_ASAP7_75t_R)
  30.31 1746.38 v load_slew2798/Y (BUFx16f_ASAP7_75t_R)
  43.33 1789.71 v load_slew2797/Y (BUFx16f_ASAP7_75t_R)
  35.87 1825.58 v load_slew2796/Y (BUFx16f_ASAP7_75t_R)
  69.03 1894.61 v wire2795/Y (BUFx16f_ASAP7_75t_R)
  24.24 1918.86 v load_slew2794/Y (BUFx16f_ASAP7_75t_R)
  55.74 1974.59 v wire2793/Y (BUFx16f_ASAP7_75t_R)
  79.57 2054.17 v _211844_/Y (AND2x4_ASAP7_75t_R)
  30.08 2084.25 v wire2553/Y (BUFx16f_ASAP7_75t_R)
  78.91 2163.16 v load_slew2552/Y (BUFx16f_ASAP7_75t_R)
 118.99 2282.15 v _211850_/Y (OR4x1_ASAP7_75t_R)
  25.38 2307.53 v _211851_/Y (AND2x4_ASAP7_75t_R)
  17.24 2324.78 ^ _211863_/Y (NOR3x1_ASAP7_75t_R)
  30.46 2355.24 ^ _211864_/Y (AND4x2_ASAP7_75t_R)
   8.53 2363.77 v _211865_/Y (NAND3x1_ASAP7_75t_R)
  33.28 2397.05 v _211869_/Y (OA211x2_ASAP7_75t_R)
  20.81 2417.86 ^ _211879_/Y (AOI221x1_ASAP7_75t_R)
  37.89 2455.75 v _211916_/Y (AOI221x1_ASAP7_75t_R)
  34.29 2490.04 v _211994_/Y (AO21x2_ASAP7_75t_R)
  24.71 2514.75 ^ _212068_/Y (AOI221x1_ASAP7_75t_R)
  40.92 2555.67 v _212069_/Y (XNOR2x2_ASAP7_75t_R)
  49.13 2604.81 v _212079_/Y (AO32x1_ASAP7_75t_R)
  37.28 2642.08 v _212081_/Y (AO221x2_ASAP7_75t_R)
  33.14 2675.22 v _212140_/Y (AO21x2_ASAP7_75t_R)
  32.77 2708.00 ^ _212148_/Y (NAND2x2_ASAP7_75t_R)
  33.87 2741.87 ^ _212159_/Y (AO221x1_ASAP7_75t_R)
  30.04 2771.91 ^ _212174_/Y (AO22x2_ASAP7_75t_R)
  32.66 2804.57 v _212207_/Y (OAI21x1_ASAP7_75t_R)
  25.57 2830.14 ^ _212221_/Y (AOI21x1_ASAP7_75t_R)
  31.21 2861.35 ^ _212228_/Y (OA21x2_ASAP7_75t_R)
  26.23 2887.59 ^ _212263_/Y (XNOR2x2_ASAP7_75t_R)
  30.31 2917.90 ^ _212273_/Y (AO221x1_ASAP7_75t_R)
  27.36 2945.26 ^ _212358_/Y (MAJx2_ASAP7_75t_R)
  40.47 2985.73 v _212379_/Y (AOI211x1_ASAP7_75t_R)
  56.07 3041.79 ^ _212412_/Y (OAI21x1_ASAP7_75t_R)
  41.41 3083.21 ^ _212419_/Y (AO211x2_ASAP7_75t_R)
  25.93 3109.13 ^ _212421_/Y (OA33x2_ASAP7_75t_R)
  25.72 3134.86 v _212437_/Y (NOR3x1_ASAP7_75t_R)
  34.56 3169.41 ^ _212512_/Y (OAI21x1_ASAP7_75t_R)
  31.95 3201.36 ^ _212568_/Y (AO32x1_ASAP7_75t_R)
  22.00 3223.36 ^ _212584_/Y (AND3x1_ASAP7_75t_R)
  26.56 3249.92 ^ _212585_/Y (XNOR2x2_ASAP7_75t_R)
  37.09 3287.01 ^ _212597_/Y (MAJx2_ASAP7_75t_R)
  34.19 3321.21 v _212610_/Y (AOI211x1_ASAP7_75t_R)
  42.58 3363.79 v _212620_/Y (OA211x2_ASAP7_75t_R)
  40.55 3404.34 v _212641_/Y (OR2x2_ASAP7_75t_R)
  26.42 3430.77 v _212731_/Y (AO21x1_ASAP7_75t_R)
  20.15 3450.91 v _212733_/Y (AO22x1_ASAP7_75t_R)
  30.08 3480.99 ^ _212738_/Y (AOI221x1_ASAP7_75t_R)
  32.67 3513.66 ^ _212740_/Y (AO211x2_ASAP7_75t_R)
  34.65 3548.30 ^ _212753_/Y (AO21x1_ASAP7_75t_R)
  43.93 3592.23 ^ _212838_/Y (AO21x2_ASAP7_75t_R)
  27.90 3620.13 ^ _212901_/Y (AND3x1_ASAP7_75t_R)
  31.81 3651.94 v _212902_/Y (AOI21x1_ASAP7_75t_R)
  31.51 3683.46 ^ _212903_/Y (AOI22x1_ASAP7_75t_R)
  39.18 3722.63 ^ _212946_/Y (AND4x2_ASAP7_75t_R)
  24.62 3747.25 ^ _213006_/Y (OA211x2_ASAP7_75t_R)
  25.07 3772.32 ^ _213007_/Y (AO221x1_ASAP7_75t_R)
  20.55 3792.87 ^ _213008_/Y (AO21x2_ASAP7_75t_R)
  25.91 3818.77 ^ _213011_/Y (AND3x2_ASAP7_75t_R)
  34.12 3852.89 v _213012_/Y (XNOR2x2_ASAP7_75t_R)
  26.94 3879.83 v _213058_/Y (OA211x2_ASAP7_75t_R)
  30.20 3910.03 v _213060_/Y (OA211x2_ASAP7_75t_R)
  31.18 3941.21 v _213078_/Y (OR3x2_ASAP7_75t_R)
  27.61 3968.82 v _213197_/Y (AO211x2_ASAP7_75t_R)
  26.88 3995.70 v _213198_/Y (AND2x4_ASAP7_75t_R)
  27.47 4023.17 v _213230_/Y (AND2x2_ASAP7_75t_R)
  26.40 4049.57 v _213231_/Y (XNOR2x1_ASAP7_75t_R)
  29.91 4079.47 v _213232_/Y (XNOR2x1_ASAP7_75t_R)
  44.09 4123.57 v _213363_/Y (AO221x1_ASAP7_75t_R)
  38.78 4162.35 v _213368_/Y (OR5x1_ASAP7_75t_R)
  58.50 4220.84 v _213375_/Y (AO222x2_ASAP7_75t_R)
  33.13 4253.97 v _213494_/Y (AND2x4_ASAP7_75t_R)
  30.36 4284.34 v _213495_/Y (XNOR2x1_ASAP7_75t_R)
  38.09 4322.42 v _213524_/Y (AO32x1_ASAP7_75t_R)
  26.66 4349.08 ^ _213525_/Y (AOI211x1_ASAP7_75t_R)
  34.25 4383.33 ^ _213548_/Y (OA31x2_ASAP7_75t_R)
  37.41 4420.74 ^ _213564_/Y (AO211x2_ASAP7_75t_R)
  26.49 4447.23 ^ _213595_/Y (AND3x1_ASAP7_75t_R)
  26.24 4473.47 v _213596_/Y (XOR2x2_ASAP7_75t_R)
  22.45 4495.92 v _213605_/Y (AO21x1_ASAP7_75t_R)
  37.08 4533.00 v _213606_/Y (AO32x1_ASAP7_75t_R)
  31.94 4564.94 v _213625_/Y (AO21x2_ASAP7_75t_R)
  27.70 4592.64 v _213781_/Y (OA21x2_ASAP7_75t_R)
  41.78 4634.43 ^ _213794_/Y (OAI21x1_ASAP7_75t_R)
  42.88 4677.31 v _213835_/Y (NAND2x2_ASAP7_75t_R)
  36.85 4714.16 v _213973_/Y (AND2x2_ASAP7_75t_R)
  38.28 4752.44 ^ _213974_/Y (XNOR2x2_ASAP7_75t_R)
  22.92 4775.36 v _213984_/Y (AOI211x1_ASAP7_75t_R)
  37.61 4812.97 v _213988_/Y (OR4x2_ASAP7_75t_R)
  38.30 4851.27 v _213989_/Y (AO21x1_ASAP7_75t_R)
  59.80 4911.07 ^ _214007_/Y (NAND2x1_ASAP7_75t_R)
  41.74 4952.81 ^ _214009_/Y (AND2x4_ASAP7_75t_R)
  22.52 4975.32 ^ _214013_/Y (AND2x2_ASAP7_75t_R)
  36.11 5011.43 v _214014_/Y (XNOR2x2_ASAP7_75t_R)
  33.46 5044.89 v _214121_/Y (OA211x2_ASAP7_75t_R)
  18.77 5063.65 v _214139_/Y (AND4x1_ASAP7_75t_R)
  21.40 5085.06 v _214326_/Y (AO211x2_ASAP7_75t_R)
  49.96 5135.02 v _214333_/Y (OA21x2_ASAP7_75t_R)
  60.41 5195.44 v _214504_/Y (OA211x2_ASAP7_75t_R)
  29.67 5225.10 v _214505_/Y (XOR2x2_ASAP7_75t_R)
  20.14 5245.25 v _214529_/Y (AND3x1_ASAP7_75t_R)
  38.50 5283.75 v _214531_/Y (OR4x2_ASAP7_75t_R)
  17.34 5301.09 ^ _214543_/Y (AOI22x1_ASAP7_75t_R)
  20.49 5321.58 ^ _214544_/Y (AND2x4_ASAP7_75t_R)
  63.94 5385.52 ^ _214554_/Y (AO221x2_ASAP7_75t_R)
  51.28 5436.80 ^ _214722_/Y (AND5x1_ASAP7_75t_R)
  29.23 5466.03 v _214723_/Y (XOR2x2_ASAP7_75t_R)
  19.65 5485.69 v _214724_/Y (AND2x4_ASAP7_75t_R)
  15.97 5501.66 ^ _214850_/Y (INVx1_ASAP7_75t_R)
  31.91 5533.57 ^ _214852_/Y (AND4x1_ASAP7_75t_R)
  29.87 5563.43 ^ _214868_/Y (AND5x1_ASAP7_75t_R)
  22.72 5586.16 ^ _214869_/Y (AO32x1_ASAP7_75t_R)
  81.64 5667.80 ^ _214872_/Y (OA31x2_ASAP7_75t_R)
  42.50 5710.30 ^ _215078_/Y (AND2x2_ASAP7_75t_R)
  36.10 5746.39 v _215079_/Y (XNOR2x2_ASAP7_75t_R)
  34.42 5780.82 v _215122_/Y (OA221x2_ASAP7_75t_R)
  30.89 5811.71 v _215131_/Y (AO221x1_ASAP7_75t_R)
  37.11 5848.82 v _215139_/Y (AO22x2_ASAP7_75t_R)
  36.40 5885.21 v _215153_/Y (AO221x2_ASAP7_75t_R)
  53.03 5938.24 v _215160_/Y (AO21x2_ASAP7_75t_R)
  43.59 5981.83 v _215230_/Y (AO21x2_ASAP7_75t_R)
  20.05 6001.87 v _215231_/Y (AND2x4_ASAP7_75t_R)
  16.94 6018.81 v _215284_/Y (XNOR2x1_ASAP7_75t_R)
  38.74 6057.55 v _215285_/Y (OR5x1_ASAP7_75t_R)
  28.11 6085.66 ^ _215286_/Y (OAI22x1_ASAP7_75t_R)
  44.37 6130.03 ^ _215332_/Y (AO211x2_ASAP7_75t_R)
  52.27 6182.30 ^ _215466_/Y (AO211x2_ASAP7_75t_R)
  42.70 6225.00 ^ _215467_/Y (AND2x4_ASAP7_75t_R)
  28.50 6253.50 ^ _215476_/Y (AO21x2_ASAP7_75t_R)
  26.58 6280.08 ^ _215478_/Y (AND2x2_ASAP7_75t_R)
  29.44 6309.52 ^ _215729_/Y (OA31x2_ASAP7_75t_R)
  15.57 6325.09 v _215748_/Y (AOI211x1_ASAP7_75t_R)
  37.27 6362.36 v _215777_/Y (OR4x2_ASAP7_75t_R)
  39.75 6402.11 v _215781_/Y (AO32x2_ASAP7_75t_R)
  53.51 6455.62 v _215787_/Y (OR3x2_ASAP7_75t_R)
  52.82 6508.44 v _215869_/Y (OA21x2_ASAP7_75t_R)
  29.60 6538.05 v _215888_/Y (AND2x2_ASAP7_75t_R)
  32.20 6570.25 v _215889_/Y (XNOR2x2_ASAP7_75t_R)
  33.95 6604.19 v _216007_/Y (XNOR2x1_ASAP7_75t_R)
  22.91 6627.10 ^ _216008_/Y (NAND3x1_ASAP7_75t_R)
  21.90 6649.00 v _216182_/Y (AOI211x1_ASAP7_75t_R)
  55.33 6704.33 v _216196_/Y (OR5x2_ASAP7_75t_R)
  56.07 6760.40 ^ _216251_/Y (NAND2x1_ASAP7_75t_R)
  30.17 6790.56 ^ _216252_/Y (AO21x2_ASAP7_75t_R)
  30.37 6820.93 ^ _216253_/Y (XNOR2x2_ASAP7_75t_R)
  27.60 6848.53 ^ _216254_/Y (AND2x2_ASAP7_75t_R)
  20.59 6869.12 ^ _216255_/Y (AO21x1_ASAP7_75t_R)
  20.90 6890.03 ^ _216261_/Y (OA211x2_ASAP7_75t_R)
  69.99 6960.02 ^ _216360_/Y (AO221x1_ASAP7_75t_R)
  23.00 6983.01 v _216362_/Y (INVx6_ASAP7_75t_R)
  89.01 7072.03 ^ _216545_/Y (NAND2x1_ASAP7_75t_R)
  37.31 7109.34 ^ _216628_/Y (OA21x2_ASAP7_75t_R)
  34.38 7143.72 v _216629_/Y (XNOR2x2_ASAP7_75t_R)
  28.17 7171.89 v _216843_/Y (OR2x4_ASAP7_75t_R)
  23.70 7195.59 v _216846_/Y (OA222x2_ASAP7_75t_R)
  22.80 7218.39 v _216851_/Y (AO221x1_ASAP7_75t_R)
  43.30 7261.68 v _216876_/Y (AO221x1_ASAP7_75t_R)
  43.55 7305.23 v _216887_/Y (AND3x2_ASAP7_75t_R)
  68.57 7373.80 ^ _216996_/Y (NAND2x2_ASAP7_75t_R)
  42.10 7415.90 ^ _217076_/Y (OA21x2_ASAP7_75t_R)
  23.95 7439.86 ^ _217107_/Y (XNOR2x2_ASAP7_75t_R)
  41.93 7481.79 ^ _217265_/Y (AND5x1_ASAP7_75t_R)
  36.98 7518.77 ^ _217277_/Y (AND5x1_ASAP7_75t_R)
  31.55 7550.31 ^ _217278_/Y (OA211x2_ASAP7_75t_R)
  45.89 7596.21 v _217284_/Y (AOI211x1_ASAP7_75t_R)
 109.67 7705.88 ^ _217285_/Y (NAND2x2_ASAP7_75t_R)
  40.57 7746.45 ^ _217578_/Y (OA21x2_ASAP7_75t_R)
  37.61 7784.06 v _217579_/Y (XNOR2x2_ASAP7_75t_R)
  37.05 7821.11 ^ _217695_/Y (NAND2x1_ASAP7_75t_R)
  31.64 7852.76 ^ _217699_/Y (AO211x2_ASAP7_75t_R)
  28.09 7880.85 ^ _217700_/Y (AO31x2_ASAP7_75t_R)
  45.60 7926.44 ^ _217715_/Y (AO21x2_ASAP7_75t_R)
  53.63 7980.07 v _217716_/Y (NAND2x2_ASAP7_75t_R)
  52.44 8032.51 v _218014_/Y (OA21x2_ASAP7_75t_R)
  28.10 8060.62 ^ _218015_/Y (XNOR2x2_ASAP7_75t_R)
  30.42 8091.04 v _218016_/Y (XNOR2x2_ASAP7_75t_R)
  36.08 8127.11 v _218022_/Y (OA211x2_ASAP7_75t_R)
  28.22 8155.33 v _218131_/Y (AO21x1_ASAP7_75t_R)
  32.85 8188.18 v _218149_/Y (OA21x2_ASAP7_75t_R)
  81.58 8269.76 v _218150_/Y (OR3x2_ASAP7_75t_R)
  30.35 8300.11 ^ _218207_/Y (OAI21x1_ASAP7_75t_R)
  42.40 8342.51 ^ _218208_/Y (XOR2x2_ASAP7_75t_R)
  31.19 8373.70 ^ _218236_/Y (XNOR2x2_ASAP7_75t_R)
  20.63 8394.32 ^ _218242_/Y (AND3x1_ASAP7_75t_R)
  14.84 8409.17 v _218244_/Y (NAND2x1_ASAP7_75t_R)
  26.50 8435.67 ^ _218285_/Y (OAI22x1_ASAP7_75t_R)
 142.85 8578.51 v _218562_/Y (AOI211x1_ASAP7_75t_R)
  74.35 8652.86 ^ _218680_/Y (OAI21x1_ASAP7_75t_R)
  29.37 8682.24 ^ _218682_/Y (AND2x2_ASAP7_75t_R)
  23.39 8705.63 ^ _218683_/Y (XNOR2x2_ASAP7_75t_R)
  37.42 8743.05 ^ _218684_/Y (AND5x1_ASAP7_75t_R)
  32.57 8775.62 ^ _218852_/Y (AND4x1_ASAP7_75t_R)
  19.20 8794.81 ^ _218871_/Y (AO31x2_ASAP7_75t_R)
  41.49 8836.30 ^ _218918_/Y (AO211x2_ASAP7_75t_R)
  57.65 8893.95 v _218927_/Y (NOR2x2_ASAP7_75t_R)
  48.50 8942.45 v _219003_/Y (OR4x1_ASAP7_75t_R)
  27.70 8970.15 v _219005_/Y (OA211x2_ASAP7_75t_R)
  17.28 8987.44 v _219012_/Y (AO31x2_ASAP7_75t_R)
  21.46 9008.90 v _219030_/Y (OR3x1_ASAP7_75t_R)
  23.63 9032.53 ^ _219031_/Y (NAND2x1_ASAP7_75t_R)
  33.26 9065.79 ^ _219212_/Y (AND4x1_ASAP7_75t_R)
  25.20 9090.98 ^ _219221_/Y (OR4x1_ASAP7_75t_R)
  50.06 9141.04 v _219222_/Y (OAI21x1_ASAP7_75t_R)
  67.84 9208.88 v _219302_/Y (AND2x2_ASAP7_75t_R)
  41.57 9250.45 ^ _219314_/Y (AOI211x1_ASAP7_75t_R)
  45.30 9295.75 v _219315_/Y (XNOR2x2_ASAP7_75t_R)
  36.90 9332.65 v _219653_/Y (OA211x2_ASAP7_75t_R)
  28.08 9360.74 v _219655_/Y (OA222x2_ASAP7_75t_R)
  91.46 9452.20 v _219690_/Y (AO221x1_ASAP7_75t_R)
  99.27 9551.47 ^ _219718_/Y (NAND2x2_ASAP7_75t_R)
  38.26 9589.73 v _219988_/Y (AOI221x1_ASAP7_75t_R)
  39.18 9628.90 v _219992_/Y (OA33x2_ASAP7_75t_R)
  20.42 9649.32 ^ _220017_/Y (AOI21x1_ASAP7_75t_R)
  37.96 9687.28 ^ _220031_/Y (OA33x2_ASAP7_75t_R)
  14.29 9701.57 v _220033_/Y (OAI21x1_ASAP7_75t_R)
  30.17 9731.74 v _220096_/Y (AO31x2_ASAP7_75t_R)
  36.51 9768.25 v _220129_/Y (AO211x2_ASAP7_75t_R)
  67.14 9835.39 v _220162_/Y (AO21x2_ASAP7_75t_R)
  57.53 9892.92 v _220341_/Y (AO21x2_ASAP7_75t_R)
  30.09 9923.01 v _220343_/Y (AND2x2_ASAP7_75t_R)
  23.13 9946.13 ^ _220461_/Y (OAI21x1_ASAP7_75t_R)
  37.85 9983.98 ^ _220467_/Y (AND5x1_ASAP7_75t_R)
  30.72 10014.70 ^ _220661_/Y (AO32x2_ASAP7_75t_R)
  35.08 10049.79 ^ _220664_/Y (OA31x2_ASAP7_75t_R)
  68.48 10118.27 ^ _220695_/Y (OR3x2_ASAP7_75t_R)
  70.81 10189.08 ^ _220861_/Y (OA21x2_ASAP7_75t_R)
  17.80 10206.87 ^ _220880_/Y (OA21x2_ASAP7_75t_R)
  12.18 10219.06 v _220893_/Y (NOR3x1_ASAP7_75t_R)
  37.00 10256.06 v _220894_/Y (OR4x1_ASAP7_75t_R)
  23.16 10279.21 v _220901_/Y (AO21x1_ASAP7_75t_R)
  25.08 10304.29 v _220910_/Y (AO21x2_ASAP7_75t_R)
  48.71 10353.01 v _221032_/Y (AO32x1_ASAP7_75t_R)
  65.61 10418.62 ^ _221087_/Y (NAND2x2_ASAP7_75t_R)
  55.90 10474.51 ^ _221108_/Y (OA22x2_ASAP7_75t_R)
  39.06 10513.58 ^ _221291_/Y (XNOR2x2_ASAP7_75t_R)
  32.23 10545.81 ^ _221294_/Y (AND4x2_ASAP7_75t_R)
  20.24 10566.05 ^ _221517_/Y (AND2x2_ASAP7_75t_R)
  14.05 10580.10 v _221532_/Y (AOI21x1_ASAP7_75t_R)
  32.93 10613.03 v _221571_/Y (AO221x1_ASAP7_75t_R)
  38.33 10651.35 v _221574_/Y (AO33x2_ASAP7_75t_R)
 118.12 10769.48 v _221575_/Y (AND3x1_ASAP7_75t_R)
  63.66 10833.14 v _221581_/Y (OR4x1_ASAP7_75t_R)
  35.15 10868.29 v _221583_/Y (AND3x1_ASAP7_75t_R)
  31.05 10899.34 v _221585_/Y (XNOR2x2_ASAP7_75t_R)
  25.34 10924.68 v _221598_/Y (AO211x2_ASAP7_75t_R)
  35.17 10959.85 v _221785_/Y (OR3x2_ASAP7_75t_R)
  44.32 11004.17 ^ _221849_/Y (NAND2x2_ASAP7_75t_R)
  66.84 11071.02 ^ _222157_/Y (OR3x2_ASAP7_75t_R)
  33.29 11104.30 ^ _222175_/Y (AND3x1_ASAP7_75t_R)
  41.82 11146.13 ^ _222176_/Y (XNOR2x2_ASAP7_75t_R)
  38.85 11184.98 v _222177_/Y (XNOR2x2_ASAP7_75t_R)
  27.14 11212.12 v _222178_/Y (AND5x2_ASAP7_75t_R)
  18.92 11231.04 v _222221_/Y (AND2x2_ASAP7_75t_R)
  19.31 11250.36 v _222230_/Y (AO21x2_ASAP7_75t_R)
  35.13 11285.48 v _222272_/Y (AO221x2_ASAP7_75t_R)
  25.58 11311.06 v _222273_/Y (AO21x2_ASAP7_75t_R)
 107.77 11418.83 v _222374_/Y (AO21x1_ASAP7_75t_R)
  77.82 11496.65 v _222701_/Y (OA211x2_ASAP7_75t_R)
  32.91 11529.56 v _222709_/Y (OR5x1_ASAP7_75t_R)
  23.11 11552.67 v _222716_/Y (OA21x2_ASAP7_75t_R)
  19.97 11572.64 v _222721_/Y (AND3x2_ASAP7_75t_R)
  27.35 11599.99 v _222722_/Y (OA31x2_ASAP7_75t_R)
  54.79 11654.77 v _222723_/Y (OR4x1_ASAP7_75t_R)
  80.73 11735.50 v _222856_/Y (AO21x2_ASAP7_75t_R)
  56.87 11792.38 v _223087_/Y (AND2x2_ASAP7_75t_R)
  36.36 11828.73 ^ _223088_/Y (XOR2x2_ASAP7_75t_R)
  26.88 11855.61 ^ _223089_/Y (XNOR2x2_ASAP7_75t_R)
  35.68 11891.29 ^ _223171_/Y (AND5x1_ASAP7_75t_R)
  37.20 11928.49 v _223178_/Y (AOI221x1_ASAP7_75t_R)
  39.10 11967.59 v _223188_/Y (OA21x2_ASAP7_75t_R)
 102.96 12070.56 v _223343_/Y (OA211x2_ASAP7_75t_R)
  56.24 12126.80 v _223434_/Y (OR3x1_ASAP7_75t_R)
  21.07 12147.87 v _223789_/Y (AND2x2_ASAP7_75t_R)
  21.60 12169.47 v _223790_/Y (XNOR2x1_ASAP7_75t_R)
  41.04 12210.51 v _223794_/Y (OR5x1_ASAP7_75t_R)
  38.35 12248.86 v _223795_/Y (OR4x1_ASAP7_75t_R)
  27.32 12276.17 v _223882_/Y (OA31x2_ASAP7_75t_R)
  44.98 12321.16 v _223883_/Y (OA211x2_ASAP7_75t_R)
  34.75 12355.91 v _223927_/Y (AND2x4_ASAP7_75t_R)
  49.68 12405.59 ^ _224049_/Y (AOI22x1_ASAP7_75t_R)
  26.12 12431.71 ^ _224050_/Y (XNOR2x1_ASAP7_75t_R)
  35.55 12467.26 ^ _224061_/Y (AND5x1_ASAP7_75t_R)
  58.64 12525.89 v _224146_/Y (AOI221x1_ASAP7_75t_R)
  47.00 12572.89 ^ _224355_/Y (OAI21x1_ASAP7_75t_R)
  26.37 12599.27 ^ _224356_/Y (AND4x1_ASAP7_75t_R)
  63.78 12663.05 ^ _224360_/Y (OR4x2_ASAP7_75t_R)
  87.20 12750.24 v _224402_/Y (INVx1_ASAP7_75t_R)
  20.14 12770.38 ^ _224406_/Y (AOI21x1_ASAP7_75t_R)
  49.46 12819.84 ^ _224409_/Y (AND5x1_ASAP7_75t_R)
  32.33 12852.17 v _224410_/Y (XNOR2x2_ASAP7_75t_R)
  18.06 12870.24 ^ _224411_/Y (AOI211x1_ASAP7_75t_R)
  31.51 12901.75 ^ _224428_/Y (AND2x2_ASAP7_75t_R)
 100.65 13002.40 v _224840_/Y (AOI211x1_ASAP7_75t_R)
  58.48 13060.88 v _224913_/Y (AND2x2_ASAP7_75t_R)
  17.85 13078.73 v _224914_/Y (OA21x2_ASAP7_75t_R)
  18.09 13096.81 v _224915_/Y (OA21x2_ASAP7_75t_R)
  33.01 13129.82 v _224916_/Y (AO221x1_ASAP7_75t_R)
  28.02 13157.83 v _224917_/Y (MAJx2_ASAP7_75t_R)
  19.41 13177.25 v _224929_/Y (AO21x1_ASAP7_75t_R)
  16.07 13193.32 v _224943_/Y (AO21x1_ASAP7_75t_R)
  17.98 13211.31 v _224948_/Y (AO21x1_ASAP7_75t_R)
  28.74 13240.05 v _225034_/Y (AO21x2_ASAP7_75t_R)
  45.54 13285.58 v _225249_/Y (AO21x2_ASAP7_75t_R)
  68.32 13353.90 ^ _225319_/Y (NAND2x2_ASAP7_75t_R)
  33.58 13387.48 ^ _225320_/Y (AO22x1_ASAP7_75t_R)
  24.35 13411.83 ^ _225322_/Y (AO21x2_ASAP7_75t_R)
  20.35 13432.18 ^ _225323_/Y (AO221x1_ASAP7_75t_R)
  31.65 13463.83 ^ _225326_/Y (OA211x2_ASAP7_75t_R)
  33.42 13497.25 ^ _225330_/Y (AO221x2_ASAP7_75t_R)
  24.64 13521.89 ^ _225341_/Y (AO21x2_ASAP7_75t_R)
  29.84 13551.73 ^ _225351_/Y (AO22x2_ASAP7_75t_R)
  71.22 13622.95 v _225594_/Y (AOI211x1_ASAP7_75t_R)
  99.64 13722.60 ^ _225595_/Y (NAND2x2_ASAP7_75t_R)
  45.68 13768.28 ^ _225671_/Y (OA211x2_ASAP7_75t_R)
  31.05 13799.33 ^ _225684_/Y (AND3x2_ASAP7_75t_R)
  25.28 13824.61 ^ _225685_/Y (OA22x2_ASAP7_75t_R)
  28.45 13853.06 ^ _225689_/Y (MAJx2_ASAP7_75t_R)
  25.67 13878.73 ^ _225690_/Y (MAJx2_ASAP7_75t_R)
  23.93 13902.66 v _225704_/Y (AOI21x1_ASAP7_75t_R)
  29.00 13931.66 ^ _225734_/Y (OAI21x1_ASAP7_75t_R)
  25.19 13956.85 ^ _225812_/Y (AND3x1_ASAP7_75t_R)
 113.16 14070.02 ^ _225945_/Y (OR5x1_ASAP7_75t_R)
  48.64 14118.66 ^ _226108_/Y (OA21x2_ASAP7_75t_R)
  18.90 14137.56 ^ _226109_/Y (AO221x1_ASAP7_75t_R)
  23.26 14160.82 ^ _226110_/Y (MAJx2_ASAP7_75t_R)
  18.20 14179.02 ^ _226111_/Y (AO21x1_ASAP7_75t_R)
  23.11 14202.12 ^ _226112_/Y (AO32x1_ASAP7_75t_R)
  39.84 14241.96 ^ _226115_/Y (AO22x1_ASAP7_75t_R)
  27.02 14268.98 v _226127_/Y (AOI21x1_ASAP7_75t_R)
  36.81 14305.79 ^ _226148_/Y (OAI22x1_ASAP7_75t_R)
  25.88 14331.68 ^ _226158_/Y (AO21x1_ASAP7_75t_R)
  27.29 14358.97 ^ _226160_/Y (AO22x2_ASAP7_75t_R)
  91.88 14450.85 ^ _226252_/Y (AO21x1_ASAP7_75t_R)
  17.69 14468.54 v _226384_/Y (NAND2x1_ASAP7_75t_R)
  32.81 14501.35 v _226388_/Y (AO222x2_ASAP7_75t_R)
  31.82 14533.18 v _226389_/Y (OA211x2_ASAP7_75t_R)
  22.60 14555.77 v _226390_/Y (MAJx2_ASAP7_75t_R)
  20.79 14576.57 v _226391_/Y (MAJx2_ASAP7_75t_R)
  20.18 14596.75 v _226392_/Y (MAJx2_ASAP7_75t_R)
  33.17 14629.92 v _226393_/Y (AO222x2_ASAP7_75t_R)
  20.18 14650.10 v _226415_/Y (AO21x1_ASAP7_75t_R)
  20.07 14670.17 v _226416_/Y (AO22x1_ASAP7_75t_R)
  22.13 14692.30 v _226425_/Y (AO21x2_ASAP7_75t_R)
  60.49 14752.79 v _226552_/Y (AO21x2_ASAP7_75t_R)
 228.13 14980.92 ^ _226668_/Y (NAND2x2_ASAP7_75t_R)
 115.78 15096.71 ^ _226680_/Y (OR3x2_ASAP7_75t_R)
  41.22 15137.93 ^ _226685_/Y (AND2x4_ASAP7_75t_R)
  58.80 15196.73 v _226736_/Y (XNOR2x2_ASAP7_75t_R)
  28.96 15225.69 v _226773_/Y (OR3x1_ASAP7_75t_R)
  47.08 15272.77 ^ _226775_/Y (AOI21x1_ASAP7_75t_R)
  45.33 15318.10 v _226776_/Y (NOR2x2_ASAP7_75t_R)
  79.48 15397.58 v _226777_/Y (AO32x1_ASAP7_75t_R)
 120.91 15518.49 ^ _227106_/Y (XNOR2x1_ASAP7_75t_R)
  53.31 15571.79 ^ _228542_/Y (AO32x1_ASAP7_75t_R)
  84.55 15656.34 ^ _228577_/Y (AO32x1_ASAP7_75t_R)
  53.68 15710.02 v _228823_/Y (NOR3x1_ASAP7_75t_R)
  36.69 15746.71 v _228824_/Y (AO32x1_ASAP7_75t_R)
  30.88 15777.60 v _228836_/Y (AO222x2_ASAP7_75t_R)
  29.42 15807.02 v _228869_/Y (OR5x1_ASAP7_75t_R)
  35.42 15842.43 v _228909_/Y (OR5x1_ASAP7_75t_R)
  35.55 15877.99 v _229076_/Y (AO32x1_ASAP7_75t_R)
  37.28 15915.27 v _229116_/Y (AO32x2_ASAP7_75t_R)
  26.65 15941.92 v _229223_/Y (AND5x2_ASAP7_75t_R)
  22.56 15964.47 v _229304_/Y (AND3x2_ASAP7_75t_R)
  23.31 15987.79 v _229305_/Y (AND4x2_ASAP7_75t_R)
  15.69 16003.47 v _229409_/Y (AND3x1_ASAP7_75t_R)
  18.91 16022.39 v _229419_/Y (OA31x2_ASAP7_75t_R)
  23.75 16046.13 v _229424_/Y (OA21x2_ASAP7_75t_R)
  45.81 16091.94 v _238033_/Y (OA211x2_ASAP7_75t_R)
  34.16 16126.10 v _241101_/Y (AO31x2_ASAP7_75t_R)
  71.43 16197.53 v _241194_/Y (AO221x1_ASAP7_75t_R)
 173.32 16370.85 ^ _241196_/Y (NAND2x2_ASAP7_75t_R)
  88.37 16459.22 v _241197_/Y (INVx2_ASAP7_75t_R)
  53.44 16512.66 v _253544_/Y (AO21x1_ASAP7_75t_R)
  14.90 16527.56 v _253545_/Y (AND2x2_ASAP7_75t_R)
   0.13 16527.69 v _378108_/D (DFFHQNx1_ASAP7_75t_R)
        16527.69   data arrival time

12000.00 12000.00   clock core_clk (rise edge)
   0.00 12000.00   clock source latency
   0.00 12000.00 ^ clk (in)
  51.21 12051.21 ^ wire5675/Y (BUFx12_ASAP7_75t_R)
  50.67 12101.89 ^ clkbuf_0_clk/Y (BUFx24_ASAP7_75t_R)
  26.15 12128.04 ^ clkbuf_1_1_0_clk/Y (BUFx24_ASAP7_75t_R)
  24.91 12152.95 ^ clkbuf_2_2_0_clk/Y (BUFx24_ASAP7_75t_R)
  27.24 12180.19 ^ clkbuf_3_5_0_clk/Y (BUFx24_ASAP7_75t_R)
  25.96 12206.15 ^ clkbuf_4_11_0_clk/Y (BUFx24_ASAP7_75t_R)
  27.00 12233.15 ^ clkbuf_6_45__f_clk/Y (BUFx24_ASAP7_75t_R)
  26.21 12259.37 ^ clkbuf_leaf_570_clk/Y (BUFx24_ASAP7_75t_R)
   1.34 12260.70 ^ _378108_/CLK (DFFHQNx1_ASAP7_75t_R)
 -50.00 12210.70   clock uncertainty
   2.39 12213.09   clock reconvergence pessimism
  -0.26 12212.83   library setup time
        12212.83   data required time
---------------------------------------------------------
        12212.83   data required time
        -16527.69   data arrival time
---------------------------------------------------------
        -4314.85   slack (VIOLATED)


Startpoint: _369487_ (rising edge-triggered flip-flop clocked by core_clk)
Endpoint: _378108_ (rising edge-triggered flip-flop clocked by core_clk)
Path Group: reg2reg
Path Type: max

  Delay    Time   Description
---------------------------------------------------------
   0.00    0.00   clock core_clk (rise edge)
   0.00    0.00   clock source latency
   0.00    0.00 ^ clk (in)
  51.99   51.99 ^ wire5675/Y (BUFx12_ASAP7_75t_R)
  52.29  104.28 ^ clkbuf_0_clk/Y (BUFx24_ASAP7_75t_R)
  27.06  131.33 ^ clkbuf_1_0_0_clk/Y (BUFx24_ASAP7_75t_R)
  26.85  158.18 ^ clkbuf_2_1_0_clk/Y (BUFx24_ASAP7_75t_R)
  28.86  187.04 ^ clkbuf_3_3_0_clk/Y (BUFx24_ASAP7_75t_R)
  30.02  217.07 ^ clkbuf_4_7_0_clk/Y (BUFx24_ASAP7_75t_R)
  29.08  246.15 ^ clkbuf_6_30__f_clk/Y (BUFx24_ASAP7_75t_R)
  33.58  279.73 ^ clkbuf_leaf_368_clk/Y (BUFx24_ASAP7_75t_R)
   3.20  282.92 ^ _369487_/CLK (DFFHQNx1_ASAP7_75t_R)
  81.75  364.68 v _369487_/QN (DFFHQNx1_ASAP7_75t_R)
 117.22  481.90 v _184248_/Y (OR4x2_ASAP7_75t_R)
 163.68  645.58 ^ _184249_/Y (NAND3x1_ASAP7_75t_R)
  86.57  732.14 v _184434_/Y (AOI21x1_ASAP7_75t_R)
  78.49  810.64 v _184438_/Y (OR3x1_ASAP7_75t_R)
  60.40  871.03 ^ _184457_/Y (AOI21x1_ASAP7_75t_R)
  39.14  910.17 ^ max_cap4622/Y (BUFx12_ASAP7_75t_R)
  24.73  934.91 ^ max_cap4621/Y (BUFx12_ASAP7_75t_R)
  31.59  966.49 ^ load_slew4620/Y (BUFx6f_ASAP7_75t_R)
  23.60  990.09 ^ wire4619/Y (BUFx12f_ASAP7_75t_R)
  32.21 1022.30 ^ max_cap4618/Y (BUFx10_ASAP7_75t_R)
  29.02 1051.32 ^ max_cap4612/Y (BUFx12_ASAP7_75t_R)
  34.32 1085.64 ^ wire4609/Y (BUFx12f_ASAP7_75t_R)
  29.55 1115.19 ^ load_slew4607/Y (BUFx12f_ASAP7_75t_R)
 120.66 1235.85 ^ _184934_/Y (OR3x1_ASAP7_75t_R)
  79.52 1315.37 ^ _185378_/Y (OR2x2_ASAP7_75t_R)
  21.21 1336.58 ^ _185399_/Y (AND4x1_ASAP7_75t_R)
  38.30 1374.88 ^ _185400_/Y (AND4x2_ASAP7_75t_R)
  95.55 1470.43 ^ _185414_/Y (OA222x2_ASAP7_75t_R)
  80.33 1550.76 v _185565_/Y (NAND2x1_ASAP7_75t_R)
  49.69 1600.45 v _186054_/Y (OR5x1_ASAP7_75t_R)
  49.59 1650.03 v _188459_/Y (OR4x2_ASAP7_75t_R)
  66.04 1716.07 v _211565_/Y (AND4x2_ASAP7_75t_R)
  30.31 1746.38 v load_slew2798/Y (BUFx16f_ASAP7_75t_R)
  43.33 1789.71 v load_slew2797/Y (BUFx16f_ASAP7_75t_R)
  35.87 1825.58 v load_slew2796/Y (BUFx16f_ASAP7_75t_R)
  69.03 1894.61 v wire2795/Y (BUFx16f_ASAP7_75t_R)
  24.24 1918.86 v load_slew2794/Y (BUFx16f_ASAP7_75t_R)
  55.74 1974.59 v wire2793/Y (BUFx16f_ASAP7_75t_R)
  79.57 2054.17 v _211844_/Y (AND2x4_ASAP7_75t_R)
  30.08 2084.25 v wire2553/Y (BUFx16f_ASAP7_75t_R)
  78.91 2163.16 v load_slew2552/Y (BUFx16f_ASAP7_75t_R)
 118.99 2282.15 v _211850_/Y (OR4x1_ASAP7_75t_R)
  25.38 2307.53 v _211851_/Y (AND2x4_ASAP7_75t_R)
  17.24 2324.78 ^ _211863_/Y (NOR3x1_ASAP7_75t_R)
  30.46 2355.24 ^ _211864_/Y (AND4x2_ASAP7_75t_R)
   8.53 2363.77 v _211865_/Y (NAND3x1_ASAP7_75t_R)
  33.28 2397.05 v _211869_/Y (OA211x2_ASAP7_75t_R)
  20.81 2417.86 ^ _211879_/Y (AOI221x1_ASAP7_75t_R)
  37.89 2455.75 v _211916_/Y (AOI221x1_ASAP7_75t_R)
  34.29 2490.04 v _211994_/Y (AO21x2_ASAP7_75t_R)
  24.71 2514.75 ^ _212068_/Y (AOI221x1_ASAP7_75t_R)
  40.92 2555.67 v _212069_/Y (XNOR2x2_ASAP7_75t_R)
  49.13 2604.81 v _212079_/Y (AO32x1_ASAP7_75t_R)
  37.28 2642.08 v _212081_/Y (AO221x2_ASAP7_75t_R)
  33.14 2675.22 v _212140_/Y (AO21x2_ASAP7_75t_R)
  32.77 2708.00 ^ _212148_/Y (NAND2x2_ASAP7_75t_R)
  33.87 2741.87 ^ _212159_/Y (AO221x1_ASAP7_75t_R)
  30.04 2771.91 ^ _212174_/Y (AO22x2_ASAP7_75t_R)
  32.66 2804.57 v _212207_/Y (OAI21x1_ASAP7_75t_R)
  25.57 2830.14 ^ _212221_/Y (AOI21x1_ASAP7_75t_R)
  31.21 2861.35 ^ _212228_/Y (OA21x2_ASAP7_75t_R)
  26.23 2887.59 ^ _212263_/Y (XNOR2x2_ASAP7_75t_R)
  30.31 2917.90 ^ _212273_/Y (AO221x1_ASAP7_75t_R)
  27.36 2945.26 ^ _212358_/Y (MAJx2_ASAP7_75t_R)
  40.47 2985.73 v _212379_/Y (AOI211x1_ASAP7_75t_R)
  56.07 3041.79 ^ _212412_/Y (OAI21x1_ASAP7_75t_R)
  41.41 3083.21 ^ _212419_/Y (AO211x2_ASAP7_75t_R)
  25.93 3109.13 ^ _212421_/Y (OA33x2_ASAP7_75t_R)
  25.72 3134.86 v _212437_/Y (NOR3x1_ASAP7_75t_R)
  34.56 3169.41 ^ _212512_/Y (OAI21x1_ASAP7_75t_R)
  31.95 3201.36 ^ _212568_/Y (AO32x1_ASAP7_75t_R)
  22.00 3223.36 ^ _212584_/Y (AND3x1_ASAP7_75t_R)
  26.56 3249.92 ^ _212585_/Y (XNOR2x2_ASAP7_75t_R)
  37.09 3287.01 ^ _212597_/Y (MAJx2_ASAP7_75t_R)
  34.19 3321.21 v _212610_/Y (AOI211x1_ASAP7_75t_R)
  42.58 3363.79 v _212620_/Y (OA211x2_ASAP7_75t_R)
  40.55 3404.34 v _212641_/Y (OR2x2_ASAP7_75t_R)
  26.42 3430.77 v _212731_/Y (AO21x1_ASAP7_75t_R)
  20.15 3450.91 v _212733_/Y (AO22x1_ASAP7_75t_R)
  30.08 3480.99 ^ _212738_/Y (AOI221x1_ASAP7_75t_R)
  32.67 3513.66 ^ _212740_/Y (AO211x2_ASAP7_75t_R)
  34.65 3548.30 ^ _212753_/Y (AO21x1_ASAP7_75t_R)
  43.93 3592.23 ^ _212838_/Y (AO21x2_ASAP7_75t_R)
  27.90 3620.13 ^ _212901_/Y (AND3x1_ASAP7_75t_R)
  31.81 3651.94 v _212902_/Y (AOI21x1_ASAP7_75t_R)
  31.51 3683.46 ^ _212903_/Y (AOI22x1_ASAP7_75t_R)
  39.18 3722.63 ^ _212946_/Y (AND4x2_ASAP7_75t_R)
  24.62 3747.25 ^ _213006_/Y (OA211x2_ASAP7_75t_R)
  25.07 3772.32 ^ _213007_/Y (AO221x1_ASAP7_75t_R)
  20.55 3792.87 ^ _213008_/Y (AO21x2_ASAP7_75t_R)
  25.91 3818.77 ^ _213011_/Y (AND3x2_ASAP7_75t_R)
  34.12 3852.89 v _213012_/Y (XNOR2x2_ASAP7_75t_R)
  26.94 3879.83 v _213058_/Y (OA211x2_ASAP7_75t_R)
  30.20 3910.03 v _213060_/Y (OA211x2_ASAP7_75t_R)
  31.18 3941.21 v _213078_/Y (OR3x2_ASAP7_75t_R)
  27.61 3968.82 v _213197_/Y (AO211x2_ASAP7_75t_R)
  26.88 3995.70 v _213198_/Y (AND2x4_ASAP7_75t_R)
  27.47 4023.17 v _213230_/Y (AND2x2_ASAP7_75t_R)
  26.40 4049.57 v _213231_/Y (XNOR2x1_ASAP7_75t_R)
  29.91 4079.47 v _213232_/Y (XNOR2x1_ASAP7_75t_R)
  44.09 4123.57 v _213363_/Y (AO221x1_ASAP7_75t_R)
  38.78 4162.35 v _213368_/Y (OR5x1_ASAP7_75t_R)
  58.50 4220.84 v _213375_/Y (AO222x2_ASAP7_75t_R)
  33.13 4253.97 v _213494_/Y (AND2x4_ASAP7_75t_R)
  30.36 4284.34 v _213495_/Y (XNOR2x1_ASAP7_75t_R)
  38.09 4322.42 v _213524_/Y (AO32x1_ASAP7_75t_R)
  26.66 4349.08 ^ _213525_/Y (AOI211x1_ASAP7_75t_R)
  34.25 4383.33 ^ _213548_/Y (OA31x2_ASAP7_75t_R)
  37.41 4420.74 ^ _213564_/Y (AO211x2_ASAP7_75t_R)
  26.49 4447.23 ^ _213595_/Y (AND3x1_ASAP7_75t_R)
  26.24 4473.47 v _213596_/Y (XOR2x2_ASAP7_75t_R)
  22.45 4495.92 v _213605_/Y (AO21x1_ASAP7_75t_R)
  37.08 4533.00 v _213606_/Y (AO32x1_ASAP7_75t_R)
  31.94 4564.94 v _213625_/Y (AO21x2_ASAP7_75t_R)
  27.70 4592.64 v _213781_/Y (OA21x2_ASAP7_75t_R)
  41.78 4634.43 ^ _213794_/Y (OAI21x1_ASAP7_75t_R)
  42.88 4677.31 v _213835_/Y (NAND2x2_ASAP7_75t_R)
  36.85 4714.16 v _213973_/Y (AND2x2_ASAP7_75t_R)
  38.28 4752.44 ^ _213974_/Y (XNOR2x2_ASAP7_75t_R)
  22.92 4775.36 v _213984_/Y (AOI211x1_ASAP7_75t_R)
  37.61 4812.97 v _213988_/Y (OR4x2_ASAP7_75t_R)
  38.30 4851.27 v _213989_/Y (AO21x1_ASAP7_75t_R)
  59.80 4911.07 ^ _214007_/Y (NAND2x1_ASAP7_75t_R)
  41.74 4952.81 ^ _214009_/Y (AND2x4_ASAP7_75t_R)
  22.52 4975.32 ^ _214013_/Y (AND2x2_ASAP7_75t_R)
  36.11 5011.43 v _214014_/Y (XNOR2x2_ASAP7_75t_R)
  33.46 5044.89 v _214121_/Y (OA211x2_ASAP7_75t_R)
  18.77 5063.65 v _214139_/Y (AND4x1_ASAP7_75t_R)
  21.40 5085.06 v _214326_/Y (AO211x2_ASAP7_75t_R)
  49.96 5135.02 v _214333_/Y (OA21x2_ASAP7_75t_R)
  60.41 5195.44 v _214504_/Y (OA211x2_ASAP7_75t_R)
  29.67 5225.10 v _214505_/Y (XOR2x2_ASAP7_75t_R)
  20.14 5245.25 v _214529_/Y (AND3x1_ASAP7_75t_R)
  38.50 5283.75 v _214531_/Y (OR4x2_ASAP7_75t_R)
  17.34 5301.09 ^ _214543_/Y (AOI22x1_ASAP7_75t_R)
  20.49 5321.58 ^ _214544_/Y (AND2x4_ASAP7_75t_R)
  63.94 5385.52 ^ _214554_/Y (AO221x2_ASAP7_75t_R)
  51.28 5436.80 ^ _214722_/Y (AND5x1_ASAP7_75t_R)
  29.23 5466.03 v _214723_/Y (XOR2x2_ASAP7_75t_R)
  19.65 5485.69 v _214724_/Y (AND2x4_ASAP7_75t_R)
  15.97 5501.66 ^ _214850_/Y (INVx1_ASAP7_75t_R)
  31.91 5533.57 ^ _214852_/Y (AND4x1_ASAP7_75t_R)
  29.87 5563.43 ^ _214868_/Y (AND5x1_ASAP7_75t_R)
  22.72 5586.16 ^ _214869_/Y (AO32x1_ASAP7_75t_R)
  81.64 5667.80 ^ _214872_/Y (OA31x2_ASAP7_75t_R)
  42.50 5710.30 ^ _215078_/Y (AND2x2_ASAP7_75t_R)
  36.10 5746.39 v _215079_/Y (XNOR2x2_ASAP7_75t_R)
  34.42 5780.82 v _215122_/Y (OA221x2_ASAP7_75t_R)
  30.89 5811.71 v _215131_/Y (AO221x1_ASAP7_75t_R)
  37.11 5848.82 v _215139_/Y (AO22x2_ASAP7_75t_R)
  36.40 5885.21 v _215153_/Y (AO221x2_ASAP7_75t_R)
  53.03 5938.24 v _215160_/Y (AO21x2_ASAP7_75t_R)
  43.59 5981.83 v _215230_/Y (AO21x2_ASAP7_75t_R)
  20.05 6001.87 v _215231_/Y (AND2x4_ASAP7_75t_R)
  16.94 6018.81 v _215284_/Y (XNOR2x1_ASAP7_75t_R)
  38.74 6057.55 v _215285_/Y (OR5x1_ASAP7_75t_R)
  28.11 6085.66 ^ _215286_/Y (OAI22x1_ASAP7_75t_R)
  44.37 6130.03 ^ _215332_/Y (AO211x2_ASAP7_75t_R)
  52.27 6182.30 ^ _215466_/Y (AO211x2_ASAP7_75t_R)
  42.70 6225.00 ^ _215467_/Y (AND2x4_ASAP7_75t_R)
  28.50 6253.50 ^ _215476_/Y (AO21x2_ASAP7_75t_R)
  26.58 6280.08 ^ _215478_/Y (AND2x2_ASAP7_75t_R)
  29.44 6309.52 ^ _215729_/Y (OA31x2_ASAP7_75t_R)
  15.57 6325.09 v _215748_/Y (AOI211x1_ASAP7_75t_R)
  37.27 6362.36 v _215777_/Y (OR4x2_ASAP7_75t_R)
  39.75 6402.11 v _215781_/Y (AO32x2_ASAP7_75t_R)
  53.51 6455.62 v _215787_/Y (OR3x2_ASAP7_75t_R)
  52.82 6508.44 v _215869_/Y (OA21x2_ASAP7_75t_R)
  29.60 6538.05 v _215888_/Y (AND2x2_ASAP7_75t_R)
  32.20 6570.25 v _215889_/Y (XNOR2x2_ASAP7_75t_R)
  33.95 6604.19 v _216007_/Y (XNOR2x1_ASAP7_75t_R)
  22.91 6627.10 ^ _216008_/Y (NAND3x1_ASAP7_75t_R)
  21.90 6649.00 v _216182_/Y (AOI211x1_ASAP7_75t_R)
  55.33 6704.33 v _216196_/Y (OR5x2_ASAP7_75t_R)
  56.07 6760.40 ^ _216251_/Y (NAND2x1_ASAP7_75t_R)
  30.17 6790.56 ^ _216252_/Y (AO21x2_ASAP7_75t_R)
  30.37 6820.93 ^ _216253_/Y (XNOR2x2_ASAP7_75t_R)
  27.60 6848.53 ^ _216254_/Y (AND2x2_ASAP7_75t_R)
  20.59 6869.12 ^ _216255_/Y (AO21x1_ASAP7_75t_R)
  20.90 6890.03 ^ _216261_/Y (OA211x2_ASAP7_75t_R)
  69.99 6960.02 ^ _216360_/Y (AO221x1_ASAP7_75t_R)
  23.00 6983.01 v _216362_/Y (INVx6_ASAP7_75t_R)
  89.01 7072.03 ^ _216545_/Y (NAND2x1_ASAP7_75t_R)
  37.31 7109.34 ^ _216628_/Y (OA21x2_ASAP7_75t_R)
  34.38 7143.72 v _216629_/Y (XNOR2x2_ASAP7_75t_R)
  28.17 7171.89 v _216843_/Y (OR2x4_ASAP7_75t_R)
  23.70 7195.59 v _216846_/Y (OA222x2_ASAP7_75t_R)
  22.80 7218.39 v _216851_/Y (AO221x1_ASAP7_75t_R)
  43.30 7261.68 v _216876_/Y (AO221x1_ASAP7_75t_R)
  43.55 7305.23 v _216887_/Y (AND3x2_ASAP7_75t_R)
  68.57 7373.80 ^ _216996_/Y (NAND2x2_ASAP7_75t_R)
  42.10 7415.90 ^ _217076_/Y (OA21x2_ASAP7_75t_R)
  23.95 7439.86 ^ _217107_/Y (XNOR2x2_ASAP7_75t_R)
  41.93 7481.79 ^ _217265_/Y (AND5x1_ASAP7_75t_R)
  36.98 7518.77 ^ _217277_/Y (AND5x1_ASAP7_75t_R)
  31.55 7550.31 ^ _217278_/Y (OA211x2_ASAP7_75t_R)
  45.89 7596.21 v _217284_/Y (AOI211x1_ASAP7_75t_R)
 109.67 7705.88 ^ _217285_/Y (NAND2x2_ASAP7_75t_R)
  40.57 7746.45 ^ _217578_/Y (OA21x2_ASAP7_75t_R)
  37.61 7784.06 v _217579_/Y (XNOR2x2_ASAP7_75t_R)
  37.05 7821.11 ^ _217695_/Y (NAND2x1_ASAP7_75t_R)
  31.64 7852.76 ^ _217699_/Y (AO211x2_ASAP7_75t_R)
  28.09 7880.85 ^ _217700_/Y (AO31x2_ASAP7_75t_R)
  45.60 7926.44 ^ _217715_/Y (AO21x2_ASAP7_75t_R)
  53.63 7980.07 v _217716_/Y (NAND2x2_ASAP7_75t_R)
  52.44 8032.51 v _218014_/Y (OA21x2_ASAP7_75t_R)
  28.10 8060.62 ^ _218015_/Y (XNOR2x2_ASAP7_75t_R)
  30.42 8091.04 v _218016_/Y (XNOR2x2_ASAP7_75t_R)
  36.08 8127.11 v _218022_/Y (OA211x2_ASAP7_75t_R)
  28.22 8155.33 v _218131_/Y (AO21x1_ASAP7_75t_R)
  32.85 8188.18 v _218149_/Y (OA21x2_ASAP7_75t_R)
  81.58 8269.76 v _218150_/Y (OR3x2_ASAP7_75t_R)
  30.35 8300.11 ^ _218207_/Y (OAI21x1_ASAP7_75t_R)
  42.40 8342.51 ^ _218208_/Y (XOR2x2_ASAP7_75t_R)
  31.19 8373.70 ^ _218236_/Y (XNOR2x2_ASAP7_75t_R)
  20.63 8394.32 ^ _218242_/Y (AND3x1_ASAP7_75t_R)
  14.84 8409.17 v _218244_/Y (NAND2x1_ASAP7_75t_R)
  26.50 8435.67 ^ _218285_/Y (OAI22x1_ASAP7_75t_R)
 142.85 8578.51 v _218562_/Y (AOI211x1_ASAP7_75t_R)
  74.35 8652.86 ^ _218680_/Y (OAI21x1_ASAP7_75t_R)
  29.37 8682.24 ^ _218682_/Y (AND2x2_ASAP7_75t_R)
  23.39 8705.63 ^ _218683_/Y (XNOR2x2_ASAP7_75t_R)
  37.42 8743.05 ^ _218684_/Y (AND5x1_ASAP7_75t_R)
  32.57 8775.62 ^ _218852_/Y (AND4x1_ASAP7_75t_R)
  19.20 8794.81 ^ _218871_/Y (AO31x2_ASAP7_75t_R)
  41.49 8836.30 ^ _218918_/Y (AO211x2_ASAP7_75t_R)
  57.65 8893.95 v _218927_/Y (NOR2x2_ASAP7_75t_R)
  48.50 8942.45 v _219003_/Y (OR4x1_ASAP7_75t_R)
  27.70 8970.15 v _219005_/Y (OA211x2_ASAP7_75t_R)
  17.28 8987.44 v _219012_/Y (AO31x2_ASAP7_75t_R)
  21.46 9008.90 v _219030_/Y (OR3x1_ASAP7_75t_R)
  23.63 9032.53 ^ _219031_/Y (NAND2x1_ASAP7_75t_R)
  33.26 9065.79 ^ _219212_/Y (AND4x1_ASAP7_75t_R)
  25.20 9090.98 ^ _219221_/Y (OR4x1_ASAP7_75t_R)
  50.06 9141.04 v _219222_/Y (OAI21x1_ASAP7_75t_R)
  67.84 9208.88 v _219302_/Y (AND2x2_ASAP7_75t_R)
  41.57 9250.45 ^ _219314_/Y (AOI211x1_ASAP7_75t_R)
  45.30 9295.75 v _219315_/Y (XNOR2x2_ASAP7_75t_R)
  36.90 9332.65 v _219653_/Y (OA211x2_ASAP7_75t_R)
  28.08 9360.74 v _219655_/Y (OA222x2_ASAP7_75t_R)
  91.46 9452.20 v _219690_/Y (AO221x1_ASAP7_75t_R)
  99.27 9551.47 ^ _219718_/Y (NAND2x2_ASAP7_75t_R)
  38.26 9589.73 v _219988_/Y (AOI221x1_ASAP7_75t_R)
  39.18 9628.90 v _219992_/Y (OA33x2_ASAP7_75t_R)
  20.42 9649.32 ^ _220017_/Y (AOI21x1_ASAP7_75t_R)
  37.96 9687.28 ^ _220031_/Y (OA33x2_ASAP7_75t_R)
  14.29 9701.57 v _220033_/Y (OAI21x1_ASAP7_75t_R)
  30.17 9731.74 v _220096_/Y (AO31x2_ASAP7_75t_R)
  36.51 9768.25 v _220129_/Y (AO211x2_ASAP7_75t_R)
  67.14 9835.39 v _220162_/Y (AO21x2_ASAP7_75t_R)
  57.53 9892.92 v _220341_/Y (AO21x2_ASAP7_75t_R)
  30.09 9923.01 v _220343_/Y (AND2x2_ASAP7_75t_R)
  23.13 9946.13 ^ _220461_/Y (OAI21x1_ASAP7_75t_R)
  37.85 9983.98 ^ _220467_/Y (AND5x1_ASAP7_75t_R)
  30.72 10014.70 ^ _220661_/Y (AO32x2_ASAP7_75t_R)
  35.08 10049.79 ^ _220664_/Y (OA31x2_ASAP7_75t_R)
  68.48 10118.27 ^ _220695_/Y (OR3x2_ASAP7_75t_R)
  70.81 10189.08 ^ _220861_/Y (OA21x2_ASAP7_75t_R)
  17.80 10206.87 ^ _220880_/Y (OA21x2_ASAP7_75t_R)
  12.18 10219.06 v _220893_/Y (NOR3x1_ASAP7_75t_R)
  37.00 10256.06 v _220894_/Y (OR4x1_ASAP7_75t_R)
  23.16 10279.21 v _220901_/Y (AO21x1_ASAP7_75t_R)
  25.08 10304.29 v _220910_/Y (AO21x2_ASAP7_75t_R)
  48.71 10353.01 v _221032_/Y (AO32x1_ASAP7_75t_R)
  65.61 10418.62 ^ _221087_/Y (NAND2x2_ASAP7_75t_R)
  55.90 10474.51 ^ _221108_/Y (OA22x2_ASAP7_75t_R)
  39.06 10513.58 ^ _221291_/Y (XNOR2x2_ASAP7_75t_R)
  32.23 10545.81 ^ _221294_/Y (AND4x2_ASAP7_75t_R)
  20.24 10566.05 ^ _221517_/Y (AND2x2_ASAP7_75t_R)
  14.05 10580.10 v _221532_/Y (AOI21x1_ASAP7_75t_R)
  32.93 10613.03 v _221571_/Y (AO221x1_ASAP7_75t_R)
  38.33 10651.35 v _221574_/Y (AO33x2_ASAP7_75t_R)
 118.12 10769.48 v _221575_/Y (AND3x1_ASAP7_75t_R)
  63.66 10833.14 v _221581_/Y (OR4x1_ASAP7_75t_R)
  35.15 10868.29 v _221583_/Y (AND3x1_ASAP7_75t_R)
  31.05 10899.34 v _221585_/Y (XNOR2x2_ASAP7_75t_R)
  25.34 10924.68 v _221598_/Y (AO211x2_ASAP7_75t_R)
  35.17 10959.85 v _221785_/Y (OR3x2_ASAP7_75t_R)
  44.32 11004.17 ^ _221849_/Y (NAND2x2_ASAP7_75t_R)
  66.84 11071.02 ^ _222157_/Y (OR3x2_ASAP7_75t_R)
  33.29 11104.30 ^ _222175_/Y (AND3x1_ASAP7_75t_R)
  41.82 11146.13 ^ _222176_/Y (XNOR2x2_ASAP7_75t_R)
  38.85 11184.98 v _222177_/Y (XNOR2x2_ASAP7_75t_R)
  27.14 11212.12 v _222178_/Y (AND5x2_ASAP7_75t_R)
  18.92 11231.04 v _222221_/Y (AND2x2_ASAP7_75t_R)
  19.31 11250.36 v _222230_/Y (AO21x2_ASAP7_75t_R)
  35.13 11285.48 v _222272_/Y (AO221x2_ASAP7_75t_R)
  25.58 11311.06 v _222273_/Y (AO21x2_ASAP7_75t_R)
 107.77 11418.83 v _222374_/Y (AO21x1_ASAP7_75t_R)
  77.82 11496.65 v _222701_/Y (OA211x2_ASAP7_75t_R)
  32.91 11529.56 v _222709_/Y (OR5x1_ASAP7_75t_R)
  23.11 11552.67 v _222716_/Y (OA21x2_ASAP7_75t_R)
  19.97 11572.64 v _222721_/Y (AND3x2_ASAP7_75t_R)
  27.35 11599.99 v _222722_/Y (OA31x2_ASAP7_75t_R)
  54.79 11654.77 v _222723_/Y (OR4x1_ASAP7_75t_R)
  80.73 11735.50 v _222856_/Y (AO21x2_ASAP7_75t_R)
  56.87 11792.38 v _223087_/Y (AND2x2_ASAP7_75t_R)
  36.36 11828.73 ^ _223088_/Y (XOR2x2_ASAP7_75t_R)
  26.88 11855.61 ^ _223089_/Y (XNOR2x2_ASAP7_75t_R)
  35.68 11891.29 ^ _223171_/Y (AND5x1_ASAP7_75t_R)
  37.20 11928.49 v _223178_/Y (AOI221x1_ASAP7_75t_R)
  39.10 11967.59 v _223188_/Y (OA21x2_ASAP7_75t_R)
 102.96 12070.56 v _223343_/Y (OA211x2_ASAP7_75t_R)
  56.24 12126.80 v _223434_/Y (OR3x1_ASAP7_75t_R)
  21.07 12147.87 v _223789_/Y (AND2x2_ASAP7_75t_R)
  21.60 12169.47 v _223790_/Y (XNOR2x1_ASAP7_75t_R)
  41.04 12210.51 v _223794_/Y (OR5x1_ASAP7_75t_R)
  38.35 12248.86 v _223795_/Y (OR4x1_ASAP7_75t_R)
  27.32 12276.17 v _223882_/Y (OA31x2_ASAP7_75t_R)
  44.98 12321.16 v _223883_/Y (OA211x2_ASAP7_75t_R)
  34.75 12355.91 v _223927_/Y (AND2x4_ASAP7_75t_R)
  49.68 12405.59 ^ _224049_/Y (AOI22x1_ASAP7_75t_R)
  26.12 12431.71 ^ _224050_/Y (XNOR2x1_ASAP7_75t_R)
  35.55 12467.26 ^ _224061_/Y (AND5x1_ASAP7_75t_R)
  58.64 12525.89 v _224146_/Y (AOI221x1_ASAP7_75t_R)
  47.00 12572.89 ^ _224355_/Y (OAI21x1_ASAP7_75t_R)
  26.37 12599.27 ^ _224356_/Y (AND4x1_ASAP7_75t_R)
  63.78 12663.05 ^ _224360_/Y (OR4x2_ASAP7_75t_R)
  87.20 12750.24 v _224402_/Y (INVx1_ASAP7_75t_R)
  20.14 12770.38 ^ _224406_/Y (AOI21x1_ASAP7_75t_R)
  49.46 12819.84 ^ _224409_/Y (AND5x1_ASAP7_75t_R)
  32.33 12852.17 v _224410_/Y (XNOR2x2_ASAP7_75t_R)
  18.06 12870.24 ^ _224411_/Y (AOI211x1_ASAP7_75t_R)
  31.51 12901.75 ^ _224428_/Y (AND2x2_ASAP7_75t_R)
 100.65 13002.40 v _224840_/Y (AOI211x1_ASAP7_75t_R)
  58.48 13060.88 v _224913_/Y (AND2x2_ASAP7_75t_R)
  17.85 13078.73 v _224914_/Y (OA21x2_ASAP7_75t_R)
  18.09 13096.81 v _224915_/Y (OA21x2_ASAP7_75t_R)
  33.01 13129.82 v _224916_/Y (AO221x1_ASAP7_75t_R)
  28.02 13157.83 v _224917_/Y (MAJx2_ASAP7_75t_R)
  19.41 13177.25 v _224929_/Y (AO21x1_ASAP7_75t_R)
  16.07 13193.32 v _224943_/Y (AO21x1_ASAP7_75t_R)
  17.98 13211.31 v _224948_/Y (AO21x1_ASAP7_75t_R)
  28.74 13240.05 v _225034_/Y (AO21x2_ASAP7_75t_R)
  45.54 13285.58 v _225249_/Y (AO21x2_ASAP7_75t_R)
  68.32 13353.90 ^ _225319_/Y (NAND2x2_ASAP7_75t_R)
  33.58 13387.48 ^ _225320_/Y (AO22x1_ASAP7_75t_R)
  24.35 13411.83 ^ _225322_/Y (AO21x2_ASAP7_75t_R)
  20.35 13432.18 ^ _225323_/Y (AO221x1_ASAP7_75t_R)
  31.65 13463.83 ^ _225326_/Y (OA211x2_ASAP7_75t_R)
  33.42 13497.25 ^ _225330_/Y (AO221x2_ASAP7_75t_R)
  24.64 13521.89 ^ _225341_/Y (AO21x2_ASAP7_75t_R)
  29.84 13551.73 ^ _225351_/Y (AO22x2_ASAP7_75t_R)
  71.22 13622.95 v _225594_/Y (AOI211x1_ASAP7_75t_R)
  99.64 13722.60 ^ _225595_/Y (NAND2x2_ASAP7_75t_R)
  45.68 13768.28 ^ _225671_/Y (OA211x2_ASAP7_75t_R)
  31.05 13799.33 ^ _225684_/Y (AND3x2_ASAP7_75t_R)
  25.28 13824.61 ^ _225685_/Y (OA22x2_ASAP7_75t_R)
  28.45 13853.06 ^ _225689_/Y (MAJx2_ASAP7_75t_R)
  25.67 13878.73 ^ _225690_/Y (MAJx2_ASAP7_75t_R)
  23.93 13902.66 v _225704_/Y (AOI21x1_ASAP7_75t_R)
  29.00 13931.66 ^ _225734_/Y (OAI21x1_ASAP7_75t_R)
  25.19 13956.85 ^ _225812_/Y (AND3x1_ASAP7_75t_R)
 113.16 14070.02 ^ _225945_/Y (OR5x1_ASAP7_75t_R)
  48.64 14118.66 ^ _226108_/Y (OA21x2_ASAP7_75t_R)
  18.90 14137.56 ^ _226109_/Y (AO221x1_ASAP7_75t_R)
  23.26 14160.82 ^ _226110_/Y (MAJx2_ASAP7_75t_R)
  18.20 14179.02 ^ _226111_/Y (AO21x1_ASAP7_75t_R)
  23.11 14202.12 ^ _226112_/Y (AO32x1_ASAP7_75t_R)
  39.84 14241.96 ^ _226115_/Y (AO22x1_ASAP7_75t_R)
  27.02 14268.98 v _226127_/Y (AOI21x1_ASAP7_75t_R)
  36.81 14305.79 ^ _226148_/Y (OAI22x1_ASAP7_75t_R)
  25.88 14331.68 ^ _226158_/Y (AO21x1_ASAP7_75t_R)
  27.29 14358.97 ^ _226160_/Y (AO22x2_ASAP7_75t_R)
  91.88 14450.85 ^ _226252_/Y (AO21x1_ASAP7_75t_R)
  17.69 14468.54 v _226384_/Y (NAND2x1_ASAP7_75t_R)
  32.81 14501.35 v _226388_/Y (AO222x2_ASAP7_75t_R)
  31.82 14533.18 v _226389_/Y (OA211x2_ASAP7_75t_R)
  22.60 14555.77 v _226390_/Y (MAJx2_ASAP7_75t_R)
  20.79 14576.57 v _226391_/Y (MAJx2_ASAP7_75t_R)
  20.18 14596.75 v _226392_/Y (MAJx2_ASAP7_75t_R)
  33.17 14629.92 v _226393_/Y (AO222x2_ASAP7_75t_R)
  20.18 14650.10 v _226415_/Y (AO21x1_ASAP7_75t_R)
  20.07 14670.17 v _226416_/Y (AO22x1_ASAP7_75t_R)
  22.13 14692.30 v _226425_/Y (AO21x2_ASAP7_75t_R)
  60.49 14752.79 v _226552_/Y (AO21x2_ASAP7_75t_R)
 228.13 14980.92 ^ _226668_/Y (NAND2x2_ASAP7_75t_R)
 115.78 15096.71 ^ _226680_/Y (OR3x2_ASAP7_75t_R)
  41.22 15137.93 ^ _226685_/Y (AND2x4_ASAP7_75t_R)
  58.80 15196.73 v _226736_/Y (XNOR2x2_ASAP7_75t_R)
  28.96 15225.69 v _226773_/Y (OR3x1_ASAP7_75t_R)
  47.08 15272.77 ^ _226775_/Y (AOI21x1_ASAP7_75t_R)
  45.33 15318.10 v _226776_/Y (NOR2x2_ASAP7_75t_R)
  79.48 15397.58 v _226777_/Y (AO32x1_ASAP7_75t_R)
 120.91 15518.49 ^ _227106_/Y (XNOR2x1_ASAP7_75t_R)
  53.31 15571.79 ^ _228542_/Y (AO32x1_ASAP7_75t_R)
  84.55 15656.34 ^ _228577_/Y (AO32x1_ASAP7_75t_R)
  53.68 15710.02 v _228823_/Y (NOR3x1_ASAP7_75t_R)
  36.69 15746.71 v _228824_/Y (AO32x1_ASAP7_75t_R)
  30.88 15777.60 v _228836_/Y (AO222x2_ASAP7_75t_R)
  29.42 15807.02 v _228869_/Y (OR5x1_ASAP7_75t_R)
  35.42 15842.43 v _228909_/Y (OR5x1_ASAP7_75t_R)
  35.55 15877.99 v _229076_/Y (AO32x1_ASAP7_75t_R)
  37.28 15915.27 v _229116_/Y (AO32x2_ASAP7_75t_R)
  26.65 15941.92 v _229223_/Y (AND5x2_ASAP7_75t_R)
  22.56 15964.47 v _229304_/Y (AND3x2_ASAP7_75t_R)
  23.31 15987.79 v _229305_/Y (AND4x2_ASAP7_75t_R)
  15.69 16003.47 v _229409_/Y (AND3x1_ASAP7_75t_R)
  18.91 16022.39 v _229419_/Y (OA31x2_ASAP7_75t_R)
  23.75 16046.13 v _229424_/Y (OA21x2_ASAP7_75t_R)
  45.81 16091.94 v _238033_/Y (OA211x2_ASAP7_75t_R)
  34.16 16126.10 v _241101_/Y (AO31x2_ASAP7_75t_R)
  71.43 16197.53 v _241194_/Y (AO221x1_ASAP7_75t_R)
 173.32 16370.85 ^ _241196_/Y (NAND2x2_ASAP7_75t_R)
  88.37 16459.22 v _241197_/Y (INVx2_ASAP7_75t_R)
  53.44 16512.66 v _253544_/Y (AO21x1_ASAP7_75t_R)
  14.90 16527.56 v _253545_/Y (AND2x2_ASAP7_75t_R)
   0.13 16527.69 v _378108_/D (DFFHQNx1_ASAP7_75t_R)
        16527.69   data arrival time

12000.00 12000.00   clock core_clk (rise edge)
   0.00 12000.00   clock source latency
   0.00 12000.00 ^ clk (in)
  51.21 12051.21 ^ wire5675/Y (BUFx12_ASAP7_75t_R)
  50.67 12101.89 ^ clkbuf_0_clk/Y (BUFx24_ASAP7_75t_R)
  26.15 12128.04 ^ clkbuf_1_1_0_clk/Y (BUFx24_ASAP7_75t_R)
  24.91 12152.95 ^ clkbuf_2_2_0_clk/Y (BUFx24_ASAP7_75t_R)
  27.24 12180.19 ^ clkbuf_3_5_0_clk/Y (BUFx24_ASAP7_75t_R)
  25.96 12206.15 ^ clkbuf_4_11_0_clk/Y (BUFx24_ASAP7_75t_R)
  27.00 12233.15 ^ clkbuf_6_45__f_clk/Y (BUFx24_ASAP7_75t_R)
  26.21 12259.37 ^ clkbuf_leaf_570_clk/Y (BUFx24_ASAP7_75t_R)
   1.34 12260.70 ^ _378108_/CLK (DFFHQNx1_ASAP7_75t_R)
 -50.00 12210.70   clock uncertainty
   2.39 12213.09   clock reconvergence pessimism
  -0.26 12212.83   library setup time
        12212.83   data required time
---------------------------------------------------------
        12212.83   data required time
        -16527.69   data arrival time
---------------------------------------------------------
        -4314.85   slack (VIOLATED)


Startpoint: _369487_ (rising edge-triggered flip-flop clocked by core_clk)
Endpoint: _378108_ (rising edge-triggered flip-flop clocked by core_clk)
Path Group: reg2reg
Path Type: max

  Delay    Time   Description
---------------------------------------------------------
   0.00    0.00   clock core_clk (rise edge)
   0.00    0.00   clock source latency
   0.00    0.00 ^ clk (in)
  51.99   51.99 ^ wire5675/Y (BUFx12_ASAP7_75t_R)
  52.29  104.28 ^ clkbuf_0_clk/Y (BUFx24_ASAP7_75t_R)
  27.06  131.33 ^ clkbuf_1_0_0_clk/Y (BUFx24_ASAP7_75t_R)
  26.85  158.18 ^ clkbuf_2_1_0_clk/Y (BUFx24_ASAP7_75t_R)
  28.86  187.04 ^ clkbuf_3_3_0_clk/Y (BUFx24_ASAP7_75t_R)
  30.02  217.07 ^ clkbuf_4_7_0_clk/Y (BUFx24_ASAP7_75t_R)
  29.08  246.15 ^ clkbuf_6_30__f_clk/Y (BUFx24_ASAP7_75t_R)
  33.58  279.73 ^ clkbuf_leaf_368_clk/Y (BUFx24_ASAP7_75t_R)
   3.20  282.92 ^ _369487_/CLK (DFFHQNx1_ASAP7_75t_R)
  81.75  364.68 v _369487_/QN (DFFHQNx1_ASAP7_75t_R)
 117.22  481.90 v _184248_/Y (OR4x2_ASAP7_75t_R)
 163.68  645.58 ^ _184249_/Y (NAND3x1_ASAP7_75t_R)
  86.57  732.14 v _184434_/Y (AOI21x1_ASAP7_75t_R)
  78.49  810.64 v _184438_/Y (OR3x1_ASAP7_75t_R)
  60.40  871.03 ^ _184457_/Y (AOI21x1_ASAP7_75t_R)
  39.14  910.17 ^ max_cap4622/Y (BUFx12_ASAP7_75t_R)
  24.73  934.91 ^ max_cap4621/Y (BUFx12_ASAP7_75t_R)
  31.59  966.49 ^ load_slew4620/Y (BUFx6f_ASAP7_75t_R)
  23.60  990.09 ^ wire4619/Y (BUFx12f_ASAP7_75t_R)
  32.21 1022.30 ^ max_cap4618/Y (BUFx10_ASAP7_75t_R)
  29.02 1051.32 ^ max_cap4612/Y (BUFx12_ASAP7_75t_R)
  34.32 1085.64 ^ wire4609/Y (BUFx12f_ASAP7_75t_R)
  29.55 1115.19 ^ load_slew4607/Y (BUFx12f_ASAP7_75t_R)
 120.66 1235.85 ^ _184934_/Y (OR3x1_ASAP7_75t_R)
  79.52 1315.37 ^ _185378_/Y (OR2x2_ASAP7_75t_R)
  21.21 1336.58 ^ _185399_/Y (AND4x1_ASAP7_75t_R)
  38.30 1374.88 ^ _185400_/Y (AND4x2_ASAP7_75t_R)
  95.55 1470.43 ^ _185414_/Y (OA222x2_ASAP7_75t_R)
  80.33 1550.76 v _185565_/Y (NAND2x1_ASAP7_75t_R)
  49.69 1600.45 v _186054_/Y (OR5x1_ASAP7_75t_R)
  49.59 1650.03 v _188459_/Y (OR4x2_ASAP7_75t_R)
  66.04 1716.07 v _211565_/Y (AND4x2_ASAP7_75t_R)
  30.31 1746.38 v load_slew2798/Y (BUFx16f_ASAP7_75t_R)
  43.33 1789.71 v load_slew2797/Y (BUFx16f_ASAP7_75t_R)
  35.87 1825.58 v load_slew2796/Y (BUFx16f_ASAP7_75t_R)
  69.03 1894.61 v wire2795/Y (BUFx16f_ASAP7_75t_R)
  24.24 1918.86 v load_slew2794/Y (BUFx16f_ASAP7_75t_R)
  55.74 1974.59 v wire2793/Y (BUFx16f_ASAP7_75t_R)
  79.57 2054.17 v _211844_/Y (AND2x4_ASAP7_75t_R)
  30.08 2084.25 v wire2553/Y (BUFx16f_ASAP7_75t_R)
  78.91 2163.16 v load_slew2552/Y (BUFx16f_ASAP7_75t_R)
 118.99 2282.15 v _211850_/Y (OR4x1_ASAP7_75t_R)
  25.38 2307.53 v _211851_/Y (AND2x4_ASAP7_75t_R)
  17.24 2324.78 ^ _211863_/Y (NOR3x1_ASAP7_75t_R)
  30.46 2355.24 ^ _211864_/Y (AND4x2_ASAP7_75t_R)
   8.53 2363.77 v _211865_/Y (NAND3x1_ASAP7_75t_R)
  33.28 2397.05 v _211869_/Y (OA211x2_ASAP7_75t_R)
  20.81 2417.86 ^ _211879_/Y (AOI221x1_ASAP7_75t_R)
  37.89 2455.75 v _211916_/Y (AOI221x1_ASAP7_75t_R)
  34.29 2490.04 v _211994_/Y (AO21x2_ASAP7_75t_R)
  24.71 2514.75 ^ _212068_/Y (AOI221x1_ASAP7_75t_R)
  40.92 2555.67 v _212069_/Y (XNOR2x2_ASAP7_75t_R)
  49.13 2604.81 v _212079_/Y (AO32x1_ASAP7_75t_R)
  37.28 2642.08 v _212081_/Y (AO221x2_ASAP7_75t_R)
  33.14 2675.22 v _212140_/Y (AO21x2_ASAP7_75t_R)
  32.77 2708.00 ^ _212148_/Y (NAND2x2_ASAP7_75t_R)
  33.87 2741.87 ^ _212159_/Y (AO221x1_ASAP7_75t_R)
  30.04 2771.91 ^ _212174_/Y (AO22x2_ASAP7_75t_R)
  32.66 2804.57 v _212207_/Y (OAI21x1_ASAP7_75t_R)
  25.57 2830.14 ^ _212221_/Y (AOI21x1_ASAP7_75t_R)
  31.21 2861.35 ^ _212228_/Y (OA21x2_ASAP7_75t_R)
  26.23 2887.59 ^ _212263_/Y (XNOR2x2_ASAP7_75t_R)
  30.31 2917.90 ^ _212273_/Y (AO221x1_ASAP7_75t_R)
  27.36 2945.26 ^ _212358_/Y (MAJx2_ASAP7_75t_R)
  40.47 2985.73 v _212379_/Y (AOI211x1_ASAP7_75t_R)
  56.07 3041.79 ^ _212412_/Y (OAI21x1_ASAP7_75t_R)
  41.41 3083.21 ^ _212419_/Y (AO211x2_ASAP7_75t_R)
  25.93 3109.13 ^ _212421_/Y (OA33x2_ASAP7_75t_R)
  25.72 3134.86 v _212437_/Y (NOR3x1_ASAP7_75t_R)
  34.56 3169.41 ^ _212512_/Y (OAI21x1_ASAP7_75t_R)
  31.95 3201.36 ^ _212568_/Y (AO32x1_ASAP7_75t_R)
  22.00 3223.36 ^ _212584_/Y (AND3x1_ASAP7_75t_R)
  26.56 3249.92 ^ _212585_/Y (XNOR2x2_ASAP7_75t_R)
  37.09 3287.01 ^ _212597_/Y (MAJx2_ASAP7_75t_R)
  34.19 3321.21 v _212610_/Y (AOI211x1_ASAP7_75t_R)
  42.58 3363.79 v _212620_/Y (OA211x2_ASAP7_75t_R)
  40.55 3404.34 v _212641_/Y (OR2x2_ASAP7_75t_R)
  26.42 3430.77 v _212731_/Y (AO21x1_ASAP7_75t_R)
  20.15 3450.91 v _212733_/Y (AO22x1_ASAP7_75t_R)
  30.08 3480.99 ^ _212738_/Y (AOI221x1_ASAP7_75t_R)
  32.67 3513.66 ^ _212740_/Y (AO211x2_ASAP7_75t_R)
  34.65 3548.30 ^ _212753_/Y (AO21x1_ASAP7_75t_R)
  43.93 3592.23 ^ _212838_/Y (AO21x2_ASAP7_75t_R)
  27.90 3620.13 ^ _212901_/Y (AND3x1_ASAP7_75t_R)
  31.81 3651.94 v _212902_/Y (AOI21x1_ASAP7_75t_R)
  31.51 3683.46 ^ _212903_/Y (AOI22x1_ASAP7_75t_R)
  39.18 3722.63 ^ _212946_/Y (AND4x2_ASAP7_75t_R)
  24.62 3747.25 ^ _213006_/Y (OA211x2_ASAP7_75t_R)
  25.07 3772.32 ^ _213007_/Y (AO221x1_ASAP7_75t_R)
  20.55 3792.87 ^ _213008_/Y (AO21x2_ASAP7_75t_R)
  25.91 3818.77 ^ _213011_/Y (AND3x2_ASAP7_75t_R)
  34.12 3852.89 v _213012_/Y (XNOR2x2_ASAP7_75t_R)
  26.94 3879.83 v _213058_/Y (OA211x2_ASAP7_75t_R)
  30.20 3910.03 v _213060_/Y (OA211x2_ASAP7_75t_R)
  31.18 3941.21 v _213078_/Y (OR3x2_ASAP7_75t_R)
  27.61 3968.82 v _213197_/Y (AO211x2_ASAP7_75t_R)
  26.88 3995.70 v _213198_/Y (AND2x4_ASAP7_75t_R)
  27.47 4023.17 v _213230_/Y (AND2x2_ASAP7_75t_R)
  26.40 4049.57 v _213231_/Y (XNOR2x1_ASAP7_75t_R)
  29.91 4079.47 v _213232_/Y (XNOR2x1_ASAP7_75t_R)
  44.09 4123.57 v _213363_/Y (AO221x1_ASAP7_75t_R)
  38.78 4162.35 v _213368_/Y (OR5x1_ASAP7_75t_R)
  58.50 4220.84 v _213375_/Y (AO222x2_ASAP7_75t_R)
  33.13 4253.97 v _213494_/Y (AND2x4_ASAP7_75t_R)
  30.36 4284.34 v _213495_/Y (XNOR2x1_ASAP7_75t_R)
  38.09 4322.42 v _213524_/Y (AO32x1_ASAP7_75t_R)
  26.66 4349.08 ^ _213525_/Y (AOI211x1_ASAP7_75t_R)
  34.25 4383.33 ^ _213548_/Y (OA31x2_ASAP7_75t_R)
  37.41 4420.74 ^ _213564_/Y (AO211x2_ASAP7_75t_R)
  26.49 4447.23 ^ _213595_/Y (AND3x1_ASAP7_75t_R)
  26.24 4473.47 v _213596_/Y (XOR2x2_ASAP7_75t_R)
  22.45 4495.92 v _213605_/Y (AO21x1_ASAP7_75t_R)
  37.08 4533.00 v _213606_/Y (AO32x1_ASAP7_75t_R)
  31.94 4564.94 v _213625_/Y (AO21x2_ASAP7_75t_R)
  27.70 4592.64 v _213781_/Y (OA21x2_ASAP7_75t_R)
  41.78 4634.43 ^ _213794_/Y (OAI21x1_ASAP7_75t_R)
  42.88 4677.31 v _213835_/Y (NAND2x2_ASAP7_75t_R)
  36.85 4714.16 v _213973_/Y (AND2x2_ASAP7_75t_R)
  38.28 4752.44 ^ _213974_/Y (XNOR2x2_ASAP7_75t_R)
  22.92 4775.36 v _213984_/Y (AOI211x1_ASAP7_75t_R)
  37.61 4812.97 v _213988_/Y (OR4x2_ASAP7_75t_R)
  38.30 4851.27 v _213989_/Y (AO21x1_ASAP7_75t_R)
  59.80 4911.07 ^ _214007_/Y (NAND2x1_ASAP7_75t_R)
  41.74 4952.81 ^ _214009_/Y (AND2x4_ASAP7_75t_R)
  22.52 4975.32 ^ _214013_/Y (AND2x2_ASAP7_75t_R)
  36.11 5011.43 v _214014_/Y (XNOR2x2_ASAP7_75t_R)
  33.46 5044.89 v _214121_/Y (OA211x2_ASAP7_75t_R)
  18.77 5063.65 v _214139_/Y (AND4x1_ASAP7_75t_R)
  21.40 5085.06 v _214326_/Y (AO211x2_ASAP7_75t_R)
  49.96 5135.02 v _214333_/Y (OA21x2_ASAP7_75t_R)
  60.41 5195.44 v _214504_/Y (OA211x2_ASAP7_75t_R)
  29.67 5225.10 v _214505_/Y (XOR2x2_ASAP7_75t_R)
  20.14 5245.25 v _214529_/Y (AND3x1_ASAP7_75t_R)
  38.50 5283.75 v _214531_/Y (OR4x2_ASAP7_75t_R)
  17.34 5301.09 ^ _214543_/Y (AOI22x1_ASAP7_75t_R)
  20.49 5321.58 ^ _214544_/Y (AND2x4_ASAP7_75t_R)
  63.94 5385.52 ^ _214554_/Y (AO221x2_ASAP7_75t_R)
  51.28 5436.80 ^ _214722_/Y (AND5x1_ASAP7_75t_R)
  29.23 5466.03 v _214723_/Y (XOR2x2_ASAP7_75t_R)
  19.65 5485.69 v _214724_/Y (AND2x4_ASAP7_75t_R)
  15.97 5501.66 ^ _214850_/Y (INVx1_ASAP7_75t_R)
  31.91 5533.57 ^ _214852_/Y (AND4x1_ASAP7_75t_R)
  29.87 5563.43 ^ _214868_/Y (AND5x1_ASAP7_75t_R)
  22.72 5586.16 ^ _214869_/Y (AO32x1_ASAP7_75t_R)
  81.64 5667.80 ^ _214872_/Y (OA31x2_ASAP7_75t_R)
  42.50 5710.30 ^ _215078_/Y (AND2x2_ASAP7_75t_R)
  36.10 5746.39 v _215079_/Y (XNOR2x2_ASAP7_75t_R)
  34.42 5780.82 v _215122_/Y (OA221x2_ASAP7_75t_R)
  30.89 5811.71 v _215131_/Y (AO221x1_ASAP7_75t_R)
  37.11 5848.82 v _215139_/Y (AO22x2_ASAP7_75t_R)
  36.40 5885.21 v _215153_/Y (AO221x2_ASAP7_75t_R)
  53.03 5938.24 v _215160_/Y (AO21x2_ASAP7_75t_R)
  43.59 5981.83 v _215230_/Y (AO21x2_ASAP7_75t_R)
  20.05 6001.87 v _215231_/Y (AND2x4_ASAP7_75t_R)
  16.94 6018.81 v _215284_/Y (XNOR2x1_ASAP7_75t_R)
  38.74 6057.55 v _215285_/Y (OR5x1_ASAP7_75t_R)
  28.11 6085.66 ^ _215286_/Y (OAI22x1_ASAP7_75t_R)
  44.37 6130.03 ^ _215332_/Y (AO211x2_ASAP7_75t_R)
  52.27 6182.30 ^ _215466_/Y (AO211x2_ASAP7_75t_R)
  42.70 6225.00 ^ _215467_/Y (AND2x4_ASAP7_75t_R)
  28.50 6253.50 ^ _215476_/Y (AO21x2_ASAP7_75t_R)
  26.58 6280.08 ^ _215478_/Y (AND2x2_ASAP7_75t_R)
  29.44 6309.52 ^ _215729_/Y (OA31x2_ASAP7_75t_R)
  15.57 6325.09 v _215748_/Y (AOI211x1_ASAP7_75t_R)
  37.27 6362.36 v _215777_/Y (OR4x2_ASAP7_75t_R)
  39.75 6402.11 v _215781_/Y (AO32x2_ASAP7_75t_R)
  53.51 6455.62 v _215787_/Y (OR3x2_ASAP7_75t_R)
  52.82 6508.44 v _215869_/Y (OA21x2_ASAP7_75t_R)
  29.60 6538.05 v _215888_/Y (AND2x2_ASAP7_75t_R)
  32.20 6570.25 v _215889_/Y (XNOR2x2_ASAP7_75t_R)
  33.95 6604.19 v _216007_/Y (XNOR2x1_ASAP7_75t_R)
  22.91 6627.10 ^ _216008_/Y (NAND3x1_ASAP7_75t_R)
  21.90 6649.00 v _216182_/Y (AOI211x1_ASAP7_75t_R)
  55.33 6704.33 v _216196_/Y (OR5x2_ASAP7_75t_R)
  56.07 6760.40 ^ _216251_/Y (NAND2x1_ASAP7_75t_R)
  30.17 6790.56 ^ _216252_/Y (AO21x2_ASAP7_75t_R)
  30.37 6820.93 ^ _216253_/Y (XNOR2x2_ASAP7_75t_R)
  27.60 6848.53 ^ _216254_/Y (AND2x2_ASAP7_75t_R)
  20.59 6869.12 ^ _216255_/Y (AO21x1_ASAP7_75t_R)
  20.90 6890.03 ^ _216261_/Y (OA211x2_ASAP7_75t_R)
  69.99 6960.02 ^ _216360_/Y (AO221x1_ASAP7_75t_R)
  23.00 6983.01 v _216362_/Y (INVx6_ASAP7_75t_R)
  89.01 7072.03 ^ _216545_/Y (NAND2x1_ASAP7_75t_R)
  37.31 7109.34 ^ _216628_/Y (OA21x2_ASAP7_75t_R)
  34.38 7143.72 v _216629_/Y (XNOR2x2_ASAP7_75t_R)
  28.17 7171.89 v _216843_/Y (OR2x4_ASAP7_75t_R)
  23.70 7195.59 v _216846_/Y (OA222x2_ASAP7_75t_R)
  22.80 7218.39 v _216851_/Y (AO221x1_ASAP7_75t_R)
  43.30 7261.68 v _216876_/Y (AO221x1_ASAP7_75t_R)
  43.55 7305.23 v _216887_/Y (AND3x2_ASAP7_75t_R)
  68.57 7373.80 ^ _216996_/Y (NAND2x2_ASAP7_75t_R)
  42.10 7415.90 ^ _217076_/Y (OA21x2_ASAP7_75t_R)
  23.95 7439.86 ^ _217107_/Y (XNOR2x2_ASAP7_75t_R)
  41.93 7481.79 ^ _217265_/Y (AND5x1_ASAP7_75t_R)
  36.98 7518.77 ^ _217277_/Y (AND5x1_ASAP7_75t_R)
  31.55 7550.31 ^ _217278_/Y (OA211x2_ASAP7_75t_R)
  45.89 7596.21 v _217284_/Y (AOI211x1_ASAP7_75t_R)
 109.67 7705.88 ^ _217285_/Y (NAND2x2_ASAP7_75t_R)
  40.57 7746.45 ^ _217578_/Y (OA21x2_ASAP7_75t_R)
  37.61 7784.06 v _217579_/Y (XNOR2x2_ASAP7_75t_R)
  37.05 7821.11 ^ _217695_/Y (NAND2x1_ASAP7_75t_R)
  31.64 7852.76 ^ _217699_/Y (AO211x2_ASAP7_75t_R)
  28.09 7880.85 ^ _217700_/Y (AO31x2_ASAP7_75t_R)
  45.60 7926.44 ^ _217715_/Y (AO21x2_ASAP7_75t_R)
  53.63 7980.07 v _217716_/Y (NAND2x2_ASAP7_75t_R)
  52.44 8032.51 v _218014_/Y (OA21x2_ASAP7_75t_R)
  28.10 8060.62 ^ _218015_/Y (XNOR2x2_ASAP7_75t_R)
  30.42 8091.04 v _218016_/Y (XNOR2x2_ASAP7_75t_R)
  36.08 8127.11 v _218022_/Y (OA211x2_ASAP7_75t_R)
  28.22 8155.33 v _218131_/Y (AO21x1_ASAP7_75t_R)
  32.85 8188.18 v _218149_/Y (OA21x2_ASAP7_75t_R)
  81.58 8269.76 v _218150_/Y (OR3x2_ASAP7_75t_R)
  30.35 8300.11 ^ _218207_/Y (OAI21x1_ASAP7_75t_R)
  42.40 8342.51 ^ _218208_/Y (XOR2x2_ASAP7_75t_R)
  31.19 8373.70 ^ _218236_/Y (XNOR2x2_ASAP7_75t_R)
  20.63 8394.32 ^ _218242_/Y (AND3x1_ASAP7_75t_R)
  14.84 8409.17 v _218244_/Y (NAND2x1_ASAP7_75t_R)
  26.50 8435.67 ^ _218285_/Y (OAI22x1_ASAP7_75t_R)
 142.85 8578.51 v _218562_/Y (AOI211x1_ASAP7_75t_R)
  74.35 8652.86 ^ _218680_/Y (OAI21x1_ASAP7_75t_R)
  29.37 8682.24 ^ _218682_/Y (AND2x2_ASAP7_75t_R)
  23.39 8705.63 ^ _218683_/Y (XNOR2x2_ASAP7_75t_R)
  37.42 8743.05 ^ _218684_/Y (AND5x1_ASAP7_75t_R)
  32.57 8775.62 ^ _218852_/Y (AND4x1_ASAP7_75t_R)
  19.20 8794.81 ^ _218871_/Y (AO31x2_ASAP7_75t_R)
  41.49 8836.30 ^ _218918_/Y (AO211x2_ASAP7_75t_R)
  57.65 8893.95 v _218927_/Y (NOR2x2_ASAP7_75t_R)
  48.50 8942.45 v _219003_/Y (OR4x1_ASAP7_75t_R)
  27.70 8970.15 v _219005_/Y (OA211x2_ASAP7_75t_R)
  17.28 8987.44 v _219012_/Y (AO31x2_ASAP7_75t_R)
  21.46 9008.90 v _219030_/Y (OR3x1_ASAP7_75t_R)
  23.63 9032.53 ^ _219031_/Y (NAND2x1_ASAP7_75t_R)
  33.26 9065.79 ^ _219212_/Y (AND4x1_ASAP7_75t_R)
  25.20 9090.98 ^ _219221_/Y (OR4x1_ASAP7_75t_R)
  50.06 9141.04 v _219222_/Y (OAI21x1_ASAP7_75t_R)
  67.84 9208.88 v _219302_/Y (AND2x2_ASAP7_75t_R)
  41.57 9250.45 ^ _219314_/Y (AOI211x1_ASAP7_75t_R)
  45.30 9295.75 v _219315_/Y (XNOR2x2_ASAP7_75t_R)
  36.90 9332.65 v _219653_/Y (OA211x2_ASAP7_75t_R)
  28.08 9360.74 v _219655_/Y (OA222x2_ASAP7_75t_R)
  91.46 9452.20 v _219690_/Y (AO221x1_ASAP7_75t_R)
  99.27 9551.47 ^ _219718_/Y (NAND2x2_ASAP7_75t_R)
  38.26 9589.73 v _219988_/Y (AOI221x1_ASAP7_75t_R)
  39.18 9628.90 v _219992_/Y (OA33x2_ASAP7_75t_R)
  20.42 9649.32 ^ _220017_/Y (AOI21x1_ASAP7_75t_R)
  37.96 9687.28 ^ _220031_/Y (OA33x2_ASAP7_75t_R)
  14.29 9701.57 v _220033_/Y (OAI21x1_ASAP7_75t_R)
  30.17 9731.74 v _220096_/Y (AO31x2_ASAP7_75t_R)
  36.51 9768.25 v _220129_/Y (AO211x2_ASAP7_75t_R)
  67.14 9835.39 v _220162_/Y (AO21x2_ASAP7_75t_R)
  57.53 9892.92 v _220341_/Y (AO21x2_ASAP7_75t_R)
  30.09 9923.01 v _220343_/Y (AND2x2_ASAP7_75t_R)
  23.13 9946.13 ^ _220461_/Y (OAI21x1_ASAP7_75t_R)
  37.85 9983.98 ^ _220467_/Y (AND5x1_ASAP7_75t_R)
  30.72 10014.70 ^ _220661_/Y (AO32x2_ASAP7_75t_R)
  35.08 10049.79 ^ _220664_/Y (OA31x2_ASAP7_75t_R)
  68.48 10118.27 ^ _220695_/Y (OR3x2_ASAP7_75t_R)
  70.81 10189.08 ^ _220861_/Y (OA21x2_ASAP7_75t_R)
  17.80 10206.87 ^ _220880_/Y (OA21x2_ASAP7_75t_R)
  12.18 10219.06 v _220893_/Y (NOR3x1_ASAP7_75t_R)
  37.00 10256.06 v _220894_/Y (OR4x1_ASAP7_75t_R)
  23.16 10279.21 v _220901_/Y (AO21x1_ASAP7_75t_R)
  25.08 10304.29 v _220910_/Y (AO21x2_ASAP7_75t_R)
  48.71 10353.01 v _221032_/Y (AO32x1_ASAP7_75t_R)
  65.61 10418.62 ^ _221087_/Y (NAND2x2_ASAP7_75t_R)
  55.90 10474.51 ^ _221108_/Y (OA22x2_ASAP7_75t_R)
  39.06 10513.58 ^ _221291_/Y (XNOR2x2_ASAP7_75t_R)
  32.23 10545.81 ^ _221294_/Y (AND4x2_ASAP7_75t_R)
  20.24 10566.05 ^ _221517_/Y (AND2x2_ASAP7_75t_R)
  14.05 10580.10 v _221532_/Y (AOI21x1_ASAP7_75t_R)
  32.93 10613.03 v _221571_/Y (AO221x1_ASAP7_75t_R)
  38.33 10651.35 v _221574_/Y (AO33x2_ASAP7_75t_R)
 118.12 10769.48 v _221575_/Y (AND3x1_ASAP7_75t_R)
  63.66 10833.14 v _221581_/Y (OR4x1_ASAP7_75t_R)
  35.15 10868.29 v _221583_/Y (AND3x1_ASAP7_75t_R)
  31.05 10899.34 v _221585_/Y (XNOR2x2_ASAP7_75t_R)
  25.34 10924.68 v _221598_/Y (AO211x2_ASAP7_75t_R)
  35.17 10959.85 v _221785_/Y (OR3x2_ASAP7_75t_R)
  44.32 11004.17 ^ _221849_/Y (NAND2x2_ASAP7_75t_R)
  66.84 11071.02 ^ _222157_/Y (OR3x2_ASAP7_75t_R)
  33.29 11104.30 ^ _222175_/Y (AND3x1_ASAP7_75t_R)
  41.82 11146.13 ^ _222176_/Y (XNOR2x2_ASAP7_75t_R)
  38.85 11184.98 v _222177_/Y (XNOR2x2_ASAP7_75t_R)
  27.14 11212.12 v _222178_/Y (AND5x2_ASAP7_75t_R)
  18.92 11231.04 v _222221_/Y (AND2x2_ASAP7_75t_R)
  19.31 11250.36 v _222230_/Y (AO21x2_ASAP7_75t_R)
  35.13 11285.48 v _222272_/Y (AO221x2_ASAP7_75t_R)
  25.58 11311.06 v _222273_/Y (AO21x2_ASAP7_75t_R)
 107.77 11418.83 v _222374_/Y (AO21x1_ASAP7_75t_R)
  77.82 11496.65 v _222701_/Y (OA211x2_ASAP7_75t_R)
  32.91 11529.56 v _222709_/Y (OR5x1_ASAP7_75t_R)
  23.11 11552.67 v _222716_/Y (OA21x2_ASAP7_75t_R)
  19.97 11572.64 v _222721_/Y (AND3x2_ASAP7_75t_R)
  27.35 11599.99 v _222722_/Y (OA31x2_ASAP7_75t_R)
  54.79 11654.77 v _222723_/Y (OR4x1_ASAP7_75t_R)
  80.73 11735.50 v _222856_/Y (AO21x2_ASAP7_75t_R)
  56.87 11792.38 v _223087_/Y (AND2x2_ASAP7_75t_R)
  36.36 11828.73 ^ _223088_/Y (XOR2x2_ASAP7_75t_R)
  26.88 11855.61 ^ _223089_/Y (XNOR2x2_ASAP7_75t_R)
  35.68 11891.29 ^ _223171_/Y (AND5x1_ASAP7_75t_R)
  37.20 11928.49 v _223178_/Y (AOI221x1_ASAP7_75t_R)
  39.10 11967.59 v _223188_/Y (OA21x2_ASAP7_75t_R)
 102.96 12070.56 v _223343_/Y (OA211x2_ASAP7_75t_R)
  56.24 12126.80 v _223434_/Y (OR3x1_ASAP7_75t_R)
  21.07 12147.87 v _223789_/Y (AND2x2_ASAP7_75t_R)
  21.60 12169.47 v _223790_/Y (XNOR2x1_ASAP7_75t_R)
  41.04 12210.51 v _223794_/Y (OR5x1_ASAP7_75t_R)
  38.35 12248.86 v _223795_/Y (OR4x1_ASAP7_75t_R)
  27.32 12276.17 v _223882_/Y (OA31x2_ASAP7_75t_R)
  44.98 12321.16 v _223883_/Y (OA211x2_ASAP7_75t_R)
  34.75 12355.91 v _223927_/Y (AND2x4_ASAP7_75t_R)
  49.68 12405.59 ^ _224049_/Y (AOI22x1_ASAP7_75t_R)
  26.12 12431.71 ^ _224050_/Y (XNOR2x1_ASAP7_75t_R)
  35.55 12467.26 ^ _224061_/Y (AND5x1_ASAP7_75t_R)
  58.64 12525.89 v _224146_/Y (AOI221x1_ASAP7_75t_R)
  47.00 12572.89 ^ _224355_/Y (OAI21x1_ASAP7_75t_R)
  26.37 12599.27 ^ _224356_/Y (AND4x1_ASAP7_75t_R)
  63.78 12663.05 ^ _224360_/Y (OR4x2_ASAP7_75t_R)
  87.20 12750.24 v _224402_/Y (INVx1_ASAP7_75t_R)
  20.14 12770.38 ^ _224406_/Y (AOI21x1_ASAP7_75t_R)
  49.46 12819.84 ^ _224409_/Y (AND5x1_ASAP7_75t_R)
  32.33 12852.17 v _224410_/Y (XNOR2x2_ASAP7_75t_R)
  18.06 12870.24 ^ _224411_/Y (AOI211x1_ASAP7_75t_R)
  31.51 12901.75 ^ _224428_/Y (AND2x2_ASAP7_75t_R)
 100.65 13002.40 v _224840_/Y (AOI211x1_ASAP7_75t_R)
  58.48 13060.88 v _224913_/Y (AND2x2_ASAP7_75t_R)
  17.85 13078.73 v _224914_/Y (OA21x2_ASAP7_75t_R)
  18.09 13096.81 v _224915_/Y (OA21x2_ASAP7_75t_R)
  33.01 13129.82 v _224916_/Y (AO221x1_ASAP7_75t_R)
  28.02 13157.83 v _224917_/Y (MAJx2_ASAP7_75t_R)
  19.41 13177.25 v _224929_/Y (AO21x1_ASAP7_75t_R)
  16.07 13193.32 v _224943_/Y (AO21x1_ASAP7_75t_R)
  17.98 13211.31 v _224948_/Y (AO21x1_ASAP7_75t_R)
  28.74 13240.05 v _225034_/Y (AO21x2_ASAP7_75t_R)
  45.54 13285.58 v _225249_/Y (AO21x2_ASAP7_75t_R)
  68.32 13353.90 ^ _225319_/Y (NAND2x2_ASAP7_75t_R)
  33.58 13387.48 ^ _225320_/Y (AO22x1_ASAP7_75t_R)
  24.35 13411.83 ^ _225322_/Y (AO21x2_ASAP7_75t_R)
  20.35 13432.18 ^ _225323_/Y (AO221x1_ASAP7_75t_R)
  31.65 13463.83 ^ _225326_/Y (OA211x2_ASAP7_75t_R)
  33.42 13497.25 ^ _225330_/Y (AO221x2_ASAP7_75t_R)
  24.64 13521.89 ^ _225341_/Y (AO21x2_ASAP7_75t_R)
  29.84 13551.73 ^ _225351_/Y (AO22x2_ASAP7_75t_R)
  71.22 13622.95 v _225594_/Y (AOI211x1_ASAP7_75t_R)
  99.64 13722.60 ^ _225595_/Y (NAND2x2_ASAP7_75t_R)
  45.68 13768.28 ^ _225671_/Y (OA211x2_ASAP7_75t_R)
  31.05 13799.33 ^ _225684_/Y (AND3x2_ASAP7_75t_R)
  25.28 13824.61 ^ _225685_/Y (OA22x2_ASAP7_75t_R)
  28.45 13853.06 ^ _225689_/Y (MAJx2_ASAP7_75t_R)
  25.67 13878.73 ^ _225690_/Y (MAJx2_ASAP7_75t_R)
  23.93 13902.66 v _225704_/Y (AOI21x1_ASAP7_75t_R)
  29.00 13931.66 ^ _225734_/Y (OAI21x1_ASAP7_75t_R)
  25.19 13956.85 ^ _225812_/Y (AND3x1_ASAP7_75t_R)
 113.16 14070.02 ^ _225945_/Y (OR5x1_ASAP7_75t_R)
  48.64 14118.66 ^ _226108_/Y (OA21x2_ASAP7_75t_R)
  18.90 14137.56 ^ _226109_/Y (AO221x1_ASAP7_75t_R)
  23.26 14160.82 ^ _226110_/Y (MAJx2_ASAP7_75t_R)
  18.20 14179.02 ^ _226111_/Y (AO21x1_ASAP7_75t_R)
  23.11 14202.12 ^ _226112_/Y (AO32x1_ASAP7_75t_R)
  39.84 14241.96 ^ _226115_/Y (AO22x1_ASAP7_75t_R)
  27.02 14268.98 v _226127_/Y (AOI21x1_ASAP7_75t_R)
  36.81 14305.79 ^ _226148_/Y (OAI22x1_ASAP7_75t_R)
  25.88 14331.68 ^ _226158_/Y (AO21x1_ASAP7_75t_R)
  27.29 14358.97 ^ _226160_/Y (AO22x2_ASAP7_75t_R)
  91.88 14450.85 ^ _226252_/Y (AO21x1_ASAP7_75t_R)
  17.69 14468.54 v _226384_/Y (NAND2x1_ASAP7_75t_R)
  32.81 14501.35 v _226388_/Y (AO222x2_ASAP7_75t_R)
  31.82 14533.18 v _226389_/Y (OA211x2_ASAP7_75t_R)
  22.60 14555.77 v _226390_/Y (MAJx2_ASAP7_75t_R)
  20.79 14576.57 v _226391_/Y (MAJx2_ASAP7_75t_R)
  20.18 14596.75 v _226392_/Y (MAJx2_ASAP7_75t_R)
  33.17 14629.92 v _226393_/Y (AO222x2_ASAP7_75t_R)
  20.18 14650.10 v _226415_/Y (AO21x1_ASAP7_75t_R)
  20.07 14670.17 v _226416_/Y (AO22x1_ASAP7_75t_R)
  22.13 14692.30 v _226425_/Y (AO21x2_ASAP7_75t_R)
  60.49 14752.79 v _226552_/Y (AO21x2_ASAP7_75t_R)
 228.13 14980.92 ^ _226668_/Y (NAND2x2_ASAP7_75t_R)
 115.78 15096.71 ^ _226680_/Y (OR3x2_ASAP7_75t_R)
  41.22 15137.93 ^ _226685_/Y (AND2x4_ASAP7_75t_R)
  58.80 15196.73 v _226736_/Y (XNOR2x2_ASAP7_75t_R)
  28.96 15225.69 v _226773_/Y (OR3x1_ASAP7_75t_R)
  47.08 15272.77 ^ _226775_/Y (AOI21x1_ASAP7_75t_R)
  45.33 15318.10 v _226776_/Y (NOR2x2_ASAP7_75t_R)
  79.48 15397.58 v _226777_/Y (AO32x1_ASAP7_75t_R)
 120.91 15518.49 ^ _227106_/Y (XNOR2x1_ASAP7_75t_R)
  53.31 15571.79 ^ _228542_/Y (AO32x1_ASAP7_75t_R)
  84.55 15656.34 ^ _228577_/Y (AO32x1_ASAP7_75t_R)
  53.68 15710.02 v _228823_/Y (NOR3x1_ASAP7_75t_R)
  36.69 15746.71 v _228824_/Y (AO32x1_ASAP7_75t_R)
  30.88 15777.60 v _228836_/Y (AO222x2_ASAP7_75t_R)
  29.42 15807.02 v _228869_/Y (OR5x1_ASAP7_75t_R)
  35.42 15842.43 v _228909_/Y (OR5x1_ASAP7_75t_R)
  35.55 15877.99 v _229076_/Y (AO32x1_ASAP7_75t_R)
  37.28 15915.27 v _229116_/Y (AO32x2_ASAP7_75t_R)
  26.65 15941.92 v _229223_/Y (AND5x2_ASAP7_75t_R)
  22.56 15964.47 v _229304_/Y (AND3x2_ASAP7_75t_R)
  23.31 15987.79 v _229305_/Y (AND4x2_ASAP7_75t_R)
  15.69 16003.47 v _229409_/Y (AND3x1_ASAP7_75t_R)
  18.91 16022.39 v _229419_/Y (OA31x2_ASAP7_75t_R)
  23.75 16046.13 v _229424_/Y (OA21x2_ASAP7_75t_R)
  45.81 16091.94 v _238033_/Y (OA211x2_ASAP7_75t_R)
  34.16 16126.10 v _241101_/Y (AO31x2_ASAP7_75t_R)
  71.43 16197.53 v _241194_/Y (AO221x1_ASAP7_75t_R)
 173.32 16370.85 ^ _241196_/Y (NAND2x2_ASAP7_75t_R)
  88.37 16459.22 v _241197_/Y (INVx2_ASAP7_75t_R)
  53.44 16512.66 v _253544_/Y (AO21x1_ASAP7_75t_R)
  14.90 16527.56 v _253545_/Y (AND2x2_ASAP7_75t_R)
   0.13 16527.69 v _378108_/D (DFFHQNx1_ASAP7_75t_R)
        16527.69   data arrival time

12000.00 12000.00   clock core_clk (rise edge)
   0.00 12000.00   clock source latency
   0.00 12000.00 ^ clk (in)
  51.21 12051.21 ^ wire5675/Y (BUFx12_ASAP7_75t_R)
  50.67 12101.89 ^ clkbuf_0_clk/Y (BUFx24_ASAP7_75t_R)
  26.15 12128.04 ^ clkbuf_1_1_0_clk/Y (BUFx24_ASAP7_75t_R)
  24.91 12152.95 ^ clkbuf_2_2_0_clk/Y (BUFx24_ASAP7_75t_R)
  27.24 12180.19 ^ clkbuf_3_5_0_clk/Y (BUFx24_ASAP7_75t_R)
  25.96 12206.15 ^ clkbuf_4_11_0_clk/Y (BUFx24_ASAP7_75t_R)
  27.00 12233.15 ^ clkbuf_6_45__f_clk/Y (BUFx24_ASAP7_75t_R)
  26.21 12259.37 ^ clkbuf_leaf_570_clk/Y (BUFx24_ASAP7_75t_R)
   1.34 12260.70 ^ _378108_/CLK (DFFHQNx1_ASAP7_75t_R)
 -50.00 12210.70   clock uncertainty
   2.39 12213.09   clock reconvergence pessimism
  -0.26 12212.83   library setup time
        12212.83   data required time
---------------------------------------------------------
        12212.83   data required time
        -16527.69   data arrival time
---------------------------------------------------------
        -4314.85   slack (VIOLATED)


Startpoint: _369487_ (rising edge-triggered flip-flop clocked by core_clk)
Endpoint: _378108_ (rising edge-triggered flip-flop clocked by core_clk)
Path Group: reg2reg
Path Type: max

  Delay    Time   Description
---------------------------------------------------------
   0.00    0.00   clock core_clk (rise edge)
   0.00    0.00   clock source latency
   0.00    0.00 ^ clk (in)
  51.99   51.99 ^ wire5675/Y (BUFx12_ASAP7_75t_R)
  52.29  104.28 ^ clkbuf_0_clk/Y (BUFx24_ASAP7_75t_R)
  27.06  131.33 ^ clkbuf_1_0_0_clk/Y (BUFx24_ASAP7_75t_R)
  26.85  158.18 ^ clkbuf_2_1_0_clk/Y (BUFx24_ASAP7_75t_R)
  28.86  187.04 ^ clkbuf_3_3_0_clk/Y (BUFx24_ASAP7_75t_R)
  30.02  217.07 ^ clkbuf_4_7_0_clk/Y (BUFx24_ASAP7_75t_R)
  29.08  246.15 ^ clkbuf_6_30__f_clk/Y (BUFx24_ASAP7_75t_R)
  33.58  279.73 ^ clkbuf_leaf_368_clk/Y (BUFx24_ASAP7_75t_R)
   3.20  282.92 ^ _369487_/CLK (DFFHQNx1_ASAP7_75t_R)
  81.75  364.68 v _369487_/QN (DFFHQNx1_ASAP7_75t_R)
 117.22  481.90 v _184248_/Y (OR4x2_ASAP7_75t_R)
 163.68  645.58 ^ _184249_/Y (NAND3x1_ASAP7_75t_R)
  86.57  732.14 v _184434_/Y (AOI21x1_ASAP7_75t_R)
  78.49  810.64 v _184438_/Y (OR3x1_ASAP7_75t_R)
  60.40  871.03 ^ _184457_/Y (AOI21x1_ASAP7_75t_R)
  39.14  910.17 ^ max_cap4622/Y (BUFx12_ASAP7_75t_R)
  24.73  934.91 ^ max_cap4621/Y (BUFx12_ASAP7_75t_R)
  31.59  966.49 ^ load_slew4620/Y (BUFx6f_ASAP7_75t_R)
  23.60  990.09 ^ wire4619/Y (BUFx12f_ASAP7_75t_R)
  32.21 1022.30 ^ max_cap4618/Y (BUFx10_ASAP7_75t_R)
  29.02 1051.32 ^ max_cap4612/Y (BUFx12_ASAP7_75t_R)
  34.32 1085.64 ^ wire4609/Y (BUFx12f_ASAP7_75t_R)
  29.55 1115.19 ^ load_slew4607/Y (BUFx12f_ASAP7_75t_R)
 120.66 1235.85 ^ _184934_/Y (OR3x1_ASAP7_75t_R)
  79.52 1315.37 ^ _185378_/Y (OR2x2_ASAP7_75t_R)
  21.21 1336.58 ^ _185399_/Y (AND4x1_ASAP7_75t_R)
  38.30 1374.88 ^ _185400_/Y (AND4x2_ASAP7_75t_R)
  95.55 1470.43 ^ _185414_/Y (OA222x2_ASAP7_75t_R)
  80.33 1550.76 v _185565_/Y (NAND2x1_ASAP7_75t_R)
  49.69 1600.45 v _186054_/Y (OR5x1_ASAP7_75t_R)
  49.59 1650.03 v _188459_/Y (OR4x2_ASAP7_75t_R)
  66.04 1716.07 v _211565_/Y (AND4x2_ASAP7_75t_R)
  30.31 1746.38 v load_slew2798/Y (BUFx16f_ASAP7_75t_R)
  43.33 1789.71 v load_slew2797/Y (BUFx16f_ASAP7_75t_R)
  35.87 1825.58 v load_slew2796/Y (BUFx16f_ASAP7_75t_R)
  69.03 1894.61 v wire2795/Y (BUFx16f_ASAP7_75t_R)
  24.24 1918.86 v load_slew2794/Y (BUFx16f_ASAP7_75t_R)
  55.74 1974.59 v wire2793/Y (BUFx16f_ASAP7_75t_R)
  79.57 2054.17 v _211844_/Y (AND2x4_ASAP7_75t_R)
  30.08 2084.25 v wire2553/Y (BUFx16f_ASAP7_75t_R)
  78.91 2163.16 v load_slew2552/Y (BUFx16f_ASAP7_75t_R)
 118.99 2282.15 v _211850_/Y (OR4x1_ASAP7_75t_R)
  25.38 2307.53 v _211851_/Y (AND2x4_ASAP7_75t_R)
  17.24 2324.78 ^ _211863_/Y (NOR3x1_ASAP7_75t_R)
  30.46 2355.24 ^ _211864_/Y (AND4x2_ASAP7_75t_R)
   8.53 2363.77 v _211865_/Y (NAND3x1_ASAP7_75t_R)
  33.28 2397.05 v _211869_/Y (OA211x2_ASAP7_75t_R)
  20.81 2417.86 ^ _211879_/Y (AOI221x1_ASAP7_75t_R)
  37.89 2455.75 v _211916_/Y (AOI221x1_ASAP7_75t_R)
  34.29 2490.04 v _211994_/Y (AO21x2_ASAP7_75t_R)
  24.71 2514.75 ^ _212068_/Y (AOI221x1_ASAP7_75t_R)
  40.92 2555.67 v _212069_/Y (XNOR2x2_ASAP7_75t_R)
  49.13 2604.81 v _212079_/Y (AO32x1_ASAP7_75t_R)
  37.28 2642.08 v _212081_/Y (AO221x2_ASAP7_75t_R)
  33.14 2675.22 v _212140_/Y (AO21x2_ASAP7_75t_R)
  32.77 2708.00 ^ _212148_/Y (NAND2x2_ASAP7_75t_R)
  33.87 2741.87 ^ _212159_/Y (AO221x1_ASAP7_75t_R)
  30.04 2771.91 ^ _212174_/Y (AO22x2_ASAP7_75t_R)
  32.66 2804.57 v _212207_/Y (OAI21x1_ASAP7_75t_R)
  25.57 2830.14 ^ _212221_/Y (AOI21x1_ASAP7_75t_R)
  31.21 2861.35 ^ _212228_/Y (OA21x2_ASAP7_75t_R)
  26.23 2887.59 ^ _212263_/Y (XNOR2x2_ASAP7_75t_R)
  30.31 2917.90 ^ _212273_/Y (AO221x1_ASAP7_75t_R)
  27.36 2945.26 ^ _212358_/Y (MAJx2_ASAP7_75t_R)
  40.47 2985.73 v _212379_/Y (AOI211x1_ASAP7_75t_R)
  56.07 3041.79 ^ _212412_/Y (OAI21x1_ASAP7_75t_R)
  41.41 3083.21 ^ _212419_/Y (AO211x2_ASAP7_75t_R)
  25.93 3109.13 ^ _212421_/Y (OA33x2_ASAP7_75t_R)
  25.72 3134.86 v _212437_/Y (NOR3x1_ASAP7_75t_R)
  34.56 3169.41 ^ _212512_/Y (OAI21x1_ASAP7_75t_R)
  31.95 3201.36 ^ _212568_/Y (AO32x1_ASAP7_75t_R)
  22.00 3223.36 ^ _212584_/Y (AND3x1_ASAP7_75t_R)
  26.56 3249.92 ^ _212585_/Y (XNOR2x2_ASAP7_75t_R)
  37.09 3287.01 ^ _212597_/Y (MAJx2_ASAP7_75t_R)
  34.19 3321.21 v _212610_/Y (AOI211x1_ASAP7_75t_R)
  42.58 3363.79 v _212620_/Y (OA211x2_ASAP7_75t_R)
  40.55 3404.34 v _212641_/Y (OR2x2_ASAP7_75t_R)
  26.42 3430.77 v _212731_/Y (AO21x1_ASAP7_75t_R)
  20.15 3450.91 v _212733_/Y (AO22x1_ASAP7_75t_R)
  30.08 3480.99 ^ _212738_/Y (AOI221x1_ASAP7_75t_R)
  32.67 3513.66 ^ _212740_/Y (AO211x2_ASAP7_75t_R)
  34.65 3548.30 ^ _212753_/Y (AO21x1_ASAP7_75t_R)
  43.93 3592.23 ^ _212838_/Y (AO21x2_ASAP7_75t_R)
  27.90 3620.13 ^ _212901_/Y (AND3x1_ASAP7_75t_R)
  31.81 3651.94 v _212902_/Y (AOI21x1_ASAP7_75t_R)
  31.51 3683.46 ^ _212903_/Y (AOI22x1_ASAP7_75t_R)
  39.18 3722.63 ^ _212946_/Y (AND4x2_ASAP7_75t_R)
  24.62 3747.25 ^ _213006_/Y (OA211x2_ASAP7_75t_R)
  25.07 3772.32 ^ _213007_/Y (AO221x1_ASAP7_75t_R)
  20.55 3792.87 ^ _213008_/Y (AO21x2_ASAP7_75t_R)
  25.91 3818.77 ^ _213011_/Y (AND3x2_ASAP7_75t_R)
  34.12 3852.89 v _213012_/Y (XNOR2x2_ASAP7_75t_R)
  26.94 3879.83 v _213058_/Y (OA211x2_ASAP7_75t_R)
  30.20 3910.03 v _213060_/Y (OA211x2_ASAP7_75t_R)
  31.18 3941.21 v _213078_/Y (OR3x2_ASAP7_75t_R)
  27.61 3968.82 v _213197_/Y (AO211x2_ASAP7_75t_R)
  26.88 3995.70 v _213198_/Y (AND2x4_ASAP7_75t_R)
  27.47 4023.17 v _213230_/Y (AND2x2_ASAP7_75t_R)
  26.40 4049.57 v _213231_/Y (XNOR2x1_ASAP7_75t_R)
  29.91 4079.47 v _213232_/Y (XNOR2x1_ASAP7_75t_R)
  44.09 4123.57 v _213363_/Y (AO221x1_ASAP7_75t_R)
  38.78 4162.35 v _213368_/Y (OR5x1_ASAP7_75t_R)
  58.50 4220.84 v _213375_/Y (AO222x2_ASAP7_75t_R)
  33.13 4253.97 v _213494_/Y (AND2x4_ASAP7_75t_R)
  30.36 4284.34 v _213495_/Y (XNOR2x1_ASAP7_75t_R)
  38.09 4322.42 v _213524_/Y (AO32x1_ASAP7_75t_R)
  26.66 4349.08 ^ _213525_/Y (AOI211x1_ASAP7_75t_R)
  34.25 4383.33 ^ _213548_/Y (OA31x2_ASAP7_75t_R)
  37.41 4420.74 ^ _213564_/Y (AO211x2_ASAP7_75t_R)
  26.49 4447.23 ^ _213595_/Y (AND3x1_ASAP7_75t_R)
  26.24 4473.47 v _213596_/Y (XOR2x2_ASAP7_75t_R)
  22.45 4495.92 v _213605_/Y (AO21x1_ASAP7_75t_R)
  37.08 4533.00 v _213606_/Y (AO32x1_ASAP7_75t_R)
  31.94 4564.94 v _213625_/Y (AO21x2_ASAP7_75t_R)
  27.70 4592.64 v _213781_/Y (OA21x2_ASAP7_75t_R)
  41.78 4634.43 ^ _213794_/Y (OAI21x1_ASAP7_75t_R)
  42.88 4677.31 v _213835_/Y (NAND2x2_ASAP7_75t_R)
  36.85 4714.16 v _213973_/Y (AND2x2_ASAP7_75t_R)
  38.28 4752.44 ^ _213974_/Y (XNOR2x2_ASAP7_75t_R)
  22.92 4775.36 v _213984_/Y (AOI211x1_ASAP7_75t_R)
  37.61 4812.97 v _213988_/Y (OR4x2_ASAP7_75t_R)
  38.30 4851.27 v _213989_/Y (AO21x1_ASAP7_75t_R)
  59.80 4911.07 ^ _214007_/Y (NAND2x1_ASAP7_75t_R)
  41.74 4952.81 ^ _214009_/Y (AND2x4_ASAP7_75t_R)
  22.52 4975.32 ^ _214013_/Y (AND2x2_ASAP7_75t_R)
  36.11 5011.43 v _214014_/Y (XNOR2x2_ASAP7_75t_R)
  33.46 5044.89 v _214121_/Y (OA211x2_ASAP7_75t_R)
  18.77 5063.65 v _214139_/Y (AND4x1_ASAP7_75t_R)
  21.40 5085.06 v _214326_/Y (AO211x2_ASAP7_75t_R)
  49.96 5135.02 v _214333_/Y (OA21x2_ASAP7_75t_R)
  60.41 5195.44 v _214504_/Y (OA211x2_ASAP7_75t_R)
  29.67 5225.10 v _214505_/Y (XOR2x2_ASAP7_75t_R)
  20.14 5245.25 v _214529_/Y (AND3x1_ASAP7_75t_R)
  38.50 5283.75 v _214531_/Y (OR4x2_ASAP7_75t_R)
  17.34 5301.09 ^ _214543_/Y (AOI22x1_ASAP7_75t_R)
  20.49 5321.58 ^ _214544_/Y (AND2x4_ASAP7_75t_R)
  63.94 5385.52 ^ _214554_/Y (AO221x2_ASAP7_75t_R)
  51.28 5436.80 ^ _214722_/Y (AND5x1_ASAP7_75t_R)
  29.23 5466.03 v _214723_/Y (XOR2x2_ASAP7_75t_R)
  19.65 5485.69 v _214724_/Y (AND2x4_ASAP7_75t_R)
  15.97 5501.66 ^ _214850_/Y (INVx1_ASAP7_75t_R)
  31.91 5533.57 ^ _214852_/Y (AND4x1_ASAP7_75t_R)
  29.87 5563.43 ^ _214868_/Y (AND5x1_ASAP7_75t_R)
  22.72 5586.16 ^ _214869_/Y (AO32x1_ASAP7_75t_R)
  81.64 5667.80 ^ _214872_/Y (OA31x2_ASAP7_75t_R)
  42.50 5710.30 ^ _215078_/Y (AND2x2_ASAP7_75t_R)
  36.10 5746.39 v _215079_/Y (XNOR2x2_ASAP7_75t_R)
  34.42 5780.82 v _215122_/Y (OA221x2_ASAP7_75t_R)
  30.89 5811.71 v _215131_/Y (AO221x1_ASAP7_75t_R)
  37.11 5848.82 v _215139_/Y (AO22x2_ASAP7_75t_R)
  36.40 5885.21 v _215153_/Y (AO221x2_ASAP7_75t_R)
  53.03 5938.24 v _215160_/Y (AO21x2_ASAP7_75t_R)
  43.59 5981.83 v _215230_/Y (AO21x2_ASAP7_75t_R)
  20.05 6001.87 v _215231_/Y (AND2x4_ASAP7_75t_R)
  16.94 6018.81 v _215284_/Y (XNOR2x1_ASAP7_75t_R)
  38.74 6057.55 v _215285_/Y (OR5x1_ASAP7_75t_R)
  28.11 6085.66 ^ _215286_/Y (OAI22x1_ASAP7_75t_R)
  44.37 6130.03 ^ _215332_/Y (AO211x2_ASAP7_75t_R)
  52.27 6182.30 ^ _215466_/Y (AO211x2_ASAP7_75t_R)
  42.70 6225.00 ^ _215467_/Y (AND2x4_ASAP7_75t_R)
  28.50 6253.50 ^ _215476_/Y (AO21x2_ASAP7_75t_R)
  26.58 6280.08 ^ _215478_/Y (AND2x2_ASAP7_75t_R)
  29.44 6309.52 ^ _215729_/Y (OA31x2_ASAP7_75t_R)
  15.57 6325.09 v _215748_/Y (AOI211x1_ASAP7_75t_R)
  37.27 6362.36 v _215777_/Y (OR4x2_ASAP7_75t_R)
  39.75 6402.11 v _215781_/Y (AO32x2_ASAP7_75t_R)
  53.51 6455.62 v _215787_/Y (OR3x2_ASAP7_75t_R)
  52.82 6508.44 v _215869_/Y (OA21x2_ASAP7_75t_R)
  29.60 6538.05 v _215888_/Y (AND2x2_ASAP7_75t_R)
  32.20 6570.25 v _215889_/Y (XNOR2x2_ASAP7_75t_R)
  33.95 6604.19 v _216007_/Y (XNOR2x1_ASAP7_75t_R)
  22.91 6627.10 ^ _216008_/Y (NAND3x1_ASAP7_75t_R)
  21.90 6649.00 v _216182_/Y (AOI211x1_ASAP7_75t_R)
  55.33 6704.33 v _216196_/Y (OR5x2_ASAP7_75t_R)
  56.07 6760.40 ^ _216251_/Y (NAND2x1_ASAP7_75t_R)
  30.17 6790.56 ^ _216252_/Y (AO21x2_ASAP7_75t_R)
  30.37 6820.93 ^ _216253_/Y (XNOR2x2_ASAP7_75t_R)
  27.60 6848.53 ^ _216254_/Y (AND2x2_ASAP7_75t_R)
  20.59 6869.12 ^ _216255_/Y (AO21x1_ASAP7_75t_R)
  20.90 6890.03 ^ _216261_/Y (OA211x2_ASAP7_75t_R)
  69.99 6960.02 ^ _216360_/Y (AO221x1_ASAP7_75t_R)
  23.00 6983.01 v _216362_/Y (INVx6_ASAP7_75t_R)
  89.01 7072.03 ^ _216545_/Y (NAND2x1_ASAP7_75t_R)
  37.31 7109.34 ^ _216628_/Y (OA21x2_ASAP7_75t_R)
  34.38 7143.72 v _216629_/Y (XNOR2x2_ASAP7_75t_R)
  28.17 7171.89 v _216843_/Y (OR2x4_ASAP7_75t_R)
  23.70 7195.59 v _216846_/Y (OA222x2_ASAP7_75t_R)
  22.80 7218.39 v _216851_/Y (AO221x1_ASAP7_75t_R)
  43.30 7261.68 v _216876_/Y (AO221x1_ASAP7_75t_R)
  43.55 7305.23 v _216887_/Y (AND3x2_ASAP7_75t_R)
  68.57 7373.80 ^ _216996_/Y (NAND2x2_ASAP7_75t_R)
  42.10 7415.90 ^ _217076_/Y (OA21x2_ASAP7_75t_R)
  23.95 7439.86 ^ _217107_/Y (XNOR2x2_ASAP7_75t_R)
  41.93 7481.79 ^ _217265_/Y (AND5x1_ASAP7_75t_R)
  36.98 7518.77 ^ _217277_/Y (AND5x1_ASAP7_75t_R)
  31.55 7550.31 ^ _217278_/Y (OA211x2_ASAP7_75t_R)
  45.89 7596.21 v _217284_/Y (AOI211x1_ASAP7_75t_R)
 109.67 7705.88 ^ _217285_/Y (NAND2x2_ASAP7_75t_R)
  40.57 7746.45 ^ _217578_/Y (OA21x2_ASAP7_75t_R)
  37.61 7784.06 v _217579_/Y (XNOR2x2_ASAP7_75t_R)
  37.05 7821.11 ^ _217695_/Y (NAND2x1_ASAP7_75t_R)
  31.64 7852.76 ^ _217699_/Y (AO211x2_ASAP7_75t_R)
  28.09 7880.85 ^ _217700_/Y (AO31x2_ASAP7_75t_R)
  45.60 7926.44 ^ _217715_/Y (AO21x2_ASAP7_75t_R)
  53.63 7980.07 v _217716_/Y (NAND2x2_ASAP7_75t_R)
  52.44 8032.51 v _218014_/Y (OA21x2_ASAP7_75t_R)
  28.10 8060.62 ^ _218015_/Y (XNOR2x2_ASAP7_75t_R)
  30.42 8091.04 v _218016_/Y (XNOR2x2_ASAP7_75t_R)
  36.08 8127.11 v _218022_/Y (OA211x2_ASAP7_75t_R)
  28.22 8155.33 v _218131_/Y (AO21x1_ASAP7_75t_R)
  32.85 8188.18 v _218149_/Y (OA21x2_ASAP7_75t_R)
  81.58 8269.76 v _218150_/Y (OR3x2_ASAP7_75t_R)
  30.35 8300.11 ^ _218207_/Y (OAI21x1_ASAP7_75t_R)
  42.40 8342.51 ^ _218208_/Y (XOR2x2_ASAP7_75t_R)
  31.19 8373.70 ^ _218236_/Y (XNOR2x2_ASAP7_75t_R)
  20.63 8394.32 ^ _218242_/Y (AND3x1_ASAP7_75t_R)
  14.84 8409.17 v _218244_/Y (NAND2x1_ASAP7_75t_R)
  26.50 8435.67 ^ _218285_/Y (OAI22x1_ASAP7_75t_R)
 142.85 8578.51 v _218562_/Y (AOI211x1_ASAP7_75t_R)
  74.35 8652.86 ^ _218680_/Y (OAI21x1_ASAP7_75t_R)
  29.37 8682.24 ^ _218682_/Y (AND2x2_ASAP7_75t_R)
  23.39 8705.63 ^ _218683_/Y (XNOR2x2_ASAP7_75t_R)
  37.42 8743.05 ^ _218684_/Y (AND5x1_ASAP7_75t_R)
  32.57 8775.62 ^ _218852_/Y (AND4x1_ASAP7_75t_R)
  19.20 8794.81 ^ _218871_/Y (AO31x2_ASAP7_75t_R)
  41.49 8836.30 ^ _218918_/Y (AO211x2_ASAP7_75t_R)
  57.65 8893.95 v _218927_/Y (NOR2x2_ASAP7_75t_R)
  48.50 8942.45 v _219003_/Y (OR4x1_ASAP7_75t_R)
  27.70 8970.15 v _219005_/Y (OA211x2_ASAP7_75t_R)
  17.28 8987.44 v _219012_/Y (AO31x2_ASAP7_75t_R)
  21.46 9008.90 v _219030_/Y (OR3x1_ASAP7_75t_R)
  23.63 9032.53 ^ _219031_/Y (NAND2x1_ASAP7_75t_R)
  33.26 9065.79 ^ _219212_/Y (AND4x1_ASAP7_75t_R)
  25.20 9090.98 ^ _219221_/Y (OR4x1_ASAP7_75t_R)
  50.06 9141.04 v _219222_/Y (OAI21x1_ASAP7_75t_R)
  67.84 9208.88 v _219302_/Y (AND2x2_ASAP7_75t_R)
  41.57 9250.45 ^ _219314_/Y (AOI211x1_ASAP7_75t_R)
  45.30 9295.75 v _219315_/Y (XNOR2x2_ASAP7_75t_R)
  36.90 9332.65 v _219653_/Y (OA211x2_ASAP7_75t_R)
  28.08 9360.74 v _219655_/Y (OA222x2_ASAP7_75t_R)
  91.46 9452.20 v _219690_/Y (AO221x1_ASAP7_75t_R)
  99.27 9551.47 ^ _219718_/Y (NAND2x2_ASAP7_75t_R)
  38.26 9589.73 v _219988_/Y (AOI221x1_ASAP7_75t_R)
  39.18 9628.90 v _219992_/Y (OA33x2_ASAP7_75t_R)
  20.42 9649.32 ^ _220017_/Y (AOI21x1_ASAP7_75t_R)
  37.96 9687.28 ^ _220031_/Y (OA33x2_ASAP7_75t_R)
  14.29 9701.57 v _220033_/Y (OAI21x1_ASAP7_75t_R)
  30.17 9731.74 v _220096_/Y (AO31x2_ASAP7_75t_R)
  36.51 9768.25 v _220129_/Y (AO211x2_ASAP7_75t_R)
  67.14 9835.39 v _220162_/Y (AO21x2_ASAP7_75t_R)
  57.53 9892.92 v _220341_/Y (AO21x2_ASAP7_75t_R)
  30.09 9923.01 v _220343_/Y (AND2x2_ASAP7_75t_R)
  23.13 9946.13 ^ _220461_/Y (OAI21x1_ASAP7_75t_R)
  37.85 9983.98 ^ _220467_/Y (AND5x1_ASAP7_75t_R)
  30.72 10014.70 ^ _220661_/Y (AO32x2_ASAP7_75t_R)
  35.08 10049.79 ^ _220664_/Y (OA31x2_ASAP7_75t_R)
  68.48 10118.27 ^ _220695_/Y (OR3x2_ASAP7_75t_R)
  70.81 10189.08 ^ _220861_/Y (OA21x2_ASAP7_75t_R)
  17.80 10206.87 ^ _220880_/Y (OA21x2_ASAP7_75t_R)
  12.18 10219.06 v _220893_/Y (NOR3x1_ASAP7_75t_R)
  37.00 10256.06 v _220894_/Y (OR4x1_ASAP7_75t_R)
  23.16 10279.21 v _220901_/Y (AO21x1_ASAP7_75t_R)
  25.08 10304.29 v _220910_/Y (AO21x2_ASAP7_75t_R)
  48.71 10353.01 v _221032_/Y (AO32x1_ASAP7_75t_R)
  65.61 10418.62 ^ _221087_/Y (NAND2x2_ASAP7_75t_R)
  55.90 10474.51 ^ _221108_/Y (OA22x2_ASAP7_75t_R)
  39.06 10513.58 ^ _221291_/Y (XNOR2x2_ASAP7_75t_R)
  32.23 10545.81 ^ _221294_/Y (AND4x2_ASAP7_75t_R)
  20.24 10566.05 ^ _221517_/Y (AND2x2_ASAP7_75t_R)
  14.05 10580.10 v _221532_/Y (AOI21x1_ASAP7_75t_R)
  32.93 10613.03 v _221571_/Y (AO221x1_ASAP7_75t_R)
  38.33 10651.35 v _221574_/Y (AO33x2_ASAP7_75t_R)
 118.12 10769.48 v _221575_/Y (AND3x1_ASAP7_75t_R)
  63.66 10833.14 v _221581_/Y (OR4x1_ASAP7_75t_R)
  35.15 10868.29 v _221583_/Y (AND3x1_ASAP7_75t_R)
  31.05 10899.34 v _221585_/Y (XNOR2x2_ASAP7_75t_R)
  25.34 10924.68 v _221598_/Y (AO211x2_ASAP7_75t_R)
  35.17 10959.85 v _221785_/Y (OR3x2_ASAP7_75t_R)
  44.32 11004.17 ^ _221849_/Y (NAND2x2_ASAP7_75t_R)
  66.84 11071.02 ^ _222157_/Y (OR3x2_ASAP7_75t_R)
  33.29 11104.30 ^ _222175_/Y (AND3x1_ASAP7_75t_R)
  41.82 11146.13 ^ _222176_/Y (XNOR2x2_ASAP7_75t_R)
  38.85 11184.98 v _222177_/Y (XNOR2x2_ASAP7_75t_R)
  27.14 11212.12 v _222178_/Y (AND5x2_ASAP7_75t_R)
  18.92 11231.04 v _222221_/Y (AND2x2_ASAP7_75t_R)
  19.31 11250.36 v _222230_/Y (AO21x2_ASAP7_75t_R)
  35.13 11285.48 v _222272_/Y (AO221x2_ASAP7_75t_R)
  25.58 11311.06 v _222273_/Y (AO21x2_ASAP7_75t_R)
 107.77 11418.83 v _222374_/Y (AO21x1_ASAP7_75t_R)
  77.82 11496.65 v _222701_/Y (OA211x2_ASAP7_75t_R)
  32.91 11529.56 v _222709_/Y (OR5x1_ASAP7_75t_R)
  23.11 11552.67 v _222716_/Y (OA21x2_ASAP7_75t_R)
  19.97 11572.64 v _222721_/Y (AND3x2_ASAP7_75t_R)
  27.35 11599.99 v _222722_/Y (OA31x2_ASAP7_75t_R)
  54.79 11654.77 v _222723_/Y (OR4x1_ASAP7_75t_R)
  80.73 11735.50 v _222856_/Y (AO21x2_ASAP7_75t_R)
  56.87 11792.38 v _223087_/Y (AND2x2_ASAP7_75t_R)
  36.36 11828.73 ^ _223088_/Y (XOR2x2_ASAP7_75t_R)
  26.88 11855.61 ^ _223089_/Y (XNOR2x2_ASAP7_75t_R)
  35.68 11891.29 ^ _223171_/Y (AND5x1_ASAP7_75t_R)
  37.20 11928.49 v _223178_/Y (AOI221x1_ASAP7_75t_R)
  39.10 11967.59 v _223188_/Y (OA21x2_ASAP7_75t_R)
 102.96 12070.56 v _223343_/Y (OA211x2_ASAP7_75t_R)
  56.24 12126.80 v _223434_/Y (OR3x1_ASAP7_75t_R)
  21.07 12147.87 v _223789_/Y (AND2x2_ASAP7_75t_R)
  21.60 12169.47 v _223790_/Y (XNOR2x1_ASAP7_75t_R)
  41.04 12210.51 v _223794_/Y (OR5x1_ASAP7_75t_R)
  38.35 12248.86 v _223795_/Y (OR4x1_ASAP7_75t_R)
  27.32 12276.17 v _223882_/Y (OA31x2_ASAP7_75t_R)
  44.98 12321.16 v _223883_/Y (OA211x2_ASAP7_75t_R)
  34.75 12355.91 v _223927_/Y (AND2x4_ASAP7_75t_R)
  49.68 12405.59 ^ _224049_/Y (AOI22x1_ASAP7_75t_R)
  26.12 12431.71 ^ _224050_/Y (XNOR2x1_ASAP7_75t_R)
  35.55 12467.26 ^ _224061_/Y (AND5x1_ASAP7_75t_R)
  58.64 12525.89 v _224146_/Y (AOI221x1_ASAP7_75t_R)
  47.00 12572.89 ^ _224355_/Y (OAI21x1_ASAP7_75t_R)
  26.37 12599.27 ^ _224356_/Y (AND4x1_ASAP7_75t_R)
  63.78 12663.05 ^ _224360_/Y (OR4x2_ASAP7_75t_R)
  87.20 12750.24 v _224402_/Y (INVx1_ASAP7_75t_R)
  20.14 12770.38 ^ _224406_/Y (AOI21x1_ASAP7_75t_R)
  49.46 12819.84 ^ _224409_/Y (AND5x1_ASAP7_75t_R)
  32.33 12852.17 v _224410_/Y (XNOR2x2_ASAP7_75t_R)
  18.06 12870.24 ^ _224411_/Y (AOI211x1_ASAP7_75t_R)
  31.51 12901.75 ^ _224428_/Y (AND2x2_ASAP7_75t_R)
 100.65 13002.40 v _224840_/Y (AOI211x1_ASAP7_75t_R)
  58.48 13060.88 v _224913_/Y (AND2x2_ASAP7_75t_R)
  17.85 13078.73 v _224914_/Y (OA21x2_ASAP7_75t_R)
  18.09 13096.81 v _224915_/Y (OA21x2_ASAP7_75t_R)
  33.01 13129.82 v _224916_/Y (AO221x1_ASAP7_75t_R)
  28.02 13157.83 v _224917_/Y (MAJx2_ASAP7_75t_R)
  19.41 13177.25 v _224929_/Y (AO21x1_ASAP7_75t_R)
  16.07 13193.32 v _224943_/Y (AO21x1_ASAP7_75t_R)
  17.98 13211.31 v _224948_/Y (AO21x1_ASAP7_75t_R)
  28.74 13240.05 v _225034_/Y (AO21x2_ASAP7_75t_R)
  45.54 13285.58 v _225249_/Y (AO21x2_ASAP7_75t_R)
  68.32 13353.90 ^ _225319_/Y (NAND2x2_ASAP7_75t_R)
  33.58 13387.48 ^ _225320_/Y (AO22x1_ASAP7_75t_R)
  24.35 13411.83 ^ _225322_/Y (AO21x2_ASAP7_75t_R)
  20.35 13432.18 ^ _225323_/Y (AO221x1_ASAP7_75t_R)
  31.65 13463.83 ^ _225326_/Y (OA211x2_ASAP7_75t_R)
  33.42 13497.25 ^ _225330_/Y (AO221x2_ASAP7_75t_R)
  24.64 13521.89 ^ _225341_/Y (AO21x2_ASAP7_75t_R)
  29.84 13551.73 ^ _225351_/Y (AO22x2_ASAP7_75t_R)
  71.22 13622.95 v _225594_/Y (AOI211x1_ASAP7_75t_R)
  99.64 13722.60 ^ _225595_/Y (NAND2x2_ASAP7_75t_R)
  45.68 13768.28 ^ _225671_/Y (OA211x2_ASAP7_75t_R)
  31.05 13799.33 ^ _225684_/Y (AND3x2_ASAP7_75t_R)
  25.28 13824.61 ^ _225685_/Y (OA22x2_ASAP7_75t_R)
  28.45 13853.06 ^ _225689_/Y (MAJx2_ASAP7_75t_R)
  25.67 13878.73 ^ _225690_/Y (MAJx2_ASAP7_75t_R)
  23.93 13902.66 v _225704_/Y (AOI21x1_ASAP7_75t_R)
  29.00 13931.66 ^ _225734_/Y (OAI21x1_ASAP7_75t_R)
  25.19 13956.85 ^ _225812_/Y (AND3x1_ASAP7_75t_R)
 113.16 14070.02 ^ _225945_/Y (OR5x1_ASAP7_75t_R)
  48.64 14118.66 ^ _226108_/Y (OA21x2_ASAP7_75t_R)
  18.90 14137.56 ^ _226109_/Y (AO221x1_ASAP7_75t_R)
  23.26 14160.82 ^ _226110_/Y (MAJx2_ASAP7_75t_R)
  18.20 14179.02 ^ _226111_/Y (AO21x1_ASAP7_75t_R)
  23.11 14202.12 ^ _226112_/Y (AO32x1_ASAP7_75t_R)
  39.84 14241.96 ^ _226115_/Y (AO22x1_ASAP7_75t_R)
  27.02 14268.98 v _226127_/Y (AOI21x1_ASAP7_75t_R)
  36.81 14305.79 ^ _226148_/Y (OAI22x1_ASAP7_75t_R)
  25.88 14331.68 ^ _226158_/Y (AO21x1_ASAP7_75t_R)
  27.29 14358.97 ^ _226160_/Y (AO22x2_ASAP7_75t_R)
  91.88 14450.85 ^ _226252_/Y (AO21x1_ASAP7_75t_R)
  17.69 14468.54 v _226384_/Y (NAND2x1_ASAP7_75t_R)
  32.81 14501.35 v _226388_/Y (AO222x2_ASAP7_75t_R)
  31.82 14533.18 v _226389_/Y (OA211x2_ASAP7_75t_R)
  22.60 14555.77 v _226390_/Y (MAJx2_ASAP7_75t_R)
  20.79 14576.57 v _226391_/Y (MAJx2_ASAP7_75t_R)
  20.18 14596.75 v _226392_/Y (MAJx2_ASAP7_75t_R)
  33.17 14629.92 v _226393_/Y (AO222x2_ASAP7_75t_R)
  20.18 14650.10 v _226415_/Y (AO21x1_ASAP7_75t_R)
  20.07 14670.17 v _226416_/Y (AO22x1_ASAP7_75t_R)
  22.13 14692.30 v _226425_/Y (AO21x2_ASAP7_75t_R)
  60.49 14752.79 v _226552_/Y (AO21x2_ASAP7_75t_R)
 228.13 14980.92 ^ _226668_/Y (NAND2x2_ASAP7_75t_R)
 115.78 15096.71 ^ _226680_/Y (OR3x2_ASAP7_75t_R)
  41.22 15137.93 ^ _226685_/Y (AND2x4_ASAP7_75t_R)
  58.80 15196.73 v _226736_/Y (XNOR2x2_ASAP7_75t_R)
  28.96 15225.69 v _226773_/Y (OR3x1_ASAP7_75t_R)
  47.08 15272.77 ^ _226775_/Y (AOI21x1_ASAP7_75t_R)
  45.33 15318.10 v _226776_/Y (NOR2x2_ASAP7_75t_R)
  79.48 15397.58 v _226777_/Y (AO32x1_ASAP7_75t_R)
 120.91 15518.49 ^ _227106_/Y (XNOR2x1_ASAP7_75t_R)
  53.31 15571.79 ^ _228542_/Y (AO32x1_ASAP7_75t_R)
  84.55 15656.34 ^ _228577_/Y (AO32x1_ASAP7_75t_R)
  53.68 15710.02 v _228823_/Y (NOR3x1_ASAP7_75t_R)
  36.69 15746.71 v _228824_/Y (AO32x1_ASAP7_75t_R)
  30.88 15777.60 v _228836_/Y (AO222x2_ASAP7_75t_R)
  29.42 15807.02 v _228869_/Y (OR5x1_ASAP7_75t_R)
  35.42 15842.43 v _228909_/Y (OR5x1_ASAP7_75t_R)
  35.55 15877.99 v _229076_/Y (AO32x1_ASAP7_75t_R)
  37.28 15915.27 v _229116_/Y (AO32x2_ASAP7_75t_R)
  26.65 15941.92 v _229223_/Y (AND5x2_ASAP7_75t_R)
  22.56 15964.47 v _229304_/Y (AND3x2_ASAP7_75t_R)
  23.31 15987.79 v _229305_/Y (AND4x2_ASAP7_75t_R)
  15.69 16003.47 v _229409_/Y (AND3x1_ASAP7_75t_R)
  18.91 16022.39 v _229419_/Y (OA31x2_ASAP7_75t_R)
  23.75 16046.13 v _229424_/Y (OA21x2_ASAP7_75t_R)
  45.81 16091.94 v _238033_/Y (OA211x2_ASAP7_75t_R)
  34.16 16126.10 v _241101_/Y (AO31x2_ASAP7_75t_R)
  71.43 16197.53 v _241194_/Y (AO221x1_ASAP7_75t_R)
 173.32 16370.85 ^ _241196_/Y (NAND2x2_ASAP7_75t_R)
  88.37 16459.22 v _241197_/Y (INVx2_ASAP7_75t_R)
  53.44 16512.66 v _253544_/Y (AO21x1_ASAP7_75t_R)
  14.90 16527.56 v _253545_/Y (AND2x2_ASAP7_75t_R)
   0.13 16527.69 v _378108_/D (DFFHQNx1_ASAP7_75t_R)
        16527.69   data arrival time

12000.00 12000.00   clock core_clk (rise edge)
   0.00 12000.00   clock source latency
   0.00 12000.00 ^ clk (in)
  51.21 12051.21 ^ wire5675/Y (BUFx12_ASAP7_75t_R)
  50.67 12101.89 ^ clkbuf_0_clk/Y (BUFx24_ASAP7_75t_R)
  26.15 12128.04 ^ clkbuf_1_1_0_clk/Y (BUFx24_ASAP7_75t_R)
  24.91 12152.95 ^ clkbuf_2_2_0_clk/Y (BUFx24_ASAP7_75t_R)
  27.24 12180.19 ^ clkbuf_3_5_0_clk/Y (BUFx24_ASAP7_75t_R)
  25.96 12206.15 ^ clkbuf_4_11_0_clk/Y (BUFx24_ASAP7_75t_R)
  27.00 12233.15 ^ clkbuf_6_45__f_clk/Y (BUFx24_ASAP7_75t_R)
  26.21 12259.37 ^ clkbuf_leaf_570_clk/Y (BUFx24_ASAP7_75t_R)
   1.34 12260.70 ^ _378108_/CLK (DFFHQNx1_ASAP7_75t_R)
 -50.00 12210.70   clock uncertainty
   2.39 12213.09   clock reconvergence pessimism
  -0.26 12212.83   library setup time
        12212.83   data required time
---------------------------------------------------------
        12212.83   data required time
        -16527.69   data arrival time
---------------------------------------------------------
        -4314.85   slack (VIOLATED)


Startpoint: _369487_ (rising edge-triggered flip-flop clocked by core_clk)
Endpoint: _378108_ (rising edge-triggered flip-flop clocked by core_clk)
Path Group: reg2reg
Path Type: max

  Delay    Time   Description
---------------------------------------------------------
   0.00    0.00   clock core_clk (rise edge)
   0.00    0.00   clock source latency
   0.00    0.00 ^ clk (in)
  51.99   51.99 ^ wire5675/Y (BUFx12_ASAP7_75t_R)
  52.29  104.28 ^ clkbuf_0_clk/Y (BUFx24_ASAP7_75t_R)
  27.06  131.33 ^ clkbuf_1_0_0_clk/Y (BUFx24_ASAP7_75t_R)
  26.85  158.18 ^ clkbuf_2_1_0_clk/Y (BUFx24_ASAP7_75t_R)
  28.86  187.04 ^ clkbuf_3_3_0_clk/Y (BUFx24_ASAP7_75t_R)
  30.02  217.07 ^ clkbuf_4_7_0_clk/Y (BUFx24_ASAP7_75t_R)
  29.08  246.15 ^ clkbuf_6_30__f_clk/Y (BUFx24_ASAP7_75t_R)
  33.58  279.73 ^ clkbuf_leaf_368_clk/Y (BUFx24_ASAP7_75t_R)
   3.20  282.92 ^ _369487_/CLK (DFFHQNx1_ASAP7_75t_R)
  81.75  364.68 v _369487_/QN (DFFHQNx1_ASAP7_75t_R)
 117.22  481.90 v _184248_/Y (OR4x2_ASAP7_75t_R)
 163.68  645.58 ^ _184249_/Y (NAND3x1_ASAP7_75t_R)
  86.57  732.14 v _184434_/Y (AOI21x1_ASAP7_75t_R)
  78.49  810.64 v _184438_/Y (OR3x1_ASAP7_75t_R)
  60.40  871.03 ^ _184457_/Y (AOI21x1_ASAP7_75t_R)
  39.14  910.17 ^ max_cap4622/Y (BUFx12_ASAP7_75t_R)
  24.73  934.91 ^ max_cap4621/Y (BUFx12_ASAP7_75t_R)
  31.59  966.49 ^ load_slew4620/Y (BUFx6f_ASAP7_75t_R)
  23.60  990.09 ^ wire4619/Y (BUFx12f_ASAP7_75t_R)
  32.21 1022.30 ^ max_cap4618/Y (BUFx10_ASAP7_75t_R)
  29.02 1051.32 ^ max_cap4612/Y (BUFx12_ASAP7_75t_R)
  34.32 1085.64 ^ wire4609/Y (BUFx12f_ASAP7_75t_R)
  29.55 1115.19 ^ load_slew4607/Y (BUFx12f_ASAP7_75t_R)
 120.66 1235.85 ^ _184934_/Y (OR3x1_ASAP7_75t_R)
  79.52 1315.37 ^ _185378_/Y (OR2x2_ASAP7_75t_R)
  21.21 1336.58 ^ _185399_/Y (AND4x1_ASAP7_75t_R)
  38.30 1374.88 ^ _185400_/Y (AND4x2_ASAP7_75t_R)
  95.55 1470.43 ^ _185414_/Y (OA222x2_ASAP7_75t_R)
  80.33 1550.76 v _185565_/Y (NAND2x1_ASAP7_75t_R)
  49.69 1600.45 v _186054_/Y (OR5x1_ASAP7_75t_R)
  49.59 1650.03 v _188459_/Y (OR4x2_ASAP7_75t_R)
  66.04 1716.07 v _211565_/Y (AND4x2_ASAP7_75t_R)
  30.31 1746.38 v load_slew2798/Y (BUFx16f_ASAP7_75t_R)
  43.33 1789.71 v load_slew2797/Y (BUFx16f_ASAP7_75t_R)
  35.87 1825.58 v load_slew2796/Y (BUFx16f_ASAP7_75t_R)
  69.03 1894.61 v wire2795/Y (BUFx16f_ASAP7_75t_R)
  24.24 1918.86 v load_slew2794/Y (BUFx16f_ASAP7_75t_R)
  55.74 1974.59 v wire2793/Y (BUFx16f_ASAP7_75t_R)
  79.57 2054.17 v _211844_/Y (AND2x4_ASAP7_75t_R)
  30.08 2084.25 v wire2553/Y (BUFx16f_ASAP7_75t_R)
  78.91 2163.16 v load_slew2552/Y (BUFx16f_ASAP7_75t_R)
 118.99 2282.15 v _211850_/Y (OR4x1_ASAP7_75t_R)
  25.38 2307.53 v _211851_/Y (AND2x4_ASAP7_75t_R)
  17.24 2324.78 ^ _211863_/Y (NOR3x1_ASAP7_75t_R)
  30.46 2355.24 ^ _211864_/Y (AND4x2_ASAP7_75t_R)
   8.53 2363.77 v _211865_/Y (NAND3x1_ASAP7_75t_R)
  33.28 2397.05 v _211869_/Y (OA211x2_ASAP7_75t_R)
  20.81 2417.86 ^ _211879_/Y (AOI221x1_ASAP7_75t_R)
  37.89 2455.75 v _211916_/Y (AOI221x1_ASAP7_75t_R)
  34.29 2490.04 v _211994_/Y (AO21x2_ASAP7_75t_R)
  24.71 2514.75 ^ _212068_/Y (AOI221x1_ASAP7_75t_R)
  40.92 2555.67 v _212069_/Y (XNOR2x2_ASAP7_75t_R)
  49.13 2604.81 v _212079_/Y (AO32x1_ASAP7_75t_R)
  37.28 2642.08 v _212081_/Y (AO221x2_ASAP7_75t_R)
  33.14 2675.22 v _212140_/Y (AO21x2_ASAP7_75t_R)
  32.77 2708.00 ^ _212148_/Y (NAND2x2_ASAP7_75t_R)
  33.87 2741.87 ^ _212159_/Y (AO221x1_ASAP7_75t_R)
  30.04 2771.91 ^ _212174_/Y (AO22x2_ASAP7_75t_R)
  32.66 2804.57 v _212207_/Y (OAI21x1_ASAP7_75t_R)
  25.57 2830.14 ^ _212221_/Y (AOI21x1_ASAP7_75t_R)
  31.21 2861.35 ^ _212228_/Y (OA21x2_ASAP7_75t_R)
  26.23 2887.59 ^ _212263_/Y (XNOR2x2_ASAP7_75t_R)
  30.31 2917.90 ^ _212273_/Y (AO221x1_ASAP7_75t_R)
  27.36 2945.26 ^ _212358_/Y (MAJx2_ASAP7_75t_R)
  40.47 2985.73 v _212379_/Y (AOI211x1_ASAP7_75t_R)
  56.07 3041.79 ^ _212412_/Y (OAI21x1_ASAP7_75t_R)
  41.41 3083.21 ^ _212419_/Y (AO211x2_ASAP7_75t_R)
  25.93 3109.13 ^ _212421_/Y (OA33x2_ASAP7_75t_R)
  25.72 3134.86 v _212437_/Y (NOR3x1_ASAP7_75t_R)
  34.56 3169.41 ^ _212512_/Y (OAI21x1_ASAP7_75t_R)
  31.95 3201.36 ^ _212568_/Y (AO32x1_ASAP7_75t_R)
  22.00 3223.36 ^ _212584_/Y (AND3x1_ASAP7_75t_R)
  26.56 3249.92 ^ _212585_/Y (XNOR2x2_ASAP7_75t_R)
  37.09 3287.01 ^ _212597_/Y (MAJx2_ASAP7_75t_R)
  34.19 3321.21 v _212610_/Y (AOI211x1_ASAP7_75t_R)
  42.58 3363.79 v _212620_/Y (OA211x2_ASAP7_75t_R)
  40.55 3404.34 v _212641_/Y (OR2x2_ASAP7_75t_R)
  26.42 3430.77 v _212731_/Y (AO21x1_ASAP7_75t_R)
  20.15 3450.91 v _212733_/Y (AO22x1_ASAP7_75t_R)
  30.08 3480.99 ^ _212738_/Y (AOI221x1_ASAP7_75t_R)
  32.67 3513.66 ^ _212740_/Y (AO211x2_ASAP7_75t_R)
  34.65 3548.30 ^ _212753_/Y (AO21x1_ASAP7_75t_R)
  43.93 3592.23 ^ _212838_/Y (AO21x2_ASAP7_75t_R)
  27.90 3620.13 ^ _212901_/Y (AND3x1_ASAP7_75t_R)
  31.81 3651.94 v _212902_/Y (AOI21x1_ASAP7_75t_R)
  31.51 3683.46 ^ _212903_/Y (AOI22x1_ASAP7_75t_R)
  39.18 3722.63 ^ _212946_/Y (AND4x2_ASAP7_75t_R)
  24.62 3747.25 ^ _213006_/Y (OA211x2_ASAP7_75t_R)
  25.07 3772.32 ^ _213007_/Y (AO221x1_ASAP7_75t_R)
  20.55 3792.87 ^ _213008_/Y (AO21x2_ASAP7_75t_R)
  25.91 3818.77 ^ _213011_/Y (AND3x2_ASAP7_75t_R)
  34.12 3852.89 v _213012_/Y (XNOR2x2_ASAP7_75t_R)
  26.94 3879.83 v _213058_/Y (OA211x2_ASAP7_75t_R)
  30.20 3910.03 v _213060_/Y (OA211x2_ASAP7_75t_R)
  31.18 3941.21 v _213078_/Y (OR3x2_ASAP7_75t_R)
  27.61 3968.82 v _213197_/Y (AO211x2_ASAP7_75t_R)
  26.88 3995.70 v _213198_/Y (AND2x4_ASAP7_75t_R)
  27.47 4023.17 v _213230_/Y (AND2x2_ASAP7_75t_R)
  26.40 4049.57 v _213231_/Y (XNOR2x1_ASAP7_75t_R)
  29.91 4079.47 v _213232_/Y (XNOR2x1_ASAP7_75t_R)
  44.09 4123.57 v _213363_/Y (AO221x1_ASAP7_75t_R)
  38.78 4162.35 v _213368_/Y (OR5x1_ASAP7_75t_R)
  58.50 4220.84 v _213375_/Y (AO222x2_ASAP7_75t_R)
  33.13 4253.97 v _213494_/Y (AND2x4_ASAP7_75t_R)
  30.36 4284.34 v _213495_/Y (XNOR2x1_ASAP7_75t_R)
  38.09 4322.42 v _213524_/Y (AO32x1_ASAP7_75t_R)
  26.66 4349.08 ^ _213525_/Y (AOI211x1_ASAP7_75t_R)
  34.25 4383.33 ^ _213548_/Y (OA31x2_ASAP7_75t_R)
  37.41 4420.74 ^ _213564_/Y (AO211x2_ASAP7_75t_R)
  26.49 4447.23 ^ _213595_/Y (AND3x1_ASAP7_75t_R)
  26.24 4473.47 v _213596_/Y (XOR2x2_ASAP7_75t_R)
  22.45 4495.92 v _213605_/Y (AO21x1_ASAP7_75t_R)
  37.08 4533.00 v _213606_/Y (AO32x1_ASAP7_75t_R)
  31.94 4564.94 v _213625_/Y (AO21x2_ASAP7_75t_R)
  27.70 4592.64 v _213781_/Y (OA21x2_ASAP7_75t_R)
  41.78 4634.43 ^ _213794_/Y (OAI21x1_ASAP7_75t_R)
  42.88 4677.31 v _213835_/Y (NAND2x2_ASAP7_75t_R)
  36.85 4714.16 v _213973_/Y (AND2x2_ASAP7_75t_R)
  38.28 4752.44 ^ _213974_/Y (XNOR2x2_ASAP7_75t_R)
  22.92 4775.36 v _213984_/Y (AOI211x1_ASAP7_75t_R)
  37.61 4812.97 v _213988_/Y (OR4x2_ASAP7_75t_R)
  38.30 4851.27 v _213989_/Y (AO21x1_ASAP7_75t_R)
  59.80 4911.07 ^ _214007_/Y (NAND2x1_ASAP7_75t_R)
  41.74 4952.81 ^ _214009_/Y (AND2x4_ASAP7_75t_R)
  22.52 4975.32 ^ _214013_/Y (AND2x2_ASAP7_75t_R)
  36.11 5011.43 v _214014_/Y (XNOR2x2_ASAP7_75t_R)
  33.46 5044.89 v _214121_/Y (OA211x2_ASAP7_75t_R)
  18.77 5063.65 v _214139_/Y (AND4x1_ASAP7_75t_R)
  21.40 5085.06 v _214326_/Y (AO211x2_ASAP7_75t_R)
  49.96 5135.02 v _214333_/Y (OA21x2_ASAP7_75t_R)
  60.41 5195.44 v _214504_/Y (OA211x2_ASAP7_75t_R)
  29.67 5225.10 v _214505_/Y (XOR2x2_ASAP7_75t_R)
  20.14 5245.25 v _214529_/Y (AND3x1_ASAP7_75t_R)
  38.50 5283.75 v _214531_/Y (OR4x2_ASAP7_75t_R)
  17.34 5301.09 ^ _214543_/Y (AOI22x1_ASAP7_75t_R)
  20.49 5321.58 ^ _214544_/Y (AND2x4_ASAP7_75t_R)
  63.94 5385.52 ^ _214554_/Y (AO221x2_ASAP7_75t_R)
  51.28 5436.80 ^ _214722_/Y (AND5x1_ASAP7_75t_R)
  29.23 5466.03 v _214723_/Y (XOR2x2_ASAP7_75t_R)
  19.65 5485.69 v _214724_/Y (AND2x4_ASAP7_75t_R)
  15.97 5501.66 ^ _214850_/Y (INVx1_ASAP7_75t_R)
  31.91 5533.57 ^ _214852_/Y (AND4x1_ASAP7_75t_R)
  29.87 5563.43 ^ _214868_/Y (AND5x1_ASAP7_75t_R)
  22.72 5586.16 ^ _214869_/Y (AO32x1_ASAP7_75t_R)
  81.64 5667.80 ^ _214872_/Y (OA31x2_ASAP7_75t_R)
  42.50 5710.30 ^ _215078_/Y (AND2x2_ASAP7_75t_R)
  36.10 5746.39 v _215079_/Y (XNOR2x2_ASAP7_75t_R)
  34.42 5780.82 v _215122_/Y (OA221x2_ASAP7_75t_R)
  30.89 5811.71 v _215131_/Y (AO221x1_ASAP7_75t_R)
  37.11 5848.82 v _215139_/Y (AO22x2_ASAP7_75t_R)
  36.40 5885.21 v _215153_/Y (AO221x2_ASAP7_75t_R)
  53.03 5938.24 v _215160_/Y (AO21x2_ASAP7_75t_R)
  43.59 5981.83 v _215230_/Y (AO21x2_ASAP7_75t_R)
  20.05 6001.87 v _215231_/Y (AND2x4_ASAP7_75t_R)
  16.94 6018.81 v _215284_/Y (XNOR2x1_ASAP7_75t_R)
  38.74 6057.55 v _215285_/Y (OR5x1_ASAP7_75t_R)
  28.11 6085.66 ^ _215286_/Y (OAI22x1_ASAP7_75t_R)
  44.37 6130.03 ^ _215332_/Y (AO211x2_ASAP7_75t_R)
  52.27 6182.30 ^ _215466_/Y (AO211x2_ASAP7_75t_R)
  42.70 6225.00 ^ _215467_/Y (AND2x4_ASAP7_75t_R)
  28.50 6253.50 ^ _215476_/Y (AO21x2_ASAP7_75t_R)
  26.58 6280.08 ^ _215478_/Y (AND2x2_ASAP7_75t_R)
  29.44 6309.52 ^ _215729_/Y (OA31x2_ASAP7_75t_R)
  15.57 6325.09 v _215748_/Y (AOI211x1_ASAP7_75t_R)
  37.27 6362.36 v _215777_/Y (OR4x2_ASAP7_75t_R)
  39.75 6402.11 v _215781_/Y (AO32x2_ASAP7_75t_R)
  53.51 6455.62 v _215787_/Y (OR3x2_ASAP7_75t_R)
  52.82 6508.44 v _215869_/Y (OA21x2_ASAP7_75t_R)
  29.60 6538.05 v _215888_/Y (AND2x2_ASAP7_75t_R)
  32.20 6570.25 v _215889_/Y (XNOR2x2_ASAP7_75t_R)
  33.95 6604.19 v _216007_/Y (XNOR2x1_ASAP7_75t_R)
  22.91 6627.10 ^ _216008_/Y (NAND3x1_ASAP7_75t_R)
  21.90 6649.00 v _216182_/Y (AOI211x1_ASAP7_75t_R)
  55.33 6704.33 v _216196_/Y (OR5x2_ASAP7_75t_R)
  56.07 6760.40 ^ _216251_/Y (NAND2x1_ASAP7_75t_R)
  30.17 6790.56 ^ _216252_/Y (AO21x2_ASAP7_75t_R)
  30.37 6820.93 ^ _216253_/Y (XNOR2x2_ASAP7_75t_R)
  27.60 6848.53 ^ _216254_/Y (AND2x2_ASAP7_75t_R)
  20.59 6869.12 ^ _216255_/Y (AO21x1_ASAP7_75t_R)
  20.90 6890.03 ^ _216261_/Y (OA211x2_ASAP7_75t_R)
  69.99 6960.02 ^ _216360_/Y (AO221x1_ASAP7_75t_R)
  23.00 6983.01 v _216362_/Y (INVx6_ASAP7_75t_R)
  89.01 7072.03 ^ _216545_/Y (NAND2x1_ASAP7_75t_R)
  37.31 7109.34 ^ _216628_/Y (OA21x2_ASAP7_75t_R)
  34.38 7143.72 v _216629_/Y (XNOR2x2_ASAP7_75t_R)
  28.17 7171.89 v _216843_/Y (OR2x4_ASAP7_75t_R)
  23.70 7195.59 v _216846_/Y (OA222x2_ASAP7_75t_R)
  22.80 7218.39 v _216851_/Y (AO221x1_ASAP7_75t_R)
  43.30 7261.68 v _216876_/Y (AO221x1_ASAP7_75t_R)
  43.55 7305.23 v _216887_/Y (AND3x2_ASAP7_75t_R)
  68.57 7373.80 ^ _216996_/Y (NAND2x2_ASAP7_75t_R)
  42.10 7415.90 ^ _217076_/Y (OA21x2_ASAP7_75t_R)
  23.95 7439.86 ^ _217107_/Y (XNOR2x2_ASAP7_75t_R)
  41.93 7481.79 ^ _217265_/Y (AND5x1_ASAP7_75t_R)
  36.98 7518.77 ^ _217277_/Y (AND5x1_ASAP7_75t_R)
  31.55 7550.31 ^ _217278_/Y (OA211x2_ASAP7_75t_R)
  45.89 7596.21 v _217284_/Y (AOI211x1_ASAP7_75t_R)
 109.67 7705.88 ^ _217285_/Y (NAND2x2_ASAP7_75t_R)
  40.57 7746.45 ^ _217578_/Y (OA21x2_ASAP7_75t_R)
  37.61 7784.06 v _217579_/Y (XNOR2x2_ASAP7_75t_R)
  37.05 7821.11 ^ _217695_/Y (NAND2x1_ASAP7_75t_R)
  31.64 7852.76 ^ _217699_/Y (AO211x2_ASAP7_75t_R)
  28.09 7880.85 ^ _217700_/Y (AO31x2_ASAP7_75t_R)
  45.60 7926.44 ^ _217715_/Y (AO21x2_ASAP7_75t_R)
  53.63 7980.07 v _217716_/Y (NAND2x2_ASAP7_75t_R)
  52.44 8032.51 v _218014_/Y (OA21x2_ASAP7_75t_R)
  28.10 8060.62 ^ _218015_/Y (XNOR2x2_ASAP7_75t_R)
  30.42 8091.04 v _218016_/Y (XNOR2x2_ASAP7_75t_R)
  36.08 8127.11 v _218022_/Y (OA211x2_ASAP7_75t_R)
  28.22 8155.33 v _218131_/Y (AO21x1_ASAP7_75t_R)
  32.85 8188.18 v _218149_/Y (OA21x2_ASAP7_75t_R)
  81.58 8269.76 v _218150_/Y (OR3x2_ASAP7_75t_R)
  30.35 8300.11 ^ _218207_/Y (OAI21x1_ASAP7_75t_R)
  42.40 8342.51 ^ _218208_/Y (XOR2x2_ASAP7_75t_R)
  31.19 8373.70 ^ _218236_/Y (XNOR2x2_ASAP7_75t_R)
  20.63 8394.32 ^ _218242_/Y (AND3x1_ASAP7_75t_R)
  14.84 8409.17 v _218244_/Y (NAND2x1_ASAP7_75t_R)
  26.50 8435.67 ^ _218285_/Y (OAI22x1_ASAP7_75t_R)
 142.85 8578.51 v _218562_/Y (AOI211x1_ASAP7_75t_R)
  74.35 8652.86 ^ _218680_/Y (OAI21x1_ASAP7_75t_R)
  29.37 8682.24 ^ _218682_/Y (AND2x2_ASAP7_75t_R)
  23.39 8705.63 ^ _218683_/Y (XNOR2x2_ASAP7_75t_R)
  37.42 8743.05 ^ _218684_/Y (AND5x1_ASAP7_75t_R)
  32.57 8775.62 ^ _218852_/Y (AND4x1_ASAP7_75t_R)
  19.20 8794.81 ^ _218871_/Y (AO31x2_ASAP7_75t_R)
  41.49 8836.30 ^ _218918_/Y (AO211x2_ASAP7_75t_R)
  57.65 8893.95 v _218927_/Y (NOR2x2_ASAP7_75t_R)
  48.50 8942.45 v _219003_/Y (OR4x1_ASAP7_75t_R)
  27.70 8970.15 v _219005_/Y (OA211x2_ASAP7_75t_R)
  17.28 8987.44 v _219012_/Y (AO31x2_ASAP7_75t_R)
  21.46 9008.90 v _219030_/Y (OR3x1_ASAP7_75t_R)
  23.63 9032.53 ^ _219031_/Y (NAND2x1_ASAP7_75t_R)
  33.26 9065.79 ^ _219212_/Y (AND4x1_ASAP7_75t_R)
  25.20 9090.98 ^ _219221_/Y (OR4x1_ASAP7_75t_R)
  50.06 9141.04 v _219222_/Y (OAI21x1_ASAP7_75t_R)
  67.84 9208.88 v _219302_/Y (AND2x2_ASAP7_75t_R)
  41.57 9250.45 ^ _219314_/Y (AOI211x1_ASAP7_75t_R)
  45.30 9295.75 v _219315_/Y (XNOR2x2_ASAP7_75t_R)
  36.90 9332.65 v _219653_/Y (OA211x2_ASAP7_75t_R)
  28.08 9360.74 v _219655_/Y (OA222x2_ASAP7_75t_R)
  91.46 9452.20 v _219690_/Y (AO221x1_ASAP7_75t_R)
  99.27 9551.47 ^ _219718_/Y (NAND2x2_ASAP7_75t_R)
  38.26 9589.73 v _219988_/Y (AOI221x1_ASAP7_75t_R)
  39.18 9628.90 v _219992_/Y (OA33x2_ASAP7_75t_R)
  20.42 9649.32 ^ _220017_/Y (AOI21x1_ASAP7_75t_R)
  37.96 9687.28 ^ _220031_/Y (OA33x2_ASAP7_75t_R)
  14.29 9701.57 v _220033_/Y (OAI21x1_ASAP7_75t_R)
  30.17 9731.74 v _220096_/Y (AO31x2_ASAP7_75t_R)
  36.51 9768.25 v _220129_/Y (AO211x2_ASAP7_75t_R)
  67.14 9835.39 v _220162_/Y (AO21x2_ASAP7_75t_R)
  57.53 9892.92 v _220341_/Y (AO21x2_ASAP7_75t_R)
  30.09 9923.01 v _220343_/Y (AND2x2_ASAP7_75t_R)
  23.13 9946.13 ^ _220461_/Y (OAI21x1_ASAP7_75t_R)
  37.85 9983.98 ^ _220467_/Y (AND5x1_ASAP7_75t_R)
  30.72 10014.70 ^ _220661_/Y (AO32x2_ASAP7_75t_R)
  35.08 10049.79 ^ _220664_/Y (OA31x2_ASAP7_75t_R)
  68.48 10118.27 ^ _220695_/Y (OR3x2_ASAP7_75t_R)
  70.81 10189.08 ^ _220861_/Y (OA21x2_ASAP7_75t_R)
  17.80 10206.87 ^ _220880_/Y (OA21x2_ASAP7_75t_R)
  12.18 10219.06 v _220893_/Y (NOR3x1_ASAP7_75t_R)
  37.00 10256.06 v _220894_/Y (OR4x1_ASAP7_75t_R)
  23.16 10279.21 v _220901_/Y (AO21x1_ASAP7_75t_R)
  25.08 10304.29 v _220910_/Y (AO21x2_ASAP7_75t_R)
  48.71 10353.01 v _221032_/Y (AO32x1_ASAP7_75t_R)
  65.61 10418.62 ^ _221087_/Y (NAND2x2_ASAP7_75t_R)
  55.90 10474.51 ^ _221108_/Y (OA22x2_ASAP7_75t_R)
  39.06 10513.58 ^ _221291_/Y (XNOR2x2_ASAP7_75t_R)
  32.23 10545.81 ^ _221294_/Y (AND4x2_ASAP7_75t_R)
  20.24 10566.05 ^ _221517_/Y (AND2x2_ASAP7_75t_R)
  14.05 10580.10 v _221532_/Y (AOI21x1_ASAP7_75t_R)
  32.93 10613.03 v _221571_/Y (AO221x1_ASAP7_75t_R)
  38.33 10651.35 v _221574_/Y (AO33x2_ASAP7_75t_R)
 118.12 10769.48 v _221575_/Y (AND3x1_ASAP7_75t_R)
  63.66 10833.14 v _221581_/Y (OR4x1_ASAP7_75t_R)
  35.15 10868.29 v _221583_/Y (AND3x1_ASAP7_75t_R)
  31.05 10899.34 v _221585_/Y (XNOR2x2_ASAP7_75t_R)
  25.34 10924.68 v _221598_/Y (AO211x2_ASAP7_75t_R)
  35.17 10959.85 v _221785_/Y (OR3x2_ASAP7_75t_R)
  44.32 11004.17 ^ _221849_/Y (NAND2x2_ASAP7_75t_R)
  66.84 11071.02 ^ _222157_/Y (OR3x2_ASAP7_75t_R)
  33.29 11104.30 ^ _222175_/Y (AND3x1_ASAP7_75t_R)
  41.82 11146.13 ^ _222176_/Y (XNOR2x2_ASAP7_75t_R)
  38.85 11184.98 v _222177_/Y (XNOR2x2_ASAP7_75t_R)
  27.14 11212.12 v _222178_/Y (AND5x2_ASAP7_75t_R)
  18.92 11231.04 v _222221_/Y (AND2x2_ASAP7_75t_R)
  19.31 11250.36 v _222230_/Y (AO21x2_ASAP7_75t_R)
  35.13 11285.48 v _222272_/Y (AO221x2_ASAP7_75t_R)
  25.58 11311.06 v _222273_/Y (AO21x2_ASAP7_75t_R)
 107.77 11418.83 v _222374_/Y (AO21x1_ASAP7_75t_R)
  77.82 11496.65 v _222701_/Y (OA211x2_ASAP7_75t_R)
  32.91 11529.56 v _222709_/Y (OR5x1_ASAP7_75t_R)
  23.11 11552.67 v _222716_/Y (OA21x2_ASAP7_75t_R)
  19.97 11572.64 v _222721_/Y (AND3x2_ASAP7_75t_R)
  27.35 11599.99 v _222722_/Y (OA31x2_ASAP7_75t_R)
  54.79 11654.77 v _222723_/Y (OR4x1_ASAP7_75t_R)
  80.73 11735.50 v _222856_/Y (AO21x2_ASAP7_75t_R)
  56.87 11792.38 v _223087_/Y (AND2x2_ASAP7_75t_R)
  36.36 11828.73 ^ _223088_/Y (XOR2x2_ASAP7_75t_R)
  26.88 11855.61 ^ _223089_/Y (XNOR2x2_ASAP7_75t_R)
  35.68 11891.29 ^ _223171_/Y (AND5x1_ASAP7_75t_R)
  37.20 11928.49 v _223178_/Y (AOI221x1_ASAP7_75t_R)
  39.10 11967.59 v _223188_/Y (OA21x2_ASAP7_75t_R)
 102.96 12070.56 v _223343_/Y (OA211x2_ASAP7_75t_R)
  56.24 12126.80 v _223434_/Y (OR3x1_ASAP7_75t_R)
  21.07 12147.87 v _223789_/Y (AND2x2_ASAP7_75t_R)
  21.60 12169.47 v _223790_/Y (XNOR2x1_ASAP7_75t_R)
  41.04 12210.51 v _223794_/Y (OR5x1_ASAP7_75t_R)
  38.35 12248.86 v _223795_/Y (OR4x1_ASAP7_75t_R)
  27.32 12276.17 v _223882_/Y (OA31x2_ASAP7_75t_R)
  44.98 12321.16 v _223883_/Y (OA211x2_ASAP7_75t_R)
  34.75 12355.91 v _223927_/Y (AND2x4_ASAP7_75t_R)
  49.68 12405.59 ^ _224049_/Y (AOI22x1_ASAP7_75t_R)
  26.12 12431.71 ^ _224050_/Y (XNOR2x1_ASAP7_75t_R)
  35.55 12467.26 ^ _224061_/Y (AND5x1_ASAP7_75t_R)
  58.64 12525.89 v _224146_/Y (AOI221x1_ASAP7_75t_R)
  47.00 12572.89 ^ _224355_/Y (OAI21x1_ASAP7_75t_R)
  26.37 12599.27 ^ _224356_/Y (AND4x1_ASAP7_75t_R)
  63.78 12663.05 ^ _224360_/Y (OR4x2_ASAP7_75t_R)
  87.20 12750.24 v _224402_/Y (INVx1_ASAP7_75t_R)
  20.14 12770.38 ^ _224406_/Y (AOI21x1_ASAP7_75t_R)
  49.46 12819.84 ^ _224409_/Y (AND5x1_ASAP7_75t_R)
  32.33 12852.17 v _224410_/Y (XNOR2x2_ASAP7_75t_R)
  18.06 12870.24 ^ _224411_/Y (AOI211x1_ASAP7_75t_R)
  31.51 12901.75 ^ _224428_/Y (AND2x2_ASAP7_75t_R)
 100.65 13002.40 v _224840_/Y (AOI211x1_ASAP7_75t_R)
  58.48 13060.88 v _224913_/Y (AND2x2_ASAP7_75t_R)
  17.85 13078.73 v _224914_/Y (OA21x2_ASAP7_75t_R)
  18.09 13096.81 v _224915_/Y (OA21x2_ASAP7_75t_R)
  33.01 13129.82 v _224916_/Y (AO221x1_ASAP7_75t_R)
  28.02 13157.83 v _224917_/Y (MAJx2_ASAP7_75t_R)
  19.41 13177.25 v _224929_/Y (AO21x1_ASAP7_75t_R)
  16.07 13193.32 v _224943_/Y (AO21x1_ASAP7_75t_R)
  17.98 13211.31 v _224948_/Y (AO21x1_ASAP7_75t_R)
  28.74 13240.05 v _225034_/Y (AO21x2_ASAP7_75t_R)
  45.54 13285.58 v _225249_/Y (AO21x2_ASAP7_75t_R)
  68.32 13353.90 ^ _225319_/Y (NAND2x2_ASAP7_75t_R)
  33.58 13387.48 ^ _225320_/Y (AO22x1_ASAP7_75t_R)
  24.35 13411.83 ^ _225322_/Y (AO21x2_ASAP7_75t_R)
  20.35 13432.18 ^ _225323_/Y (AO221x1_ASAP7_75t_R)
  31.65 13463.83 ^ _225326_/Y (OA211x2_ASAP7_75t_R)
  33.42 13497.25 ^ _225330_/Y (AO221x2_ASAP7_75t_R)
  24.64 13521.89 ^ _225341_/Y (AO21x2_ASAP7_75t_R)
  29.84 13551.73 ^ _225351_/Y (AO22x2_ASAP7_75t_R)
  71.22 13622.95 v _225594_/Y (AOI211x1_ASAP7_75t_R)
  99.64 13722.60 ^ _225595_/Y (NAND2x2_ASAP7_75t_R)
  45.68 13768.28 ^ _225671_/Y (OA211x2_ASAP7_75t_R)
  31.05 13799.33 ^ _225684_/Y (AND3x2_ASAP7_75t_R)
  25.28 13824.61 ^ _225685_/Y (OA22x2_ASAP7_75t_R)
  28.45 13853.06 ^ _225689_/Y (MAJx2_ASAP7_75t_R)
  25.67 13878.73 ^ _225690_/Y (MAJx2_ASAP7_75t_R)
  23.93 13902.66 v _225704_/Y (AOI21x1_ASAP7_75t_R)
  29.00 13931.66 ^ _225734_/Y (OAI21x1_ASAP7_75t_R)
  25.19 13956.85 ^ _225812_/Y (AND3x1_ASAP7_75t_R)
 113.16 14070.02 ^ _225945_/Y (OR5x1_ASAP7_75t_R)
  48.64 14118.66 ^ _226108_/Y (OA21x2_ASAP7_75t_R)
  18.90 14137.56 ^ _226109_/Y (AO221x1_ASAP7_75t_R)
  23.26 14160.82 ^ _226110_/Y (MAJx2_ASAP7_75t_R)
  18.20 14179.02 ^ _226111_/Y (AO21x1_ASAP7_75t_R)
  23.11 14202.12 ^ _226112_/Y (AO32x1_ASAP7_75t_R)
  39.84 14241.96 ^ _226115_/Y (AO22x1_ASAP7_75t_R)
  27.02 14268.98 v _226127_/Y (AOI21x1_ASAP7_75t_R)
  36.81 14305.79 ^ _226148_/Y (OAI22x1_ASAP7_75t_R)
  25.88 14331.68 ^ _226158_/Y (AO21x1_ASAP7_75t_R)
  27.29 14358.97 ^ _226160_/Y (AO22x2_ASAP7_75t_R)
  91.88 14450.85 ^ _226252_/Y (AO21x1_ASAP7_75t_R)
  17.69 14468.54 v _226384_/Y (NAND2x1_ASAP7_75t_R)
  32.81 14501.35 v _226388_/Y (AO222x2_ASAP7_75t_R)
  31.82 14533.18 v _226389_/Y (OA211x2_ASAP7_75t_R)
  22.60 14555.77 v _226390_/Y (MAJx2_ASAP7_75t_R)
  20.79 14576.57 v _226391_/Y (MAJx2_ASAP7_75t_R)
  20.18 14596.75 v _226392_/Y (MAJx2_ASAP7_75t_R)
  33.17 14629.92 v _226393_/Y (AO222x2_ASAP7_75t_R)
  20.18 14650.10 v _226415_/Y (AO21x1_ASAP7_75t_R)
  20.07 14670.17 v _226416_/Y (AO22x1_ASAP7_75t_R)
  22.13 14692.30 v _226425_/Y (AO21x2_ASAP7_75t_R)
  60.49 14752.79 v _226552_/Y (AO21x2_ASAP7_75t_R)
 228.13 14980.92 ^ _226668_/Y (NAND2x2_ASAP7_75t_R)
 115.78 15096.71 ^ _226680_/Y (OR3x2_ASAP7_75t_R)
  41.22 15137.93 ^ _226685_/Y (AND2x4_ASAP7_75t_R)
  58.80 15196.73 v _226736_/Y (XNOR2x2_ASAP7_75t_R)
  28.96 15225.69 v _226773_/Y (OR3x1_ASAP7_75t_R)
  47.08 15272.77 ^ _226775_/Y (AOI21x1_ASAP7_75t_R)
  45.33 15318.10 v _226776_/Y (NOR2x2_ASAP7_75t_R)
  79.48 15397.58 v _226777_/Y (AO32x1_ASAP7_75t_R)
 120.91 15518.49 ^ _227106_/Y (XNOR2x1_ASAP7_75t_R)
  53.31 15571.79 ^ _228542_/Y (AO32x1_ASAP7_75t_R)
  84.55 15656.34 ^ _228577_/Y (AO32x1_ASAP7_75t_R)
  53.68 15710.02 v _228823_/Y (NOR3x1_ASAP7_75t_R)
  36.69 15746.71 v _228824_/Y (AO32x1_ASAP7_75t_R)
  30.88 15777.60 v _228836_/Y (AO222x2_ASAP7_75t_R)
  29.42 15807.02 v _228869_/Y (OR5x1_ASAP7_75t_R)
  35.42 15842.43 v _228909_/Y (OR5x1_ASAP7_75t_R)
  35.55 15877.99 v _229076_/Y (AO32x1_ASAP7_75t_R)
  37.28 15915.27 v _229116_/Y (AO32x2_ASAP7_75t_R)
  26.65 15941.92 v _229223_/Y (AND5x2_ASAP7_75t_R)
  22.56 15964.47 v _229304_/Y (AND3x2_ASAP7_75t_R)
  23.31 15987.79 v _229305_/Y (AND4x2_ASAP7_75t_R)
  15.69 16003.47 v _229409_/Y (AND3x1_ASAP7_75t_R)
  18.91 16022.39 v _229419_/Y (OA31x2_ASAP7_75t_R)
  23.75 16046.13 v _229424_/Y (OA21x2_ASAP7_75t_R)
  45.81 16091.94 v _238033_/Y (OA211x2_ASAP7_75t_R)
  34.16 16126.10 v _241101_/Y (AO31x2_ASAP7_75t_R)
  71.43 16197.53 v _241194_/Y (AO221x1_ASAP7_75t_R)
 173.32 16370.85 ^ _241196_/Y (NAND2x2_ASAP7_75t_R)
  88.37 16459.22 v _241197_/Y (INVx2_ASAP7_75t_R)
  53.44 16512.66 v _253544_/Y (AO21x1_ASAP7_75t_R)
  14.90 16527.56 v _253545_/Y (AND2x2_ASAP7_75t_R)
   0.13 16527.69 v _378108_/D (DFFHQNx1_ASAP7_75t_R)
        16527.69   data arrival time

12000.00 12000.00   clock core_clk (rise edge)
   0.00 12000.00   clock source latency
   0.00 12000.00 ^ clk (in)
  51.21 12051.21 ^ wire5675/Y (BUFx12_ASAP7_75t_R)
  50.67 12101.89 ^ clkbuf_0_clk/Y (BUFx24_ASAP7_75t_R)
  26.15 12128.04 ^ clkbuf_1_1_0_clk/Y (BUFx24_ASAP7_75t_R)
  24.91 12152.95 ^ clkbuf_2_2_0_clk/Y (BUFx24_ASAP7_75t_R)
  27.24 12180.19 ^ clkbuf_3_5_0_clk/Y (BUFx24_ASAP7_75t_R)
  25.96 12206.15 ^ clkbuf_4_11_0_clk/Y (BUFx24_ASAP7_75t_R)
  27.00 12233.15 ^ clkbuf_6_45__f_clk/Y (BUFx24_ASAP7_75t_R)
  26.21 12259.37 ^ clkbuf_leaf_570_clk/Y (BUFx24_ASAP7_75t_R)
   1.34 12260.70 ^ _378108_/CLK (DFFHQNx1_ASAP7_75t_R)
 -50.00 12210.70   clock uncertainty
   2.39 12213.09   clock reconvergence pessimism
  -0.26 12212.83   library setup time
        12212.83   data required time
---------------------------------------------------------
        12212.83   data required time
        -16527.69   data arrival time
---------------------------------------------------------
        -4314.85   slack (VIOLATED)


Startpoint: _369487_ (rising edge-triggered flip-flop clocked by core_clk)
Endpoint: _378108_ (rising edge-triggered flip-flop clocked by core_clk)
Path Group: reg2reg
Path Type: max

  Delay    Time   Description
---------------------------------------------------------
   0.00    0.00   clock core_clk (rise edge)
   0.00    0.00   clock source latency
   0.00    0.00 ^ clk (in)
  51.99   51.99 ^ wire5675/Y (BUFx12_ASAP7_75t_R)
  52.29  104.28 ^ clkbuf_0_clk/Y (BUFx24_ASAP7_75t_R)
  27.06  131.33 ^ clkbuf_1_0_0_clk/Y (BUFx24_ASAP7_75t_R)
  26.85  158.18 ^ clkbuf_2_1_0_clk/Y (BUFx24_ASAP7_75t_R)
  28.86  187.04 ^ clkbuf_3_3_0_clk/Y (BUFx24_ASAP7_75t_R)
  30.02  217.07 ^ clkbuf_4_7_0_clk/Y (BUFx24_ASAP7_75t_R)
  29.08  246.15 ^ clkbuf_6_30__f_clk/Y (BUFx24_ASAP7_75t_R)
  33.58  279.73 ^ clkbuf_leaf_368_clk/Y (BUFx24_ASAP7_75t_R)
   3.20  282.92 ^ _369487_/CLK (DFFHQNx1_ASAP7_75t_R)
  81.75  364.68 v _369487_/QN (DFFHQNx1_ASAP7_75t_R)
 117.22  481.90 v _184248_/Y (OR4x2_ASAP7_75t_R)
 163.68  645.58 ^ _184249_/Y (NAND3x1_ASAP7_75t_R)
  86.57  732.14 v _184434_/Y (AOI21x1_ASAP7_75t_R)
  78.49  810.64 v _184438_/Y (OR3x1_ASAP7_75t_R)
  60.40  871.03 ^ _184457_/Y (AOI21x1_ASAP7_75t_R)
  39.14  910.17 ^ max_cap4622/Y (BUFx12_ASAP7_75t_R)
  24.73  934.91 ^ max_cap4621/Y (BUFx12_ASAP7_75t_R)
  31.59  966.49 ^ load_slew4620/Y (BUFx6f_ASAP7_75t_R)
  23.60  990.09 ^ wire4619/Y (BUFx12f_ASAP7_75t_R)
  32.21 1022.30 ^ max_cap4618/Y (BUFx10_ASAP7_75t_R)
  29.02 1051.32 ^ max_cap4612/Y (BUFx12_ASAP7_75t_R)
  34.32 1085.64 ^ wire4609/Y (BUFx12f_ASAP7_75t_R)
  29.55 1115.19 ^ load_slew4607/Y (BUFx12f_ASAP7_75t_R)
 120.66 1235.85 ^ _184934_/Y (OR3x1_ASAP7_75t_R)
  79.52 1315.37 ^ _185378_/Y (OR2x2_ASAP7_75t_R)
  21.21 1336.58 ^ _185399_/Y (AND4x1_ASAP7_75t_R)
  38.30 1374.88 ^ _185400_/Y (AND4x2_ASAP7_75t_R)
  95.55 1470.43 ^ _185414_/Y (OA222x2_ASAP7_75t_R)
  80.33 1550.76 v _185565_/Y (NAND2x1_ASAP7_75t_R)
  49.69 1600.45 v _186054_/Y (OR5x1_ASAP7_75t_R)
  49.59 1650.03 v _188459_/Y (OR4x2_ASAP7_75t_R)
  66.04 1716.07 v _211565_/Y (AND4x2_ASAP7_75t_R)
  30.31 1746.38 v load_slew2798/Y (BUFx16f_ASAP7_75t_R)
  43.33 1789.71 v load_slew2797/Y (BUFx16f_ASAP7_75t_R)
  35.87 1825.58 v load_slew2796/Y (BUFx16f_ASAP7_75t_R)
  69.03 1894.61 v wire2795/Y (BUFx16f_ASAP7_75t_R)
  24.24 1918.86 v load_slew2794/Y (BUFx16f_ASAP7_75t_R)
  55.74 1974.59 v wire2793/Y (BUFx16f_ASAP7_75t_R)
  79.57 2054.17 v _211844_/Y (AND2x4_ASAP7_75t_R)
  30.08 2084.25 v wire2553/Y (BUFx16f_ASAP7_75t_R)
  78.91 2163.16 v load_slew2552/Y (BUFx16f_ASAP7_75t_R)
 118.99 2282.15 v _211850_/Y (OR4x1_ASAP7_75t_R)
  25.38 2307.53 v _211851_/Y (AND2x4_ASAP7_75t_R)
  17.24 2324.78 ^ _211863_/Y (NOR3x1_ASAP7_75t_R)
  30.46 2355.24 ^ _211864_/Y (AND4x2_ASAP7_75t_R)
   8.53 2363.77 v _211865_/Y (NAND3x1_ASAP7_75t_R)
  33.28 2397.05 v _211869_/Y (OA211x2_ASAP7_75t_R)
  20.81 2417.86 ^ _211879_/Y (AOI221x1_ASAP7_75t_R)
  37.89 2455.75 v _211916_/Y (AOI221x1_ASAP7_75t_R)
  34.29 2490.04 v _211994_/Y (AO21x2_ASAP7_75t_R)
  24.71 2514.75 ^ _212068_/Y (AOI221x1_ASAP7_75t_R)
  40.92 2555.67 v _212069_/Y (XNOR2x2_ASAP7_75t_R)
  49.13 2604.81 v _212079_/Y (AO32x1_ASAP7_75t_R)
  37.28 2642.08 v _212081_/Y (AO221x2_ASAP7_75t_R)
  33.14 2675.22 v _212140_/Y (AO21x2_ASAP7_75t_R)
  32.77 2708.00 ^ _212148_/Y (NAND2x2_ASAP7_75t_R)
  33.87 2741.87 ^ _212159_/Y (AO221x1_ASAP7_75t_R)
  30.04 2771.91 ^ _212174_/Y (AO22x2_ASAP7_75t_R)
  32.66 2804.57 v _212207_/Y (OAI21x1_ASAP7_75t_R)
  25.57 2830.14 ^ _212221_/Y (AOI21x1_ASAP7_75t_R)
  31.21 2861.35 ^ _212228_/Y (OA21x2_ASAP7_75t_R)
  26.23 2887.59 ^ _212263_/Y (XNOR2x2_ASAP7_75t_R)
  30.31 2917.90 ^ _212273_/Y (AO221x1_ASAP7_75t_R)
  27.36 2945.26 ^ _212358_/Y (MAJx2_ASAP7_75t_R)
  40.47 2985.73 v _212379_/Y (AOI211x1_ASAP7_75t_R)
  56.07 3041.79 ^ _212412_/Y (OAI21x1_ASAP7_75t_R)
  41.41 3083.21 ^ _212419_/Y (AO211x2_ASAP7_75t_R)
  25.93 3109.13 ^ _212421_/Y (OA33x2_ASAP7_75t_R)
  25.72 3134.86 v _212437_/Y (NOR3x1_ASAP7_75t_R)
  34.56 3169.41 ^ _212512_/Y (OAI21x1_ASAP7_75t_R)
  31.95 3201.36 ^ _212568_/Y (AO32x1_ASAP7_75t_R)
  22.00 3223.36 ^ _212584_/Y (AND3x1_ASAP7_75t_R)
  26.56 3249.92 ^ _212585_/Y (XNOR2x2_ASAP7_75t_R)
  37.09 3287.01 ^ _212597_/Y (MAJx2_ASAP7_75t_R)
  34.19 3321.21 v _212610_/Y (AOI211x1_ASAP7_75t_R)
  42.58 3363.79 v _212620_/Y (OA211x2_ASAP7_75t_R)
  40.55 3404.34 v _212641_/Y (OR2x2_ASAP7_75t_R)
  26.42 3430.77 v _212731_/Y (AO21x1_ASAP7_75t_R)
  20.15 3450.91 v _212733_/Y (AO22x1_ASAP7_75t_R)
  30.08 3480.99 ^ _212738_/Y (AOI221x1_ASAP7_75t_R)
  32.67 3513.66 ^ _212740_/Y (AO211x2_ASAP7_75t_R)
  34.65 3548.30 ^ _212753_/Y (AO21x1_ASAP7_75t_R)
  43.93 3592.23 ^ _212838_/Y (AO21x2_ASAP7_75t_R)
  27.90 3620.13 ^ _212901_/Y (AND3x1_ASAP7_75t_R)
  31.81 3651.94 v _212902_/Y (AOI21x1_ASAP7_75t_R)
  31.51 3683.46 ^ _212903_/Y (AOI22x1_ASAP7_75t_R)
  39.18 3722.63 ^ _212946_/Y (AND4x2_ASAP7_75t_R)
  24.62 3747.25 ^ _213006_/Y (OA211x2_ASAP7_75t_R)
  25.07 3772.32 ^ _213007_/Y (AO221x1_ASAP7_75t_R)
  20.55 3792.87 ^ _213008_/Y (AO21x2_ASAP7_75t_R)
  25.91 3818.77 ^ _213011_/Y (AND3x2_ASAP7_75t_R)
  34.12 3852.89 v _213012_/Y (XNOR2x2_ASAP7_75t_R)
  26.94 3879.83 v _213058_/Y (OA211x2_ASAP7_75t_R)
  30.20 3910.03 v _213060_/Y (OA211x2_ASAP7_75t_R)
  31.18 3941.21 v _213078_/Y (OR3x2_ASAP7_75t_R)
  27.61 3968.82 v _213197_/Y (AO211x2_ASAP7_75t_R)
  26.88 3995.70 v _213198_/Y (AND2x4_ASAP7_75t_R)
  27.47 4023.17 v _213230_/Y (AND2x2_ASAP7_75t_R)
  26.40 4049.57 v _213231_/Y (XNOR2x1_ASAP7_75t_R)
  29.91 4079.47 v _213232_/Y (XNOR2x1_ASAP7_75t_R)
  44.09 4123.57 v _213363_/Y (AO221x1_ASAP7_75t_R)
  38.78 4162.35 v _213368_/Y (OR5x1_ASAP7_75t_R)
  58.50 4220.84 v _213375_/Y (AO222x2_ASAP7_75t_R)
  33.13 4253.97 v _213494_/Y (AND2x4_ASAP7_75t_R)
  30.36 4284.34 v _213495_/Y (XNOR2x1_ASAP7_75t_R)
  38.09 4322.42 v _213524_/Y (AO32x1_ASAP7_75t_R)
  26.66 4349.08 ^ _213525_/Y (AOI211x1_ASAP7_75t_R)
  34.25 4383.33 ^ _213548_/Y (OA31x2_ASAP7_75t_R)
  37.41 4420.74 ^ _213564_/Y (AO211x2_ASAP7_75t_R)
  26.49 4447.23 ^ _213595_/Y (AND3x1_ASAP7_75t_R)
  26.24 4473.47 v _213596_/Y (XOR2x2_ASAP7_75t_R)
  22.45 4495.92 v _213605_/Y (AO21x1_ASAP7_75t_R)
  37.08 4533.00 v _213606_/Y (AO32x1_ASAP7_75t_R)
  31.94 4564.94 v _213625_/Y (AO21x2_ASAP7_75t_R)
  27.70 4592.64 v _213781_/Y (OA21x2_ASAP7_75t_R)
  41.78 4634.43 ^ _213794_/Y (OAI21x1_ASAP7_75t_R)
  42.88 4677.31 v _213835_/Y (NAND2x2_ASAP7_75t_R)
  36.85 4714.16 v _213973_/Y (AND2x2_ASAP7_75t_R)
  38.28 4752.44 ^ _213974_/Y (XNOR2x2_ASAP7_75t_R)
  22.92 4775.36 v _213984_/Y (AOI211x1_ASAP7_75t_R)
  37.61 4812.97 v _213988_/Y (OR4x2_ASAP7_75t_R)
  38.30 4851.27 v _213989_/Y (AO21x1_ASAP7_75t_R)
  59.80 4911.07 ^ _214007_/Y (NAND2x1_ASAP7_75t_R)
  41.74 4952.81 ^ _214009_/Y (AND2x4_ASAP7_75t_R)
  22.52 4975.32 ^ _214013_/Y (AND2x2_ASAP7_75t_R)
  36.11 5011.43 v _214014_/Y (XNOR2x2_ASAP7_75t_R)
  33.46 5044.89 v _214121_/Y (OA211x2_ASAP7_75t_R)
  18.77 5063.65 v _214139_/Y (AND4x1_ASAP7_75t_R)
  21.40 5085.06 v _214326_/Y (AO211x2_ASAP7_75t_R)
  49.96 5135.02 v _214333_/Y (OA21x2_ASAP7_75t_R)
  60.41 5195.44 v _214504_/Y (OA211x2_ASAP7_75t_R)
  29.67 5225.10 v _214505_/Y (XOR2x2_ASAP7_75t_R)
  20.14 5245.25 v _214529_/Y (AND3x1_ASAP7_75t_R)
  38.50 5283.75 v _214531_/Y (OR4x2_ASAP7_75t_R)
  17.34 5301.09 ^ _214543_/Y (AOI22x1_ASAP7_75t_R)
  20.49 5321.58 ^ _214544_/Y (AND2x4_ASAP7_75t_R)
  63.94 5385.52 ^ _214554_/Y (AO221x2_ASAP7_75t_R)
  51.28 5436.80 ^ _214722_/Y (AND5x1_ASAP7_75t_R)
  29.23 5466.03 v _214723_/Y (XOR2x2_ASAP7_75t_R)
  19.65 5485.69 v _214724_/Y (AND2x4_ASAP7_75t_R)
  15.97 5501.66 ^ _214850_/Y (INVx1_ASAP7_75t_R)
  31.91 5533.57 ^ _214852_/Y (AND4x1_ASAP7_75t_R)
  29.87 5563.43 ^ _214868_/Y (AND5x1_ASAP7_75t_R)
  22.72 5586.16 ^ _214869_/Y (AO32x1_ASAP7_75t_R)
  81.64 5667.80 ^ _214872_/Y (OA31x2_ASAP7_75t_R)
  42.50 5710.30 ^ _215078_/Y (AND2x2_ASAP7_75t_R)
  36.10 5746.39 v _215079_/Y (XNOR2x2_ASAP7_75t_R)
  34.42 5780.82 v _215122_/Y (OA221x2_ASAP7_75t_R)
  30.89 5811.71 v _215131_/Y (AO221x1_ASAP7_75t_R)
  37.11 5848.82 v _215139_/Y (AO22x2_ASAP7_75t_R)
  36.40 5885.21 v _215153_/Y (AO221x2_ASAP7_75t_R)
  53.03 5938.24 v _215160_/Y (AO21x2_ASAP7_75t_R)
  43.59 5981.83 v _215230_/Y (AO21x2_ASAP7_75t_R)
  20.05 6001.87 v _215231_/Y (AND2x4_ASAP7_75t_R)
  16.94 6018.81 v _215284_/Y (XNOR2x1_ASAP7_75t_R)
  38.74 6057.55 v _215285_/Y (OR5x1_ASAP7_75t_R)
  28.11 6085.66 ^ _215286_/Y (OAI22x1_ASAP7_75t_R)
  44.37 6130.03 ^ _215332_/Y (AO211x2_ASAP7_75t_R)
  52.27 6182.30 ^ _215466_/Y (AO211x2_ASAP7_75t_R)
  42.70 6225.00 ^ _215467_/Y (AND2x4_ASAP7_75t_R)
  28.50 6253.50 ^ _215476_/Y (AO21x2_ASAP7_75t_R)
  26.58 6280.08 ^ _215478_/Y (AND2x2_ASAP7_75t_R)
  29.44 6309.52 ^ _215729_/Y (OA31x2_ASAP7_75t_R)
  15.57 6325.09 v _215748_/Y (AOI211x1_ASAP7_75t_R)
  37.27 6362.36 v _215777_/Y (OR4x2_ASAP7_75t_R)
  39.75 6402.11 v _215781_/Y (AO32x2_ASAP7_75t_R)
  53.51 6455.62 v _215787_/Y (OR3x2_ASAP7_75t_R)
  52.82 6508.44 v _215869_/Y (OA21x2_ASAP7_75t_R)
  29.60 6538.05 v _215888_/Y (AND2x2_ASAP7_75t_R)
  32.20 6570.25 v _215889_/Y (XNOR2x2_ASAP7_75t_R)
  33.95 6604.19 v _216007_/Y (XNOR2x1_ASAP7_75t_R)
  22.91 6627.10 ^ _216008_/Y (NAND3x1_ASAP7_75t_R)
  21.90 6649.00 v _216182_/Y (AOI211x1_ASAP7_75t_R)
  55.33 6704.33 v _216196_/Y (OR5x2_ASAP7_75t_R)
  56.07 6760.40 ^ _216251_/Y (NAND2x1_ASAP7_75t_R)
  30.17 6790.56 ^ _216252_/Y (AO21x2_ASAP7_75t_R)
  30.37 6820.93 ^ _216253_/Y (XNOR2x2_ASAP7_75t_R)
  27.60 6848.53 ^ _216254_/Y (AND2x2_ASAP7_75t_R)
  20.59 6869.12 ^ _216255_/Y (AO21x1_ASAP7_75t_R)
  20.90 6890.03 ^ _216261_/Y (OA211x2_ASAP7_75t_R)
  69.99 6960.02 ^ _216360_/Y (AO221x1_ASAP7_75t_R)
  23.00 6983.01 v _216362_/Y (INVx6_ASAP7_75t_R)
  89.01 7072.03 ^ _216545_/Y (NAND2x1_ASAP7_75t_R)
  37.31 7109.34 ^ _216628_/Y (OA21x2_ASAP7_75t_R)
  34.38 7143.72 v _216629_/Y (XNOR2x2_ASAP7_75t_R)
  28.17 7171.89 v _216843_/Y (OR2x4_ASAP7_75t_R)
  23.70 7195.59 v _216846_/Y (OA222x2_ASAP7_75t_R)
  22.80 7218.39 v _216851_/Y (AO221x1_ASAP7_75t_R)
  43.30 7261.68 v _216876_/Y (AO221x1_ASAP7_75t_R)
  43.55 7305.23 v _216887_/Y (AND3x2_ASAP7_75t_R)
  68.57 7373.80 ^ _216996_/Y (NAND2x2_ASAP7_75t_R)
  42.10 7415.90 ^ _217076_/Y (OA21x2_ASAP7_75t_R)
  23.95 7439.86 ^ _217107_/Y (XNOR2x2_ASAP7_75t_R)
  41.93 7481.79 ^ _217265_/Y (AND5x1_ASAP7_75t_R)
  36.98 7518.77 ^ _217277_/Y (AND5x1_ASAP7_75t_R)
  31.55 7550.31 ^ _217278_/Y (OA211x2_ASAP7_75t_R)
  45.89 7596.21 v _217284_/Y (AOI211x1_ASAP7_75t_R)
 109.67 7705.88 ^ _217285_/Y (NAND2x2_ASAP7_75t_R)
  40.57 7746.45 ^ _217578_/Y (OA21x2_ASAP7_75t_R)
  37.61 7784.06 v _217579_/Y (XNOR2x2_ASAP7_75t_R)
  37.05 7821.11 ^ _217695_/Y (NAND2x1_ASAP7_75t_R)
  31.64 7852.76 ^ _217699_/Y (AO211x2_ASAP7_75t_R)
  28.09 7880.85 ^ _217700_/Y (AO31x2_ASAP7_75t_R)
  45.60 7926.44 ^ _217715_/Y (AO21x2_ASAP7_75t_R)
  53.63 7980.07 v _217716_/Y (NAND2x2_ASAP7_75t_R)
  52.44 8032.51 v _218014_/Y (OA21x2_ASAP7_75t_R)
  28.10 8060.62 ^ _218015_/Y (XNOR2x2_ASAP7_75t_R)
  30.42 8091.04 v _218016_/Y (XNOR2x2_ASAP7_75t_R)
  36.08 8127.11 v _218022_/Y (OA211x2_ASAP7_75t_R)
  28.22 8155.33 v _218131_/Y (AO21x1_ASAP7_75t_R)
  32.85 8188.18 v _218149_/Y (OA21x2_ASAP7_75t_R)
  81.58 8269.76 v _218150_/Y (OR3x2_ASAP7_75t_R)
  30.35 8300.11 ^ _218207_/Y (OAI21x1_ASAP7_75t_R)
  42.40 8342.51 ^ _218208_/Y (XOR2x2_ASAP7_75t_R)
  31.19 8373.70 ^ _218236_/Y (XNOR2x2_ASAP7_75t_R)
  20.63 8394.32 ^ _218242_/Y (AND3x1_ASAP7_75t_R)
  14.84 8409.17 v _218244_/Y (NAND2x1_ASAP7_75t_R)
  26.50 8435.67 ^ _218285_/Y (OAI22x1_ASAP7_75t_R)
 142.85 8578.51 v _218562_/Y (AOI211x1_ASAP7_75t_R)
  74.35 8652.86 ^ _218680_/Y (OAI21x1_ASAP7_75t_R)
  29.37 8682.24 ^ _218682_/Y (AND2x2_ASAP7_75t_R)
  23.39 8705.63 ^ _218683_/Y (XNOR2x2_ASAP7_75t_R)
  37.42 8743.05 ^ _218684_/Y (AND5x1_ASAP7_75t_R)
  32.57 8775.62 ^ _218852_/Y (AND4x1_ASAP7_75t_R)
  19.20 8794.81 ^ _218871_/Y (AO31x2_ASAP7_75t_R)
  41.49 8836.30 ^ _218918_/Y (AO211x2_ASAP7_75t_R)
  57.65 8893.95 v _218927_/Y (NOR2x2_ASAP7_75t_R)
  48.50 8942.45 v _219003_/Y (OR4x1_ASAP7_75t_R)
  27.70 8970.15 v _219005_/Y (OA211x2_ASAP7_75t_R)
  17.28 8987.44 v _219012_/Y (AO31x2_ASAP7_75t_R)
  21.46 9008.90 v _219030_/Y (OR3x1_ASAP7_75t_R)
  23.63 9032.53 ^ _219031_/Y (NAND2x1_ASAP7_75t_R)
  33.26 9065.79 ^ _219212_/Y (AND4x1_ASAP7_75t_R)
  25.20 9090.98 ^ _219221_/Y (OR4x1_ASAP7_75t_R)
  50.06 9141.04 v _219222_/Y (OAI21x1_ASAP7_75t_R)
  67.84 9208.88 v _219302_/Y (AND2x2_ASAP7_75t_R)
  41.57 9250.45 ^ _219314_/Y (AOI211x1_ASAP7_75t_R)
  45.30 9295.75 v _219315_/Y (XNOR2x2_ASAP7_75t_R)
  36.90 9332.65 v _219653_/Y (OA211x2_ASAP7_75t_R)
  28.08 9360.74 v _219655_/Y (OA222x2_ASAP7_75t_R)
  91.46 9452.20 v _219690_/Y (AO221x1_ASAP7_75t_R)
  99.27 9551.47 ^ _219718_/Y (NAND2x2_ASAP7_75t_R)
  38.26 9589.73 v _219988_/Y (AOI221x1_ASAP7_75t_R)
  39.18 9628.90 v _219992_/Y (OA33x2_ASAP7_75t_R)
  20.42 9649.32 ^ _220017_/Y (AOI21x1_ASAP7_75t_R)
  37.96 9687.28 ^ _220031_/Y (OA33x2_ASAP7_75t_R)
  14.29 9701.57 v _220033_/Y (OAI21x1_ASAP7_75t_R)
  30.17 9731.74 v _220096_/Y (AO31x2_ASAP7_75t_R)
  36.51 9768.25 v _220129_/Y (AO211x2_ASAP7_75t_R)
  67.14 9835.39 v _220162_/Y (AO21x2_ASAP7_75t_R)
  57.53 9892.92 v _220341_/Y (AO21x2_ASAP7_75t_R)
  30.09 9923.01 v _220343_/Y (AND2x2_ASAP7_75t_R)
  23.13 9946.13 ^ _220461_/Y (OAI21x1_ASAP7_75t_R)
  37.85 9983.98 ^ _220467_/Y (AND5x1_ASAP7_75t_R)
  30.72 10014.70 ^ _220661_/Y (AO32x2_ASAP7_75t_R)
  35.08 10049.79 ^ _220664_/Y (OA31x2_ASAP7_75t_R)
  68.48 10118.27 ^ _220695_/Y (OR3x2_ASAP7_75t_R)
  70.81 10189.08 ^ _220861_/Y (OA21x2_ASAP7_75t_R)
  17.80 10206.87 ^ _220880_/Y (OA21x2_ASAP7_75t_R)
  12.18 10219.06 v _220893_/Y (NOR3x1_ASAP7_75t_R)
  37.00 10256.06 v _220894_/Y (OR4x1_ASAP7_75t_R)
  23.16 10279.21 v _220901_/Y (AO21x1_ASAP7_75t_R)
  25.08 10304.29 v _220910_/Y (AO21x2_ASAP7_75t_R)
  48.71 10353.01 v _221032_/Y (AO32x1_ASAP7_75t_R)
  65.61 10418.62 ^ _221087_/Y (NAND2x2_ASAP7_75t_R)
  55.90 10474.51 ^ _221108_/Y (OA22x2_ASAP7_75t_R)
  39.06 10513.58 ^ _221291_/Y (XNOR2x2_ASAP7_75t_R)
  32.23 10545.81 ^ _221294_/Y (AND4x2_ASAP7_75t_R)
  20.24 10566.05 ^ _221517_/Y (AND2x2_ASAP7_75t_R)
  14.05 10580.10 v _221532_/Y (AOI21x1_ASAP7_75t_R)
  32.93 10613.03 v _221571_/Y (AO221x1_ASAP7_75t_R)
  38.33 10651.35 v _221574_/Y (AO33x2_ASAP7_75t_R)
 118.12 10769.48 v _221575_/Y (AND3x1_ASAP7_75t_R)
  63.66 10833.14 v _221581_/Y (OR4x1_ASAP7_75t_R)
  35.15 10868.29 v _221583_/Y (AND3x1_ASAP7_75t_R)
  31.05 10899.34 v _221585_/Y (XNOR2x2_ASAP7_75t_R)
  25.34 10924.68 v _221598_/Y (AO211x2_ASAP7_75t_R)
  35.17 10959.85 v _221785_/Y (OR3x2_ASAP7_75t_R)
  44.32 11004.17 ^ _221849_/Y (NAND2x2_ASAP7_75t_R)
  66.84 11071.02 ^ _222157_/Y (OR3x2_ASAP7_75t_R)
  33.29 11104.30 ^ _222175_/Y (AND3x1_ASAP7_75t_R)
  41.82 11146.13 ^ _222176_/Y (XNOR2x2_ASAP7_75t_R)
  38.85 11184.98 v _222177_/Y (XNOR2x2_ASAP7_75t_R)
  27.14 11212.12 v _222178_/Y (AND5x2_ASAP7_75t_R)
  18.92 11231.04 v _222221_/Y (AND2x2_ASAP7_75t_R)
  19.31 11250.36 v _222230_/Y (AO21x2_ASAP7_75t_R)
  35.13 11285.48 v _222272_/Y (AO221x2_ASAP7_75t_R)
  25.58 11311.06 v _222273_/Y (AO21x2_ASAP7_75t_R)
 107.77 11418.83 v _222374_/Y (AO21x1_ASAP7_75t_R)
  77.82 11496.65 v _222701_/Y (OA211x2_ASAP7_75t_R)
  32.91 11529.56 v _222709_/Y (OR5x1_ASAP7_75t_R)
  23.11 11552.67 v _222716_/Y (OA21x2_ASAP7_75t_R)
  19.97 11572.64 v _222721_/Y (AND3x2_ASAP7_75t_R)
  27.35 11599.99 v _222722_/Y (OA31x2_ASAP7_75t_R)
  54.79 11654.77 v _222723_/Y (OR4x1_ASAP7_75t_R)
  80.73 11735.50 v _222856_/Y (AO21x2_ASAP7_75t_R)
  56.87 11792.38 v _223087_/Y (AND2x2_ASAP7_75t_R)
  36.36 11828.73 ^ _223088_/Y (XOR2x2_ASAP7_75t_R)
  26.88 11855.61 ^ _223089_/Y (XNOR2x2_ASAP7_75t_R)
  35.68 11891.29 ^ _223171_/Y (AND5x1_ASAP7_75t_R)
  37.20 11928.49 v _223178_/Y (AOI221x1_ASAP7_75t_R)
  39.10 11967.59 v _223188_/Y (OA21x2_ASAP7_75t_R)
 102.96 12070.56 v _223343_/Y (OA211x2_ASAP7_75t_R)
  56.24 12126.80 v _223434_/Y (OR3x1_ASAP7_75t_R)
  21.07 12147.87 v _223789_/Y (AND2x2_ASAP7_75t_R)
  21.60 12169.47 v _223790_/Y (XNOR2x1_ASAP7_75t_R)
  41.04 12210.51 v _223794_/Y (OR5x1_ASAP7_75t_R)
  38.35 12248.86 v _223795_/Y (OR4x1_ASAP7_75t_R)
  27.32 12276.17 v _223882_/Y (OA31x2_ASAP7_75t_R)
  44.98 12321.16 v _223883_/Y (OA211x2_ASAP7_75t_R)
  34.75 12355.91 v _223927_/Y (AND2x4_ASAP7_75t_R)
  49.68 12405.59 ^ _224049_/Y (AOI22x1_ASAP7_75t_R)
  26.12 12431.71 ^ _224050_/Y (XNOR2x1_ASAP7_75t_R)
  35.55 12467.26 ^ _224061_/Y (AND5x1_ASAP7_75t_R)
  58.64 12525.89 v _224146_/Y (AOI221x1_ASAP7_75t_R)
  47.00 12572.89 ^ _224355_/Y (OAI21x1_ASAP7_75t_R)
  26.37 12599.27 ^ _224356_/Y (AND4x1_ASAP7_75t_R)
  63.78 12663.05 ^ _224360_/Y (OR4x2_ASAP7_75t_R)
  87.20 12750.24 v _224402_/Y (INVx1_ASAP7_75t_R)
  20.14 12770.38 ^ _224406_/Y (AOI21x1_ASAP7_75t_R)
  49.46 12819.84 ^ _224409_/Y (AND5x1_ASAP7_75t_R)
  32.33 12852.17 v _224410_/Y (XNOR2x2_ASAP7_75t_R)
  18.06 12870.24 ^ _224411_/Y (AOI211x1_ASAP7_75t_R)
  31.51 12901.75 ^ _224428_/Y (AND2x2_ASAP7_75t_R)
 100.65 13002.40 v _224840_/Y (AOI211x1_ASAP7_75t_R)
  58.48 13060.88 v _224913_/Y (AND2x2_ASAP7_75t_R)
  17.85 13078.73 v _224914_/Y (OA21x2_ASAP7_75t_R)
  18.09 13096.81 v _224915_/Y (OA21x2_ASAP7_75t_R)
  33.01 13129.82 v _224916_/Y (AO221x1_ASAP7_75t_R)
  28.02 13157.83 v _224917_/Y (MAJx2_ASAP7_75t_R)
  19.41 13177.25 v _224929_/Y (AO21x1_ASAP7_75t_R)
  16.07 13193.32 v _224943_/Y (AO21x1_ASAP7_75t_R)
  17.98 13211.31 v _224948_/Y (AO21x1_ASAP7_75t_R)
  28.74 13240.05 v _225034_/Y (AO21x2_ASAP7_75t_R)
  45.54 13285.58 v _225249_/Y (AO21x2_ASAP7_75t_R)
  68.32 13353.90 ^ _225319_/Y (NAND2x2_ASAP7_75t_R)
  33.58 13387.48 ^ _225320_/Y (AO22x1_ASAP7_75t_R)
  24.35 13411.83 ^ _225322_/Y (AO21x2_ASAP7_75t_R)
  20.35 13432.18 ^ _225323_/Y (AO221x1_ASAP7_75t_R)
  31.65 13463.83 ^ _225326_/Y (OA211x2_ASAP7_75t_R)
  33.42 13497.25 ^ _225330_/Y (AO221x2_ASAP7_75t_R)
  24.64 13521.89 ^ _225341_/Y (AO21x2_ASAP7_75t_R)
  29.84 13551.73 ^ _225351_/Y (AO22x2_ASAP7_75t_R)
  71.22 13622.95 v _225594_/Y (AOI211x1_ASAP7_75t_R)
  99.64 13722.60 ^ _225595_/Y (NAND2x2_ASAP7_75t_R)
  45.68 13768.28 ^ _225671_/Y (OA211x2_ASAP7_75t_R)
  31.05 13799.33 ^ _225684_/Y (AND3x2_ASAP7_75t_R)
  25.28 13824.61 ^ _225685_/Y (OA22x2_ASAP7_75t_R)
  28.45 13853.06 ^ _225689_/Y (MAJx2_ASAP7_75t_R)
  25.67 13878.73 ^ _225690_/Y (MAJx2_ASAP7_75t_R)
  23.93 13902.66 v _225704_/Y (AOI21x1_ASAP7_75t_R)
  29.00 13931.66 ^ _225734_/Y (OAI21x1_ASAP7_75t_R)
  25.19 13956.85 ^ _225812_/Y (AND3x1_ASAP7_75t_R)
 113.16 14070.02 ^ _225945_/Y (OR5x1_ASAP7_75t_R)
  48.64 14118.66 ^ _226108_/Y (OA21x2_ASAP7_75t_R)
  18.90 14137.56 ^ _226109_/Y (AO221x1_ASAP7_75t_R)
  23.26 14160.82 ^ _226110_/Y (MAJx2_ASAP7_75t_R)
  18.20 14179.02 ^ _226111_/Y (AO21x1_ASAP7_75t_R)
  23.11 14202.12 ^ _226112_/Y (AO32x1_ASAP7_75t_R)
  39.84 14241.96 ^ _226115_/Y (AO22x1_ASAP7_75t_R)
  27.02 14268.98 v _226127_/Y (AOI21x1_ASAP7_75t_R)
  36.81 14305.79 ^ _226148_/Y (OAI22x1_ASAP7_75t_R)
  25.88 14331.68 ^ _226158_/Y (AO21x1_ASAP7_75t_R)
  27.29 14358.97 ^ _226160_/Y (AO22x2_ASAP7_75t_R)
  91.88 14450.85 ^ _226252_/Y (AO21x1_ASAP7_75t_R)
  17.69 14468.54 v _226384_/Y (NAND2x1_ASAP7_75t_R)
  32.81 14501.35 v _226388_/Y (AO222x2_ASAP7_75t_R)
  31.82 14533.18 v _226389_/Y (OA211x2_ASAP7_75t_R)
  22.60 14555.77 v _226390_/Y (MAJx2_ASAP7_75t_R)
  20.79 14576.57 v _226391_/Y (MAJx2_ASAP7_75t_R)
  20.18 14596.75 v _226392_/Y (MAJx2_ASAP7_75t_R)
  33.17 14629.92 v _226393_/Y (AO222x2_ASAP7_75t_R)
  20.18 14650.10 v _226415_/Y (AO21x1_ASAP7_75t_R)
  20.07 14670.17 v _226416_/Y (AO22x1_ASAP7_75t_R)
  22.13 14692.30 v _226425_/Y (AO21x2_ASAP7_75t_R)
  60.49 14752.79 v _226552_/Y (AO21x2_ASAP7_75t_R)
 228.13 14980.92 ^ _226668_/Y (NAND2x2_ASAP7_75t_R)
 115.78 15096.71 ^ _226680_/Y (OR3x2_ASAP7_75t_R)
  41.22 15137.93 ^ _226685_/Y (AND2x4_ASAP7_75t_R)
  58.80 15196.73 v _226736_/Y (XNOR2x2_ASAP7_75t_R)
  28.96 15225.69 v _226773_/Y (OR3x1_ASAP7_75t_R)
  47.08 15272.77 ^ _226775_/Y (AOI21x1_ASAP7_75t_R)
  45.33 15318.10 v _226776_/Y (NOR2x2_ASAP7_75t_R)
  79.48 15397.58 v _226777_/Y (AO32x1_ASAP7_75t_R)
 120.91 15518.49 ^ _227106_/Y (XNOR2x1_ASAP7_75t_R)
  53.31 15571.79 ^ _228542_/Y (AO32x1_ASAP7_75t_R)
  84.55 15656.34 ^ _228577_/Y (AO32x1_ASAP7_75t_R)
  53.68 15710.02 v _228823_/Y (NOR3x1_ASAP7_75t_R)
  36.69 15746.71 v _228824_/Y (AO32x1_ASAP7_75t_R)
  30.88 15777.60 v _228836_/Y (AO222x2_ASAP7_75t_R)
  29.42 15807.02 v _228869_/Y (OR5x1_ASAP7_75t_R)
  35.42 15842.43 v _228909_/Y (OR5x1_ASAP7_75t_R)
  35.55 15877.99 v _229076_/Y (AO32x1_ASAP7_75t_R)
  37.28 15915.27 v _229116_/Y (AO32x2_ASAP7_75t_R)
  26.65 15941.92 v _229223_/Y (AND5x2_ASAP7_75t_R)
  22.56 15964.47 v _229304_/Y (AND3x2_ASAP7_75t_R)
  23.31 15987.79 v _229305_/Y (AND4x2_ASAP7_75t_R)
  15.69 16003.47 v _229409_/Y (AND3x1_ASAP7_75t_R)
  18.91 16022.39 v _229419_/Y (OA31x2_ASAP7_75t_R)
  23.75 16046.13 v _229424_/Y (OA21x2_ASAP7_75t_R)
  45.81 16091.94 v _238033_/Y (OA211x2_ASAP7_75t_R)
  34.16 16126.10 v _241101_/Y (AO31x2_ASAP7_75t_R)
  71.43 16197.53 v _241194_/Y (AO221x1_ASAP7_75t_R)
 173.32 16370.85 ^ _241196_/Y (NAND2x2_ASAP7_75t_R)
  88.37 16459.22 v _241197_/Y (INVx2_ASAP7_75t_R)
  53.44 16512.66 v _253544_/Y (AO21x1_ASAP7_75t_R)
  14.90 16527.56 v _253545_/Y (AND2x2_ASAP7_75t_R)
   0.13 16527.69 v _378108_/D (DFFHQNx1_ASAP7_75t_R)
        16527.69   data arrival time

12000.00 12000.00   clock core_clk (rise edge)
   0.00 12000.00   clock source latency
   0.00 12000.00 ^ clk (in)
  51.21 12051.21 ^ wire5675/Y (BUFx12_ASAP7_75t_R)
  50.67 12101.89 ^ clkbuf_0_clk/Y (BUFx24_ASAP7_75t_R)
  26.15 12128.04 ^ clkbuf_1_1_0_clk/Y (BUFx24_ASAP7_75t_R)
  24.91 12152.95 ^ clkbuf_2_2_0_clk/Y (BUFx24_ASAP7_75t_R)
  27.24 12180.19 ^ clkbuf_3_5_0_clk/Y (BUFx24_ASAP7_75t_R)
  25.96 12206.15 ^ clkbuf_4_11_0_clk/Y (BUFx24_ASAP7_75t_R)
  27.00 12233.15 ^ clkbuf_6_45__f_clk/Y (BUFx24_ASAP7_75t_R)
  26.21 12259.37 ^ clkbuf_leaf_570_clk/Y (BUFx24_ASAP7_75t_R)
   1.34 12260.70 ^ _378108_/CLK (DFFHQNx1_ASAP7_75t_R)
 -50.00 12210.70   clock uncertainty
   2.39 12213.09   clock reconvergence pessimism
  -0.26 12212.83   library setup time
        12212.83   data required time
---------------------------------------------------------
        12212.83   data required time
        -16527.69   data arrival time
---------------------------------------------------------
        -4314.85   slack (VIOLATED)


Startpoint: _369487_ (rising edge-triggered flip-flop clocked by core_clk)
Endpoint: _378108_ (rising edge-triggered flip-flop clocked by core_clk)
Path Group: reg2reg
Path Type: max

  Delay    Time   Description
---------------------------------------------------------
   0.00    0.00   clock core_clk (rise edge)
   0.00    0.00   clock source latency
   0.00    0.00 ^ clk (in)
  51.99   51.99 ^ wire5675/Y (BUFx12_ASAP7_75t_R)
  52.29  104.28 ^ clkbuf_0_clk/Y (BUFx24_ASAP7_75t_R)
  27.06  131.33 ^ clkbuf_1_0_0_clk/Y (BUFx24_ASAP7_75t_R)
  26.85  158.18 ^ clkbuf_2_1_0_clk/Y (BUFx24_ASAP7_75t_R)
  28.86  187.04 ^ clkbuf_3_3_0_clk/Y (BUFx24_ASAP7_75t_R)
  30.02  217.07 ^ clkbuf_4_7_0_clk/Y (BUFx24_ASAP7_75t_R)
  29.08  246.15 ^ clkbuf_6_30__f_clk/Y (BUFx24_ASAP7_75t_R)
  33.58  279.73 ^ clkbuf_leaf_368_clk/Y (BUFx24_ASAP7_75t_R)
   3.20  282.92 ^ _369487_/CLK (DFFHQNx1_ASAP7_75t_R)
  81.75  364.68 v _369487_/QN (DFFHQNx1_ASAP7_75t_R)
 117.22  481.90 v _184248_/Y (OR4x2_ASAP7_75t_R)
 163.68  645.58 ^ _184249_/Y (NAND3x1_ASAP7_75t_R)
  86.57  732.14 v _184434_/Y (AOI21x1_ASAP7_75t_R)
  78.49  810.64 v _184438_/Y (OR3x1_ASAP7_75t_R)
  60.40  871.03 ^ _184457_/Y (AOI21x1_ASAP7_75t_R)
  39.14  910.17 ^ max_cap4622/Y (BUFx12_ASAP7_75t_R)
  24.73  934.91 ^ max_cap4621/Y (BUFx12_ASAP7_75t_R)
  31.59  966.49 ^ load_slew4620/Y (BUFx6f_ASAP7_75t_R)
  23.60  990.09 ^ wire4619/Y (BUFx12f_ASAP7_75t_R)
  32.21 1022.30 ^ max_cap4618/Y (BUFx10_ASAP7_75t_R)
  29.02 1051.32 ^ max_cap4612/Y (BUFx12_ASAP7_75t_R)
  34.32 1085.64 ^ wire4609/Y (BUFx12f_ASAP7_75t_R)
  29.55 1115.19 ^ load_slew4607/Y (BUFx12f_ASAP7_75t_R)
 120.66 1235.85 ^ _184934_/Y (OR3x1_ASAP7_75t_R)
  79.52 1315.37 ^ _185378_/Y (OR2x2_ASAP7_75t_R)
  21.21 1336.58 ^ _185399_/Y (AND4x1_ASAP7_75t_R)
  38.30 1374.88 ^ _185400_/Y (AND4x2_ASAP7_75t_R)
  95.55 1470.43 ^ _185414_/Y (OA222x2_ASAP7_75t_R)
  80.33 1550.76 v _185565_/Y (NAND2x1_ASAP7_75t_R)
  49.69 1600.45 v _186054_/Y (OR5x1_ASAP7_75t_R)
  49.59 1650.03 v _188459_/Y (OR4x2_ASAP7_75t_R)
  66.04 1716.07 v _211565_/Y (AND4x2_ASAP7_75t_R)
  30.31 1746.38 v load_slew2798/Y (BUFx16f_ASAP7_75t_R)
  43.33 1789.71 v load_slew2797/Y (BUFx16f_ASAP7_75t_R)
  35.87 1825.58 v load_slew2796/Y (BUFx16f_ASAP7_75t_R)
  69.03 1894.61 v wire2795/Y (BUFx16f_ASAP7_75t_R)
  24.24 1918.86 v load_slew2794/Y (BUFx16f_ASAP7_75t_R)
  55.74 1974.59 v wire2793/Y (BUFx16f_ASAP7_75t_R)
  79.57 2054.17 v _211844_/Y (AND2x4_ASAP7_75t_R)
  30.08 2084.25 v wire2553/Y (BUFx16f_ASAP7_75t_R)
  78.91 2163.16 v load_slew2552/Y (BUFx16f_ASAP7_75t_R)
 118.99 2282.15 v _211850_/Y (OR4x1_ASAP7_75t_R)
  25.38 2307.53 v _211851_/Y (AND2x4_ASAP7_75t_R)
  17.24 2324.78 ^ _211863_/Y (NOR3x1_ASAP7_75t_R)
  30.46 2355.24 ^ _211864_/Y (AND4x2_ASAP7_75t_R)
   8.53 2363.77 v _211865_/Y (NAND3x1_ASAP7_75t_R)
  33.28 2397.05 v _211869_/Y (OA211x2_ASAP7_75t_R)
  20.81 2417.86 ^ _211879_/Y (AOI221x1_ASAP7_75t_R)
  37.89 2455.75 v _211916_/Y (AOI221x1_ASAP7_75t_R)
  34.29 2490.04 v _211994_/Y (AO21x2_ASAP7_75t_R)
  24.71 2514.75 ^ _212068_/Y (AOI221x1_ASAP7_75t_R)
  40.92 2555.67 v _212069_/Y (XNOR2x2_ASAP7_75t_R)
  49.13 2604.81 v _212079_/Y (AO32x1_ASAP7_75t_R)
  37.28 2642.08 v _212081_/Y (AO221x2_ASAP7_75t_R)
  33.14 2675.22 v _212140_/Y (AO21x2_ASAP7_75t_R)
  32.77 2708.00 ^ _212148_/Y (NAND2x2_ASAP7_75t_R)
  33.87 2741.87 ^ _212159_/Y (AO221x1_ASAP7_75t_R)
  30.04 2771.91 ^ _212174_/Y (AO22x2_ASAP7_75t_R)
  32.66 2804.57 v _212207_/Y (OAI21x1_ASAP7_75t_R)
  25.57 2830.14 ^ _212221_/Y (AOI21x1_ASAP7_75t_R)
  31.21 2861.35 ^ _212228_/Y (OA21x2_ASAP7_75t_R)
  26.23 2887.59 ^ _212263_/Y (XNOR2x2_ASAP7_75t_R)
  30.31 2917.90 ^ _212273_/Y (AO221x1_ASAP7_75t_R)
  27.36 2945.26 ^ _212358_/Y (MAJx2_ASAP7_75t_R)
  40.47 2985.73 v _212379_/Y (AOI211x1_ASAP7_75t_R)
  56.07 3041.79 ^ _212412_/Y (OAI21x1_ASAP7_75t_R)
  41.41 3083.21 ^ _212419_/Y (AO211x2_ASAP7_75t_R)
  25.93 3109.13 ^ _212421_/Y (OA33x2_ASAP7_75t_R)
  25.72 3134.86 v _212437_/Y (NOR3x1_ASAP7_75t_R)
  34.56 3169.41 ^ _212512_/Y (OAI21x1_ASAP7_75t_R)
  31.95 3201.36 ^ _212568_/Y (AO32x1_ASAP7_75t_R)
  22.00 3223.36 ^ _212584_/Y (AND3x1_ASAP7_75t_R)
  26.56 3249.92 ^ _212585_/Y (XNOR2x2_ASAP7_75t_R)
  37.09 3287.01 ^ _212597_/Y (MAJx2_ASAP7_75t_R)
  34.19 3321.21 v _212610_/Y (AOI211x1_ASAP7_75t_R)
  42.58 3363.79 v _212620_/Y (OA211x2_ASAP7_75t_R)
  40.55 3404.34 v _212641_/Y (OR2x2_ASAP7_75t_R)
  26.42 3430.77 v _212731_/Y (AO21x1_ASAP7_75t_R)
  20.15 3450.91 v _212733_/Y (AO22x1_ASAP7_75t_R)
  30.08 3480.99 ^ _212738_/Y (AOI221x1_ASAP7_75t_R)
  32.67 3513.66 ^ _212740_/Y (AO211x2_ASAP7_75t_R)
  34.65 3548.30 ^ _212753_/Y (AO21x1_ASAP7_75t_R)
  43.93 3592.23 ^ _212838_/Y (AO21x2_ASAP7_75t_R)
  27.90 3620.13 ^ _212901_/Y (AND3x1_ASAP7_75t_R)
  31.81 3651.94 v _212902_/Y (AOI21x1_ASAP7_75t_R)
  31.51 3683.46 ^ _212903_/Y (AOI22x1_ASAP7_75t_R)
  39.18 3722.63 ^ _212946_/Y (AND4x2_ASAP7_75t_R)
  24.62 3747.25 ^ _213006_/Y (OA211x2_ASAP7_75t_R)
  25.07 3772.32 ^ _213007_/Y (AO221x1_ASAP7_75t_R)
  20.55 3792.87 ^ _213008_/Y (AO21x2_ASAP7_75t_R)
  25.91 3818.77 ^ _213011_/Y (AND3x2_ASAP7_75t_R)
  34.12 3852.89 v _213012_/Y (XNOR2x2_ASAP7_75t_R)
  26.94 3879.83 v _213058_/Y (OA211x2_ASAP7_75t_R)
  30.20 3910.03 v _213060_/Y (OA211x2_ASAP7_75t_R)
  31.18 3941.21 v _213078_/Y (OR3x2_ASAP7_75t_R)
  27.61 3968.82 v _213197_/Y (AO211x2_ASAP7_75t_R)
  26.88 3995.70 v _213198_/Y (AND2x4_ASAP7_75t_R)
  27.47 4023.17 v _213230_/Y (AND2x2_ASAP7_75t_R)
  26.40 4049.57 v _213231_/Y (XNOR2x1_ASAP7_75t_R)
  29.91 4079.47 v _213232_/Y (XNOR2x1_ASAP7_75t_R)
  44.09 4123.57 v _213363_/Y (AO221x1_ASAP7_75t_R)
  38.78 4162.35 v _213368_/Y (OR5x1_ASAP7_75t_R)
  58.50 4220.84 v _213375_/Y (AO222x2_ASAP7_75t_R)
  33.13 4253.97 v _213494_/Y (AND2x4_ASAP7_75t_R)
  30.36 4284.34 v _213495_/Y (XNOR2x1_ASAP7_75t_R)
  38.09 4322.42 v _213524_/Y (AO32x1_ASAP7_75t_R)
  26.66 4349.08 ^ _213525_/Y (AOI211x1_ASAP7_75t_R)
  34.25 4383.33 ^ _213548_/Y (OA31x2_ASAP7_75t_R)
  37.41 4420.74 ^ _213564_/Y (AO211x2_ASAP7_75t_R)
  26.49 4447.23 ^ _213595_/Y (AND3x1_ASAP7_75t_R)
  26.24 4473.47 v _213596_/Y (XOR2x2_ASAP7_75t_R)
  22.45 4495.92 v _213605_/Y (AO21x1_ASAP7_75t_R)
  37.08 4533.00 v _213606_/Y (AO32x1_ASAP7_75t_R)
  31.94 4564.94 v _213625_/Y (AO21x2_ASAP7_75t_R)
  27.70 4592.64 v _213781_/Y (OA21x2_ASAP7_75t_R)
  41.78 4634.43 ^ _213794_/Y (OAI21x1_ASAP7_75t_R)
  42.88 4677.31 v _213835_/Y (NAND2x2_ASAP7_75t_R)
  36.85 4714.16 v _213973_/Y (AND2x2_ASAP7_75t_R)
  38.28 4752.44 ^ _213974_/Y (XNOR2x2_ASAP7_75t_R)
  22.92 4775.36 v _213984_/Y (AOI211x1_ASAP7_75t_R)
  37.61 4812.97 v _213988_/Y (OR4x2_ASAP7_75t_R)
  38.30 4851.27 v _213989_/Y (AO21x1_ASAP7_75t_R)
  59.80 4911.07 ^ _214007_/Y (NAND2x1_ASAP7_75t_R)
  41.74 4952.81 ^ _214009_/Y (AND2x4_ASAP7_75t_R)
  22.52 4975.32 ^ _214013_/Y (AND2x2_ASAP7_75t_R)
  36.11 5011.43 v _214014_/Y (XNOR2x2_ASAP7_75t_R)
  33.46 5044.89 v _214121_/Y (OA211x2_ASAP7_75t_R)
  18.77 5063.65 v _214139_/Y (AND4x1_ASAP7_75t_R)
  21.40 5085.06 v _214326_/Y (AO211x2_ASAP7_75t_R)
  49.96 5135.02 v _214333_/Y (OA21x2_ASAP7_75t_R)
  60.41 5195.44 v _214504_/Y (OA211x2_ASAP7_75t_R)
  29.67 5225.10 v _214505_/Y (XOR2x2_ASAP7_75t_R)
  20.14 5245.25 v _214529_/Y (AND3x1_ASAP7_75t_R)
  38.50 5283.75 v _214531_/Y (OR4x2_ASAP7_75t_R)
  17.34 5301.09 ^ _214543_/Y (AOI22x1_ASAP7_75t_R)
  20.49 5321.58 ^ _214544_/Y (AND2x4_ASAP7_75t_R)
  63.94 5385.52 ^ _214554_/Y (AO221x2_ASAP7_75t_R)
  51.28 5436.80 ^ _214722_/Y (AND5x1_ASAP7_75t_R)
  29.23 5466.03 v _214723_/Y (XOR2x2_ASAP7_75t_R)
  19.65 5485.69 v _214724_/Y (AND2x4_ASAP7_75t_R)
  15.97 5501.66 ^ _214850_/Y (INVx1_ASAP7_75t_R)
  31.91 5533.57 ^ _214852_/Y (AND4x1_ASAP7_75t_R)
  29.87 5563.43 ^ _214868_/Y (AND5x1_ASAP7_75t_R)
  22.72 5586.16 ^ _214869_/Y (AO32x1_ASAP7_75t_R)
  81.64 5667.80 ^ _214872_/Y (OA31x2_ASAP7_75t_R)
  42.50 5710.30 ^ _215078_/Y (AND2x2_ASAP7_75t_R)
  36.10 5746.39 v _215079_/Y (XNOR2x2_ASAP7_75t_R)
  34.42 5780.82 v _215122_/Y (OA221x2_ASAP7_75t_R)
  30.89 5811.71 v _215131_/Y (AO221x1_ASAP7_75t_R)
  37.11 5848.82 v _215139_/Y (AO22x2_ASAP7_75t_R)
  36.40 5885.21 v _215153_/Y (AO221x2_ASAP7_75t_R)
  53.03 5938.24 v _215160_/Y (AO21x2_ASAP7_75t_R)
  43.59 5981.83 v _215230_/Y (AO21x2_ASAP7_75t_R)
  20.05 6001.87 v _215231_/Y (AND2x4_ASAP7_75t_R)
  16.94 6018.81 v _215284_/Y (XNOR2x1_ASAP7_75t_R)
  38.74 6057.55 v _215285_/Y (OR5x1_ASAP7_75t_R)
  28.11 6085.66 ^ _215286_/Y (OAI22x1_ASAP7_75t_R)
  44.37 6130.03 ^ _215332_/Y (AO211x2_ASAP7_75t_R)
  52.27 6182.30 ^ _215466_/Y (AO211x2_ASAP7_75t_R)
  42.70 6225.00 ^ _215467_/Y (AND2x4_ASAP7_75t_R)
  28.50 6253.50 ^ _215476_/Y (AO21x2_ASAP7_75t_R)
  26.58 6280.08 ^ _215478_/Y (AND2x2_ASAP7_75t_R)
  29.44 6309.52 ^ _215729_/Y (OA31x2_ASAP7_75t_R)
  15.57 6325.09 v _215748_/Y (AOI211x1_ASAP7_75t_R)
  37.27 6362.36 v _215777_/Y (OR4x2_ASAP7_75t_R)
  39.75 6402.11 v _215781_/Y (AO32x2_ASAP7_75t_R)
  53.51 6455.62 v _215787_/Y (OR3x2_ASAP7_75t_R)
  52.82 6508.44 v _215869_/Y (OA21x2_ASAP7_75t_R)
  29.60 6538.05 v _215888_/Y (AND2x2_ASAP7_75t_R)
  32.20 6570.25 v _215889_/Y (XNOR2x2_ASAP7_75t_R)
  33.95 6604.19 v _216007_/Y (XNOR2x1_ASAP7_75t_R)
  22.91 6627.10 ^ _216008_/Y (NAND3x1_ASAP7_75t_R)
  21.90 6649.00 v _216182_/Y (AOI211x1_ASAP7_75t_R)
  55.33 6704.33 v _216196_/Y (OR5x2_ASAP7_75t_R)
  56.07 6760.40 ^ _216251_/Y (NAND2x1_ASAP7_75t_R)
  30.17 6790.56 ^ _216252_/Y (AO21x2_ASAP7_75t_R)
  30.37 6820.93 ^ _216253_/Y (XNOR2x2_ASAP7_75t_R)
  27.60 6848.53 ^ _216254_/Y (AND2x2_ASAP7_75t_R)
  20.59 6869.12 ^ _216255_/Y (AO21x1_ASAP7_75t_R)
  20.90 6890.03 ^ _216261_/Y (OA211x2_ASAP7_75t_R)
  69.99 6960.02 ^ _216360_/Y (AO221x1_ASAP7_75t_R)
  23.00 6983.01 v _216362_/Y (INVx6_ASAP7_75t_R)
  89.01 7072.03 ^ _216545_/Y (NAND2x1_ASAP7_75t_R)
  37.31 7109.34 ^ _216628_/Y (OA21x2_ASAP7_75t_R)
  34.38 7143.72 v _216629_/Y (XNOR2x2_ASAP7_75t_R)
  28.17 7171.89 v _216843_/Y (OR2x4_ASAP7_75t_R)
  23.70 7195.59 v _216846_/Y (OA222x2_ASAP7_75t_R)
  22.80 7218.39 v _216851_/Y (AO221x1_ASAP7_75t_R)
  43.30 7261.68 v _216876_/Y (AO221x1_ASAP7_75t_R)
  43.55 7305.23 v _216887_/Y (AND3x2_ASAP7_75t_R)
  68.57 7373.80 ^ _216996_/Y (NAND2x2_ASAP7_75t_R)
  42.10 7415.90 ^ _217076_/Y (OA21x2_ASAP7_75t_R)
  23.95 7439.86 ^ _217107_/Y (XNOR2x2_ASAP7_75t_R)
  41.93 7481.79 ^ _217265_/Y (AND5x1_ASAP7_75t_R)
  36.98 7518.77 ^ _217277_/Y (AND5x1_ASAP7_75t_R)
  31.55 7550.31 ^ _217278_/Y (OA211x2_ASAP7_75t_R)
  45.89 7596.21 v _217284_/Y (AOI211x1_ASAP7_75t_R)
 109.67 7705.88 ^ _217285_/Y (NAND2x2_ASAP7_75t_R)
  40.57 7746.45 ^ _217578_/Y (OA21x2_ASAP7_75t_R)
  37.61 7784.06 v _217579_/Y (XNOR2x2_ASAP7_75t_R)
  37.05 7821.11 ^ _217695_/Y (NAND2x1_ASAP7_75t_R)
  31.64 7852.76 ^ _217699_/Y (AO211x2_ASAP7_75t_R)
  28.09 7880.85 ^ _217700_/Y (AO31x2_ASAP7_75t_R)
  45.60 7926.44 ^ _217715_/Y (AO21x2_ASAP7_75t_R)
  53.63 7980.07 v _217716_/Y (NAND2x2_ASAP7_75t_R)
  52.44 8032.51 v _218014_/Y (OA21x2_ASAP7_75t_R)
  28.10 8060.62 ^ _218015_/Y (XNOR2x2_ASAP7_75t_R)
  30.42 8091.04 v _218016_/Y (XNOR2x2_ASAP7_75t_R)
  36.08 8127.11 v _218022_/Y (OA211x2_ASAP7_75t_R)
  28.22 8155.33 v _218131_/Y (AO21x1_ASAP7_75t_R)
  32.85 8188.18 v _218149_/Y (OA21x2_ASAP7_75t_R)
  81.58 8269.76 v _218150_/Y (OR3x2_ASAP7_75t_R)
  30.35 8300.11 ^ _218207_/Y (OAI21x1_ASAP7_75t_R)
  42.40 8342.51 ^ _218208_/Y (XOR2x2_ASAP7_75t_R)
  31.19 8373.70 ^ _218236_/Y (XNOR2x2_ASAP7_75t_R)
  20.63 8394.32 ^ _218242_/Y (AND3x1_ASAP7_75t_R)
  14.84 8409.17 v _218244_/Y (NAND2x1_ASAP7_75t_R)
  26.50 8435.67 ^ _218285_/Y (OAI22x1_ASAP7_75t_R)
 142.85 8578.51 v _218562_/Y (AOI211x1_ASAP7_75t_R)
  74.35 8652.86 ^ _218680_/Y (OAI21x1_ASAP7_75t_R)
  29.37 8682.24 ^ _218682_/Y (AND2x2_ASAP7_75t_R)
  23.39 8705.63 ^ _218683_/Y (XNOR2x2_ASAP7_75t_R)
  37.42 8743.05 ^ _218684_/Y (AND5x1_ASAP7_75t_R)
  32.57 8775.62 ^ _218852_/Y (AND4x1_ASAP7_75t_R)
  19.20 8794.81 ^ _218871_/Y (AO31x2_ASAP7_75t_R)
  41.49 8836.30 ^ _218918_/Y (AO211x2_ASAP7_75t_R)
  57.65 8893.95 v _218927_/Y (NOR2x2_ASAP7_75t_R)
  48.50 8942.45 v _219003_/Y (OR4x1_ASAP7_75t_R)
  27.70 8970.15 v _219005_/Y (OA211x2_ASAP7_75t_R)
  17.28 8987.44 v _219012_/Y (AO31x2_ASAP7_75t_R)
  21.46 9008.90 v _219030_/Y (OR3x1_ASAP7_75t_R)
  23.63 9032.53 ^ _219031_/Y (NAND2x1_ASAP7_75t_R)
  33.26 9065.79 ^ _219212_/Y (AND4x1_ASAP7_75t_R)
  25.20 9090.98 ^ _219221_/Y (OR4x1_ASAP7_75t_R)
  50.06 9141.04 v _219222_/Y (OAI21x1_ASAP7_75t_R)
  67.84 9208.88 v _219302_/Y (AND2x2_ASAP7_75t_R)
  41.57 9250.45 ^ _219314_/Y (AOI211x1_ASAP7_75t_R)
  45.30 9295.75 v _219315_/Y (XNOR2x2_ASAP7_75t_R)
  36.90 9332.65 v _219653_/Y (OA211x2_ASAP7_75t_R)
  28.08 9360.74 v _219655_/Y (OA222x2_ASAP7_75t_R)
  91.46 9452.20 v _219690_/Y (AO221x1_ASAP7_75t_R)
  99.27 9551.47 ^ _219718_/Y (NAND2x2_ASAP7_75t_R)
  38.26 9589.73 v _219988_/Y (AOI221x1_ASAP7_75t_R)
  39.18 9628.90 v _219992_/Y (OA33x2_ASAP7_75t_R)
  20.42 9649.32 ^ _220017_/Y (AOI21x1_ASAP7_75t_R)
  37.96 9687.28 ^ _220031_/Y (OA33x2_ASAP7_75t_R)
  14.29 9701.57 v _220033_/Y (OAI21x1_ASAP7_75t_R)
  30.17 9731.74 v _220096_/Y (AO31x2_ASAP7_75t_R)
  36.51 9768.25 v _220129_/Y (AO211x2_ASAP7_75t_R)
  67.14 9835.39 v _220162_/Y (AO21x2_ASAP7_75t_R)
  57.53 9892.92 v _220341_/Y (AO21x2_ASAP7_75t_R)
  30.09 9923.01 v _220343_/Y (AND2x2_ASAP7_75t_R)
  23.13 9946.13 ^ _220461_/Y (OAI21x1_ASAP7_75t_R)
  37.85 9983.98 ^ _220467_/Y (AND5x1_ASAP7_75t_R)
  30.72 10014.70 ^ _220661_/Y (AO32x2_ASAP7_75t_R)
  35.08 10049.79 ^ _220664_/Y (OA31x2_ASAP7_75t_R)
  68.48 10118.27 ^ _220695_/Y (OR3x2_ASAP7_75t_R)
  70.81 10189.08 ^ _220861_/Y (OA21x2_ASAP7_75t_R)
  17.80 10206.87 ^ _220880_/Y (OA21x2_ASAP7_75t_R)
  12.18 10219.06 v _220893_/Y (NOR3x1_ASAP7_75t_R)
  37.00 10256.06 v _220894_/Y (OR4x1_ASAP7_75t_R)
  23.16 10279.21 v _220901_/Y (AO21x1_ASAP7_75t_R)
  25.08 10304.29 v _220910_/Y (AO21x2_ASAP7_75t_R)
  48.71 10353.01 v _221032_/Y (AO32x1_ASAP7_75t_R)
  65.61 10418.62 ^ _221087_/Y (NAND2x2_ASAP7_75t_R)
  55.90 10474.51 ^ _221108_/Y (OA22x2_ASAP7_75t_R)
  39.06 10513.58 ^ _221291_/Y (XNOR2x2_ASAP7_75t_R)
  32.23 10545.81 ^ _221294_/Y (AND4x2_ASAP7_75t_R)
  20.24 10566.05 ^ _221517_/Y (AND2x2_ASAP7_75t_R)
  14.05 10580.10 v _221532_/Y (AOI21x1_ASAP7_75t_R)
  32.93 10613.03 v _221571_/Y (AO221x1_ASAP7_75t_R)
  38.33 10651.35 v _221574_/Y (AO33x2_ASAP7_75t_R)
 118.12 10769.48 v _221575_/Y (AND3x1_ASAP7_75t_R)
  63.66 10833.14 v _221581_/Y (OR4x1_ASAP7_75t_R)
  35.15 10868.29 v _221583_/Y (AND3x1_ASAP7_75t_R)
  31.05 10899.34 v _221585_/Y (XNOR2x2_ASAP7_75t_R)
  25.34 10924.68 v _221598_/Y (AO211x2_ASAP7_75t_R)
  35.17 10959.85 v _221785_/Y (OR3x2_ASAP7_75t_R)
  44.32 11004.17 ^ _221849_/Y (NAND2x2_ASAP7_75t_R)
  66.84 11071.02 ^ _222157_/Y (OR3x2_ASAP7_75t_R)
  33.29 11104.30 ^ _222175_/Y (AND3x1_ASAP7_75t_R)
  41.82 11146.13 ^ _222176_/Y (XNOR2x2_ASAP7_75t_R)
  38.85 11184.98 v _222177_/Y (XNOR2x2_ASAP7_75t_R)
  27.14 11212.12 v _222178_/Y (AND5x2_ASAP7_75t_R)
  18.92 11231.04 v _222221_/Y (AND2x2_ASAP7_75t_R)
  19.31 11250.36 v _222230_/Y (AO21x2_ASAP7_75t_R)
  35.13 11285.48 v _222272_/Y (AO221x2_ASAP7_75t_R)
  25.58 11311.06 v _222273_/Y (AO21x2_ASAP7_75t_R)
 107.77 11418.83 v _222374_/Y (AO21x1_ASAP7_75t_R)
  77.82 11496.65 v _222701_/Y (OA211x2_ASAP7_75t_R)
  32.91 11529.56 v _222709_/Y (OR5x1_ASAP7_75t_R)
  23.11 11552.67 v _222716_/Y (OA21x2_ASAP7_75t_R)
  19.97 11572.64 v _222721_/Y (AND3x2_ASAP7_75t_R)
  27.35 11599.99 v _222722_/Y (OA31x2_ASAP7_75t_R)
  54.79 11654.77 v _222723_/Y (OR4x1_ASAP7_75t_R)
  80.73 11735.50 v _222856_/Y (AO21x2_ASAP7_75t_R)
  56.87 11792.38 v _223087_/Y (AND2x2_ASAP7_75t_R)
  36.36 11828.73 ^ _223088_/Y (XOR2x2_ASAP7_75t_R)
  26.88 11855.61 ^ _223089_/Y (XNOR2x2_ASAP7_75t_R)
  35.68 11891.29 ^ _223171_/Y (AND5x1_ASAP7_75t_R)
  37.20 11928.49 v _223178_/Y (AOI221x1_ASAP7_75t_R)
  39.10 11967.59 v _223188_/Y (OA21x2_ASAP7_75t_R)
 102.96 12070.56 v _223343_/Y (OA211x2_ASAP7_75t_R)
  56.24 12126.80 v _223434_/Y (OR3x1_ASAP7_75t_R)
  21.07 12147.87 v _223789_/Y (AND2x2_ASAP7_75t_R)
  21.60 12169.47 v _223790_/Y (XNOR2x1_ASAP7_75t_R)
  41.04 12210.51 v _223794_/Y (OR5x1_ASAP7_75t_R)
  38.35 12248.86 v _223795_/Y (OR4x1_ASAP7_75t_R)
  27.32 12276.17 v _223882_/Y (OA31x2_ASAP7_75t_R)
  44.98 12321.16 v _223883_/Y (OA211x2_ASAP7_75t_R)
  34.75 12355.91 v _223927_/Y (AND2x4_ASAP7_75t_R)
  49.68 12405.59 ^ _224049_/Y (AOI22x1_ASAP7_75t_R)
  26.12 12431.71 ^ _224050_/Y (XNOR2x1_ASAP7_75t_R)
  35.55 12467.26 ^ _224061_/Y (AND5x1_ASAP7_75t_R)
  58.64 12525.89 v _224146_/Y (AOI221x1_ASAP7_75t_R)
  47.00 12572.89 ^ _224355_/Y (OAI21x1_ASAP7_75t_R)
  26.37 12599.27 ^ _224356_/Y (AND4x1_ASAP7_75t_R)
  63.78 12663.05 ^ _224360_/Y (OR4x2_ASAP7_75t_R)
  87.20 12750.24 v _224402_/Y (INVx1_ASAP7_75t_R)
  20.14 12770.38 ^ _224406_/Y (AOI21x1_ASAP7_75t_R)
  49.46 12819.84 ^ _224409_/Y (AND5x1_ASAP7_75t_R)
  32.33 12852.17 v _224410_/Y (XNOR2x2_ASAP7_75t_R)
  18.06 12870.24 ^ _224411_/Y (AOI211x1_ASAP7_75t_R)
  31.51 12901.75 ^ _224428_/Y (AND2x2_ASAP7_75t_R)
 100.65 13002.40 v _224840_/Y (AOI211x1_ASAP7_75t_R)
  58.48 13060.88 v _224913_/Y (AND2x2_ASAP7_75t_R)
  17.85 13078.73 v _224914_/Y (OA21x2_ASAP7_75t_R)
  18.09 13096.81 v _224915_/Y (OA21x2_ASAP7_75t_R)
  33.01 13129.82 v _224916_/Y (AO221x1_ASAP7_75t_R)
  28.02 13157.83 v _224917_/Y (MAJx2_ASAP7_75t_R)
  19.41 13177.25 v _224929_/Y (AO21x1_ASAP7_75t_R)
  16.07 13193.32 v _224943_/Y (AO21x1_ASAP7_75t_R)
  17.98 13211.31 v _224948_/Y (AO21x1_ASAP7_75t_R)
  28.74 13240.05 v _225034_/Y (AO21x2_ASAP7_75t_R)
  45.54 13285.58 v _225249_/Y (AO21x2_ASAP7_75t_R)
  68.32 13353.90 ^ _225319_/Y (NAND2x2_ASAP7_75t_R)
  33.58 13387.48 ^ _225320_/Y (AO22x1_ASAP7_75t_R)
  24.35 13411.83 ^ _225322_/Y (AO21x2_ASAP7_75t_R)
  20.35 13432.18 ^ _225323_/Y (AO221x1_ASAP7_75t_R)
  31.65 13463.83 ^ _225326_/Y (OA211x2_ASAP7_75t_R)
  33.42 13497.25 ^ _225330_/Y (AO221x2_ASAP7_75t_R)
  24.64 13521.89 ^ _225341_/Y (AO21x2_ASAP7_75t_R)
  29.84 13551.73 ^ _225351_/Y (AO22x2_ASAP7_75t_R)
  71.22 13622.95 v _225594_/Y (AOI211x1_ASAP7_75t_R)
  99.64 13722.60 ^ _225595_/Y (NAND2x2_ASAP7_75t_R)
  45.68 13768.28 ^ _225671_/Y (OA211x2_ASAP7_75t_R)
  31.05 13799.33 ^ _225684_/Y (AND3x2_ASAP7_75t_R)
  25.28 13824.61 ^ _225685_/Y (OA22x2_ASAP7_75t_R)
  28.45 13853.06 ^ _225689_/Y (MAJx2_ASAP7_75t_R)
  25.67 13878.73 ^ _225690_/Y (MAJx2_ASAP7_75t_R)
  23.93 13902.66 v _225704_/Y (AOI21x1_ASAP7_75t_R)
  29.00 13931.66 ^ _225734_/Y (OAI21x1_ASAP7_75t_R)
  25.19 13956.85 ^ _225812_/Y (AND3x1_ASAP7_75t_R)
 113.16 14070.02 ^ _225945_/Y (OR5x1_ASAP7_75t_R)
  48.64 14118.66 ^ _226108_/Y (OA21x2_ASAP7_75t_R)
  18.90 14137.56 ^ _226109_/Y (AO221x1_ASAP7_75t_R)
  23.26 14160.82 ^ _226110_/Y (MAJx2_ASAP7_75t_R)
  18.20 14179.02 ^ _226111_/Y (AO21x1_ASAP7_75t_R)
  23.11 14202.12 ^ _226112_/Y (AO32x1_ASAP7_75t_R)
  39.84 14241.96 ^ _226115_/Y (AO22x1_ASAP7_75t_R)
  27.02 14268.98 v _226127_/Y (AOI21x1_ASAP7_75t_R)
  36.81 14305.79 ^ _226148_/Y (OAI22x1_ASAP7_75t_R)
  25.88 14331.68 ^ _226158_/Y (AO21x1_ASAP7_75t_R)
  27.29 14358.97 ^ _226160_/Y (AO22x2_ASAP7_75t_R)
  91.88 14450.85 ^ _226252_/Y (AO21x1_ASAP7_75t_R)
  17.69 14468.54 v _226384_/Y (NAND2x1_ASAP7_75t_R)
  32.81 14501.35 v _226388_/Y (AO222x2_ASAP7_75t_R)
  31.82 14533.18 v _226389_/Y (OA211x2_ASAP7_75t_R)
  22.60 14555.77 v _226390_/Y (MAJx2_ASAP7_75t_R)
  20.79 14576.57 v _226391_/Y (MAJx2_ASAP7_75t_R)
  20.18 14596.75 v _226392_/Y (MAJx2_ASAP7_75t_R)
  33.17 14629.92 v _226393_/Y (AO222x2_ASAP7_75t_R)
  20.18 14650.10 v _226415_/Y (AO21x1_ASAP7_75t_R)
  20.07 14670.17 v _226416_/Y (AO22x1_ASAP7_75t_R)
  22.13 14692.30 v _226425_/Y (AO21x2_ASAP7_75t_R)
  60.49 14752.79 v _226552_/Y (AO21x2_ASAP7_75t_R)
 228.13 14980.92 ^ _226668_/Y (NAND2x2_ASAP7_75t_R)
 115.78 15096.71 ^ _226680_/Y (OR3x2_ASAP7_75t_R)
  41.22 15137.93 ^ _226685_/Y (AND2x4_ASAP7_75t_R)
  58.80 15196.73 v _226736_/Y (XNOR2x2_ASAP7_75t_R)
  28.96 15225.69 v _226773_/Y (OR3x1_ASAP7_75t_R)
  47.08 15272.77 ^ _226775_/Y (AOI21x1_ASAP7_75t_R)
  45.33 15318.10 v _226776_/Y (NOR2x2_ASAP7_75t_R)
  79.48 15397.58 v _226777_/Y (AO32x1_ASAP7_75t_R)
 120.91 15518.49 ^ _227106_/Y (XNOR2x1_ASAP7_75t_R)
  53.31 15571.79 ^ _228542_/Y (AO32x1_ASAP7_75t_R)
  84.55 15656.34 ^ _228577_/Y (AO32x1_ASAP7_75t_R)
  53.68 15710.02 v _228823_/Y (NOR3x1_ASAP7_75t_R)
  36.69 15746.71 v _228824_/Y (AO32x1_ASAP7_75t_R)
  30.88 15777.60 v _228836_/Y (AO222x2_ASAP7_75t_R)
  29.42 15807.02 v _228869_/Y (OR5x1_ASAP7_75t_R)
  35.42 15842.43 v _228909_/Y (OR5x1_ASAP7_75t_R)
  35.55 15877.99 v _229076_/Y (AO32x1_ASAP7_75t_R)
  37.28 15915.27 v _229116_/Y (AO32x2_ASAP7_75t_R)
  26.65 15941.92 v _229223_/Y (AND5x2_ASAP7_75t_R)
  22.56 15964.47 v _229304_/Y (AND3x2_ASAP7_75t_R)
  23.31 15987.79 v _229305_/Y (AND4x2_ASAP7_75t_R)
  15.69 16003.47 v _229409_/Y (AND3x1_ASAP7_75t_R)
  18.91 16022.39 v _229419_/Y (OA31x2_ASAP7_75t_R)
  23.75 16046.13 v _229424_/Y (OA21x2_ASAP7_75t_R)
  45.81 16091.94 v _238033_/Y (OA211x2_ASAP7_75t_R)
  34.16 16126.10 v _241101_/Y (AO31x2_ASAP7_75t_R)
  71.43 16197.53 v _241194_/Y (AO221x1_ASAP7_75t_R)
 173.32 16370.85 ^ _241196_/Y (NAND2x2_ASAP7_75t_R)
  88.37 16459.22 v _241197_/Y (INVx2_ASAP7_75t_R)
  53.44 16512.66 v _253544_/Y (AO21x1_ASAP7_75t_R)
  14.90 16527.56 v _253545_/Y (AND2x2_ASAP7_75t_R)
   0.13 16527.69 v _378108_/D (DFFHQNx1_ASAP7_75t_R)
        16527.69   data arrival time

12000.00 12000.00   clock core_clk (rise edge)
   0.00 12000.00   clock source latency
   0.00 12000.00 ^ clk (in)
  51.21 12051.21 ^ wire5675/Y (BUFx12_ASAP7_75t_R)
  50.67 12101.89 ^ clkbuf_0_clk/Y (BUFx24_ASAP7_75t_R)
  26.15 12128.04 ^ clkbuf_1_1_0_clk/Y (BUFx24_ASAP7_75t_R)
  24.91 12152.95 ^ clkbuf_2_2_0_clk/Y (BUFx24_ASAP7_75t_R)
  27.24 12180.19 ^ clkbuf_3_5_0_clk/Y (BUFx24_ASAP7_75t_R)
  25.96 12206.15 ^ clkbuf_4_11_0_clk/Y (BUFx24_ASAP7_75t_R)
  27.00 12233.15 ^ clkbuf_6_45__f_clk/Y (BUFx24_ASAP7_75t_R)
  26.21 12259.37 ^ clkbuf_leaf_570_clk/Y (BUFx24_ASAP7_75t_R)
   1.34 12260.70 ^ _378108_/CLK (DFFHQNx1_ASAP7_75t_R)
 -50.00 12210.70   clock uncertainty
   2.39 12213.09   clock reconvergence pessimism
  -0.26 12212.83   library setup time
        12212.83   data required time
---------------------------------------------------------
        12212.83   data required time
        -16527.69   data arrival time
---------------------------------------------------------
        -4314.85   slack (VIOLATED)


Startpoint: _369487_ (rising edge-triggered flip-flop clocked by core_clk)
Endpoint: _378108_ (rising edge-triggered flip-flop clocked by core_clk)
Path Group: reg2reg
Path Type: max

  Delay    Time   Description
---------------------------------------------------------
   0.00    0.00   clock core_clk (rise edge)
   0.00    0.00   clock source latency
   0.00    0.00 ^ clk (in)
  51.99   51.99 ^ wire5675/Y (BUFx12_ASAP7_75t_R)
  52.29  104.28 ^ clkbuf_0_clk/Y (BUFx24_ASAP7_75t_R)
  27.06  131.33 ^ clkbuf_1_0_0_clk/Y (BUFx24_ASAP7_75t_R)
  26.85  158.18 ^ clkbuf_2_1_0_clk/Y (BUFx24_ASAP7_75t_R)
  28.86  187.04 ^ clkbuf_3_3_0_clk/Y (BUFx24_ASAP7_75t_R)
  30.02  217.07 ^ clkbuf_4_7_0_clk/Y (BUFx24_ASAP7_75t_R)
  29.08  246.15 ^ clkbuf_6_30__f_clk/Y (BUFx24_ASAP7_75t_R)
  33.58  279.73 ^ clkbuf_leaf_368_clk/Y (BUFx24_ASAP7_75t_R)
   3.20  282.92 ^ _369487_/CLK (DFFHQNx1_ASAP7_75t_R)
  81.75  364.68 v _369487_/QN (DFFHQNx1_ASAP7_75t_R)
 117.22  481.90 v _184248_/Y (OR4x2_ASAP7_75t_R)
 163.68  645.58 ^ _184249_/Y (NAND3x1_ASAP7_75t_R)
  86.57  732.14 v _184434_/Y (AOI21x1_ASAP7_75t_R)
  78.49  810.64 v _184438_/Y (OR3x1_ASAP7_75t_R)
  60.40  871.03 ^ _184457_/Y (AOI21x1_ASAP7_75t_R)
  39.14  910.17 ^ max_cap4622/Y (BUFx12_ASAP7_75t_R)
  24.73  934.91 ^ max_cap4621/Y (BUFx12_ASAP7_75t_R)
  31.59  966.49 ^ load_slew4620/Y (BUFx6f_ASAP7_75t_R)
  23.60  990.09 ^ wire4619/Y (BUFx12f_ASAP7_75t_R)
  32.21 1022.30 ^ max_cap4618/Y (BUFx10_ASAP7_75t_R)
  29.02 1051.32 ^ max_cap4612/Y (BUFx12_ASAP7_75t_R)
  34.32 1085.64 ^ wire4609/Y (BUFx12f_ASAP7_75t_R)
  29.55 1115.19 ^ load_slew4607/Y (BUFx12f_ASAP7_75t_R)
 120.66 1235.85 ^ _184934_/Y (OR3x1_ASAP7_75t_R)
  79.52 1315.37 ^ _185378_/Y (OR2x2_ASAP7_75t_R)
  21.21 1336.58 ^ _185399_/Y (AND4x1_ASAP7_75t_R)
  38.30 1374.88 ^ _185400_/Y (AND4x2_ASAP7_75t_R)
  95.55 1470.43 ^ _185414_/Y (OA222x2_ASAP7_75t_R)
  80.33 1550.76 v _185565_/Y (NAND2x1_ASAP7_75t_R)
  49.69 1600.45 v _186054_/Y (OR5x1_ASAP7_75t_R)
  49.59 1650.03 v _188459_/Y (OR4x2_ASAP7_75t_R)
  66.04 1716.07 v _211565_/Y (AND4x2_ASAP7_75t_R)
  30.31 1746.38 v load_slew2798/Y (BUFx16f_ASAP7_75t_R)
  43.33 1789.71 v load_slew2797/Y (BUFx16f_ASAP7_75t_R)
  35.87 1825.58 v load_slew2796/Y (BUFx16f_ASAP7_75t_R)
  69.03 1894.61 v wire2795/Y (BUFx16f_ASAP7_75t_R)
  24.24 1918.86 v load_slew2794/Y (BUFx16f_ASAP7_75t_R)
  55.74 1974.59 v wire2793/Y (BUFx16f_ASAP7_75t_R)
  79.57 2054.17 v _211844_/Y (AND2x4_ASAP7_75t_R)
  30.08 2084.25 v wire2553/Y (BUFx16f_ASAP7_75t_R)
  78.91 2163.16 v load_slew2552/Y (BUFx16f_ASAP7_75t_R)
 118.99 2282.15 v _211850_/Y (OR4x1_ASAP7_75t_R)
  25.38 2307.53 v _211851_/Y (AND2x4_ASAP7_75t_R)
  17.24 2324.78 ^ _211863_/Y (NOR3x1_ASAP7_75t_R)
  30.46 2355.24 ^ _211864_/Y (AND4x2_ASAP7_75t_R)
   8.53 2363.77 v _211865_/Y (NAND3x1_ASAP7_75t_R)
  33.28 2397.05 v _211869_/Y (OA211x2_ASAP7_75t_R)
  20.81 2417.86 ^ _211879_/Y (AOI221x1_ASAP7_75t_R)
  37.89 2455.75 v _211916_/Y (AOI221x1_ASAP7_75t_R)
  34.29 2490.04 v _211994_/Y (AO21x2_ASAP7_75t_R)
  24.71 2514.75 ^ _212068_/Y (AOI221x1_ASAP7_75t_R)
  40.92 2555.67 v _212069_/Y (XNOR2x2_ASAP7_75t_R)
  49.13 2604.81 v _212079_/Y (AO32x1_ASAP7_75t_R)
  37.28 2642.08 v _212081_/Y (AO221x2_ASAP7_75t_R)
  33.14 2675.22 v _212140_/Y (AO21x2_ASAP7_75t_R)
  32.77 2708.00 ^ _212148_/Y (NAND2x2_ASAP7_75t_R)
  33.87 2741.87 ^ _212159_/Y (AO221x1_ASAP7_75t_R)
  30.04 2771.91 ^ _212174_/Y (AO22x2_ASAP7_75t_R)
  32.66 2804.57 v _212207_/Y (OAI21x1_ASAP7_75t_R)
  25.57 2830.14 ^ _212221_/Y (AOI21x1_ASAP7_75t_R)
  31.21 2861.35 ^ _212228_/Y (OA21x2_ASAP7_75t_R)
  26.23 2887.59 ^ _212263_/Y (XNOR2x2_ASAP7_75t_R)
  30.31 2917.90 ^ _212273_/Y (AO221x1_ASAP7_75t_R)
  27.36 2945.26 ^ _212358_/Y (MAJx2_ASAP7_75t_R)
  40.47 2985.73 v _212379_/Y (AOI211x1_ASAP7_75t_R)
  56.07 3041.79 ^ _212412_/Y (OAI21x1_ASAP7_75t_R)
  41.41 3083.21 ^ _212419_/Y (AO211x2_ASAP7_75t_R)
  25.93 3109.13 ^ _212421_/Y (OA33x2_ASAP7_75t_R)
  25.72 3134.86 v _212437_/Y (NOR3x1_ASAP7_75t_R)
  34.56 3169.41 ^ _212512_/Y (OAI21x1_ASAP7_75t_R)
  31.95 3201.36 ^ _212568_/Y (AO32x1_ASAP7_75t_R)
  22.00 3223.36 ^ _212584_/Y (AND3x1_ASAP7_75t_R)
  26.56 3249.92 ^ _212585_/Y (XNOR2x2_ASAP7_75t_R)
  37.09 3287.01 ^ _212597_/Y (MAJx2_ASAP7_75t_R)
  34.19 3321.21 v _212610_/Y (AOI211x1_ASAP7_75t_R)
  42.58 3363.79 v _212620_/Y (OA211x2_ASAP7_75t_R)
  40.55 3404.34 v _212641_/Y (OR2x2_ASAP7_75t_R)
  26.42 3430.77 v _212731_/Y (AO21x1_ASAP7_75t_R)
  20.15 3450.91 v _212733_/Y (AO22x1_ASAP7_75t_R)
  30.08 3480.99 ^ _212738_/Y (AOI221x1_ASAP7_75t_R)
  32.67 3513.66 ^ _212740_/Y (AO211x2_ASAP7_75t_R)
  34.65 3548.30 ^ _212753_/Y (AO21x1_ASAP7_75t_R)
  43.93 3592.23 ^ _212838_/Y (AO21x2_ASAP7_75t_R)
  27.90 3620.13 ^ _212901_/Y (AND3x1_ASAP7_75t_R)
  31.81 3651.94 v _212902_/Y (AOI21x1_ASAP7_75t_R)
  31.51 3683.46 ^ _212903_/Y (AOI22x1_ASAP7_75t_R)
  39.18 3722.63 ^ _212946_/Y (AND4x2_ASAP7_75t_R)
  24.62 3747.25 ^ _213006_/Y (OA211x2_ASAP7_75t_R)
  25.07 3772.32 ^ _213007_/Y (AO221x1_ASAP7_75t_R)
  20.55 3792.87 ^ _213008_/Y (AO21x2_ASAP7_75t_R)
  25.91 3818.77 ^ _213011_/Y (AND3x2_ASAP7_75t_R)
  34.12 3852.89 v _213012_/Y (XNOR2x2_ASAP7_75t_R)
  26.94 3879.83 v _213058_/Y (OA211x2_ASAP7_75t_R)
  30.20 3910.03 v _213060_/Y (OA211x2_ASAP7_75t_R)
  31.18 3941.21 v _213078_/Y (OR3x2_ASAP7_75t_R)
  27.61 3968.82 v _213197_/Y (AO211x2_ASAP7_75t_R)
  26.88 3995.70 v _213198_/Y (AND2x4_ASAP7_75t_R)
  27.47 4023.17 v _213230_/Y (AND2x2_ASAP7_75t_R)
  26.40 4049.57 v _213231_/Y (XNOR2x1_ASAP7_75t_R)
  29.91 4079.47 v _213232_/Y (XNOR2x1_ASAP7_75t_R)
  44.09 4123.57 v _213363_/Y (AO221x1_ASAP7_75t_R)
  38.78 4162.35 v _213368_/Y (OR5x1_ASAP7_75t_R)
  58.50 4220.84 v _213375_/Y (AO222x2_ASAP7_75t_R)
  33.13 4253.97 v _213494_/Y (AND2x4_ASAP7_75t_R)
  30.36 4284.34 v _213495_/Y (XNOR2x1_ASAP7_75t_R)
  38.09 4322.42 v _213524_/Y (AO32x1_ASAP7_75t_R)
  26.66 4349.08 ^ _213525_/Y (AOI211x1_ASAP7_75t_R)
  34.25 4383.33 ^ _213548_/Y (OA31x2_ASAP7_75t_R)
  37.41 4420.74 ^ _213564_/Y (AO211x2_ASAP7_75t_R)
  26.49 4447.23 ^ _213595_/Y (AND3x1_ASAP7_75t_R)
  26.24 4473.47 v _213596_/Y (XOR2x2_ASAP7_75t_R)
  22.45 4495.92 v _213605_/Y (AO21x1_ASAP7_75t_R)
  37.08 4533.00 v _213606_/Y (AO32x1_ASAP7_75t_R)
  31.94 4564.94 v _213625_/Y (AO21x2_ASAP7_75t_R)
  27.70 4592.64 v _213781_/Y (OA21x2_ASAP7_75t_R)
  41.78 4634.43 ^ _213794_/Y (OAI21x1_ASAP7_75t_R)
  42.88 4677.31 v _213835_/Y (NAND2x2_ASAP7_75t_R)
  36.85 4714.16 v _213973_/Y (AND2x2_ASAP7_75t_R)
  38.28 4752.44 ^ _213974_/Y (XNOR2x2_ASAP7_75t_R)
  22.92 4775.36 v _213984_/Y (AOI211x1_ASAP7_75t_R)
  37.61 4812.97 v _213988_/Y (OR4x2_ASAP7_75t_R)
  38.30 4851.27 v _213989_/Y (AO21x1_ASAP7_75t_R)
  59.80 4911.07 ^ _214007_/Y (NAND2x1_ASAP7_75t_R)
  41.74 4952.81 ^ _214009_/Y (AND2x4_ASAP7_75t_R)
  22.52 4975.32 ^ _214013_/Y (AND2x2_ASAP7_75t_R)
  36.11 5011.43 v _214014_/Y (XNOR2x2_ASAP7_75t_R)
  33.46 5044.89 v _214121_/Y (OA211x2_ASAP7_75t_R)
  18.77 5063.65 v _214139_/Y (AND4x1_ASAP7_75t_R)
  21.40 5085.06 v _214326_/Y (AO211x2_ASAP7_75t_R)
  49.96 5135.02 v _214333_/Y (OA21x2_ASAP7_75t_R)
  60.41 5195.44 v _214504_/Y (OA211x2_ASAP7_75t_R)
  29.67 5225.10 v _214505_/Y (XOR2x2_ASAP7_75t_R)
  20.14 5245.25 v _214529_/Y (AND3x1_ASAP7_75t_R)
  38.50 5283.75 v _214531_/Y (OR4x2_ASAP7_75t_R)
  17.34 5301.09 ^ _214543_/Y (AOI22x1_ASAP7_75t_R)
  20.49 5321.58 ^ _214544_/Y (AND2x4_ASAP7_75t_R)
  63.94 5385.52 ^ _214554_/Y (AO221x2_ASAP7_75t_R)
  51.28 5436.80 ^ _214722_/Y (AND5x1_ASAP7_75t_R)
  29.23 5466.03 v _214723_/Y (XOR2x2_ASAP7_75t_R)
  19.65 5485.69 v _214724_/Y (AND2x4_ASAP7_75t_R)
  15.97 5501.66 ^ _214850_/Y (INVx1_ASAP7_75t_R)
  31.91 5533.57 ^ _214852_/Y (AND4x1_ASAP7_75t_R)
  29.87 5563.43 ^ _214868_/Y (AND5x1_ASAP7_75t_R)
  22.72 5586.16 ^ _214869_/Y (AO32x1_ASAP7_75t_R)
  81.64 5667.80 ^ _214872_/Y (OA31x2_ASAP7_75t_R)
  42.50 5710.30 ^ _215078_/Y (AND2x2_ASAP7_75t_R)
  36.10 5746.39 v _215079_/Y (XNOR2x2_ASAP7_75t_R)
  34.42 5780.82 v _215122_/Y (OA221x2_ASAP7_75t_R)
  30.89 5811.71 v _215131_/Y (AO221x1_ASAP7_75t_R)
  37.11 5848.82 v _215139_/Y (AO22x2_ASAP7_75t_R)
  36.40 5885.21 v _215153_/Y (AO221x2_ASAP7_75t_R)
  53.03 5938.24 v _215160_/Y (AO21x2_ASAP7_75t_R)
  43.59 5981.83 v _215230_/Y (AO21x2_ASAP7_75t_R)
  20.05 6001.87 v _215231_/Y (AND2x4_ASAP7_75t_R)
  16.94 6018.81 v _215284_/Y (XNOR2x1_ASAP7_75t_R)
  38.74 6057.55 v _215285_/Y (OR5x1_ASAP7_75t_R)
  28.11 6085.66 ^ _215286_/Y (OAI22x1_ASAP7_75t_R)
  44.37 6130.03 ^ _215332_/Y (AO211x2_ASAP7_75t_R)
  52.27 6182.30 ^ _215466_/Y (AO211x2_ASAP7_75t_R)
  42.70 6225.00 ^ _215467_/Y (AND2x4_ASAP7_75t_R)
  28.50 6253.50 ^ _215476_/Y (AO21x2_ASAP7_75t_R)
  26.58 6280.08 ^ _215478_/Y (AND2x2_ASAP7_75t_R)
  29.44 6309.52 ^ _215729_/Y (OA31x2_ASAP7_75t_R)
  15.57 6325.09 v _215748_/Y (AOI211x1_ASAP7_75t_R)
  37.27 6362.36 v _215777_/Y (OR4x2_ASAP7_75t_R)
  39.75 6402.11 v _215781_/Y (AO32x2_ASAP7_75t_R)
  53.51 6455.62 v _215787_/Y (OR3x2_ASAP7_75t_R)
  52.82 6508.44 v _215869_/Y (OA21x2_ASAP7_75t_R)
  29.60 6538.05 v _215888_/Y (AND2x2_ASAP7_75t_R)
  32.20 6570.25 v _215889_/Y (XNOR2x2_ASAP7_75t_R)
  33.95 6604.19 v _216007_/Y (XNOR2x1_ASAP7_75t_R)
  22.91 6627.10 ^ _216008_/Y (NAND3x1_ASAP7_75t_R)
  21.90 6649.00 v _216182_/Y (AOI211x1_ASAP7_75t_R)
  55.33 6704.33 v _216196_/Y (OR5x2_ASAP7_75t_R)
  56.07 6760.40 ^ _216251_/Y (NAND2x1_ASAP7_75t_R)
  30.17 6790.56 ^ _216252_/Y (AO21x2_ASAP7_75t_R)
  30.37 6820.93 ^ _216253_/Y (XNOR2x2_ASAP7_75t_R)
  27.60 6848.53 ^ _216254_/Y (AND2x2_ASAP7_75t_R)
  20.59 6869.12 ^ _216255_/Y (AO21x1_ASAP7_75t_R)
  20.90 6890.03 ^ _216261_/Y (OA211x2_ASAP7_75t_R)
  69.99 6960.02 ^ _216360_/Y (AO221x1_ASAP7_75t_R)
  23.00 6983.01 v _216362_/Y (INVx6_ASAP7_75t_R)
  89.01 7072.03 ^ _216545_/Y (NAND2x1_ASAP7_75t_R)
  37.31 7109.34 ^ _216628_/Y (OA21x2_ASAP7_75t_R)
  34.38 7143.72 v _216629_/Y (XNOR2x2_ASAP7_75t_R)
  28.17 7171.89 v _216843_/Y (OR2x4_ASAP7_75t_R)
  23.70 7195.59 v _216846_/Y (OA222x2_ASAP7_75t_R)
  22.80 7218.39 v _216851_/Y (AO221x1_ASAP7_75t_R)
  43.30 7261.68 v _216876_/Y (AO221x1_ASAP7_75t_R)
  43.55 7305.23 v _216887_/Y (AND3x2_ASAP7_75t_R)
  68.57 7373.80 ^ _216996_/Y (NAND2x2_ASAP7_75t_R)
  42.10 7415.90 ^ _217076_/Y (OA21x2_ASAP7_75t_R)
  23.95 7439.86 ^ _217107_/Y (XNOR2x2_ASAP7_75t_R)
  41.93 7481.79 ^ _217265_/Y (AND5x1_ASAP7_75t_R)
  36.98 7518.77 ^ _217277_/Y (AND5x1_ASAP7_75t_R)
  31.55 7550.31 ^ _217278_/Y (OA211x2_ASAP7_75t_R)
  45.89 7596.21 v _217284_/Y (AOI211x1_ASAP7_75t_R)
 109.67 7705.88 ^ _217285_/Y (NAND2x2_ASAP7_75t_R)
  40.57 7746.45 ^ _217578_/Y (OA21x2_ASAP7_75t_R)
  37.61 7784.06 v _217579_/Y (XNOR2x2_ASAP7_75t_R)
  37.05 7821.11 ^ _217695_/Y (NAND2x1_ASAP7_75t_R)
  31.64 7852.76 ^ _217699_/Y (AO211x2_ASAP7_75t_R)
  28.09 7880.85 ^ _217700_/Y (AO31x2_ASAP7_75t_R)
  45.60 7926.44 ^ _217715_/Y (AO21x2_ASAP7_75t_R)
  53.63 7980.07 v _217716_/Y (NAND2x2_ASAP7_75t_R)
  52.44 8032.51 v _218014_/Y (OA21x2_ASAP7_75t_R)
  28.10 8060.62 ^ _218015_/Y (XNOR2x2_ASAP7_75t_R)
  30.42 8091.04 v _218016_/Y (XNOR2x2_ASAP7_75t_R)
  36.08 8127.11 v _218022_/Y (OA211x2_ASAP7_75t_R)
  28.22 8155.33 v _218131_/Y (AO21x1_ASAP7_75t_R)
  32.85 8188.18 v _218149_/Y (OA21x2_ASAP7_75t_R)
  81.58 8269.76 v _218150_/Y (OR3x2_ASAP7_75t_R)
  30.35 8300.11 ^ _218207_/Y (OAI21x1_ASAP7_75t_R)
  42.40 8342.51 ^ _218208_/Y (XOR2x2_ASAP7_75t_R)
  31.19 8373.70 ^ _218236_/Y (XNOR2x2_ASAP7_75t_R)
  20.63 8394.32 ^ _218242_/Y (AND3x1_ASAP7_75t_R)
  14.84 8409.17 v _218244_/Y (NAND2x1_ASAP7_75t_R)
  26.50 8435.67 ^ _218285_/Y (OAI22x1_ASAP7_75t_R)
 142.85 8578.51 v _218562_/Y (AOI211x1_ASAP7_75t_R)
  74.35 8652.86 ^ _218680_/Y (OAI21x1_ASAP7_75t_R)
  29.37 8682.24 ^ _218682_/Y (AND2x2_ASAP7_75t_R)
  23.39 8705.63 ^ _218683_/Y (XNOR2x2_ASAP7_75t_R)
  37.42 8743.05 ^ _218684_/Y (AND5x1_ASAP7_75t_R)
  32.57 8775.62 ^ _218852_/Y (AND4x1_ASAP7_75t_R)
  19.20 8794.81 ^ _218871_/Y (AO31x2_ASAP7_75t_R)
  41.49 8836.30 ^ _218918_/Y (AO211x2_ASAP7_75t_R)
  57.65 8893.95 v _218927_/Y (NOR2x2_ASAP7_75t_R)
  48.50 8942.45 v _219003_/Y (OR4x1_ASAP7_75t_R)
  27.70 8970.15 v _219005_/Y (OA211x2_ASAP7_75t_R)
  17.28 8987.44 v _219012_/Y (AO31x2_ASAP7_75t_R)
  21.46 9008.90 v _219030_/Y (OR3x1_ASAP7_75t_R)
  23.63 9032.53 ^ _219031_/Y (NAND2x1_ASAP7_75t_R)
  33.26 9065.79 ^ _219212_/Y (AND4x1_ASAP7_75t_R)
  25.20 9090.98 ^ _219221_/Y (OR4x1_ASAP7_75t_R)
  50.06 9141.04 v _219222_/Y (OAI21x1_ASAP7_75t_R)
  67.84 9208.88 v _219302_/Y (AND2x2_ASAP7_75t_R)
  41.57 9250.45 ^ _219314_/Y (AOI211x1_ASAP7_75t_R)
  45.30 9295.75 v _219315_/Y (XNOR2x2_ASAP7_75t_R)
  36.90 9332.65 v _219653_/Y (OA211x2_ASAP7_75t_R)
  28.08 9360.74 v _219655_/Y (OA222x2_ASAP7_75t_R)
  91.46 9452.20 v _219690_/Y (AO221x1_ASAP7_75t_R)
  99.27 9551.47 ^ _219718_/Y (NAND2x2_ASAP7_75t_R)
  38.26 9589.73 v _219988_/Y (AOI221x1_ASAP7_75t_R)
  39.18 9628.90 v _219992_/Y (OA33x2_ASAP7_75t_R)
  20.42 9649.32 ^ _220017_/Y (AOI21x1_ASAP7_75t_R)
  37.96 9687.28 ^ _220031_/Y (OA33x2_ASAP7_75t_R)
  14.29 9701.57 v _220033_/Y (OAI21x1_ASAP7_75t_R)
  30.17 9731.74 v _220096_/Y (AO31x2_ASAP7_75t_R)
  36.51 9768.25 v _220129_/Y (AO211x2_ASAP7_75t_R)
  67.14 9835.39 v _220162_/Y (AO21x2_ASAP7_75t_R)
  57.53 9892.92 v _220341_/Y (AO21x2_ASAP7_75t_R)
  30.09 9923.01 v _220343_/Y (AND2x2_ASAP7_75t_R)
  23.13 9946.13 ^ _220461_/Y (OAI21x1_ASAP7_75t_R)
  37.85 9983.98 ^ _220467_/Y (AND5x1_ASAP7_75t_R)
  30.72 10014.70 ^ _220661_/Y (AO32x2_ASAP7_75t_R)
  35.08 10049.79 ^ _220664_/Y (OA31x2_ASAP7_75t_R)
  68.48 10118.27 ^ _220695_/Y (OR3x2_ASAP7_75t_R)
  70.81 10189.08 ^ _220861_/Y (OA21x2_ASAP7_75t_R)
  17.80 10206.87 ^ _220880_/Y (OA21x2_ASAP7_75t_R)
  12.18 10219.06 v _220893_/Y (NOR3x1_ASAP7_75t_R)
  37.00 10256.06 v _220894_/Y (OR4x1_ASAP7_75t_R)
  23.16 10279.21 v _220901_/Y (AO21x1_ASAP7_75t_R)
  25.08 10304.29 v _220910_/Y (AO21x2_ASAP7_75t_R)
  48.71 10353.01 v _221032_/Y (AO32x1_ASAP7_75t_R)
  65.61 10418.62 ^ _221087_/Y (NAND2x2_ASAP7_75t_R)
  55.90 10474.51 ^ _221108_/Y (OA22x2_ASAP7_75t_R)
  39.06 10513.58 ^ _221291_/Y (XNOR2x2_ASAP7_75t_R)
  32.23 10545.81 ^ _221294_/Y (AND4x2_ASAP7_75t_R)
  20.24 10566.05 ^ _221517_/Y (AND2x2_ASAP7_75t_R)
  14.05 10580.10 v _221532_/Y (AOI21x1_ASAP7_75t_R)
  32.93 10613.03 v _221571_/Y (AO221x1_ASAP7_75t_R)
  38.33 10651.35 v _221574_/Y (AO33x2_ASAP7_75t_R)
 118.12 10769.48 v _221575_/Y (AND3x1_ASAP7_75t_R)
  63.66 10833.14 v _221581_/Y (OR4x1_ASAP7_75t_R)
  35.15 10868.29 v _221583_/Y (AND3x1_ASAP7_75t_R)
  31.05 10899.34 v _221585_/Y (XNOR2x2_ASAP7_75t_R)
  25.34 10924.68 v _221598_/Y (AO211x2_ASAP7_75t_R)
  35.17 10959.85 v _221785_/Y (OR3x2_ASAP7_75t_R)
  44.32 11004.17 ^ _221849_/Y (NAND2x2_ASAP7_75t_R)
  66.84 11071.02 ^ _222157_/Y (OR3x2_ASAP7_75t_R)
  33.29 11104.30 ^ _222175_/Y (AND3x1_ASAP7_75t_R)
  41.82 11146.13 ^ _222176_/Y (XNOR2x2_ASAP7_75t_R)
  38.85 11184.98 v _222177_/Y (XNOR2x2_ASAP7_75t_R)
  27.14 11212.12 v _222178_/Y (AND5x2_ASAP7_75t_R)
  18.92 11231.04 v _222221_/Y (AND2x2_ASAP7_75t_R)
  19.31 11250.36 v _222230_/Y (AO21x2_ASAP7_75t_R)
  35.13 11285.48 v _222272_/Y (AO221x2_ASAP7_75t_R)
  25.58 11311.06 v _222273_/Y (AO21x2_ASAP7_75t_R)
 107.77 11418.83 v _222374_/Y (AO21x1_ASAP7_75t_R)
  77.82 11496.65 v _222701_/Y (OA211x2_ASAP7_75t_R)
  32.91 11529.56 v _222709_/Y (OR5x1_ASAP7_75t_R)
  23.11 11552.67 v _222716_/Y (OA21x2_ASAP7_75t_R)
  19.97 11572.64 v _222721_/Y (AND3x2_ASAP7_75t_R)
  27.35 11599.99 v _222722_/Y (OA31x2_ASAP7_75t_R)
  54.79 11654.77 v _222723_/Y (OR4x1_ASAP7_75t_R)
  80.73 11735.50 v _222856_/Y (AO21x2_ASAP7_75t_R)
  56.87 11792.38 v _223087_/Y (AND2x2_ASAP7_75t_R)
  36.36 11828.73 ^ _223088_/Y (XOR2x2_ASAP7_75t_R)
  26.88 11855.61 ^ _223089_/Y (XNOR2x2_ASAP7_75t_R)
  35.68 11891.29 ^ _223171_/Y (AND5x1_ASAP7_75t_R)
  37.20 11928.49 v _223178_/Y (AOI221x1_ASAP7_75t_R)
  39.10 11967.59 v _223188_/Y (OA21x2_ASAP7_75t_R)
 102.96 12070.56 v _223343_/Y (OA211x2_ASAP7_75t_R)
  56.24 12126.80 v _223434_/Y (OR3x1_ASAP7_75t_R)
  21.07 12147.87 v _223789_/Y (AND2x2_ASAP7_75t_R)
  21.60 12169.47 v _223790_/Y (XNOR2x1_ASAP7_75t_R)
  41.04 12210.51 v _223794_/Y (OR5x1_ASAP7_75t_R)
  38.35 12248.86 v _223795_/Y (OR4x1_ASAP7_75t_R)
  27.32 12276.17 v _223882_/Y (OA31x2_ASAP7_75t_R)
  44.98 12321.16 v _223883_/Y (OA211x2_ASAP7_75t_R)
  34.75 12355.91 v _223927_/Y (AND2x4_ASAP7_75t_R)
  49.68 12405.59 ^ _224049_/Y (AOI22x1_ASAP7_75t_R)
  26.12 12431.71 ^ _224050_/Y (XNOR2x1_ASAP7_75t_R)
  35.55 12467.26 ^ _224061_/Y (AND5x1_ASAP7_75t_R)
  58.64 12525.89 v _224146_/Y (AOI221x1_ASAP7_75t_R)
  47.00 12572.89 ^ _224355_/Y (OAI21x1_ASAP7_75t_R)
  26.37 12599.27 ^ _224356_/Y (AND4x1_ASAP7_75t_R)
  63.78 12663.05 ^ _224360_/Y (OR4x2_ASAP7_75t_R)
  87.20 12750.24 v _224402_/Y (INVx1_ASAP7_75t_R)
  20.14 12770.38 ^ _224406_/Y (AOI21x1_ASAP7_75t_R)
  49.46 12819.84 ^ _224409_/Y (AND5x1_ASAP7_75t_R)
  32.33 12852.17 v _224410_/Y (XNOR2x2_ASAP7_75t_R)
  18.06 12870.24 ^ _224411_/Y (AOI211x1_ASAP7_75t_R)
  31.51 12901.75 ^ _224428_/Y (AND2x2_ASAP7_75t_R)
 100.65 13002.40 v _224840_/Y (AOI211x1_ASAP7_75t_R)
  58.48 13060.88 v _224913_/Y (AND2x2_ASAP7_75t_R)
  17.85 13078.73 v _224914_/Y (OA21x2_ASAP7_75t_R)
  18.09 13096.81 v _224915_/Y (OA21x2_ASAP7_75t_R)
  33.01 13129.82 v _224916_/Y (AO221x1_ASAP7_75t_R)
  28.02 13157.83 v _224917_/Y (MAJx2_ASAP7_75t_R)
  19.41 13177.25 v _224929_/Y (AO21x1_ASAP7_75t_R)
  16.07 13193.32 v _224943_/Y (AO21x1_ASAP7_75t_R)
  17.98 13211.31 v _224948_/Y (AO21x1_ASAP7_75t_R)
  28.74 13240.05 v _225034_/Y (AO21x2_ASAP7_75t_R)
  45.54 13285.58 v _225249_/Y (AO21x2_ASAP7_75t_R)
  68.32 13353.90 ^ _225319_/Y (NAND2x2_ASAP7_75t_R)
  33.58 13387.48 ^ _225320_/Y (AO22x1_ASAP7_75t_R)
  24.35 13411.83 ^ _225322_/Y (AO21x2_ASAP7_75t_R)
  20.35 13432.18 ^ _225323_/Y (AO221x1_ASAP7_75t_R)
  31.65 13463.83 ^ _225326_/Y (OA211x2_ASAP7_75t_R)
  33.42 13497.25 ^ _225330_/Y (AO221x2_ASAP7_75t_R)
  24.64 13521.89 ^ _225341_/Y (AO21x2_ASAP7_75t_R)
  29.84 13551.73 ^ _225351_/Y (AO22x2_ASAP7_75t_R)
  71.22 13622.95 v _225594_/Y (AOI211x1_ASAP7_75t_R)
  99.64 13722.60 ^ _225595_/Y (NAND2x2_ASAP7_75t_R)
  45.68 13768.28 ^ _225671_/Y (OA211x2_ASAP7_75t_R)
  31.05 13799.33 ^ _225684_/Y (AND3x2_ASAP7_75t_R)
  25.28 13824.61 ^ _225685_/Y (OA22x2_ASAP7_75t_R)
  28.45 13853.06 ^ _225689_/Y (MAJx2_ASAP7_75t_R)
  25.67 13878.73 ^ _225690_/Y (MAJx2_ASAP7_75t_R)
  23.93 13902.66 v _225704_/Y (AOI21x1_ASAP7_75t_R)
  29.00 13931.66 ^ _225734_/Y (OAI21x1_ASAP7_75t_R)
  25.19 13956.85 ^ _225812_/Y (AND3x1_ASAP7_75t_R)
 113.16 14070.02 ^ _225945_/Y (OR5x1_ASAP7_75t_R)
  48.64 14118.66 ^ _226108_/Y (OA21x2_ASAP7_75t_R)
  18.90 14137.56 ^ _226109_/Y (AO221x1_ASAP7_75t_R)
  23.26 14160.82 ^ _226110_/Y (MAJx2_ASAP7_75t_R)
  18.20 14179.02 ^ _226111_/Y (AO21x1_ASAP7_75t_R)
  23.11 14202.12 ^ _226112_/Y (AO32x1_ASAP7_75t_R)
  39.84 14241.96 ^ _226115_/Y (AO22x1_ASAP7_75t_R)
  27.02 14268.98 v _226127_/Y (AOI21x1_ASAP7_75t_R)
  36.81 14305.79 ^ _226148_/Y (OAI22x1_ASAP7_75t_R)
  25.88 14331.68 ^ _226158_/Y (AO21x1_ASAP7_75t_R)
  27.29 14358.97 ^ _226160_/Y (AO22x2_ASAP7_75t_R)
  91.88 14450.85 ^ _226252_/Y (AO21x1_ASAP7_75t_R)
  17.69 14468.54 v _226384_/Y (NAND2x1_ASAP7_75t_R)
  32.81 14501.35 v _226388_/Y (AO222x2_ASAP7_75t_R)
  31.82 14533.18 v _226389_/Y (OA211x2_ASAP7_75t_R)
  22.60 14555.77 v _226390_/Y (MAJx2_ASAP7_75t_R)
  20.79 14576.57 v _226391_/Y (MAJx2_ASAP7_75t_R)
  20.18 14596.75 v _226392_/Y (MAJx2_ASAP7_75t_R)
  33.17 14629.92 v _226393_/Y (AO222x2_ASAP7_75t_R)
  20.18 14650.10 v _226415_/Y (AO21x1_ASAP7_75t_R)
  20.07 14670.17 v _226416_/Y (AO22x1_ASAP7_75t_R)
  22.13 14692.30 v _226425_/Y (AO21x2_ASAP7_75t_R)
  60.49 14752.79 v _226552_/Y (AO21x2_ASAP7_75t_R)
 228.13 14980.92 ^ _226668_/Y (NAND2x2_ASAP7_75t_R)
 115.78 15096.71 ^ _226680_/Y (OR3x2_ASAP7_75t_R)
  41.22 15137.93 ^ _226685_/Y (AND2x4_ASAP7_75t_R)
  58.80 15196.73 v _226736_/Y (XNOR2x2_ASAP7_75t_R)
  28.96 15225.69 v _226773_/Y (OR3x1_ASAP7_75t_R)
  47.08 15272.77 ^ _226775_/Y (AOI21x1_ASAP7_75t_R)
  45.33 15318.10 v _226776_/Y (NOR2x2_ASAP7_75t_R)
  79.48 15397.58 v _226777_/Y (AO32x1_ASAP7_75t_R)
 120.91 15518.49 ^ _227106_/Y (XNOR2x1_ASAP7_75t_R)
  53.31 15571.79 ^ _228542_/Y (AO32x1_ASAP7_75t_R)
  84.55 15656.34 ^ _228577_/Y (AO32x1_ASAP7_75t_R)
  53.68 15710.02 v _228823_/Y (NOR3x1_ASAP7_75t_R)
  36.69 15746.71 v _228824_/Y (AO32x1_ASAP7_75t_R)
  30.88 15777.60 v _228836_/Y (AO222x2_ASAP7_75t_R)
  29.42 15807.02 v _228869_/Y (OR5x1_ASAP7_75t_R)
  35.42 15842.43 v _228909_/Y (OR5x1_ASAP7_75t_R)
  35.55 15877.99 v _229076_/Y (AO32x1_ASAP7_75t_R)
  37.28 15915.27 v _229116_/Y (AO32x2_ASAP7_75t_R)
  26.65 15941.92 v _229223_/Y (AND5x2_ASAP7_75t_R)
  22.56 15964.47 v _229304_/Y (AND3x2_ASAP7_75t_R)
  23.31 15987.79 v _229305_/Y (AND4x2_ASAP7_75t_R)
  15.69 16003.47 v _229409_/Y (AND3x1_ASAP7_75t_R)
  18.91 16022.39 v _229419_/Y (OA31x2_ASAP7_75t_R)
  23.75 16046.13 v _229424_/Y (OA21x2_ASAP7_75t_R)
  45.81 16091.94 v _238033_/Y (OA211x2_ASAP7_75t_R)
  34.16 16126.10 v _241101_/Y (AO31x2_ASAP7_75t_R)
  71.43 16197.53 v _241194_/Y (AO221x1_ASAP7_75t_R)
 173.32 16370.85 ^ _241196_/Y (NAND2x2_ASAP7_75t_R)
  88.37 16459.22 v _241197_/Y (INVx2_ASAP7_75t_R)
  53.44 16512.66 v _253544_/Y (AO21x1_ASAP7_75t_R)
  14.90 16527.56 v _253545_/Y (AND2x2_ASAP7_75t_R)
   0.13 16527.69 v _378108_/D (DFFHQNx1_ASAP7_75t_R)
        16527.69   data arrival time

12000.00 12000.00   clock core_clk (rise edge)
   0.00 12000.00   clock source latency
   0.00 12000.00 ^ clk (in)
  51.21 12051.21 ^ wire5675/Y (BUFx12_ASAP7_75t_R)
  50.67 12101.89 ^ clkbuf_0_clk/Y (BUFx24_ASAP7_75t_R)
  26.15 12128.04 ^ clkbuf_1_1_0_clk/Y (BUFx24_ASAP7_75t_R)
  24.91 12152.95 ^ clkbuf_2_2_0_clk/Y (BUFx24_ASAP7_75t_R)
  27.24 12180.19 ^ clkbuf_3_5_0_clk/Y (BUFx24_ASAP7_75t_R)
  25.96 12206.15 ^ clkbuf_4_11_0_clk/Y (BUFx24_ASAP7_75t_R)
  27.00 12233.15 ^ clkbuf_6_45__f_clk/Y (BUFx24_ASAP7_75t_R)
  26.21 12259.37 ^ clkbuf_leaf_570_clk/Y (BUFx24_ASAP7_75t_R)
   1.34 12260.70 ^ _378108_/CLK (DFFHQNx1_ASAP7_75t_R)
 -50.00 12210.70   clock uncertainty
   2.39 12213.09   clock reconvergence pessimism
  -0.26 12212.83   library setup time
        12212.83   data required time
---------------------------------------------------------
        12212.83   data required time
        -16527.69   data arrival time
---------------------------------------------------------
        -4314.85   slack (VIOLATED)


Startpoint: _369487_ (rising edge-triggered flip-flop clocked by core_clk)
Endpoint: _378108_ (rising edge-triggered flip-flop clocked by core_clk)
Path Group: reg2reg
Path Type: max

  Delay    Time   Description
---------------------------------------------------------
   0.00    0.00   clock core_clk (rise edge)
   0.00    0.00   clock source latency
   0.00    0.00 ^ clk (in)
  51.99   51.99 ^ wire5675/Y (BUFx12_ASAP7_75t_R)
  52.29  104.28 ^ clkbuf_0_clk/Y (BUFx24_ASAP7_75t_R)
  27.06  131.33 ^ clkbuf_1_0_0_clk/Y (BUFx24_ASAP7_75t_R)
  26.85  158.18 ^ clkbuf_2_1_0_clk/Y (BUFx24_ASAP7_75t_R)
  28.86  187.04 ^ clkbuf_3_3_0_clk/Y (BUFx24_ASAP7_75t_R)
  30.02  217.07 ^ clkbuf_4_7_0_clk/Y (BUFx24_ASAP7_75t_R)
  29.08  246.15 ^ clkbuf_6_30__f_clk/Y (BUFx24_ASAP7_75t_R)
  33.58  279.73 ^ clkbuf_leaf_368_clk/Y (BUFx24_ASAP7_75t_R)
   3.20  282.92 ^ _369487_/CLK (DFFHQNx1_ASAP7_75t_R)
  81.75  364.68 v _369487_/QN (DFFHQNx1_ASAP7_75t_R)
 117.22  481.90 v _184248_/Y (OR4x2_ASAP7_75t_R)
 163.68  645.58 ^ _184249_/Y (NAND3x1_ASAP7_75t_R)
  86.57  732.14 v _184434_/Y (AOI21x1_ASAP7_75t_R)
  78.49  810.64 v _184438_/Y (OR3x1_ASAP7_75t_R)
  60.40  871.03 ^ _184457_/Y (AOI21x1_ASAP7_75t_R)
  39.14  910.17 ^ max_cap4622/Y (BUFx12_ASAP7_75t_R)
  24.73  934.91 ^ max_cap4621/Y (BUFx12_ASAP7_75t_R)
  31.59  966.49 ^ load_slew4620/Y (BUFx6f_ASAP7_75t_R)
  23.60  990.09 ^ wire4619/Y (BUFx12f_ASAP7_75t_R)
  32.21 1022.30 ^ max_cap4618/Y (BUFx10_ASAP7_75t_R)
  29.02 1051.32 ^ max_cap4612/Y (BUFx12_ASAP7_75t_R)
  34.32 1085.64 ^ wire4609/Y (BUFx12f_ASAP7_75t_R)
  29.55 1115.19 ^ load_slew4607/Y (BUFx12f_ASAP7_75t_R)
 120.66 1235.85 ^ _184934_/Y (OR3x1_ASAP7_75t_R)
  79.52 1315.37 ^ _185378_/Y (OR2x2_ASAP7_75t_R)
  21.21 1336.58 ^ _185399_/Y (AND4x1_ASAP7_75t_R)
  38.30 1374.88 ^ _185400_/Y (AND4x2_ASAP7_75t_R)
  95.55 1470.43 ^ _185414_/Y (OA222x2_ASAP7_75t_R)
  80.33 1550.76 v _185565_/Y (NAND2x1_ASAP7_75t_R)
  49.69 1600.45 v _186054_/Y (OR5x1_ASAP7_75t_R)
  49.59 1650.03 v _188459_/Y (OR4x2_ASAP7_75t_R)
  66.04 1716.07 v _211565_/Y (AND4x2_ASAP7_75t_R)
  30.31 1746.38 v load_slew2798/Y (BUFx16f_ASAP7_75t_R)
  43.33 1789.71 v load_slew2797/Y (BUFx16f_ASAP7_75t_R)
  35.87 1825.58 v load_slew2796/Y (BUFx16f_ASAP7_75t_R)
  69.03 1894.61 v wire2795/Y (BUFx16f_ASAP7_75t_R)
  24.24 1918.86 v load_slew2794/Y (BUFx16f_ASAP7_75t_R)
  55.74 1974.59 v wire2793/Y (BUFx16f_ASAP7_75t_R)
  79.57 2054.17 v _211844_/Y (AND2x4_ASAP7_75t_R)
  30.08 2084.25 v wire2553/Y (BUFx16f_ASAP7_75t_R)
  78.91 2163.16 v load_slew2552/Y (BUFx16f_ASAP7_75t_R)
 118.99 2282.15 v _211850_/Y (OR4x1_ASAP7_75t_R)
  25.38 2307.53 v _211851_/Y (AND2x4_ASAP7_75t_R)
  17.24 2324.78 ^ _211863_/Y (NOR3x1_ASAP7_75t_R)
  30.46 2355.24 ^ _211864_/Y (AND4x2_ASAP7_75t_R)
   8.53 2363.77 v _211865_/Y (NAND3x1_ASAP7_75t_R)
  33.28 2397.05 v _211869_/Y (OA211x2_ASAP7_75t_R)
  20.81 2417.86 ^ _211879_/Y (AOI221x1_ASAP7_75t_R)
  37.89 2455.75 v _211916_/Y (AOI221x1_ASAP7_75t_R)
  34.29 2490.04 v _211994_/Y (AO21x2_ASAP7_75t_R)
  24.71 2514.75 ^ _212068_/Y (AOI221x1_ASAP7_75t_R)
  40.92 2555.67 v _212069_/Y (XNOR2x2_ASAP7_75t_R)
  49.13 2604.81 v _212079_/Y (AO32x1_ASAP7_75t_R)
  37.28 2642.08 v _212081_/Y (AO221x2_ASAP7_75t_R)
  33.14 2675.22 v _212140_/Y (AO21x2_ASAP7_75t_R)
  32.77 2708.00 ^ _212148_/Y (NAND2x2_ASAP7_75t_R)
  33.87 2741.87 ^ _212159_/Y (AO221x1_ASAP7_75t_R)
  30.04 2771.91 ^ _212174_/Y (AO22x2_ASAP7_75t_R)
  32.66 2804.57 v _212207_/Y (OAI21x1_ASAP7_75t_R)
  25.57 2830.14 ^ _212221_/Y (AOI21x1_ASAP7_75t_R)
  31.21 2861.35 ^ _212228_/Y (OA21x2_ASAP7_75t_R)
  26.23 2887.59 ^ _212263_/Y (XNOR2x2_ASAP7_75t_R)
  30.31 2917.90 ^ _212273_/Y (AO221x1_ASAP7_75t_R)
  27.36 2945.26 ^ _212358_/Y (MAJx2_ASAP7_75t_R)
  40.47 2985.73 v _212379_/Y (AOI211x1_ASAP7_75t_R)
  56.07 3041.79 ^ _212412_/Y (OAI21x1_ASAP7_75t_R)
  41.41 3083.21 ^ _212419_/Y (AO211x2_ASAP7_75t_R)
  25.93 3109.13 ^ _212421_/Y (OA33x2_ASAP7_75t_R)
  25.72 3134.86 v _212437_/Y (NOR3x1_ASAP7_75t_R)
  34.56 3169.41 ^ _212512_/Y (OAI21x1_ASAP7_75t_R)
  31.95 3201.36 ^ _212568_/Y (AO32x1_ASAP7_75t_R)
  22.00 3223.36 ^ _212584_/Y (AND3x1_ASAP7_75t_R)
  26.56 3249.92 ^ _212585_/Y (XNOR2x2_ASAP7_75t_R)
  37.09 3287.01 ^ _212597_/Y (MAJx2_ASAP7_75t_R)
  34.19 3321.21 v _212610_/Y (AOI211x1_ASAP7_75t_R)
  42.58 3363.79 v _212620_/Y (OA211x2_ASAP7_75t_R)
  40.55 3404.34 v _212641_/Y (OR2x2_ASAP7_75t_R)
  26.42 3430.77 v _212731_/Y (AO21x1_ASAP7_75t_R)
  20.15 3450.91 v _212733_/Y (AO22x1_ASAP7_75t_R)
  30.08 3480.99 ^ _212738_/Y (AOI221x1_ASAP7_75t_R)
  32.67 3513.66 ^ _212740_/Y (AO211x2_ASAP7_75t_R)
  34.65 3548.30 ^ _212753_/Y (AO21x1_ASAP7_75t_R)
  43.93 3592.23 ^ _212838_/Y (AO21x2_ASAP7_75t_R)
  27.90 3620.13 ^ _212901_/Y (AND3x1_ASAP7_75t_R)
  31.81 3651.94 v _212902_/Y (AOI21x1_ASAP7_75t_R)
  31.51 3683.46 ^ _212903_/Y (AOI22x1_ASAP7_75t_R)
  39.18 3722.63 ^ _212946_/Y (AND4x2_ASAP7_75t_R)
  24.62 3747.25 ^ _213006_/Y (OA211x2_ASAP7_75t_R)
  25.07 3772.32 ^ _213007_/Y (AO221x1_ASAP7_75t_R)
  20.55 3792.87 ^ _213008_/Y (AO21x2_ASAP7_75t_R)
  25.91 3818.77 ^ _213011_/Y (AND3x2_ASAP7_75t_R)
  34.12 3852.89 v _213012_/Y (XNOR2x2_ASAP7_75t_R)
  26.94 3879.83 v _213058_/Y (OA211x2_ASAP7_75t_R)
  30.20 3910.03 v _213060_/Y (OA211x2_ASAP7_75t_R)
  31.18 3941.21 v _213078_/Y (OR3x2_ASAP7_75t_R)
  27.61 3968.82 v _213197_/Y (AO211x2_ASAP7_75t_R)
  26.88 3995.70 v _213198_/Y (AND2x4_ASAP7_75t_R)
  27.47 4023.17 v _213230_/Y (AND2x2_ASAP7_75t_R)
  26.40 4049.57 v _213231_/Y (XNOR2x1_ASAP7_75t_R)
  29.91 4079.47 v _213232_/Y (XNOR2x1_ASAP7_75t_R)
  44.09 4123.57 v _213363_/Y (AO221x1_ASAP7_75t_R)
  38.78 4162.35 v _213368_/Y (OR5x1_ASAP7_75t_R)
  58.50 4220.84 v _213375_/Y (AO222x2_ASAP7_75t_R)
  33.13 4253.97 v _213494_/Y (AND2x4_ASAP7_75t_R)
  30.36 4284.34 v _213495_/Y (XNOR2x1_ASAP7_75t_R)
  38.09 4322.42 v _213524_/Y (AO32x1_ASAP7_75t_R)
  26.66 4349.08 ^ _213525_/Y (AOI211x1_ASAP7_75t_R)
  34.25 4383.33 ^ _213548_/Y (OA31x2_ASAP7_75t_R)
  37.41 4420.74 ^ _213564_/Y (AO211x2_ASAP7_75t_R)
  26.49 4447.23 ^ _213595_/Y (AND3x1_ASAP7_75t_R)
  26.24 4473.47 v _213596_/Y (XOR2x2_ASAP7_75t_R)
  22.45 4495.92 v _213605_/Y (AO21x1_ASAP7_75t_R)
  37.08 4533.00 v _213606_/Y (AO32x1_ASAP7_75t_R)
  31.94 4564.94 v _213625_/Y (AO21x2_ASAP7_75t_R)
  27.70 4592.64 v _213781_/Y (OA21x2_ASAP7_75t_R)
  41.78 4634.43 ^ _213794_/Y (OAI21x1_ASAP7_75t_R)
  42.88 4677.31 v _213835_/Y (NAND2x2_ASAP7_75t_R)
  36.85 4714.16 v _213973_/Y (AND2x2_ASAP7_75t_R)
  38.28 4752.44 ^ _213974_/Y (XNOR2x2_ASAP7_75t_R)
  22.92 4775.36 v _213984_/Y (AOI211x1_ASAP7_75t_R)
  37.61 4812.97 v _213988_/Y (OR4x2_ASAP7_75t_R)
  38.30 4851.27 v _213989_/Y (AO21x1_ASAP7_75t_R)
  59.80 4911.07 ^ _214007_/Y (NAND2x1_ASAP7_75t_R)
  41.74 4952.81 ^ _214009_/Y (AND2x4_ASAP7_75t_R)
  22.52 4975.32 ^ _214013_/Y (AND2x2_ASAP7_75t_R)
  36.11 5011.43 v _214014_/Y (XNOR2x2_ASAP7_75t_R)
  33.46 5044.89 v _214121_/Y (OA211x2_ASAP7_75t_R)
  18.77 5063.65 v _214139_/Y (AND4x1_ASAP7_75t_R)
  21.40 5085.06 v _214326_/Y (AO211x2_ASAP7_75t_R)
  49.96 5135.02 v _214333_/Y (OA21x2_ASAP7_75t_R)
  60.41 5195.44 v _214504_/Y (OA211x2_ASAP7_75t_R)
  29.67 5225.10 v _214505_/Y (XOR2x2_ASAP7_75t_R)
  20.14 5245.25 v _214529_/Y (AND3x1_ASAP7_75t_R)
  38.50 5283.75 v _214531_/Y (OR4x2_ASAP7_75t_R)
  17.34 5301.09 ^ _214543_/Y (AOI22x1_ASAP7_75t_R)
  20.49 5321.58 ^ _214544_/Y (AND2x4_ASAP7_75t_R)
  63.94 5385.52 ^ _214554_/Y (AO221x2_ASAP7_75t_R)
  51.28 5436.80 ^ _214722_/Y (AND5x1_ASAP7_75t_R)
  29.23 5466.03 v _214723_/Y (XOR2x2_ASAP7_75t_R)
  19.65 5485.69 v _214724_/Y (AND2x4_ASAP7_75t_R)
  15.97 5501.66 ^ _214850_/Y (INVx1_ASAP7_75t_R)
  31.91 5533.57 ^ _214852_/Y (AND4x1_ASAP7_75t_R)
  29.87 5563.43 ^ _214868_/Y (AND5x1_ASAP7_75t_R)
  22.72 5586.16 ^ _214869_/Y (AO32x1_ASAP7_75t_R)
  81.64 5667.80 ^ _214872_/Y (OA31x2_ASAP7_75t_R)
  42.50 5710.30 ^ _215078_/Y (AND2x2_ASAP7_75t_R)
  36.10 5746.39 v _215079_/Y (XNOR2x2_ASAP7_75t_R)
  34.42 5780.82 v _215122_/Y (OA221x2_ASAP7_75t_R)
  30.89 5811.71 v _215131_/Y (AO221x1_ASAP7_75t_R)
  37.11 5848.82 v _215139_/Y (AO22x2_ASAP7_75t_R)
  36.40 5885.21 v _215153_/Y (AO221x2_ASAP7_75t_R)
  53.03 5938.24 v _215160_/Y (AO21x2_ASAP7_75t_R)
  43.59 5981.83 v _215230_/Y (AO21x2_ASAP7_75t_R)
  20.05 6001.87 v _215231_/Y (AND2x4_ASAP7_75t_R)
  16.94 6018.81 v _215284_/Y (XNOR2x1_ASAP7_75t_R)
  38.74 6057.55 v _215285_/Y (OR5x1_ASAP7_75t_R)
  28.11 6085.66 ^ _215286_/Y (OAI22x1_ASAP7_75t_R)
  44.37 6130.03 ^ _215332_/Y (AO211x2_ASAP7_75t_R)
  52.27 6182.30 ^ _215466_/Y (AO211x2_ASAP7_75t_R)
  42.70 6225.00 ^ _215467_/Y (AND2x4_ASAP7_75t_R)
  28.50 6253.50 ^ _215476_/Y (AO21x2_ASAP7_75t_R)
  26.58 6280.08 ^ _215478_/Y (AND2x2_ASAP7_75t_R)
  29.44 6309.52 ^ _215729_/Y (OA31x2_ASAP7_75t_R)
  15.57 6325.09 v _215748_/Y (AOI211x1_ASAP7_75t_R)
  37.27 6362.36 v _215777_/Y (OR4x2_ASAP7_75t_R)
  39.75 6402.11 v _215781_/Y (AO32x2_ASAP7_75t_R)
  53.51 6455.62 v _215787_/Y (OR3x2_ASAP7_75t_R)
  52.82 6508.44 v _215869_/Y (OA21x2_ASAP7_75t_R)
  29.60 6538.05 v _215888_/Y (AND2x2_ASAP7_75t_R)
  32.20 6570.25 v _215889_/Y (XNOR2x2_ASAP7_75t_R)
  33.95 6604.19 v _216007_/Y (XNOR2x1_ASAP7_75t_R)
  22.91 6627.10 ^ _216008_/Y (NAND3x1_ASAP7_75t_R)
  21.90 6649.00 v _216182_/Y (AOI211x1_ASAP7_75t_R)
  55.33 6704.33 v _216196_/Y (OR5x2_ASAP7_75t_R)
  56.07 6760.40 ^ _216251_/Y (NAND2x1_ASAP7_75t_R)
  30.17 6790.56 ^ _216252_/Y (AO21x2_ASAP7_75t_R)
  30.37 6820.93 ^ _216253_/Y (XNOR2x2_ASAP7_75t_R)
  27.60 6848.53 ^ _216254_/Y (AND2x2_ASAP7_75t_R)
  20.59 6869.12 ^ _216255_/Y (AO21x1_ASAP7_75t_R)
  20.90 6890.03 ^ _216261_/Y (OA211x2_ASAP7_75t_R)
  69.99 6960.02 ^ _216360_/Y (AO221x1_ASAP7_75t_R)
  23.00 6983.01 v _216362_/Y (INVx6_ASAP7_75t_R)
  89.01 7072.03 ^ _216545_/Y (NAND2x1_ASAP7_75t_R)
  37.31 7109.34 ^ _216628_/Y (OA21x2_ASAP7_75t_R)
  34.38 7143.72 v _216629_/Y (XNOR2x2_ASAP7_75t_R)
  28.17 7171.89 v _216843_/Y (OR2x4_ASAP7_75t_R)
  23.70 7195.59 v _216846_/Y (OA222x2_ASAP7_75t_R)
  22.80 7218.39 v _216851_/Y (AO221x1_ASAP7_75t_R)
  43.30 7261.68 v _216876_/Y (AO221x1_ASAP7_75t_R)
  43.55 7305.23 v _216887_/Y (AND3x2_ASAP7_75t_R)
  68.57 7373.80 ^ _216996_/Y (NAND2x2_ASAP7_75t_R)
  42.10 7415.90 ^ _217076_/Y (OA21x2_ASAP7_75t_R)
  23.95 7439.86 ^ _217107_/Y (XNOR2x2_ASAP7_75t_R)
  41.93 7481.79 ^ _217265_/Y (AND5x1_ASAP7_75t_R)
  36.98 7518.77 ^ _217277_/Y (AND5x1_ASAP7_75t_R)
  31.55 7550.31 ^ _217278_/Y (OA211x2_ASAP7_75t_R)
  45.89 7596.21 v _217284_/Y (AOI211x1_ASAP7_75t_R)
 109.67 7705.88 ^ _217285_/Y (NAND2x2_ASAP7_75t_R)
  40.57 7746.45 ^ _217578_/Y (OA21x2_ASAP7_75t_R)
  37.61 7784.06 v _217579_/Y (XNOR2x2_ASAP7_75t_R)
  37.05 7821.11 ^ _217695_/Y (NAND2x1_ASAP7_75t_R)
  31.64 7852.76 ^ _217699_/Y (AO211x2_ASAP7_75t_R)
  28.09 7880.85 ^ _217700_/Y (AO31x2_ASAP7_75t_R)
  45.60 7926.44 ^ _217715_/Y (AO21x2_ASAP7_75t_R)
  53.63 7980.07 v _217716_/Y (NAND2x2_ASAP7_75t_R)
  52.44 8032.51 v _218014_/Y (OA21x2_ASAP7_75t_R)
  28.10 8060.62 ^ _218015_/Y (XNOR2x2_ASAP7_75t_R)
  30.42 8091.04 v _218016_/Y (XNOR2x2_ASAP7_75t_R)
  36.08 8127.11 v _218022_/Y (OA211x2_ASAP7_75t_R)
  28.22 8155.33 v _218131_/Y (AO21x1_ASAP7_75t_R)
  32.85 8188.18 v _218149_/Y (OA21x2_ASAP7_75t_R)
  81.58 8269.76 v _218150_/Y (OR3x2_ASAP7_75t_R)
  30.35 8300.11 ^ _218207_/Y (OAI21x1_ASAP7_75t_R)
  42.40 8342.51 ^ _218208_/Y (XOR2x2_ASAP7_75t_R)
  31.19 8373.70 ^ _218236_/Y (XNOR2x2_ASAP7_75t_R)
  20.63 8394.32 ^ _218242_/Y (AND3x1_ASAP7_75t_R)
  14.84 8409.17 v _218244_/Y (NAND2x1_ASAP7_75t_R)
  26.50 8435.67 ^ _218285_/Y (OAI22x1_ASAP7_75t_R)
 142.85 8578.51 v _218562_/Y (AOI211x1_ASAP7_75t_R)
  74.35 8652.86 ^ _218680_/Y (OAI21x1_ASAP7_75t_R)
  29.37 8682.24 ^ _218682_/Y (AND2x2_ASAP7_75t_R)
  23.39 8705.63 ^ _218683_/Y (XNOR2x2_ASAP7_75t_R)
  37.42 8743.05 ^ _218684_/Y (AND5x1_ASAP7_75t_R)
  32.57 8775.62 ^ _218852_/Y (AND4x1_ASAP7_75t_R)
  19.20 8794.81 ^ _218871_/Y (AO31x2_ASAP7_75t_R)
  41.49 8836.30 ^ _218918_/Y (AO211x2_ASAP7_75t_R)
  57.65 8893.95 v _218927_/Y (NOR2x2_ASAP7_75t_R)
  48.50 8942.45 v _219003_/Y (OR4x1_ASAP7_75t_R)
  27.70 8970.15 v _219005_/Y (OA211x2_ASAP7_75t_R)
  17.28 8987.44 v _219012_/Y (AO31x2_ASAP7_75t_R)
  21.46 9008.90 v _219030_/Y (OR3x1_ASAP7_75t_R)
  23.63 9032.53 ^ _219031_/Y (NAND2x1_ASAP7_75t_R)
  33.26 9065.79 ^ _219212_/Y (AND4x1_ASAP7_75t_R)
  25.20 9090.98 ^ _219221_/Y (OR4x1_ASAP7_75t_R)
  50.06 9141.04 v _219222_/Y (OAI21x1_ASAP7_75t_R)
  67.84 9208.88 v _219302_/Y (AND2x2_ASAP7_75t_R)
  41.57 9250.45 ^ _219314_/Y (AOI211x1_ASAP7_75t_R)
  45.30 9295.75 v _219315_/Y (XNOR2x2_ASAP7_75t_R)
  36.90 9332.65 v _219653_/Y (OA211x2_ASAP7_75t_R)
  28.08 9360.74 v _219655_/Y (OA222x2_ASAP7_75t_R)
  91.46 9452.20 v _219690_/Y (AO221x1_ASAP7_75t_R)
  99.27 9551.47 ^ _219718_/Y (NAND2x2_ASAP7_75t_R)
  38.26 9589.73 v _219988_/Y (AOI221x1_ASAP7_75t_R)
  39.18 9628.90 v _219992_/Y (OA33x2_ASAP7_75t_R)
  20.42 9649.32 ^ _220017_/Y (AOI21x1_ASAP7_75t_R)
  37.96 9687.28 ^ _220031_/Y (OA33x2_ASAP7_75t_R)
  14.29 9701.57 v _220033_/Y (OAI21x1_ASAP7_75t_R)
  30.17 9731.74 v _220096_/Y (AO31x2_ASAP7_75t_R)
  36.51 9768.25 v _220129_/Y (AO211x2_ASAP7_75t_R)
  67.14 9835.39 v _220162_/Y (AO21x2_ASAP7_75t_R)
  57.53 9892.92 v _220341_/Y (AO21x2_ASAP7_75t_R)
  30.09 9923.01 v _220343_/Y (AND2x2_ASAP7_75t_R)
  23.13 9946.13 ^ _220461_/Y (OAI21x1_ASAP7_75t_R)
  37.85 9983.98 ^ _220467_/Y (AND5x1_ASAP7_75t_R)
  30.72 10014.70 ^ _220661_/Y (AO32x2_ASAP7_75t_R)
  35.08 10049.79 ^ _220664_/Y (OA31x2_ASAP7_75t_R)
  68.48 10118.27 ^ _220695_/Y (OR3x2_ASAP7_75t_R)
  70.81 10189.08 ^ _220861_/Y (OA21x2_ASAP7_75t_R)
  17.80 10206.87 ^ _220880_/Y (OA21x2_ASAP7_75t_R)
  12.18 10219.06 v _220893_/Y (NOR3x1_ASAP7_75t_R)
  37.00 10256.06 v _220894_/Y (OR4x1_ASAP7_75t_R)
  23.16 10279.21 v _220901_/Y (AO21x1_ASAP7_75t_R)
  25.08 10304.29 v _220910_/Y (AO21x2_ASAP7_75t_R)
  48.71 10353.01 v _221032_/Y (AO32x1_ASAP7_75t_R)
  65.61 10418.62 ^ _221087_/Y (NAND2x2_ASAP7_75t_R)
  55.90 10474.51 ^ _221108_/Y (OA22x2_ASAP7_75t_R)
  39.06 10513.58 ^ _221291_/Y (XNOR2x2_ASAP7_75t_R)
  32.23 10545.81 ^ _221294_/Y (AND4x2_ASAP7_75t_R)
  20.24 10566.05 ^ _221517_/Y (AND2x2_ASAP7_75t_R)
  14.05 10580.10 v _221532_/Y (AOI21x1_ASAP7_75t_R)
  32.93 10613.03 v _221571_/Y (AO221x1_ASAP7_75t_R)
  38.33 10651.35 v _221574_/Y (AO33x2_ASAP7_75t_R)
 118.12 10769.48 v _221575_/Y (AND3x1_ASAP7_75t_R)
  63.66 10833.14 v _221581_/Y (OR4x1_ASAP7_75t_R)
  35.15 10868.29 v _221583_/Y (AND3x1_ASAP7_75t_R)
  31.05 10899.34 v _221585_/Y (XNOR2x2_ASAP7_75t_R)
  25.34 10924.68 v _221598_/Y (AO211x2_ASAP7_75t_R)
  35.17 10959.85 v _221785_/Y (OR3x2_ASAP7_75t_R)
  44.32 11004.17 ^ _221849_/Y (NAND2x2_ASAP7_75t_R)
  66.84 11071.02 ^ _222157_/Y (OR3x2_ASAP7_75t_R)
  33.29 11104.30 ^ _222175_/Y (AND3x1_ASAP7_75t_R)
  41.82 11146.13 ^ _222176_/Y (XNOR2x2_ASAP7_75t_R)
  38.85 11184.98 v _222177_/Y (XNOR2x2_ASAP7_75t_R)
  27.14 11212.12 v _222178_/Y (AND5x2_ASAP7_75t_R)
  18.92 11231.04 v _222221_/Y (AND2x2_ASAP7_75t_R)
  19.31 11250.36 v _222230_/Y (AO21x2_ASAP7_75t_R)
  35.13 11285.48 v _222272_/Y (AO221x2_ASAP7_75t_R)
  25.58 11311.06 v _222273_/Y (AO21x2_ASAP7_75t_R)
 107.77 11418.83 v _222374_/Y (AO21x1_ASAP7_75t_R)
  77.82 11496.65 v _222701_/Y (OA211x2_ASAP7_75t_R)
  32.91 11529.56 v _222709_/Y (OR5x1_ASAP7_75t_R)
  23.11 11552.67 v _222716_/Y (OA21x2_ASAP7_75t_R)
  19.97 11572.64 v _222721_/Y (AND3x2_ASAP7_75t_R)
  27.35 11599.99 v _222722_/Y (OA31x2_ASAP7_75t_R)
  54.79 11654.77 v _222723_/Y (OR4x1_ASAP7_75t_R)
  80.73 11735.50 v _222856_/Y (AO21x2_ASAP7_75t_R)
  56.87 11792.38 v _223087_/Y (AND2x2_ASAP7_75t_R)
  36.36 11828.73 ^ _223088_/Y (XOR2x2_ASAP7_75t_R)
  26.88 11855.61 ^ _223089_/Y (XNOR2x2_ASAP7_75t_R)
  35.68 11891.29 ^ _223171_/Y (AND5x1_ASAP7_75t_R)
  37.20 11928.49 v _223178_/Y (AOI221x1_ASAP7_75t_R)
  39.10 11967.59 v _223188_/Y (OA21x2_ASAP7_75t_R)
 102.96 12070.56 v _223343_/Y (OA211x2_ASAP7_75t_R)
  56.24 12126.80 v _223434_/Y (OR3x1_ASAP7_75t_R)
  21.07 12147.87 v _223789_/Y (AND2x2_ASAP7_75t_R)
  21.60 12169.47 v _223790_/Y (XNOR2x1_ASAP7_75t_R)
  41.04 12210.51 v _223794_/Y (OR5x1_ASAP7_75t_R)
  38.35 12248.86 v _223795_/Y (OR4x1_ASAP7_75t_R)
  27.32 12276.17 v _223882_/Y (OA31x2_ASAP7_75t_R)
  44.98 12321.16 v _223883_/Y (OA211x2_ASAP7_75t_R)
  34.75 12355.91 v _223927_/Y (AND2x4_ASAP7_75t_R)
  49.68 12405.59 ^ _224049_/Y (AOI22x1_ASAP7_75t_R)
  26.12 12431.71 ^ _224050_/Y (XNOR2x1_ASAP7_75t_R)
  35.55 12467.26 ^ _224061_/Y (AND5x1_ASAP7_75t_R)
  58.64 12525.89 v _224146_/Y (AOI221x1_ASAP7_75t_R)
  47.00 12572.89 ^ _224355_/Y (OAI21x1_ASAP7_75t_R)
  26.37 12599.27 ^ _224356_/Y (AND4x1_ASAP7_75t_R)
  63.78 12663.05 ^ _224360_/Y (OR4x2_ASAP7_75t_R)
  87.20 12750.24 v _224402_/Y (INVx1_ASAP7_75t_R)
  20.14 12770.38 ^ _224406_/Y (AOI21x1_ASAP7_75t_R)
  49.46 12819.84 ^ _224409_/Y (AND5x1_ASAP7_75t_R)
  32.33 12852.17 v _224410_/Y (XNOR2x2_ASAP7_75t_R)
  18.06 12870.24 ^ _224411_/Y (AOI211x1_ASAP7_75t_R)
  31.51 12901.75 ^ _224428_/Y (AND2x2_ASAP7_75t_R)
 100.65 13002.40 v _224840_/Y (AOI211x1_ASAP7_75t_R)
  58.48 13060.88 v _224913_/Y (AND2x2_ASAP7_75t_R)
  17.85 13078.73 v _224914_/Y (OA21x2_ASAP7_75t_R)
  18.09 13096.81 v _224915_/Y (OA21x2_ASAP7_75t_R)
  33.01 13129.82 v _224916_/Y (AO221x1_ASAP7_75t_R)
  28.02 13157.83 v _224917_/Y (MAJx2_ASAP7_75t_R)
  19.41 13177.25 v _224929_/Y (AO21x1_ASAP7_75t_R)
  16.07 13193.32 v _224943_/Y (AO21x1_ASAP7_75t_R)
  17.98 13211.31 v _224948_/Y (AO21x1_ASAP7_75t_R)
  28.74 13240.05 v _225034_/Y (AO21x2_ASAP7_75t_R)
  45.54 13285.58 v _225249_/Y (AO21x2_ASAP7_75t_R)
  68.32 13353.90 ^ _225319_/Y (NAND2x2_ASAP7_75t_R)
  33.58 13387.48 ^ _225320_/Y (AO22x1_ASAP7_75t_R)
  24.35 13411.83 ^ _225322_/Y (AO21x2_ASAP7_75t_R)
  20.35 13432.18 ^ _225323_/Y (AO221x1_ASAP7_75t_R)
  31.65 13463.83 ^ _225326_/Y (OA211x2_ASAP7_75t_R)
  33.42 13497.25 ^ _225330_/Y (AO221x2_ASAP7_75t_R)
  24.64 13521.89 ^ _225341_/Y (AO21x2_ASAP7_75t_R)
  29.84 13551.73 ^ _225351_/Y (AO22x2_ASAP7_75t_R)
  71.22 13622.95 v _225594_/Y (AOI211x1_ASAP7_75t_R)
  99.64 13722.60 ^ _225595_/Y (NAND2x2_ASAP7_75t_R)
  45.68 13768.28 ^ _225671_/Y (OA211x2_ASAP7_75t_R)
  31.05 13799.33 ^ _225684_/Y (AND3x2_ASAP7_75t_R)
  25.28 13824.61 ^ _225685_/Y (OA22x2_ASAP7_75t_R)
  28.45 13853.06 ^ _225689_/Y (MAJx2_ASAP7_75t_R)
  25.67 13878.73 ^ _225690_/Y (MAJx2_ASAP7_75t_R)
  23.93 13902.66 v _225704_/Y (AOI21x1_ASAP7_75t_R)
  29.00 13931.66 ^ _225734_/Y (OAI21x1_ASAP7_75t_R)
  25.19 13956.85 ^ _225812_/Y (AND3x1_ASAP7_75t_R)
 113.16 14070.02 ^ _225945_/Y (OR5x1_ASAP7_75t_R)
  48.64 14118.66 ^ _226108_/Y (OA21x2_ASAP7_75t_R)
  18.90 14137.56 ^ _226109_/Y (AO221x1_ASAP7_75t_R)
  23.26 14160.82 ^ _226110_/Y (MAJx2_ASAP7_75t_R)
  18.20 14179.02 ^ _226111_/Y (AO21x1_ASAP7_75t_R)
  23.11 14202.12 ^ _226112_/Y (AO32x1_ASAP7_75t_R)
  39.84 14241.96 ^ _226115_/Y (AO22x1_ASAP7_75t_R)
  27.02 14268.98 v _226127_/Y (AOI21x1_ASAP7_75t_R)
  36.81 14305.79 ^ _226148_/Y (OAI22x1_ASAP7_75t_R)
  25.88 14331.68 ^ _226158_/Y (AO21x1_ASAP7_75t_R)
  27.29 14358.97 ^ _226160_/Y (AO22x2_ASAP7_75t_R)
  91.88 14450.85 ^ _226252_/Y (AO21x1_ASAP7_75t_R)
  17.69 14468.54 v _226384_/Y (NAND2x1_ASAP7_75t_R)
  32.81 14501.35 v _226388_/Y (AO222x2_ASAP7_75t_R)
  31.82 14533.18 v _226389_/Y (OA211x2_ASAP7_75t_R)
  22.60 14555.77 v _226390_/Y (MAJx2_ASAP7_75t_R)
  20.79 14576.57 v _226391_/Y (MAJx2_ASAP7_75t_R)
  20.18 14596.75 v _226392_/Y (MAJx2_ASAP7_75t_R)
  33.17 14629.92 v _226393_/Y (AO222x2_ASAP7_75t_R)
  20.18 14650.10 v _226415_/Y (AO21x1_ASAP7_75t_R)
  20.07 14670.17 v _226416_/Y (AO22x1_ASAP7_75t_R)
  22.13 14692.30 v _226425_/Y (AO21x2_ASAP7_75t_R)
  60.49 14752.79 v _226552_/Y (AO21x2_ASAP7_75t_R)
 228.13 14980.92 ^ _226668_/Y (NAND2x2_ASAP7_75t_R)
 115.78 15096.71 ^ _226680_/Y (OR3x2_ASAP7_75t_R)
  41.22 15137.93 ^ _226685_/Y (AND2x4_ASAP7_75t_R)
  58.80 15196.73 v _226736_/Y (XNOR2x2_ASAP7_75t_R)
  28.96 15225.69 v _226773_/Y (OR3x1_ASAP7_75t_R)
  47.08 15272.77 ^ _226775_/Y (AOI21x1_ASAP7_75t_R)
  45.33 15318.10 v _226776_/Y (NOR2x2_ASAP7_75t_R)
  79.48 15397.58 v _226777_/Y (AO32x1_ASAP7_75t_R)
 120.91 15518.49 ^ _227106_/Y (XNOR2x1_ASAP7_75t_R)
  53.31 15571.79 ^ _228542_/Y (AO32x1_ASAP7_75t_R)
  84.55 15656.34 ^ _228577_/Y (AO32x1_ASAP7_75t_R)
  53.68 15710.02 v _228823_/Y (NOR3x1_ASAP7_75t_R)
  36.69 15746.71 v _228824_/Y (AO32x1_ASAP7_75t_R)
  30.88 15777.60 v _228836_/Y (AO222x2_ASAP7_75t_R)
  29.42 15807.02 v _228869_/Y (OR5x1_ASAP7_75t_R)
  35.42 15842.43 v _228909_/Y (OR5x1_ASAP7_75t_R)
  35.55 15877.99 v _229076_/Y (AO32x1_ASAP7_75t_R)
  37.28 15915.27 v _229116_/Y (AO32x2_ASAP7_75t_R)
  26.65 15941.92 v _229223_/Y (AND5x2_ASAP7_75t_R)
  22.56 15964.47 v _229304_/Y (AND3x2_ASAP7_75t_R)
  23.31 15987.79 v _229305_/Y (AND4x2_ASAP7_75t_R)
  15.69 16003.47 v _229409_/Y (AND3x1_ASAP7_75t_R)
  18.91 16022.39 v _229419_/Y (OA31x2_ASAP7_75t_R)
  23.75 16046.13 v _229424_/Y (OA21x2_ASAP7_75t_R)
  45.81 16091.94 v _238033_/Y (OA211x2_ASAP7_75t_R)
  34.16 16126.10 v _241101_/Y (AO31x2_ASAP7_75t_R)
  71.43 16197.53 v _241194_/Y (AO221x1_ASAP7_75t_R)
 173.32 16370.85 ^ _241196_/Y (NAND2x2_ASAP7_75t_R)
  88.37 16459.22 v _241197_/Y (INVx2_ASAP7_75t_R)
  53.44 16512.66 v _253544_/Y (AO21x1_ASAP7_75t_R)
  14.90 16527.56 v _253545_/Y (AND2x2_ASAP7_75t_R)
   0.13 16527.69 v _378108_/D (DFFHQNx1_ASAP7_75t_R)
        16527.69   data arrival time

12000.00 12000.00   clock core_clk (rise edge)
   0.00 12000.00   clock source latency
   0.00 12000.00 ^ clk (in)
  51.21 12051.21 ^ wire5675/Y (BUFx12_ASAP7_75t_R)
  50.67 12101.89 ^ clkbuf_0_clk/Y (BUFx24_ASAP7_75t_R)
  26.15 12128.04 ^ clkbuf_1_1_0_clk/Y (BUFx24_ASAP7_75t_R)
  24.91 12152.95 ^ clkbuf_2_2_0_clk/Y (BUFx24_ASAP7_75t_R)
  27.24 12180.19 ^ clkbuf_3_5_0_clk/Y (BUFx24_ASAP7_75t_R)
  25.96 12206.15 ^ clkbuf_4_11_0_clk/Y (BUFx24_ASAP7_75t_R)
  27.00 12233.15 ^ clkbuf_6_45__f_clk/Y (BUFx24_ASAP7_75t_R)
  26.21 12259.37 ^ clkbuf_leaf_570_clk/Y (BUFx24_ASAP7_75t_R)
   1.34 12260.70 ^ _378108_/CLK (DFFHQNx1_ASAP7_75t_R)
 -50.00 12210.70   clock uncertainty
   2.39 12213.09   clock reconvergence pessimism
  -0.26 12212.83   library setup time
        12212.83   data required time
---------------------------------------------------------
        12212.83   data required time
        -16527.69   data arrival time
---------------------------------------------------------
        -4314.85   slack (VIOLATED)


Startpoint: _369487_ (rising edge-triggered flip-flop clocked by core_clk)
Endpoint: _378108_ (rising edge-triggered flip-flop clocked by core_clk)
Path Group: reg2reg
Path Type: max

  Delay    Time   Description
---------------------------------------------------------
   0.00    0.00   clock core_clk (rise edge)
   0.00    0.00   clock source latency
   0.00    0.00 ^ clk (in)
  51.99   51.99 ^ wire5675/Y (BUFx12_ASAP7_75t_R)
  52.29  104.28 ^ clkbuf_0_clk/Y (BUFx24_ASAP7_75t_R)
  27.06  131.33 ^ clkbuf_1_0_0_clk/Y (BUFx24_ASAP7_75t_R)
  26.85  158.18 ^ clkbuf_2_1_0_clk/Y (BUFx24_ASAP7_75t_R)
  28.86  187.04 ^ clkbuf_3_3_0_clk/Y (BUFx24_ASAP7_75t_R)
  30.02  217.07 ^ clkbuf_4_7_0_clk/Y (BUFx24_ASAP7_75t_R)
  29.08  246.15 ^ clkbuf_6_30__f_clk/Y (BUFx24_ASAP7_75t_R)
  33.58  279.73 ^ clkbuf_leaf_368_clk/Y (BUFx24_ASAP7_75t_R)
   3.20  282.92 ^ _369487_/CLK (DFFHQNx1_ASAP7_75t_R)
  81.75  364.68 v _369487_/QN (DFFHQNx1_ASAP7_75t_R)
 117.22  481.90 v _184248_/Y (OR4x2_ASAP7_75t_R)
 163.68  645.58 ^ _184249_/Y (NAND3x1_ASAP7_75t_R)
  86.57  732.14 v _184434_/Y (AOI21x1_ASAP7_75t_R)
  78.49  810.64 v _184438_/Y (OR3x1_ASAP7_75t_R)
  60.40  871.03 ^ _184457_/Y (AOI21x1_ASAP7_75t_R)
  39.14  910.17 ^ max_cap4622/Y (BUFx12_ASAP7_75t_R)
  24.73  934.91 ^ max_cap4621/Y (BUFx12_ASAP7_75t_R)
  31.59  966.49 ^ load_slew4620/Y (BUFx6f_ASAP7_75t_R)
  23.60  990.09 ^ wire4619/Y (BUFx12f_ASAP7_75t_R)
  32.21 1022.30 ^ max_cap4618/Y (BUFx10_ASAP7_75t_R)
  29.02 1051.32 ^ max_cap4612/Y (BUFx12_ASAP7_75t_R)
  34.32 1085.64 ^ wire4609/Y (BUFx12f_ASAP7_75t_R)
  29.55 1115.19 ^ load_slew4607/Y (BUFx12f_ASAP7_75t_R)
 120.66 1235.85 ^ _184934_/Y (OR3x1_ASAP7_75t_R)
  79.52 1315.37 ^ _185378_/Y (OR2x2_ASAP7_75t_R)
  21.21 1336.58 ^ _185399_/Y (AND4x1_ASAP7_75t_R)
  38.30 1374.88 ^ _185400_/Y (AND4x2_ASAP7_75t_R)
  95.55 1470.43 ^ _185414_/Y (OA222x2_ASAP7_75t_R)
  80.33 1550.76 v _185565_/Y (NAND2x1_ASAP7_75t_R)
  49.69 1600.45 v _186054_/Y (OR5x1_ASAP7_75t_R)
  49.59 1650.03 v _188459_/Y (OR4x2_ASAP7_75t_R)
  66.04 1716.07 v _211565_/Y (AND4x2_ASAP7_75t_R)
  30.31 1746.38 v load_slew2798/Y (BUFx16f_ASAP7_75t_R)
  43.33 1789.71 v load_slew2797/Y (BUFx16f_ASAP7_75t_R)
  35.87 1825.58 v load_slew2796/Y (BUFx16f_ASAP7_75t_R)
  69.03 1894.61 v wire2795/Y (BUFx16f_ASAP7_75t_R)
  24.24 1918.86 v load_slew2794/Y (BUFx16f_ASAP7_75t_R)
  55.74 1974.59 v wire2793/Y (BUFx16f_ASAP7_75t_R)
  79.57 2054.17 v _211844_/Y (AND2x4_ASAP7_75t_R)
  30.08 2084.25 v wire2553/Y (BUFx16f_ASAP7_75t_R)
  78.91 2163.16 v load_slew2552/Y (BUFx16f_ASAP7_75t_R)
 118.99 2282.15 v _211850_/Y (OR4x1_ASAP7_75t_R)
  25.38 2307.53 v _211851_/Y (AND2x4_ASAP7_75t_R)
  17.24 2324.78 ^ _211863_/Y (NOR3x1_ASAP7_75t_R)
  30.46 2355.24 ^ _211864_/Y (AND4x2_ASAP7_75t_R)
   8.53 2363.77 v _211865_/Y (NAND3x1_ASAP7_75t_R)
  33.28 2397.05 v _211869_/Y (OA211x2_ASAP7_75t_R)
  20.81 2417.86 ^ _211879_/Y (AOI221x1_ASAP7_75t_R)
  37.89 2455.75 v _211916_/Y (AOI221x1_ASAP7_75t_R)
  34.29 2490.04 v _211994_/Y (AO21x2_ASAP7_75t_R)
  24.71 2514.75 ^ _212068_/Y (AOI221x1_ASAP7_75t_R)
  40.92 2555.67 v _212069_/Y (XNOR2x2_ASAP7_75t_R)
  49.13 2604.81 v _212079_/Y (AO32x1_ASAP7_75t_R)
  37.28 2642.08 v _212081_/Y (AO221x2_ASAP7_75t_R)
  33.14 2675.22 v _212140_/Y (AO21x2_ASAP7_75t_R)
  32.77 2708.00 ^ _212148_/Y (NAND2x2_ASAP7_75t_R)
  33.87 2741.87 ^ _212159_/Y (AO221x1_ASAP7_75t_R)
  30.04 2771.91 ^ _212174_/Y (AO22x2_ASAP7_75t_R)
  32.66 2804.57 v _212207_/Y (OAI21x1_ASAP7_75t_R)
  25.57 2830.14 ^ _212221_/Y (AOI21x1_ASAP7_75t_R)
  31.21 2861.35 ^ _212228_/Y (OA21x2_ASAP7_75t_R)
  26.23 2887.59 ^ _212263_/Y (XNOR2x2_ASAP7_75t_R)
  30.31 2917.90 ^ _212273_/Y (AO221x1_ASAP7_75t_R)
  27.36 2945.26 ^ _212358_/Y (MAJx2_ASAP7_75t_R)
  40.47 2985.73 v _212379_/Y (AOI211x1_ASAP7_75t_R)
  56.07 3041.79 ^ _212412_/Y (OAI21x1_ASAP7_75t_R)
  41.41 3083.21 ^ _212419_/Y (AO211x2_ASAP7_75t_R)
  25.93 3109.13 ^ _212421_/Y (OA33x2_ASAP7_75t_R)
  25.72 3134.86 v _212437_/Y (NOR3x1_ASAP7_75t_R)
  34.56 3169.41 ^ _212512_/Y (OAI21x1_ASAP7_75t_R)
  31.95 3201.36 ^ _212568_/Y (AO32x1_ASAP7_75t_R)
  22.00 3223.36 ^ _212584_/Y (AND3x1_ASAP7_75t_R)
  26.56 3249.92 ^ _212585_/Y (XNOR2x2_ASAP7_75t_R)
  37.09 3287.01 ^ _212597_/Y (MAJx2_ASAP7_75t_R)
  34.19 3321.21 v _212610_/Y (AOI211x1_ASAP7_75t_R)
  42.58 3363.79 v _212620_/Y (OA211x2_ASAP7_75t_R)
  40.55 3404.34 v _212641_/Y (OR2x2_ASAP7_75t_R)
  26.42 3430.77 v _212731_/Y (AO21x1_ASAP7_75t_R)
  20.15 3450.91 v _212733_/Y (AO22x1_ASAP7_75t_R)
  30.08 3480.99 ^ _212738_/Y (AOI221x1_ASAP7_75t_R)
  32.67 3513.66 ^ _212740_/Y (AO211x2_ASAP7_75t_R)
  34.65 3548.30 ^ _212753_/Y (AO21x1_ASAP7_75t_R)
  43.93 3592.23 ^ _212838_/Y (AO21x2_ASAP7_75t_R)
  27.36 3619.59 ^ _212893_/Y (AND2x2_ASAP7_75t_R)
  45.11 3664.71 ^ _212894_/Y (XOR2x1_ASAP7_75t_R)
  25.80 3690.51 v _212903_/Y (AOI22x1_ASAP7_75t_R)
  24.78 3715.29 v _212946_/Y (AND4x2_ASAP7_75t_R)
  30.22 3745.52 v _213006_/Y (OA211x2_ASAP7_75t_R)
  26.77 3772.29 v _213007_/Y (AO221x1_ASAP7_75t_R)
  16.56 3788.85 v _213016_/Y (AND4x1_ASAP7_75t_R)
  40.63 3829.47 v _213019_/Y (OR4x2_ASAP7_75t_R)
  20.88 3850.35 v _213050_/Y (XNOR2x1_ASAP7_75t_R)
  29.48 3879.83 v _213058_/Y (OA211x2_ASAP7_75t_R)
  30.20 3910.03 v _213060_/Y (OA211x2_ASAP7_75t_R)
  31.18 3941.21 v _213078_/Y (OR3x2_ASAP7_75t_R)
  27.61 3968.82 v _213197_/Y (AO211x2_ASAP7_75t_R)
  26.88 3995.70 v _213198_/Y (AND2x4_ASAP7_75t_R)
  27.47 4023.17 v _213230_/Y (AND2x2_ASAP7_75t_R)
  26.40 4049.57 v _213231_/Y (XNOR2x1_ASAP7_75t_R)
  29.91 4079.47 v _213232_/Y (XNOR2x1_ASAP7_75t_R)
  44.09 4123.57 v _213363_/Y (AO221x1_ASAP7_75t_R)
  38.78 4162.34 v _213368_/Y (OR5x1_ASAP7_75t_R)
  58.50 4220.84 v _213375_/Y (AO222x2_ASAP7_75t_R)
  33.13 4253.97 v _213494_/Y (AND2x4_ASAP7_75t_R)
  30.36 4284.34 v _213495_/Y (XNOR2x1_ASAP7_75t_R)
  38.09 4322.42 v _213524_/Y (AO32x1_ASAP7_75t_R)
  26.66 4349.08 ^ _213525_/Y (AOI211x1_ASAP7_75t_R)
  34.25 4383.33 ^ _213548_/Y (OA31x2_ASAP7_75t_R)
  37.41 4420.74 ^ _213564_/Y (AO211x2_ASAP7_75t_R)
  26.49 4447.23 ^ _213595_/Y (AND3x1_ASAP7_75t_R)
  26.24 4473.47 v _213596_/Y (XOR2x2_ASAP7_75t_R)
  22.45 4495.92 v _213605_/Y (AO21x1_ASAP7_75t_R)
  37.08 4533.00 v _213606_/Y (AO32x1_ASAP7_75t_R)
  31.94 4564.94 v _213625_/Y (AO21x2_ASAP7_75t_R)
  27.70 4592.64 v _213781_/Y (OA21x2_ASAP7_75t_R)
  41.78 4634.43 ^ _213794_/Y (OAI21x1_ASAP7_75t_R)
  42.88 4677.31 v _213835_/Y (NAND2x2_ASAP7_75t_R)
  36.85 4714.16 v _213973_/Y (AND2x2_ASAP7_75t_R)
  38.28 4752.44 ^ _213974_/Y (XNOR2x2_ASAP7_75t_R)
  22.92 4775.36 v _213984_/Y (AOI211x1_ASAP7_75t_R)
  37.61 4812.97 v _213988_/Y (OR4x2_ASAP7_75t_R)
  38.30 4851.27 v _213989_/Y (AO21x1_ASAP7_75t_R)
  59.80 4911.07 ^ _214007_/Y (NAND2x1_ASAP7_75t_R)
  41.74 4952.81 ^ _214009_/Y (AND2x4_ASAP7_75t_R)
  22.52 4975.32 ^ _214013_/Y (AND2x2_ASAP7_75t_R)
  36.11 5011.43 v _214014_/Y (XNOR2x2_ASAP7_75t_R)
  33.46 5044.89 v _214121_/Y (OA211x2_ASAP7_75t_R)
  18.77 5063.65 v _214139_/Y (AND4x1_ASAP7_75t_R)
  21.40 5085.06 v _214326_/Y (AO211x2_ASAP7_75t_R)
  49.96 5135.02 v _214333_/Y (OA21x2_ASAP7_75t_R)
  60.41 5195.43 v _214504_/Y (OA211x2_ASAP7_75t_R)
  29.67 5225.10 v _214505_/Y (XOR2x2_ASAP7_75t_R)
  20.14 5245.25 v _214529_/Y (AND3x1_ASAP7_75t_R)
  38.50 5283.75 v _214531_/Y (OR4x2_ASAP7_75t_R)
  17.34 5301.09 ^ _214543_/Y (AOI22x1_ASAP7_75t_R)
  20.49 5321.58 ^ _214544_/Y (AND2x4_ASAP7_75t_R)
  63.94 5385.52 ^ _214554_/Y (AO221x2_ASAP7_75t_R)
  51.28 5436.80 ^ _214722_/Y (AND5x1_ASAP7_75t_R)
  29.23 5466.03 v _214723_/Y (XOR2x2_ASAP7_75t_R)
  19.65 5485.69 v _214724_/Y (AND2x4_ASAP7_75t_R)
  15.97 5501.66 ^ _214850_/Y (INVx1_ASAP7_75t_R)
  31.91 5533.57 ^ _214852_/Y (AND4x1_ASAP7_75t_R)
  29.87 5563.43 ^ _214868_/Y (AND5x1_ASAP7_75t_R)
  22.72 5586.15 ^ _214869_/Y (AO32x1_ASAP7_75t_R)
  81.64 5667.80 ^ _214872_/Y (OA31x2_ASAP7_75t_R)
  42.50 5710.30 ^ _215078_/Y (AND2x2_ASAP7_75t_R)
  36.10 5746.39 v _215079_/Y (XNOR2x2_ASAP7_75t_R)
  34.42 5780.82 v _215122_/Y (OA221x2_ASAP7_75t_R)
  30.89 5811.71 v _215131_/Y (AO221x1_ASAP7_75t_R)
  37.11 5848.82 v _215139_/Y (AO22x2_ASAP7_75t_R)
  36.40 5885.21 v _215153_/Y (AO221x2_ASAP7_75t_R)
  53.03 5938.24 v _215160_/Y (AO21x2_ASAP7_75t_R)
  43.59 5981.83 v _215230_/Y (AO21x2_ASAP7_75t_R)
  20.05 6001.87 v _215231_/Y (AND2x4_ASAP7_75t_R)
  16.94 6018.81 v _215284_/Y (XNOR2x1_ASAP7_75t_R)
  38.74 6057.55 v _215285_/Y (OR5x1_ASAP7_75t_R)
  28.11 6085.66 ^ _215286_/Y (OAI22x1_ASAP7_75t_R)
  44.37 6130.02 ^ _215332_/Y (AO211x2_ASAP7_75t_R)
  52.27 6182.30 ^ _215466_/Y (AO211x2_ASAP7_75t_R)
  42.70 6225.00 ^ _215467_/Y (AND2x4_ASAP7_75t_R)
  28.50 6253.49 ^ _215476_/Y (AO21x2_ASAP7_75t_R)
  26.58 6280.07 ^ _215478_/Y (AND2x2_ASAP7_75t_R)
  29.44 6309.51 ^ _215729_/Y (OA31x2_ASAP7_75t_R)
  15.57 6325.09 v _215748_/Y (AOI211x1_ASAP7_75t_R)
  37.27 6362.36 v _215777_/Y (OR4x2_ASAP7_75t_R)
  39.75 6402.11 v _215781_/Y (AO32x2_ASAP7_75t_R)
  53.51 6455.62 v _215787_/Y (OR3x2_ASAP7_75t_R)
  52.82 6508.44 v _215869_/Y (OA21x2_ASAP7_75t_R)
  29.60 6538.04 v _215888_/Y (AND2x2_ASAP7_75t_R)
  32.20 6570.24 v _215889_/Y (XNOR2x2_ASAP7_75t_R)
  33.95 6604.19 v _216007_/Y (XNOR2x1_ASAP7_75t_R)
  22.91 6627.10 ^ _216008_/Y (NAND3x1_ASAP7_75t_R)
  21.90 6649.00 v _216182_/Y (AOI211x1_ASAP7_75t_R)
  55.33 6704.33 v _216196_/Y (OR5x2_ASAP7_75t_R)
  56.07 6760.40 ^ _216251_/Y (NAND2x1_ASAP7_75t_R)
  30.17 6790.56 ^ _216252_/Y (AO21x2_ASAP7_75t_R)
  30.37 6820.93 ^ _216253_/Y (XNOR2x2_ASAP7_75t_R)
  27.60 6848.53 ^ _216254_/Y (AND2x2_ASAP7_75t_R)
  20.59 6869.12 ^ _216255_/Y (AO21x1_ASAP7_75t_R)
  20.90 6890.03 ^ _216261_/Y (OA211x2_ASAP7_75t_R)
  69.99 6960.01 ^ _216360_/Y (AO221x1_ASAP7_75t_R)
  23.00 6983.01 v _216362_/Y (INVx6_ASAP7_75t_R)
  89.01 7072.03 ^ _216545_/Y (NAND2x1_ASAP7_75t_R)
  37.31 7109.34 ^ _216628_/Y (OA21x2_ASAP7_75t_R)
  34.38 7143.72 v _216629_/Y (XNOR2x2_ASAP7_75t_R)
  28.17 7171.89 v _216843_/Y (OR2x4_ASAP7_75t_R)
  23.70 7195.59 v _216846_/Y (OA222x2_ASAP7_75t_R)
  22.80 7218.39 v _216851_/Y (AO221x1_ASAP7_75t_R)
  43.30 7261.68 v _216876_/Y (AO221x1_ASAP7_75t_R)
  43.55 7305.23 v _216887_/Y (AND3x2_ASAP7_75t_R)
  68.57 7373.80 ^ _216996_/Y (NAND2x2_ASAP7_75t_R)
  42.10 7415.90 ^ _217076_/Y (OA21x2_ASAP7_75t_R)
  23.95 7439.86 ^ _217107_/Y (XNOR2x2_ASAP7_75t_R)
  41.93 7481.78 ^ _217265_/Y (AND5x1_ASAP7_75t_R)
  36.98 7518.77 ^ _217277_/Y (AND5x1_ASAP7_75t_R)
  31.55 7550.31 ^ _217278_/Y (OA211x2_ASAP7_75t_R)
  45.89 7596.21 v _217284_/Y (AOI211x1_ASAP7_75t_R)
 109.67 7705.88 ^ _217285_/Y (NAND2x2_ASAP7_75t_R)
  40.57 7746.45 ^ _217578_/Y (OA21x2_ASAP7_75t_R)
  37.61 7784.06 v _217579_/Y (XNOR2x2_ASAP7_75t_R)
  37.05 7821.11 ^ _217695_/Y (NAND2x1_ASAP7_75t_R)
  31.64 7852.76 ^ _217699_/Y (AO211x2_ASAP7_75t_R)
  28.09 7880.84 ^ _217700_/Y (AO31x2_ASAP7_75t_R)
  45.60 7926.44 ^ _217715_/Y (AO21x2_ASAP7_75t_R)
  53.63 7980.07 v _217716_/Y (NAND2x2_ASAP7_75t_R)
  52.44 8032.51 v _218014_/Y (OA21x2_ASAP7_75t_R)
  28.10 8060.62 ^ _218015_/Y (XNOR2x2_ASAP7_75t_R)
  30.42 8091.04 v _218016_/Y (XNOR2x2_ASAP7_75t_R)
  36.08 8127.11 v _218022_/Y (OA211x2_ASAP7_75t_R)
  28.22 8155.33 v _218131_/Y (AO21x1_ASAP7_75t_R)
  32.85 8188.18 v _218149_/Y (OA21x2_ASAP7_75t_R)
  81.58 8269.76 v _218150_/Y (OR3x2_ASAP7_75t_R)
  30.35 8300.11 ^ _218207_/Y (OAI21x1_ASAP7_75t_R)
  42.40 8342.51 ^ _218208_/Y (XOR2x2_ASAP7_75t_R)
  31.19 8373.70 ^ _218236_/Y (XNOR2x2_ASAP7_75t_R)
  20.63 8394.32 ^ _218242_/Y (AND3x1_ASAP7_75t_R)
  14.84 8409.16 v _218244_/Y (NAND2x1_ASAP7_75t_R)
  26.50 8435.67 ^ _218285_/Y (OAI22x1_ASAP7_75t_R)
 142.85 8578.51 v _218562_/Y (AOI211x1_ASAP7_75t_R)
  74.35 8652.86 ^ _218680_/Y (OAI21x1_ASAP7_75t_R)
  29.37 8682.24 ^ _218682_/Y (AND2x2_ASAP7_75t_R)
  23.39 8705.63 ^ _218683_/Y (XNOR2x2_ASAP7_75t_R)
  37.42 8743.04 ^ _218684_/Y (AND5x1_ASAP7_75t_R)
  32.57 8775.62 ^ _218852_/Y (AND4x1_ASAP7_75t_R)
  19.20 8794.81 ^ _218871_/Y (AO31x2_ASAP7_75t_R)
  41.49 8836.30 ^ _218918_/Y (AO211x2_ASAP7_75t_R)
  57.65 8893.95 v _218927_/Y (NOR2x2_ASAP7_75t_R)
  48.50 8942.45 v _219003_/Y (OR4x1_ASAP7_75t_R)
  27.70 8970.15 v _219005_/Y (OA211x2_ASAP7_75t_R)
  17.28 8987.43 v _219012_/Y (AO31x2_ASAP7_75t_R)
  21.46 9008.90 v _219030_/Y (OR3x1_ASAP7_75t_R)
  23.63 9032.53 ^ _219031_/Y (NAND2x1_ASAP7_75t_R)
  33.26 9065.78 ^ _219212_/Y (AND4x1_ASAP7_75t_R)
  25.20 9090.98 ^ _219221_/Y (OR4x1_ASAP7_75t_R)
  50.06 9141.04 v _219222_/Y (OAI21x1_ASAP7_75t_R)
  67.84 9208.88 v _219302_/Y (AND2x2_ASAP7_75t_R)
  41.57 9250.44 ^ _219314_/Y (AOI211x1_ASAP7_75t_R)
  45.30 9295.75 v _219315_/Y (XNOR2x2_ASAP7_75t_R)
  36.90 9332.65 v _219653_/Y (OA211x2_ASAP7_75t_R)
  28.08 9360.74 v _219655_/Y (OA222x2_ASAP7_75t_R)
  91.46 9452.20 v _219690_/Y (AO221x1_ASAP7_75t_R)
  99.27 9551.47 ^ _219718_/Y (NAND2x2_ASAP7_75t_R)
  38.26 9589.73 v _219988_/Y (AOI221x1_ASAP7_75t_R)
  39.18 9628.90 v _219992_/Y (OA33x2_ASAP7_75t_R)
  20.42 9649.32 ^ _220017_/Y (AOI21x1_ASAP7_75t_R)
  37.96 9687.28 ^ _220031_/Y (OA33x2_ASAP7_75t_R)
  14.29 9701.57 v _220033_/Y (OAI21x1_ASAP7_75t_R)
  30.17 9731.74 v _220096_/Y (AO31x2_ASAP7_75t_R)
  36.51 9768.25 v _220129_/Y (AO211x2_ASAP7_75t_R)
  67.14 9835.39 v _220162_/Y (AO21x2_ASAP7_75t_R)
  57.53 9892.92 v _220341_/Y (AO21x2_ASAP7_75t_R)
  30.09 9923.01 v _220343_/Y (AND2x2_ASAP7_75t_R)
  23.13 9946.13 ^ _220461_/Y (OAI21x1_ASAP7_75t_R)
  37.85 9983.98 ^ _220467_/Y (AND5x1_ASAP7_75t_R)
  30.72 10014.70 ^ _220661_/Y (AO32x2_ASAP7_75t_R)
  35.08 10049.78 ^ _220664_/Y (OA31x2_ASAP7_75t_R)
  68.48 10118.27 ^ _220695_/Y (OR3x2_ASAP7_75t_R)
  70.81 10189.08 ^ _220861_/Y (OA21x2_ASAP7_75t_R)
  17.80 10206.87 ^ _220880_/Y (OA21x2_ASAP7_75t_R)
  12.18 10219.06 v _220893_/Y (NOR3x1_ASAP7_75t_R)
  37.00 10256.06 v _220894_/Y (OR4x1_ASAP7_75t_R)
  23.16 10279.21 v _220901_/Y (AO21x1_ASAP7_75t_R)
  25.08 10304.29 v _220910_/Y (AO21x2_ASAP7_75t_R)
  48.71 10353.00 v _221032_/Y (AO32x1_ASAP7_75t_R)
  65.61 10418.62 ^ _221087_/Y (NAND2x2_ASAP7_75t_R)
  55.90 10474.51 ^ _221108_/Y (OA22x2_ASAP7_75t_R)
  39.06 10513.58 ^ _221291_/Y (XNOR2x2_ASAP7_75t_R)
  32.23 10545.81 ^ _221294_/Y (AND4x2_ASAP7_75t_R)
  20.24 10566.05 ^ _221517_/Y (AND2x2_ASAP7_75t_R)
  14.05 10580.10 v _221532_/Y (AOI21x1_ASAP7_75t_R)
  32.93 10613.03 v _221571_/Y (AO221x1_ASAP7_75t_R)
  38.33 10651.35 v _221574_/Y (AO33x2_ASAP7_75t_R)
 118.12 10769.48 v _221575_/Y (AND3x1_ASAP7_75t_R)
  63.66 10833.14 v _221581_/Y (OR4x1_ASAP7_75t_R)
  35.15 10868.29 v _221583_/Y (AND3x1_ASAP7_75t_R)
  31.05 10899.34 v _221585_/Y (XNOR2x2_ASAP7_75t_R)
  25.34 10924.68 v _221598_/Y (AO211x2_ASAP7_75t_R)
  35.17 10959.85 v _221785_/Y (OR3x2_ASAP7_75t_R)
  44.32 11004.17 ^ _221849_/Y (NAND2x2_ASAP7_75t_R)
  66.84 11071.01 ^ _222157_/Y (OR3x2_ASAP7_75t_R)
  33.29 11104.30 ^ _222175_/Y (AND3x1_ASAP7_75t_R)
  41.82 11146.13 ^ _222176_/Y (XNOR2x2_ASAP7_75t_R)
  38.85 11184.98 v _222177_/Y (XNOR2x2_ASAP7_75t_R)
  27.14 11212.12 v _222178_/Y (AND5x2_ASAP7_75t_R)
  18.92 11231.04 v _222221_/Y (AND2x2_ASAP7_75t_R)
  19.31 11250.35 v _222230_/Y (AO21x2_ASAP7_75t_R)
  35.13 11285.48 v _222272_/Y (AO221x2_ASAP7_75t_R)
  25.58 11311.06 v _222273_/Y (AO21x2_ASAP7_75t_R)
 107.77 11418.83 v _222374_/Y (AO21x1_ASAP7_75t_R)
  77.82 11496.65 v _222701_/Y (OA211x2_ASAP7_75t_R)
  32.91 11529.56 v _222709_/Y (OR5x1_ASAP7_75t_R)
  23.11 11552.67 v _222716_/Y (OA21x2_ASAP7_75t_R)
  19.97 11572.64 v _222721_/Y (AND3x2_ASAP7_75t_R)
  27.35 11599.99 v _222722_/Y (OA31x2_ASAP7_75t_R)
  54.79 11654.77 v _222723_/Y (OR4x1_ASAP7_75t_R)
  80.73 11735.50 v _222856_/Y (AO21x2_ASAP7_75t_R)
  56.87 11792.38 v _223087_/Y (AND2x2_ASAP7_75t_R)
  36.36 11828.73 ^ _223088_/Y (XOR2x2_ASAP7_75t_R)
  26.88 11855.61 ^ _223089_/Y (XNOR2x2_ASAP7_75t_R)
  35.68 11891.29 ^ _223171_/Y (AND5x1_ASAP7_75t_R)
  37.20 11928.49 v _223178_/Y (AOI221x1_ASAP7_75t_R)
  39.10 11967.59 v _223188_/Y (OA21x2_ASAP7_75t_R)
 102.96 12070.56 v _223343_/Y (OA211x2_ASAP7_75t_R)
  56.24 12126.80 v _223434_/Y (OR3x1_ASAP7_75t_R)
  21.07 12147.87 v _223789_/Y (AND2x2_ASAP7_75t_R)
  21.60 12169.47 v _223790_/Y (XNOR2x1_ASAP7_75t_R)
  41.04 12210.51 v _223794_/Y (OR5x1_ASAP7_75t_R)
  38.35 12248.85 v _223795_/Y (OR4x1_ASAP7_75t_R)
  27.32 12276.17 v _223882_/Y (OA31x2_ASAP7_75t_R)
  44.98 12321.16 v _223883_/Y (OA211x2_ASAP7_75t_R)
  34.75 12355.91 v _223927_/Y (AND2x4_ASAP7_75t_R)
  49.68 12405.59 ^ _224049_/Y (AOI22x1_ASAP7_75t_R)
  26.12 12431.70 ^ _224050_/Y (XNOR2x1_ASAP7_75t_R)
  35.55 12467.26 ^ _224061_/Y (AND5x1_ASAP7_75t_R)
  58.64 12525.89 v _224146_/Y (AOI221x1_ASAP7_75t_R)
  47.00 12572.89 ^ _224355_/Y (OAI21x1_ASAP7_75t_R)
  26.37 12599.27 ^ _224356_/Y (AND4x1_ASAP7_75t_R)
  63.78 12663.05 ^ _224360_/Y (OR4x2_ASAP7_75t_R)
  87.20 12750.24 v _224402_/Y (INVx1_ASAP7_75t_R)
  20.14 12770.38 ^ _224406_/Y (AOI21x1_ASAP7_75t_R)
  49.46 12819.84 ^ _224409_/Y (AND5x1_ASAP7_75t_R)
  32.33 12852.17 v _224410_/Y (XNOR2x2_ASAP7_75t_R)
  18.06 12870.23 ^ _224411_/Y (AOI211x1_ASAP7_75t_R)
  31.51 12901.75 ^ _224428_/Y (AND2x2_ASAP7_75t_R)
 100.65 13002.40 v _224840_/Y (AOI211x1_ASAP7_75t_R)
  58.48 13060.88 v _224913_/Y (AND2x2_ASAP7_75t_R)
  17.85 13078.73 v _224914_/Y (OA21x2_ASAP7_75t_R)
  18.09 13096.81 v _224915_/Y (OA21x2_ASAP7_75t_R)
  33.01 13129.82 v _224916_/Y (AO221x1_ASAP7_75t_R)
  28.02 13157.83 v _224917_/Y (MAJx2_ASAP7_75t_R)
  19.41 13177.25 v _224929_/Y (AO21x1_ASAP7_75t_R)
  16.07 13193.32 v _224943_/Y (AO21x1_ASAP7_75t_R)
  17.98 13211.30 v _224948_/Y (AO21x1_ASAP7_75t_R)
  28.74 13240.05 v _225034_/Y (AO21x2_ASAP7_75t_R)
  45.54 13285.58 v _225249_/Y (AO21x2_ASAP7_75t_R)
  68.32 13353.90 ^ _225319_/Y (NAND2x2_ASAP7_75t_R)
  33.58 13387.48 ^ _225320_/Y (AO22x1_ASAP7_75t_R)
  24.35 13411.83 ^ _225322_/Y (AO21x2_ASAP7_75t_R)
  20.35 13432.18 ^ _225323_/Y (AO221x1_ASAP7_75t_R)
  31.65 13463.83 ^ _225326_/Y (OA211x2_ASAP7_75t_R)
  33.42 13497.25 ^ _225330_/Y (AO221x2_ASAP7_75t_R)
  24.64 13521.89 ^ _225341_/Y (AO21x2_ASAP7_75t_R)
  29.84 13551.73 ^ _225351_/Y (AO22x2_ASAP7_75t_R)
  71.22 13622.95 v _225594_/Y (AOI211x1_ASAP7_75t_R)
  99.64 13722.60 ^ _225595_/Y (NAND2x2_ASAP7_75t_R)
  45.68 13768.28 ^ _225671_/Y (OA211x2_ASAP7_75t_R)
  31.05 13799.33 ^ _225684_/Y (AND3x2_ASAP7_75t_R)
  25.28 13824.61 ^ _225685_/Y (OA22x2_ASAP7_75t_R)
  28.45 13853.06 ^ _225689_/Y (MAJx2_ASAP7_75t_R)
  25.67 13878.73 ^ _225690_/Y (MAJx2_ASAP7_75t_R)
  23.93 13902.66 v _225704_/Y (AOI21x1_ASAP7_75t_R)
  29.00 13931.66 ^ _225734_/Y (OAI21x1_ASAP7_75t_R)
  25.19 13956.85 ^ _225812_/Y (AND3x1_ASAP7_75t_R)
 113.16 14070.02 ^ _225945_/Y (OR5x1_ASAP7_75t_R)
  48.64 14118.66 ^ _226108_/Y (OA21x2_ASAP7_75t_R)
  18.90 14137.56 ^ _226109_/Y (AO221x1_ASAP7_75t_R)
  23.26 14160.82 ^ _226110_/Y (MAJx2_ASAP7_75t_R)
  18.20 14179.02 ^ _226111_/Y (AO21x1_ASAP7_75t_R)
  23.11 14202.12 ^ _226112_/Y (AO32x1_ASAP7_75t_R)
  39.84 14241.96 ^ _226115_/Y (AO22x1_ASAP7_75t_R)
  27.02 14268.98 v _226127_/Y (AOI21x1_ASAP7_75t_R)
  36.81 14305.79 ^ _226148_/Y (OAI22x1_ASAP7_75t_R)
  25.88 14331.68 ^ _226158_/Y (AO21x1_ASAP7_75t_R)
  27.29 14358.97 ^ _226160_/Y (AO22x2_ASAP7_75t_R)
  91.88 14450.85 ^ _226252_/Y (AO21x1_ASAP7_75t_R)
  17.69 14468.54 v _226384_/Y (NAND2x1_ASAP7_75t_R)
  32.81 14501.35 v _226388_/Y (AO222x2_ASAP7_75t_R)
  31.82 14533.18 v _226389_/Y (OA211x2_ASAP7_75t_R)
  22.60 14555.77 v _226390_/Y (MAJx2_ASAP7_75t_R)
  20.79 14576.57 v _226391_/Y (MAJx2_ASAP7_75t_R)
  20.18 14596.75 v _226392_/Y (MAJx2_ASAP7_75t_R)
  33.17 14629.92 v _226393_/Y (AO222x2_ASAP7_75t_R)
  20.18 14650.10 v _226415_/Y (AO21x1_ASAP7_75t_R)
  20.07 14670.17 v _226416_/Y (AO22x1_ASAP7_75t_R)
  22.13 14692.30 v _226425_/Y (AO21x2_ASAP7_75t_R)
  60.49 14752.79 v _226552_/Y (AO21x2_ASAP7_75t_R)
 228.13 14980.92 ^ _226668_/Y (NAND2x2_ASAP7_75t_R)
 115.78 15096.71 ^ _226680_/Y (OR3x2_ASAP7_75t_R)
  41.22 15137.93 ^ _226685_/Y (AND2x4_ASAP7_75t_R)
  58.80 15196.73 v _226736_/Y (XNOR2x2_ASAP7_75t_R)
  28.96 15225.69 v _226773_/Y (OR3x1_ASAP7_75t_R)
  47.08 15272.77 ^ _226775_/Y (AOI21x1_ASAP7_75t_R)
  45.33 15318.10 v _226776_/Y (NOR2x2_ASAP7_75t_R)
  79.48 15397.58 v _226777_/Y (AO32x1_ASAP7_75t_R)
 120.91 15518.49 ^ _227106_/Y (XNOR2x1_ASAP7_75t_R)
  53.31 15571.79 ^ _228542_/Y (AO32x1_ASAP7_75t_R)
  84.55 15656.34 ^ _228577_/Y (AO32x1_ASAP7_75t_R)
  53.68 15710.02 v _228823_/Y (NOR3x1_ASAP7_75t_R)
  36.69 15746.71 v _228824_/Y (AO32x1_ASAP7_75t_R)
  30.88 15777.60 v _228836_/Y (AO222x2_ASAP7_75t_R)
  29.42 15807.02 v _228869_/Y (OR5x1_ASAP7_75t_R)
  35.42 15842.43 v _228909_/Y (OR5x1_ASAP7_75t_R)
  35.55 15877.99 v _229076_/Y (AO32x1_ASAP7_75t_R)
  37.28 15915.27 v _229116_/Y (AO32x2_ASAP7_75t_R)
  26.65 15941.92 v _229223_/Y (AND5x2_ASAP7_75t_R)
  22.56 15964.47 v _229304_/Y (AND3x2_ASAP7_75t_R)
  23.31 15987.79 v _229305_/Y (AND4x2_ASAP7_75t_R)
  15.69 16003.47 v _229409_/Y (AND3x1_ASAP7_75t_R)
  18.91 16022.39 v _229419_/Y (OA31x2_ASAP7_75t_R)
  23.75 16046.13 v _229424_/Y (OA21x2_ASAP7_75t_R)
  45.81 16091.94 v _238033_/Y (OA211x2_ASAP7_75t_R)
  34.16 16126.10 v _241101_/Y (AO31x2_ASAP7_75t_R)
  71.43 16197.53 v _241194_/Y (AO221x1_ASAP7_75t_R)
 173.32 16370.85 ^ _241196_/Y (NAND2x2_ASAP7_75t_R)
  88.37 16459.22 v _241197_/Y (INVx2_ASAP7_75t_R)
  53.44 16512.66 v _253544_/Y (AO21x1_ASAP7_75t_R)
  14.90 16527.56 v _253545_/Y (AND2x2_ASAP7_75t_R)
   0.13 16527.69 v _378108_/D (DFFHQNx1_ASAP7_75t_R)
        16527.69   data arrival time

12000.00 12000.00   clock core_clk (rise edge)
   0.00 12000.00   clock source latency
   0.00 12000.00 ^ clk (in)
  51.21 12051.21 ^ wire5675/Y (BUFx12_ASAP7_75t_R)
  50.67 12101.89 ^ clkbuf_0_clk/Y (BUFx24_ASAP7_75t_R)
  26.15 12128.04 ^ clkbuf_1_1_0_clk/Y (BUFx24_ASAP7_75t_R)
  24.91 12152.95 ^ clkbuf_2_2_0_clk/Y (BUFx24_ASAP7_75t_R)
  27.24 12180.19 ^ clkbuf_3_5_0_clk/Y (BUFx24_ASAP7_75t_R)
  25.96 12206.15 ^ clkbuf_4_11_0_clk/Y (BUFx24_ASAP7_75t_R)
  27.00 12233.15 ^ clkbuf_6_45__f_clk/Y (BUFx24_ASAP7_75t_R)
  26.21 12259.37 ^ clkbuf_leaf_570_clk/Y (BUFx24_ASAP7_75t_R)
   1.34 12260.70 ^ _378108_/CLK (DFFHQNx1_ASAP7_75t_R)
 -50.00 12210.70   clock uncertainty
   2.39 12213.09   clock reconvergence pessimism
  -0.26 12212.83   library setup time
        12212.83   data required time
---------------------------------------------------------
        12212.83   data required time
        -16527.69   data arrival time
---------------------------------------------------------
        -4314.85   slack (VIOLATED)


