[WARNING STA-0502] report_checks -endpoint_count is deprecated. Use -endpoint_path_count instead.
Startpoint: _341654_ (rising edge-triggered flip-flop clocked by core_clk)
Endpoint: dmem_req_addr[24] (output port clocked by core_clk)
Path Group: reg2out
Path Type: max

  Delay    Time   Description
---------------------------------------------------------
   0.00    0.00   clock core_clk (rise edge)
   0.00    0.00   clock source latency
   0.00    0.00 ^ clk (in)
  50.91   50.91 ^ wire5603/Y (BUFx12_ASAP7_75t_R)
  51.38  102.29 ^ clkbuf_0_clk/Y (BUFx24_ASAP7_75t_R)
  27.77  130.06 ^ clkbuf_1_1_0_clk/Y (BUFx24_ASAP7_75t_R)
  27.98  158.04 ^ clkbuf_2_2_0_clk/Y (BUFx24_ASAP7_75t_R)
  30.88  188.93 ^ clkbuf_3_5_0_clk/Y (BUFx24_ASAP7_75t_R)
  27.14  216.06 ^ clkbuf_4_10_0_clk/Y (BUFx24_ASAP7_75t_R)
  25.36  241.42 ^ clkbuf_6_41_0_clk/Y (BUFx24_ASAP7_75t_R)
  21.68  263.10 ^ clkbuf_7_82__f_clk/Y (BUFx24_ASAP7_75t_R)
  36.43  299.53 ^ clkbuf_leaf_697_clk/Y (BUFx24_ASAP7_75t_R)
   2.69  302.22 ^ _341654_/CLK (DFFHQNx1_ASAP7_75t_R)
 113.09  415.31 v _341654_/QN (DFFHQNx1_ASAP7_75t_R)
  51.35  466.66 ^ _172824_/Y (NOR2x1_ASAP7_75t_R)
  13.81  480.47 v _172957_/Y (INVx1_ASAP7_75t_R)
  31.21  511.67 v _172958_/Y (MAJx2_ASAP7_75t_R)
  44.38  556.06 v _172959_/Y (MAJx2_ASAP7_75t_R)
  24.38  580.44 v _172960_/Y (MAJx2_ASAP7_75t_R)
  24.28  604.72 v _172961_/Y (MAJx2_ASAP7_75t_R)
  24.29  629.01 v _172962_/Y (MAJx2_ASAP7_75t_R)
  24.17  653.17 v _172963_/Y (MAJx2_ASAP7_75t_R)
  24.19  677.37 v _172964_/Y (MAJx2_ASAP7_75t_R)
  23.76  701.13 v _172965_/Y (MAJx2_ASAP7_75t_R)
  24.06  725.19 v _172966_/Y (MAJx2_ASAP7_75t_R)
  24.17  749.36 v _172967_/Y (MAJx2_ASAP7_75t_R)
  24.06  773.42 v _172968_/Y (MAJx2_ASAP7_75t_R)
  24.32  797.75 v _172969_/Y (MAJx2_ASAP7_75t_R)
  24.19  821.94 v _172970_/Y (MAJx2_ASAP7_75t_R)
  24.30  846.24 v _172971_/Y (MAJx2_ASAP7_75t_R)
  26.43  872.67 v _172972_/Y (MAJx2_ASAP7_75t_R)
  27.80  900.47 v _172973_/Y (MAJx2_ASAP7_75t_R)
  24.79  925.27 v _172974_/Y (MAJx2_ASAP7_75t_R)
  23.93  949.20 v _172975_/Y (MAJx2_ASAP7_75t_R)
  24.25  973.45 v _172976_/Y (MAJx2_ASAP7_75t_R)
  24.31  997.76 v _172977_/Y (MAJx2_ASAP7_75t_R)
  24.07 1021.84 v _172978_/Y (MAJx2_ASAP7_75t_R)
  24.20 1046.04 v _172979_/Y (MAJx2_ASAP7_75t_R)
  25.95 1071.99 v _172980_/Y (MAJx2_ASAP7_75t_R)
  26.90 1098.89 v _172981_/Y (MAJx2_ASAP7_75t_R)
  24.23 1123.12 v _172982_/Y (MAJx2_ASAP7_75t_R)
  24.06 1147.18 v _172983_/Y (MAJx2_ASAP7_75t_R)
  24.20 1171.38 v _172984_/Y (MAJx2_ASAP7_75t_R)
  24.04 1195.42 v _172985_/Y (MAJx2_ASAP7_75t_R)
  24.14 1219.55 v _172986_/Y (MAJx2_ASAP7_75t_R)
  22.04 1241.59 v _173115_/Y (MAJx2_ASAP7_75t_R)
  37.85 1279.44 ^ _173116_/Y (XNOR2x2_ASAP7_75t_R)
  54.25 1333.69 ^ wire1735/Y (BUFx16f_ASAP7_75t_R)
  59.66 1393.35 v _173478_/Y (XNOR2x2_ASAP7_75t_R)
  23.62 1416.97 v _173547_/Y (AND4x1_ASAP7_75t_R)
  35.76 1452.72 v _173551_/Y (AND2x2_ASAP7_75t_R)
 105.46 1558.19 ^ _174372_/Y (NAND2x1_ASAP7_75t_R)
  65.21 1623.40 ^ _174396_/Y (OR3x1_ASAP7_75t_R)
   6.60 1630.00 v _174397_/Y (INVx1_ASAP7_75t_R)
  15.85 1645.85 v _174398_/Y (AO21x1_ASAP7_75t_R)
  14.52 1660.36 v _174399_/Y (OA21x2_ASAP7_75t_R)
  21.32 1681.68 ^ _174415_/Y (AOI211x1_ASAP7_75t_R)
  22.99 1704.67 v _174417_/Y (NOR2x1_ASAP7_75t_R)
  14.97 1719.64 ^ _174418_/Y (AOI211x1_ASAP7_75t_R)
  24.40 1744.04 ^ _174420_/Y (OA211x2_ASAP7_75t_R)
   7.00 1751.04 v _174422_/Y (OAI21x1_ASAP7_75t_R)
  24.53 1775.56 v _174425_/Y (AO221x1_ASAP7_75t_R)
  19.86 1795.43 v _174426_/Y (OR2x2_ASAP7_75t_R)
  14.92 1810.34 v _174427_/Y (AO21x1_ASAP7_75t_R)
  15.34 1825.68 v _174429_/Y (AO21x1_ASAP7_75t_R)
  14.33 1840.01 v _174430_/Y (OA21x2_ASAP7_75t_R)
  21.78 1861.79 v _174431_/Y (MAJx2_ASAP7_75t_R)
  14.82 1876.62 v _174432_/Y (AND3x1_ASAP7_75t_R)
  14.71 1891.32 ^ _174434_/Y (NOR2x1_ASAP7_75t_R)
  57.94 1949.26 v _174435_/Y (NAND2x1_ASAP7_75t_R)
  57.63 2006.89 ^ _174482_/Y (INVx1_ASAP7_75t_R)
  20.15 2027.05 ^ _174484_/Y (AO21x1_ASAP7_75t_R)
  19.53 2046.58 ^ _174486_/Y (OA211x2_ASAP7_75t_R)
   8.07 2054.65 v _174489_/Y (OAI21x1_ASAP7_75t_R)
  16.92 2071.57 v _174490_/Y (AO21x1_ASAP7_75t_R)
  17.12 2088.69 v _174491_/Y (OA21x2_ASAP7_75t_R)
  29.71 2118.40 v _174492_/Y (OA211x2_ASAP7_75t_R)
  18.92 2137.31 v _174493_/Y (AO21x1_ASAP7_75t_R)
  21.64 2158.96 v _174494_/Y (MAJx2_ASAP7_75t_R)
  20.33 2179.29 v _174495_/Y (MAJx2_ASAP7_75t_R)
  20.21 2199.50 v _174496_/Y (MAJx2_ASAP7_75t_R)
  20.34 2219.84 v _174497_/Y (MAJx2_ASAP7_75t_R)
  20.36 2240.20 v _174498_/Y (MAJx2_ASAP7_75t_R)
  20.88 2261.08 v _174499_/Y (MAJx2_ASAP7_75t_R)
  20.93 2282.00 v _174500_/Y (MAJx2_ASAP7_75t_R)
  20.46 2302.47 v _174501_/Y (MAJx2_ASAP7_75t_R)
  20.58 2323.05 v _174502_/Y (MAJx2_ASAP7_75t_R)
  23.78 2346.83 ^ _174503_/Y (XNOR2x2_ASAP7_75t_R)
  12.84 2359.67 v _174521_/Y (OAI21x1_ASAP7_75t_R)
 100.36 2460.03 v _174524_/Y (AND3x1_ASAP7_75t_R)
  58.16 2518.19 v _174567_/Y (AO22x1_ASAP7_75t_R)
  28.69 2546.89 v _174568_/Y (AO32x1_ASAP7_75t_R)
  18.29 2565.18 v _174572_/Y (AND2x2_ASAP7_75t_R)
  20.51 2585.69 v _174573_/Y (MAJx2_ASAP7_75t_R)
  20.69 2606.37 v _174574_/Y (MAJx2_ASAP7_75t_R)
  20.05 2626.43 v _174575_/Y (MAJx2_ASAP7_75t_R)
  20.31 2646.74 v _174576_/Y (MAJx2_ASAP7_75t_R)
   7.76 2654.50 ^ _174577_/Y (NAND2x1_ASAP7_75t_R)
  16.22 2670.72 ^ _174578_/Y (AND2x2_ASAP7_75t_R)
   5.87 2676.58 v _174582_/Y (INVx1_ASAP7_75t_R)
  19.88 2696.46 v _174583_/Y (OR3x1_ASAP7_75t_R)
  28.85 2725.31 v _174584_/Y (OA211x2_ASAP7_75t_R)
  21.45 2746.76 v _174585_/Y (MAJx2_ASAP7_75t_R)
  20.49 2767.25 v _174586_/Y (MAJx2_ASAP7_75t_R)
  20.09 2787.34 v _174587_/Y (MAJx2_ASAP7_75t_R)
  18.11 2805.44 v _174588_/Y (XNOR2x2_ASAP7_75t_R)
  31.30 2836.75 v _174589_/Y (AO21x1_ASAP7_75t_R)
  97.66 2934.41 ^ _174590_/Y (NAND2x1_ASAP7_75t_R)
  82.49 3016.90 ^ _174591_/Y (AND3x1_ASAP7_75t_R)
  13.49 3030.39 v _174592_/Y (INVx1_ASAP7_75t_R)
  47.24 3077.63 v _174593_/Y (AO21x1_ASAP7_75t_R)
  46.25 3123.88 v _174627_/Y (AO22x1_ASAP7_75t_R)
  19.79 3143.67 v _174628_/Y (AND2x2_ASAP7_75t_R)
  19.73 3163.39 v _174629_/Y (MAJx2_ASAP7_75t_R)
  20.32 3183.72 v _174630_/Y (MAJx2_ASAP7_75t_R)
  20.28 3204.00 v _174631_/Y (MAJx2_ASAP7_75t_R)
  20.78 3224.78 v _174632_/Y (MAJx2_ASAP7_75t_R)
  20.63 3245.40 v _174633_/Y (MAJx2_ASAP7_75t_R)
  19.67 3265.08 v _174634_/Y (MAJx2_ASAP7_75t_R)
  12.80 3277.88 v _174635_/Y (OA21x2_ASAP7_75t_R)
  17.31 3295.18 v _174639_/Y (OA21x2_ASAP7_75t_R)
  19.29 3314.47 v _174640_/Y (MAJx2_ASAP7_75t_R)
   9.89 3324.36 ^ _174641_/Y (INVx1_ASAP7_75t_R)
   7.69 3332.04 v _174654_/Y (NAND2x1_ASAP7_75t_R)
  14.67 3346.71 v _174655_/Y (OA21x2_ASAP7_75t_R)
  24.33 3371.04 ^ _174656_/Y (NAND2x1_ASAP7_75t_R)
  98.84 3469.88 ^ _174658_/Y (AND3x1_ASAP7_75t_R)
  29.55 3499.43 v _174682_/Y (NAND2x1_ASAP7_75t_R)
  36.64 3536.06 v _174683_/Y (OA211x2_ASAP7_75t_R)
  24.40 3560.46 v _174716_/Y (MAJx2_ASAP7_75t_R)
  20.93 3581.39 v _174717_/Y (MAJx2_ASAP7_75t_R)
  20.74 3602.13 v _174718_/Y (MAJx2_ASAP7_75t_R)
  19.84 3621.97 v _174719_/Y (MAJx2_ASAP7_75t_R)
  15.05 3637.02 v _174721_/Y (AO21x1_ASAP7_75t_R)
  15.73 3652.75 v _174723_/Y (AND2x2_ASAP7_75t_R)
  19.81 3672.55 v _174724_/Y (MAJx2_ASAP7_75t_R)
  20.56 3693.11 v _174725_/Y (MAJx2_ASAP7_75t_R)
  20.39 3713.51 v _174726_/Y (MAJx2_ASAP7_75t_R)
  20.77 3734.28 ^ _174727_/Y (XNOR2x2_ASAP7_75t_R)
  16.42 3750.69 ^ _174728_/Y (AO21x1_ASAP7_75t_R)
  52.01 3802.70 ^ _174732_/Y (AO21x2_ASAP7_75t_R)
  62.17 3864.87 v _174741_/Y (INVx1_ASAP7_75t_R)
  33.42 3898.29 v _174763_/Y (AO21x1_ASAP7_75t_R)
  25.65 3923.94 v _174764_/Y (AO32x1_ASAP7_75t_R)
  14.05 3937.99 v _174765_/Y (OA21x2_ASAP7_75t_R)
  19.87 3957.86 v _174766_/Y (MAJx2_ASAP7_75t_R)
  20.71 3978.57 v _174767_/Y (MAJx2_ASAP7_75t_R)
  20.47 3999.03 v _174768_/Y (MAJx2_ASAP7_75t_R)
  20.33 4019.36 v _174769_/Y (MAJx2_ASAP7_75t_R)
  20.19 4039.55 v _174770_/Y (MAJx2_ASAP7_75t_R)
  21.06 4060.61 v _174771_/Y (MAJx2_ASAP7_75t_R)
  22.07 4082.68 v _174775_/Y (MAJx2_ASAP7_75t_R)
  20.64 4103.33 v _174776_/Y (MAJx2_ASAP7_75t_R)
  21.91 4125.24 v _174777_/Y (MAJx2_ASAP7_75t_R)
  22.76 4148.00 v _174798_/Y (OR3x1_ASAP7_75t_R)
  25.70 4173.70 ^ _174800_/Y (NAND3x1_ASAP7_75t_R)
  53.82 4227.52 ^ _174801_/Y (AND2x2_ASAP7_75t_R)
  95.72 4323.24 v _174802_/Y (NAND2x1_ASAP7_75t_R)
  41.47 4364.71 v _174820_/Y (AO21x1_ASAP7_75t_R)
  29.95 4394.66 v _174821_/Y (AO32x1_ASAP7_75t_R)
  19.44 4414.10 v _174856_/Y (AND2x2_ASAP7_75t_R)
  19.67 4433.77 v _174857_/Y (MAJx2_ASAP7_75t_R)
  20.22 4453.99 v _174858_/Y (MAJx2_ASAP7_75t_R)
  20.30 4474.29 v _174859_/Y (MAJx2_ASAP7_75t_R)
  20.17 4494.45 v _174860_/Y (MAJx2_ASAP7_75t_R)
  20.30 4514.76 v _174861_/Y (MAJx2_ASAP7_75t_R)
  20.20 4534.96 v _174862_/Y (MAJx2_ASAP7_75t_R)
  20.44 4555.40 v _174863_/Y (MAJx2_ASAP7_75t_R)
  20.26 4575.66 v _174864_/Y (MAJx2_ASAP7_75t_R)
  21.49 4597.14 v _174865_/Y (MAJx2_ASAP7_75t_R)
  18.45 4615.60 v _174866_/Y (AO21x1_ASAP7_75t_R)
  19.91 4635.51 v _174867_/Y (MAJx2_ASAP7_75t_R)
  17.25 4652.76 v _174876_/Y (AO21x1_ASAP7_75t_R)
  58.25 4711.01 ^ _174877_/Y (NAND2x1_ASAP7_75t_R)
  54.19 4765.20 ^ _174883_/Y (AND2x2_ASAP7_75t_R)
  51.72 4816.92 v _174884_/Y (OAI21x1_ASAP7_75t_R)
  49.77 4866.68 v _174915_/Y (AO32x1_ASAP7_75t_R)
  19.81 4886.49 v _174919_/Y (AND2x2_ASAP7_75t_R)
  19.92 4906.41 v _174920_/Y (MAJx2_ASAP7_75t_R)
  20.32 4926.73 v _174921_/Y (MAJx2_ASAP7_75t_R)
  20.57 4947.31 v _174922_/Y (MAJx2_ASAP7_75t_R)
  20.50 4967.80 v _174923_/Y (MAJx2_ASAP7_75t_R)
  10.55 4978.35 ^ _174924_/Y (NAND2x1_ASAP7_75t_R)
  10.35 4988.70 v _174927_/Y (AOI22x1_ASAP7_75t_R)
  22.39 5011.09 v _174928_/Y (MAJx2_ASAP7_75t_R)
  23.01 5034.09 v _174929_/Y (MAJx2_ASAP7_75t_R)
  21.53 5055.63 v _174937_/Y (MAJx2_ASAP7_75t_R)
   8.10 5063.73 ^ _174938_/Y (NAND2x1_ASAP7_75t_R)
  21.00 5084.73 ^ _174939_/Y (OA21x2_ASAP7_75t_R)
  23.08 5107.81 ^ _174940_/Y (AO21x1_ASAP7_75t_R)
  15.33 5123.14 v _174941_/Y (INVx1_ASAP7_75t_R)
  75.78 5198.92 v _174946_/Y (AND3x1_ASAP7_75t_R)
  57.10 5256.02 v _174973_/Y (AO22x1_ASAP7_75t_R)
  34.41 5290.42 v _174974_/Y (AO32x1_ASAP7_75t_R)
  29.73 5320.16 v _174995_/Y (AO32x1_ASAP7_75t_R)
  14.30 5334.46 v _174996_/Y (OA21x2_ASAP7_75t_R)
  20.25 5354.71 v _174997_/Y (MAJx2_ASAP7_75t_R)
  20.59 5375.30 v _174998_/Y (MAJx2_ASAP7_75t_R)
  20.63 5395.94 v _174999_/Y (MAJx2_ASAP7_75t_R)
  20.64 5416.57 v _175000_/Y (MAJx2_ASAP7_75t_R)
  20.41 5436.98 v _175001_/Y (MAJx2_ASAP7_75t_R)
  20.57 5457.55 v _175002_/Y (MAJx2_ASAP7_75t_R)
  20.14 5477.69 v _175003_/Y (MAJx2_ASAP7_75t_R)
   8.14 5485.83 ^ _175004_/Y (INVx1_ASAP7_75t_R)
  17.28 5503.11 ^ _175005_/Y (MAJx2_ASAP7_75t_R)
   8.48 5511.59 v _175006_/Y (INVx1_ASAP7_75t_R)
  19.08 5530.67 v _175007_/Y (AO21x1_ASAP7_75t_R)
  20.36 5551.03 v _175008_/Y (MAJx2_ASAP7_75t_R)
  19.30 5570.32 v _175015_/Y (AO21x1_ASAP7_75t_R)
  55.31 5625.64 v _175017_/Y (AO21x1_ASAP7_75t_R)
  97.40 5723.04 v _175023_/Y (OR3x1_ASAP7_75t_R)
  71.18 5794.22 v _175045_/Y (OA211x2_ASAP7_75t_R)
  23.49 5817.71 v _175046_/Y (OA21x2_ASAP7_75t_R)
  24.29 5842.00 v _175098_/Y (MAJx2_ASAP7_75t_R)
  20.34 5862.34 v _175099_/Y (MAJx2_ASAP7_75t_R)
  20.73 5883.07 v _175100_/Y (MAJx2_ASAP7_75t_R)
  21.27 5904.34 v _175101_/Y (MAJx2_ASAP7_75t_R)
  21.02 5925.36 v _175102_/Y (MAJx2_ASAP7_75t_R)
  20.43 5945.79 v _175103_/Y (MAJx2_ASAP7_75t_R)
  20.61 5966.40 v _175104_/Y (MAJx2_ASAP7_75t_R)
  20.65 5987.05 v _175105_/Y (MAJx2_ASAP7_75t_R)
  20.52 6007.57 v _175106_/Y (XNOR2x2_ASAP7_75t_R)
  37.67 6045.24 v _175107_/Y (AO32x1_ASAP7_75t_R)
  45.37 6090.61 v _175108_/Y (AND2x2_ASAP7_75t_R)
  70.38 6160.99 ^ _175109_/Y (NAND2x1_ASAP7_75t_R)
  72.81 6233.80 ^ _175111_/Y (OR2x2_ASAP7_75t_R)
  27.50 6261.30 v _175141_/Y (NOR2x1_ASAP7_75t_R)
  18.99 6280.29 v _175142_/Y (AO21x1_ASAP7_75t_R)
  19.16 6299.45 v _175143_/Y (AND2x2_ASAP7_75t_R)
  24.58 6324.03 v _175147_/Y (MAJx2_ASAP7_75t_R)
  20.48 6344.51 v _175148_/Y (MAJx2_ASAP7_75t_R)
  20.49 6365.00 v _175149_/Y (MAJx2_ASAP7_75t_R)
  20.38 6385.38 v _175150_/Y (MAJx2_ASAP7_75t_R)
  20.39 6405.77 v _175151_/Y (MAJx2_ASAP7_75t_R)
  20.24 6426.01 v _175152_/Y (MAJx2_ASAP7_75t_R)
  20.62 6446.64 v _175153_/Y (MAJx2_ASAP7_75t_R)
  21.58 6468.22 v _175157_/Y (MAJx2_ASAP7_75t_R)
  20.12 6488.33 v _175158_/Y (MAJx2_ASAP7_75t_R)
   8.07 6496.40 ^ _175159_/Y (INVx1_ASAP7_75t_R)
  20.40 6516.80 ^ _175160_/Y (MAJx2_ASAP7_75t_R)
   6.98 6523.78 v _175181_/Y (NAND3x1_ASAP7_75t_R)
  38.71 6562.49 v _175182_/Y (OA211x2_ASAP7_75t_R)
  60.17 6622.66 v _175184_/Y (OR3x1_ASAP7_75t_R)
  64.22 6686.88 ^ _175191_/Y (INVx1_ASAP7_75t_R)
  25.97 6712.85 ^ _175235_/Y (AO21x1_ASAP7_75t_R)
  25.04 6737.89 ^ _175236_/Y (AO22x1_ASAP7_75t_R)
  21.24 6759.13 ^ _175237_/Y (AND2x2_ASAP7_75t_R)
  17.95 6777.08 ^ _175238_/Y (MAJx2_ASAP7_75t_R)
  17.17 6794.25 ^ _175239_/Y (MAJx2_ASAP7_75t_R)
  15.99 6810.24 ^ _175240_/Y (OA21x2_ASAP7_75t_R)
  15.95 6826.19 ^ _175245_/Y (OA21x2_ASAP7_75t_R)
  17.07 6843.26 ^ _175246_/Y (MAJx2_ASAP7_75t_R)
   7.05 6850.31 v _175247_/Y (INVx1_ASAP7_75t_R)
  22.28 6872.58 v _175248_/Y (MAJx2_ASAP7_75t_R)
  21.02 6893.60 v _175259_/Y (MAJx2_ASAP7_75t_R)
   8.91 6902.52 ^ _175260_/Y (AOI21x1_ASAP7_75t_R)
  18.33 6920.84 ^ _175261_/Y (AO21x1_ASAP7_75t_R)
  35.58 6956.42 v _175262_/Y (NAND2x1_ASAP7_75t_R)
  46.00 7002.42 v _175266_/Y (AND2x2_ASAP7_75t_R)
  35.77 7038.19 v _175298_/Y (AO32x1_ASAP7_75t_R)
  20.27 7058.46 v _175299_/Y (AND2x2_ASAP7_75t_R)
  26.25 7084.71 v _175302_/Y (MAJx2_ASAP7_75t_R)
  20.75 7105.46 v _175303_/Y (MAJx2_ASAP7_75t_R)
  20.68 7126.14 v _175304_/Y (MAJx2_ASAP7_75t_R)
  20.23 7146.38 v _175305_/Y (MAJx2_ASAP7_75t_R)
  20.48 7166.85 v _175306_/Y (MAJx2_ASAP7_75t_R)
  20.36 7187.21 v _175307_/Y (MAJx2_ASAP7_75t_R)
  20.40 7207.61 v _175308_/Y (MAJx2_ASAP7_75t_R)
  20.11 7227.72 v _175309_/Y (MAJx2_ASAP7_75t_R)
  19.79 7247.51 v _175310_/Y (MAJx2_ASAP7_75t_R)
   7.93 7255.44 ^ _175311_/Y (INVx1_ASAP7_75t_R)
  19.78 7275.21 ^ _175312_/Y (MAJx2_ASAP7_75t_R)
  38.58 7313.79 ^ _175337_/Y (OA211x2_ASAP7_75t_R)
  77.19 7390.99 v _175350_/Y (NOR2x1_ASAP7_75t_R)
  35.88 7426.86 v _175354_/Y (AO21x1_ASAP7_75t_R)
  23.24 7450.10 v _175357_/Y (AO221x1_ASAP7_75t_R)
  20.17 7470.27 v _175358_/Y (OA21x2_ASAP7_75t_R)
  26.76 7497.03 v _175417_/Y (MAJx2_ASAP7_75t_R)
  20.42 7517.46 v _175418_/Y (MAJx2_ASAP7_75t_R)
  20.45 7537.90 v _175419_/Y (MAJx2_ASAP7_75t_R)
  20.79 7558.69 v _175420_/Y (MAJx2_ASAP7_75t_R)
  20.92 7579.61 v _175421_/Y (MAJx2_ASAP7_75t_R)
  20.59 7600.19 v _175422_/Y (MAJx2_ASAP7_75t_R)
  20.52 7620.71 v _175423_/Y (MAJx2_ASAP7_75t_R)
  20.35 7641.06 v _175424_/Y (MAJx2_ASAP7_75t_R)
  22.83 7663.89 v _175425_/Y (MAJx2_ASAP7_75t_R)
  20.81 7684.69 v _175426_/Y (MAJx2_ASAP7_75t_R)
  22.74 7707.43 v _175433_/Y (OR3x1_ASAP7_75t_R)
  67.05 7774.48 v _175436_/Y (AND3x1_ASAP7_75t_R)
  72.63 7847.11 ^ _175437_/Y (INVx1_ASAP7_75t_R)
  15.14 7862.25 v _175487_/Y (AOI21x1_ASAP7_75t_R)
  20.08 7882.33 v _175488_/Y (AO21x1_ASAP7_75t_R)
  23.21 7905.54 v _175489_/Y (AO32x1_ASAP7_75t_R)
  30.59 7936.13 v _175490_/Y (AO32x1_ASAP7_75t_R)
  22.62 7958.75 v _175528_/Y (AO21x1_ASAP7_75t_R)
  21.35 7980.11 v _175529_/Y (MAJx2_ASAP7_75t_R)
  20.67 8000.78 v _175530_/Y (MAJx2_ASAP7_75t_R)
  19.89 8020.67 v _175531_/Y (MAJx2_ASAP7_75t_R)
  13.56 8034.23 v _175532_/Y (OA21x2_ASAP7_75t_R)
  20.19 8054.42 v _175533_/Y (MAJx2_ASAP7_75t_R)
  23.33 8077.74 v _175534_/Y (MAJx2_ASAP7_75t_R)
  22.45 8100.19 v _175540_/Y (MAJx2_ASAP7_75t_R)
  33.04 8133.23 v _175555_/Y (AO21x1_ASAP7_75t_R)
  37.82 8171.05 v _175685_/Y (AO221x1_ASAP7_75t_R)
  24.54 8195.59 ^ _175699_/Y (AOI21x1_ASAP7_75t_R)
  89.84 8285.43 ^ _175745_/Y (AND5x1_ASAP7_75t_R)
  94.69 8380.12 ^ _188653_/Y (AND2x2_ASAP7_75t_R)
  74.38 8454.50 ^ _189382_/Y (AO21x1_ASAP7_75t_R)
  34.96 8489.47 ^ output156/Y (BUFx2_ASAP7_75t_R)
   0.40 8489.86 ^ dmem_req_addr[24] (out)
        8489.86   data arrival time

12000.00 12000.00   clock core_clk (rise edge)
   0.00 12000.00   clock network delay (propagated)
 -50.00 11950.00   clock uncertainty
   0.00 11950.00   clock reconvergence pessimism
-2400.00 9550.00   output external delay
        9550.00   data required time
---------------------------------------------------------
        9550.00   data required time
        -8489.86   data arrival time
---------------------------------------------------------
        1060.14   slack (MET)


Startpoint: _341654_ (rising edge-triggered flip-flop clocked by core_clk)
Endpoint: dmem_req_addr[24] (output port clocked by core_clk)
Path Group: reg2out
Path Type: max

  Delay    Time   Description
---------------------------------------------------------
   0.00    0.00   clock core_clk (rise edge)
   0.00    0.00   clock source latency
   0.00    0.00 ^ clk (in)
  50.91   50.91 ^ wire5603/Y (BUFx12_ASAP7_75t_R)
  51.38  102.29 ^ clkbuf_0_clk/Y (BUFx24_ASAP7_75t_R)
  27.77  130.06 ^ clkbuf_1_1_0_clk/Y (BUFx24_ASAP7_75t_R)
  27.98  158.04 ^ clkbuf_2_2_0_clk/Y (BUFx24_ASAP7_75t_R)
  30.88  188.93 ^ clkbuf_3_5_0_clk/Y (BUFx24_ASAP7_75t_R)
  27.14  216.06 ^ clkbuf_4_10_0_clk/Y (BUFx24_ASAP7_75t_R)
  25.36  241.42 ^ clkbuf_6_41_0_clk/Y (BUFx24_ASAP7_75t_R)
  21.68  263.10 ^ clkbuf_7_82__f_clk/Y (BUFx24_ASAP7_75t_R)
  36.43  299.53 ^ clkbuf_leaf_697_clk/Y (BUFx24_ASAP7_75t_R)
   2.69  302.22 ^ _341654_/CLK (DFFHQNx1_ASAP7_75t_R)
 113.09  415.31 v _341654_/QN (DFFHQNx1_ASAP7_75t_R)
  51.35  466.66 ^ _172824_/Y (NOR2x1_ASAP7_75t_R)
  13.81  480.47 v _172957_/Y (INVx1_ASAP7_75t_R)
  31.21  511.67 v _172958_/Y (MAJx2_ASAP7_75t_R)
  44.38  556.06 v _172959_/Y (MAJx2_ASAP7_75t_R)
  24.38  580.44 v _172960_/Y (MAJx2_ASAP7_75t_R)
  24.28  604.72 v _172961_/Y (MAJx2_ASAP7_75t_R)
  24.29  629.01 v _172962_/Y (MAJx2_ASAP7_75t_R)
  24.17  653.17 v _172963_/Y (MAJx2_ASAP7_75t_R)
  24.19  677.37 v _172964_/Y (MAJx2_ASAP7_75t_R)
  23.76  701.13 v _172965_/Y (MAJx2_ASAP7_75t_R)
  24.06  725.19 v _172966_/Y (MAJx2_ASAP7_75t_R)
  24.17  749.36 v _172967_/Y (MAJx2_ASAP7_75t_R)
  24.06  773.42 v _172968_/Y (MAJx2_ASAP7_75t_R)
  24.32  797.75 v _172969_/Y (MAJx2_ASAP7_75t_R)
  24.19  821.94 v _172970_/Y (MAJx2_ASAP7_75t_R)
  24.30  846.24 v _172971_/Y (MAJx2_ASAP7_75t_R)
  26.43  872.67 v _172972_/Y (MAJx2_ASAP7_75t_R)
  27.80  900.47 v _172973_/Y (MAJx2_ASAP7_75t_R)
  24.79  925.27 v _172974_/Y (MAJx2_ASAP7_75t_R)
  23.93  949.20 v _172975_/Y (MAJx2_ASAP7_75t_R)
  24.25  973.45 v _172976_/Y (MAJx2_ASAP7_75t_R)
  24.31  997.76 v _172977_/Y (MAJx2_ASAP7_75t_R)
  24.07 1021.84 v _172978_/Y (MAJx2_ASAP7_75t_R)
  24.20 1046.04 v _172979_/Y (MAJx2_ASAP7_75t_R)
  25.95 1071.99 v _172980_/Y (MAJx2_ASAP7_75t_R)
  26.90 1098.89 v _172981_/Y (MAJx2_ASAP7_75t_R)
  24.23 1123.12 v _172982_/Y (MAJx2_ASAP7_75t_R)
  24.06 1147.18 v _172983_/Y (MAJx2_ASAP7_75t_R)
  24.20 1171.38 v _172984_/Y (MAJx2_ASAP7_75t_R)
  24.04 1195.42 v _172985_/Y (MAJx2_ASAP7_75t_R)
  24.14 1219.55 v _172986_/Y (MAJx2_ASAP7_75t_R)
  22.04 1241.59 v _173115_/Y (MAJx2_ASAP7_75t_R)
  37.85 1279.44 ^ _173116_/Y (XNOR2x2_ASAP7_75t_R)
  54.25 1333.69 ^ wire1735/Y (BUFx16f_ASAP7_75t_R)
  59.66 1393.35 v _173478_/Y (XNOR2x2_ASAP7_75t_R)
  23.62 1416.97 v _173547_/Y (AND4x1_ASAP7_75t_R)
  35.76 1452.72 v _173551_/Y (AND2x2_ASAP7_75t_R)
 105.46 1558.19 ^ _174372_/Y (NAND2x1_ASAP7_75t_R)
  65.21 1623.40 ^ _174396_/Y (OR3x1_ASAP7_75t_R)
   6.60 1630.00 v _174397_/Y (INVx1_ASAP7_75t_R)
  15.85 1645.85 v _174398_/Y (AO21x1_ASAP7_75t_R)
  14.52 1660.36 v _174399_/Y (OA21x2_ASAP7_75t_R)
  21.32 1681.68 ^ _174415_/Y (AOI211x1_ASAP7_75t_R)
  22.99 1704.67 v _174417_/Y (NOR2x1_ASAP7_75t_R)
  14.97 1719.64 ^ _174418_/Y (AOI211x1_ASAP7_75t_R)
  24.40 1744.04 ^ _174420_/Y (OA211x2_ASAP7_75t_R)
   7.00 1751.04 v _174422_/Y (OAI21x1_ASAP7_75t_R)
  24.53 1775.56 v _174425_/Y (AO221x1_ASAP7_75t_R)
  19.86 1795.43 v _174426_/Y (OR2x2_ASAP7_75t_R)
  14.92 1810.34 v _174427_/Y (AO21x1_ASAP7_75t_R)
  15.34 1825.68 v _174429_/Y (AO21x1_ASAP7_75t_R)
  14.33 1840.01 v _174430_/Y (OA21x2_ASAP7_75t_R)
  21.78 1861.79 v _174431_/Y (MAJx2_ASAP7_75t_R)
  14.82 1876.62 v _174432_/Y (AND3x1_ASAP7_75t_R)
  14.71 1891.32 ^ _174434_/Y (NOR2x1_ASAP7_75t_R)
  57.94 1949.26 v _174435_/Y (NAND2x1_ASAP7_75t_R)
  57.63 2006.89 ^ _174482_/Y (INVx1_ASAP7_75t_R)
  20.15 2027.05 ^ _174484_/Y (AO21x1_ASAP7_75t_R)
  19.53 2046.58 ^ _174486_/Y (OA211x2_ASAP7_75t_R)
   8.07 2054.65 v _174489_/Y (OAI21x1_ASAP7_75t_R)
  16.92 2071.57 v _174490_/Y (AO21x1_ASAP7_75t_R)
  17.12 2088.69 v _174491_/Y (OA21x2_ASAP7_75t_R)
  29.71 2118.40 v _174492_/Y (OA211x2_ASAP7_75t_R)
  18.92 2137.31 v _174493_/Y (AO21x1_ASAP7_75t_R)
  21.64 2158.96 v _174494_/Y (MAJx2_ASAP7_75t_R)
  20.33 2179.29 v _174495_/Y (MAJx2_ASAP7_75t_R)
  20.21 2199.50 v _174496_/Y (MAJx2_ASAP7_75t_R)
  20.34 2219.84 v _174497_/Y (MAJx2_ASAP7_75t_R)
  20.36 2240.20 v _174498_/Y (MAJx2_ASAP7_75t_R)
  20.88 2261.08 v _174499_/Y (MAJx2_ASAP7_75t_R)
  20.93 2282.00 v _174500_/Y (MAJx2_ASAP7_75t_R)
  20.46 2302.47 v _174501_/Y (MAJx2_ASAP7_75t_R)
  20.58 2323.05 v _174502_/Y (MAJx2_ASAP7_75t_R)
  23.78 2346.83 ^ _174503_/Y (XNOR2x2_ASAP7_75t_R)
  12.84 2359.67 v _174521_/Y (OAI21x1_ASAP7_75t_R)
 100.36 2460.03 v _174524_/Y (AND3x1_ASAP7_75t_R)
  58.16 2518.19 v _174567_/Y (AO22x1_ASAP7_75t_R)
  28.69 2546.89 v _174568_/Y (AO32x1_ASAP7_75t_R)
  18.29 2565.18 v _174572_/Y (AND2x2_ASAP7_75t_R)
  20.51 2585.69 v _174573_/Y (MAJx2_ASAP7_75t_R)
  20.69 2606.37 v _174574_/Y (MAJx2_ASAP7_75t_R)
  20.05 2626.43 v _174575_/Y (MAJx2_ASAP7_75t_R)
  20.31 2646.74 v _174576_/Y (MAJx2_ASAP7_75t_R)
   7.76 2654.50 ^ _174577_/Y (NAND2x1_ASAP7_75t_R)
  16.22 2670.72 ^ _174578_/Y (AND2x2_ASAP7_75t_R)
   5.87 2676.58 v _174582_/Y (INVx1_ASAP7_75t_R)
  19.88 2696.46 v _174583_/Y (OR3x1_ASAP7_75t_R)
  28.85 2725.31 v _174584_/Y (OA211x2_ASAP7_75t_R)
  21.45 2746.76 v _174585_/Y (MAJx2_ASAP7_75t_R)
  20.49 2767.25 v _174586_/Y (MAJx2_ASAP7_75t_R)
  20.09 2787.34 v _174587_/Y (MAJx2_ASAP7_75t_R)
  18.11 2805.44 v _174588_/Y (XNOR2x2_ASAP7_75t_R)
  31.30 2836.75 v _174589_/Y (AO21x1_ASAP7_75t_R)
  97.66 2934.41 ^ _174590_/Y (NAND2x1_ASAP7_75t_R)
  82.49 3016.90 ^ _174591_/Y (AND3x1_ASAP7_75t_R)
  13.49 3030.39 v _174592_/Y (INVx1_ASAP7_75t_R)
  47.24 3077.63 v _174593_/Y (AO21x1_ASAP7_75t_R)
  46.25 3123.88 v _174627_/Y (AO22x1_ASAP7_75t_R)
  19.79 3143.67 v _174628_/Y (AND2x2_ASAP7_75t_R)
  19.73 3163.39 v _174629_/Y (MAJx2_ASAP7_75t_R)
  20.32 3183.72 v _174630_/Y (MAJx2_ASAP7_75t_R)
  20.28 3204.00 v _174631_/Y (MAJx2_ASAP7_75t_R)
  20.78 3224.78 v _174632_/Y (MAJx2_ASAP7_75t_R)
  20.63 3245.40 v _174633_/Y (MAJx2_ASAP7_75t_R)
  19.67 3265.08 v _174634_/Y (MAJx2_ASAP7_75t_R)
  12.80 3277.88 v _174635_/Y (OA21x2_ASAP7_75t_R)
  17.31 3295.18 v _174639_/Y (OA21x2_ASAP7_75t_R)
  19.29 3314.47 v _174640_/Y (MAJx2_ASAP7_75t_R)
   9.89 3324.36 ^ _174641_/Y (INVx1_ASAP7_75t_R)
   7.69 3332.04 v _174654_/Y (NAND2x1_ASAP7_75t_R)
  14.67 3346.71 v _174655_/Y (OA21x2_ASAP7_75t_R)
  24.33 3371.04 ^ _174656_/Y (NAND2x1_ASAP7_75t_R)
  98.84 3469.88 ^ _174658_/Y (AND3x1_ASAP7_75t_R)
  29.55 3499.43 v _174682_/Y (NAND2x1_ASAP7_75t_R)
  36.64 3536.06 v _174683_/Y (OA211x2_ASAP7_75t_R)
  24.40 3560.46 v _174716_/Y (MAJx2_ASAP7_75t_R)
  20.93 3581.39 v _174717_/Y (MAJx2_ASAP7_75t_R)
  20.74 3602.13 v _174718_/Y (MAJx2_ASAP7_75t_R)
  19.84 3621.97 v _174719_/Y (MAJx2_ASAP7_75t_R)
  15.05 3637.02 v _174721_/Y (AO21x1_ASAP7_75t_R)
  15.73 3652.75 v _174723_/Y (AND2x2_ASAP7_75t_R)
  19.81 3672.55 v _174724_/Y (MAJx2_ASAP7_75t_R)
  20.56 3693.11 v _174725_/Y (MAJx2_ASAP7_75t_R)
  20.39 3713.51 v _174726_/Y (MAJx2_ASAP7_75t_R)
  20.77 3734.28 ^ _174727_/Y (XNOR2x2_ASAP7_75t_R)
  16.42 3750.69 ^ _174728_/Y (AO21x1_ASAP7_75t_R)
  52.01 3802.70 ^ _174732_/Y (AO21x2_ASAP7_75t_R)
  62.17 3864.87 v _174741_/Y (INVx1_ASAP7_75t_R)
  33.42 3898.29 v _174763_/Y (AO21x1_ASAP7_75t_R)
  25.65 3923.94 v _174764_/Y (AO32x1_ASAP7_75t_R)
  14.05 3937.99 v _174765_/Y (OA21x2_ASAP7_75t_R)
  19.87 3957.86 v _174766_/Y (MAJx2_ASAP7_75t_R)
  20.71 3978.57 v _174767_/Y (MAJx2_ASAP7_75t_R)
  20.47 3999.03 v _174768_/Y (MAJx2_ASAP7_75t_R)
  20.33 4019.36 v _174769_/Y (MAJx2_ASAP7_75t_R)
  20.19 4039.55 v _174770_/Y (MAJx2_ASAP7_75t_R)
  21.06 4060.61 v _174771_/Y (MAJx2_ASAP7_75t_R)
  22.07 4082.68 v _174775_/Y (MAJx2_ASAP7_75t_R)
  20.64 4103.33 v _174776_/Y (MAJx2_ASAP7_75t_R)
  21.91 4125.24 v _174777_/Y (MAJx2_ASAP7_75t_R)
  22.76 4148.00 v _174798_/Y (OR3x1_ASAP7_75t_R)
  25.70 4173.70 ^ _174800_/Y (NAND3x1_ASAP7_75t_R)
  53.82 4227.52 ^ _174801_/Y (AND2x2_ASAP7_75t_R)
  95.72 4323.24 v _174802_/Y (NAND2x1_ASAP7_75t_R)
  41.47 4364.71 v _174820_/Y (AO21x1_ASAP7_75t_R)
  29.95 4394.66 v _174821_/Y (AO32x1_ASAP7_75t_R)
  19.44 4414.10 v _174856_/Y (AND2x2_ASAP7_75t_R)
  19.67 4433.77 v _174857_/Y (MAJx2_ASAP7_75t_R)
  20.22 4453.99 v _174858_/Y (MAJx2_ASAP7_75t_R)
  20.30 4474.29 v _174859_/Y (MAJx2_ASAP7_75t_R)
  20.17 4494.45 v _174860_/Y (MAJx2_ASAP7_75t_R)
  20.30 4514.76 v _174861_/Y (MAJx2_ASAP7_75t_R)
  20.20 4534.96 v _174862_/Y (MAJx2_ASAP7_75t_R)
  20.44 4555.40 v _174863_/Y (MAJx2_ASAP7_75t_R)
  20.26 4575.66 v _174864_/Y (MAJx2_ASAP7_75t_R)
  21.49 4597.14 v _174865_/Y (MAJx2_ASAP7_75t_R)
  18.45 4615.60 v _174866_/Y (AO21x1_ASAP7_75t_R)
  19.91 4635.51 v _174867_/Y (MAJx2_ASAP7_75t_R)
  17.25 4652.76 v _174876_/Y (AO21x1_ASAP7_75t_R)
  58.25 4711.01 ^ _174877_/Y (NAND2x1_ASAP7_75t_R)
  54.19 4765.20 ^ _174883_/Y (AND2x2_ASAP7_75t_R)
  51.72 4816.92 v _174884_/Y (OAI21x1_ASAP7_75t_R)
  49.77 4866.68 v _174915_/Y (AO32x1_ASAP7_75t_R)
  19.81 4886.49 v _174919_/Y (AND2x2_ASAP7_75t_R)
  19.92 4906.41 v _174920_/Y (MAJx2_ASAP7_75t_R)
  20.32 4926.73 v _174921_/Y (MAJx2_ASAP7_75t_R)
  20.57 4947.31 v _174922_/Y (MAJx2_ASAP7_75t_R)
  20.50 4967.80 v _174923_/Y (MAJx2_ASAP7_75t_R)
  10.55 4978.35 ^ _174924_/Y (NAND2x1_ASAP7_75t_R)
  10.35 4988.70 v _174927_/Y (AOI22x1_ASAP7_75t_R)
  22.39 5011.09 v _174928_/Y (MAJx2_ASAP7_75t_R)
  23.01 5034.09 v _174929_/Y (MAJx2_ASAP7_75t_R)
  21.53 5055.63 v _174937_/Y (MAJx2_ASAP7_75t_R)
   8.10 5063.73 ^ _174938_/Y (NAND2x1_ASAP7_75t_R)
  21.00 5084.73 ^ _174939_/Y (OA21x2_ASAP7_75t_R)
  23.08 5107.81 ^ _174940_/Y (AO21x1_ASAP7_75t_R)
  15.33 5123.14 v _174941_/Y (INVx1_ASAP7_75t_R)
  75.78 5198.92 v _174946_/Y (AND3x1_ASAP7_75t_R)
  57.10 5256.02 v _174973_/Y (AO22x1_ASAP7_75t_R)
  34.41 5290.42 v _174974_/Y (AO32x1_ASAP7_75t_R)
  29.73 5320.16 v _174995_/Y (AO32x1_ASAP7_75t_R)
  14.30 5334.46 v _174996_/Y (OA21x2_ASAP7_75t_R)
  20.25 5354.71 v _174997_/Y (MAJx2_ASAP7_75t_R)
  20.59 5375.30 v _174998_/Y (MAJx2_ASAP7_75t_R)
  20.63 5395.94 v _174999_/Y (MAJx2_ASAP7_75t_R)
  20.64 5416.57 v _175000_/Y (MAJx2_ASAP7_75t_R)
  20.41 5436.98 v _175001_/Y (MAJx2_ASAP7_75t_R)
  20.57 5457.55 v _175002_/Y (MAJx2_ASAP7_75t_R)
  20.14 5477.69 v _175003_/Y (MAJx2_ASAP7_75t_R)
   8.14 5485.83 ^ _175004_/Y (INVx1_ASAP7_75t_R)
  17.28 5503.11 ^ _175005_/Y (MAJx2_ASAP7_75t_R)
   8.48 5511.59 v _175006_/Y (INVx1_ASAP7_75t_R)
  19.08 5530.67 v _175007_/Y (AO21x1_ASAP7_75t_R)
  20.36 5551.03 v _175008_/Y (MAJx2_ASAP7_75t_R)
  19.30 5570.32 v _175015_/Y (AO21x1_ASAP7_75t_R)
  55.31 5625.64 v _175017_/Y (AO21x1_ASAP7_75t_R)
  97.40 5723.04 v _175023_/Y (OR3x1_ASAP7_75t_R)
  71.18 5794.22 v _175045_/Y (OA211x2_ASAP7_75t_R)
  23.49 5817.71 v _175046_/Y (OA21x2_ASAP7_75t_R)
  24.29 5842.00 v _175098_/Y (MAJx2_ASAP7_75t_R)
  20.34 5862.34 v _175099_/Y (MAJx2_ASAP7_75t_R)
  20.73 5883.07 v _175100_/Y (MAJx2_ASAP7_75t_R)
  21.27 5904.34 v _175101_/Y (MAJx2_ASAP7_75t_R)
  21.02 5925.36 v _175102_/Y (MAJx2_ASAP7_75t_R)
  20.43 5945.79 v _175103_/Y (MAJx2_ASAP7_75t_R)
  20.61 5966.40 v _175104_/Y (MAJx2_ASAP7_75t_R)
  20.65 5987.05 v _175105_/Y (MAJx2_ASAP7_75t_R)
  20.52 6007.57 v _175106_/Y (XNOR2x2_ASAP7_75t_R)
  37.67 6045.24 v _175107_/Y (AO32x1_ASAP7_75t_R)
  45.37 6090.61 v _175108_/Y (AND2x2_ASAP7_75t_R)
  70.38 6160.99 ^ _175109_/Y (NAND2x1_ASAP7_75t_R)
  72.81 6233.80 ^ _175111_/Y (OR2x2_ASAP7_75t_R)
  27.50 6261.30 v _175141_/Y (NOR2x1_ASAP7_75t_R)
  18.99 6280.29 v _175142_/Y (AO21x1_ASAP7_75t_R)
  19.16 6299.45 v _175143_/Y (AND2x2_ASAP7_75t_R)
  24.58 6324.03 v _175147_/Y (MAJx2_ASAP7_75t_R)
  20.48 6344.51 v _175148_/Y (MAJx2_ASAP7_75t_R)
  20.49 6365.00 v _175149_/Y (MAJx2_ASAP7_75t_R)
  20.38 6385.38 v _175150_/Y (MAJx2_ASAP7_75t_R)
  20.39 6405.77 v _175151_/Y (MAJx2_ASAP7_75t_R)
  20.24 6426.01 v _175152_/Y (MAJx2_ASAP7_75t_R)
  20.62 6446.64 v _175153_/Y (MAJx2_ASAP7_75t_R)
  21.58 6468.22 v _175157_/Y (MAJx2_ASAP7_75t_R)
  20.12 6488.33 v _175158_/Y (MAJx2_ASAP7_75t_R)
   8.07 6496.40 ^ _175159_/Y (INVx1_ASAP7_75t_R)
  20.40 6516.80 ^ _175160_/Y (MAJx2_ASAP7_75t_R)
   6.98 6523.78 v _175181_/Y (NAND3x1_ASAP7_75t_R)
  38.71 6562.49 v _175182_/Y (OA211x2_ASAP7_75t_R)
  60.17 6622.66 v _175184_/Y (OR3x1_ASAP7_75t_R)
  64.22 6686.88 ^ _175191_/Y (INVx1_ASAP7_75t_R)
  25.97 6712.85 ^ _175235_/Y (AO21x1_ASAP7_75t_R)
  25.04 6737.89 ^ _175236_/Y (AO22x1_ASAP7_75t_R)
  21.24 6759.13 ^ _175237_/Y (AND2x2_ASAP7_75t_R)
  17.95 6777.08 ^ _175238_/Y (MAJx2_ASAP7_75t_R)
  17.17 6794.25 ^ _175239_/Y (MAJx2_ASAP7_75t_R)
  15.99 6810.24 ^ _175240_/Y (OA21x2_ASAP7_75t_R)
  15.95 6826.19 ^ _175245_/Y (OA21x2_ASAP7_75t_R)
  17.07 6843.26 ^ _175246_/Y (MAJx2_ASAP7_75t_R)
   7.05 6850.31 v _175247_/Y (INVx1_ASAP7_75t_R)
  22.28 6872.58 v _175248_/Y (MAJx2_ASAP7_75t_R)
  21.02 6893.60 v _175259_/Y (MAJx2_ASAP7_75t_R)
   8.91 6902.52 ^ _175260_/Y (AOI21x1_ASAP7_75t_R)
  18.33 6920.84 ^ _175261_/Y (AO21x1_ASAP7_75t_R)
  35.58 6956.42 v _175262_/Y (NAND2x1_ASAP7_75t_R)
  46.00 7002.42 v _175266_/Y (AND2x2_ASAP7_75t_R)
  35.77 7038.19 v _175298_/Y (AO32x1_ASAP7_75t_R)
  20.27 7058.46 v _175299_/Y (AND2x2_ASAP7_75t_R)
  26.25 7084.71 v _175302_/Y (MAJx2_ASAP7_75t_R)
  20.75 7105.46 v _175303_/Y (MAJx2_ASAP7_75t_R)
  20.68 7126.14 v _175304_/Y (MAJx2_ASAP7_75t_R)
  20.23 7146.38 v _175305_/Y (MAJx2_ASAP7_75t_R)
  20.48 7166.85 v _175306_/Y (MAJx2_ASAP7_75t_R)
  20.36 7187.21 v _175307_/Y (MAJx2_ASAP7_75t_R)
  20.40 7207.61 v _175308_/Y (MAJx2_ASAP7_75t_R)
  20.11 7227.72 v _175309_/Y (MAJx2_ASAP7_75t_R)
  19.79 7247.51 v _175310_/Y (MAJx2_ASAP7_75t_R)
   7.93 7255.44 ^ _175311_/Y (INVx1_ASAP7_75t_R)
  19.78 7275.21 ^ _175312_/Y (MAJx2_ASAP7_75t_R)
  38.58 7313.79 ^ _175337_/Y (OA211x2_ASAP7_75t_R)
  77.19 7390.99 v _175350_/Y (NOR2x1_ASAP7_75t_R)
  35.88 7426.86 v _175354_/Y (AO21x1_ASAP7_75t_R)
  23.24 7450.10 v _175357_/Y (AO221x1_ASAP7_75t_R)
  20.17 7470.27 v _175358_/Y (OA21x2_ASAP7_75t_R)
  26.76 7497.03 v _175417_/Y (MAJx2_ASAP7_75t_R)
  20.42 7517.46 v _175418_/Y (MAJx2_ASAP7_75t_R)
  20.45 7537.90 v _175419_/Y (MAJx2_ASAP7_75t_R)
  20.79 7558.69 v _175420_/Y (MAJx2_ASAP7_75t_R)
  20.92 7579.61 v _175421_/Y (MAJx2_ASAP7_75t_R)
  20.59 7600.19 v _175422_/Y (MAJx2_ASAP7_75t_R)
  20.52 7620.71 v _175423_/Y (MAJx2_ASAP7_75t_R)
  20.35 7641.06 v _175424_/Y (MAJx2_ASAP7_75t_R)
  22.83 7663.89 v _175425_/Y (MAJx2_ASAP7_75t_R)
  20.81 7684.69 v _175426_/Y (MAJx2_ASAP7_75t_R)
  22.74 7707.43 v _175433_/Y (OR3x1_ASAP7_75t_R)
  67.05 7774.48 v _175436_/Y (AND3x1_ASAP7_75t_R)
  72.63 7847.11 ^ _175437_/Y (INVx1_ASAP7_75t_R)
  15.14 7862.25 v _175487_/Y (AOI21x1_ASAP7_75t_R)
  20.08 7882.33 v _175488_/Y (AO21x1_ASAP7_75t_R)
  23.21 7905.54 v _175489_/Y (AO32x1_ASAP7_75t_R)
  30.59 7936.13 v _175490_/Y (AO32x1_ASAP7_75t_R)
  22.62 7958.75 v _175528_/Y (AO21x1_ASAP7_75t_R)
  21.35 7980.11 v _175529_/Y (MAJx2_ASAP7_75t_R)
  20.67 8000.78 v _175530_/Y (MAJx2_ASAP7_75t_R)
  19.89 8020.67 v _175531_/Y (MAJx2_ASAP7_75t_R)
  13.56 8034.23 v _175532_/Y (OA21x2_ASAP7_75t_R)
  20.19 8054.42 v _175533_/Y (MAJx2_ASAP7_75t_R)
  23.33 8077.74 v _175534_/Y (MAJx2_ASAP7_75t_R)
  22.45 8100.19 v _175540_/Y (MAJx2_ASAP7_75t_R)
  33.04 8133.23 v _175555_/Y (AO21x1_ASAP7_75t_R)
  37.82 8171.05 v _175685_/Y (AO221x1_ASAP7_75t_R)
  24.54 8195.59 ^ _175699_/Y (AOI21x1_ASAP7_75t_R)
  89.84 8285.43 ^ _175745_/Y (AND5x1_ASAP7_75t_R)
  94.69 8380.12 ^ _188653_/Y (AND2x2_ASAP7_75t_R)
  74.38 8454.50 ^ _189382_/Y (AO21x1_ASAP7_75t_R)
  34.96 8489.47 ^ output156/Y (BUFx2_ASAP7_75t_R)
   0.40 8489.86 ^ dmem_req_addr[24] (out)
        8489.86   data arrival time

12000.00 12000.00   clock core_clk (rise edge)
   0.00 12000.00   clock network delay (propagated)
 -50.00 11950.00   clock uncertainty
   0.00 11950.00   clock reconvergence pessimism
-2400.00 9550.00   output external delay
        9550.00   data required time
---------------------------------------------------------
        9550.00   data required time
        -8489.86   data arrival time
---------------------------------------------------------
        1060.14   slack (MET)


Startpoint: _341654_ (rising edge-triggered flip-flop clocked by core_clk)
Endpoint: dmem_req_addr[24] (output port clocked by core_clk)
Path Group: reg2out
Path Type: max

  Delay    Time   Description
---------------------------------------------------------
   0.00    0.00   clock core_clk (rise edge)
   0.00    0.00   clock source latency
   0.00    0.00 ^ clk (in)
  50.91   50.91 ^ wire5603/Y (BUFx12_ASAP7_75t_R)
  51.38  102.29 ^ clkbuf_0_clk/Y (BUFx24_ASAP7_75t_R)
  27.77  130.06 ^ clkbuf_1_1_0_clk/Y (BUFx24_ASAP7_75t_R)
  27.98  158.04 ^ clkbuf_2_2_0_clk/Y (BUFx24_ASAP7_75t_R)
  30.88  188.93 ^ clkbuf_3_5_0_clk/Y (BUFx24_ASAP7_75t_R)
  27.14  216.06 ^ clkbuf_4_10_0_clk/Y (BUFx24_ASAP7_75t_R)
  25.36  241.42 ^ clkbuf_6_41_0_clk/Y (BUFx24_ASAP7_75t_R)
  21.68  263.10 ^ clkbuf_7_82__f_clk/Y (BUFx24_ASAP7_75t_R)
  36.43  299.53 ^ clkbuf_leaf_697_clk/Y (BUFx24_ASAP7_75t_R)
   2.69  302.22 ^ _341654_/CLK (DFFHQNx1_ASAP7_75t_R)
 113.09  415.31 v _341654_/QN (DFFHQNx1_ASAP7_75t_R)
  51.35  466.66 ^ _172824_/Y (NOR2x1_ASAP7_75t_R)
  13.81  480.47 v _172957_/Y (INVx1_ASAP7_75t_R)
  31.21  511.67 v _172958_/Y (MAJx2_ASAP7_75t_R)
  44.38  556.06 v _172959_/Y (MAJx2_ASAP7_75t_R)
  24.38  580.44 v _172960_/Y (MAJx2_ASAP7_75t_R)
  24.28  604.72 v _172961_/Y (MAJx2_ASAP7_75t_R)
  24.29  629.01 v _172962_/Y (MAJx2_ASAP7_75t_R)
  24.17  653.17 v _172963_/Y (MAJx2_ASAP7_75t_R)
  24.19  677.37 v _172964_/Y (MAJx2_ASAP7_75t_R)
  23.76  701.13 v _172965_/Y (MAJx2_ASAP7_75t_R)
  24.06  725.19 v _172966_/Y (MAJx2_ASAP7_75t_R)
  24.17  749.36 v _172967_/Y (MAJx2_ASAP7_75t_R)
  24.06  773.42 v _172968_/Y (MAJx2_ASAP7_75t_R)
  24.32  797.75 v _172969_/Y (MAJx2_ASAP7_75t_R)
  24.19  821.94 v _172970_/Y (MAJx2_ASAP7_75t_R)
  24.30  846.24 v _172971_/Y (MAJx2_ASAP7_75t_R)
  26.43  872.67 v _172972_/Y (MAJx2_ASAP7_75t_R)
  27.80  900.47 v _172973_/Y (MAJx2_ASAP7_75t_R)
  24.79  925.27 v _172974_/Y (MAJx2_ASAP7_75t_R)
  23.93  949.20 v _172975_/Y (MAJx2_ASAP7_75t_R)
  24.25  973.45 v _172976_/Y (MAJx2_ASAP7_75t_R)
  24.31  997.76 v _172977_/Y (MAJx2_ASAP7_75t_R)
  24.07 1021.84 v _172978_/Y (MAJx2_ASAP7_75t_R)
  24.20 1046.04 v _172979_/Y (MAJx2_ASAP7_75t_R)
  25.95 1071.99 v _172980_/Y (MAJx2_ASAP7_75t_R)
  26.90 1098.89 v _172981_/Y (MAJx2_ASAP7_75t_R)
  24.23 1123.12 v _172982_/Y (MAJx2_ASAP7_75t_R)
  24.06 1147.18 v _172983_/Y (MAJx2_ASAP7_75t_R)
  24.20 1171.38 v _172984_/Y (MAJx2_ASAP7_75t_R)
  24.04 1195.42 v _172985_/Y (MAJx2_ASAP7_75t_R)
  24.14 1219.55 v _172986_/Y (MAJx2_ASAP7_75t_R)
  22.04 1241.59 v _173115_/Y (MAJx2_ASAP7_75t_R)
  37.85 1279.44 ^ _173116_/Y (XNOR2x2_ASAP7_75t_R)
  54.25 1333.69 ^ wire1735/Y (BUFx16f_ASAP7_75t_R)
  59.66 1393.35 v _173478_/Y (XNOR2x2_ASAP7_75t_R)
  23.62 1416.97 v _173547_/Y (AND4x1_ASAP7_75t_R)
  35.76 1452.72 v _173551_/Y (AND2x2_ASAP7_75t_R)
 105.46 1558.19 ^ _174372_/Y (NAND2x1_ASAP7_75t_R)
  65.21 1623.40 ^ _174396_/Y (OR3x1_ASAP7_75t_R)
   6.60 1630.00 v _174397_/Y (INVx1_ASAP7_75t_R)
  15.85 1645.85 v _174398_/Y (AO21x1_ASAP7_75t_R)
  14.52 1660.36 v _174399_/Y (OA21x2_ASAP7_75t_R)
  21.32 1681.68 ^ _174415_/Y (AOI211x1_ASAP7_75t_R)
  22.99 1704.67 v _174417_/Y (NOR2x1_ASAP7_75t_R)
  14.97 1719.64 ^ _174418_/Y (AOI211x1_ASAP7_75t_R)
  24.40 1744.04 ^ _174420_/Y (OA211x2_ASAP7_75t_R)
   7.00 1751.04 v _174422_/Y (OAI21x1_ASAP7_75t_R)
  24.53 1775.56 v _174425_/Y (AO221x1_ASAP7_75t_R)
  19.86 1795.43 v _174426_/Y (OR2x2_ASAP7_75t_R)
  14.92 1810.34 v _174427_/Y (AO21x1_ASAP7_75t_R)
  15.34 1825.68 v _174429_/Y (AO21x1_ASAP7_75t_R)
  14.33 1840.01 v _174430_/Y (OA21x2_ASAP7_75t_R)
  21.78 1861.79 v _174431_/Y (MAJx2_ASAP7_75t_R)
  14.82 1876.62 v _174432_/Y (AND3x1_ASAP7_75t_R)
  14.71 1891.32 ^ _174434_/Y (NOR2x1_ASAP7_75t_R)
  57.94 1949.26 v _174435_/Y (NAND2x1_ASAP7_75t_R)
  57.63 2006.89 ^ _174482_/Y (INVx1_ASAP7_75t_R)
  20.15 2027.05 ^ _174484_/Y (AO21x1_ASAP7_75t_R)
  19.53 2046.58 ^ _174486_/Y (OA211x2_ASAP7_75t_R)
   8.07 2054.65 v _174489_/Y (OAI21x1_ASAP7_75t_R)
  16.92 2071.57 v _174490_/Y (AO21x1_ASAP7_75t_R)
  17.12 2088.69 v _174491_/Y (OA21x2_ASAP7_75t_R)
  29.71 2118.40 v _174492_/Y (OA211x2_ASAP7_75t_R)
  18.92 2137.31 v _174493_/Y (AO21x1_ASAP7_75t_R)
  21.64 2158.96 v _174494_/Y (MAJx2_ASAP7_75t_R)
  20.33 2179.29 v _174495_/Y (MAJx2_ASAP7_75t_R)
  20.21 2199.50 v _174496_/Y (MAJx2_ASAP7_75t_R)
  20.34 2219.84 v _174497_/Y (MAJx2_ASAP7_75t_R)
  20.36 2240.20 v _174498_/Y (MAJx2_ASAP7_75t_R)
  20.88 2261.08 v _174499_/Y (MAJx2_ASAP7_75t_R)
  20.93 2282.00 v _174500_/Y (MAJx2_ASAP7_75t_R)
  20.46 2302.47 v _174501_/Y (MAJx2_ASAP7_75t_R)
  20.58 2323.05 v _174502_/Y (MAJx2_ASAP7_75t_R)
  23.78 2346.83 ^ _174503_/Y (XNOR2x2_ASAP7_75t_R)
  12.84 2359.67 v _174521_/Y (OAI21x1_ASAP7_75t_R)
 100.36 2460.03 v _174524_/Y (AND3x1_ASAP7_75t_R)
  58.16 2518.19 v _174567_/Y (AO22x1_ASAP7_75t_R)
  28.69 2546.89 v _174568_/Y (AO32x1_ASAP7_75t_R)
  18.29 2565.18 v _174572_/Y (AND2x2_ASAP7_75t_R)
  20.51 2585.69 v _174573_/Y (MAJx2_ASAP7_75t_R)
  20.69 2606.37 v _174574_/Y (MAJx2_ASAP7_75t_R)
  20.05 2626.43 v _174575_/Y (MAJx2_ASAP7_75t_R)
  20.31 2646.74 v _174576_/Y (MAJx2_ASAP7_75t_R)
   7.76 2654.50 ^ _174577_/Y (NAND2x1_ASAP7_75t_R)
  16.22 2670.72 ^ _174578_/Y (AND2x2_ASAP7_75t_R)
   5.87 2676.58 v _174582_/Y (INVx1_ASAP7_75t_R)
  19.88 2696.46 v _174583_/Y (OR3x1_ASAP7_75t_R)
  28.85 2725.31 v _174584_/Y (OA211x2_ASAP7_75t_R)
  21.45 2746.76 v _174585_/Y (MAJx2_ASAP7_75t_R)
  20.49 2767.25 v _174586_/Y (MAJx2_ASAP7_75t_R)
  20.09 2787.34 v _174587_/Y (MAJx2_ASAP7_75t_R)
  18.11 2805.44 v _174588_/Y (XNOR2x2_ASAP7_75t_R)
  31.30 2836.75 v _174589_/Y (AO21x1_ASAP7_75t_R)
  97.66 2934.41 ^ _174590_/Y (NAND2x1_ASAP7_75t_R)
  82.49 3016.90 ^ _174591_/Y (AND3x1_ASAP7_75t_R)
  13.49 3030.39 v _174592_/Y (INVx1_ASAP7_75t_R)
  47.24 3077.63 v _174593_/Y (AO21x1_ASAP7_75t_R)
  46.25 3123.88 v _174627_/Y (AO22x1_ASAP7_75t_R)
  19.79 3143.67 v _174628_/Y (AND2x2_ASAP7_75t_R)
  19.73 3163.39 v _174629_/Y (MAJx2_ASAP7_75t_R)
  20.32 3183.72 v _174630_/Y (MAJx2_ASAP7_75t_R)
  20.28 3204.00 v _174631_/Y (MAJx2_ASAP7_75t_R)
  20.78 3224.78 v _174632_/Y (MAJx2_ASAP7_75t_R)
  20.63 3245.40 v _174633_/Y (MAJx2_ASAP7_75t_R)
  19.67 3265.08 v _174634_/Y (MAJx2_ASAP7_75t_R)
  12.80 3277.88 v _174635_/Y (OA21x2_ASAP7_75t_R)
  17.31 3295.18 v _174639_/Y (OA21x2_ASAP7_75t_R)
  19.29 3314.47 v _174640_/Y (MAJx2_ASAP7_75t_R)
   9.89 3324.36 ^ _174641_/Y (INVx1_ASAP7_75t_R)
   7.69 3332.04 v _174654_/Y (NAND2x1_ASAP7_75t_R)
  14.67 3346.71 v _174655_/Y (OA21x2_ASAP7_75t_R)
  24.33 3371.04 ^ _174656_/Y (NAND2x1_ASAP7_75t_R)
  98.84 3469.88 ^ _174658_/Y (AND3x1_ASAP7_75t_R)
  29.55 3499.43 v _174682_/Y (NAND2x1_ASAP7_75t_R)
  36.64 3536.06 v _174683_/Y (OA211x2_ASAP7_75t_R)
  24.40 3560.46 v _174716_/Y (MAJx2_ASAP7_75t_R)
  20.93 3581.39 v _174717_/Y (MAJx2_ASAP7_75t_R)
  20.74 3602.13 v _174718_/Y (MAJx2_ASAP7_75t_R)
  19.84 3621.97 v _174719_/Y (MAJx2_ASAP7_75t_R)
  15.05 3637.02 v _174721_/Y (AO21x1_ASAP7_75t_R)
  15.73 3652.75 v _174723_/Y (AND2x2_ASAP7_75t_R)
  19.81 3672.55 v _174724_/Y (MAJx2_ASAP7_75t_R)
  20.56 3693.11 v _174725_/Y (MAJx2_ASAP7_75t_R)
  20.39 3713.51 v _174726_/Y (MAJx2_ASAP7_75t_R)
  20.77 3734.28 ^ _174727_/Y (XNOR2x2_ASAP7_75t_R)
  16.42 3750.69 ^ _174728_/Y (AO21x1_ASAP7_75t_R)
  52.01 3802.70 ^ _174732_/Y (AO21x2_ASAP7_75t_R)
  62.17 3864.87 v _174741_/Y (INVx1_ASAP7_75t_R)
  33.42 3898.29 v _174763_/Y (AO21x1_ASAP7_75t_R)
  25.65 3923.94 v _174764_/Y (AO32x1_ASAP7_75t_R)
  14.05 3937.99 v _174765_/Y (OA21x2_ASAP7_75t_R)
  19.87 3957.86 v _174766_/Y (MAJx2_ASAP7_75t_R)
  20.71 3978.57 v _174767_/Y (MAJx2_ASAP7_75t_R)
  20.47 3999.03 v _174768_/Y (MAJx2_ASAP7_75t_R)
  20.33 4019.36 v _174769_/Y (MAJx2_ASAP7_75t_R)
  20.19 4039.55 v _174770_/Y (MAJx2_ASAP7_75t_R)
  21.06 4060.61 v _174771_/Y (MAJx2_ASAP7_75t_R)
  22.07 4082.68 v _174775_/Y (MAJx2_ASAP7_75t_R)
  20.64 4103.33 v _174776_/Y (MAJx2_ASAP7_75t_R)
  21.91 4125.24 v _174777_/Y (MAJx2_ASAP7_75t_R)
  22.76 4148.00 v _174798_/Y (OR3x1_ASAP7_75t_R)
  25.70 4173.70 ^ _174800_/Y (NAND3x1_ASAP7_75t_R)
  53.82 4227.52 ^ _174801_/Y (AND2x2_ASAP7_75t_R)
  95.72 4323.24 v _174802_/Y (NAND2x1_ASAP7_75t_R)
  41.47 4364.71 v _174820_/Y (AO21x1_ASAP7_75t_R)
  29.95 4394.66 v _174821_/Y (AO32x1_ASAP7_75t_R)
  19.44 4414.10 v _174856_/Y (AND2x2_ASAP7_75t_R)
  19.67 4433.77 v _174857_/Y (MAJx2_ASAP7_75t_R)
  20.22 4453.99 v _174858_/Y (MAJx2_ASAP7_75t_R)
  20.30 4474.29 v _174859_/Y (MAJx2_ASAP7_75t_R)
  20.17 4494.45 v _174860_/Y (MAJx2_ASAP7_75t_R)
  20.30 4514.76 v _174861_/Y (MAJx2_ASAP7_75t_R)
  20.20 4534.96 v _174862_/Y (MAJx2_ASAP7_75t_R)
  20.44 4555.40 v _174863_/Y (MAJx2_ASAP7_75t_R)
  20.26 4575.66 v _174864_/Y (MAJx2_ASAP7_75t_R)
  21.49 4597.14 v _174865_/Y (MAJx2_ASAP7_75t_R)
  18.45 4615.60 v _174866_/Y (AO21x1_ASAP7_75t_R)
  19.91 4635.51 v _174867_/Y (MAJx2_ASAP7_75t_R)
  17.25 4652.76 v _174876_/Y (AO21x1_ASAP7_75t_R)
  58.25 4711.01 ^ _174877_/Y (NAND2x1_ASAP7_75t_R)
  54.19 4765.20 ^ _174883_/Y (AND2x2_ASAP7_75t_R)
  51.72 4816.92 v _174884_/Y (OAI21x1_ASAP7_75t_R)
  49.77 4866.68 v _174915_/Y (AO32x1_ASAP7_75t_R)
  19.81 4886.49 v _174919_/Y (AND2x2_ASAP7_75t_R)
  19.92 4906.41 v _174920_/Y (MAJx2_ASAP7_75t_R)
  20.32 4926.73 v _174921_/Y (MAJx2_ASAP7_75t_R)
  20.57 4947.31 v _174922_/Y (MAJx2_ASAP7_75t_R)
  20.50 4967.80 v _174923_/Y (MAJx2_ASAP7_75t_R)
  10.55 4978.35 ^ _174924_/Y (NAND2x1_ASAP7_75t_R)
  10.35 4988.70 v _174927_/Y (AOI22x1_ASAP7_75t_R)
  22.39 5011.09 v _174928_/Y (MAJx2_ASAP7_75t_R)
  23.01 5034.09 v _174929_/Y (MAJx2_ASAP7_75t_R)
  21.53 5055.63 v _174937_/Y (MAJx2_ASAP7_75t_R)
   8.10 5063.73 ^ _174938_/Y (NAND2x1_ASAP7_75t_R)
  21.00 5084.73 ^ _174939_/Y (OA21x2_ASAP7_75t_R)
  23.08 5107.81 ^ _174940_/Y (AO21x1_ASAP7_75t_R)
  15.33 5123.14 v _174941_/Y (INVx1_ASAP7_75t_R)
  75.78 5198.92 v _174946_/Y (AND3x1_ASAP7_75t_R)
  57.10 5256.02 v _174973_/Y (AO22x1_ASAP7_75t_R)
  34.41 5290.42 v _174974_/Y (AO32x1_ASAP7_75t_R)
  29.73 5320.16 v _174995_/Y (AO32x1_ASAP7_75t_R)
  14.30 5334.46 v _174996_/Y (OA21x2_ASAP7_75t_R)
  20.25 5354.71 v _174997_/Y (MAJx2_ASAP7_75t_R)
  20.59 5375.30 v _174998_/Y (MAJx2_ASAP7_75t_R)
  20.63 5395.94 v _174999_/Y (MAJx2_ASAP7_75t_R)
  20.64 5416.57 v _175000_/Y (MAJx2_ASAP7_75t_R)
  20.41 5436.98 v _175001_/Y (MAJx2_ASAP7_75t_R)
  20.57 5457.55 v _175002_/Y (MAJx2_ASAP7_75t_R)
  20.14 5477.69 v _175003_/Y (MAJx2_ASAP7_75t_R)
   8.14 5485.83 ^ _175004_/Y (INVx1_ASAP7_75t_R)
  17.28 5503.11 ^ _175005_/Y (MAJx2_ASAP7_75t_R)
   8.48 5511.59 v _175006_/Y (INVx1_ASAP7_75t_R)
  19.08 5530.67 v _175007_/Y (AO21x1_ASAP7_75t_R)
  20.36 5551.03 v _175008_/Y (MAJx2_ASAP7_75t_R)
  19.30 5570.32 v _175015_/Y (AO21x1_ASAP7_75t_R)
  55.31 5625.64 v _175017_/Y (AO21x1_ASAP7_75t_R)
  97.40 5723.04 v _175023_/Y (OR3x1_ASAP7_75t_R)
  71.18 5794.22 v _175045_/Y (OA211x2_ASAP7_75t_R)
  23.49 5817.71 v _175046_/Y (OA21x2_ASAP7_75t_R)
  24.29 5842.00 v _175098_/Y (MAJx2_ASAP7_75t_R)
  20.34 5862.34 v _175099_/Y (MAJx2_ASAP7_75t_R)
  20.73 5883.07 v _175100_/Y (MAJx2_ASAP7_75t_R)
  21.27 5904.34 v _175101_/Y (MAJx2_ASAP7_75t_R)
  21.02 5925.36 v _175102_/Y (MAJx2_ASAP7_75t_R)
  20.43 5945.79 v _175103_/Y (MAJx2_ASAP7_75t_R)
  20.61 5966.40 v _175104_/Y (MAJx2_ASAP7_75t_R)
  20.65 5987.05 v _175105_/Y (MAJx2_ASAP7_75t_R)
  20.52 6007.57 v _175106_/Y (XNOR2x2_ASAP7_75t_R)
  37.67 6045.24 v _175107_/Y (AO32x1_ASAP7_75t_R)
  45.37 6090.61 v _175108_/Y (AND2x2_ASAP7_75t_R)
  70.38 6160.99 ^ _175109_/Y (NAND2x1_ASAP7_75t_R)
  72.81 6233.80 ^ _175111_/Y (OR2x2_ASAP7_75t_R)
  27.50 6261.30 v _175141_/Y (NOR2x1_ASAP7_75t_R)
  18.99 6280.29 v _175142_/Y (AO21x1_ASAP7_75t_R)
  19.16 6299.45 v _175143_/Y (AND2x2_ASAP7_75t_R)
  24.58 6324.03 v _175147_/Y (MAJx2_ASAP7_75t_R)
  20.48 6344.51 v _175148_/Y (MAJx2_ASAP7_75t_R)
  20.49 6365.00 v _175149_/Y (MAJx2_ASAP7_75t_R)
  20.38 6385.38 v _175150_/Y (MAJx2_ASAP7_75t_R)
  20.39 6405.77 v _175151_/Y (MAJx2_ASAP7_75t_R)
  20.24 6426.01 v _175152_/Y (MAJx2_ASAP7_75t_R)
  20.62 6446.64 v _175153_/Y (MAJx2_ASAP7_75t_R)
  21.58 6468.22 v _175157_/Y (MAJx2_ASAP7_75t_R)
  20.12 6488.33 v _175158_/Y (MAJx2_ASAP7_75t_R)
   8.07 6496.40 ^ _175159_/Y (INVx1_ASAP7_75t_R)
  20.40 6516.80 ^ _175160_/Y (MAJx2_ASAP7_75t_R)
   6.98 6523.78 v _175181_/Y (NAND3x1_ASAP7_75t_R)
  38.71 6562.49 v _175182_/Y (OA211x2_ASAP7_75t_R)
  60.17 6622.66 v _175184_/Y (OR3x1_ASAP7_75t_R)
  64.22 6686.88 ^ _175191_/Y (INVx1_ASAP7_75t_R)
  25.97 6712.85 ^ _175235_/Y (AO21x1_ASAP7_75t_R)
  25.04 6737.89 ^ _175236_/Y (AO22x1_ASAP7_75t_R)
  21.24 6759.13 ^ _175237_/Y (AND2x2_ASAP7_75t_R)
  17.95 6777.08 ^ _175238_/Y (MAJx2_ASAP7_75t_R)
  17.17 6794.25 ^ _175239_/Y (MAJx2_ASAP7_75t_R)
  15.99 6810.24 ^ _175240_/Y (OA21x2_ASAP7_75t_R)
  15.95 6826.19 ^ _175245_/Y (OA21x2_ASAP7_75t_R)
  17.07 6843.26 ^ _175246_/Y (MAJx2_ASAP7_75t_R)
   7.05 6850.31 v _175247_/Y (INVx1_ASAP7_75t_R)
  22.28 6872.58 v _175248_/Y (MAJx2_ASAP7_75t_R)
  21.02 6893.60 v _175259_/Y (MAJx2_ASAP7_75t_R)
   8.91 6902.52 ^ _175260_/Y (AOI21x1_ASAP7_75t_R)
  18.33 6920.84 ^ _175261_/Y (AO21x1_ASAP7_75t_R)
  35.58 6956.42 v _175262_/Y (NAND2x1_ASAP7_75t_R)
  46.00 7002.42 v _175266_/Y (AND2x2_ASAP7_75t_R)
  35.77 7038.19 v _175298_/Y (AO32x1_ASAP7_75t_R)
  20.27 7058.46 v _175299_/Y (AND2x2_ASAP7_75t_R)
  26.25 7084.71 v _175302_/Y (MAJx2_ASAP7_75t_R)
  20.75 7105.46 v _175303_/Y (MAJx2_ASAP7_75t_R)
  20.68 7126.14 v _175304_/Y (MAJx2_ASAP7_75t_R)
  20.23 7146.38 v _175305_/Y (MAJx2_ASAP7_75t_R)
  20.48 7166.85 v _175306_/Y (MAJx2_ASAP7_75t_R)
  20.36 7187.21 v _175307_/Y (MAJx2_ASAP7_75t_R)
  20.40 7207.61 v _175308_/Y (MAJx2_ASAP7_75t_R)
  20.11 7227.72 v _175309_/Y (MAJx2_ASAP7_75t_R)
  19.79 7247.51 v _175310_/Y (MAJx2_ASAP7_75t_R)
   7.93 7255.44 ^ _175311_/Y (INVx1_ASAP7_75t_R)
  19.78 7275.21 ^ _175312_/Y (MAJx2_ASAP7_75t_R)
  38.58 7313.79 ^ _175337_/Y (OA211x2_ASAP7_75t_R)
  77.19 7390.99 v _175350_/Y (NOR2x1_ASAP7_75t_R)
  35.88 7426.86 v _175354_/Y (AO21x1_ASAP7_75t_R)
  23.24 7450.10 v _175357_/Y (AO221x1_ASAP7_75t_R)
  20.17 7470.27 v _175358_/Y (OA21x2_ASAP7_75t_R)
  26.76 7497.03 v _175417_/Y (MAJx2_ASAP7_75t_R)
  20.42 7517.46 v _175418_/Y (MAJx2_ASAP7_75t_R)
  20.45 7537.90 v _175419_/Y (MAJx2_ASAP7_75t_R)
  20.79 7558.69 v _175420_/Y (MAJx2_ASAP7_75t_R)
  20.92 7579.61 v _175421_/Y (MAJx2_ASAP7_75t_R)
  20.59 7600.19 v _175422_/Y (MAJx2_ASAP7_75t_R)
  20.52 7620.71 v _175423_/Y (MAJx2_ASAP7_75t_R)
  20.35 7641.06 v _175424_/Y (MAJx2_ASAP7_75t_R)
  22.83 7663.89 v _175425_/Y (MAJx2_ASAP7_75t_R)
  20.81 7684.69 v _175426_/Y (MAJx2_ASAP7_75t_R)
  22.74 7707.43 v _175433_/Y (OR3x1_ASAP7_75t_R)
  67.05 7774.48 v _175436_/Y (AND3x1_ASAP7_75t_R)
  72.63 7847.11 ^ _175437_/Y (INVx1_ASAP7_75t_R)
  15.14 7862.25 v _175487_/Y (AOI21x1_ASAP7_75t_R)
  20.08 7882.33 v _175488_/Y (AO21x1_ASAP7_75t_R)
  23.21 7905.54 v _175489_/Y (AO32x1_ASAP7_75t_R)
  30.59 7936.13 v _175490_/Y (AO32x1_ASAP7_75t_R)
  22.62 7958.75 v _175528_/Y (AO21x1_ASAP7_75t_R)
  21.35 7980.11 v _175529_/Y (MAJx2_ASAP7_75t_R)
  20.67 8000.78 v _175530_/Y (MAJx2_ASAP7_75t_R)
  19.89 8020.67 v _175531_/Y (MAJx2_ASAP7_75t_R)
  13.56 8034.23 v _175532_/Y (OA21x2_ASAP7_75t_R)
  20.19 8054.42 v _175533_/Y (MAJx2_ASAP7_75t_R)
  23.33 8077.74 v _175534_/Y (MAJx2_ASAP7_75t_R)
  22.45 8100.19 v _175540_/Y (MAJx2_ASAP7_75t_R)
  33.04 8133.23 v _175555_/Y (AO21x1_ASAP7_75t_R)
  37.82 8171.05 v _175685_/Y (AO221x1_ASAP7_75t_R)
  24.54 8195.59 ^ _175699_/Y (AOI21x1_ASAP7_75t_R)
  89.84 8285.43 ^ _175745_/Y (AND5x1_ASAP7_75t_R)
  94.69 8380.12 ^ _188653_/Y (AND2x2_ASAP7_75t_R)
  74.38 8454.50 ^ _189382_/Y (AO21x1_ASAP7_75t_R)
  34.96 8489.47 ^ output156/Y (BUFx2_ASAP7_75t_R)
   0.40 8489.86 ^ dmem_req_addr[24] (out)
        8489.86   data arrival time

12000.00 12000.00   clock core_clk (rise edge)
   0.00 12000.00   clock network delay (propagated)
 -50.00 11950.00   clock uncertainty
   0.00 11950.00   clock reconvergence pessimism
-2400.00 9550.00   output external delay
        9550.00   data required time
---------------------------------------------------------
        9550.00   data required time
        -8489.86   data arrival time
---------------------------------------------------------
        1060.14   slack (MET)


Startpoint: _341654_ (rising edge-triggered flip-flop clocked by core_clk)
Endpoint: dmem_req_addr[24] (output port clocked by core_clk)
Path Group: reg2out
Path Type: max

  Delay    Time   Description
---------------------------------------------------------
   0.00    0.00   clock core_clk (rise edge)
   0.00    0.00   clock source latency
   0.00    0.00 ^ clk (in)
  50.91   50.91 ^ wire5603/Y (BUFx12_ASAP7_75t_R)
  51.38  102.29 ^ clkbuf_0_clk/Y (BUFx24_ASAP7_75t_R)
  27.77  130.06 ^ clkbuf_1_1_0_clk/Y (BUFx24_ASAP7_75t_R)
  27.98  158.04 ^ clkbuf_2_2_0_clk/Y (BUFx24_ASAP7_75t_R)
  30.88  188.93 ^ clkbuf_3_5_0_clk/Y (BUFx24_ASAP7_75t_R)
  27.14  216.06 ^ clkbuf_4_10_0_clk/Y (BUFx24_ASAP7_75t_R)
  25.36  241.42 ^ clkbuf_6_41_0_clk/Y (BUFx24_ASAP7_75t_R)
  21.68  263.10 ^ clkbuf_7_82__f_clk/Y (BUFx24_ASAP7_75t_R)
  36.43  299.53 ^ clkbuf_leaf_697_clk/Y (BUFx24_ASAP7_75t_R)
   2.69  302.22 ^ _341654_/CLK (DFFHQNx1_ASAP7_75t_R)
 113.09  415.31 v _341654_/QN (DFFHQNx1_ASAP7_75t_R)
  51.35  466.66 ^ _172824_/Y (NOR2x1_ASAP7_75t_R)
  13.81  480.47 v _172957_/Y (INVx1_ASAP7_75t_R)
  31.21  511.67 v _172958_/Y (MAJx2_ASAP7_75t_R)
  44.38  556.06 v _172959_/Y (MAJx2_ASAP7_75t_R)
  24.38  580.44 v _172960_/Y (MAJx2_ASAP7_75t_R)
  24.28  604.72 v _172961_/Y (MAJx2_ASAP7_75t_R)
  24.29  629.01 v _172962_/Y (MAJx2_ASAP7_75t_R)
  24.17  653.17 v _172963_/Y (MAJx2_ASAP7_75t_R)
  24.19  677.37 v _172964_/Y (MAJx2_ASAP7_75t_R)
  23.76  701.13 v _172965_/Y (MAJx2_ASAP7_75t_R)
  24.06  725.19 v _172966_/Y (MAJx2_ASAP7_75t_R)
  24.17  749.36 v _172967_/Y (MAJx2_ASAP7_75t_R)
  24.06  773.42 v _172968_/Y (MAJx2_ASAP7_75t_R)
  24.32  797.75 v _172969_/Y (MAJx2_ASAP7_75t_R)
  24.19  821.94 v _172970_/Y (MAJx2_ASAP7_75t_R)
  24.30  846.24 v _172971_/Y (MAJx2_ASAP7_75t_R)
  26.43  872.67 v _172972_/Y (MAJx2_ASAP7_75t_R)
  27.80  900.47 v _172973_/Y (MAJx2_ASAP7_75t_R)
  24.79  925.27 v _172974_/Y (MAJx2_ASAP7_75t_R)
  23.93  949.20 v _172975_/Y (MAJx2_ASAP7_75t_R)
  24.25  973.45 v _172976_/Y (MAJx2_ASAP7_75t_R)
  24.31  997.76 v _172977_/Y (MAJx2_ASAP7_75t_R)
  24.07 1021.84 v _172978_/Y (MAJx2_ASAP7_75t_R)
  24.20 1046.04 v _172979_/Y (MAJx2_ASAP7_75t_R)
  25.95 1071.99 v _172980_/Y (MAJx2_ASAP7_75t_R)
  26.90 1098.89 v _172981_/Y (MAJx2_ASAP7_75t_R)
  24.23 1123.12 v _172982_/Y (MAJx2_ASAP7_75t_R)
  24.06 1147.18 v _172983_/Y (MAJx2_ASAP7_75t_R)
  24.20 1171.38 v _172984_/Y (MAJx2_ASAP7_75t_R)
  24.04 1195.42 v _172985_/Y (MAJx2_ASAP7_75t_R)
  24.14 1219.55 v _172986_/Y (MAJx2_ASAP7_75t_R)
  22.04 1241.59 v _173115_/Y (MAJx2_ASAP7_75t_R)
  37.85 1279.44 ^ _173116_/Y (XNOR2x2_ASAP7_75t_R)
  54.25 1333.69 ^ wire1735/Y (BUFx16f_ASAP7_75t_R)
  59.66 1393.35 v _173478_/Y (XNOR2x2_ASAP7_75t_R)
  23.62 1416.97 v _173547_/Y (AND4x1_ASAP7_75t_R)
  35.76 1452.72 v _173551_/Y (AND2x2_ASAP7_75t_R)
 105.46 1558.19 ^ _174372_/Y (NAND2x1_ASAP7_75t_R)
  65.21 1623.40 ^ _174396_/Y (OR3x1_ASAP7_75t_R)
   6.60 1630.00 v _174397_/Y (INVx1_ASAP7_75t_R)
  15.85 1645.85 v _174398_/Y (AO21x1_ASAP7_75t_R)
  14.52 1660.36 v _174399_/Y (OA21x2_ASAP7_75t_R)
  21.32 1681.68 ^ _174415_/Y (AOI211x1_ASAP7_75t_R)
  22.99 1704.67 v _174417_/Y (NOR2x1_ASAP7_75t_R)
  14.97 1719.64 ^ _174418_/Y (AOI211x1_ASAP7_75t_R)
  24.40 1744.04 ^ _174420_/Y (OA211x2_ASAP7_75t_R)
   7.00 1751.04 v _174422_/Y (OAI21x1_ASAP7_75t_R)
  24.53 1775.56 v _174425_/Y (AO221x1_ASAP7_75t_R)
  19.86 1795.43 v _174426_/Y (OR2x2_ASAP7_75t_R)
  14.92 1810.34 v _174427_/Y (AO21x1_ASAP7_75t_R)
  15.34 1825.68 v _174429_/Y (AO21x1_ASAP7_75t_R)
  14.33 1840.01 v _174430_/Y (OA21x2_ASAP7_75t_R)
  21.78 1861.79 v _174431_/Y (MAJx2_ASAP7_75t_R)
  14.82 1876.62 v _174432_/Y (AND3x1_ASAP7_75t_R)
  14.71 1891.32 ^ _174434_/Y (NOR2x1_ASAP7_75t_R)
  57.94 1949.26 v _174435_/Y (NAND2x1_ASAP7_75t_R)
  57.63 2006.89 ^ _174482_/Y (INVx1_ASAP7_75t_R)
  20.15 2027.05 ^ _174484_/Y (AO21x1_ASAP7_75t_R)
  19.53 2046.58 ^ _174486_/Y (OA211x2_ASAP7_75t_R)
   8.07 2054.65 v _174489_/Y (OAI21x1_ASAP7_75t_R)
  16.92 2071.57 v _174490_/Y (AO21x1_ASAP7_75t_R)
  17.12 2088.69 v _174491_/Y (OA21x2_ASAP7_75t_R)
  29.71 2118.40 v _174492_/Y (OA211x2_ASAP7_75t_R)
  18.92 2137.31 v _174493_/Y (AO21x1_ASAP7_75t_R)
  21.64 2158.96 v _174494_/Y (MAJx2_ASAP7_75t_R)
  20.33 2179.29 v _174495_/Y (MAJx2_ASAP7_75t_R)
  20.21 2199.50 v _174496_/Y (MAJx2_ASAP7_75t_R)
  20.34 2219.84 v _174497_/Y (MAJx2_ASAP7_75t_R)
  20.36 2240.20 v _174498_/Y (MAJx2_ASAP7_75t_R)
  20.88 2261.08 v _174499_/Y (MAJx2_ASAP7_75t_R)
  20.93 2282.00 v _174500_/Y (MAJx2_ASAP7_75t_R)
  20.46 2302.47 v _174501_/Y (MAJx2_ASAP7_75t_R)
  20.58 2323.05 v _174502_/Y (MAJx2_ASAP7_75t_R)
  23.78 2346.83 ^ _174503_/Y (XNOR2x2_ASAP7_75t_R)
  12.84 2359.67 v _174521_/Y (OAI21x1_ASAP7_75t_R)
 100.36 2460.03 v _174524_/Y (AND3x1_ASAP7_75t_R)
  58.16 2518.19 v _174567_/Y (AO22x1_ASAP7_75t_R)
  28.69 2546.89 v _174568_/Y (AO32x1_ASAP7_75t_R)
  18.29 2565.18 v _174572_/Y (AND2x2_ASAP7_75t_R)
  20.51 2585.69 v _174573_/Y (MAJx2_ASAP7_75t_R)
  20.69 2606.37 v _174574_/Y (MAJx2_ASAP7_75t_R)
  20.05 2626.43 v _174575_/Y (MAJx2_ASAP7_75t_R)
  20.31 2646.74 v _174576_/Y (MAJx2_ASAP7_75t_R)
   7.76 2654.50 ^ _174577_/Y (NAND2x1_ASAP7_75t_R)
  16.22 2670.72 ^ _174578_/Y (AND2x2_ASAP7_75t_R)
   5.87 2676.58 v _174582_/Y (INVx1_ASAP7_75t_R)
  19.88 2696.46 v _174583_/Y (OR3x1_ASAP7_75t_R)
  28.85 2725.31 v _174584_/Y (OA211x2_ASAP7_75t_R)
  21.45 2746.76 v _174585_/Y (MAJx2_ASAP7_75t_R)
  20.49 2767.25 v _174586_/Y (MAJx2_ASAP7_75t_R)
  20.09 2787.34 v _174587_/Y (MAJx2_ASAP7_75t_R)
  18.11 2805.44 v _174588_/Y (XNOR2x2_ASAP7_75t_R)
  31.30 2836.75 v _174589_/Y (AO21x1_ASAP7_75t_R)
  97.66 2934.41 ^ _174590_/Y (NAND2x1_ASAP7_75t_R)
  82.49 3016.90 ^ _174591_/Y (AND3x1_ASAP7_75t_R)
  13.49 3030.39 v _174592_/Y (INVx1_ASAP7_75t_R)
  47.24 3077.63 v _174593_/Y (AO21x1_ASAP7_75t_R)
  46.25 3123.88 v _174627_/Y (AO22x1_ASAP7_75t_R)
  19.79 3143.67 v _174628_/Y (AND2x2_ASAP7_75t_R)
  19.73 3163.39 v _174629_/Y (MAJx2_ASAP7_75t_R)
  20.32 3183.72 v _174630_/Y (MAJx2_ASAP7_75t_R)
  20.28 3204.00 v _174631_/Y (MAJx2_ASAP7_75t_R)
  20.78 3224.78 v _174632_/Y (MAJx2_ASAP7_75t_R)
  20.63 3245.40 v _174633_/Y (MAJx2_ASAP7_75t_R)
  19.67 3265.08 v _174634_/Y (MAJx2_ASAP7_75t_R)
  12.80 3277.88 v _174635_/Y (OA21x2_ASAP7_75t_R)
  17.31 3295.18 v _174639_/Y (OA21x2_ASAP7_75t_R)
  19.29 3314.47 v _174640_/Y (MAJx2_ASAP7_75t_R)
   9.89 3324.36 ^ _174641_/Y (INVx1_ASAP7_75t_R)
   7.69 3332.04 v _174654_/Y (NAND2x1_ASAP7_75t_R)
  14.67 3346.71 v _174655_/Y (OA21x2_ASAP7_75t_R)
  24.33 3371.04 ^ _174656_/Y (NAND2x1_ASAP7_75t_R)
  98.84 3469.88 ^ _174658_/Y (AND3x1_ASAP7_75t_R)
  29.55 3499.43 v _174682_/Y (NAND2x1_ASAP7_75t_R)
  36.64 3536.06 v _174683_/Y (OA211x2_ASAP7_75t_R)
  24.40 3560.46 v _174716_/Y (MAJx2_ASAP7_75t_R)
  20.93 3581.39 v _174717_/Y (MAJx2_ASAP7_75t_R)
  20.74 3602.13 v _174718_/Y (MAJx2_ASAP7_75t_R)
  19.84 3621.97 v _174719_/Y (MAJx2_ASAP7_75t_R)
  15.05 3637.02 v _174721_/Y (AO21x1_ASAP7_75t_R)
  15.73 3652.75 v _174723_/Y (AND2x2_ASAP7_75t_R)
  19.81 3672.55 v _174724_/Y (MAJx2_ASAP7_75t_R)
  20.56 3693.11 v _174725_/Y (MAJx2_ASAP7_75t_R)
  20.39 3713.51 v _174726_/Y (MAJx2_ASAP7_75t_R)
  20.77 3734.28 ^ _174727_/Y (XNOR2x2_ASAP7_75t_R)
  16.42 3750.69 ^ _174728_/Y (AO21x1_ASAP7_75t_R)
  52.01 3802.70 ^ _174732_/Y (AO21x2_ASAP7_75t_R)
  62.17 3864.87 v _174741_/Y (INVx1_ASAP7_75t_R)
  33.42 3898.29 v _174763_/Y (AO21x1_ASAP7_75t_R)
  25.65 3923.94 v _174764_/Y (AO32x1_ASAP7_75t_R)
  14.05 3937.99 v _174765_/Y (OA21x2_ASAP7_75t_R)
  19.87 3957.86 v _174766_/Y (MAJx2_ASAP7_75t_R)
  20.71 3978.57 v _174767_/Y (MAJx2_ASAP7_75t_R)
  20.47 3999.03 v _174768_/Y (MAJx2_ASAP7_75t_R)
  20.33 4019.36 v _174769_/Y (MAJx2_ASAP7_75t_R)
  20.19 4039.55 v _174770_/Y (MAJx2_ASAP7_75t_R)
  21.06 4060.61 v _174771_/Y (MAJx2_ASAP7_75t_R)
  22.07 4082.68 v _174775_/Y (MAJx2_ASAP7_75t_R)
  20.64 4103.33 v _174776_/Y (MAJx2_ASAP7_75t_R)
  21.91 4125.24 v _174777_/Y (MAJx2_ASAP7_75t_R)
  22.76 4148.00 v _174798_/Y (OR3x1_ASAP7_75t_R)
  25.70 4173.70 ^ _174800_/Y (NAND3x1_ASAP7_75t_R)
  53.82 4227.52 ^ _174801_/Y (AND2x2_ASAP7_75t_R)
  95.72 4323.24 v _174802_/Y (NAND2x1_ASAP7_75t_R)
  41.47 4364.71 v _174820_/Y (AO21x1_ASAP7_75t_R)
  29.95 4394.66 v _174821_/Y (AO32x1_ASAP7_75t_R)
  19.44 4414.10 v _174856_/Y (AND2x2_ASAP7_75t_R)
  19.67 4433.77 v _174857_/Y (MAJx2_ASAP7_75t_R)
  20.22 4453.99 v _174858_/Y (MAJx2_ASAP7_75t_R)
  20.30 4474.29 v _174859_/Y (MAJx2_ASAP7_75t_R)
  20.17 4494.45 v _174860_/Y (MAJx2_ASAP7_75t_R)
  20.30 4514.76 v _174861_/Y (MAJx2_ASAP7_75t_R)
  20.20 4534.96 v _174862_/Y (MAJx2_ASAP7_75t_R)
  20.44 4555.40 v _174863_/Y (MAJx2_ASAP7_75t_R)
  20.26 4575.66 v _174864_/Y (MAJx2_ASAP7_75t_R)
  21.49 4597.14 v _174865_/Y (MAJx2_ASAP7_75t_R)
  18.45 4615.60 v _174866_/Y (AO21x1_ASAP7_75t_R)
  19.91 4635.51 v _174867_/Y (MAJx2_ASAP7_75t_R)
  17.25 4652.76 v _174876_/Y (AO21x1_ASAP7_75t_R)
  58.25 4711.01 ^ _174877_/Y (NAND2x1_ASAP7_75t_R)
  54.19 4765.20 ^ _174883_/Y (AND2x2_ASAP7_75t_R)
  51.72 4816.92 v _174884_/Y (OAI21x1_ASAP7_75t_R)
  49.77 4866.68 v _174915_/Y (AO32x1_ASAP7_75t_R)
  19.81 4886.49 v _174919_/Y (AND2x2_ASAP7_75t_R)
  19.92 4906.41 v _174920_/Y (MAJx2_ASAP7_75t_R)
  20.32 4926.73 v _174921_/Y (MAJx2_ASAP7_75t_R)
  20.57 4947.31 v _174922_/Y (MAJx2_ASAP7_75t_R)
  20.50 4967.80 v _174923_/Y (MAJx2_ASAP7_75t_R)
  10.55 4978.35 ^ _174924_/Y (NAND2x1_ASAP7_75t_R)
  10.35 4988.70 v _174927_/Y (AOI22x1_ASAP7_75t_R)
  22.39 5011.09 v _174928_/Y (MAJx2_ASAP7_75t_R)
  23.01 5034.09 v _174929_/Y (MAJx2_ASAP7_75t_R)
  21.53 5055.63 v _174937_/Y (MAJx2_ASAP7_75t_R)
   8.10 5063.73 ^ _174938_/Y (NAND2x1_ASAP7_75t_R)
  21.00 5084.73 ^ _174939_/Y (OA21x2_ASAP7_75t_R)
  23.08 5107.81 ^ _174940_/Y (AO21x1_ASAP7_75t_R)
  15.33 5123.14 v _174941_/Y (INVx1_ASAP7_75t_R)
  75.78 5198.92 v _174946_/Y (AND3x1_ASAP7_75t_R)
  57.10 5256.02 v _174973_/Y (AO22x1_ASAP7_75t_R)
  34.41 5290.42 v _174974_/Y (AO32x1_ASAP7_75t_R)
  29.73 5320.16 v _174995_/Y (AO32x1_ASAP7_75t_R)
  14.30 5334.46 v _174996_/Y (OA21x2_ASAP7_75t_R)
  20.25 5354.71 v _174997_/Y (MAJx2_ASAP7_75t_R)
  20.59 5375.30 v _174998_/Y (MAJx2_ASAP7_75t_R)
  20.63 5395.94 v _174999_/Y (MAJx2_ASAP7_75t_R)
  20.64 5416.57 v _175000_/Y (MAJx2_ASAP7_75t_R)
  20.41 5436.98 v _175001_/Y (MAJx2_ASAP7_75t_R)
  20.57 5457.55 v _175002_/Y (MAJx2_ASAP7_75t_R)
  20.14 5477.69 v _175003_/Y (MAJx2_ASAP7_75t_R)
   8.14 5485.83 ^ _175004_/Y (INVx1_ASAP7_75t_R)
  17.28 5503.11 ^ _175005_/Y (MAJx2_ASAP7_75t_R)
   8.48 5511.59 v _175006_/Y (INVx1_ASAP7_75t_R)
  19.08 5530.67 v _175007_/Y (AO21x1_ASAP7_75t_R)
  20.36 5551.03 v _175008_/Y (MAJx2_ASAP7_75t_R)
  19.30 5570.32 v _175015_/Y (AO21x1_ASAP7_75t_R)
  55.31 5625.64 v _175017_/Y (AO21x1_ASAP7_75t_R)
  97.40 5723.04 v _175023_/Y (OR3x1_ASAP7_75t_R)
  71.18 5794.22 v _175045_/Y (OA211x2_ASAP7_75t_R)
  23.49 5817.71 v _175046_/Y (OA21x2_ASAP7_75t_R)
  24.29 5842.00 v _175098_/Y (MAJx2_ASAP7_75t_R)
  20.34 5862.34 v _175099_/Y (MAJx2_ASAP7_75t_R)
  20.73 5883.07 v _175100_/Y (MAJx2_ASAP7_75t_R)
  21.27 5904.34 v _175101_/Y (MAJx2_ASAP7_75t_R)
  21.02 5925.36 v _175102_/Y (MAJx2_ASAP7_75t_R)
  20.43 5945.79 v _175103_/Y (MAJx2_ASAP7_75t_R)
  20.61 5966.40 v _175104_/Y (MAJx2_ASAP7_75t_R)
  20.65 5987.05 v _175105_/Y (MAJx2_ASAP7_75t_R)
  20.52 6007.57 v _175106_/Y (XNOR2x2_ASAP7_75t_R)
  37.67 6045.24 v _175107_/Y (AO32x1_ASAP7_75t_R)
  45.37 6090.61 v _175108_/Y (AND2x2_ASAP7_75t_R)
  70.38 6160.99 ^ _175109_/Y (NAND2x1_ASAP7_75t_R)
  72.81 6233.80 ^ _175111_/Y (OR2x2_ASAP7_75t_R)
  27.50 6261.30 v _175141_/Y (NOR2x1_ASAP7_75t_R)
  18.99 6280.29 v _175142_/Y (AO21x1_ASAP7_75t_R)
  19.16 6299.45 v _175143_/Y (AND2x2_ASAP7_75t_R)
  24.58 6324.03 v _175147_/Y (MAJx2_ASAP7_75t_R)
  20.48 6344.51 v _175148_/Y (MAJx2_ASAP7_75t_R)
  20.49 6365.00 v _175149_/Y (MAJx2_ASAP7_75t_R)
  20.38 6385.38 v _175150_/Y (MAJx2_ASAP7_75t_R)
  20.39 6405.77 v _175151_/Y (MAJx2_ASAP7_75t_R)
  20.24 6426.01 v _175152_/Y (MAJx2_ASAP7_75t_R)
  20.62 6446.64 v _175153_/Y (MAJx2_ASAP7_75t_R)
  21.58 6468.22 v _175157_/Y (MAJx2_ASAP7_75t_R)
  20.12 6488.33 v _175158_/Y (MAJx2_ASAP7_75t_R)
   8.07 6496.40 ^ _175159_/Y (INVx1_ASAP7_75t_R)
  20.40 6516.80 ^ _175160_/Y (MAJx2_ASAP7_75t_R)
   6.98 6523.78 v _175181_/Y (NAND3x1_ASAP7_75t_R)
  38.71 6562.49 v _175182_/Y (OA211x2_ASAP7_75t_R)
  60.17 6622.66 v _175184_/Y (OR3x1_ASAP7_75t_R)
  64.22 6686.88 ^ _175191_/Y (INVx1_ASAP7_75t_R)
  25.97 6712.85 ^ _175235_/Y (AO21x1_ASAP7_75t_R)
  25.04 6737.89 ^ _175236_/Y (AO22x1_ASAP7_75t_R)
  21.24 6759.13 ^ _175237_/Y (AND2x2_ASAP7_75t_R)
  17.95 6777.08 ^ _175238_/Y (MAJx2_ASAP7_75t_R)
  17.17 6794.25 ^ _175239_/Y (MAJx2_ASAP7_75t_R)
  15.99 6810.24 ^ _175240_/Y (OA21x2_ASAP7_75t_R)
  15.95 6826.19 ^ _175245_/Y (OA21x2_ASAP7_75t_R)
  17.07 6843.26 ^ _175246_/Y (MAJx2_ASAP7_75t_R)
   7.05 6850.31 v _175247_/Y (INVx1_ASAP7_75t_R)
  22.28 6872.58 v _175248_/Y (MAJx2_ASAP7_75t_R)
  21.02 6893.60 v _175259_/Y (MAJx2_ASAP7_75t_R)
   8.91 6902.52 ^ _175260_/Y (AOI21x1_ASAP7_75t_R)
  18.33 6920.84 ^ _175261_/Y (AO21x1_ASAP7_75t_R)
  35.58 6956.42 v _175262_/Y (NAND2x1_ASAP7_75t_R)
  46.00 7002.42 v _175266_/Y (AND2x2_ASAP7_75t_R)
  35.77 7038.19 v _175298_/Y (AO32x1_ASAP7_75t_R)
  20.27 7058.46 v _175299_/Y (AND2x2_ASAP7_75t_R)
  26.25 7084.71 v _175302_/Y (MAJx2_ASAP7_75t_R)
  20.75 7105.46 v _175303_/Y (MAJx2_ASAP7_75t_R)
  20.68 7126.14 v _175304_/Y (MAJx2_ASAP7_75t_R)
  20.23 7146.38 v _175305_/Y (MAJx2_ASAP7_75t_R)
  20.48 7166.85 v _175306_/Y (MAJx2_ASAP7_75t_R)
  20.36 7187.21 v _175307_/Y (MAJx2_ASAP7_75t_R)
  20.40 7207.61 v _175308_/Y (MAJx2_ASAP7_75t_R)
  20.11 7227.72 v _175309_/Y (MAJx2_ASAP7_75t_R)
  19.79 7247.51 v _175310_/Y (MAJx2_ASAP7_75t_R)
   7.93 7255.44 ^ _175311_/Y (INVx1_ASAP7_75t_R)
  19.78 7275.21 ^ _175312_/Y (MAJx2_ASAP7_75t_R)
  38.58 7313.79 ^ _175337_/Y (OA211x2_ASAP7_75t_R)
  77.19 7390.99 v _175350_/Y (NOR2x1_ASAP7_75t_R)
  35.88 7426.86 v _175354_/Y (AO21x1_ASAP7_75t_R)
  23.24 7450.10 v _175357_/Y (AO221x1_ASAP7_75t_R)
  20.17 7470.27 v _175358_/Y (OA21x2_ASAP7_75t_R)
  26.76 7497.03 v _175417_/Y (MAJx2_ASAP7_75t_R)
  20.42 7517.46 v _175418_/Y (MAJx2_ASAP7_75t_R)
  20.45 7537.90 v _175419_/Y (MAJx2_ASAP7_75t_R)
  20.79 7558.69 v _175420_/Y (MAJx2_ASAP7_75t_R)
  20.92 7579.61 v _175421_/Y (MAJx2_ASAP7_75t_R)
  20.59 7600.19 v _175422_/Y (MAJx2_ASAP7_75t_R)
  20.52 7620.71 v _175423_/Y (MAJx2_ASAP7_75t_R)
  20.35 7641.06 v _175424_/Y (MAJx2_ASAP7_75t_R)
  22.83 7663.89 v _175425_/Y (MAJx2_ASAP7_75t_R)
  20.81 7684.69 v _175426_/Y (MAJx2_ASAP7_75t_R)
  22.74 7707.43 v _175433_/Y (OR3x1_ASAP7_75t_R)
  67.05 7774.48 v _175436_/Y (AND3x1_ASAP7_75t_R)
  72.63 7847.11 ^ _175437_/Y (INVx1_ASAP7_75t_R)
  15.14 7862.25 v _175487_/Y (AOI21x1_ASAP7_75t_R)
  20.08 7882.33 v _175488_/Y (AO21x1_ASAP7_75t_R)
  23.21 7905.54 v _175489_/Y (AO32x1_ASAP7_75t_R)
  30.59 7936.13 v _175490_/Y (AO32x1_ASAP7_75t_R)
  22.62 7958.75 v _175528_/Y (AO21x1_ASAP7_75t_R)
  21.35 7980.11 v _175529_/Y (MAJx2_ASAP7_75t_R)
  20.67 8000.78 v _175530_/Y (MAJx2_ASAP7_75t_R)
  19.89 8020.67 v _175531_/Y (MAJx2_ASAP7_75t_R)
  13.56 8034.23 v _175532_/Y (OA21x2_ASAP7_75t_R)
  20.19 8054.42 v _175533_/Y (MAJx2_ASAP7_75t_R)
  23.33 8077.74 v _175534_/Y (MAJx2_ASAP7_75t_R)
  22.45 8100.19 v _175540_/Y (MAJx2_ASAP7_75t_R)
  33.04 8133.23 v _175555_/Y (AO21x1_ASAP7_75t_R)
  37.82 8171.05 v _175685_/Y (AO221x1_ASAP7_75t_R)
  24.54 8195.59 ^ _175699_/Y (AOI21x1_ASAP7_75t_R)
  89.84 8285.43 ^ _175745_/Y (AND5x1_ASAP7_75t_R)
  94.69 8380.12 ^ _188653_/Y (AND2x2_ASAP7_75t_R)
  74.38 8454.50 ^ _189382_/Y (AO21x1_ASAP7_75t_R)
  34.96 8489.47 ^ output156/Y (BUFx2_ASAP7_75t_R)
   0.40 8489.86 ^ dmem_req_addr[24] (out)
        8489.86   data arrival time

12000.00 12000.00   clock core_clk (rise edge)
   0.00 12000.00   clock network delay (propagated)
 -50.00 11950.00   clock uncertainty
   0.00 11950.00   clock reconvergence pessimism
-2400.00 9550.00   output external delay
        9550.00   data required time
---------------------------------------------------------
        9550.00   data required time
        -8489.86   data arrival time
---------------------------------------------------------
        1060.14   slack (MET)


Startpoint: _341654_ (rising edge-triggered flip-flop clocked by core_clk)
Endpoint: dmem_req_addr[24] (output port clocked by core_clk)
Path Group: reg2out
Path Type: max

  Delay    Time   Description
---------------------------------------------------------
   0.00    0.00   clock core_clk (rise edge)
   0.00    0.00   clock source latency
   0.00    0.00 ^ clk (in)
  50.91   50.91 ^ wire5603/Y (BUFx12_ASAP7_75t_R)
  51.38  102.29 ^ clkbuf_0_clk/Y (BUFx24_ASAP7_75t_R)
  27.77  130.06 ^ clkbuf_1_1_0_clk/Y (BUFx24_ASAP7_75t_R)
  27.98  158.04 ^ clkbuf_2_2_0_clk/Y (BUFx24_ASAP7_75t_R)
  30.88  188.93 ^ clkbuf_3_5_0_clk/Y (BUFx24_ASAP7_75t_R)
  27.14  216.06 ^ clkbuf_4_10_0_clk/Y (BUFx24_ASAP7_75t_R)
  25.36  241.42 ^ clkbuf_6_41_0_clk/Y (BUFx24_ASAP7_75t_R)
  21.68  263.10 ^ clkbuf_7_82__f_clk/Y (BUFx24_ASAP7_75t_R)
  36.43  299.53 ^ clkbuf_leaf_697_clk/Y (BUFx24_ASAP7_75t_R)
   2.69  302.22 ^ _341654_/CLK (DFFHQNx1_ASAP7_75t_R)
 113.09  415.31 v _341654_/QN (DFFHQNx1_ASAP7_75t_R)
  51.35  466.66 ^ _172824_/Y (NOR2x1_ASAP7_75t_R)
  13.81  480.47 v _172957_/Y (INVx1_ASAP7_75t_R)
  31.21  511.67 v _172958_/Y (MAJx2_ASAP7_75t_R)
  44.38  556.06 v _172959_/Y (MAJx2_ASAP7_75t_R)
  24.38  580.44 v _172960_/Y (MAJx2_ASAP7_75t_R)
  24.28  604.72 v _172961_/Y (MAJx2_ASAP7_75t_R)
  24.29  629.01 v _172962_/Y (MAJx2_ASAP7_75t_R)
  24.17  653.17 v _172963_/Y (MAJx2_ASAP7_75t_R)
  24.19  677.37 v _172964_/Y (MAJx2_ASAP7_75t_R)
  23.76  701.13 v _172965_/Y (MAJx2_ASAP7_75t_R)
  24.06  725.19 v _172966_/Y (MAJx2_ASAP7_75t_R)
  24.17  749.36 v _172967_/Y (MAJx2_ASAP7_75t_R)
  24.06  773.42 v _172968_/Y (MAJx2_ASAP7_75t_R)
  24.32  797.75 v _172969_/Y (MAJx2_ASAP7_75t_R)
  24.19  821.94 v _172970_/Y (MAJx2_ASAP7_75t_R)
  24.30  846.24 v _172971_/Y (MAJx2_ASAP7_75t_R)
  26.43  872.67 v _172972_/Y (MAJx2_ASAP7_75t_R)
  27.80  900.47 v _172973_/Y (MAJx2_ASAP7_75t_R)
  24.79  925.27 v _172974_/Y (MAJx2_ASAP7_75t_R)
  23.93  949.20 v _172975_/Y (MAJx2_ASAP7_75t_R)
  24.25  973.45 v _172976_/Y (MAJx2_ASAP7_75t_R)
  24.31  997.76 v _172977_/Y (MAJx2_ASAP7_75t_R)
  24.07 1021.84 v _172978_/Y (MAJx2_ASAP7_75t_R)
  24.20 1046.04 v _172979_/Y (MAJx2_ASAP7_75t_R)
  25.95 1071.99 v _172980_/Y (MAJx2_ASAP7_75t_R)
  26.90 1098.89 v _172981_/Y (MAJx2_ASAP7_75t_R)
  24.23 1123.12 v _172982_/Y (MAJx2_ASAP7_75t_R)
  24.06 1147.18 v _172983_/Y (MAJx2_ASAP7_75t_R)
  24.20 1171.38 v _172984_/Y (MAJx2_ASAP7_75t_R)
  24.04 1195.42 v _172985_/Y (MAJx2_ASAP7_75t_R)
  24.14 1219.55 v _172986_/Y (MAJx2_ASAP7_75t_R)
  22.04 1241.59 v _173115_/Y (MAJx2_ASAP7_75t_R)
  37.85 1279.44 ^ _173116_/Y (XNOR2x2_ASAP7_75t_R)
  54.25 1333.69 ^ wire1735/Y (BUFx16f_ASAP7_75t_R)
  59.66 1393.35 v _173478_/Y (XNOR2x2_ASAP7_75t_R)
  23.62 1416.97 v _173547_/Y (AND4x1_ASAP7_75t_R)
  35.76 1452.72 v _173551_/Y (AND2x2_ASAP7_75t_R)
 105.46 1558.19 ^ _174372_/Y (NAND2x1_ASAP7_75t_R)
  65.21 1623.40 ^ _174396_/Y (OR3x1_ASAP7_75t_R)
   6.60 1630.00 v _174397_/Y (INVx1_ASAP7_75t_R)
  15.85 1645.85 v _174398_/Y (AO21x1_ASAP7_75t_R)
  14.52 1660.36 v _174399_/Y (OA21x2_ASAP7_75t_R)
  21.32 1681.68 ^ _174415_/Y (AOI211x1_ASAP7_75t_R)
  22.99 1704.67 v _174417_/Y (NOR2x1_ASAP7_75t_R)
  14.97 1719.64 ^ _174418_/Y (AOI211x1_ASAP7_75t_R)
  24.40 1744.04 ^ _174420_/Y (OA211x2_ASAP7_75t_R)
   7.00 1751.04 v _174422_/Y (OAI21x1_ASAP7_75t_R)
  24.53 1775.56 v _174425_/Y (AO221x1_ASAP7_75t_R)
  19.86 1795.43 v _174426_/Y (OR2x2_ASAP7_75t_R)
  14.92 1810.34 v _174427_/Y (AO21x1_ASAP7_75t_R)
  15.34 1825.68 v _174429_/Y (AO21x1_ASAP7_75t_R)
  14.33 1840.01 v _174430_/Y (OA21x2_ASAP7_75t_R)
  21.78 1861.79 v _174431_/Y (MAJx2_ASAP7_75t_R)
  14.82 1876.62 v _174432_/Y (AND3x1_ASAP7_75t_R)
  14.71 1891.32 ^ _174434_/Y (NOR2x1_ASAP7_75t_R)
  57.94 1949.26 v _174435_/Y (NAND2x1_ASAP7_75t_R)
  57.63 2006.89 ^ _174482_/Y (INVx1_ASAP7_75t_R)
  20.15 2027.05 ^ _174484_/Y (AO21x1_ASAP7_75t_R)
  19.53 2046.58 ^ _174486_/Y (OA211x2_ASAP7_75t_R)
   8.07 2054.65 v _174489_/Y (OAI21x1_ASAP7_75t_R)
  16.92 2071.57 v _174490_/Y (AO21x1_ASAP7_75t_R)
  17.12 2088.69 v _174491_/Y (OA21x2_ASAP7_75t_R)
  29.71 2118.40 v _174492_/Y (OA211x2_ASAP7_75t_R)
  18.92 2137.31 v _174493_/Y (AO21x1_ASAP7_75t_R)
  21.64 2158.96 v _174494_/Y (MAJx2_ASAP7_75t_R)
  20.33 2179.29 v _174495_/Y (MAJx2_ASAP7_75t_R)
  20.21 2199.50 v _174496_/Y (MAJx2_ASAP7_75t_R)
  20.34 2219.84 v _174497_/Y (MAJx2_ASAP7_75t_R)
  20.36 2240.20 v _174498_/Y (MAJx2_ASAP7_75t_R)
  20.88 2261.08 v _174499_/Y (MAJx2_ASAP7_75t_R)
  20.93 2282.00 v _174500_/Y (MAJx2_ASAP7_75t_R)
  20.46 2302.47 v _174501_/Y (MAJx2_ASAP7_75t_R)
  20.58 2323.05 v _174502_/Y (MAJx2_ASAP7_75t_R)
  23.78 2346.83 ^ _174503_/Y (XNOR2x2_ASAP7_75t_R)
  12.84 2359.67 v _174521_/Y (OAI21x1_ASAP7_75t_R)
 100.36 2460.03 v _174524_/Y (AND3x1_ASAP7_75t_R)
  58.16 2518.19 v _174567_/Y (AO22x1_ASAP7_75t_R)
  28.69 2546.89 v _174568_/Y (AO32x1_ASAP7_75t_R)
  18.29 2565.18 v _174572_/Y (AND2x2_ASAP7_75t_R)
  20.51 2585.69 v _174573_/Y (MAJx2_ASAP7_75t_R)
  20.69 2606.37 v _174574_/Y (MAJx2_ASAP7_75t_R)
  20.05 2626.43 v _174575_/Y (MAJx2_ASAP7_75t_R)
  20.31 2646.74 v _174576_/Y (MAJx2_ASAP7_75t_R)
   7.76 2654.50 ^ _174577_/Y (NAND2x1_ASAP7_75t_R)
  16.22 2670.72 ^ _174578_/Y (AND2x2_ASAP7_75t_R)
   5.87 2676.58 v _174582_/Y (INVx1_ASAP7_75t_R)
  19.88 2696.46 v _174583_/Y (OR3x1_ASAP7_75t_R)
  28.85 2725.31 v _174584_/Y (OA211x2_ASAP7_75t_R)
  21.45 2746.76 v _174585_/Y (MAJx2_ASAP7_75t_R)
  20.49 2767.25 v _174586_/Y (MAJx2_ASAP7_75t_R)
  20.09 2787.34 v _174587_/Y (MAJx2_ASAP7_75t_R)
  18.11 2805.44 v _174588_/Y (XNOR2x2_ASAP7_75t_R)
  31.30 2836.75 v _174589_/Y (AO21x1_ASAP7_75t_R)
  97.66 2934.41 ^ _174590_/Y (NAND2x1_ASAP7_75t_R)
  82.49 3016.90 ^ _174591_/Y (AND3x1_ASAP7_75t_R)
  13.49 3030.39 v _174592_/Y (INVx1_ASAP7_75t_R)
  47.24 3077.63 v _174593_/Y (AO21x1_ASAP7_75t_R)
  46.25 3123.88 v _174627_/Y (AO22x1_ASAP7_75t_R)
  19.79 3143.67 v _174628_/Y (AND2x2_ASAP7_75t_R)
  19.73 3163.39 v _174629_/Y (MAJx2_ASAP7_75t_R)
  20.32 3183.72 v _174630_/Y (MAJx2_ASAP7_75t_R)
  20.28 3204.00 v _174631_/Y (MAJx2_ASAP7_75t_R)
  20.78 3224.78 v _174632_/Y (MAJx2_ASAP7_75t_R)
  20.63 3245.40 v _174633_/Y (MAJx2_ASAP7_75t_R)
  19.67 3265.08 v _174634_/Y (MAJx2_ASAP7_75t_R)
  12.80 3277.88 v _174635_/Y (OA21x2_ASAP7_75t_R)
  17.31 3295.18 v _174639_/Y (OA21x2_ASAP7_75t_R)
  19.29 3314.47 v _174640_/Y (MAJx2_ASAP7_75t_R)
   9.89 3324.36 ^ _174641_/Y (INVx1_ASAP7_75t_R)
   7.69 3332.04 v _174654_/Y (NAND2x1_ASAP7_75t_R)
  14.67 3346.71 v _174655_/Y (OA21x2_ASAP7_75t_R)
  24.33 3371.04 ^ _174656_/Y (NAND2x1_ASAP7_75t_R)
  98.84 3469.88 ^ _174658_/Y (AND3x1_ASAP7_75t_R)
  29.55 3499.43 v _174682_/Y (NAND2x1_ASAP7_75t_R)
  36.64 3536.06 v _174683_/Y (OA211x2_ASAP7_75t_R)
  24.40 3560.46 v _174716_/Y (MAJx2_ASAP7_75t_R)
  20.93 3581.39 v _174717_/Y (MAJx2_ASAP7_75t_R)
  20.74 3602.13 v _174718_/Y (MAJx2_ASAP7_75t_R)
  19.84 3621.97 v _174719_/Y (MAJx2_ASAP7_75t_R)
  15.05 3637.02 v _174721_/Y (AO21x1_ASAP7_75t_R)
  15.73 3652.75 v _174723_/Y (AND2x2_ASAP7_75t_R)
  19.81 3672.55 v _174724_/Y (MAJx2_ASAP7_75t_R)
  20.56 3693.11 v _174725_/Y (MAJx2_ASAP7_75t_R)
  20.39 3713.51 v _174726_/Y (MAJx2_ASAP7_75t_R)
  20.77 3734.28 ^ _174727_/Y (XNOR2x2_ASAP7_75t_R)
  16.42 3750.69 ^ _174728_/Y (AO21x1_ASAP7_75t_R)
  52.01 3802.70 ^ _174732_/Y (AO21x2_ASAP7_75t_R)
  62.17 3864.87 v _174741_/Y (INVx1_ASAP7_75t_R)
  33.42 3898.29 v _174763_/Y (AO21x1_ASAP7_75t_R)
  25.65 3923.94 v _174764_/Y (AO32x1_ASAP7_75t_R)
  14.05 3937.99 v _174765_/Y (OA21x2_ASAP7_75t_R)
  19.87 3957.86 v _174766_/Y (MAJx2_ASAP7_75t_R)
  20.71 3978.57 v _174767_/Y (MAJx2_ASAP7_75t_R)
  20.47 3999.03 v _174768_/Y (MAJx2_ASAP7_75t_R)
  20.33 4019.36 v _174769_/Y (MAJx2_ASAP7_75t_R)
  20.19 4039.55 v _174770_/Y (MAJx2_ASAP7_75t_R)
  21.06 4060.61 v _174771_/Y (MAJx2_ASAP7_75t_R)
  22.07 4082.68 v _174775_/Y (MAJx2_ASAP7_75t_R)
  20.64 4103.33 v _174776_/Y (MAJx2_ASAP7_75t_R)
  21.91 4125.24 v _174777_/Y (MAJx2_ASAP7_75t_R)
  22.76 4148.00 v _174798_/Y (OR3x1_ASAP7_75t_R)
  25.70 4173.70 ^ _174800_/Y (NAND3x1_ASAP7_75t_R)
  53.82 4227.52 ^ _174801_/Y (AND2x2_ASAP7_75t_R)
  95.72 4323.24 v _174802_/Y (NAND2x1_ASAP7_75t_R)
  41.47 4364.71 v _174820_/Y (AO21x1_ASAP7_75t_R)
  29.95 4394.66 v _174821_/Y (AO32x1_ASAP7_75t_R)
  19.44 4414.10 v _174856_/Y (AND2x2_ASAP7_75t_R)
  19.67 4433.77 v _174857_/Y (MAJx2_ASAP7_75t_R)
  20.22 4453.99 v _174858_/Y (MAJx2_ASAP7_75t_R)
  20.30 4474.29 v _174859_/Y (MAJx2_ASAP7_75t_R)
  20.17 4494.45 v _174860_/Y (MAJx2_ASAP7_75t_R)
  20.30 4514.76 v _174861_/Y (MAJx2_ASAP7_75t_R)
  20.20 4534.96 v _174862_/Y (MAJx2_ASAP7_75t_R)
  20.44 4555.40 v _174863_/Y (MAJx2_ASAP7_75t_R)
  20.26 4575.66 v _174864_/Y (MAJx2_ASAP7_75t_R)
  21.49 4597.14 v _174865_/Y (MAJx2_ASAP7_75t_R)
  18.45 4615.60 v _174866_/Y (AO21x1_ASAP7_75t_R)
  19.91 4635.51 v _174867_/Y (MAJx2_ASAP7_75t_R)
  17.25 4652.76 v _174876_/Y (AO21x1_ASAP7_75t_R)
  58.25 4711.01 ^ _174877_/Y (NAND2x1_ASAP7_75t_R)
  54.19 4765.20 ^ _174883_/Y (AND2x2_ASAP7_75t_R)
  51.72 4816.92 v _174884_/Y (OAI21x1_ASAP7_75t_R)
  49.77 4866.68 v _174915_/Y (AO32x1_ASAP7_75t_R)
  19.81 4886.49 v _174919_/Y (AND2x2_ASAP7_75t_R)
  19.92 4906.41 v _174920_/Y (MAJx2_ASAP7_75t_R)
  20.32 4926.73 v _174921_/Y (MAJx2_ASAP7_75t_R)
  20.57 4947.31 v _174922_/Y (MAJx2_ASAP7_75t_R)
  20.50 4967.80 v _174923_/Y (MAJx2_ASAP7_75t_R)
  10.55 4978.35 ^ _174924_/Y (NAND2x1_ASAP7_75t_R)
  10.35 4988.70 v _174927_/Y (AOI22x1_ASAP7_75t_R)
  22.39 5011.09 v _174928_/Y (MAJx2_ASAP7_75t_R)
  23.01 5034.09 v _174929_/Y (MAJx2_ASAP7_75t_R)
  21.53 5055.63 v _174937_/Y (MAJx2_ASAP7_75t_R)
   8.10 5063.73 ^ _174938_/Y (NAND2x1_ASAP7_75t_R)
  21.00 5084.73 ^ _174939_/Y (OA21x2_ASAP7_75t_R)
  23.08 5107.81 ^ _174940_/Y (AO21x1_ASAP7_75t_R)
  15.33 5123.14 v _174941_/Y (INVx1_ASAP7_75t_R)
  75.78 5198.92 v _174946_/Y (AND3x1_ASAP7_75t_R)
  57.10 5256.02 v _174973_/Y (AO22x1_ASAP7_75t_R)
  34.41 5290.42 v _174974_/Y (AO32x1_ASAP7_75t_R)
  29.73 5320.16 v _174995_/Y (AO32x1_ASAP7_75t_R)
  14.30 5334.46 v _174996_/Y (OA21x2_ASAP7_75t_R)
  20.25 5354.71 v _174997_/Y (MAJx2_ASAP7_75t_R)
  20.59 5375.30 v _174998_/Y (MAJx2_ASAP7_75t_R)
  20.63 5395.94 v _174999_/Y (MAJx2_ASAP7_75t_R)
  20.64 5416.57 v _175000_/Y (MAJx2_ASAP7_75t_R)
  20.41 5436.98 v _175001_/Y (MAJx2_ASAP7_75t_R)
  20.57 5457.55 v _175002_/Y (MAJx2_ASAP7_75t_R)
  20.14 5477.69 v _175003_/Y (MAJx2_ASAP7_75t_R)
   8.14 5485.83 ^ _175004_/Y (INVx1_ASAP7_75t_R)
  17.28 5503.11 ^ _175005_/Y (MAJx2_ASAP7_75t_R)
   8.48 5511.59 v _175006_/Y (INVx1_ASAP7_75t_R)
  19.08 5530.67 v _175007_/Y (AO21x1_ASAP7_75t_R)
  20.36 5551.03 v _175008_/Y (MAJx2_ASAP7_75t_R)
  19.30 5570.32 v _175015_/Y (AO21x1_ASAP7_75t_R)
  55.31 5625.64 v _175017_/Y (AO21x1_ASAP7_75t_R)
  97.40 5723.04 v _175023_/Y (OR3x1_ASAP7_75t_R)
  71.18 5794.22 v _175045_/Y (OA211x2_ASAP7_75t_R)
  23.49 5817.71 v _175046_/Y (OA21x2_ASAP7_75t_R)
  24.29 5842.00 v _175098_/Y (MAJx2_ASAP7_75t_R)
  20.34 5862.34 v _175099_/Y (MAJx2_ASAP7_75t_R)
  20.73 5883.07 v _175100_/Y (MAJx2_ASAP7_75t_R)
  21.27 5904.34 v _175101_/Y (MAJx2_ASAP7_75t_R)
  21.02 5925.36 v _175102_/Y (MAJx2_ASAP7_75t_R)
  20.43 5945.79 v _175103_/Y (MAJx2_ASAP7_75t_R)
  20.61 5966.40 v _175104_/Y (MAJx2_ASAP7_75t_R)
  20.65 5987.05 v _175105_/Y (MAJx2_ASAP7_75t_R)
  20.52 6007.57 v _175106_/Y (XNOR2x2_ASAP7_75t_R)
  37.67 6045.24 v _175107_/Y (AO32x1_ASAP7_75t_R)
  45.37 6090.61 v _175108_/Y (AND2x2_ASAP7_75t_R)
  70.38 6160.99 ^ _175109_/Y (NAND2x1_ASAP7_75t_R)
  72.81 6233.80 ^ _175111_/Y (OR2x2_ASAP7_75t_R)
  27.50 6261.30 v _175141_/Y (NOR2x1_ASAP7_75t_R)
  18.99 6280.29 v _175142_/Y (AO21x1_ASAP7_75t_R)
  19.16 6299.45 v _175143_/Y (AND2x2_ASAP7_75t_R)
  24.58 6324.03 v _175147_/Y (MAJx2_ASAP7_75t_R)
  20.48 6344.51 v _175148_/Y (MAJx2_ASAP7_75t_R)
  20.49 6365.00 v _175149_/Y (MAJx2_ASAP7_75t_R)
  20.38 6385.38 v _175150_/Y (MAJx2_ASAP7_75t_R)
  20.39 6405.77 v _175151_/Y (MAJx2_ASAP7_75t_R)
  20.24 6426.01 v _175152_/Y (MAJx2_ASAP7_75t_R)
  20.62 6446.64 v _175153_/Y (MAJx2_ASAP7_75t_R)
  21.58 6468.22 v _175157_/Y (MAJx2_ASAP7_75t_R)
  20.12 6488.33 v _175158_/Y (MAJx2_ASAP7_75t_R)
   8.07 6496.40 ^ _175159_/Y (INVx1_ASAP7_75t_R)
  20.40 6516.80 ^ _175160_/Y (MAJx2_ASAP7_75t_R)
   6.98 6523.78 v _175181_/Y (NAND3x1_ASAP7_75t_R)
  38.71 6562.49 v _175182_/Y (OA211x2_ASAP7_75t_R)
  60.17 6622.66 v _175184_/Y (OR3x1_ASAP7_75t_R)
  64.22 6686.88 ^ _175191_/Y (INVx1_ASAP7_75t_R)
  25.97 6712.85 ^ _175235_/Y (AO21x1_ASAP7_75t_R)
  25.04 6737.89 ^ _175236_/Y (AO22x1_ASAP7_75t_R)
  21.24 6759.13 ^ _175237_/Y (AND2x2_ASAP7_75t_R)
  17.95 6777.08 ^ _175238_/Y (MAJx2_ASAP7_75t_R)
  17.17 6794.25 ^ _175239_/Y (MAJx2_ASAP7_75t_R)
  15.99 6810.24 ^ _175240_/Y (OA21x2_ASAP7_75t_R)
  15.95 6826.19 ^ _175245_/Y (OA21x2_ASAP7_75t_R)
  17.07 6843.26 ^ _175246_/Y (MAJx2_ASAP7_75t_R)
   7.05 6850.31 v _175247_/Y (INVx1_ASAP7_75t_R)
  22.28 6872.58 v _175248_/Y (MAJx2_ASAP7_75t_R)
  21.02 6893.60 v _175259_/Y (MAJx2_ASAP7_75t_R)
   8.91 6902.52 ^ _175260_/Y (AOI21x1_ASAP7_75t_R)
  18.33 6920.84 ^ _175261_/Y (AO21x1_ASAP7_75t_R)
  35.58 6956.42 v _175262_/Y (NAND2x1_ASAP7_75t_R)
  46.00 7002.42 v _175266_/Y (AND2x2_ASAP7_75t_R)
  35.77 7038.19 v _175298_/Y (AO32x1_ASAP7_75t_R)
  20.27 7058.46 v _175299_/Y (AND2x2_ASAP7_75t_R)
  26.25 7084.71 v _175302_/Y (MAJx2_ASAP7_75t_R)
  20.75 7105.46 v _175303_/Y (MAJx2_ASAP7_75t_R)
  20.68 7126.14 v _175304_/Y (MAJx2_ASAP7_75t_R)
  20.23 7146.38 v _175305_/Y (MAJx2_ASAP7_75t_R)
  20.48 7166.85 v _175306_/Y (MAJx2_ASAP7_75t_R)
  20.36 7187.21 v _175307_/Y (MAJx2_ASAP7_75t_R)
  20.40 7207.61 v _175308_/Y (MAJx2_ASAP7_75t_R)
  20.11 7227.72 v _175309_/Y (MAJx2_ASAP7_75t_R)
  19.79 7247.51 v _175310_/Y (MAJx2_ASAP7_75t_R)
   7.93 7255.44 ^ _175311_/Y (INVx1_ASAP7_75t_R)
  19.78 7275.21 ^ _175312_/Y (MAJx2_ASAP7_75t_R)
  38.58 7313.79 ^ _175337_/Y (OA211x2_ASAP7_75t_R)
  77.19 7390.99 v _175350_/Y (NOR2x1_ASAP7_75t_R)
  35.88 7426.86 v _175354_/Y (AO21x1_ASAP7_75t_R)
  23.24 7450.10 v _175357_/Y (AO221x1_ASAP7_75t_R)
  20.17 7470.27 v _175358_/Y (OA21x2_ASAP7_75t_R)
  26.76 7497.03 v _175417_/Y (MAJx2_ASAP7_75t_R)
  20.42 7517.46 v _175418_/Y (MAJx2_ASAP7_75t_R)
  20.45 7537.90 v _175419_/Y (MAJx2_ASAP7_75t_R)
  20.79 7558.69 v _175420_/Y (MAJx2_ASAP7_75t_R)
  20.92 7579.61 v _175421_/Y (MAJx2_ASAP7_75t_R)
  20.59 7600.19 v _175422_/Y (MAJx2_ASAP7_75t_R)
  20.52 7620.71 v _175423_/Y (MAJx2_ASAP7_75t_R)
  20.35 7641.06 v _175424_/Y (MAJx2_ASAP7_75t_R)
  22.83 7663.89 v _175425_/Y (MAJx2_ASAP7_75t_R)
  20.81 7684.69 v _175426_/Y (MAJx2_ASAP7_75t_R)
  22.74 7707.43 v _175433_/Y (OR3x1_ASAP7_75t_R)
  67.05 7774.48 v _175436_/Y (AND3x1_ASAP7_75t_R)
  72.63 7847.11 ^ _175437_/Y (INVx1_ASAP7_75t_R)
  15.14 7862.25 v _175487_/Y (AOI21x1_ASAP7_75t_R)
  20.08 7882.33 v _175488_/Y (AO21x1_ASAP7_75t_R)
  23.21 7905.54 v _175489_/Y (AO32x1_ASAP7_75t_R)
  30.59 7936.13 v _175490_/Y (AO32x1_ASAP7_75t_R)
  22.62 7958.75 v _175528_/Y (AO21x1_ASAP7_75t_R)
  21.35 7980.11 v _175529_/Y (MAJx2_ASAP7_75t_R)
  20.67 8000.78 v _175530_/Y (MAJx2_ASAP7_75t_R)
  19.89 8020.67 v _175531_/Y (MAJx2_ASAP7_75t_R)
  13.56 8034.23 v _175532_/Y (OA21x2_ASAP7_75t_R)
  20.19 8054.42 v _175533_/Y (MAJx2_ASAP7_75t_R)
  23.33 8077.74 v _175534_/Y (MAJx2_ASAP7_75t_R)
  22.45 8100.19 v _175540_/Y (MAJx2_ASAP7_75t_R)
  33.04 8133.23 v _175555_/Y (AO21x1_ASAP7_75t_R)
  37.82 8171.05 v _175685_/Y (AO221x1_ASAP7_75t_R)
  24.54 8195.59 ^ _175699_/Y (AOI21x1_ASAP7_75t_R)
  89.84 8285.43 ^ _175745_/Y (AND5x1_ASAP7_75t_R)
  94.69 8380.12 ^ _188653_/Y (AND2x2_ASAP7_75t_R)
  74.38 8454.50 ^ _189382_/Y (AO21x1_ASAP7_75t_R)
  34.96 8489.47 ^ output156/Y (BUFx2_ASAP7_75t_R)
   0.40 8489.86 ^ dmem_req_addr[24] (out)
        8489.86   data arrival time

12000.00 12000.00   clock core_clk (rise edge)
   0.00 12000.00   clock network delay (propagated)
 -50.00 11950.00   clock uncertainty
   0.00 11950.00   clock reconvergence pessimism
-2400.00 9550.00   output external delay
        9550.00   data required time
---------------------------------------------------------
        9550.00   data required time
        -8489.86   data arrival time
---------------------------------------------------------
        1060.14   slack (MET)


Startpoint: _341654_ (rising edge-triggered flip-flop clocked by core_clk)
Endpoint: dmem_req_addr[24] (output port clocked by core_clk)
Path Group: reg2out
Path Type: max

  Delay    Time   Description
---------------------------------------------------------
   0.00    0.00   clock core_clk (rise edge)
   0.00    0.00   clock source latency
   0.00    0.00 ^ clk (in)
  50.91   50.91 ^ wire5603/Y (BUFx12_ASAP7_75t_R)
  51.38  102.29 ^ clkbuf_0_clk/Y (BUFx24_ASAP7_75t_R)
  27.77  130.06 ^ clkbuf_1_1_0_clk/Y (BUFx24_ASAP7_75t_R)
  27.98  158.04 ^ clkbuf_2_2_0_clk/Y (BUFx24_ASAP7_75t_R)
  30.88  188.93 ^ clkbuf_3_5_0_clk/Y (BUFx24_ASAP7_75t_R)
  27.14  216.06 ^ clkbuf_4_10_0_clk/Y (BUFx24_ASAP7_75t_R)
  25.36  241.42 ^ clkbuf_6_41_0_clk/Y (BUFx24_ASAP7_75t_R)
  21.68  263.10 ^ clkbuf_7_82__f_clk/Y (BUFx24_ASAP7_75t_R)
  36.43  299.53 ^ clkbuf_leaf_697_clk/Y (BUFx24_ASAP7_75t_R)
   2.69  302.22 ^ _341654_/CLK (DFFHQNx1_ASAP7_75t_R)
 113.09  415.31 v _341654_/QN (DFFHQNx1_ASAP7_75t_R)
  51.35  466.66 ^ _172824_/Y (NOR2x1_ASAP7_75t_R)
  13.81  480.47 v _172957_/Y (INVx1_ASAP7_75t_R)
  31.21  511.67 v _172958_/Y (MAJx2_ASAP7_75t_R)
  44.38  556.06 v _172959_/Y (MAJx2_ASAP7_75t_R)
  24.38  580.44 v _172960_/Y (MAJx2_ASAP7_75t_R)
  24.28  604.72 v _172961_/Y (MAJx2_ASAP7_75t_R)
  24.29  629.01 v _172962_/Y (MAJx2_ASAP7_75t_R)
  24.17  653.17 v _172963_/Y (MAJx2_ASAP7_75t_R)
  24.19  677.37 v _172964_/Y (MAJx2_ASAP7_75t_R)
  23.76  701.13 v _172965_/Y (MAJx2_ASAP7_75t_R)
  24.06  725.19 v _172966_/Y (MAJx2_ASAP7_75t_R)
  24.17  749.36 v _172967_/Y (MAJx2_ASAP7_75t_R)
  24.06  773.42 v _172968_/Y (MAJx2_ASAP7_75t_R)
  24.32  797.75 v _172969_/Y (MAJx2_ASAP7_75t_R)
  24.19  821.94 v _172970_/Y (MAJx2_ASAP7_75t_R)
  24.30  846.24 v _172971_/Y (MAJx2_ASAP7_75t_R)
  26.43  872.67 v _172972_/Y (MAJx2_ASAP7_75t_R)
  27.80  900.47 v _172973_/Y (MAJx2_ASAP7_75t_R)
  24.79  925.27 v _172974_/Y (MAJx2_ASAP7_75t_R)
  23.93  949.20 v _172975_/Y (MAJx2_ASAP7_75t_R)
  24.25  973.45 v _172976_/Y (MAJx2_ASAP7_75t_R)
  24.31  997.76 v _172977_/Y (MAJx2_ASAP7_75t_R)
  24.07 1021.84 v _172978_/Y (MAJx2_ASAP7_75t_R)
  24.20 1046.04 v _172979_/Y (MAJx2_ASAP7_75t_R)
  25.95 1071.99 v _172980_/Y (MAJx2_ASAP7_75t_R)
  26.90 1098.89 v _172981_/Y (MAJx2_ASAP7_75t_R)
  24.23 1123.12 v _172982_/Y (MAJx2_ASAP7_75t_R)
  24.06 1147.18 v _172983_/Y (MAJx2_ASAP7_75t_R)
  24.20 1171.38 v _172984_/Y (MAJx2_ASAP7_75t_R)
  24.04 1195.42 v _172985_/Y (MAJx2_ASAP7_75t_R)
  24.14 1219.55 v _172986_/Y (MAJx2_ASAP7_75t_R)
  22.04 1241.59 v _173115_/Y (MAJx2_ASAP7_75t_R)
  37.85 1279.44 ^ _173116_/Y (XNOR2x2_ASAP7_75t_R)
  54.25 1333.69 ^ wire1735/Y (BUFx16f_ASAP7_75t_R)
  59.66 1393.35 v _173478_/Y (XNOR2x2_ASAP7_75t_R)
  23.62 1416.97 v _173547_/Y (AND4x1_ASAP7_75t_R)
  35.76 1452.72 v _173551_/Y (AND2x2_ASAP7_75t_R)
 105.46 1558.19 ^ _174372_/Y (NAND2x1_ASAP7_75t_R)
  65.21 1623.40 ^ _174396_/Y (OR3x1_ASAP7_75t_R)
   6.60 1630.00 v _174397_/Y (INVx1_ASAP7_75t_R)
  15.85 1645.85 v _174398_/Y (AO21x1_ASAP7_75t_R)
  14.52 1660.36 v _174399_/Y (OA21x2_ASAP7_75t_R)
  21.32 1681.68 ^ _174415_/Y (AOI211x1_ASAP7_75t_R)
  22.99 1704.67 v _174417_/Y (NOR2x1_ASAP7_75t_R)
  14.97 1719.64 ^ _174418_/Y (AOI211x1_ASAP7_75t_R)
  24.40 1744.04 ^ _174420_/Y (OA211x2_ASAP7_75t_R)
   7.00 1751.04 v _174422_/Y (OAI21x1_ASAP7_75t_R)
  24.53 1775.56 v _174425_/Y (AO221x1_ASAP7_75t_R)
  19.86 1795.43 v _174426_/Y (OR2x2_ASAP7_75t_R)
  14.92 1810.34 v _174427_/Y (AO21x1_ASAP7_75t_R)
  15.34 1825.68 v _174429_/Y (AO21x1_ASAP7_75t_R)
  14.33 1840.01 v _174430_/Y (OA21x2_ASAP7_75t_R)
  21.78 1861.79 v _174431_/Y (MAJx2_ASAP7_75t_R)
  14.82 1876.62 v _174432_/Y (AND3x1_ASAP7_75t_R)
  14.71 1891.32 ^ _174434_/Y (NOR2x1_ASAP7_75t_R)
  57.94 1949.26 v _174435_/Y (NAND2x1_ASAP7_75t_R)
  57.63 2006.89 ^ _174482_/Y (INVx1_ASAP7_75t_R)
  20.15 2027.05 ^ _174484_/Y (AO21x1_ASAP7_75t_R)
  19.53 2046.58 ^ _174486_/Y (OA211x2_ASAP7_75t_R)
   8.07 2054.65 v _174489_/Y (OAI21x1_ASAP7_75t_R)
  16.92 2071.57 v _174490_/Y (AO21x1_ASAP7_75t_R)
  17.12 2088.69 v _174491_/Y (OA21x2_ASAP7_75t_R)
  29.71 2118.40 v _174492_/Y (OA211x2_ASAP7_75t_R)
  18.92 2137.31 v _174493_/Y (AO21x1_ASAP7_75t_R)
  21.64 2158.96 v _174494_/Y (MAJx2_ASAP7_75t_R)
  20.33 2179.29 v _174495_/Y (MAJx2_ASAP7_75t_R)
  20.21 2199.50 v _174496_/Y (MAJx2_ASAP7_75t_R)
  20.34 2219.84 v _174497_/Y (MAJx2_ASAP7_75t_R)
  20.36 2240.20 v _174498_/Y (MAJx2_ASAP7_75t_R)
  20.88 2261.08 v _174499_/Y (MAJx2_ASAP7_75t_R)
  20.93 2282.00 v _174500_/Y (MAJx2_ASAP7_75t_R)
  20.46 2302.47 v _174501_/Y (MAJx2_ASAP7_75t_R)
  20.58 2323.05 v _174502_/Y (MAJx2_ASAP7_75t_R)
  23.78 2346.83 ^ _174503_/Y (XNOR2x2_ASAP7_75t_R)
  12.84 2359.67 v _174521_/Y (OAI21x1_ASAP7_75t_R)
 100.36 2460.03 v _174524_/Y (AND3x1_ASAP7_75t_R)
  58.16 2518.19 v _174567_/Y (AO22x1_ASAP7_75t_R)
  28.69 2546.89 v _174568_/Y (AO32x1_ASAP7_75t_R)
  18.29 2565.18 v _174572_/Y (AND2x2_ASAP7_75t_R)
  20.51 2585.69 v _174573_/Y (MAJx2_ASAP7_75t_R)
  20.69 2606.37 v _174574_/Y (MAJx2_ASAP7_75t_R)
  20.05 2626.43 v _174575_/Y (MAJx2_ASAP7_75t_R)
  20.31 2646.74 v _174576_/Y (MAJx2_ASAP7_75t_R)
   7.76 2654.50 ^ _174577_/Y (NAND2x1_ASAP7_75t_R)
  16.22 2670.72 ^ _174578_/Y (AND2x2_ASAP7_75t_R)
   5.87 2676.58 v _174582_/Y (INVx1_ASAP7_75t_R)
  19.88 2696.46 v _174583_/Y (OR3x1_ASAP7_75t_R)
  28.85 2725.31 v _174584_/Y (OA211x2_ASAP7_75t_R)
  21.45 2746.76 v _174585_/Y (MAJx2_ASAP7_75t_R)
  20.49 2767.25 v _174586_/Y (MAJx2_ASAP7_75t_R)
  20.09 2787.34 v _174587_/Y (MAJx2_ASAP7_75t_R)
  18.11 2805.44 v _174588_/Y (XNOR2x2_ASAP7_75t_R)
  31.30 2836.75 v _174589_/Y (AO21x1_ASAP7_75t_R)
  97.66 2934.41 ^ _174590_/Y (NAND2x1_ASAP7_75t_R)
  82.49 3016.90 ^ _174591_/Y (AND3x1_ASAP7_75t_R)
  13.49 3030.39 v _174592_/Y (INVx1_ASAP7_75t_R)
  47.24 3077.63 v _174593_/Y (AO21x1_ASAP7_75t_R)
  46.25 3123.88 v _174627_/Y (AO22x1_ASAP7_75t_R)
  19.79 3143.67 v _174628_/Y (AND2x2_ASAP7_75t_R)
  19.73 3163.39 v _174629_/Y (MAJx2_ASAP7_75t_R)
  20.32 3183.72 v _174630_/Y (MAJx2_ASAP7_75t_R)
  20.28 3204.00 v _174631_/Y (MAJx2_ASAP7_75t_R)
  20.78 3224.78 v _174632_/Y (MAJx2_ASAP7_75t_R)
  20.63 3245.40 v _174633_/Y (MAJx2_ASAP7_75t_R)
  19.67 3265.08 v _174634_/Y (MAJx2_ASAP7_75t_R)
  12.80 3277.88 v _174635_/Y (OA21x2_ASAP7_75t_R)
  17.31 3295.18 v _174639_/Y (OA21x2_ASAP7_75t_R)
  19.29 3314.47 v _174640_/Y (MAJx2_ASAP7_75t_R)
   9.89 3324.36 ^ _174641_/Y (INVx1_ASAP7_75t_R)
   7.69 3332.04 v _174654_/Y (NAND2x1_ASAP7_75t_R)
  14.67 3346.71 v _174655_/Y (OA21x2_ASAP7_75t_R)
  24.33 3371.04 ^ _174656_/Y (NAND2x1_ASAP7_75t_R)
  98.84 3469.88 ^ _174658_/Y (AND3x1_ASAP7_75t_R)
  29.55 3499.43 v _174682_/Y (NAND2x1_ASAP7_75t_R)
  36.64 3536.06 v _174683_/Y (OA211x2_ASAP7_75t_R)
  24.40 3560.46 v _174716_/Y (MAJx2_ASAP7_75t_R)
  20.93 3581.39 v _174717_/Y (MAJx2_ASAP7_75t_R)
  20.74 3602.13 v _174718_/Y (MAJx2_ASAP7_75t_R)
  19.84 3621.97 v _174719_/Y (MAJx2_ASAP7_75t_R)
  15.05 3637.02 v _174721_/Y (AO21x1_ASAP7_75t_R)
  15.73 3652.75 v _174723_/Y (AND2x2_ASAP7_75t_R)
  19.81 3672.55 v _174724_/Y (MAJx2_ASAP7_75t_R)
  20.56 3693.11 v _174725_/Y (MAJx2_ASAP7_75t_R)
  20.39 3713.51 v _174726_/Y (MAJx2_ASAP7_75t_R)
  20.77 3734.28 ^ _174727_/Y (XNOR2x2_ASAP7_75t_R)
  16.42 3750.69 ^ _174728_/Y (AO21x1_ASAP7_75t_R)
  52.01 3802.70 ^ _174732_/Y (AO21x2_ASAP7_75t_R)
  62.17 3864.87 v _174741_/Y (INVx1_ASAP7_75t_R)
  33.42 3898.29 v _174763_/Y (AO21x1_ASAP7_75t_R)
  25.65 3923.94 v _174764_/Y (AO32x1_ASAP7_75t_R)
  14.05 3937.99 v _174765_/Y (OA21x2_ASAP7_75t_R)
  19.87 3957.86 v _174766_/Y (MAJx2_ASAP7_75t_R)
  20.71 3978.57 v _174767_/Y (MAJx2_ASAP7_75t_R)
  20.47 3999.03 v _174768_/Y (MAJx2_ASAP7_75t_R)
  20.33 4019.36 v _174769_/Y (MAJx2_ASAP7_75t_R)
  20.19 4039.55 v _174770_/Y (MAJx2_ASAP7_75t_R)
  21.06 4060.61 v _174771_/Y (MAJx2_ASAP7_75t_R)
  22.07 4082.68 v _174775_/Y (MAJx2_ASAP7_75t_R)
  20.64 4103.33 v _174776_/Y (MAJx2_ASAP7_75t_R)
  21.91 4125.24 v _174777_/Y (MAJx2_ASAP7_75t_R)
  22.76 4148.00 v _174798_/Y (OR3x1_ASAP7_75t_R)
  25.70 4173.70 ^ _174800_/Y (NAND3x1_ASAP7_75t_R)
  53.82 4227.52 ^ _174801_/Y (AND2x2_ASAP7_75t_R)
  95.72 4323.24 v _174802_/Y (NAND2x1_ASAP7_75t_R)
  41.47 4364.71 v _174820_/Y (AO21x1_ASAP7_75t_R)
  29.95 4394.66 v _174821_/Y (AO32x1_ASAP7_75t_R)
  19.44 4414.10 v _174856_/Y (AND2x2_ASAP7_75t_R)
  19.67 4433.77 v _174857_/Y (MAJx2_ASAP7_75t_R)
  20.22 4453.99 v _174858_/Y (MAJx2_ASAP7_75t_R)
  20.30 4474.29 v _174859_/Y (MAJx2_ASAP7_75t_R)
  20.17 4494.45 v _174860_/Y (MAJx2_ASAP7_75t_R)
  20.30 4514.76 v _174861_/Y (MAJx2_ASAP7_75t_R)
  20.20 4534.96 v _174862_/Y (MAJx2_ASAP7_75t_R)
  20.44 4555.40 v _174863_/Y (MAJx2_ASAP7_75t_R)
  20.26 4575.66 v _174864_/Y (MAJx2_ASAP7_75t_R)
  21.49 4597.14 v _174865_/Y (MAJx2_ASAP7_75t_R)
  18.45 4615.60 v _174866_/Y (AO21x1_ASAP7_75t_R)
  19.91 4635.51 v _174867_/Y (MAJx2_ASAP7_75t_R)
  17.25 4652.76 v _174876_/Y (AO21x1_ASAP7_75t_R)
  58.25 4711.01 ^ _174877_/Y (NAND2x1_ASAP7_75t_R)
  54.19 4765.20 ^ _174883_/Y (AND2x2_ASAP7_75t_R)
  51.72 4816.92 v _174884_/Y (OAI21x1_ASAP7_75t_R)
  49.77 4866.68 v _174915_/Y (AO32x1_ASAP7_75t_R)
  19.81 4886.49 v _174919_/Y (AND2x2_ASAP7_75t_R)
  19.92 4906.41 v _174920_/Y (MAJx2_ASAP7_75t_R)
  20.32 4926.73 v _174921_/Y (MAJx2_ASAP7_75t_R)
  20.57 4947.31 v _174922_/Y (MAJx2_ASAP7_75t_R)
  20.50 4967.80 v _174923_/Y (MAJx2_ASAP7_75t_R)
  10.55 4978.35 ^ _174924_/Y (NAND2x1_ASAP7_75t_R)
  10.35 4988.70 v _174927_/Y (AOI22x1_ASAP7_75t_R)
  22.39 5011.09 v _174928_/Y (MAJx2_ASAP7_75t_R)
  23.01 5034.09 v _174929_/Y (MAJx2_ASAP7_75t_R)
  21.53 5055.63 v _174937_/Y (MAJx2_ASAP7_75t_R)
   8.10 5063.73 ^ _174938_/Y (NAND2x1_ASAP7_75t_R)
  21.00 5084.73 ^ _174939_/Y (OA21x2_ASAP7_75t_R)
  23.08 5107.81 ^ _174940_/Y (AO21x1_ASAP7_75t_R)
  15.33 5123.14 v _174941_/Y (INVx1_ASAP7_75t_R)
  75.78 5198.92 v _174946_/Y (AND3x1_ASAP7_75t_R)
  57.10 5256.02 v _174973_/Y (AO22x1_ASAP7_75t_R)
  34.41 5290.42 v _174974_/Y (AO32x1_ASAP7_75t_R)
  29.73 5320.16 v _174995_/Y (AO32x1_ASAP7_75t_R)
  14.30 5334.46 v _174996_/Y (OA21x2_ASAP7_75t_R)
  20.25 5354.71 v _174997_/Y (MAJx2_ASAP7_75t_R)
  20.59 5375.30 v _174998_/Y (MAJx2_ASAP7_75t_R)
  20.63 5395.94 v _174999_/Y (MAJx2_ASAP7_75t_R)
  20.64 5416.57 v _175000_/Y (MAJx2_ASAP7_75t_R)
  20.41 5436.98 v _175001_/Y (MAJx2_ASAP7_75t_R)
  20.57 5457.55 v _175002_/Y (MAJx2_ASAP7_75t_R)
  20.14 5477.69 v _175003_/Y (MAJx2_ASAP7_75t_R)
   8.14 5485.83 ^ _175004_/Y (INVx1_ASAP7_75t_R)
  17.28 5503.11 ^ _175005_/Y (MAJx2_ASAP7_75t_R)
   8.48 5511.59 v _175006_/Y (INVx1_ASAP7_75t_R)
  19.08 5530.67 v _175007_/Y (AO21x1_ASAP7_75t_R)
  20.36 5551.03 v _175008_/Y (MAJx2_ASAP7_75t_R)
  19.30 5570.32 v _175015_/Y (AO21x1_ASAP7_75t_R)
  55.31 5625.64 v _175017_/Y (AO21x1_ASAP7_75t_R)
  97.40 5723.04 v _175023_/Y (OR3x1_ASAP7_75t_R)
  71.18 5794.22 v _175045_/Y (OA211x2_ASAP7_75t_R)
  23.49 5817.71 v _175046_/Y (OA21x2_ASAP7_75t_R)
  24.29 5842.00 v _175098_/Y (MAJx2_ASAP7_75t_R)
  20.34 5862.34 v _175099_/Y (MAJx2_ASAP7_75t_R)
  20.73 5883.07 v _175100_/Y (MAJx2_ASAP7_75t_R)
  21.27 5904.34 v _175101_/Y (MAJx2_ASAP7_75t_R)
  21.02 5925.36 v _175102_/Y (MAJx2_ASAP7_75t_R)
  20.43 5945.79 v _175103_/Y (MAJx2_ASAP7_75t_R)
  20.61 5966.40 v _175104_/Y (MAJx2_ASAP7_75t_R)
  20.65 5987.05 v _175105_/Y (MAJx2_ASAP7_75t_R)
  20.52 6007.57 v _175106_/Y (XNOR2x2_ASAP7_75t_R)
  37.67 6045.24 v _175107_/Y (AO32x1_ASAP7_75t_R)
  45.37 6090.61 v _175108_/Y (AND2x2_ASAP7_75t_R)
  70.38 6160.99 ^ _175109_/Y (NAND2x1_ASAP7_75t_R)
  72.81 6233.80 ^ _175111_/Y (OR2x2_ASAP7_75t_R)
  27.50 6261.30 v _175141_/Y (NOR2x1_ASAP7_75t_R)
  18.99 6280.29 v _175142_/Y (AO21x1_ASAP7_75t_R)
  19.16 6299.45 v _175143_/Y (AND2x2_ASAP7_75t_R)
  24.58 6324.03 v _175147_/Y (MAJx2_ASAP7_75t_R)
  20.48 6344.51 v _175148_/Y (MAJx2_ASAP7_75t_R)
  20.49 6365.00 v _175149_/Y (MAJx2_ASAP7_75t_R)
  20.38 6385.38 v _175150_/Y (MAJx2_ASAP7_75t_R)
  20.39 6405.77 v _175151_/Y (MAJx2_ASAP7_75t_R)
  20.24 6426.01 v _175152_/Y (MAJx2_ASAP7_75t_R)
  20.62 6446.64 v _175153_/Y (MAJx2_ASAP7_75t_R)
  21.58 6468.22 v _175157_/Y (MAJx2_ASAP7_75t_R)
  20.12 6488.33 v _175158_/Y (MAJx2_ASAP7_75t_R)
   8.07 6496.40 ^ _175159_/Y (INVx1_ASAP7_75t_R)
  20.40 6516.80 ^ _175160_/Y (MAJx2_ASAP7_75t_R)
   6.98 6523.78 v _175181_/Y (NAND3x1_ASAP7_75t_R)
  38.71 6562.49 v _175182_/Y (OA211x2_ASAP7_75t_R)
  60.17 6622.66 v _175184_/Y (OR3x1_ASAP7_75t_R)
  64.22 6686.88 ^ _175191_/Y (INVx1_ASAP7_75t_R)
  25.97 6712.85 ^ _175235_/Y (AO21x1_ASAP7_75t_R)
  25.04 6737.89 ^ _175236_/Y (AO22x1_ASAP7_75t_R)
  21.24 6759.13 ^ _175237_/Y (AND2x2_ASAP7_75t_R)
  17.95 6777.08 ^ _175238_/Y (MAJx2_ASAP7_75t_R)
  17.17 6794.25 ^ _175239_/Y (MAJx2_ASAP7_75t_R)
  15.99 6810.24 ^ _175240_/Y (OA21x2_ASAP7_75t_R)
  15.95 6826.19 ^ _175245_/Y (OA21x2_ASAP7_75t_R)
  17.07 6843.26 ^ _175246_/Y (MAJx2_ASAP7_75t_R)
   7.05 6850.31 v _175247_/Y (INVx1_ASAP7_75t_R)
  22.28 6872.58 v _175248_/Y (MAJx2_ASAP7_75t_R)
  21.02 6893.60 v _175259_/Y (MAJx2_ASAP7_75t_R)
   8.91 6902.52 ^ _175260_/Y (AOI21x1_ASAP7_75t_R)
  18.33 6920.84 ^ _175261_/Y (AO21x1_ASAP7_75t_R)
  35.58 6956.42 v _175262_/Y (NAND2x1_ASAP7_75t_R)
  46.00 7002.42 v _175266_/Y (AND2x2_ASAP7_75t_R)
  35.77 7038.19 v _175298_/Y (AO32x1_ASAP7_75t_R)
  20.27 7058.46 v _175299_/Y (AND2x2_ASAP7_75t_R)
  26.25 7084.71 v _175302_/Y (MAJx2_ASAP7_75t_R)
  20.75 7105.46 v _175303_/Y (MAJx2_ASAP7_75t_R)
  20.68 7126.14 v _175304_/Y (MAJx2_ASAP7_75t_R)
  20.23 7146.38 v _175305_/Y (MAJx2_ASAP7_75t_R)
  20.48 7166.85 v _175306_/Y (MAJx2_ASAP7_75t_R)
  20.36 7187.21 v _175307_/Y (MAJx2_ASAP7_75t_R)
  20.40 7207.61 v _175308_/Y (MAJx2_ASAP7_75t_R)
  20.11 7227.72 v _175309_/Y (MAJx2_ASAP7_75t_R)
  19.79 7247.51 v _175310_/Y (MAJx2_ASAP7_75t_R)
   7.93 7255.44 ^ _175311_/Y (INVx1_ASAP7_75t_R)
  19.78 7275.21 ^ _175312_/Y (MAJx2_ASAP7_75t_R)
  38.58 7313.79 ^ _175337_/Y (OA211x2_ASAP7_75t_R)
  77.19 7390.99 v _175350_/Y (NOR2x1_ASAP7_75t_R)
  35.88 7426.86 v _175354_/Y (AO21x1_ASAP7_75t_R)
  23.24 7450.10 v _175357_/Y (AO221x1_ASAP7_75t_R)
  20.17 7470.27 v _175358_/Y (OA21x2_ASAP7_75t_R)
  26.76 7497.03 v _175417_/Y (MAJx2_ASAP7_75t_R)
  20.42 7517.46 v _175418_/Y (MAJx2_ASAP7_75t_R)
  20.45 7537.90 v _175419_/Y (MAJx2_ASAP7_75t_R)
  20.79 7558.69 v _175420_/Y (MAJx2_ASAP7_75t_R)
  20.92 7579.61 v _175421_/Y (MAJx2_ASAP7_75t_R)
  20.59 7600.19 v _175422_/Y (MAJx2_ASAP7_75t_R)
  20.52 7620.71 v _175423_/Y (MAJx2_ASAP7_75t_R)
  20.35 7641.06 v _175424_/Y (MAJx2_ASAP7_75t_R)
  22.83 7663.89 v _175425_/Y (MAJx2_ASAP7_75t_R)
  20.81 7684.69 v _175426_/Y (MAJx2_ASAP7_75t_R)
  22.74 7707.43 v _175433_/Y (OR3x1_ASAP7_75t_R)
  67.05 7774.48 v _175436_/Y (AND3x1_ASAP7_75t_R)
  72.63 7847.11 ^ _175437_/Y (INVx1_ASAP7_75t_R)
  15.14 7862.25 v _175487_/Y (AOI21x1_ASAP7_75t_R)
  20.08 7882.33 v _175488_/Y (AO21x1_ASAP7_75t_R)
  23.21 7905.54 v _175489_/Y (AO32x1_ASAP7_75t_R)
  30.59 7936.13 v _175490_/Y (AO32x1_ASAP7_75t_R)
  22.62 7958.75 v _175528_/Y (AO21x1_ASAP7_75t_R)
  21.35 7980.11 v _175529_/Y (MAJx2_ASAP7_75t_R)
  20.67 8000.78 v _175530_/Y (MAJx2_ASAP7_75t_R)
  19.89 8020.67 v _175531_/Y (MAJx2_ASAP7_75t_R)
  13.56 8034.23 v _175532_/Y (OA21x2_ASAP7_75t_R)
  20.19 8054.42 v _175533_/Y (MAJx2_ASAP7_75t_R)
  23.33 8077.74 v _175534_/Y (MAJx2_ASAP7_75t_R)
  22.45 8100.19 v _175540_/Y (MAJx2_ASAP7_75t_R)
  33.04 8133.23 v _175555_/Y (AO21x1_ASAP7_75t_R)
  37.82 8171.05 v _175685_/Y (AO221x1_ASAP7_75t_R)
  24.54 8195.59 ^ _175699_/Y (AOI21x1_ASAP7_75t_R)
  89.84 8285.43 ^ _175745_/Y (AND5x1_ASAP7_75t_R)
  94.69 8380.12 ^ _188653_/Y (AND2x2_ASAP7_75t_R)
  74.38 8454.50 ^ _189382_/Y (AO21x1_ASAP7_75t_R)
  34.96 8489.47 ^ output156/Y (BUFx2_ASAP7_75t_R)
   0.40 8489.86 ^ dmem_req_addr[24] (out)
        8489.86   data arrival time

12000.00 12000.00   clock core_clk (rise edge)
   0.00 12000.00   clock network delay (propagated)
 -50.00 11950.00   clock uncertainty
   0.00 11950.00   clock reconvergence pessimism
-2400.00 9550.00   output external delay
        9550.00   data required time
---------------------------------------------------------
        9550.00   data required time
        -8489.86   data arrival time
---------------------------------------------------------
        1060.14   slack (MET)


Startpoint: _341654_ (rising edge-triggered flip-flop clocked by core_clk)
Endpoint: dmem_req_addr[24] (output port clocked by core_clk)
Path Group: reg2out
Path Type: max

  Delay    Time   Description
---------------------------------------------------------
   0.00    0.00   clock core_clk (rise edge)
   0.00    0.00   clock source latency
   0.00    0.00 ^ clk (in)
  50.91   50.91 ^ wire5603/Y (BUFx12_ASAP7_75t_R)
  51.38  102.29 ^ clkbuf_0_clk/Y (BUFx24_ASAP7_75t_R)
  27.77  130.06 ^ clkbuf_1_1_0_clk/Y (BUFx24_ASAP7_75t_R)
  27.98  158.04 ^ clkbuf_2_2_0_clk/Y (BUFx24_ASAP7_75t_R)
  30.88  188.93 ^ clkbuf_3_5_0_clk/Y (BUFx24_ASAP7_75t_R)
  27.14  216.06 ^ clkbuf_4_10_0_clk/Y (BUFx24_ASAP7_75t_R)
  25.36  241.42 ^ clkbuf_6_41_0_clk/Y (BUFx24_ASAP7_75t_R)
  21.68  263.10 ^ clkbuf_7_82__f_clk/Y (BUFx24_ASAP7_75t_R)
  36.43  299.53 ^ clkbuf_leaf_697_clk/Y (BUFx24_ASAP7_75t_R)
   2.69  302.22 ^ _341654_/CLK (DFFHQNx1_ASAP7_75t_R)
 113.09  415.31 v _341654_/QN (DFFHQNx1_ASAP7_75t_R)
  51.35  466.66 ^ _172824_/Y (NOR2x1_ASAP7_75t_R)
  13.81  480.47 v _172957_/Y (INVx1_ASAP7_75t_R)
  31.21  511.67 v _172958_/Y (MAJx2_ASAP7_75t_R)
  44.38  556.06 v _172959_/Y (MAJx2_ASAP7_75t_R)
  24.38  580.44 v _172960_/Y (MAJx2_ASAP7_75t_R)
  24.28  604.72 v _172961_/Y (MAJx2_ASAP7_75t_R)
  24.29  629.01 v _172962_/Y (MAJx2_ASAP7_75t_R)
  24.17  653.17 v _172963_/Y (MAJx2_ASAP7_75t_R)
  24.19  677.37 v _172964_/Y (MAJx2_ASAP7_75t_R)
  23.76  701.13 v _172965_/Y (MAJx2_ASAP7_75t_R)
  24.06  725.19 v _172966_/Y (MAJx2_ASAP7_75t_R)
  24.17  749.36 v _172967_/Y (MAJx2_ASAP7_75t_R)
  24.06  773.42 v _172968_/Y (MAJx2_ASAP7_75t_R)
  24.32  797.75 v _172969_/Y (MAJx2_ASAP7_75t_R)
  24.19  821.94 v _172970_/Y (MAJx2_ASAP7_75t_R)
  24.30  846.24 v _172971_/Y (MAJx2_ASAP7_75t_R)
  26.43  872.67 v _172972_/Y (MAJx2_ASAP7_75t_R)
  27.80  900.47 v _172973_/Y (MAJx2_ASAP7_75t_R)
  24.79  925.27 v _172974_/Y (MAJx2_ASAP7_75t_R)
  23.93  949.20 v _172975_/Y (MAJx2_ASAP7_75t_R)
  24.25  973.45 v _172976_/Y (MAJx2_ASAP7_75t_R)
  24.31  997.76 v _172977_/Y (MAJx2_ASAP7_75t_R)
  24.07 1021.84 v _172978_/Y (MAJx2_ASAP7_75t_R)
  24.20 1046.04 v _172979_/Y (MAJx2_ASAP7_75t_R)
  25.95 1071.99 v _172980_/Y (MAJx2_ASAP7_75t_R)
  26.90 1098.89 v _172981_/Y (MAJx2_ASAP7_75t_R)
  24.23 1123.12 v _172982_/Y (MAJx2_ASAP7_75t_R)
  24.06 1147.18 v _172983_/Y (MAJx2_ASAP7_75t_R)
  24.20 1171.38 v _172984_/Y (MAJx2_ASAP7_75t_R)
  24.04 1195.42 v _172985_/Y (MAJx2_ASAP7_75t_R)
  24.14 1219.55 v _172986_/Y (MAJx2_ASAP7_75t_R)
  22.04 1241.59 v _173115_/Y (MAJx2_ASAP7_75t_R)
  37.85 1279.44 ^ _173116_/Y (XNOR2x2_ASAP7_75t_R)
  54.25 1333.69 ^ wire1735/Y (BUFx16f_ASAP7_75t_R)
  59.66 1393.35 v _173478_/Y (XNOR2x2_ASAP7_75t_R)
  23.62 1416.97 v _173547_/Y (AND4x1_ASAP7_75t_R)
  35.76 1452.72 v _173551_/Y (AND2x2_ASAP7_75t_R)
 105.46 1558.19 ^ _174372_/Y (NAND2x1_ASAP7_75t_R)
  65.21 1623.40 ^ _174396_/Y (OR3x1_ASAP7_75t_R)
   6.60 1630.00 v _174397_/Y (INVx1_ASAP7_75t_R)
  15.85 1645.85 v _174398_/Y (AO21x1_ASAP7_75t_R)
  14.52 1660.36 v _174399_/Y (OA21x2_ASAP7_75t_R)
  21.32 1681.68 ^ _174415_/Y (AOI211x1_ASAP7_75t_R)
  22.99 1704.67 v _174417_/Y (NOR2x1_ASAP7_75t_R)
  14.97 1719.64 ^ _174418_/Y (AOI211x1_ASAP7_75t_R)
  24.40 1744.04 ^ _174420_/Y (OA211x2_ASAP7_75t_R)
   7.00 1751.04 v _174422_/Y (OAI21x1_ASAP7_75t_R)
  24.53 1775.56 v _174425_/Y (AO221x1_ASAP7_75t_R)
  19.86 1795.43 v _174426_/Y (OR2x2_ASAP7_75t_R)
  14.92 1810.34 v _174427_/Y (AO21x1_ASAP7_75t_R)
  15.34 1825.68 v _174429_/Y (AO21x1_ASAP7_75t_R)
  14.33 1840.01 v _174430_/Y (OA21x2_ASAP7_75t_R)
  21.78 1861.79 v _174431_/Y (MAJx2_ASAP7_75t_R)
  14.82 1876.62 v _174432_/Y (AND3x1_ASAP7_75t_R)
  14.71 1891.32 ^ _174434_/Y (NOR2x1_ASAP7_75t_R)
  57.94 1949.26 v _174435_/Y (NAND2x1_ASAP7_75t_R)
  57.63 2006.89 ^ _174482_/Y (INVx1_ASAP7_75t_R)
  20.15 2027.05 ^ _174484_/Y (AO21x1_ASAP7_75t_R)
  19.53 2046.58 ^ _174486_/Y (OA211x2_ASAP7_75t_R)
   8.07 2054.65 v _174489_/Y (OAI21x1_ASAP7_75t_R)
  16.92 2071.57 v _174490_/Y (AO21x1_ASAP7_75t_R)
  17.12 2088.69 v _174491_/Y (OA21x2_ASAP7_75t_R)
  29.71 2118.40 v _174492_/Y (OA211x2_ASAP7_75t_R)
  18.92 2137.31 v _174493_/Y (AO21x1_ASAP7_75t_R)
  21.64 2158.96 v _174494_/Y (MAJx2_ASAP7_75t_R)
  20.33 2179.29 v _174495_/Y (MAJx2_ASAP7_75t_R)
  20.21 2199.50 v _174496_/Y (MAJx2_ASAP7_75t_R)
  20.34 2219.84 v _174497_/Y (MAJx2_ASAP7_75t_R)
  20.36 2240.20 v _174498_/Y (MAJx2_ASAP7_75t_R)
  20.88 2261.08 v _174499_/Y (MAJx2_ASAP7_75t_R)
  20.93 2282.00 v _174500_/Y (MAJx2_ASAP7_75t_R)
  20.46 2302.47 v _174501_/Y (MAJx2_ASAP7_75t_R)
  20.58 2323.05 v _174502_/Y (MAJx2_ASAP7_75t_R)
  23.78 2346.83 ^ _174503_/Y (XNOR2x2_ASAP7_75t_R)
  12.84 2359.67 v _174521_/Y (OAI21x1_ASAP7_75t_R)
 100.36 2460.03 v _174524_/Y (AND3x1_ASAP7_75t_R)
  58.16 2518.19 v _174567_/Y (AO22x1_ASAP7_75t_R)
  28.69 2546.89 v _174568_/Y (AO32x1_ASAP7_75t_R)
  18.29 2565.18 v _174572_/Y (AND2x2_ASAP7_75t_R)
  20.51 2585.69 v _174573_/Y (MAJx2_ASAP7_75t_R)
  20.69 2606.37 v _174574_/Y (MAJx2_ASAP7_75t_R)
  20.05 2626.43 v _174575_/Y (MAJx2_ASAP7_75t_R)
  20.31 2646.74 v _174576_/Y (MAJx2_ASAP7_75t_R)
   7.76 2654.50 ^ _174577_/Y (NAND2x1_ASAP7_75t_R)
  16.22 2670.72 ^ _174578_/Y (AND2x2_ASAP7_75t_R)
   5.87 2676.58 v _174582_/Y (INVx1_ASAP7_75t_R)
  19.88 2696.46 v _174583_/Y (OR3x1_ASAP7_75t_R)
  28.85 2725.31 v _174584_/Y (OA211x2_ASAP7_75t_R)
  21.45 2746.76 v _174585_/Y (MAJx2_ASAP7_75t_R)
  20.49 2767.25 v _174586_/Y (MAJx2_ASAP7_75t_R)
  20.09 2787.34 v _174587_/Y (MAJx2_ASAP7_75t_R)
  18.11 2805.44 v _174588_/Y (XNOR2x2_ASAP7_75t_R)
  31.30 2836.75 v _174589_/Y (AO21x1_ASAP7_75t_R)
  97.66 2934.41 ^ _174590_/Y (NAND2x1_ASAP7_75t_R)
  82.49 3016.90 ^ _174591_/Y (AND3x1_ASAP7_75t_R)
  13.49 3030.39 v _174592_/Y (INVx1_ASAP7_75t_R)
  47.24 3077.63 v _174593_/Y (AO21x1_ASAP7_75t_R)
  46.25 3123.88 v _174627_/Y (AO22x1_ASAP7_75t_R)
  19.79 3143.67 v _174628_/Y (AND2x2_ASAP7_75t_R)
  19.73 3163.39 v _174629_/Y (MAJx2_ASAP7_75t_R)
  20.32 3183.72 v _174630_/Y (MAJx2_ASAP7_75t_R)
  20.28 3204.00 v _174631_/Y (MAJx2_ASAP7_75t_R)
  20.78 3224.78 v _174632_/Y (MAJx2_ASAP7_75t_R)
  20.63 3245.40 v _174633_/Y (MAJx2_ASAP7_75t_R)
  19.67 3265.08 v _174634_/Y (MAJx2_ASAP7_75t_R)
  12.80 3277.88 v _174635_/Y (OA21x2_ASAP7_75t_R)
  17.31 3295.18 v _174639_/Y (OA21x2_ASAP7_75t_R)
  19.29 3314.47 v _174640_/Y (MAJx2_ASAP7_75t_R)
   9.89 3324.36 ^ _174641_/Y (INVx1_ASAP7_75t_R)
   7.69 3332.04 v _174654_/Y (NAND2x1_ASAP7_75t_R)
  14.67 3346.71 v _174655_/Y (OA21x2_ASAP7_75t_R)
  24.33 3371.04 ^ _174656_/Y (NAND2x1_ASAP7_75t_R)
  98.84 3469.88 ^ _174658_/Y (AND3x1_ASAP7_75t_R)
  29.55 3499.43 v _174682_/Y (NAND2x1_ASAP7_75t_R)
  36.64 3536.06 v _174683_/Y (OA211x2_ASAP7_75t_R)
  24.40 3560.46 v _174716_/Y (MAJx2_ASAP7_75t_R)
  20.93 3581.39 v _174717_/Y (MAJx2_ASAP7_75t_R)
  20.74 3602.13 v _174718_/Y (MAJx2_ASAP7_75t_R)
  19.84 3621.97 v _174719_/Y (MAJx2_ASAP7_75t_R)
  15.05 3637.02 v _174721_/Y (AO21x1_ASAP7_75t_R)
  15.73 3652.75 v _174723_/Y (AND2x2_ASAP7_75t_R)
  19.81 3672.55 v _174724_/Y (MAJx2_ASAP7_75t_R)
  20.56 3693.11 v _174725_/Y (MAJx2_ASAP7_75t_R)
  20.39 3713.51 v _174726_/Y (MAJx2_ASAP7_75t_R)
  20.77 3734.28 ^ _174727_/Y (XNOR2x2_ASAP7_75t_R)
  16.42 3750.69 ^ _174728_/Y (AO21x1_ASAP7_75t_R)
  52.01 3802.70 ^ _174732_/Y (AO21x2_ASAP7_75t_R)
  62.17 3864.87 v _174741_/Y (INVx1_ASAP7_75t_R)
  33.42 3898.29 v _174763_/Y (AO21x1_ASAP7_75t_R)
  25.65 3923.94 v _174764_/Y (AO32x1_ASAP7_75t_R)
  14.05 3937.99 v _174765_/Y (OA21x2_ASAP7_75t_R)
  19.87 3957.86 v _174766_/Y (MAJx2_ASAP7_75t_R)
  20.71 3978.57 v _174767_/Y (MAJx2_ASAP7_75t_R)
  20.47 3999.03 v _174768_/Y (MAJx2_ASAP7_75t_R)
  20.33 4019.36 v _174769_/Y (MAJx2_ASAP7_75t_R)
  20.19 4039.55 v _174770_/Y (MAJx2_ASAP7_75t_R)
  21.06 4060.61 v _174771_/Y (MAJx2_ASAP7_75t_R)
  22.07 4082.68 v _174775_/Y (MAJx2_ASAP7_75t_R)
  20.64 4103.33 v _174776_/Y (MAJx2_ASAP7_75t_R)
  21.91 4125.24 v _174777_/Y (MAJx2_ASAP7_75t_R)
  22.76 4148.00 v _174798_/Y (OR3x1_ASAP7_75t_R)
  25.70 4173.70 ^ _174800_/Y (NAND3x1_ASAP7_75t_R)
  53.82 4227.52 ^ _174801_/Y (AND2x2_ASAP7_75t_R)
  95.72 4323.24 v _174802_/Y (NAND2x1_ASAP7_75t_R)
  41.47 4364.71 v _174820_/Y (AO21x1_ASAP7_75t_R)
  29.95 4394.66 v _174821_/Y (AO32x1_ASAP7_75t_R)
  19.44 4414.10 v _174856_/Y (AND2x2_ASAP7_75t_R)
  19.67 4433.77 v _174857_/Y (MAJx2_ASAP7_75t_R)
  20.22 4453.99 v _174858_/Y (MAJx2_ASAP7_75t_R)
  20.30 4474.29 v _174859_/Y (MAJx2_ASAP7_75t_R)
  20.17 4494.45 v _174860_/Y (MAJx2_ASAP7_75t_R)
  20.30 4514.76 v _174861_/Y (MAJx2_ASAP7_75t_R)
  20.20 4534.96 v _174862_/Y (MAJx2_ASAP7_75t_R)
  20.44 4555.40 v _174863_/Y (MAJx2_ASAP7_75t_R)
  20.26 4575.66 v _174864_/Y (MAJx2_ASAP7_75t_R)
  21.49 4597.14 v _174865_/Y (MAJx2_ASAP7_75t_R)
  18.45 4615.60 v _174866_/Y (AO21x1_ASAP7_75t_R)
  19.91 4635.51 v _174867_/Y (MAJx2_ASAP7_75t_R)
  17.25 4652.76 v _174876_/Y (AO21x1_ASAP7_75t_R)
  58.25 4711.01 ^ _174877_/Y (NAND2x1_ASAP7_75t_R)
  54.19 4765.20 ^ _174883_/Y (AND2x2_ASAP7_75t_R)
  51.72 4816.92 v _174884_/Y (OAI21x1_ASAP7_75t_R)
  49.77 4866.68 v _174915_/Y (AO32x1_ASAP7_75t_R)
  19.81 4886.49 v _174919_/Y (AND2x2_ASAP7_75t_R)
  19.92 4906.41 v _174920_/Y (MAJx2_ASAP7_75t_R)
  20.32 4926.73 v _174921_/Y (MAJx2_ASAP7_75t_R)
  20.57 4947.31 v _174922_/Y (MAJx2_ASAP7_75t_R)
  20.50 4967.80 v _174923_/Y (MAJx2_ASAP7_75t_R)
  10.55 4978.35 ^ _174924_/Y (NAND2x1_ASAP7_75t_R)
  10.35 4988.70 v _174927_/Y (AOI22x1_ASAP7_75t_R)
  22.39 5011.09 v _174928_/Y (MAJx2_ASAP7_75t_R)
  23.01 5034.09 v _174929_/Y (MAJx2_ASAP7_75t_R)
  21.53 5055.63 v _174937_/Y (MAJx2_ASAP7_75t_R)
   8.10 5063.73 ^ _174938_/Y (NAND2x1_ASAP7_75t_R)
  21.00 5084.73 ^ _174939_/Y (OA21x2_ASAP7_75t_R)
  23.08 5107.81 ^ _174940_/Y (AO21x1_ASAP7_75t_R)
  15.33 5123.14 v _174941_/Y (INVx1_ASAP7_75t_R)
  75.78 5198.92 v _174946_/Y (AND3x1_ASAP7_75t_R)
  57.10 5256.02 v _174973_/Y (AO22x1_ASAP7_75t_R)
  34.41 5290.42 v _174974_/Y (AO32x1_ASAP7_75t_R)
  29.73 5320.16 v _174995_/Y (AO32x1_ASAP7_75t_R)
  14.30 5334.46 v _174996_/Y (OA21x2_ASAP7_75t_R)
  20.25 5354.71 v _174997_/Y (MAJx2_ASAP7_75t_R)
  20.59 5375.30 v _174998_/Y (MAJx2_ASAP7_75t_R)
  20.63 5395.94 v _174999_/Y (MAJx2_ASAP7_75t_R)
  20.64 5416.57 v _175000_/Y (MAJx2_ASAP7_75t_R)
  20.41 5436.98 v _175001_/Y (MAJx2_ASAP7_75t_R)
  20.57 5457.55 v _175002_/Y (MAJx2_ASAP7_75t_R)
  20.14 5477.69 v _175003_/Y (MAJx2_ASAP7_75t_R)
   8.14 5485.83 ^ _175004_/Y (INVx1_ASAP7_75t_R)
  17.28 5503.11 ^ _175005_/Y (MAJx2_ASAP7_75t_R)
   8.48 5511.59 v _175006_/Y (INVx1_ASAP7_75t_R)
  19.08 5530.67 v _175007_/Y (AO21x1_ASAP7_75t_R)
  20.36 5551.03 v _175008_/Y (MAJx2_ASAP7_75t_R)
  19.30 5570.32 v _175015_/Y (AO21x1_ASAP7_75t_R)
  55.31 5625.64 v _175017_/Y (AO21x1_ASAP7_75t_R)
  97.40 5723.04 v _175023_/Y (OR3x1_ASAP7_75t_R)
  71.18 5794.22 v _175045_/Y (OA211x2_ASAP7_75t_R)
  23.49 5817.71 v _175046_/Y (OA21x2_ASAP7_75t_R)
  24.29 5842.00 v _175098_/Y (MAJx2_ASAP7_75t_R)
  20.34 5862.34 v _175099_/Y (MAJx2_ASAP7_75t_R)
  20.73 5883.07 v _175100_/Y (MAJx2_ASAP7_75t_R)
  21.27 5904.34 v _175101_/Y (MAJx2_ASAP7_75t_R)
  21.02 5925.36 v _175102_/Y (MAJx2_ASAP7_75t_R)
  20.43 5945.79 v _175103_/Y (MAJx2_ASAP7_75t_R)
  20.61 5966.40 v _175104_/Y (MAJx2_ASAP7_75t_R)
  20.65 5987.05 v _175105_/Y (MAJx2_ASAP7_75t_R)
  20.52 6007.57 v _175106_/Y (XNOR2x2_ASAP7_75t_R)
  37.67 6045.24 v _175107_/Y (AO32x1_ASAP7_75t_R)
  45.37 6090.61 v _175108_/Y (AND2x2_ASAP7_75t_R)
  70.38 6160.99 ^ _175109_/Y (NAND2x1_ASAP7_75t_R)
  72.81 6233.80 ^ _175111_/Y (OR2x2_ASAP7_75t_R)
  27.50 6261.30 v _175141_/Y (NOR2x1_ASAP7_75t_R)
  18.99 6280.29 v _175142_/Y (AO21x1_ASAP7_75t_R)
  19.16 6299.45 v _175143_/Y (AND2x2_ASAP7_75t_R)
  24.58 6324.03 v _175147_/Y (MAJx2_ASAP7_75t_R)
  20.48 6344.51 v _175148_/Y (MAJx2_ASAP7_75t_R)
  20.49 6365.00 v _175149_/Y (MAJx2_ASAP7_75t_R)
  20.38 6385.38 v _175150_/Y (MAJx2_ASAP7_75t_R)
  20.39 6405.77 v _175151_/Y (MAJx2_ASAP7_75t_R)
  20.24 6426.01 v _175152_/Y (MAJx2_ASAP7_75t_R)
  20.62 6446.64 v _175153_/Y (MAJx2_ASAP7_75t_R)
  21.58 6468.22 v _175157_/Y (MAJx2_ASAP7_75t_R)
  20.12 6488.33 v _175158_/Y (MAJx2_ASAP7_75t_R)
   8.07 6496.40 ^ _175159_/Y (INVx1_ASAP7_75t_R)
  20.40 6516.80 ^ _175160_/Y (MAJx2_ASAP7_75t_R)
   6.98 6523.78 v _175181_/Y (NAND3x1_ASAP7_75t_R)
  38.71 6562.49 v _175182_/Y (OA211x2_ASAP7_75t_R)
  60.17 6622.66 v _175184_/Y (OR3x1_ASAP7_75t_R)
  64.22 6686.88 ^ _175191_/Y (INVx1_ASAP7_75t_R)
  25.97 6712.85 ^ _175235_/Y (AO21x1_ASAP7_75t_R)
  25.04 6737.89 ^ _175236_/Y (AO22x1_ASAP7_75t_R)
  21.24 6759.13 ^ _175237_/Y (AND2x2_ASAP7_75t_R)
  17.95 6777.08 ^ _175238_/Y (MAJx2_ASAP7_75t_R)
  17.17 6794.25 ^ _175239_/Y (MAJx2_ASAP7_75t_R)
  15.99 6810.24 ^ _175240_/Y (OA21x2_ASAP7_75t_R)
  15.95 6826.19 ^ _175245_/Y (OA21x2_ASAP7_75t_R)
  17.07 6843.26 ^ _175246_/Y (MAJx2_ASAP7_75t_R)
   7.05 6850.31 v _175247_/Y (INVx1_ASAP7_75t_R)
  22.28 6872.58 v _175248_/Y (MAJx2_ASAP7_75t_R)
  21.02 6893.60 v _175259_/Y (MAJx2_ASAP7_75t_R)
   8.91 6902.52 ^ _175260_/Y (AOI21x1_ASAP7_75t_R)
  18.33 6920.84 ^ _175261_/Y (AO21x1_ASAP7_75t_R)
  35.58 6956.42 v _175262_/Y (NAND2x1_ASAP7_75t_R)
  46.00 7002.42 v _175266_/Y (AND2x2_ASAP7_75t_R)
  35.77 7038.19 v _175298_/Y (AO32x1_ASAP7_75t_R)
  20.27 7058.46 v _175299_/Y (AND2x2_ASAP7_75t_R)
  26.25 7084.71 v _175302_/Y (MAJx2_ASAP7_75t_R)
  20.75 7105.46 v _175303_/Y (MAJx2_ASAP7_75t_R)
  20.68 7126.14 v _175304_/Y (MAJx2_ASAP7_75t_R)
  20.23 7146.38 v _175305_/Y (MAJx2_ASAP7_75t_R)
  20.48 7166.85 v _175306_/Y (MAJx2_ASAP7_75t_R)
  20.36 7187.21 v _175307_/Y (MAJx2_ASAP7_75t_R)
  20.40 7207.61 v _175308_/Y (MAJx2_ASAP7_75t_R)
  20.11 7227.72 v _175309_/Y (MAJx2_ASAP7_75t_R)
  19.79 7247.51 v _175310_/Y (MAJx2_ASAP7_75t_R)
   7.93 7255.44 ^ _175311_/Y (INVx1_ASAP7_75t_R)
  19.78 7275.21 ^ _175312_/Y (MAJx2_ASAP7_75t_R)
  38.58 7313.79 ^ _175337_/Y (OA211x2_ASAP7_75t_R)
  77.19 7390.99 v _175350_/Y (NOR2x1_ASAP7_75t_R)
  35.88 7426.86 v _175354_/Y (AO21x1_ASAP7_75t_R)
  23.24 7450.10 v _175357_/Y (AO221x1_ASAP7_75t_R)
  20.17 7470.27 v _175358_/Y (OA21x2_ASAP7_75t_R)
  26.76 7497.03 v _175417_/Y (MAJx2_ASAP7_75t_R)
  20.42 7517.46 v _175418_/Y (MAJx2_ASAP7_75t_R)
  20.45 7537.90 v _175419_/Y (MAJx2_ASAP7_75t_R)
  20.79 7558.69 v _175420_/Y (MAJx2_ASAP7_75t_R)
  20.92 7579.61 v _175421_/Y (MAJx2_ASAP7_75t_R)
  20.59 7600.19 v _175422_/Y (MAJx2_ASAP7_75t_R)
  20.52 7620.71 v _175423_/Y (MAJx2_ASAP7_75t_R)
  20.35 7641.06 v _175424_/Y (MAJx2_ASAP7_75t_R)
  22.83 7663.89 v _175425_/Y (MAJx2_ASAP7_75t_R)
  20.81 7684.69 v _175426_/Y (MAJx2_ASAP7_75t_R)
  22.74 7707.43 v _175433_/Y (OR3x1_ASAP7_75t_R)
  67.05 7774.48 v _175436_/Y (AND3x1_ASAP7_75t_R)
  72.63 7847.11 ^ _175437_/Y (INVx1_ASAP7_75t_R)
  15.14 7862.25 v _175487_/Y (AOI21x1_ASAP7_75t_R)
  20.08 7882.33 v _175488_/Y (AO21x1_ASAP7_75t_R)
  23.21 7905.54 v _175489_/Y (AO32x1_ASAP7_75t_R)
  30.59 7936.13 v _175490_/Y (AO32x1_ASAP7_75t_R)
  22.62 7958.75 v _175528_/Y (AO21x1_ASAP7_75t_R)
  21.35 7980.11 v _175529_/Y (MAJx2_ASAP7_75t_R)
  20.67 8000.78 v _175530_/Y (MAJx2_ASAP7_75t_R)
  19.89 8020.67 v _175531_/Y (MAJx2_ASAP7_75t_R)
  13.56 8034.23 v _175532_/Y (OA21x2_ASAP7_75t_R)
  20.19 8054.42 v _175533_/Y (MAJx2_ASAP7_75t_R)
  23.33 8077.74 v _175534_/Y (MAJx2_ASAP7_75t_R)
  22.45 8100.19 v _175540_/Y (MAJx2_ASAP7_75t_R)
  33.04 8133.23 v _175555_/Y (AO21x1_ASAP7_75t_R)
  37.82 8171.05 v _175685_/Y (AO221x1_ASAP7_75t_R)
  24.54 8195.59 ^ _175699_/Y (AOI21x1_ASAP7_75t_R)
  89.84 8285.43 ^ _175745_/Y (AND5x1_ASAP7_75t_R)
  94.69 8380.12 ^ _188653_/Y (AND2x2_ASAP7_75t_R)
  74.38 8454.50 ^ _189382_/Y (AO21x1_ASAP7_75t_R)
  34.96 8489.47 ^ output156/Y (BUFx2_ASAP7_75t_R)
   0.40 8489.86 ^ dmem_req_addr[24] (out)
        8489.86   data arrival time

12000.00 12000.00   clock core_clk (rise edge)
   0.00 12000.00   clock network delay (propagated)
 -50.00 11950.00   clock uncertainty
   0.00 11950.00   clock reconvergence pessimism
-2400.00 9550.00   output external delay
        9550.00   data required time
---------------------------------------------------------
        9550.00   data required time
        -8489.86   data arrival time
---------------------------------------------------------
        1060.14   slack (MET)


Startpoint: _341654_ (rising edge-triggered flip-flop clocked by core_clk)
Endpoint: dmem_req_addr[24] (output port clocked by core_clk)
Path Group: reg2out
Path Type: max

  Delay    Time   Description
---------------------------------------------------------
   0.00    0.00   clock core_clk (rise edge)
   0.00    0.00   clock source latency
   0.00    0.00 ^ clk (in)
  50.91   50.91 ^ wire5603/Y (BUFx12_ASAP7_75t_R)
  51.38  102.29 ^ clkbuf_0_clk/Y (BUFx24_ASAP7_75t_R)
  27.77  130.06 ^ clkbuf_1_1_0_clk/Y (BUFx24_ASAP7_75t_R)
  27.98  158.04 ^ clkbuf_2_2_0_clk/Y (BUFx24_ASAP7_75t_R)
  30.88  188.93 ^ clkbuf_3_5_0_clk/Y (BUFx24_ASAP7_75t_R)
  27.14  216.06 ^ clkbuf_4_10_0_clk/Y (BUFx24_ASAP7_75t_R)
  25.36  241.42 ^ clkbuf_6_41_0_clk/Y (BUFx24_ASAP7_75t_R)
  21.68  263.10 ^ clkbuf_7_82__f_clk/Y (BUFx24_ASAP7_75t_R)
  36.43  299.53 ^ clkbuf_leaf_697_clk/Y (BUFx24_ASAP7_75t_R)
   2.69  302.22 ^ _341654_/CLK (DFFHQNx1_ASAP7_75t_R)
 113.09  415.31 v _341654_/QN (DFFHQNx1_ASAP7_75t_R)
  51.35  466.66 ^ _172824_/Y (NOR2x1_ASAP7_75t_R)
  13.81  480.47 v _172957_/Y (INVx1_ASAP7_75t_R)
  31.21  511.67 v _172958_/Y (MAJx2_ASAP7_75t_R)
  44.38  556.06 v _172959_/Y (MAJx2_ASAP7_75t_R)
  24.38  580.44 v _172960_/Y (MAJx2_ASAP7_75t_R)
  24.28  604.72 v _172961_/Y (MAJx2_ASAP7_75t_R)
  24.29  629.01 v _172962_/Y (MAJx2_ASAP7_75t_R)
  24.17  653.17 v _172963_/Y (MAJx2_ASAP7_75t_R)
  24.19  677.37 v _172964_/Y (MAJx2_ASAP7_75t_R)
  23.76  701.13 v _172965_/Y (MAJx2_ASAP7_75t_R)
  24.06  725.19 v _172966_/Y (MAJx2_ASAP7_75t_R)
  24.17  749.36 v _172967_/Y (MAJx2_ASAP7_75t_R)
  24.06  773.42 v _172968_/Y (MAJx2_ASAP7_75t_R)
  24.32  797.75 v _172969_/Y (MAJx2_ASAP7_75t_R)
  24.19  821.94 v _172970_/Y (MAJx2_ASAP7_75t_R)
  24.30  846.24 v _172971_/Y (MAJx2_ASAP7_75t_R)
  26.43  872.67 v _172972_/Y (MAJx2_ASAP7_75t_R)
  27.80  900.47 v _172973_/Y (MAJx2_ASAP7_75t_R)
  24.79  925.27 v _172974_/Y (MAJx2_ASAP7_75t_R)
  23.93  949.20 v _172975_/Y (MAJx2_ASAP7_75t_R)
  24.25  973.45 v _172976_/Y (MAJx2_ASAP7_75t_R)
  24.31  997.76 v _172977_/Y (MAJx2_ASAP7_75t_R)
  24.07 1021.84 v _172978_/Y (MAJx2_ASAP7_75t_R)
  24.20 1046.04 v _172979_/Y (MAJx2_ASAP7_75t_R)
  25.95 1071.99 v _172980_/Y (MAJx2_ASAP7_75t_R)
  26.90 1098.89 v _172981_/Y (MAJx2_ASAP7_75t_R)
  24.23 1123.12 v _172982_/Y (MAJx2_ASAP7_75t_R)
  24.06 1147.18 v _172983_/Y (MAJx2_ASAP7_75t_R)
  24.20 1171.38 v _172984_/Y (MAJx2_ASAP7_75t_R)
  24.04 1195.42 v _172985_/Y (MAJx2_ASAP7_75t_R)
  24.14 1219.55 v _172986_/Y (MAJx2_ASAP7_75t_R)
  22.04 1241.59 v _173115_/Y (MAJx2_ASAP7_75t_R)
  37.85 1279.44 ^ _173116_/Y (XNOR2x2_ASAP7_75t_R)
  54.25 1333.69 ^ wire1735/Y (BUFx16f_ASAP7_75t_R)
  59.66 1393.35 v _173478_/Y (XNOR2x2_ASAP7_75t_R)
  23.62 1416.97 v _173547_/Y (AND4x1_ASAP7_75t_R)
  35.76 1452.72 v _173551_/Y (AND2x2_ASAP7_75t_R)
 105.46 1558.19 ^ _174372_/Y (NAND2x1_ASAP7_75t_R)
  65.21 1623.40 ^ _174396_/Y (OR3x1_ASAP7_75t_R)
   6.60 1630.00 v _174397_/Y (INVx1_ASAP7_75t_R)
  15.85 1645.85 v _174398_/Y (AO21x1_ASAP7_75t_R)
  14.52 1660.36 v _174399_/Y (OA21x2_ASAP7_75t_R)
  21.32 1681.68 ^ _174415_/Y (AOI211x1_ASAP7_75t_R)
  22.99 1704.67 v _174417_/Y (NOR2x1_ASAP7_75t_R)
  14.97 1719.64 ^ _174418_/Y (AOI211x1_ASAP7_75t_R)
  24.40 1744.04 ^ _174420_/Y (OA211x2_ASAP7_75t_R)
   7.00 1751.04 v _174422_/Y (OAI21x1_ASAP7_75t_R)
  24.53 1775.56 v _174425_/Y (AO221x1_ASAP7_75t_R)
  19.86 1795.43 v _174426_/Y (OR2x2_ASAP7_75t_R)
  14.92 1810.34 v _174427_/Y (AO21x1_ASAP7_75t_R)
  15.34 1825.68 v _174429_/Y (AO21x1_ASAP7_75t_R)
  14.33 1840.01 v _174430_/Y (OA21x2_ASAP7_75t_R)
  21.78 1861.79 v _174431_/Y (MAJx2_ASAP7_75t_R)
  14.82 1876.62 v _174432_/Y (AND3x1_ASAP7_75t_R)
  14.71 1891.32 ^ _174434_/Y (NOR2x1_ASAP7_75t_R)
  57.94 1949.26 v _174435_/Y (NAND2x1_ASAP7_75t_R)
  57.63 2006.89 ^ _174482_/Y (INVx1_ASAP7_75t_R)
  20.15 2027.05 ^ _174484_/Y (AO21x1_ASAP7_75t_R)
  19.53 2046.58 ^ _174486_/Y (OA211x2_ASAP7_75t_R)
   8.07 2054.65 v _174489_/Y (OAI21x1_ASAP7_75t_R)
  16.92 2071.57 v _174490_/Y (AO21x1_ASAP7_75t_R)
  17.12 2088.69 v _174491_/Y (OA21x2_ASAP7_75t_R)
  29.71 2118.40 v _174492_/Y (OA211x2_ASAP7_75t_R)
  18.92 2137.31 v _174493_/Y (AO21x1_ASAP7_75t_R)
  21.64 2158.96 v _174494_/Y (MAJx2_ASAP7_75t_R)
  20.33 2179.29 v _174495_/Y (MAJx2_ASAP7_75t_R)
  20.21 2199.50 v _174496_/Y (MAJx2_ASAP7_75t_R)
  20.34 2219.84 v _174497_/Y (MAJx2_ASAP7_75t_R)
  20.36 2240.20 v _174498_/Y (MAJx2_ASAP7_75t_R)
  20.88 2261.08 v _174499_/Y (MAJx2_ASAP7_75t_R)
  20.93 2282.00 v _174500_/Y (MAJx2_ASAP7_75t_R)
  20.46 2302.47 v _174501_/Y (MAJx2_ASAP7_75t_R)
  20.58 2323.05 v _174502_/Y (MAJx2_ASAP7_75t_R)
  23.78 2346.83 ^ _174503_/Y (XNOR2x2_ASAP7_75t_R)
  12.84 2359.67 v _174521_/Y (OAI21x1_ASAP7_75t_R)
 100.36 2460.03 v _174524_/Y (AND3x1_ASAP7_75t_R)
  58.16 2518.19 v _174567_/Y (AO22x1_ASAP7_75t_R)
  28.69 2546.89 v _174568_/Y (AO32x1_ASAP7_75t_R)
  18.29 2565.18 v _174572_/Y (AND2x2_ASAP7_75t_R)
  20.51 2585.69 v _174573_/Y (MAJx2_ASAP7_75t_R)
  20.69 2606.37 v _174574_/Y (MAJx2_ASAP7_75t_R)
  20.05 2626.43 v _174575_/Y (MAJx2_ASAP7_75t_R)
  20.31 2646.74 v _174576_/Y (MAJx2_ASAP7_75t_R)
   7.76 2654.50 ^ _174577_/Y (NAND2x1_ASAP7_75t_R)
  16.22 2670.72 ^ _174578_/Y (AND2x2_ASAP7_75t_R)
   5.87 2676.58 v _174582_/Y (INVx1_ASAP7_75t_R)
  19.88 2696.46 v _174583_/Y (OR3x1_ASAP7_75t_R)
  28.85 2725.31 v _174584_/Y (OA211x2_ASAP7_75t_R)
  21.45 2746.76 v _174585_/Y (MAJx2_ASAP7_75t_R)
  20.49 2767.25 v _174586_/Y (MAJx2_ASAP7_75t_R)
  20.09 2787.34 v _174587_/Y (MAJx2_ASAP7_75t_R)
  18.11 2805.44 v _174588_/Y (XNOR2x2_ASAP7_75t_R)
  31.30 2836.75 v _174589_/Y (AO21x1_ASAP7_75t_R)
  97.66 2934.41 ^ _174590_/Y (NAND2x1_ASAP7_75t_R)
  82.49 3016.90 ^ _174591_/Y (AND3x1_ASAP7_75t_R)
  13.49 3030.39 v _174592_/Y (INVx1_ASAP7_75t_R)
  47.24 3077.63 v _174593_/Y (AO21x1_ASAP7_75t_R)
  46.25 3123.88 v _174627_/Y (AO22x1_ASAP7_75t_R)
  19.79 3143.67 v _174628_/Y (AND2x2_ASAP7_75t_R)
  19.73 3163.39 v _174629_/Y (MAJx2_ASAP7_75t_R)
  20.32 3183.72 v _174630_/Y (MAJx2_ASAP7_75t_R)
  20.28 3204.00 v _174631_/Y (MAJx2_ASAP7_75t_R)
  20.78 3224.78 v _174632_/Y (MAJx2_ASAP7_75t_R)
  20.63 3245.40 v _174633_/Y (MAJx2_ASAP7_75t_R)
  19.67 3265.08 v _174634_/Y (MAJx2_ASAP7_75t_R)
  12.80 3277.88 v _174635_/Y (OA21x2_ASAP7_75t_R)
  17.31 3295.18 v _174639_/Y (OA21x2_ASAP7_75t_R)
  19.29 3314.47 v _174640_/Y (MAJx2_ASAP7_75t_R)
   9.89 3324.36 ^ _174641_/Y (INVx1_ASAP7_75t_R)
   7.69 3332.04 v _174654_/Y (NAND2x1_ASAP7_75t_R)
  14.67 3346.71 v _174655_/Y (OA21x2_ASAP7_75t_R)
  24.33 3371.04 ^ _174656_/Y (NAND2x1_ASAP7_75t_R)
  98.84 3469.88 ^ _174658_/Y (AND3x1_ASAP7_75t_R)
  29.55 3499.43 v _174682_/Y (NAND2x1_ASAP7_75t_R)
  36.64 3536.06 v _174683_/Y (OA211x2_ASAP7_75t_R)
  24.40 3560.46 v _174716_/Y (MAJx2_ASAP7_75t_R)
  20.93 3581.39 v _174717_/Y (MAJx2_ASAP7_75t_R)
  20.74 3602.13 v _174718_/Y (MAJx2_ASAP7_75t_R)
  19.84 3621.97 v _174719_/Y (MAJx2_ASAP7_75t_R)
  15.05 3637.02 v _174721_/Y (AO21x1_ASAP7_75t_R)
  15.73 3652.75 v _174723_/Y (AND2x2_ASAP7_75t_R)
  19.81 3672.55 v _174724_/Y (MAJx2_ASAP7_75t_R)
  20.56 3693.11 v _174725_/Y (MAJx2_ASAP7_75t_R)
  20.39 3713.51 v _174726_/Y (MAJx2_ASAP7_75t_R)
  20.77 3734.28 ^ _174727_/Y (XNOR2x2_ASAP7_75t_R)
  16.42 3750.69 ^ _174728_/Y (AO21x1_ASAP7_75t_R)
  52.01 3802.70 ^ _174732_/Y (AO21x2_ASAP7_75t_R)
  62.17 3864.87 v _174741_/Y (INVx1_ASAP7_75t_R)
  33.42 3898.29 v _174763_/Y (AO21x1_ASAP7_75t_R)
  25.65 3923.94 v _174764_/Y (AO32x1_ASAP7_75t_R)
  14.05 3937.99 v _174765_/Y (OA21x2_ASAP7_75t_R)
  19.87 3957.86 v _174766_/Y (MAJx2_ASAP7_75t_R)
  20.71 3978.57 v _174767_/Y (MAJx2_ASAP7_75t_R)
  20.47 3999.03 v _174768_/Y (MAJx2_ASAP7_75t_R)
  20.33 4019.36 v _174769_/Y (MAJx2_ASAP7_75t_R)
  20.19 4039.55 v _174770_/Y (MAJx2_ASAP7_75t_R)
  21.06 4060.61 v _174771_/Y (MAJx2_ASAP7_75t_R)
  22.07 4082.68 v _174775_/Y (MAJx2_ASAP7_75t_R)
  20.64 4103.33 v _174776_/Y (MAJx2_ASAP7_75t_R)
  21.91 4125.24 v _174777_/Y (MAJx2_ASAP7_75t_R)
  22.76 4148.00 v _174798_/Y (OR3x1_ASAP7_75t_R)
  25.70 4173.70 ^ _174800_/Y (NAND3x1_ASAP7_75t_R)
  53.82 4227.52 ^ _174801_/Y (AND2x2_ASAP7_75t_R)
  95.72 4323.24 v _174802_/Y (NAND2x1_ASAP7_75t_R)
  41.47 4364.71 v _174820_/Y (AO21x1_ASAP7_75t_R)
  29.95 4394.66 v _174821_/Y (AO32x1_ASAP7_75t_R)
  19.44 4414.10 v _174856_/Y (AND2x2_ASAP7_75t_R)
  19.67 4433.77 v _174857_/Y (MAJx2_ASAP7_75t_R)
  20.22 4453.99 v _174858_/Y (MAJx2_ASAP7_75t_R)
  20.30 4474.29 v _174859_/Y (MAJx2_ASAP7_75t_R)
  20.17 4494.45 v _174860_/Y (MAJx2_ASAP7_75t_R)
  20.30 4514.76 v _174861_/Y (MAJx2_ASAP7_75t_R)
  20.20 4534.96 v _174862_/Y (MAJx2_ASAP7_75t_R)
  20.44 4555.40 v _174863_/Y (MAJx2_ASAP7_75t_R)
  20.26 4575.66 v _174864_/Y (MAJx2_ASAP7_75t_R)
  21.49 4597.14 v _174865_/Y (MAJx2_ASAP7_75t_R)
  18.45 4615.60 v _174866_/Y (AO21x1_ASAP7_75t_R)
  19.91 4635.51 v _174867_/Y (MAJx2_ASAP7_75t_R)
  17.25 4652.76 v _174876_/Y (AO21x1_ASAP7_75t_R)
  58.25 4711.01 ^ _174877_/Y (NAND2x1_ASAP7_75t_R)
  54.19 4765.20 ^ _174883_/Y (AND2x2_ASAP7_75t_R)
  51.72 4816.92 v _174884_/Y (OAI21x1_ASAP7_75t_R)
  49.77 4866.68 v _174915_/Y (AO32x1_ASAP7_75t_R)
  19.81 4886.49 v _174919_/Y (AND2x2_ASAP7_75t_R)
  19.92 4906.41 v _174920_/Y (MAJx2_ASAP7_75t_R)
  20.32 4926.73 v _174921_/Y (MAJx2_ASAP7_75t_R)
  20.57 4947.31 v _174922_/Y (MAJx2_ASAP7_75t_R)
  20.50 4967.80 v _174923_/Y (MAJx2_ASAP7_75t_R)
  10.55 4978.35 ^ _174924_/Y (NAND2x1_ASAP7_75t_R)
  10.35 4988.70 v _174927_/Y (AOI22x1_ASAP7_75t_R)
  22.39 5011.09 v _174928_/Y (MAJx2_ASAP7_75t_R)
  23.01 5034.09 v _174929_/Y (MAJx2_ASAP7_75t_R)
  21.53 5055.63 v _174937_/Y (MAJx2_ASAP7_75t_R)
   8.10 5063.73 ^ _174938_/Y (NAND2x1_ASAP7_75t_R)
  21.00 5084.73 ^ _174939_/Y (OA21x2_ASAP7_75t_R)
  23.08 5107.81 ^ _174940_/Y (AO21x1_ASAP7_75t_R)
  15.33 5123.14 v _174941_/Y (INVx1_ASAP7_75t_R)
  75.78 5198.92 v _174946_/Y (AND3x1_ASAP7_75t_R)
  57.10 5256.02 v _174973_/Y (AO22x1_ASAP7_75t_R)
  34.41 5290.42 v _174974_/Y (AO32x1_ASAP7_75t_R)
  29.73 5320.16 v _174995_/Y (AO32x1_ASAP7_75t_R)
  14.30 5334.46 v _174996_/Y (OA21x2_ASAP7_75t_R)
  20.25 5354.71 v _174997_/Y (MAJx2_ASAP7_75t_R)
  20.59 5375.30 v _174998_/Y (MAJx2_ASAP7_75t_R)
  20.63 5395.94 v _174999_/Y (MAJx2_ASAP7_75t_R)
  20.64 5416.57 v _175000_/Y (MAJx2_ASAP7_75t_R)
  20.41 5436.98 v _175001_/Y (MAJx2_ASAP7_75t_R)
  20.57 5457.55 v _175002_/Y (MAJx2_ASAP7_75t_R)
  20.14 5477.69 v _175003_/Y (MAJx2_ASAP7_75t_R)
   8.14 5485.83 ^ _175004_/Y (INVx1_ASAP7_75t_R)
  17.28 5503.11 ^ _175005_/Y (MAJx2_ASAP7_75t_R)
   8.48 5511.59 v _175006_/Y (INVx1_ASAP7_75t_R)
  19.08 5530.67 v _175007_/Y (AO21x1_ASAP7_75t_R)
  20.36 5551.03 v _175008_/Y (MAJx2_ASAP7_75t_R)
  19.30 5570.32 v _175015_/Y (AO21x1_ASAP7_75t_R)
  55.31 5625.64 v _175017_/Y (AO21x1_ASAP7_75t_R)
  97.40 5723.04 v _175023_/Y (OR3x1_ASAP7_75t_R)
  71.18 5794.22 v _175045_/Y (OA211x2_ASAP7_75t_R)
  23.49 5817.71 v _175046_/Y (OA21x2_ASAP7_75t_R)
  24.29 5842.00 v _175098_/Y (MAJx2_ASAP7_75t_R)
  20.34 5862.34 v _175099_/Y (MAJx2_ASAP7_75t_R)
  20.73 5883.07 v _175100_/Y (MAJx2_ASAP7_75t_R)
  21.27 5904.34 v _175101_/Y (MAJx2_ASAP7_75t_R)
  21.02 5925.36 v _175102_/Y (MAJx2_ASAP7_75t_R)
  20.43 5945.79 v _175103_/Y (MAJx2_ASAP7_75t_R)
  20.61 5966.40 v _175104_/Y (MAJx2_ASAP7_75t_R)
  20.65 5987.05 v _175105_/Y (MAJx2_ASAP7_75t_R)
  20.52 6007.57 v _175106_/Y (XNOR2x2_ASAP7_75t_R)
  37.67 6045.24 v _175107_/Y (AO32x1_ASAP7_75t_R)
  45.37 6090.61 v _175108_/Y (AND2x2_ASAP7_75t_R)
  70.38 6160.99 ^ _175109_/Y (NAND2x1_ASAP7_75t_R)
  72.81 6233.80 ^ _175111_/Y (OR2x2_ASAP7_75t_R)
  27.50 6261.30 v _175141_/Y (NOR2x1_ASAP7_75t_R)
  18.99 6280.29 v _175142_/Y (AO21x1_ASAP7_75t_R)
  19.16 6299.45 v _175143_/Y (AND2x2_ASAP7_75t_R)
  24.58 6324.03 v _175147_/Y (MAJx2_ASAP7_75t_R)
  20.48 6344.51 v _175148_/Y (MAJx2_ASAP7_75t_R)
  20.49 6365.00 v _175149_/Y (MAJx2_ASAP7_75t_R)
  20.38 6385.38 v _175150_/Y (MAJx2_ASAP7_75t_R)
  20.39 6405.77 v _175151_/Y (MAJx2_ASAP7_75t_R)
  20.24 6426.01 v _175152_/Y (MAJx2_ASAP7_75t_R)
  20.62 6446.64 v _175153_/Y (MAJx2_ASAP7_75t_R)
  21.58 6468.22 v _175157_/Y (MAJx2_ASAP7_75t_R)
  20.12 6488.33 v _175158_/Y (MAJx2_ASAP7_75t_R)
   8.07 6496.40 ^ _175159_/Y (INVx1_ASAP7_75t_R)
  20.40 6516.80 ^ _175160_/Y (MAJx2_ASAP7_75t_R)
   6.98 6523.78 v _175181_/Y (NAND3x1_ASAP7_75t_R)
  38.71 6562.49 v _175182_/Y (OA211x2_ASAP7_75t_R)
  60.17 6622.66 v _175184_/Y (OR3x1_ASAP7_75t_R)
  64.22 6686.88 ^ _175191_/Y (INVx1_ASAP7_75t_R)
  25.97 6712.85 ^ _175235_/Y (AO21x1_ASAP7_75t_R)
  25.04 6737.89 ^ _175236_/Y (AO22x1_ASAP7_75t_R)
  21.24 6759.13 ^ _175237_/Y (AND2x2_ASAP7_75t_R)
  17.95 6777.08 ^ _175238_/Y (MAJx2_ASAP7_75t_R)
  17.17 6794.25 ^ _175239_/Y (MAJx2_ASAP7_75t_R)
  15.99 6810.24 ^ _175240_/Y (OA21x2_ASAP7_75t_R)
  15.95 6826.19 ^ _175245_/Y (OA21x2_ASAP7_75t_R)
  17.07 6843.26 ^ _175246_/Y (MAJx2_ASAP7_75t_R)
   7.05 6850.31 v _175247_/Y (INVx1_ASAP7_75t_R)
  22.28 6872.58 v _175248_/Y (MAJx2_ASAP7_75t_R)
  21.02 6893.60 v _175259_/Y (MAJx2_ASAP7_75t_R)
   8.91 6902.52 ^ _175260_/Y (AOI21x1_ASAP7_75t_R)
  18.33 6920.84 ^ _175261_/Y (AO21x1_ASAP7_75t_R)
  35.58 6956.42 v _175262_/Y (NAND2x1_ASAP7_75t_R)
  46.00 7002.42 v _175266_/Y (AND2x2_ASAP7_75t_R)
  35.77 7038.19 v _175298_/Y (AO32x1_ASAP7_75t_R)
  20.27 7058.46 v _175299_/Y (AND2x2_ASAP7_75t_R)
  26.25 7084.71 v _175302_/Y (MAJx2_ASAP7_75t_R)
  20.75 7105.46 v _175303_/Y (MAJx2_ASAP7_75t_R)
  20.68 7126.14 v _175304_/Y (MAJx2_ASAP7_75t_R)
  20.23 7146.38 v _175305_/Y (MAJx2_ASAP7_75t_R)
  20.48 7166.85 v _175306_/Y (MAJx2_ASAP7_75t_R)
  20.36 7187.21 v _175307_/Y (MAJx2_ASAP7_75t_R)
  20.40 7207.61 v _175308_/Y (MAJx2_ASAP7_75t_R)
  20.11 7227.72 v _175309_/Y (MAJx2_ASAP7_75t_R)
  19.79 7247.51 v _175310_/Y (MAJx2_ASAP7_75t_R)
   7.93 7255.44 ^ _175311_/Y (INVx1_ASAP7_75t_R)
  19.78 7275.21 ^ _175312_/Y (MAJx2_ASAP7_75t_R)
  38.58 7313.79 ^ _175337_/Y (OA211x2_ASAP7_75t_R)
  77.19 7390.99 v _175350_/Y (NOR2x1_ASAP7_75t_R)
  35.88 7426.86 v _175354_/Y (AO21x1_ASAP7_75t_R)
  23.24 7450.10 v _175357_/Y (AO221x1_ASAP7_75t_R)
  20.17 7470.27 v _175358_/Y (OA21x2_ASAP7_75t_R)
  26.76 7497.03 v _175417_/Y (MAJx2_ASAP7_75t_R)
  20.42 7517.46 v _175418_/Y (MAJx2_ASAP7_75t_R)
  20.45 7537.90 v _175419_/Y (MAJx2_ASAP7_75t_R)
  20.79 7558.69 v _175420_/Y (MAJx2_ASAP7_75t_R)
  20.92 7579.61 v _175421_/Y (MAJx2_ASAP7_75t_R)
  20.59 7600.19 v _175422_/Y (MAJx2_ASAP7_75t_R)
  20.52 7620.71 v _175423_/Y (MAJx2_ASAP7_75t_R)
  20.35 7641.06 v _175424_/Y (MAJx2_ASAP7_75t_R)
  22.83 7663.89 v _175425_/Y (MAJx2_ASAP7_75t_R)
  20.81 7684.69 v _175426_/Y (MAJx2_ASAP7_75t_R)
  22.74 7707.43 v _175433_/Y (OR3x1_ASAP7_75t_R)
  67.05 7774.48 v _175436_/Y (AND3x1_ASAP7_75t_R)
  72.63 7847.11 ^ _175437_/Y (INVx1_ASAP7_75t_R)
  15.14 7862.25 v _175487_/Y (AOI21x1_ASAP7_75t_R)
  20.08 7882.33 v _175488_/Y (AO21x1_ASAP7_75t_R)
  23.21 7905.54 v _175489_/Y (AO32x1_ASAP7_75t_R)
  30.59 7936.13 v _175490_/Y (AO32x1_ASAP7_75t_R)
  22.62 7958.75 v _175528_/Y (AO21x1_ASAP7_75t_R)
  21.35 7980.11 v _175529_/Y (MAJx2_ASAP7_75t_R)
  20.67 8000.78 v _175530_/Y (MAJx2_ASAP7_75t_R)
  19.89 8020.67 v _175531_/Y (MAJx2_ASAP7_75t_R)
  13.56 8034.23 v _175532_/Y (OA21x2_ASAP7_75t_R)
  20.19 8054.42 v _175533_/Y (MAJx2_ASAP7_75t_R)
  23.33 8077.74 v _175534_/Y (MAJx2_ASAP7_75t_R)
  22.45 8100.19 v _175540_/Y (MAJx2_ASAP7_75t_R)
  33.04 8133.23 v _175555_/Y (AO21x1_ASAP7_75t_R)
  37.82 8171.05 v _175685_/Y (AO221x1_ASAP7_75t_R)
  24.54 8195.59 ^ _175699_/Y (AOI21x1_ASAP7_75t_R)
  89.84 8285.43 ^ _175745_/Y (AND5x1_ASAP7_75t_R)
  94.69 8380.12 ^ _188653_/Y (AND2x2_ASAP7_75t_R)
  74.38 8454.50 ^ _189382_/Y (AO21x1_ASAP7_75t_R)
  34.96 8489.47 ^ output156/Y (BUFx2_ASAP7_75t_R)
   0.40 8489.86 ^ dmem_req_addr[24] (out)
        8489.86   data arrival time

12000.00 12000.00   clock core_clk (rise edge)
   0.00 12000.00   clock network delay (propagated)
 -50.00 11950.00   clock uncertainty
   0.00 11950.00   clock reconvergence pessimism
-2400.00 9550.00   output external delay
        9550.00   data required time
---------------------------------------------------------
        9550.00   data required time
        -8489.86   data arrival time
---------------------------------------------------------
        1060.14   slack (MET)


Startpoint: _341654_ (rising edge-triggered flip-flop clocked by core_clk)
Endpoint: dmem_req_addr[24] (output port clocked by core_clk)
Path Group: reg2out
Path Type: max

  Delay    Time   Description
---------------------------------------------------------
   0.00    0.00   clock core_clk (rise edge)
   0.00    0.00   clock source latency
   0.00    0.00 ^ clk (in)
  50.91   50.91 ^ wire5603/Y (BUFx12_ASAP7_75t_R)
  51.38  102.29 ^ clkbuf_0_clk/Y (BUFx24_ASAP7_75t_R)
  27.77  130.06 ^ clkbuf_1_1_0_clk/Y (BUFx24_ASAP7_75t_R)
  27.98  158.04 ^ clkbuf_2_2_0_clk/Y (BUFx24_ASAP7_75t_R)
  30.88  188.93 ^ clkbuf_3_5_0_clk/Y (BUFx24_ASAP7_75t_R)
  27.14  216.06 ^ clkbuf_4_10_0_clk/Y (BUFx24_ASAP7_75t_R)
  25.36  241.42 ^ clkbuf_6_41_0_clk/Y (BUFx24_ASAP7_75t_R)
  21.68  263.10 ^ clkbuf_7_82__f_clk/Y (BUFx24_ASAP7_75t_R)
  36.43  299.53 ^ clkbuf_leaf_697_clk/Y (BUFx24_ASAP7_75t_R)
   2.69  302.22 ^ _341654_/CLK (DFFHQNx1_ASAP7_75t_R)
 113.09  415.31 v _341654_/QN (DFFHQNx1_ASAP7_75t_R)
  51.35  466.66 ^ _172824_/Y (NOR2x1_ASAP7_75t_R)
  13.81  480.47 v _172957_/Y (INVx1_ASAP7_75t_R)
  31.21  511.67 v _172958_/Y (MAJx2_ASAP7_75t_R)
  44.38  556.06 v _172959_/Y (MAJx2_ASAP7_75t_R)
  24.38  580.44 v _172960_/Y (MAJx2_ASAP7_75t_R)
  24.28  604.72 v _172961_/Y (MAJx2_ASAP7_75t_R)
  24.29  629.01 v _172962_/Y (MAJx2_ASAP7_75t_R)
  24.17  653.17 v _172963_/Y (MAJx2_ASAP7_75t_R)
  24.19  677.37 v _172964_/Y (MAJx2_ASAP7_75t_R)
  23.76  701.13 v _172965_/Y (MAJx2_ASAP7_75t_R)
  24.06  725.19 v _172966_/Y (MAJx2_ASAP7_75t_R)
  24.17  749.36 v _172967_/Y (MAJx2_ASAP7_75t_R)
  24.06  773.42 v _172968_/Y (MAJx2_ASAP7_75t_R)
  24.32  797.75 v _172969_/Y (MAJx2_ASAP7_75t_R)
  24.19  821.94 v _172970_/Y (MAJx2_ASAP7_75t_R)
  24.30  846.24 v _172971_/Y (MAJx2_ASAP7_75t_R)
  26.43  872.67 v _172972_/Y (MAJx2_ASAP7_75t_R)
  27.80  900.47 v _172973_/Y (MAJx2_ASAP7_75t_R)
  24.79  925.27 v _172974_/Y (MAJx2_ASAP7_75t_R)
  23.93  949.20 v _172975_/Y (MAJx2_ASAP7_75t_R)
  24.25  973.45 v _172976_/Y (MAJx2_ASAP7_75t_R)
  24.31  997.76 v _172977_/Y (MAJx2_ASAP7_75t_R)
  24.07 1021.84 v _172978_/Y (MAJx2_ASAP7_75t_R)
  24.20 1046.04 v _172979_/Y (MAJx2_ASAP7_75t_R)
  25.95 1071.99 v _172980_/Y (MAJx2_ASAP7_75t_R)
  26.90 1098.89 v _172981_/Y (MAJx2_ASAP7_75t_R)
  24.23 1123.12 v _172982_/Y (MAJx2_ASAP7_75t_R)
  24.06 1147.18 v _172983_/Y (MAJx2_ASAP7_75t_R)
  24.20 1171.38 v _172984_/Y (MAJx2_ASAP7_75t_R)
  24.04 1195.42 v _172985_/Y (MAJx2_ASAP7_75t_R)
  24.14 1219.55 v _172986_/Y (MAJx2_ASAP7_75t_R)
  22.04 1241.59 v _173115_/Y (MAJx2_ASAP7_75t_R)
  37.85 1279.44 ^ _173116_/Y (XNOR2x2_ASAP7_75t_R)
  54.25 1333.69 ^ wire1735/Y (BUFx16f_ASAP7_75t_R)
  59.66 1393.35 v _173478_/Y (XNOR2x2_ASAP7_75t_R)
  23.62 1416.97 v _173547_/Y (AND4x1_ASAP7_75t_R)
  35.76 1452.72 v _173551_/Y (AND2x2_ASAP7_75t_R)
 105.46 1558.19 ^ _174372_/Y (NAND2x1_ASAP7_75t_R)
  65.21 1623.40 ^ _174396_/Y (OR3x1_ASAP7_75t_R)
   6.60 1630.00 v _174397_/Y (INVx1_ASAP7_75t_R)
  15.85 1645.85 v _174398_/Y (AO21x1_ASAP7_75t_R)
  14.52 1660.36 v _174399_/Y (OA21x2_ASAP7_75t_R)
  21.32 1681.68 ^ _174415_/Y (AOI211x1_ASAP7_75t_R)
  22.99 1704.67 v _174417_/Y (NOR2x1_ASAP7_75t_R)
  14.97 1719.64 ^ _174418_/Y (AOI211x1_ASAP7_75t_R)
  24.40 1744.04 ^ _174420_/Y (OA211x2_ASAP7_75t_R)
   7.00 1751.04 v _174422_/Y (OAI21x1_ASAP7_75t_R)
  24.53 1775.56 v _174425_/Y (AO221x1_ASAP7_75t_R)
  19.86 1795.43 v _174426_/Y (OR2x2_ASAP7_75t_R)
  14.92 1810.34 v _174427_/Y (AO21x1_ASAP7_75t_R)
  15.34 1825.68 v _174429_/Y (AO21x1_ASAP7_75t_R)
  14.33 1840.01 v _174430_/Y (OA21x2_ASAP7_75t_R)
  21.78 1861.79 v _174431_/Y (MAJx2_ASAP7_75t_R)
  14.82 1876.62 v _174432_/Y (AND3x1_ASAP7_75t_R)
  14.71 1891.32 ^ _174434_/Y (NOR2x1_ASAP7_75t_R)
  57.94 1949.26 v _174435_/Y (NAND2x1_ASAP7_75t_R)
  57.63 2006.89 ^ _174482_/Y (INVx1_ASAP7_75t_R)
  20.15 2027.05 ^ _174484_/Y (AO21x1_ASAP7_75t_R)
  19.53 2046.58 ^ _174486_/Y (OA211x2_ASAP7_75t_R)
   8.07 2054.65 v _174489_/Y (OAI21x1_ASAP7_75t_R)
  16.92 2071.57 v _174490_/Y (AO21x1_ASAP7_75t_R)
  17.12 2088.69 v _174491_/Y (OA21x2_ASAP7_75t_R)
  29.71 2118.40 v _174492_/Y (OA211x2_ASAP7_75t_R)
  18.92 2137.31 v _174493_/Y (AO21x1_ASAP7_75t_R)
  21.64 2158.96 v _174494_/Y (MAJx2_ASAP7_75t_R)
  20.33 2179.29 v _174495_/Y (MAJx2_ASAP7_75t_R)
  20.21 2199.50 v _174496_/Y (MAJx2_ASAP7_75t_R)
  20.34 2219.84 v _174497_/Y (MAJx2_ASAP7_75t_R)
  20.36 2240.20 v _174498_/Y (MAJx2_ASAP7_75t_R)
  20.88 2261.08 v _174499_/Y (MAJx2_ASAP7_75t_R)
  20.93 2282.00 v _174500_/Y (MAJx2_ASAP7_75t_R)
  20.46 2302.47 v _174501_/Y (MAJx2_ASAP7_75t_R)
  20.58 2323.05 v _174502_/Y (MAJx2_ASAP7_75t_R)
  23.78 2346.83 ^ _174503_/Y (XNOR2x2_ASAP7_75t_R)
  12.84 2359.67 v _174521_/Y (OAI21x1_ASAP7_75t_R)
 100.36 2460.03 v _174524_/Y (AND3x1_ASAP7_75t_R)
  58.16 2518.19 v _174567_/Y (AO22x1_ASAP7_75t_R)
  28.69 2546.89 v _174568_/Y (AO32x1_ASAP7_75t_R)
  18.29 2565.18 v _174572_/Y (AND2x2_ASAP7_75t_R)
  20.51 2585.69 v _174573_/Y (MAJx2_ASAP7_75t_R)
  20.69 2606.37 v _174574_/Y (MAJx2_ASAP7_75t_R)
  20.05 2626.43 v _174575_/Y (MAJx2_ASAP7_75t_R)
  20.31 2646.74 v _174576_/Y (MAJx2_ASAP7_75t_R)
   7.76 2654.50 ^ _174577_/Y (NAND2x1_ASAP7_75t_R)
  16.22 2670.72 ^ _174578_/Y (AND2x2_ASAP7_75t_R)
   5.87 2676.58 v _174582_/Y (INVx1_ASAP7_75t_R)
  19.88 2696.46 v _174583_/Y (OR3x1_ASAP7_75t_R)
  28.85 2725.31 v _174584_/Y (OA211x2_ASAP7_75t_R)
  21.45 2746.76 v _174585_/Y (MAJx2_ASAP7_75t_R)
  20.49 2767.25 v _174586_/Y (MAJx2_ASAP7_75t_R)
  20.09 2787.34 v _174587_/Y (MAJx2_ASAP7_75t_R)
  18.11 2805.44 v _174588_/Y (XNOR2x2_ASAP7_75t_R)
  31.30 2836.75 v _174589_/Y (AO21x1_ASAP7_75t_R)
  97.66 2934.41 ^ _174590_/Y (NAND2x1_ASAP7_75t_R)
  82.49 3016.90 ^ _174591_/Y (AND3x1_ASAP7_75t_R)
  13.49 3030.39 v _174592_/Y (INVx1_ASAP7_75t_R)
  47.24 3077.63 v _174593_/Y (AO21x1_ASAP7_75t_R)
  46.25 3123.88 v _174627_/Y (AO22x1_ASAP7_75t_R)
  19.79 3143.67 v _174628_/Y (AND2x2_ASAP7_75t_R)
  19.73 3163.39 v _174629_/Y (MAJx2_ASAP7_75t_R)
  20.32 3183.72 v _174630_/Y (MAJx2_ASAP7_75t_R)
  20.28 3204.00 v _174631_/Y (MAJx2_ASAP7_75t_R)
  20.78 3224.78 v _174632_/Y (MAJx2_ASAP7_75t_R)
  20.63 3245.40 v _174633_/Y (MAJx2_ASAP7_75t_R)
  19.67 3265.08 v _174634_/Y (MAJx2_ASAP7_75t_R)
  12.80 3277.88 v _174635_/Y (OA21x2_ASAP7_75t_R)
  17.31 3295.18 v _174639_/Y (OA21x2_ASAP7_75t_R)
  19.29 3314.47 v _174640_/Y (MAJx2_ASAP7_75t_R)
   9.89 3324.36 ^ _174641_/Y (INVx1_ASAP7_75t_R)
   7.69 3332.04 v _174654_/Y (NAND2x1_ASAP7_75t_R)
  14.67 3346.71 v _174655_/Y (OA21x2_ASAP7_75t_R)
  24.33 3371.04 ^ _174656_/Y (NAND2x1_ASAP7_75t_R)
  98.84 3469.88 ^ _174658_/Y (AND3x1_ASAP7_75t_R)
  29.55 3499.43 v _174682_/Y (NAND2x1_ASAP7_75t_R)
  36.64 3536.06 v _174683_/Y (OA211x2_ASAP7_75t_R)
  24.40 3560.46 v _174716_/Y (MAJx2_ASAP7_75t_R)
  20.93 3581.39 v _174717_/Y (MAJx2_ASAP7_75t_R)
  20.74 3602.13 v _174718_/Y (MAJx2_ASAP7_75t_R)
  19.84 3621.97 v _174719_/Y (MAJx2_ASAP7_75t_R)
  15.05 3637.02 v _174721_/Y (AO21x1_ASAP7_75t_R)
  15.73 3652.75 v _174723_/Y (AND2x2_ASAP7_75t_R)
  19.81 3672.55 v _174724_/Y (MAJx2_ASAP7_75t_R)
  20.56 3693.11 v _174725_/Y (MAJx2_ASAP7_75t_R)
  20.39 3713.51 v _174726_/Y (MAJx2_ASAP7_75t_R)
  20.77 3734.28 ^ _174727_/Y (XNOR2x2_ASAP7_75t_R)
  16.42 3750.69 ^ _174728_/Y (AO21x1_ASAP7_75t_R)
  52.01 3802.70 ^ _174732_/Y (AO21x2_ASAP7_75t_R)
  62.17 3864.87 v _174741_/Y (INVx1_ASAP7_75t_R)
  33.42 3898.29 v _174763_/Y (AO21x1_ASAP7_75t_R)
  25.65 3923.94 v _174764_/Y (AO32x1_ASAP7_75t_R)
  14.05 3937.99 v _174765_/Y (OA21x2_ASAP7_75t_R)
  19.87 3957.86 v _174766_/Y (MAJx2_ASAP7_75t_R)
  20.71 3978.57 v _174767_/Y (MAJx2_ASAP7_75t_R)
  20.47 3999.03 v _174768_/Y (MAJx2_ASAP7_75t_R)
  20.33 4019.36 v _174769_/Y (MAJx2_ASAP7_75t_R)
  20.19 4039.55 v _174770_/Y (MAJx2_ASAP7_75t_R)
  21.06 4060.61 v _174771_/Y (MAJx2_ASAP7_75t_R)
  22.07 4082.68 v _174775_/Y (MAJx2_ASAP7_75t_R)
  20.64 4103.33 v _174776_/Y (MAJx2_ASAP7_75t_R)
  21.91 4125.24 v _174777_/Y (MAJx2_ASAP7_75t_R)
  22.76 4148.00 v _174798_/Y (OR3x1_ASAP7_75t_R)
  25.70 4173.70 ^ _174800_/Y (NAND3x1_ASAP7_75t_R)
  53.82 4227.52 ^ _174801_/Y (AND2x2_ASAP7_75t_R)
  95.72 4323.24 v _174802_/Y (NAND2x1_ASAP7_75t_R)
  41.47 4364.71 v _174820_/Y (AO21x1_ASAP7_75t_R)
  29.95 4394.66 v _174821_/Y (AO32x1_ASAP7_75t_R)
  19.44 4414.10 v _174856_/Y (AND2x2_ASAP7_75t_R)
  19.67 4433.77 v _174857_/Y (MAJx2_ASAP7_75t_R)
  20.22 4453.99 v _174858_/Y (MAJx2_ASAP7_75t_R)
  20.30 4474.29 v _174859_/Y (MAJx2_ASAP7_75t_R)
  20.17 4494.45 v _174860_/Y (MAJx2_ASAP7_75t_R)
  20.30 4514.76 v _174861_/Y (MAJx2_ASAP7_75t_R)
  20.20 4534.96 v _174862_/Y (MAJx2_ASAP7_75t_R)
  20.44 4555.40 v _174863_/Y (MAJx2_ASAP7_75t_R)
  20.26 4575.66 v _174864_/Y (MAJx2_ASAP7_75t_R)
  21.49 4597.14 v _174865_/Y (MAJx2_ASAP7_75t_R)
  18.45 4615.60 v _174866_/Y (AO21x1_ASAP7_75t_R)
  19.91 4635.51 v _174867_/Y (MAJx2_ASAP7_75t_R)
  17.25 4652.76 v _174876_/Y (AO21x1_ASAP7_75t_R)
  58.25 4711.01 ^ _174877_/Y (NAND2x1_ASAP7_75t_R)
  54.19 4765.20 ^ _174883_/Y (AND2x2_ASAP7_75t_R)
  51.72 4816.92 v _174884_/Y (OAI21x1_ASAP7_75t_R)
  49.77 4866.68 v _174915_/Y (AO32x1_ASAP7_75t_R)
  19.81 4886.49 v _174919_/Y (AND2x2_ASAP7_75t_R)
  19.92 4906.41 v _174920_/Y (MAJx2_ASAP7_75t_R)
  20.32 4926.73 v _174921_/Y (MAJx2_ASAP7_75t_R)
  20.57 4947.31 v _174922_/Y (MAJx2_ASAP7_75t_R)
  20.50 4967.80 v _174923_/Y (MAJx2_ASAP7_75t_R)
  10.55 4978.35 ^ _174924_/Y (NAND2x1_ASAP7_75t_R)
  10.35 4988.70 v _174927_/Y (AOI22x1_ASAP7_75t_R)
  22.39 5011.09 v _174928_/Y (MAJx2_ASAP7_75t_R)
  23.01 5034.09 v _174929_/Y (MAJx2_ASAP7_75t_R)
  21.53 5055.63 v _174937_/Y (MAJx2_ASAP7_75t_R)
   8.10 5063.73 ^ _174938_/Y (NAND2x1_ASAP7_75t_R)
  21.00 5084.73 ^ _174939_/Y (OA21x2_ASAP7_75t_R)
  23.08 5107.81 ^ _174940_/Y (AO21x1_ASAP7_75t_R)
  15.33 5123.14 v _174941_/Y (INVx1_ASAP7_75t_R)
  75.78 5198.92 v _174946_/Y (AND3x1_ASAP7_75t_R)
  57.10 5256.02 v _174973_/Y (AO22x1_ASAP7_75t_R)
  34.41 5290.42 v _174974_/Y (AO32x1_ASAP7_75t_R)
  29.73 5320.16 v _174995_/Y (AO32x1_ASAP7_75t_R)
  14.30 5334.46 v _174996_/Y (OA21x2_ASAP7_75t_R)
  20.25 5354.71 v _174997_/Y (MAJx2_ASAP7_75t_R)
  20.59 5375.30 v _174998_/Y (MAJx2_ASAP7_75t_R)
  20.63 5395.94 v _174999_/Y (MAJx2_ASAP7_75t_R)
  20.64 5416.57 v _175000_/Y (MAJx2_ASAP7_75t_R)
  20.41 5436.98 v _175001_/Y (MAJx2_ASAP7_75t_R)
  20.57 5457.55 v _175002_/Y (MAJx2_ASAP7_75t_R)
  20.14 5477.69 v _175003_/Y (MAJx2_ASAP7_75t_R)
   8.14 5485.83 ^ _175004_/Y (INVx1_ASAP7_75t_R)
  17.28 5503.11 ^ _175005_/Y (MAJx2_ASAP7_75t_R)
   8.48 5511.59 v _175006_/Y (INVx1_ASAP7_75t_R)
  19.08 5530.67 v _175007_/Y (AO21x1_ASAP7_75t_R)
  20.36 5551.03 v _175008_/Y (MAJx2_ASAP7_75t_R)
  19.30 5570.32 v _175015_/Y (AO21x1_ASAP7_75t_R)
  55.31 5625.64 v _175017_/Y (AO21x1_ASAP7_75t_R)
  97.40 5723.04 v _175023_/Y (OR3x1_ASAP7_75t_R)
  71.18 5794.22 v _175045_/Y (OA211x2_ASAP7_75t_R)
  23.49 5817.71 v _175046_/Y (OA21x2_ASAP7_75t_R)
  24.29 5842.00 v _175098_/Y (MAJx2_ASAP7_75t_R)
  20.34 5862.34 v _175099_/Y (MAJx2_ASAP7_75t_R)
  20.73 5883.07 v _175100_/Y (MAJx2_ASAP7_75t_R)
  21.27 5904.34 v _175101_/Y (MAJx2_ASAP7_75t_R)
  21.02 5925.36 v _175102_/Y (MAJx2_ASAP7_75t_R)
  20.43 5945.79 v _175103_/Y (MAJx2_ASAP7_75t_R)
  20.61 5966.40 v _175104_/Y (MAJx2_ASAP7_75t_R)
  20.65 5987.05 v _175105_/Y (MAJx2_ASAP7_75t_R)
  20.52 6007.57 v _175106_/Y (XNOR2x2_ASAP7_75t_R)
  37.67 6045.24 v _175107_/Y (AO32x1_ASAP7_75t_R)
  45.37 6090.61 v _175108_/Y (AND2x2_ASAP7_75t_R)
  70.38 6160.99 ^ _175109_/Y (NAND2x1_ASAP7_75t_R)
  72.81 6233.80 ^ _175111_/Y (OR2x2_ASAP7_75t_R)
  27.50 6261.30 v _175141_/Y (NOR2x1_ASAP7_75t_R)
  18.99 6280.29 v _175142_/Y (AO21x1_ASAP7_75t_R)
  19.16 6299.45 v _175143_/Y (AND2x2_ASAP7_75t_R)
  24.58 6324.03 v _175147_/Y (MAJx2_ASAP7_75t_R)
  20.48 6344.51 v _175148_/Y (MAJx2_ASAP7_75t_R)
  20.49 6365.00 v _175149_/Y (MAJx2_ASAP7_75t_R)
  20.38 6385.38 v _175150_/Y (MAJx2_ASAP7_75t_R)
  20.39 6405.77 v _175151_/Y (MAJx2_ASAP7_75t_R)
  20.24 6426.01 v _175152_/Y (MAJx2_ASAP7_75t_R)
  20.62 6446.64 v _175153_/Y (MAJx2_ASAP7_75t_R)
  21.58 6468.22 v _175157_/Y (MAJx2_ASAP7_75t_R)
  20.12 6488.33 v _175158_/Y (MAJx2_ASAP7_75t_R)
   8.07 6496.40 ^ _175159_/Y (INVx1_ASAP7_75t_R)
  20.40 6516.80 ^ _175160_/Y (MAJx2_ASAP7_75t_R)
   6.98 6523.78 v _175181_/Y (NAND3x1_ASAP7_75t_R)
  38.71 6562.49 v _175182_/Y (OA211x2_ASAP7_75t_R)
  60.17 6622.66 v _175184_/Y (OR3x1_ASAP7_75t_R)
  64.22 6686.88 ^ _175191_/Y (INVx1_ASAP7_75t_R)
  25.97 6712.85 ^ _175235_/Y (AO21x1_ASAP7_75t_R)
  25.04 6737.89 ^ _175236_/Y (AO22x1_ASAP7_75t_R)
  21.24 6759.13 ^ _175237_/Y (AND2x2_ASAP7_75t_R)
  17.95 6777.08 ^ _175238_/Y (MAJx2_ASAP7_75t_R)
  17.17 6794.25 ^ _175239_/Y (MAJx2_ASAP7_75t_R)
  15.99 6810.24 ^ _175240_/Y (OA21x2_ASAP7_75t_R)
  15.95 6826.19 ^ _175245_/Y (OA21x2_ASAP7_75t_R)
  17.07 6843.26 ^ _175246_/Y (MAJx2_ASAP7_75t_R)
   7.05 6850.31 v _175247_/Y (INVx1_ASAP7_75t_R)
  22.28 6872.58 v _175248_/Y (MAJx2_ASAP7_75t_R)
  21.02 6893.60 v _175259_/Y (MAJx2_ASAP7_75t_R)
   8.91 6902.52 ^ _175260_/Y (AOI21x1_ASAP7_75t_R)
  18.33 6920.84 ^ _175261_/Y (AO21x1_ASAP7_75t_R)
  35.58 6956.42 v _175262_/Y (NAND2x1_ASAP7_75t_R)
  46.00 7002.42 v _175266_/Y (AND2x2_ASAP7_75t_R)
  35.77 7038.19 v _175298_/Y (AO32x1_ASAP7_75t_R)
  20.27 7058.46 v _175299_/Y (AND2x2_ASAP7_75t_R)
  26.25 7084.71 v _175302_/Y (MAJx2_ASAP7_75t_R)
  20.75 7105.46 v _175303_/Y (MAJx2_ASAP7_75t_R)
  20.68 7126.14 v _175304_/Y (MAJx2_ASAP7_75t_R)
  20.23 7146.38 v _175305_/Y (MAJx2_ASAP7_75t_R)
  20.48 7166.85 v _175306_/Y (MAJx2_ASAP7_75t_R)
  20.36 7187.21 v _175307_/Y (MAJx2_ASAP7_75t_R)
  20.40 7207.61 v _175308_/Y (MAJx2_ASAP7_75t_R)
  20.11 7227.72 v _175309_/Y (MAJx2_ASAP7_75t_R)
  19.79 7247.51 v _175310_/Y (MAJx2_ASAP7_75t_R)
   7.93 7255.44 ^ _175311_/Y (INVx1_ASAP7_75t_R)
  19.78 7275.21 ^ _175312_/Y (MAJx2_ASAP7_75t_R)
  38.58 7313.79 ^ _175337_/Y (OA211x2_ASAP7_75t_R)
  77.19 7390.99 v _175350_/Y (NOR2x1_ASAP7_75t_R)
  35.88 7426.86 v _175354_/Y (AO21x1_ASAP7_75t_R)
  23.24 7450.10 v _175357_/Y (AO221x1_ASAP7_75t_R)
  20.17 7470.27 v _175358_/Y (OA21x2_ASAP7_75t_R)
  26.76 7497.03 v _175417_/Y (MAJx2_ASAP7_75t_R)
  20.42 7517.46 v _175418_/Y (MAJx2_ASAP7_75t_R)
  20.45 7537.90 v _175419_/Y (MAJx2_ASAP7_75t_R)
  20.79 7558.69 v _175420_/Y (MAJx2_ASAP7_75t_R)
  20.92 7579.61 v _175421_/Y (MAJx2_ASAP7_75t_R)
  20.59 7600.19 v _175422_/Y (MAJx2_ASAP7_75t_R)
  20.52 7620.71 v _175423_/Y (MAJx2_ASAP7_75t_R)
  20.35 7641.06 v _175424_/Y (MAJx2_ASAP7_75t_R)
  22.83 7663.89 v _175425_/Y (MAJx2_ASAP7_75t_R)
  20.81 7684.69 v _175426_/Y (MAJx2_ASAP7_75t_R)
  22.74 7707.43 v _175433_/Y (OR3x1_ASAP7_75t_R)
  67.05 7774.48 v _175436_/Y (AND3x1_ASAP7_75t_R)
  72.63 7847.11 ^ _175437_/Y (INVx1_ASAP7_75t_R)
  15.14 7862.25 v _175487_/Y (AOI21x1_ASAP7_75t_R)
  20.08 7882.33 v _175488_/Y (AO21x1_ASAP7_75t_R)
  23.21 7905.54 v _175489_/Y (AO32x1_ASAP7_75t_R)
  30.59 7936.13 v _175490_/Y (AO32x1_ASAP7_75t_R)
  22.62 7958.75 v _175528_/Y (AO21x1_ASAP7_75t_R)
  21.35 7980.11 v _175529_/Y (MAJx2_ASAP7_75t_R)
  20.67 8000.78 v _175530_/Y (MAJx2_ASAP7_75t_R)
  19.89 8020.67 v _175531_/Y (MAJx2_ASAP7_75t_R)
  13.56 8034.23 v _175532_/Y (OA21x2_ASAP7_75t_R)
  20.19 8054.42 v _175533_/Y (MAJx2_ASAP7_75t_R)
  23.33 8077.74 v _175534_/Y (MAJx2_ASAP7_75t_R)
  22.45 8100.19 v _175540_/Y (MAJx2_ASAP7_75t_R)
  33.04 8133.23 v _175555_/Y (AO21x1_ASAP7_75t_R)
  37.82 8171.05 v _175685_/Y (AO221x1_ASAP7_75t_R)
  24.54 8195.59 ^ _175699_/Y (AOI21x1_ASAP7_75t_R)
  89.84 8285.43 ^ _175745_/Y (AND5x1_ASAP7_75t_R)
  94.69 8380.12 ^ _188653_/Y (AND2x2_ASAP7_75t_R)
  74.38 8454.50 ^ _189382_/Y (AO21x1_ASAP7_75t_R)
  34.96 8489.47 ^ output156/Y (BUFx2_ASAP7_75t_R)
   0.40 8489.86 ^ dmem_req_addr[24] (out)
        8489.86   data arrival time

12000.00 12000.00   clock core_clk (rise edge)
   0.00 12000.00   clock network delay (propagated)
 -50.00 11950.00   clock uncertainty
   0.00 11950.00   clock reconvergence pessimism
-2400.00 9550.00   output external delay
        9550.00   data required time
---------------------------------------------------------
        9550.00   data required time
        -8489.86   data arrival time
---------------------------------------------------------
        1060.14   slack (MET)


Startpoint: _341654_ (rising edge-triggered flip-flop clocked by core_clk)
Endpoint: dmem_req_addr[24] (output port clocked by core_clk)
Path Group: reg2out
Path Type: max

  Delay    Time   Description
---------------------------------------------------------
   0.00    0.00   clock core_clk (rise edge)
   0.00    0.00   clock source latency
   0.00    0.00 ^ clk (in)
  50.91   50.91 ^ wire5603/Y (BUFx12_ASAP7_75t_R)
  51.38  102.29 ^ clkbuf_0_clk/Y (BUFx24_ASAP7_75t_R)
  27.77  130.06 ^ clkbuf_1_1_0_clk/Y (BUFx24_ASAP7_75t_R)
  27.98  158.04 ^ clkbuf_2_2_0_clk/Y (BUFx24_ASAP7_75t_R)
  30.88  188.93 ^ clkbuf_3_5_0_clk/Y (BUFx24_ASAP7_75t_R)
  27.14  216.06 ^ clkbuf_4_10_0_clk/Y (BUFx24_ASAP7_75t_R)
  25.36  241.42 ^ clkbuf_6_41_0_clk/Y (BUFx24_ASAP7_75t_R)
  21.68  263.10 ^ clkbuf_7_82__f_clk/Y (BUFx24_ASAP7_75t_R)
  36.43  299.53 ^ clkbuf_leaf_697_clk/Y (BUFx24_ASAP7_75t_R)
   2.69  302.22 ^ _341654_/CLK (DFFHQNx1_ASAP7_75t_R)
 113.09  415.31 v _341654_/QN (DFFHQNx1_ASAP7_75t_R)
  51.35  466.66 ^ _172824_/Y (NOR2x1_ASAP7_75t_R)
  13.81  480.47 v _172957_/Y (INVx1_ASAP7_75t_R)
  31.21  511.67 v _172958_/Y (MAJx2_ASAP7_75t_R)
  44.38  556.06 v _172959_/Y (MAJx2_ASAP7_75t_R)
  24.38  580.44 v _172960_/Y (MAJx2_ASAP7_75t_R)
  24.28  604.72 v _172961_/Y (MAJx2_ASAP7_75t_R)
  24.29  629.01 v _172962_/Y (MAJx2_ASAP7_75t_R)
  24.17  653.17 v _172963_/Y (MAJx2_ASAP7_75t_R)
  24.19  677.37 v _172964_/Y (MAJx2_ASAP7_75t_R)
  23.76  701.13 v _172965_/Y (MAJx2_ASAP7_75t_R)
  24.06  725.19 v _172966_/Y (MAJx2_ASAP7_75t_R)
  24.17  749.36 v _172967_/Y (MAJx2_ASAP7_75t_R)
  24.06  773.42 v _172968_/Y (MAJx2_ASAP7_75t_R)
  24.32  797.75 v _172969_/Y (MAJx2_ASAP7_75t_R)
  24.19  821.94 v _172970_/Y (MAJx2_ASAP7_75t_R)
  24.30  846.24 v _172971_/Y (MAJx2_ASAP7_75t_R)
  26.43  872.67 v _172972_/Y (MAJx2_ASAP7_75t_R)
  27.80  900.47 v _172973_/Y (MAJx2_ASAP7_75t_R)
  24.79  925.27 v _172974_/Y (MAJx2_ASAP7_75t_R)
  23.93  949.20 v _172975_/Y (MAJx2_ASAP7_75t_R)
  24.25  973.45 v _172976_/Y (MAJx2_ASAP7_75t_R)
  24.31  997.76 v _172977_/Y (MAJx2_ASAP7_75t_R)
  24.07 1021.84 v _172978_/Y (MAJx2_ASAP7_75t_R)
  24.20 1046.04 v _172979_/Y (MAJx2_ASAP7_75t_R)
  25.95 1071.99 v _172980_/Y (MAJx2_ASAP7_75t_R)
  26.90 1098.89 v _172981_/Y (MAJx2_ASAP7_75t_R)
  24.23 1123.12 v _172982_/Y (MAJx2_ASAP7_75t_R)
  24.06 1147.18 v _172983_/Y (MAJx2_ASAP7_75t_R)
  24.20 1171.38 v _172984_/Y (MAJx2_ASAP7_75t_R)
  24.04 1195.42 v _172985_/Y (MAJx2_ASAP7_75t_R)
  24.14 1219.55 v _172986_/Y (MAJx2_ASAP7_75t_R)
  22.04 1241.59 v _173115_/Y (MAJx2_ASAP7_75t_R)
  37.85 1279.44 ^ _173116_/Y (XNOR2x2_ASAP7_75t_R)
  54.25 1333.69 ^ wire1735/Y (BUFx16f_ASAP7_75t_R)
  59.66 1393.35 v _173478_/Y (XNOR2x2_ASAP7_75t_R)
  23.62 1416.97 v _173547_/Y (AND4x1_ASAP7_75t_R)
  35.76 1452.72 v _173551_/Y (AND2x2_ASAP7_75t_R)
 105.46 1558.19 ^ _174372_/Y (NAND2x1_ASAP7_75t_R)
  65.21 1623.40 ^ _174396_/Y (OR3x1_ASAP7_75t_R)
   6.60 1630.00 v _174397_/Y (INVx1_ASAP7_75t_R)
  15.85 1645.85 v _174398_/Y (AO21x1_ASAP7_75t_R)
  14.52 1660.36 v _174399_/Y (OA21x2_ASAP7_75t_R)
  21.32 1681.68 ^ _174415_/Y (AOI211x1_ASAP7_75t_R)
  22.99 1704.67 v _174417_/Y (NOR2x1_ASAP7_75t_R)
  14.97 1719.64 ^ _174418_/Y (AOI211x1_ASAP7_75t_R)
  24.40 1744.04 ^ _174420_/Y (OA211x2_ASAP7_75t_R)
   7.00 1751.04 v _174422_/Y (OAI21x1_ASAP7_75t_R)
  24.53 1775.56 v _174425_/Y (AO221x1_ASAP7_75t_R)
  19.86 1795.43 v _174426_/Y (OR2x2_ASAP7_75t_R)
  14.92 1810.34 v _174427_/Y (AO21x1_ASAP7_75t_R)
  15.34 1825.68 v _174429_/Y (AO21x1_ASAP7_75t_R)
  14.33 1840.01 v _174430_/Y (OA21x2_ASAP7_75t_R)
  21.78 1861.79 v _174431_/Y (MAJx2_ASAP7_75t_R)
  14.82 1876.62 v _174432_/Y (AND3x1_ASAP7_75t_R)
  14.71 1891.32 ^ _174434_/Y (NOR2x1_ASAP7_75t_R)
  57.94 1949.26 v _174435_/Y (NAND2x1_ASAP7_75t_R)
  57.63 2006.89 ^ _174482_/Y (INVx1_ASAP7_75t_R)
  20.15 2027.05 ^ _174484_/Y (AO21x1_ASAP7_75t_R)
  19.53 2046.58 ^ _174486_/Y (OA211x2_ASAP7_75t_R)
   8.07 2054.65 v _174489_/Y (OAI21x1_ASAP7_75t_R)
  16.92 2071.57 v _174490_/Y (AO21x1_ASAP7_75t_R)
  17.12 2088.69 v _174491_/Y (OA21x2_ASAP7_75t_R)
  29.71 2118.40 v _174492_/Y (OA211x2_ASAP7_75t_R)
  18.92 2137.31 v _174493_/Y (AO21x1_ASAP7_75t_R)
  21.64 2158.96 v _174494_/Y (MAJx2_ASAP7_75t_R)
  20.33 2179.29 v _174495_/Y (MAJx2_ASAP7_75t_R)
  20.21 2199.50 v _174496_/Y (MAJx2_ASAP7_75t_R)
  20.34 2219.84 v _174497_/Y (MAJx2_ASAP7_75t_R)
  20.36 2240.20 v _174498_/Y (MAJx2_ASAP7_75t_R)
  20.88 2261.08 v _174499_/Y (MAJx2_ASAP7_75t_R)
  20.93 2282.00 v _174500_/Y (MAJx2_ASAP7_75t_R)
  20.46 2302.47 v _174501_/Y (MAJx2_ASAP7_75t_R)
  20.58 2323.05 v _174502_/Y (MAJx2_ASAP7_75t_R)
  23.78 2346.83 ^ _174503_/Y (XNOR2x2_ASAP7_75t_R)
  12.84 2359.67 v _174521_/Y (OAI21x1_ASAP7_75t_R)
 100.36 2460.03 v _174524_/Y (AND3x1_ASAP7_75t_R)
  58.16 2518.19 v _174567_/Y (AO22x1_ASAP7_75t_R)
  28.69 2546.89 v _174568_/Y (AO32x1_ASAP7_75t_R)
  18.29 2565.18 v _174572_/Y (AND2x2_ASAP7_75t_R)
  20.51 2585.69 v _174573_/Y (MAJx2_ASAP7_75t_R)
  20.69 2606.37 v _174574_/Y (MAJx2_ASAP7_75t_R)
  20.05 2626.43 v _174575_/Y (MAJx2_ASAP7_75t_R)
  20.31 2646.74 v _174576_/Y (MAJx2_ASAP7_75t_R)
   7.76 2654.50 ^ _174577_/Y (NAND2x1_ASAP7_75t_R)
  16.22 2670.72 ^ _174578_/Y (AND2x2_ASAP7_75t_R)
   5.87 2676.58 v _174582_/Y (INVx1_ASAP7_75t_R)
  19.88 2696.46 v _174583_/Y (OR3x1_ASAP7_75t_R)
  28.85 2725.31 v _174584_/Y (OA211x2_ASAP7_75t_R)
  21.45 2746.76 v _174585_/Y (MAJx2_ASAP7_75t_R)
  20.49 2767.25 v _174586_/Y (MAJx2_ASAP7_75t_R)
  20.09 2787.34 v _174587_/Y (MAJx2_ASAP7_75t_R)
  18.11 2805.44 v _174588_/Y (XNOR2x2_ASAP7_75t_R)
  31.30 2836.75 v _174589_/Y (AO21x1_ASAP7_75t_R)
  97.66 2934.41 ^ _174590_/Y (NAND2x1_ASAP7_75t_R)
  82.49 3016.90 ^ _174591_/Y (AND3x1_ASAP7_75t_R)
  13.49 3030.39 v _174592_/Y (INVx1_ASAP7_75t_R)
  47.24 3077.63 v _174593_/Y (AO21x1_ASAP7_75t_R)
  46.25 3123.88 v _174627_/Y (AO22x1_ASAP7_75t_R)
  19.79 3143.67 v _174628_/Y (AND2x2_ASAP7_75t_R)
  19.73 3163.39 v _174629_/Y (MAJx2_ASAP7_75t_R)
  20.32 3183.72 v _174630_/Y (MAJx2_ASAP7_75t_R)
  20.28 3204.00 v _174631_/Y (MAJx2_ASAP7_75t_R)
  20.78 3224.78 v _174632_/Y (MAJx2_ASAP7_75t_R)
  20.63 3245.40 v _174633_/Y (MAJx2_ASAP7_75t_R)
  19.67 3265.08 v _174634_/Y (MAJx2_ASAP7_75t_R)
  12.80 3277.88 v _174635_/Y (OA21x2_ASAP7_75t_R)
  17.31 3295.18 v _174639_/Y (OA21x2_ASAP7_75t_R)
  19.29 3314.47 v _174640_/Y (MAJx2_ASAP7_75t_R)
   9.89 3324.36 ^ _174641_/Y (INVx1_ASAP7_75t_R)
   7.69 3332.04 v _174654_/Y (NAND2x1_ASAP7_75t_R)
  14.67 3346.71 v _174655_/Y (OA21x2_ASAP7_75t_R)
  24.33 3371.04 ^ _174656_/Y (NAND2x1_ASAP7_75t_R)
  98.84 3469.88 ^ _174658_/Y (AND3x1_ASAP7_75t_R)
  29.55 3499.43 v _174682_/Y (NAND2x1_ASAP7_75t_R)
  36.64 3536.06 v _174683_/Y (OA211x2_ASAP7_75t_R)
  24.40 3560.46 v _174716_/Y (MAJx2_ASAP7_75t_R)
  20.93 3581.39 v _174717_/Y (MAJx2_ASAP7_75t_R)
  20.74 3602.13 v _174718_/Y (MAJx2_ASAP7_75t_R)
  19.84 3621.97 v _174719_/Y (MAJx2_ASAP7_75t_R)
  15.05 3637.02 v _174721_/Y (AO21x1_ASAP7_75t_R)
  15.73 3652.75 v _174723_/Y (AND2x2_ASAP7_75t_R)
  19.81 3672.55 v _174724_/Y (MAJx2_ASAP7_75t_R)
  20.56 3693.11 v _174725_/Y (MAJx2_ASAP7_75t_R)
  20.39 3713.51 v _174726_/Y (MAJx2_ASAP7_75t_R)
  20.77 3734.28 ^ _174727_/Y (XNOR2x2_ASAP7_75t_R)
  16.42 3750.69 ^ _174728_/Y (AO21x1_ASAP7_75t_R)
  52.01 3802.70 ^ _174732_/Y (AO21x2_ASAP7_75t_R)
  62.17 3864.87 v _174741_/Y (INVx1_ASAP7_75t_R)
  33.42 3898.29 v _174763_/Y (AO21x1_ASAP7_75t_R)
  25.65 3923.94 v _174764_/Y (AO32x1_ASAP7_75t_R)
  14.05 3937.99 v _174765_/Y (OA21x2_ASAP7_75t_R)
  19.87 3957.86 v _174766_/Y (MAJx2_ASAP7_75t_R)
  20.71 3978.57 v _174767_/Y (MAJx2_ASAP7_75t_R)
  20.47 3999.03 v _174768_/Y (MAJx2_ASAP7_75t_R)
  20.33 4019.36 v _174769_/Y (MAJx2_ASAP7_75t_R)
  20.19 4039.55 v _174770_/Y (MAJx2_ASAP7_75t_R)
  21.06 4060.61 v _174771_/Y (MAJx2_ASAP7_75t_R)
  22.07 4082.68 v _174775_/Y (MAJx2_ASAP7_75t_R)
  20.64 4103.33 v _174776_/Y (MAJx2_ASAP7_75t_R)
  21.91 4125.24 v _174777_/Y (MAJx2_ASAP7_75t_R)
  22.76 4148.00 v _174798_/Y (OR3x1_ASAP7_75t_R)
  25.70 4173.70 ^ _174800_/Y (NAND3x1_ASAP7_75t_R)
  53.82 4227.52 ^ _174801_/Y (AND2x2_ASAP7_75t_R)
  95.72 4323.24 v _174802_/Y (NAND2x1_ASAP7_75t_R)
  41.47 4364.71 v _174820_/Y (AO21x1_ASAP7_75t_R)
  29.95 4394.66 v _174821_/Y (AO32x1_ASAP7_75t_R)
  19.44 4414.10 v _174856_/Y (AND2x2_ASAP7_75t_R)
  19.67 4433.77 v _174857_/Y (MAJx2_ASAP7_75t_R)
  20.22 4453.99 v _174858_/Y (MAJx2_ASAP7_75t_R)
  20.30 4474.29 v _174859_/Y (MAJx2_ASAP7_75t_R)
  20.17 4494.45 v _174860_/Y (MAJx2_ASAP7_75t_R)
  20.30 4514.76 v _174861_/Y (MAJx2_ASAP7_75t_R)
  20.20 4534.96 v _174862_/Y (MAJx2_ASAP7_75t_R)
  20.44 4555.40 v _174863_/Y (MAJx2_ASAP7_75t_R)
  20.26 4575.66 v _174864_/Y (MAJx2_ASAP7_75t_R)
  21.49 4597.14 v _174865_/Y (MAJx2_ASAP7_75t_R)
  18.45 4615.60 v _174866_/Y (AO21x1_ASAP7_75t_R)
  19.91 4635.51 v _174867_/Y (MAJx2_ASAP7_75t_R)
  17.25 4652.76 v _174876_/Y (AO21x1_ASAP7_75t_R)
  58.25 4711.01 ^ _174877_/Y (NAND2x1_ASAP7_75t_R)
  54.19 4765.20 ^ _174883_/Y (AND2x2_ASAP7_75t_R)
  51.72 4816.92 v _174884_/Y (OAI21x1_ASAP7_75t_R)
  49.77 4866.68 v _174915_/Y (AO32x1_ASAP7_75t_R)
  19.81 4886.49 v _174919_/Y (AND2x2_ASAP7_75t_R)
  19.92 4906.41 v _174920_/Y (MAJx2_ASAP7_75t_R)
  20.32 4926.73 v _174921_/Y (MAJx2_ASAP7_75t_R)
  20.57 4947.31 v _174922_/Y (MAJx2_ASAP7_75t_R)
  20.50 4967.80 v _174923_/Y (MAJx2_ASAP7_75t_R)
  10.55 4978.35 ^ _174924_/Y (NAND2x1_ASAP7_75t_R)
  10.35 4988.70 v _174927_/Y (AOI22x1_ASAP7_75t_R)
  22.39 5011.09 v _174928_/Y (MAJx2_ASAP7_75t_R)
  23.01 5034.09 v _174929_/Y (MAJx2_ASAP7_75t_R)
  21.53 5055.63 v _174937_/Y (MAJx2_ASAP7_75t_R)
   8.10 5063.73 ^ _174938_/Y (NAND2x1_ASAP7_75t_R)
  21.00 5084.73 ^ _174939_/Y (OA21x2_ASAP7_75t_R)
  23.08 5107.81 ^ _174940_/Y (AO21x1_ASAP7_75t_R)
  15.33 5123.14 v _174941_/Y (INVx1_ASAP7_75t_R)
  75.78 5198.92 v _174946_/Y (AND3x1_ASAP7_75t_R)
  57.10 5256.02 v _174973_/Y (AO22x1_ASAP7_75t_R)
  34.41 5290.42 v _174974_/Y (AO32x1_ASAP7_75t_R)
  29.73 5320.16 v _174995_/Y (AO32x1_ASAP7_75t_R)
  14.30 5334.46 v _174996_/Y (OA21x2_ASAP7_75t_R)
  20.25 5354.71 v _174997_/Y (MAJx2_ASAP7_75t_R)
  20.59 5375.30 v _174998_/Y (MAJx2_ASAP7_75t_R)
  20.63 5395.94 v _174999_/Y (MAJx2_ASAP7_75t_R)
  20.64 5416.57 v _175000_/Y (MAJx2_ASAP7_75t_R)
  20.41 5436.98 v _175001_/Y (MAJx2_ASAP7_75t_R)
  20.57 5457.55 v _175002_/Y (MAJx2_ASAP7_75t_R)
  20.14 5477.69 v _175003_/Y (MAJx2_ASAP7_75t_R)
   8.14 5485.83 ^ _175004_/Y (INVx1_ASAP7_75t_R)
  17.28 5503.11 ^ _175005_/Y (MAJx2_ASAP7_75t_R)
   8.48 5511.59 v _175006_/Y (INVx1_ASAP7_75t_R)
  19.08 5530.67 v _175007_/Y (AO21x1_ASAP7_75t_R)
  20.36 5551.03 v _175008_/Y (MAJx2_ASAP7_75t_R)
  19.30 5570.32 v _175015_/Y (AO21x1_ASAP7_75t_R)
  55.31 5625.64 v _175017_/Y (AO21x1_ASAP7_75t_R)
  97.40 5723.04 v _175023_/Y (OR3x1_ASAP7_75t_R)
  71.18 5794.22 v _175045_/Y (OA211x2_ASAP7_75t_R)
  23.49 5817.71 v _175046_/Y (OA21x2_ASAP7_75t_R)
  24.29 5842.00 v _175098_/Y (MAJx2_ASAP7_75t_R)
  20.34 5862.34 v _175099_/Y (MAJx2_ASAP7_75t_R)
  20.73 5883.07 v _175100_/Y (MAJx2_ASAP7_75t_R)
  21.27 5904.34 v _175101_/Y (MAJx2_ASAP7_75t_R)
  21.02 5925.36 v _175102_/Y (MAJx2_ASAP7_75t_R)
  20.43 5945.79 v _175103_/Y (MAJx2_ASAP7_75t_R)
  20.61 5966.40 v _175104_/Y (MAJx2_ASAP7_75t_R)
  20.65 5987.05 v _175105_/Y (MAJx2_ASAP7_75t_R)
  20.52 6007.57 v _175106_/Y (XNOR2x2_ASAP7_75t_R)
  37.67 6045.24 v _175107_/Y (AO32x1_ASAP7_75t_R)
  45.37 6090.61 v _175108_/Y (AND2x2_ASAP7_75t_R)
  70.38 6160.99 ^ _175109_/Y (NAND2x1_ASAP7_75t_R)
  72.81 6233.80 ^ _175111_/Y (OR2x2_ASAP7_75t_R)
  27.50 6261.30 v _175141_/Y (NOR2x1_ASAP7_75t_R)
  18.99 6280.29 v _175142_/Y (AO21x1_ASAP7_75t_R)
  19.16 6299.45 v _175143_/Y (AND2x2_ASAP7_75t_R)
  24.58 6324.03 v _175147_/Y (MAJx2_ASAP7_75t_R)
  20.48 6344.51 v _175148_/Y (MAJx2_ASAP7_75t_R)
  20.49 6365.00 v _175149_/Y (MAJx2_ASAP7_75t_R)
  20.38 6385.38 v _175150_/Y (MAJx2_ASAP7_75t_R)
  20.39 6405.77 v _175151_/Y (MAJx2_ASAP7_75t_R)
  20.24 6426.01 v _175152_/Y (MAJx2_ASAP7_75t_R)
  20.62 6446.64 v _175153_/Y (MAJx2_ASAP7_75t_R)
  21.58 6468.22 v _175157_/Y (MAJx2_ASAP7_75t_R)
  20.12 6488.33 v _175158_/Y (MAJx2_ASAP7_75t_R)
   8.07 6496.40 ^ _175159_/Y (INVx1_ASAP7_75t_R)
  20.40 6516.80 ^ _175160_/Y (MAJx2_ASAP7_75t_R)
   6.98 6523.78 v _175181_/Y (NAND3x1_ASAP7_75t_R)
  38.71 6562.49 v _175182_/Y (OA211x2_ASAP7_75t_R)
  60.17 6622.66 v _175184_/Y (OR3x1_ASAP7_75t_R)
  64.22 6686.88 ^ _175191_/Y (INVx1_ASAP7_75t_R)
  25.97 6712.85 ^ _175235_/Y (AO21x1_ASAP7_75t_R)
  25.04 6737.89 ^ _175236_/Y (AO22x1_ASAP7_75t_R)
  21.24 6759.13 ^ _175237_/Y (AND2x2_ASAP7_75t_R)
  17.95 6777.08 ^ _175238_/Y (MAJx2_ASAP7_75t_R)
  17.17 6794.25 ^ _175239_/Y (MAJx2_ASAP7_75t_R)
  15.99 6810.24 ^ _175240_/Y (OA21x2_ASAP7_75t_R)
  15.95 6826.19 ^ _175245_/Y (OA21x2_ASAP7_75t_R)
  17.07 6843.26 ^ _175246_/Y (MAJx2_ASAP7_75t_R)
   7.05 6850.31 v _175247_/Y (INVx1_ASAP7_75t_R)
  22.28 6872.58 v _175248_/Y (MAJx2_ASAP7_75t_R)
  21.02 6893.60 v _175259_/Y (MAJx2_ASAP7_75t_R)
   8.91 6902.52 ^ _175260_/Y (AOI21x1_ASAP7_75t_R)
  18.33 6920.84 ^ _175261_/Y (AO21x1_ASAP7_75t_R)
  35.58 6956.42 v _175262_/Y (NAND2x1_ASAP7_75t_R)
  46.00 7002.42 v _175266_/Y (AND2x2_ASAP7_75t_R)
  35.77 7038.19 v _175298_/Y (AO32x1_ASAP7_75t_R)
  20.27 7058.46 v _175299_/Y (AND2x2_ASAP7_75t_R)
  26.25 7084.71 v _175302_/Y (MAJx2_ASAP7_75t_R)
  20.75 7105.46 v _175303_/Y (MAJx2_ASAP7_75t_R)
  20.68 7126.14 v _175304_/Y (MAJx2_ASAP7_75t_R)
  20.23 7146.38 v _175305_/Y (MAJx2_ASAP7_75t_R)
  20.48 7166.85 v _175306_/Y (MAJx2_ASAP7_75t_R)
  20.36 7187.21 v _175307_/Y (MAJx2_ASAP7_75t_R)
  20.40 7207.61 v _175308_/Y (MAJx2_ASAP7_75t_R)
  20.11 7227.72 v _175309_/Y (MAJx2_ASAP7_75t_R)
  19.79 7247.51 v _175310_/Y (MAJx2_ASAP7_75t_R)
   7.93 7255.44 ^ _175311_/Y (INVx1_ASAP7_75t_R)
  19.78 7275.21 ^ _175312_/Y (MAJx2_ASAP7_75t_R)
  38.58 7313.79 ^ _175337_/Y (OA211x2_ASAP7_75t_R)
  77.19 7390.99 v _175350_/Y (NOR2x1_ASAP7_75t_R)
  35.88 7426.86 v _175354_/Y (AO21x1_ASAP7_75t_R)
  23.24 7450.10 v _175357_/Y (AO221x1_ASAP7_75t_R)
  20.17 7470.27 v _175358_/Y (OA21x2_ASAP7_75t_R)
  26.76 7497.03 v _175417_/Y (MAJx2_ASAP7_75t_R)
  20.42 7517.46 v _175418_/Y (MAJx2_ASAP7_75t_R)
  20.45 7537.90 v _175419_/Y (MAJx2_ASAP7_75t_R)
  20.79 7558.69 v _175420_/Y (MAJx2_ASAP7_75t_R)
  20.92 7579.61 v _175421_/Y (MAJx2_ASAP7_75t_R)
  20.59 7600.19 v _175422_/Y (MAJx2_ASAP7_75t_R)
  20.52 7620.71 v _175423_/Y (MAJx2_ASAP7_75t_R)
  20.35 7641.06 v _175424_/Y (MAJx2_ASAP7_75t_R)
  22.83 7663.89 v _175425_/Y (MAJx2_ASAP7_75t_R)
  20.81 7684.69 v _175426_/Y (MAJx2_ASAP7_75t_R)
  22.74 7707.43 v _175433_/Y (OR3x1_ASAP7_75t_R)
  67.05 7774.48 v _175436_/Y (AND3x1_ASAP7_75t_R)
  72.63 7847.11 ^ _175437_/Y (INVx1_ASAP7_75t_R)
  15.14 7862.25 v _175487_/Y (AOI21x1_ASAP7_75t_R)
  20.08 7882.33 v _175488_/Y (AO21x1_ASAP7_75t_R)
  23.21 7905.54 v _175489_/Y (AO32x1_ASAP7_75t_R)
  30.59 7936.13 v _175490_/Y (AO32x1_ASAP7_75t_R)
  22.62 7958.75 v _175528_/Y (AO21x1_ASAP7_75t_R)
  21.35 7980.11 v _175529_/Y (MAJx2_ASAP7_75t_R)
  20.67 8000.78 v _175530_/Y (MAJx2_ASAP7_75t_R)
  19.89 8020.67 v _175531_/Y (MAJx2_ASAP7_75t_R)
  13.56 8034.23 v _175532_/Y (OA21x2_ASAP7_75t_R)
  20.19 8054.42 v _175533_/Y (MAJx2_ASAP7_75t_R)
  23.33 8077.74 v _175534_/Y (MAJx2_ASAP7_75t_R)
  22.45 8100.19 v _175540_/Y (MAJx2_ASAP7_75t_R)
  33.04 8133.23 v _175555_/Y (AO21x1_ASAP7_75t_R)
  37.82 8171.05 v _175685_/Y (AO221x1_ASAP7_75t_R)
  24.54 8195.59 ^ _175699_/Y (AOI21x1_ASAP7_75t_R)
  89.84 8285.43 ^ _175745_/Y (AND5x1_ASAP7_75t_R)
  94.69 8380.12 ^ _188653_/Y (AND2x2_ASAP7_75t_R)
  74.38 8454.50 ^ _189382_/Y (AO21x1_ASAP7_75t_R)
  34.96 8489.47 ^ output156/Y (BUFx2_ASAP7_75t_R)
   0.40 8489.86 ^ dmem_req_addr[24] (out)
        8489.86   data arrival time

12000.00 12000.00   clock core_clk (rise edge)
   0.00 12000.00   clock network delay (propagated)
 -50.00 11950.00   clock uncertainty
   0.00 11950.00   clock reconvergence pessimism
-2400.00 9550.00   output external delay
        9550.00   data required time
---------------------------------------------------------
        9550.00   data required time
        -8489.86   data arrival time
---------------------------------------------------------
        1060.14   slack (MET)


