
==========================================================================
resizer report_tns
--------------------------------------------------------------------------
tns max -2417731.75

==========================================================================
resizer report_wns
--------------------------------------------------------------------------
wns max -925.73

==========================================================================
resizer report_worst_slack
--------------------------------------------------------------------------
worst slack max -925.73

==========================================================================
resizer report_clock_min_period
--------------------------------------------------------------------------
core_clk period_min = 5925.73 fmax = 168.76

==========================================================================
resizer report_checks -path_delay min
--------------------------------------------------------------------------
Startpoint: rst (input port clocked by core_clk)
Endpoint: imem_req_valid (output port clocked by core_clk)
Path Group: in2out
Path Type: min

Fanout     Cap    Slew   Delay    Time   Description
-----------------------------------------------------------------------------
                  0.00    0.00    0.00   clock core_clk (rise edge)
                          0.00    0.00   clock network delay (ideal)
                       1000.00 1000.00 v input external delay
     1    1.16   20.00    0.00 1000.00 v rst (in)
                                         rst (net)
                 20.22    0.07 1000.07 v input106/A (BUFx8_ASAP7_75t_R)
    42   51.34   43.58   33.39 1033.46 v input106/Y (BUFx8_ASAP7_75t_R)
                                         net106 (net)
                 48.36    7.40 1040.86 v _151342_/A (INVx3_ASAP7_75t_R)
     3    4.14   20.16   15.55 1056.41 ^ _151342_/Y (INVx3_ASAP7_75t_R)
                                         _096745_ (net)
                 20.21    0.58 1056.99 ^ load_slew4515/A (BUFx16f_ASAP7_75t_R)
    54   46.15   26.97   22.99 1079.97 ^ load_slew4515/Y (BUFx16f_ASAP7_75t_R)
                                         net4073 (net)
                 27.64    2.38 1082.35 ^ load_slew4514/A (BUFx16f_ASAP7_75t_R)
    46   35.62   23.18   22.85 1105.20 ^ load_slew4514/Y (BUFx16f_ASAP7_75t_R)
                                         net4072 (net)
                 23.24    0.81 1106.01 ^ load_slew4462/A (BUFx16f_ASAP7_75t_R)
    50   41.90   25.58   20.97 1126.98 ^ load_slew4462/Y (BUFx16f_ASAP7_75t_R)
                                         net4020 (net)
                 42.02   10.41 1137.39 ^ load_slew4460/A (BUFx16f_ASAP7_75t_R)
    50   42.38   27.92   24.60 1161.99 ^ load_slew4460/Y (BUFx16f_ASAP7_75t_R)
                                         net4018 (net)
                 51.36   14.24 1176.23 ^ wire4456/A (BUFx16f_ASAP7_75t_R)
    60   46.59   28.29   27.93 1204.16 ^ wire4456/Y (BUFx16f_ASAP7_75t_R)
                                         net4014 (net)
                 41.24    9.54 1213.70 ^ load_slew4452/A (BUFx16f_ASAP7_75t_R)
    60   45.53   28.44   25.76 1239.47 ^ load_slew4452/Y (BUFx16f_ASAP7_75t_R)
                                         net4010 (net)
                 44.20   10.87 1250.33 ^ load_slew4451/A (BUFx16f_ASAP7_75t_R)
    38   29.30   20.31   24.41 1274.74 ^ load_slew4451/Y (BUFx16f_ASAP7_75t_R)
                                         net4009 (net)
                 35.88    9.52 1284.26 ^ load_slew4450/A (BUFx16f_ASAP7_75t_R)
    50   39.76   20.85   22.92 1307.18 ^ load_slew4450/Y (BUFx16f_ASAP7_75t_R)
                                         net4008 (net)
                 46.29   12.10 1319.28 ^ load_slew4441/A (BUFx16f_ASAP7_75t_R)
    45   36.65   24.15   24.65 1343.94 ^ load_slew4441/Y (BUFx16f_ASAP7_75t_R)
                                         net3999 (net)
                 43.34   11.44 1355.38 ^ wire4440/A (BUFx16f_ASAP7_75t_R)
    50   40.27   23.85   25.59 1380.97 ^ wire4440/Y (BUFx16f_ASAP7_75t_R)
                                         net3998 (net)
                 24.52    2.19 1383.16 ^ load_slew4439/A (BUFx16f_ASAP7_75t_R)
    49   39.22   24.30   20.61 1403.77 ^ load_slew4439/Y (BUFx16f_ASAP7_75t_R)
                                         net3997 (net)
                 48.93   13.62 1417.39 ^ load_slew4438/A (BUFx16f_ASAP7_75t_R)
    41   37.43   16.51   25.24 1442.63 ^ load_slew4438/Y (BUFx16f_ASAP7_75t_R)
                                         net3996 (net)
                 63.74   18.74 1461.37 ^ _227188_/C (OA211x2_ASAP7_75t_R)
     1    0.43    7.07   22.30 1483.67 ^ _227188_/Y (OA211x2_ASAP7_75t_R)
                                         _031133_ (net)
                  7.07    0.02 1483.68 ^ _227189_/C (OA211x2_ASAP7_75t_R)
    31   24.97   85.38   47.32 1531.00 ^ _227189_/Y (OA211x2_ASAP7_75t_R)
                                         net109 (net)
                 87.31    7.18 1538.18 ^ output109/A (BUFx2_ASAP7_75t_R)
     1    3.79   16.78   29.68 1567.86 ^ output109/Y (BUFx2_ASAP7_75t_R)
                                         imem_req_valid (net)
                 17.00    1.04 1568.89 ^ imem_req_valid (out)
                               1568.89   data arrival time

                  0.00    0.00    0.00   clock core_clk (rise edge)
                          0.00    0.00   clock network delay (ideal)
                         25.00   25.00   clock uncertainty
                          0.00   25.00   clock reconvergence pessimism
                       -1000.00 -975.00   output external delay
                               -975.00   data required time
-----------------------------------------------------------------------------
                               -975.00   data required time
                               -1568.89   data arrival time
-----------------------------------------------------------------------------
                               2543.89   slack (MET)


Startpoint: imem_rsp_rdata[7] (input port clocked by core_clk)
Endpoint: _300560_ (rising edge-triggered flip-flop clocked by core_clk)
Path Group: in2reg
Path Type: min

Fanout     Cap    Slew   Delay    Time   Description
-----------------------------------------------------------------------------
                  0.00    0.00    0.00   clock core_clk (rise edge)
                          0.00    0.00   clock network delay (ideal)
                       1000.00 1000.00 v input external delay
     1    1.25   20.00    0.00 1000.00 v imem_rsp_rdata[7] (in)
                                         imem_rsp_rdata[7] (net)
                 20.33    0.10 1000.10 v input102/A (BUFx2_ASAP7_75t_R)
     5    3.06   11.35   20.59 1020.69 v input102/Y (BUFx2_ASAP7_75t_R)
                                         net102 (net)
                 11.38    0.29 1020.98 v _231908_/A1 (OA21x2_ASAP7_75t_R)
     1    0.60    4.31   16.90 1037.89 v _231908_/Y (OA21x2_ASAP7_75t_R)
                                         u_frontend._395414_ (net)
                  4.31    0.02 1037.91 v _300560_/D (DFFHQNx1_ASAP7_75t_R)
                               1037.91   data arrival time

                  0.00    0.00    0.00   clock core_clk (rise edge)
                          0.00    0.00   clock network delay (ideal)
                         25.00   25.00   clock uncertainty
                          0.00   25.00   clock reconvergence pessimism
                                 25.00 ^ _300560_/CLK (DFFHQNx1_ASAP7_75t_R)
                          8.80   33.80   library hold time
                                 33.80   data required time
-----------------------------------------------------------------------------
                                 33.80   data required time
                               -1037.91   data arrival time
-----------------------------------------------------------------------------
                               1004.10   slack (MET)


Startpoint: _318613_ (rising edge-triggered flip-flop clocked by core_clk)
Endpoint: commit_trace[12] (output port clocked by core_clk)
Path Group: reg2out
Path Type: min

Fanout     Cap    Slew   Delay    Time   Description
-----------------------------------------------------------------------------
                  0.00    0.00    0.00   clock core_clk (rise edge)
                          0.00    0.00   clock network delay (ideal)
                  0.00    0.00    0.00 ^ _318613_/CLK (DFFHQNx1_ASAP7_75t_R)
     1    0.54   11.49   29.81   29.81 v _318613_/QN (DFFHQNx1_ASAP7_75t_R)
                                         _000682_ (net)
                 11.49    0.02   29.82 v _152840_/A (INVx1_ASAP7_75t_R)
     1    0.50    6.62    6.21   36.04 ^ _152840_/Y (INVx1_ASAP7_75t_R)
                                         u_rob.commit_trace[12] (net)
                  6.62    0.02   36.05 ^ output241/A (BUFx2_ASAP7_75t_R)
     1    2.48   10.70   14.89   50.94 ^ output241/Y (BUFx2_ASAP7_75t_R)
                                         commit_trace[12] (net)
                 10.72    0.26   51.20 ^ commit_trace[12] (out)
                                 51.20   data arrival time

                  0.00    0.00    0.00   clock core_clk (rise edge)
                          0.00    0.00   clock network delay (ideal)
                         25.00   25.00   clock uncertainty
                          0.00   25.00   clock reconvergence pessimism
                       -1000.00 -975.00   output external delay
                               -975.00   data required time
-----------------------------------------------------------------------------
                               -975.00   data required time
                                -51.20   data arrival time
-----------------------------------------------------------------------------
                               1026.20   slack (MET)


Startpoint: _307758_ (rising edge-triggered flip-flop clocked by core_clk)
Endpoint: _307758_ (rising edge-triggered flip-flop clocked by core_clk)
Path Group: reg2reg
Path Type: min

Fanout     Cap    Slew   Delay    Time   Description
-----------------------------------------------------------------------------
                  0.00    0.00    0.00   clock core_clk (rise edge)
                          0.00    0.00   clock network delay (ideal)
                  0.00    0.00    0.00 ^ _307758_/CLK (DFFHQNx1_ASAP7_75t_R)
     2    1.08   14.76   33.87   33.87 ^ _307758_/QN (DFFHQNx1_ASAP7_75t_R)
                                         _017285_ (net)
                 14.76    0.03   33.90 ^ _282701_/B (NOR2x1_ASAP7_75t_R)
     1    0.61    7.49    7.56   41.46 v _282701_/Y (NOR2x1_ASAP7_75t_R)
                                         u_csr._0005_[17] (net)
                  7.49    0.02   41.49 v _307758_/D (DFFHQNx1_ASAP7_75t_R)
                                 41.49   data arrival time

                  0.00    0.00    0.00   clock core_clk (rise edge)
                          0.00    0.00   clock network delay (ideal)
                         25.00   25.00   clock uncertainty
                          0.00   25.00   clock reconvergence pessimism
                                 25.00 ^ _307758_/CLK (DFFHQNx1_ASAP7_75t_R)
                          8.51   33.51   library hold time
                                 33.51   data required time
-----------------------------------------------------------------------------
                                 33.51   data required time
                                -41.49   data arrival time
-----------------------------------------------------------------------------
                                  7.97   slack (MET)



==========================================================================
resizer report_checks -path_delay max
--------------------------------------------------------------------------
Startpoint: rst (input port clocked by core_clk)
Endpoint: dmem_req_addr[3] (output port clocked by core_clk)
Path Group: in2out
Path Type: max

Fanout     Cap    Slew   Delay    Time   Description
-----------------------------------------------------------------------------
                  0.00    0.00    0.00   clock core_clk (rise edge)
                          0.00    0.00   clock network delay (ideal)
                       1000.00 1000.00 v input external delay
     1    1.37   20.00    0.00 1000.00 v rst (in)
                                         rst (net)
                 20.27    0.09 1000.09 v input106/A (BUFx8_ASAP7_75t_R)
    42   65.87   54.59   36.05 1036.14 v input106/Y (BUFx8_ASAP7_75t_R)
                                         net106 (net)
                 54.65    1.23 1037.37 v wire4546/A (BUFx24_ASAP7_75t_R)
    80  119.68   54.00   41.67 1079.04 v wire4546/Y (BUFx24_ASAP7_75t_R)
                                         net4104 (net)
                 55.07    4.40 1083.44 v load_slew4545/A (BUFx16f_ASAP7_75t_R)
    59   92.72   46.14   31.61 1115.05 v load_slew4545/Y (BUFx16f_ASAP7_75t_R)
                                         net4103 (net)
                 99.22   29.21 1144.26 v wire4532/A (BUFx24_ASAP7_75t_R)
    73  110.43   51.05   47.30 1191.56 v wire4532/Y (BUFx24_ASAP7_75t_R)
                                         net4090 (net)
                 92.73   25.35 1216.91 v wire4531/A (BUFx16f_ASAP7_75t_R)
    65   93.99   42.28   38.85 1255.76 v wire4531/Y (BUFx16f_ASAP7_75t_R)
                                         net4089 (net)
                134.33   41.46 1297.22 v wire4530/A (BUFx24_ASAP7_75t_R)
    73  112.53   50.70   51.52 1348.73 v wire4530/Y (BUFx24_ASAP7_75t_R)
                                         net4088 (net)
                123.95   37.07 1385.81 v wire4528/A (BUFx16f_ASAP7_75t_R)
    60   89.94   44.25   43.69 1429.50 v wire4528/Y (BUFx16f_ASAP7_75t_R)
                                         net4086 (net)
                139.40   43.61 1473.11 v wire4527/A (BUFx16f_ASAP7_75t_R)
    43   90.52   43.17   47.12 1520.23 v wire4527/Y (BUFx16f_ASAP7_75t_R)
                                         net4085 (net)
                134.84   41.69 1561.92 v load_slew4526/A (BUFx16f_ASAP7_75t_R)
    38   61.61   14.28   39.40 1601.33 v load_slew4526/Y (BUFx16f_ASAP7_75t_R)
                                         net4084 (net)
                183.84   57.72 1659.05 v _167892_/A (NOR2x2_ASAP7_75t_R)
    17   24.21  125.98   64.44 1723.49 ^ _167892_/Y (NOR2x2_ASAP7_75t_R)
                                         net108 (net)
                127.46    7.85 1731.34 ^ load_slew3424/A (BUFx16f_ASAP7_75t_R)
    32   28.98   22.16   33.46 1764.80 ^ load_slew3424/Y (BUFx16f_ASAP7_75t_R)
                                         net2982 (net)
                 44.41   12.42 1777.22 ^ _172076_/B (OA21x2_ASAP7_75t_R)
     1    0.70    7.11   20.80 1798.02 ^ _172076_/Y (OA21x2_ASAP7_75t_R)
                                         _115938_ (net)
                  7.11    0.03 1798.05 ^ _172077_/B (AO21x1_ASAP7_75t_R)
     2    8.77   58.89   31.72 1829.77 ^ _172077_/Y (AO21x1_ASAP7_75t_R)
                                         u_lsu.dmem_req_addr[3] (net)
                 58.93    0.88 1830.65 ^ output165/A (BUFx2_ASAP7_75t_R)
     1    2.54   12.21   24.82 1855.47 ^ output165/Y (BUFx2_ASAP7_75t_R)
                                         dmem_req_addr[3] (net)
                 12.23    0.29 1855.76 ^ dmem_req_addr[3] (out)
                               1855.76   data arrival time

                  0.00 5000.00 5000.00   clock core_clk (rise edge)
                          0.00 5000.00   clock network delay (ideal)
                        -50.00 4950.00   clock uncertainty
                          0.00 4950.00   clock reconvergence pessimism
                       -1000.00 3950.00   output external delay
                               3950.00   data required time
-----------------------------------------------------------------------------
                               3950.00   data required time
                               -1855.76   data arrival time
-----------------------------------------------------------------------------
                               2094.24   slack (MET)


Startpoint: dmem_rsp_valid (input port clocked by core_clk)
Endpoint: _312550_ (rising edge-triggered flip-flop clocked by core_clk)
Path Group: in2reg
Path Type: max

Fanout     Cap    Slew   Delay    Time   Description
-----------------------------------------------------------------------------
                  0.00    0.00    0.00   clock core_clk (rise edge)
                          0.00    0.00   clock network delay (ideal)
                       1000.00 1000.00 v input external delay
     1    1.08   20.00    0.00 1000.00 v dmem_rsp_valid (in)
                                         dmem_rsp_valid (net)
                 20.22    0.07 1000.07 v input70/A (BUFx2_ASAP7_75t_R)
     2   11.16   33.81   26.98 1027.05 v input70/Y (BUFx2_ASAP7_75t_R)
                                         net70 (net)
                 45.26   10.11 1037.16 v _150454_/A (INVx1_ASAP7_75t_R)
     3    2.60   26.33   21.13 1058.29 ^ _150454_/Y (INVx1_ASAP7_75t_R)
                                         _095974_ (net)
                 26.34    0.10 1058.39 ^ _150455_/C (OR3x1_ASAP7_75t_R)
     5    4.15   27.90   24.98 1083.37 ^ _150455_/Y (OR3x1_ASAP7_75t_R)
                                         _095975_ (net)
                 27.92    0.48 1083.85 ^ _150468_/C (OR5x1_ASAP7_75t_R)
     1    0.87    8.99   20.41 1104.26 ^ _150468_/Y (OR5x1_ASAP7_75t_R)
                                         _095988_ (net)
                  8.99    0.05 1104.31 ^ _150505_/A (AND3x1_ASAP7_75t_R)
     1    1.37   13.13   19.37 1123.67 ^ _150505_/Y (AND3x1_ASAP7_75t_R)
                                         _096025_ (net)
                 13.13    0.07 1123.74 ^ _150506_/B (AOI21x1_ASAP7_75t_R)
     1    3.78   26.19   12.95 1136.69 v _150506_/Y (AOI21x1_ASAP7_75t_R)
                                         _096026_ (net)
                 26.42    1.34 1138.03 v _150592_/A2 (OA21x2_ASAP7_75t_R)
    11   34.00  100.81   52.42 1190.45 v _150592_/Y (OA21x2_ASAP7_75t_R)
                                         _096112_ (net)
                107.94   14.18 1204.63 v wire2380/A (BUFx16f_ASAP7_75t_R)
     8   31.33   13.70   35.72 1240.35 v wire2380/Y (BUFx16f_ASAP7_75t_R)
                                         net1938 (net)
                 67.26   20.21 1260.57 v _151449_/A1 (AO21x2_ASAP7_75t_R)
     6   28.64   87.27   56.91 1317.48 v _151449_/Y (AO21x2_ASAP7_75t_R)
                                         _096851_ (net)
                 95.91   14.35 1331.83 v wire2376/A (BUFx16f_ASAP7_75t_R)
    16   33.12   17.93   34.37 1366.20 v wire2376/Y (BUFx16f_ASAP7_75t_R)
                                         net1934 (net)
                 32.93    7.58 1373.78 v _159051_/A (NOR2x2_ASAP7_75t_R)
     2    6.05   33.27   18.07 1391.85 ^ _159051_/Y (NOR2x2_ASAP7_75t_R)
                                         _104016_ (net)
                 33.80    2.27 1394.12 ^ wire2286/A (BUFx16f_ASAP7_75t_R)
    19   31.76   10.90   21.64 1415.76 ^ wire2286/Y (BUFx16f_ASAP7_75t_R)
                                         net1844 (net)
                 18.01    3.66 1419.42 ^ _159052_/B (AND2x2_ASAP7_75t_R)
     4   16.93   59.46   33.72 1453.14 ^ _159052_/Y (AND2x2_ASAP7_75t_R)
                                         _104017_ (net)
                 80.20   18.40 1471.54 ^ _159053_/C (AND3x1_ASAP7_75t_R)
     1    0.64    9.52   23.12 1494.66 ^ _159053_/Y (AND3x1_ASAP7_75t_R)
                                         _104018_ (net)
                  9.52    0.02 1494.68 ^ _159054_/B (OA21x2_ASAP7_75t_R)
     7   30.38   99.85   34.09 1528.77 ^ _159054_/Y (OA21x2_ASAP7_75t_R)
                                         _104019_ (net)
                223.76   66.42 1595.19 ^ _159120_/A1 (OA21x2_ASAP7_75t_R)
    36   44.64  155.45   63.17 1658.36 ^ _159120_/Y (OA21x2_ASAP7_75t_R)
                                         _104085_ (net)
                156.12    5.22 1663.58 ^ _159154_/A2 (AO221x1_ASAP7_75t_R)
     3    5.35   39.46   51.27 1714.85 ^ _159154_/Y (AO221x1_ASAP7_75t_R)
                                         _104119_ (net)
                 39.93    2.40 1717.24 ^ _159901_/B (AND2x2_ASAP7_75t_R)
    41   65.94  222.36   96.13 1813.37 ^ _159901_/Y (AND2x2_ASAP7_75t_R)
                                         _104858_ (net)
                232.78   26.03 1839.40 ^ _159903_/A (NOR2x1_ASAP7_75t_R)
     8   28.47  210.89  122.31 1961.71 v _159903_/Y (NOR2x1_ASAP7_75t_R)
                                         _104860_ (net)
                228.90   32.66 1994.37 v _163131_/B (NAND2x2_ASAP7_75t_R)
    15   27.06  142.71   96.53 2090.89 ^ _163131_/Y (NAND2x2_ASAP7_75t_R)
                                         _107988_ (net)
                142.71    0.41 2091.30 ^ load_slew954/A (BUFx16f_ASAP7_75t_R)
    25   35.13   27.07   35.97 2127.27 ^ load_slew954/Y (BUFx16f_ASAP7_75t_R)
                                         net512 (net)
                 34.87    7.25 2134.52 ^ load_slew952/A (BUFx16f_ASAP7_75t_R)
    23   33.36   16.26   21.61 2156.13 ^ load_slew952/Y (BUFx16f_ASAP7_75t_R)
                                         net510 (net)
                 76.17   23.72 2179.85 ^ _164753_/A (OR2x2_ASAP7_75t_R)
    33   79.89  270.80  111.59 2291.44 ^ _164753_/Y (OR2x2_ASAP7_75t_R)
                                         _109546_ (net)
                300.27   46.82 2338.26 ^ _201241_/B (NAND2x1_ASAP7_75t_R)
     1    0.74   37.15   10.39 2348.64 v _201241_/Y (NAND2x1_ASAP7_75t_R)
                                         _141303_ (net)
                 37.15    0.03 2348.67 v _201242_/A2 (AO21x1_ASAP7_75t_R)
     1    0.48    9.23   19.91 2368.58 v _201242_/Y (AO21x1_ASAP7_75t_R)
                                         _141304_ (net)
                  9.23    0.02 2368.60 v _201243_/B (OA211x2_ASAP7_75t_R)
     1    0.67   13.05   25.37 2393.96 v _201243_/Y (OA211x2_ASAP7_75t_R)
                                         _141305_ (net)
                 13.05    0.02 2393.99 v _201244_/B (AO21x1_ASAP7_75t_R)
     1    0.60   10.16   16.36 2410.34 v _201244_/Y (AO21x1_ASAP7_75t_R)
                                         _141306_ (net)
                 10.16    0.02 2410.36 v _201245_/B (AND2x2_ASAP7_75t_R)
     1    0.63    7.74   14.36 2424.73 v _201245_/Y (AND2x2_ASAP7_75t_R)
                                         u_int_prf._00050_[26] (net)
                  7.74    0.02 2424.74 v _312550_/D (DFFHQNx1_ASAP7_75t_R)
                               2424.74   data arrival time

                  0.00 5000.00 5000.00   clock core_clk (rise edge)
                          0.00 5000.00   clock network delay (ideal)
                        -50.00 4950.00   clock uncertainty
                          0.00 4950.00   clock reconvergence pessimism
                               4950.00 ^ _312550_/CLK (DFFHQNx1_ASAP7_75t_R)
                         -8.63 4941.37   library setup time
                               4941.37   data required time
-----------------------------------------------------------------------------
                               4941.37   data required time
                               -2424.74   data arrival time
-----------------------------------------------------------------------------
                               2516.63   slack (MET)


Startpoint: _308209_ (rising edge-triggered flip-flop clocked by core_clk)
Endpoint: dmem_req_addr[13] (output port clocked by core_clk)
Path Group: reg2out
Path Type: max

Fanout     Cap    Slew   Delay    Time   Description
-----------------------------------------------------------------------------
                  0.00    0.00    0.00   clock core_clk (rise edge)
                          0.00    0.00   clock network delay (ideal)
                  0.00    0.00    0.00 ^ _308209_/CLK (DFFHQNx3_ASAP7_75t_R)
     2    7.64   32.91   52.37   52.37 ^ _308209_/QN (DFFHQNx3_ASAP7_75t_R)
                                         u_lsu._004001_[1] (net)
                 34.45    3.75   56.12 ^ wire4778/A (BUFx16f_ASAP7_75t_R)
    36   47.98   26.61   22.04   78.16 ^ wire4778/Y (BUFx16f_ASAP7_75t_R)
                                         net4336 (net)
                 73.97   22.30  100.45 ^ wire4776/A (BUFx16f_ASAP7_75t_R)
    45   51.43   32.09   30.78  131.23 ^ wire4776/Y (BUFx16f_ASAP7_75t_R)
                                         net4334 (net)
                 40.95    8.18  139.41 ^ wire4775/A (BUFx16f_ASAP7_75t_R)
    37   45.64   22.93   23.95  163.37 ^ wire4775/Y (BUFx16f_ASAP7_75t_R)
                                         net4333 (net)
                 82.28   25.14  188.51 ^ load_slew4774/A (BUFx16f_ASAP7_75t_R)
    42   51.91   32.63   36.06  224.57 ^ load_slew4774/Y (BUFx16f_ASAP7_75t_R)
                                         net4332 (net)
                 37.13    6.36  230.93 ^ _153629_/B (AND2x2_ASAP7_75t_R)
    52   56.80  192.34   81.20  312.13 ^ _153629_/Y (AND2x2_ASAP7_75t_R)
                                         _098594_ (net)
                221.94   39.26  351.39 ^ _153630_/B (NAND2x1_ASAP7_75t_R)
    18   24.79  162.16  105.61  457.00 v _153630_/Y (NAND2x1_ASAP7_75t_R)
                                         _098595_ (net)
                162.39    3.59  460.60 v _153631_/B (OA21x2_ASAP7_75t_R)
    19   20.94   63.76   58.55  519.15 v _153631_/Y (OA21x2_ASAP7_75t_R)
                                         _098596_ (net)
                 66.18    6.79  525.94 v _153633_/C (AND3x1_ASAP7_75t_R)
    34   31.59  170.36   92.92  618.86 v _153633_/Y (AND3x1_ASAP7_75t_R)
                                         _098598_ (net)
                171.22    6.95  625.82 v _154870_/C1 (AO222x2_ASAP7_75t_R)
     5    5.73   25.58   69.80  695.62 v _154870_/Y (AO222x2_ASAP7_75t_R)
                                         _099835_ (net)
                 25.66    0.75  696.37 v _154873_/B (OR3x2_ASAP7_75t_R)
     8   13.61   44.01   44.84  741.21 v _154873_/Y (OR3x2_ASAP7_75t_R)
                                         _099838_ (net)
                 44.83    3.34  744.55 v _154878_/C (OR5x1_ASAP7_75t_R)
     3    5.05   36.20   50.35  794.90 v _154878_/Y (OR5x1_ASAP7_75t_R)
                                         _099843_ (net)
                 36.43    1.63  796.53 v _154879_/D (OR4x1_ASAP7_75t_R)
    31   35.95  198.30  109.89  906.41 v _154879_/Y (OR4x1_ASAP7_75t_R)
                                         _099844_ (net)
                199.03    7.11  913.53 v _155829_/C (OR4x1_ASAP7_75t_R)
     2    1.58   17.29   50.80  964.33 v _155829_/Y (OR4x1_ASAP7_75t_R)
                                         _100794_ (net)
                 17.29    0.05  964.38 v _155944_/B2 (AO221x1_ASAP7_75t_R)
     1    0.93   10.25   23.66  988.04 v _155944_/Y (AO221x1_ASAP7_75t_R)
                                         _100909_ (net)
                 10.26    0.07  988.11 v _155949_/A (OR5x1_ASAP7_75t_R)
    11    8.40   52.29   48.67 1036.79 v _155949_/Y (OR5x1_ASAP7_75t_R)
                                         _100914_ (net)
                 52.45    1.67 1038.45 v _156013_/A (AND2x2_ASAP7_75t_R)
     2    2.69   11.60   29.47 1067.92 v _156013_/Y (AND2x2_ASAP7_75t_R)
                                         _100978_ (net)
                 11.60    0.06 1067.98 v _156016_/A (NAND3x1_ASAP7_75t_R)
    12   17.72  125.57   49.12 1117.11 ^ _156016_/Y (NAND3x1_ASAP7_75t_R)
                                         _100981_ (net)
                125.69    2.34 1119.45 ^ _156112_/A1 (AOI221x1_ASAP7_75t_R)
     1    0.74   37.97   33.83 1153.28 v _156112_/Y (AOI221x1_ASAP7_75t_R)
                                         _101077_ (net)
                 37.97    0.03 1153.31 v _156115_/A2 (OA21x2_ASAP7_75t_R)
     1    1.29    8.55   25.20 1178.52 v _156115_/Y (OA21x2_ASAP7_75t_R)
                                         _101080_ (net)
                  8.57    0.14 1178.66 v _156116_/A (OR3x1_ASAP7_75t_R)
     2    1.24   11.15   20.71 1199.37 v _156116_/Y (OR3x1_ASAP7_75t_R)
                                         _101081_ (net)
                 11.15    0.03 1199.41 v _156123_/A3 (AO33x2_ASAP7_75t_R)
     5    4.63   20.04   37.79 1237.20 v _156123_/Y (AO33x2_ASAP7_75t_R)
                                         _101088_ (net)
                 20.08    0.49 1237.68 v _156140_/A (NAND2x1_ASAP7_75t_R)
    12   10.73   71.67   39.40 1277.08 ^ _156140_/Y (NAND2x1_ASAP7_75t_R)
                                         _101105_ (net)
                 71.69    0.57 1277.64 ^ _156253_/B2 (AO221x1_ASAP7_75t_R)
    33   33.93  220.11  109.42 1387.06 ^ _156253_/Y (AO221x1_ASAP7_75t_R)
                                         _101218_ (net)
                221.80   11.09 1398.15 ^ _156308_/A (NAND2x2_ASAP7_75t_R)
    15   23.19   88.63   52.30 1450.45 v _156308_/Y (NAND2x2_ASAP7_75t_R)
                                         _101273_ (net)
                 89.20    4.01 1454.45 v _156311_/A2 (AO21x2_ASAP7_75t_R)
     6    6.79   23.71   41.55 1496.00 v _156311_/Y (AO21x2_ASAP7_75t_R)
                                         _101276_ (net)
                 23.82    0.91 1496.91 v _156314_/A1 (OA21x2_ASAP7_75t_R)
     2    1.55    8.56   21.09 1518.01 v _156314_/Y (OA21x2_ASAP7_75t_R)
                                         _101279_ (net)
                  8.56    0.03 1518.04 v _156388_/C (AO221x1_ASAP7_75t_R)
     2    2.31   16.98   26.85 1544.89 v _156388_/Y (AO221x1_ASAP7_75t_R)
                                         _101353_ (net)
                 16.99    0.14 1545.02 v _156389_/A2 (OA21x2_ASAP7_75t_R)
     3    2.36   10.59   21.89 1566.91 v _156389_/Y (OA21x2_ASAP7_75t_R)
                                         _101354_ (net)
                 10.60    0.12 1567.04 v _156393_/A1 (AOI22x1_ASAP7_75t_R)
     6    5.85   43.88   23.66 1590.69 ^ _156393_/Y (AOI22x1_ASAP7_75t_R)
                                         _101358_ (net)
                 43.88    0.18 1590.87 ^ _156410_/B (NAND2x1_ASAP7_75t_R)
    21   21.91  115.77   53.20 1644.08 v _156410_/Y (NAND2x1_ASAP7_75t_R)
                                         _101375_ (net)
                115.77    0.31 1644.39 v _156421_/A3 (AO33x2_ASAP7_75t_R)
    13   14.41   47.89   70.35 1714.74 v _156421_/Y (AO33x2_ASAP7_75t_R)
                                         _101386_ (net)
                 48.17    2.13 1716.87 v _156522_/B (XNOR2x2_ASAP7_75t_R)
     1    0.67    7.80   27.83 1744.70 ^ _156522_/Y (XNOR2x2_ASAP7_75t_R)
                                         _101487_ (net)
                  7.80    0.02 1744.73 ^ _156526_/B (AND4x1_ASAP7_75t_R)
     2    1.70   16.41   24.58 1769.30 ^ _156526_/Y (AND4x1_ASAP7_75t_R)
                                         _101491_ (net)
                 16.41    0.07 1769.37 ^ _156550_/A2 (AO21x1_ASAP7_75t_R)
     2    1.82   14.42   18.48 1787.85 ^ _156550_/Y (AO21x1_ASAP7_75t_R)
                                         _101515_ (net)
                 14.42    0.15 1788.00 ^ _156551_/B (AO21x1_ASAP7_75t_R)
     3    2.85   21.03   18.65 1806.65 ^ _156551_/Y (AO21x1_ASAP7_75t_R)
                                         _101516_ (net)
                 21.03    0.05 1806.70 ^ _156552_/C (OA211x2_ASAP7_75t_R)
    52   49.15  164.45   80.69 1887.39 ^ _156552_/Y (OA211x2_ASAP7_75t_R)
                                         _101517_ (net)
                171.65   18.60 1905.99 ^ _156555_/A (INVx1_ASAP7_75t_R)
     6    9.59   92.12   61.00 1967.00 v _156555_/Y (INVx1_ASAP7_75t_R)
                                         _101520_ (net)
                 92.81    4.54 1971.54 v _156568_/A1 (OAI21x1_ASAP7_75t_R)
     2    1.82   31.83   26.99 1998.53 ^ _156568_/Y (OAI21x1_ASAP7_75t_R)
                                         _101533_ (net)
                 31.83    0.14 1998.67 ^ _156616_/A2 (AOI221x1_ASAP7_75t_R)
     5    4.32   51.63   32.32 2030.99 v _156616_/Y (AOI221x1_ASAP7_75t_R)
                                         _101581_ (net)
                 51.65    0.50 2031.49 v _156806_/B (OA211x2_ASAP7_75t_R)
     5    4.72   20.53   46.32 2077.81 v _156806_/Y (OA211x2_ASAP7_75t_R)
                                         _101771_ (net)
                 20.55    0.28 2078.08 v _156807_/B (NAND2x1_ASAP7_75t_R)
     2    1.30   14.13   12.38 2090.46 ^ _156807_/Y (NAND2x1_ASAP7_75t_R)
                                         _101772_ (net)
                 14.13    0.03 2090.50 ^ _156882_/A3 (AO32x1_ASAP7_75t_R)
    21   20.50  133.44   69.79 2160.29 ^ _156882_/Y (AO32x1_ASAP7_75t_R)
                                         _101847_ (net)
                133.65    3.08 2163.37 ^ _156995_/B (OR2x2_ASAP7_75t_R)
     1    0.51    8.96   29.39 2192.76 ^ _156995_/Y (OR2x2_ASAP7_75t_R)
                                         _101960_ (net)
                  8.96    0.02 2192.78 ^ _157002_/A2 (AO32x1_ASAP7_75t_R)
     5    8.46   57.08   38.84 2231.62 ^ _157002_/Y (AO32x1_ASAP7_75t_R)
                                         _101967_ (net)
                 57.35    2.24 2233.86 ^ _157004_/B (XNOR2x2_ASAP7_75t_R)
     2    2.76   13.93   32.15 2266.01 ^ _157004_/Y (XNOR2x2_ASAP7_75t_R)
                                         _101969_ (net)
                 13.98    0.43 2266.44 ^ _157005_/C (NOR3x1_ASAP7_75t_R)
     1    1.14   15.00   13.24 2279.68 v _157005_/Y (NOR3x1_ASAP7_75t_R)
                                         _101970_ (net)
                 15.00    0.06 2279.73 v _157006_/E (AND5x2_ASAP7_75t_R)
     7    7.43   23.82   31.87 2311.60 v _157006_/Y (AND5x2_ASAP7_75t_R)
                                         _101971_ (net)
                 23.82    0.37 2311.97 v _157078_/C (OR3x1_ASAP7_75t_R)
     3    2.33   17.07   28.00 2339.97 v _157078_/Y (OR3x1_ASAP7_75t_R)
                                         _102043_ (net)
                 17.07    0.07 2340.03 v _157141_/B3 (OA33x2_ASAP7_75t_R)
    29   27.29   84.96   58.73 2398.76 v _157141_/Y (OA33x2_ASAP7_75t_R)
                                         _102106_ (net)
                 85.02    1.53 2400.29 v _157144_/B (OR2x2_ASAP7_75t_R)
     1    0.69    8.74   30.89 2431.18 v _157144_/Y (OR2x2_ASAP7_75t_R)
                                         _102109_ (net)
                  8.74    0.03 2431.21 v _157145_/A2 (AO21x1_ASAP7_75t_R)
     5    4.25   25.89   23.46 2454.66 v _157145_/Y (AO21x1_ASAP7_75t_R)
                                         _102110_ (net)
                 25.91    0.51 2455.18 v _157196_/A2 (AO32x1_ASAP7_75t_R)
     1    0.53    8.24   24.22 2479.39 v _157196_/Y (AO32x1_ASAP7_75t_R)
                                         _102161_ (net)
                  8.24    0.02 2479.41 v _157198_/B1 (AO22x1_ASAP7_75t_R)
     3    3.45   22.15   26.37 2505.78 v _157198_/Y (AO22x1_ASAP7_75t_R)
                                         _102163_ (net)
                 22.18    0.44 2506.22 v _157222_/A2 (AO21x1_ASAP7_75t_R)
     3    2.13   14.36   21.87 2528.09 v _157222_/Y (AO21x1_ASAP7_75t_R)
                                         _102187_ (net)
                 14.37    0.09 2528.18 v _157223_/C (OR3x1_ASAP7_75t_R)
     4    3.49   22.61   29.69 2557.87 v _157223_/Y (OR3x1_ASAP7_75t_R)
                                         _102188_ (net)
                 22.61    0.14 2558.01 v _157312_/A2 (AO21x1_ASAP7_75t_R)
    11   10.68   58.48   41.83 2599.84 v _157312_/Y (AO21x1_ASAP7_75t_R)
                                         _102277_ (net)
                 58.51    0.74 2600.58 v _157343_/B (NAND2x1_ASAP7_75t_R)
    11   12.98   89.14   56.44 2657.02 ^ _157343_/Y (NAND2x1_ASAP7_75t_R)
                                         _102308_ (net)
                 89.16    0.86 2657.88 ^ _157440_/A1 (AOI221x1_ASAP7_75t_R)
     3    2.38   47.64   40.04 2697.92 v _157440_/Y (AOI221x1_ASAP7_75t_R)
                                         _102405_ (net)
                 47.64    0.20 2698.12 v _157456_/B2 (OA222x2_ASAP7_75t_R)
     1    1.13    9.59   29.71 2727.83 v _157456_/Y (OA222x2_ASAP7_75t_R)
                                         _102421_ (net)
                  9.59    0.05 2727.88 v _157459_/C (AND5x2_ASAP7_75t_R)
     3    2.71   11.32   21.86 2749.73 v _157459_/Y (AND5x2_ASAP7_75t_R)
                                         _102424_ (net)
                 11.32    0.12 2749.85 v _157472_/A1 (OA31x2_ASAP7_75t_R)
     3    2.78   13.37   20.55 2770.40 v _157472_/Y (OA31x2_ASAP7_75t_R)
                                         _102437_ (net)
                 13.42    0.41 2770.81 v _157475_/B (OR4x2_ASAP7_75t_R)
     6    7.08   28.37   41.43 2812.24 v _157475_/Y (OR4x2_ASAP7_75t_R)
                                         _102440_ (net)
                 28.73    1.77 2814.01 v _157543_/A (AND2x4_ASAP7_75t_R)
     7    9.97   18.41   25.68 2839.69 v _157543_/Y (AND2x4_ASAP7_75t_R)
                                         _102508_ (net)
                 19.55    2.44 2842.13 v _157562_/A2 (AO33x2_ASAP7_75t_R)
    11   10.53   37.59   44.99 2887.12 v _157562_/Y (AO33x2_ASAP7_75t_R)
                                         _102527_ (net)
                 38.05    2.36 2889.48 v _157635_/B (XNOR2x2_ASAP7_75t_R)
     1    0.62    7.33   26.35 2915.82 ^ _157635_/Y (XNOR2x2_ASAP7_75t_R)
                                         _102600_ (net)
                  7.33    0.02 2915.85 ^ _157636_/E (AND5x1_ASAP7_75t_R)
     1    0.85   12.95   29.98 2945.83 ^ _157636_/Y (AND5x1_ASAP7_75t_R)
                                         _102601_ (net)
                 12.95    0.06 2945.88 ^ _157637_/E (AND5x1_ASAP7_75t_R)
     2    2.65   23.35   35.48 2981.36 ^ _157637_/Y (AND5x1_ASAP7_75t_R)
                                         _102602_ (net)
                 23.37    0.41 2981.77 ^ _157639_/A2 (AO21x1_ASAP7_75t_R)
     3    2.11   16.20   20.62 3002.39 ^ _157639_/Y (AO21x1_ASAP7_75t_R)
                                         _102604_ (net)
                 16.20    0.04 3002.43 ^ _157640_/C (OR3x2_ASAP7_75t_R)
    13   11.78   40.37   29.31 3031.73 ^ _157640_/Y (OR3x2_ASAP7_75t_R)
                                         _102605_ (net)
                 40.53    1.50 3033.23 ^ _157732_/A (NAND2x1_ASAP7_75t_R)
    15   15.39   82.65   41.29 3074.52 v _157732_/Y (NAND2x1_ASAP7_75t_R)
                                         _102697_ (net)
                 82.70    1.18 3075.70 v _157764_/A1 (AO21x1_ASAP7_75t_R)
     1    1.38   11.91   31.35 3107.05 v _157764_/Y (AO21x1_ASAP7_75t_R)
                                         _102729_ (net)
                 11.91    0.05 3107.10 v _157767_/A2 (AOI22x1_ASAP7_75t_R)
     8    8.43   76.59   29.62 3136.72 ^ _157767_/Y (AOI22x1_ASAP7_75t_R)
                                         _102732_ (net)
                 76.61    0.71 3137.42 ^ _157790_/A2 (OA21x2_ASAP7_75t_R)
     1    1.05    9.19   26.85 3164.28 ^ _157790_/Y (OA21x2_ASAP7_75t_R)
                                         _102755_ (net)
                  9.19    0.04 3164.32 ^ _157827_/A2 (AOI211x1_ASAP7_75t_R)
     3    2.73   33.70   20.94 3185.25 v _157827_/Y (AOI211x1_ASAP7_75t_R)
                                         _102792_ (net)
                 33.71    0.24 3185.49 v _157903_/A1 (OA21x2_ASAP7_75t_R)
     4    3.62   14.26   26.15 3211.64 v _157903_/Y (OA21x2_ASAP7_75t_R)
                                         _102868_ (net)
                 14.26    0.11 3211.75 v _157921_/C (AO221x1_ASAP7_75t_R)
    29   28.47  152.76   88.91 3300.66 v _157921_/Y (AO221x1_ASAP7_75t_R)
                                         _102886_ (net)
                152.79    1.30 3301.96 v _157922_/C (AO221x1_ASAP7_75t_R)
     1    0.51   10.47   40.96 3342.92 v _157922_/Y (AO221x1_ASAP7_75t_R)
                                         _102887_ (net)
                 10.47    0.01 3342.94 v _157925_/B1 (AO32x2_ASAP7_75t_R)
     2    1.52   10.63   27.13 3370.06 v _157925_/Y (AO32x2_ASAP7_75t_R)
                                         _102890_ (net)
                 10.63    0.08 3370.15 v _157949_/A2 (OA211x2_ASAP7_75t_R)
     1    0.71    9.28   22.34 3392.49 v _157949_/Y (OA211x2_ASAP7_75t_R)
                                         _102914_ (net)
                  9.28    0.03 3392.52 v _157967_/B1 (AO222x2_ASAP7_75t_R)
     2    2.08   13.44   31.75 3424.27 v _157967_/Y (AO222x2_ASAP7_75t_R)
                                         _102932_ (net)
                 13.45    0.22 3424.49 v _158020_/A1 (AO221x1_ASAP7_75t_R)
     7    6.18   36.38   36.92 3461.41 v _158020_/Y (AO221x1_ASAP7_75t_R)
                                         _102985_ (net)
                 36.39    0.41 3461.82 v _158084_/A1 (AO211x2_ASAP7_75t_R)
     7    5.73   19.22   27.74 3489.56 v _158084_/Y (AO211x2_ASAP7_75t_R)
                                         _103049_ (net)
                 19.27    0.54 3490.11 v _158094_/A (AND2x2_ASAP7_75t_R)
    25   28.02   81.39   45.92 3536.03 v _158094_/Y (AND2x2_ASAP7_75t_R)
                                         _103059_ (net)
                 81.51    2.03 3538.06 v _158173_/A (OR3x2_ASAP7_75t_R)
     2    1.11   10.99   39.80 3577.86 v _158173_/Y (OR3x2_ASAP7_75t_R)
                                         _103138_ (net)
                 10.99    0.04 3577.90 v _158271_/A2 (AO221x1_ASAP7_75t_R)
     1    0.86    9.73   22.78 3600.69 v _158271_/Y (AO221x1_ASAP7_75t_R)
                                         _103236_ (net)
                  9.73    0.06 3600.74 v _158272_/E (OR5x1_ASAP7_75t_R)
     1    0.84   11.78   32.81 3633.55 v _158272_/Y (OR5x1_ASAP7_75t_R)
                                         _103237_ (net)
                 11.78    0.05 3633.61 v _158273_/E (OR5x1_ASAP7_75t_R)
     3    4.48   32.14   45.37 3678.98 v _158273_/Y (OR5x1_ASAP7_75t_R)
                                         _103238_ (net)
                 32.16    0.48 3679.46 v _158274_/B (NAND2x2_ASAP7_75t_R)
     5    4.21   21.66   17.78 3697.23 ^ _158274_/Y (NAND2x2_ASAP7_75t_R)
                                         _103239_ (net)
                 21.68    0.42 3697.66 ^ _158287_/A2 (OAI21x1_ASAP7_75t_R)
    21   26.11  129.04   57.25 3754.91 v _158287_/Y (OAI21x1_ASAP7_75t_R)
                                         _103252_ (net)
                129.34    3.62 3758.53 v _158298_/A (AND2x2_ASAP7_75t_R)
     2    5.80   21.46   45.58 3804.11 v _158298_/Y (AND2x2_ASAP7_75t_R)
                                         _103263_ (net)
                 21.46    0.09 3804.21 v _158304_/A2 (OA211x2_ASAP7_75t_R)
     5    7.86   29.61   35.77 3839.98 v _158304_/Y (OA211x2_ASAP7_75t_R)
                                         _103269_ (net)
                 30.74    3.14 3843.12 v _158330_/B (XNOR2x2_ASAP7_75t_R)
     3    2.50   12.19   25.55 3868.66 v _158330_/Y (XNOR2x2_ASAP7_75t_R)
                                         _103295_ (net)
                 12.19    0.11 3868.77 v _158388_/B (OR5x1_ASAP7_75t_R)
     1    0.79   11.51   29.34 3898.11 v _158388_/Y (OR5x1_ASAP7_75t_R)
                                         _103353_ (net)
                 11.51    0.05 3898.16 v _158399_/A3 (AO33x2_ASAP7_75t_R)
     7    7.93   28.37   42.51 3940.68 v _158399_/Y (AO33x2_ASAP7_75t_R)
                                         _103364_ (net)
                 28.44    0.80 3941.47 v _158436_/A (AND2x2_ASAP7_75t_R)
     3    2.60   10.58   23.85 3965.33 v _158436_/Y (AND2x2_ASAP7_75t_R)
                                         _103401_ (net)
                 10.59    0.06 3965.39 v _158437_/C (OR3x1_ASAP7_75t_R)
    27   26.72  146.89   79.27 4044.66 v _158437_/Y (OR3x1_ASAP7_75t_R)
                                         _103402_ (net)
                147.93    7.13 4051.79 v _158474_/B (AND2x2_ASAP7_75t_R)
    21   22.13   67.93   59.58 4111.37 v _158474_/Y (AND2x2_ASAP7_75t_R)
                                         _103439_ (net)
                 67.97    1.14 4112.52 v _158476_/A2 (AOI22x1_ASAP7_75t_R)
     4    4.33   44.06   33.99 4146.51 ^ _158476_/Y (AOI22x1_ASAP7_75t_R)
                                         _103441_ (net)
                 44.08    0.54 4147.05 ^ _158477_/B (AND2x2_ASAP7_75t_R)
     1    0.93    7.79   21.77 4168.82 ^ _158477_/Y (AND2x2_ASAP7_75t_R)
                                         _103442_ (net)
                  7.79    0.03 4168.84 ^ _158496_/B2 (AOI221x1_ASAP7_75t_R)
     1    1.89   34.35   15.43 4184.27 v _158496_/Y (AOI221x1_ASAP7_75t_R)
                                         _103461_ (net)
                 34.36    0.26 4184.54 v _158497_/C (MAJx2_ASAP7_75t_R)
     6    5.25   20.04   32.01 4216.55 v _158497_/Y (MAJx2_ASAP7_75t_R)
                                         _103462_ (net)
                 20.06    0.33 4216.88 v _158571_/A1 (AO21x1_ASAP7_75t_R)
     3    2.75   17.75   24.20 4241.08 v _158571_/Y (AO21x1_ASAP7_75t_R)
                                         _103536_ (net)
                 17.76    0.16 4241.24 v _158629_/B2 (AO221x2_ASAP7_75t_R)
    15   16.31   51.62   47.44 4288.68 v _158629_/Y (AO221x2_ASAP7_75t_R)
                                         _103594_ (net)
                 51.65    0.72 4289.41 v _158672_/A (NAND2x1_ASAP7_75t_R)
    23   22.52  151.91   77.34 4366.75 ^ _158672_/Y (NAND2x1_ASAP7_75t_R)
                                         _103637_ (net)
                151.92    0.62 4367.37 ^ _158689_/B (AND2x2_ASAP7_75t_R)
     1    0.76   10.24   30.39 4397.75 ^ _158689_/Y (AND2x2_ASAP7_75t_R)
                                         _103654_ (net)
                 10.24    0.03 4397.79 ^ _158690_/A2 (OA21x2_ASAP7_75t_R)
     5    4.88   20.91   21.95 4419.74 ^ _158690_/Y (OA21x2_ASAP7_75t_R)
                                         _103655_ (net)
                 20.96    0.56 4420.30 ^ _158691_/B (OR2x2_ASAP7_75t_R)
     2    1.76   10.04   18.51 4438.81 ^ _158691_/Y (OR2x2_ASAP7_75t_R)
                                         _103656_ (net)
                 10.04    0.04 4438.85 ^ _158702_/B (AND3x1_ASAP7_75t_R)
     2    2.10   17.26   22.32 4461.17 ^ _158702_/Y (AND3x1_ASAP7_75t_R)
                                         _103667_ (net)
                 17.26    0.06 4461.23 ^ _158720_/B (OA21x2_ASAP7_75t_R)
     3    3.20   14.04   21.38 4482.61 ^ _158720_/Y (OA21x2_ASAP7_75t_R)
                                         _103685_ (net)
                 14.06    0.25 4482.86 ^ _158743_/A1 (OA31x2_ASAP7_75t_R)
     2    1.45    9.89   23.58 4506.44 ^ _158743_/Y (OA31x2_ASAP7_75t_R)
                                         _103708_ (net)
                  9.89    0.06 4506.50 ^ _158761_/A (OR4x1_ASAP7_75t_R)
     2    1.81   13.62   14.52 4521.02 ^ _158761_/Y (OR4x1_ASAP7_75t_R)
                                         _103726_ (net)
                 13.62    0.08 4521.11 ^ _158764_/D (AND5x2_ASAP7_75t_R)
     4   13.93   52.21   47.26 4568.36 ^ _158764_/Y (AND5x2_ASAP7_75t_R)
                                         _103729_ (net)
                 58.73    9.57 4577.94 ^ _167893_/A1 (OA21x2_ASAP7_75t_R)
     3    2.46   12.73   28.63 4606.56 ^ _167893_/Y (OA21x2_ASAP7_75t_R)
                                         _111899_ (net)
                 12.74    0.05 4606.62 ^ _167894_/E (AND5x1_ASAP7_75t_R)
    21   30.33  207.63   90.64 4697.26 ^ _167894_/Y (AND5x1_ASAP7_75t_R)
                                         _111900_ (net)
                213.02   18.79 4716.05 ^ _171924_/B (AND2x2_ASAP7_75t_R)
    17   29.82  101.38   70.70 4786.75 ^ _171924_/Y (AND2x2_ASAP7_75t_R)
                                         _115788_ (net)
                103.47    8.06 4794.81 ^ _172383_/A2 (AO21x1_ASAP7_75t_R)
     2   11.20   73.31   51.33 4846.15 ^ _172383_/Y (AO21x1_ASAP7_75t_R)
                                         u_lsu.dmem_req_addr[13] (net)
                 73.62    2.68 4848.83 ^ output145/A (BUFx2_ASAP7_75t_R)
     1    2.53   12.57   26.61 4875.44 ^ output145/Y (BUFx2_ASAP7_75t_R)
                                         dmem_req_addr[13] (net)
                 12.60    0.28 4875.73 ^ dmem_req_addr[13] (out)
                               4875.73   data arrival time

                  0.00 5000.00 5000.00   clock core_clk (rise edge)
                          0.00 5000.00   clock network delay (ideal)
                        -50.00 4950.00   clock uncertainty
                          0.00 4950.00   clock reconvergence pessimism
                       -1000.00 3950.00   output external delay
                               3950.00   data required time
-----------------------------------------------------------------------------
                               3950.00   data required time
                               -4875.73   data arrival time
-----------------------------------------------------------------------------
                               -925.73   slack (VIOLATED)


Startpoint: _308209_ (rising edge-triggered flip-flop clocked by core_clk)
Endpoint: _312550_ (rising edge-triggered flip-flop clocked by core_clk)
Path Group: reg2reg
Path Type: max

Fanout     Cap    Slew   Delay    Time   Description
-----------------------------------------------------------------------------
                  0.00    0.00    0.00   clock core_clk (rise edge)
                          0.00    0.00   clock network delay (ideal)
                  0.00    0.00    0.00 ^ _308209_/CLK (DFFHQNx3_ASAP7_75t_R)
     2    7.64   32.91   52.37   52.37 ^ _308209_/QN (DFFHQNx3_ASAP7_75t_R)
                                         u_lsu._004001_[1] (net)
                 34.45    3.75   56.12 ^ wire4778/A (BUFx16f_ASAP7_75t_R)
    36   47.98   26.61   22.04   78.16 ^ wire4778/Y (BUFx16f_ASAP7_75t_R)
                                         net4336 (net)
                 73.97   22.30  100.45 ^ wire4776/A (BUFx16f_ASAP7_75t_R)
    45   51.43   32.09   30.78  131.23 ^ wire4776/Y (BUFx16f_ASAP7_75t_R)
                                         net4334 (net)
                 40.95    8.18  139.41 ^ wire4775/A (BUFx16f_ASAP7_75t_R)
    37   45.64   22.93   23.95  163.37 ^ wire4775/Y (BUFx16f_ASAP7_75t_R)
                                         net4333 (net)
                 82.28   25.14  188.51 ^ load_slew4774/A (BUFx16f_ASAP7_75t_R)
    42   51.91   32.63   36.06  224.57 ^ load_slew4774/Y (BUFx16f_ASAP7_75t_R)
                                         net4332 (net)
                 37.13    6.36  230.93 ^ _153629_/B (AND2x2_ASAP7_75t_R)
    52   56.80  192.34   81.20  312.13 ^ _153629_/Y (AND2x2_ASAP7_75t_R)
                                         _098594_ (net)
                221.94   39.26  351.39 ^ _153630_/B (NAND2x1_ASAP7_75t_R)
    18   24.79  162.16  105.61  457.00 v _153630_/Y (NAND2x1_ASAP7_75t_R)
                                         _098595_ (net)
                162.39    3.59  460.60 v _153631_/B (OA21x2_ASAP7_75t_R)
    19   20.94   63.76   58.55  519.15 v _153631_/Y (OA21x2_ASAP7_75t_R)
                                         _098596_ (net)
                 66.18    6.79  525.94 v _153633_/C (AND3x1_ASAP7_75t_R)
    34   31.59  170.36   92.92  618.86 v _153633_/Y (AND3x1_ASAP7_75t_R)
                                         _098598_ (net)
                171.22    6.95  625.82 v _154870_/C1 (AO222x2_ASAP7_75t_R)
     5    5.73   25.58   69.80  695.62 v _154870_/Y (AO222x2_ASAP7_75t_R)
                                         _099835_ (net)
                 25.66    0.75  696.37 v _154873_/B (OR3x2_ASAP7_75t_R)
     8   13.61   44.01   44.84  741.21 v _154873_/Y (OR3x2_ASAP7_75t_R)
                                         _099838_ (net)
                 44.83    3.34  744.55 v _154878_/C (OR5x1_ASAP7_75t_R)
     3    5.05   36.20   50.35  794.90 v _154878_/Y (OR5x1_ASAP7_75t_R)
                                         _099843_ (net)
                 36.43    1.63  796.53 v _154879_/D (OR4x1_ASAP7_75t_R)
    31   35.95  198.30  109.89  906.41 v _154879_/Y (OR4x1_ASAP7_75t_R)
                                         _099844_ (net)
                199.03    7.11  913.53 v _155829_/C (OR4x1_ASAP7_75t_R)
     2    1.58   17.29   50.80  964.33 v _155829_/Y (OR4x1_ASAP7_75t_R)
                                         _100794_ (net)
                 17.29    0.05  964.38 v _155944_/B2 (AO221x1_ASAP7_75t_R)
     1    0.93   10.25   23.66  988.04 v _155944_/Y (AO221x1_ASAP7_75t_R)
                                         _100909_ (net)
                 10.26    0.07  988.11 v _155949_/A (OR5x1_ASAP7_75t_R)
    11    8.40   52.29   48.67 1036.79 v _155949_/Y (OR5x1_ASAP7_75t_R)
                                         _100914_ (net)
                 52.45    1.67 1038.45 v _156013_/A (AND2x2_ASAP7_75t_R)
     2    2.69   11.60   29.47 1067.92 v _156013_/Y (AND2x2_ASAP7_75t_R)
                                         _100978_ (net)
                 11.60    0.06 1067.98 v _156016_/A (NAND3x1_ASAP7_75t_R)
    12   17.72  125.57   49.12 1117.11 ^ _156016_/Y (NAND3x1_ASAP7_75t_R)
                                         _100981_ (net)
                125.69    2.34 1119.45 ^ _156112_/A1 (AOI221x1_ASAP7_75t_R)
     1    0.74   37.97   33.83 1153.28 v _156112_/Y (AOI221x1_ASAP7_75t_R)
                                         _101077_ (net)
                 37.97    0.03 1153.31 v _156115_/A2 (OA21x2_ASAP7_75t_R)
     1    1.29    8.55   25.20 1178.52 v _156115_/Y (OA21x2_ASAP7_75t_R)
                                         _101080_ (net)
                  8.57    0.14 1178.66 v _156116_/A (OR3x1_ASAP7_75t_R)
     2    1.24   11.15   20.71 1199.37 v _156116_/Y (OR3x1_ASAP7_75t_R)
                                         _101081_ (net)
                 11.15    0.03 1199.41 v _156123_/A3 (AO33x2_ASAP7_75t_R)
     5    4.63   20.04   37.79 1237.20 v _156123_/Y (AO33x2_ASAP7_75t_R)
                                         _101088_ (net)
                 20.08    0.49 1237.68 v _156140_/A (NAND2x1_ASAP7_75t_R)
    12   10.73   71.67   39.40 1277.08 ^ _156140_/Y (NAND2x1_ASAP7_75t_R)
                                         _101105_ (net)
                 71.69    0.57 1277.64 ^ _156253_/B2 (AO221x1_ASAP7_75t_R)
    33   33.93  220.11  109.42 1387.06 ^ _156253_/Y (AO221x1_ASAP7_75t_R)
                                         _101218_ (net)
                221.80   11.09 1398.15 ^ _156308_/A (NAND2x2_ASAP7_75t_R)
    15   23.19   88.63   52.30 1450.45 v _156308_/Y (NAND2x2_ASAP7_75t_R)
                                         _101273_ (net)
                 89.20    4.01 1454.45 v _156311_/A2 (AO21x2_ASAP7_75t_R)
     6    6.79   23.71   41.55 1496.00 v _156311_/Y (AO21x2_ASAP7_75t_R)
                                         _101276_ (net)
                 23.82    0.91 1496.91 v _156314_/A1 (OA21x2_ASAP7_75t_R)
     2    1.55    8.56   21.09 1518.01 v _156314_/Y (OA21x2_ASAP7_75t_R)
                                         _101279_ (net)
                  8.56    0.03 1518.04 v _156388_/C (AO221x1_ASAP7_75t_R)
     2    2.31   16.98   26.85 1544.89 v _156388_/Y (AO221x1_ASAP7_75t_R)
                                         _101353_ (net)
                 16.99    0.14 1545.02 v _156389_/A2 (OA21x2_ASAP7_75t_R)
     3    2.36   10.59   21.89 1566.91 v _156389_/Y (OA21x2_ASAP7_75t_R)
                                         _101354_ (net)
                 10.60    0.12 1567.04 v _156393_/A1 (AOI22x1_ASAP7_75t_R)
     6    5.85   43.88   23.66 1590.69 ^ _156393_/Y (AOI22x1_ASAP7_75t_R)
                                         _101358_ (net)
                 43.88    0.18 1590.87 ^ _156410_/B (NAND2x1_ASAP7_75t_R)
    21   21.91  115.77   53.20 1644.08 v _156410_/Y (NAND2x1_ASAP7_75t_R)
                                         _101375_ (net)
                115.77    0.31 1644.39 v _156421_/A3 (AO33x2_ASAP7_75t_R)
    13   14.41   47.89   70.35 1714.74 v _156421_/Y (AO33x2_ASAP7_75t_R)
                                         _101386_ (net)
                 48.17    2.13 1716.87 v _156522_/B (XNOR2x2_ASAP7_75t_R)
     1    0.67    7.80   27.83 1744.70 ^ _156522_/Y (XNOR2x2_ASAP7_75t_R)
                                         _101487_ (net)
                  7.80    0.02 1744.73 ^ _156526_/B (AND4x1_ASAP7_75t_R)
     2    1.70   16.41   24.58 1769.30 ^ _156526_/Y (AND4x1_ASAP7_75t_R)
                                         _101491_ (net)
                 16.41    0.07 1769.37 ^ _156550_/A2 (AO21x1_ASAP7_75t_R)
     2    1.82   14.42   18.48 1787.85 ^ _156550_/Y (AO21x1_ASAP7_75t_R)
                                         _101515_ (net)
                 14.42    0.15 1788.00 ^ _156551_/B (AO21x1_ASAP7_75t_R)
     3    2.85   21.03   18.65 1806.65 ^ _156551_/Y (AO21x1_ASAP7_75t_R)
                                         _101516_ (net)
                 21.03    0.05 1806.70 ^ _156552_/C (OA211x2_ASAP7_75t_R)
    52   49.15  164.45   80.69 1887.39 ^ _156552_/Y (OA211x2_ASAP7_75t_R)
                                         _101517_ (net)
                171.65   18.60 1905.99 ^ _156555_/A (INVx1_ASAP7_75t_R)
     6    9.59   92.12   61.00 1967.00 v _156555_/Y (INVx1_ASAP7_75t_R)
                                         _101520_ (net)
                 92.81    4.54 1971.54 v _156568_/A1 (OAI21x1_ASAP7_75t_R)
     2    1.82   31.83   26.99 1998.53 ^ _156568_/Y (OAI21x1_ASAP7_75t_R)
                                         _101533_ (net)
                 31.83    0.14 1998.67 ^ _156616_/A2 (AOI221x1_ASAP7_75t_R)
     5    4.32   51.63   32.32 2030.99 v _156616_/Y (AOI221x1_ASAP7_75t_R)
                                         _101581_ (net)
                 51.65    0.50 2031.49 v _156806_/B (OA211x2_ASAP7_75t_R)
     5    4.72   20.53   46.32 2077.81 v _156806_/Y (OA211x2_ASAP7_75t_R)
                                         _101771_ (net)
                 20.55    0.28 2078.08 v _156807_/B (NAND2x1_ASAP7_75t_R)
     2    1.30   14.13   12.38 2090.46 ^ _156807_/Y (NAND2x1_ASAP7_75t_R)
                                         _101772_ (net)
                 14.13    0.03 2090.50 ^ _156882_/A3 (AO32x1_ASAP7_75t_R)
    21   20.50  133.44   69.79 2160.29 ^ _156882_/Y (AO32x1_ASAP7_75t_R)
                                         _101847_ (net)
                133.65    3.08 2163.37 ^ _156995_/B (OR2x2_ASAP7_75t_R)
     1    0.51    8.96   29.39 2192.76 ^ _156995_/Y (OR2x2_ASAP7_75t_R)
                                         _101960_ (net)
                  8.96    0.02 2192.78 ^ _157002_/A2 (AO32x1_ASAP7_75t_R)
     5    8.46   57.08   38.84 2231.62 ^ _157002_/Y (AO32x1_ASAP7_75t_R)
                                         _101967_ (net)
                 57.35    2.24 2233.86 ^ _157004_/B (XNOR2x2_ASAP7_75t_R)
     2    2.76   13.93   32.15 2266.01 ^ _157004_/Y (XNOR2x2_ASAP7_75t_R)
                                         _101969_ (net)
                 13.98    0.43 2266.44 ^ _157005_/C (NOR3x1_ASAP7_75t_R)
     1    1.14   15.00   13.24 2279.68 v _157005_/Y (NOR3x1_ASAP7_75t_R)
                                         _101970_ (net)
                 15.00    0.06 2279.73 v _157006_/E (AND5x2_ASAP7_75t_R)
     7    7.43   23.82   31.87 2311.60 v _157006_/Y (AND5x2_ASAP7_75t_R)
                                         _101971_ (net)
                 23.82    0.37 2311.97 v _157078_/C (OR3x1_ASAP7_75t_R)
     3    2.33   17.07   28.00 2339.97 v _157078_/Y (OR3x1_ASAP7_75t_R)
                                         _102043_ (net)
                 17.07    0.07 2340.03 v _157141_/B3 (OA33x2_ASAP7_75t_R)
    29   27.29   84.96   58.73 2398.76 v _157141_/Y (OA33x2_ASAP7_75t_R)
                                         _102106_ (net)
                 85.02    1.53 2400.29 v _157144_/B (OR2x2_ASAP7_75t_R)
     1    0.69    8.74   30.89 2431.18 v _157144_/Y (OR2x2_ASAP7_75t_R)
                                         _102109_ (net)
                  8.74    0.03 2431.21 v _157145_/A2 (AO21x1_ASAP7_75t_R)
     5    4.25   25.89   23.46 2454.66 v _157145_/Y (AO21x1_ASAP7_75t_R)
                                         _102110_ (net)
                 25.91    0.51 2455.18 v _157196_/A2 (AO32x1_ASAP7_75t_R)
     1    0.53    8.24   24.22 2479.39 v _157196_/Y (AO32x1_ASAP7_75t_R)
                                         _102161_ (net)
                  8.24    0.02 2479.41 v _157198_/B1 (AO22x1_ASAP7_75t_R)
     3    3.45   22.15   26.37 2505.78 v _157198_/Y (AO22x1_ASAP7_75t_R)
                                         _102163_ (net)
                 22.18    0.44 2506.22 v _157222_/A2 (AO21x1_ASAP7_75t_R)
     3    2.13   14.36   21.87 2528.09 v _157222_/Y (AO21x1_ASAP7_75t_R)
                                         _102187_ (net)
                 14.37    0.09 2528.18 v _157223_/C (OR3x1_ASAP7_75t_R)
     4    3.49   22.61   29.69 2557.87 v _157223_/Y (OR3x1_ASAP7_75t_R)
                                         _102188_ (net)
                 22.61    0.14 2558.01 v _157312_/A2 (AO21x1_ASAP7_75t_R)
    11   10.68   58.48   41.83 2599.84 v _157312_/Y (AO21x1_ASAP7_75t_R)
                                         _102277_ (net)
                 58.51    0.74 2600.58 v _157343_/B (NAND2x1_ASAP7_75t_R)
    11   12.98   89.14   56.44 2657.02 ^ _157343_/Y (NAND2x1_ASAP7_75t_R)
                                         _102308_ (net)
                 89.16    0.86 2657.88 ^ _157440_/A1 (AOI221x1_ASAP7_75t_R)
     3    2.38   47.64   40.04 2697.92 v _157440_/Y (AOI221x1_ASAP7_75t_R)
                                         _102405_ (net)
                 47.64    0.20 2698.12 v _157456_/B2 (OA222x2_ASAP7_75t_R)
     1    1.13    9.59   29.71 2727.83 v _157456_/Y (OA222x2_ASAP7_75t_R)
                                         _102421_ (net)
                  9.59    0.05 2727.88 v _157459_/C (AND5x2_ASAP7_75t_R)
     3    2.71   11.32   21.86 2749.73 v _157459_/Y (AND5x2_ASAP7_75t_R)
                                         _102424_ (net)
                 11.32    0.12 2749.85 v _157472_/A1 (OA31x2_ASAP7_75t_R)
     3    2.78   13.37   20.55 2770.40 v _157472_/Y (OA31x2_ASAP7_75t_R)
                                         _102437_ (net)
                 13.42    0.41 2770.81 v _157475_/B (OR4x2_ASAP7_75t_R)
     6    7.08   28.37   41.43 2812.24 v _157475_/Y (OR4x2_ASAP7_75t_R)
                                         _102440_ (net)
                 28.73    1.77 2814.01 v _157543_/A (AND2x4_ASAP7_75t_R)
     7    9.97   18.41   25.68 2839.69 v _157543_/Y (AND2x4_ASAP7_75t_R)
                                         _102508_ (net)
                 19.55    2.44 2842.13 v _157562_/A2 (AO33x2_ASAP7_75t_R)
    11   10.53   37.59   44.99 2887.12 v _157562_/Y (AO33x2_ASAP7_75t_R)
                                         _102527_ (net)
                 38.05    2.36 2889.48 v _157635_/B (XNOR2x2_ASAP7_75t_R)
     1    0.62    7.33   26.35 2915.82 ^ _157635_/Y (XNOR2x2_ASAP7_75t_R)
                                         _102600_ (net)
                  7.33    0.02 2915.85 ^ _157636_/E (AND5x1_ASAP7_75t_R)
     1    0.85   12.95   29.98 2945.83 ^ _157636_/Y (AND5x1_ASAP7_75t_R)
                                         _102601_ (net)
                 12.95    0.06 2945.88 ^ _157637_/E (AND5x1_ASAP7_75t_R)
     2    2.65   23.35   35.48 2981.36 ^ _157637_/Y (AND5x1_ASAP7_75t_R)
                                         _102602_ (net)
                 23.37    0.41 2981.77 ^ _157639_/A2 (AO21x1_ASAP7_75t_R)
     3    2.11   16.20   20.62 3002.39 ^ _157639_/Y (AO21x1_ASAP7_75t_R)
                                         _102604_ (net)
                 16.20    0.04 3002.43 ^ _157640_/C (OR3x2_ASAP7_75t_R)
    13   11.78   40.37   29.31 3031.73 ^ _157640_/Y (OR3x2_ASAP7_75t_R)
                                         _102605_ (net)
                 40.53    1.50 3033.23 ^ _157732_/A (NAND2x1_ASAP7_75t_R)
    15   15.39   82.65   41.29 3074.52 v _157732_/Y (NAND2x1_ASAP7_75t_R)
                                         _102697_ (net)
                 82.70    1.18 3075.70 v _157764_/A1 (AO21x1_ASAP7_75t_R)
     1    1.38   11.91   31.35 3107.05 v _157764_/Y (AO21x1_ASAP7_75t_R)
                                         _102729_ (net)
                 11.91    0.05 3107.10 v _157767_/A2 (AOI22x1_ASAP7_75t_R)
     8    8.43   76.59   29.62 3136.72 ^ _157767_/Y (AOI22x1_ASAP7_75t_R)
                                         _102732_ (net)
                 76.61    0.71 3137.42 ^ _157790_/A2 (OA21x2_ASAP7_75t_R)
     1    1.05    9.19   26.85 3164.28 ^ _157790_/Y (OA21x2_ASAP7_75t_R)
                                         _102755_ (net)
                  9.19    0.04 3164.32 ^ _157827_/A2 (AOI211x1_ASAP7_75t_R)
     3    2.73   33.70   20.94 3185.25 v _157827_/Y (AOI211x1_ASAP7_75t_R)
                                         _102792_ (net)
                 33.71    0.24 3185.49 v _157903_/A1 (OA21x2_ASAP7_75t_R)
     4    3.62   14.26   26.15 3211.64 v _157903_/Y (OA21x2_ASAP7_75t_R)
                                         _102868_ (net)
                 14.26    0.11 3211.75 v _157921_/C (AO221x1_ASAP7_75t_R)
    29   28.47  152.76   88.91 3300.66 v _157921_/Y (AO221x1_ASAP7_75t_R)
                                         _102886_ (net)
                152.79    1.30 3301.96 v _157922_/C (AO221x1_ASAP7_75t_R)
     1    0.51   10.47   40.96 3342.92 v _157922_/Y (AO221x1_ASAP7_75t_R)
                                         _102887_ (net)
                 10.47    0.01 3342.94 v _157925_/B1 (AO32x2_ASAP7_75t_R)
     2    1.52   10.63   27.13 3370.06 v _157925_/Y (AO32x2_ASAP7_75t_R)
                                         _102890_ (net)
                 10.63    0.08 3370.15 v _157949_/A2 (OA211x2_ASAP7_75t_R)
     1    0.71    9.28   22.34 3392.49 v _157949_/Y (OA211x2_ASAP7_75t_R)
                                         _102914_ (net)
                  9.28    0.03 3392.52 v _157967_/B1 (AO222x2_ASAP7_75t_R)
     2    2.08   13.44   31.75 3424.27 v _157967_/Y (AO222x2_ASAP7_75t_R)
                                         _102932_ (net)
                 13.45    0.22 3424.49 v _158020_/A1 (AO221x1_ASAP7_75t_R)
     7    6.18   36.38   36.92 3461.41 v _158020_/Y (AO221x1_ASAP7_75t_R)
                                         _102985_ (net)
                 36.39    0.41 3461.82 v _158084_/A1 (AO211x2_ASAP7_75t_R)
     7    5.73   19.22   27.74 3489.56 v _158084_/Y (AO211x2_ASAP7_75t_R)
                                         _103049_ (net)
                 19.27    0.54 3490.11 v _158094_/A (AND2x2_ASAP7_75t_R)
    25   28.02   81.39   45.92 3536.03 v _158094_/Y (AND2x2_ASAP7_75t_R)
                                         _103059_ (net)
                 81.51    2.03 3538.06 v _158173_/A (OR3x2_ASAP7_75t_R)
     2    1.11   10.99   39.80 3577.86 v _158173_/Y (OR3x2_ASAP7_75t_R)
                                         _103138_ (net)
                 10.99    0.04 3577.90 v _158271_/A2 (AO221x1_ASAP7_75t_R)
     1    0.86    9.73   22.78 3600.69 v _158271_/Y (AO221x1_ASAP7_75t_R)
                                         _103236_ (net)
                  9.73    0.06 3600.74 v _158272_/E (OR5x1_ASAP7_75t_R)
     1    0.84   11.78   32.81 3633.55 v _158272_/Y (OR5x1_ASAP7_75t_R)
                                         _103237_ (net)
                 11.78    0.05 3633.61 v _158273_/E (OR5x1_ASAP7_75t_R)
     3    4.48   32.14   45.37 3678.98 v _158273_/Y (OR5x1_ASAP7_75t_R)
                                         _103238_ (net)
                 32.16    0.48 3679.46 v _158274_/B (NAND2x2_ASAP7_75t_R)
     5    4.21   21.66   17.78 3697.23 ^ _158274_/Y (NAND2x2_ASAP7_75t_R)
                                         _103239_ (net)
                 21.68    0.42 3697.66 ^ _158287_/A2 (OAI21x1_ASAP7_75t_R)
    21   26.11  129.04   57.25 3754.91 v _158287_/Y (OAI21x1_ASAP7_75t_R)
                                         _103252_ (net)
                129.34    3.62 3758.53 v _158298_/A (AND2x2_ASAP7_75t_R)
     2    5.80   21.46   45.58 3804.11 v _158298_/Y (AND2x2_ASAP7_75t_R)
                                         _103263_ (net)
                 21.46    0.09 3804.21 v _158304_/A2 (OA211x2_ASAP7_75t_R)
     5    7.86   29.61   35.77 3839.98 v _158304_/Y (OA211x2_ASAP7_75t_R)
                                         _103269_ (net)
                 30.74    3.14 3843.12 v _158330_/B (XNOR2x2_ASAP7_75t_R)
     3    2.50   12.19   25.55 3868.66 v _158330_/Y (XNOR2x2_ASAP7_75t_R)
                                         _103295_ (net)
                 12.19    0.11 3868.77 v _158388_/B (OR5x1_ASAP7_75t_R)
     1    0.79   11.51   29.34 3898.11 v _158388_/Y (OR5x1_ASAP7_75t_R)
                                         _103353_ (net)
                 11.51    0.05 3898.16 v _158399_/A3 (AO33x2_ASAP7_75t_R)
     7    7.93   28.37   42.51 3940.68 v _158399_/Y (AO33x2_ASAP7_75t_R)
                                         _103364_ (net)
                 28.44    0.80 3941.47 v _158436_/A (AND2x2_ASAP7_75t_R)
     3    2.60   10.58   23.85 3965.33 v _158436_/Y (AND2x2_ASAP7_75t_R)
                                         _103401_ (net)
                 10.59    0.06 3965.39 v _158437_/C (OR3x1_ASAP7_75t_R)
    27   26.72  146.89   79.27 4044.66 v _158437_/Y (OR3x1_ASAP7_75t_R)
                                         _103402_ (net)
                147.93    7.13 4051.79 v _158474_/B (AND2x2_ASAP7_75t_R)
    21   22.13   67.93   59.58 4111.37 v _158474_/Y (AND2x2_ASAP7_75t_R)
                                         _103439_ (net)
                 67.97    1.14 4112.52 v _158476_/A2 (AOI22x1_ASAP7_75t_R)
     4    4.33   44.06   33.99 4146.51 ^ _158476_/Y (AOI22x1_ASAP7_75t_R)
                                         _103441_ (net)
                 44.08    0.54 4147.05 ^ _158477_/B (AND2x2_ASAP7_75t_R)
     1    0.93    7.79   21.77 4168.82 ^ _158477_/Y (AND2x2_ASAP7_75t_R)
                                         _103442_ (net)
                  7.79    0.03 4168.84 ^ _158496_/B2 (AOI221x1_ASAP7_75t_R)
     1    1.89   34.35   15.43 4184.27 v _158496_/Y (AOI221x1_ASAP7_75t_R)
                                         _103461_ (net)
                 34.36    0.26 4184.54 v _158497_/C (MAJx2_ASAP7_75t_R)
     6    5.25   20.04   32.01 4216.55 v _158497_/Y (MAJx2_ASAP7_75t_R)
                                         _103462_ (net)
                 20.06    0.33 4216.88 v _158571_/A1 (AO21x1_ASAP7_75t_R)
     3    2.75   17.75   24.20 4241.08 v _158571_/Y (AO21x1_ASAP7_75t_R)
                                         _103536_ (net)
                 17.76    0.16 4241.24 v _158629_/B2 (AO221x2_ASAP7_75t_R)
    15   16.31   51.62   47.44 4288.68 v _158629_/Y (AO221x2_ASAP7_75t_R)
                                         _103594_ (net)
                 51.65    0.72 4289.41 v _158672_/A (NAND2x1_ASAP7_75t_R)
    23   22.52  151.91   77.34 4366.75 ^ _158672_/Y (NAND2x1_ASAP7_75t_R)
                                         _103637_ (net)
                151.92    0.62 4367.37 ^ _158689_/B (AND2x2_ASAP7_75t_R)
     1    0.76   10.24   30.39 4397.75 ^ _158689_/Y (AND2x2_ASAP7_75t_R)
                                         _103654_ (net)
                 10.24    0.03 4397.79 ^ _158690_/A2 (OA21x2_ASAP7_75t_R)
     5    4.88   20.91   21.95 4419.74 ^ _158690_/Y (OA21x2_ASAP7_75t_R)
                                         _103655_ (net)
                 20.96    0.56 4420.30 ^ _158691_/B (OR2x2_ASAP7_75t_R)
     2    1.76   10.04   18.51 4438.81 ^ _158691_/Y (OR2x2_ASAP7_75t_R)
                                         _103656_ (net)
                 10.04    0.04 4438.85 ^ _158702_/B (AND3x1_ASAP7_75t_R)
     2    2.10   17.26   22.32 4461.17 ^ _158702_/Y (AND3x1_ASAP7_75t_R)
                                         _103667_ (net)
                 17.26    0.06 4461.23 ^ _158720_/B (OA21x2_ASAP7_75t_R)
     3    3.20   14.04   21.38 4482.61 ^ _158720_/Y (OA21x2_ASAP7_75t_R)
                                         _103685_ (net)
                 14.06    0.25 4482.86 ^ _158743_/A1 (OA31x2_ASAP7_75t_R)
     2    1.45    9.89   23.58 4506.44 ^ _158743_/Y (OA31x2_ASAP7_75t_R)
                                         _103708_ (net)
                  9.89    0.06 4506.50 ^ _158761_/A (OR4x1_ASAP7_75t_R)
     2    1.81   13.62   14.52 4521.02 ^ _158761_/Y (OR4x1_ASAP7_75t_R)
                                         _103726_ (net)
                 13.62    0.08 4521.11 ^ _158764_/D (AND5x2_ASAP7_75t_R)
     4   13.93   52.21   47.26 4568.36 ^ _158764_/Y (AND5x2_ASAP7_75t_R)
                                         _103729_ (net)
                 58.75    9.58 4577.95 ^ _159054_/A1 (OA21x2_ASAP7_75t_R)
     7   30.38   99.85   44.18 4622.13 ^ _159054_/Y (OA21x2_ASAP7_75t_R)
                                         _104019_ (net)
                223.76   66.42 4688.55 ^ _159120_/A1 (OA21x2_ASAP7_75t_R)
    36   44.64  155.45   63.17 4751.72 ^ _159120_/Y (OA21x2_ASAP7_75t_R)
                                         _104085_ (net)
                156.12    5.22 4756.94 ^ _159154_/A2 (AO221x1_ASAP7_75t_R)
     3    5.35   39.46   51.27 4808.21 ^ _159154_/Y (AO221x1_ASAP7_75t_R)
                                         _104119_ (net)
                 39.93    2.40 4810.60 ^ _159901_/B (AND2x2_ASAP7_75t_R)
    41   65.94  222.36   96.13 4906.73 ^ _159901_/Y (AND2x2_ASAP7_75t_R)
                                         _104858_ (net)
                232.78   26.03 4932.76 ^ _159903_/A (NOR2x1_ASAP7_75t_R)
     8   28.47  210.89  122.31 5055.07 v _159903_/Y (NOR2x1_ASAP7_75t_R)
                                         _104860_ (net)
                228.90   32.66 5087.73 v _163131_/B (NAND2x2_ASAP7_75t_R)
    15   27.06  142.71   96.53 5184.25 ^ _163131_/Y (NAND2x2_ASAP7_75t_R)
                                         _107988_ (net)
                142.71    0.41 5184.66 ^ load_slew954/A (BUFx16f_ASAP7_75t_R)
    25   35.13   27.07   35.97 5220.63 ^ load_slew954/Y (BUFx16f_ASAP7_75t_R)
                                         net512 (net)
                 34.87    7.25 5227.88 ^ load_slew952/A (BUFx16f_ASAP7_75t_R)
    23   33.36   16.26   21.61 5249.49 ^ load_slew952/Y (BUFx16f_ASAP7_75t_R)
                                         net510 (net)
                 76.17   23.72 5273.21 ^ _164753_/A (OR2x2_ASAP7_75t_R)
    33   79.89  270.80  111.59 5384.80 ^ _164753_/Y (OR2x2_ASAP7_75t_R)
                                         _109546_ (net)
                300.27   46.82 5431.62 ^ _201241_/B (NAND2x1_ASAP7_75t_R)
     1    0.74   37.15   10.39 5442.00 v _201241_/Y (NAND2x1_ASAP7_75t_R)
                                         _141303_ (net)
                 37.15    0.03 5442.04 v _201242_/A2 (AO21x1_ASAP7_75t_R)
     1    0.48    9.23   19.91 5461.94 v _201242_/Y (AO21x1_ASAP7_75t_R)
                                         _141304_ (net)
                  9.23    0.02 5461.96 v _201243_/B (OA211x2_ASAP7_75t_R)
     1    0.67   13.05   25.37 5487.33 v _201243_/Y (OA211x2_ASAP7_75t_R)
                                         _141305_ (net)
                 13.05    0.02 5487.35 v _201244_/B (AO21x1_ASAP7_75t_R)
     1    0.60   10.16   16.36 5503.71 v _201244_/Y (AO21x1_ASAP7_75t_R)
                                         _141306_ (net)
                 10.16    0.02 5503.72 v _201245_/B (AND2x2_ASAP7_75t_R)
     1    0.63    7.74   14.36 5518.09 v _201245_/Y (AND2x2_ASAP7_75t_R)
                                         u_int_prf._00050_[26] (net)
                  7.74    0.02 5518.11 v _312550_/D (DFFHQNx1_ASAP7_75t_R)
                               5518.11   data arrival time

                  0.00 5000.00 5000.00   clock core_clk (rise edge)
                          0.00 5000.00   clock network delay (ideal)
                        -50.00 4950.00   clock uncertainty
                          0.00 4950.00   clock reconvergence pessimism
                               4950.00 ^ _312550_/CLK (DFFHQNx1_ASAP7_75t_R)
                         -8.63 4941.37   library setup time
                               4941.37   data required time
-----------------------------------------------------------------------------
                               4941.37   data required time
                               -5518.11   data arrival time
-----------------------------------------------------------------------------
                               -576.74   slack (VIOLATED)



==========================================================================
resizer report_checks -unconstrained
--------------------------------------------------------------------------
Startpoint: rst (input port clocked by core_clk)
Endpoint: dmem_req_addr[3] (output port clocked by core_clk)
Path Group: in2out
Path Type: max

Fanout     Cap    Slew   Delay    Time   Description
-----------------------------------------------------------------------------
                  0.00    0.00    0.00   clock core_clk (rise edge)
                          0.00    0.00   clock network delay (ideal)
                       1000.00 1000.00 v input external delay
     1    1.37   20.00    0.00 1000.00 v rst (in)
                                         rst (net)
                 20.27    0.09 1000.09 v input106/A (BUFx8_ASAP7_75t_R)
    42   65.87   54.59   36.05 1036.14 v input106/Y (BUFx8_ASAP7_75t_R)
                                         net106 (net)
                 54.65    1.23 1037.37 v wire4546/A (BUFx24_ASAP7_75t_R)
    80  119.68   54.00   41.67 1079.04 v wire4546/Y (BUFx24_ASAP7_75t_R)
                                         net4104 (net)
                 55.07    4.40 1083.44 v load_slew4545/A (BUFx16f_ASAP7_75t_R)
    59   92.72   46.14   31.61 1115.05 v load_slew4545/Y (BUFx16f_ASAP7_75t_R)
                                         net4103 (net)
                 99.22   29.21 1144.26 v wire4532/A (BUFx24_ASAP7_75t_R)
    73  110.43   51.05   47.30 1191.56 v wire4532/Y (BUFx24_ASAP7_75t_R)
                                         net4090 (net)
                 92.73   25.35 1216.91 v wire4531/A (BUFx16f_ASAP7_75t_R)
    65   93.99   42.28   38.85 1255.76 v wire4531/Y (BUFx16f_ASAP7_75t_R)
                                         net4089 (net)
                134.33   41.46 1297.22 v wire4530/A (BUFx24_ASAP7_75t_R)
    73  112.53   50.70   51.52 1348.73 v wire4530/Y (BUFx24_ASAP7_75t_R)
                                         net4088 (net)
                123.95   37.07 1385.81 v wire4528/A (BUFx16f_ASAP7_75t_R)
    60   89.94   44.25   43.69 1429.50 v wire4528/Y (BUFx16f_ASAP7_75t_R)
                                         net4086 (net)
                139.40   43.61 1473.11 v wire4527/A (BUFx16f_ASAP7_75t_R)
    43   90.52   43.17   47.12 1520.23 v wire4527/Y (BUFx16f_ASAP7_75t_R)
                                         net4085 (net)
                134.84   41.69 1561.92 v load_slew4526/A (BUFx16f_ASAP7_75t_R)
    38   61.61   14.28   39.40 1601.33 v load_slew4526/Y (BUFx16f_ASAP7_75t_R)
                                         net4084 (net)
                183.84   57.72 1659.05 v _167892_/A (NOR2x2_ASAP7_75t_R)
    17   24.21  125.98   64.44 1723.49 ^ _167892_/Y (NOR2x2_ASAP7_75t_R)
                                         net108 (net)
                127.46    7.85 1731.34 ^ load_slew3424/A (BUFx16f_ASAP7_75t_R)
    32   28.98   22.16   33.46 1764.80 ^ load_slew3424/Y (BUFx16f_ASAP7_75t_R)
                                         net2982 (net)
                 44.41   12.42 1777.22 ^ _172076_/B (OA21x2_ASAP7_75t_R)
     1    0.70    7.11   20.80 1798.02 ^ _172076_/Y (OA21x2_ASAP7_75t_R)
                                         _115938_ (net)
                  7.11    0.03 1798.05 ^ _172077_/B (AO21x1_ASAP7_75t_R)
     2    8.77   58.89   31.72 1829.77 ^ _172077_/Y (AO21x1_ASAP7_75t_R)
                                         u_lsu.dmem_req_addr[3] (net)
                 58.93    0.88 1830.65 ^ output165/A (BUFx2_ASAP7_75t_R)
     1    2.54   12.21   24.82 1855.47 ^ output165/Y (BUFx2_ASAP7_75t_R)
                                         dmem_req_addr[3] (net)
                 12.23    0.29 1855.76 ^ dmem_req_addr[3] (out)
                               1855.76   data arrival time

                  0.00 5000.00 5000.00   clock core_clk (rise edge)
                          0.00 5000.00   clock network delay (ideal)
                        -50.00 4950.00   clock uncertainty
                          0.00 4950.00   clock reconvergence pessimism
                       -1000.00 3950.00   output external delay
                               3950.00   data required time
-----------------------------------------------------------------------------
                               3950.00   data required time
                               -1855.76   data arrival time
-----------------------------------------------------------------------------
                               2094.24   slack (MET)


Startpoint: dmem_rsp_valid (input port clocked by core_clk)
Endpoint: _312550_ (rising edge-triggered flip-flop clocked by core_clk)
Path Group: in2reg
Path Type: max

Fanout     Cap    Slew   Delay    Time   Description
-----------------------------------------------------------------------------
                  0.00    0.00    0.00   clock core_clk (rise edge)
                          0.00    0.00   clock network delay (ideal)
                       1000.00 1000.00 v input external delay
     1    1.08   20.00    0.00 1000.00 v dmem_rsp_valid (in)
                                         dmem_rsp_valid (net)
                 20.22    0.07 1000.07 v input70/A (BUFx2_ASAP7_75t_R)
     2   11.16   33.81   26.98 1027.05 v input70/Y (BUFx2_ASAP7_75t_R)
                                         net70 (net)
                 45.26   10.11 1037.16 v _150454_/A (INVx1_ASAP7_75t_R)
     3    2.60   26.33   21.13 1058.29 ^ _150454_/Y (INVx1_ASAP7_75t_R)
                                         _095974_ (net)
                 26.34    0.10 1058.39 ^ _150455_/C (OR3x1_ASAP7_75t_R)
     5    4.15   27.90   24.98 1083.37 ^ _150455_/Y (OR3x1_ASAP7_75t_R)
                                         _095975_ (net)
                 27.92    0.48 1083.85 ^ _150468_/C (OR5x1_ASAP7_75t_R)
     1    0.87    8.99   20.41 1104.26 ^ _150468_/Y (OR5x1_ASAP7_75t_R)
                                         _095988_ (net)
                  8.99    0.05 1104.31 ^ _150505_/A (AND3x1_ASAP7_75t_R)
     1    1.37   13.13   19.37 1123.67 ^ _150505_/Y (AND3x1_ASAP7_75t_R)
                                         _096025_ (net)
                 13.13    0.07 1123.74 ^ _150506_/B (AOI21x1_ASAP7_75t_R)
     1    3.78   26.19   12.95 1136.69 v _150506_/Y (AOI21x1_ASAP7_75t_R)
                                         _096026_ (net)
                 26.42    1.34 1138.03 v _150592_/A2 (OA21x2_ASAP7_75t_R)
    11   34.00  100.81   52.42 1190.45 v _150592_/Y (OA21x2_ASAP7_75t_R)
                                         _096112_ (net)
                107.94   14.18 1204.63 v wire2380/A (BUFx16f_ASAP7_75t_R)
     8   31.33   13.70   35.72 1240.35 v wire2380/Y (BUFx16f_ASAP7_75t_R)
                                         net1938 (net)
                 67.26   20.21 1260.57 v _151449_/A1 (AO21x2_ASAP7_75t_R)
     6   28.64   87.27   56.91 1317.48 v _151449_/Y (AO21x2_ASAP7_75t_R)
                                         _096851_ (net)
                 95.91   14.35 1331.83 v wire2376/A (BUFx16f_ASAP7_75t_R)
    16   33.12   17.93   34.37 1366.20 v wire2376/Y (BUFx16f_ASAP7_75t_R)
                                         net1934 (net)
                 32.93    7.58 1373.78 v _159051_/A (NOR2x2_ASAP7_75t_R)
     2    6.05   33.27   18.07 1391.85 ^ _159051_/Y (NOR2x2_ASAP7_75t_R)
                                         _104016_ (net)
                 33.80    2.27 1394.12 ^ wire2286/A (BUFx16f_ASAP7_75t_R)
    19   31.76   10.90   21.64 1415.76 ^ wire2286/Y (BUFx16f_ASAP7_75t_R)
                                         net1844 (net)
                 18.01    3.66 1419.42 ^ _159052_/B (AND2x2_ASAP7_75t_R)
     4   16.93   59.46   33.72 1453.14 ^ _159052_/Y (AND2x2_ASAP7_75t_R)
                                         _104017_ (net)
                 80.20   18.40 1471.54 ^ _159053_/C (AND3x1_ASAP7_75t_R)
     1    0.64    9.52   23.12 1494.66 ^ _159053_/Y (AND3x1_ASAP7_75t_R)
                                         _104018_ (net)
                  9.52    0.02 1494.68 ^ _159054_/B (OA21x2_ASAP7_75t_R)
     7   30.38   99.85   34.09 1528.77 ^ _159054_/Y (OA21x2_ASAP7_75t_R)
                                         _104019_ (net)
                223.76   66.42 1595.19 ^ _159120_/A1 (OA21x2_ASAP7_75t_R)
    36   44.64  155.45   63.17 1658.36 ^ _159120_/Y (OA21x2_ASAP7_75t_R)
                                         _104085_ (net)
                156.12    5.22 1663.58 ^ _159154_/A2 (AO221x1_ASAP7_75t_R)
     3    5.35   39.46   51.27 1714.85 ^ _159154_/Y (AO221x1_ASAP7_75t_R)
                                         _104119_ (net)
                 39.93    2.40 1717.24 ^ _159901_/B (AND2x2_ASAP7_75t_R)
    41   65.94  222.36   96.13 1813.37 ^ _159901_/Y (AND2x2_ASAP7_75t_R)
                                         _104858_ (net)
                232.78   26.03 1839.40 ^ _159903_/A (NOR2x1_ASAP7_75t_R)
     8   28.47  210.89  122.31 1961.71 v _159903_/Y (NOR2x1_ASAP7_75t_R)
                                         _104860_ (net)
                228.90   32.66 1994.37 v _163131_/B (NAND2x2_ASAP7_75t_R)
    15   27.06  142.71   96.53 2090.89 ^ _163131_/Y (NAND2x2_ASAP7_75t_R)
                                         _107988_ (net)
                142.71    0.41 2091.30 ^ load_slew954/A (BUFx16f_ASAP7_75t_R)
    25   35.13   27.07   35.97 2127.27 ^ load_slew954/Y (BUFx16f_ASAP7_75t_R)
                                         net512 (net)
                 34.87    7.25 2134.52 ^ load_slew952/A (BUFx16f_ASAP7_75t_R)
    23   33.36   16.26   21.61 2156.13 ^ load_slew952/Y (BUFx16f_ASAP7_75t_R)
                                         net510 (net)
                 76.17   23.72 2179.85 ^ _164753_/A (OR2x2_ASAP7_75t_R)
    33   79.89  270.80  111.59 2291.44 ^ _164753_/Y (OR2x2_ASAP7_75t_R)
                                         _109546_ (net)
                300.27   46.82 2338.26 ^ _201241_/B (NAND2x1_ASAP7_75t_R)
     1    0.74   37.15   10.39 2348.64 v _201241_/Y (NAND2x1_ASAP7_75t_R)
                                         _141303_ (net)
                 37.15    0.03 2348.67 v _201242_/A2 (AO21x1_ASAP7_75t_R)
     1    0.48    9.23   19.91 2368.58 v _201242_/Y (AO21x1_ASAP7_75t_R)
                                         _141304_ (net)
                  9.23    0.02 2368.60 v _201243_/B (OA211x2_ASAP7_75t_R)
     1    0.67   13.05   25.37 2393.96 v _201243_/Y (OA211x2_ASAP7_75t_R)
                                         _141305_ (net)
                 13.05    0.02 2393.99 v _201244_/B (AO21x1_ASAP7_75t_R)
     1    0.60   10.16   16.36 2410.34 v _201244_/Y (AO21x1_ASAP7_75t_R)
                                         _141306_ (net)
                 10.16    0.02 2410.36 v _201245_/B (AND2x2_ASAP7_75t_R)
     1    0.63    7.74   14.36 2424.73 v _201245_/Y (AND2x2_ASAP7_75t_R)
                                         u_int_prf._00050_[26] (net)
                  7.74    0.02 2424.74 v _312550_/D (DFFHQNx1_ASAP7_75t_R)
                               2424.74   data arrival time

                  0.00 5000.00 5000.00   clock core_clk (rise edge)
                          0.00 5000.00   clock network delay (ideal)
                        -50.00 4950.00   clock uncertainty
                          0.00 4950.00   clock reconvergence pessimism
                               4950.00 ^ _312550_/CLK (DFFHQNx1_ASAP7_75t_R)
                         -8.63 4941.37   library setup time
                               4941.37   data required time
-----------------------------------------------------------------------------
                               4941.37   data required time
                               -2424.74   data arrival time
-----------------------------------------------------------------------------
                               2516.63   slack (MET)


Startpoint: _308209_ (rising edge-triggered flip-flop clocked by core_clk)
Endpoint: dmem_req_addr[13] (output port clocked by core_clk)
Path Group: reg2out
Path Type: max

Fanout     Cap    Slew   Delay    Time   Description
-----------------------------------------------------------------------------
                  0.00    0.00    0.00   clock core_clk (rise edge)
                          0.00    0.00   clock network delay (ideal)
                  0.00    0.00    0.00 ^ _308209_/CLK (DFFHQNx3_ASAP7_75t_R)
     2    7.64   32.91   52.37   52.37 ^ _308209_/QN (DFFHQNx3_ASAP7_75t_R)
                                         u_lsu._004001_[1] (net)
                 34.45    3.75   56.12 ^ wire4778/A (BUFx16f_ASAP7_75t_R)
    36   47.98   26.61   22.04   78.16 ^ wire4778/Y (BUFx16f_ASAP7_75t_R)
                                         net4336 (net)
                 73.97   22.30  100.45 ^ wire4776/A (BUFx16f_ASAP7_75t_R)
    45   51.43   32.09   30.78  131.23 ^ wire4776/Y (BUFx16f_ASAP7_75t_R)
                                         net4334 (net)
                 40.95    8.18  139.41 ^ wire4775/A (BUFx16f_ASAP7_75t_R)
    37   45.64   22.93   23.95  163.37 ^ wire4775/Y (BUFx16f_ASAP7_75t_R)
                                         net4333 (net)
                 82.28   25.14  188.51 ^ load_slew4774/A (BUFx16f_ASAP7_75t_R)
    42   51.91   32.63   36.06  224.57 ^ load_slew4774/Y (BUFx16f_ASAP7_75t_R)
                                         net4332 (net)
                 37.13    6.36  230.93 ^ _153629_/B (AND2x2_ASAP7_75t_R)
    52   56.80  192.34   81.20  312.13 ^ _153629_/Y (AND2x2_ASAP7_75t_R)
                                         _098594_ (net)
                221.94   39.26  351.39 ^ _153630_/B (NAND2x1_ASAP7_75t_R)
    18   24.79  162.16  105.61  457.00 v _153630_/Y (NAND2x1_ASAP7_75t_R)
                                         _098595_ (net)
                162.39    3.59  460.60 v _153631_/B (OA21x2_ASAP7_75t_R)
    19   20.94   63.76   58.55  519.15 v _153631_/Y (OA21x2_ASAP7_75t_R)
                                         _098596_ (net)
                 66.18    6.79  525.94 v _153633_/C (AND3x1_ASAP7_75t_R)
    34   31.59  170.36   92.92  618.86 v _153633_/Y (AND3x1_ASAP7_75t_R)
                                         _098598_ (net)
                171.22    6.95  625.82 v _154870_/C1 (AO222x2_ASAP7_75t_R)
     5    5.73   25.58   69.80  695.62 v _154870_/Y (AO222x2_ASAP7_75t_R)
                                         _099835_ (net)
                 25.66    0.75  696.37 v _154873_/B (OR3x2_ASAP7_75t_R)
     8   13.61   44.01   44.84  741.21 v _154873_/Y (OR3x2_ASAP7_75t_R)
                                         _099838_ (net)
                 44.83    3.34  744.55 v _154878_/C (OR5x1_ASAP7_75t_R)
     3    5.05   36.20   50.35  794.90 v _154878_/Y (OR5x1_ASAP7_75t_R)
                                         _099843_ (net)
                 36.43    1.63  796.53 v _154879_/D (OR4x1_ASAP7_75t_R)
    31   35.95  198.30  109.89  906.41 v _154879_/Y (OR4x1_ASAP7_75t_R)
                                         _099844_ (net)
                199.03    7.11  913.53 v _155829_/C (OR4x1_ASAP7_75t_R)
     2    1.58   17.29   50.80  964.33 v _155829_/Y (OR4x1_ASAP7_75t_R)
                                         _100794_ (net)
                 17.29    0.05  964.38 v _155944_/B2 (AO221x1_ASAP7_75t_R)
     1    0.93   10.25   23.66  988.04 v _155944_/Y (AO221x1_ASAP7_75t_R)
                                         _100909_ (net)
                 10.26    0.07  988.11 v _155949_/A (OR5x1_ASAP7_75t_R)
    11    8.40   52.29   48.67 1036.79 v _155949_/Y (OR5x1_ASAP7_75t_R)
                                         _100914_ (net)
                 52.45    1.67 1038.45 v _156013_/A (AND2x2_ASAP7_75t_R)
     2    2.69   11.60   29.47 1067.92 v _156013_/Y (AND2x2_ASAP7_75t_R)
                                         _100978_ (net)
                 11.60    0.06 1067.98 v _156016_/A (NAND3x1_ASAP7_75t_R)
    12   17.72  125.57   49.12 1117.11 ^ _156016_/Y (NAND3x1_ASAP7_75t_R)
                                         _100981_ (net)
                125.69    2.34 1119.45 ^ _156112_/A1 (AOI221x1_ASAP7_75t_R)
     1    0.74   37.97   33.83 1153.28 v _156112_/Y (AOI221x1_ASAP7_75t_R)
                                         _101077_ (net)
                 37.97    0.03 1153.31 v _156115_/A2 (OA21x2_ASAP7_75t_R)
     1    1.29    8.55   25.20 1178.52 v _156115_/Y (OA21x2_ASAP7_75t_R)
                                         _101080_ (net)
                  8.57    0.14 1178.66 v _156116_/A (OR3x1_ASAP7_75t_R)
     2    1.24   11.15   20.71 1199.37 v _156116_/Y (OR3x1_ASAP7_75t_R)
                                         _101081_ (net)
                 11.15    0.03 1199.41 v _156123_/A3 (AO33x2_ASAP7_75t_R)
     5    4.63   20.04   37.79 1237.20 v _156123_/Y (AO33x2_ASAP7_75t_R)
                                         _101088_ (net)
                 20.08    0.49 1237.68 v _156140_/A (NAND2x1_ASAP7_75t_R)
    12   10.73   71.67   39.40 1277.08 ^ _156140_/Y (NAND2x1_ASAP7_75t_R)
                                         _101105_ (net)
                 71.69    0.57 1277.64 ^ _156253_/B2 (AO221x1_ASAP7_75t_R)
    33   33.93  220.11  109.42 1387.06 ^ _156253_/Y (AO221x1_ASAP7_75t_R)
                                         _101218_ (net)
                221.80   11.09 1398.15 ^ _156308_/A (NAND2x2_ASAP7_75t_R)
    15   23.19   88.63   52.30 1450.45 v _156308_/Y (NAND2x2_ASAP7_75t_R)
                                         _101273_ (net)
                 89.20    4.01 1454.45 v _156311_/A2 (AO21x2_ASAP7_75t_R)
     6    6.79   23.71   41.55 1496.00 v _156311_/Y (AO21x2_ASAP7_75t_R)
                                         _101276_ (net)
                 23.82    0.91 1496.91 v _156314_/A1 (OA21x2_ASAP7_75t_R)
     2    1.55    8.56   21.09 1518.01 v _156314_/Y (OA21x2_ASAP7_75t_R)
                                         _101279_ (net)
                  8.56    0.03 1518.04 v _156388_/C (AO221x1_ASAP7_75t_R)
     2    2.31   16.98   26.85 1544.89 v _156388_/Y (AO221x1_ASAP7_75t_R)
                                         _101353_ (net)
                 16.99    0.14 1545.02 v _156389_/A2 (OA21x2_ASAP7_75t_R)
     3    2.36   10.59   21.89 1566.91 v _156389_/Y (OA21x2_ASAP7_75t_R)
                                         _101354_ (net)
                 10.60    0.12 1567.04 v _156393_/A1 (AOI22x1_ASAP7_75t_R)
     6    5.85   43.88   23.66 1590.69 ^ _156393_/Y (AOI22x1_ASAP7_75t_R)
                                         _101358_ (net)
                 43.88    0.18 1590.87 ^ _156410_/B (NAND2x1_ASAP7_75t_R)
    21   21.91  115.77   53.20 1644.08 v _156410_/Y (NAND2x1_ASAP7_75t_R)
                                         _101375_ (net)
                115.77    0.31 1644.39 v _156421_/A3 (AO33x2_ASAP7_75t_R)
    13   14.41   47.89   70.35 1714.74 v _156421_/Y (AO33x2_ASAP7_75t_R)
                                         _101386_ (net)
                 48.17    2.13 1716.87 v _156522_/B (XNOR2x2_ASAP7_75t_R)
     1    0.67    7.80   27.83 1744.70 ^ _156522_/Y (XNOR2x2_ASAP7_75t_R)
                                         _101487_ (net)
                  7.80    0.02 1744.73 ^ _156526_/B (AND4x1_ASAP7_75t_R)
     2    1.70   16.41   24.58 1769.30 ^ _156526_/Y (AND4x1_ASAP7_75t_R)
                                         _101491_ (net)
                 16.41    0.07 1769.37 ^ _156550_/A2 (AO21x1_ASAP7_75t_R)
     2    1.82   14.42   18.48 1787.85 ^ _156550_/Y (AO21x1_ASAP7_75t_R)
                                         _101515_ (net)
                 14.42    0.15 1788.00 ^ _156551_/B (AO21x1_ASAP7_75t_R)
     3    2.85   21.03   18.65 1806.65 ^ _156551_/Y (AO21x1_ASAP7_75t_R)
                                         _101516_ (net)
                 21.03    0.05 1806.70 ^ _156552_/C (OA211x2_ASAP7_75t_R)
    52   49.15  164.45   80.69 1887.39 ^ _156552_/Y (OA211x2_ASAP7_75t_R)
                                         _101517_ (net)
                171.65   18.60 1905.99 ^ _156555_/A (INVx1_ASAP7_75t_R)
     6    9.59   92.12   61.00 1967.00 v _156555_/Y (INVx1_ASAP7_75t_R)
                                         _101520_ (net)
                 92.81    4.54 1971.54 v _156568_/A1 (OAI21x1_ASAP7_75t_R)
     2    1.82   31.83   26.99 1998.53 ^ _156568_/Y (OAI21x1_ASAP7_75t_R)
                                         _101533_ (net)
                 31.83    0.14 1998.67 ^ _156616_/A2 (AOI221x1_ASAP7_75t_R)
     5    4.32   51.63   32.32 2030.99 v _156616_/Y (AOI221x1_ASAP7_75t_R)
                                         _101581_ (net)
                 51.65    0.50 2031.49 v _156806_/B (OA211x2_ASAP7_75t_R)
     5    4.72   20.53   46.32 2077.81 v _156806_/Y (OA211x2_ASAP7_75t_R)
                                         _101771_ (net)
                 20.55    0.28 2078.08 v _156807_/B (NAND2x1_ASAP7_75t_R)
     2    1.30   14.13   12.38 2090.46 ^ _156807_/Y (NAND2x1_ASAP7_75t_R)
                                         _101772_ (net)
                 14.13    0.03 2090.50 ^ _156882_/A3 (AO32x1_ASAP7_75t_R)
    21   20.50  133.44   69.79 2160.29 ^ _156882_/Y (AO32x1_ASAP7_75t_R)
                                         _101847_ (net)
                133.65    3.08 2163.37 ^ _156995_/B (OR2x2_ASAP7_75t_R)
     1    0.51    8.96   29.39 2192.76 ^ _156995_/Y (OR2x2_ASAP7_75t_R)
                                         _101960_ (net)
                  8.96    0.02 2192.78 ^ _157002_/A2 (AO32x1_ASAP7_75t_R)
     5    8.46   57.08   38.84 2231.62 ^ _157002_/Y (AO32x1_ASAP7_75t_R)
                                         _101967_ (net)
                 57.35    2.24 2233.86 ^ _157004_/B (XNOR2x2_ASAP7_75t_R)
     2    2.76   13.93   32.15 2266.01 ^ _157004_/Y (XNOR2x2_ASAP7_75t_R)
                                         _101969_ (net)
                 13.98    0.43 2266.44 ^ _157005_/C (NOR3x1_ASAP7_75t_R)
     1    1.14   15.00   13.24 2279.68 v _157005_/Y (NOR3x1_ASAP7_75t_R)
                                         _101970_ (net)
                 15.00    0.06 2279.73 v _157006_/E (AND5x2_ASAP7_75t_R)
     7    7.43   23.82   31.87 2311.60 v _157006_/Y (AND5x2_ASAP7_75t_R)
                                         _101971_ (net)
                 23.82    0.37 2311.97 v _157078_/C (OR3x1_ASAP7_75t_R)
     3    2.33   17.07   28.00 2339.97 v _157078_/Y (OR3x1_ASAP7_75t_R)
                                         _102043_ (net)
                 17.07    0.07 2340.03 v _157141_/B3 (OA33x2_ASAP7_75t_R)
    29   27.29   84.96   58.73 2398.76 v _157141_/Y (OA33x2_ASAP7_75t_R)
                                         _102106_ (net)
                 85.02    1.53 2400.29 v _157144_/B (OR2x2_ASAP7_75t_R)
     1    0.69    8.74   30.89 2431.18 v _157144_/Y (OR2x2_ASAP7_75t_R)
                                         _102109_ (net)
                  8.74    0.03 2431.21 v _157145_/A2 (AO21x1_ASAP7_75t_R)
     5    4.25   25.89   23.46 2454.66 v _157145_/Y (AO21x1_ASAP7_75t_R)
                                         _102110_ (net)
                 25.91    0.51 2455.18 v _157196_/A2 (AO32x1_ASAP7_75t_R)
     1    0.53    8.24   24.22 2479.39 v _157196_/Y (AO32x1_ASAP7_75t_R)
                                         _102161_ (net)
                  8.24    0.02 2479.41 v _157198_/B1 (AO22x1_ASAP7_75t_R)
     3    3.45   22.15   26.37 2505.78 v _157198_/Y (AO22x1_ASAP7_75t_R)
                                         _102163_ (net)
                 22.18    0.44 2506.22 v _157222_/A2 (AO21x1_ASAP7_75t_R)
     3    2.13   14.36   21.87 2528.09 v _157222_/Y (AO21x1_ASAP7_75t_R)
                                         _102187_ (net)
                 14.37    0.09 2528.18 v _157223_/C (OR3x1_ASAP7_75t_R)
     4    3.49   22.61   29.69 2557.87 v _157223_/Y (OR3x1_ASAP7_75t_R)
                                         _102188_ (net)
                 22.61    0.14 2558.01 v _157312_/A2 (AO21x1_ASAP7_75t_R)
    11   10.68   58.48   41.83 2599.84 v _157312_/Y (AO21x1_ASAP7_75t_R)
                                         _102277_ (net)
                 58.51    0.74 2600.58 v _157343_/B (NAND2x1_ASAP7_75t_R)
    11   12.98   89.14   56.44 2657.02 ^ _157343_/Y (NAND2x1_ASAP7_75t_R)
                                         _102308_ (net)
                 89.16    0.86 2657.88 ^ _157440_/A1 (AOI221x1_ASAP7_75t_R)
     3    2.38   47.64   40.04 2697.92 v _157440_/Y (AOI221x1_ASAP7_75t_R)
                                         _102405_ (net)
                 47.64    0.20 2698.12 v _157456_/B2 (OA222x2_ASAP7_75t_R)
     1    1.13    9.59   29.71 2727.83 v _157456_/Y (OA222x2_ASAP7_75t_R)
                                         _102421_ (net)
                  9.59    0.05 2727.88 v _157459_/C (AND5x2_ASAP7_75t_R)
     3    2.71   11.32   21.86 2749.73 v _157459_/Y (AND5x2_ASAP7_75t_R)
                                         _102424_ (net)
                 11.32    0.12 2749.85 v _157472_/A1 (OA31x2_ASAP7_75t_R)
     3    2.78   13.37   20.55 2770.40 v _157472_/Y (OA31x2_ASAP7_75t_R)
                                         _102437_ (net)
                 13.42    0.41 2770.81 v _157475_/B (OR4x2_ASAP7_75t_R)
     6    7.08   28.37   41.43 2812.24 v _157475_/Y (OR4x2_ASAP7_75t_R)
                                         _102440_ (net)
                 28.73    1.77 2814.01 v _157543_/A (AND2x4_ASAP7_75t_R)
     7    9.97   18.41   25.68 2839.69 v _157543_/Y (AND2x4_ASAP7_75t_R)
                                         _102508_ (net)
                 19.55    2.44 2842.13 v _157562_/A2 (AO33x2_ASAP7_75t_R)
    11   10.53   37.59   44.99 2887.12 v _157562_/Y (AO33x2_ASAP7_75t_R)
                                         _102527_ (net)
                 38.05    2.36 2889.48 v _157635_/B (XNOR2x2_ASAP7_75t_R)
     1    0.62    7.33   26.35 2915.82 ^ _157635_/Y (XNOR2x2_ASAP7_75t_R)
                                         _102600_ (net)
                  7.33    0.02 2915.85 ^ _157636_/E (AND5x1_ASAP7_75t_R)
     1    0.85   12.95   29.98 2945.83 ^ _157636_/Y (AND5x1_ASAP7_75t_R)
                                         _102601_ (net)
                 12.95    0.06 2945.88 ^ _157637_/E (AND5x1_ASAP7_75t_R)
     2    2.65   23.35   35.48 2981.36 ^ _157637_/Y (AND5x1_ASAP7_75t_R)
                                         _102602_ (net)
                 23.37    0.41 2981.77 ^ _157639_/A2 (AO21x1_ASAP7_75t_R)
     3    2.11   16.20   20.62 3002.39 ^ _157639_/Y (AO21x1_ASAP7_75t_R)
                                         _102604_ (net)
                 16.20    0.04 3002.43 ^ _157640_/C (OR3x2_ASAP7_75t_R)
    13   11.78   40.37   29.31 3031.73 ^ _157640_/Y (OR3x2_ASAP7_75t_R)
                                         _102605_ (net)
                 40.53    1.50 3033.23 ^ _157732_/A (NAND2x1_ASAP7_75t_R)
    15   15.39   82.65   41.29 3074.52 v _157732_/Y (NAND2x1_ASAP7_75t_R)
                                         _102697_ (net)
                 82.70    1.18 3075.70 v _157764_/A1 (AO21x1_ASAP7_75t_R)
     1    1.38   11.91   31.35 3107.05 v _157764_/Y (AO21x1_ASAP7_75t_R)
                                         _102729_ (net)
                 11.91    0.05 3107.10 v _157767_/A2 (AOI22x1_ASAP7_75t_R)
     8    8.43   76.59   29.62 3136.72 ^ _157767_/Y (AOI22x1_ASAP7_75t_R)
                                         _102732_ (net)
                 76.61    0.71 3137.42 ^ _157790_/A2 (OA21x2_ASAP7_75t_R)
     1    1.05    9.19   26.85 3164.28 ^ _157790_/Y (OA21x2_ASAP7_75t_R)
                                         _102755_ (net)
                  9.19    0.04 3164.32 ^ _157827_/A2 (AOI211x1_ASAP7_75t_R)
     3    2.73   33.70   20.94 3185.25 v _157827_/Y (AOI211x1_ASAP7_75t_R)
                                         _102792_ (net)
                 33.71    0.24 3185.49 v _157903_/A1 (OA21x2_ASAP7_75t_R)
     4    3.62   14.26   26.15 3211.64 v _157903_/Y (OA21x2_ASAP7_75t_R)
                                         _102868_ (net)
                 14.26    0.11 3211.75 v _157921_/C (AO221x1_ASAP7_75t_R)
    29   28.47  152.76   88.91 3300.66 v _157921_/Y (AO221x1_ASAP7_75t_R)
                                         _102886_ (net)
                152.79    1.30 3301.96 v _157922_/C (AO221x1_ASAP7_75t_R)
     1    0.51   10.47   40.96 3342.92 v _157922_/Y (AO221x1_ASAP7_75t_R)
                                         _102887_ (net)
                 10.47    0.01 3342.94 v _157925_/B1 (AO32x2_ASAP7_75t_R)
     2    1.52   10.63   27.13 3370.06 v _157925_/Y (AO32x2_ASAP7_75t_R)
                                         _102890_ (net)
                 10.63    0.08 3370.15 v _157949_/A2 (OA211x2_ASAP7_75t_R)
     1    0.71    9.28   22.34 3392.49 v _157949_/Y (OA211x2_ASAP7_75t_R)
                                         _102914_ (net)
                  9.28    0.03 3392.52 v _157967_/B1 (AO222x2_ASAP7_75t_R)
     2    2.08   13.44   31.75 3424.27 v _157967_/Y (AO222x2_ASAP7_75t_R)
                                         _102932_ (net)
                 13.45    0.22 3424.49 v _158020_/A1 (AO221x1_ASAP7_75t_R)
     7    6.18   36.38   36.92 3461.41 v _158020_/Y (AO221x1_ASAP7_75t_R)
                                         _102985_ (net)
                 36.39    0.41 3461.82 v _158084_/A1 (AO211x2_ASAP7_75t_R)
     7    5.73   19.22   27.74 3489.56 v _158084_/Y (AO211x2_ASAP7_75t_R)
                                         _103049_ (net)
                 19.27    0.54 3490.11 v _158094_/A (AND2x2_ASAP7_75t_R)
    25   28.02   81.39   45.92 3536.03 v _158094_/Y (AND2x2_ASAP7_75t_R)
                                         _103059_ (net)
                 81.51    2.03 3538.06 v _158173_/A (OR3x2_ASAP7_75t_R)
     2    1.11   10.99   39.80 3577.86 v _158173_/Y (OR3x2_ASAP7_75t_R)
                                         _103138_ (net)
                 10.99    0.04 3577.90 v _158271_/A2 (AO221x1_ASAP7_75t_R)
     1    0.86    9.73   22.78 3600.69 v _158271_/Y (AO221x1_ASAP7_75t_R)
                                         _103236_ (net)
                  9.73    0.06 3600.74 v _158272_/E (OR5x1_ASAP7_75t_R)
     1    0.84   11.78   32.81 3633.55 v _158272_/Y (OR5x1_ASAP7_75t_R)
                                         _103237_ (net)
                 11.78    0.05 3633.61 v _158273_/E (OR5x1_ASAP7_75t_R)
     3    4.48   32.14   45.37 3678.98 v _158273_/Y (OR5x1_ASAP7_75t_R)
                                         _103238_ (net)
                 32.16    0.48 3679.46 v _158274_/B (NAND2x2_ASAP7_75t_R)
     5    4.21   21.66   17.78 3697.23 ^ _158274_/Y (NAND2x2_ASAP7_75t_R)
                                         _103239_ (net)
                 21.68    0.42 3697.66 ^ _158287_/A2 (OAI21x1_ASAP7_75t_R)
    21   26.11  129.04   57.25 3754.91 v _158287_/Y (OAI21x1_ASAP7_75t_R)
                                         _103252_ (net)
                129.34    3.62 3758.53 v _158298_/A (AND2x2_ASAP7_75t_R)
     2    5.80   21.46   45.58 3804.11 v _158298_/Y (AND2x2_ASAP7_75t_R)
                                         _103263_ (net)
                 21.46    0.09 3804.21 v _158304_/A2 (OA211x2_ASAP7_75t_R)
     5    7.86   29.61   35.77 3839.98 v _158304_/Y (OA211x2_ASAP7_75t_R)
                                         _103269_ (net)
                 30.74    3.14 3843.12 v _158330_/B (XNOR2x2_ASAP7_75t_R)
     3    2.50   12.19   25.55 3868.66 v _158330_/Y (XNOR2x2_ASAP7_75t_R)
                                         _103295_ (net)
                 12.19    0.11 3868.77 v _158388_/B (OR5x1_ASAP7_75t_R)
     1    0.79   11.51   29.34 3898.11 v _158388_/Y (OR5x1_ASAP7_75t_R)
                                         _103353_ (net)
                 11.51    0.05 3898.16 v _158399_/A3 (AO33x2_ASAP7_75t_R)
     7    7.93   28.37   42.51 3940.68 v _158399_/Y (AO33x2_ASAP7_75t_R)
                                         _103364_ (net)
                 28.44    0.80 3941.47 v _158436_/A (AND2x2_ASAP7_75t_R)
     3    2.60   10.58   23.85 3965.33 v _158436_/Y (AND2x2_ASAP7_75t_R)
                                         _103401_ (net)
                 10.59    0.06 3965.39 v _158437_/C (OR3x1_ASAP7_75t_R)
    27   26.72  146.89   79.27 4044.66 v _158437_/Y (OR3x1_ASAP7_75t_R)
                                         _103402_ (net)
                147.93    7.13 4051.79 v _158474_/B (AND2x2_ASAP7_75t_R)
    21   22.13   67.93   59.58 4111.37 v _158474_/Y (AND2x2_ASAP7_75t_R)
                                         _103439_ (net)
                 67.97    1.14 4112.52 v _158476_/A2 (AOI22x1_ASAP7_75t_R)
     4    4.33   44.06   33.99 4146.51 ^ _158476_/Y (AOI22x1_ASAP7_75t_R)
                                         _103441_ (net)
                 44.08    0.54 4147.05 ^ _158477_/B (AND2x2_ASAP7_75t_R)
     1    0.93    7.79   21.77 4168.82 ^ _158477_/Y (AND2x2_ASAP7_75t_R)
                                         _103442_ (net)
                  7.79    0.03 4168.84 ^ _158496_/B2 (AOI221x1_ASAP7_75t_R)
     1    1.89   34.35   15.43 4184.27 v _158496_/Y (AOI221x1_ASAP7_75t_R)
                                         _103461_ (net)
                 34.36    0.26 4184.54 v _158497_/C (MAJx2_ASAP7_75t_R)
     6    5.25   20.04   32.01 4216.55 v _158497_/Y (MAJx2_ASAP7_75t_R)
                                         _103462_ (net)
                 20.06    0.33 4216.88 v _158571_/A1 (AO21x1_ASAP7_75t_R)
     3    2.75   17.75   24.20 4241.08 v _158571_/Y (AO21x1_ASAP7_75t_R)
                                         _103536_ (net)
                 17.76    0.16 4241.24 v _158629_/B2 (AO221x2_ASAP7_75t_R)
    15   16.31   51.62   47.44 4288.68 v _158629_/Y (AO221x2_ASAP7_75t_R)
                                         _103594_ (net)
                 51.65    0.72 4289.41 v _158672_/A (NAND2x1_ASAP7_75t_R)
    23   22.52  151.91   77.34 4366.75 ^ _158672_/Y (NAND2x1_ASAP7_75t_R)
                                         _103637_ (net)
                151.92    0.62 4367.37 ^ _158689_/B (AND2x2_ASAP7_75t_R)
     1    0.76   10.24   30.39 4397.75 ^ _158689_/Y (AND2x2_ASAP7_75t_R)
                                         _103654_ (net)
                 10.24    0.03 4397.79 ^ _158690_/A2 (OA21x2_ASAP7_75t_R)
     5    4.88   20.91   21.95 4419.74 ^ _158690_/Y (OA21x2_ASAP7_75t_R)
                                         _103655_ (net)
                 20.96    0.56 4420.30 ^ _158691_/B (OR2x2_ASAP7_75t_R)
     2    1.76   10.04   18.51 4438.81 ^ _158691_/Y (OR2x2_ASAP7_75t_R)
                                         _103656_ (net)
                 10.04    0.04 4438.85 ^ _158702_/B (AND3x1_ASAP7_75t_R)
     2    2.10   17.26   22.32 4461.17 ^ _158702_/Y (AND3x1_ASAP7_75t_R)
                                         _103667_ (net)
                 17.26    0.06 4461.23 ^ _158720_/B (OA21x2_ASAP7_75t_R)
     3    3.20   14.04   21.38 4482.61 ^ _158720_/Y (OA21x2_ASAP7_75t_R)
                                         _103685_ (net)
                 14.06    0.25 4482.86 ^ _158743_/A1 (OA31x2_ASAP7_75t_R)
     2    1.45    9.89   23.58 4506.44 ^ _158743_/Y (OA31x2_ASAP7_75t_R)
                                         _103708_ (net)
                  9.89    0.06 4506.50 ^ _158761_/A (OR4x1_ASAP7_75t_R)
     2    1.81   13.62   14.52 4521.02 ^ _158761_/Y (OR4x1_ASAP7_75t_R)
                                         _103726_ (net)
                 13.62    0.08 4521.11 ^ _158764_/D (AND5x2_ASAP7_75t_R)
     4   13.93   52.21   47.26 4568.36 ^ _158764_/Y (AND5x2_ASAP7_75t_R)
                                         _103729_ (net)
                 58.73    9.57 4577.94 ^ _167893_/A1 (OA21x2_ASAP7_75t_R)
     3    2.46   12.73   28.63 4606.56 ^ _167893_/Y (OA21x2_ASAP7_75t_R)
                                         _111899_ (net)
                 12.74    0.05 4606.62 ^ _167894_/E (AND5x1_ASAP7_75t_R)
    21   30.33  207.63   90.64 4697.26 ^ _167894_/Y (AND5x1_ASAP7_75t_R)
                                         _111900_ (net)
                213.02   18.79 4716.05 ^ _171924_/B (AND2x2_ASAP7_75t_R)
    17   29.82  101.38   70.70 4786.75 ^ _171924_/Y (AND2x2_ASAP7_75t_R)
                                         _115788_ (net)
                103.47    8.06 4794.81 ^ _172383_/A2 (AO21x1_ASAP7_75t_R)
     2   11.20   73.31   51.33 4846.15 ^ _172383_/Y (AO21x1_ASAP7_75t_R)
                                         u_lsu.dmem_req_addr[13] (net)
                 73.62    2.68 4848.83 ^ output145/A (BUFx2_ASAP7_75t_R)
     1    2.53   12.57   26.61 4875.44 ^ output145/Y (BUFx2_ASAP7_75t_R)
                                         dmem_req_addr[13] (net)
                 12.60    0.28 4875.73 ^ dmem_req_addr[13] (out)
                               4875.73   data arrival time

                  0.00 5000.00 5000.00   clock core_clk (rise edge)
                          0.00 5000.00   clock network delay (ideal)
                        -50.00 4950.00   clock uncertainty
                          0.00 4950.00   clock reconvergence pessimism
                       -1000.00 3950.00   output external delay
                               3950.00   data required time
-----------------------------------------------------------------------------
                               3950.00   data required time
                               -4875.73   data arrival time
-----------------------------------------------------------------------------
                               -925.73   slack (VIOLATED)


Startpoint: _308209_ (rising edge-triggered flip-flop clocked by core_clk)
Endpoint: _312550_ (rising edge-triggered flip-flop clocked by core_clk)
Path Group: reg2reg
Path Type: max

Fanout     Cap    Slew   Delay    Time   Description
-----------------------------------------------------------------------------
                  0.00    0.00    0.00   clock core_clk (rise edge)
                          0.00    0.00   clock network delay (ideal)
                  0.00    0.00    0.00 ^ _308209_/CLK (DFFHQNx3_ASAP7_75t_R)
     2    7.64   32.91   52.37   52.37 ^ _308209_/QN (DFFHQNx3_ASAP7_75t_R)
                                         u_lsu._004001_[1] (net)
                 34.45    3.75   56.12 ^ wire4778/A (BUFx16f_ASAP7_75t_R)
    36   47.98   26.61   22.04   78.16 ^ wire4778/Y (BUFx16f_ASAP7_75t_R)
                                         net4336 (net)
                 73.97   22.30  100.45 ^ wire4776/A (BUFx16f_ASAP7_75t_R)
    45   51.43   32.09   30.78  131.23 ^ wire4776/Y (BUFx16f_ASAP7_75t_R)
                                         net4334 (net)
                 40.95    8.18  139.41 ^ wire4775/A (BUFx16f_ASAP7_75t_R)
    37   45.64   22.93   23.95  163.37 ^ wire4775/Y (BUFx16f_ASAP7_75t_R)
                                         net4333 (net)
                 82.28   25.14  188.51 ^ load_slew4774/A (BUFx16f_ASAP7_75t_R)
    42   51.91   32.63   36.06  224.57 ^ load_slew4774/Y (BUFx16f_ASAP7_75t_R)
                                         net4332 (net)
                 37.13    6.36  230.93 ^ _153629_/B (AND2x2_ASAP7_75t_R)
    52   56.80  192.34   81.20  312.13 ^ _153629_/Y (AND2x2_ASAP7_75t_R)
                                         _098594_ (net)
                221.94   39.26  351.39 ^ _153630_/B (NAND2x1_ASAP7_75t_R)
    18   24.79  162.16  105.61  457.00 v _153630_/Y (NAND2x1_ASAP7_75t_R)
                                         _098595_ (net)
                162.39    3.59  460.60 v _153631_/B (OA21x2_ASAP7_75t_R)
    19   20.94   63.76   58.55  519.15 v _153631_/Y (OA21x2_ASAP7_75t_R)
                                         _098596_ (net)
                 66.18    6.79  525.94 v _153633_/C (AND3x1_ASAP7_75t_R)
    34   31.59  170.36   92.92  618.86 v _153633_/Y (AND3x1_ASAP7_75t_R)
                                         _098598_ (net)
                171.22    6.95  625.82 v _154870_/C1 (AO222x2_ASAP7_75t_R)
     5    5.73   25.58   69.80  695.62 v _154870_/Y (AO222x2_ASAP7_75t_R)
                                         _099835_ (net)
                 25.66    0.75  696.37 v _154873_/B (OR3x2_ASAP7_75t_R)
     8   13.61   44.01   44.84  741.21 v _154873_/Y (OR3x2_ASAP7_75t_R)
                                         _099838_ (net)
                 44.83    3.34  744.55 v _154878_/C (OR5x1_ASAP7_75t_R)
     3    5.05   36.20   50.35  794.90 v _154878_/Y (OR5x1_ASAP7_75t_R)
                                         _099843_ (net)
                 36.43    1.63  796.53 v _154879_/D (OR4x1_ASAP7_75t_R)
    31   35.95  198.30  109.89  906.41 v _154879_/Y (OR4x1_ASAP7_75t_R)
                                         _099844_ (net)
                199.03    7.11  913.53 v _155829_/C (OR4x1_ASAP7_75t_R)
     2    1.58   17.29   50.80  964.33 v _155829_/Y (OR4x1_ASAP7_75t_R)
                                         _100794_ (net)
                 17.29    0.05  964.38 v _155944_/B2 (AO221x1_ASAP7_75t_R)
     1    0.93   10.25   23.66  988.04 v _155944_/Y (AO221x1_ASAP7_75t_R)
                                         _100909_ (net)
                 10.26    0.07  988.11 v _155949_/A (OR5x1_ASAP7_75t_R)
    11    8.40   52.29   48.67 1036.79 v _155949_/Y (OR5x1_ASAP7_75t_R)
                                         _100914_ (net)
                 52.45    1.67 1038.45 v _156013_/A (AND2x2_ASAP7_75t_R)
     2    2.69   11.60   29.47 1067.92 v _156013_/Y (AND2x2_ASAP7_75t_R)
                                         _100978_ (net)
                 11.60    0.06 1067.98 v _156016_/A (NAND3x1_ASAP7_75t_R)
    12   17.72  125.57   49.12 1117.11 ^ _156016_/Y (NAND3x1_ASAP7_75t_R)
                                         _100981_ (net)
                125.69    2.34 1119.45 ^ _156112_/A1 (AOI221x1_ASAP7_75t_R)
     1    0.74   37.97   33.83 1153.28 v _156112_/Y (AOI221x1_ASAP7_75t_R)
                                         _101077_ (net)
                 37.97    0.03 1153.31 v _156115_/A2 (OA21x2_ASAP7_75t_R)
     1    1.29    8.55   25.20 1178.52 v _156115_/Y (OA21x2_ASAP7_75t_R)
                                         _101080_ (net)
                  8.57    0.14 1178.66 v _156116_/A (OR3x1_ASAP7_75t_R)
     2    1.24   11.15   20.71 1199.37 v _156116_/Y (OR3x1_ASAP7_75t_R)
                                         _101081_ (net)
                 11.15    0.03 1199.41 v _156123_/A3 (AO33x2_ASAP7_75t_R)
     5    4.63   20.04   37.79 1237.20 v _156123_/Y (AO33x2_ASAP7_75t_R)
                                         _101088_ (net)
                 20.08    0.49 1237.68 v _156140_/A (NAND2x1_ASAP7_75t_R)
    12   10.73   71.67   39.40 1277.08 ^ _156140_/Y (NAND2x1_ASAP7_75t_R)
                                         _101105_ (net)
                 71.69    0.57 1277.64 ^ _156253_/B2 (AO221x1_ASAP7_75t_R)
    33   33.93  220.11  109.42 1387.06 ^ _156253_/Y (AO221x1_ASAP7_75t_R)
                                         _101218_ (net)
                221.80   11.09 1398.15 ^ _156308_/A (NAND2x2_ASAP7_75t_R)
    15   23.19   88.63   52.30 1450.45 v _156308_/Y (NAND2x2_ASAP7_75t_R)
                                         _101273_ (net)
                 89.20    4.01 1454.45 v _156311_/A2 (AO21x2_ASAP7_75t_R)
     6    6.79   23.71   41.55 1496.00 v _156311_/Y (AO21x2_ASAP7_75t_R)
                                         _101276_ (net)
                 23.82    0.91 1496.91 v _156314_/A1 (OA21x2_ASAP7_75t_R)
     2    1.55    8.56   21.09 1518.01 v _156314_/Y (OA21x2_ASAP7_75t_R)
                                         _101279_ (net)
                  8.56    0.03 1518.04 v _156388_/C (AO221x1_ASAP7_75t_R)
     2    2.31   16.98   26.85 1544.89 v _156388_/Y (AO221x1_ASAP7_75t_R)
                                         _101353_ (net)
                 16.99    0.14 1545.02 v _156389_/A2 (OA21x2_ASAP7_75t_R)
     3    2.36   10.59   21.89 1566.91 v _156389_/Y (OA21x2_ASAP7_75t_R)
                                         _101354_ (net)
                 10.60    0.12 1567.04 v _156393_/A1 (AOI22x1_ASAP7_75t_R)
     6    5.85   43.88   23.66 1590.69 ^ _156393_/Y (AOI22x1_ASAP7_75t_R)
                                         _101358_ (net)
                 43.88    0.18 1590.87 ^ _156410_/B (NAND2x1_ASAP7_75t_R)
    21   21.91  115.77   53.20 1644.08 v _156410_/Y (NAND2x1_ASAP7_75t_R)
                                         _101375_ (net)
                115.77    0.31 1644.39 v _156421_/A3 (AO33x2_ASAP7_75t_R)
    13   14.41   47.89   70.35 1714.74 v _156421_/Y (AO33x2_ASAP7_75t_R)
                                         _101386_ (net)
                 48.17    2.13 1716.87 v _156522_/B (XNOR2x2_ASAP7_75t_R)
     1    0.67    7.80   27.83 1744.70 ^ _156522_/Y (XNOR2x2_ASAP7_75t_R)
                                         _101487_ (net)
                  7.80    0.02 1744.73 ^ _156526_/B (AND4x1_ASAP7_75t_R)
     2    1.70   16.41   24.58 1769.30 ^ _156526_/Y (AND4x1_ASAP7_75t_R)
                                         _101491_ (net)
                 16.41    0.07 1769.37 ^ _156550_/A2 (AO21x1_ASAP7_75t_R)
     2    1.82   14.42   18.48 1787.85 ^ _156550_/Y (AO21x1_ASAP7_75t_R)
                                         _101515_ (net)
                 14.42    0.15 1788.00 ^ _156551_/B (AO21x1_ASAP7_75t_R)
     3    2.85   21.03   18.65 1806.65 ^ _156551_/Y (AO21x1_ASAP7_75t_R)
                                         _101516_ (net)
                 21.03    0.05 1806.70 ^ _156552_/C (OA211x2_ASAP7_75t_R)
    52   49.15  164.45   80.69 1887.39 ^ _156552_/Y (OA211x2_ASAP7_75t_R)
                                         _101517_ (net)
                171.65   18.60 1905.99 ^ _156555_/A (INVx1_ASAP7_75t_R)
     6    9.59   92.12   61.00 1967.00 v _156555_/Y (INVx1_ASAP7_75t_R)
                                         _101520_ (net)
                 92.81    4.54 1971.54 v _156568_/A1 (OAI21x1_ASAP7_75t_R)
     2    1.82   31.83   26.99 1998.53 ^ _156568_/Y (OAI21x1_ASAP7_75t_R)
                                         _101533_ (net)
                 31.83    0.14 1998.67 ^ _156616_/A2 (AOI221x1_ASAP7_75t_R)
     5    4.32   51.63   32.32 2030.99 v _156616_/Y (AOI221x1_ASAP7_75t_R)
                                         _101581_ (net)
                 51.65    0.50 2031.49 v _156806_/B (OA211x2_ASAP7_75t_R)
     5    4.72   20.53   46.32 2077.81 v _156806_/Y (OA211x2_ASAP7_75t_R)
                                         _101771_ (net)
                 20.55    0.28 2078.08 v _156807_/B (NAND2x1_ASAP7_75t_R)
     2    1.30   14.13   12.38 2090.46 ^ _156807_/Y (NAND2x1_ASAP7_75t_R)
                                         _101772_ (net)
                 14.13    0.03 2090.50 ^ _156882_/A3 (AO32x1_ASAP7_75t_R)
    21   20.50  133.44   69.79 2160.29 ^ _156882_/Y (AO32x1_ASAP7_75t_R)
                                         _101847_ (net)
                133.65    3.08 2163.37 ^ _156995_/B (OR2x2_ASAP7_75t_R)
     1    0.51    8.96   29.39 2192.76 ^ _156995_/Y (OR2x2_ASAP7_75t_R)
                                         _101960_ (net)
                  8.96    0.02 2192.78 ^ _157002_/A2 (AO32x1_ASAP7_75t_R)
     5    8.46   57.08   38.84 2231.62 ^ _157002_/Y (AO32x1_ASAP7_75t_R)
                                         _101967_ (net)
                 57.35    2.24 2233.86 ^ _157004_/B (XNOR2x2_ASAP7_75t_R)
     2    2.76   13.93   32.15 2266.01 ^ _157004_/Y (XNOR2x2_ASAP7_75t_R)
                                         _101969_ (net)
                 13.98    0.43 2266.44 ^ _157005_/C (NOR3x1_ASAP7_75t_R)
     1    1.14   15.00   13.24 2279.68 v _157005_/Y (NOR3x1_ASAP7_75t_R)
                                         _101970_ (net)
                 15.00    0.06 2279.73 v _157006_/E (AND5x2_ASAP7_75t_R)
     7    7.43   23.82   31.87 2311.60 v _157006_/Y (AND5x2_ASAP7_75t_R)
                                         _101971_ (net)
                 23.82    0.37 2311.97 v _157078_/C (OR3x1_ASAP7_75t_R)
     3    2.33   17.07   28.00 2339.97 v _157078_/Y (OR3x1_ASAP7_75t_R)
                                         _102043_ (net)
                 17.07    0.07 2340.03 v _157141_/B3 (OA33x2_ASAP7_75t_R)
    29   27.29   84.96   58.73 2398.76 v _157141_/Y (OA33x2_ASAP7_75t_R)
                                         _102106_ (net)
                 85.02    1.53 2400.29 v _157144_/B (OR2x2_ASAP7_75t_R)
     1    0.69    8.74   30.89 2431.18 v _157144_/Y (OR2x2_ASAP7_75t_R)
                                         _102109_ (net)
                  8.74    0.03 2431.21 v _157145_/A2 (AO21x1_ASAP7_75t_R)
     5    4.25   25.89   23.46 2454.66 v _157145_/Y (AO21x1_ASAP7_75t_R)
                                         _102110_ (net)
                 25.91    0.51 2455.18 v _157196_/A2 (AO32x1_ASAP7_75t_R)
     1    0.53    8.24   24.22 2479.39 v _157196_/Y (AO32x1_ASAP7_75t_R)
                                         _102161_ (net)
                  8.24    0.02 2479.41 v _157198_/B1 (AO22x1_ASAP7_75t_R)
     3    3.45   22.15   26.37 2505.78 v _157198_/Y (AO22x1_ASAP7_75t_R)
                                         _102163_ (net)
                 22.18    0.44 2506.22 v _157222_/A2 (AO21x1_ASAP7_75t_R)
     3    2.13   14.36   21.87 2528.09 v _157222_/Y (AO21x1_ASAP7_75t_R)
                                         _102187_ (net)
                 14.37    0.09 2528.18 v _157223_/C (OR3x1_ASAP7_75t_R)
     4    3.49   22.61   29.69 2557.87 v _157223_/Y (OR3x1_ASAP7_75t_R)
                                         _102188_ (net)
                 22.61    0.14 2558.01 v _157312_/A2 (AO21x1_ASAP7_75t_R)
    11   10.68   58.48   41.83 2599.84 v _157312_/Y (AO21x1_ASAP7_75t_R)
                                         _102277_ (net)
                 58.51    0.74 2600.58 v _157343_/B (NAND2x1_ASAP7_75t_R)
    11   12.98   89.14   56.44 2657.02 ^ _157343_/Y (NAND2x1_ASAP7_75t_R)
                                         _102308_ (net)
                 89.16    0.86 2657.88 ^ _157440_/A1 (AOI221x1_ASAP7_75t_R)
     3    2.38   47.64   40.04 2697.92 v _157440_/Y (AOI221x1_ASAP7_75t_R)
                                         _102405_ (net)
                 47.64    0.20 2698.12 v _157456_/B2 (OA222x2_ASAP7_75t_R)
     1    1.13    9.59   29.71 2727.83 v _157456_/Y (OA222x2_ASAP7_75t_R)
                                         _102421_ (net)
                  9.59    0.05 2727.88 v _157459_/C (AND5x2_ASAP7_75t_R)
     3    2.71   11.32   21.86 2749.73 v _157459_/Y (AND5x2_ASAP7_75t_R)
                                         _102424_ (net)
                 11.32    0.12 2749.85 v _157472_/A1 (OA31x2_ASAP7_75t_R)
     3    2.78   13.37   20.55 2770.40 v _157472_/Y (OA31x2_ASAP7_75t_R)
                                         _102437_ (net)
                 13.42    0.41 2770.81 v _157475_/B (OR4x2_ASAP7_75t_R)
     6    7.08   28.37   41.43 2812.24 v _157475_/Y (OR4x2_ASAP7_75t_R)
                                         _102440_ (net)
                 28.73    1.77 2814.01 v _157543_/A (AND2x4_ASAP7_75t_R)
     7    9.97   18.41   25.68 2839.69 v _157543_/Y (AND2x4_ASAP7_75t_R)
                                         _102508_ (net)
                 19.55    2.44 2842.13 v _157562_/A2 (AO33x2_ASAP7_75t_R)
    11   10.53   37.59   44.99 2887.12 v _157562_/Y (AO33x2_ASAP7_75t_R)
                                         _102527_ (net)
                 38.05    2.36 2889.48 v _157635_/B (XNOR2x2_ASAP7_75t_R)
     1    0.62    7.33   26.35 2915.82 ^ _157635_/Y (XNOR2x2_ASAP7_75t_R)
                                         _102600_ (net)
                  7.33    0.02 2915.85 ^ _157636_/E (AND5x1_ASAP7_75t_R)
     1    0.85   12.95   29.98 2945.83 ^ _157636_/Y (AND5x1_ASAP7_75t_R)
                                         _102601_ (net)
                 12.95    0.06 2945.88 ^ _157637_/E (AND5x1_ASAP7_75t_R)
     2    2.65   23.35   35.48 2981.36 ^ _157637_/Y (AND5x1_ASAP7_75t_R)
                                         _102602_ (net)
                 23.37    0.41 2981.77 ^ _157639_/A2 (AO21x1_ASAP7_75t_R)
     3    2.11   16.20   20.62 3002.39 ^ _157639_/Y (AO21x1_ASAP7_75t_R)
                                         _102604_ (net)
                 16.20    0.04 3002.43 ^ _157640_/C (OR3x2_ASAP7_75t_R)
    13   11.78   40.37   29.31 3031.73 ^ _157640_/Y (OR3x2_ASAP7_75t_R)
                                         _102605_ (net)
                 40.53    1.50 3033.23 ^ _157732_/A (NAND2x1_ASAP7_75t_R)
    15   15.39   82.65   41.29 3074.52 v _157732_/Y (NAND2x1_ASAP7_75t_R)
                                         _102697_ (net)
                 82.70    1.18 3075.70 v _157764_/A1 (AO21x1_ASAP7_75t_R)
     1    1.38   11.91   31.35 3107.05 v _157764_/Y (AO21x1_ASAP7_75t_R)
                                         _102729_ (net)
                 11.91    0.05 3107.10 v _157767_/A2 (AOI22x1_ASAP7_75t_R)
     8    8.43   76.59   29.62 3136.72 ^ _157767_/Y (AOI22x1_ASAP7_75t_R)
                                         _102732_ (net)
                 76.61    0.71 3137.42 ^ _157790_/A2 (OA21x2_ASAP7_75t_R)
     1    1.05    9.19   26.85 3164.28 ^ _157790_/Y (OA21x2_ASAP7_75t_R)
                                         _102755_ (net)
                  9.19    0.04 3164.32 ^ _157827_/A2 (AOI211x1_ASAP7_75t_R)
     3    2.73   33.70   20.94 3185.25 v _157827_/Y (AOI211x1_ASAP7_75t_R)
                                         _102792_ (net)
                 33.71    0.24 3185.49 v _157903_/A1 (OA21x2_ASAP7_75t_R)
     4    3.62   14.26   26.15 3211.64 v _157903_/Y (OA21x2_ASAP7_75t_R)
                                         _102868_ (net)
                 14.26    0.11 3211.75 v _157921_/C (AO221x1_ASAP7_75t_R)
    29   28.47  152.76   88.91 3300.66 v _157921_/Y (AO221x1_ASAP7_75t_R)
                                         _102886_ (net)
                152.79    1.30 3301.96 v _157922_/C (AO221x1_ASAP7_75t_R)
     1    0.51   10.47   40.96 3342.92 v _157922_/Y (AO221x1_ASAP7_75t_R)
                                         _102887_ (net)
                 10.47    0.01 3342.94 v _157925_/B1 (AO32x2_ASAP7_75t_R)
     2    1.52   10.63   27.13 3370.06 v _157925_/Y (AO32x2_ASAP7_75t_R)
                                         _102890_ (net)
                 10.63    0.08 3370.15 v _157949_/A2 (OA211x2_ASAP7_75t_R)
     1    0.71    9.28   22.34 3392.49 v _157949_/Y (OA211x2_ASAP7_75t_R)
                                         _102914_ (net)
                  9.28    0.03 3392.52 v _157967_/B1 (AO222x2_ASAP7_75t_R)
     2    2.08   13.44   31.75 3424.27 v _157967_/Y (AO222x2_ASAP7_75t_R)
                                         _102932_ (net)
                 13.45    0.22 3424.49 v _158020_/A1 (AO221x1_ASAP7_75t_R)
     7    6.18   36.38   36.92 3461.41 v _158020_/Y (AO221x1_ASAP7_75t_R)
                                         _102985_ (net)
                 36.39    0.41 3461.82 v _158084_/A1 (AO211x2_ASAP7_75t_R)
     7    5.73   19.22   27.74 3489.56 v _158084_/Y (AO211x2_ASAP7_75t_R)
                                         _103049_ (net)
                 19.27    0.54 3490.11 v _158094_/A (AND2x2_ASAP7_75t_R)
    25   28.02   81.39   45.92 3536.03 v _158094_/Y (AND2x2_ASAP7_75t_R)
                                         _103059_ (net)
                 81.51    2.03 3538.06 v _158173_/A (OR3x2_ASAP7_75t_R)
     2    1.11   10.99   39.80 3577.86 v _158173_/Y (OR3x2_ASAP7_75t_R)
                                         _103138_ (net)
                 10.99    0.04 3577.90 v _158271_/A2 (AO221x1_ASAP7_75t_R)
     1    0.86    9.73   22.78 3600.69 v _158271_/Y (AO221x1_ASAP7_75t_R)
                                         _103236_ (net)
                  9.73    0.06 3600.74 v _158272_/E (OR5x1_ASAP7_75t_R)
     1    0.84   11.78   32.81 3633.55 v _158272_/Y (OR5x1_ASAP7_75t_R)
                                         _103237_ (net)
                 11.78    0.05 3633.61 v _158273_/E (OR5x1_ASAP7_75t_R)
     3    4.48   32.14   45.37 3678.98 v _158273_/Y (OR5x1_ASAP7_75t_R)
                                         _103238_ (net)
                 32.16    0.48 3679.46 v _158274_/B (NAND2x2_ASAP7_75t_R)
     5    4.21   21.66   17.78 3697.23 ^ _158274_/Y (NAND2x2_ASAP7_75t_R)
                                         _103239_ (net)
                 21.68    0.42 3697.66 ^ _158287_/A2 (OAI21x1_ASAP7_75t_R)
    21   26.11  129.04   57.25 3754.91 v _158287_/Y (OAI21x1_ASAP7_75t_R)
                                         _103252_ (net)
                129.34    3.62 3758.53 v _158298_/A (AND2x2_ASAP7_75t_R)
     2    5.80   21.46   45.58 3804.11 v _158298_/Y (AND2x2_ASAP7_75t_R)
                                         _103263_ (net)
                 21.46    0.09 3804.21 v _158304_/A2 (OA211x2_ASAP7_75t_R)
     5    7.86   29.61   35.77 3839.98 v _158304_/Y (OA211x2_ASAP7_75t_R)
                                         _103269_ (net)
                 30.74    3.14 3843.12 v _158330_/B (XNOR2x2_ASAP7_75t_R)
     3    2.50   12.19   25.55 3868.66 v _158330_/Y (XNOR2x2_ASAP7_75t_R)
                                         _103295_ (net)
                 12.19    0.11 3868.77 v _158388_/B (OR5x1_ASAP7_75t_R)
     1    0.79   11.51   29.34 3898.11 v _158388_/Y (OR5x1_ASAP7_75t_R)
                                         _103353_ (net)
                 11.51    0.05 3898.16 v _158399_/A3 (AO33x2_ASAP7_75t_R)
     7    7.93   28.37   42.51 3940.68 v _158399_/Y (AO33x2_ASAP7_75t_R)
                                         _103364_ (net)
                 28.44    0.80 3941.47 v _158436_/A (AND2x2_ASAP7_75t_R)
     3    2.60   10.58   23.85 3965.33 v _158436_/Y (AND2x2_ASAP7_75t_R)
                                         _103401_ (net)
                 10.59    0.06 3965.39 v _158437_/C (OR3x1_ASAP7_75t_R)
    27   26.72  146.89   79.27 4044.66 v _158437_/Y (OR3x1_ASAP7_75t_R)
                                         _103402_ (net)
                147.93    7.13 4051.79 v _158474_/B (AND2x2_ASAP7_75t_R)
    21   22.13   67.93   59.58 4111.37 v _158474_/Y (AND2x2_ASAP7_75t_R)
                                         _103439_ (net)
                 67.97    1.14 4112.52 v _158476_/A2 (AOI22x1_ASAP7_75t_R)
     4    4.33   44.06   33.99 4146.51 ^ _158476_/Y (AOI22x1_ASAP7_75t_R)
                                         _103441_ (net)
                 44.08    0.54 4147.05 ^ _158477_/B (AND2x2_ASAP7_75t_R)
     1    0.93    7.79   21.77 4168.82 ^ _158477_/Y (AND2x2_ASAP7_75t_R)
                                         _103442_ (net)
                  7.79    0.03 4168.84 ^ _158496_/B2 (AOI221x1_ASAP7_75t_R)
     1    1.89   34.35   15.43 4184.27 v _158496_/Y (AOI221x1_ASAP7_75t_R)
                                         _103461_ (net)
                 34.36    0.26 4184.54 v _158497_/C (MAJx2_ASAP7_75t_R)
     6    5.25   20.04   32.01 4216.55 v _158497_/Y (MAJx2_ASAP7_75t_R)
                                         _103462_ (net)
                 20.06    0.33 4216.88 v _158571_/A1 (AO21x1_ASAP7_75t_R)
     3    2.75   17.75   24.20 4241.08 v _158571_/Y (AO21x1_ASAP7_75t_R)
                                         _103536_ (net)
                 17.76    0.16 4241.24 v _158629_/B2 (AO221x2_ASAP7_75t_R)
    15   16.31   51.62   47.44 4288.68 v _158629_/Y (AO221x2_ASAP7_75t_R)
                                         _103594_ (net)
                 51.65    0.72 4289.41 v _158672_/A (NAND2x1_ASAP7_75t_R)
    23   22.52  151.91   77.34 4366.75 ^ _158672_/Y (NAND2x1_ASAP7_75t_R)
                                         _103637_ (net)
                151.92    0.62 4367.37 ^ _158689_/B (AND2x2_ASAP7_75t_R)
     1    0.76   10.24   30.39 4397.75 ^ _158689_/Y (AND2x2_ASAP7_75t_R)
                                         _103654_ (net)
                 10.24    0.03 4397.79 ^ _158690_/A2 (OA21x2_ASAP7_75t_R)
     5    4.88   20.91   21.95 4419.74 ^ _158690_/Y (OA21x2_ASAP7_75t_R)
                                         _103655_ (net)
                 20.96    0.56 4420.30 ^ _158691_/B (OR2x2_ASAP7_75t_R)
     2    1.76   10.04   18.51 4438.81 ^ _158691_/Y (OR2x2_ASAP7_75t_R)
                                         _103656_ (net)
                 10.04    0.04 4438.85 ^ _158702_/B (AND3x1_ASAP7_75t_R)
     2    2.10   17.26   22.32 4461.17 ^ _158702_/Y (AND3x1_ASAP7_75t_R)
                                         _103667_ (net)
                 17.26    0.06 4461.23 ^ _158720_/B (OA21x2_ASAP7_75t_R)
     3    3.20   14.04   21.38 4482.61 ^ _158720_/Y (OA21x2_ASAP7_75t_R)
                                         _103685_ (net)
                 14.06    0.25 4482.86 ^ _158743_/A1 (OA31x2_ASAP7_75t_R)
     2    1.45    9.89   23.58 4506.44 ^ _158743_/Y (OA31x2_ASAP7_75t_R)
                                         _103708_ (net)
                  9.89    0.06 4506.50 ^ _158761_/A (OR4x1_ASAP7_75t_R)
     2    1.81   13.62   14.52 4521.02 ^ _158761_/Y (OR4x1_ASAP7_75t_R)
                                         _103726_ (net)
                 13.62    0.08 4521.11 ^ _158764_/D (AND5x2_ASAP7_75t_R)
     4   13.93   52.21   47.26 4568.36 ^ _158764_/Y (AND5x2_ASAP7_75t_R)
                                         _103729_ (net)
                 58.75    9.58 4577.95 ^ _159054_/A1 (OA21x2_ASAP7_75t_R)
     7   30.38   99.85   44.18 4622.13 ^ _159054_/Y (OA21x2_ASAP7_75t_R)
                                         _104019_ (net)
                223.76   66.42 4688.55 ^ _159120_/A1 (OA21x2_ASAP7_75t_R)
    36   44.64  155.45   63.17 4751.72 ^ _159120_/Y (OA21x2_ASAP7_75t_R)
                                         _104085_ (net)
                156.12    5.22 4756.94 ^ _159154_/A2 (AO221x1_ASAP7_75t_R)
     3    5.35   39.46   51.27 4808.21 ^ _159154_/Y (AO221x1_ASAP7_75t_R)
                                         _104119_ (net)
                 39.93    2.40 4810.60 ^ _159901_/B (AND2x2_ASAP7_75t_R)
    41   65.94  222.36   96.13 4906.73 ^ _159901_/Y (AND2x2_ASAP7_75t_R)
                                         _104858_ (net)
                232.78   26.03 4932.76 ^ _159903_/A (NOR2x1_ASAP7_75t_R)
     8   28.47  210.89  122.31 5055.07 v _159903_/Y (NOR2x1_ASAP7_75t_R)
                                         _104860_ (net)
                228.90   32.66 5087.73 v _163131_/B (NAND2x2_ASAP7_75t_R)
    15   27.06  142.71   96.53 5184.25 ^ _163131_/Y (NAND2x2_ASAP7_75t_R)
                                         _107988_ (net)
                142.71    0.41 5184.66 ^ load_slew954/A (BUFx16f_ASAP7_75t_R)
    25   35.13   27.07   35.97 5220.63 ^ load_slew954/Y (BUFx16f_ASAP7_75t_R)
                                         net512 (net)
                 34.87    7.25 5227.88 ^ load_slew952/A (BUFx16f_ASAP7_75t_R)
    23   33.36   16.26   21.61 5249.49 ^ load_slew952/Y (BUFx16f_ASAP7_75t_R)
                                         net510 (net)
                 76.17   23.72 5273.21 ^ _164753_/A (OR2x2_ASAP7_75t_R)
    33   79.89  270.80  111.59 5384.80 ^ _164753_/Y (OR2x2_ASAP7_75t_R)
                                         _109546_ (net)
                300.27   46.82 5431.62 ^ _201241_/B (NAND2x1_ASAP7_75t_R)
     1    0.74   37.15   10.39 5442.00 v _201241_/Y (NAND2x1_ASAP7_75t_R)
                                         _141303_ (net)
                 37.15    0.03 5442.04 v _201242_/A2 (AO21x1_ASAP7_75t_R)
     1    0.48    9.23   19.91 5461.94 v _201242_/Y (AO21x1_ASAP7_75t_R)
                                         _141304_ (net)
                  9.23    0.02 5461.96 v _201243_/B (OA211x2_ASAP7_75t_R)
     1    0.67   13.05   25.37 5487.33 v _201243_/Y (OA211x2_ASAP7_75t_R)
                                         _141305_ (net)
                 13.05    0.02 5487.35 v _201244_/B (AO21x1_ASAP7_75t_R)
     1    0.60   10.16   16.36 5503.71 v _201244_/Y (AO21x1_ASAP7_75t_R)
                                         _141306_ (net)
                 10.16    0.02 5503.72 v _201245_/B (AND2x2_ASAP7_75t_R)
     1    0.63    7.74   14.36 5518.09 v _201245_/Y (AND2x2_ASAP7_75t_R)
                                         u_int_prf._00050_[26] (net)
                  7.74    0.02 5518.11 v _312550_/D (DFFHQNx1_ASAP7_75t_R)
                               5518.11   data arrival time

                  0.00 5000.00 5000.00   clock core_clk (rise edge)
                          0.00 5000.00   clock network delay (ideal)
                        -50.00 4950.00   clock uncertainty
                          0.00 4950.00   clock reconvergence pessimism
                               4950.00 ^ _312550_/CLK (DFFHQNx1_ASAP7_75t_R)
                         -8.63 4941.37   library setup time
                               4941.37   data required time
-----------------------------------------------------------------------------
                               4941.37   data required time
                               -5518.11   data arrival time
-----------------------------------------------------------------------------
                               -576.74   slack (VIOLATED)



==========================================================================
resizer report_check_types -max_slew -max_cap -max_fanout -violators
--------------------------------------------------------------------------
max slew

Pin                                    Limit    Slew   Slack
------------------------------------------------------------
_202394_/C                            320.00  327.38   -7.38 (VIOLATED)
_202499_/C                            320.00  327.37   -7.37 (VIOLATED)
_202430_/C                            320.00  327.33   -7.33 (VIOLATED)
_202476_/C                            320.00  327.25   -7.25 (VIOLATED)
_202362_/C                            320.00  327.06   -7.06 (VIOLATED)
_202511_/C                            320.00  326.93   -6.93 (VIOLATED)
_202457_/C                            320.00  326.80   -6.80 (VIOLATED)
_202482_/C                            320.00  326.64   -6.64 (VIOLATED)
_202374_/C                            320.00  326.51   -6.51 (VIOLATED)
_202518_/C                            320.00  326.48   -6.48 (VIOLATED)
_202442_/C                            320.00  326.25   -6.25 (VIOLATED)
_202388_/C                            320.00  326.16   -6.16 (VIOLATED)
_202470_/C                            320.00  326.14   -6.14 (VIOLATED)
_202555_/C                            320.00  325.94   -5.94 (VIOLATED)
_202413_/C                            320.00  325.85   -5.85 (VIOLATED)
_202543_/C                            320.00  325.84   -5.84 (VIOLATED)
_202407_/C                            320.00  325.64   -5.64 (VIOLATED)
_202525_/C                            320.00  325.46   -5.46 (VIOLATED)
_202537_/C                            320.00  325.43   -5.43 (VIOLATED)
_202381_/C                            320.00  325.41   -5.41 (VIOLATED)
_202368_/C                            320.00  325.41   -5.41 (VIOLATED)
_202505_/C                            320.00  325.28   -5.28 (VIOLATED)
_202436_/C                            320.00  325.08   -5.08 (VIOLATED)
_202561_/C                            320.00  324.83   -4.83 (VIOLATED)
_202463_/C                            320.00  324.48   -4.48 (VIOLATED)
_202490_/C                            320.00  324.47   -4.47 (VIOLATED)
_202450_/C                            320.00  324.29   -4.29 (VIOLATED)
_202531_/C                            320.00  324.06   -4.06 (VIOLATED)
_202401_/C                            320.00  323.93   -3.93 (VIOLATED)
_202421_/C                            320.00  323.93   -3.93 (VIOLATED)
_202549_/C                            320.00  323.93   -3.93 (VIOLATED)
_202567_/C                            320.00  323.92   -3.92 (VIOLATED)
_202360_/Y                            320.00  323.91   -3.91 (VIOLATED)


==========================================================================
resizer max_slew_check_slack
--------------------------------------------------------------------------
-7.380041122436523

==========================================================================
resizer max_slew_check_limit
--------------------------------------------------------------------------
320.0

==========================================================================
resizer max_slew_check_slack_limit
--------------------------------------------------------------------------
-0.0231

==========================================================================
resizer max_fanout_check_slack
--------------------------------------------------------------------------
1.0000000150474662e+30

==========================================================================
resizer max_fanout_check_limit
--------------------------------------------------------------------------
1.0000000150474662e+30

==========================================================================
resizer max_capacitance_check_slack
--------------------------------------------------------------------------
0.11877434700727463

==========================================================================
resizer max_capacitance_check_limit
--------------------------------------------------------------------------
23.040000915527344

==========================================================================
resizer max_capacitance_check_slack_limit
--------------------------------------------------------------------------
0.0052

==========================================================================
resizer max_slew_violation_count
--------------------------------------------------------------------------
max slew violation count 33

==========================================================================
resizer max_fanout_violation_count
--------------------------------------------------------------------------
max fanout violation count 0

==========================================================================
resizer max_cap_violation_count
--------------------------------------------------------------------------
max cap violation count 0

==========================================================================
resizer setup_violation_count
--------------------------------------------------------------------------
setup violation count 7937

==========================================================================
resizer hold_violation_count
--------------------------------------------------------------------------
hold violation count 0

==========================================================================
resizer report_checks -path_delay max reg to reg
--------------------------------------------------------------------------
Startpoint: _308209_ (rising edge-triggered flip-flop clocked by core_clk)
Endpoint: _312550_ (rising edge-triggered flip-flop clocked by core_clk)
Path Group: reg2reg
Path Type: max

  Delay    Time   Description
---------------------------------------------------------
   0.00    0.00   clock core_clk (rise edge)
   0.00    0.00   clock network delay (ideal)
   0.00    0.00 ^ _308209_/CLK (DFFHQNx3_ASAP7_75t_R)
  52.37   52.37 ^ _308209_/QN (DFFHQNx3_ASAP7_75t_R)
  25.79   78.16 ^ wire4778/Y (BUFx16f_ASAP7_75t_R)
  53.07  131.23 ^ wire4776/Y (BUFx16f_ASAP7_75t_R)
  32.14  163.37 ^ wire4775/Y (BUFx16f_ASAP7_75t_R)
  61.20  224.57 ^ load_slew4774/Y (BUFx16f_ASAP7_75t_R)
  87.56  312.13 ^ _153629_/Y (AND2x2_ASAP7_75t_R)
 144.87  457.00 v _153630_/Y (NAND2x1_ASAP7_75t_R)
  62.15  519.15 v _153631_/Y (OA21x2_ASAP7_75t_R)
  99.71  618.86 v _153633_/Y (AND3x1_ASAP7_75t_R)
  76.75  695.62 v _154870_/Y (AO222x2_ASAP7_75t_R)
  45.59  741.21 v _154873_/Y (OR3x2_ASAP7_75t_R)
  53.69  794.90 v _154878_/Y (OR5x1_ASAP7_75t_R)
 111.51  906.41 v _154879_/Y (OR4x1_ASAP7_75t_R)
  57.92  964.33 v _155829_/Y (OR4x1_ASAP7_75t_R)
  23.71  988.04 v _155944_/Y (AO221x1_ASAP7_75t_R)
  48.74 1036.79 v _155949_/Y (OR5x1_ASAP7_75t_R)
  31.14 1067.92 v _156013_/Y (AND2x2_ASAP7_75t_R)
  49.18 1117.11 ^ _156016_/Y (NAND3x1_ASAP7_75t_R)
  36.18 1153.28 v _156112_/Y (AOI221x1_ASAP7_75t_R)
  25.23 1178.52 v _156115_/Y (OA21x2_ASAP7_75t_R)
  20.86 1199.37 v _156116_/Y (OR3x1_ASAP7_75t_R)
  37.82 1237.20 v _156123_/Y (AO33x2_ASAP7_75t_R)
  39.88 1277.08 ^ _156140_/Y (NAND2x1_ASAP7_75t_R)
 109.99 1387.06 ^ _156253_/Y (AO221x1_ASAP7_75t_R)
  63.38 1450.45 v _156308_/Y (NAND2x2_ASAP7_75t_R)
  45.55 1496.00 v _156311_/Y (AO21x2_ASAP7_75t_R)
  22.01 1518.01 v _156314_/Y (OA21x2_ASAP7_75t_R)
  26.88 1544.89 v _156388_/Y (AO221x1_ASAP7_75t_R)
  22.03 1566.91 v _156389_/Y (OA21x2_ASAP7_75t_R)
  23.78 1590.69 ^ _156393_/Y (AOI22x1_ASAP7_75t_R)
  53.39 1644.08 v _156410_/Y (NAND2x1_ASAP7_75t_R)
  70.66 1714.74 v _156421_/Y (AO33x2_ASAP7_75t_R)
  29.96 1744.70 ^ _156522_/Y (XNOR2x2_ASAP7_75t_R)
  24.60 1769.30 ^ _156526_/Y (AND4x1_ASAP7_75t_R)
  18.54 1787.85 ^ _156550_/Y (AO21x1_ASAP7_75t_R)
  18.80 1806.65 ^ _156551_/Y (AO21x1_ASAP7_75t_R)
  80.74 1887.39 ^ _156552_/Y (OA211x2_ASAP7_75t_R)
  79.60 1967.00 v _156555_/Y (INVx1_ASAP7_75t_R)
  31.53 1998.53 ^ _156568_/Y (OAI21x1_ASAP7_75t_R)
  32.46 2030.99 v _156616_/Y (AOI221x1_ASAP7_75t_R)
  46.82 2077.81 v _156806_/Y (OA211x2_ASAP7_75t_R)
  12.65 2090.46 ^ _156807_/Y (NAND2x1_ASAP7_75t_R)
  69.83 2160.29 ^ _156882_/Y (AO32x1_ASAP7_75t_R)
  32.47 2192.76 ^ _156995_/Y (OR2x2_ASAP7_75t_R)
  38.85 2231.62 ^ _157002_/Y (AO32x1_ASAP7_75t_R)
  34.39 2266.01 ^ _157004_/Y (XNOR2x2_ASAP7_75t_R)
  13.67 2279.68 v _157005_/Y (NOR3x1_ASAP7_75t_R)
  31.92 2311.60 v _157006_/Y (AND5x2_ASAP7_75t_R)
  28.37 2339.97 v _157078_/Y (OR3x1_ASAP7_75t_R)
  58.79 2398.76 v _157141_/Y (OA33x2_ASAP7_75t_R)
  32.42 2431.18 v _157144_/Y (OR2x2_ASAP7_75t_R)
  23.48 2454.66 v _157145_/Y (AO21x1_ASAP7_75t_R)
  24.73 2479.39 v _157196_/Y (AO32x1_ASAP7_75t_R)
  26.39 2505.78 v _157198_/Y (AO22x1_ASAP7_75t_R)
  22.31 2528.09 v _157222_/Y (AO21x1_ASAP7_75t_R)
  29.77 2557.87 v _157223_/Y (OR3x1_ASAP7_75t_R)
  41.98 2599.84 v _157312_/Y (AO21x1_ASAP7_75t_R)
  57.18 2657.02 ^ _157343_/Y (NAND2x1_ASAP7_75t_R)
  40.90 2697.92 v _157440_/Y (AOI221x1_ASAP7_75t_R)
  29.91 2727.83 v _157456_/Y (OA222x2_ASAP7_75t_R)
  21.90 2749.73 v _157459_/Y (AND5x2_ASAP7_75t_R)
  20.67 2770.40 v _157472_/Y (OA31x2_ASAP7_75t_R)
  41.84 2812.24 v _157475_/Y (OR4x2_ASAP7_75t_R)
  27.44 2839.69 v _157543_/Y (AND2x4_ASAP7_75t_R)
  47.44 2887.12 v _157562_/Y (AO33x2_ASAP7_75t_R)
  28.70 2915.82 ^ _157635_/Y (XNOR2x2_ASAP7_75t_R)
  30.00 2945.83 ^ _157636_/Y (AND5x1_ASAP7_75t_R)
  35.53 2981.36 ^ _157637_/Y (AND5x1_ASAP7_75t_R)
  21.03 3002.39 ^ _157639_/Y (AO21x1_ASAP7_75t_R)
  29.35 3031.73 ^ _157640_/Y (OR3x2_ASAP7_75t_R)
  42.79 3074.52 v _157732_/Y (NAND2x1_ASAP7_75t_R)
  32.53 3107.05 v _157764_/Y (AO21x1_ASAP7_75t_R)
  29.67 3136.72 ^ _157767_/Y (AOI22x1_ASAP7_75t_R)
  27.56 3164.28 ^ _157790_/Y (OA21x2_ASAP7_75t_R)
  20.98 3185.25 v _157827_/Y (AOI211x1_ASAP7_75t_R)
  26.39 3211.64 v _157903_/Y (OA21x2_ASAP7_75t_R)
  89.02 3300.66 v _157921_/Y (AO221x1_ASAP7_75t_R)
  42.26 3342.92 v _157922_/Y (AO221x1_ASAP7_75t_R)
  27.14 3370.06 v _157925_/Y (AO32x2_ASAP7_75t_R)
  22.42 3392.49 v _157949_/Y (OA211x2_ASAP7_75t_R)
  31.78 3424.27 v _157967_/Y (AO222x2_ASAP7_75t_R)
  37.14 3461.41 v _158020_/Y (AO221x1_ASAP7_75t_R)
  28.15 3489.56 v _158084_/Y (AO211x2_ASAP7_75t_R)
  46.46 3536.03 v _158094_/Y (AND2x2_ASAP7_75t_R)
  41.83 3577.86 v _158173_/Y (OR3x2_ASAP7_75t_R)
  22.83 3600.69 v _158271_/Y (AO221x1_ASAP7_75t_R)
  32.87 3633.55 v _158272_/Y (OR5x1_ASAP7_75t_R)
  45.43 3678.98 v _158273_/Y (OR5x1_ASAP7_75t_R)
  18.26 3697.23 ^ _158274_/Y (NAND2x2_ASAP7_75t_R)
  57.67 3754.91 v _158287_/Y (OAI21x1_ASAP7_75t_R)
  49.21 3804.11 v _158298_/Y (AND2x2_ASAP7_75t_R)
  35.87 3839.98 v _158304_/Y (OA211x2_ASAP7_75t_R)
  28.68 3868.66 v _158330_/Y (XNOR2x2_ASAP7_75t_R)
  29.45 3898.11 v _158388_/Y (OR5x1_ASAP7_75t_R)
  42.56 3940.68 v _158399_/Y (AO33x2_ASAP7_75t_R)
  24.65 3965.33 v _158436_/Y (AND2x2_ASAP7_75t_R)
  79.34 4044.66 v _158437_/Y (OR3x1_ASAP7_75t_R)
  66.71 4111.37 v _158474_/Y (AND2x2_ASAP7_75t_R)
  35.14 4146.51 ^ _158476_/Y (AOI22x1_ASAP7_75t_R)
  22.31 4168.82 ^ _158477_/Y (AND2x2_ASAP7_75t_R)
  15.45 4184.27 v _158496_/Y (AOI221x1_ASAP7_75t_R)
  32.28 4216.55 v _158497_/Y (MAJx2_ASAP7_75t_R)
  24.54 4241.08 v _158571_/Y (AO21x1_ASAP7_75t_R)
  47.60 4288.68 v _158629_/Y (AO221x2_ASAP7_75t_R)
  78.07 4366.75 ^ _158672_/Y (NAND2x1_ASAP7_75t_R)
  31.00 4397.75 ^ _158689_/Y (AND2x2_ASAP7_75t_R)
  21.98 4419.74 ^ _158690_/Y (OA21x2_ASAP7_75t_R)
  19.08 4438.81 ^ _158691_/Y (OR2x2_ASAP7_75t_R)
  22.36 4461.17 ^ _158702_/Y (AND3x1_ASAP7_75t_R)
  21.44 4482.61 ^ _158720_/Y (OA21x2_ASAP7_75t_R)
  23.83 4506.44 ^ _158743_/Y (OA31x2_ASAP7_75t_R)
  14.58 4521.02 ^ _158761_/Y (OR4x1_ASAP7_75t_R)
  47.34 4568.36 ^ _158764_/Y (AND5x2_ASAP7_75t_R)
  53.76 4622.13 ^ _159054_/Y (OA21x2_ASAP7_75t_R)
 129.59 4751.72 ^ _159120_/Y (OA21x2_ASAP7_75t_R)
  56.49 4808.21 ^ _159154_/Y (AO221x1_ASAP7_75t_R)
  98.52 4906.73 ^ _159901_/Y (AND2x2_ASAP7_75t_R)
 148.34 5055.07 v _159903_/Y (NOR2x1_ASAP7_75t_R)
 129.19 5184.25 ^ _163131_/Y (NAND2x2_ASAP7_75t_R)
  36.38 5220.63 ^ load_slew954/Y (BUFx16f_ASAP7_75t_R)
  28.86 5249.49 ^ load_slew952/Y (BUFx16f_ASAP7_75t_R)
 135.31 5384.80 ^ _164753_/Y (OR2x2_ASAP7_75t_R)
  57.20 5442.00 v _201241_/Y (NAND2x1_ASAP7_75t_R)
  19.94 5461.94 v _201242_/Y (AO21x1_ASAP7_75t_R)
  25.38 5487.33 v _201243_/Y (OA211x2_ASAP7_75t_R)
  16.38 5503.71 v _201244_/Y (AO21x1_ASAP7_75t_R)
  14.38 5518.09 v _201245_/Y (AND2x2_ASAP7_75t_R)
   0.02 5518.11 v _312550_/D (DFFHQNx1_ASAP7_75t_R)
        5518.11   data arrival time

5000.00 5000.00   clock core_clk (rise edge)
   0.00 5000.00   clock network delay (ideal)
 -50.00 4950.00   clock uncertainty
   0.00 4950.00   clock reconvergence pessimism
        4950.00 ^ _312550_/CLK (DFFHQNx1_ASAP7_75t_R)
  -8.63 4941.37   library setup time
        4941.37   data required time
---------------------------------------------------------
        4941.37   data required time
        -5518.11   data arrival time
---------------------------------------------------------
        -576.74   slack (VIOLATED)



==========================================================================
resizer report_checks -path_delay min reg to reg
--------------------------------------------------------------------------
Startpoint: _307758_ (rising edge-triggered flip-flop clocked by core_clk)
Endpoint: _307758_ (rising edge-triggered flip-flop clocked by core_clk)
Path Group: reg2reg
Path Type: min

  Delay    Time   Description
---------------------------------------------------------
   0.00    0.00   clock core_clk (rise edge)
   0.00    0.00   clock network delay (ideal)
   0.00    0.00 ^ _307758_/CLK (DFFHQNx1_ASAP7_75t_R)
  33.87   33.87 ^ _307758_/QN (DFFHQNx1_ASAP7_75t_R)
   7.60   41.46 v _282701_/Y (NOR2x1_ASAP7_75t_R)
   0.02   41.49 v _307758_/D (DFFHQNx1_ASAP7_75t_R)
          41.49   data arrival time

   0.00    0.00   clock core_clk (rise edge)
   0.00    0.00   clock network delay (ideal)
  25.00   25.00   clock uncertainty
   0.00   25.00   clock reconvergence pessimism
          25.00 ^ _307758_/CLK (DFFHQNx1_ASAP7_75t_R)
   8.51   33.51   library hold time
          33.51   data required time
---------------------------------------------------------
          33.51   data required time
         -41.49   data arrival time
---------------------------------------------------------
           7.97   slack (MET)



==========================================================================
resizer critical path target clock latency max path
--------------------------------------------------------------------------
0.0000

==========================================================================
resizer critical path target clock latency min path
--------------------------------------------------------------------------
0.0000

==========================================================================
resizer critical path source clock latency min path
--------------------------------------------------------------------------
0.0000

==========================================================================
resizer critical path delay
--------------------------------------------------------------------------
4875.7261

==========================================================================
resizer critical path slack
--------------------------------------------------------------------------
-925.7262

==========================================================================
resizer slack div critical path delay
--------------------------------------------------------------------------
-18.986427

==========================================================================
resizer report_power
--------------------------------------------------------------------------
Group                  Internal  Switching    Leakage      Total
                          Power      Power      Power      Power (Watts)
----------------------------------------------------------------
Sequential             6.03e-03   9.12e-05   3.04e-06   6.13e-03  71.8%
Combinational          8.48e-04   1.54e-03   1.42e-05   2.40e-03  28.2%
Clock                  0.00e+00   0.00e+00   0.00e+00   0.00e+00   0.0%
Macro                  0.00e+00   0.00e+00   0.00e+00   0.00e+00   0.0%
Pad                    0.00e+00   0.00e+00   0.00e+00   0.00e+00   0.0%
----------------------------------------------------------------
Total                  6.88e-03   1.63e-03   1.73e-05   8.53e-03 100.0%
                          80.7%      19.1%       0.2%
