Startpoint: _308209_ (rising edge-triggered flip-flop clocked by core_clk)
Endpoint: _312547_ (rising edge-triggered flip-flop clocked by core_clk)
Path Group: reg2reg
Path Type: max

  Delay    Time   Description
---------------------------------------------------------
   0.00    0.00   clock core_clk (rise edge)
   0.00    0.00   clock source latency
   0.00    0.00 ^ clk (in)
  46.81   46.81 ^ wire4945/Y (BUFx10_ASAP7_75t_R)
  48.87   95.68 ^ clkbuf_0_clk/Y (BUFx24_ASAP7_75t_R)
  30.20  125.87 ^ clkbuf_1_0_0_clk/Y (BUFx24_ASAP7_75t_R)
  29.09  154.96 ^ clkbuf_2_1_0_clk/Y (BUFx24_ASAP7_75t_R)
  26.47  181.44 ^ clkbuf_3_2_0_clk/Y (BUFx24_ASAP7_75t_R)
  30.84  212.28 ^ clkbuf_4_4_0_clk/Y (BUFx24_ASAP7_75t_R)
  24.84  237.12 ^ clkbuf_6_19_0_clk/Y (BUFx24_ASAP7_75t_R)
  21.77  258.88 ^ clkbuf_7_38__f_clk/Y (BUFx24_ASAP7_75t_R)
  27.65  286.53 ^ clkbuf_leaf_778_clk/Y (BUFx24_ASAP7_75t_R)
   2.33  288.86 ^ _308209_/CLK (DFFHQNx3_ASAP7_75t_R)
  56.18  345.04 ^ _308209_/QN (DFFHQNx3_ASAP7_75t_R)
  27.51  372.55 ^ wire4778/Y (BUFx16f_ASAP7_75t_R)
  66.95  439.50 ^ wire4776/Y (BUFx16f_ASAP7_75t_R)
  33.08  472.58 ^ wire4775/Y (BUFx16f_ASAP7_75t_R)
  73.63  546.21 ^ load_slew4774/Y (BUFx16f_ASAP7_75t_R)
  94.00  640.21 ^ _153629_/Y (AND2x2_ASAP7_75t_R)
 169.02  809.24 v _153630_/Y (NAND2x1_ASAP7_75t_R)
  64.17  873.41 v _153631_/Y (OA21x2_ASAP7_75t_R)
 108.13  981.54 v _153633_/Y (AND3x1_ASAP7_75t_R)
  89.17 1070.71 v _154870_/Y (AO222x2_ASAP7_75t_R)
  47.40 1118.11 v _154873_/Y (OR3x2_ASAP7_75t_R)
  54.24 1172.36 v _154878_/Y (OR5x1_ASAP7_75t_R)
  93.99 1266.34 v _154879_/Y (OR4x1_ASAP7_75t_R)
  74.48 1340.82 v _155829_/Y (OR4x1_ASAP7_75t_R)
  24.56 1365.38 v _155944_/Y (AO221x1_ASAP7_75t_R)
  50.94 1416.32 v _155949_/Y (OR5x1_ASAP7_75t_R)
  34.05 1450.37 v _156013_/Y (AND2x2_ASAP7_75t_R)
  49.97 1500.34 ^ _156016_/Y (NAND3x1_ASAP7_75t_R)
  39.70 1540.04 v _156112_/Y (AOI221x1_ASAP7_75t_R)
  26.08 1566.12 v _156115_/Y (OA21x2_ASAP7_75t_R)
  21.84 1587.97 v _156116_/Y (OR3x1_ASAP7_75t_R)
  38.63 1626.60 v _156123_/Y (AO33x2_ASAP7_75t_R)
  41.76 1668.35 ^ _156140_/Y (NAND2x1_ASAP7_75t_R)
 110.76 1779.11 ^ _156253_/Y (AO221x1_ASAP7_75t_R)
  69.58 1848.70 v _156308_/Y (NAND2x2_ASAP7_75t_R)
  49.02 1897.71 v _156311_/Y (AO21x2_ASAP7_75t_R)
  23.18 1920.89 v _156314_/Y (OA21x2_ASAP7_75t_R)
  27.71 1948.60 v _156388_/Y (AO221x1_ASAP7_75t_R)
  22.62 1971.22 v _156389_/Y (OA21x2_ASAP7_75t_R)
  24.14 1995.36 ^ _156393_/Y (AOI22x1_ASAP7_75t_R)
  53.99 2049.35 v _156410_/Y (NAND2x1_ASAP7_75t_R)
  71.47 2120.82 v _156421_/Y (AO33x2_ASAP7_75t_R)
  32.75 2153.58 ^ _156522_/Y (XNOR2x2_ASAP7_75t_R)
  25.19 2178.76 ^ _156526_/Y (AND4x1_ASAP7_75t_R)
  19.20 2197.96 ^ _156550_/Y (AO21x1_ASAP7_75t_R)
  19.23 2217.19 ^ _156551_/Y (AO21x1_ASAP7_75t_R)
  80.77 2297.96 ^ _156552_/Y (OA211x2_ASAP7_75t_R)
  89.28 2387.25 v _156555_/Y (INVx1_ASAP7_75t_R)
  33.68 2420.92 ^ _156568_/Y (OAI21x1_ASAP7_75t_R)
  34.29 2455.21 v _156616_/Y (AOI221x1_ASAP7_75t_R)
  48.52 2503.73 v _156806_/Y (OA211x2_ASAP7_75t_R)
  13.78 2517.51 ^ _156807_/Y (NAND2x1_ASAP7_75t_R)
  71.16 2588.67 ^ _156882_/Y (AO32x1_ASAP7_75t_R)
  34.48 2623.15 ^ _156995_/Y (OR2x2_ASAP7_75t_R)
  39.01 2662.16 ^ _157002_/Y (AO32x1_ASAP7_75t_R)
  36.29 2698.44 ^ _157004_/Y (XNOR2x2_ASAP7_75t_R)
  14.38 2712.83 v _157005_/Y (NOR3x1_ASAP7_75t_R)
  32.62 2745.45 v _157006_/Y (AND5x2_ASAP7_75t_R)
  28.88 2774.33 v _157078_/Y (OR3x1_ASAP7_75t_R)
  57.37 2831.69 v _157141_/Y (OA33x2_ASAP7_75t_R)
  34.73 2866.43 v _157144_/Y (OR2x2_ASAP7_75t_R)
  24.44 2890.87 v _157145_/Y (AO21x1_ASAP7_75t_R)
  26.35 2917.22 v _157196_/Y (AO32x1_ASAP7_75t_R)
  26.77 2943.99 v _157198_/Y (AO22x1_ASAP7_75t_R)
  23.00 2966.99 v _157222_/Y (AO21x1_ASAP7_75t_R)
  30.83 2997.82 v _157223_/Y (OR3x1_ASAP7_75t_R)
  42.49 3040.31 v _157312_/Y (AO21x1_ASAP7_75t_R)
  58.19 3098.50 ^ _157343_/Y (NAND2x1_ASAP7_75t_R)
  43.82 3142.32 v _157440_/Y (AOI221x1_ASAP7_75t_R)
  30.91 3173.23 v _157456_/Y (OA222x2_ASAP7_75t_R)
  22.24 3195.47 v _157459_/Y (AND5x2_ASAP7_75t_R)
  20.86 3216.33 v _157472_/Y (OA31x2_ASAP7_75t_R)
  42.26 3258.59 v _157475_/Y (OR4x2_ASAP7_75t_R)
  63.75 3322.33 ^ _157478_/Y (NAND2x1_ASAP7_75t_R)
  19.94 3342.27 v _157479_/Y (NOR2x1_ASAP7_75t_R)
  25.21 3367.48 v _157485_/Y (OA21x2_ASAP7_75t_R)
  28.58 3396.06 v _157492_/Y (AO221x1_ASAP7_75t_R)
  26.03 3422.09 v _157649_/Y (OA21x2_ASAP7_75t_R)
  24.74 3446.82 v _157651_/Y (AO21x1_ASAP7_75t_R)
  41.75 3488.58 v _157652_/Y (AO22x1_ASAP7_75t_R)
  64.55 3553.13 ^ _157732_/Y (NAND2x1_ASAP7_75t_R)
  25.99 3579.12 ^ _157764_/Y (AO21x1_ASAP7_75t_R)
  24.20 3603.32 v _157767_/Y (AOI22x1_ASAP7_75t_R)
  37.31 3640.63 v _157790_/Y (OA21x2_ASAP7_75t_R)
  18.85 3659.48 ^ _157827_/Y (AOI211x1_ASAP7_75t_R)
  19.61 3679.09 v _157842_/Y (OAI21x1_ASAP7_75t_R)
  89.64 3768.73 v _157921_/Y (AO221x1_ASAP7_75t_R)
  48.27 3817.00 v _157922_/Y (AO221x1_ASAP7_75t_R)
  27.48 3844.48 v _157925_/Y (AO32x2_ASAP7_75t_R)
  22.59 3867.07 v _157949_/Y (OA211x2_ASAP7_75t_R)
  32.17 3899.24 v _157967_/Y (AO222x2_ASAP7_75t_R)
  38.29 3937.53 v _158020_/Y (AO221x1_ASAP7_75t_R)
  28.61 3966.14 v _158084_/Y (AO211x2_ASAP7_75t_R)
  41.43 4007.57 v _158094_/Y (AND2x2_ASAP7_75t_R)
  49.23 4056.80 v _158173_/Y (OR3x2_ASAP7_75t_R)
  22.73 4079.54 v _158271_/Y (AO221x1_ASAP7_75t_R)
  33.06 4112.59 v _158272_/Y (OR5x1_ASAP7_75t_R)
  46.33 4158.93 v _158273_/Y (OR5x1_ASAP7_75t_R)
  20.14 4179.06 ^ _158274_/Y (NAND2x2_ASAP7_75t_R)
  54.60 4233.66 v _158287_/Y (OAI21x1_ASAP7_75t_R)
  52.70 4286.36 v _158298_/Y (AND2x2_ASAP7_75t_R)
  35.64 4322.00 v _158304_/Y (OA211x2_ASAP7_75t_R)
  30.46 4352.46 v _158330_/Y (XNOR2x2_ASAP7_75t_R)
  29.58 4382.04 v _158388_/Y (OR5x1_ASAP7_75t_R)
  42.94 4424.98 v _158399_/Y (AO33x2_ASAP7_75t_R)
  26.16 4451.15 v _158436_/Y (AND2x2_ASAP7_75t_R)
  78.93 4530.07 v _158437_/Y (OR3x1_ASAP7_75t_R)
  70.98 4601.05 v _158474_/Y (AND2x2_ASAP7_75t_R)
  38.15 4639.21 ^ _158476_/Y (AOI22x1_ASAP7_75t_R)
  23.17 4662.38 ^ _158477_/Y (AND2x2_ASAP7_75t_R)
  16.00 4678.38 v _158496_/Y (AOI221x1_ASAP7_75t_R)
  33.09 4711.47 v _158497_/Y (MAJx2_ASAP7_75t_R)
  24.75 4736.22 v _158571_/Y (AO21x1_ASAP7_75t_R)
  46.55 4782.77 v _158629_/Y (AO221x2_ASAP7_75t_R)
  81.05 4863.83 ^ _158672_/Y (NAND2x1_ASAP7_75t_R)
  35.80 4899.63 ^ _158689_/Y (AND2x2_ASAP7_75t_R)
  22.57 4922.20 ^ _158690_/Y (OA21x2_ASAP7_75t_R)
  20.24 4942.44 ^ _158691_/Y (OR2x2_ASAP7_75t_R)
  22.82 4965.26 ^ _158702_/Y (AND3x1_ASAP7_75t_R)
  21.78 4987.04 ^ _158720_/Y (OA21x2_ASAP7_75t_R)
  24.53 5011.57 ^ _158743_/Y (OA31x2_ASAP7_75t_R)
  15.08 5026.64 ^ _158761_/Y (OR4x1_ASAP7_75t_R)
  48.03 5074.67 ^ _158764_/Y (AND5x2_ASAP7_75t_R)
  52.84 5127.52 ^ _159054_/Y (OA21x2_ASAP7_75t_R)
 118.43 5245.95 ^ _159120_/Y (OA21x2_ASAP7_75t_R)
  58.79 5304.73 ^ _159154_/Y (AO221x1_ASAP7_75t_R)
  92.01 5396.74 ^ _159901_/Y (AND2x2_ASAP7_75t_R)
 173.87 5570.61 v _159903_/Y (NOR2x1_ASAP7_75t_R)
 111.84 5682.45 ^ _163131_/Y (NAND2x2_ASAP7_75t_R)
  35.25 5717.70 ^ load_slew954/Y (BUFx16f_ASAP7_75t_R)
  36.94 5754.64 ^ load_slew952/Y (BUFx16f_ASAP7_75t_R)
 155.10 5909.75 ^ _164753_/Y (OR2x2_ASAP7_75t_R)
  61.87 5971.61 v _201221_/Y (NAND2x1_ASAP7_75t_R)
  21.48 5993.10 v _201222_/Y (AO21x1_ASAP7_75t_R)
  26.35 6019.45 v _201223_/Y (OA211x2_ASAP7_75t_R)
  16.07 6035.52 v _201224_/Y (AO21x1_ASAP7_75t_R)
  14.68 6050.20 v _201225_/Y (AND2x2_ASAP7_75t_R)
   0.04 6050.24 v _312547_/D (DFFHQNx1_ASAP7_75t_R)
        6050.24   data arrival time

12000.00 12000.00   clock core_clk (rise edge)
   0.00 12000.00   clock source latency
   0.00 12000.00 ^ clk (in)
  46.11 12046.11 ^ wire4945/Y (BUFx10_ASAP7_75t_R)
  47.38 12093.49 ^ clkbuf_0_clk/Y (BUFx24_ASAP7_75t_R)
  28.80 12122.29 ^ clkbuf_1_1_0_clk/Y (BUFx24_ASAP7_75t_R)
  28.42 12150.71 ^ clkbuf_2_3_0_clk/Y (BUFx24_ASAP7_75t_R)
  26.26 12176.97 ^ clkbuf_3_7_0_clk/Y (BUFx24_ASAP7_75t_R)
  29.86 12206.83 ^ clkbuf_4_14_0_clk/Y (BUFx24_ASAP7_75t_R)
  22.34 12229.17 ^ clkbuf_6_57_0_clk/Y (BUFx24_ASAP7_75t_R)
  19.85 12249.02 ^ clkbuf_7_114__f_clk/Y (BUFx24_ASAP7_75t_R)
  21.65 12270.67 ^ clkbuf_leaf_491_clk/Y (BUFx24_ASAP7_75t_R)
   1.80 12272.47 ^ _312547_/CLK (DFFHQNx1_ASAP7_75t_R)
 -50.00 12222.47   clock uncertainty
   2.19 12224.66   clock reconvergence pessimism
  -0.87 12223.79   library setup time
        12223.79   data required time
---------------------------------------------------------
        12223.79   data required time
        -6050.24   data arrival time
---------------------------------------------------------
        6173.55   slack (MET)


Startpoint: _308209_ (rising edge-triggered flip-flop clocked by core_clk)
Endpoint: _312524_ (rising edge-triggered flip-flop clocked by core_clk)
Path Group: reg2reg
Path Type: max

  Delay    Time   Description
---------------------------------------------------------
   0.00    0.00   clock core_clk (rise edge)
   0.00    0.00   clock source latency
   0.00    0.00 ^ clk (in)
  46.81   46.81 ^ wire4945/Y (BUFx10_ASAP7_75t_R)
  48.87   95.68 ^ clkbuf_0_clk/Y (BUFx24_ASAP7_75t_R)
  30.20  125.87 ^ clkbuf_1_0_0_clk/Y (BUFx24_ASAP7_75t_R)
  29.09  154.96 ^ clkbuf_2_1_0_clk/Y (BUFx24_ASAP7_75t_R)
  26.47  181.44 ^ clkbuf_3_2_0_clk/Y (BUFx24_ASAP7_75t_R)
  30.84  212.28 ^ clkbuf_4_4_0_clk/Y (BUFx24_ASAP7_75t_R)
  24.84  237.12 ^ clkbuf_6_19_0_clk/Y (BUFx24_ASAP7_75t_R)
  21.77  258.88 ^ clkbuf_7_38__f_clk/Y (BUFx24_ASAP7_75t_R)
  27.65  286.53 ^ clkbuf_leaf_778_clk/Y (BUFx24_ASAP7_75t_R)
   2.33  288.86 ^ _308209_/CLK (DFFHQNx3_ASAP7_75t_R)
  56.18  345.04 ^ _308209_/QN (DFFHQNx3_ASAP7_75t_R)
  27.51  372.55 ^ wire4778/Y (BUFx16f_ASAP7_75t_R)
  66.95  439.50 ^ wire4776/Y (BUFx16f_ASAP7_75t_R)
  33.08  472.58 ^ wire4775/Y (BUFx16f_ASAP7_75t_R)
  73.63  546.21 ^ load_slew4774/Y (BUFx16f_ASAP7_75t_R)
  94.00  640.21 ^ _153629_/Y (AND2x2_ASAP7_75t_R)
 169.02  809.24 v _153630_/Y (NAND2x1_ASAP7_75t_R)
  64.17  873.41 v _153631_/Y (OA21x2_ASAP7_75t_R)
 108.13  981.54 v _153633_/Y (AND3x1_ASAP7_75t_R)
  89.17 1070.71 v _154870_/Y (AO222x2_ASAP7_75t_R)
  47.40 1118.11 v _154873_/Y (OR3x2_ASAP7_75t_R)
  54.24 1172.36 v _154878_/Y (OR5x1_ASAP7_75t_R)
  93.99 1266.34 v _154879_/Y (OR4x1_ASAP7_75t_R)
  74.48 1340.82 v _155829_/Y (OR4x1_ASAP7_75t_R)
  24.56 1365.38 v _155944_/Y (AO221x1_ASAP7_75t_R)
  50.94 1416.32 v _155949_/Y (OR5x1_ASAP7_75t_R)
  34.05 1450.37 v _156013_/Y (AND2x2_ASAP7_75t_R)
  49.97 1500.34 ^ _156016_/Y (NAND3x1_ASAP7_75t_R)
  39.70 1540.04 v _156112_/Y (AOI221x1_ASAP7_75t_R)
  26.08 1566.12 v _156115_/Y (OA21x2_ASAP7_75t_R)
  21.84 1587.97 v _156116_/Y (OR3x1_ASAP7_75t_R)
  38.63 1626.60 v _156123_/Y (AO33x2_ASAP7_75t_R)
  41.76 1668.35 ^ _156140_/Y (NAND2x1_ASAP7_75t_R)
 110.76 1779.11 ^ _156253_/Y (AO221x1_ASAP7_75t_R)
  69.58 1848.70 v _156308_/Y (NAND2x2_ASAP7_75t_R)
  49.02 1897.71 v _156311_/Y (AO21x2_ASAP7_75t_R)
  23.18 1920.89 v _156314_/Y (OA21x2_ASAP7_75t_R)
  27.71 1948.60 v _156388_/Y (AO221x1_ASAP7_75t_R)
  22.62 1971.22 v _156389_/Y (OA21x2_ASAP7_75t_R)
  24.14 1995.36 ^ _156393_/Y (AOI22x1_ASAP7_75t_R)
  53.99 2049.35 v _156410_/Y (NAND2x1_ASAP7_75t_R)
  71.47 2120.82 v _156421_/Y (AO33x2_ASAP7_75t_R)
  32.75 2153.58 ^ _156522_/Y (XNOR2x2_ASAP7_75t_R)
  25.19 2178.76 ^ _156526_/Y (AND4x1_ASAP7_75t_R)
  19.20 2197.96 ^ _156550_/Y (AO21x1_ASAP7_75t_R)
  19.23 2217.19 ^ _156551_/Y (AO21x1_ASAP7_75t_R)
  80.77 2297.96 ^ _156552_/Y (OA211x2_ASAP7_75t_R)
  89.28 2387.25 v _156555_/Y (INVx1_ASAP7_75t_R)
  33.68 2420.92 ^ _156568_/Y (OAI21x1_ASAP7_75t_R)
  34.29 2455.21 v _156616_/Y (AOI221x1_ASAP7_75t_R)
  48.52 2503.73 v _156806_/Y (OA211x2_ASAP7_75t_R)
  13.78 2517.51 ^ _156807_/Y (NAND2x1_ASAP7_75t_R)
  71.16 2588.67 ^ _156882_/Y (AO32x1_ASAP7_75t_R)
  34.48 2623.15 ^ _156995_/Y (OR2x2_ASAP7_75t_R)
  39.01 2662.16 ^ _157002_/Y (AO32x1_ASAP7_75t_R)
  36.29 2698.44 ^ _157004_/Y (XNOR2x2_ASAP7_75t_R)
  14.38 2712.83 v _157005_/Y (NOR3x1_ASAP7_75t_R)
  32.62 2745.45 v _157006_/Y (AND5x2_ASAP7_75t_R)
  28.88 2774.33 v _157078_/Y (OR3x1_ASAP7_75t_R)
  57.37 2831.69 v _157141_/Y (OA33x2_ASAP7_75t_R)
  34.73 2866.43 v _157144_/Y (OR2x2_ASAP7_75t_R)
  24.44 2890.87 v _157145_/Y (AO21x1_ASAP7_75t_R)
  26.35 2917.22 v _157196_/Y (AO32x1_ASAP7_75t_R)
  26.77 2943.99 v _157198_/Y (AO22x1_ASAP7_75t_R)
  23.00 2966.99 v _157222_/Y (AO21x1_ASAP7_75t_R)
  30.83 2997.82 v _157223_/Y (OR3x1_ASAP7_75t_R)
  42.49 3040.31 v _157312_/Y (AO21x1_ASAP7_75t_R)
  58.19 3098.50 ^ _157343_/Y (NAND2x1_ASAP7_75t_R)
  43.82 3142.32 v _157440_/Y (AOI221x1_ASAP7_75t_R)
  30.91 3173.23 v _157456_/Y (OA222x2_ASAP7_75t_R)
  22.24 3195.47 v _157459_/Y (AND5x2_ASAP7_75t_R)
  20.86 3216.33 v _157472_/Y (OA31x2_ASAP7_75t_R)
  42.26 3258.59 v _157475_/Y (OR4x2_ASAP7_75t_R)
  63.75 3322.33 ^ _157478_/Y (NAND2x1_ASAP7_75t_R)
  19.94 3342.27 v _157479_/Y (NOR2x1_ASAP7_75t_R)
  25.21 3367.48 v _157485_/Y (OA21x2_ASAP7_75t_R)
  28.58 3396.06 v _157492_/Y (AO221x1_ASAP7_75t_R)
  26.03 3422.09 v _157649_/Y (OA21x2_ASAP7_75t_R)
  24.74 3446.82 v _157651_/Y (AO21x1_ASAP7_75t_R)
  41.75 3488.58 v _157652_/Y (AO22x1_ASAP7_75t_R)
  64.55 3553.13 ^ _157732_/Y (NAND2x1_ASAP7_75t_R)
  25.99 3579.12 ^ _157764_/Y (AO21x1_ASAP7_75t_R)
  24.20 3603.32 v _157767_/Y (AOI22x1_ASAP7_75t_R)
  37.31 3640.63 v _157790_/Y (OA21x2_ASAP7_75t_R)
  18.85 3659.48 ^ _157827_/Y (AOI211x1_ASAP7_75t_R)
  19.61 3679.09 v _157842_/Y (OAI21x1_ASAP7_75t_R)
  89.64 3768.73 v _157921_/Y (AO221x1_ASAP7_75t_R)
  48.27 3817.00 v _157922_/Y (AO221x1_ASAP7_75t_R)
  27.48 3844.48 v _157925_/Y (AO32x2_ASAP7_75t_R)
  22.59 3867.07 v _157949_/Y (OA211x2_ASAP7_75t_R)
  32.17 3899.24 v _157967_/Y (AO222x2_ASAP7_75t_R)
  38.29 3937.53 v _158020_/Y (AO221x1_ASAP7_75t_R)
  28.61 3966.14 v _158084_/Y (AO211x2_ASAP7_75t_R)
  41.43 4007.57 v _158094_/Y (AND2x2_ASAP7_75t_R)
  49.23 4056.80 v _158173_/Y (OR3x2_ASAP7_75t_R)
  22.73 4079.54 v _158271_/Y (AO221x1_ASAP7_75t_R)
  33.06 4112.59 v _158272_/Y (OR5x1_ASAP7_75t_R)
  46.33 4158.93 v _158273_/Y (OR5x1_ASAP7_75t_R)
  20.14 4179.06 ^ _158274_/Y (NAND2x2_ASAP7_75t_R)
  54.60 4233.66 v _158287_/Y (OAI21x1_ASAP7_75t_R)
  52.70 4286.36 v _158298_/Y (AND2x2_ASAP7_75t_R)
  35.64 4322.00 v _158304_/Y (OA211x2_ASAP7_75t_R)
  30.46 4352.46 v _158330_/Y (XNOR2x2_ASAP7_75t_R)
  29.58 4382.04 v _158388_/Y (OR5x1_ASAP7_75t_R)
  42.94 4424.98 v _158399_/Y (AO33x2_ASAP7_75t_R)
  26.16 4451.15 v _158436_/Y (AND2x2_ASAP7_75t_R)
  78.93 4530.07 v _158437_/Y (OR3x1_ASAP7_75t_R)
  70.98 4601.05 v _158474_/Y (AND2x2_ASAP7_75t_R)
  38.15 4639.21 ^ _158476_/Y (AOI22x1_ASAP7_75t_R)
  23.17 4662.38 ^ _158477_/Y (AND2x2_ASAP7_75t_R)
  16.00 4678.38 v _158496_/Y (AOI221x1_ASAP7_75t_R)
  33.09 4711.47 v _158497_/Y (MAJx2_ASAP7_75t_R)
  24.75 4736.22 v _158571_/Y (AO21x1_ASAP7_75t_R)
  46.55 4782.77 v _158629_/Y (AO221x2_ASAP7_75t_R)
  81.05 4863.83 ^ _158672_/Y (NAND2x1_ASAP7_75t_R)
  35.80 4899.63 ^ _158689_/Y (AND2x2_ASAP7_75t_R)
  22.57 4922.20 ^ _158690_/Y (OA21x2_ASAP7_75t_R)
  20.24 4942.44 ^ _158691_/Y (OR2x2_ASAP7_75t_R)
  22.82 4965.26 ^ _158702_/Y (AND3x1_ASAP7_75t_R)
  21.78 4987.04 ^ _158720_/Y (OA21x2_ASAP7_75t_R)
  24.53 5011.57 ^ _158743_/Y (OA31x2_ASAP7_75t_R)
  15.08 5026.64 ^ _158761_/Y (OR4x1_ASAP7_75t_R)
  48.03 5074.67 ^ _158764_/Y (AND5x2_ASAP7_75t_R)
  52.84 5127.52 ^ _159054_/Y (OA21x2_ASAP7_75t_R)
 118.43 5245.95 ^ _159120_/Y (OA21x2_ASAP7_75t_R)
  58.79 5304.73 ^ _159154_/Y (AO221x1_ASAP7_75t_R)
  92.01 5396.74 ^ _159901_/Y (AND2x2_ASAP7_75t_R)
 173.87 5570.61 v _159903_/Y (NOR2x1_ASAP7_75t_R)
 111.84 5682.45 ^ _163131_/Y (NAND2x2_ASAP7_75t_R)
  35.25 5717.70 ^ load_slew954/Y (BUFx16f_ASAP7_75t_R)
  36.94 5754.64 ^ load_slew952/Y (BUFx16f_ASAP7_75t_R)
 155.10 5909.75 ^ _164753_/Y (OR2x2_ASAP7_75t_R)
  60.65 5970.40 v _201064_/Y (NAND2x1_ASAP7_75t_R)
  21.38 5991.77 v _201067_/Y (AO21x1_ASAP7_75t_R)
  26.54 6018.31 v _201068_/Y (OA211x2_ASAP7_75t_R)
  16.55 6034.86 v _201069_/Y (AO21x1_ASAP7_75t_R)
  15.22 6050.08 v _201070_/Y (AND2x2_ASAP7_75t_R)
   0.11 6050.19 v _312524_/D (DFFHQNx1_ASAP7_75t_R)
        6050.19   data arrival time

12000.00 12000.00   clock core_clk (rise edge)
   0.00 12000.00   clock source latency
   0.00 12000.00 ^ clk (in)
  46.11 12046.11 ^ wire4945/Y (BUFx10_ASAP7_75t_R)
  47.38 12093.49 ^ clkbuf_0_clk/Y (BUFx24_ASAP7_75t_R)
  28.80 12122.29 ^ clkbuf_1_1_0_clk/Y (BUFx24_ASAP7_75t_R)
  28.42 12150.71 ^ clkbuf_2_3_0_clk/Y (BUFx24_ASAP7_75t_R)
  26.26 12176.97 ^ clkbuf_3_7_0_clk/Y (BUFx24_ASAP7_75t_R)
  29.86 12206.83 ^ clkbuf_4_14_0_clk/Y (BUFx24_ASAP7_75t_R)
  22.34 12229.17 ^ clkbuf_6_57_0_clk/Y (BUFx24_ASAP7_75t_R)
  19.85 12249.02 ^ clkbuf_7_114__f_clk/Y (BUFx24_ASAP7_75t_R)
  21.65 12270.67 ^ clkbuf_leaf_491_clk/Y (BUFx24_ASAP7_75t_R)
   1.83 12272.50 ^ _312524_/CLK (DFFHQNx1_ASAP7_75t_R)
 -50.00 12222.50   clock uncertainty
   2.19 12224.69   clock reconvergence pessimism
   0.24 12224.93   library setup time
        12224.93   data required time
---------------------------------------------------------
        12224.93   data required time
        -6050.19   data arrival time
---------------------------------------------------------
        6174.74   slack (MET)


Startpoint: _308209_ (rising edge-triggered flip-flop clocked by core_clk)
Endpoint: _312548_ (rising edge-triggered flip-flop clocked by core_clk)
Path Group: reg2reg
Path Type: max

  Delay    Time   Description
---------------------------------------------------------
   0.00    0.00   clock core_clk (rise edge)
   0.00    0.00   clock source latency
   0.00    0.00 ^ clk (in)
  46.81   46.81 ^ wire4945/Y (BUFx10_ASAP7_75t_R)
  48.87   95.68 ^ clkbuf_0_clk/Y (BUFx24_ASAP7_75t_R)
  30.20  125.87 ^ clkbuf_1_0_0_clk/Y (BUFx24_ASAP7_75t_R)
  29.09  154.96 ^ clkbuf_2_1_0_clk/Y (BUFx24_ASAP7_75t_R)
  26.47  181.44 ^ clkbuf_3_2_0_clk/Y (BUFx24_ASAP7_75t_R)
  30.84  212.28 ^ clkbuf_4_4_0_clk/Y (BUFx24_ASAP7_75t_R)
  24.84  237.12 ^ clkbuf_6_19_0_clk/Y (BUFx24_ASAP7_75t_R)
  21.77  258.88 ^ clkbuf_7_38__f_clk/Y (BUFx24_ASAP7_75t_R)
  27.65  286.53 ^ clkbuf_leaf_778_clk/Y (BUFx24_ASAP7_75t_R)
   2.33  288.86 ^ _308209_/CLK (DFFHQNx3_ASAP7_75t_R)
  56.18  345.04 ^ _308209_/QN (DFFHQNx3_ASAP7_75t_R)
  27.51  372.55 ^ wire4778/Y (BUFx16f_ASAP7_75t_R)
  66.95  439.50 ^ wire4776/Y (BUFx16f_ASAP7_75t_R)
  33.08  472.58 ^ wire4775/Y (BUFx16f_ASAP7_75t_R)
  73.63  546.21 ^ load_slew4774/Y (BUFx16f_ASAP7_75t_R)
  94.00  640.21 ^ _153629_/Y (AND2x2_ASAP7_75t_R)
 169.02  809.24 v _153630_/Y (NAND2x1_ASAP7_75t_R)
  64.17  873.41 v _153631_/Y (OA21x2_ASAP7_75t_R)
 108.13  981.54 v _153633_/Y (AND3x1_ASAP7_75t_R)
  89.17 1070.71 v _154870_/Y (AO222x2_ASAP7_75t_R)
  47.40 1118.11 v _154873_/Y (OR3x2_ASAP7_75t_R)
  54.24 1172.36 v _154878_/Y (OR5x1_ASAP7_75t_R)
  93.99 1266.34 v _154879_/Y (OR4x1_ASAP7_75t_R)
  74.48 1340.82 v _155829_/Y (OR4x1_ASAP7_75t_R)
  24.56 1365.38 v _155944_/Y (AO221x1_ASAP7_75t_R)
  50.94 1416.32 v _155949_/Y (OR5x1_ASAP7_75t_R)
  34.05 1450.37 v _156013_/Y (AND2x2_ASAP7_75t_R)
  49.97 1500.34 ^ _156016_/Y (NAND3x1_ASAP7_75t_R)
  39.70 1540.04 v _156112_/Y (AOI221x1_ASAP7_75t_R)
  26.08 1566.12 v _156115_/Y (OA21x2_ASAP7_75t_R)
  21.84 1587.97 v _156116_/Y (OR3x1_ASAP7_75t_R)
  38.63 1626.60 v _156123_/Y (AO33x2_ASAP7_75t_R)
  41.76 1668.35 ^ _156140_/Y (NAND2x1_ASAP7_75t_R)
 110.76 1779.11 ^ _156253_/Y (AO221x1_ASAP7_75t_R)
  69.58 1848.70 v _156308_/Y (NAND2x2_ASAP7_75t_R)
  49.02 1897.71 v _156311_/Y (AO21x2_ASAP7_75t_R)
  23.18 1920.89 v _156314_/Y (OA21x2_ASAP7_75t_R)
  27.71 1948.60 v _156388_/Y (AO221x1_ASAP7_75t_R)
  22.62 1971.22 v _156389_/Y (OA21x2_ASAP7_75t_R)
  24.14 1995.36 ^ _156393_/Y (AOI22x1_ASAP7_75t_R)
  53.99 2049.35 v _156410_/Y (NAND2x1_ASAP7_75t_R)
  71.47 2120.82 v _156421_/Y (AO33x2_ASAP7_75t_R)
  32.75 2153.58 ^ _156522_/Y (XNOR2x2_ASAP7_75t_R)
  25.19 2178.76 ^ _156526_/Y (AND4x1_ASAP7_75t_R)
  19.20 2197.96 ^ _156550_/Y (AO21x1_ASAP7_75t_R)
  19.23 2217.19 ^ _156551_/Y (AO21x1_ASAP7_75t_R)
  80.77 2297.96 ^ _156552_/Y (OA211x2_ASAP7_75t_R)
  89.28 2387.25 v _156555_/Y (INVx1_ASAP7_75t_R)
  33.68 2420.92 ^ _156568_/Y (OAI21x1_ASAP7_75t_R)
  34.29 2455.21 v _156616_/Y (AOI221x1_ASAP7_75t_R)
  48.52 2503.73 v _156806_/Y (OA211x2_ASAP7_75t_R)
  13.78 2517.51 ^ _156807_/Y (NAND2x1_ASAP7_75t_R)
  71.16 2588.67 ^ _156882_/Y (AO32x1_ASAP7_75t_R)
  34.48 2623.15 ^ _156995_/Y (OR2x2_ASAP7_75t_R)
  39.01 2662.16 ^ _157002_/Y (AO32x1_ASAP7_75t_R)
  36.29 2698.44 ^ _157004_/Y (XNOR2x2_ASAP7_75t_R)
  14.38 2712.83 v _157005_/Y (NOR3x1_ASAP7_75t_R)
  32.62 2745.45 v _157006_/Y (AND5x2_ASAP7_75t_R)
  28.88 2774.33 v _157078_/Y (OR3x1_ASAP7_75t_R)
  57.37 2831.69 v _157141_/Y (OA33x2_ASAP7_75t_R)
  34.73 2866.43 v _157144_/Y (OR2x2_ASAP7_75t_R)
  24.44 2890.87 v _157145_/Y (AO21x1_ASAP7_75t_R)
  26.35 2917.22 v _157196_/Y (AO32x1_ASAP7_75t_R)
  26.77 2943.99 v _157198_/Y (AO22x1_ASAP7_75t_R)
  23.00 2966.99 v _157222_/Y (AO21x1_ASAP7_75t_R)
  30.83 2997.82 v _157223_/Y (OR3x1_ASAP7_75t_R)
  42.49 3040.31 v _157312_/Y (AO21x1_ASAP7_75t_R)
  58.19 3098.50 ^ _157343_/Y (NAND2x1_ASAP7_75t_R)
  43.82 3142.32 v _157440_/Y (AOI221x1_ASAP7_75t_R)
  30.91 3173.23 v _157456_/Y (OA222x2_ASAP7_75t_R)
  22.24 3195.47 v _157459_/Y (AND5x2_ASAP7_75t_R)
  20.86 3216.33 v _157472_/Y (OA31x2_ASAP7_75t_R)
  42.26 3258.59 v _157475_/Y (OR4x2_ASAP7_75t_R)
  63.75 3322.33 ^ _157478_/Y (NAND2x1_ASAP7_75t_R)
  19.94 3342.27 v _157479_/Y (NOR2x1_ASAP7_75t_R)
  25.21 3367.48 v _157485_/Y (OA21x2_ASAP7_75t_R)
  28.58 3396.06 v _157492_/Y (AO221x1_ASAP7_75t_R)
  26.03 3422.09 v _157649_/Y (OA21x2_ASAP7_75t_R)
  24.74 3446.82 v _157651_/Y (AO21x1_ASAP7_75t_R)
  41.75 3488.58 v _157652_/Y (AO22x1_ASAP7_75t_R)
  64.55 3553.13 ^ _157732_/Y (NAND2x1_ASAP7_75t_R)
  25.99 3579.12 ^ _157764_/Y (AO21x1_ASAP7_75t_R)
  24.20 3603.32 v _157767_/Y (AOI22x1_ASAP7_75t_R)
  37.31 3640.63 v _157790_/Y (OA21x2_ASAP7_75t_R)
  18.85 3659.48 ^ _157827_/Y (AOI211x1_ASAP7_75t_R)
  19.61 3679.09 v _157842_/Y (OAI21x1_ASAP7_75t_R)
  89.64 3768.73 v _157921_/Y (AO221x1_ASAP7_75t_R)
  48.27 3817.00 v _157922_/Y (AO221x1_ASAP7_75t_R)
  27.48 3844.48 v _157925_/Y (AO32x2_ASAP7_75t_R)
  22.59 3867.07 v _157949_/Y (OA211x2_ASAP7_75t_R)
  32.17 3899.24 v _157967_/Y (AO222x2_ASAP7_75t_R)
  38.29 3937.53 v _158020_/Y (AO221x1_ASAP7_75t_R)
  28.61 3966.14 v _158084_/Y (AO211x2_ASAP7_75t_R)
  41.43 4007.57 v _158094_/Y (AND2x2_ASAP7_75t_R)
  49.23 4056.80 v _158173_/Y (OR3x2_ASAP7_75t_R)
  22.73 4079.54 v _158271_/Y (AO221x1_ASAP7_75t_R)
  33.06 4112.59 v _158272_/Y (OR5x1_ASAP7_75t_R)
  46.33 4158.93 v _158273_/Y (OR5x1_ASAP7_75t_R)
  20.14 4179.06 ^ _158274_/Y (NAND2x2_ASAP7_75t_R)
  54.60 4233.66 v _158287_/Y (OAI21x1_ASAP7_75t_R)
  52.70 4286.36 v _158298_/Y (AND2x2_ASAP7_75t_R)
  35.64 4322.00 v _158304_/Y (OA211x2_ASAP7_75t_R)
  30.46 4352.46 v _158330_/Y (XNOR2x2_ASAP7_75t_R)
  29.58 4382.04 v _158388_/Y (OR5x1_ASAP7_75t_R)
  42.94 4424.98 v _158399_/Y (AO33x2_ASAP7_75t_R)
  26.16 4451.15 v _158436_/Y (AND2x2_ASAP7_75t_R)
  78.93 4530.07 v _158437_/Y (OR3x1_ASAP7_75t_R)
  70.98 4601.05 v _158474_/Y (AND2x2_ASAP7_75t_R)
  38.15 4639.21 ^ _158476_/Y (AOI22x1_ASAP7_75t_R)
  23.17 4662.38 ^ _158477_/Y (AND2x2_ASAP7_75t_R)
  16.00 4678.38 v _158496_/Y (AOI221x1_ASAP7_75t_R)
  33.09 4711.47 v _158497_/Y (MAJx2_ASAP7_75t_R)
  24.75 4736.22 v _158571_/Y (AO21x1_ASAP7_75t_R)
  46.55 4782.77 v _158629_/Y (AO221x2_ASAP7_75t_R)
  81.05 4863.83 ^ _158672_/Y (NAND2x1_ASAP7_75t_R)
  35.80 4899.63 ^ _158689_/Y (AND2x2_ASAP7_75t_R)
  22.57 4922.20 ^ _158690_/Y (OA21x2_ASAP7_75t_R)
  20.24 4942.44 ^ _158691_/Y (OR2x2_ASAP7_75t_R)
  22.82 4965.26 ^ _158702_/Y (AND3x1_ASAP7_75t_R)
  21.78 4987.04 ^ _158720_/Y (OA21x2_ASAP7_75t_R)
  24.53 5011.57 ^ _158743_/Y (OA31x2_ASAP7_75t_R)
  15.08 5026.64 ^ _158761_/Y (OR4x1_ASAP7_75t_R)
  48.03 5074.67 ^ _158764_/Y (AND5x2_ASAP7_75t_R)
  52.84 5127.52 ^ _159054_/Y (OA21x2_ASAP7_75t_R)
 118.43 5245.95 ^ _159120_/Y (OA21x2_ASAP7_75t_R)
  58.79 5304.73 ^ _159154_/Y (AO221x1_ASAP7_75t_R)
  92.01 5396.74 ^ _159901_/Y (AND2x2_ASAP7_75t_R)
 173.87 5570.61 v _159903_/Y (NOR2x1_ASAP7_75t_R)
 111.84 5682.45 ^ _163131_/Y (NAND2x2_ASAP7_75t_R)
  35.25 5717.70 ^ load_slew954/Y (BUFx16f_ASAP7_75t_R)
  36.94 5754.64 ^ load_slew952/Y (BUFx16f_ASAP7_75t_R)
 155.10 5909.75 ^ _164753_/Y (OR2x2_ASAP7_75t_R)
  61.31 5971.05 v _201227_/Y (NAND2x1_ASAP7_75t_R)
  20.81 5991.86 v _201228_/Y (AO21x1_ASAP7_75t_R)
  26.48 6018.34 v _201229_/Y (OA211x2_ASAP7_75t_R)
  16.61 6034.95 v _201230_/Y (AO21x1_ASAP7_75t_R)
  15.00 6049.96 v _201231_/Y (AND2x2_ASAP7_75t_R)
   0.11 6050.06 v _312548_/D (DFFHQNx1_ASAP7_75t_R)
        6050.06   data arrival time

12000.00 12000.00   clock core_clk (rise edge)
   0.00 12000.00   clock source latency
   0.00 12000.00 ^ clk (in)
  46.11 12046.11 ^ wire4945/Y (BUFx10_ASAP7_75t_R)
  47.38 12093.49 ^ clkbuf_0_clk/Y (BUFx24_ASAP7_75t_R)
  28.80 12122.29 ^ clkbuf_1_1_0_clk/Y (BUFx24_ASAP7_75t_R)
  28.42 12150.71 ^ clkbuf_2_3_0_clk/Y (BUFx24_ASAP7_75t_R)
  22.98 12173.68 ^ clkbuf_3_6_0_clk/Y (BUFx24_ASAP7_75t_R)
  28.79 12202.47 ^ clkbuf_4_13_0_clk/Y (BUFx24_ASAP7_75t_R)
  25.67 12228.14 ^ clkbuf_6_54_0_clk/Y (BUFx24_ASAP7_75t_R)
  20.61 12248.74 ^ clkbuf_7_109__f_clk/Y (BUFx24_ASAP7_75t_R)
  28.18 12276.93 ^ clkbuf_leaf_489_clk/Y (BUFx24_ASAP7_75t_R)
   1.39 12278.32 ^ _312548_/CLK (DFFHQNx1_ASAP7_75t_R)
 -50.00 12228.32   clock uncertainty
   2.19 12230.51   clock reconvergence pessimism
  -1.07 12229.44   library setup time
        12229.44   data required time
---------------------------------------------------------
        12229.44   data required time
        -6050.06   data arrival time
---------------------------------------------------------
        6179.38   slack (MET)


Startpoint: _308209_ (rising edge-triggered flip-flop clocked by core_clk)
Endpoint: _312551_ (rising edge-triggered flip-flop clocked by core_clk)
Path Group: reg2reg
Path Type: max

  Delay    Time   Description
---------------------------------------------------------
   0.00    0.00   clock core_clk (rise edge)
   0.00    0.00   clock source latency
   0.00    0.00 ^ clk (in)
  46.81   46.81 ^ wire4945/Y (BUFx10_ASAP7_75t_R)
  48.87   95.68 ^ clkbuf_0_clk/Y (BUFx24_ASAP7_75t_R)
  30.20  125.87 ^ clkbuf_1_0_0_clk/Y (BUFx24_ASAP7_75t_R)
  29.09  154.96 ^ clkbuf_2_1_0_clk/Y (BUFx24_ASAP7_75t_R)
  26.47  181.44 ^ clkbuf_3_2_0_clk/Y (BUFx24_ASAP7_75t_R)
  30.84  212.28 ^ clkbuf_4_4_0_clk/Y (BUFx24_ASAP7_75t_R)
  24.84  237.12 ^ clkbuf_6_19_0_clk/Y (BUFx24_ASAP7_75t_R)
  21.77  258.88 ^ clkbuf_7_38__f_clk/Y (BUFx24_ASAP7_75t_R)
  27.65  286.53 ^ clkbuf_leaf_778_clk/Y (BUFx24_ASAP7_75t_R)
   2.33  288.86 ^ _308209_/CLK (DFFHQNx3_ASAP7_75t_R)
  56.18  345.04 ^ _308209_/QN (DFFHQNx3_ASAP7_75t_R)
  27.51  372.55 ^ wire4778/Y (BUFx16f_ASAP7_75t_R)
  66.95  439.50 ^ wire4776/Y (BUFx16f_ASAP7_75t_R)
  33.08  472.58 ^ wire4775/Y (BUFx16f_ASAP7_75t_R)
  73.63  546.21 ^ load_slew4774/Y (BUFx16f_ASAP7_75t_R)
  94.00  640.21 ^ _153629_/Y (AND2x2_ASAP7_75t_R)
 169.02  809.24 v _153630_/Y (NAND2x1_ASAP7_75t_R)
  64.17  873.41 v _153631_/Y (OA21x2_ASAP7_75t_R)
 108.13  981.54 v _153633_/Y (AND3x1_ASAP7_75t_R)
  89.17 1070.71 v _154870_/Y (AO222x2_ASAP7_75t_R)
  47.40 1118.11 v _154873_/Y (OR3x2_ASAP7_75t_R)
  54.24 1172.36 v _154878_/Y (OR5x1_ASAP7_75t_R)
  93.99 1266.34 v _154879_/Y (OR4x1_ASAP7_75t_R)
  74.48 1340.82 v _155829_/Y (OR4x1_ASAP7_75t_R)
  24.56 1365.38 v _155944_/Y (AO221x1_ASAP7_75t_R)
  50.94 1416.32 v _155949_/Y (OR5x1_ASAP7_75t_R)
  34.05 1450.37 v _156013_/Y (AND2x2_ASAP7_75t_R)
  49.97 1500.34 ^ _156016_/Y (NAND3x1_ASAP7_75t_R)
  39.70 1540.04 v _156112_/Y (AOI221x1_ASAP7_75t_R)
  26.08 1566.12 v _156115_/Y (OA21x2_ASAP7_75t_R)
  21.84 1587.97 v _156116_/Y (OR3x1_ASAP7_75t_R)
  38.63 1626.60 v _156123_/Y (AO33x2_ASAP7_75t_R)
  41.76 1668.35 ^ _156140_/Y (NAND2x1_ASAP7_75t_R)
 110.76 1779.11 ^ _156253_/Y (AO221x1_ASAP7_75t_R)
  69.58 1848.70 v _156308_/Y (NAND2x2_ASAP7_75t_R)
  49.02 1897.71 v _156311_/Y (AO21x2_ASAP7_75t_R)
  23.18 1920.89 v _156314_/Y (OA21x2_ASAP7_75t_R)
  27.71 1948.60 v _156388_/Y (AO221x1_ASAP7_75t_R)
  22.62 1971.22 v _156389_/Y (OA21x2_ASAP7_75t_R)
  24.14 1995.36 ^ _156393_/Y (AOI22x1_ASAP7_75t_R)
  53.99 2049.35 v _156410_/Y (NAND2x1_ASAP7_75t_R)
  71.47 2120.82 v _156421_/Y (AO33x2_ASAP7_75t_R)
  32.75 2153.58 ^ _156522_/Y (XNOR2x2_ASAP7_75t_R)
  25.19 2178.76 ^ _156526_/Y (AND4x1_ASAP7_75t_R)
  19.20 2197.96 ^ _156550_/Y (AO21x1_ASAP7_75t_R)
  19.23 2217.19 ^ _156551_/Y (AO21x1_ASAP7_75t_R)
  80.77 2297.96 ^ _156552_/Y (OA211x2_ASAP7_75t_R)
  89.28 2387.25 v _156555_/Y (INVx1_ASAP7_75t_R)
  33.68 2420.92 ^ _156568_/Y (OAI21x1_ASAP7_75t_R)
  34.29 2455.21 v _156616_/Y (AOI221x1_ASAP7_75t_R)
  48.52 2503.73 v _156806_/Y (OA211x2_ASAP7_75t_R)
  13.78 2517.51 ^ _156807_/Y (NAND2x1_ASAP7_75t_R)
  71.16 2588.67 ^ _156882_/Y (AO32x1_ASAP7_75t_R)
  34.48 2623.15 ^ _156995_/Y (OR2x2_ASAP7_75t_R)
  39.01 2662.16 ^ _157002_/Y (AO32x1_ASAP7_75t_R)
  36.29 2698.44 ^ _157004_/Y (XNOR2x2_ASAP7_75t_R)
  14.38 2712.83 v _157005_/Y (NOR3x1_ASAP7_75t_R)
  32.62 2745.45 v _157006_/Y (AND5x2_ASAP7_75t_R)
  28.88 2774.33 v _157078_/Y (OR3x1_ASAP7_75t_R)
  57.37 2831.69 v _157141_/Y (OA33x2_ASAP7_75t_R)
  34.73 2866.43 v _157144_/Y (OR2x2_ASAP7_75t_R)
  24.44 2890.87 v _157145_/Y (AO21x1_ASAP7_75t_R)
  26.35 2917.22 v _157196_/Y (AO32x1_ASAP7_75t_R)
  26.77 2943.99 v _157198_/Y (AO22x1_ASAP7_75t_R)
  23.00 2966.99 v _157222_/Y (AO21x1_ASAP7_75t_R)
  30.83 2997.82 v _157223_/Y (OR3x1_ASAP7_75t_R)
  42.49 3040.31 v _157312_/Y (AO21x1_ASAP7_75t_R)
  58.19 3098.50 ^ _157343_/Y (NAND2x1_ASAP7_75t_R)
  43.82 3142.32 v _157440_/Y (AOI221x1_ASAP7_75t_R)
  30.91 3173.23 v _157456_/Y (OA222x2_ASAP7_75t_R)
  22.24 3195.47 v _157459_/Y (AND5x2_ASAP7_75t_R)
  20.86 3216.33 v _157472_/Y (OA31x2_ASAP7_75t_R)
  42.26 3258.59 v _157475_/Y (OR4x2_ASAP7_75t_R)
  63.75 3322.33 ^ _157478_/Y (NAND2x1_ASAP7_75t_R)
  19.94 3342.27 v _157479_/Y (NOR2x1_ASAP7_75t_R)
  25.21 3367.48 v _157485_/Y (OA21x2_ASAP7_75t_R)
  28.58 3396.06 v _157492_/Y (AO221x1_ASAP7_75t_R)
  26.03 3422.09 v _157649_/Y (OA21x2_ASAP7_75t_R)
  24.74 3446.82 v _157651_/Y (AO21x1_ASAP7_75t_R)
  41.75 3488.58 v _157652_/Y (AO22x1_ASAP7_75t_R)
  64.55 3553.13 ^ _157732_/Y (NAND2x1_ASAP7_75t_R)
  25.99 3579.12 ^ _157764_/Y (AO21x1_ASAP7_75t_R)
  24.20 3603.32 v _157767_/Y (AOI22x1_ASAP7_75t_R)
  37.31 3640.63 v _157790_/Y (OA21x2_ASAP7_75t_R)
  18.85 3659.48 ^ _157827_/Y (AOI211x1_ASAP7_75t_R)
  19.61 3679.09 v _157842_/Y (OAI21x1_ASAP7_75t_R)
  89.64 3768.73 v _157921_/Y (AO221x1_ASAP7_75t_R)
  48.27 3817.00 v _157922_/Y (AO221x1_ASAP7_75t_R)
  27.48 3844.48 v _157925_/Y (AO32x2_ASAP7_75t_R)
  22.59 3867.07 v _157949_/Y (OA211x2_ASAP7_75t_R)
  32.17 3899.24 v _157967_/Y (AO222x2_ASAP7_75t_R)
  38.29 3937.53 v _158020_/Y (AO221x1_ASAP7_75t_R)
  28.61 3966.14 v _158084_/Y (AO211x2_ASAP7_75t_R)
  41.43 4007.57 v _158094_/Y (AND2x2_ASAP7_75t_R)
  49.23 4056.80 v _158173_/Y (OR3x2_ASAP7_75t_R)
  22.73 4079.54 v _158271_/Y (AO221x1_ASAP7_75t_R)
  33.06 4112.59 v _158272_/Y (OR5x1_ASAP7_75t_R)
  46.33 4158.93 v _158273_/Y (OR5x1_ASAP7_75t_R)
  20.14 4179.06 ^ _158274_/Y (NAND2x2_ASAP7_75t_R)
  54.60 4233.66 v _158287_/Y (OAI21x1_ASAP7_75t_R)
  52.70 4286.36 v _158298_/Y (AND2x2_ASAP7_75t_R)
  35.64 4322.00 v _158304_/Y (OA211x2_ASAP7_75t_R)
  30.46 4352.46 v _158330_/Y (XNOR2x2_ASAP7_75t_R)
  29.58 4382.04 v _158388_/Y (OR5x1_ASAP7_75t_R)
  42.94 4424.98 v _158399_/Y (AO33x2_ASAP7_75t_R)
  26.16 4451.15 v _158436_/Y (AND2x2_ASAP7_75t_R)
  78.93 4530.07 v _158437_/Y (OR3x1_ASAP7_75t_R)
  70.98 4601.05 v _158474_/Y (AND2x2_ASAP7_75t_R)
  38.15 4639.21 ^ _158476_/Y (AOI22x1_ASAP7_75t_R)
  23.17 4662.38 ^ _158477_/Y (AND2x2_ASAP7_75t_R)
  16.00 4678.38 v _158496_/Y (AOI221x1_ASAP7_75t_R)
  33.09 4711.47 v _158497_/Y (MAJx2_ASAP7_75t_R)
  24.75 4736.22 v _158571_/Y (AO21x1_ASAP7_75t_R)
  46.55 4782.77 v _158629_/Y (AO221x2_ASAP7_75t_R)
  81.05 4863.83 ^ _158672_/Y (NAND2x1_ASAP7_75t_R)
  35.80 4899.63 ^ _158689_/Y (AND2x2_ASAP7_75t_R)
  22.57 4922.20 ^ _158690_/Y (OA21x2_ASAP7_75t_R)
  20.24 4942.44 ^ _158691_/Y (OR2x2_ASAP7_75t_R)
  22.82 4965.26 ^ _158702_/Y (AND3x1_ASAP7_75t_R)
  21.78 4987.04 ^ _158720_/Y (OA21x2_ASAP7_75t_R)
  24.53 5011.57 ^ _158743_/Y (OA31x2_ASAP7_75t_R)
  15.08 5026.64 ^ _158761_/Y (OR4x1_ASAP7_75t_R)
  48.03 5074.67 ^ _158764_/Y (AND5x2_ASAP7_75t_R)
  52.84 5127.52 ^ _159054_/Y (OA21x2_ASAP7_75t_R)
 118.43 5245.95 ^ _159120_/Y (OA21x2_ASAP7_75t_R)
  58.79 5304.73 ^ _159154_/Y (AO221x1_ASAP7_75t_R)
  92.01 5396.74 ^ _159901_/Y (AND2x2_ASAP7_75t_R)
 173.87 5570.61 v _159903_/Y (NOR2x1_ASAP7_75t_R)
 111.84 5682.45 ^ _163131_/Y (NAND2x2_ASAP7_75t_R)
  35.25 5717.70 ^ load_slew954/Y (BUFx16f_ASAP7_75t_R)
  36.94 5754.64 ^ load_slew952/Y (BUFx16f_ASAP7_75t_R)
 155.10 5909.75 ^ _164753_/Y (OR2x2_ASAP7_75t_R)
  55.82 5965.56 v _201247_/Y (NAND2x1_ASAP7_75t_R)
  20.68 5986.24 v _201248_/Y (AO21x1_ASAP7_75t_R)
  25.73 6011.97 v _201249_/Y (OA211x2_ASAP7_75t_R)
  16.79 6028.76 v _201250_/Y (AO21x1_ASAP7_75t_R)
  15.26 6044.02 v _201251_/Y (AND2x2_ASAP7_75t_R)
   0.08 6044.09 v _312551_/D (DFFHQNx1_ASAP7_75t_R)
        6044.09   data arrival time

12000.00 12000.00   clock core_clk (rise edge)
   0.00 12000.00   clock source latency
   0.00 12000.00 ^ clk (in)
  46.11 12046.11 ^ wire4945/Y (BUFx10_ASAP7_75t_R)
  47.38 12093.49 ^ clkbuf_0_clk/Y (BUFx24_ASAP7_75t_R)
  28.80 12122.29 ^ clkbuf_1_1_0_clk/Y (BUFx24_ASAP7_75t_R)
  28.42 12150.71 ^ clkbuf_2_3_0_clk/Y (BUFx24_ASAP7_75t_R)
  26.26 12176.97 ^ clkbuf_3_7_0_clk/Y (BUFx24_ASAP7_75t_R)
  29.86 12206.83 ^ clkbuf_4_14_0_clk/Y (BUFx24_ASAP7_75t_R)
  22.34 12229.17 ^ clkbuf_6_57_0_clk/Y (BUFx24_ASAP7_75t_R)
  19.81 12248.98 ^ clkbuf_7_115__f_clk/Y (BUFx24_ASAP7_75t_R)
  21.66 12270.63 ^ clkbuf_leaf_506_clk/Y (BUFx24_ASAP7_75t_R)
   1.53 12272.16 ^ _312551_/CLK (DFFHQNx1_ASAP7_75t_R)
 -50.00 12222.16   clock uncertainty
   2.19 12224.35   clock reconvergence pessimism
  -0.41 12223.95   library setup time
        12223.95   data required time
---------------------------------------------------------
        12223.95   data required time
        -6044.09   data arrival time
---------------------------------------------------------
        6179.85   slack (MET)


Startpoint: _308209_ (rising edge-triggered flip-flop clocked by core_clk)
Endpoint: _312527_ (rising edge-triggered flip-flop clocked by core_clk)
Path Group: reg2reg
Path Type: max

  Delay    Time   Description
---------------------------------------------------------
   0.00    0.00   clock core_clk (rise edge)
   0.00    0.00   clock source latency
   0.00    0.00 ^ clk (in)
  46.81   46.81 ^ wire4945/Y (BUFx10_ASAP7_75t_R)
  48.87   95.68 ^ clkbuf_0_clk/Y (BUFx24_ASAP7_75t_R)
  30.20  125.87 ^ clkbuf_1_0_0_clk/Y (BUFx24_ASAP7_75t_R)
  29.09  154.96 ^ clkbuf_2_1_0_clk/Y (BUFx24_ASAP7_75t_R)
  26.47  181.44 ^ clkbuf_3_2_0_clk/Y (BUFx24_ASAP7_75t_R)
  30.84  212.28 ^ clkbuf_4_4_0_clk/Y (BUFx24_ASAP7_75t_R)
  24.84  237.12 ^ clkbuf_6_19_0_clk/Y (BUFx24_ASAP7_75t_R)
  21.77  258.88 ^ clkbuf_7_38__f_clk/Y (BUFx24_ASAP7_75t_R)
  27.65  286.53 ^ clkbuf_leaf_778_clk/Y (BUFx24_ASAP7_75t_R)
   2.33  288.86 ^ _308209_/CLK (DFFHQNx3_ASAP7_75t_R)
  56.18  345.04 ^ _308209_/QN (DFFHQNx3_ASAP7_75t_R)
  27.51  372.55 ^ wire4778/Y (BUFx16f_ASAP7_75t_R)
  66.95  439.50 ^ wire4776/Y (BUFx16f_ASAP7_75t_R)
  33.08  472.58 ^ wire4775/Y (BUFx16f_ASAP7_75t_R)
  73.63  546.21 ^ load_slew4774/Y (BUFx16f_ASAP7_75t_R)
  94.00  640.21 ^ _153629_/Y (AND2x2_ASAP7_75t_R)
 169.02  809.24 v _153630_/Y (NAND2x1_ASAP7_75t_R)
  64.17  873.41 v _153631_/Y (OA21x2_ASAP7_75t_R)
 108.13  981.54 v _153633_/Y (AND3x1_ASAP7_75t_R)
  89.17 1070.71 v _154870_/Y (AO222x2_ASAP7_75t_R)
  47.40 1118.11 v _154873_/Y (OR3x2_ASAP7_75t_R)
  54.24 1172.36 v _154878_/Y (OR5x1_ASAP7_75t_R)
  93.99 1266.34 v _154879_/Y (OR4x1_ASAP7_75t_R)
  74.48 1340.82 v _155829_/Y (OR4x1_ASAP7_75t_R)
  24.56 1365.38 v _155944_/Y (AO221x1_ASAP7_75t_R)
  50.94 1416.32 v _155949_/Y (OR5x1_ASAP7_75t_R)
  34.05 1450.37 v _156013_/Y (AND2x2_ASAP7_75t_R)
  49.97 1500.34 ^ _156016_/Y (NAND3x1_ASAP7_75t_R)
  39.70 1540.04 v _156112_/Y (AOI221x1_ASAP7_75t_R)
  26.08 1566.12 v _156115_/Y (OA21x2_ASAP7_75t_R)
  21.84 1587.97 v _156116_/Y (OR3x1_ASAP7_75t_R)
  38.63 1626.60 v _156123_/Y (AO33x2_ASAP7_75t_R)
  41.76 1668.35 ^ _156140_/Y (NAND2x1_ASAP7_75t_R)
 110.76 1779.11 ^ _156253_/Y (AO221x1_ASAP7_75t_R)
  69.58 1848.70 v _156308_/Y (NAND2x2_ASAP7_75t_R)
  49.02 1897.71 v _156311_/Y (AO21x2_ASAP7_75t_R)
  23.18 1920.89 v _156314_/Y (OA21x2_ASAP7_75t_R)
  27.71 1948.60 v _156388_/Y (AO221x1_ASAP7_75t_R)
  22.62 1971.22 v _156389_/Y (OA21x2_ASAP7_75t_R)
  24.14 1995.36 ^ _156393_/Y (AOI22x1_ASAP7_75t_R)
  53.99 2049.35 v _156410_/Y (NAND2x1_ASAP7_75t_R)
  71.47 2120.82 v _156421_/Y (AO33x2_ASAP7_75t_R)
  32.75 2153.58 ^ _156522_/Y (XNOR2x2_ASAP7_75t_R)
  25.19 2178.76 ^ _156526_/Y (AND4x1_ASAP7_75t_R)
  19.20 2197.96 ^ _156550_/Y (AO21x1_ASAP7_75t_R)
  19.23 2217.19 ^ _156551_/Y (AO21x1_ASAP7_75t_R)
  80.77 2297.96 ^ _156552_/Y (OA211x2_ASAP7_75t_R)
  89.28 2387.25 v _156555_/Y (INVx1_ASAP7_75t_R)
  33.68 2420.92 ^ _156568_/Y (OAI21x1_ASAP7_75t_R)
  34.29 2455.21 v _156616_/Y (AOI221x1_ASAP7_75t_R)
  48.52 2503.73 v _156806_/Y (OA211x2_ASAP7_75t_R)
  13.78 2517.51 ^ _156807_/Y (NAND2x1_ASAP7_75t_R)
  71.16 2588.67 ^ _156882_/Y (AO32x1_ASAP7_75t_R)
  34.48 2623.15 ^ _156995_/Y (OR2x2_ASAP7_75t_R)
  39.01 2662.16 ^ _157002_/Y (AO32x1_ASAP7_75t_R)
  36.29 2698.44 ^ _157004_/Y (XNOR2x2_ASAP7_75t_R)
  14.38 2712.83 v _157005_/Y (NOR3x1_ASAP7_75t_R)
  32.62 2745.45 v _157006_/Y (AND5x2_ASAP7_75t_R)
  28.88 2774.33 v _157078_/Y (OR3x1_ASAP7_75t_R)
  57.37 2831.69 v _157141_/Y (OA33x2_ASAP7_75t_R)
  34.73 2866.43 v _157144_/Y (OR2x2_ASAP7_75t_R)
  24.44 2890.87 v _157145_/Y (AO21x1_ASAP7_75t_R)
  26.35 2917.22 v _157196_/Y (AO32x1_ASAP7_75t_R)
  26.77 2943.99 v _157198_/Y (AO22x1_ASAP7_75t_R)
  23.00 2966.99 v _157222_/Y (AO21x1_ASAP7_75t_R)
  30.83 2997.82 v _157223_/Y (OR3x1_ASAP7_75t_R)
  42.49 3040.31 v _157312_/Y (AO21x1_ASAP7_75t_R)
  58.19 3098.50 ^ _157343_/Y (NAND2x1_ASAP7_75t_R)
  43.82 3142.32 v _157440_/Y (AOI221x1_ASAP7_75t_R)
  30.91 3173.23 v _157456_/Y (OA222x2_ASAP7_75t_R)
  22.24 3195.47 v _157459_/Y (AND5x2_ASAP7_75t_R)
  20.86 3216.33 v _157472_/Y (OA31x2_ASAP7_75t_R)
  42.26 3258.59 v _157475_/Y (OR4x2_ASAP7_75t_R)
  63.75 3322.33 ^ _157478_/Y (NAND2x1_ASAP7_75t_R)
  19.94 3342.27 v _157479_/Y (NOR2x1_ASAP7_75t_R)
  25.21 3367.48 v _157485_/Y (OA21x2_ASAP7_75t_R)
  28.58 3396.06 v _157492_/Y (AO221x1_ASAP7_75t_R)
  26.03 3422.09 v _157649_/Y (OA21x2_ASAP7_75t_R)
  24.74 3446.82 v _157651_/Y (AO21x1_ASAP7_75t_R)
  41.75 3488.58 v _157652_/Y (AO22x1_ASAP7_75t_R)
  64.55 3553.13 ^ _157732_/Y (NAND2x1_ASAP7_75t_R)
  25.99 3579.12 ^ _157764_/Y (AO21x1_ASAP7_75t_R)
  24.20 3603.32 v _157767_/Y (AOI22x1_ASAP7_75t_R)
  37.31 3640.63 v _157790_/Y (OA21x2_ASAP7_75t_R)
  18.85 3659.48 ^ _157827_/Y (AOI211x1_ASAP7_75t_R)
  19.61 3679.09 v _157842_/Y (OAI21x1_ASAP7_75t_R)
  89.64 3768.73 v _157921_/Y (AO221x1_ASAP7_75t_R)
  48.27 3817.00 v _157922_/Y (AO221x1_ASAP7_75t_R)
  27.48 3844.48 v _157925_/Y (AO32x2_ASAP7_75t_R)
  22.59 3867.07 v _157949_/Y (OA211x2_ASAP7_75t_R)
  32.17 3899.24 v _157967_/Y (AO222x2_ASAP7_75t_R)
  38.29 3937.53 v _158020_/Y (AO221x1_ASAP7_75t_R)
  28.61 3966.14 v _158084_/Y (AO211x2_ASAP7_75t_R)
  41.43 4007.57 v _158094_/Y (AND2x2_ASAP7_75t_R)
  49.23 4056.80 v _158173_/Y (OR3x2_ASAP7_75t_R)
  22.73 4079.54 v _158271_/Y (AO221x1_ASAP7_75t_R)
  33.06 4112.59 v _158272_/Y (OR5x1_ASAP7_75t_R)
  46.33 4158.93 v _158273_/Y (OR5x1_ASAP7_75t_R)
  20.14 4179.06 ^ _158274_/Y (NAND2x2_ASAP7_75t_R)
  54.60 4233.66 v _158287_/Y (OAI21x1_ASAP7_75t_R)
  52.70 4286.36 v _158298_/Y (AND2x2_ASAP7_75t_R)
  35.64 4322.00 v _158304_/Y (OA211x2_ASAP7_75t_R)
  30.46 4352.46 v _158330_/Y (XNOR2x2_ASAP7_75t_R)
  29.58 4382.04 v _158388_/Y (OR5x1_ASAP7_75t_R)
  42.94 4424.98 v _158399_/Y (AO33x2_ASAP7_75t_R)
  26.16 4451.15 v _158436_/Y (AND2x2_ASAP7_75t_R)
  78.93 4530.07 v _158437_/Y (OR3x1_ASAP7_75t_R)
  70.98 4601.05 v _158474_/Y (AND2x2_ASAP7_75t_R)
  38.15 4639.21 ^ _158476_/Y (AOI22x1_ASAP7_75t_R)
  23.17 4662.38 ^ _158477_/Y (AND2x2_ASAP7_75t_R)
  16.00 4678.38 v _158496_/Y (AOI221x1_ASAP7_75t_R)
  33.09 4711.47 v _158497_/Y (MAJx2_ASAP7_75t_R)
  24.75 4736.22 v _158571_/Y (AO21x1_ASAP7_75t_R)
  46.55 4782.77 v _158629_/Y (AO221x2_ASAP7_75t_R)
  81.05 4863.83 ^ _158672_/Y (NAND2x1_ASAP7_75t_R)
  35.80 4899.63 ^ _158689_/Y (AND2x2_ASAP7_75t_R)
  22.57 4922.20 ^ _158690_/Y (OA21x2_ASAP7_75t_R)
  20.24 4942.44 ^ _158691_/Y (OR2x2_ASAP7_75t_R)
  22.82 4965.26 ^ _158702_/Y (AND3x1_ASAP7_75t_R)
  21.78 4987.04 ^ _158720_/Y (OA21x2_ASAP7_75t_R)
  24.53 5011.57 ^ _158743_/Y (OA31x2_ASAP7_75t_R)
  15.08 5026.64 ^ _158761_/Y (OR4x1_ASAP7_75t_R)
  48.03 5074.67 ^ _158764_/Y (AND5x2_ASAP7_75t_R)
  52.84 5127.52 ^ _159054_/Y (OA21x2_ASAP7_75t_R)
 118.43 5245.95 ^ _159120_/Y (OA21x2_ASAP7_75t_R)
  58.79 5304.73 ^ _159154_/Y (AO221x1_ASAP7_75t_R)
  92.01 5396.74 ^ _159901_/Y (AND2x2_ASAP7_75t_R)
 173.87 5570.61 v _159903_/Y (NOR2x1_ASAP7_75t_R)
 111.84 5682.45 ^ _163131_/Y (NAND2x2_ASAP7_75t_R)
  35.25 5717.70 ^ load_slew954/Y (BUFx16f_ASAP7_75t_R)
  36.94 5754.64 ^ load_slew952/Y (BUFx16f_ASAP7_75t_R)
 155.10 5909.75 ^ _164753_/Y (OR2x2_ASAP7_75t_R)
  62.58 5972.32 v _201084_/Y (NAND2x1_ASAP7_75t_R)
  21.18 5993.50 v _201085_/Y (AO21x1_ASAP7_75t_R)
  26.21 6019.71 v _201086_/Y (OA211x2_ASAP7_75t_R)
  16.00 6035.71 v _201087_/Y (AO21x1_ASAP7_75t_R)
  14.94 6050.65 v _201088_/Y (AND2x2_ASAP7_75t_R)
   0.08 6050.72 v _312527_/D (DFFHQNx1_ASAP7_75t_R)
        6050.72   data arrival time

12000.00 12000.00   clock core_clk (rise edge)
   0.00 12000.00   clock source latency
   0.00 12000.00 ^ clk (in)
  46.11 12046.11 ^ wire4945/Y (BUFx10_ASAP7_75t_R)
  47.38 12093.49 ^ clkbuf_0_clk/Y (BUFx24_ASAP7_75t_R)
  28.80 12122.29 ^ clkbuf_1_1_0_clk/Y (BUFx24_ASAP7_75t_R)
  28.42 12150.71 ^ clkbuf_2_3_0_clk/Y (BUFx24_ASAP7_75t_R)
  22.98 12173.68 ^ clkbuf_3_6_0_clk/Y (BUFx24_ASAP7_75t_R)
  28.79 12202.47 ^ clkbuf_4_13_0_clk/Y (BUFx24_ASAP7_75t_R)
  25.67 12228.14 ^ clkbuf_6_54_0_clk/Y (BUFx24_ASAP7_75t_R)
  20.61 12248.74 ^ clkbuf_7_109__f_clk/Y (BUFx24_ASAP7_75t_R)
  26.20 12274.94 ^ clkbuf_leaf_488_clk/Y (BUFx24_ASAP7_75t_R)
   3.00 12277.95 ^ _312527_/CLK (DFFHQNx1_ASAP7_75t_R)
 -50.00 12227.95   clock uncertainty
   2.19 12230.14   clock reconvergence pessimism
   0.59 12230.72   library setup time
        12230.72   data required time
---------------------------------------------------------
        12230.72   data required time
        -6050.72   data arrival time
---------------------------------------------------------
        6180.00   slack (MET)


Startpoint: _308209_ (rising edge-triggered flip-flop clocked by core_clk)
Endpoint: _312492_ (rising edge-triggered flip-flop clocked by core_clk)
Path Group: reg2reg
Path Type: max

  Delay    Time   Description
---------------------------------------------------------
   0.00    0.00   clock core_clk (rise edge)
   0.00    0.00   clock source latency
   0.00    0.00 ^ clk (in)
  46.81   46.81 ^ wire4945/Y (BUFx10_ASAP7_75t_R)
  48.87   95.68 ^ clkbuf_0_clk/Y (BUFx24_ASAP7_75t_R)
  30.20  125.87 ^ clkbuf_1_0_0_clk/Y (BUFx24_ASAP7_75t_R)
  29.09  154.96 ^ clkbuf_2_1_0_clk/Y (BUFx24_ASAP7_75t_R)
  26.47  181.44 ^ clkbuf_3_2_0_clk/Y (BUFx24_ASAP7_75t_R)
  30.84  212.28 ^ clkbuf_4_4_0_clk/Y (BUFx24_ASAP7_75t_R)
  24.84  237.12 ^ clkbuf_6_19_0_clk/Y (BUFx24_ASAP7_75t_R)
  21.77  258.88 ^ clkbuf_7_38__f_clk/Y (BUFx24_ASAP7_75t_R)
  27.65  286.53 ^ clkbuf_leaf_778_clk/Y (BUFx24_ASAP7_75t_R)
   2.33  288.86 ^ _308209_/CLK (DFFHQNx3_ASAP7_75t_R)
  56.18  345.04 ^ _308209_/QN (DFFHQNx3_ASAP7_75t_R)
  27.51  372.55 ^ wire4778/Y (BUFx16f_ASAP7_75t_R)
  66.95  439.50 ^ wire4776/Y (BUFx16f_ASAP7_75t_R)
  33.08  472.58 ^ wire4775/Y (BUFx16f_ASAP7_75t_R)
  73.63  546.21 ^ load_slew4774/Y (BUFx16f_ASAP7_75t_R)
  94.00  640.21 ^ _153629_/Y (AND2x2_ASAP7_75t_R)
 169.02  809.24 v _153630_/Y (NAND2x1_ASAP7_75t_R)
  64.17  873.41 v _153631_/Y (OA21x2_ASAP7_75t_R)
 108.13  981.54 v _153633_/Y (AND3x1_ASAP7_75t_R)
  89.17 1070.71 v _154870_/Y (AO222x2_ASAP7_75t_R)
  47.40 1118.11 v _154873_/Y (OR3x2_ASAP7_75t_R)
  54.24 1172.36 v _154878_/Y (OR5x1_ASAP7_75t_R)
  93.99 1266.34 v _154879_/Y (OR4x1_ASAP7_75t_R)
  74.48 1340.82 v _155829_/Y (OR4x1_ASAP7_75t_R)
  24.56 1365.38 v _155944_/Y (AO221x1_ASAP7_75t_R)
  50.94 1416.32 v _155949_/Y (OR5x1_ASAP7_75t_R)
  34.05 1450.37 v _156013_/Y (AND2x2_ASAP7_75t_R)
  49.97 1500.34 ^ _156016_/Y (NAND3x1_ASAP7_75t_R)
  39.70 1540.04 v _156112_/Y (AOI221x1_ASAP7_75t_R)
  26.08 1566.12 v _156115_/Y (OA21x2_ASAP7_75t_R)
  21.84 1587.97 v _156116_/Y (OR3x1_ASAP7_75t_R)
  38.63 1626.60 v _156123_/Y (AO33x2_ASAP7_75t_R)
  41.76 1668.35 ^ _156140_/Y (NAND2x1_ASAP7_75t_R)
 110.76 1779.11 ^ _156253_/Y (AO221x1_ASAP7_75t_R)
  69.58 1848.70 v _156308_/Y (NAND2x2_ASAP7_75t_R)
  49.02 1897.71 v _156311_/Y (AO21x2_ASAP7_75t_R)
  23.18 1920.89 v _156314_/Y (OA21x2_ASAP7_75t_R)
  27.71 1948.60 v _156388_/Y (AO221x1_ASAP7_75t_R)
  22.62 1971.22 v _156389_/Y (OA21x2_ASAP7_75t_R)
  24.14 1995.36 ^ _156393_/Y (AOI22x1_ASAP7_75t_R)
  53.99 2049.35 v _156410_/Y (NAND2x1_ASAP7_75t_R)
  71.47 2120.82 v _156421_/Y (AO33x2_ASAP7_75t_R)
  32.75 2153.58 ^ _156522_/Y (XNOR2x2_ASAP7_75t_R)
  25.19 2178.76 ^ _156526_/Y (AND4x1_ASAP7_75t_R)
  19.20 2197.96 ^ _156550_/Y (AO21x1_ASAP7_75t_R)
  19.23 2217.19 ^ _156551_/Y (AO21x1_ASAP7_75t_R)
  80.77 2297.96 ^ _156552_/Y (OA211x2_ASAP7_75t_R)
  89.28 2387.25 v _156555_/Y (INVx1_ASAP7_75t_R)
  33.68 2420.92 ^ _156568_/Y (OAI21x1_ASAP7_75t_R)
  34.29 2455.21 v _156616_/Y (AOI221x1_ASAP7_75t_R)
  48.52 2503.73 v _156806_/Y (OA211x2_ASAP7_75t_R)
  13.78 2517.51 ^ _156807_/Y (NAND2x1_ASAP7_75t_R)
  71.16 2588.67 ^ _156882_/Y (AO32x1_ASAP7_75t_R)
  34.48 2623.15 ^ _156995_/Y (OR2x2_ASAP7_75t_R)
  39.01 2662.16 ^ _157002_/Y (AO32x1_ASAP7_75t_R)
  36.29 2698.44 ^ _157004_/Y (XNOR2x2_ASAP7_75t_R)
  14.38 2712.83 v _157005_/Y (NOR3x1_ASAP7_75t_R)
  32.62 2745.45 v _157006_/Y (AND5x2_ASAP7_75t_R)
  28.88 2774.33 v _157078_/Y (OR3x1_ASAP7_75t_R)
  57.37 2831.69 v _157141_/Y (OA33x2_ASAP7_75t_R)
  34.73 2866.43 v _157144_/Y (OR2x2_ASAP7_75t_R)
  24.44 2890.87 v _157145_/Y (AO21x1_ASAP7_75t_R)
  26.35 2917.22 v _157196_/Y (AO32x1_ASAP7_75t_R)
  26.77 2943.99 v _157198_/Y (AO22x1_ASAP7_75t_R)
  23.00 2966.99 v _157222_/Y (AO21x1_ASAP7_75t_R)
  30.83 2997.82 v _157223_/Y (OR3x1_ASAP7_75t_R)
  42.49 3040.31 v _157312_/Y (AO21x1_ASAP7_75t_R)
  58.19 3098.50 ^ _157343_/Y (NAND2x1_ASAP7_75t_R)
  43.82 3142.32 v _157440_/Y (AOI221x1_ASAP7_75t_R)
  30.91 3173.23 v _157456_/Y (OA222x2_ASAP7_75t_R)
  22.24 3195.47 v _157459_/Y (AND5x2_ASAP7_75t_R)
  20.86 3216.33 v _157472_/Y (OA31x2_ASAP7_75t_R)
  42.26 3258.59 v _157475_/Y (OR4x2_ASAP7_75t_R)
  63.75 3322.33 ^ _157478_/Y (NAND2x1_ASAP7_75t_R)
  19.94 3342.27 v _157479_/Y (NOR2x1_ASAP7_75t_R)
  25.21 3367.48 v _157485_/Y (OA21x2_ASAP7_75t_R)
  28.58 3396.06 v _157492_/Y (AO221x1_ASAP7_75t_R)
  26.03 3422.09 v _157649_/Y (OA21x2_ASAP7_75t_R)
  24.74 3446.82 v _157651_/Y (AO21x1_ASAP7_75t_R)
  41.75 3488.58 v _157652_/Y (AO22x1_ASAP7_75t_R)
  64.55 3553.13 ^ _157732_/Y (NAND2x1_ASAP7_75t_R)
  25.99 3579.12 ^ _157764_/Y (AO21x1_ASAP7_75t_R)
  24.20 3603.32 v _157767_/Y (AOI22x1_ASAP7_75t_R)
  37.31 3640.63 v _157790_/Y (OA21x2_ASAP7_75t_R)
  18.85 3659.48 ^ _157827_/Y (AOI211x1_ASAP7_75t_R)
  19.61 3679.09 v _157842_/Y (OAI21x1_ASAP7_75t_R)
  89.64 3768.73 v _157921_/Y (AO221x1_ASAP7_75t_R)
  48.27 3817.00 v _157922_/Y (AO221x1_ASAP7_75t_R)
  27.48 3844.48 v _157925_/Y (AO32x2_ASAP7_75t_R)
  22.59 3867.07 v _157949_/Y (OA211x2_ASAP7_75t_R)
  32.17 3899.24 v _157967_/Y (AO222x2_ASAP7_75t_R)
  38.29 3937.53 v _158020_/Y (AO221x1_ASAP7_75t_R)
  28.61 3966.14 v _158084_/Y (AO211x2_ASAP7_75t_R)
  41.43 4007.57 v _158094_/Y (AND2x2_ASAP7_75t_R)
  49.23 4056.80 v _158173_/Y (OR3x2_ASAP7_75t_R)
  22.73 4079.54 v _158271_/Y (AO221x1_ASAP7_75t_R)
  33.06 4112.59 v _158272_/Y (OR5x1_ASAP7_75t_R)
  46.33 4158.93 v _158273_/Y (OR5x1_ASAP7_75t_R)
  20.14 4179.06 ^ _158274_/Y (NAND2x2_ASAP7_75t_R)
  54.60 4233.66 v _158287_/Y (OAI21x1_ASAP7_75t_R)
  52.70 4286.36 v _158298_/Y (AND2x2_ASAP7_75t_R)
  35.64 4322.00 v _158304_/Y (OA211x2_ASAP7_75t_R)
  30.46 4352.46 v _158330_/Y (XNOR2x2_ASAP7_75t_R)
  29.58 4382.04 v _158388_/Y (OR5x1_ASAP7_75t_R)
  42.94 4424.98 v _158399_/Y (AO33x2_ASAP7_75t_R)
  26.16 4451.15 v _158436_/Y (AND2x2_ASAP7_75t_R)
  78.93 4530.07 v _158437_/Y (OR3x1_ASAP7_75t_R)
  70.98 4601.05 v _158474_/Y (AND2x2_ASAP7_75t_R)
  38.15 4639.21 ^ _158476_/Y (AOI22x1_ASAP7_75t_R)
  23.17 4662.38 ^ _158477_/Y (AND2x2_ASAP7_75t_R)
  16.00 4678.38 v _158496_/Y (AOI221x1_ASAP7_75t_R)
  33.09 4711.47 v _158497_/Y (MAJx2_ASAP7_75t_R)
  24.75 4736.22 v _158571_/Y (AO21x1_ASAP7_75t_R)
  46.55 4782.77 v _158629_/Y (AO221x2_ASAP7_75t_R)
  81.05 4863.83 ^ _158672_/Y (NAND2x1_ASAP7_75t_R)
  35.80 4899.63 ^ _158689_/Y (AND2x2_ASAP7_75t_R)
  22.57 4922.20 ^ _158690_/Y (OA21x2_ASAP7_75t_R)
  20.24 4942.44 ^ _158691_/Y (OR2x2_ASAP7_75t_R)
  22.82 4965.26 ^ _158702_/Y (AND3x1_ASAP7_75t_R)
  21.78 4987.04 ^ _158720_/Y (OA21x2_ASAP7_75t_R)
  24.53 5011.57 ^ _158743_/Y (OA31x2_ASAP7_75t_R)
  15.08 5026.64 ^ _158761_/Y (OR4x1_ASAP7_75t_R)
  48.03 5074.67 ^ _158764_/Y (AND5x2_ASAP7_75t_R)
  52.84 5127.52 ^ _159054_/Y (OA21x2_ASAP7_75t_R)
 118.43 5245.95 ^ _159120_/Y (OA21x2_ASAP7_75t_R)
  58.79 5304.73 ^ _159154_/Y (AO221x1_ASAP7_75t_R)
  92.01 5396.74 ^ _159901_/Y (AND2x2_ASAP7_75t_R)
 173.87 5570.61 v _159903_/Y (NOR2x1_ASAP7_75t_R)
  96.92 5667.53 ^ _163182_/Y (NAND2x2_ASAP7_75t_R)
  31.92 5699.44 ^ load_slew951/Y (BUFx16f_ASAP7_75t_R)
  21.96 5721.41 ^ load_slew949/Y (BUFx16f_ASAP7_75t_R)
  32.45 5753.86 ^ wire948/Y (BUFx16f_ASAP7_75t_R)
 159.78 5913.64 ^ _164794_/Y (OR2x2_ASAP7_75t_R)
  48.56 5962.20 v _201279_/Y (NAND2x1_ASAP7_75t_R)
  21.72 5983.92 v _201282_/Y (AO21x1_ASAP7_75t_R)
  26.56 6010.47 v _201283_/Y (OA211x2_ASAP7_75t_R)
  16.27 6026.74 v _201284_/Y (AO21x1_ASAP7_75t_R)
  14.74 6041.48 v _201285_/Y (AND2x2_ASAP7_75t_R)
   0.06 6041.54 v _312492_/D (DFFHQNx1_ASAP7_75t_R)
        6041.54   data arrival time

12000.00 12000.00   clock core_clk (rise edge)
   0.00 12000.00   clock source latency
   0.00 12000.00 ^ clk (in)
  46.11 12046.11 ^ wire4945/Y (BUFx10_ASAP7_75t_R)
  47.38 12093.49 ^ clkbuf_0_clk/Y (BUFx24_ASAP7_75t_R)
  28.80 12122.29 ^ clkbuf_1_1_0_clk/Y (BUFx24_ASAP7_75t_R)
  28.42 12150.71 ^ clkbuf_2_3_0_clk/Y (BUFx24_ASAP7_75t_R)
  26.26 12176.97 ^ clkbuf_3_7_0_clk/Y (BUFx24_ASAP7_75t_R)
  29.86 12206.83 ^ clkbuf_4_14_0_clk/Y (BUFx24_ASAP7_75t_R)
  22.34 12229.17 ^ clkbuf_6_57_0_clk/Y (BUFx24_ASAP7_75t_R)
  19.85 12249.02 ^ clkbuf_7_114__f_clk/Y (BUFx24_ASAP7_75t_R)
  21.76 12270.78 ^ clkbuf_leaf_492_clk/Y (BUFx24_ASAP7_75t_R)
   1.69 12272.46 ^ _312492_/CLK (DFFHQNx1_ASAP7_75t_R)
 -50.00 12222.46   clock uncertainty
   2.19 12224.65   clock reconvergence pessimism
  -0.05 12224.60   library setup time
        12224.60   data required time
---------------------------------------------------------
        12224.60   data required time
        -6041.54   data arrival time
---------------------------------------------------------
        6183.07   slack (MET)


Startpoint: _308209_ (rising edge-triggered flip-flop clocked by core_clk)
Endpoint: _312554_ (rising edge-triggered flip-flop clocked by core_clk)
Path Group: reg2reg
Path Type: max

  Delay    Time   Description
---------------------------------------------------------
   0.00    0.00   clock core_clk (rise edge)
   0.00    0.00   clock source latency
   0.00    0.00 ^ clk (in)
  46.81   46.81 ^ wire4945/Y (BUFx10_ASAP7_75t_R)
  48.87   95.68 ^ clkbuf_0_clk/Y (BUFx24_ASAP7_75t_R)
  30.20  125.87 ^ clkbuf_1_0_0_clk/Y (BUFx24_ASAP7_75t_R)
  29.09  154.96 ^ clkbuf_2_1_0_clk/Y (BUFx24_ASAP7_75t_R)
  26.47  181.44 ^ clkbuf_3_2_0_clk/Y (BUFx24_ASAP7_75t_R)
  30.84  212.28 ^ clkbuf_4_4_0_clk/Y (BUFx24_ASAP7_75t_R)
  24.84  237.12 ^ clkbuf_6_19_0_clk/Y (BUFx24_ASAP7_75t_R)
  21.77  258.88 ^ clkbuf_7_38__f_clk/Y (BUFx24_ASAP7_75t_R)
  27.65  286.53 ^ clkbuf_leaf_778_clk/Y (BUFx24_ASAP7_75t_R)
   2.33  288.86 ^ _308209_/CLK (DFFHQNx3_ASAP7_75t_R)
  56.18  345.04 ^ _308209_/QN (DFFHQNx3_ASAP7_75t_R)
  27.51  372.55 ^ wire4778/Y (BUFx16f_ASAP7_75t_R)
  66.95  439.50 ^ wire4776/Y (BUFx16f_ASAP7_75t_R)
  33.08  472.58 ^ wire4775/Y (BUFx16f_ASAP7_75t_R)
  73.63  546.21 ^ load_slew4774/Y (BUFx16f_ASAP7_75t_R)
  94.00  640.21 ^ _153629_/Y (AND2x2_ASAP7_75t_R)
 169.02  809.24 v _153630_/Y (NAND2x1_ASAP7_75t_R)
  64.17  873.41 v _153631_/Y (OA21x2_ASAP7_75t_R)
 108.13  981.54 v _153633_/Y (AND3x1_ASAP7_75t_R)
  89.17 1070.71 v _154870_/Y (AO222x2_ASAP7_75t_R)
  47.40 1118.11 v _154873_/Y (OR3x2_ASAP7_75t_R)
  54.24 1172.36 v _154878_/Y (OR5x1_ASAP7_75t_R)
  93.99 1266.34 v _154879_/Y (OR4x1_ASAP7_75t_R)
  74.48 1340.82 v _155829_/Y (OR4x1_ASAP7_75t_R)
  24.56 1365.38 v _155944_/Y (AO221x1_ASAP7_75t_R)
  50.94 1416.32 v _155949_/Y (OR5x1_ASAP7_75t_R)
  34.05 1450.37 v _156013_/Y (AND2x2_ASAP7_75t_R)
  49.97 1500.34 ^ _156016_/Y (NAND3x1_ASAP7_75t_R)
  39.70 1540.04 v _156112_/Y (AOI221x1_ASAP7_75t_R)
  26.08 1566.12 v _156115_/Y (OA21x2_ASAP7_75t_R)
  21.84 1587.97 v _156116_/Y (OR3x1_ASAP7_75t_R)
  38.63 1626.60 v _156123_/Y (AO33x2_ASAP7_75t_R)
  41.76 1668.35 ^ _156140_/Y (NAND2x1_ASAP7_75t_R)
 110.76 1779.11 ^ _156253_/Y (AO221x1_ASAP7_75t_R)
  69.58 1848.70 v _156308_/Y (NAND2x2_ASAP7_75t_R)
  49.02 1897.71 v _156311_/Y (AO21x2_ASAP7_75t_R)
  23.18 1920.89 v _156314_/Y (OA21x2_ASAP7_75t_R)
  27.71 1948.60 v _156388_/Y (AO221x1_ASAP7_75t_R)
  22.62 1971.22 v _156389_/Y (OA21x2_ASAP7_75t_R)
  24.14 1995.36 ^ _156393_/Y (AOI22x1_ASAP7_75t_R)
  53.99 2049.35 v _156410_/Y (NAND2x1_ASAP7_75t_R)
  71.47 2120.82 v _156421_/Y (AO33x2_ASAP7_75t_R)
  32.75 2153.58 ^ _156522_/Y (XNOR2x2_ASAP7_75t_R)
  25.19 2178.76 ^ _156526_/Y (AND4x1_ASAP7_75t_R)
  19.20 2197.96 ^ _156550_/Y (AO21x1_ASAP7_75t_R)
  19.23 2217.19 ^ _156551_/Y (AO21x1_ASAP7_75t_R)
  80.77 2297.96 ^ _156552_/Y (OA211x2_ASAP7_75t_R)
  89.28 2387.25 v _156555_/Y (INVx1_ASAP7_75t_R)
  33.68 2420.92 ^ _156568_/Y (OAI21x1_ASAP7_75t_R)
  34.29 2455.21 v _156616_/Y (AOI221x1_ASAP7_75t_R)
  48.52 2503.73 v _156806_/Y (OA211x2_ASAP7_75t_R)
  13.78 2517.51 ^ _156807_/Y (NAND2x1_ASAP7_75t_R)
  71.16 2588.67 ^ _156882_/Y (AO32x1_ASAP7_75t_R)
  34.48 2623.15 ^ _156995_/Y (OR2x2_ASAP7_75t_R)
  39.01 2662.16 ^ _157002_/Y (AO32x1_ASAP7_75t_R)
  36.29 2698.44 ^ _157004_/Y (XNOR2x2_ASAP7_75t_R)
  14.38 2712.83 v _157005_/Y (NOR3x1_ASAP7_75t_R)
  32.62 2745.45 v _157006_/Y (AND5x2_ASAP7_75t_R)
  28.88 2774.33 v _157078_/Y (OR3x1_ASAP7_75t_R)
  57.37 2831.69 v _157141_/Y (OA33x2_ASAP7_75t_R)
  34.73 2866.43 v _157144_/Y (OR2x2_ASAP7_75t_R)
  24.44 2890.87 v _157145_/Y (AO21x1_ASAP7_75t_R)
  26.35 2917.22 v _157196_/Y (AO32x1_ASAP7_75t_R)
  26.77 2943.99 v _157198_/Y (AO22x1_ASAP7_75t_R)
  23.00 2966.99 v _157222_/Y (AO21x1_ASAP7_75t_R)
  30.83 2997.82 v _157223_/Y (OR3x1_ASAP7_75t_R)
  42.49 3040.31 v _157312_/Y (AO21x1_ASAP7_75t_R)
  58.19 3098.50 ^ _157343_/Y (NAND2x1_ASAP7_75t_R)
  43.82 3142.32 v _157440_/Y (AOI221x1_ASAP7_75t_R)
  30.91 3173.23 v _157456_/Y (OA222x2_ASAP7_75t_R)
  22.24 3195.47 v _157459_/Y (AND5x2_ASAP7_75t_R)
  20.86 3216.33 v _157472_/Y (OA31x2_ASAP7_75t_R)
  42.26 3258.59 v _157475_/Y (OR4x2_ASAP7_75t_R)
  63.75 3322.33 ^ _157478_/Y (NAND2x1_ASAP7_75t_R)
  19.94 3342.27 v _157479_/Y (NOR2x1_ASAP7_75t_R)
  25.21 3367.48 v _157485_/Y (OA21x2_ASAP7_75t_R)
  28.58 3396.06 v _157492_/Y (AO221x1_ASAP7_75t_R)
  26.03 3422.09 v _157649_/Y (OA21x2_ASAP7_75t_R)
  24.74 3446.82 v _157651_/Y (AO21x1_ASAP7_75t_R)
  41.75 3488.58 v _157652_/Y (AO22x1_ASAP7_75t_R)
  64.55 3553.13 ^ _157732_/Y (NAND2x1_ASAP7_75t_R)
  25.99 3579.12 ^ _157764_/Y (AO21x1_ASAP7_75t_R)
  24.20 3603.32 v _157767_/Y (AOI22x1_ASAP7_75t_R)
  37.31 3640.63 v _157790_/Y (OA21x2_ASAP7_75t_R)
  18.85 3659.48 ^ _157827_/Y (AOI211x1_ASAP7_75t_R)
  19.61 3679.09 v _157842_/Y (OAI21x1_ASAP7_75t_R)
  89.64 3768.73 v _157921_/Y (AO221x1_ASAP7_75t_R)
  48.27 3817.00 v _157922_/Y (AO221x1_ASAP7_75t_R)
  27.48 3844.48 v _157925_/Y (AO32x2_ASAP7_75t_R)
  22.59 3867.07 v _157949_/Y (OA211x2_ASAP7_75t_R)
  32.17 3899.24 v _157967_/Y (AO222x2_ASAP7_75t_R)
  38.29 3937.53 v _158020_/Y (AO221x1_ASAP7_75t_R)
  28.61 3966.14 v _158084_/Y (AO211x2_ASAP7_75t_R)
  41.43 4007.57 v _158094_/Y (AND2x2_ASAP7_75t_R)
  49.23 4056.80 v _158173_/Y (OR3x2_ASAP7_75t_R)
  22.73 4079.54 v _158271_/Y (AO221x1_ASAP7_75t_R)
  33.06 4112.59 v _158272_/Y (OR5x1_ASAP7_75t_R)
  46.33 4158.93 v _158273_/Y (OR5x1_ASAP7_75t_R)
  20.14 4179.06 ^ _158274_/Y (NAND2x2_ASAP7_75t_R)
  54.60 4233.66 v _158287_/Y (OAI21x1_ASAP7_75t_R)
  52.70 4286.36 v _158298_/Y (AND2x2_ASAP7_75t_R)
  35.64 4322.00 v _158304_/Y (OA211x2_ASAP7_75t_R)
  30.46 4352.46 v _158330_/Y (XNOR2x2_ASAP7_75t_R)
  29.58 4382.04 v _158388_/Y (OR5x1_ASAP7_75t_R)
  42.94 4424.98 v _158399_/Y (AO33x2_ASAP7_75t_R)
  26.16 4451.15 v _158436_/Y (AND2x2_ASAP7_75t_R)
  78.93 4530.07 v _158437_/Y (OR3x1_ASAP7_75t_R)
  70.98 4601.05 v _158474_/Y (AND2x2_ASAP7_75t_R)
  38.15 4639.21 ^ _158476_/Y (AOI22x1_ASAP7_75t_R)
  23.17 4662.38 ^ _158477_/Y (AND2x2_ASAP7_75t_R)
  16.00 4678.38 v _158496_/Y (AOI221x1_ASAP7_75t_R)
  33.09 4711.47 v _158497_/Y (MAJx2_ASAP7_75t_R)
  24.75 4736.22 v _158571_/Y (AO21x1_ASAP7_75t_R)
  46.55 4782.77 v _158629_/Y (AO221x2_ASAP7_75t_R)
  81.05 4863.83 ^ _158672_/Y (NAND2x1_ASAP7_75t_R)
  35.80 4899.63 ^ _158689_/Y (AND2x2_ASAP7_75t_R)
  22.57 4922.20 ^ _158690_/Y (OA21x2_ASAP7_75t_R)
  20.24 4942.44 ^ _158691_/Y (OR2x2_ASAP7_75t_R)
  22.82 4965.26 ^ _158702_/Y (AND3x1_ASAP7_75t_R)
  21.78 4987.04 ^ _158720_/Y (OA21x2_ASAP7_75t_R)
  24.53 5011.57 ^ _158743_/Y (OA31x2_ASAP7_75t_R)
  15.08 5026.64 ^ _158761_/Y (OR4x1_ASAP7_75t_R)
  48.03 5074.67 ^ _158764_/Y (AND5x2_ASAP7_75t_R)
  52.84 5127.52 ^ _159054_/Y (OA21x2_ASAP7_75t_R)
 118.43 5245.95 ^ _159120_/Y (OA21x2_ASAP7_75t_R)
  58.79 5304.73 ^ _159154_/Y (AO221x1_ASAP7_75t_R)
  92.01 5396.74 ^ _159901_/Y (AND2x2_ASAP7_75t_R)
 173.87 5570.61 v _159903_/Y (NOR2x1_ASAP7_75t_R)
 111.84 5682.45 ^ _163131_/Y (NAND2x2_ASAP7_75t_R)
  35.25 5717.70 ^ load_slew954/Y (BUFx16f_ASAP7_75t_R)
  36.94 5754.64 ^ load_slew952/Y (BUFx16f_ASAP7_75t_R)
 155.10 5909.75 ^ _164753_/Y (OR2x2_ASAP7_75t_R)
  55.53 5965.28 v _201265_/Y (NAND2x1_ASAP7_75t_R)
  21.28 5986.56 v _201266_/Y (AO21x1_ASAP7_75t_R)
  26.33 6012.89 v _201267_/Y (OA211x2_ASAP7_75t_R)
  17.24 6030.12 v _201268_/Y (AO21x1_ASAP7_75t_R)
  15.04 6045.16 v _201269_/Y (AND2x2_ASAP7_75t_R)
   0.06 6045.22 v _312554_/D (DFFHQNx1_ASAP7_75t_R)
        6045.22   data arrival time

12000.00 12000.00   clock core_clk (rise edge)
   0.00 12000.00   clock source latency
   0.00 12000.00 ^ clk (in)
  46.11 12046.11 ^ wire4945/Y (BUFx10_ASAP7_75t_R)
  47.38 12093.49 ^ clkbuf_0_clk/Y (BUFx24_ASAP7_75t_R)
  28.80 12122.29 ^ clkbuf_1_1_0_clk/Y (BUFx24_ASAP7_75t_R)
  28.42 12150.71 ^ clkbuf_2_3_0_clk/Y (BUFx24_ASAP7_75t_R)
  22.98 12173.68 ^ clkbuf_3_6_0_clk/Y (BUFx24_ASAP7_75t_R)
  29.23 12202.91 ^ clkbuf_4_12_0_clk/Y (BUFx24_ASAP7_75t_R)
  27.07 12229.97 ^ clkbuf_6_51_0_clk/Y (BUFx24_ASAP7_75t_R)
  20.89 12250.87 ^ clkbuf_7_103__f_clk/Y (BUFx24_ASAP7_75t_R)
  23.68 12274.54 ^ clkbuf_leaf_473_clk/Y (BUFx24_ASAP7_75t_R)
   1.92 12276.46 ^ _312554_/CLK (DFFHQNx1_ASAP7_75t_R)
 -50.00 12226.46   clock uncertainty
   2.19 12228.65   clock reconvergence pessimism
   0.45 12229.10   library setup time
        12229.10   data required time
---------------------------------------------------------
        12229.10   data required time
        -6045.22   data arrival time
---------------------------------------------------------
        6183.88   slack (MET)


Startpoint: _308209_ (rising edge-triggered flip-flop clocked by core_clk)
Endpoint: _312550_ (rising edge-triggered flip-flop clocked by core_clk)
Path Group: reg2reg
Path Type: max

  Delay    Time   Description
---------------------------------------------------------
   0.00    0.00   clock core_clk (rise edge)
   0.00    0.00   clock source latency
   0.00    0.00 ^ clk (in)
  46.81   46.81 ^ wire4945/Y (BUFx10_ASAP7_75t_R)
  48.87   95.68 ^ clkbuf_0_clk/Y (BUFx24_ASAP7_75t_R)
  30.20  125.87 ^ clkbuf_1_0_0_clk/Y (BUFx24_ASAP7_75t_R)
  29.09  154.96 ^ clkbuf_2_1_0_clk/Y (BUFx24_ASAP7_75t_R)
  26.47  181.44 ^ clkbuf_3_2_0_clk/Y (BUFx24_ASAP7_75t_R)
  30.84  212.28 ^ clkbuf_4_4_0_clk/Y (BUFx24_ASAP7_75t_R)
  24.84  237.12 ^ clkbuf_6_19_0_clk/Y (BUFx24_ASAP7_75t_R)
  21.77  258.88 ^ clkbuf_7_38__f_clk/Y (BUFx24_ASAP7_75t_R)
  27.65  286.53 ^ clkbuf_leaf_778_clk/Y (BUFx24_ASAP7_75t_R)
   2.33  288.86 ^ _308209_/CLK (DFFHQNx3_ASAP7_75t_R)
  56.18  345.04 ^ _308209_/QN (DFFHQNx3_ASAP7_75t_R)
  27.51  372.55 ^ wire4778/Y (BUFx16f_ASAP7_75t_R)
  66.95  439.50 ^ wire4776/Y (BUFx16f_ASAP7_75t_R)
  33.08  472.58 ^ wire4775/Y (BUFx16f_ASAP7_75t_R)
  73.63  546.21 ^ load_slew4774/Y (BUFx16f_ASAP7_75t_R)
  94.00  640.21 ^ _153629_/Y (AND2x2_ASAP7_75t_R)
 169.02  809.24 v _153630_/Y (NAND2x1_ASAP7_75t_R)
  64.17  873.41 v _153631_/Y (OA21x2_ASAP7_75t_R)
 108.13  981.54 v _153633_/Y (AND3x1_ASAP7_75t_R)
  89.17 1070.71 v _154870_/Y (AO222x2_ASAP7_75t_R)
  47.40 1118.11 v _154873_/Y (OR3x2_ASAP7_75t_R)
  54.24 1172.36 v _154878_/Y (OR5x1_ASAP7_75t_R)
  93.99 1266.34 v _154879_/Y (OR4x1_ASAP7_75t_R)
  74.48 1340.82 v _155829_/Y (OR4x1_ASAP7_75t_R)
  24.56 1365.38 v _155944_/Y (AO221x1_ASAP7_75t_R)
  50.94 1416.32 v _155949_/Y (OR5x1_ASAP7_75t_R)
  34.05 1450.37 v _156013_/Y (AND2x2_ASAP7_75t_R)
  49.97 1500.34 ^ _156016_/Y (NAND3x1_ASAP7_75t_R)
  39.70 1540.04 v _156112_/Y (AOI221x1_ASAP7_75t_R)
  26.08 1566.12 v _156115_/Y (OA21x2_ASAP7_75t_R)
  21.84 1587.97 v _156116_/Y (OR3x1_ASAP7_75t_R)
  38.63 1626.60 v _156123_/Y (AO33x2_ASAP7_75t_R)
  41.76 1668.35 ^ _156140_/Y (NAND2x1_ASAP7_75t_R)
 110.76 1779.11 ^ _156253_/Y (AO221x1_ASAP7_75t_R)
  69.58 1848.70 v _156308_/Y (NAND2x2_ASAP7_75t_R)
  49.02 1897.71 v _156311_/Y (AO21x2_ASAP7_75t_R)
  23.18 1920.89 v _156314_/Y (OA21x2_ASAP7_75t_R)
  27.71 1948.60 v _156388_/Y (AO221x1_ASAP7_75t_R)
  22.62 1971.22 v _156389_/Y (OA21x2_ASAP7_75t_R)
  24.14 1995.36 ^ _156393_/Y (AOI22x1_ASAP7_75t_R)
  53.99 2049.35 v _156410_/Y (NAND2x1_ASAP7_75t_R)
  71.47 2120.82 v _156421_/Y (AO33x2_ASAP7_75t_R)
  32.75 2153.58 ^ _156522_/Y (XNOR2x2_ASAP7_75t_R)
  25.19 2178.76 ^ _156526_/Y (AND4x1_ASAP7_75t_R)
  19.20 2197.96 ^ _156550_/Y (AO21x1_ASAP7_75t_R)
  19.23 2217.19 ^ _156551_/Y (AO21x1_ASAP7_75t_R)
  80.77 2297.96 ^ _156552_/Y (OA211x2_ASAP7_75t_R)
  89.28 2387.25 v _156555_/Y (INVx1_ASAP7_75t_R)
  33.68 2420.92 ^ _156568_/Y (OAI21x1_ASAP7_75t_R)
  34.29 2455.21 v _156616_/Y (AOI221x1_ASAP7_75t_R)
  48.52 2503.73 v _156806_/Y (OA211x2_ASAP7_75t_R)
  13.78 2517.51 ^ _156807_/Y (NAND2x1_ASAP7_75t_R)
  71.16 2588.67 ^ _156882_/Y (AO32x1_ASAP7_75t_R)
  34.48 2623.15 ^ _156995_/Y (OR2x2_ASAP7_75t_R)
  39.01 2662.16 ^ _157002_/Y (AO32x1_ASAP7_75t_R)
  36.29 2698.44 ^ _157004_/Y (XNOR2x2_ASAP7_75t_R)
  14.38 2712.83 v _157005_/Y (NOR3x1_ASAP7_75t_R)
  32.62 2745.45 v _157006_/Y (AND5x2_ASAP7_75t_R)
  28.88 2774.33 v _157078_/Y (OR3x1_ASAP7_75t_R)
  57.37 2831.69 v _157141_/Y (OA33x2_ASAP7_75t_R)
  34.73 2866.43 v _157144_/Y (OR2x2_ASAP7_75t_R)
  24.44 2890.87 v _157145_/Y (AO21x1_ASAP7_75t_R)
  26.35 2917.22 v _157196_/Y (AO32x1_ASAP7_75t_R)
  26.77 2943.99 v _157198_/Y (AO22x1_ASAP7_75t_R)
  23.00 2966.99 v _157222_/Y (AO21x1_ASAP7_75t_R)
  30.83 2997.82 v _157223_/Y (OR3x1_ASAP7_75t_R)
  42.49 3040.31 v _157312_/Y (AO21x1_ASAP7_75t_R)
  58.19 3098.50 ^ _157343_/Y (NAND2x1_ASAP7_75t_R)
  43.82 3142.32 v _157440_/Y (AOI221x1_ASAP7_75t_R)
  30.91 3173.23 v _157456_/Y (OA222x2_ASAP7_75t_R)
  22.24 3195.47 v _157459_/Y (AND5x2_ASAP7_75t_R)
  20.86 3216.33 v _157472_/Y (OA31x2_ASAP7_75t_R)
  42.26 3258.59 v _157475_/Y (OR4x2_ASAP7_75t_R)
  63.75 3322.33 ^ _157478_/Y (NAND2x1_ASAP7_75t_R)
  19.94 3342.27 v _157479_/Y (NOR2x1_ASAP7_75t_R)
  25.21 3367.48 v _157485_/Y (OA21x2_ASAP7_75t_R)
  28.58 3396.06 v _157492_/Y (AO221x1_ASAP7_75t_R)
  26.03 3422.09 v _157649_/Y (OA21x2_ASAP7_75t_R)
  24.74 3446.82 v _157651_/Y (AO21x1_ASAP7_75t_R)
  41.75 3488.58 v _157652_/Y (AO22x1_ASAP7_75t_R)
  64.55 3553.13 ^ _157732_/Y (NAND2x1_ASAP7_75t_R)
  25.99 3579.12 ^ _157764_/Y (AO21x1_ASAP7_75t_R)
  24.20 3603.32 v _157767_/Y (AOI22x1_ASAP7_75t_R)
  37.31 3640.63 v _157790_/Y (OA21x2_ASAP7_75t_R)
  18.85 3659.48 ^ _157827_/Y (AOI211x1_ASAP7_75t_R)
  19.61 3679.09 v _157842_/Y (OAI21x1_ASAP7_75t_R)
  89.64 3768.73 v _157921_/Y (AO221x1_ASAP7_75t_R)
  48.27 3817.00 v _157922_/Y (AO221x1_ASAP7_75t_R)
  27.48 3844.48 v _157925_/Y (AO32x2_ASAP7_75t_R)
  22.59 3867.07 v _157949_/Y (OA211x2_ASAP7_75t_R)
  32.17 3899.24 v _157967_/Y (AO222x2_ASAP7_75t_R)
  38.29 3937.53 v _158020_/Y (AO221x1_ASAP7_75t_R)
  28.61 3966.14 v _158084_/Y (AO211x2_ASAP7_75t_R)
  41.43 4007.57 v _158094_/Y (AND2x2_ASAP7_75t_R)
  49.23 4056.80 v _158173_/Y (OR3x2_ASAP7_75t_R)
  22.73 4079.54 v _158271_/Y (AO221x1_ASAP7_75t_R)
  33.06 4112.59 v _158272_/Y (OR5x1_ASAP7_75t_R)
  46.33 4158.93 v _158273_/Y (OR5x1_ASAP7_75t_R)
  20.14 4179.06 ^ _158274_/Y (NAND2x2_ASAP7_75t_R)
  54.60 4233.66 v _158287_/Y (OAI21x1_ASAP7_75t_R)
  52.70 4286.36 v _158298_/Y (AND2x2_ASAP7_75t_R)
  35.64 4322.00 v _158304_/Y (OA211x2_ASAP7_75t_R)
  30.46 4352.46 v _158330_/Y (XNOR2x2_ASAP7_75t_R)
  29.58 4382.04 v _158388_/Y (OR5x1_ASAP7_75t_R)
  42.94 4424.98 v _158399_/Y (AO33x2_ASAP7_75t_R)
  26.16 4451.15 v _158436_/Y (AND2x2_ASAP7_75t_R)
  78.93 4530.07 v _158437_/Y (OR3x1_ASAP7_75t_R)
  70.98 4601.05 v _158474_/Y (AND2x2_ASAP7_75t_R)
  38.15 4639.21 ^ _158476_/Y (AOI22x1_ASAP7_75t_R)
  23.17 4662.38 ^ _158477_/Y (AND2x2_ASAP7_75t_R)
  16.00 4678.38 v _158496_/Y (AOI221x1_ASAP7_75t_R)
  33.09 4711.47 v _158497_/Y (MAJx2_ASAP7_75t_R)
  24.75 4736.22 v _158571_/Y (AO21x1_ASAP7_75t_R)
  46.55 4782.77 v _158629_/Y (AO221x2_ASAP7_75t_R)
  81.05 4863.83 ^ _158672_/Y (NAND2x1_ASAP7_75t_R)
  35.80 4899.63 ^ _158689_/Y (AND2x2_ASAP7_75t_R)
  22.57 4922.20 ^ _158690_/Y (OA21x2_ASAP7_75t_R)
  20.24 4942.44 ^ _158691_/Y (OR2x2_ASAP7_75t_R)
  22.82 4965.26 ^ _158702_/Y (AND3x1_ASAP7_75t_R)
  21.78 4987.04 ^ _158720_/Y (OA21x2_ASAP7_75t_R)
  24.53 5011.57 ^ _158743_/Y (OA31x2_ASAP7_75t_R)
  15.08 5026.64 ^ _158761_/Y (OR4x1_ASAP7_75t_R)
  48.03 5074.67 ^ _158764_/Y (AND5x2_ASAP7_75t_R)
  52.84 5127.52 ^ _159054_/Y (OA21x2_ASAP7_75t_R)
 118.43 5245.95 ^ _159120_/Y (OA21x2_ASAP7_75t_R)
  58.79 5304.73 ^ _159154_/Y (AO221x1_ASAP7_75t_R)
  92.01 5396.74 ^ _159901_/Y (AND2x2_ASAP7_75t_R)
 173.87 5570.61 v _159903_/Y (NOR2x1_ASAP7_75t_R)
 111.84 5682.45 ^ _163131_/Y (NAND2x2_ASAP7_75t_R)
  35.25 5717.70 ^ load_slew954/Y (BUFx16f_ASAP7_75t_R)
  36.94 5754.64 ^ load_slew952/Y (BUFx16f_ASAP7_75t_R)
 155.10 5909.75 ^ _164753_/Y (OR2x2_ASAP7_75t_R)
  55.03 5964.77 v _201241_/Y (NAND2x1_ASAP7_75t_R)
  20.63 5985.40 v _201242_/Y (AO21x1_ASAP7_75t_R)
  25.77 6011.18 v _201243_/Y (OA211x2_ASAP7_75t_R)
  17.04 6028.21 v _201244_/Y (AO21x1_ASAP7_75t_R)
  14.88 6043.09 v _201245_/Y (AND2x2_ASAP7_75t_R)
   0.04 6043.14 v _312550_/D (DFFHQNx1_ASAP7_75t_R)
        6043.14   data arrival time

12000.00 12000.00   clock core_clk (rise edge)
   0.00 12000.00   clock source latency
   0.00 12000.00 ^ clk (in)
  46.11 12046.11 ^ wire4945/Y (BUFx10_ASAP7_75t_R)
  47.38 12093.49 ^ clkbuf_0_clk/Y (BUFx24_ASAP7_75t_R)
  28.80 12122.29 ^ clkbuf_1_1_0_clk/Y (BUFx24_ASAP7_75t_R)
  28.42 12150.71 ^ clkbuf_2_3_0_clk/Y (BUFx24_ASAP7_75t_R)
  22.98 12173.68 ^ clkbuf_3_6_0_clk/Y (BUFx24_ASAP7_75t_R)
  28.79 12202.47 ^ clkbuf_4_13_0_clk/Y (BUFx24_ASAP7_75t_R)
  25.67 12228.14 ^ clkbuf_6_54_0_clk/Y (BUFx24_ASAP7_75t_R)
  21.56 12249.70 ^ clkbuf_7_108__f_clk/Y (BUFx24_ASAP7_75t_R)
  24.04 12273.75 ^ clkbuf_leaf_476_clk/Y (BUFx24_ASAP7_75t_R)
   1.17 12274.92 ^ _312550_/CLK (DFFHQNx1_ASAP7_75t_R)
 -50.00 12224.92   clock uncertainty
   2.19 12227.11   clock reconvergence pessimism
   0.13 12227.24   library setup time
        12227.24   data required time
---------------------------------------------------------
        12227.24   data required time
        -6043.14   data arrival time
---------------------------------------------------------
        6184.10   slack (MET)


Startpoint: _308209_ (rising edge-triggered flip-flop clocked by core_clk)
Endpoint: _312545_ (rising edge-triggered flip-flop clocked by core_clk)
Path Group: reg2reg
Path Type: max

  Delay    Time   Description
---------------------------------------------------------
   0.00    0.00   clock core_clk (rise edge)
   0.00    0.00   clock source latency
   0.00    0.00 ^ clk (in)
  46.81   46.81 ^ wire4945/Y (BUFx10_ASAP7_75t_R)
  48.87   95.68 ^ clkbuf_0_clk/Y (BUFx24_ASAP7_75t_R)
  30.20  125.87 ^ clkbuf_1_0_0_clk/Y (BUFx24_ASAP7_75t_R)
  29.09  154.96 ^ clkbuf_2_1_0_clk/Y (BUFx24_ASAP7_75t_R)
  26.47  181.44 ^ clkbuf_3_2_0_clk/Y (BUFx24_ASAP7_75t_R)
  30.84  212.28 ^ clkbuf_4_4_0_clk/Y (BUFx24_ASAP7_75t_R)
  24.84  237.12 ^ clkbuf_6_19_0_clk/Y (BUFx24_ASAP7_75t_R)
  21.77  258.88 ^ clkbuf_7_38__f_clk/Y (BUFx24_ASAP7_75t_R)
  27.65  286.53 ^ clkbuf_leaf_778_clk/Y (BUFx24_ASAP7_75t_R)
   2.33  288.86 ^ _308209_/CLK (DFFHQNx3_ASAP7_75t_R)
  56.18  345.04 ^ _308209_/QN (DFFHQNx3_ASAP7_75t_R)
  27.51  372.55 ^ wire4778/Y (BUFx16f_ASAP7_75t_R)
  66.95  439.50 ^ wire4776/Y (BUFx16f_ASAP7_75t_R)
  33.08  472.58 ^ wire4775/Y (BUFx16f_ASAP7_75t_R)
  73.63  546.21 ^ load_slew4774/Y (BUFx16f_ASAP7_75t_R)
  94.00  640.21 ^ _153629_/Y (AND2x2_ASAP7_75t_R)
 169.02  809.24 v _153630_/Y (NAND2x1_ASAP7_75t_R)
  64.17  873.41 v _153631_/Y (OA21x2_ASAP7_75t_R)
 108.13  981.54 v _153633_/Y (AND3x1_ASAP7_75t_R)
  89.17 1070.71 v _154870_/Y (AO222x2_ASAP7_75t_R)
  47.40 1118.11 v _154873_/Y (OR3x2_ASAP7_75t_R)
  54.24 1172.36 v _154878_/Y (OR5x1_ASAP7_75t_R)
  93.99 1266.34 v _154879_/Y (OR4x1_ASAP7_75t_R)
  74.48 1340.82 v _155829_/Y (OR4x1_ASAP7_75t_R)
  24.56 1365.38 v _155944_/Y (AO221x1_ASAP7_75t_R)
  50.94 1416.32 v _155949_/Y (OR5x1_ASAP7_75t_R)
  34.05 1450.37 v _156013_/Y (AND2x2_ASAP7_75t_R)
  49.97 1500.34 ^ _156016_/Y (NAND3x1_ASAP7_75t_R)
  39.70 1540.04 v _156112_/Y (AOI221x1_ASAP7_75t_R)
  26.08 1566.12 v _156115_/Y (OA21x2_ASAP7_75t_R)
  21.84 1587.97 v _156116_/Y (OR3x1_ASAP7_75t_R)
  38.63 1626.60 v _156123_/Y (AO33x2_ASAP7_75t_R)
  41.76 1668.35 ^ _156140_/Y (NAND2x1_ASAP7_75t_R)
 110.76 1779.11 ^ _156253_/Y (AO221x1_ASAP7_75t_R)
  69.58 1848.70 v _156308_/Y (NAND2x2_ASAP7_75t_R)
  49.02 1897.71 v _156311_/Y (AO21x2_ASAP7_75t_R)
  23.18 1920.89 v _156314_/Y (OA21x2_ASAP7_75t_R)
  27.71 1948.60 v _156388_/Y (AO221x1_ASAP7_75t_R)
  22.62 1971.22 v _156389_/Y (OA21x2_ASAP7_75t_R)
  24.14 1995.36 ^ _156393_/Y (AOI22x1_ASAP7_75t_R)
  53.99 2049.35 v _156410_/Y (NAND2x1_ASAP7_75t_R)
  71.47 2120.82 v _156421_/Y (AO33x2_ASAP7_75t_R)
  32.75 2153.58 ^ _156522_/Y (XNOR2x2_ASAP7_75t_R)
  25.19 2178.76 ^ _156526_/Y (AND4x1_ASAP7_75t_R)
  19.20 2197.96 ^ _156550_/Y (AO21x1_ASAP7_75t_R)
  19.23 2217.19 ^ _156551_/Y (AO21x1_ASAP7_75t_R)
  80.77 2297.96 ^ _156552_/Y (OA211x2_ASAP7_75t_R)
  89.28 2387.25 v _156555_/Y (INVx1_ASAP7_75t_R)
  33.68 2420.92 ^ _156568_/Y (OAI21x1_ASAP7_75t_R)
  34.29 2455.21 v _156616_/Y (AOI221x1_ASAP7_75t_R)
  48.52 2503.73 v _156806_/Y (OA211x2_ASAP7_75t_R)
  13.78 2517.51 ^ _156807_/Y (NAND2x1_ASAP7_75t_R)
  71.16 2588.67 ^ _156882_/Y (AO32x1_ASAP7_75t_R)
  34.48 2623.15 ^ _156995_/Y (OR2x2_ASAP7_75t_R)
  39.01 2662.16 ^ _157002_/Y (AO32x1_ASAP7_75t_R)
  36.29 2698.44 ^ _157004_/Y (XNOR2x2_ASAP7_75t_R)
  14.38 2712.83 v _157005_/Y (NOR3x1_ASAP7_75t_R)
  32.62 2745.45 v _157006_/Y (AND5x2_ASAP7_75t_R)
  28.88 2774.33 v _157078_/Y (OR3x1_ASAP7_75t_R)
  57.37 2831.69 v _157141_/Y (OA33x2_ASAP7_75t_R)
  34.73 2866.43 v _157144_/Y (OR2x2_ASAP7_75t_R)
  24.44 2890.87 v _157145_/Y (AO21x1_ASAP7_75t_R)
  26.35 2917.22 v _157196_/Y (AO32x1_ASAP7_75t_R)
  26.77 2943.99 v _157198_/Y (AO22x1_ASAP7_75t_R)
  23.00 2966.99 v _157222_/Y (AO21x1_ASAP7_75t_R)
  30.83 2997.82 v _157223_/Y (OR3x1_ASAP7_75t_R)
  42.49 3040.31 v _157312_/Y (AO21x1_ASAP7_75t_R)
  58.19 3098.50 ^ _157343_/Y (NAND2x1_ASAP7_75t_R)
  43.82 3142.32 v _157440_/Y (AOI221x1_ASAP7_75t_R)
  30.91 3173.23 v _157456_/Y (OA222x2_ASAP7_75t_R)
  22.24 3195.47 v _157459_/Y (AND5x2_ASAP7_75t_R)
  20.86 3216.33 v _157472_/Y (OA31x2_ASAP7_75t_R)
  42.26 3258.59 v _157475_/Y (OR4x2_ASAP7_75t_R)
  63.75 3322.33 ^ _157478_/Y (NAND2x1_ASAP7_75t_R)
  19.94 3342.27 v _157479_/Y (NOR2x1_ASAP7_75t_R)
  25.21 3367.48 v _157485_/Y (OA21x2_ASAP7_75t_R)
  28.58 3396.06 v _157492_/Y (AO221x1_ASAP7_75t_R)
  26.03 3422.09 v _157649_/Y (OA21x2_ASAP7_75t_R)
  24.74 3446.82 v _157651_/Y (AO21x1_ASAP7_75t_R)
  41.75 3488.58 v _157652_/Y (AO22x1_ASAP7_75t_R)
  64.55 3553.13 ^ _157732_/Y (NAND2x1_ASAP7_75t_R)
  25.99 3579.12 ^ _157764_/Y (AO21x1_ASAP7_75t_R)
  24.20 3603.32 v _157767_/Y (AOI22x1_ASAP7_75t_R)
  37.31 3640.63 v _157790_/Y (OA21x2_ASAP7_75t_R)
  18.85 3659.48 ^ _157827_/Y (AOI211x1_ASAP7_75t_R)
  19.61 3679.09 v _157842_/Y (OAI21x1_ASAP7_75t_R)
  89.64 3768.73 v _157921_/Y (AO221x1_ASAP7_75t_R)
  48.27 3817.00 v _157922_/Y (AO221x1_ASAP7_75t_R)
  27.48 3844.48 v _157925_/Y (AO32x2_ASAP7_75t_R)
  22.59 3867.07 v _157949_/Y (OA211x2_ASAP7_75t_R)
  32.17 3899.24 v _157967_/Y (AO222x2_ASAP7_75t_R)
  38.29 3937.53 v _158020_/Y (AO221x1_ASAP7_75t_R)
  28.61 3966.14 v _158084_/Y (AO211x2_ASAP7_75t_R)
  41.43 4007.57 v _158094_/Y (AND2x2_ASAP7_75t_R)
  49.23 4056.80 v _158173_/Y (OR3x2_ASAP7_75t_R)
  22.73 4079.54 v _158271_/Y (AO221x1_ASAP7_75t_R)
  33.06 4112.59 v _158272_/Y (OR5x1_ASAP7_75t_R)
  46.33 4158.93 v _158273_/Y (OR5x1_ASAP7_75t_R)
  20.14 4179.06 ^ _158274_/Y (NAND2x2_ASAP7_75t_R)
  54.60 4233.66 v _158287_/Y (OAI21x1_ASAP7_75t_R)
  52.70 4286.36 v _158298_/Y (AND2x2_ASAP7_75t_R)
  35.64 4322.00 v _158304_/Y (OA211x2_ASAP7_75t_R)
  30.46 4352.46 v _158330_/Y (XNOR2x2_ASAP7_75t_R)
  29.58 4382.04 v _158388_/Y (OR5x1_ASAP7_75t_R)
  42.94 4424.98 v _158399_/Y (AO33x2_ASAP7_75t_R)
  26.16 4451.15 v _158436_/Y (AND2x2_ASAP7_75t_R)
  78.93 4530.07 v _158437_/Y (OR3x1_ASAP7_75t_R)
  70.98 4601.05 v _158474_/Y (AND2x2_ASAP7_75t_R)
  38.15 4639.21 ^ _158476_/Y (AOI22x1_ASAP7_75t_R)
  23.17 4662.38 ^ _158477_/Y (AND2x2_ASAP7_75t_R)
  16.00 4678.38 v _158496_/Y (AOI221x1_ASAP7_75t_R)
  33.09 4711.47 v _158497_/Y (MAJx2_ASAP7_75t_R)
  24.75 4736.22 v _158571_/Y (AO21x1_ASAP7_75t_R)
  46.55 4782.77 v _158629_/Y (AO221x2_ASAP7_75t_R)
  81.05 4863.83 ^ _158672_/Y (NAND2x1_ASAP7_75t_R)
  35.80 4899.63 ^ _158689_/Y (AND2x2_ASAP7_75t_R)
  22.57 4922.20 ^ _158690_/Y (OA21x2_ASAP7_75t_R)
  20.24 4942.44 ^ _158691_/Y (OR2x2_ASAP7_75t_R)
  22.82 4965.26 ^ _158702_/Y (AND3x1_ASAP7_75t_R)
  21.78 4987.04 ^ _158720_/Y (OA21x2_ASAP7_75t_R)
  24.53 5011.57 ^ _158743_/Y (OA31x2_ASAP7_75t_R)
  15.08 5026.64 ^ _158761_/Y (OR4x1_ASAP7_75t_R)
  48.03 5074.67 ^ _158764_/Y (AND5x2_ASAP7_75t_R)
  52.84 5127.52 ^ _159054_/Y (OA21x2_ASAP7_75t_R)
 118.43 5245.95 ^ _159120_/Y (OA21x2_ASAP7_75t_R)
  58.79 5304.73 ^ _159154_/Y (AO221x1_ASAP7_75t_R)
  92.01 5396.74 ^ _159901_/Y (AND2x2_ASAP7_75t_R)
 173.87 5570.61 v _159903_/Y (NOR2x1_ASAP7_75t_R)
 111.84 5682.45 ^ _163131_/Y (NAND2x2_ASAP7_75t_R)
  35.25 5717.70 ^ load_slew954/Y (BUFx16f_ASAP7_75t_R)
  36.94 5754.64 ^ load_slew952/Y (BUFx16f_ASAP7_75t_R)
 155.10 5909.75 ^ _164753_/Y (OR2x2_ASAP7_75t_R)
  55.76 5965.50 v _201209_/Y (NAND2x1_ASAP7_75t_R)
  21.02 5986.52 v _201210_/Y (AO21x1_ASAP7_75t_R)
  25.83 6012.35 v _201211_/Y (OA211x2_ASAP7_75t_R)
  16.87 6029.22 v _201212_/Y (AO21x1_ASAP7_75t_R)
  14.76 6043.98 v _201213_/Y (AND2x2_ASAP7_75t_R)
   0.04 6044.02 v _312545_/D (DFFHQNx1_ASAP7_75t_R)
        6044.02   data arrival time

12000.00 12000.00   clock core_clk (rise edge)
   0.00 12000.00   clock source latency
   0.00 12000.00 ^ clk (in)
  46.11 12046.11 ^ wire4945/Y (BUFx10_ASAP7_75t_R)
  47.38 12093.49 ^ clkbuf_0_clk/Y (BUFx24_ASAP7_75t_R)
  28.80 12122.29 ^ clkbuf_1_1_0_clk/Y (BUFx24_ASAP7_75t_R)
  28.42 12150.71 ^ clkbuf_2_3_0_clk/Y (BUFx24_ASAP7_75t_R)
  22.98 12173.68 ^ clkbuf_3_6_0_clk/Y (BUFx24_ASAP7_75t_R)
  28.79 12202.47 ^ clkbuf_4_13_0_clk/Y (BUFx24_ASAP7_75t_R)
  25.67 12228.14 ^ clkbuf_6_54_0_clk/Y (BUFx24_ASAP7_75t_R)
  21.56 12249.70 ^ clkbuf_7_108__f_clk/Y (BUFx24_ASAP7_75t_R)
  24.04 12273.75 ^ clkbuf_leaf_476_clk/Y (BUFx24_ASAP7_75t_R)
   2.00 12275.75 ^ _312545_/CLK (DFFHQNx1_ASAP7_75t_R)
 -50.00 12225.75   clock uncertainty
   2.19 12227.94   clock reconvergence pessimism
   0.25 12228.19   library setup time
        12228.19   data required time
---------------------------------------------------------
        12228.19   data required time
        -6044.02   data arrival time
---------------------------------------------------------
        6184.17   slack (MET)


Startpoint: _308209_ (rising edge-triggered flip-flop clocked by core_clk)
Endpoint: _312525_ (rising edge-triggered flip-flop clocked by core_clk)
Path Group: reg2reg
Path Type: max

  Delay    Time   Description
---------------------------------------------------------
   0.00    0.00   clock core_clk (rise edge)
   0.00    0.00   clock source latency
   0.00    0.00 ^ clk (in)
  46.81   46.81 ^ wire4945/Y (BUFx10_ASAP7_75t_R)
  48.87   95.68 ^ clkbuf_0_clk/Y (BUFx24_ASAP7_75t_R)
  30.20  125.87 ^ clkbuf_1_0_0_clk/Y (BUFx24_ASAP7_75t_R)
  29.09  154.96 ^ clkbuf_2_1_0_clk/Y (BUFx24_ASAP7_75t_R)
  26.47  181.44 ^ clkbuf_3_2_0_clk/Y (BUFx24_ASAP7_75t_R)
  30.84  212.28 ^ clkbuf_4_4_0_clk/Y (BUFx24_ASAP7_75t_R)
  24.84  237.12 ^ clkbuf_6_19_0_clk/Y (BUFx24_ASAP7_75t_R)
  21.77  258.88 ^ clkbuf_7_38__f_clk/Y (BUFx24_ASAP7_75t_R)
  27.65  286.53 ^ clkbuf_leaf_778_clk/Y (BUFx24_ASAP7_75t_R)
   2.33  288.86 ^ _308209_/CLK (DFFHQNx3_ASAP7_75t_R)
  56.18  345.04 ^ _308209_/QN (DFFHQNx3_ASAP7_75t_R)
  27.51  372.55 ^ wire4778/Y (BUFx16f_ASAP7_75t_R)
  66.95  439.50 ^ wire4776/Y (BUFx16f_ASAP7_75t_R)
  33.08  472.58 ^ wire4775/Y (BUFx16f_ASAP7_75t_R)
  73.63  546.21 ^ load_slew4774/Y (BUFx16f_ASAP7_75t_R)
  94.00  640.21 ^ _153629_/Y (AND2x2_ASAP7_75t_R)
 169.02  809.24 v _153630_/Y (NAND2x1_ASAP7_75t_R)
  64.17  873.41 v _153631_/Y (OA21x2_ASAP7_75t_R)
 108.13  981.54 v _153633_/Y (AND3x1_ASAP7_75t_R)
  89.17 1070.71 v _154870_/Y (AO222x2_ASAP7_75t_R)
  47.40 1118.11 v _154873_/Y (OR3x2_ASAP7_75t_R)
  54.24 1172.36 v _154878_/Y (OR5x1_ASAP7_75t_R)
  93.99 1266.34 v _154879_/Y (OR4x1_ASAP7_75t_R)
  74.48 1340.82 v _155829_/Y (OR4x1_ASAP7_75t_R)
  24.56 1365.38 v _155944_/Y (AO221x1_ASAP7_75t_R)
  50.94 1416.32 v _155949_/Y (OR5x1_ASAP7_75t_R)
  34.05 1450.37 v _156013_/Y (AND2x2_ASAP7_75t_R)
  49.97 1500.34 ^ _156016_/Y (NAND3x1_ASAP7_75t_R)
  39.70 1540.04 v _156112_/Y (AOI221x1_ASAP7_75t_R)
  26.08 1566.12 v _156115_/Y (OA21x2_ASAP7_75t_R)
  21.84 1587.97 v _156116_/Y (OR3x1_ASAP7_75t_R)
  38.63 1626.60 v _156123_/Y (AO33x2_ASAP7_75t_R)
  41.76 1668.35 ^ _156140_/Y (NAND2x1_ASAP7_75t_R)
 110.76 1779.11 ^ _156253_/Y (AO221x1_ASAP7_75t_R)
  69.58 1848.70 v _156308_/Y (NAND2x2_ASAP7_75t_R)
  49.02 1897.71 v _156311_/Y (AO21x2_ASAP7_75t_R)
  23.18 1920.89 v _156314_/Y (OA21x2_ASAP7_75t_R)
  27.71 1948.60 v _156388_/Y (AO221x1_ASAP7_75t_R)
  22.62 1971.22 v _156389_/Y (OA21x2_ASAP7_75t_R)
  24.14 1995.36 ^ _156393_/Y (AOI22x1_ASAP7_75t_R)
  53.99 2049.35 v _156410_/Y (NAND2x1_ASAP7_75t_R)
  71.47 2120.82 v _156421_/Y (AO33x2_ASAP7_75t_R)
  32.75 2153.58 ^ _156522_/Y (XNOR2x2_ASAP7_75t_R)
  25.19 2178.76 ^ _156526_/Y (AND4x1_ASAP7_75t_R)
  19.20 2197.96 ^ _156550_/Y (AO21x1_ASAP7_75t_R)
  19.23 2217.19 ^ _156551_/Y (AO21x1_ASAP7_75t_R)
  80.77 2297.96 ^ _156552_/Y (OA211x2_ASAP7_75t_R)
  89.28 2387.25 v _156555_/Y (INVx1_ASAP7_75t_R)
  33.68 2420.92 ^ _156568_/Y (OAI21x1_ASAP7_75t_R)
  34.29 2455.21 v _156616_/Y (AOI221x1_ASAP7_75t_R)
  48.52 2503.73 v _156806_/Y (OA211x2_ASAP7_75t_R)
  13.78 2517.51 ^ _156807_/Y (NAND2x1_ASAP7_75t_R)
  71.16 2588.67 ^ _156882_/Y (AO32x1_ASAP7_75t_R)
  34.48 2623.15 ^ _156995_/Y (OR2x2_ASAP7_75t_R)
  39.01 2662.16 ^ _157002_/Y (AO32x1_ASAP7_75t_R)
  36.29 2698.44 ^ _157004_/Y (XNOR2x2_ASAP7_75t_R)
  14.38 2712.83 v _157005_/Y (NOR3x1_ASAP7_75t_R)
  32.62 2745.45 v _157006_/Y (AND5x2_ASAP7_75t_R)
  28.88 2774.33 v _157078_/Y (OR3x1_ASAP7_75t_R)
  57.37 2831.69 v _157141_/Y (OA33x2_ASAP7_75t_R)
  34.73 2866.43 v _157144_/Y (OR2x2_ASAP7_75t_R)
  24.44 2890.87 v _157145_/Y (AO21x1_ASAP7_75t_R)
  26.35 2917.22 v _157196_/Y (AO32x1_ASAP7_75t_R)
  26.77 2943.99 v _157198_/Y (AO22x1_ASAP7_75t_R)
  23.00 2966.99 v _157222_/Y (AO21x1_ASAP7_75t_R)
  30.83 2997.82 v _157223_/Y (OR3x1_ASAP7_75t_R)
  42.49 3040.31 v _157312_/Y (AO21x1_ASAP7_75t_R)
  58.19 3098.50 ^ _157343_/Y (NAND2x1_ASAP7_75t_R)
  43.82 3142.32 v _157440_/Y (AOI221x1_ASAP7_75t_R)
  30.91 3173.23 v _157456_/Y (OA222x2_ASAP7_75t_R)
  22.24 3195.47 v _157459_/Y (AND5x2_ASAP7_75t_R)
  20.86 3216.33 v _157472_/Y (OA31x2_ASAP7_75t_R)
  42.26 3258.59 v _157475_/Y (OR4x2_ASAP7_75t_R)
  63.75 3322.33 ^ _157478_/Y (NAND2x1_ASAP7_75t_R)
  19.94 3342.27 v _157479_/Y (NOR2x1_ASAP7_75t_R)
  25.21 3367.48 v _157485_/Y (OA21x2_ASAP7_75t_R)
  28.58 3396.06 v _157492_/Y (AO221x1_ASAP7_75t_R)
  26.03 3422.09 v _157649_/Y (OA21x2_ASAP7_75t_R)
  24.74 3446.82 v _157651_/Y (AO21x1_ASAP7_75t_R)
  41.75 3488.58 v _157652_/Y (AO22x1_ASAP7_75t_R)
  64.55 3553.13 ^ _157732_/Y (NAND2x1_ASAP7_75t_R)
  25.99 3579.12 ^ _157764_/Y (AO21x1_ASAP7_75t_R)
  24.20 3603.32 v _157767_/Y (AOI22x1_ASAP7_75t_R)
  37.31 3640.63 v _157790_/Y (OA21x2_ASAP7_75t_R)
  18.85 3659.48 ^ _157827_/Y (AOI211x1_ASAP7_75t_R)
  19.61 3679.09 v _157842_/Y (OAI21x1_ASAP7_75t_R)
  89.64 3768.73 v _157921_/Y (AO221x1_ASAP7_75t_R)
  48.27 3817.00 v _157922_/Y (AO221x1_ASAP7_75t_R)
  27.48 3844.48 v _157925_/Y (AO32x2_ASAP7_75t_R)
  22.59 3867.07 v _157949_/Y (OA211x2_ASAP7_75t_R)
  32.17 3899.24 v _157967_/Y (AO222x2_ASAP7_75t_R)
  38.29 3937.53 v _158020_/Y (AO221x1_ASAP7_75t_R)
  28.61 3966.14 v _158084_/Y (AO211x2_ASAP7_75t_R)
  41.43 4007.57 v _158094_/Y (AND2x2_ASAP7_75t_R)
  49.23 4056.80 v _158173_/Y (OR3x2_ASAP7_75t_R)
  22.73 4079.54 v _158271_/Y (AO221x1_ASAP7_75t_R)
  33.06 4112.59 v _158272_/Y (OR5x1_ASAP7_75t_R)
  46.33 4158.93 v _158273_/Y (OR5x1_ASAP7_75t_R)
  20.14 4179.06 ^ _158274_/Y (NAND2x2_ASAP7_75t_R)
  54.60 4233.66 v _158287_/Y (OAI21x1_ASAP7_75t_R)
  52.70 4286.36 v _158298_/Y (AND2x2_ASAP7_75t_R)
  35.64 4322.00 v _158304_/Y (OA211x2_ASAP7_75t_R)
  30.46 4352.46 v _158330_/Y (XNOR2x2_ASAP7_75t_R)
  29.58 4382.04 v _158388_/Y (OR5x1_ASAP7_75t_R)
  42.94 4424.98 v _158399_/Y (AO33x2_ASAP7_75t_R)
  26.16 4451.15 v _158436_/Y (AND2x2_ASAP7_75t_R)
  78.93 4530.07 v _158437_/Y (OR3x1_ASAP7_75t_R)
  70.98 4601.05 v _158474_/Y (AND2x2_ASAP7_75t_R)
  38.15 4639.21 ^ _158476_/Y (AOI22x1_ASAP7_75t_R)
  23.17 4662.38 ^ _158477_/Y (AND2x2_ASAP7_75t_R)
  16.00 4678.38 v _158496_/Y (AOI221x1_ASAP7_75t_R)
  33.09 4711.47 v _158497_/Y (MAJx2_ASAP7_75t_R)
  24.75 4736.22 v _158571_/Y (AO21x1_ASAP7_75t_R)
  46.55 4782.77 v _158629_/Y (AO221x2_ASAP7_75t_R)
  81.05 4863.83 ^ _158672_/Y (NAND2x1_ASAP7_75t_R)
  35.80 4899.63 ^ _158689_/Y (AND2x2_ASAP7_75t_R)
  22.57 4922.20 ^ _158690_/Y (OA21x2_ASAP7_75t_R)
  20.24 4942.44 ^ _158691_/Y (OR2x2_ASAP7_75t_R)
  22.82 4965.26 ^ _158702_/Y (AND3x1_ASAP7_75t_R)
  21.78 4987.04 ^ _158720_/Y (OA21x2_ASAP7_75t_R)
  24.53 5011.57 ^ _158743_/Y (OA31x2_ASAP7_75t_R)
  15.08 5026.64 ^ _158761_/Y (OR4x1_ASAP7_75t_R)
  48.03 5074.67 ^ _158764_/Y (AND5x2_ASAP7_75t_R)
  52.84 5127.52 ^ _159054_/Y (OA21x2_ASAP7_75t_R)
 118.43 5245.95 ^ _159120_/Y (OA21x2_ASAP7_75t_R)
  58.79 5304.73 ^ _159154_/Y (AO221x1_ASAP7_75t_R)
  92.01 5396.74 ^ _159901_/Y (AND2x2_ASAP7_75t_R)
 173.87 5570.61 v _159903_/Y (NOR2x1_ASAP7_75t_R)
 111.84 5682.45 ^ _163131_/Y (NAND2x2_ASAP7_75t_R)
  35.25 5717.70 ^ load_slew954/Y (BUFx16f_ASAP7_75t_R)
  36.94 5754.64 ^ load_slew952/Y (BUFx16f_ASAP7_75t_R)
 155.10 5909.75 ^ _164753_/Y (OR2x2_ASAP7_75t_R)
  54.53 5964.28 v _201072_/Y (NAND2x1_ASAP7_75t_R)
  20.45 5984.73 v _201073_/Y (AO21x1_ASAP7_75t_R)
  25.95 6010.67 v _201074_/Y (OA211x2_ASAP7_75t_R)
  17.17 6027.85 v _201075_/Y (AO21x1_ASAP7_75t_R)
  15.11 6042.96 v _201076_/Y (AND2x2_ASAP7_75t_R)
   0.07 6043.04 v _312525_/D (DFFHQNx1_ASAP7_75t_R)
        6043.04   data arrival time

12000.00 12000.00   clock core_clk (rise edge)
   0.00 12000.00   clock source latency
   0.00 12000.00 ^ clk (in)
  46.11 12046.11 ^ wire4945/Y (BUFx10_ASAP7_75t_R)
  47.38 12093.49 ^ clkbuf_0_clk/Y (BUFx24_ASAP7_75t_R)
  28.80 12122.29 ^ clkbuf_1_1_0_clk/Y (BUFx24_ASAP7_75t_R)
  28.42 12150.71 ^ clkbuf_2_3_0_clk/Y (BUFx24_ASAP7_75t_R)
  22.98 12173.68 ^ clkbuf_3_6_0_clk/Y (BUFx24_ASAP7_75t_R)
  28.79 12202.47 ^ clkbuf_4_13_0_clk/Y (BUFx24_ASAP7_75t_R)
  23.93 12226.39 ^ clkbuf_6_55_0_clk/Y (BUFx24_ASAP7_75t_R)
  20.02 12246.41 ^ clkbuf_7_110__f_clk/Y (BUFx24_ASAP7_75t_R)
  25.15 12271.56 ^ clkbuf_leaf_481_clk/Y (BUFx24_ASAP7_75t_R)
   3.43 12274.99 ^ _312525_/CLK (DFFHQNx1_ASAP7_75t_R)
 -50.00 12224.99   clock uncertainty
   2.19 12227.18   clock reconvergence pessimism
   1.01 12228.19   library setup time
        12228.19   data required time
---------------------------------------------------------
        12228.19   data required time
        -6043.04   data arrival time
---------------------------------------------------------
        6185.16   slack (MET)


Startpoint: _308209_ (rising edge-triggered flip-flop clocked by core_clk)
Endpoint: _312518_ (rising edge-triggered flip-flop clocked by core_clk)
Path Group: reg2reg
Path Type: max

  Delay    Time   Description
---------------------------------------------------------
   0.00    0.00   clock core_clk (rise edge)
   0.00    0.00   clock source latency
   0.00    0.00 ^ clk (in)
  46.81   46.81 ^ wire4945/Y (BUFx10_ASAP7_75t_R)
  48.87   95.68 ^ clkbuf_0_clk/Y (BUFx24_ASAP7_75t_R)
  30.20  125.87 ^ clkbuf_1_0_0_clk/Y (BUFx24_ASAP7_75t_R)
  29.09  154.96 ^ clkbuf_2_1_0_clk/Y (BUFx24_ASAP7_75t_R)
  26.47  181.44 ^ clkbuf_3_2_0_clk/Y (BUFx24_ASAP7_75t_R)
  30.84  212.28 ^ clkbuf_4_4_0_clk/Y (BUFx24_ASAP7_75t_R)
  24.84  237.12 ^ clkbuf_6_19_0_clk/Y (BUFx24_ASAP7_75t_R)
  21.77  258.88 ^ clkbuf_7_38__f_clk/Y (BUFx24_ASAP7_75t_R)
  27.65  286.53 ^ clkbuf_leaf_778_clk/Y (BUFx24_ASAP7_75t_R)
   2.33  288.86 ^ _308209_/CLK (DFFHQNx3_ASAP7_75t_R)
  56.18  345.04 ^ _308209_/QN (DFFHQNx3_ASAP7_75t_R)
  27.51  372.55 ^ wire4778/Y (BUFx16f_ASAP7_75t_R)
  66.95  439.50 ^ wire4776/Y (BUFx16f_ASAP7_75t_R)
  33.08  472.58 ^ wire4775/Y (BUFx16f_ASAP7_75t_R)
  73.63  546.21 ^ load_slew4774/Y (BUFx16f_ASAP7_75t_R)
  94.00  640.21 ^ _153629_/Y (AND2x2_ASAP7_75t_R)
 169.02  809.24 v _153630_/Y (NAND2x1_ASAP7_75t_R)
  64.17  873.41 v _153631_/Y (OA21x2_ASAP7_75t_R)
 108.13  981.54 v _153633_/Y (AND3x1_ASAP7_75t_R)
  89.17 1070.71 v _154870_/Y (AO222x2_ASAP7_75t_R)
  47.40 1118.11 v _154873_/Y (OR3x2_ASAP7_75t_R)
  54.24 1172.36 v _154878_/Y (OR5x1_ASAP7_75t_R)
  93.99 1266.34 v _154879_/Y (OR4x1_ASAP7_75t_R)
  74.48 1340.82 v _155829_/Y (OR4x1_ASAP7_75t_R)
  24.56 1365.38 v _155944_/Y (AO221x1_ASAP7_75t_R)
  50.94 1416.32 v _155949_/Y (OR5x1_ASAP7_75t_R)
  34.05 1450.37 v _156013_/Y (AND2x2_ASAP7_75t_R)
  49.97 1500.34 ^ _156016_/Y (NAND3x1_ASAP7_75t_R)
  39.70 1540.04 v _156112_/Y (AOI221x1_ASAP7_75t_R)
  26.08 1566.12 v _156115_/Y (OA21x2_ASAP7_75t_R)
  21.84 1587.97 v _156116_/Y (OR3x1_ASAP7_75t_R)
  38.63 1626.60 v _156123_/Y (AO33x2_ASAP7_75t_R)
  41.76 1668.35 ^ _156140_/Y (NAND2x1_ASAP7_75t_R)
 110.76 1779.11 ^ _156253_/Y (AO221x1_ASAP7_75t_R)
  69.58 1848.70 v _156308_/Y (NAND2x2_ASAP7_75t_R)
  49.02 1897.71 v _156311_/Y (AO21x2_ASAP7_75t_R)
  23.18 1920.89 v _156314_/Y (OA21x2_ASAP7_75t_R)
  27.71 1948.60 v _156388_/Y (AO221x1_ASAP7_75t_R)
  22.62 1971.22 v _156389_/Y (OA21x2_ASAP7_75t_R)
  24.14 1995.36 ^ _156393_/Y (AOI22x1_ASAP7_75t_R)
  53.99 2049.35 v _156410_/Y (NAND2x1_ASAP7_75t_R)
  71.47 2120.82 v _156421_/Y (AO33x2_ASAP7_75t_R)
  32.75 2153.58 ^ _156522_/Y (XNOR2x2_ASAP7_75t_R)
  25.19 2178.76 ^ _156526_/Y (AND4x1_ASAP7_75t_R)
  19.20 2197.96 ^ _156550_/Y (AO21x1_ASAP7_75t_R)
  19.23 2217.19 ^ _156551_/Y (AO21x1_ASAP7_75t_R)
  80.77 2297.96 ^ _156552_/Y (OA211x2_ASAP7_75t_R)
  89.28 2387.25 v _156555_/Y (INVx1_ASAP7_75t_R)
  33.68 2420.92 ^ _156568_/Y (OAI21x1_ASAP7_75t_R)
  34.29 2455.21 v _156616_/Y (AOI221x1_ASAP7_75t_R)
  48.52 2503.73 v _156806_/Y (OA211x2_ASAP7_75t_R)
  13.78 2517.51 ^ _156807_/Y (NAND2x1_ASAP7_75t_R)
  71.16 2588.67 ^ _156882_/Y (AO32x1_ASAP7_75t_R)
  34.48 2623.15 ^ _156995_/Y (OR2x2_ASAP7_75t_R)
  39.01 2662.16 ^ _157002_/Y (AO32x1_ASAP7_75t_R)
  36.29 2698.44 ^ _157004_/Y (XNOR2x2_ASAP7_75t_R)
  14.38 2712.83 v _157005_/Y (NOR3x1_ASAP7_75t_R)
  32.62 2745.45 v _157006_/Y (AND5x2_ASAP7_75t_R)
  28.88 2774.33 v _157078_/Y (OR3x1_ASAP7_75t_R)
  57.37 2831.69 v _157141_/Y (OA33x2_ASAP7_75t_R)
  34.73 2866.43 v _157144_/Y (OR2x2_ASAP7_75t_R)
  24.44 2890.87 v _157145_/Y (AO21x1_ASAP7_75t_R)
  26.35 2917.22 v _157196_/Y (AO32x1_ASAP7_75t_R)
  26.77 2943.99 v _157198_/Y (AO22x1_ASAP7_75t_R)
  23.00 2966.99 v _157222_/Y (AO21x1_ASAP7_75t_R)
  30.83 2997.82 v _157223_/Y (OR3x1_ASAP7_75t_R)
  42.49 3040.31 v _157312_/Y (AO21x1_ASAP7_75t_R)
  58.19 3098.50 ^ _157343_/Y (NAND2x1_ASAP7_75t_R)
  43.82 3142.32 v _157440_/Y (AOI221x1_ASAP7_75t_R)
  30.91 3173.23 v _157456_/Y (OA222x2_ASAP7_75t_R)
  22.24 3195.47 v _157459_/Y (AND5x2_ASAP7_75t_R)
  20.86 3216.33 v _157472_/Y (OA31x2_ASAP7_75t_R)
  42.26 3258.59 v _157475_/Y (OR4x2_ASAP7_75t_R)
  63.75 3322.33 ^ _157478_/Y (NAND2x1_ASAP7_75t_R)
  19.94 3342.27 v _157479_/Y (NOR2x1_ASAP7_75t_R)
  25.21 3367.48 v _157485_/Y (OA21x2_ASAP7_75t_R)
  28.58 3396.06 v _157492_/Y (AO221x1_ASAP7_75t_R)
  26.03 3422.09 v _157649_/Y (OA21x2_ASAP7_75t_R)
  24.74 3446.82 v _157651_/Y (AO21x1_ASAP7_75t_R)
  41.75 3488.58 v _157652_/Y (AO22x1_ASAP7_75t_R)
  64.55 3553.13 ^ _157732_/Y (NAND2x1_ASAP7_75t_R)
  25.99 3579.12 ^ _157764_/Y (AO21x1_ASAP7_75t_R)
  24.20 3603.32 v _157767_/Y (AOI22x1_ASAP7_75t_R)
  37.31 3640.63 v _157790_/Y (OA21x2_ASAP7_75t_R)
  18.85 3659.48 ^ _157827_/Y (AOI211x1_ASAP7_75t_R)
  19.61 3679.09 v _157842_/Y (OAI21x1_ASAP7_75t_R)
  89.64 3768.73 v _157921_/Y (AO221x1_ASAP7_75t_R)
  48.27 3817.00 v _157922_/Y (AO221x1_ASAP7_75t_R)
  27.48 3844.48 v _157925_/Y (AO32x2_ASAP7_75t_R)
  22.59 3867.07 v _157949_/Y (OA211x2_ASAP7_75t_R)
  32.17 3899.24 v _157967_/Y (AO222x2_ASAP7_75t_R)
  38.29 3937.53 v _158020_/Y (AO221x1_ASAP7_75t_R)
  28.61 3966.14 v _158084_/Y (AO211x2_ASAP7_75t_R)
  41.43 4007.57 v _158094_/Y (AND2x2_ASAP7_75t_R)
  49.23 4056.80 v _158173_/Y (OR3x2_ASAP7_75t_R)
  22.73 4079.54 v _158271_/Y (AO221x1_ASAP7_75t_R)
  33.06 4112.59 v _158272_/Y (OR5x1_ASAP7_75t_R)
  46.33 4158.93 v _158273_/Y (OR5x1_ASAP7_75t_R)
  20.14 4179.06 ^ _158274_/Y (NAND2x2_ASAP7_75t_R)
  54.60 4233.66 v _158287_/Y (OAI21x1_ASAP7_75t_R)
  52.70 4286.36 v _158298_/Y (AND2x2_ASAP7_75t_R)
  35.64 4322.00 v _158304_/Y (OA211x2_ASAP7_75t_R)
  30.46 4352.46 v _158330_/Y (XNOR2x2_ASAP7_75t_R)
  29.58 4382.04 v _158388_/Y (OR5x1_ASAP7_75t_R)
  42.94 4424.98 v _158399_/Y (AO33x2_ASAP7_75t_R)
  26.16 4451.15 v _158436_/Y (AND2x2_ASAP7_75t_R)
  78.93 4530.07 v _158437_/Y (OR3x1_ASAP7_75t_R)
  70.98 4601.05 v _158474_/Y (AND2x2_ASAP7_75t_R)
  38.15 4639.21 ^ _158476_/Y (AOI22x1_ASAP7_75t_R)
  23.17 4662.38 ^ _158477_/Y (AND2x2_ASAP7_75t_R)
  16.00 4678.38 v _158496_/Y (AOI221x1_ASAP7_75t_R)
  33.09 4711.47 v _158497_/Y (MAJx2_ASAP7_75t_R)
  24.75 4736.22 v _158571_/Y (AO21x1_ASAP7_75t_R)
  46.55 4782.77 v _158629_/Y (AO221x2_ASAP7_75t_R)
  81.05 4863.83 ^ _158672_/Y (NAND2x1_ASAP7_75t_R)
  35.80 4899.63 ^ _158689_/Y (AND2x2_ASAP7_75t_R)
  22.57 4922.20 ^ _158690_/Y (OA21x2_ASAP7_75t_R)
  20.24 4942.44 ^ _158691_/Y (OR2x2_ASAP7_75t_R)
  22.82 4965.26 ^ _158702_/Y (AND3x1_ASAP7_75t_R)
  21.78 4987.04 ^ _158720_/Y (OA21x2_ASAP7_75t_R)
  24.53 5011.57 ^ _158743_/Y (OA31x2_ASAP7_75t_R)
  15.08 5026.64 ^ _158761_/Y (OR4x1_ASAP7_75t_R)
  48.03 5074.67 ^ _158764_/Y (AND5x2_ASAP7_75t_R)
  52.84 5127.52 ^ _159054_/Y (OA21x2_ASAP7_75t_R)
 118.43 5245.95 ^ _159120_/Y (OA21x2_ASAP7_75t_R)
  58.79 5304.73 ^ _159154_/Y (AO221x1_ASAP7_75t_R)
  92.01 5396.74 ^ _159901_/Y (AND2x2_ASAP7_75t_R)
 173.87 5570.61 v _159903_/Y (NOR2x1_ASAP7_75t_R)
  96.92 5667.53 ^ _163182_/Y (NAND2x2_ASAP7_75t_R)
  31.92 5699.44 ^ load_slew951/Y (BUFx16f_ASAP7_75t_R)
  21.96 5721.41 ^ load_slew949/Y (BUFx16f_ASAP7_75t_R)
  32.45 5753.86 ^ wire948/Y (BUFx16f_ASAP7_75t_R)
 159.78 5913.64 ^ _164794_/Y (OR2x2_ASAP7_75t_R)
  48.60 5962.24 v _201456_/Y (NAND2x1_ASAP7_75t_R)
  20.72 5982.96 v _201457_/Y (AO21x1_ASAP7_75t_R)
  25.95 6008.90 v _201458_/Y (OA211x2_ASAP7_75t_R)
  17.26 6026.16 v _201459_/Y (AO21x1_ASAP7_75t_R)
  14.99 6041.15 v _201460_/Y (AND2x2_ASAP7_75t_R)
   0.06 6041.20 v _312518_/D (DFFHQNx1_ASAP7_75t_R)
        6041.20   data arrival time

12000.00 12000.00   clock core_clk (rise edge)
   0.00 12000.00   clock source latency
   0.00 12000.00 ^ clk (in)
  46.11 12046.11 ^ wire4945/Y (BUFx10_ASAP7_75t_R)
  47.38 12093.49 ^ clkbuf_0_clk/Y (BUFx24_ASAP7_75t_R)
  28.80 12122.29 ^ clkbuf_1_1_0_clk/Y (BUFx24_ASAP7_75t_R)
  28.42 12150.71 ^ clkbuf_2_3_0_clk/Y (BUFx24_ASAP7_75t_R)
  22.98 12173.68 ^ clkbuf_3_6_0_clk/Y (BUFx24_ASAP7_75t_R)
  28.79 12202.47 ^ clkbuf_4_13_0_clk/Y (BUFx24_ASAP7_75t_R)
  25.67 12228.14 ^ clkbuf_6_54_0_clk/Y (BUFx24_ASAP7_75t_R)
  21.56 12249.70 ^ clkbuf_7_108__f_clk/Y (BUFx24_ASAP7_75t_R)
  23.57 12273.27 ^ clkbuf_leaf_482_clk/Y (BUFx24_ASAP7_75t_R)
   1.57 12274.84 ^ _312518_/CLK (DFFHQNx1_ASAP7_75t_R)
 -50.00 12224.84   clock uncertainty
   2.19 12227.03   clock reconvergence pessimism
  -0.20 12226.83   library setup time
        12226.83   data required time
---------------------------------------------------------
        12226.83   data required time
        -6041.20   data arrival time
---------------------------------------------------------
        6185.63   slack (MET)


Startpoint: _308209_ (rising edge-triggered flip-flop clocked by core_clk)
Endpoint: _312493_ (rising edge-triggered flip-flop clocked by core_clk)
Path Group: reg2reg
Path Type: max

  Delay    Time   Description
---------------------------------------------------------
   0.00    0.00   clock core_clk (rise edge)
   0.00    0.00   clock source latency
   0.00    0.00 ^ clk (in)
  46.81   46.81 ^ wire4945/Y (BUFx10_ASAP7_75t_R)
  48.87   95.68 ^ clkbuf_0_clk/Y (BUFx24_ASAP7_75t_R)
  30.20  125.87 ^ clkbuf_1_0_0_clk/Y (BUFx24_ASAP7_75t_R)
  29.09  154.96 ^ clkbuf_2_1_0_clk/Y (BUFx24_ASAP7_75t_R)
  26.47  181.44 ^ clkbuf_3_2_0_clk/Y (BUFx24_ASAP7_75t_R)
  30.84  212.28 ^ clkbuf_4_4_0_clk/Y (BUFx24_ASAP7_75t_R)
  24.84  237.12 ^ clkbuf_6_19_0_clk/Y (BUFx24_ASAP7_75t_R)
  21.77  258.88 ^ clkbuf_7_38__f_clk/Y (BUFx24_ASAP7_75t_R)
  27.65  286.53 ^ clkbuf_leaf_778_clk/Y (BUFx24_ASAP7_75t_R)
   2.33  288.86 ^ _308209_/CLK (DFFHQNx3_ASAP7_75t_R)
  56.18  345.04 ^ _308209_/QN (DFFHQNx3_ASAP7_75t_R)
  27.51  372.55 ^ wire4778/Y (BUFx16f_ASAP7_75t_R)
  66.95  439.50 ^ wire4776/Y (BUFx16f_ASAP7_75t_R)
  33.08  472.58 ^ wire4775/Y (BUFx16f_ASAP7_75t_R)
  73.63  546.21 ^ load_slew4774/Y (BUFx16f_ASAP7_75t_R)
  94.00  640.21 ^ _153629_/Y (AND2x2_ASAP7_75t_R)
 169.02  809.24 v _153630_/Y (NAND2x1_ASAP7_75t_R)
  64.17  873.41 v _153631_/Y (OA21x2_ASAP7_75t_R)
 108.13  981.54 v _153633_/Y (AND3x1_ASAP7_75t_R)
  89.17 1070.71 v _154870_/Y (AO222x2_ASAP7_75t_R)
  47.40 1118.11 v _154873_/Y (OR3x2_ASAP7_75t_R)
  54.24 1172.36 v _154878_/Y (OR5x1_ASAP7_75t_R)
  93.99 1266.34 v _154879_/Y (OR4x1_ASAP7_75t_R)
  74.48 1340.82 v _155829_/Y (OR4x1_ASAP7_75t_R)
  24.56 1365.38 v _155944_/Y (AO221x1_ASAP7_75t_R)
  50.94 1416.32 v _155949_/Y (OR5x1_ASAP7_75t_R)
  34.05 1450.37 v _156013_/Y (AND2x2_ASAP7_75t_R)
  49.97 1500.34 ^ _156016_/Y (NAND3x1_ASAP7_75t_R)
  39.70 1540.04 v _156112_/Y (AOI221x1_ASAP7_75t_R)
  26.08 1566.12 v _156115_/Y (OA21x2_ASAP7_75t_R)
  21.84 1587.97 v _156116_/Y (OR3x1_ASAP7_75t_R)
  38.63 1626.60 v _156123_/Y (AO33x2_ASAP7_75t_R)
  41.76 1668.35 ^ _156140_/Y (NAND2x1_ASAP7_75t_R)
 110.76 1779.11 ^ _156253_/Y (AO221x1_ASAP7_75t_R)
  69.58 1848.70 v _156308_/Y (NAND2x2_ASAP7_75t_R)
  49.02 1897.71 v _156311_/Y (AO21x2_ASAP7_75t_R)
  23.18 1920.89 v _156314_/Y (OA21x2_ASAP7_75t_R)
  27.71 1948.60 v _156388_/Y (AO221x1_ASAP7_75t_R)
  22.62 1971.22 v _156389_/Y (OA21x2_ASAP7_75t_R)
  24.14 1995.36 ^ _156393_/Y (AOI22x1_ASAP7_75t_R)
  53.99 2049.35 v _156410_/Y (NAND2x1_ASAP7_75t_R)
  71.47 2120.82 v _156421_/Y (AO33x2_ASAP7_75t_R)
  32.75 2153.58 ^ _156522_/Y (XNOR2x2_ASAP7_75t_R)
  25.19 2178.76 ^ _156526_/Y (AND4x1_ASAP7_75t_R)
  19.20 2197.96 ^ _156550_/Y (AO21x1_ASAP7_75t_R)
  19.23 2217.19 ^ _156551_/Y (AO21x1_ASAP7_75t_R)
  80.77 2297.96 ^ _156552_/Y (OA211x2_ASAP7_75t_R)
  89.28 2387.25 v _156555_/Y (INVx1_ASAP7_75t_R)
  33.68 2420.92 ^ _156568_/Y (OAI21x1_ASAP7_75t_R)
  34.29 2455.21 v _156616_/Y (AOI221x1_ASAP7_75t_R)
  48.52 2503.73 v _156806_/Y (OA211x2_ASAP7_75t_R)
  13.78 2517.51 ^ _156807_/Y (NAND2x1_ASAP7_75t_R)
  71.16 2588.67 ^ _156882_/Y (AO32x1_ASAP7_75t_R)
  34.48 2623.15 ^ _156995_/Y (OR2x2_ASAP7_75t_R)
  39.01 2662.16 ^ _157002_/Y (AO32x1_ASAP7_75t_R)
  36.29 2698.44 ^ _157004_/Y (XNOR2x2_ASAP7_75t_R)
  14.38 2712.83 v _157005_/Y (NOR3x1_ASAP7_75t_R)
  32.62 2745.45 v _157006_/Y (AND5x2_ASAP7_75t_R)
  28.88 2774.33 v _157078_/Y (OR3x1_ASAP7_75t_R)
  57.37 2831.69 v _157141_/Y (OA33x2_ASAP7_75t_R)
  34.73 2866.43 v _157144_/Y (OR2x2_ASAP7_75t_R)
  24.44 2890.87 v _157145_/Y (AO21x1_ASAP7_75t_R)
  26.35 2917.22 v _157196_/Y (AO32x1_ASAP7_75t_R)
  26.77 2943.99 v _157198_/Y (AO22x1_ASAP7_75t_R)
  23.00 2966.99 v _157222_/Y (AO21x1_ASAP7_75t_R)
  30.83 2997.82 v _157223_/Y (OR3x1_ASAP7_75t_R)
  42.49 3040.31 v _157312_/Y (AO21x1_ASAP7_75t_R)
  58.19 3098.50 ^ _157343_/Y (NAND2x1_ASAP7_75t_R)
  43.82 3142.32 v _157440_/Y (AOI221x1_ASAP7_75t_R)
  30.91 3173.23 v _157456_/Y (OA222x2_ASAP7_75t_R)
  22.24 3195.47 v _157459_/Y (AND5x2_ASAP7_75t_R)
  20.86 3216.33 v _157472_/Y (OA31x2_ASAP7_75t_R)
  42.26 3258.59 v _157475_/Y (OR4x2_ASAP7_75t_R)
  63.75 3322.33 ^ _157478_/Y (NAND2x1_ASAP7_75t_R)
  19.94 3342.27 v _157479_/Y (NOR2x1_ASAP7_75t_R)
  25.21 3367.48 v _157485_/Y (OA21x2_ASAP7_75t_R)
  28.58 3396.06 v _157492_/Y (AO221x1_ASAP7_75t_R)
  26.03 3422.09 v _157649_/Y (OA21x2_ASAP7_75t_R)
  24.74 3446.82 v _157651_/Y (AO21x1_ASAP7_75t_R)
  41.75 3488.58 v _157652_/Y (AO22x1_ASAP7_75t_R)
  64.55 3553.13 ^ _157732_/Y (NAND2x1_ASAP7_75t_R)
  25.99 3579.12 ^ _157764_/Y (AO21x1_ASAP7_75t_R)
  24.20 3603.32 v _157767_/Y (AOI22x1_ASAP7_75t_R)
  37.31 3640.63 v _157790_/Y (OA21x2_ASAP7_75t_R)
  18.85 3659.48 ^ _157827_/Y (AOI211x1_ASAP7_75t_R)
  19.61 3679.09 v _157842_/Y (OAI21x1_ASAP7_75t_R)
  89.64 3768.73 v _157921_/Y (AO221x1_ASAP7_75t_R)
  48.27 3817.00 v _157922_/Y (AO221x1_ASAP7_75t_R)
  27.48 3844.48 v _157925_/Y (AO32x2_ASAP7_75t_R)
  22.59 3867.07 v _157949_/Y (OA211x2_ASAP7_75t_R)
  32.17 3899.24 v _157967_/Y (AO222x2_ASAP7_75t_R)
  38.29 3937.53 v _158020_/Y (AO221x1_ASAP7_75t_R)
  28.61 3966.14 v _158084_/Y (AO211x2_ASAP7_75t_R)
  41.43 4007.57 v _158094_/Y (AND2x2_ASAP7_75t_R)
  49.23 4056.80 v _158173_/Y (OR3x2_ASAP7_75t_R)
  22.73 4079.54 v _158271_/Y (AO221x1_ASAP7_75t_R)
  33.06 4112.59 v _158272_/Y (OR5x1_ASAP7_75t_R)
  46.33 4158.93 v _158273_/Y (OR5x1_ASAP7_75t_R)
  20.14 4179.06 ^ _158274_/Y (NAND2x2_ASAP7_75t_R)
  54.60 4233.66 v _158287_/Y (OAI21x1_ASAP7_75t_R)
  52.70 4286.36 v _158298_/Y (AND2x2_ASAP7_75t_R)
  35.64 4322.00 v _158304_/Y (OA211x2_ASAP7_75t_R)
  30.46 4352.46 v _158330_/Y (XNOR2x2_ASAP7_75t_R)
  29.58 4382.04 v _158388_/Y (OR5x1_ASAP7_75t_R)
  42.94 4424.98 v _158399_/Y (AO33x2_ASAP7_75t_R)
  26.16 4451.15 v _158436_/Y (AND2x2_ASAP7_75t_R)
  78.93 4530.07 v _158437_/Y (OR3x1_ASAP7_75t_R)
  70.98 4601.05 v _158474_/Y (AND2x2_ASAP7_75t_R)
  38.15 4639.21 ^ _158476_/Y (AOI22x1_ASAP7_75t_R)
  23.17 4662.38 ^ _158477_/Y (AND2x2_ASAP7_75t_R)
  16.00 4678.38 v _158496_/Y (AOI221x1_ASAP7_75t_R)
  33.09 4711.47 v _158497_/Y (MAJx2_ASAP7_75t_R)
  24.75 4736.22 v _158571_/Y (AO21x1_ASAP7_75t_R)
  46.55 4782.77 v _158629_/Y (AO221x2_ASAP7_75t_R)
  81.05 4863.83 ^ _158672_/Y (NAND2x1_ASAP7_75t_R)
  35.80 4899.63 ^ _158689_/Y (AND2x2_ASAP7_75t_R)
  22.57 4922.20 ^ _158690_/Y (OA21x2_ASAP7_75t_R)
  20.24 4942.44 ^ _158691_/Y (OR2x2_ASAP7_75t_R)
  22.82 4965.26 ^ _158702_/Y (AND3x1_ASAP7_75t_R)
  21.78 4987.04 ^ _158720_/Y (OA21x2_ASAP7_75t_R)
  24.53 5011.57 ^ _158743_/Y (OA31x2_ASAP7_75t_R)
  15.08 5026.64 ^ _158761_/Y (OR4x1_ASAP7_75t_R)
  48.03 5074.67 ^ _158764_/Y (AND5x2_ASAP7_75t_R)
  52.84 5127.52 ^ _159054_/Y (OA21x2_ASAP7_75t_R)
 118.43 5245.95 ^ _159120_/Y (OA21x2_ASAP7_75t_R)
  58.79 5304.73 ^ _159154_/Y (AO221x1_ASAP7_75t_R)
  92.01 5396.74 ^ _159901_/Y (AND2x2_ASAP7_75t_R)
 173.87 5570.61 v _159903_/Y (NOR2x1_ASAP7_75t_R)
  96.92 5667.53 ^ _163182_/Y (NAND2x2_ASAP7_75t_R)
  31.92 5699.44 ^ load_slew951/Y (BUFx16f_ASAP7_75t_R)
  21.96 5721.41 ^ load_slew949/Y (BUFx16f_ASAP7_75t_R)
  32.45 5753.86 ^ wire948/Y (BUFx16f_ASAP7_75t_R)
 159.78 5913.64 ^ _164794_/Y (OR2x2_ASAP7_75t_R)
  46.94 5960.58 v _201287_/Y (NAND2x1_ASAP7_75t_R)
  20.88 5981.46 v _201288_/Y (AO21x1_ASAP7_75t_R)
  26.11 6007.57 v _201289_/Y (OA211x2_ASAP7_75t_R)
  17.17 6024.74 v _201290_/Y (AO21x1_ASAP7_75t_R)
  15.03 6039.77 v _201291_/Y (AND2x2_ASAP7_75t_R)
   0.09 6039.86 v _312493_/D (DFFHQNx1_ASAP7_75t_R)
        6039.86   data arrival time

12000.00 12000.00   clock core_clk (rise edge)
   0.00 12000.00   clock source latency
   0.00 12000.00 ^ clk (in)
  46.11 12046.11 ^ wire4945/Y (BUFx10_ASAP7_75t_R)
  47.38 12093.49 ^ clkbuf_0_clk/Y (BUFx24_ASAP7_75t_R)
  28.80 12122.29 ^ clkbuf_1_1_0_clk/Y (BUFx24_ASAP7_75t_R)
  28.42 12150.71 ^ clkbuf_2_3_0_clk/Y (BUFx24_ASAP7_75t_R)
  22.98 12173.68 ^ clkbuf_3_6_0_clk/Y (BUFx24_ASAP7_75t_R)
  28.79 12202.47 ^ clkbuf_4_13_0_clk/Y (BUFx24_ASAP7_75t_R)
  25.67 12228.14 ^ clkbuf_6_54_0_clk/Y (BUFx24_ASAP7_75t_R)
  21.56 12249.70 ^ clkbuf_7_108__f_clk/Y (BUFx24_ASAP7_75t_R)
  23.57 12273.27 ^ clkbuf_leaf_482_clk/Y (BUFx24_ASAP7_75t_R)
   1.62 12274.89 ^ _312493_/CLK (DFFHQNx1_ASAP7_75t_R)
 -50.00 12224.89   clock uncertainty
   2.19 12227.08   clock reconvergence pessimism
  -0.07 12227.01   library setup time
        12227.01   data required time
---------------------------------------------------------
        12227.01   data required time
        -6039.86   data arrival time
---------------------------------------------------------
        6187.15   slack (MET)


Startpoint: _308209_ (rising edge-triggered flip-flop clocked by core_clk)
Endpoint: _312495_ (rising edge-triggered flip-flop clocked by core_clk)
Path Group: reg2reg
Path Type: max

  Delay    Time   Description
---------------------------------------------------------
   0.00    0.00   clock core_clk (rise edge)
   0.00    0.00   clock source latency
   0.00    0.00 ^ clk (in)
  46.81   46.81 ^ wire4945/Y (BUFx10_ASAP7_75t_R)
  48.87   95.68 ^ clkbuf_0_clk/Y (BUFx24_ASAP7_75t_R)
  30.20  125.87 ^ clkbuf_1_0_0_clk/Y (BUFx24_ASAP7_75t_R)
  29.09  154.96 ^ clkbuf_2_1_0_clk/Y (BUFx24_ASAP7_75t_R)
  26.47  181.44 ^ clkbuf_3_2_0_clk/Y (BUFx24_ASAP7_75t_R)
  30.84  212.28 ^ clkbuf_4_4_0_clk/Y (BUFx24_ASAP7_75t_R)
  24.84  237.12 ^ clkbuf_6_19_0_clk/Y (BUFx24_ASAP7_75t_R)
  21.77  258.88 ^ clkbuf_7_38__f_clk/Y (BUFx24_ASAP7_75t_R)
  27.65  286.53 ^ clkbuf_leaf_778_clk/Y (BUFx24_ASAP7_75t_R)
   2.33  288.86 ^ _308209_/CLK (DFFHQNx3_ASAP7_75t_R)
  56.18  345.04 ^ _308209_/QN (DFFHQNx3_ASAP7_75t_R)
  27.51  372.55 ^ wire4778/Y (BUFx16f_ASAP7_75t_R)
  66.95  439.50 ^ wire4776/Y (BUFx16f_ASAP7_75t_R)
  33.08  472.58 ^ wire4775/Y (BUFx16f_ASAP7_75t_R)
  73.63  546.21 ^ load_slew4774/Y (BUFx16f_ASAP7_75t_R)
  94.00  640.21 ^ _153629_/Y (AND2x2_ASAP7_75t_R)
 169.02  809.24 v _153630_/Y (NAND2x1_ASAP7_75t_R)
  64.17  873.41 v _153631_/Y (OA21x2_ASAP7_75t_R)
 108.13  981.54 v _153633_/Y (AND3x1_ASAP7_75t_R)
  89.17 1070.71 v _154870_/Y (AO222x2_ASAP7_75t_R)
  47.40 1118.11 v _154873_/Y (OR3x2_ASAP7_75t_R)
  54.24 1172.36 v _154878_/Y (OR5x1_ASAP7_75t_R)
  93.99 1266.34 v _154879_/Y (OR4x1_ASAP7_75t_R)
  74.48 1340.82 v _155829_/Y (OR4x1_ASAP7_75t_R)
  24.56 1365.38 v _155944_/Y (AO221x1_ASAP7_75t_R)
  50.94 1416.32 v _155949_/Y (OR5x1_ASAP7_75t_R)
  34.05 1450.37 v _156013_/Y (AND2x2_ASAP7_75t_R)
  49.97 1500.34 ^ _156016_/Y (NAND3x1_ASAP7_75t_R)
  39.70 1540.04 v _156112_/Y (AOI221x1_ASAP7_75t_R)
  26.08 1566.12 v _156115_/Y (OA21x2_ASAP7_75t_R)
  21.84 1587.97 v _156116_/Y (OR3x1_ASAP7_75t_R)
  38.63 1626.60 v _156123_/Y (AO33x2_ASAP7_75t_R)
  41.76 1668.35 ^ _156140_/Y (NAND2x1_ASAP7_75t_R)
 110.76 1779.11 ^ _156253_/Y (AO221x1_ASAP7_75t_R)
  69.58 1848.70 v _156308_/Y (NAND2x2_ASAP7_75t_R)
  49.02 1897.71 v _156311_/Y (AO21x2_ASAP7_75t_R)
  23.18 1920.89 v _156314_/Y (OA21x2_ASAP7_75t_R)
  27.71 1948.60 v _156388_/Y (AO221x1_ASAP7_75t_R)
  22.62 1971.22 v _156389_/Y (OA21x2_ASAP7_75t_R)
  24.14 1995.36 ^ _156393_/Y (AOI22x1_ASAP7_75t_R)
  53.99 2049.35 v _156410_/Y (NAND2x1_ASAP7_75t_R)
  71.47 2120.82 v _156421_/Y (AO33x2_ASAP7_75t_R)
  32.75 2153.58 ^ _156522_/Y (XNOR2x2_ASAP7_75t_R)
  25.19 2178.76 ^ _156526_/Y (AND4x1_ASAP7_75t_R)
  19.20 2197.96 ^ _156550_/Y (AO21x1_ASAP7_75t_R)
  19.23 2217.19 ^ _156551_/Y (AO21x1_ASAP7_75t_R)
  80.77 2297.96 ^ _156552_/Y (OA211x2_ASAP7_75t_R)
  89.28 2387.25 v _156555_/Y (INVx1_ASAP7_75t_R)
  33.68 2420.92 ^ _156568_/Y (OAI21x1_ASAP7_75t_R)
  34.29 2455.21 v _156616_/Y (AOI221x1_ASAP7_75t_R)
  48.52 2503.73 v _156806_/Y (OA211x2_ASAP7_75t_R)
  13.78 2517.51 ^ _156807_/Y (NAND2x1_ASAP7_75t_R)
  71.16 2588.67 ^ _156882_/Y (AO32x1_ASAP7_75t_R)
  34.48 2623.15 ^ _156995_/Y (OR2x2_ASAP7_75t_R)
  39.01 2662.16 ^ _157002_/Y (AO32x1_ASAP7_75t_R)
  36.29 2698.44 ^ _157004_/Y (XNOR2x2_ASAP7_75t_R)
  14.38 2712.83 v _157005_/Y (NOR3x1_ASAP7_75t_R)
  32.62 2745.45 v _157006_/Y (AND5x2_ASAP7_75t_R)
  28.88 2774.33 v _157078_/Y (OR3x1_ASAP7_75t_R)
  57.37 2831.69 v _157141_/Y (OA33x2_ASAP7_75t_R)
  34.73 2866.43 v _157144_/Y (OR2x2_ASAP7_75t_R)
  24.44 2890.87 v _157145_/Y (AO21x1_ASAP7_75t_R)
  26.35 2917.22 v _157196_/Y (AO32x1_ASAP7_75t_R)
  26.77 2943.99 v _157198_/Y (AO22x1_ASAP7_75t_R)
  23.00 2966.99 v _157222_/Y (AO21x1_ASAP7_75t_R)
  30.83 2997.82 v _157223_/Y (OR3x1_ASAP7_75t_R)
  42.49 3040.31 v _157312_/Y (AO21x1_ASAP7_75t_R)
  58.19 3098.50 ^ _157343_/Y (NAND2x1_ASAP7_75t_R)
  43.82 3142.32 v _157440_/Y (AOI221x1_ASAP7_75t_R)
  30.91 3173.23 v _157456_/Y (OA222x2_ASAP7_75t_R)
  22.24 3195.47 v _157459_/Y (AND5x2_ASAP7_75t_R)
  20.86 3216.33 v _157472_/Y (OA31x2_ASAP7_75t_R)
  42.26 3258.59 v _157475_/Y (OR4x2_ASAP7_75t_R)
  63.75 3322.33 ^ _157478_/Y (NAND2x1_ASAP7_75t_R)
  19.94 3342.27 v _157479_/Y (NOR2x1_ASAP7_75t_R)
  25.21 3367.48 v _157485_/Y (OA21x2_ASAP7_75t_R)
  28.58 3396.06 v _157492_/Y (AO221x1_ASAP7_75t_R)
  26.03 3422.09 v _157649_/Y (OA21x2_ASAP7_75t_R)
  24.74 3446.82 v _157651_/Y (AO21x1_ASAP7_75t_R)
  41.75 3488.58 v _157652_/Y (AO22x1_ASAP7_75t_R)
  64.55 3553.13 ^ _157732_/Y (NAND2x1_ASAP7_75t_R)
  25.99 3579.12 ^ _157764_/Y (AO21x1_ASAP7_75t_R)
  24.20 3603.32 v _157767_/Y (AOI22x1_ASAP7_75t_R)
  37.31 3640.63 v _157790_/Y (OA21x2_ASAP7_75t_R)
  18.85 3659.48 ^ _157827_/Y (AOI211x1_ASAP7_75t_R)
  19.61 3679.09 v _157842_/Y (OAI21x1_ASAP7_75t_R)
  89.64 3768.73 v _157921_/Y (AO221x1_ASAP7_75t_R)
  48.27 3817.00 v _157922_/Y (AO221x1_ASAP7_75t_R)
  27.48 3844.48 v _157925_/Y (AO32x2_ASAP7_75t_R)
  22.59 3867.07 v _157949_/Y (OA211x2_ASAP7_75t_R)
  32.17 3899.24 v _157967_/Y (AO222x2_ASAP7_75t_R)
  38.29 3937.53 v _158020_/Y (AO221x1_ASAP7_75t_R)
  28.61 3966.14 v _158084_/Y (AO211x2_ASAP7_75t_R)
  41.43 4007.57 v _158094_/Y (AND2x2_ASAP7_75t_R)
  49.23 4056.80 v _158173_/Y (OR3x2_ASAP7_75t_R)
  22.73 4079.54 v _158271_/Y (AO221x1_ASAP7_75t_R)
  33.06 4112.59 v _158272_/Y (OR5x1_ASAP7_75t_R)
  46.33 4158.93 v _158273_/Y (OR5x1_ASAP7_75t_R)
  20.14 4179.06 ^ _158274_/Y (NAND2x2_ASAP7_75t_R)
  54.60 4233.66 v _158287_/Y (OAI21x1_ASAP7_75t_R)
  52.70 4286.36 v _158298_/Y (AND2x2_ASAP7_75t_R)
  35.64 4322.00 v _158304_/Y (OA211x2_ASAP7_75t_R)
  30.46 4352.46 v _158330_/Y (XNOR2x2_ASAP7_75t_R)
  29.58 4382.04 v _158388_/Y (OR5x1_ASAP7_75t_R)
  42.94 4424.98 v _158399_/Y (AO33x2_ASAP7_75t_R)
  26.16 4451.15 v _158436_/Y (AND2x2_ASAP7_75t_R)
  78.93 4530.07 v _158437_/Y (OR3x1_ASAP7_75t_R)
  70.98 4601.05 v _158474_/Y (AND2x2_ASAP7_75t_R)
  38.15 4639.21 ^ _158476_/Y (AOI22x1_ASAP7_75t_R)
  23.17 4662.38 ^ _158477_/Y (AND2x2_ASAP7_75t_R)
  16.00 4678.38 v _158496_/Y (AOI221x1_ASAP7_75t_R)
  33.09 4711.47 v _158497_/Y (MAJx2_ASAP7_75t_R)
  24.75 4736.22 v _158571_/Y (AO21x1_ASAP7_75t_R)
  46.55 4782.77 v _158629_/Y (AO221x2_ASAP7_75t_R)
  81.05 4863.83 ^ _158672_/Y (NAND2x1_ASAP7_75t_R)
  35.80 4899.63 ^ _158689_/Y (AND2x2_ASAP7_75t_R)
  22.57 4922.20 ^ _158690_/Y (OA21x2_ASAP7_75t_R)
  20.24 4942.44 ^ _158691_/Y (OR2x2_ASAP7_75t_R)
  22.82 4965.26 ^ _158702_/Y (AND3x1_ASAP7_75t_R)
  21.78 4987.04 ^ _158720_/Y (OA21x2_ASAP7_75t_R)
  24.53 5011.57 ^ _158743_/Y (OA31x2_ASAP7_75t_R)
  15.08 5026.64 ^ _158761_/Y (OR4x1_ASAP7_75t_R)
  48.03 5074.67 ^ _158764_/Y (AND5x2_ASAP7_75t_R)
  52.84 5127.52 ^ _159054_/Y (OA21x2_ASAP7_75t_R)
 118.43 5245.95 ^ _159120_/Y (OA21x2_ASAP7_75t_R)
  58.79 5304.73 ^ _159154_/Y (AO221x1_ASAP7_75t_R)
  92.01 5396.74 ^ _159901_/Y (AND2x2_ASAP7_75t_R)
 173.87 5570.61 v _159903_/Y (NOR2x1_ASAP7_75t_R)
  96.92 5667.53 ^ _163182_/Y (NAND2x2_ASAP7_75t_R)
  31.92 5699.44 ^ load_slew951/Y (BUFx16f_ASAP7_75t_R)
  21.96 5721.41 ^ load_slew949/Y (BUFx16f_ASAP7_75t_R)
  32.45 5753.86 ^ wire948/Y (BUFx16f_ASAP7_75t_R)
 159.78 5913.64 ^ _164794_/Y (OR2x2_ASAP7_75t_R)
  47.68 5961.32 v _201300_/Y (NAND2x1_ASAP7_75t_R)
  20.41 5981.72 v _201301_/Y (AO21x1_ASAP7_75t_R)
  25.72 6007.44 v _201302_/Y (OA211x2_ASAP7_75t_R)
  16.63 6024.08 v _201303_/Y (AO21x1_ASAP7_75t_R)
  14.72 6038.80 v _201304_/Y (AND2x2_ASAP7_75t_R)
   0.09 6038.89 v _312495_/D (DFFHQNx1_ASAP7_75t_R)
        6038.89   data arrival time

12000.00 12000.00   clock core_clk (rise edge)
   0.00 12000.00   clock source latency
   0.00 12000.00 ^ clk (in)
  46.11 12046.11 ^ wire4945/Y (BUFx10_ASAP7_75t_R)
  47.38 12093.49 ^ clkbuf_0_clk/Y (BUFx24_ASAP7_75t_R)
  28.80 12122.29 ^ clkbuf_1_1_0_clk/Y (BUFx24_ASAP7_75t_R)
  28.42 12150.71 ^ clkbuf_2_3_0_clk/Y (BUFx24_ASAP7_75t_R)
  22.98 12173.68 ^ clkbuf_3_6_0_clk/Y (BUFx24_ASAP7_75t_R)
  28.79 12202.47 ^ clkbuf_4_13_0_clk/Y (BUFx24_ASAP7_75t_R)
  25.67 12228.14 ^ clkbuf_6_54_0_clk/Y (BUFx24_ASAP7_75t_R)
  21.56 12249.70 ^ clkbuf_7_108__f_clk/Y (BUFx24_ASAP7_75t_R)
  23.57 12273.27 ^ clkbuf_leaf_482_clk/Y (BUFx24_ASAP7_75t_R)
   1.10 12274.37 ^ _312495_/CLK (DFFHQNx1_ASAP7_75t_R)
 -50.00 12224.37   clock uncertainty
   2.19 12226.56   clock reconvergence pessimism
  -0.26 12226.30   library setup time
        12226.30   data required time
---------------------------------------------------------
        12226.30   data required time
        -6038.89   data arrival time
---------------------------------------------------------
        6187.41   slack (MET)


Startpoint: _308209_ (rising edge-triggered flip-flop clocked by core_clk)
Endpoint: _312549_ (rising edge-triggered flip-flop clocked by core_clk)
Path Group: reg2reg
Path Type: max

  Delay    Time   Description
---------------------------------------------------------
   0.00    0.00   clock core_clk (rise edge)
   0.00    0.00   clock source latency
   0.00    0.00 ^ clk (in)
  46.81   46.81 ^ wire4945/Y (BUFx10_ASAP7_75t_R)
  48.87   95.68 ^ clkbuf_0_clk/Y (BUFx24_ASAP7_75t_R)
  30.20  125.87 ^ clkbuf_1_0_0_clk/Y (BUFx24_ASAP7_75t_R)
  29.09  154.96 ^ clkbuf_2_1_0_clk/Y (BUFx24_ASAP7_75t_R)
  26.47  181.44 ^ clkbuf_3_2_0_clk/Y (BUFx24_ASAP7_75t_R)
  30.84  212.28 ^ clkbuf_4_4_0_clk/Y (BUFx24_ASAP7_75t_R)
  24.84  237.12 ^ clkbuf_6_19_0_clk/Y (BUFx24_ASAP7_75t_R)
  21.77  258.88 ^ clkbuf_7_38__f_clk/Y (BUFx24_ASAP7_75t_R)
  27.65  286.53 ^ clkbuf_leaf_778_clk/Y (BUFx24_ASAP7_75t_R)
   2.33  288.86 ^ _308209_/CLK (DFFHQNx3_ASAP7_75t_R)
  56.18  345.04 ^ _308209_/QN (DFFHQNx3_ASAP7_75t_R)
  27.51  372.55 ^ wire4778/Y (BUFx16f_ASAP7_75t_R)
  66.95  439.50 ^ wire4776/Y (BUFx16f_ASAP7_75t_R)
  33.08  472.58 ^ wire4775/Y (BUFx16f_ASAP7_75t_R)
  73.63  546.21 ^ load_slew4774/Y (BUFx16f_ASAP7_75t_R)
  94.00  640.21 ^ _153629_/Y (AND2x2_ASAP7_75t_R)
 169.02  809.24 v _153630_/Y (NAND2x1_ASAP7_75t_R)
  64.17  873.41 v _153631_/Y (OA21x2_ASAP7_75t_R)
 108.13  981.54 v _153633_/Y (AND3x1_ASAP7_75t_R)
  89.17 1070.71 v _154870_/Y (AO222x2_ASAP7_75t_R)
  47.40 1118.11 v _154873_/Y (OR3x2_ASAP7_75t_R)
  54.24 1172.36 v _154878_/Y (OR5x1_ASAP7_75t_R)
  93.99 1266.34 v _154879_/Y (OR4x1_ASAP7_75t_R)
  74.48 1340.82 v _155829_/Y (OR4x1_ASAP7_75t_R)
  24.56 1365.38 v _155944_/Y (AO221x1_ASAP7_75t_R)
  50.94 1416.32 v _155949_/Y (OR5x1_ASAP7_75t_R)
  34.05 1450.37 v _156013_/Y (AND2x2_ASAP7_75t_R)
  49.97 1500.34 ^ _156016_/Y (NAND3x1_ASAP7_75t_R)
  39.70 1540.04 v _156112_/Y (AOI221x1_ASAP7_75t_R)
  26.08 1566.12 v _156115_/Y (OA21x2_ASAP7_75t_R)
  21.84 1587.97 v _156116_/Y (OR3x1_ASAP7_75t_R)
  38.63 1626.60 v _156123_/Y (AO33x2_ASAP7_75t_R)
  41.76 1668.35 ^ _156140_/Y (NAND2x1_ASAP7_75t_R)
 110.76 1779.11 ^ _156253_/Y (AO221x1_ASAP7_75t_R)
  69.58 1848.70 v _156308_/Y (NAND2x2_ASAP7_75t_R)
  49.02 1897.71 v _156311_/Y (AO21x2_ASAP7_75t_R)
  23.18 1920.89 v _156314_/Y (OA21x2_ASAP7_75t_R)
  27.71 1948.60 v _156388_/Y (AO221x1_ASAP7_75t_R)
  22.62 1971.22 v _156389_/Y (OA21x2_ASAP7_75t_R)
  24.14 1995.36 ^ _156393_/Y (AOI22x1_ASAP7_75t_R)
  53.99 2049.35 v _156410_/Y (NAND2x1_ASAP7_75t_R)
  71.47 2120.82 v _156421_/Y (AO33x2_ASAP7_75t_R)
  32.75 2153.58 ^ _156522_/Y (XNOR2x2_ASAP7_75t_R)
  25.19 2178.76 ^ _156526_/Y (AND4x1_ASAP7_75t_R)
  19.20 2197.96 ^ _156550_/Y (AO21x1_ASAP7_75t_R)
  19.23 2217.19 ^ _156551_/Y (AO21x1_ASAP7_75t_R)
  80.77 2297.96 ^ _156552_/Y (OA211x2_ASAP7_75t_R)
  89.28 2387.25 v _156555_/Y (INVx1_ASAP7_75t_R)
  33.68 2420.92 ^ _156568_/Y (OAI21x1_ASAP7_75t_R)
  34.29 2455.21 v _156616_/Y (AOI221x1_ASAP7_75t_R)
  48.52 2503.73 v _156806_/Y (OA211x2_ASAP7_75t_R)
  13.78 2517.51 ^ _156807_/Y (NAND2x1_ASAP7_75t_R)
  71.16 2588.67 ^ _156882_/Y (AO32x1_ASAP7_75t_R)
  34.48 2623.15 ^ _156995_/Y (OR2x2_ASAP7_75t_R)
  39.01 2662.16 ^ _157002_/Y (AO32x1_ASAP7_75t_R)
  36.29 2698.44 ^ _157004_/Y (XNOR2x2_ASAP7_75t_R)
  14.38 2712.83 v _157005_/Y (NOR3x1_ASAP7_75t_R)
  32.62 2745.45 v _157006_/Y (AND5x2_ASAP7_75t_R)
  28.88 2774.33 v _157078_/Y (OR3x1_ASAP7_75t_R)
  57.37 2831.69 v _157141_/Y (OA33x2_ASAP7_75t_R)
  34.73 2866.43 v _157144_/Y (OR2x2_ASAP7_75t_R)
  24.44 2890.87 v _157145_/Y (AO21x1_ASAP7_75t_R)
  26.35 2917.22 v _157196_/Y (AO32x1_ASAP7_75t_R)
  26.77 2943.99 v _157198_/Y (AO22x1_ASAP7_75t_R)
  23.00 2966.99 v _157222_/Y (AO21x1_ASAP7_75t_R)
  30.83 2997.82 v _157223_/Y (OR3x1_ASAP7_75t_R)
  42.49 3040.31 v _157312_/Y (AO21x1_ASAP7_75t_R)
  58.19 3098.50 ^ _157343_/Y (NAND2x1_ASAP7_75t_R)
  43.82 3142.32 v _157440_/Y (AOI221x1_ASAP7_75t_R)
  30.91 3173.23 v _157456_/Y (OA222x2_ASAP7_75t_R)
  22.24 3195.47 v _157459_/Y (AND5x2_ASAP7_75t_R)
  20.86 3216.33 v _157472_/Y (OA31x2_ASAP7_75t_R)
  42.26 3258.59 v _157475_/Y (OR4x2_ASAP7_75t_R)
  63.75 3322.33 ^ _157478_/Y (NAND2x1_ASAP7_75t_R)
  19.94 3342.27 v _157479_/Y (NOR2x1_ASAP7_75t_R)
  25.21 3367.48 v _157485_/Y (OA21x2_ASAP7_75t_R)
  28.58 3396.06 v _157492_/Y (AO221x1_ASAP7_75t_R)
  26.03 3422.09 v _157649_/Y (OA21x2_ASAP7_75t_R)
  24.74 3446.82 v _157651_/Y (AO21x1_ASAP7_75t_R)
  41.75 3488.58 v _157652_/Y (AO22x1_ASAP7_75t_R)
  64.55 3553.13 ^ _157732_/Y (NAND2x1_ASAP7_75t_R)
  25.99 3579.12 ^ _157764_/Y (AO21x1_ASAP7_75t_R)
  24.20 3603.32 v _157767_/Y (AOI22x1_ASAP7_75t_R)
  37.31 3640.63 v _157790_/Y (OA21x2_ASAP7_75t_R)
  18.85 3659.48 ^ _157827_/Y (AOI211x1_ASAP7_75t_R)
  19.61 3679.09 v _157842_/Y (OAI21x1_ASAP7_75t_R)
  89.64 3768.73 v _157921_/Y (AO221x1_ASAP7_75t_R)
  48.27 3817.00 v _157922_/Y (AO221x1_ASAP7_75t_R)
  27.48 3844.48 v _157925_/Y (AO32x2_ASAP7_75t_R)
  22.59 3867.07 v _157949_/Y (OA211x2_ASAP7_75t_R)
  32.17 3899.24 v _157967_/Y (AO222x2_ASAP7_75t_R)
  38.29 3937.53 v _158020_/Y (AO221x1_ASAP7_75t_R)
  28.61 3966.14 v _158084_/Y (AO211x2_ASAP7_75t_R)
  41.43 4007.57 v _158094_/Y (AND2x2_ASAP7_75t_R)
  49.23 4056.80 v _158173_/Y (OR3x2_ASAP7_75t_R)
  22.73 4079.54 v _158271_/Y (AO221x1_ASAP7_75t_R)
  33.06 4112.59 v _158272_/Y (OR5x1_ASAP7_75t_R)
  46.33 4158.93 v _158273_/Y (OR5x1_ASAP7_75t_R)
  20.14 4179.06 ^ _158274_/Y (NAND2x2_ASAP7_75t_R)
  54.60 4233.66 v _158287_/Y (OAI21x1_ASAP7_75t_R)
  52.70 4286.36 v _158298_/Y (AND2x2_ASAP7_75t_R)
  35.64 4322.00 v _158304_/Y (OA211x2_ASAP7_75t_R)
  30.46 4352.46 v _158330_/Y (XNOR2x2_ASAP7_75t_R)
  29.58 4382.04 v _158388_/Y (OR5x1_ASAP7_75t_R)
  42.94 4424.98 v _158399_/Y (AO33x2_ASAP7_75t_R)
  26.16 4451.15 v _158436_/Y (AND2x2_ASAP7_75t_R)
  78.93 4530.07 v _158437_/Y (OR3x1_ASAP7_75t_R)
  70.98 4601.05 v _158474_/Y (AND2x2_ASAP7_75t_R)
  38.15 4639.21 ^ _158476_/Y (AOI22x1_ASAP7_75t_R)
  23.17 4662.38 ^ _158477_/Y (AND2x2_ASAP7_75t_R)
  16.00 4678.38 v _158496_/Y (AOI221x1_ASAP7_75t_R)
  33.09 4711.47 v _158497_/Y (MAJx2_ASAP7_75t_R)
  24.75 4736.22 v _158571_/Y (AO21x1_ASAP7_75t_R)
  46.55 4782.77 v _158629_/Y (AO221x2_ASAP7_75t_R)
  81.05 4863.83 ^ _158672_/Y (NAND2x1_ASAP7_75t_R)
  35.80 4899.63 ^ _158689_/Y (AND2x2_ASAP7_75t_R)
  22.57 4922.20 ^ _158690_/Y (OA21x2_ASAP7_75t_R)
  20.24 4942.44 ^ _158691_/Y (OR2x2_ASAP7_75t_R)
  22.82 4965.26 ^ _158702_/Y (AND3x1_ASAP7_75t_R)
  21.78 4987.04 ^ _158720_/Y (OA21x2_ASAP7_75t_R)
  24.53 5011.57 ^ _158743_/Y (OA31x2_ASAP7_75t_R)
  15.08 5026.64 ^ _158761_/Y (OR4x1_ASAP7_75t_R)
  48.03 5074.67 ^ _158764_/Y (AND5x2_ASAP7_75t_R)
  52.84 5127.52 ^ _159054_/Y (OA21x2_ASAP7_75t_R)
 118.43 5245.95 ^ _159120_/Y (OA21x2_ASAP7_75t_R)
  58.79 5304.73 ^ _159154_/Y (AO221x1_ASAP7_75t_R)
  92.01 5396.74 ^ _159901_/Y (AND2x2_ASAP7_75t_R)
 173.87 5570.61 v _159903_/Y (NOR2x1_ASAP7_75t_R)
 111.84 5682.45 ^ _163131_/Y (NAND2x2_ASAP7_75t_R)
  35.25 5717.70 ^ load_slew954/Y (BUFx16f_ASAP7_75t_R)
  36.94 5754.64 ^ load_slew952/Y (BUFx16f_ASAP7_75t_R)
 155.10 5909.75 ^ _164753_/Y (OR2x2_ASAP7_75t_R)
  50.89 5960.64 v _201234_/Y (NAND2x1_ASAP7_75t_R)
  20.89 5981.53 v _201235_/Y (AO21x1_ASAP7_75t_R)
  26.05 6007.58 v _201236_/Y (OA211x2_ASAP7_75t_R)
  16.96 6024.54 v _201237_/Y (AO21x1_ASAP7_75t_R)
  15.00 6039.54 v _201238_/Y (AND2x2_ASAP7_75t_R)
   0.10 6039.64 v _312549_/D (DFFHQNx1_ASAP7_75t_R)
        6039.64   data arrival time

12000.00 12000.00   clock core_clk (rise edge)
   0.00 12000.00   clock source latency
   0.00 12000.00 ^ clk (in)
  46.11 12046.11 ^ wire4945/Y (BUFx10_ASAP7_75t_R)
  47.38 12093.49 ^ clkbuf_0_clk/Y (BUFx24_ASAP7_75t_R)
  28.80 12122.29 ^ clkbuf_1_1_0_clk/Y (BUFx24_ASAP7_75t_R)
  28.42 12150.71 ^ clkbuf_2_3_0_clk/Y (BUFx24_ASAP7_75t_R)
  22.98 12173.68 ^ clkbuf_3_6_0_clk/Y (BUFx24_ASAP7_75t_R)
  29.23 12202.91 ^ clkbuf_4_12_0_clk/Y (BUFx24_ASAP7_75t_R)
  27.07 12229.97 ^ clkbuf_6_51_0_clk/Y (BUFx24_ASAP7_75t_R)
  20.89 12250.87 ^ clkbuf_7_103__f_clk/Y (BUFx24_ASAP7_75t_R)
  23.38 12274.25 ^ clkbuf_leaf_472_clk/Y (BUFx24_ASAP7_75t_R)
   2.56 12276.80 ^ _312549_/CLK (DFFHQNx1_ASAP7_75t_R)
 -50.00 12226.80   clock uncertainty
   2.19 12228.99   clock reconvergence pessimism
   0.13 12229.13   library setup time
        12229.13   data required time
---------------------------------------------------------
        12229.13   data required time
        -6039.64   data arrival time
---------------------------------------------------------
        6189.49   slack (MET)


Startpoint: _308209_ (rising edge-triggered flip-flop clocked by core_clk)
Endpoint: _312102_ (rising edge-triggered flip-flop clocked by core_clk)
Path Group: reg2reg
Path Type: max

  Delay    Time   Description
---------------------------------------------------------
   0.00    0.00   clock core_clk (rise edge)
   0.00    0.00   clock source latency
   0.00    0.00 ^ clk (in)
  46.81   46.81 ^ wire4945/Y (BUFx10_ASAP7_75t_R)
  48.87   95.68 ^ clkbuf_0_clk/Y (BUFx24_ASAP7_75t_R)
  30.20  125.87 ^ clkbuf_1_0_0_clk/Y (BUFx24_ASAP7_75t_R)
  29.09  154.96 ^ clkbuf_2_1_0_clk/Y (BUFx24_ASAP7_75t_R)
  26.47  181.44 ^ clkbuf_3_2_0_clk/Y (BUFx24_ASAP7_75t_R)
  30.84  212.28 ^ clkbuf_4_4_0_clk/Y (BUFx24_ASAP7_75t_R)
  24.84  237.12 ^ clkbuf_6_19_0_clk/Y (BUFx24_ASAP7_75t_R)
  21.77  258.88 ^ clkbuf_7_38__f_clk/Y (BUFx24_ASAP7_75t_R)
  27.65  286.53 ^ clkbuf_leaf_778_clk/Y (BUFx24_ASAP7_75t_R)
   2.33  288.86 ^ _308209_/CLK (DFFHQNx3_ASAP7_75t_R)
  56.18  345.04 ^ _308209_/QN (DFFHQNx3_ASAP7_75t_R)
  27.51  372.55 ^ wire4778/Y (BUFx16f_ASAP7_75t_R)
  66.95  439.50 ^ wire4776/Y (BUFx16f_ASAP7_75t_R)
  33.08  472.58 ^ wire4775/Y (BUFx16f_ASAP7_75t_R)
  73.63  546.21 ^ load_slew4774/Y (BUFx16f_ASAP7_75t_R)
  94.00  640.21 ^ _153629_/Y (AND2x2_ASAP7_75t_R)
 169.02  809.24 v _153630_/Y (NAND2x1_ASAP7_75t_R)
  64.17  873.41 v _153631_/Y (OA21x2_ASAP7_75t_R)
 108.13  981.54 v _153633_/Y (AND3x1_ASAP7_75t_R)
  89.17 1070.71 v _154870_/Y (AO222x2_ASAP7_75t_R)
  47.40 1118.11 v _154873_/Y (OR3x2_ASAP7_75t_R)
  54.24 1172.36 v _154878_/Y (OR5x1_ASAP7_75t_R)
  93.99 1266.34 v _154879_/Y (OR4x1_ASAP7_75t_R)
  74.48 1340.82 v _155829_/Y (OR4x1_ASAP7_75t_R)
  24.56 1365.38 v _155944_/Y (AO221x1_ASAP7_75t_R)
  50.94 1416.32 v _155949_/Y (OR5x1_ASAP7_75t_R)
  34.05 1450.37 v _156013_/Y (AND2x2_ASAP7_75t_R)
  49.97 1500.34 ^ _156016_/Y (NAND3x1_ASAP7_75t_R)
  39.70 1540.04 v _156112_/Y (AOI221x1_ASAP7_75t_R)
  26.08 1566.12 v _156115_/Y (OA21x2_ASAP7_75t_R)
  21.84 1587.97 v _156116_/Y (OR3x1_ASAP7_75t_R)
  38.63 1626.60 v _156123_/Y (AO33x2_ASAP7_75t_R)
  41.76 1668.35 ^ _156140_/Y (NAND2x1_ASAP7_75t_R)
 110.76 1779.11 ^ _156253_/Y (AO221x1_ASAP7_75t_R)
  69.58 1848.70 v _156308_/Y (NAND2x2_ASAP7_75t_R)
  49.02 1897.71 v _156311_/Y (AO21x2_ASAP7_75t_R)
  23.18 1920.89 v _156314_/Y (OA21x2_ASAP7_75t_R)
  27.71 1948.60 v _156388_/Y (AO221x1_ASAP7_75t_R)
  22.62 1971.22 v _156389_/Y (OA21x2_ASAP7_75t_R)
  24.14 1995.36 ^ _156393_/Y (AOI22x1_ASAP7_75t_R)
  53.99 2049.35 v _156410_/Y (NAND2x1_ASAP7_75t_R)
  71.47 2120.82 v _156421_/Y (AO33x2_ASAP7_75t_R)
  32.75 2153.58 ^ _156522_/Y (XNOR2x2_ASAP7_75t_R)
  25.19 2178.76 ^ _156526_/Y (AND4x1_ASAP7_75t_R)
  19.20 2197.96 ^ _156550_/Y (AO21x1_ASAP7_75t_R)
  19.23 2217.19 ^ _156551_/Y (AO21x1_ASAP7_75t_R)
  80.77 2297.96 ^ _156552_/Y (OA211x2_ASAP7_75t_R)
  89.28 2387.25 v _156555_/Y (INVx1_ASAP7_75t_R)
  33.68 2420.92 ^ _156568_/Y (OAI21x1_ASAP7_75t_R)
  34.29 2455.21 v _156616_/Y (AOI221x1_ASAP7_75t_R)
  48.52 2503.73 v _156806_/Y (OA211x2_ASAP7_75t_R)
  13.78 2517.51 ^ _156807_/Y (NAND2x1_ASAP7_75t_R)
  71.16 2588.67 ^ _156882_/Y (AO32x1_ASAP7_75t_R)
  34.48 2623.15 ^ _156995_/Y (OR2x2_ASAP7_75t_R)
  39.01 2662.16 ^ _157002_/Y (AO32x1_ASAP7_75t_R)
  36.29 2698.44 ^ _157004_/Y (XNOR2x2_ASAP7_75t_R)
  14.38 2712.83 v _157005_/Y (NOR3x1_ASAP7_75t_R)
  32.62 2745.45 v _157006_/Y (AND5x2_ASAP7_75t_R)
  28.88 2774.33 v _157078_/Y (OR3x1_ASAP7_75t_R)
  57.37 2831.69 v _157141_/Y (OA33x2_ASAP7_75t_R)
  34.73 2866.43 v _157144_/Y (OR2x2_ASAP7_75t_R)
  24.44 2890.87 v _157145_/Y (AO21x1_ASAP7_75t_R)
  26.35 2917.22 v _157196_/Y (AO32x1_ASAP7_75t_R)
  26.77 2943.99 v _157198_/Y (AO22x1_ASAP7_75t_R)
  23.00 2966.99 v _157222_/Y (AO21x1_ASAP7_75t_R)
  30.83 2997.82 v _157223_/Y (OR3x1_ASAP7_75t_R)
  42.49 3040.31 v _157312_/Y (AO21x1_ASAP7_75t_R)
  58.19 3098.50 ^ _157343_/Y (NAND2x1_ASAP7_75t_R)
  43.82 3142.32 v _157440_/Y (AOI221x1_ASAP7_75t_R)
  30.91 3173.23 v _157456_/Y (OA222x2_ASAP7_75t_R)
  22.24 3195.47 v _157459_/Y (AND5x2_ASAP7_75t_R)
  20.86 3216.33 v _157472_/Y (OA31x2_ASAP7_75t_R)
  42.26 3258.59 v _157475_/Y (OR4x2_ASAP7_75t_R)
  63.75 3322.33 ^ _157478_/Y (NAND2x1_ASAP7_75t_R)
  19.94 3342.27 v _157479_/Y (NOR2x1_ASAP7_75t_R)
  25.21 3367.48 v _157485_/Y (OA21x2_ASAP7_75t_R)
  28.58 3396.06 v _157492_/Y (AO221x1_ASAP7_75t_R)
  26.03 3422.09 v _157649_/Y (OA21x2_ASAP7_75t_R)
  24.74 3446.82 v _157651_/Y (AO21x1_ASAP7_75t_R)
  41.75 3488.58 v _157652_/Y (AO22x1_ASAP7_75t_R)
  64.55 3553.13 ^ _157732_/Y (NAND2x1_ASAP7_75t_R)
  25.99 3579.12 ^ _157764_/Y (AO21x1_ASAP7_75t_R)
  24.20 3603.32 v _157767_/Y (AOI22x1_ASAP7_75t_R)
  37.31 3640.63 v _157790_/Y (OA21x2_ASAP7_75t_R)
  18.85 3659.48 ^ _157827_/Y (AOI211x1_ASAP7_75t_R)
  19.61 3679.09 v _157842_/Y (OAI21x1_ASAP7_75t_R)
  89.64 3768.73 v _157921_/Y (AO221x1_ASAP7_75t_R)
  48.27 3817.00 v _157922_/Y (AO221x1_ASAP7_75t_R)
  27.48 3844.48 v _157925_/Y (AO32x2_ASAP7_75t_R)
  22.59 3867.07 v _157949_/Y (OA211x2_ASAP7_75t_R)
  32.17 3899.24 v _157967_/Y (AO222x2_ASAP7_75t_R)
  38.29 3937.53 v _158020_/Y (AO221x1_ASAP7_75t_R)
  28.61 3966.14 v _158084_/Y (AO211x2_ASAP7_75t_R)
  41.43 4007.57 v _158094_/Y (AND2x2_ASAP7_75t_R)
  49.23 4056.80 v _158173_/Y (OR3x2_ASAP7_75t_R)
  22.73 4079.54 v _158271_/Y (AO221x1_ASAP7_75t_R)
  33.06 4112.59 v _158272_/Y (OR5x1_ASAP7_75t_R)
  46.33 4158.93 v _158273_/Y (OR5x1_ASAP7_75t_R)
  20.14 4179.06 ^ _158274_/Y (NAND2x2_ASAP7_75t_R)
  54.60 4233.66 v _158287_/Y (OAI21x1_ASAP7_75t_R)
  52.70 4286.36 v _158298_/Y (AND2x2_ASAP7_75t_R)
  35.64 4322.00 v _158304_/Y (OA211x2_ASAP7_75t_R)
  30.46 4352.46 v _158330_/Y (XNOR2x2_ASAP7_75t_R)
  29.58 4382.04 v _158388_/Y (OR5x1_ASAP7_75t_R)
  42.94 4424.98 v _158399_/Y (AO33x2_ASAP7_75t_R)
  26.16 4451.15 v _158436_/Y (AND2x2_ASAP7_75t_R)
  78.93 4530.07 v _158437_/Y (OR3x1_ASAP7_75t_R)
  70.98 4601.05 v _158474_/Y (AND2x2_ASAP7_75t_R)
  38.15 4639.21 ^ _158476_/Y (AOI22x1_ASAP7_75t_R)
  23.17 4662.38 ^ _158477_/Y (AND2x2_ASAP7_75t_R)
  16.00 4678.38 v _158496_/Y (AOI221x1_ASAP7_75t_R)
  33.09 4711.47 v _158497_/Y (MAJx2_ASAP7_75t_R)
  24.75 4736.22 v _158571_/Y (AO21x1_ASAP7_75t_R)
  46.55 4782.77 v _158629_/Y (AO221x2_ASAP7_75t_R)
  81.05 4863.83 ^ _158672_/Y (NAND2x1_ASAP7_75t_R)
  35.80 4899.63 ^ _158689_/Y (AND2x2_ASAP7_75t_R)
  22.57 4922.20 ^ _158690_/Y (OA21x2_ASAP7_75t_R)
  20.24 4942.44 ^ _158691_/Y (OR2x2_ASAP7_75t_R)
  22.82 4965.26 ^ _158702_/Y (AND3x1_ASAP7_75t_R)
  21.78 4987.04 ^ _158720_/Y (OA21x2_ASAP7_75t_R)
  24.53 5011.57 ^ _158743_/Y (OA31x2_ASAP7_75t_R)
  15.08 5026.64 ^ _158761_/Y (OR4x1_ASAP7_75t_R)
  48.03 5074.67 ^ _158764_/Y (AND5x2_ASAP7_75t_R)
  52.84 5127.52 ^ _159054_/Y (OA21x2_ASAP7_75t_R)
 118.43 5245.95 ^ _159120_/Y (OA21x2_ASAP7_75t_R)
  58.79 5304.73 ^ _159154_/Y (AO221x1_ASAP7_75t_R)
  92.01 5396.74 ^ _159901_/Y (AND2x2_ASAP7_75t_R)
 173.87 5570.61 v _159903_/Y (NOR2x1_ASAP7_75t_R)
 111.84 5682.45 ^ _163131_/Y (NAND2x2_ASAP7_75t_R)
  35.25 5717.70 ^ load_slew954/Y (BUFx16f_ASAP7_75t_R)
  36.94 5754.64 ^ load_slew952/Y (BUFx16f_ASAP7_75t_R)
 136.86 5891.51 ^ _163132_/Y (OR2x2_ASAP7_75t_R)
  66.91 5958.42 v _194546_/Y (NAND2x1_ASAP7_75t_R)
  20.49 5978.91 v _194547_/Y (AO21x1_ASAP7_75t_R)
  25.84 6004.75 v _194548_/Y (OA211x2_ASAP7_75t_R)
  17.39 6022.14 v _194549_/Y (AO21x1_ASAP7_75t_R)
  15.17 6037.31 v _194550_/Y (AND2x2_ASAP7_75t_R)
   0.09 6037.40 v _312102_/D (DFFHQNx1_ASAP7_75t_R)
        6037.40   data arrival time

12000.00 12000.00   clock core_clk (rise edge)
   0.00 12000.00   clock source latency
   0.00 12000.00 ^ clk (in)
  46.11 12046.11 ^ wire4945/Y (BUFx10_ASAP7_75t_R)
  47.38 12093.49 ^ clkbuf_0_clk/Y (BUFx24_ASAP7_75t_R)
  28.80 12122.29 ^ clkbuf_1_1_0_clk/Y (BUFx24_ASAP7_75t_R)
  28.42 12150.71 ^ clkbuf_2_3_0_clk/Y (BUFx24_ASAP7_75t_R)
  22.98 12173.68 ^ clkbuf_3_6_0_clk/Y (BUFx24_ASAP7_75t_R)
  28.79 12202.47 ^ clkbuf_4_13_0_clk/Y (BUFx24_ASAP7_75t_R)
  25.67 12228.14 ^ clkbuf_6_54_0_clk/Y (BUFx24_ASAP7_75t_R)
  21.56 12249.70 ^ clkbuf_7_108__f_clk/Y (BUFx24_ASAP7_75t_R)
  23.90 12273.60 ^ clkbuf_leaf_475_clk/Y (BUFx24_ASAP7_75t_R)
   1.45 12275.05 ^ _312102_/CLK (DFFHQNx1_ASAP7_75t_R)
 -50.00 12225.05   clock uncertainty
   2.19 12227.24   clock reconvergence pessimism
  -0.22 12227.02   library setup time
        12227.02   data required time
---------------------------------------------------------
        12227.02   data required time
        -6037.40   data arrival time
---------------------------------------------------------
        6189.62   slack (MET)


Startpoint: _308209_ (rising edge-triggered flip-flop clocked by core_clk)
Endpoint: _312079_ (rising edge-triggered flip-flop clocked by core_clk)
Path Group: reg2reg
Path Type: max

  Delay    Time   Description
---------------------------------------------------------
   0.00    0.00   clock core_clk (rise edge)
   0.00    0.00   clock source latency
   0.00    0.00 ^ clk (in)
  46.81   46.81 ^ wire4945/Y (BUFx10_ASAP7_75t_R)
  48.87   95.68 ^ clkbuf_0_clk/Y (BUFx24_ASAP7_75t_R)
  30.20  125.87 ^ clkbuf_1_0_0_clk/Y (BUFx24_ASAP7_75t_R)
  29.09  154.96 ^ clkbuf_2_1_0_clk/Y (BUFx24_ASAP7_75t_R)
  26.47  181.44 ^ clkbuf_3_2_0_clk/Y (BUFx24_ASAP7_75t_R)
  30.84  212.28 ^ clkbuf_4_4_0_clk/Y (BUFx24_ASAP7_75t_R)
  24.84  237.12 ^ clkbuf_6_19_0_clk/Y (BUFx24_ASAP7_75t_R)
  21.77  258.88 ^ clkbuf_7_38__f_clk/Y (BUFx24_ASAP7_75t_R)
  27.65  286.53 ^ clkbuf_leaf_778_clk/Y (BUFx24_ASAP7_75t_R)
   2.33  288.86 ^ _308209_/CLK (DFFHQNx3_ASAP7_75t_R)
  56.18  345.04 ^ _308209_/QN (DFFHQNx3_ASAP7_75t_R)
  27.51  372.55 ^ wire4778/Y (BUFx16f_ASAP7_75t_R)
  66.95  439.50 ^ wire4776/Y (BUFx16f_ASAP7_75t_R)
  33.08  472.58 ^ wire4775/Y (BUFx16f_ASAP7_75t_R)
  73.63  546.21 ^ load_slew4774/Y (BUFx16f_ASAP7_75t_R)
  94.00  640.21 ^ _153629_/Y (AND2x2_ASAP7_75t_R)
 169.02  809.24 v _153630_/Y (NAND2x1_ASAP7_75t_R)
  64.17  873.41 v _153631_/Y (OA21x2_ASAP7_75t_R)
 108.13  981.54 v _153633_/Y (AND3x1_ASAP7_75t_R)
  89.17 1070.71 v _154870_/Y (AO222x2_ASAP7_75t_R)
  47.40 1118.11 v _154873_/Y (OR3x2_ASAP7_75t_R)
  54.24 1172.36 v _154878_/Y (OR5x1_ASAP7_75t_R)
  93.99 1266.34 v _154879_/Y (OR4x1_ASAP7_75t_R)
  74.48 1340.82 v _155829_/Y (OR4x1_ASAP7_75t_R)
  24.56 1365.38 v _155944_/Y (AO221x1_ASAP7_75t_R)
  50.94 1416.32 v _155949_/Y (OR5x1_ASAP7_75t_R)
  34.05 1450.37 v _156013_/Y (AND2x2_ASAP7_75t_R)
  49.97 1500.34 ^ _156016_/Y (NAND3x1_ASAP7_75t_R)
  39.70 1540.04 v _156112_/Y (AOI221x1_ASAP7_75t_R)
  26.08 1566.12 v _156115_/Y (OA21x2_ASAP7_75t_R)
  21.84 1587.97 v _156116_/Y (OR3x1_ASAP7_75t_R)
  38.63 1626.60 v _156123_/Y (AO33x2_ASAP7_75t_R)
  41.76 1668.35 ^ _156140_/Y (NAND2x1_ASAP7_75t_R)
 110.76 1779.11 ^ _156253_/Y (AO221x1_ASAP7_75t_R)
  69.58 1848.70 v _156308_/Y (NAND2x2_ASAP7_75t_R)
  49.02 1897.71 v _156311_/Y (AO21x2_ASAP7_75t_R)
  23.18 1920.89 v _156314_/Y (OA21x2_ASAP7_75t_R)
  27.71 1948.60 v _156388_/Y (AO221x1_ASAP7_75t_R)
  22.62 1971.22 v _156389_/Y (OA21x2_ASAP7_75t_R)
  24.14 1995.36 ^ _156393_/Y (AOI22x1_ASAP7_75t_R)
  53.99 2049.35 v _156410_/Y (NAND2x1_ASAP7_75t_R)
  71.47 2120.82 v _156421_/Y (AO33x2_ASAP7_75t_R)
  32.75 2153.58 ^ _156522_/Y (XNOR2x2_ASAP7_75t_R)
  25.19 2178.76 ^ _156526_/Y (AND4x1_ASAP7_75t_R)
  19.20 2197.96 ^ _156550_/Y (AO21x1_ASAP7_75t_R)
  19.23 2217.19 ^ _156551_/Y (AO21x1_ASAP7_75t_R)
  80.77 2297.96 ^ _156552_/Y (OA211x2_ASAP7_75t_R)
  89.28 2387.25 v _156555_/Y (INVx1_ASAP7_75t_R)
  33.68 2420.92 ^ _156568_/Y (OAI21x1_ASAP7_75t_R)
  34.29 2455.21 v _156616_/Y (AOI221x1_ASAP7_75t_R)
  48.52 2503.73 v _156806_/Y (OA211x2_ASAP7_75t_R)
  13.78 2517.51 ^ _156807_/Y (NAND2x1_ASAP7_75t_R)
  71.16 2588.67 ^ _156882_/Y (AO32x1_ASAP7_75t_R)
  34.48 2623.15 ^ _156995_/Y (OR2x2_ASAP7_75t_R)
  39.01 2662.16 ^ _157002_/Y (AO32x1_ASAP7_75t_R)
  36.29 2698.44 ^ _157004_/Y (XNOR2x2_ASAP7_75t_R)
  14.38 2712.83 v _157005_/Y (NOR3x1_ASAP7_75t_R)
  32.62 2745.45 v _157006_/Y (AND5x2_ASAP7_75t_R)
  28.88 2774.33 v _157078_/Y (OR3x1_ASAP7_75t_R)
  57.37 2831.69 v _157141_/Y (OA33x2_ASAP7_75t_R)
  34.73 2866.43 v _157144_/Y (OR2x2_ASAP7_75t_R)
  24.44 2890.87 v _157145_/Y (AO21x1_ASAP7_75t_R)
  26.35 2917.22 v _157196_/Y (AO32x1_ASAP7_75t_R)
  26.77 2943.99 v _157198_/Y (AO22x1_ASAP7_75t_R)
  23.00 2966.99 v _157222_/Y (AO21x1_ASAP7_75t_R)
  30.83 2997.82 v _157223_/Y (OR3x1_ASAP7_75t_R)
  42.49 3040.31 v _157312_/Y (AO21x1_ASAP7_75t_R)
  58.19 3098.50 ^ _157343_/Y (NAND2x1_ASAP7_75t_R)
  43.82 3142.32 v _157440_/Y (AOI221x1_ASAP7_75t_R)
  30.91 3173.23 v _157456_/Y (OA222x2_ASAP7_75t_R)
  22.24 3195.47 v _157459_/Y (AND5x2_ASAP7_75t_R)
  20.86 3216.33 v _157472_/Y (OA31x2_ASAP7_75t_R)
  42.26 3258.59 v _157475_/Y (OR4x2_ASAP7_75t_R)
  63.75 3322.33 ^ _157478_/Y (NAND2x1_ASAP7_75t_R)
  19.94 3342.27 v _157479_/Y (NOR2x1_ASAP7_75t_R)
  25.21 3367.48 v _157485_/Y (OA21x2_ASAP7_75t_R)
  28.58 3396.06 v _157492_/Y (AO221x1_ASAP7_75t_R)
  26.03 3422.09 v _157649_/Y (OA21x2_ASAP7_75t_R)
  24.74 3446.82 v _157651_/Y (AO21x1_ASAP7_75t_R)
  41.75 3488.58 v _157652_/Y (AO22x1_ASAP7_75t_R)
  64.55 3553.13 ^ _157732_/Y (NAND2x1_ASAP7_75t_R)
  25.99 3579.12 ^ _157764_/Y (AO21x1_ASAP7_75t_R)
  24.20 3603.32 v _157767_/Y (AOI22x1_ASAP7_75t_R)
  37.31 3640.63 v _157790_/Y (OA21x2_ASAP7_75t_R)
  18.85 3659.48 ^ _157827_/Y (AOI211x1_ASAP7_75t_R)
  19.61 3679.09 v _157842_/Y (OAI21x1_ASAP7_75t_R)
  89.64 3768.73 v _157921_/Y (AO221x1_ASAP7_75t_R)
  48.27 3817.00 v _157922_/Y (AO221x1_ASAP7_75t_R)
  27.48 3844.48 v _157925_/Y (AO32x2_ASAP7_75t_R)
  22.59 3867.07 v _157949_/Y (OA211x2_ASAP7_75t_R)
  32.17 3899.24 v _157967_/Y (AO222x2_ASAP7_75t_R)
  38.29 3937.53 v _158020_/Y (AO221x1_ASAP7_75t_R)
  28.61 3966.14 v _158084_/Y (AO211x2_ASAP7_75t_R)
  41.43 4007.57 v _158094_/Y (AND2x2_ASAP7_75t_R)
  49.23 4056.80 v _158173_/Y (OR3x2_ASAP7_75t_R)
  22.73 4079.54 v _158271_/Y (AO221x1_ASAP7_75t_R)
  33.06 4112.59 v _158272_/Y (OR5x1_ASAP7_75t_R)
  46.33 4158.93 v _158273_/Y (OR5x1_ASAP7_75t_R)
  20.14 4179.06 ^ _158274_/Y (NAND2x2_ASAP7_75t_R)
  54.60 4233.66 v _158287_/Y (OAI21x1_ASAP7_75t_R)
  52.70 4286.36 v _158298_/Y (AND2x2_ASAP7_75t_R)
  35.64 4322.00 v _158304_/Y (OA211x2_ASAP7_75t_R)
  30.46 4352.46 v _158330_/Y (XNOR2x2_ASAP7_75t_R)
  29.58 4382.04 v _158388_/Y (OR5x1_ASAP7_75t_R)
  42.94 4424.98 v _158399_/Y (AO33x2_ASAP7_75t_R)
  26.16 4451.15 v _158436_/Y (AND2x2_ASAP7_75t_R)
  78.93 4530.07 v _158437_/Y (OR3x1_ASAP7_75t_R)
  70.98 4601.05 v _158474_/Y (AND2x2_ASAP7_75t_R)
  38.15 4639.21 ^ _158476_/Y (AOI22x1_ASAP7_75t_R)
  23.17 4662.38 ^ _158477_/Y (AND2x2_ASAP7_75t_R)
  16.00 4678.38 v _158496_/Y (AOI221x1_ASAP7_75t_R)
  33.09 4711.47 v _158497_/Y (MAJx2_ASAP7_75t_R)
  24.75 4736.22 v _158571_/Y (AO21x1_ASAP7_75t_R)
  46.55 4782.77 v _158629_/Y (AO221x2_ASAP7_75t_R)
  81.05 4863.83 ^ _158672_/Y (NAND2x1_ASAP7_75t_R)
  35.80 4899.63 ^ _158689_/Y (AND2x2_ASAP7_75t_R)
  22.57 4922.20 ^ _158690_/Y (OA21x2_ASAP7_75t_R)
  20.24 4942.44 ^ _158691_/Y (OR2x2_ASAP7_75t_R)
  22.82 4965.26 ^ _158702_/Y (AND3x1_ASAP7_75t_R)
  21.78 4987.04 ^ _158720_/Y (OA21x2_ASAP7_75t_R)
  24.53 5011.57 ^ _158743_/Y (OA31x2_ASAP7_75t_R)
  15.08 5026.64 ^ _158761_/Y (OR4x1_ASAP7_75t_R)
  48.03 5074.67 ^ _158764_/Y (AND5x2_ASAP7_75t_R)
  52.84 5127.52 ^ _159054_/Y (OA21x2_ASAP7_75t_R)
 118.43 5245.95 ^ _159120_/Y (OA21x2_ASAP7_75t_R)
  58.79 5304.73 ^ _159154_/Y (AO221x1_ASAP7_75t_R)
  92.01 5396.74 ^ _159901_/Y (AND2x2_ASAP7_75t_R)
 173.87 5570.61 v _159903_/Y (NOR2x1_ASAP7_75t_R)
 111.84 5682.45 ^ _163131_/Y (NAND2x2_ASAP7_75t_R)
  35.25 5717.70 ^ load_slew954/Y (BUFx16f_ASAP7_75t_R)
  36.94 5754.64 ^ load_slew952/Y (BUFx16f_ASAP7_75t_R)
 136.86 5891.51 ^ _163132_/Y (OR2x2_ASAP7_75t_R)
  66.48 5957.99 v _194391_/Y (NAND2x1_ASAP7_75t_R)
  20.43 5978.42 v _194392_/Y (AO21x1_ASAP7_75t_R)
  25.88 6004.30 v _194393_/Y (OA211x2_ASAP7_75t_R)
  17.12 6021.42 v _194394_/Y (AO21x1_ASAP7_75t_R)
  14.90 6036.32 v _194395_/Y (AND2x2_ASAP7_75t_R)
   0.08 6036.40 v _312079_/D (DFFHQNx1_ASAP7_75t_R)
        6036.40   data arrival time

12000.00 12000.00   clock core_clk (rise edge)
   0.00 12000.00   clock source latency
   0.00 12000.00 ^ clk (in)
  46.11 12046.11 ^ wire4945/Y (BUFx10_ASAP7_75t_R)
  47.38 12093.49 ^ clkbuf_0_clk/Y (BUFx24_ASAP7_75t_R)
  28.80 12122.29 ^ clkbuf_1_1_0_clk/Y (BUFx24_ASAP7_75t_R)
  28.42 12150.71 ^ clkbuf_2_3_0_clk/Y (BUFx24_ASAP7_75t_R)
  22.98 12173.68 ^ clkbuf_3_6_0_clk/Y (BUFx24_ASAP7_75t_R)
  28.79 12202.47 ^ clkbuf_4_13_0_clk/Y (BUFx24_ASAP7_75t_R)
  25.67 12228.14 ^ clkbuf_6_54_0_clk/Y (BUFx24_ASAP7_75t_R)
  21.56 12249.70 ^ clkbuf_7_108__f_clk/Y (BUFx24_ASAP7_75t_R)
  23.57 12273.27 ^ clkbuf_leaf_482_clk/Y (BUFx24_ASAP7_75t_R)
   1.40 12274.67 ^ _312079_/CLK (DFFHQNx1_ASAP7_75t_R)
 -50.00 12224.67   clock uncertainty
   2.19 12226.86   clock reconvergence pessimism
  -0.31 12226.55   library setup time
        12226.55   data required time
---------------------------------------------------------
        12226.55   data required time
        -6036.40   data arrival time
---------------------------------------------------------
        6190.15   slack (MET)


Startpoint: _308209_ (rising edge-triggered flip-flop clocked by core_clk)
Endpoint: _312521_ (rising edge-triggered flip-flop clocked by core_clk)
Path Group: reg2reg
Path Type: max

  Delay    Time   Description
---------------------------------------------------------
   0.00    0.00   clock core_clk (rise edge)
   0.00    0.00   clock source latency
   0.00    0.00 ^ clk (in)
  46.81   46.81 ^ wire4945/Y (BUFx10_ASAP7_75t_R)
  48.87   95.68 ^ clkbuf_0_clk/Y (BUFx24_ASAP7_75t_R)
  30.20  125.87 ^ clkbuf_1_0_0_clk/Y (BUFx24_ASAP7_75t_R)
  29.09  154.96 ^ clkbuf_2_1_0_clk/Y (BUFx24_ASAP7_75t_R)
  26.47  181.44 ^ clkbuf_3_2_0_clk/Y (BUFx24_ASAP7_75t_R)
  30.84  212.28 ^ clkbuf_4_4_0_clk/Y (BUFx24_ASAP7_75t_R)
  24.84  237.12 ^ clkbuf_6_19_0_clk/Y (BUFx24_ASAP7_75t_R)
  21.77  258.88 ^ clkbuf_7_38__f_clk/Y (BUFx24_ASAP7_75t_R)
  27.65  286.53 ^ clkbuf_leaf_778_clk/Y (BUFx24_ASAP7_75t_R)
   2.33  288.86 ^ _308209_/CLK (DFFHQNx3_ASAP7_75t_R)
  56.18  345.04 ^ _308209_/QN (DFFHQNx3_ASAP7_75t_R)
  27.51  372.55 ^ wire4778/Y (BUFx16f_ASAP7_75t_R)
  66.95  439.50 ^ wire4776/Y (BUFx16f_ASAP7_75t_R)
  33.08  472.58 ^ wire4775/Y (BUFx16f_ASAP7_75t_R)
  73.63  546.21 ^ load_slew4774/Y (BUFx16f_ASAP7_75t_R)
  94.00  640.21 ^ _153629_/Y (AND2x2_ASAP7_75t_R)
 169.02  809.24 v _153630_/Y (NAND2x1_ASAP7_75t_R)
  64.17  873.41 v _153631_/Y (OA21x2_ASAP7_75t_R)
 108.13  981.54 v _153633_/Y (AND3x1_ASAP7_75t_R)
  89.17 1070.71 v _154870_/Y (AO222x2_ASAP7_75t_R)
  47.40 1118.11 v _154873_/Y (OR3x2_ASAP7_75t_R)
  54.24 1172.36 v _154878_/Y (OR5x1_ASAP7_75t_R)
  93.99 1266.34 v _154879_/Y (OR4x1_ASAP7_75t_R)
  74.48 1340.82 v _155829_/Y (OR4x1_ASAP7_75t_R)
  24.56 1365.38 v _155944_/Y (AO221x1_ASAP7_75t_R)
  50.94 1416.32 v _155949_/Y (OR5x1_ASAP7_75t_R)
  34.05 1450.37 v _156013_/Y (AND2x2_ASAP7_75t_R)
  49.97 1500.34 ^ _156016_/Y (NAND3x1_ASAP7_75t_R)
  39.70 1540.04 v _156112_/Y (AOI221x1_ASAP7_75t_R)
  26.08 1566.12 v _156115_/Y (OA21x2_ASAP7_75t_R)
  21.84 1587.97 v _156116_/Y (OR3x1_ASAP7_75t_R)
  38.63 1626.60 v _156123_/Y (AO33x2_ASAP7_75t_R)
  41.76 1668.35 ^ _156140_/Y (NAND2x1_ASAP7_75t_R)
 110.76 1779.11 ^ _156253_/Y (AO221x1_ASAP7_75t_R)
  69.58 1848.70 v _156308_/Y (NAND2x2_ASAP7_75t_R)
  49.02 1897.71 v _156311_/Y (AO21x2_ASAP7_75t_R)
  23.18 1920.89 v _156314_/Y (OA21x2_ASAP7_75t_R)
  27.71 1948.60 v _156388_/Y (AO221x1_ASAP7_75t_R)
  22.62 1971.22 v _156389_/Y (OA21x2_ASAP7_75t_R)
  24.14 1995.36 ^ _156393_/Y (AOI22x1_ASAP7_75t_R)
  53.99 2049.35 v _156410_/Y (NAND2x1_ASAP7_75t_R)
  71.47 2120.82 v _156421_/Y (AO33x2_ASAP7_75t_R)
  32.75 2153.58 ^ _156522_/Y (XNOR2x2_ASAP7_75t_R)
  25.19 2178.76 ^ _156526_/Y (AND4x1_ASAP7_75t_R)
  19.20 2197.96 ^ _156550_/Y (AO21x1_ASAP7_75t_R)
  19.23 2217.19 ^ _156551_/Y (AO21x1_ASAP7_75t_R)
  80.77 2297.96 ^ _156552_/Y (OA211x2_ASAP7_75t_R)
  89.28 2387.25 v _156555_/Y (INVx1_ASAP7_75t_R)
  33.68 2420.92 ^ _156568_/Y (OAI21x1_ASAP7_75t_R)
  34.29 2455.21 v _156616_/Y (AOI221x1_ASAP7_75t_R)
  48.52 2503.73 v _156806_/Y (OA211x2_ASAP7_75t_R)
  13.78 2517.51 ^ _156807_/Y (NAND2x1_ASAP7_75t_R)
  71.16 2588.67 ^ _156882_/Y (AO32x1_ASAP7_75t_R)
  34.48 2623.15 ^ _156995_/Y (OR2x2_ASAP7_75t_R)
  39.01 2662.16 ^ _157002_/Y (AO32x1_ASAP7_75t_R)
  36.29 2698.44 ^ _157004_/Y (XNOR2x2_ASAP7_75t_R)
  14.38 2712.83 v _157005_/Y (NOR3x1_ASAP7_75t_R)
  32.62 2745.45 v _157006_/Y (AND5x2_ASAP7_75t_R)
  28.88 2774.33 v _157078_/Y (OR3x1_ASAP7_75t_R)
  57.37 2831.69 v _157141_/Y (OA33x2_ASAP7_75t_R)
  34.73 2866.43 v _157144_/Y (OR2x2_ASAP7_75t_R)
  24.44 2890.87 v _157145_/Y (AO21x1_ASAP7_75t_R)
  26.35 2917.22 v _157196_/Y (AO32x1_ASAP7_75t_R)
  26.77 2943.99 v _157198_/Y (AO22x1_ASAP7_75t_R)
  23.00 2966.99 v _157222_/Y (AO21x1_ASAP7_75t_R)
  30.83 2997.82 v _157223_/Y (OR3x1_ASAP7_75t_R)
  42.49 3040.31 v _157312_/Y (AO21x1_ASAP7_75t_R)
  58.19 3098.50 ^ _157343_/Y (NAND2x1_ASAP7_75t_R)
  43.82 3142.32 v _157440_/Y (AOI221x1_ASAP7_75t_R)
  30.91 3173.23 v _157456_/Y (OA222x2_ASAP7_75t_R)
  22.24 3195.47 v _157459_/Y (AND5x2_ASAP7_75t_R)
  20.86 3216.33 v _157472_/Y (OA31x2_ASAP7_75t_R)
  42.26 3258.59 v _157475_/Y (OR4x2_ASAP7_75t_R)
  63.75 3322.33 ^ _157478_/Y (NAND2x1_ASAP7_75t_R)
  19.94 3342.27 v _157479_/Y (NOR2x1_ASAP7_75t_R)
  25.21 3367.48 v _157485_/Y (OA21x2_ASAP7_75t_R)
  28.58 3396.06 v _157492_/Y (AO221x1_ASAP7_75t_R)
  26.03 3422.09 v _157649_/Y (OA21x2_ASAP7_75t_R)
  24.74 3446.82 v _157651_/Y (AO21x1_ASAP7_75t_R)
  41.75 3488.58 v _157652_/Y (AO22x1_ASAP7_75t_R)
  64.55 3553.13 ^ _157732_/Y (NAND2x1_ASAP7_75t_R)
  25.99 3579.12 ^ _157764_/Y (AO21x1_ASAP7_75t_R)
  24.20 3603.32 v _157767_/Y (AOI22x1_ASAP7_75t_R)
  37.31 3640.63 v _157790_/Y (OA21x2_ASAP7_75t_R)
  18.85 3659.48 ^ _157827_/Y (AOI211x1_ASAP7_75t_R)
  19.61 3679.09 v _157842_/Y (OAI21x1_ASAP7_75t_R)
  89.64 3768.73 v _157921_/Y (AO221x1_ASAP7_75t_R)
  48.27 3817.00 v _157922_/Y (AO221x1_ASAP7_75t_R)
  27.48 3844.48 v _157925_/Y (AO32x2_ASAP7_75t_R)
  22.59 3867.07 v _157949_/Y (OA211x2_ASAP7_75t_R)
  32.17 3899.24 v _157967_/Y (AO222x2_ASAP7_75t_R)
  38.29 3937.53 v _158020_/Y (AO221x1_ASAP7_75t_R)
  28.61 3966.14 v _158084_/Y (AO211x2_ASAP7_75t_R)
  41.43 4007.57 v _158094_/Y (AND2x2_ASAP7_75t_R)
  49.23 4056.80 v _158173_/Y (OR3x2_ASAP7_75t_R)
  22.73 4079.54 v _158271_/Y (AO221x1_ASAP7_75t_R)
  33.06 4112.59 v _158272_/Y (OR5x1_ASAP7_75t_R)
  46.33 4158.93 v _158273_/Y (OR5x1_ASAP7_75t_R)
  20.14 4179.06 ^ _158274_/Y (NAND2x2_ASAP7_75t_R)
  54.60 4233.66 v _158287_/Y (OAI21x1_ASAP7_75t_R)
  52.70 4286.36 v _158298_/Y (AND2x2_ASAP7_75t_R)
  35.64 4322.00 v _158304_/Y (OA211x2_ASAP7_75t_R)
  30.46 4352.46 v _158330_/Y (XNOR2x2_ASAP7_75t_R)
  29.58 4382.04 v _158388_/Y (OR5x1_ASAP7_75t_R)
  42.94 4424.98 v _158399_/Y (AO33x2_ASAP7_75t_R)
  26.16 4451.15 v _158436_/Y (AND2x2_ASAP7_75t_R)
  78.93 4530.07 v _158437_/Y (OR3x1_ASAP7_75t_R)
  70.98 4601.05 v _158474_/Y (AND2x2_ASAP7_75t_R)
  38.15 4639.21 ^ _158476_/Y (AOI22x1_ASAP7_75t_R)
  23.17 4662.38 ^ _158477_/Y (AND2x2_ASAP7_75t_R)
  16.00 4678.38 v _158496_/Y (AOI221x1_ASAP7_75t_R)
  33.09 4711.47 v _158497_/Y (MAJx2_ASAP7_75t_R)
  24.75 4736.22 v _158571_/Y (AO21x1_ASAP7_75t_R)
  46.55 4782.77 v _158629_/Y (AO221x2_ASAP7_75t_R)
  81.05 4863.83 ^ _158672_/Y (NAND2x1_ASAP7_75t_R)
  35.80 4899.63 ^ _158689_/Y (AND2x2_ASAP7_75t_R)
  22.57 4922.20 ^ _158690_/Y (OA21x2_ASAP7_75t_R)
  20.24 4942.44 ^ _158691_/Y (OR2x2_ASAP7_75t_R)
  22.82 4965.26 ^ _158702_/Y (AND3x1_ASAP7_75t_R)
  21.78 4987.04 ^ _158720_/Y (OA21x2_ASAP7_75t_R)
  24.53 5011.57 ^ _158743_/Y (OA31x2_ASAP7_75t_R)
  15.08 5026.64 ^ _158761_/Y (OR4x1_ASAP7_75t_R)
  48.03 5074.67 ^ _158764_/Y (AND5x2_ASAP7_75t_R)
  52.84 5127.52 ^ _159054_/Y (OA21x2_ASAP7_75t_R)
 118.43 5245.95 ^ _159120_/Y (OA21x2_ASAP7_75t_R)
  58.79 5304.73 ^ _159154_/Y (AO221x1_ASAP7_75t_R)
  92.01 5396.74 ^ _159901_/Y (AND2x2_ASAP7_75t_R)
 173.87 5570.61 v _159903_/Y (NOR2x1_ASAP7_75t_R)
  96.92 5667.53 ^ _163182_/Y (NAND2x2_ASAP7_75t_R)
  31.92 5699.44 ^ load_slew951/Y (BUFx16f_ASAP7_75t_R)
  21.96 5721.41 ^ load_slew949/Y (BUFx16f_ASAP7_75t_R)
  32.45 5753.86 ^ wire948/Y (BUFx16f_ASAP7_75t_R)
 159.78 5913.64 ^ _164794_/Y (OR2x2_ASAP7_75t_R)
  42.68 5956.32 v _201474_/Y (NAND2x1_ASAP7_75t_R)
  21.14 5977.46 v _201475_/Y (AO21x1_ASAP7_75t_R)
  26.20 6003.66 v _201476_/Y (OA211x2_ASAP7_75t_R)
  16.68 6020.34 v _201477_/Y (AO21x1_ASAP7_75t_R)
  14.93 6035.27 v _201478_/Y (AND2x2_ASAP7_75t_R)
   0.03 6035.31 v _312521_/D (DFFHQNx1_ASAP7_75t_R)
        6035.31   data arrival time

12000.00 12000.00   clock core_clk (rise edge)
   0.00 12000.00   clock source latency
   0.00 12000.00 ^ clk (in)
  46.11 12046.11 ^ wire4945/Y (BUFx10_ASAP7_75t_R)
  47.38 12093.49 ^ clkbuf_0_clk/Y (BUFx24_ASAP7_75t_R)
  28.80 12122.29 ^ clkbuf_1_1_0_clk/Y (BUFx24_ASAP7_75t_R)
  28.42 12150.71 ^ clkbuf_2_3_0_clk/Y (BUFx24_ASAP7_75t_R)
  26.26 12176.97 ^ clkbuf_3_7_0_clk/Y (BUFx24_ASAP7_75t_R)
  29.86 12206.83 ^ clkbuf_4_14_0_clk/Y (BUFx24_ASAP7_75t_R)
  22.34 12229.17 ^ clkbuf_6_57_0_clk/Y (BUFx24_ASAP7_75t_R)
  19.81 12248.98 ^ clkbuf_7_115__f_clk/Y (BUFx24_ASAP7_75t_R)
  21.66 12270.63 ^ clkbuf_leaf_506_clk/Y (BUFx24_ASAP7_75t_R)
   2.38 12273.02 ^ _312521_/CLK (DFFHQNx1_ASAP7_75t_R)
 -50.00 12223.02   clock uncertainty
   2.19 12225.21   clock reconvergence pessimism
   0.25 12225.46   library setup time
        12225.46   data required time
---------------------------------------------------------
        12225.46   data required time
        -6035.31   data arrival time
---------------------------------------------------------
        6190.15   slack (MET)


Startpoint: _308209_ (rising edge-triggered flip-flop clocked by core_clk)
Endpoint: _312539_ (rising edge-triggered flip-flop clocked by core_clk)
Path Group: reg2reg
Path Type: max

  Delay    Time   Description
---------------------------------------------------------
   0.00    0.00   clock core_clk (rise edge)
   0.00    0.00   clock source latency
   0.00    0.00 ^ clk (in)
  46.81   46.81 ^ wire4945/Y (BUFx10_ASAP7_75t_R)
  48.87   95.68 ^ clkbuf_0_clk/Y (BUFx24_ASAP7_75t_R)
  30.20  125.87 ^ clkbuf_1_0_0_clk/Y (BUFx24_ASAP7_75t_R)
  29.09  154.96 ^ clkbuf_2_1_0_clk/Y (BUFx24_ASAP7_75t_R)
  26.47  181.44 ^ clkbuf_3_2_0_clk/Y (BUFx24_ASAP7_75t_R)
  30.84  212.28 ^ clkbuf_4_4_0_clk/Y (BUFx24_ASAP7_75t_R)
  24.84  237.12 ^ clkbuf_6_19_0_clk/Y (BUFx24_ASAP7_75t_R)
  21.77  258.88 ^ clkbuf_7_38__f_clk/Y (BUFx24_ASAP7_75t_R)
  27.65  286.53 ^ clkbuf_leaf_778_clk/Y (BUFx24_ASAP7_75t_R)
   2.33  288.86 ^ _308209_/CLK (DFFHQNx3_ASAP7_75t_R)
  56.18  345.04 ^ _308209_/QN (DFFHQNx3_ASAP7_75t_R)
  27.51  372.55 ^ wire4778/Y (BUFx16f_ASAP7_75t_R)
  66.95  439.50 ^ wire4776/Y (BUFx16f_ASAP7_75t_R)
  33.08  472.58 ^ wire4775/Y (BUFx16f_ASAP7_75t_R)
  73.63  546.21 ^ load_slew4774/Y (BUFx16f_ASAP7_75t_R)
  94.00  640.21 ^ _153629_/Y (AND2x2_ASAP7_75t_R)
 169.02  809.24 v _153630_/Y (NAND2x1_ASAP7_75t_R)
  64.17  873.41 v _153631_/Y (OA21x2_ASAP7_75t_R)
 108.13  981.54 v _153633_/Y (AND3x1_ASAP7_75t_R)
  89.17 1070.71 v _154870_/Y (AO222x2_ASAP7_75t_R)
  47.40 1118.11 v _154873_/Y (OR3x2_ASAP7_75t_R)
  54.24 1172.36 v _154878_/Y (OR5x1_ASAP7_75t_R)
  93.99 1266.34 v _154879_/Y (OR4x1_ASAP7_75t_R)
  74.48 1340.82 v _155829_/Y (OR4x1_ASAP7_75t_R)
  24.56 1365.38 v _155944_/Y (AO221x1_ASAP7_75t_R)
  50.94 1416.32 v _155949_/Y (OR5x1_ASAP7_75t_R)
  34.05 1450.37 v _156013_/Y (AND2x2_ASAP7_75t_R)
  49.97 1500.34 ^ _156016_/Y (NAND3x1_ASAP7_75t_R)
  39.70 1540.04 v _156112_/Y (AOI221x1_ASAP7_75t_R)
  26.08 1566.12 v _156115_/Y (OA21x2_ASAP7_75t_R)
  21.84 1587.97 v _156116_/Y (OR3x1_ASAP7_75t_R)
  38.63 1626.60 v _156123_/Y (AO33x2_ASAP7_75t_R)
  41.76 1668.35 ^ _156140_/Y (NAND2x1_ASAP7_75t_R)
 110.76 1779.11 ^ _156253_/Y (AO221x1_ASAP7_75t_R)
  69.58 1848.70 v _156308_/Y (NAND2x2_ASAP7_75t_R)
  49.02 1897.71 v _156311_/Y (AO21x2_ASAP7_75t_R)
  23.18 1920.89 v _156314_/Y (OA21x2_ASAP7_75t_R)
  27.71 1948.60 v _156388_/Y (AO221x1_ASAP7_75t_R)
  22.62 1971.22 v _156389_/Y (OA21x2_ASAP7_75t_R)
  24.14 1995.36 ^ _156393_/Y (AOI22x1_ASAP7_75t_R)
  53.99 2049.35 v _156410_/Y (NAND2x1_ASAP7_75t_R)
  71.47 2120.82 v _156421_/Y (AO33x2_ASAP7_75t_R)
  32.75 2153.58 ^ _156522_/Y (XNOR2x2_ASAP7_75t_R)
  25.19 2178.76 ^ _156526_/Y (AND4x1_ASAP7_75t_R)
  19.20 2197.96 ^ _156550_/Y (AO21x1_ASAP7_75t_R)
  19.23 2217.19 ^ _156551_/Y (AO21x1_ASAP7_75t_R)
  80.77 2297.96 ^ _156552_/Y (OA211x2_ASAP7_75t_R)
  89.28 2387.25 v _156555_/Y (INVx1_ASAP7_75t_R)
  33.68 2420.92 ^ _156568_/Y (OAI21x1_ASAP7_75t_R)
  34.29 2455.21 v _156616_/Y (AOI221x1_ASAP7_75t_R)
  48.52 2503.73 v _156806_/Y (OA211x2_ASAP7_75t_R)
  13.78 2517.51 ^ _156807_/Y (NAND2x1_ASAP7_75t_R)
  71.16 2588.67 ^ _156882_/Y (AO32x1_ASAP7_75t_R)
  34.48 2623.15 ^ _156995_/Y (OR2x2_ASAP7_75t_R)
  39.01 2662.16 ^ _157002_/Y (AO32x1_ASAP7_75t_R)
  36.29 2698.44 ^ _157004_/Y (XNOR2x2_ASAP7_75t_R)
  14.38 2712.83 v _157005_/Y (NOR3x1_ASAP7_75t_R)
  32.62 2745.45 v _157006_/Y (AND5x2_ASAP7_75t_R)
  28.88 2774.33 v _157078_/Y (OR3x1_ASAP7_75t_R)
  57.37 2831.69 v _157141_/Y (OA33x2_ASAP7_75t_R)
  34.73 2866.43 v _157144_/Y (OR2x2_ASAP7_75t_R)
  24.44 2890.87 v _157145_/Y (AO21x1_ASAP7_75t_R)
  26.35 2917.22 v _157196_/Y (AO32x1_ASAP7_75t_R)
  26.77 2943.99 v _157198_/Y (AO22x1_ASAP7_75t_R)
  23.00 2966.99 v _157222_/Y (AO21x1_ASAP7_75t_R)
  30.83 2997.82 v _157223_/Y (OR3x1_ASAP7_75t_R)
  42.49 3040.31 v _157312_/Y (AO21x1_ASAP7_75t_R)
  58.19 3098.50 ^ _157343_/Y (NAND2x1_ASAP7_75t_R)
  43.82 3142.32 v _157440_/Y (AOI221x1_ASAP7_75t_R)
  30.91 3173.23 v _157456_/Y (OA222x2_ASAP7_75t_R)
  22.24 3195.47 v _157459_/Y (AND5x2_ASAP7_75t_R)
  20.86 3216.33 v _157472_/Y (OA31x2_ASAP7_75t_R)
  42.26 3258.59 v _157475_/Y (OR4x2_ASAP7_75t_R)
  63.75 3322.33 ^ _157478_/Y (NAND2x1_ASAP7_75t_R)
  19.94 3342.27 v _157479_/Y (NOR2x1_ASAP7_75t_R)
  25.21 3367.48 v _157485_/Y (OA21x2_ASAP7_75t_R)
  28.58 3396.06 v _157492_/Y (AO221x1_ASAP7_75t_R)
  26.03 3422.09 v _157649_/Y (OA21x2_ASAP7_75t_R)
  24.74 3446.82 v _157651_/Y (AO21x1_ASAP7_75t_R)
  41.75 3488.58 v _157652_/Y (AO22x1_ASAP7_75t_R)
  64.55 3553.13 ^ _157732_/Y (NAND2x1_ASAP7_75t_R)
  25.99 3579.12 ^ _157764_/Y (AO21x1_ASAP7_75t_R)
  24.20 3603.32 v _157767_/Y (AOI22x1_ASAP7_75t_R)
  37.31 3640.63 v _157790_/Y (OA21x2_ASAP7_75t_R)
  18.85 3659.48 ^ _157827_/Y (AOI211x1_ASAP7_75t_R)
  19.61 3679.09 v _157842_/Y (OAI21x1_ASAP7_75t_R)
  89.64 3768.73 v _157921_/Y (AO221x1_ASAP7_75t_R)
  48.27 3817.00 v _157922_/Y (AO221x1_ASAP7_75t_R)
  27.48 3844.48 v _157925_/Y (AO32x2_ASAP7_75t_R)
  22.59 3867.07 v _157949_/Y (OA211x2_ASAP7_75t_R)
  32.17 3899.24 v _157967_/Y (AO222x2_ASAP7_75t_R)
  38.29 3937.53 v _158020_/Y (AO221x1_ASAP7_75t_R)
  28.61 3966.14 v _158084_/Y (AO211x2_ASAP7_75t_R)
  41.43 4007.57 v _158094_/Y (AND2x2_ASAP7_75t_R)
  49.23 4056.80 v _158173_/Y (OR3x2_ASAP7_75t_R)
  22.73 4079.54 v _158271_/Y (AO221x1_ASAP7_75t_R)
  33.06 4112.59 v _158272_/Y (OR5x1_ASAP7_75t_R)
  46.33 4158.93 v _158273_/Y (OR5x1_ASAP7_75t_R)
  20.14 4179.06 ^ _158274_/Y (NAND2x2_ASAP7_75t_R)
  54.60 4233.66 v _158287_/Y (OAI21x1_ASAP7_75t_R)
  52.70 4286.36 v _158298_/Y (AND2x2_ASAP7_75t_R)
  35.64 4322.00 v _158304_/Y (OA211x2_ASAP7_75t_R)
  30.46 4352.46 v _158330_/Y (XNOR2x2_ASAP7_75t_R)
  29.58 4382.04 v _158388_/Y (OR5x1_ASAP7_75t_R)
  42.94 4424.98 v _158399_/Y (AO33x2_ASAP7_75t_R)
  26.16 4451.15 v _158436_/Y (AND2x2_ASAP7_75t_R)
  78.93 4530.07 v _158437_/Y (OR3x1_ASAP7_75t_R)
  70.98 4601.05 v _158474_/Y (AND2x2_ASAP7_75t_R)
  38.15 4639.21 ^ _158476_/Y (AOI22x1_ASAP7_75t_R)
  23.17 4662.38 ^ _158477_/Y (AND2x2_ASAP7_75t_R)
  16.00 4678.38 v _158496_/Y (AOI221x1_ASAP7_75t_R)
  33.09 4711.47 v _158497_/Y (MAJx2_ASAP7_75t_R)
  24.75 4736.22 v _158571_/Y (AO21x1_ASAP7_75t_R)
  46.55 4782.77 v _158629_/Y (AO221x2_ASAP7_75t_R)
  81.05 4863.83 ^ _158672_/Y (NAND2x1_ASAP7_75t_R)
  35.80 4899.63 ^ _158689_/Y (AND2x2_ASAP7_75t_R)
  22.57 4922.20 ^ _158690_/Y (OA21x2_ASAP7_75t_R)
  20.24 4942.44 ^ _158691_/Y (OR2x2_ASAP7_75t_R)
  22.82 4965.26 ^ _158702_/Y (AND3x1_ASAP7_75t_R)
  21.78 4987.04 ^ _158720_/Y (OA21x2_ASAP7_75t_R)
  24.53 5011.57 ^ _158743_/Y (OA31x2_ASAP7_75t_R)
  15.08 5026.64 ^ _158761_/Y (OR4x1_ASAP7_75t_R)
  48.03 5074.67 ^ _158764_/Y (AND5x2_ASAP7_75t_R)
  52.84 5127.52 ^ _159054_/Y (OA21x2_ASAP7_75t_R)
 118.43 5245.95 ^ _159120_/Y (OA21x2_ASAP7_75t_R)
  58.79 5304.73 ^ _159154_/Y (AO221x1_ASAP7_75t_R)
  92.01 5396.74 ^ _159901_/Y (AND2x2_ASAP7_75t_R)
 173.87 5570.61 v _159903_/Y (NOR2x1_ASAP7_75t_R)
 111.84 5682.45 ^ _163131_/Y (NAND2x2_ASAP7_75t_R)
  35.25 5717.70 ^ load_slew954/Y (BUFx16f_ASAP7_75t_R)
  36.94 5754.64 ^ load_slew952/Y (BUFx16f_ASAP7_75t_R)
 155.10 5909.75 ^ _164753_/Y (OR2x2_ASAP7_75t_R)
  48.17 5957.92 v _201166_/Y (NAND2x1_ASAP7_75t_R)
  20.60 5978.52 v _201167_/Y (AO21x1_ASAP7_75t_R)
  25.83 6004.34 v _201168_/Y (OA211x2_ASAP7_75t_R)
  16.21 6020.56 v _201169_/Y (AO21x1_ASAP7_75t_R)
  14.90 6035.46 v _201170_/Y (AND2x2_ASAP7_75t_R)
   0.07 6035.52 v _312539_/D (DFFHQNx1_ASAP7_75t_R)
        6035.52   data arrival time

12000.00 12000.00   clock core_clk (rise edge)
   0.00 12000.00   clock source latency
   0.00 12000.00 ^ clk (in)
  46.11 12046.11 ^ wire4945/Y (BUFx10_ASAP7_75t_R)
  47.38 12093.49 ^ clkbuf_0_clk/Y (BUFx24_ASAP7_75t_R)
  28.80 12122.29 ^ clkbuf_1_1_0_clk/Y (BUFx24_ASAP7_75t_R)
  28.42 12150.71 ^ clkbuf_2_3_0_clk/Y (BUFx24_ASAP7_75t_R)
  26.26 12176.97 ^ clkbuf_3_7_0_clk/Y (BUFx24_ASAP7_75t_R)
  29.86 12206.83 ^ clkbuf_4_14_0_clk/Y (BUFx24_ASAP7_75t_R)
  22.34 12229.17 ^ clkbuf_6_57_0_clk/Y (BUFx24_ASAP7_75t_R)
  19.81 12248.98 ^ clkbuf_7_115__f_clk/Y (BUFx24_ASAP7_75t_R)
  22.44 12271.41 ^ clkbuf_leaf_505_clk/Y (BUFx24_ASAP7_75t_R)
   1.94 12273.35 ^ _312539_/CLK (DFFHQNx1_ASAP7_75t_R)
 -50.00 12223.35   clock uncertainty
   2.19 12225.54   clock reconvergence pessimism
   0.50 12226.04   library setup time
        12226.04   data required time
---------------------------------------------------------
        12226.04   data required time
        -6035.52   data arrival time
---------------------------------------------------------
        6190.52   slack (MET)


Startpoint: _308209_ (rising edge-triggered flip-flop clocked by core_clk)
Endpoint: _312553_ (rising edge-triggered flip-flop clocked by core_clk)
Path Group: reg2reg
Path Type: max

  Delay    Time   Description
---------------------------------------------------------
   0.00    0.00   clock core_clk (rise edge)
   0.00    0.00   clock source latency
   0.00    0.00 ^ clk (in)
  46.81   46.81 ^ wire4945/Y (BUFx10_ASAP7_75t_R)
  48.87   95.68 ^ clkbuf_0_clk/Y (BUFx24_ASAP7_75t_R)
  30.20  125.87 ^ clkbuf_1_0_0_clk/Y (BUFx24_ASAP7_75t_R)
  29.09  154.96 ^ clkbuf_2_1_0_clk/Y (BUFx24_ASAP7_75t_R)
  26.47  181.44 ^ clkbuf_3_2_0_clk/Y (BUFx24_ASAP7_75t_R)
  30.84  212.28 ^ clkbuf_4_4_0_clk/Y (BUFx24_ASAP7_75t_R)
  24.84  237.12 ^ clkbuf_6_19_0_clk/Y (BUFx24_ASAP7_75t_R)
  21.77  258.88 ^ clkbuf_7_38__f_clk/Y (BUFx24_ASAP7_75t_R)
  27.65  286.53 ^ clkbuf_leaf_778_clk/Y (BUFx24_ASAP7_75t_R)
   2.33  288.86 ^ _308209_/CLK (DFFHQNx3_ASAP7_75t_R)
  56.18  345.04 ^ _308209_/QN (DFFHQNx3_ASAP7_75t_R)
  27.51  372.55 ^ wire4778/Y (BUFx16f_ASAP7_75t_R)
  66.95  439.50 ^ wire4776/Y (BUFx16f_ASAP7_75t_R)
  33.08  472.58 ^ wire4775/Y (BUFx16f_ASAP7_75t_R)
  73.63  546.21 ^ load_slew4774/Y (BUFx16f_ASAP7_75t_R)
  94.00  640.21 ^ _153629_/Y (AND2x2_ASAP7_75t_R)
 169.02  809.24 v _153630_/Y (NAND2x1_ASAP7_75t_R)
  64.17  873.41 v _153631_/Y (OA21x2_ASAP7_75t_R)
 108.13  981.54 v _153633_/Y (AND3x1_ASAP7_75t_R)
  89.17 1070.71 v _154870_/Y (AO222x2_ASAP7_75t_R)
  47.40 1118.11 v _154873_/Y (OR3x2_ASAP7_75t_R)
  54.24 1172.36 v _154878_/Y (OR5x1_ASAP7_75t_R)
  93.99 1266.34 v _154879_/Y (OR4x1_ASAP7_75t_R)
  74.48 1340.82 v _155829_/Y (OR4x1_ASAP7_75t_R)
  24.56 1365.38 v _155944_/Y (AO221x1_ASAP7_75t_R)
  50.94 1416.32 v _155949_/Y (OR5x1_ASAP7_75t_R)
  34.05 1450.37 v _156013_/Y (AND2x2_ASAP7_75t_R)
  49.97 1500.34 ^ _156016_/Y (NAND3x1_ASAP7_75t_R)
  39.70 1540.04 v _156112_/Y (AOI221x1_ASAP7_75t_R)
  26.08 1566.12 v _156115_/Y (OA21x2_ASAP7_75t_R)
  21.84 1587.97 v _156116_/Y (OR3x1_ASAP7_75t_R)
  38.63 1626.60 v _156123_/Y (AO33x2_ASAP7_75t_R)
  41.76 1668.35 ^ _156140_/Y (NAND2x1_ASAP7_75t_R)
 110.76 1779.11 ^ _156253_/Y (AO221x1_ASAP7_75t_R)
  69.58 1848.70 v _156308_/Y (NAND2x2_ASAP7_75t_R)
  49.02 1897.71 v _156311_/Y (AO21x2_ASAP7_75t_R)
  23.18 1920.89 v _156314_/Y (OA21x2_ASAP7_75t_R)
  27.71 1948.60 v _156388_/Y (AO221x1_ASAP7_75t_R)
  22.62 1971.22 v _156389_/Y (OA21x2_ASAP7_75t_R)
  24.14 1995.36 ^ _156393_/Y (AOI22x1_ASAP7_75t_R)
  53.99 2049.35 v _156410_/Y (NAND2x1_ASAP7_75t_R)
  71.47 2120.82 v _156421_/Y (AO33x2_ASAP7_75t_R)
  32.75 2153.58 ^ _156522_/Y (XNOR2x2_ASAP7_75t_R)
  25.19 2178.76 ^ _156526_/Y (AND4x1_ASAP7_75t_R)
  19.20 2197.96 ^ _156550_/Y (AO21x1_ASAP7_75t_R)
  19.23 2217.19 ^ _156551_/Y (AO21x1_ASAP7_75t_R)
  80.77 2297.96 ^ _156552_/Y (OA211x2_ASAP7_75t_R)
  89.28 2387.25 v _156555_/Y (INVx1_ASAP7_75t_R)
  33.68 2420.92 ^ _156568_/Y (OAI21x1_ASAP7_75t_R)
  34.29 2455.21 v _156616_/Y (AOI221x1_ASAP7_75t_R)
  48.52 2503.73 v _156806_/Y (OA211x2_ASAP7_75t_R)
  13.78 2517.51 ^ _156807_/Y (NAND2x1_ASAP7_75t_R)
  71.16 2588.67 ^ _156882_/Y (AO32x1_ASAP7_75t_R)
  34.48 2623.15 ^ _156995_/Y (OR2x2_ASAP7_75t_R)
  39.01 2662.16 ^ _157002_/Y (AO32x1_ASAP7_75t_R)
  36.29 2698.44 ^ _157004_/Y (XNOR2x2_ASAP7_75t_R)
  14.38 2712.83 v _157005_/Y (NOR3x1_ASAP7_75t_R)
  32.62 2745.45 v _157006_/Y (AND5x2_ASAP7_75t_R)
  28.88 2774.33 v _157078_/Y (OR3x1_ASAP7_75t_R)
  57.37 2831.69 v _157141_/Y (OA33x2_ASAP7_75t_R)
  34.73 2866.43 v _157144_/Y (OR2x2_ASAP7_75t_R)
  24.44 2890.87 v _157145_/Y (AO21x1_ASAP7_75t_R)
  26.35 2917.22 v _157196_/Y (AO32x1_ASAP7_75t_R)
  26.77 2943.99 v _157198_/Y (AO22x1_ASAP7_75t_R)
  23.00 2966.99 v _157222_/Y (AO21x1_ASAP7_75t_R)
  30.83 2997.82 v _157223_/Y (OR3x1_ASAP7_75t_R)
  42.49 3040.31 v _157312_/Y (AO21x1_ASAP7_75t_R)
  58.19 3098.50 ^ _157343_/Y (NAND2x1_ASAP7_75t_R)
  43.82 3142.32 v _157440_/Y (AOI221x1_ASAP7_75t_R)
  30.91 3173.23 v _157456_/Y (OA222x2_ASAP7_75t_R)
  22.24 3195.47 v _157459_/Y (AND5x2_ASAP7_75t_R)
  20.86 3216.33 v _157472_/Y (OA31x2_ASAP7_75t_R)
  42.26 3258.59 v _157475_/Y (OR4x2_ASAP7_75t_R)
  63.75 3322.33 ^ _157478_/Y (NAND2x1_ASAP7_75t_R)
  19.94 3342.27 v _157479_/Y (NOR2x1_ASAP7_75t_R)
  25.21 3367.48 v _157485_/Y (OA21x2_ASAP7_75t_R)
  28.58 3396.06 v _157492_/Y (AO221x1_ASAP7_75t_R)
  26.03 3422.09 v _157649_/Y (OA21x2_ASAP7_75t_R)
  24.74 3446.82 v _157651_/Y (AO21x1_ASAP7_75t_R)
  41.75 3488.58 v _157652_/Y (AO22x1_ASAP7_75t_R)
  64.55 3553.13 ^ _157732_/Y (NAND2x1_ASAP7_75t_R)
  25.99 3579.12 ^ _157764_/Y (AO21x1_ASAP7_75t_R)
  24.20 3603.32 v _157767_/Y (AOI22x1_ASAP7_75t_R)
  37.31 3640.63 v _157790_/Y (OA21x2_ASAP7_75t_R)
  18.85 3659.48 ^ _157827_/Y (AOI211x1_ASAP7_75t_R)
  19.61 3679.09 v _157842_/Y (OAI21x1_ASAP7_75t_R)
  89.64 3768.73 v _157921_/Y (AO221x1_ASAP7_75t_R)
  48.27 3817.00 v _157922_/Y (AO221x1_ASAP7_75t_R)
  27.48 3844.48 v _157925_/Y (AO32x2_ASAP7_75t_R)
  22.59 3867.07 v _157949_/Y (OA211x2_ASAP7_75t_R)
  32.17 3899.24 v _157967_/Y (AO222x2_ASAP7_75t_R)
  38.29 3937.53 v _158020_/Y (AO221x1_ASAP7_75t_R)
  28.61 3966.14 v _158084_/Y (AO211x2_ASAP7_75t_R)
  41.43 4007.57 v _158094_/Y (AND2x2_ASAP7_75t_R)
  49.23 4056.80 v _158173_/Y (OR3x2_ASAP7_75t_R)
  22.73 4079.54 v _158271_/Y (AO221x1_ASAP7_75t_R)
  33.06 4112.59 v _158272_/Y (OR5x1_ASAP7_75t_R)
  46.33 4158.93 v _158273_/Y (OR5x1_ASAP7_75t_R)
  20.14 4179.06 ^ _158274_/Y (NAND2x2_ASAP7_75t_R)
  54.60 4233.66 v _158287_/Y (OAI21x1_ASAP7_75t_R)
  52.70 4286.36 v _158298_/Y (AND2x2_ASAP7_75t_R)
  35.64 4322.00 v _158304_/Y (OA211x2_ASAP7_75t_R)
  30.46 4352.46 v _158330_/Y (XNOR2x2_ASAP7_75t_R)
  29.58 4382.04 v _158388_/Y (OR5x1_ASAP7_75t_R)
  42.94 4424.98 v _158399_/Y (AO33x2_ASAP7_75t_R)
  26.16 4451.15 v _158436_/Y (AND2x2_ASAP7_75t_R)
  78.93 4530.07 v _158437_/Y (OR3x1_ASAP7_75t_R)
  70.98 4601.05 v _158474_/Y (AND2x2_ASAP7_75t_R)
  38.15 4639.21 ^ _158476_/Y (AOI22x1_ASAP7_75t_R)
  23.17 4662.38 ^ _158477_/Y (AND2x2_ASAP7_75t_R)
  16.00 4678.38 v _158496_/Y (AOI221x1_ASAP7_75t_R)
  33.09 4711.47 v _158497_/Y (MAJx2_ASAP7_75t_R)
  24.75 4736.22 v _158571_/Y (AO21x1_ASAP7_75t_R)
  46.55 4782.77 v _158629_/Y (AO221x2_ASAP7_75t_R)
  81.05 4863.83 ^ _158672_/Y (NAND2x1_ASAP7_75t_R)
  35.80 4899.63 ^ _158689_/Y (AND2x2_ASAP7_75t_R)
  22.57 4922.20 ^ _158690_/Y (OA21x2_ASAP7_75t_R)
  20.24 4942.44 ^ _158691_/Y (OR2x2_ASAP7_75t_R)
  22.82 4965.26 ^ _158702_/Y (AND3x1_ASAP7_75t_R)
  21.78 4987.04 ^ _158720_/Y (OA21x2_ASAP7_75t_R)
  24.53 5011.57 ^ _158743_/Y (OA31x2_ASAP7_75t_R)
  15.08 5026.64 ^ _158761_/Y (OR4x1_ASAP7_75t_R)
  48.03 5074.67 ^ _158764_/Y (AND5x2_ASAP7_75t_R)
  52.84 5127.52 ^ _159054_/Y (OA21x2_ASAP7_75t_R)
 118.43 5245.95 ^ _159120_/Y (OA21x2_ASAP7_75t_R)
  58.79 5304.73 ^ _159154_/Y (AO221x1_ASAP7_75t_R)
  92.01 5396.74 ^ _159901_/Y (AND2x2_ASAP7_75t_R)
 173.87 5570.61 v _159903_/Y (NOR2x1_ASAP7_75t_R)
 111.84 5682.45 ^ _163131_/Y (NAND2x2_ASAP7_75t_R)
  35.25 5717.70 ^ load_slew954/Y (BUFx16f_ASAP7_75t_R)
  36.94 5754.64 ^ load_slew952/Y (BUFx16f_ASAP7_75t_R)
 155.10 5909.75 ^ _164753_/Y (OR2x2_ASAP7_75t_R)
  52.64 5962.39 v _201259_/Y (NAND2x1_ASAP7_75t_R)
  20.54 5982.94 v _201260_/Y (AO21x1_ASAP7_75t_R)
  26.13 6009.06 v _201261_/Y (OA211x2_ASAP7_75t_R)
  16.79 6025.85 v _201262_/Y (AO21x1_ASAP7_75t_R)
  15.11 6040.96 v _201263_/Y (AND2x2_ASAP7_75t_R)
   0.04 6041.00 v _312553_/D (DFFHQNx1_ASAP7_75t_R)
        6041.00   data arrival time

12000.00 12000.00   clock core_clk (rise edge)
   0.00 12000.00   clock source latency
   0.00 12000.00 ^ clk (in)
  46.11 12046.11 ^ wire4945/Y (BUFx10_ASAP7_75t_R)
  47.38 12093.49 ^ clkbuf_0_clk/Y (BUFx24_ASAP7_75t_R)
  28.80 12122.29 ^ clkbuf_1_1_0_clk/Y (BUFx24_ASAP7_75t_R)
  28.42 12150.71 ^ clkbuf_2_3_0_clk/Y (BUFx24_ASAP7_75t_R)
  26.26 12176.97 ^ clkbuf_3_7_0_clk/Y (BUFx24_ASAP7_75t_R)
  29.86 12206.83 ^ clkbuf_4_14_0_clk/Y (BUFx24_ASAP7_75t_R)
  24.58 12231.41 ^ clkbuf_6_59_0_clk/Y (BUFx24_ASAP7_75t_R)
  20.92 12252.33 ^ clkbuf_7_118__f_clk/Y (BUFx24_ASAP7_75t_R)
  25.83 12278.16 ^ clkbuf_leaf_520_clk/Y (BUFx24_ASAP7_75t_R)
   1.17 12279.33 ^ _312553_/CLK (DFFHQNx1_ASAP7_75t_R)
 -50.00 12229.33   clock uncertainty
   2.19 12231.52   clock reconvergence pessimism
   0.08 12231.59   library setup time
        12231.59   data required time
---------------------------------------------------------
        12231.59   data required time
        -6041.00   data arrival time
---------------------------------------------------------
        6190.59   slack (MET)


Startpoint: _308209_ (rising edge-triggered flip-flop clocked by core_clk)
Endpoint: _312516_ (rising edge-triggered flip-flop clocked by core_clk)
Path Group: reg2reg
Path Type: max

  Delay    Time   Description
---------------------------------------------------------
   0.00    0.00   clock core_clk (rise edge)
   0.00    0.00   clock source latency
   0.00    0.00 ^ clk (in)
  46.81   46.81 ^ wire4945/Y (BUFx10_ASAP7_75t_R)
  48.87   95.68 ^ clkbuf_0_clk/Y (BUFx24_ASAP7_75t_R)
  30.20  125.87 ^ clkbuf_1_0_0_clk/Y (BUFx24_ASAP7_75t_R)
  29.09  154.96 ^ clkbuf_2_1_0_clk/Y (BUFx24_ASAP7_75t_R)
  26.47  181.44 ^ clkbuf_3_2_0_clk/Y (BUFx24_ASAP7_75t_R)
  30.84  212.28 ^ clkbuf_4_4_0_clk/Y (BUFx24_ASAP7_75t_R)
  24.84  237.12 ^ clkbuf_6_19_0_clk/Y (BUFx24_ASAP7_75t_R)
  21.77  258.88 ^ clkbuf_7_38__f_clk/Y (BUFx24_ASAP7_75t_R)
  27.65  286.53 ^ clkbuf_leaf_778_clk/Y (BUFx24_ASAP7_75t_R)
   2.33  288.86 ^ _308209_/CLK (DFFHQNx3_ASAP7_75t_R)
  56.18  345.04 ^ _308209_/QN (DFFHQNx3_ASAP7_75t_R)
  27.51  372.55 ^ wire4778/Y (BUFx16f_ASAP7_75t_R)
  66.95  439.50 ^ wire4776/Y (BUFx16f_ASAP7_75t_R)
  33.08  472.58 ^ wire4775/Y (BUFx16f_ASAP7_75t_R)
  73.63  546.21 ^ load_slew4774/Y (BUFx16f_ASAP7_75t_R)
  94.00  640.21 ^ _153629_/Y (AND2x2_ASAP7_75t_R)
 169.02  809.24 v _153630_/Y (NAND2x1_ASAP7_75t_R)
  64.17  873.41 v _153631_/Y (OA21x2_ASAP7_75t_R)
 108.13  981.54 v _153633_/Y (AND3x1_ASAP7_75t_R)
  89.17 1070.71 v _154870_/Y (AO222x2_ASAP7_75t_R)
  47.40 1118.11 v _154873_/Y (OR3x2_ASAP7_75t_R)
  54.24 1172.36 v _154878_/Y (OR5x1_ASAP7_75t_R)
  93.99 1266.34 v _154879_/Y (OR4x1_ASAP7_75t_R)
  74.48 1340.82 v _155829_/Y (OR4x1_ASAP7_75t_R)
  24.56 1365.38 v _155944_/Y (AO221x1_ASAP7_75t_R)
  50.94 1416.32 v _155949_/Y (OR5x1_ASAP7_75t_R)
  34.05 1450.37 v _156013_/Y (AND2x2_ASAP7_75t_R)
  49.97 1500.34 ^ _156016_/Y (NAND3x1_ASAP7_75t_R)
  39.70 1540.04 v _156112_/Y (AOI221x1_ASAP7_75t_R)
  26.08 1566.12 v _156115_/Y (OA21x2_ASAP7_75t_R)
  21.84 1587.97 v _156116_/Y (OR3x1_ASAP7_75t_R)
  38.63 1626.60 v _156123_/Y (AO33x2_ASAP7_75t_R)
  41.76 1668.35 ^ _156140_/Y (NAND2x1_ASAP7_75t_R)
 110.76 1779.11 ^ _156253_/Y (AO221x1_ASAP7_75t_R)
  69.58 1848.70 v _156308_/Y (NAND2x2_ASAP7_75t_R)
  49.02 1897.71 v _156311_/Y (AO21x2_ASAP7_75t_R)
  23.18 1920.89 v _156314_/Y (OA21x2_ASAP7_75t_R)
  27.71 1948.60 v _156388_/Y (AO221x1_ASAP7_75t_R)
  22.62 1971.22 v _156389_/Y (OA21x2_ASAP7_75t_R)
  24.14 1995.36 ^ _156393_/Y (AOI22x1_ASAP7_75t_R)
  53.99 2049.35 v _156410_/Y (NAND2x1_ASAP7_75t_R)
  71.47 2120.82 v _156421_/Y (AO33x2_ASAP7_75t_R)
  32.75 2153.58 ^ _156522_/Y (XNOR2x2_ASAP7_75t_R)
  25.19 2178.76 ^ _156526_/Y (AND4x1_ASAP7_75t_R)
  19.20 2197.96 ^ _156550_/Y (AO21x1_ASAP7_75t_R)
  19.23 2217.19 ^ _156551_/Y (AO21x1_ASAP7_75t_R)
  80.77 2297.96 ^ _156552_/Y (OA211x2_ASAP7_75t_R)
  89.28 2387.25 v _156555_/Y (INVx1_ASAP7_75t_R)
  33.68 2420.92 ^ _156568_/Y (OAI21x1_ASAP7_75t_R)
  34.29 2455.21 v _156616_/Y (AOI221x1_ASAP7_75t_R)
  48.52 2503.73 v _156806_/Y (OA211x2_ASAP7_75t_R)
  13.78 2517.51 ^ _156807_/Y (NAND2x1_ASAP7_75t_R)
  71.16 2588.67 ^ _156882_/Y (AO32x1_ASAP7_75t_R)
  34.48 2623.15 ^ _156995_/Y (OR2x2_ASAP7_75t_R)
  39.01 2662.16 ^ _157002_/Y (AO32x1_ASAP7_75t_R)
  36.29 2698.44 ^ _157004_/Y (XNOR2x2_ASAP7_75t_R)
  14.38 2712.83 v _157005_/Y (NOR3x1_ASAP7_75t_R)
  32.62 2745.45 v _157006_/Y (AND5x2_ASAP7_75t_R)
  28.88 2774.33 v _157078_/Y (OR3x1_ASAP7_75t_R)
  57.37 2831.69 v _157141_/Y (OA33x2_ASAP7_75t_R)
  34.73 2866.43 v _157144_/Y (OR2x2_ASAP7_75t_R)
  24.44 2890.87 v _157145_/Y (AO21x1_ASAP7_75t_R)
  26.35 2917.22 v _157196_/Y (AO32x1_ASAP7_75t_R)
  26.77 2943.99 v _157198_/Y (AO22x1_ASAP7_75t_R)
  23.00 2966.99 v _157222_/Y (AO21x1_ASAP7_75t_R)
  30.83 2997.82 v _157223_/Y (OR3x1_ASAP7_75t_R)
  42.49 3040.31 v _157312_/Y (AO21x1_ASAP7_75t_R)
  58.19 3098.50 ^ _157343_/Y (NAND2x1_ASAP7_75t_R)
  43.82 3142.32 v _157440_/Y (AOI221x1_ASAP7_75t_R)
  30.91 3173.23 v _157456_/Y (OA222x2_ASAP7_75t_R)
  22.24 3195.47 v _157459_/Y (AND5x2_ASAP7_75t_R)
  20.86 3216.33 v _157472_/Y (OA31x2_ASAP7_75t_R)
  42.26 3258.59 v _157475_/Y (OR4x2_ASAP7_75t_R)
  63.75 3322.33 ^ _157478_/Y (NAND2x1_ASAP7_75t_R)
  19.94 3342.27 v _157479_/Y (NOR2x1_ASAP7_75t_R)
  25.21 3367.48 v _157485_/Y (OA21x2_ASAP7_75t_R)
  28.58 3396.06 v _157492_/Y (AO221x1_ASAP7_75t_R)
  26.03 3422.09 v _157649_/Y (OA21x2_ASAP7_75t_R)
  24.74 3446.82 v _157651_/Y (AO21x1_ASAP7_75t_R)
  41.75 3488.58 v _157652_/Y (AO22x1_ASAP7_75t_R)
  64.55 3553.13 ^ _157732_/Y (NAND2x1_ASAP7_75t_R)
  25.99 3579.12 ^ _157764_/Y (AO21x1_ASAP7_75t_R)
  24.20 3603.32 v _157767_/Y (AOI22x1_ASAP7_75t_R)
  37.31 3640.63 v _157790_/Y (OA21x2_ASAP7_75t_R)
  18.85 3659.48 ^ _157827_/Y (AOI211x1_ASAP7_75t_R)
  19.61 3679.09 v _157842_/Y (OAI21x1_ASAP7_75t_R)
  89.64 3768.73 v _157921_/Y (AO221x1_ASAP7_75t_R)
  48.27 3817.00 v _157922_/Y (AO221x1_ASAP7_75t_R)
  27.48 3844.48 v _157925_/Y (AO32x2_ASAP7_75t_R)
  22.59 3867.07 v _157949_/Y (OA211x2_ASAP7_75t_R)
  32.17 3899.24 v _157967_/Y (AO222x2_ASAP7_75t_R)
  38.29 3937.53 v _158020_/Y (AO221x1_ASAP7_75t_R)
  28.61 3966.14 v _158084_/Y (AO211x2_ASAP7_75t_R)
  41.43 4007.57 v _158094_/Y (AND2x2_ASAP7_75t_R)
  49.23 4056.80 v _158173_/Y (OR3x2_ASAP7_75t_R)
  22.73 4079.54 v _158271_/Y (AO221x1_ASAP7_75t_R)
  33.06 4112.59 v _158272_/Y (OR5x1_ASAP7_75t_R)
  46.33 4158.93 v _158273_/Y (OR5x1_ASAP7_75t_R)
  20.14 4179.06 ^ _158274_/Y (NAND2x2_ASAP7_75t_R)
  54.60 4233.66 v _158287_/Y (OAI21x1_ASAP7_75t_R)
  52.70 4286.36 v _158298_/Y (AND2x2_ASAP7_75t_R)
  35.64 4322.00 v _158304_/Y (OA211x2_ASAP7_75t_R)
  30.46 4352.46 v _158330_/Y (XNOR2x2_ASAP7_75t_R)
  29.58 4382.04 v _158388_/Y (OR5x1_ASAP7_75t_R)
  42.94 4424.98 v _158399_/Y (AO33x2_ASAP7_75t_R)
  26.16 4451.15 v _158436_/Y (AND2x2_ASAP7_75t_R)
  78.93 4530.07 v _158437_/Y (OR3x1_ASAP7_75t_R)
  70.98 4601.05 v _158474_/Y (AND2x2_ASAP7_75t_R)
  38.15 4639.21 ^ _158476_/Y (AOI22x1_ASAP7_75t_R)
  23.17 4662.38 ^ _158477_/Y (AND2x2_ASAP7_75t_R)
  16.00 4678.38 v _158496_/Y (AOI221x1_ASAP7_75t_R)
  33.09 4711.47 v _158497_/Y (MAJx2_ASAP7_75t_R)
  24.75 4736.22 v _158571_/Y (AO21x1_ASAP7_75t_R)
  46.55 4782.77 v _158629_/Y (AO221x2_ASAP7_75t_R)
  81.05 4863.83 ^ _158672_/Y (NAND2x1_ASAP7_75t_R)
  35.80 4899.63 ^ _158689_/Y (AND2x2_ASAP7_75t_R)
  22.57 4922.20 ^ _158690_/Y (OA21x2_ASAP7_75t_R)
  20.24 4942.44 ^ _158691_/Y (OR2x2_ASAP7_75t_R)
  22.82 4965.26 ^ _158702_/Y (AND3x1_ASAP7_75t_R)
  21.78 4987.04 ^ _158720_/Y (OA21x2_ASAP7_75t_R)
  24.53 5011.57 ^ _158743_/Y (OA31x2_ASAP7_75t_R)
  15.08 5026.64 ^ _158761_/Y (OR4x1_ASAP7_75t_R)
  48.03 5074.67 ^ _158764_/Y (AND5x2_ASAP7_75t_R)
  52.84 5127.52 ^ _159054_/Y (OA21x2_ASAP7_75t_R)
 118.43 5245.95 ^ _159120_/Y (OA21x2_ASAP7_75t_R)
  58.79 5304.73 ^ _159154_/Y (AO221x1_ASAP7_75t_R)
  92.01 5396.74 ^ _159901_/Y (AND2x2_ASAP7_75t_R)
 173.87 5570.61 v _159903_/Y (NOR2x1_ASAP7_75t_R)
  96.92 5667.53 ^ _163182_/Y (NAND2x2_ASAP7_75t_R)
  31.92 5699.44 ^ load_slew951/Y (BUFx16f_ASAP7_75t_R)
  21.96 5721.41 ^ load_slew949/Y (BUFx16f_ASAP7_75t_R)
  32.45 5753.86 ^ wire948/Y (BUFx16f_ASAP7_75t_R)
 159.78 5913.64 ^ _164794_/Y (OR2x2_ASAP7_75t_R)
  48.25 5961.88 v _201444_/Y (NAND2x1_ASAP7_75t_R)
  21.05 5982.93 v _201445_/Y (AO21x1_ASAP7_75t_R)
  25.80 6008.73 v _201446_/Y (OA211x2_ASAP7_75t_R)
  16.29 6025.02 v _201447_/Y (AO21x1_ASAP7_75t_R)
  14.90 6039.92 v _201448_/Y (AND2x2_ASAP7_75t_R)
   0.11 6040.03 v _312516_/D (DFFHQNx1_ASAP7_75t_R)
        6040.03   data arrival time

12000.00 12000.00   clock core_clk (rise edge)
   0.00 12000.00   clock source latency
   0.00 12000.00 ^ clk (in)
  46.11 12046.11 ^ wire4945/Y (BUFx10_ASAP7_75t_R)
  47.38 12093.49 ^ clkbuf_0_clk/Y (BUFx24_ASAP7_75t_R)
  28.80 12122.29 ^ clkbuf_1_1_0_clk/Y (BUFx24_ASAP7_75t_R)
  28.42 12150.71 ^ clkbuf_2_3_0_clk/Y (BUFx24_ASAP7_75t_R)
  22.98 12173.68 ^ clkbuf_3_6_0_clk/Y (BUFx24_ASAP7_75t_R)
  28.79 12202.47 ^ clkbuf_4_13_0_clk/Y (BUFx24_ASAP7_75t_R)
  25.67 12228.14 ^ clkbuf_6_54_0_clk/Y (BUFx24_ASAP7_75t_R)
  20.61 12248.74 ^ clkbuf_7_109__f_clk/Y (BUFx24_ASAP7_75t_R)
  26.20 12274.94 ^ clkbuf_leaf_488_clk/Y (BUFx24_ASAP7_75t_R)
   3.21 12278.15 ^ _312516_/CLK (DFFHQNx1_ASAP7_75t_R)
 -50.00 12228.15   clock uncertainty
   2.19 12230.34   clock reconvergence pessimism
   0.61 12230.96   library setup time
        12230.96   data required time
---------------------------------------------------------
        12230.96   data required time
        -6040.03   data arrival time
---------------------------------------------------------
        6190.92   slack (MET)


Startpoint: _308209_ (rising edge-triggered flip-flop clocked by core_clk)
Endpoint: _312497_ (rising edge-triggered flip-flop clocked by core_clk)
Path Group: reg2reg
Path Type: max

  Delay    Time   Description
---------------------------------------------------------
   0.00    0.00   clock core_clk (rise edge)
   0.00    0.00   clock source latency
   0.00    0.00 ^ clk (in)
  46.81   46.81 ^ wire4945/Y (BUFx10_ASAP7_75t_R)
  48.87   95.68 ^ clkbuf_0_clk/Y (BUFx24_ASAP7_75t_R)
  30.20  125.87 ^ clkbuf_1_0_0_clk/Y (BUFx24_ASAP7_75t_R)
  29.09  154.96 ^ clkbuf_2_1_0_clk/Y (BUFx24_ASAP7_75t_R)
  26.47  181.44 ^ clkbuf_3_2_0_clk/Y (BUFx24_ASAP7_75t_R)
  30.84  212.28 ^ clkbuf_4_4_0_clk/Y (BUFx24_ASAP7_75t_R)
  24.84  237.12 ^ clkbuf_6_19_0_clk/Y (BUFx24_ASAP7_75t_R)
  21.77  258.88 ^ clkbuf_7_38__f_clk/Y (BUFx24_ASAP7_75t_R)
  27.65  286.53 ^ clkbuf_leaf_778_clk/Y (BUFx24_ASAP7_75t_R)
   2.33  288.86 ^ _308209_/CLK (DFFHQNx3_ASAP7_75t_R)
  56.18  345.04 ^ _308209_/QN (DFFHQNx3_ASAP7_75t_R)
  27.51  372.55 ^ wire4778/Y (BUFx16f_ASAP7_75t_R)
  66.95  439.50 ^ wire4776/Y (BUFx16f_ASAP7_75t_R)
  33.08  472.58 ^ wire4775/Y (BUFx16f_ASAP7_75t_R)
  73.63  546.21 ^ load_slew4774/Y (BUFx16f_ASAP7_75t_R)
  94.00  640.21 ^ _153629_/Y (AND2x2_ASAP7_75t_R)
 169.02  809.24 v _153630_/Y (NAND2x1_ASAP7_75t_R)
  64.17  873.41 v _153631_/Y (OA21x2_ASAP7_75t_R)
 108.13  981.54 v _153633_/Y (AND3x1_ASAP7_75t_R)
  89.17 1070.71 v _154870_/Y (AO222x2_ASAP7_75t_R)
  47.40 1118.11 v _154873_/Y (OR3x2_ASAP7_75t_R)
  54.24 1172.36 v _154878_/Y (OR5x1_ASAP7_75t_R)
  93.99 1266.34 v _154879_/Y (OR4x1_ASAP7_75t_R)
  74.48 1340.82 v _155829_/Y (OR4x1_ASAP7_75t_R)
  24.56 1365.38 v _155944_/Y (AO221x1_ASAP7_75t_R)
  50.94 1416.32 v _155949_/Y (OR5x1_ASAP7_75t_R)
  34.05 1450.37 v _156013_/Y (AND2x2_ASAP7_75t_R)
  49.97 1500.34 ^ _156016_/Y (NAND3x1_ASAP7_75t_R)
  39.70 1540.04 v _156112_/Y (AOI221x1_ASAP7_75t_R)
  26.08 1566.12 v _156115_/Y (OA21x2_ASAP7_75t_R)
  21.84 1587.97 v _156116_/Y (OR3x1_ASAP7_75t_R)
  38.63 1626.60 v _156123_/Y (AO33x2_ASAP7_75t_R)
  41.76 1668.35 ^ _156140_/Y (NAND2x1_ASAP7_75t_R)
 110.76 1779.11 ^ _156253_/Y (AO221x1_ASAP7_75t_R)
  69.58 1848.70 v _156308_/Y (NAND2x2_ASAP7_75t_R)
  49.02 1897.71 v _156311_/Y (AO21x2_ASAP7_75t_R)
  23.18 1920.89 v _156314_/Y (OA21x2_ASAP7_75t_R)
  27.71 1948.60 v _156388_/Y (AO221x1_ASAP7_75t_R)
  22.62 1971.22 v _156389_/Y (OA21x2_ASAP7_75t_R)
  24.14 1995.36 ^ _156393_/Y (AOI22x1_ASAP7_75t_R)
  53.99 2049.35 v _156410_/Y (NAND2x1_ASAP7_75t_R)
  71.47 2120.82 v _156421_/Y (AO33x2_ASAP7_75t_R)
  32.75 2153.58 ^ _156522_/Y (XNOR2x2_ASAP7_75t_R)
  25.19 2178.76 ^ _156526_/Y (AND4x1_ASAP7_75t_R)
  19.20 2197.96 ^ _156550_/Y (AO21x1_ASAP7_75t_R)
  19.23 2217.19 ^ _156551_/Y (AO21x1_ASAP7_75t_R)
  80.77 2297.96 ^ _156552_/Y (OA211x2_ASAP7_75t_R)
  89.28 2387.25 v _156555_/Y (INVx1_ASAP7_75t_R)
  33.68 2420.92 ^ _156568_/Y (OAI21x1_ASAP7_75t_R)
  34.29 2455.21 v _156616_/Y (AOI221x1_ASAP7_75t_R)
  48.52 2503.73 v _156806_/Y (OA211x2_ASAP7_75t_R)
  13.78 2517.51 ^ _156807_/Y (NAND2x1_ASAP7_75t_R)
  71.16 2588.67 ^ _156882_/Y (AO32x1_ASAP7_75t_R)
  34.48 2623.15 ^ _156995_/Y (OR2x2_ASAP7_75t_R)
  39.01 2662.16 ^ _157002_/Y (AO32x1_ASAP7_75t_R)
  36.29 2698.44 ^ _157004_/Y (XNOR2x2_ASAP7_75t_R)
  14.38 2712.83 v _157005_/Y (NOR3x1_ASAP7_75t_R)
  32.62 2745.45 v _157006_/Y (AND5x2_ASAP7_75t_R)
  28.88 2774.33 v _157078_/Y (OR3x1_ASAP7_75t_R)
  57.37 2831.69 v _157141_/Y (OA33x2_ASAP7_75t_R)
  34.73 2866.43 v _157144_/Y (OR2x2_ASAP7_75t_R)
  24.44 2890.87 v _157145_/Y (AO21x1_ASAP7_75t_R)
  26.35 2917.22 v _157196_/Y (AO32x1_ASAP7_75t_R)
  26.77 2943.99 v _157198_/Y (AO22x1_ASAP7_75t_R)
  23.00 2966.99 v _157222_/Y (AO21x1_ASAP7_75t_R)
  30.83 2997.82 v _157223_/Y (OR3x1_ASAP7_75t_R)
  42.49 3040.31 v _157312_/Y (AO21x1_ASAP7_75t_R)
  58.19 3098.50 ^ _157343_/Y (NAND2x1_ASAP7_75t_R)
  43.82 3142.32 v _157440_/Y (AOI221x1_ASAP7_75t_R)
  30.91 3173.23 v _157456_/Y (OA222x2_ASAP7_75t_R)
  22.24 3195.47 v _157459_/Y (AND5x2_ASAP7_75t_R)
  20.86 3216.33 v _157472_/Y (OA31x2_ASAP7_75t_R)
  42.26 3258.59 v _157475_/Y (OR4x2_ASAP7_75t_R)
  63.75 3322.33 ^ _157478_/Y (NAND2x1_ASAP7_75t_R)
  19.94 3342.27 v _157479_/Y (NOR2x1_ASAP7_75t_R)
  25.21 3367.48 v _157485_/Y (OA21x2_ASAP7_75t_R)
  28.58 3396.06 v _157492_/Y (AO221x1_ASAP7_75t_R)
  26.03 3422.09 v _157649_/Y (OA21x2_ASAP7_75t_R)
  24.74 3446.82 v _157651_/Y (AO21x1_ASAP7_75t_R)
  41.75 3488.58 v _157652_/Y (AO22x1_ASAP7_75t_R)
  64.55 3553.13 ^ _157732_/Y (NAND2x1_ASAP7_75t_R)
  25.99 3579.12 ^ _157764_/Y (AO21x1_ASAP7_75t_R)
  24.20 3603.32 v _157767_/Y (AOI22x1_ASAP7_75t_R)
  37.31 3640.63 v _157790_/Y (OA21x2_ASAP7_75t_R)
  18.85 3659.48 ^ _157827_/Y (AOI211x1_ASAP7_75t_R)
  19.61 3679.09 v _157842_/Y (OAI21x1_ASAP7_75t_R)
  89.64 3768.73 v _157921_/Y (AO221x1_ASAP7_75t_R)
  48.27 3817.00 v _157922_/Y (AO221x1_ASAP7_75t_R)
  27.48 3844.48 v _157925_/Y (AO32x2_ASAP7_75t_R)
  22.59 3867.07 v _157949_/Y (OA211x2_ASAP7_75t_R)
  32.17 3899.24 v _157967_/Y (AO222x2_ASAP7_75t_R)
  38.29 3937.53 v _158020_/Y (AO221x1_ASAP7_75t_R)
  28.61 3966.14 v _158084_/Y (AO211x2_ASAP7_75t_R)
  41.43 4007.57 v _158094_/Y (AND2x2_ASAP7_75t_R)
  49.23 4056.80 v _158173_/Y (OR3x2_ASAP7_75t_R)
  22.73 4079.54 v _158271_/Y (AO221x1_ASAP7_75t_R)
  33.06 4112.59 v _158272_/Y (OR5x1_ASAP7_75t_R)
  46.33 4158.93 v _158273_/Y (OR5x1_ASAP7_75t_R)
  20.14 4179.06 ^ _158274_/Y (NAND2x2_ASAP7_75t_R)
  54.60 4233.66 v _158287_/Y (OAI21x1_ASAP7_75t_R)
  52.70 4286.36 v _158298_/Y (AND2x2_ASAP7_75t_R)
  35.64 4322.00 v _158304_/Y (OA211x2_ASAP7_75t_R)
  30.46 4352.46 v _158330_/Y (XNOR2x2_ASAP7_75t_R)
  29.58 4382.04 v _158388_/Y (OR5x1_ASAP7_75t_R)
  42.94 4424.98 v _158399_/Y (AO33x2_ASAP7_75t_R)
  26.16 4451.15 v _158436_/Y (AND2x2_ASAP7_75t_R)
  78.93 4530.07 v _158437_/Y (OR3x1_ASAP7_75t_R)
  70.98 4601.05 v _158474_/Y (AND2x2_ASAP7_75t_R)
  38.15 4639.21 ^ _158476_/Y (AOI22x1_ASAP7_75t_R)
  23.17 4662.38 ^ _158477_/Y (AND2x2_ASAP7_75t_R)
  16.00 4678.38 v _158496_/Y (AOI221x1_ASAP7_75t_R)
  33.09 4711.47 v _158497_/Y (MAJx2_ASAP7_75t_R)
  24.75 4736.22 v _158571_/Y (AO21x1_ASAP7_75t_R)
  46.55 4782.77 v _158629_/Y (AO221x2_ASAP7_75t_R)
  81.05 4863.83 ^ _158672_/Y (NAND2x1_ASAP7_75t_R)
  35.80 4899.63 ^ _158689_/Y (AND2x2_ASAP7_75t_R)
  22.57 4922.20 ^ _158690_/Y (OA21x2_ASAP7_75t_R)
  20.24 4942.44 ^ _158691_/Y (OR2x2_ASAP7_75t_R)
  22.82 4965.26 ^ _158702_/Y (AND3x1_ASAP7_75t_R)
  21.78 4987.04 ^ _158720_/Y (OA21x2_ASAP7_75t_R)
  24.53 5011.57 ^ _158743_/Y (OA31x2_ASAP7_75t_R)
  15.08 5026.64 ^ _158761_/Y (OR4x1_ASAP7_75t_R)
  48.03 5074.67 ^ _158764_/Y (AND5x2_ASAP7_75t_R)
  52.84 5127.52 ^ _159054_/Y (OA21x2_ASAP7_75t_R)
 118.43 5245.95 ^ _159120_/Y (OA21x2_ASAP7_75t_R)
  58.79 5304.73 ^ _159154_/Y (AO221x1_ASAP7_75t_R)
  92.01 5396.74 ^ _159901_/Y (AND2x2_ASAP7_75t_R)
 173.87 5570.61 v _159903_/Y (NOR2x1_ASAP7_75t_R)
  96.92 5667.53 ^ _163182_/Y (NAND2x2_ASAP7_75t_R)
  31.92 5699.44 ^ load_slew951/Y (BUFx16f_ASAP7_75t_R)
  21.96 5721.41 ^ load_slew949/Y (BUFx16f_ASAP7_75t_R)
  32.45 5753.86 ^ wire948/Y (BUFx16f_ASAP7_75t_R)
 159.78 5913.64 ^ _164794_/Y (OR2x2_ASAP7_75t_R)
  46.55 5960.19 v _201313_/Y (NAND2x1_ASAP7_75t_R)
  20.96 5981.15 v _201314_/Y (AO21x1_ASAP7_75t_R)
  26.30 6007.45 v _201315_/Y (OA211x2_ASAP7_75t_R)
  16.32 6023.77 v _201316_/Y (AO21x1_ASAP7_75t_R)
  14.82 6038.59 v _201317_/Y (AND2x2_ASAP7_75t_R)
   0.09 6038.68 v _312497_/D (DFFHQNx1_ASAP7_75t_R)
        6038.68   data arrival time

12000.00 12000.00   clock core_clk (rise edge)
   0.00 12000.00   clock source latency
   0.00 12000.00 ^ clk (in)
  46.11 12046.11 ^ wire4945/Y (BUFx10_ASAP7_75t_R)
  47.38 12093.49 ^ clkbuf_0_clk/Y (BUFx24_ASAP7_75t_R)
  28.80 12122.29 ^ clkbuf_1_1_0_clk/Y (BUFx24_ASAP7_75t_R)
  28.42 12150.71 ^ clkbuf_2_3_0_clk/Y (BUFx24_ASAP7_75t_R)
  26.26 12176.97 ^ clkbuf_3_7_0_clk/Y (BUFx24_ASAP7_75t_R)
  29.86 12206.83 ^ clkbuf_4_14_0_clk/Y (BUFx24_ASAP7_75t_R)
  24.58 12231.41 ^ clkbuf_6_59_0_clk/Y (BUFx24_ASAP7_75t_R)
  21.07 12252.48 ^ clkbuf_7_119__f_clk/Y (BUFx24_ASAP7_75t_R)
  24.09 12276.57 ^ clkbuf_leaf_523_clk/Y (BUFx24_ASAP7_75t_R)
   1.86 12278.43 ^ _312497_/CLK (DFFHQNx1_ASAP7_75t_R)
 -50.00 12228.43   clock uncertainty
   2.19 12230.62   clock reconvergence pessimism
  -0.29 12230.33   library setup time
        12230.33   data required time
---------------------------------------------------------
        12230.33   data required time
        -6038.68   data arrival time
---------------------------------------------------------
        6191.65   slack (MET)


Startpoint: _308209_ (rising edge-triggered flip-flop clocked by core_clk)
Endpoint: _312544_ (rising edge-triggered flip-flop clocked by core_clk)
Path Group: reg2reg
Path Type: max

  Delay    Time   Description
---------------------------------------------------------
   0.00    0.00   clock core_clk (rise edge)
   0.00    0.00   clock source latency
   0.00    0.00 ^ clk (in)
  46.81   46.81 ^ wire4945/Y (BUFx10_ASAP7_75t_R)
  48.87   95.68 ^ clkbuf_0_clk/Y (BUFx24_ASAP7_75t_R)
  30.20  125.87 ^ clkbuf_1_0_0_clk/Y (BUFx24_ASAP7_75t_R)
  29.09  154.96 ^ clkbuf_2_1_0_clk/Y (BUFx24_ASAP7_75t_R)
  26.47  181.44 ^ clkbuf_3_2_0_clk/Y (BUFx24_ASAP7_75t_R)
  30.84  212.28 ^ clkbuf_4_4_0_clk/Y (BUFx24_ASAP7_75t_R)
  24.84  237.12 ^ clkbuf_6_19_0_clk/Y (BUFx24_ASAP7_75t_R)
  21.77  258.88 ^ clkbuf_7_38__f_clk/Y (BUFx24_ASAP7_75t_R)
  27.65  286.53 ^ clkbuf_leaf_778_clk/Y (BUFx24_ASAP7_75t_R)
   2.33  288.86 ^ _308209_/CLK (DFFHQNx3_ASAP7_75t_R)
  56.18  345.04 ^ _308209_/QN (DFFHQNx3_ASAP7_75t_R)
  27.51  372.55 ^ wire4778/Y (BUFx16f_ASAP7_75t_R)
  66.95  439.50 ^ wire4776/Y (BUFx16f_ASAP7_75t_R)
  33.08  472.58 ^ wire4775/Y (BUFx16f_ASAP7_75t_R)
  73.63  546.21 ^ load_slew4774/Y (BUFx16f_ASAP7_75t_R)
  94.00  640.21 ^ _153629_/Y (AND2x2_ASAP7_75t_R)
 169.02  809.24 v _153630_/Y (NAND2x1_ASAP7_75t_R)
  64.17  873.41 v _153631_/Y (OA21x2_ASAP7_75t_R)
 108.13  981.54 v _153633_/Y (AND3x1_ASAP7_75t_R)
  89.17 1070.71 v _154870_/Y (AO222x2_ASAP7_75t_R)
  47.40 1118.11 v _154873_/Y (OR3x2_ASAP7_75t_R)
  54.24 1172.36 v _154878_/Y (OR5x1_ASAP7_75t_R)
  93.99 1266.34 v _154879_/Y (OR4x1_ASAP7_75t_R)
  74.48 1340.82 v _155829_/Y (OR4x1_ASAP7_75t_R)
  24.56 1365.38 v _155944_/Y (AO221x1_ASAP7_75t_R)
  50.94 1416.32 v _155949_/Y (OR5x1_ASAP7_75t_R)
  34.05 1450.37 v _156013_/Y (AND2x2_ASAP7_75t_R)
  49.97 1500.34 ^ _156016_/Y (NAND3x1_ASAP7_75t_R)
  39.70 1540.04 v _156112_/Y (AOI221x1_ASAP7_75t_R)
  26.08 1566.12 v _156115_/Y (OA21x2_ASAP7_75t_R)
  21.84 1587.97 v _156116_/Y (OR3x1_ASAP7_75t_R)
  38.63 1626.60 v _156123_/Y (AO33x2_ASAP7_75t_R)
  41.76 1668.35 ^ _156140_/Y (NAND2x1_ASAP7_75t_R)
 110.76 1779.11 ^ _156253_/Y (AO221x1_ASAP7_75t_R)
  69.58 1848.70 v _156308_/Y (NAND2x2_ASAP7_75t_R)
  49.02 1897.71 v _156311_/Y (AO21x2_ASAP7_75t_R)
  23.18 1920.89 v _156314_/Y (OA21x2_ASAP7_75t_R)
  27.71 1948.60 v _156388_/Y (AO221x1_ASAP7_75t_R)
  22.62 1971.22 v _156389_/Y (OA21x2_ASAP7_75t_R)
  24.14 1995.36 ^ _156393_/Y (AOI22x1_ASAP7_75t_R)
  53.99 2049.35 v _156410_/Y (NAND2x1_ASAP7_75t_R)
  71.47 2120.82 v _156421_/Y (AO33x2_ASAP7_75t_R)
  32.75 2153.58 ^ _156522_/Y (XNOR2x2_ASAP7_75t_R)
  25.19 2178.76 ^ _156526_/Y (AND4x1_ASAP7_75t_R)
  19.20 2197.96 ^ _156550_/Y (AO21x1_ASAP7_75t_R)
  19.23 2217.19 ^ _156551_/Y (AO21x1_ASAP7_75t_R)
  80.77 2297.96 ^ _156552_/Y (OA211x2_ASAP7_75t_R)
  89.28 2387.25 v _156555_/Y (INVx1_ASAP7_75t_R)
  33.68 2420.92 ^ _156568_/Y (OAI21x1_ASAP7_75t_R)
  34.29 2455.21 v _156616_/Y (AOI221x1_ASAP7_75t_R)
  48.52 2503.73 v _156806_/Y (OA211x2_ASAP7_75t_R)
  13.78 2517.51 ^ _156807_/Y (NAND2x1_ASAP7_75t_R)
  71.16 2588.67 ^ _156882_/Y (AO32x1_ASAP7_75t_R)
  34.48 2623.15 ^ _156995_/Y (OR2x2_ASAP7_75t_R)
  39.01 2662.16 ^ _157002_/Y (AO32x1_ASAP7_75t_R)
  36.29 2698.44 ^ _157004_/Y (XNOR2x2_ASAP7_75t_R)
  14.38 2712.83 v _157005_/Y (NOR3x1_ASAP7_75t_R)
  32.62 2745.45 v _157006_/Y (AND5x2_ASAP7_75t_R)
  28.88 2774.33 v _157078_/Y (OR3x1_ASAP7_75t_R)
  57.37 2831.69 v _157141_/Y (OA33x2_ASAP7_75t_R)
  34.73 2866.43 v _157144_/Y (OR2x2_ASAP7_75t_R)
  24.44 2890.87 v _157145_/Y (AO21x1_ASAP7_75t_R)
  26.35 2917.22 v _157196_/Y (AO32x1_ASAP7_75t_R)
  26.77 2943.99 v _157198_/Y (AO22x1_ASAP7_75t_R)
  23.00 2966.99 v _157222_/Y (AO21x1_ASAP7_75t_R)
  30.83 2997.82 v _157223_/Y (OR3x1_ASAP7_75t_R)
  42.49 3040.31 v _157312_/Y (AO21x1_ASAP7_75t_R)
  58.19 3098.50 ^ _157343_/Y (NAND2x1_ASAP7_75t_R)
  43.82 3142.32 v _157440_/Y (AOI221x1_ASAP7_75t_R)
  30.91 3173.23 v _157456_/Y (OA222x2_ASAP7_75t_R)
  22.24 3195.47 v _157459_/Y (AND5x2_ASAP7_75t_R)
  20.86 3216.33 v _157472_/Y (OA31x2_ASAP7_75t_R)
  42.26 3258.59 v _157475_/Y (OR4x2_ASAP7_75t_R)
  63.75 3322.33 ^ _157478_/Y (NAND2x1_ASAP7_75t_R)
  19.94 3342.27 v _157479_/Y (NOR2x1_ASAP7_75t_R)
  25.21 3367.48 v _157485_/Y (OA21x2_ASAP7_75t_R)
  28.58 3396.06 v _157492_/Y (AO221x1_ASAP7_75t_R)
  26.03 3422.09 v _157649_/Y (OA21x2_ASAP7_75t_R)
  24.74 3446.82 v _157651_/Y (AO21x1_ASAP7_75t_R)
  41.75 3488.58 v _157652_/Y (AO22x1_ASAP7_75t_R)
  64.55 3553.13 ^ _157732_/Y (NAND2x1_ASAP7_75t_R)
  25.99 3579.12 ^ _157764_/Y (AO21x1_ASAP7_75t_R)
  24.20 3603.32 v _157767_/Y (AOI22x1_ASAP7_75t_R)
  37.31 3640.63 v _157790_/Y (OA21x2_ASAP7_75t_R)
  18.85 3659.48 ^ _157827_/Y (AOI211x1_ASAP7_75t_R)
  19.61 3679.09 v _157842_/Y (OAI21x1_ASAP7_75t_R)
  89.64 3768.73 v _157921_/Y (AO221x1_ASAP7_75t_R)
  48.27 3817.00 v _157922_/Y (AO221x1_ASAP7_75t_R)
  27.48 3844.48 v _157925_/Y (AO32x2_ASAP7_75t_R)
  22.59 3867.07 v _157949_/Y (OA211x2_ASAP7_75t_R)
  32.17 3899.24 v _157967_/Y (AO222x2_ASAP7_75t_R)
  38.29 3937.53 v _158020_/Y (AO221x1_ASAP7_75t_R)
  28.61 3966.14 v _158084_/Y (AO211x2_ASAP7_75t_R)
  41.43 4007.57 v _158094_/Y (AND2x2_ASAP7_75t_R)
  49.23 4056.80 v _158173_/Y (OR3x2_ASAP7_75t_R)
  22.73 4079.54 v _158271_/Y (AO221x1_ASAP7_75t_R)
  33.06 4112.59 v _158272_/Y (OR5x1_ASAP7_75t_R)
  46.33 4158.93 v _158273_/Y (OR5x1_ASAP7_75t_R)
  20.14 4179.06 ^ _158274_/Y (NAND2x2_ASAP7_75t_R)
  54.60 4233.66 v _158287_/Y (OAI21x1_ASAP7_75t_R)
  52.70 4286.36 v _158298_/Y (AND2x2_ASAP7_75t_R)
  35.64 4322.00 v _158304_/Y (OA211x2_ASAP7_75t_R)
  30.46 4352.46 v _158330_/Y (XNOR2x2_ASAP7_75t_R)
  29.58 4382.04 v _158388_/Y (OR5x1_ASAP7_75t_R)
  42.94 4424.98 v _158399_/Y (AO33x2_ASAP7_75t_R)
  26.16 4451.15 v _158436_/Y (AND2x2_ASAP7_75t_R)
  78.93 4530.07 v _158437_/Y (OR3x1_ASAP7_75t_R)
  70.98 4601.05 v _158474_/Y (AND2x2_ASAP7_75t_R)
  38.15 4639.21 ^ _158476_/Y (AOI22x1_ASAP7_75t_R)
  23.17 4662.38 ^ _158477_/Y (AND2x2_ASAP7_75t_R)
  16.00 4678.38 v _158496_/Y (AOI221x1_ASAP7_75t_R)
  33.09 4711.47 v _158497_/Y (MAJx2_ASAP7_75t_R)
  24.75 4736.22 v _158571_/Y (AO21x1_ASAP7_75t_R)
  46.55 4782.77 v _158629_/Y (AO221x2_ASAP7_75t_R)
  81.05 4863.83 ^ _158672_/Y (NAND2x1_ASAP7_75t_R)
  35.80 4899.63 ^ _158689_/Y (AND2x2_ASAP7_75t_R)
  22.57 4922.20 ^ _158690_/Y (OA21x2_ASAP7_75t_R)
  20.24 4942.44 ^ _158691_/Y (OR2x2_ASAP7_75t_R)
  22.82 4965.26 ^ _158702_/Y (AND3x1_ASAP7_75t_R)
  21.78 4987.04 ^ _158720_/Y (OA21x2_ASAP7_75t_R)
  24.53 5011.57 ^ _158743_/Y (OA31x2_ASAP7_75t_R)
  15.08 5026.64 ^ _158761_/Y (OR4x1_ASAP7_75t_R)
  48.03 5074.67 ^ _158764_/Y (AND5x2_ASAP7_75t_R)
  52.84 5127.52 ^ _159054_/Y (OA21x2_ASAP7_75t_R)
 118.43 5245.95 ^ _159120_/Y (OA21x2_ASAP7_75t_R)
  58.79 5304.73 ^ _159154_/Y (AO221x1_ASAP7_75t_R)
  92.01 5396.74 ^ _159901_/Y (AND2x2_ASAP7_75t_R)
 173.87 5570.61 v _159903_/Y (NOR2x1_ASAP7_75t_R)
 111.84 5682.45 ^ _163131_/Y (NAND2x2_ASAP7_75t_R)
  35.25 5717.70 ^ load_slew954/Y (BUFx16f_ASAP7_75t_R)
  36.94 5754.64 ^ load_slew952/Y (BUFx16f_ASAP7_75t_R)
 155.10 5909.75 ^ _164753_/Y (OR2x2_ASAP7_75t_R)
  50.41 5960.15 v _201202_/Y (NAND2x1_ASAP7_75t_R)
  20.30 5980.46 v _201204_/Y (AO21x1_ASAP7_75t_R)
  25.62 6006.08 v _201205_/Y (OA211x2_ASAP7_75t_R)
  16.88 6022.96 v _201206_/Y (AO21x1_ASAP7_75t_R)
  15.09 6038.05 v _201207_/Y (AND2x2_ASAP7_75t_R)
   0.04 6038.09 v _312544_/D (DFFHQNx1_ASAP7_75t_R)
        6038.09   data arrival time

12000.00 12000.00   clock core_clk (rise edge)
   0.00 12000.00   clock source latency
   0.00 12000.00 ^ clk (in)
  46.11 12046.11 ^ wire4945/Y (BUFx10_ASAP7_75t_R)
  47.38 12093.49 ^ clkbuf_0_clk/Y (BUFx24_ASAP7_75t_R)
  28.80 12122.29 ^ clkbuf_1_1_0_clk/Y (BUFx24_ASAP7_75t_R)
  28.42 12150.71 ^ clkbuf_2_3_0_clk/Y (BUFx24_ASAP7_75t_R)
  26.26 12176.97 ^ clkbuf_3_7_0_clk/Y (BUFx24_ASAP7_75t_R)
  29.86 12206.83 ^ clkbuf_4_14_0_clk/Y (BUFx24_ASAP7_75t_R)
  24.58 12231.41 ^ clkbuf_6_59_0_clk/Y (BUFx24_ASAP7_75t_R)
  21.07 12252.48 ^ clkbuf_7_119__f_clk/Y (BUFx24_ASAP7_75t_R)
  24.09 12276.57 ^ clkbuf_leaf_523_clk/Y (BUFx24_ASAP7_75t_R)
   2.08 12278.65 ^ _312544_/CLK (DFFHQNx1_ASAP7_75t_R)
 -50.00 12228.65   clock uncertainty
   2.19 12230.84   clock reconvergence pessimism
  -0.26 12230.58   library setup time
        12230.58   data required time
---------------------------------------------------------
        12230.58   data required time
        -6038.09   data arrival time
---------------------------------------------------------
        6192.49   slack (MET)


Startpoint: _308209_ (rising edge-triggered flip-flop clocked by core_clk)
Endpoint: _312519_ (rising edge-triggered flip-flop clocked by core_clk)
Path Group: reg2reg
Path Type: max

  Delay    Time   Description
---------------------------------------------------------
   0.00    0.00   clock core_clk (rise edge)
   0.00    0.00   clock source latency
   0.00    0.00 ^ clk (in)
  46.81   46.81 ^ wire4945/Y (BUFx10_ASAP7_75t_R)
  48.87   95.68 ^ clkbuf_0_clk/Y (BUFx24_ASAP7_75t_R)
  30.20  125.87 ^ clkbuf_1_0_0_clk/Y (BUFx24_ASAP7_75t_R)
  29.09  154.96 ^ clkbuf_2_1_0_clk/Y (BUFx24_ASAP7_75t_R)
  26.47  181.44 ^ clkbuf_3_2_0_clk/Y (BUFx24_ASAP7_75t_R)
  30.84  212.28 ^ clkbuf_4_4_0_clk/Y (BUFx24_ASAP7_75t_R)
  24.84  237.12 ^ clkbuf_6_19_0_clk/Y (BUFx24_ASAP7_75t_R)
  21.77  258.88 ^ clkbuf_7_38__f_clk/Y (BUFx24_ASAP7_75t_R)
  27.65  286.53 ^ clkbuf_leaf_778_clk/Y (BUFx24_ASAP7_75t_R)
   2.33  288.86 ^ _308209_/CLK (DFFHQNx3_ASAP7_75t_R)
  56.18  345.04 ^ _308209_/QN (DFFHQNx3_ASAP7_75t_R)
  27.51  372.55 ^ wire4778/Y (BUFx16f_ASAP7_75t_R)
  66.95  439.50 ^ wire4776/Y (BUFx16f_ASAP7_75t_R)
  33.08  472.58 ^ wire4775/Y (BUFx16f_ASAP7_75t_R)
  73.63  546.21 ^ load_slew4774/Y (BUFx16f_ASAP7_75t_R)
  94.00  640.21 ^ _153629_/Y (AND2x2_ASAP7_75t_R)
 169.02  809.24 v _153630_/Y (NAND2x1_ASAP7_75t_R)
  64.17  873.41 v _153631_/Y (OA21x2_ASAP7_75t_R)
 108.13  981.54 v _153633_/Y (AND3x1_ASAP7_75t_R)
  89.17 1070.71 v _154870_/Y (AO222x2_ASAP7_75t_R)
  47.40 1118.11 v _154873_/Y (OR3x2_ASAP7_75t_R)
  54.24 1172.36 v _154878_/Y (OR5x1_ASAP7_75t_R)
  93.99 1266.34 v _154879_/Y (OR4x1_ASAP7_75t_R)
  74.48 1340.82 v _155829_/Y (OR4x1_ASAP7_75t_R)
  24.56 1365.38 v _155944_/Y (AO221x1_ASAP7_75t_R)
  50.94 1416.32 v _155949_/Y (OR5x1_ASAP7_75t_R)
  34.05 1450.37 v _156013_/Y (AND2x2_ASAP7_75t_R)
  49.97 1500.34 ^ _156016_/Y (NAND3x1_ASAP7_75t_R)
  39.70 1540.04 v _156112_/Y (AOI221x1_ASAP7_75t_R)
  26.08 1566.12 v _156115_/Y (OA21x2_ASAP7_75t_R)
  21.84 1587.97 v _156116_/Y (OR3x1_ASAP7_75t_R)
  38.63 1626.60 v _156123_/Y (AO33x2_ASAP7_75t_R)
  41.76 1668.35 ^ _156140_/Y (NAND2x1_ASAP7_75t_R)
 110.76 1779.11 ^ _156253_/Y (AO221x1_ASAP7_75t_R)
  69.58 1848.70 v _156308_/Y (NAND2x2_ASAP7_75t_R)
  49.02 1897.71 v _156311_/Y (AO21x2_ASAP7_75t_R)
  23.18 1920.89 v _156314_/Y (OA21x2_ASAP7_75t_R)
  27.71 1948.60 v _156388_/Y (AO221x1_ASAP7_75t_R)
  22.62 1971.22 v _156389_/Y (OA21x2_ASAP7_75t_R)
  24.14 1995.36 ^ _156393_/Y (AOI22x1_ASAP7_75t_R)
  53.99 2049.35 v _156410_/Y (NAND2x1_ASAP7_75t_R)
  71.47 2120.82 v _156421_/Y (AO33x2_ASAP7_75t_R)
  32.75 2153.58 ^ _156522_/Y (XNOR2x2_ASAP7_75t_R)
  25.19 2178.76 ^ _156526_/Y (AND4x1_ASAP7_75t_R)
  19.20 2197.96 ^ _156550_/Y (AO21x1_ASAP7_75t_R)
  19.23 2217.19 ^ _156551_/Y (AO21x1_ASAP7_75t_R)
  80.77 2297.96 ^ _156552_/Y (OA211x2_ASAP7_75t_R)
  89.28 2387.25 v _156555_/Y (INVx1_ASAP7_75t_R)
  33.68 2420.92 ^ _156568_/Y (OAI21x1_ASAP7_75t_R)
  34.29 2455.21 v _156616_/Y (AOI221x1_ASAP7_75t_R)
  48.52 2503.73 v _156806_/Y (OA211x2_ASAP7_75t_R)
  13.78 2517.51 ^ _156807_/Y (NAND2x1_ASAP7_75t_R)
  71.16 2588.67 ^ _156882_/Y (AO32x1_ASAP7_75t_R)
  34.48 2623.15 ^ _156995_/Y (OR2x2_ASAP7_75t_R)
  39.01 2662.16 ^ _157002_/Y (AO32x1_ASAP7_75t_R)
  36.29 2698.44 ^ _157004_/Y (XNOR2x2_ASAP7_75t_R)
  14.38 2712.83 v _157005_/Y (NOR3x1_ASAP7_75t_R)
  32.62 2745.45 v _157006_/Y (AND5x2_ASAP7_75t_R)
  28.88 2774.33 v _157078_/Y (OR3x1_ASAP7_75t_R)
  57.37 2831.69 v _157141_/Y (OA33x2_ASAP7_75t_R)
  34.73 2866.43 v _157144_/Y (OR2x2_ASAP7_75t_R)
  24.44 2890.87 v _157145_/Y (AO21x1_ASAP7_75t_R)
  26.35 2917.22 v _157196_/Y (AO32x1_ASAP7_75t_R)
  26.77 2943.99 v _157198_/Y (AO22x1_ASAP7_75t_R)
  23.00 2966.99 v _157222_/Y (AO21x1_ASAP7_75t_R)
  30.83 2997.82 v _157223_/Y (OR3x1_ASAP7_75t_R)
  42.49 3040.31 v _157312_/Y (AO21x1_ASAP7_75t_R)
  58.19 3098.50 ^ _157343_/Y (NAND2x1_ASAP7_75t_R)
  43.82 3142.32 v _157440_/Y (AOI221x1_ASAP7_75t_R)
  30.91 3173.23 v _157456_/Y (OA222x2_ASAP7_75t_R)
  22.24 3195.47 v _157459_/Y (AND5x2_ASAP7_75t_R)
  20.86 3216.33 v _157472_/Y (OA31x2_ASAP7_75t_R)
  42.26 3258.59 v _157475_/Y (OR4x2_ASAP7_75t_R)
  63.75 3322.33 ^ _157478_/Y (NAND2x1_ASAP7_75t_R)
  19.94 3342.27 v _157479_/Y (NOR2x1_ASAP7_75t_R)
  25.21 3367.48 v _157485_/Y (OA21x2_ASAP7_75t_R)
  28.58 3396.06 v _157492_/Y (AO221x1_ASAP7_75t_R)
  26.03 3422.09 v _157649_/Y (OA21x2_ASAP7_75t_R)
  24.74 3446.82 v _157651_/Y (AO21x1_ASAP7_75t_R)
  41.75 3488.58 v _157652_/Y (AO22x1_ASAP7_75t_R)
  64.55 3553.13 ^ _157732_/Y (NAND2x1_ASAP7_75t_R)
  25.99 3579.12 ^ _157764_/Y (AO21x1_ASAP7_75t_R)
  24.20 3603.32 v _157767_/Y (AOI22x1_ASAP7_75t_R)
  37.31 3640.63 v _157790_/Y (OA21x2_ASAP7_75t_R)
  18.85 3659.48 ^ _157827_/Y (AOI211x1_ASAP7_75t_R)
  19.61 3679.09 v _157842_/Y (OAI21x1_ASAP7_75t_R)
  89.64 3768.73 v _157921_/Y (AO221x1_ASAP7_75t_R)
  48.27 3817.00 v _157922_/Y (AO221x1_ASAP7_75t_R)
  27.48 3844.48 v _157925_/Y (AO32x2_ASAP7_75t_R)
  22.59 3867.07 v _157949_/Y (OA211x2_ASAP7_75t_R)
  32.17 3899.24 v _157967_/Y (AO222x2_ASAP7_75t_R)
  38.29 3937.53 v _158020_/Y (AO221x1_ASAP7_75t_R)
  28.61 3966.14 v _158084_/Y (AO211x2_ASAP7_75t_R)
  41.43 4007.57 v _158094_/Y (AND2x2_ASAP7_75t_R)
  49.23 4056.80 v _158173_/Y (OR3x2_ASAP7_75t_R)
  22.73 4079.54 v _158271_/Y (AO221x1_ASAP7_75t_R)
  33.06 4112.59 v _158272_/Y (OR5x1_ASAP7_75t_R)
  46.33 4158.93 v _158273_/Y (OR5x1_ASAP7_75t_R)
  20.14 4179.06 ^ _158274_/Y (NAND2x2_ASAP7_75t_R)
  54.60 4233.66 v _158287_/Y (OAI21x1_ASAP7_75t_R)
  52.70 4286.36 v _158298_/Y (AND2x2_ASAP7_75t_R)
  35.64 4322.00 v _158304_/Y (OA211x2_ASAP7_75t_R)
  30.46 4352.46 v _158330_/Y (XNOR2x2_ASAP7_75t_R)
  29.58 4382.04 v _158388_/Y (OR5x1_ASAP7_75t_R)
  42.94 4424.98 v _158399_/Y (AO33x2_ASAP7_75t_R)
  26.16 4451.15 v _158436_/Y (AND2x2_ASAP7_75t_R)
  78.93 4530.07 v _158437_/Y (OR3x1_ASAP7_75t_R)
  70.98 4601.05 v _158474_/Y (AND2x2_ASAP7_75t_R)
  38.15 4639.21 ^ _158476_/Y (AOI22x1_ASAP7_75t_R)
  23.17 4662.38 ^ _158477_/Y (AND2x2_ASAP7_75t_R)
  16.00 4678.38 v _158496_/Y (AOI221x1_ASAP7_75t_R)
  33.09 4711.47 v _158497_/Y (MAJx2_ASAP7_75t_R)
  24.75 4736.22 v _158571_/Y (AO21x1_ASAP7_75t_R)
  46.55 4782.77 v _158629_/Y (AO221x2_ASAP7_75t_R)
  81.05 4863.83 ^ _158672_/Y (NAND2x1_ASAP7_75t_R)
  35.80 4899.63 ^ _158689_/Y (AND2x2_ASAP7_75t_R)
  22.57 4922.20 ^ _158690_/Y (OA21x2_ASAP7_75t_R)
  20.24 4942.44 ^ _158691_/Y (OR2x2_ASAP7_75t_R)
  22.82 4965.26 ^ _158702_/Y (AND3x1_ASAP7_75t_R)
  21.78 4987.04 ^ _158720_/Y (OA21x2_ASAP7_75t_R)
  24.53 5011.57 ^ _158743_/Y (OA31x2_ASAP7_75t_R)
  15.08 5026.64 ^ _158761_/Y (OR4x1_ASAP7_75t_R)
  48.03 5074.67 ^ _158764_/Y (AND5x2_ASAP7_75t_R)
  52.84 5127.52 ^ _159054_/Y (OA21x2_ASAP7_75t_R)
 118.43 5245.95 ^ _159120_/Y (OA21x2_ASAP7_75t_R)
  58.79 5304.73 ^ _159154_/Y (AO221x1_ASAP7_75t_R)
  92.01 5396.74 ^ _159901_/Y (AND2x2_ASAP7_75t_R)
 173.87 5570.61 v _159903_/Y (NOR2x1_ASAP7_75t_R)
  96.92 5667.53 ^ _163182_/Y (NAND2x2_ASAP7_75t_R)
  31.92 5699.44 ^ load_slew951/Y (BUFx16f_ASAP7_75t_R)
  21.96 5721.41 ^ load_slew949/Y (BUFx16f_ASAP7_75t_R)
  32.45 5753.86 ^ wire948/Y (BUFx16f_ASAP7_75t_R)
 159.78 5913.64 ^ _164794_/Y (OR2x2_ASAP7_75t_R)
  41.56 5955.20 v _201462_/Y (NAND2x1_ASAP7_75t_R)
  20.61 5975.81 v _201463_/Y (AO21x1_ASAP7_75t_R)
  25.84 6001.65 v _201464_/Y (OA211x2_ASAP7_75t_R)
  15.81 6017.46 v _201465_/Y (AO21x1_ASAP7_75t_R)
  14.68 6032.14 v _201466_/Y (AND2x2_ASAP7_75t_R)
   0.05 6032.19 v _312519_/D (DFFHQNx1_ASAP7_75t_R)
        6032.19   data arrival time

12000.00 12000.00   clock core_clk (rise edge)
   0.00 12000.00   clock source latency
   0.00 12000.00 ^ clk (in)
  46.11 12046.11 ^ wire4945/Y (BUFx10_ASAP7_75t_R)
  47.38 12093.49 ^ clkbuf_0_clk/Y (BUFx24_ASAP7_75t_R)
  28.80 12122.29 ^ clkbuf_1_1_0_clk/Y (BUFx24_ASAP7_75t_R)
  28.42 12150.71 ^ clkbuf_2_3_0_clk/Y (BUFx24_ASAP7_75t_R)
  26.26 12176.97 ^ clkbuf_3_7_0_clk/Y (BUFx24_ASAP7_75t_R)
  29.86 12206.83 ^ clkbuf_4_14_0_clk/Y (BUFx24_ASAP7_75t_R)
  22.34 12229.17 ^ clkbuf_6_57_0_clk/Y (BUFx24_ASAP7_75t_R)
  19.81 12248.98 ^ clkbuf_7_115__f_clk/Y (BUFx24_ASAP7_75t_R)
  21.66 12270.63 ^ clkbuf_leaf_506_clk/Y (BUFx24_ASAP7_75t_R)
   2.36 12272.99 ^ _312519_/CLK (DFFHQNx1_ASAP7_75t_R)
 -50.00 12222.99   clock uncertainty
   2.19 12225.18   clock reconvergence pessimism
  -0.39 12224.79   library setup time
        12224.79   data required time
---------------------------------------------------------
        12224.79   data required time
        -6032.19   data arrival time
---------------------------------------------------------
        6192.60   slack (MET)


Startpoint: _308209_ (rising edge-triggered flip-flop clocked by core_clk)
Endpoint: _312541_ (rising edge-triggered flip-flop clocked by core_clk)
Path Group: reg2reg
Path Type: max

  Delay    Time   Description
---------------------------------------------------------
   0.00    0.00   clock core_clk (rise edge)
   0.00    0.00   clock source latency
   0.00    0.00 ^ clk (in)
  46.81   46.81 ^ wire4945/Y (BUFx10_ASAP7_75t_R)
  48.87   95.68 ^ clkbuf_0_clk/Y (BUFx24_ASAP7_75t_R)
  30.20  125.87 ^ clkbuf_1_0_0_clk/Y (BUFx24_ASAP7_75t_R)
  29.09  154.96 ^ clkbuf_2_1_0_clk/Y (BUFx24_ASAP7_75t_R)
  26.47  181.44 ^ clkbuf_3_2_0_clk/Y (BUFx24_ASAP7_75t_R)
  30.84  212.28 ^ clkbuf_4_4_0_clk/Y (BUFx24_ASAP7_75t_R)
  24.84  237.12 ^ clkbuf_6_19_0_clk/Y (BUFx24_ASAP7_75t_R)
  21.77  258.88 ^ clkbuf_7_38__f_clk/Y (BUFx24_ASAP7_75t_R)
  27.65  286.53 ^ clkbuf_leaf_778_clk/Y (BUFx24_ASAP7_75t_R)
   2.33  288.86 ^ _308209_/CLK (DFFHQNx3_ASAP7_75t_R)
  56.18  345.04 ^ _308209_/QN (DFFHQNx3_ASAP7_75t_R)
  27.51  372.55 ^ wire4778/Y (BUFx16f_ASAP7_75t_R)
  66.95  439.50 ^ wire4776/Y (BUFx16f_ASAP7_75t_R)
  33.08  472.58 ^ wire4775/Y (BUFx16f_ASAP7_75t_R)
  73.63  546.21 ^ load_slew4774/Y (BUFx16f_ASAP7_75t_R)
  94.00  640.21 ^ _153629_/Y (AND2x2_ASAP7_75t_R)
 169.02  809.24 v _153630_/Y (NAND2x1_ASAP7_75t_R)
  64.17  873.41 v _153631_/Y (OA21x2_ASAP7_75t_R)
 108.13  981.54 v _153633_/Y (AND3x1_ASAP7_75t_R)
  89.17 1070.71 v _154870_/Y (AO222x2_ASAP7_75t_R)
  47.40 1118.11 v _154873_/Y (OR3x2_ASAP7_75t_R)
  54.24 1172.36 v _154878_/Y (OR5x1_ASAP7_75t_R)
  93.99 1266.34 v _154879_/Y (OR4x1_ASAP7_75t_R)
  74.48 1340.82 v _155829_/Y (OR4x1_ASAP7_75t_R)
  24.56 1365.38 v _155944_/Y (AO221x1_ASAP7_75t_R)
  50.94 1416.32 v _155949_/Y (OR5x1_ASAP7_75t_R)
  34.05 1450.37 v _156013_/Y (AND2x2_ASAP7_75t_R)
  49.97 1500.34 ^ _156016_/Y (NAND3x1_ASAP7_75t_R)
  39.70 1540.04 v _156112_/Y (AOI221x1_ASAP7_75t_R)
  26.08 1566.12 v _156115_/Y (OA21x2_ASAP7_75t_R)
  21.84 1587.97 v _156116_/Y (OR3x1_ASAP7_75t_R)
  38.63 1626.60 v _156123_/Y (AO33x2_ASAP7_75t_R)
  41.76 1668.35 ^ _156140_/Y (NAND2x1_ASAP7_75t_R)
 110.76 1779.11 ^ _156253_/Y (AO221x1_ASAP7_75t_R)
  69.58 1848.70 v _156308_/Y (NAND2x2_ASAP7_75t_R)
  49.02 1897.71 v _156311_/Y (AO21x2_ASAP7_75t_R)
  23.18 1920.89 v _156314_/Y (OA21x2_ASAP7_75t_R)
  27.71 1948.60 v _156388_/Y (AO221x1_ASAP7_75t_R)
  22.62 1971.22 v _156389_/Y (OA21x2_ASAP7_75t_R)
  24.14 1995.36 ^ _156393_/Y (AOI22x1_ASAP7_75t_R)
  53.99 2049.35 v _156410_/Y (NAND2x1_ASAP7_75t_R)
  71.47 2120.82 v _156421_/Y (AO33x2_ASAP7_75t_R)
  32.75 2153.58 ^ _156522_/Y (XNOR2x2_ASAP7_75t_R)
  25.19 2178.76 ^ _156526_/Y (AND4x1_ASAP7_75t_R)
  19.20 2197.96 ^ _156550_/Y (AO21x1_ASAP7_75t_R)
  19.23 2217.19 ^ _156551_/Y (AO21x1_ASAP7_75t_R)
  80.77 2297.96 ^ _156552_/Y (OA211x2_ASAP7_75t_R)
  89.28 2387.25 v _156555_/Y (INVx1_ASAP7_75t_R)
  33.68 2420.92 ^ _156568_/Y (OAI21x1_ASAP7_75t_R)
  34.29 2455.21 v _156616_/Y (AOI221x1_ASAP7_75t_R)
  48.52 2503.73 v _156806_/Y (OA211x2_ASAP7_75t_R)
  13.78 2517.51 ^ _156807_/Y (NAND2x1_ASAP7_75t_R)
  71.16 2588.67 ^ _156882_/Y (AO32x1_ASAP7_75t_R)
  34.48 2623.15 ^ _156995_/Y (OR2x2_ASAP7_75t_R)
  39.01 2662.16 ^ _157002_/Y (AO32x1_ASAP7_75t_R)
  36.29 2698.44 ^ _157004_/Y (XNOR2x2_ASAP7_75t_R)
  14.38 2712.83 v _157005_/Y (NOR3x1_ASAP7_75t_R)
  32.62 2745.45 v _157006_/Y (AND5x2_ASAP7_75t_R)
  28.88 2774.33 v _157078_/Y (OR3x1_ASAP7_75t_R)
  57.37 2831.69 v _157141_/Y (OA33x2_ASAP7_75t_R)
  34.73 2866.43 v _157144_/Y (OR2x2_ASAP7_75t_R)
  24.44 2890.87 v _157145_/Y (AO21x1_ASAP7_75t_R)
  26.35 2917.22 v _157196_/Y (AO32x1_ASAP7_75t_R)
  26.77 2943.99 v _157198_/Y (AO22x1_ASAP7_75t_R)
  23.00 2966.99 v _157222_/Y (AO21x1_ASAP7_75t_R)
  30.83 2997.82 v _157223_/Y (OR3x1_ASAP7_75t_R)
  42.49 3040.31 v _157312_/Y (AO21x1_ASAP7_75t_R)
  58.19 3098.50 ^ _157343_/Y (NAND2x1_ASAP7_75t_R)
  43.82 3142.32 v _157440_/Y (AOI221x1_ASAP7_75t_R)
  30.91 3173.23 v _157456_/Y (OA222x2_ASAP7_75t_R)
  22.24 3195.47 v _157459_/Y (AND5x2_ASAP7_75t_R)
  20.86 3216.33 v _157472_/Y (OA31x2_ASAP7_75t_R)
  42.26 3258.59 v _157475_/Y (OR4x2_ASAP7_75t_R)
  63.75 3322.33 ^ _157478_/Y (NAND2x1_ASAP7_75t_R)
  19.94 3342.27 v _157479_/Y (NOR2x1_ASAP7_75t_R)
  25.21 3367.48 v _157485_/Y (OA21x2_ASAP7_75t_R)
  28.58 3396.06 v _157492_/Y (AO221x1_ASAP7_75t_R)
  26.03 3422.09 v _157649_/Y (OA21x2_ASAP7_75t_R)
  24.74 3446.82 v _157651_/Y (AO21x1_ASAP7_75t_R)
  41.75 3488.58 v _157652_/Y (AO22x1_ASAP7_75t_R)
  64.55 3553.13 ^ _157732_/Y (NAND2x1_ASAP7_75t_R)
  25.99 3579.12 ^ _157764_/Y (AO21x1_ASAP7_75t_R)
  24.20 3603.32 v _157767_/Y (AOI22x1_ASAP7_75t_R)
  37.31 3640.63 v _157790_/Y (OA21x2_ASAP7_75t_R)
  18.85 3659.48 ^ _157827_/Y (AOI211x1_ASAP7_75t_R)
  19.61 3679.09 v _157842_/Y (OAI21x1_ASAP7_75t_R)
  89.64 3768.73 v _157921_/Y (AO221x1_ASAP7_75t_R)
  48.27 3817.00 v _157922_/Y (AO221x1_ASAP7_75t_R)
  27.48 3844.48 v _157925_/Y (AO32x2_ASAP7_75t_R)
  22.59 3867.07 v _157949_/Y (OA211x2_ASAP7_75t_R)
  32.17 3899.24 v _157967_/Y (AO222x2_ASAP7_75t_R)
  38.29 3937.53 v _158020_/Y (AO221x1_ASAP7_75t_R)
  28.61 3966.14 v _158084_/Y (AO211x2_ASAP7_75t_R)
  41.43 4007.57 v _158094_/Y (AND2x2_ASAP7_75t_R)
  49.23 4056.80 v _158173_/Y (OR3x2_ASAP7_75t_R)
  22.73 4079.54 v _158271_/Y (AO221x1_ASAP7_75t_R)
  33.06 4112.59 v _158272_/Y (OR5x1_ASAP7_75t_R)
  46.33 4158.93 v _158273_/Y (OR5x1_ASAP7_75t_R)
  20.14 4179.06 ^ _158274_/Y (NAND2x2_ASAP7_75t_R)
  54.60 4233.66 v _158287_/Y (OAI21x1_ASAP7_75t_R)
  52.70 4286.36 v _158298_/Y (AND2x2_ASAP7_75t_R)
  35.64 4322.00 v _158304_/Y (OA211x2_ASAP7_75t_R)
  30.46 4352.46 v _158330_/Y (XNOR2x2_ASAP7_75t_R)
  29.58 4382.04 v _158388_/Y (OR5x1_ASAP7_75t_R)
  42.94 4424.98 v _158399_/Y (AO33x2_ASAP7_75t_R)
  26.16 4451.15 v _158436_/Y (AND2x2_ASAP7_75t_R)
  78.93 4530.07 v _158437_/Y (OR3x1_ASAP7_75t_R)
  70.98 4601.05 v _158474_/Y (AND2x2_ASAP7_75t_R)
  38.15 4639.21 ^ _158476_/Y (AOI22x1_ASAP7_75t_R)
  23.17 4662.38 ^ _158477_/Y (AND2x2_ASAP7_75t_R)
  16.00 4678.38 v _158496_/Y (AOI221x1_ASAP7_75t_R)
  33.09 4711.47 v _158497_/Y (MAJx2_ASAP7_75t_R)
  24.75 4736.22 v _158571_/Y (AO21x1_ASAP7_75t_R)
  46.55 4782.77 v _158629_/Y (AO221x2_ASAP7_75t_R)
  81.05 4863.83 ^ _158672_/Y (NAND2x1_ASAP7_75t_R)
  35.80 4899.63 ^ _158689_/Y (AND2x2_ASAP7_75t_R)
  22.57 4922.20 ^ _158690_/Y (OA21x2_ASAP7_75t_R)
  20.24 4942.44 ^ _158691_/Y (OR2x2_ASAP7_75t_R)
  22.82 4965.26 ^ _158702_/Y (AND3x1_ASAP7_75t_R)
  21.78 4987.04 ^ _158720_/Y (OA21x2_ASAP7_75t_R)
  24.53 5011.57 ^ _158743_/Y (OA31x2_ASAP7_75t_R)
  15.08 5026.64 ^ _158761_/Y (OR4x1_ASAP7_75t_R)
  48.03 5074.67 ^ _158764_/Y (AND5x2_ASAP7_75t_R)
  52.84 5127.52 ^ _159054_/Y (OA21x2_ASAP7_75t_R)
 118.43 5245.95 ^ _159120_/Y (OA21x2_ASAP7_75t_R)
  58.79 5304.73 ^ _159154_/Y (AO221x1_ASAP7_75t_R)
  92.01 5396.74 ^ _159901_/Y (AND2x2_ASAP7_75t_R)
 173.87 5570.61 v _159903_/Y (NOR2x1_ASAP7_75t_R)
 111.84 5682.45 ^ _163131_/Y (NAND2x2_ASAP7_75t_R)
  35.25 5717.70 ^ load_slew954/Y (BUFx16f_ASAP7_75t_R)
  36.94 5754.64 ^ load_slew952/Y (BUFx16f_ASAP7_75t_R)
 155.10 5909.75 ^ _164753_/Y (OR2x2_ASAP7_75t_R)
  50.97 5960.72 v _201180_/Y (NAND2x1_ASAP7_75t_R)
  20.37 5981.09 v _201181_/Y (AO21x1_ASAP7_75t_R)
  25.89 6006.98 v _201182_/Y (OA211x2_ASAP7_75t_R)
  16.76 6023.73 v _201183_/Y (AO21x1_ASAP7_75t_R)
  15.13 6038.86 v _201184_/Y (AND2x2_ASAP7_75t_R)
   0.08 6038.94 v _312541_/D (DFFHQNx1_ASAP7_75t_R)
        6038.94   data arrival time

12000.00 12000.00   clock core_clk (rise edge)
   0.00 12000.00   clock source latency
   0.00 12000.00 ^ clk (in)
  46.11 12046.11 ^ wire4945/Y (BUFx10_ASAP7_75t_R)
  47.38 12093.49 ^ clkbuf_0_clk/Y (BUFx24_ASAP7_75t_R)
  28.80 12122.29 ^ clkbuf_1_1_0_clk/Y (BUFx24_ASAP7_75t_R)
  28.42 12150.71 ^ clkbuf_2_3_0_clk/Y (BUFx24_ASAP7_75t_R)
  26.26 12176.97 ^ clkbuf_3_7_0_clk/Y (BUFx24_ASAP7_75t_R)
  29.86 12206.83 ^ clkbuf_4_14_0_clk/Y (BUFx24_ASAP7_75t_R)
  24.58 12231.41 ^ clkbuf_6_59_0_clk/Y (BUFx24_ASAP7_75t_R)
  20.92 12252.33 ^ clkbuf_7_118__f_clk/Y (BUFx24_ASAP7_75t_R)
  24.55 12276.88 ^ clkbuf_leaf_521_clk/Y (BUFx24_ASAP7_75t_R)
   2.39 12279.26 ^ _312541_/CLK (DFFHQNx1_ASAP7_75t_R)
 -50.00 12229.26   clock uncertainty
   2.19 12231.45   clock reconvergence pessimism
   0.11 12231.56   library setup time
        12231.56   data required time
---------------------------------------------------------
        12231.56   data required time
        -6038.94   data arrival time
---------------------------------------------------------
        6192.63   slack (MET)


Startpoint: _308209_ (rising edge-triggered flip-flop clocked by core_clk)
Endpoint: _312534_ (rising edge-triggered flip-flop clocked by core_clk)
Path Group: reg2reg
Path Type: max

  Delay    Time   Description
---------------------------------------------------------
   0.00    0.00   clock core_clk (rise edge)
   0.00    0.00   clock source latency
   0.00    0.00 ^ clk (in)
  46.81   46.81 ^ wire4945/Y (BUFx10_ASAP7_75t_R)
  48.87   95.68 ^ clkbuf_0_clk/Y (BUFx24_ASAP7_75t_R)
  30.20  125.87 ^ clkbuf_1_0_0_clk/Y (BUFx24_ASAP7_75t_R)
  29.09  154.96 ^ clkbuf_2_1_0_clk/Y (BUFx24_ASAP7_75t_R)
  26.47  181.44 ^ clkbuf_3_2_0_clk/Y (BUFx24_ASAP7_75t_R)
  30.84  212.28 ^ clkbuf_4_4_0_clk/Y (BUFx24_ASAP7_75t_R)
  24.84  237.12 ^ clkbuf_6_19_0_clk/Y (BUFx24_ASAP7_75t_R)
  21.77  258.88 ^ clkbuf_7_38__f_clk/Y (BUFx24_ASAP7_75t_R)
  27.65  286.53 ^ clkbuf_leaf_778_clk/Y (BUFx24_ASAP7_75t_R)
   2.33  288.86 ^ _308209_/CLK (DFFHQNx3_ASAP7_75t_R)
  56.18  345.04 ^ _308209_/QN (DFFHQNx3_ASAP7_75t_R)
  27.51  372.55 ^ wire4778/Y (BUFx16f_ASAP7_75t_R)
  66.95  439.50 ^ wire4776/Y (BUFx16f_ASAP7_75t_R)
  33.08  472.58 ^ wire4775/Y (BUFx16f_ASAP7_75t_R)
  73.63  546.21 ^ load_slew4774/Y (BUFx16f_ASAP7_75t_R)
  94.00  640.21 ^ _153629_/Y (AND2x2_ASAP7_75t_R)
 169.02  809.24 v _153630_/Y (NAND2x1_ASAP7_75t_R)
  64.17  873.41 v _153631_/Y (OA21x2_ASAP7_75t_R)
 108.13  981.54 v _153633_/Y (AND3x1_ASAP7_75t_R)
  89.17 1070.71 v _154870_/Y (AO222x2_ASAP7_75t_R)
  47.40 1118.11 v _154873_/Y (OR3x2_ASAP7_75t_R)
  54.24 1172.36 v _154878_/Y (OR5x1_ASAP7_75t_R)
  93.99 1266.34 v _154879_/Y (OR4x1_ASAP7_75t_R)
  74.48 1340.82 v _155829_/Y (OR4x1_ASAP7_75t_R)
  24.56 1365.38 v _155944_/Y (AO221x1_ASAP7_75t_R)
  50.94 1416.32 v _155949_/Y (OR5x1_ASAP7_75t_R)
  34.05 1450.37 v _156013_/Y (AND2x2_ASAP7_75t_R)
  49.97 1500.34 ^ _156016_/Y (NAND3x1_ASAP7_75t_R)
  39.70 1540.04 v _156112_/Y (AOI221x1_ASAP7_75t_R)
  26.08 1566.12 v _156115_/Y (OA21x2_ASAP7_75t_R)
  21.84 1587.97 v _156116_/Y (OR3x1_ASAP7_75t_R)
  38.63 1626.60 v _156123_/Y (AO33x2_ASAP7_75t_R)
  41.76 1668.35 ^ _156140_/Y (NAND2x1_ASAP7_75t_R)
 110.76 1779.11 ^ _156253_/Y (AO221x1_ASAP7_75t_R)
  69.58 1848.70 v _156308_/Y (NAND2x2_ASAP7_75t_R)
  49.02 1897.71 v _156311_/Y (AO21x2_ASAP7_75t_R)
  23.18 1920.89 v _156314_/Y (OA21x2_ASAP7_75t_R)
  27.71 1948.60 v _156388_/Y (AO221x1_ASAP7_75t_R)
  22.62 1971.22 v _156389_/Y (OA21x2_ASAP7_75t_R)
  24.14 1995.36 ^ _156393_/Y (AOI22x1_ASAP7_75t_R)
  53.99 2049.35 v _156410_/Y (NAND2x1_ASAP7_75t_R)
  71.47 2120.82 v _156421_/Y (AO33x2_ASAP7_75t_R)
  32.75 2153.58 ^ _156522_/Y (XNOR2x2_ASAP7_75t_R)
  25.19 2178.76 ^ _156526_/Y (AND4x1_ASAP7_75t_R)
  19.20 2197.96 ^ _156550_/Y (AO21x1_ASAP7_75t_R)
  19.23 2217.19 ^ _156551_/Y (AO21x1_ASAP7_75t_R)
  80.77 2297.96 ^ _156552_/Y (OA211x2_ASAP7_75t_R)
  89.28 2387.25 v _156555_/Y (INVx1_ASAP7_75t_R)
  33.68 2420.92 ^ _156568_/Y (OAI21x1_ASAP7_75t_R)
  34.29 2455.21 v _156616_/Y (AOI221x1_ASAP7_75t_R)
  48.52 2503.73 v _156806_/Y (OA211x2_ASAP7_75t_R)
  13.78 2517.51 ^ _156807_/Y (NAND2x1_ASAP7_75t_R)
  71.16 2588.67 ^ _156882_/Y (AO32x1_ASAP7_75t_R)
  34.48 2623.15 ^ _156995_/Y (OR2x2_ASAP7_75t_R)
  39.01 2662.16 ^ _157002_/Y (AO32x1_ASAP7_75t_R)
  36.29 2698.44 ^ _157004_/Y (XNOR2x2_ASAP7_75t_R)
  14.38 2712.83 v _157005_/Y (NOR3x1_ASAP7_75t_R)
  32.62 2745.45 v _157006_/Y (AND5x2_ASAP7_75t_R)
  28.88 2774.33 v _157078_/Y (OR3x1_ASAP7_75t_R)
  57.37 2831.69 v _157141_/Y (OA33x2_ASAP7_75t_R)
  34.73 2866.43 v _157144_/Y (OR2x2_ASAP7_75t_R)
  24.44 2890.87 v _157145_/Y (AO21x1_ASAP7_75t_R)
  26.35 2917.22 v _157196_/Y (AO32x1_ASAP7_75t_R)
  26.77 2943.99 v _157198_/Y (AO22x1_ASAP7_75t_R)
  23.00 2966.99 v _157222_/Y (AO21x1_ASAP7_75t_R)
  30.83 2997.82 v _157223_/Y (OR3x1_ASAP7_75t_R)
  42.49 3040.31 v _157312_/Y (AO21x1_ASAP7_75t_R)
  58.19 3098.50 ^ _157343_/Y (NAND2x1_ASAP7_75t_R)
  43.82 3142.32 v _157440_/Y (AOI221x1_ASAP7_75t_R)
  30.91 3173.23 v _157456_/Y (OA222x2_ASAP7_75t_R)
  22.24 3195.47 v _157459_/Y (AND5x2_ASAP7_75t_R)
  20.86 3216.33 v _157472_/Y (OA31x2_ASAP7_75t_R)
  42.26 3258.59 v _157475_/Y (OR4x2_ASAP7_75t_R)
  63.75 3322.33 ^ _157478_/Y (NAND2x1_ASAP7_75t_R)
  19.94 3342.27 v _157479_/Y (NOR2x1_ASAP7_75t_R)
  25.21 3367.48 v _157485_/Y (OA21x2_ASAP7_75t_R)
  28.58 3396.06 v _157492_/Y (AO221x1_ASAP7_75t_R)
  26.03 3422.09 v _157649_/Y (OA21x2_ASAP7_75t_R)
  24.74 3446.82 v _157651_/Y (AO21x1_ASAP7_75t_R)
  41.75 3488.58 v _157652_/Y (AO22x1_ASAP7_75t_R)
  64.55 3553.13 ^ _157732_/Y (NAND2x1_ASAP7_75t_R)
  25.99 3579.12 ^ _157764_/Y (AO21x1_ASAP7_75t_R)
  24.20 3603.32 v _157767_/Y (AOI22x1_ASAP7_75t_R)
  37.31 3640.63 v _157790_/Y (OA21x2_ASAP7_75t_R)
  18.85 3659.48 ^ _157827_/Y (AOI211x1_ASAP7_75t_R)
  19.61 3679.09 v _157842_/Y (OAI21x1_ASAP7_75t_R)
  89.64 3768.73 v _157921_/Y (AO221x1_ASAP7_75t_R)
  48.27 3817.00 v _157922_/Y (AO221x1_ASAP7_75t_R)
  27.48 3844.48 v _157925_/Y (AO32x2_ASAP7_75t_R)
  22.59 3867.07 v _157949_/Y (OA211x2_ASAP7_75t_R)
  32.17 3899.24 v _157967_/Y (AO222x2_ASAP7_75t_R)
  38.29 3937.53 v _158020_/Y (AO221x1_ASAP7_75t_R)
  28.61 3966.14 v _158084_/Y (AO211x2_ASAP7_75t_R)
  41.43 4007.57 v _158094_/Y (AND2x2_ASAP7_75t_R)
  49.23 4056.80 v _158173_/Y (OR3x2_ASAP7_75t_R)
  22.73 4079.54 v _158271_/Y (AO221x1_ASAP7_75t_R)
  33.06 4112.59 v _158272_/Y (OR5x1_ASAP7_75t_R)
  46.33 4158.93 v _158273_/Y (OR5x1_ASAP7_75t_R)
  20.14 4179.06 ^ _158274_/Y (NAND2x2_ASAP7_75t_R)
  54.60 4233.66 v _158287_/Y (OAI21x1_ASAP7_75t_R)
  52.70 4286.36 v _158298_/Y (AND2x2_ASAP7_75t_R)
  35.64 4322.00 v _158304_/Y (OA211x2_ASAP7_75t_R)
  30.46 4352.46 v _158330_/Y (XNOR2x2_ASAP7_75t_R)
  29.58 4382.04 v _158388_/Y (OR5x1_ASAP7_75t_R)
  42.94 4424.98 v _158399_/Y (AO33x2_ASAP7_75t_R)
  26.16 4451.15 v _158436_/Y (AND2x2_ASAP7_75t_R)
  78.93 4530.07 v _158437_/Y (OR3x1_ASAP7_75t_R)
  70.98 4601.05 v _158474_/Y (AND2x2_ASAP7_75t_R)
  38.15 4639.21 ^ _158476_/Y (AOI22x1_ASAP7_75t_R)
  23.17 4662.38 ^ _158477_/Y (AND2x2_ASAP7_75t_R)
  16.00 4678.38 v _158496_/Y (AOI221x1_ASAP7_75t_R)
  33.09 4711.47 v _158497_/Y (MAJx2_ASAP7_75t_R)
  24.75 4736.22 v _158571_/Y (AO21x1_ASAP7_75t_R)
  46.55 4782.77 v _158629_/Y (AO221x2_ASAP7_75t_R)
  81.05 4863.83 ^ _158672_/Y (NAND2x1_ASAP7_75t_R)
  35.80 4899.63 ^ _158689_/Y (AND2x2_ASAP7_75t_R)
  22.57 4922.20 ^ _158690_/Y (OA21x2_ASAP7_75t_R)
  20.24 4942.44 ^ _158691_/Y (OR2x2_ASAP7_75t_R)
  22.82 4965.26 ^ _158702_/Y (AND3x1_ASAP7_75t_R)
  21.78 4987.04 ^ _158720_/Y (OA21x2_ASAP7_75t_R)
  24.53 5011.57 ^ _158743_/Y (OA31x2_ASAP7_75t_R)
  15.08 5026.64 ^ _158761_/Y (OR4x1_ASAP7_75t_R)
  48.03 5074.67 ^ _158764_/Y (AND5x2_ASAP7_75t_R)
  52.84 5127.52 ^ _159054_/Y (OA21x2_ASAP7_75t_R)
 118.43 5245.95 ^ _159120_/Y (OA21x2_ASAP7_75t_R)
  58.79 5304.73 ^ _159154_/Y (AO221x1_ASAP7_75t_R)
  92.01 5396.74 ^ _159901_/Y (AND2x2_ASAP7_75t_R)
 173.87 5570.61 v _159903_/Y (NOR2x1_ASAP7_75t_R)
 111.84 5682.45 ^ _163131_/Y (NAND2x2_ASAP7_75t_R)
  35.25 5717.70 ^ load_slew954/Y (BUFx16f_ASAP7_75t_R)
  36.94 5754.64 ^ load_slew952/Y (BUFx16f_ASAP7_75t_R)
 155.10 5909.75 ^ _164753_/Y (OR2x2_ASAP7_75t_R)
  50.31 5960.06 v _201134_/Y (NAND2x1_ASAP7_75t_R)
  20.86 5980.92 v _201136_/Y (AO21x1_ASAP7_75t_R)
  26.21 6007.13 v _201137_/Y (OA211x2_ASAP7_75t_R)
  16.47 6023.60 v _201138_/Y (AO21x1_ASAP7_75t_R)
  14.85 6038.44 v _201139_/Y (AND2x2_ASAP7_75t_R)
   0.03 6038.48 v _312534_/D (DFFHQNx1_ASAP7_75t_R)
        6038.48   data arrival time

12000.00 12000.00   clock core_clk (rise edge)
   0.00 12000.00   clock source latency
   0.00 12000.00 ^ clk (in)
  46.11 12046.11 ^ wire4945/Y (BUFx10_ASAP7_75t_R)
  47.38 12093.49 ^ clkbuf_0_clk/Y (BUFx24_ASAP7_75t_R)
  28.80 12122.29 ^ clkbuf_1_1_0_clk/Y (BUFx24_ASAP7_75t_R)
  28.42 12150.71 ^ clkbuf_2_3_0_clk/Y (BUFx24_ASAP7_75t_R)
  26.26 12176.97 ^ clkbuf_3_7_0_clk/Y (BUFx24_ASAP7_75t_R)
  29.86 12206.83 ^ clkbuf_4_14_0_clk/Y (BUFx24_ASAP7_75t_R)
  24.58 12231.41 ^ clkbuf_6_59_0_clk/Y (BUFx24_ASAP7_75t_R)
  21.07 12252.48 ^ clkbuf_7_119__f_clk/Y (BUFx24_ASAP7_75t_R)
  24.35 12276.83 ^ clkbuf_leaf_518_clk/Y (BUFx24_ASAP7_75t_R)
   2.36 12279.18 ^ _312534_/CLK (DFFHQNx1_ASAP7_75t_R)
 -50.00 12229.18   clock uncertainty
   2.19 12231.38   clock reconvergence pessimism
  -0.25 12231.13   library setup time
        12231.13   data required time
---------------------------------------------------------
        12231.13   data required time
        -6038.48   data arrival time
---------------------------------------------------------
        6192.65   slack (MET)


Startpoint: _308209_ (rising edge-triggered flip-flop clocked by core_clk)
Endpoint: _312529_ (rising edge-triggered flip-flop clocked by core_clk)
Path Group: reg2reg
Path Type: max

  Delay    Time   Description
---------------------------------------------------------
   0.00    0.00   clock core_clk (rise edge)
   0.00    0.00   clock source latency
   0.00    0.00 ^ clk (in)
  46.81   46.81 ^ wire4945/Y (BUFx10_ASAP7_75t_R)
  48.87   95.68 ^ clkbuf_0_clk/Y (BUFx24_ASAP7_75t_R)
  30.20  125.87 ^ clkbuf_1_0_0_clk/Y (BUFx24_ASAP7_75t_R)
  29.09  154.96 ^ clkbuf_2_1_0_clk/Y (BUFx24_ASAP7_75t_R)
  26.47  181.44 ^ clkbuf_3_2_0_clk/Y (BUFx24_ASAP7_75t_R)
  30.84  212.28 ^ clkbuf_4_4_0_clk/Y (BUFx24_ASAP7_75t_R)
  24.84  237.12 ^ clkbuf_6_19_0_clk/Y (BUFx24_ASAP7_75t_R)
  21.77  258.88 ^ clkbuf_7_38__f_clk/Y (BUFx24_ASAP7_75t_R)
  27.65  286.53 ^ clkbuf_leaf_778_clk/Y (BUFx24_ASAP7_75t_R)
   2.33  288.86 ^ _308209_/CLK (DFFHQNx3_ASAP7_75t_R)
  56.18  345.04 ^ _308209_/QN (DFFHQNx3_ASAP7_75t_R)
  27.51  372.55 ^ wire4778/Y (BUFx16f_ASAP7_75t_R)
  66.95  439.50 ^ wire4776/Y (BUFx16f_ASAP7_75t_R)
  33.08  472.58 ^ wire4775/Y (BUFx16f_ASAP7_75t_R)
  73.63  546.21 ^ load_slew4774/Y (BUFx16f_ASAP7_75t_R)
  94.00  640.21 ^ _153629_/Y (AND2x2_ASAP7_75t_R)
 169.02  809.24 v _153630_/Y (NAND2x1_ASAP7_75t_R)
  64.17  873.41 v _153631_/Y (OA21x2_ASAP7_75t_R)
 108.13  981.54 v _153633_/Y (AND3x1_ASAP7_75t_R)
  89.17 1070.71 v _154870_/Y (AO222x2_ASAP7_75t_R)
  47.40 1118.11 v _154873_/Y (OR3x2_ASAP7_75t_R)
  54.24 1172.36 v _154878_/Y (OR5x1_ASAP7_75t_R)
  93.99 1266.34 v _154879_/Y (OR4x1_ASAP7_75t_R)
  74.48 1340.82 v _155829_/Y (OR4x1_ASAP7_75t_R)
  24.56 1365.38 v _155944_/Y (AO221x1_ASAP7_75t_R)
  50.94 1416.32 v _155949_/Y (OR5x1_ASAP7_75t_R)
  34.05 1450.37 v _156013_/Y (AND2x2_ASAP7_75t_R)
  49.97 1500.34 ^ _156016_/Y (NAND3x1_ASAP7_75t_R)
  39.70 1540.04 v _156112_/Y (AOI221x1_ASAP7_75t_R)
  26.08 1566.12 v _156115_/Y (OA21x2_ASAP7_75t_R)
  21.84 1587.97 v _156116_/Y (OR3x1_ASAP7_75t_R)
  38.63 1626.60 v _156123_/Y (AO33x2_ASAP7_75t_R)
  41.76 1668.35 ^ _156140_/Y (NAND2x1_ASAP7_75t_R)
 110.76 1779.11 ^ _156253_/Y (AO221x1_ASAP7_75t_R)
  69.58 1848.70 v _156308_/Y (NAND2x2_ASAP7_75t_R)
  49.02 1897.71 v _156311_/Y (AO21x2_ASAP7_75t_R)
  23.18 1920.89 v _156314_/Y (OA21x2_ASAP7_75t_R)
  27.71 1948.60 v _156388_/Y (AO221x1_ASAP7_75t_R)
  22.62 1971.22 v _156389_/Y (OA21x2_ASAP7_75t_R)
  24.14 1995.36 ^ _156393_/Y (AOI22x1_ASAP7_75t_R)
  53.99 2049.35 v _156410_/Y (NAND2x1_ASAP7_75t_R)
  71.47 2120.82 v _156421_/Y (AO33x2_ASAP7_75t_R)
  32.75 2153.58 ^ _156522_/Y (XNOR2x2_ASAP7_75t_R)
  25.19 2178.76 ^ _156526_/Y (AND4x1_ASAP7_75t_R)
  19.20 2197.96 ^ _156550_/Y (AO21x1_ASAP7_75t_R)
  19.23 2217.19 ^ _156551_/Y (AO21x1_ASAP7_75t_R)
  80.77 2297.96 ^ _156552_/Y (OA211x2_ASAP7_75t_R)
  89.28 2387.25 v _156555_/Y (INVx1_ASAP7_75t_R)
  33.68 2420.92 ^ _156568_/Y (OAI21x1_ASAP7_75t_R)
  34.29 2455.21 v _156616_/Y (AOI221x1_ASAP7_75t_R)
  48.52 2503.73 v _156806_/Y (OA211x2_ASAP7_75t_R)
  13.78 2517.51 ^ _156807_/Y (NAND2x1_ASAP7_75t_R)
  71.16 2588.67 ^ _156882_/Y (AO32x1_ASAP7_75t_R)
  34.48 2623.15 ^ _156995_/Y (OR2x2_ASAP7_75t_R)
  39.01 2662.16 ^ _157002_/Y (AO32x1_ASAP7_75t_R)
  36.29 2698.44 ^ _157004_/Y (XNOR2x2_ASAP7_75t_R)
  14.38 2712.83 v _157005_/Y (NOR3x1_ASAP7_75t_R)
  32.62 2745.45 v _157006_/Y (AND5x2_ASAP7_75t_R)
  28.88 2774.33 v _157078_/Y (OR3x1_ASAP7_75t_R)
  57.37 2831.69 v _157141_/Y (OA33x2_ASAP7_75t_R)
  34.73 2866.43 v _157144_/Y (OR2x2_ASAP7_75t_R)
  24.44 2890.87 v _157145_/Y (AO21x1_ASAP7_75t_R)
  26.35 2917.22 v _157196_/Y (AO32x1_ASAP7_75t_R)
  26.77 2943.99 v _157198_/Y (AO22x1_ASAP7_75t_R)
  23.00 2966.99 v _157222_/Y (AO21x1_ASAP7_75t_R)
  30.83 2997.82 v _157223_/Y (OR3x1_ASAP7_75t_R)
  42.49 3040.31 v _157312_/Y (AO21x1_ASAP7_75t_R)
  58.19 3098.50 ^ _157343_/Y (NAND2x1_ASAP7_75t_R)
  43.82 3142.32 v _157440_/Y (AOI221x1_ASAP7_75t_R)
  30.91 3173.23 v _157456_/Y (OA222x2_ASAP7_75t_R)
  22.24 3195.47 v _157459_/Y (AND5x2_ASAP7_75t_R)
  20.86 3216.33 v _157472_/Y (OA31x2_ASAP7_75t_R)
  42.26 3258.59 v _157475_/Y (OR4x2_ASAP7_75t_R)
  63.75 3322.33 ^ _157478_/Y (NAND2x1_ASAP7_75t_R)
  19.94 3342.27 v _157479_/Y (NOR2x1_ASAP7_75t_R)
  25.21 3367.48 v _157485_/Y (OA21x2_ASAP7_75t_R)
  28.58 3396.06 v _157492_/Y (AO221x1_ASAP7_75t_R)
  26.03 3422.09 v _157649_/Y (OA21x2_ASAP7_75t_R)
  24.74 3446.82 v _157651_/Y (AO21x1_ASAP7_75t_R)
  41.75 3488.58 v _157652_/Y (AO22x1_ASAP7_75t_R)
  64.55 3553.13 ^ _157732_/Y (NAND2x1_ASAP7_75t_R)
  25.99 3579.12 ^ _157764_/Y (AO21x1_ASAP7_75t_R)
  24.20 3603.32 v _157767_/Y (AOI22x1_ASAP7_75t_R)
  37.31 3640.63 v _157790_/Y (OA21x2_ASAP7_75t_R)
  18.85 3659.48 ^ _157827_/Y (AOI211x1_ASAP7_75t_R)
  19.61 3679.09 v _157842_/Y (OAI21x1_ASAP7_75t_R)
  89.64 3768.73 v _157921_/Y (AO221x1_ASAP7_75t_R)
  48.27 3817.00 v _157922_/Y (AO221x1_ASAP7_75t_R)
  27.48 3844.48 v _157925_/Y (AO32x2_ASAP7_75t_R)
  22.59 3867.07 v _157949_/Y (OA211x2_ASAP7_75t_R)
  32.17 3899.24 v _157967_/Y (AO222x2_ASAP7_75t_R)
  38.29 3937.53 v _158020_/Y (AO221x1_ASAP7_75t_R)
  28.61 3966.14 v _158084_/Y (AO211x2_ASAP7_75t_R)
  41.43 4007.57 v _158094_/Y (AND2x2_ASAP7_75t_R)
  49.23 4056.80 v _158173_/Y (OR3x2_ASAP7_75t_R)
  22.73 4079.54 v _158271_/Y (AO221x1_ASAP7_75t_R)
  33.06 4112.59 v _158272_/Y (OR5x1_ASAP7_75t_R)
  46.33 4158.93 v _158273_/Y (OR5x1_ASAP7_75t_R)
  20.14 4179.06 ^ _158274_/Y (NAND2x2_ASAP7_75t_R)
  54.60 4233.66 v _158287_/Y (OAI21x1_ASAP7_75t_R)
  52.70 4286.36 v _158298_/Y (AND2x2_ASAP7_75t_R)
  35.64 4322.00 v _158304_/Y (OA211x2_ASAP7_75t_R)
  30.46 4352.46 v _158330_/Y (XNOR2x2_ASAP7_75t_R)
  29.58 4382.04 v _158388_/Y (OR5x1_ASAP7_75t_R)
  42.94 4424.98 v _158399_/Y (AO33x2_ASAP7_75t_R)
  26.16 4451.15 v _158436_/Y (AND2x2_ASAP7_75t_R)
  78.93 4530.07 v _158437_/Y (OR3x1_ASAP7_75t_R)
  70.98 4601.05 v _158474_/Y (AND2x2_ASAP7_75t_R)
  38.15 4639.21 ^ _158476_/Y (AOI22x1_ASAP7_75t_R)
  23.17 4662.38 ^ _158477_/Y (AND2x2_ASAP7_75t_R)
  16.00 4678.38 v _158496_/Y (AOI221x1_ASAP7_75t_R)
  33.09 4711.47 v _158497_/Y (MAJx2_ASAP7_75t_R)
  24.75 4736.22 v _158571_/Y (AO21x1_ASAP7_75t_R)
  46.55 4782.77 v _158629_/Y (AO221x2_ASAP7_75t_R)
  81.05 4863.83 ^ _158672_/Y (NAND2x1_ASAP7_75t_R)
  35.80 4899.63 ^ _158689_/Y (AND2x2_ASAP7_75t_R)
  22.57 4922.20 ^ _158690_/Y (OA21x2_ASAP7_75t_R)
  20.24 4942.44 ^ _158691_/Y (OR2x2_ASAP7_75t_R)
  22.82 4965.26 ^ _158702_/Y (AND3x1_ASAP7_75t_R)
  21.78 4987.04 ^ _158720_/Y (OA21x2_ASAP7_75t_R)
  24.53 5011.57 ^ _158743_/Y (OA31x2_ASAP7_75t_R)
  15.08 5026.64 ^ _158761_/Y (OR4x1_ASAP7_75t_R)
  48.03 5074.67 ^ _158764_/Y (AND5x2_ASAP7_75t_R)
  52.84 5127.52 ^ _159054_/Y (OA21x2_ASAP7_75t_R)
 118.43 5245.95 ^ _159120_/Y (OA21x2_ASAP7_75t_R)
  58.79 5304.73 ^ _159154_/Y (AO221x1_ASAP7_75t_R)
  92.01 5396.74 ^ _159901_/Y (AND2x2_ASAP7_75t_R)
 173.87 5570.61 v _159903_/Y (NOR2x1_ASAP7_75t_R)
 111.84 5682.45 ^ _163131_/Y (NAND2x2_ASAP7_75t_R)
  35.25 5717.70 ^ load_slew954/Y (BUFx16f_ASAP7_75t_R)
  36.94 5754.64 ^ load_slew952/Y (BUFx16f_ASAP7_75t_R)
 155.10 5909.75 ^ _164753_/Y (OR2x2_ASAP7_75t_R)
  50.70 5960.45 v _201098_/Y (NAND2x1_ASAP7_75t_R)
  20.27 5980.72 v _201099_/Y (AO21x1_ASAP7_75t_R)
  25.71 6006.43 v _201100_/Y (OA211x2_ASAP7_75t_R)
  16.35 6022.79 v _201101_/Y (AO21x1_ASAP7_75t_R)
  15.03 6037.82 v _201102_/Y (AND2x2_ASAP7_75t_R)
   0.06 6037.89 v _312529_/D (DFFHQNx1_ASAP7_75t_R)
        6037.89   data arrival time

12000.00 12000.00   clock core_clk (rise edge)
   0.00 12000.00   clock source latency
   0.00 12000.00 ^ clk (in)
  46.11 12046.11 ^ wire4945/Y (BUFx10_ASAP7_75t_R)
  47.38 12093.49 ^ clkbuf_0_clk/Y (BUFx24_ASAP7_75t_R)
  28.80 12122.29 ^ clkbuf_1_1_0_clk/Y (BUFx24_ASAP7_75t_R)
  28.42 12150.71 ^ clkbuf_2_3_0_clk/Y (BUFx24_ASAP7_75t_R)
  26.26 12176.97 ^ clkbuf_3_7_0_clk/Y (BUFx24_ASAP7_75t_R)
  29.86 12206.83 ^ clkbuf_4_14_0_clk/Y (BUFx24_ASAP7_75t_R)
  24.58 12231.41 ^ clkbuf_6_59_0_clk/Y (BUFx24_ASAP7_75t_R)
  20.92 12252.33 ^ clkbuf_7_118__f_clk/Y (BUFx24_ASAP7_75t_R)
  23.63 12275.96 ^ clkbuf_leaf_522_clk/Y (BUFx24_ASAP7_75t_R)
   2.68 12278.64 ^ _312529_/CLK (DFFHQNx1_ASAP7_75t_R)
 -50.00 12228.64   clock uncertainty
   2.19 12230.83   clock reconvergence pessimism
   0.14 12230.97   library setup time
        12230.97   data required time
---------------------------------------------------------
        12230.97   data required time
        -6037.89   data arrival time
---------------------------------------------------------
        6193.08   slack (MET)


Startpoint: _308209_ (rising edge-triggered flip-flop clocked by core_clk)
Endpoint: _311533_ (rising edge-triggered flip-flop clocked by core_clk)
Path Group: reg2reg
Path Type: max

  Delay    Time   Description
---------------------------------------------------------
   0.00    0.00   clock core_clk (rise edge)
   0.00    0.00   clock source latency
   0.00    0.00 ^ clk (in)
  46.81   46.81 ^ wire4945/Y (BUFx10_ASAP7_75t_R)
  48.87   95.68 ^ clkbuf_0_clk/Y (BUFx24_ASAP7_75t_R)
  30.20  125.87 ^ clkbuf_1_0_0_clk/Y (BUFx24_ASAP7_75t_R)
  29.09  154.96 ^ clkbuf_2_1_0_clk/Y (BUFx24_ASAP7_75t_R)
  26.47  181.44 ^ clkbuf_3_2_0_clk/Y (BUFx24_ASAP7_75t_R)
  30.84  212.28 ^ clkbuf_4_4_0_clk/Y (BUFx24_ASAP7_75t_R)
  24.84  237.12 ^ clkbuf_6_19_0_clk/Y (BUFx24_ASAP7_75t_R)
  21.77  258.88 ^ clkbuf_7_38__f_clk/Y (BUFx24_ASAP7_75t_R)
  27.65  286.53 ^ clkbuf_leaf_778_clk/Y (BUFx24_ASAP7_75t_R)
   2.33  288.86 ^ _308209_/CLK (DFFHQNx3_ASAP7_75t_R)
  56.18  345.04 ^ _308209_/QN (DFFHQNx3_ASAP7_75t_R)
  27.51  372.55 ^ wire4778/Y (BUFx16f_ASAP7_75t_R)
  66.95  439.50 ^ wire4776/Y (BUFx16f_ASAP7_75t_R)
  33.08  472.58 ^ wire4775/Y (BUFx16f_ASAP7_75t_R)
  73.63  546.21 ^ load_slew4774/Y (BUFx16f_ASAP7_75t_R)
  94.00  640.21 ^ _153629_/Y (AND2x2_ASAP7_75t_R)
 169.02  809.24 v _153630_/Y (NAND2x1_ASAP7_75t_R)
  64.17  873.41 v _153631_/Y (OA21x2_ASAP7_75t_R)
 108.13  981.54 v _153633_/Y (AND3x1_ASAP7_75t_R)
  89.17 1070.71 v _154870_/Y (AO222x2_ASAP7_75t_R)
  47.40 1118.11 v _154873_/Y (OR3x2_ASAP7_75t_R)
  54.24 1172.36 v _154878_/Y (OR5x1_ASAP7_75t_R)
  93.99 1266.34 v _154879_/Y (OR4x1_ASAP7_75t_R)
  74.48 1340.82 v _155829_/Y (OR4x1_ASAP7_75t_R)
  24.56 1365.38 v _155944_/Y (AO221x1_ASAP7_75t_R)
  50.94 1416.32 v _155949_/Y (OR5x1_ASAP7_75t_R)
  34.05 1450.37 v _156013_/Y (AND2x2_ASAP7_75t_R)
  49.97 1500.34 ^ _156016_/Y (NAND3x1_ASAP7_75t_R)
  39.70 1540.04 v _156112_/Y (AOI221x1_ASAP7_75t_R)
  26.08 1566.12 v _156115_/Y (OA21x2_ASAP7_75t_R)
  21.84 1587.97 v _156116_/Y (OR3x1_ASAP7_75t_R)
  38.63 1626.60 v _156123_/Y (AO33x2_ASAP7_75t_R)
  41.76 1668.35 ^ _156140_/Y (NAND2x1_ASAP7_75t_R)
 110.76 1779.11 ^ _156253_/Y (AO221x1_ASAP7_75t_R)
  69.58 1848.70 v _156308_/Y (NAND2x2_ASAP7_75t_R)
  49.02 1897.71 v _156311_/Y (AO21x2_ASAP7_75t_R)
  23.18 1920.89 v _156314_/Y (OA21x2_ASAP7_75t_R)
  27.71 1948.60 v _156388_/Y (AO221x1_ASAP7_75t_R)
  22.62 1971.22 v _156389_/Y (OA21x2_ASAP7_75t_R)
  24.14 1995.36 ^ _156393_/Y (AOI22x1_ASAP7_75t_R)
  53.99 2049.35 v _156410_/Y (NAND2x1_ASAP7_75t_R)
  71.47 2120.82 v _156421_/Y (AO33x2_ASAP7_75t_R)
  32.75 2153.58 ^ _156522_/Y (XNOR2x2_ASAP7_75t_R)
  25.19 2178.76 ^ _156526_/Y (AND4x1_ASAP7_75t_R)
  19.20 2197.96 ^ _156550_/Y (AO21x1_ASAP7_75t_R)
  19.23 2217.19 ^ _156551_/Y (AO21x1_ASAP7_75t_R)
  80.77 2297.96 ^ _156552_/Y (OA211x2_ASAP7_75t_R)
  89.28 2387.25 v _156555_/Y (INVx1_ASAP7_75t_R)
  33.68 2420.92 ^ _156568_/Y (OAI21x1_ASAP7_75t_R)
  34.29 2455.21 v _156616_/Y (AOI221x1_ASAP7_75t_R)
  48.52 2503.73 v _156806_/Y (OA211x2_ASAP7_75t_R)
  13.78 2517.51 ^ _156807_/Y (NAND2x1_ASAP7_75t_R)
  71.16 2588.67 ^ _156882_/Y (AO32x1_ASAP7_75t_R)
  34.48 2623.15 ^ _156995_/Y (OR2x2_ASAP7_75t_R)
  39.01 2662.16 ^ _157002_/Y (AO32x1_ASAP7_75t_R)
  36.29 2698.44 ^ _157004_/Y (XNOR2x2_ASAP7_75t_R)
  14.38 2712.83 v _157005_/Y (NOR3x1_ASAP7_75t_R)
  32.62 2745.45 v _157006_/Y (AND5x2_ASAP7_75t_R)
  28.88 2774.33 v _157078_/Y (OR3x1_ASAP7_75t_R)
  57.37 2831.69 v _157141_/Y (OA33x2_ASAP7_75t_R)
  34.73 2866.43 v _157144_/Y (OR2x2_ASAP7_75t_R)
  24.44 2890.87 v _157145_/Y (AO21x1_ASAP7_75t_R)
  26.35 2917.22 v _157196_/Y (AO32x1_ASAP7_75t_R)
  26.77 2943.99 v _157198_/Y (AO22x1_ASAP7_75t_R)
  23.00 2966.99 v _157222_/Y (AO21x1_ASAP7_75t_R)
  30.83 2997.82 v _157223_/Y (OR3x1_ASAP7_75t_R)
  42.49 3040.31 v _157312_/Y (AO21x1_ASAP7_75t_R)
  58.19 3098.50 ^ _157343_/Y (NAND2x1_ASAP7_75t_R)
  43.82 3142.32 v _157440_/Y (AOI221x1_ASAP7_75t_R)
  30.91 3173.23 v _157456_/Y (OA222x2_ASAP7_75t_R)
  22.24 3195.47 v _157459_/Y (AND5x2_ASAP7_75t_R)
  20.86 3216.33 v _157472_/Y (OA31x2_ASAP7_75t_R)
  42.26 3258.59 v _157475_/Y (OR4x2_ASAP7_75t_R)
  63.75 3322.33 ^ _157478_/Y (NAND2x1_ASAP7_75t_R)
  19.94 3342.27 v _157479_/Y (NOR2x1_ASAP7_75t_R)
  25.21 3367.48 v _157485_/Y (OA21x2_ASAP7_75t_R)
  28.58 3396.06 v _157492_/Y (AO221x1_ASAP7_75t_R)
  26.03 3422.09 v _157649_/Y (OA21x2_ASAP7_75t_R)
  24.74 3446.82 v _157651_/Y (AO21x1_ASAP7_75t_R)
  41.75 3488.58 v _157652_/Y (AO22x1_ASAP7_75t_R)
  64.55 3553.13 ^ _157732_/Y (NAND2x1_ASAP7_75t_R)
  25.99 3579.12 ^ _157764_/Y (AO21x1_ASAP7_75t_R)
  24.20 3603.32 v _157767_/Y (AOI22x1_ASAP7_75t_R)
  37.31 3640.63 v _157790_/Y (OA21x2_ASAP7_75t_R)
  18.85 3659.48 ^ _157827_/Y (AOI211x1_ASAP7_75t_R)
  19.61 3679.09 v _157842_/Y (OAI21x1_ASAP7_75t_R)
  89.64 3768.73 v _157921_/Y (AO221x1_ASAP7_75t_R)
  48.27 3817.00 v _157922_/Y (AO221x1_ASAP7_75t_R)
  27.48 3844.48 v _157925_/Y (AO32x2_ASAP7_75t_R)
  22.59 3867.07 v _157949_/Y (OA211x2_ASAP7_75t_R)
  32.17 3899.24 v _157967_/Y (AO222x2_ASAP7_75t_R)
  38.29 3937.53 v _158020_/Y (AO221x1_ASAP7_75t_R)
  28.61 3966.14 v _158084_/Y (AO211x2_ASAP7_75t_R)
  41.43 4007.57 v _158094_/Y (AND2x2_ASAP7_75t_R)
  49.23 4056.80 v _158173_/Y (OR3x2_ASAP7_75t_R)
  22.73 4079.54 v _158271_/Y (AO221x1_ASAP7_75t_R)
  33.06 4112.59 v _158272_/Y (OR5x1_ASAP7_75t_R)
  46.33 4158.93 v _158273_/Y (OR5x1_ASAP7_75t_R)
  20.14 4179.06 ^ _158274_/Y (NAND2x2_ASAP7_75t_R)
  54.60 4233.66 v _158287_/Y (OAI21x1_ASAP7_75t_R)
  52.70 4286.36 v _158298_/Y (AND2x2_ASAP7_75t_R)
  35.64 4322.00 v _158304_/Y (OA211x2_ASAP7_75t_R)
  30.46 4352.46 v _158330_/Y (XNOR2x2_ASAP7_75t_R)
  29.58 4382.04 v _158388_/Y (OR5x1_ASAP7_75t_R)
  42.94 4424.98 v _158399_/Y (AO33x2_ASAP7_75t_R)
  26.16 4451.15 v _158436_/Y (AND2x2_ASAP7_75t_R)
  78.93 4530.07 v _158437_/Y (OR3x1_ASAP7_75t_R)
  70.98 4601.05 v _158474_/Y (AND2x2_ASAP7_75t_R)
  38.15 4639.21 ^ _158476_/Y (AOI22x1_ASAP7_75t_R)
  23.17 4662.38 ^ _158477_/Y (AND2x2_ASAP7_75t_R)
  16.00 4678.38 v _158496_/Y (AOI221x1_ASAP7_75t_R)
  33.09 4711.47 v _158497_/Y (MAJx2_ASAP7_75t_R)
  24.75 4736.22 v _158571_/Y (AO21x1_ASAP7_75t_R)
  46.55 4782.77 v _158629_/Y (AO221x2_ASAP7_75t_R)
  81.05 4863.83 ^ _158672_/Y (NAND2x1_ASAP7_75t_R)
  35.80 4899.63 ^ _158689_/Y (AND2x2_ASAP7_75t_R)
  22.57 4922.20 ^ _158690_/Y (OA21x2_ASAP7_75t_R)
  20.24 4942.44 ^ _158691_/Y (OR2x2_ASAP7_75t_R)
  22.82 4965.26 ^ _158702_/Y (AND3x1_ASAP7_75t_R)
  21.78 4987.04 ^ _158720_/Y (OA21x2_ASAP7_75t_R)
  24.53 5011.57 ^ _158743_/Y (OA31x2_ASAP7_75t_R)
  15.08 5026.64 ^ _158761_/Y (OR4x1_ASAP7_75t_R)
  48.03 5074.67 ^ _158764_/Y (AND5x2_ASAP7_75t_R)
  52.84 5127.52 ^ _159054_/Y (OA21x2_ASAP7_75t_R)
 118.43 5245.95 ^ _159120_/Y (OA21x2_ASAP7_75t_R)
  58.79 5304.73 ^ _159154_/Y (AO221x1_ASAP7_75t_R)
  92.01 5396.74 ^ _159901_/Y (AND2x2_ASAP7_75t_R)
 173.87 5570.61 v _159903_/Y (NOR2x1_ASAP7_75t_R)
 111.84 5682.45 ^ _163131_/Y (NAND2x2_ASAP7_75t_R)
  35.25 5717.70 ^ load_slew954/Y (BUFx16f_ASAP7_75t_R)
  36.94 5754.64 ^ load_slew952/Y (BUFx16f_ASAP7_75t_R)
  84.06 5838.70 v _164066_/Y (NOR2x2_ASAP7_75t_R)
  33.52 5872.22 v load_slew884/Y (BUFx16f_ASAP7_75t_R)
  45.40 5917.63 v load_slew883/Y (BUFx16f_ASAP7_75t_R)
  50.41 5968.03 ^ _197891_/Y (NAND2x1_ASAP7_75t_R)
  19.32 5987.35 ^ _197892_/Y (OA21x2_ASAP7_75t_R)
   7.32 5994.67 v _197893_/Y (NOR2x1_ASAP7_75t_R)
  18.66 6013.33 v _197894_/Y (AO21x1_ASAP7_75t_R)
  19.56 6032.89 v _197895_/Y (AO22x1_ASAP7_75t_R)
   0.06 6032.95 v _311533_/D (DFFHQNx1_ASAP7_75t_R)
        6032.95   data arrival time

12000.00 12000.00   clock core_clk (rise edge)
   0.00 12000.00   clock source latency
   0.00 12000.00 ^ clk (in)
  46.11 12046.11 ^ wire4945/Y (BUFx10_ASAP7_75t_R)
  47.38 12093.49 ^ clkbuf_0_clk/Y (BUFx24_ASAP7_75t_R)
  28.80 12122.29 ^ clkbuf_1_1_0_clk/Y (BUFx24_ASAP7_75t_R)
  28.42 12150.71 ^ clkbuf_2_3_0_clk/Y (BUFx24_ASAP7_75t_R)
  22.98 12173.68 ^ clkbuf_3_6_0_clk/Y (BUFx24_ASAP7_75t_R)
  28.79 12202.47 ^ clkbuf_4_13_0_clk/Y (BUFx24_ASAP7_75t_R)
  23.93 12226.39 ^ clkbuf_6_55_0_clk/Y (BUFx24_ASAP7_75t_R)
  20.02 12246.41 ^ clkbuf_7_110__f_clk/Y (BUFx24_ASAP7_75t_R)
  25.15 12271.56 ^ clkbuf_leaf_481_clk/Y (BUFx24_ASAP7_75t_R)
   2.23 12273.79 ^ _311533_/CLK (DFFHQNx1_ASAP7_75t_R)
 -50.00 12223.79   clock uncertainty
   2.19 12225.98   clock reconvergence pessimism
   0.08 12226.06   library setup time
        12226.06   data required time
---------------------------------------------------------
        12226.06   data required time
        -6032.95   data arrival time
---------------------------------------------------------
        6193.11   slack (MET)


Startpoint: _308209_ (rising edge-triggered flip-flop clocked by core_clk)
Endpoint: _312500_ (rising edge-triggered flip-flop clocked by core_clk)
Path Group: reg2reg
Path Type: max

  Delay    Time   Description
---------------------------------------------------------
   0.00    0.00   clock core_clk (rise edge)
   0.00    0.00   clock source latency
   0.00    0.00 ^ clk (in)
  46.81   46.81 ^ wire4945/Y (BUFx10_ASAP7_75t_R)
  48.87   95.68 ^ clkbuf_0_clk/Y (BUFx24_ASAP7_75t_R)
  30.20  125.87 ^ clkbuf_1_0_0_clk/Y (BUFx24_ASAP7_75t_R)
  29.09  154.96 ^ clkbuf_2_1_0_clk/Y (BUFx24_ASAP7_75t_R)
  26.47  181.44 ^ clkbuf_3_2_0_clk/Y (BUFx24_ASAP7_75t_R)
  30.84  212.28 ^ clkbuf_4_4_0_clk/Y (BUFx24_ASAP7_75t_R)
  24.84  237.12 ^ clkbuf_6_19_0_clk/Y (BUFx24_ASAP7_75t_R)
  21.77  258.88 ^ clkbuf_7_38__f_clk/Y (BUFx24_ASAP7_75t_R)
  27.65  286.53 ^ clkbuf_leaf_778_clk/Y (BUFx24_ASAP7_75t_R)
   2.33  288.86 ^ _308209_/CLK (DFFHQNx3_ASAP7_75t_R)
  56.18  345.04 ^ _308209_/QN (DFFHQNx3_ASAP7_75t_R)
  27.51  372.55 ^ wire4778/Y (BUFx16f_ASAP7_75t_R)
  66.95  439.50 ^ wire4776/Y (BUFx16f_ASAP7_75t_R)
  33.08  472.58 ^ wire4775/Y (BUFx16f_ASAP7_75t_R)
  73.63  546.21 ^ load_slew4774/Y (BUFx16f_ASAP7_75t_R)
  94.00  640.21 ^ _153629_/Y (AND2x2_ASAP7_75t_R)
 169.02  809.24 v _153630_/Y (NAND2x1_ASAP7_75t_R)
  64.17  873.41 v _153631_/Y (OA21x2_ASAP7_75t_R)
 108.13  981.54 v _153633_/Y (AND3x1_ASAP7_75t_R)
  89.17 1070.71 v _154870_/Y (AO222x2_ASAP7_75t_R)
  47.40 1118.11 v _154873_/Y (OR3x2_ASAP7_75t_R)
  54.24 1172.36 v _154878_/Y (OR5x1_ASAP7_75t_R)
  93.99 1266.34 v _154879_/Y (OR4x1_ASAP7_75t_R)
  74.48 1340.82 v _155829_/Y (OR4x1_ASAP7_75t_R)
  24.56 1365.38 v _155944_/Y (AO221x1_ASAP7_75t_R)
  50.94 1416.32 v _155949_/Y (OR5x1_ASAP7_75t_R)
  34.05 1450.37 v _156013_/Y (AND2x2_ASAP7_75t_R)
  49.97 1500.34 ^ _156016_/Y (NAND3x1_ASAP7_75t_R)
  39.70 1540.04 v _156112_/Y (AOI221x1_ASAP7_75t_R)
  26.08 1566.12 v _156115_/Y (OA21x2_ASAP7_75t_R)
  21.84 1587.97 v _156116_/Y (OR3x1_ASAP7_75t_R)
  38.63 1626.60 v _156123_/Y (AO33x2_ASAP7_75t_R)
  41.76 1668.35 ^ _156140_/Y (NAND2x1_ASAP7_75t_R)
 110.76 1779.11 ^ _156253_/Y (AO221x1_ASAP7_75t_R)
  69.58 1848.70 v _156308_/Y (NAND2x2_ASAP7_75t_R)
  49.02 1897.71 v _156311_/Y (AO21x2_ASAP7_75t_R)
  23.18 1920.89 v _156314_/Y (OA21x2_ASAP7_75t_R)
  27.71 1948.60 v _156388_/Y (AO221x1_ASAP7_75t_R)
  22.62 1971.22 v _156389_/Y (OA21x2_ASAP7_75t_R)
  24.14 1995.36 ^ _156393_/Y (AOI22x1_ASAP7_75t_R)
  53.99 2049.35 v _156410_/Y (NAND2x1_ASAP7_75t_R)
  71.47 2120.82 v _156421_/Y (AO33x2_ASAP7_75t_R)
  32.75 2153.58 ^ _156522_/Y (XNOR2x2_ASAP7_75t_R)
  25.19 2178.76 ^ _156526_/Y (AND4x1_ASAP7_75t_R)
  19.20 2197.96 ^ _156550_/Y (AO21x1_ASAP7_75t_R)
  19.23 2217.19 ^ _156551_/Y (AO21x1_ASAP7_75t_R)
  80.77 2297.96 ^ _156552_/Y (OA211x2_ASAP7_75t_R)
  89.28 2387.25 v _156555_/Y (INVx1_ASAP7_75t_R)
  33.68 2420.92 ^ _156568_/Y (OAI21x1_ASAP7_75t_R)
  34.29 2455.21 v _156616_/Y (AOI221x1_ASAP7_75t_R)
  48.52 2503.73 v _156806_/Y (OA211x2_ASAP7_75t_R)
  13.78 2517.51 ^ _156807_/Y (NAND2x1_ASAP7_75t_R)
  71.16 2588.67 ^ _156882_/Y (AO32x1_ASAP7_75t_R)
  34.48 2623.15 ^ _156995_/Y (OR2x2_ASAP7_75t_R)
  39.01 2662.16 ^ _157002_/Y (AO32x1_ASAP7_75t_R)
  36.29 2698.44 ^ _157004_/Y (XNOR2x2_ASAP7_75t_R)
  14.38 2712.83 v _157005_/Y (NOR3x1_ASAP7_75t_R)
  32.62 2745.45 v _157006_/Y (AND5x2_ASAP7_75t_R)
  28.88 2774.33 v _157078_/Y (OR3x1_ASAP7_75t_R)
  57.37 2831.69 v _157141_/Y (OA33x2_ASAP7_75t_R)
  34.73 2866.43 v _157144_/Y (OR2x2_ASAP7_75t_R)
  24.44 2890.87 v _157145_/Y (AO21x1_ASAP7_75t_R)
  26.35 2917.22 v _157196_/Y (AO32x1_ASAP7_75t_R)
  26.77 2943.99 v _157198_/Y (AO22x1_ASAP7_75t_R)
  23.00 2966.99 v _157222_/Y (AO21x1_ASAP7_75t_R)
  30.83 2997.82 v _157223_/Y (OR3x1_ASAP7_75t_R)
  42.49 3040.31 v _157312_/Y (AO21x1_ASAP7_75t_R)
  58.19 3098.50 ^ _157343_/Y (NAND2x1_ASAP7_75t_R)
  43.82 3142.32 v _157440_/Y (AOI221x1_ASAP7_75t_R)
  30.91 3173.23 v _157456_/Y (OA222x2_ASAP7_75t_R)
  22.24 3195.47 v _157459_/Y (AND5x2_ASAP7_75t_R)
  20.86 3216.33 v _157472_/Y (OA31x2_ASAP7_75t_R)
  42.26 3258.59 v _157475_/Y (OR4x2_ASAP7_75t_R)
  63.75 3322.33 ^ _157478_/Y (NAND2x1_ASAP7_75t_R)
  19.94 3342.27 v _157479_/Y (NOR2x1_ASAP7_75t_R)
  25.21 3367.48 v _157485_/Y (OA21x2_ASAP7_75t_R)
  28.58 3396.06 v _157492_/Y (AO221x1_ASAP7_75t_R)
  26.03 3422.09 v _157649_/Y (OA21x2_ASAP7_75t_R)
  24.74 3446.82 v _157651_/Y (AO21x1_ASAP7_75t_R)
  41.75 3488.58 v _157652_/Y (AO22x1_ASAP7_75t_R)
  64.55 3553.13 ^ _157732_/Y (NAND2x1_ASAP7_75t_R)
  25.99 3579.12 ^ _157764_/Y (AO21x1_ASAP7_75t_R)
  24.20 3603.32 v _157767_/Y (AOI22x1_ASAP7_75t_R)
  37.31 3640.63 v _157790_/Y (OA21x2_ASAP7_75t_R)
  18.85 3659.48 ^ _157827_/Y (AOI211x1_ASAP7_75t_R)
  19.61 3679.09 v _157842_/Y (OAI21x1_ASAP7_75t_R)
  89.64 3768.73 v _157921_/Y (AO221x1_ASAP7_75t_R)
  48.27 3817.00 v _157922_/Y (AO221x1_ASAP7_75t_R)
  27.48 3844.48 v _157925_/Y (AO32x2_ASAP7_75t_R)
  22.59 3867.07 v _157949_/Y (OA211x2_ASAP7_75t_R)
  32.17 3899.24 v _157967_/Y (AO222x2_ASAP7_75t_R)
  38.29 3937.53 v _158020_/Y (AO221x1_ASAP7_75t_R)
  28.61 3966.14 v _158084_/Y (AO211x2_ASAP7_75t_R)
  41.43 4007.57 v _158094_/Y (AND2x2_ASAP7_75t_R)
  49.23 4056.80 v _158173_/Y (OR3x2_ASAP7_75t_R)
  22.73 4079.54 v _158271_/Y (AO221x1_ASAP7_75t_R)
  33.06 4112.59 v _158272_/Y (OR5x1_ASAP7_75t_R)
  46.33 4158.93 v _158273_/Y (OR5x1_ASAP7_75t_R)
  20.14 4179.06 ^ _158274_/Y (NAND2x2_ASAP7_75t_R)
  54.60 4233.66 v _158287_/Y (OAI21x1_ASAP7_75t_R)
  52.70 4286.36 v _158298_/Y (AND2x2_ASAP7_75t_R)
  35.64 4322.00 v _158304_/Y (OA211x2_ASAP7_75t_R)
  30.46 4352.46 v _158330_/Y (XNOR2x2_ASAP7_75t_R)
  29.58 4382.04 v _158388_/Y (OR5x1_ASAP7_75t_R)
  42.94 4424.98 v _158399_/Y (AO33x2_ASAP7_75t_R)
  26.16 4451.15 v _158436_/Y (AND2x2_ASAP7_75t_R)
  78.93 4530.07 v _158437_/Y (OR3x1_ASAP7_75t_R)
  70.98 4601.05 v _158474_/Y (AND2x2_ASAP7_75t_R)
  38.15 4639.21 ^ _158476_/Y (AOI22x1_ASAP7_75t_R)
  23.17 4662.38 ^ _158477_/Y (AND2x2_ASAP7_75t_R)
  16.00 4678.38 v _158496_/Y (AOI221x1_ASAP7_75t_R)
  33.09 4711.47 v _158497_/Y (MAJx2_ASAP7_75t_R)
  24.75 4736.22 v _158571_/Y (AO21x1_ASAP7_75t_R)
  46.55 4782.77 v _158629_/Y (AO221x2_ASAP7_75t_R)
  81.05 4863.83 ^ _158672_/Y (NAND2x1_ASAP7_75t_R)
  35.80 4899.63 ^ _158689_/Y (AND2x2_ASAP7_75t_R)
  22.57 4922.20 ^ _158690_/Y (OA21x2_ASAP7_75t_R)
  20.24 4942.44 ^ _158691_/Y (OR2x2_ASAP7_75t_R)
  22.82 4965.26 ^ _158702_/Y (AND3x1_ASAP7_75t_R)
  21.78 4987.04 ^ _158720_/Y (OA21x2_ASAP7_75t_R)
  24.53 5011.57 ^ _158743_/Y (OA31x2_ASAP7_75t_R)
  15.08 5026.64 ^ _158761_/Y (OR4x1_ASAP7_75t_R)
  48.03 5074.67 ^ _158764_/Y (AND5x2_ASAP7_75t_R)
  52.84 5127.52 ^ _159054_/Y (OA21x2_ASAP7_75t_R)
 118.43 5245.95 ^ _159120_/Y (OA21x2_ASAP7_75t_R)
  58.79 5304.73 ^ _159154_/Y (AO221x1_ASAP7_75t_R)
  92.01 5396.74 ^ _159901_/Y (AND2x2_ASAP7_75t_R)
 173.87 5570.61 v _159903_/Y (NOR2x1_ASAP7_75t_R)
  96.92 5667.53 ^ _163182_/Y (NAND2x2_ASAP7_75t_R)
  31.92 5699.44 ^ load_slew951/Y (BUFx16f_ASAP7_75t_R)
  21.96 5721.41 ^ load_slew949/Y (BUFx16f_ASAP7_75t_R)
  32.45 5753.86 ^ wire948/Y (BUFx16f_ASAP7_75t_R)
 159.78 5913.64 ^ _164794_/Y (OR2x2_ASAP7_75t_R)
  45.16 5958.79 v _201332_/Y (NAND2x1_ASAP7_75t_R)
  20.80 5979.59 v _201333_/Y (AO21x1_ASAP7_75t_R)
  26.12 6005.71 v _201334_/Y (OA211x2_ASAP7_75t_R)
  16.90 6022.61 v _201335_/Y (AO21x1_ASAP7_75t_R)
  15.28 6037.89 v _201336_/Y (AND2x2_ASAP7_75t_R)
   0.09 6037.97 v _312500_/D (DFFHQNx1_ASAP7_75t_R)
        6037.97   data arrival time

12000.00 12000.00   clock core_clk (rise edge)
   0.00 12000.00   clock source latency
   0.00 12000.00 ^ clk (in)
  46.11 12046.11 ^ wire4945/Y (BUFx10_ASAP7_75t_R)
  47.38 12093.49 ^ clkbuf_0_clk/Y (BUFx24_ASAP7_75t_R)
  28.80 12122.29 ^ clkbuf_1_1_0_clk/Y (BUFx24_ASAP7_75t_R)
  28.42 12150.71 ^ clkbuf_2_3_0_clk/Y (BUFx24_ASAP7_75t_R)
  22.98 12173.68 ^ clkbuf_3_6_0_clk/Y (BUFx24_ASAP7_75t_R)
  28.79 12202.47 ^ clkbuf_4_13_0_clk/Y (BUFx24_ASAP7_75t_R)
  25.67 12228.14 ^ clkbuf_6_54_0_clk/Y (BUFx24_ASAP7_75t_R)
  20.61 12248.74 ^ clkbuf_7_109__f_clk/Y (BUFx24_ASAP7_75t_R)
  27.78 12276.52 ^ clkbuf_leaf_495_clk/Y (BUFx24_ASAP7_75t_R)
   2.49 12279.01 ^ _312500_/CLK (DFFHQNx1_ASAP7_75t_R)
 -50.00 12229.01   clock uncertainty
   2.19 12231.20   clock reconvergence pessimism
  -0.10 12231.10   library setup time
        12231.10   data required time
---------------------------------------------------------
        12231.10   data required time
        -6037.97   data arrival time
---------------------------------------------------------
        6193.13   slack (MET)


Startpoint: _308209_ (rising edge-triggered flip-flop clocked by core_clk)
Endpoint: _312502_ (rising edge-triggered flip-flop clocked by core_clk)
Path Group: reg2reg
Path Type: max

  Delay    Time   Description
---------------------------------------------------------
   0.00    0.00   clock core_clk (rise edge)
   0.00    0.00   clock source latency
   0.00    0.00 ^ clk (in)
  46.81   46.81 ^ wire4945/Y (BUFx10_ASAP7_75t_R)
  48.87   95.68 ^ clkbuf_0_clk/Y (BUFx24_ASAP7_75t_R)
  30.20  125.87 ^ clkbuf_1_0_0_clk/Y (BUFx24_ASAP7_75t_R)
  29.09  154.96 ^ clkbuf_2_1_0_clk/Y (BUFx24_ASAP7_75t_R)
  26.47  181.44 ^ clkbuf_3_2_0_clk/Y (BUFx24_ASAP7_75t_R)
  30.84  212.28 ^ clkbuf_4_4_0_clk/Y (BUFx24_ASAP7_75t_R)
  24.84  237.12 ^ clkbuf_6_19_0_clk/Y (BUFx24_ASAP7_75t_R)
  21.77  258.88 ^ clkbuf_7_38__f_clk/Y (BUFx24_ASAP7_75t_R)
  27.65  286.53 ^ clkbuf_leaf_778_clk/Y (BUFx24_ASAP7_75t_R)
   2.33  288.86 ^ _308209_/CLK (DFFHQNx3_ASAP7_75t_R)
  56.18  345.04 ^ _308209_/QN (DFFHQNx3_ASAP7_75t_R)
  27.51  372.55 ^ wire4778/Y (BUFx16f_ASAP7_75t_R)
  66.95  439.50 ^ wire4776/Y (BUFx16f_ASAP7_75t_R)
  33.08  472.58 ^ wire4775/Y (BUFx16f_ASAP7_75t_R)
  73.63  546.21 ^ load_slew4774/Y (BUFx16f_ASAP7_75t_R)
  94.00  640.21 ^ _153629_/Y (AND2x2_ASAP7_75t_R)
 169.02  809.24 v _153630_/Y (NAND2x1_ASAP7_75t_R)
  64.17  873.41 v _153631_/Y (OA21x2_ASAP7_75t_R)
 108.13  981.54 v _153633_/Y (AND3x1_ASAP7_75t_R)
  89.17 1070.71 v _154870_/Y (AO222x2_ASAP7_75t_R)
  47.40 1118.11 v _154873_/Y (OR3x2_ASAP7_75t_R)
  54.24 1172.36 v _154878_/Y (OR5x1_ASAP7_75t_R)
  93.99 1266.34 v _154879_/Y (OR4x1_ASAP7_75t_R)
  74.48 1340.82 v _155829_/Y (OR4x1_ASAP7_75t_R)
  24.56 1365.38 v _155944_/Y (AO221x1_ASAP7_75t_R)
  50.94 1416.32 v _155949_/Y (OR5x1_ASAP7_75t_R)
  34.05 1450.37 v _156013_/Y (AND2x2_ASAP7_75t_R)
  49.97 1500.34 ^ _156016_/Y (NAND3x1_ASAP7_75t_R)
  39.70 1540.04 v _156112_/Y (AOI221x1_ASAP7_75t_R)
  26.08 1566.12 v _156115_/Y (OA21x2_ASAP7_75t_R)
  21.84 1587.97 v _156116_/Y (OR3x1_ASAP7_75t_R)
  38.63 1626.60 v _156123_/Y (AO33x2_ASAP7_75t_R)
  41.76 1668.35 ^ _156140_/Y (NAND2x1_ASAP7_75t_R)
 110.76 1779.11 ^ _156253_/Y (AO221x1_ASAP7_75t_R)
  69.58 1848.70 v _156308_/Y (NAND2x2_ASAP7_75t_R)
  49.02 1897.71 v _156311_/Y (AO21x2_ASAP7_75t_R)
  23.18 1920.89 v _156314_/Y (OA21x2_ASAP7_75t_R)
  27.71 1948.60 v _156388_/Y (AO221x1_ASAP7_75t_R)
  22.62 1971.22 v _156389_/Y (OA21x2_ASAP7_75t_R)
  24.14 1995.36 ^ _156393_/Y (AOI22x1_ASAP7_75t_R)
  53.99 2049.35 v _156410_/Y (NAND2x1_ASAP7_75t_R)
  71.47 2120.82 v _156421_/Y (AO33x2_ASAP7_75t_R)
  32.75 2153.58 ^ _156522_/Y (XNOR2x2_ASAP7_75t_R)
  25.19 2178.76 ^ _156526_/Y (AND4x1_ASAP7_75t_R)
  19.20 2197.96 ^ _156550_/Y (AO21x1_ASAP7_75t_R)
  19.23 2217.19 ^ _156551_/Y (AO21x1_ASAP7_75t_R)
  80.77 2297.96 ^ _156552_/Y (OA211x2_ASAP7_75t_R)
  89.28 2387.25 v _156555_/Y (INVx1_ASAP7_75t_R)
  33.68 2420.92 ^ _156568_/Y (OAI21x1_ASAP7_75t_R)
  34.29 2455.21 v _156616_/Y (AOI221x1_ASAP7_75t_R)
  48.52 2503.73 v _156806_/Y (OA211x2_ASAP7_75t_R)
  13.78 2517.51 ^ _156807_/Y (NAND2x1_ASAP7_75t_R)
  71.16 2588.67 ^ _156882_/Y (AO32x1_ASAP7_75t_R)
  34.48 2623.15 ^ _156995_/Y (OR2x2_ASAP7_75t_R)
  39.01 2662.16 ^ _157002_/Y (AO32x1_ASAP7_75t_R)
  36.29 2698.44 ^ _157004_/Y (XNOR2x2_ASAP7_75t_R)
  14.38 2712.83 v _157005_/Y (NOR3x1_ASAP7_75t_R)
  32.62 2745.45 v _157006_/Y (AND5x2_ASAP7_75t_R)
  28.88 2774.33 v _157078_/Y (OR3x1_ASAP7_75t_R)
  57.37 2831.69 v _157141_/Y (OA33x2_ASAP7_75t_R)
  34.73 2866.43 v _157144_/Y (OR2x2_ASAP7_75t_R)
  24.44 2890.87 v _157145_/Y (AO21x1_ASAP7_75t_R)
  26.35 2917.22 v _157196_/Y (AO32x1_ASAP7_75t_R)
  26.77 2943.99 v _157198_/Y (AO22x1_ASAP7_75t_R)
  23.00 2966.99 v _157222_/Y (AO21x1_ASAP7_75t_R)
  30.83 2997.82 v _157223_/Y (OR3x1_ASAP7_75t_R)
  42.49 3040.31 v _157312_/Y (AO21x1_ASAP7_75t_R)
  58.19 3098.50 ^ _157343_/Y (NAND2x1_ASAP7_75t_R)
  43.82 3142.32 v _157440_/Y (AOI221x1_ASAP7_75t_R)
  30.91 3173.23 v _157456_/Y (OA222x2_ASAP7_75t_R)
  22.24 3195.47 v _157459_/Y (AND5x2_ASAP7_75t_R)
  20.86 3216.33 v _157472_/Y (OA31x2_ASAP7_75t_R)
  42.26 3258.59 v _157475_/Y (OR4x2_ASAP7_75t_R)
  63.75 3322.33 ^ _157478_/Y (NAND2x1_ASAP7_75t_R)
  19.94 3342.27 v _157479_/Y (NOR2x1_ASAP7_75t_R)
  25.21 3367.48 v _157485_/Y (OA21x2_ASAP7_75t_R)
  28.58 3396.06 v _157492_/Y (AO221x1_ASAP7_75t_R)
  26.03 3422.09 v _157649_/Y (OA21x2_ASAP7_75t_R)
  24.74 3446.82 v _157651_/Y (AO21x1_ASAP7_75t_R)
  41.75 3488.58 v _157652_/Y (AO22x1_ASAP7_75t_R)
  64.55 3553.13 ^ _157732_/Y (NAND2x1_ASAP7_75t_R)
  25.99 3579.12 ^ _157764_/Y (AO21x1_ASAP7_75t_R)
  24.20 3603.32 v _157767_/Y (AOI22x1_ASAP7_75t_R)
  37.31 3640.63 v _157790_/Y (OA21x2_ASAP7_75t_R)
  18.85 3659.48 ^ _157827_/Y (AOI211x1_ASAP7_75t_R)
  19.61 3679.09 v _157842_/Y (OAI21x1_ASAP7_75t_R)
  89.64 3768.73 v _157921_/Y (AO221x1_ASAP7_75t_R)
  48.27 3817.00 v _157922_/Y (AO221x1_ASAP7_75t_R)
  27.48 3844.48 v _157925_/Y (AO32x2_ASAP7_75t_R)
  22.59 3867.07 v _157949_/Y (OA211x2_ASAP7_75t_R)
  32.17 3899.24 v _157967_/Y (AO222x2_ASAP7_75t_R)
  38.29 3937.53 v _158020_/Y (AO221x1_ASAP7_75t_R)
  28.61 3966.14 v _158084_/Y (AO211x2_ASAP7_75t_R)
  41.43 4007.57 v _158094_/Y (AND2x2_ASAP7_75t_R)
  49.23 4056.80 v _158173_/Y (OR3x2_ASAP7_75t_R)
  22.73 4079.54 v _158271_/Y (AO221x1_ASAP7_75t_R)
  33.06 4112.59 v _158272_/Y (OR5x1_ASAP7_75t_R)
  46.33 4158.93 v _158273_/Y (OR5x1_ASAP7_75t_R)
  20.14 4179.06 ^ _158274_/Y (NAND2x2_ASAP7_75t_R)
  54.60 4233.66 v _158287_/Y (OAI21x1_ASAP7_75t_R)
  52.70 4286.36 v _158298_/Y (AND2x2_ASAP7_75t_R)
  35.64 4322.00 v _158304_/Y (OA211x2_ASAP7_75t_R)
  30.46 4352.46 v _158330_/Y (XNOR2x2_ASAP7_75t_R)
  29.58 4382.04 v _158388_/Y (OR5x1_ASAP7_75t_R)
  42.94 4424.98 v _158399_/Y (AO33x2_ASAP7_75t_R)
  26.16 4451.15 v _158436_/Y (AND2x2_ASAP7_75t_R)
  78.93 4530.07 v _158437_/Y (OR3x1_ASAP7_75t_R)
  70.98 4601.05 v _158474_/Y (AND2x2_ASAP7_75t_R)
  38.15 4639.21 ^ _158476_/Y (AOI22x1_ASAP7_75t_R)
  23.17 4662.38 ^ _158477_/Y (AND2x2_ASAP7_75t_R)
  16.00 4678.38 v _158496_/Y (AOI221x1_ASAP7_75t_R)
  33.09 4711.47 v _158497_/Y (MAJx2_ASAP7_75t_R)
  24.75 4736.22 v _158571_/Y (AO21x1_ASAP7_75t_R)
  46.55 4782.77 v _158629_/Y (AO221x2_ASAP7_75t_R)
  81.05 4863.83 ^ _158672_/Y (NAND2x1_ASAP7_75t_R)
  35.80 4899.63 ^ _158689_/Y (AND2x2_ASAP7_75t_R)
  22.57 4922.20 ^ _158690_/Y (OA21x2_ASAP7_75t_R)
  20.24 4942.44 ^ _158691_/Y (OR2x2_ASAP7_75t_R)
  22.82 4965.26 ^ _158702_/Y (AND3x1_ASAP7_75t_R)
  21.78 4987.04 ^ _158720_/Y (OA21x2_ASAP7_75t_R)
  24.53 5011.57 ^ _158743_/Y (OA31x2_ASAP7_75t_R)
  15.08 5026.64 ^ _158761_/Y (OR4x1_ASAP7_75t_R)
  48.03 5074.67 ^ _158764_/Y (AND5x2_ASAP7_75t_R)
  52.84 5127.52 ^ _159054_/Y (OA21x2_ASAP7_75t_R)
 118.43 5245.95 ^ _159120_/Y (OA21x2_ASAP7_75t_R)
  58.79 5304.73 ^ _159154_/Y (AO221x1_ASAP7_75t_R)
  92.01 5396.74 ^ _159901_/Y (AND2x2_ASAP7_75t_R)
 173.87 5570.61 v _159903_/Y (NOR2x1_ASAP7_75t_R)
  96.92 5667.53 ^ _163182_/Y (NAND2x2_ASAP7_75t_R)
  31.92 5699.44 ^ load_slew951/Y (BUFx16f_ASAP7_75t_R)
  21.96 5721.41 ^ load_slew949/Y (BUFx16f_ASAP7_75t_R)
  32.45 5753.86 ^ wire948/Y (BUFx16f_ASAP7_75t_R)
 159.78 5913.64 ^ _164794_/Y (OR2x2_ASAP7_75t_R)
  45.33 5958.97 v _201349_/Y (NAND2x1_ASAP7_75t_R)
  20.65 5979.62 v _201351_/Y (AO21x1_ASAP7_75t_R)
  26.41 6006.03 v _201352_/Y (OA211x2_ASAP7_75t_R)
  17.06 6023.09 v _201353_/Y (AO21x1_ASAP7_75t_R)
  14.99 6038.08 v _201354_/Y (AND2x2_ASAP7_75t_R)
   0.04 6038.12 v _312502_/D (DFFHQNx1_ASAP7_75t_R)
        6038.12   data arrival time

12000.00 12000.00   clock core_clk (rise edge)
   0.00 12000.00   clock source latency
   0.00 12000.00 ^ clk (in)
  46.11 12046.11 ^ wire4945/Y (BUFx10_ASAP7_75t_R)
  47.38 12093.49 ^ clkbuf_0_clk/Y (BUFx24_ASAP7_75t_R)
  28.80 12122.29 ^ clkbuf_1_1_0_clk/Y (BUFx24_ASAP7_75t_R)
  28.42 12150.71 ^ clkbuf_2_3_0_clk/Y (BUFx24_ASAP7_75t_R)
  26.26 12176.97 ^ clkbuf_3_7_0_clk/Y (BUFx24_ASAP7_75t_R)
  29.86 12206.83 ^ clkbuf_4_14_0_clk/Y (BUFx24_ASAP7_75t_R)
  24.58 12231.41 ^ clkbuf_6_59_0_clk/Y (BUFx24_ASAP7_75t_R)
  21.07 12252.48 ^ clkbuf_7_119__f_clk/Y (BUFx24_ASAP7_75t_R)
  24.09 12276.57 ^ clkbuf_leaf_523_clk/Y (BUFx24_ASAP7_75t_R)
   2.59 12279.16 ^ _312502_/CLK (DFFHQNx1_ASAP7_75t_R)
 -50.00 12229.16   clock uncertainty
   2.19 12231.35   clock reconvergence pessimism
   0.09 12231.44   library setup time
        12231.44   data required time
---------------------------------------------------------
        12231.44   data required time
        -6038.12   data arrival time
---------------------------------------------------------
        6193.32   slack (MET)


Startpoint: _308209_ (rising edge-triggered flip-flop clocked by core_clk)
Endpoint: _312513_ (rising edge-triggered flip-flop clocked by core_clk)
Path Group: reg2reg
Path Type: max

  Delay    Time   Description
---------------------------------------------------------
   0.00    0.00   clock core_clk (rise edge)
   0.00    0.00   clock source latency
   0.00    0.00 ^ clk (in)
  46.81   46.81 ^ wire4945/Y (BUFx10_ASAP7_75t_R)
  48.87   95.68 ^ clkbuf_0_clk/Y (BUFx24_ASAP7_75t_R)
  30.20  125.87 ^ clkbuf_1_0_0_clk/Y (BUFx24_ASAP7_75t_R)
  29.09  154.96 ^ clkbuf_2_1_0_clk/Y (BUFx24_ASAP7_75t_R)
  26.47  181.44 ^ clkbuf_3_2_0_clk/Y (BUFx24_ASAP7_75t_R)
  30.84  212.28 ^ clkbuf_4_4_0_clk/Y (BUFx24_ASAP7_75t_R)
  24.84  237.12 ^ clkbuf_6_19_0_clk/Y (BUFx24_ASAP7_75t_R)
  21.77  258.88 ^ clkbuf_7_38__f_clk/Y (BUFx24_ASAP7_75t_R)
  27.65  286.53 ^ clkbuf_leaf_778_clk/Y (BUFx24_ASAP7_75t_R)
   2.33  288.86 ^ _308209_/CLK (DFFHQNx3_ASAP7_75t_R)
  56.18  345.04 ^ _308209_/QN (DFFHQNx3_ASAP7_75t_R)
  27.51  372.55 ^ wire4778/Y (BUFx16f_ASAP7_75t_R)
  66.95  439.50 ^ wire4776/Y (BUFx16f_ASAP7_75t_R)
  33.08  472.58 ^ wire4775/Y (BUFx16f_ASAP7_75t_R)
  73.63  546.21 ^ load_slew4774/Y (BUFx16f_ASAP7_75t_R)
  94.00  640.21 ^ _153629_/Y (AND2x2_ASAP7_75t_R)
 169.02  809.24 v _153630_/Y (NAND2x1_ASAP7_75t_R)
  64.17  873.41 v _153631_/Y (OA21x2_ASAP7_75t_R)
 108.13  981.54 v _153633_/Y (AND3x1_ASAP7_75t_R)
  89.17 1070.71 v _154870_/Y (AO222x2_ASAP7_75t_R)
  47.40 1118.11 v _154873_/Y (OR3x2_ASAP7_75t_R)
  54.24 1172.36 v _154878_/Y (OR5x1_ASAP7_75t_R)
  93.99 1266.34 v _154879_/Y (OR4x1_ASAP7_75t_R)
  74.48 1340.82 v _155829_/Y (OR4x1_ASAP7_75t_R)
  24.56 1365.38 v _155944_/Y (AO221x1_ASAP7_75t_R)
  50.94 1416.32 v _155949_/Y (OR5x1_ASAP7_75t_R)
  34.05 1450.37 v _156013_/Y (AND2x2_ASAP7_75t_R)
  49.97 1500.34 ^ _156016_/Y (NAND3x1_ASAP7_75t_R)
  39.70 1540.04 v _156112_/Y (AOI221x1_ASAP7_75t_R)
  26.08 1566.12 v _156115_/Y (OA21x2_ASAP7_75t_R)
  21.84 1587.97 v _156116_/Y (OR3x1_ASAP7_75t_R)
  38.63 1626.60 v _156123_/Y (AO33x2_ASAP7_75t_R)
  41.76 1668.35 ^ _156140_/Y (NAND2x1_ASAP7_75t_R)
 110.76 1779.11 ^ _156253_/Y (AO221x1_ASAP7_75t_R)
  69.58 1848.70 v _156308_/Y (NAND2x2_ASAP7_75t_R)
  49.02 1897.71 v _156311_/Y (AO21x2_ASAP7_75t_R)
  23.18 1920.89 v _156314_/Y (OA21x2_ASAP7_75t_R)
  27.71 1948.60 v _156388_/Y (AO221x1_ASAP7_75t_R)
  22.62 1971.22 v _156389_/Y (OA21x2_ASAP7_75t_R)
  24.14 1995.36 ^ _156393_/Y (AOI22x1_ASAP7_75t_R)
  53.99 2049.35 v _156410_/Y (NAND2x1_ASAP7_75t_R)
  71.47 2120.82 v _156421_/Y (AO33x2_ASAP7_75t_R)
  32.75 2153.58 ^ _156522_/Y (XNOR2x2_ASAP7_75t_R)
  25.19 2178.76 ^ _156526_/Y (AND4x1_ASAP7_75t_R)
  19.20 2197.96 ^ _156550_/Y (AO21x1_ASAP7_75t_R)
  19.23 2217.19 ^ _156551_/Y (AO21x1_ASAP7_75t_R)
  80.77 2297.96 ^ _156552_/Y (OA211x2_ASAP7_75t_R)
  89.28 2387.25 v _156555_/Y (INVx1_ASAP7_75t_R)
  33.68 2420.92 ^ _156568_/Y (OAI21x1_ASAP7_75t_R)
  34.29 2455.21 v _156616_/Y (AOI221x1_ASAP7_75t_R)
  48.52 2503.73 v _156806_/Y (OA211x2_ASAP7_75t_R)
  13.78 2517.51 ^ _156807_/Y (NAND2x1_ASAP7_75t_R)
  71.16 2588.67 ^ _156882_/Y (AO32x1_ASAP7_75t_R)
  34.48 2623.15 ^ _156995_/Y (OR2x2_ASAP7_75t_R)
  39.01 2662.16 ^ _157002_/Y (AO32x1_ASAP7_75t_R)
  36.29 2698.44 ^ _157004_/Y (XNOR2x2_ASAP7_75t_R)
  14.38 2712.83 v _157005_/Y (NOR3x1_ASAP7_75t_R)
  32.62 2745.45 v _157006_/Y (AND5x2_ASAP7_75t_R)
  28.88 2774.33 v _157078_/Y (OR3x1_ASAP7_75t_R)
  57.37 2831.69 v _157141_/Y (OA33x2_ASAP7_75t_R)
  34.73 2866.43 v _157144_/Y (OR2x2_ASAP7_75t_R)
  24.44 2890.87 v _157145_/Y (AO21x1_ASAP7_75t_R)
  26.35 2917.22 v _157196_/Y (AO32x1_ASAP7_75t_R)
  26.77 2943.99 v _157198_/Y (AO22x1_ASAP7_75t_R)
  23.00 2966.99 v _157222_/Y (AO21x1_ASAP7_75t_R)
  30.83 2997.82 v _157223_/Y (OR3x1_ASAP7_75t_R)
  42.49 3040.31 v _157312_/Y (AO21x1_ASAP7_75t_R)
  58.19 3098.50 ^ _157343_/Y (NAND2x1_ASAP7_75t_R)
  43.82 3142.32 v _157440_/Y (AOI221x1_ASAP7_75t_R)
  30.91 3173.23 v _157456_/Y (OA222x2_ASAP7_75t_R)
  22.24 3195.47 v _157459_/Y (AND5x2_ASAP7_75t_R)
  20.86 3216.33 v _157472_/Y (OA31x2_ASAP7_75t_R)
  42.26 3258.59 v _157475_/Y (OR4x2_ASAP7_75t_R)
  63.75 3322.33 ^ _157478_/Y (NAND2x1_ASAP7_75t_R)
  19.94 3342.27 v _157479_/Y (NOR2x1_ASAP7_75t_R)
  25.21 3367.48 v _157485_/Y (OA21x2_ASAP7_75t_R)
  28.58 3396.06 v _157492_/Y (AO221x1_ASAP7_75t_R)
  26.03 3422.09 v _157649_/Y (OA21x2_ASAP7_75t_R)
  24.74 3446.82 v _157651_/Y (AO21x1_ASAP7_75t_R)
  41.75 3488.58 v _157652_/Y (AO22x1_ASAP7_75t_R)
  64.55 3553.13 ^ _157732_/Y (NAND2x1_ASAP7_75t_R)
  25.99 3579.12 ^ _157764_/Y (AO21x1_ASAP7_75t_R)
  24.20 3603.32 v _157767_/Y (AOI22x1_ASAP7_75t_R)
  37.31 3640.63 v _157790_/Y (OA21x2_ASAP7_75t_R)
  18.85 3659.48 ^ _157827_/Y (AOI211x1_ASAP7_75t_R)
  19.61 3679.09 v _157842_/Y (OAI21x1_ASAP7_75t_R)
  89.64 3768.73 v _157921_/Y (AO221x1_ASAP7_75t_R)
  48.27 3817.00 v _157922_/Y (AO221x1_ASAP7_75t_R)
  27.48 3844.48 v _157925_/Y (AO32x2_ASAP7_75t_R)
  22.59 3867.07 v _157949_/Y (OA211x2_ASAP7_75t_R)
  32.17 3899.24 v _157967_/Y (AO222x2_ASAP7_75t_R)
  38.29 3937.53 v _158020_/Y (AO221x1_ASAP7_75t_R)
  28.61 3966.14 v _158084_/Y (AO211x2_ASAP7_75t_R)
  41.43 4007.57 v _158094_/Y (AND2x2_ASAP7_75t_R)
  49.23 4056.80 v _158173_/Y (OR3x2_ASAP7_75t_R)
  22.73 4079.54 v _158271_/Y (AO221x1_ASAP7_75t_R)
  33.06 4112.59 v _158272_/Y (OR5x1_ASAP7_75t_R)
  46.33 4158.93 v _158273_/Y (OR5x1_ASAP7_75t_R)
  20.14 4179.06 ^ _158274_/Y (NAND2x2_ASAP7_75t_R)
  54.60 4233.66 v _158287_/Y (OAI21x1_ASAP7_75t_R)
  52.70 4286.36 v _158298_/Y (AND2x2_ASAP7_75t_R)
  35.64 4322.00 v _158304_/Y (OA211x2_ASAP7_75t_R)
  30.46 4352.46 v _158330_/Y (XNOR2x2_ASAP7_75t_R)
  29.58 4382.04 v _158388_/Y (OR5x1_ASAP7_75t_R)
  42.94 4424.98 v _158399_/Y (AO33x2_ASAP7_75t_R)
  26.16 4451.15 v _158436_/Y (AND2x2_ASAP7_75t_R)
  78.93 4530.07 v _158437_/Y (OR3x1_ASAP7_75t_R)
  70.98 4601.05 v _158474_/Y (AND2x2_ASAP7_75t_R)
  38.15 4639.21 ^ _158476_/Y (AOI22x1_ASAP7_75t_R)
  23.17 4662.38 ^ _158477_/Y (AND2x2_ASAP7_75t_R)
  16.00 4678.38 v _158496_/Y (AOI221x1_ASAP7_75t_R)
  33.09 4711.47 v _158497_/Y (MAJx2_ASAP7_75t_R)
  24.75 4736.22 v _158571_/Y (AO21x1_ASAP7_75t_R)
  46.55 4782.77 v _158629_/Y (AO221x2_ASAP7_75t_R)
  81.05 4863.83 ^ _158672_/Y (NAND2x1_ASAP7_75t_R)
  35.80 4899.63 ^ _158689_/Y (AND2x2_ASAP7_75t_R)
  22.57 4922.20 ^ _158690_/Y (OA21x2_ASAP7_75t_R)
  20.24 4942.44 ^ _158691_/Y (OR2x2_ASAP7_75t_R)
  22.82 4965.26 ^ _158702_/Y (AND3x1_ASAP7_75t_R)
  21.78 4987.04 ^ _158720_/Y (OA21x2_ASAP7_75t_R)
  24.53 5011.57 ^ _158743_/Y (OA31x2_ASAP7_75t_R)
  15.08 5026.64 ^ _158761_/Y (OR4x1_ASAP7_75t_R)
  48.03 5074.67 ^ _158764_/Y (AND5x2_ASAP7_75t_R)
  52.84 5127.52 ^ _159054_/Y (OA21x2_ASAP7_75t_R)
 118.43 5245.95 ^ _159120_/Y (OA21x2_ASAP7_75t_R)
  58.79 5304.73 ^ _159154_/Y (AO221x1_ASAP7_75t_R)
  92.01 5396.74 ^ _159901_/Y (AND2x2_ASAP7_75t_R)
 173.87 5570.61 v _159903_/Y (NOR2x1_ASAP7_75t_R)
  96.92 5667.53 ^ _163182_/Y (NAND2x2_ASAP7_75t_R)
  31.92 5699.44 ^ load_slew951/Y (BUFx16f_ASAP7_75t_R)
  21.96 5721.41 ^ load_slew949/Y (BUFx16f_ASAP7_75t_R)
  32.45 5753.86 ^ wire948/Y (BUFx16f_ASAP7_75t_R)
 159.78 5913.64 ^ _164794_/Y (OR2x2_ASAP7_75t_R)
  41.08 5954.72 v _201424_/Y (NAND2x1_ASAP7_75t_R)
  20.88 5975.60 v _201425_/Y (AO21x1_ASAP7_75t_R)
  25.90 6001.50 v _201426_/Y (OA211x2_ASAP7_75t_R)
  17.06 6018.56 v _201427_/Y (AO21x1_ASAP7_75t_R)
  14.85 6033.41 v _201428_/Y (AND2x2_ASAP7_75t_R)
   0.05 6033.46 v _312513_/D (DFFHQNx1_ASAP7_75t_R)
        6033.46   data arrival time

12000.00 12000.00   clock core_clk (rise edge)
   0.00 12000.00   clock source latency
   0.00 12000.00 ^ clk (in)
  46.11 12046.11 ^ wire4945/Y (BUFx10_ASAP7_75t_R)
  47.38 12093.49 ^ clkbuf_0_clk/Y (BUFx24_ASAP7_75t_R)
  28.80 12122.29 ^ clkbuf_1_1_0_clk/Y (BUFx24_ASAP7_75t_R)
  28.42 12150.71 ^ clkbuf_2_3_0_clk/Y (BUFx24_ASAP7_75t_R)
  22.98 12173.68 ^ clkbuf_3_6_0_clk/Y (BUFx24_ASAP7_75t_R)
  29.23 12202.91 ^ clkbuf_4_12_0_clk/Y (BUFx24_ASAP7_75t_R)
  27.07 12229.97 ^ clkbuf_6_51_0_clk/Y (BUFx24_ASAP7_75t_R)
  20.89 12250.87 ^ clkbuf_7_103__f_clk/Y (BUFx24_ASAP7_75t_R)
  23.67 12274.54 ^ clkbuf_leaf_474_clk/Y (BUFx24_ASAP7_75t_R)
   0.82 12275.36 ^ _312513_/CLK (DFFHQNx1_ASAP7_75t_R)
 -50.00 12225.36   clock uncertainty
   2.19 12227.55   clock reconvergence pessimism
  -0.39 12227.16   library setup time
        12227.16   data required time
---------------------------------------------------------
        12227.16   data required time
        -6033.46   data arrival time
---------------------------------------------------------
        6193.70   slack (MET)


Startpoint: _308209_ (rising edge-triggered flip-flop clocked by core_clk)
Endpoint: _312532_ (rising edge-triggered flip-flop clocked by core_clk)
Path Group: reg2reg
Path Type: max

  Delay    Time   Description
---------------------------------------------------------
   0.00    0.00   clock core_clk (rise edge)
   0.00    0.00   clock source latency
   0.00    0.00 ^ clk (in)
  46.81   46.81 ^ wire4945/Y (BUFx10_ASAP7_75t_R)
  48.87   95.68 ^ clkbuf_0_clk/Y (BUFx24_ASAP7_75t_R)
  30.20  125.87 ^ clkbuf_1_0_0_clk/Y (BUFx24_ASAP7_75t_R)
  29.09  154.96 ^ clkbuf_2_1_0_clk/Y (BUFx24_ASAP7_75t_R)
  26.47  181.44 ^ clkbuf_3_2_0_clk/Y (BUFx24_ASAP7_75t_R)
  30.84  212.28 ^ clkbuf_4_4_0_clk/Y (BUFx24_ASAP7_75t_R)
  24.84  237.12 ^ clkbuf_6_19_0_clk/Y (BUFx24_ASAP7_75t_R)
  21.77  258.88 ^ clkbuf_7_38__f_clk/Y (BUFx24_ASAP7_75t_R)
  27.65  286.53 ^ clkbuf_leaf_778_clk/Y (BUFx24_ASAP7_75t_R)
   2.33  288.86 ^ _308209_/CLK (DFFHQNx3_ASAP7_75t_R)
  56.18  345.04 ^ _308209_/QN (DFFHQNx3_ASAP7_75t_R)
  27.51  372.55 ^ wire4778/Y (BUFx16f_ASAP7_75t_R)
  66.95  439.50 ^ wire4776/Y (BUFx16f_ASAP7_75t_R)
  33.08  472.58 ^ wire4775/Y (BUFx16f_ASAP7_75t_R)
  73.63  546.21 ^ load_slew4774/Y (BUFx16f_ASAP7_75t_R)
  94.00  640.21 ^ _153629_/Y (AND2x2_ASAP7_75t_R)
 169.02  809.24 v _153630_/Y (NAND2x1_ASAP7_75t_R)
  64.17  873.41 v _153631_/Y (OA21x2_ASAP7_75t_R)
 108.13  981.54 v _153633_/Y (AND3x1_ASAP7_75t_R)
  89.17 1070.71 v _154870_/Y (AO222x2_ASAP7_75t_R)
  47.40 1118.11 v _154873_/Y (OR3x2_ASAP7_75t_R)
  54.24 1172.36 v _154878_/Y (OR5x1_ASAP7_75t_R)
  93.99 1266.34 v _154879_/Y (OR4x1_ASAP7_75t_R)
  74.48 1340.82 v _155829_/Y (OR4x1_ASAP7_75t_R)
  24.56 1365.38 v _155944_/Y (AO221x1_ASAP7_75t_R)
  50.94 1416.32 v _155949_/Y (OR5x1_ASAP7_75t_R)
  34.05 1450.37 v _156013_/Y (AND2x2_ASAP7_75t_R)
  49.97 1500.34 ^ _156016_/Y (NAND3x1_ASAP7_75t_R)
  39.70 1540.04 v _156112_/Y (AOI221x1_ASAP7_75t_R)
  26.08 1566.12 v _156115_/Y (OA21x2_ASAP7_75t_R)
  21.84 1587.97 v _156116_/Y (OR3x1_ASAP7_75t_R)
  38.63 1626.60 v _156123_/Y (AO33x2_ASAP7_75t_R)
  41.76 1668.35 ^ _156140_/Y (NAND2x1_ASAP7_75t_R)
 110.76 1779.11 ^ _156253_/Y (AO221x1_ASAP7_75t_R)
  69.58 1848.70 v _156308_/Y (NAND2x2_ASAP7_75t_R)
  49.02 1897.71 v _156311_/Y (AO21x2_ASAP7_75t_R)
  23.18 1920.89 v _156314_/Y (OA21x2_ASAP7_75t_R)
  27.71 1948.60 v _156388_/Y (AO221x1_ASAP7_75t_R)
  22.62 1971.22 v _156389_/Y (OA21x2_ASAP7_75t_R)
  24.14 1995.36 ^ _156393_/Y (AOI22x1_ASAP7_75t_R)
  53.99 2049.35 v _156410_/Y (NAND2x1_ASAP7_75t_R)
  71.47 2120.82 v _156421_/Y (AO33x2_ASAP7_75t_R)
  32.75 2153.58 ^ _156522_/Y (XNOR2x2_ASAP7_75t_R)
  25.19 2178.76 ^ _156526_/Y (AND4x1_ASAP7_75t_R)
  19.20 2197.96 ^ _156550_/Y (AO21x1_ASAP7_75t_R)
  19.23 2217.19 ^ _156551_/Y (AO21x1_ASAP7_75t_R)
  80.77 2297.96 ^ _156552_/Y (OA211x2_ASAP7_75t_R)
  89.28 2387.25 v _156555_/Y (INVx1_ASAP7_75t_R)
  33.68 2420.92 ^ _156568_/Y (OAI21x1_ASAP7_75t_R)
  34.29 2455.21 v _156616_/Y (AOI221x1_ASAP7_75t_R)
  48.52 2503.73 v _156806_/Y (OA211x2_ASAP7_75t_R)
  13.78 2517.51 ^ _156807_/Y (NAND2x1_ASAP7_75t_R)
  71.16 2588.67 ^ _156882_/Y (AO32x1_ASAP7_75t_R)
  34.48 2623.15 ^ _156995_/Y (OR2x2_ASAP7_75t_R)
  39.01 2662.16 ^ _157002_/Y (AO32x1_ASAP7_75t_R)
  36.29 2698.44 ^ _157004_/Y (XNOR2x2_ASAP7_75t_R)
  14.38 2712.83 v _157005_/Y (NOR3x1_ASAP7_75t_R)
  32.62 2745.45 v _157006_/Y (AND5x2_ASAP7_75t_R)
  28.88 2774.33 v _157078_/Y (OR3x1_ASAP7_75t_R)
  57.37 2831.69 v _157141_/Y (OA33x2_ASAP7_75t_R)
  34.73 2866.43 v _157144_/Y (OR2x2_ASAP7_75t_R)
  24.44 2890.87 v _157145_/Y (AO21x1_ASAP7_75t_R)
  26.35 2917.22 v _157196_/Y (AO32x1_ASAP7_75t_R)
  26.77 2943.99 v _157198_/Y (AO22x1_ASAP7_75t_R)
  23.00 2966.99 v _157222_/Y (AO21x1_ASAP7_75t_R)
  30.83 2997.82 v _157223_/Y (OR3x1_ASAP7_75t_R)
  42.49 3040.31 v _157312_/Y (AO21x1_ASAP7_75t_R)
  58.19 3098.50 ^ _157343_/Y (NAND2x1_ASAP7_75t_R)
  43.82 3142.32 v _157440_/Y (AOI221x1_ASAP7_75t_R)
  30.91 3173.23 v _157456_/Y (OA222x2_ASAP7_75t_R)
  22.24 3195.47 v _157459_/Y (AND5x2_ASAP7_75t_R)
  20.86 3216.33 v _157472_/Y (OA31x2_ASAP7_75t_R)
  42.26 3258.59 v _157475_/Y (OR4x2_ASAP7_75t_R)
  63.75 3322.33 ^ _157478_/Y (NAND2x1_ASAP7_75t_R)
  19.94 3342.27 v _157479_/Y (NOR2x1_ASAP7_75t_R)
  25.21 3367.48 v _157485_/Y (OA21x2_ASAP7_75t_R)
  28.58 3396.06 v _157492_/Y (AO221x1_ASAP7_75t_R)
  26.03 3422.09 v _157649_/Y (OA21x2_ASAP7_75t_R)
  24.74 3446.82 v _157651_/Y (AO21x1_ASAP7_75t_R)
  41.75 3488.58 v _157652_/Y (AO22x1_ASAP7_75t_R)
  64.55 3553.13 ^ _157732_/Y (NAND2x1_ASAP7_75t_R)
  25.99 3579.12 ^ _157764_/Y (AO21x1_ASAP7_75t_R)
  24.20 3603.32 v _157767_/Y (AOI22x1_ASAP7_75t_R)
  37.31 3640.63 v _157790_/Y (OA21x2_ASAP7_75t_R)
  18.85 3659.48 ^ _157827_/Y (AOI211x1_ASAP7_75t_R)
  19.61 3679.09 v _157842_/Y (OAI21x1_ASAP7_75t_R)
  89.64 3768.73 v _157921_/Y (AO221x1_ASAP7_75t_R)
  48.27 3817.00 v _157922_/Y (AO221x1_ASAP7_75t_R)
  27.48 3844.48 v _157925_/Y (AO32x2_ASAP7_75t_R)
  22.59 3867.07 v _157949_/Y (OA211x2_ASAP7_75t_R)
  32.17 3899.24 v _157967_/Y (AO222x2_ASAP7_75t_R)
  38.29 3937.53 v _158020_/Y (AO221x1_ASAP7_75t_R)
  28.61 3966.14 v _158084_/Y (AO211x2_ASAP7_75t_R)
  41.43 4007.57 v _158094_/Y (AND2x2_ASAP7_75t_R)
  49.23 4056.80 v _158173_/Y (OR3x2_ASAP7_75t_R)
  22.73 4079.54 v _158271_/Y (AO221x1_ASAP7_75t_R)
  33.06 4112.59 v _158272_/Y (OR5x1_ASAP7_75t_R)
  46.33 4158.93 v _158273_/Y (OR5x1_ASAP7_75t_R)
  20.14 4179.06 ^ _158274_/Y (NAND2x2_ASAP7_75t_R)
  54.60 4233.66 v _158287_/Y (OAI21x1_ASAP7_75t_R)
  52.70 4286.36 v _158298_/Y (AND2x2_ASAP7_75t_R)
  35.64 4322.00 v _158304_/Y (OA211x2_ASAP7_75t_R)
  30.46 4352.46 v _158330_/Y (XNOR2x2_ASAP7_75t_R)
  29.58 4382.04 v _158388_/Y (OR5x1_ASAP7_75t_R)
  42.94 4424.98 v _158399_/Y (AO33x2_ASAP7_75t_R)
  26.16 4451.15 v _158436_/Y (AND2x2_ASAP7_75t_R)
  78.93 4530.07 v _158437_/Y (OR3x1_ASAP7_75t_R)
  70.98 4601.05 v _158474_/Y (AND2x2_ASAP7_75t_R)
  38.15 4639.21 ^ _158476_/Y (AOI22x1_ASAP7_75t_R)
  23.17 4662.38 ^ _158477_/Y (AND2x2_ASAP7_75t_R)
  16.00 4678.38 v _158496_/Y (AOI221x1_ASAP7_75t_R)
  33.09 4711.47 v _158497_/Y (MAJx2_ASAP7_75t_R)
  24.75 4736.22 v _158571_/Y (AO21x1_ASAP7_75t_R)
  46.55 4782.77 v _158629_/Y (AO221x2_ASAP7_75t_R)
  81.05 4863.83 ^ _158672_/Y (NAND2x1_ASAP7_75t_R)
  35.80 4899.63 ^ _158689_/Y (AND2x2_ASAP7_75t_R)
  22.57 4922.20 ^ _158690_/Y (OA21x2_ASAP7_75t_R)
  20.24 4942.44 ^ _158691_/Y (OR2x2_ASAP7_75t_R)
  22.82 4965.26 ^ _158702_/Y (AND3x1_ASAP7_75t_R)
  21.78 4987.04 ^ _158720_/Y (OA21x2_ASAP7_75t_R)
  24.53 5011.57 ^ _158743_/Y (OA31x2_ASAP7_75t_R)
  15.08 5026.64 ^ _158761_/Y (OR4x1_ASAP7_75t_R)
  48.03 5074.67 ^ _158764_/Y (AND5x2_ASAP7_75t_R)
  52.84 5127.52 ^ _159054_/Y (OA21x2_ASAP7_75t_R)
 118.43 5245.95 ^ _159120_/Y (OA21x2_ASAP7_75t_R)
  58.79 5304.73 ^ _159154_/Y (AO221x1_ASAP7_75t_R)
  92.01 5396.74 ^ _159901_/Y (AND2x2_ASAP7_75t_R)
 173.87 5570.61 v _159903_/Y (NOR2x1_ASAP7_75t_R)
 111.84 5682.45 ^ _163131_/Y (NAND2x2_ASAP7_75t_R)
  35.25 5717.70 ^ load_slew954/Y (BUFx16f_ASAP7_75t_R)
  36.94 5754.64 ^ load_slew952/Y (BUFx16f_ASAP7_75t_R)
 155.10 5909.75 ^ _164753_/Y (OR2x2_ASAP7_75t_R)
  48.62 5958.37 v _201118_/Y (NAND2x1_ASAP7_75t_R)
  20.63 5978.99 v _201119_/Y (AO21x1_ASAP7_75t_R)
  25.89 6004.88 v _201120_/Y (OA211x2_ASAP7_75t_R)
  16.16 6021.04 v _201121_/Y (AO21x1_ASAP7_75t_R)
  14.90 6035.94 v _201122_/Y (AND2x2_ASAP7_75t_R)
   0.05 6035.99 v _312532_/D (DFFHQNx1_ASAP7_75t_R)
        6035.99   data arrival time

12000.00 12000.00   clock core_clk (rise edge)
   0.00 12000.00   clock source latency
   0.00 12000.00 ^ clk (in)
  46.11 12046.11 ^ wire4945/Y (BUFx10_ASAP7_75t_R)
  47.38 12093.49 ^ clkbuf_0_clk/Y (BUFx24_ASAP7_75t_R)
  28.80 12122.29 ^ clkbuf_1_1_0_clk/Y (BUFx24_ASAP7_75t_R)
  28.42 12150.71 ^ clkbuf_2_3_0_clk/Y (BUFx24_ASAP7_75t_R)
  22.98 12173.68 ^ clkbuf_3_6_0_clk/Y (BUFx24_ASAP7_75t_R)
  29.23 12202.91 ^ clkbuf_4_12_0_clk/Y (BUFx24_ASAP7_75t_R)
  27.07 12229.97 ^ clkbuf_6_51_0_clk/Y (BUFx24_ASAP7_75t_R)
  20.89 12250.87 ^ clkbuf_7_103__f_clk/Y (BUFx24_ASAP7_75t_R)
  25.62 12276.48 ^ clkbuf_leaf_497_clk/Y (BUFx24_ASAP7_75t_R)
   0.90 12277.38 ^ _312532_/CLK (DFFHQNx1_ASAP7_75t_R)
 -50.00 12227.38   clock uncertainty
   2.19 12229.58   clock reconvergence pessimism
   0.18 12229.76   library setup time
        12229.76   data required time
---------------------------------------------------------
        12229.76   data required time
        -6035.99   data arrival time
---------------------------------------------------------
        6193.77   slack (MET)


Startpoint: _308209_ (rising edge-triggered flip-flop clocked by core_clk)
Endpoint: _312097_ (rising edge-triggered flip-flop clocked by core_clk)
Path Group: reg2reg
Path Type: max

  Delay    Time   Description
---------------------------------------------------------
   0.00    0.00   clock core_clk (rise edge)
   0.00    0.00   clock source latency
   0.00    0.00 ^ clk (in)
  46.81   46.81 ^ wire4945/Y (BUFx10_ASAP7_75t_R)
  48.87   95.68 ^ clkbuf_0_clk/Y (BUFx24_ASAP7_75t_R)
  30.20  125.87 ^ clkbuf_1_0_0_clk/Y (BUFx24_ASAP7_75t_R)
  29.09  154.96 ^ clkbuf_2_1_0_clk/Y (BUFx24_ASAP7_75t_R)
  26.47  181.44 ^ clkbuf_3_2_0_clk/Y (BUFx24_ASAP7_75t_R)
  30.84  212.28 ^ clkbuf_4_4_0_clk/Y (BUFx24_ASAP7_75t_R)
  24.84  237.12 ^ clkbuf_6_19_0_clk/Y (BUFx24_ASAP7_75t_R)
  21.77  258.88 ^ clkbuf_7_38__f_clk/Y (BUFx24_ASAP7_75t_R)
  27.65  286.53 ^ clkbuf_leaf_778_clk/Y (BUFx24_ASAP7_75t_R)
   2.33  288.86 ^ _308209_/CLK (DFFHQNx3_ASAP7_75t_R)
  56.18  345.04 ^ _308209_/QN (DFFHQNx3_ASAP7_75t_R)
  27.51  372.55 ^ wire4778/Y (BUFx16f_ASAP7_75t_R)
  66.95  439.50 ^ wire4776/Y (BUFx16f_ASAP7_75t_R)
  33.08  472.58 ^ wire4775/Y (BUFx16f_ASAP7_75t_R)
  73.63  546.21 ^ load_slew4774/Y (BUFx16f_ASAP7_75t_R)
  94.00  640.21 ^ _153629_/Y (AND2x2_ASAP7_75t_R)
 169.02  809.24 v _153630_/Y (NAND2x1_ASAP7_75t_R)
  64.17  873.41 v _153631_/Y (OA21x2_ASAP7_75t_R)
 108.13  981.54 v _153633_/Y (AND3x1_ASAP7_75t_R)
  89.17 1070.71 v _154870_/Y (AO222x2_ASAP7_75t_R)
  47.40 1118.11 v _154873_/Y (OR3x2_ASAP7_75t_R)
  54.24 1172.36 v _154878_/Y (OR5x1_ASAP7_75t_R)
  93.99 1266.34 v _154879_/Y (OR4x1_ASAP7_75t_R)
  74.48 1340.82 v _155829_/Y (OR4x1_ASAP7_75t_R)
  24.56 1365.38 v _155944_/Y (AO221x1_ASAP7_75t_R)
  50.94 1416.32 v _155949_/Y (OR5x1_ASAP7_75t_R)
  34.05 1450.37 v _156013_/Y (AND2x2_ASAP7_75t_R)
  49.97 1500.34 ^ _156016_/Y (NAND3x1_ASAP7_75t_R)
  39.70 1540.04 v _156112_/Y (AOI221x1_ASAP7_75t_R)
  26.08 1566.12 v _156115_/Y (OA21x2_ASAP7_75t_R)
  21.84 1587.97 v _156116_/Y (OR3x1_ASAP7_75t_R)
  38.63 1626.60 v _156123_/Y (AO33x2_ASAP7_75t_R)
  41.76 1668.35 ^ _156140_/Y (NAND2x1_ASAP7_75t_R)
 110.76 1779.11 ^ _156253_/Y (AO221x1_ASAP7_75t_R)
  69.58 1848.70 v _156308_/Y (NAND2x2_ASAP7_75t_R)
  49.02 1897.71 v _156311_/Y (AO21x2_ASAP7_75t_R)
  23.18 1920.89 v _156314_/Y (OA21x2_ASAP7_75t_R)
  27.71 1948.60 v _156388_/Y (AO221x1_ASAP7_75t_R)
  22.62 1971.22 v _156389_/Y (OA21x2_ASAP7_75t_R)
  24.14 1995.36 ^ _156393_/Y (AOI22x1_ASAP7_75t_R)
  53.99 2049.35 v _156410_/Y (NAND2x1_ASAP7_75t_R)
  71.47 2120.82 v _156421_/Y (AO33x2_ASAP7_75t_R)
  32.75 2153.58 ^ _156522_/Y (XNOR2x2_ASAP7_75t_R)
  25.19 2178.76 ^ _156526_/Y (AND4x1_ASAP7_75t_R)
  19.20 2197.96 ^ _156550_/Y (AO21x1_ASAP7_75t_R)
  19.23 2217.19 ^ _156551_/Y (AO21x1_ASAP7_75t_R)
  80.77 2297.96 ^ _156552_/Y (OA211x2_ASAP7_75t_R)
  89.28 2387.25 v _156555_/Y (INVx1_ASAP7_75t_R)
  33.68 2420.92 ^ _156568_/Y (OAI21x1_ASAP7_75t_R)
  34.29 2455.21 v _156616_/Y (AOI221x1_ASAP7_75t_R)
  48.52 2503.73 v _156806_/Y (OA211x2_ASAP7_75t_R)
  13.78 2517.51 ^ _156807_/Y (NAND2x1_ASAP7_75t_R)
  71.16 2588.67 ^ _156882_/Y (AO32x1_ASAP7_75t_R)
  34.48 2623.15 ^ _156995_/Y (OR2x2_ASAP7_75t_R)
  39.01 2662.16 ^ _157002_/Y (AO32x1_ASAP7_75t_R)
  36.29 2698.44 ^ _157004_/Y (XNOR2x2_ASAP7_75t_R)
  14.38 2712.83 v _157005_/Y (NOR3x1_ASAP7_75t_R)
  32.62 2745.45 v _157006_/Y (AND5x2_ASAP7_75t_R)
  28.88 2774.33 v _157078_/Y (OR3x1_ASAP7_75t_R)
  57.37 2831.69 v _157141_/Y (OA33x2_ASAP7_75t_R)
  34.73 2866.43 v _157144_/Y (OR2x2_ASAP7_75t_R)
  24.44 2890.87 v _157145_/Y (AO21x1_ASAP7_75t_R)
  26.35 2917.22 v _157196_/Y (AO32x1_ASAP7_75t_R)
  26.77 2943.99 v _157198_/Y (AO22x1_ASAP7_75t_R)
  23.00 2966.99 v _157222_/Y (AO21x1_ASAP7_75t_R)
  30.83 2997.82 v _157223_/Y (OR3x1_ASAP7_75t_R)
  42.49 3040.31 v _157312_/Y (AO21x1_ASAP7_75t_R)
  58.19 3098.50 ^ _157343_/Y (NAND2x1_ASAP7_75t_R)
  43.82 3142.32 v _157440_/Y (AOI221x1_ASAP7_75t_R)
  30.91 3173.23 v _157456_/Y (OA222x2_ASAP7_75t_R)
  22.24 3195.47 v _157459_/Y (AND5x2_ASAP7_75t_R)
  20.86 3216.33 v _157472_/Y (OA31x2_ASAP7_75t_R)
  42.26 3258.59 v _157475_/Y (OR4x2_ASAP7_75t_R)
  63.75 3322.33 ^ _157478_/Y (NAND2x1_ASAP7_75t_R)
  19.94 3342.27 v _157479_/Y (NOR2x1_ASAP7_75t_R)
  25.21 3367.48 v _157485_/Y (OA21x2_ASAP7_75t_R)
  28.58 3396.06 v _157492_/Y (AO221x1_ASAP7_75t_R)
  26.03 3422.09 v _157649_/Y (OA21x2_ASAP7_75t_R)
  24.74 3446.82 v _157651_/Y (AO21x1_ASAP7_75t_R)
  41.75 3488.58 v _157652_/Y (AO22x1_ASAP7_75t_R)
  64.55 3553.13 ^ _157732_/Y (NAND2x1_ASAP7_75t_R)
  25.99 3579.12 ^ _157764_/Y (AO21x1_ASAP7_75t_R)
  24.20 3603.32 v _157767_/Y (AOI22x1_ASAP7_75t_R)
  37.31 3640.63 v _157790_/Y (OA21x2_ASAP7_75t_R)
  18.85 3659.48 ^ _157827_/Y (AOI211x1_ASAP7_75t_R)
  19.61 3679.09 v _157842_/Y (OAI21x1_ASAP7_75t_R)
  89.64 3768.73 v _157921_/Y (AO221x1_ASAP7_75t_R)
  48.27 3817.00 v _157922_/Y (AO221x1_ASAP7_75t_R)
  27.48 3844.48 v _157925_/Y (AO32x2_ASAP7_75t_R)
  22.59 3867.07 v _157949_/Y (OA211x2_ASAP7_75t_R)
  32.17 3899.24 v _157967_/Y (AO222x2_ASAP7_75t_R)
  38.29 3937.53 v _158020_/Y (AO221x1_ASAP7_75t_R)
  28.61 3966.14 v _158084_/Y (AO211x2_ASAP7_75t_R)
  41.43 4007.57 v _158094_/Y (AND2x2_ASAP7_75t_R)
  49.23 4056.80 v _158173_/Y (OR3x2_ASAP7_75t_R)
  22.73 4079.54 v _158271_/Y (AO221x1_ASAP7_75t_R)
  33.06 4112.59 v _158272_/Y (OR5x1_ASAP7_75t_R)
  46.33 4158.93 v _158273_/Y (OR5x1_ASAP7_75t_R)
  20.14 4179.06 ^ _158274_/Y (NAND2x2_ASAP7_75t_R)
  54.60 4233.66 v _158287_/Y (OAI21x1_ASAP7_75t_R)
  52.70 4286.36 v _158298_/Y (AND2x2_ASAP7_75t_R)
  35.64 4322.00 v _158304_/Y (OA211x2_ASAP7_75t_R)
  30.46 4352.46 v _158330_/Y (XNOR2x2_ASAP7_75t_R)
  29.58 4382.04 v _158388_/Y (OR5x1_ASAP7_75t_R)
  42.94 4424.98 v _158399_/Y (AO33x2_ASAP7_75t_R)
  26.16 4451.15 v _158436_/Y (AND2x2_ASAP7_75t_R)
  78.93 4530.07 v _158437_/Y (OR3x1_ASAP7_75t_R)
  70.98 4601.05 v _158474_/Y (AND2x2_ASAP7_75t_R)
  38.15 4639.21 ^ _158476_/Y (AOI22x1_ASAP7_75t_R)
  23.17 4662.38 ^ _158477_/Y (AND2x2_ASAP7_75t_R)
  16.00 4678.38 v _158496_/Y (AOI221x1_ASAP7_75t_R)
  33.09 4711.47 v _158497_/Y (MAJx2_ASAP7_75t_R)
  24.75 4736.22 v _158571_/Y (AO21x1_ASAP7_75t_R)
  46.55 4782.77 v _158629_/Y (AO221x2_ASAP7_75t_R)
  81.05 4863.83 ^ _158672_/Y (NAND2x1_ASAP7_75t_R)
  35.80 4899.63 ^ _158689_/Y (AND2x2_ASAP7_75t_R)
  22.57 4922.20 ^ _158690_/Y (OA21x2_ASAP7_75t_R)
  20.24 4942.44 ^ _158691_/Y (OR2x2_ASAP7_75t_R)
  22.82 4965.26 ^ _158702_/Y (AND3x1_ASAP7_75t_R)
  21.78 4987.04 ^ _158720_/Y (OA21x2_ASAP7_75t_R)
  24.53 5011.57 ^ _158743_/Y (OA31x2_ASAP7_75t_R)
  15.08 5026.64 ^ _158761_/Y (OR4x1_ASAP7_75t_R)
  48.03 5074.67 ^ _158764_/Y (AND5x2_ASAP7_75t_R)
  52.84 5127.52 ^ _159054_/Y (OA21x2_ASAP7_75t_R)
 118.43 5245.95 ^ _159120_/Y (OA21x2_ASAP7_75t_R)
  58.79 5304.73 ^ _159154_/Y (AO221x1_ASAP7_75t_R)
  92.01 5396.74 ^ _159901_/Y (AND2x2_ASAP7_75t_R)
 173.87 5570.61 v _159903_/Y (NOR2x1_ASAP7_75t_R)
 111.84 5682.45 ^ _163131_/Y (NAND2x2_ASAP7_75t_R)
  35.25 5717.70 ^ load_slew954/Y (BUFx16f_ASAP7_75t_R)
  36.94 5754.64 ^ load_slew952/Y (BUFx16f_ASAP7_75t_R)
 136.86 5891.51 ^ _163132_/Y (OR2x2_ASAP7_75t_R)
  63.49 5955.00 v _194516_/Y (NAND2x1_ASAP7_75t_R)
  20.37 5975.37 v _194517_/Y (AO21x1_ASAP7_75t_R)
  25.89 6001.26 v _194518_/Y (OA211x2_ASAP7_75t_R)
  17.05 6018.31 v _194519_/Y (AO21x1_ASAP7_75t_R)
  14.94 6033.26 v _194520_/Y (AND2x2_ASAP7_75t_R)
   0.09 6033.35 v _312097_/D (DFFHQNx1_ASAP7_75t_R)
        6033.35   data arrival time

12000.00 12000.00   clock core_clk (rise edge)
   0.00 12000.00   clock source latency
   0.00 12000.00 ^ clk (in)
  46.11 12046.11 ^ wire4945/Y (BUFx10_ASAP7_75t_R)
  47.38 12093.49 ^ clkbuf_0_clk/Y (BUFx24_ASAP7_75t_R)
  28.80 12122.29 ^ clkbuf_1_1_0_clk/Y (BUFx24_ASAP7_75t_R)
  28.42 12150.71 ^ clkbuf_2_3_0_clk/Y (BUFx24_ASAP7_75t_R)
  22.98 12173.68 ^ clkbuf_3_6_0_clk/Y (BUFx24_ASAP7_75t_R)
  29.23 12202.91 ^ clkbuf_4_12_0_clk/Y (BUFx24_ASAP7_75t_R)
  27.07 12229.97 ^ clkbuf_6_51_0_clk/Y (BUFx24_ASAP7_75t_R)
  20.89 12250.87 ^ clkbuf_7_103__f_clk/Y (BUFx24_ASAP7_75t_R)
  23.67 12274.54 ^ clkbuf_leaf_474_clk/Y (BUFx24_ASAP7_75t_R)
   0.88 12275.41 ^ _312097_/CLK (DFFHQNx1_ASAP7_75t_R)
 -50.00 12225.41   clock uncertainty
   2.19 12227.60   clock reconvergence pessimism
  -0.20 12227.41   library setup time
        12227.41   data required time
---------------------------------------------------------
        12227.41   data required time
        -6033.35   data arrival time
---------------------------------------------------------
        6194.06   slack (MET)


Startpoint: _308209_ (rising edge-triggered flip-flop clocked by core_clk)
Endpoint: _312077_ (rising edge-triggered flip-flop clocked by core_clk)
Path Group: reg2reg
Path Type: max

  Delay    Time   Description
---------------------------------------------------------
   0.00    0.00   clock core_clk (rise edge)
   0.00    0.00   clock source latency
   0.00    0.00 ^ clk (in)
  46.81   46.81 ^ wire4945/Y (BUFx10_ASAP7_75t_R)
  48.87   95.68 ^ clkbuf_0_clk/Y (BUFx24_ASAP7_75t_R)
  30.20  125.87 ^ clkbuf_1_0_0_clk/Y (BUFx24_ASAP7_75t_R)
  29.09  154.96 ^ clkbuf_2_1_0_clk/Y (BUFx24_ASAP7_75t_R)
  26.47  181.44 ^ clkbuf_3_2_0_clk/Y (BUFx24_ASAP7_75t_R)
  30.84  212.28 ^ clkbuf_4_4_0_clk/Y (BUFx24_ASAP7_75t_R)
  24.84  237.12 ^ clkbuf_6_19_0_clk/Y (BUFx24_ASAP7_75t_R)
  21.77  258.88 ^ clkbuf_7_38__f_clk/Y (BUFx24_ASAP7_75t_R)
  27.65  286.53 ^ clkbuf_leaf_778_clk/Y (BUFx24_ASAP7_75t_R)
   2.33  288.86 ^ _308209_/CLK (DFFHQNx3_ASAP7_75t_R)
  56.18  345.04 ^ _308209_/QN (DFFHQNx3_ASAP7_75t_R)
  27.51  372.55 ^ wire4778/Y (BUFx16f_ASAP7_75t_R)
  66.95  439.50 ^ wire4776/Y (BUFx16f_ASAP7_75t_R)
  33.08  472.58 ^ wire4775/Y (BUFx16f_ASAP7_75t_R)
  73.63  546.21 ^ load_slew4774/Y (BUFx16f_ASAP7_75t_R)
  94.00  640.21 ^ _153629_/Y (AND2x2_ASAP7_75t_R)
 169.02  809.24 v _153630_/Y (NAND2x1_ASAP7_75t_R)
  64.17  873.41 v _153631_/Y (OA21x2_ASAP7_75t_R)
 108.13  981.54 v _153633_/Y (AND3x1_ASAP7_75t_R)
  89.17 1070.71 v _154870_/Y (AO222x2_ASAP7_75t_R)
  47.40 1118.11 v _154873_/Y (OR3x2_ASAP7_75t_R)
  54.24 1172.36 v _154878_/Y (OR5x1_ASAP7_75t_R)
  93.99 1266.34 v _154879_/Y (OR4x1_ASAP7_75t_R)
  74.48 1340.82 v _155829_/Y (OR4x1_ASAP7_75t_R)
  24.56 1365.38 v _155944_/Y (AO221x1_ASAP7_75t_R)
  50.94 1416.32 v _155949_/Y (OR5x1_ASAP7_75t_R)
  34.05 1450.37 v _156013_/Y (AND2x2_ASAP7_75t_R)
  49.97 1500.34 ^ _156016_/Y (NAND3x1_ASAP7_75t_R)
  39.70 1540.04 v _156112_/Y (AOI221x1_ASAP7_75t_R)
  26.08 1566.12 v _156115_/Y (OA21x2_ASAP7_75t_R)
  21.84 1587.97 v _156116_/Y (OR3x1_ASAP7_75t_R)
  38.63 1626.60 v _156123_/Y (AO33x2_ASAP7_75t_R)
  41.76 1668.35 ^ _156140_/Y (NAND2x1_ASAP7_75t_R)
 110.76 1779.11 ^ _156253_/Y (AO221x1_ASAP7_75t_R)
  69.58 1848.70 v _156308_/Y (NAND2x2_ASAP7_75t_R)
  49.02 1897.71 v _156311_/Y (AO21x2_ASAP7_75t_R)
  23.18 1920.89 v _156314_/Y (OA21x2_ASAP7_75t_R)
  27.71 1948.60 v _156388_/Y (AO221x1_ASAP7_75t_R)
  22.62 1971.22 v _156389_/Y (OA21x2_ASAP7_75t_R)
  24.14 1995.36 ^ _156393_/Y (AOI22x1_ASAP7_75t_R)
  53.99 2049.35 v _156410_/Y (NAND2x1_ASAP7_75t_R)
  71.47 2120.82 v _156421_/Y (AO33x2_ASAP7_75t_R)
  32.75 2153.58 ^ _156522_/Y (XNOR2x2_ASAP7_75t_R)
  25.19 2178.76 ^ _156526_/Y (AND4x1_ASAP7_75t_R)
  19.20 2197.96 ^ _156550_/Y (AO21x1_ASAP7_75t_R)
  19.23 2217.19 ^ _156551_/Y (AO21x1_ASAP7_75t_R)
  80.77 2297.96 ^ _156552_/Y (OA211x2_ASAP7_75t_R)
  89.28 2387.25 v _156555_/Y (INVx1_ASAP7_75t_R)
  33.68 2420.92 ^ _156568_/Y (OAI21x1_ASAP7_75t_R)
  34.29 2455.21 v _156616_/Y (AOI221x1_ASAP7_75t_R)
  48.52 2503.73 v _156806_/Y (OA211x2_ASAP7_75t_R)
  13.78 2517.51 ^ _156807_/Y (NAND2x1_ASAP7_75t_R)
  71.16 2588.67 ^ _156882_/Y (AO32x1_ASAP7_75t_R)
  34.48 2623.15 ^ _156995_/Y (OR2x2_ASAP7_75t_R)
  39.01 2662.16 ^ _157002_/Y (AO32x1_ASAP7_75t_R)
  36.29 2698.44 ^ _157004_/Y (XNOR2x2_ASAP7_75t_R)
  14.38 2712.83 v _157005_/Y (NOR3x1_ASAP7_75t_R)
  32.62 2745.45 v _157006_/Y (AND5x2_ASAP7_75t_R)
  28.88 2774.33 v _157078_/Y (OR3x1_ASAP7_75t_R)
  57.37 2831.69 v _157141_/Y (OA33x2_ASAP7_75t_R)
  34.73 2866.43 v _157144_/Y (OR2x2_ASAP7_75t_R)
  24.44 2890.87 v _157145_/Y (AO21x1_ASAP7_75t_R)
  26.35 2917.22 v _157196_/Y (AO32x1_ASAP7_75t_R)
  26.77 2943.99 v _157198_/Y (AO22x1_ASAP7_75t_R)
  23.00 2966.99 v _157222_/Y (AO21x1_ASAP7_75t_R)
  30.83 2997.82 v _157223_/Y (OR3x1_ASAP7_75t_R)
  42.49 3040.31 v _157312_/Y (AO21x1_ASAP7_75t_R)
  58.19 3098.50 ^ _157343_/Y (NAND2x1_ASAP7_75t_R)
  43.82 3142.32 v _157440_/Y (AOI221x1_ASAP7_75t_R)
  30.91 3173.23 v _157456_/Y (OA222x2_ASAP7_75t_R)
  22.24 3195.47 v _157459_/Y (AND5x2_ASAP7_75t_R)
  20.86 3216.33 v _157472_/Y (OA31x2_ASAP7_75t_R)
  42.26 3258.59 v _157475_/Y (OR4x2_ASAP7_75t_R)
  63.75 3322.33 ^ _157478_/Y (NAND2x1_ASAP7_75t_R)
  19.94 3342.27 v _157479_/Y (NOR2x1_ASAP7_75t_R)
  25.21 3367.48 v _157485_/Y (OA21x2_ASAP7_75t_R)
  28.58 3396.06 v _157492_/Y (AO221x1_ASAP7_75t_R)
  26.03 3422.09 v _157649_/Y (OA21x2_ASAP7_75t_R)
  24.74 3446.82 v _157651_/Y (AO21x1_ASAP7_75t_R)
  41.75 3488.58 v _157652_/Y (AO22x1_ASAP7_75t_R)
  64.55 3553.13 ^ _157732_/Y (NAND2x1_ASAP7_75t_R)
  25.99 3579.12 ^ _157764_/Y (AO21x1_ASAP7_75t_R)
  24.20 3603.32 v _157767_/Y (AOI22x1_ASAP7_75t_R)
  37.31 3640.63 v _157790_/Y (OA21x2_ASAP7_75t_R)
  18.85 3659.48 ^ _157827_/Y (AOI211x1_ASAP7_75t_R)
  19.61 3679.09 v _157842_/Y (OAI21x1_ASAP7_75t_R)
  89.64 3768.73 v _157921_/Y (AO221x1_ASAP7_75t_R)
  48.27 3817.00 v _157922_/Y (AO221x1_ASAP7_75t_R)
  27.48 3844.48 v _157925_/Y (AO32x2_ASAP7_75t_R)
  22.59 3867.07 v _157949_/Y (OA211x2_ASAP7_75t_R)
  32.17 3899.24 v _157967_/Y (AO222x2_ASAP7_75t_R)
  38.29 3937.53 v _158020_/Y (AO221x1_ASAP7_75t_R)
  28.61 3966.14 v _158084_/Y (AO211x2_ASAP7_75t_R)
  41.43 4007.57 v _158094_/Y (AND2x2_ASAP7_75t_R)
  49.23 4056.80 v _158173_/Y (OR3x2_ASAP7_75t_R)
  22.73 4079.54 v _158271_/Y (AO221x1_ASAP7_75t_R)
  33.06 4112.59 v _158272_/Y (OR5x1_ASAP7_75t_R)
  46.33 4158.93 v _158273_/Y (OR5x1_ASAP7_75t_R)
  20.14 4179.06 ^ _158274_/Y (NAND2x2_ASAP7_75t_R)
  54.60 4233.66 v _158287_/Y (OAI21x1_ASAP7_75t_R)
  52.70 4286.36 v _158298_/Y (AND2x2_ASAP7_75t_R)
  35.64 4322.00 v _158304_/Y (OA211x2_ASAP7_75t_R)
  30.46 4352.46 v _158330_/Y (XNOR2x2_ASAP7_75t_R)
  29.58 4382.04 v _158388_/Y (OR5x1_ASAP7_75t_R)
  42.94 4424.98 v _158399_/Y (AO33x2_ASAP7_75t_R)
  26.16 4451.15 v _158436_/Y (AND2x2_ASAP7_75t_R)
  78.93 4530.07 v _158437_/Y (OR3x1_ASAP7_75t_R)
  70.98 4601.05 v _158474_/Y (AND2x2_ASAP7_75t_R)
  38.15 4639.21 ^ _158476_/Y (AOI22x1_ASAP7_75t_R)
  23.17 4662.38 ^ _158477_/Y (AND2x2_ASAP7_75t_R)
  16.00 4678.38 v _158496_/Y (AOI221x1_ASAP7_75t_R)
  33.09 4711.47 v _158497_/Y (MAJx2_ASAP7_75t_R)
  24.75 4736.22 v _158571_/Y (AO21x1_ASAP7_75t_R)
  46.55 4782.77 v _158629_/Y (AO221x2_ASAP7_75t_R)
  81.05 4863.83 ^ _158672_/Y (NAND2x1_ASAP7_75t_R)
  35.80 4899.63 ^ _158689_/Y (AND2x2_ASAP7_75t_R)
  22.57 4922.20 ^ _158690_/Y (OA21x2_ASAP7_75t_R)
  20.24 4942.44 ^ _158691_/Y (OR2x2_ASAP7_75t_R)
  22.82 4965.26 ^ _158702_/Y (AND3x1_ASAP7_75t_R)
  21.78 4987.04 ^ _158720_/Y (OA21x2_ASAP7_75t_R)
  24.53 5011.57 ^ _158743_/Y (OA31x2_ASAP7_75t_R)
  15.08 5026.64 ^ _158761_/Y (OR4x1_ASAP7_75t_R)
  48.03 5074.67 ^ _158764_/Y (AND5x2_ASAP7_75t_R)
  52.84 5127.52 ^ _159054_/Y (OA21x2_ASAP7_75t_R)
 118.43 5245.95 ^ _159120_/Y (OA21x2_ASAP7_75t_R)
  58.79 5304.73 ^ _159154_/Y (AO221x1_ASAP7_75t_R)
  92.01 5396.74 ^ _159901_/Y (AND2x2_ASAP7_75t_R)
 173.87 5570.61 v _159903_/Y (NOR2x1_ASAP7_75t_R)
 111.84 5682.45 ^ _163131_/Y (NAND2x2_ASAP7_75t_R)
  35.25 5717.70 ^ load_slew954/Y (BUFx16f_ASAP7_75t_R)
  36.94 5754.64 ^ load_slew952/Y (BUFx16f_ASAP7_75t_R)
 136.86 5891.51 ^ _163132_/Y (OR2x2_ASAP7_75t_R)
  66.75 5958.25 v _194379_/Y (NAND2x1_ASAP7_75t_R)
  20.68 5978.94 v _194380_/Y (AO21x1_ASAP7_75t_R)
  25.88 6004.81 v _194381_/Y (OA211x2_ASAP7_75t_R)
  16.78 6021.60 v _194382_/Y (AO21x1_ASAP7_75t_R)
  14.81 6036.41 v _194383_/Y (AND2x2_ASAP7_75t_R)
   0.08 6036.49 v _312077_/D (DFFHQNx1_ASAP7_75t_R)
        6036.49   data arrival time

12000.00 12000.00   clock core_clk (rise edge)
   0.00 12000.00   clock source latency
   0.00 12000.00 ^ clk (in)
  46.11 12046.11 ^ wire4945/Y (BUFx10_ASAP7_75t_R)
  47.38 12093.49 ^ clkbuf_0_clk/Y (BUFx24_ASAP7_75t_R)
  28.80 12122.29 ^ clkbuf_1_1_0_clk/Y (BUFx24_ASAP7_75t_R)
  28.42 12150.71 ^ clkbuf_2_3_0_clk/Y (BUFx24_ASAP7_75t_R)
  22.98 12173.68 ^ clkbuf_3_6_0_clk/Y (BUFx24_ASAP7_75t_R)
  28.79 12202.47 ^ clkbuf_4_13_0_clk/Y (BUFx24_ASAP7_75t_R)
  25.67 12228.14 ^ clkbuf_6_54_0_clk/Y (BUFx24_ASAP7_75t_R)
  20.61 12248.74 ^ clkbuf_7_109__f_clk/Y (BUFx24_ASAP7_75t_R)
  26.20 12274.94 ^ clkbuf_leaf_488_clk/Y (BUFx24_ASAP7_75t_R)
   2.95 12277.90 ^ _312077_/CLK (DFFHQNx1_ASAP7_75t_R)
 -50.00 12227.90   clock uncertainty
   2.19 12230.08   clock reconvergence pessimism
   0.51 12230.60   library setup time
        12230.60   data required time
---------------------------------------------------------
        12230.60   data required time
        -6036.49   data arrival time
---------------------------------------------------------
        6194.11   slack (MET)


Startpoint: _308209_ (rising edge-triggered flip-flop clocked by core_clk)
Endpoint: _312512_ (rising edge-triggered flip-flop clocked by core_clk)
Path Group: reg2reg
Path Type: max

  Delay    Time   Description
---------------------------------------------------------
   0.00    0.00   clock core_clk (rise edge)
   0.00    0.00   clock source latency
   0.00    0.00 ^ clk (in)
  46.81   46.81 ^ wire4945/Y (BUFx10_ASAP7_75t_R)
  48.87   95.68 ^ clkbuf_0_clk/Y (BUFx24_ASAP7_75t_R)
  30.20  125.87 ^ clkbuf_1_0_0_clk/Y (BUFx24_ASAP7_75t_R)
  29.09  154.96 ^ clkbuf_2_1_0_clk/Y (BUFx24_ASAP7_75t_R)
  26.47  181.44 ^ clkbuf_3_2_0_clk/Y (BUFx24_ASAP7_75t_R)
  30.84  212.28 ^ clkbuf_4_4_0_clk/Y (BUFx24_ASAP7_75t_R)
  24.84  237.12 ^ clkbuf_6_19_0_clk/Y (BUFx24_ASAP7_75t_R)
  21.77  258.88 ^ clkbuf_7_38__f_clk/Y (BUFx24_ASAP7_75t_R)
  27.65  286.53 ^ clkbuf_leaf_778_clk/Y (BUFx24_ASAP7_75t_R)
   2.33  288.86 ^ _308209_/CLK (DFFHQNx3_ASAP7_75t_R)
  56.18  345.04 ^ _308209_/QN (DFFHQNx3_ASAP7_75t_R)
  27.51  372.55 ^ wire4778/Y (BUFx16f_ASAP7_75t_R)
  66.95  439.50 ^ wire4776/Y (BUFx16f_ASAP7_75t_R)
  33.08  472.58 ^ wire4775/Y (BUFx16f_ASAP7_75t_R)
  73.63  546.21 ^ load_slew4774/Y (BUFx16f_ASAP7_75t_R)
  94.00  640.21 ^ _153629_/Y (AND2x2_ASAP7_75t_R)
 169.02  809.24 v _153630_/Y (NAND2x1_ASAP7_75t_R)
  64.17  873.41 v _153631_/Y (OA21x2_ASAP7_75t_R)
 108.13  981.54 v _153633_/Y (AND3x1_ASAP7_75t_R)
  89.17 1070.71 v _154870_/Y (AO222x2_ASAP7_75t_R)
  47.40 1118.11 v _154873_/Y (OR3x2_ASAP7_75t_R)
  54.24 1172.36 v _154878_/Y (OR5x1_ASAP7_75t_R)
  93.99 1266.34 v _154879_/Y (OR4x1_ASAP7_75t_R)
  74.48 1340.82 v _155829_/Y (OR4x1_ASAP7_75t_R)
  24.56 1365.38 v _155944_/Y (AO221x1_ASAP7_75t_R)
  50.94 1416.32 v _155949_/Y (OR5x1_ASAP7_75t_R)
  34.05 1450.37 v _156013_/Y (AND2x2_ASAP7_75t_R)
  49.97 1500.34 ^ _156016_/Y (NAND3x1_ASAP7_75t_R)
  39.70 1540.04 v _156112_/Y (AOI221x1_ASAP7_75t_R)
  26.08 1566.12 v _156115_/Y (OA21x2_ASAP7_75t_R)
  21.84 1587.97 v _156116_/Y (OR3x1_ASAP7_75t_R)
  38.63 1626.60 v _156123_/Y (AO33x2_ASAP7_75t_R)
  41.76 1668.35 ^ _156140_/Y (NAND2x1_ASAP7_75t_R)
 110.76 1779.11 ^ _156253_/Y (AO221x1_ASAP7_75t_R)
  69.58 1848.70 v _156308_/Y (NAND2x2_ASAP7_75t_R)
  49.02 1897.71 v _156311_/Y (AO21x2_ASAP7_75t_R)
  23.18 1920.89 v _156314_/Y (OA21x2_ASAP7_75t_R)
  27.71 1948.60 v _156388_/Y (AO221x1_ASAP7_75t_R)
  22.62 1971.22 v _156389_/Y (OA21x2_ASAP7_75t_R)
  24.14 1995.36 ^ _156393_/Y (AOI22x1_ASAP7_75t_R)
  53.99 2049.35 v _156410_/Y (NAND2x1_ASAP7_75t_R)
  71.47 2120.82 v _156421_/Y (AO33x2_ASAP7_75t_R)
  32.75 2153.58 ^ _156522_/Y (XNOR2x2_ASAP7_75t_R)
  25.19 2178.76 ^ _156526_/Y (AND4x1_ASAP7_75t_R)
  19.20 2197.96 ^ _156550_/Y (AO21x1_ASAP7_75t_R)
  19.23 2217.19 ^ _156551_/Y (AO21x1_ASAP7_75t_R)
  80.77 2297.96 ^ _156552_/Y (OA211x2_ASAP7_75t_R)
  89.28 2387.25 v _156555_/Y (INVx1_ASAP7_75t_R)
  33.68 2420.92 ^ _156568_/Y (OAI21x1_ASAP7_75t_R)
  34.29 2455.21 v _156616_/Y (AOI221x1_ASAP7_75t_R)
  48.52 2503.73 v _156806_/Y (OA211x2_ASAP7_75t_R)
  13.78 2517.51 ^ _156807_/Y (NAND2x1_ASAP7_75t_R)
  71.16 2588.67 ^ _156882_/Y (AO32x1_ASAP7_75t_R)
  34.48 2623.15 ^ _156995_/Y (OR2x2_ASAP7_75t_R)
  39.01 2662.16 ^ _157002_/Y (AO32x1_ASAP7_75t_R)
  36.29 2698.44 ^ _157004_/Y (XNOR2x2_ASAP7_75t_R)
  14.38 2712.83 v _157005_/Y (NOR3x1_ASAP7_75t_R)
  32.62 2745.45 v _157006_/Y (AND5x2_ASAP7_75t_R)
  28.88 2774.33 v _157078_/Y (OR3x1_ASAP7_75t_R)
  57.37 2831.69 v _157141_/Y (OA33x2_ASAP7_75t_R)
  34.73 2866.43 v _157144_/Y (OR2x2_ASAP7_75t_R)
  24.44 2890.87 v _157145_/Y (AO21x1_ASAP7_75t_R)
  26.35 2917.22 v _157196_/Y (AO32x1_ASAP7_75t_R)
  26.77 2943.99 v _157198_/Y (AO22x1_ASAP7_75t_R)
  23.00 2966.99 v _157222_/Y (AO21x1_ASAP7_75t_R)
  30.83 2997.82 v _157223_/Y (OR3x1_ASAP7_75t_R)
  42.49 3040.31 v _157312_/Y (AO21x1_ASAP7_75t_R)
  58.19 3098.50 ^ _157343_/Y (NAND2x1_ASAP7_75t_R)
  43.82 3142.32 v _157440_/Y (AOI221x1_ASAP7_75t_R)
  30.91 3173.23 v _157456_/Y (OA222x2_ASAP7_75t_R)
  22.24 3195.47 v _157459_/Y (AND5x2_ASAP7_75t_R)
  20.86 3216.33 v _157472_/Y (OA31x2_ASAP7_75t_R)
  42.26 3258.59 v _157475_/Y (OR4x2_ASAP7_75t_R)
  63.75 3322.33 ^ _157478_/Y (NAND2x1_ASAP7_75t_R)
  19.94 3342.27 v _157479_/Y (NOR2x1_ASAP7_75t_R)
  25.21 3367.48 v _157485_/Y (OA21x2_ASAP7_75t_R)
  28.58 3396.06 v _157492_/Y (AO221x1_ASAP7_75t_R)
  26.03 3422.09 v _157649_/Y (OA21x2_ASAP7_75t_R)
  24.74 3446.82 v _157651_/Y (AO21x1_ASAP7_75t_R)
  41.75 3488.58 v _157652_/Y (AO22x1_ASAP7_75t_R)
  64.55 3553.13 ^ _157732_/Y (NAND2x1_ASAP7_75t_R)
  25.99 3579.12 ^ _157764_/Y (AO21x1_ASAP7_75t_R)
  24.20 3603.32 v _157767_/Y (AOI22x1_ASAP7_75t_R)
  37.31 3640.63 v _157790_/Y (OA21x2_ASAP7_75t_R)
  18.85 3659.48 ^ _157827_/Y (AOI211x1_ASAP7_75t_R)
  19.61 3679.09 v _157842_/Y (OAI21x1_ASAP7_75t_R)
  89.64 3768.73 v _157921_/Y (AO221x1_ASAP7_75t_R)
  48.27 3817.00 v _157922_/Y (AO221x1_ASAP7_75t_R)
  27.48 3844.48 v _157925_/Y (AO32x2_ASAP7_75t_R)
  22.59 3867.07 v _157949_/Y (OA211x2_ASAP7_75t_R)
  32.17 3899.24 v _157967_/Y (AO222x2_ASAP7_75t_R)
  38.29 3937.53 v _158020_/Y (AO221x1_ASAP7_75t_R)
  28.61 3966.14 v _158084_/Y (AO211x2_ASAP7_75t_R)
  41.43 4007.57 v _158094_/Y (AND2x2_ASAP7_75t_R)
  49.23 4056.80 v _158173_/Y (OR3x2_ASAP7_75t_R)
  22.73 4079.54 v _158271_/Y (AO221x1_ASAP7_75t_R)
  33.06 4112.59 v _158272_/Y (OR5x1_ASAP7_75t_R)
  46.33 4158.93 v _158273_/Y (OR5x1_ASAP7_75t_R)
  20.14 4179.06 ^ _158274_/Y (NAND2x2_ASAP7_75t_R)
  54.60 4233.66 v _158287_/Y (OAI21x1_ASAP7_75t_R)
  52.70 4286.36 v _158298_/Y (AND2x2_ASAP7_75t_R)
  35.64 4322.00 v _158304_/Y (OA211x2_ASAP7_75t_R)
  30.46 4352.46 v _158330_/Y (XNOR2x2_ASAP7_75t_R)
  29.58 4382.04 v _158388_/Y (OR5x1_ASAP7_75t_R)
  42.94 4424.98 v _158399_/Y (AO33x2_ASAP7_75t_R)
  26.16 4451.15 v _158436_/Y (AND2x2_ASAP7_75t_R)
  78.93 4530.07 v _158437_/Y (OR3x1_ASAP7_75t_R)
  70.98 4601.05 v _158474_/Y (AND2x2_ASAP7_75t_R)
  38.15 4639.21 ^ _158476_/Y (AOI22x1_ASAP7_75t_R)
  23.17 4662.38 ^ _158477_/Y (AND2x2_ASAP7_75t_R)
  16.00 4678.38 v _158496_/Y (AOI221x1_ASAP7_75t_R)
  33.09 4711.47 v _158497_/Y (MAJx2_ASAP7_75t_R)
  24.75 4736.22 v _158571_/Y (AO21x1_ASAP7_75t_R)
  46.55 4782.77 v _158629_/Y (AO221x2_ASAP7_75t_R)
  81.05 4863.83 ^ _158672_/Y (NAND2x1_ASAP7_75t_R)
  35.80 4899.63 ^ _158689_/Y (AND2x2_ASAP7_75t_R)
  22.57 4922.20 ^ _158690_/Y (OA21x2_ASAP7_75t_R)
  20.24 4942.44 ^ _158691_/Y (OR2x2_ASAP7_75t_R)
  22.82 4965.26 ^ _158702_/Y (AND3x1_ASAP7_75t_R)
  21.78 4987.04 ^ _158720_/Y (OA21x2_ASAP7_75t_R)
  24.53 5011.57 ^ _158743_/Y (OA31x2_ASAP7_75t_R)
  15.08 5026.64 ^ _158761_/Y (OR4x1_ASAP7_75t_R)
  48.03 5074.67 ^ _158764_/Y (AND5x2_ASAP7_75t_R)
  52.84 5127.52 ^ _159054_/Y (OA21x2_ASAP7_75t_R)
 118.43 5245.95 ^ _159120_/Y (OA21x2_ASAP7_75t_R)
  58.79 5304.73 ^ _159154_/Y (AO221x1_ASAP7_75t_R)
  92.01 5396.74 ^ _159901_/Y (AND2x2_ASAP7_75t_R)
 173.87 5570.61 v _159903_/Y (NOR2x1_ASAP7_75t_R)
  96.92 5667.53 ^ _163182_/Y (NAND2x2_ASAP7_75t_R)
  31.92 5699.44 ^ load_slew951/Y (BUFx16f_ASAP7_75t_R)
  21.96 5721.41 ^ load_slew949/Y (BUFx16f_ASAP7_75t_R)
  32.45 5753.86 ^ wire948/Y (BUFx16f_ASAP7_75t_R)
 159.78 5913.64 ^ _164794_/Y (OR2x2_ASAP7_75t_R)
  45.34 5958.98 v _201417_/Y (NAND2x1_ASAP7_75t_R)
  20.50 5979.48 v _201419_/Y (AO21x1_ASAP7_75t_R)
  26.18 6005.66 v _201420_/Y (OA211x2_ASAP7_75t_R)
  16.59 6022.25 v _201421_/Y (AO21x1_ASAP7_75t_R)
  14.97 6037.22 v _201422_/Y (AND2x2_ASAP7_75t_R)
   0.10 6037.32 v _312512_/D (DFFHQNx1_ASAP7_75t_R)
        6037.32   data arrival time

12000.00 12000.00   clock core_clk (rise edge)
   0.00 12000.00   clock source latency
   0.00 12000.00 ^ clk (in)
  46.11 12046.11 ^ wire4945/Y (BUFx10_ASAP7_75t_R)
  47.38 12093.49 ^ clkbuf_0_clk/Y (BUFx24_ASAP7_75t_R)
  28.80 12122.29 ^ clkbuf_1_1_0_clk/Y (BUFx24_ASAP7_75t_R)
  28.42 12150.71 ^ clkbuf_2_3_0_clk/Y (BUFx24_ASAP7_75t_R)
  26.26 12176.97 ^ clkbuf_3_7_0_clk/Y (BUFx24_ASAP7_75t_R)
  29.86 12206.83 ^ clkbuf_4_14_0_clk/Y (BUFx24_ASAP7_75t_R)
  24.58 12231.41 ^ clkbuf_6_59_0_clk/Y (BUFx24_ASAP7_75t_R)
  21.07 12252.48 ^ clkbuf_7_119__f_clk/Y (BUFx24_ASAP7_75t_R)
  24.09 12276.57 ^ clkbuf_leaf_523_clk/Y (BUFx24_ASAP7_75t_R)
   2.57 12279.13 ^ _312512_/CLK (DFFHQNx1_ASAP7_75t_R)
 -50.00 12229.13   clock uncertainty
   2.19 12231.32   clock reconvergence pessimism
   0.15 12231.47   library setup time
        12231.47   data required time
---------------------------------------------------------
        12231.47   data required time
        -6037.32   data arrival time
---------------------------------------------------------
        6194.15   slack (MET)


Startpoint: _308209_ (rising edge-triggered flip-flop clocked by core_clk)
Endpoint: _312509_ (rising edge-triggered flip-flop clocked by core_clk)
Path Group: reg2reg
Path Type: max

  Delay    Time   Description
---------------------------------------------------------
   0.00    0.00   clock core_clk (rise edge)
   0.00    0.00   clock source latency
   0.00    0.00 ^ clk (in)
  46.81   46.81 ^ wire4945/Y (BUFx10_ASAP7_75t_R)
  48.87   95.68 ^ clkbuf_0_clk/Y (BUFx24_ASAP7_75t_R)
  30.20  125.87 ^ clkbuf_1_0_0_clk/Y (BUFx24_ASAP7_75t_R)
  29.09  154.96 ^ clkbuf_2_1_0_clk/Y (BUFx24_ASAP7_75t_R)
  26.47  181.44 ^ clkbuf_3_2_0_clk/Y (BUFx24_ASAP7_75t_R)
  30.84  212.28 ^ clkbuf_4_4_0_clk/Y (BUFx24_ASAP7_75t_R)
  24.84  237.12 ^ clkbuf_6_19_0_clk/Y (BUFx24_ASAP7_75t_R)
  21.77  258.88 ^ clkbuf_7_38__f_clk/Y (BUFx24_ASAP7_75t_R)
  27.65  286.53 ^ clkbuf_leaf_778_clk/Y (BUFx24_ASAP7_75t_R)
   2.33  288.86 ^ _308209_/CLK (DFFHQNx3_ASAP7_75t_R)
  56.18  345.04 ^ _308209_/QN (DFFHQNx3_ASAP7_75t_R)
  27.51  372.55 ^ wire4778/Y (BUFx16f_ASAP7_75t_R)
  66.95  439.50 ^ wire4776/Y (BUFx16f_ASAP7_75t_R)
  33.08  472.58 ^ wire4775/Y (BUFx16f_ASAP7_75t_R)
  73.63  546.21 ^ load_slew4774/Y (BUFx16f_ASAP7_75t_R)
  94.00  640.21 ^ _153629_/Y (AND2x2_ASAP7_75t_R)
 169.02  809.24 v _153630_/Y (NAND2x1_ASAP7_75t_R)
  64.17  873.41 v _153631_/Y (OA21x2_ASAP7_75t_R)
 108.13  981.54 v _153633_/Y (AND3x1_ASAP7_75t_R)
  89.17 1070.71 v _154870_/Y (AO222x2_ASAP7_75t_R)
  47.40 1118.11 v _154873_/Y (OR3x2_ASAP7_75t_R)
  54.24 1172.36 v _154878_/Y (OR5x1_ASAP7_75t_R)
  93.99 1266.34 v _154879_/Y (OR4x1_ASAP7_75t_R)
  74.48 1340.82 v _155829_/Y (OR4x1_ASAP7_75t_R)
  24.56 1365.38 v _155944_/Y (AO221x1_ASAP7_75t_R)
  50.94 1416.32 v _155949_/Y (OR5x1_ASAP7_75t_R)
  34.05 1450.37 v _156013_/Y (AND2x2_ASAP7_75t_R)
  49.97 1500.34 ^ _156016_/Y (NAND3x1_ASAP7_75t_R)
  39.70 1540.04 v _156112_/Y (AOI221x1_ASAP7_75t_R)
  26.08 1566.12 v _156115_/Y (OA21x2_ASAP7_75t_R)
  21.84 1587.97 v _156116_/Y (OR3x1_ASAP7_75t_R)
  38.63 1626.60 v _156123_/Y (AO33x2_ASAP7_75t_R)
  41.76 1668.35 ^ _156140_/Y (NAND2x1_ASAP7_75t_R)
 110.76 1779.11 ^ _156253_/Y (AO221x1_ASAP7_75t_R)
  69.58 1848.70 v _156308_/Y (NAND2x2_ASAP7_75t_R)
  49.02 1897.71 v _156311_/Y (AO21x2_ASAP7_75t_R)
  23.18 1920.89 v _156314_/Y (OA21x2_ASAP7_75t_R)
  27.71 1948.60 v _156388_/Y (AO221x1_ASAP7_75t_R)
  22.62 1971.22 v _156389_/Y (OA21x2_ASAP7_75t_R)
  24.14 1995.36 ^ _156393_/Y (AOI22x1_ASAP7_75t_R)
  53.99 2049.35 v _156410_/Y (NAND2x1_ASAP7_75t_R)
  71.47 2120.82 v _156421_/Y (AO33x2_ASAP7_75t_R)
  32.75 2153.58 ^ _156522_/Y (XNOR2x2_ASAP7_75t_R)
  25.19 2178.76 ^ _156526_/Y (AND4x1_ASAP7_75t_R)
  19.20 2197.96 ^ _156550_/Y (AO21x1_ASAP7_75t_R)
  19.23 2217.19 ^ _156551_/Y (AO21x1_ASAP7_75t_R)
  80.77 2297.96 ^ _156552_/Y (OA211x2_ASAP7_75t_R)
  89.28 2387.25 v _156555_/Y (INVx1_ASAP7_75t_R)
  33.68 2420.92 ^ _156568_/Y (OAI21x1_ASAP7_75t_R)
  34.29 2455.21 v _156616_/Y (AOI221x1_ASAP7_75t_R)
  48.52 2503.73 v _156806_/Y (OA211x2_ASAP7_75t_R)
  13.78 2517.51 ^ _156807_/Y (NAND2x1_ASAP7_75t_R)
  71.16 2588.67 ^ _156882_/Y (AO32x1_ASAP7_75t_R)
  34.48 2623.15 ^ _156995_/Y (OR2x2_ASAP7_75t_R)
  39.01 2662.16 ^ _157002_/Y (AO32x1_ASAP7_75t_R)
  36.29 2698.44 ^ _157004_/Y (XNOR2x2_ASAP7_75t_R)
  14.38 2712.83 v _157005_/Y (NOR3x1_ASAP7_75t_R)
  32.62 2745.45 v _157006_/Y (AND5x2_ASAP7_75t_R)
  28.88 2774.33 v _157078_/Y (OR3x1_ASAP7_75t_R)
  57.37 2831.69 v _157141_/Y (OA33x2_ASAP7_75t_R)
  34.73 2866.43 v _157144_/Y (OR2x2_ASAP7_75t_R)
  24.44 2890.87 v _157145_/Y (AO21x1_ASAP7_75t_R)
  26.35 2917.22 v _157196_/Y (AO32x1_ASAP7_75t_R)
  26.77 2943.99 v _157198_/Y (AO22x1_ASAP7_75t_R)
  23.00 2966.99 v _157222_/Y (AO21x1_ASAP7_75t_R)
  30.83 2997.82 v _157223_/Y (OR3x1_ASAP7_75t_R)
  42.49 3040.31 v _157312_/Y (AO21x1_ASAP7_75t_R)
  58.19 3098.50 ^ _157343_/Y (NAND2x1_ASAP7_75t_R)
  43.82 3142.32 v _157440_/Y (AOI221x1_ASAP7_75t_R)
  30.91 3173.23 v _157456_/Y (OA222x2_ASAP7_75t_R)
  22.24 3195.47 v _157459_/Y (AND5x2_ASAP7_75t_R)
  20.86 3216.33 v _157472_/Y (OA31x2_ASAP7_75t_R)
  42.26 3258.59 v _157475_/Y (OR4x2_ASAP7_75t_R)
  63.75 3322.33 ^ _157478_/Y (NAND2x1_ASAP7_75t_R)
  19.94 3342.27 v _157479_/Y (NOR2x1_ASAP7_75t_R)
  25.21 3367.48 v _157485_/Y (OA21x2_ASAP7_75t_R)
  28.58 3396.06 v _157492_/Y (AO221x1_ASAP7_75t_R)
  26.03 3422.09 v _157649_/Y (OA21x2_ASAP7_75t_R)
  24.74 3446.82 v _157651_/Y (AO21x1_ASAP7_75t_R)
  41.75 3488.58 v _157652_/Y (AO22x1_ASAP7_75t_R)
  64.55 3553.13 ^ _157732_/Y (NAND2x1_ASAP7_75t_R)
  25.99 3579.12 ^ _157764_/Y (AO21x1_ASAP7_75t_R)
  24.20 3603.32 v _157767_/Y (AOI22x1_ASAP7_75t_R)
  37.31 3640.63 v _157790_/Y (OA21x2_ASAP7_75t_R)
  18.85 3659.48 ^ _157827_/Y (AOI211x1_ASAP7_75t_R)
  19.61 3679.09 v _157842_/Y (OAI21x1_ASAP7_75t_R)
  89.64 3768.73 v _157921_/Y (AO221x1_ASAP7_75t_R)
  48.27 3817.00 v _157922_/Y (AO221x1_ASAP7_75t_R)
  27.48 3844.48 v _157925_/Y (AO32x2_ASAP7_75t_R)
  22.59 3867.07 v _157949_/Y (OA211x2_ASAP7_75t_R)
  32.17 3899.24 v _157967_/Y (AO222x2_ASAP7_75t_R)
  38.29 3937.53 v _158020_/Y (AO221x1_ASAP7_75t_R)
  28.61 3966.14 v _158084_/Y (AO211x2_ASAP7_75t_R)
  41.43 4007.57 v _158094_/Y (AND2x2_ASAP7_75t_R)
  49.23 4056.80 v _158173_/Y (OR3x2_ASAP7_75t_R)
  22.73 4079.54 v _158271_/Y (AO221x1_ASAP7_75t_R)
  33.06 4112.59 v _158272_/Y (OR5x1_ASAP7_75t_R)
  46.33 4158.93 v _158273_/Y (OR5x1_ASAP7_75t_R)
  20.14 4179.06 ^ _158274_/Y (NAND2x2_ASAP7_75t_R)
  54.60 4233.66 v _158287_/Y (OAI21x1_ASAP7_75t_R)
  52.70 4286.36 v _158298_/Y (AND2x2_ASAP7_75t_R)
  35.64 4322.00 v _158304_/Y (OA211x2_ASAP7_75t_R)
  30.46 4352.46 v _158330_/Y (XNOR2x2_ASAP7_75t_R)
  29.58 4382.04 v _158388_/Y (OR5x1_ASAP7_75t_R)
  42.94 4424.98 v _158399_/Y (AO33x2_ASAP7_75t_R)
  26.16 4451.15 v _158436_/Y (AND2x2_ASAP7_75t_R)
  78.93 4530.07 v _158437_/Y (OR3x1_ASAP7_75t_R)
  70.98 4601.05 v _158474_/Y (AND2x2_ASAP7_75t_R)
  38.15 4639.21 ^ _158476_/Y (AOI22x1_ASAP7_75t_R)
  23.17 4662.38 ^ _158477_/Y (AND2x2_ASAP7_75t_R)
  16.00 4678.38 v _158496_/Y (AOI221x1_ASAP7_75t_R)
  33.09 4711.47 v _158497_/Y (MAJx2_ASAP7_75t_R)
  24.75 4736.22 v _158571_/Y (AO21x1_ASAP7_75t_R)
  46.55 4782.77 v _158629_/Y (AO221x2_ASAP7_75t_R)
  81.05 4863.83 ^ _158672_/Y (NAND2x1_ASAP7_75t_R)
  35.80 4899.63 ^ _158689_/Y (AND2x2_ASAP7_75t_R)
  22.57 4922.20 ^ _158690_/Y (OA21x2_ASAP7_75t_R)
  20.24 4942.44 ^ _158691_/Y (OR2x2_ASAP7_75t_R)
  22.82 4965.26 ^ _158702_/Y (AND3x1_ASAP7_75t_R)
  21.78 4987.04 ^ _158720_/Y (OA21x2_ASAP7_75t_R)
  24.53 5011.57 ^ _158743_/Y (OA31x2_ASAP7_75t_R)
  15.08 5026.64 ^ _158761_/Y (OR4x1_ASAP7_75t_R)
  48.03 5074.67 ^ _158764_/Y (AND5x2_ASAP7_75t_R)
  52.84 5127.52 ^ _159054_/Y (OA21x2_ASAP7_75t_R)
 118.43 5245.95 ^ _159120_/Y (OA21x2_ASAP7_75t_R)
  58.79 5304.73 ^ _159154_/Y (AO221x1_ASAP7_75t_R)
  92.01 5396.74 ^ _159901_/Y (AND2x2_ASAP7_75t_R)
 173.87 5570.61 v _159903_/Y (NOR2x1_ASAP7_75t_R)
  96.92 5667.53 ^ _163182_/Y (NAND2x2_ASAP7_75t_R)
  31.92 5699.44 ^ load_slew951/Y (BUFx16f_ASAP7_75t_R)
  21.96 5721.41 ^ load_slew949/Y (BUFx16f_ASAP7_75t_R)
  32.45 5753.86 ^ wire948/Y (BUFx16f_ASAP7_75t_R)
 159.78 5913.64 ^ _164794_/Y (OR2x2_ASAP7_75t_R)
  46.01 5959.65 v _201395_/Y (NAND2x1_ASAP7_75t_R)
  19.99 5979.63 v _201396_/Y (AO21x1_ASAP7_75t_R)
  25.59 6005.23 v _201397_/Y (OA211x2_ASAP7_75t_R)
  16.81 6022.04 v _201398_/Y (AO21x1_ASAP7_75t_R)
  15.15 6037.19 v _201399_/Y (AND2x2_ASAP7_75t_R)
   0.09 6037.28 v _312509_/D (DFFHQNx1_ASAP7_75t_R)
        6037.28   data arrival time

12000.00 12000.00   clock core_clk (rise edge)
   0.00 12000.00   clock source latency
   0.00 12000.00 ^ clk (in)
  46.11 12046.11 ^ wire4945/Y (BUFx10_ASAP7_75t_R)
  47.38 12093.49 ^ clkbuf_0_clk/Y (BUFx24_ASAP7_75t_R)
  28.80 12122.29 ^ clkbuf_1_1_0_clk/Y (BUFx24_ASAP7_75t_R)
  28.42 12150.71 ^ clkbuf_2_3_0_clk/Y (BUFx24_ASAP7_75t_R)
  26.26 12176.97 ^ clkbuf_3_7_0_clk/Y (BUFx24_ASAP7_75t_R)
  29.86 12206.83 ^ clkbuf_4_14_0_clk/Y (BUFx24_ASAP7_75t_R)
  24.58 12231.41 ^ clkbuf_6_59_0_clk/Y (BUFx24_ASAP7_75t_R)
  20.92 12252.33 ^ clkbuf_7_118__f_clk/Y (BUFx24_ASAP7_75t_R)
  24.55 12276.88 ^ clkbuf_leaf_521_clk/Y (BUFx24_ASAP7_75t_R)
   2.28 12279.16 ^ _312509_/CLK (DFFHQNx1_ASAP7_75t_R)
 -50.00 12229.16   clock uncertainty
   2.19 12231.35   clock reconvergence pessimism
   0.19 12231.53   library setup time
        12231.53   data required time
---------------------------------------------------------
        12231.53   data required time
        -6037.28   data arrival time
---------------------------------------------------------
        6194.25   slack (MET)


Startpoint: _308209_ (rising edge-triggered flip-flop clocked by core_clk)
Endpoint: _312552_ (rising edge-triggered flip-flop clocked by core_clk)
Path Group: reg2reg
Path Type: max

  Delay    Time   Description
---------------------------------------------------------
   0.00    0.00   clock core_clk (rise edge)
   0.00    0.00   clock source latency
   0.00    0.00 ^ clk (in)
  46.81   46.81 ^ wire4945/Y (BUFx10_ASAP7_75t_R)
  48.87   95.68 ^ clkbuf_0_clk/Y (BUFx24_ASAP7_75t_R)
  30.20  125.87 ^ clkbuf_1_0_0_clk/Y (BUFx24_ASAP7_75t_R)
  29.09  154.96 ^ clkbuf_2_1_0_clk/Y (BUFx24_ASAP7_75t_R)
  26.47  181.44 ^ clkbuf_3_2_0_clk/Y (BUFx24_ASAP7_75t_R)
  30.84  212.28 ^ clkbuf_4_4_0_clk/Y (BUFx24_ASAP7_75t_R)
  24.84  237.12 ^ clkbuf_6_19_0_clk/Y (BUFx24_ASAP7_75t_R)
  21.77  258.88 ^ clkbuf_7_38__f_clk/Y (BUFx24_ASAP7_75t_R)
  27.65  286.53 ^ clkbuf_leaf_778_clk/Y (BUFx24_ASAP7_75t_R)
   2.33  288.86 ^ _308209_/CLK (DFFHQNx3_ASAP7_75t_R)
  56.18  345.04 ^ _308209_/QN (DFFHQNx3_ASAP7_75t_R)
  27.51  372.55 ^ wire4778/Y (BUFx16f_ASAP7_75t_R)
  66.95  439.50 ^ wire4776/Y (BUFx16f_ASAP7_75t_R)
  33.08  472.58 ^ wire4775/Y (BUFx16f_ASAP7_75t_R)
  73.63  546.21 ^ load_slew4774/Y (BUFx16f_ASAP7_75t_R)
  94.00  640.21 ^ _153629_/Y (AND2x2_ASAP7_75t_R)
 169.02  809.24 v _153630_/Y (NAND2x1_ASAP7_75t_R)
  64.17  873.41 v _153631_/Y (OA21x2_ASAP7_75t_R)
 108.13  981.54 v _153633_/Y (AND3x1_ASAP7_75t_R)
  89.17 1070.71 v _154870_/Y (AO222x2_ASAP7_75t_R)
  47.40 1118.11 v _154873_/Y (OR3x2_ASAP7_75t_R)
  54.24 1172.36 v _154878_/Y (OR5x1_ASAP7_75t_R)
  93.99 1266.34 v _154879_/Y (OR4x1_ASAP7_75t_R)
  74.48 1340.82 v _155829_/Y (OR4x1_ASAP7_75t_R)
  24.56 1365.38 v _155944_/Y (AO221x1_ASAP7_75t_R)
  50.94 1416.32 v _155949_/Y (OR5x1_ASAP7_75t_R)
  34.05 1450.37 v _156013_/Y (AND2x2_ASAP7_75t_R)
  49.97 1500.34 ^ _156016_/Y (NAND3x1_ASAP7_75t_R)
  39.70 1540.04 v _156112_/Y (AOI221x1_ASAP7_75t_R)
  26.08 1566.12 v _156115_/Y (OA21x2_ASAP7_75t_R)
  21.84 1587.97 v _156116_/Y (OR3x1_ASAP7_75t_R)
  38.63 1626.60 v _156123_/Y (AO33x2_ASAP7_75t_R)
  41.76 1668.35 ^ _156140_/Y (NAND2x1_ASAP7_75t_R)
 110.76 1779.11 ^ _156253_/Y (AO221x1_ASAP7_75t_R)
  69.58 1848.70 v _156308_/Y (NAND2x2_ASAP7_75t_R)
  49.02 1897.71 v _156311_/Y (AO21x2_ASAP7_75t_R)
  23.18 1920.89 v _156314_/Y (OA21x2_ASAP7_75t_R)
  27.71 1948.60 v _156388_/Y (AO221x1_ASAP7_75t_R)
  22.62 1971.22 v _156389_/Y (OA21x2_ASAP7_75t_R)
  24.14 1995.36 ^ _156393_/Y (AOI22x1_ASAP7_75t_R)
  53.99 2049.35 v _156410_/Y (NAND2x1_ASAP7_75t_R)
  71.47 2120.82 v _156421_/Y (AO33x2_ASAP7_75t_R)
  32.75 2153.58 ^ _156522_/Y (XNOR2x2_ASAP7_75t_R)
  25.19 2178.76 ^ _156526_/Y (AND4x1_ASAP7_75t_R)
  19.20 2197.96 ^ _156550_/Y (AO21x1_ASAP7_75t_R)
  19.23 2217.19 ^ _156551_/Y (AO21x1_ASAP7_75t_R)
  80.77 2297.96 ^ _156552_/Y (OA211x2_ASAP7_75t_R)
  89.28 2387.25 v _156555_/Y (INVx1_ASAP7_75t_R)
  33.68 2420.92 ^ _156568_/Y (OAI21x1_ASAP7_75t_R)
  34.29 2455.21 v _156616_/Y (AOI221x1_ASAP7_75t_R)
  48.52 2503.73 v _156806_/Y (OA211x2_ASAP7_75t_R)
  13.78 2517.51 ^ _156807_/Y (NAND2x1_ASAP7_75t_R)
  71.16 2588.67 ^ _156882_/Y (AO32x1_ASAP7_75t_R)
  34.48 2623.15 ^ _156995_/Y (OR2x2_ASAP7_75t_R)
  39.01 2662.16 ^ _157002_/Y (AO32x1_ASAP7_75t_R)
  36.29 2698.44 ^ _157004_/Y (XNOR2x2_ASAP7_75t_R)
  14.38 2712.83 v _157005_/Y (NOR3x1_ASAP7_75t_R)
  32.62 2745.45 v _157006_/Y (AND5x2_ASAP7_75t_R)
  28.88 2774.33 v _157078_/Y (OR3x1_ASAP7_75t_R)
  57.37 2831.69 v _157141_/Y (OA33x2_ASAP7_75t_R)
  34.73 2866.43 v _157144_/Y (OR2x2_ASAP7_75t_R)
  24.44 2890.87 v _157145_/Y (AO21x1_ASAP7_75t_R)
  26.35 2917.22 v _157196_/Y (AO32x1_ASAP7_75t_R)
  26.77 2943.99 v _157198_/Y (AO22x1_ASAP7_75t_R)
  23.00 2966.99 v _157222_/Y (AO21x1_ASAP7_75t_R)
  30.83 2997.82 v _157223_/Y (OR3x1_ASAP7_75t_R)
  42.49 3040.31 v _157312_/Y (AO21x1_ASAP7_75t_R)
  58.19 3098.50 ^ _157343_/Y (NAND2x1_ASAP7_75t_R)
  43.82 3142.32 v _157440_/Y (AOI221x1_ASAP7_75t_R)
  30.91 3173.23 v _157456_/Y (OA222x2_ASAP7_75t_R)
  22.24 3195.47 v _157459_/Y (AND5x2_ASAP7_75t_R)
  20.86 3216.33 v _157472_/Y (OA31x2_ASAP7_75t_R)
  42.26 3258.59 v _157475_/Y (OR4x2_ASAP7_75t_R)
  63.75 3322.33 ^ _157478_/Y (NAND2x1_ASAP7_75t_R)
  19.94 3342.27 v _157479_/Y (NOR2x1_ASAP7_75t_R)
  25.21 3367.48 v _157485_/Y (OA21x2_ASAP7_75t_R)
  28.58 3396.06 v _157492_/Y (AO221x1_ASAP7_75t_R)
  26.03 3422.09 v _157649_/Y (OA21x2_ASAP7_75t_R)
  24.74 3446.82 v _157651_/Y (AO21x1_ASAP7_75t_R)
  41.75 3488.58 v _157652_/Y (AO22x1_ASAP7_75t_R)
  64.55 3553.13 ^ _157732_/Y (NAND2x1_ASAP7_75t_R)
  25.99 3579.12 ^ _157764_/Y (AO21x1_ASAP7_75t_R)
  24.20 3603.32 v _157767_/Y (AOI22x1_ASAP7_75t_R)
  37.31 3640.63 v _157790_/Y (OA21x2_ASAP7_75t_R)
  18.85 3659.48 ^ _157827_/Y (AOI211x1_ASAP7_75t_R)
  19.61 3679.09 v _157842_/Y (OAI21x1_ASAP7_75t_R)
  89.64 3768.73 v _157921_/Y (AO221x1_ASAP7_75t_R)
  48.27 3817.00 v _157922_/Y (AO221x1_ASAP7_75t_R)
  27.48 3844.48 v _157925_/Y (AO32x2_ASAP7_75t_R)
  22.59 3867.07 v _157949_/Y (OA211x2_ASAP7_75t_R)
  32.17 3899.24 v _157967_/Y (AO222x2_ASAP7_75t_R)
  38.29 3937.53 v _158020_/Y (AO221x1_ASAP7_75t_R)
  28.61 3966.14 v _158084_/Y (AO211x2_ASAP7_75t_R)
  41.43 4007.57 v _158094_/Y (AND2x2_ASAP7_75t_R)
  49.23 4056.80 v _158173_/Y (OR3x2_ASAP7_75t_R)
  22.73 4079.54 v _158271_/Y (AO221x1_ASAP7_75t_R)
  33.06 4112.59 v _158272_/Y (OR5x1_ASAP7_75t_R)
  46.33 4158.93 v _158273_/Y (OR5x1_ASAP7_75t_R)
  20.14 4179.06 ^ _158274_/Y (NAND2x2_ASAP7_75t_R)
  54.60 4233.66 v _158287_/Y (OAI21x1_ASAP7_75t_R)
  52.70 4286.36 v _158298_/Y (AND2x2_ASAP7_75t_R)
  35.64 4322.00 v _158304_/Y (OA211x2_ASAP7_75t_R)
  30.46 4352.46 v _158330_/Y (XNOR2x2_ASAP7_75t_R)
  29.58 4382.04 v _158388_/Y (OR5x1_ASAP7_75t_R)
  42.94 4424.98 v _158399_/Y (AO33x2_ASAP7_75t_R)
  26.16 4451.15 v _158436_/Y (AND2x2_ASAP7_75t_R)
  78.93 4530.07 v _158437_/Y (OR3x1_ASAP7_75t_R)
  70.98 4601.05 v _158474_/Y (AND2x2_ASAP7_75t_R)
  38.15 4639.21 ^ _158476_/Y (AOI22x1_ASAP7_75t_R)
  23.17 4662.38 ^ _158477_/Y (AND2x2_ASAP7_75t_R)
  16.00 4678.38 v _158496_/Y (AOI221x1_ASAP7_75t_R)
  33.09 4711.47 v _158497_/Y (MAJx2_ASAP7_75t_R)
  24.75 4736.22 v _158571_/Y (AO21x1_ASAP7_75t_R)
  46.55 4782.77 v _158629_/Y (AO221x2_ASAP7_75t_R)
  81.05 4863.83 ^ _158672_/Y (NAND2x1_ASAP7_75t_R)
  35.80 4899.63 ^ _158689_/Y (AND2x2_ASAP7_75t_R)
  22.57 4922.20 ^ _158690_/Y (OA21x2_ASAP7_75t_R)
  20.24 4942.44 ^ _158691_/Y (OR2x2_ASAP7_75t_R)
  22.82 4965.26 ^ _158702_/Y (AND3x1_ASAP7_75t_R)
  21.78 4987.04 ^ _158720_/Y (OA21x2_ASAP7_75t_R)
  24.53 5011.57 ^ _158743_/Y (OA31x2_ASAP7_75t_R)
  15.08 5026.64 ^ _158761_/Y (OR4x1_ASAP7_75t_R)
  48.03 5074.67 ^ _158764_/Y (AND5x2_ASAP7_75t_R)
  52.84 5127.52 ^ _159054_/Y (OA21x2_ASAP7_75t_R)
 118.43 5245.95 ^ _159120_/Y (OA21x2_ASAP7_75t_R)
  58.79 5304.73 ^ _159154_/Y (AO221x1_ASAP7_75t_R)
  92.01 5396.74 ^ _159901_/Y (AND2x2_ASAP7_75t_R)
 173.87 5570.61 v _159903_/Y (NOR2x1_ASAP7_75t_R)
 111.84 5682.45 ^ _163131_/Y (NAND2x2_ASAP7_75t_R)
  35.25 5717.70 ^ load_slew954/Y (BUFx16f_ASAP7_75t_R)
  36.94 5754.64 ^ load_slew952/Y (BUFx16f_ASAP7_75t_R)
 155.10 5909.75 ^ _164753_/Y (OR2x2_ASAP7_75t_R)
  44.26 5954.00 v _201253_/Y (NAND2x1_ASAP7_75t_R)
  20.67 5974.67 v _201254_/Y (AO21x1_ASAP7_75t_R)
  26.02 6000.69 v _201255_/Y (OA211x2_ASAP7_75t_R)
  17.07 6017.76 v _201256_/Y (AO21x1_ASAP7_75t_R)
  15.19 6032.94 v _201257_/Y (AND2x2_ASAP7_75t_R)
   0.11 6033.06 v _312552_/D (DFFHQNx1_ASAP7_75t_R)
        6033.06   data arrival time

12000.00 12000.00   clock core_clk (rise edge)
   0.00 12000.00   clock source latency
   0.00 12000.00 ^ clk (in)
  46.11 12046.11 ^ wire4945/Y (BUFx10_ASAP7_75t_R)
  47.38 12093.49 ^ clkbuf_0_clk/Y (BUFx24_ASAP7_75t_R)
  28.80 12122.29 ^ clkbuf_1_1_0_clk/Y (BUFx24_ASAP7_75t_R)
  28.42 12150.71 ^ clkbuf_2_3_0_clk/Y (BUFx24_ASAP7_75t_R)
  22.98 12173.68 ^ clkbuf_3_6_0_clk/Y (BUFx24_ASAP7_75t_R)
  29.23 12202.91 ^ clkbuf_4_12_0_clk/Y (BUFx24_ASAP7_75t_R)
  27.15 12230.06 ^ clkbuf_6_50_0_clk/Y (BUFx24_ASAP7_75t_R)
  20.57 12250.63 ^ clkbuf_7_100__f_clk/Y (BUFx24_ASAP7_75t_R)
  21.08 12271.72 ^ clkbuf_leaf_439_clk/Y (BUFx24_ASAP7_75t_R)
   3.08 12274.79 ^ _312552_/CLK (DFFHQNx1_ASAP7_75t_R)
 -50.00 12224.79   clock uncertainty
   2.19 12226.98   clock reconvergence pessimism
   0.89 12227.87   library setup time
        12227.87   data required time
---------------------------------------------------------
        12227.87   data required time
        -6033.06   data arrival time
---------------------------------------------------------
        6194.81   slack (MET)


Startpoint: _308209_ (rising edge-triggered flip-flop clocked by core_clk)
Endpoint: _312106_ (rising edge-triggered flip-flop clocked by core_clk)
Path Group: reg2reg
Path Type: max

  Delay    Time   Description
---------------------------------------------------------
   0.00    0.00   clock core_clk (rise edge)
   0.00    0.00   clock source latency
   0.00    0.00 ^ clk (in)
  46.81   46.81 ^ wire4945/Y (BUFx10_ASAP7_75t_R)
  48.87   95.68 ^ clkbuf_0_clk/Y (BUFx24_ASAP7_75t_R)
  30.20  125.87 ^ clkbuf_1_0_0_clk/Y (BUFx24_ASAP7_75t_R)
  29.09  154.96 ^ clkbuf_2_1_0_clk/Y (BUFx24_ASAP7_75t_R)
  26.47  181.44 ^ clkbuf_3_2_0_clk/Y (BUFx24_ASAP7_75t_R)
  30.84  212.28 ^ clkbuf_4_4_0_clk/Y (BUFx24_ASAP7_75t_R)
  24.84  237.12 ^ clkbuf_6_19_0_clk/Y (BUFx24_ASAP7_75t_R)
  21.77  258.88 ^ clkbuf_7_38__f_clk/Y (BUFx24_ASAP7_75t_R)
  27.65  286.53 ^ clkbuf_leaf_778_clk/Y (BUFx24_ASAP7_75t_R)
   2.33  288.86 ^ _308209_/CLK (DFFHQNx3_ASAP7_75t_R)
  56.18  345.04 ^ _308209_/QN (DFFHQNx3_ASAP7_75t_R)
  27.51  372.55 ^ wire4778/Y (BUFx16f_ASAP7_75t_R)
  66.95  439.50 ^ wire4776/Y (BUFx16f_ASAP7_75t_R)
  33.08  472.58 ^ wire4775/Y (BUFx16f_ASAP7_75t_R)
  73.63  546.21 ^ load_slew4774/Y (BUFx16f_ASAP7_75t_R)
  94.00  640.21 ^ _153629_/Y (AND2x2_ASAP7_75t_R)
 169.02  809.24 v _153630_/Y (NAND2x1_ASAP7_75t_R)
  64.17  873.41 v _153631_/Y (OA21x2_ASAP7_75t_R)
 108.13  981.54 v _153633_/Y (AND3x1_ASAP7_75t_R)
  89.17 1070.71 v _154870_/Y (AO222x2_ASAP7_75t_R)
  47.40 1118.11 v _154873_/Y (OR3x2_ASAP7_75t_R)
  54.24 1172.36 v _154878_/Y (OR5x1_ASAP7_75t_R)
  93.99 1266.34 v _154879_/Y (OR4x1_ASAP7_75t_R)
  74.48 1340.82 v _155829_/Y (OR4x1_ASAP7_75t_R)
  24.56 1365.38 v _155944_/Y (AO221x1_ASAP7_75t_R)
  50.94 1416.32 v _155949_/Y (OR5x1_ASAP7_75t_R)
  34.05 1450.37 v _156013_/Y (AND2x2_ASAP7_75t_R)
  49.97 1500.34 ^ _156016_/Y (NAND3x1_ASAP7_75t_R)
  39.70 1540.04 v _156112_/Y (AOI221x1_ASAP7_75t_R)
  26.08 1566.12 v _156115_/Y (OA21x2_ASAP7_75t_R)
  21.84 1587.97 v _156116_/Y (OR3x1_ASAP7_75t_R)
  38.63 1626.60 v _156123_/Y (AO33x2_ASAP7_75t_R)
  41.76 1668.35 ^ _156140_/Y (NAND2x1_ASAP7_75t_R)
 110.76 1779.11 ^ _156253_/Y (AO221x1_ASAP7_75t_R)
  69.58 1848.70 v _156308_/Y (NAND2x2_ASAP7_75t_R)
  49.02 1897.71 v _156311_/Y (AO21x2_ASAP7_75t_R)
  23.18 1920.89 v _156314_/Y (OA21x2_ASAP7_75t_R)
  27.71 1948.60 v _156388_/Y (AO221x1_ASAP7_75t_R)
  22.62 1971.22 v _156389_/Y (OA21x2_ASAP7_75t_R)
  24.14 1995.36 ^ _156393_/Y (AOI22x1_ASAP7_75t_R)
  53.99 2049.35 v _156410_/Y (NAND2x1_ASAP7_75t_R)
  71.47 2120.82 v _156421_/Y (AO33x2_ASAP7_75t_R)
  32.75 2153.58 ^ _156522_/Y (XNOR2x2_ASAP7_75t_R)
  25.19 2178.76 ^ _156526_/Y (AND4x1_ASAP7_75t_R)
  19.20 2197.96 ^ _156550_/Y (AO21x1_ASAP7_75t_R)
  19.23 2217.19 ^ _156551_/Y (AO21x1_ASAP7_75t_R)
  80.77 2297.96 ^ _156552_/Y (OA211x2_ASAP7_75t_R)
  89.28 2387.25 v _156555_/Y (INVx1_ASAP7_75t_R)
  33.68 2420.92 ^ _156568_/Y (OAI21x1_ASAP7_75t_R)
  34.29 2455.21 v _156616_/Y (AOI221x1_ASAP7_75t_R)
  48.52 2503.73 v _156806_/Y (OA211x2_ASAP7_75t_R)
  13.78 2517.51 ^ _156807_/Y (NAND2x1_ASAP7_75t_R)
  71.16 2588.67 ^ _156882_/Y (AO32x1_ASAP7_75t_R)
  34.48 2623.15 ^ _156995_/Y (OR2x2_ASAP7_75t_R)
  39.01 2662.16 ^ _157002_/Y (AO32x1_ASAP7_75t_R)
  36.29 2698.44 ^ _157004_/Y (XNOR2x2_ASAP7_75t_R)
  14.38 2712.83 v _157005_/Y (NOR3x1_ASAP7_75t_R)
  32.62 2745.45 v _157006_/Y (AND5x2_ASAP7_75t_R)
  28.88 2774.33 v _157078_/Y (OR3x1_ASAP7_75t_R)
  57.37 2831.69 v _157141_/Y (OA33x2_ASAP7_75t_R)
  34.73 2866.43 v _157144_/Y (OR2x2_ASAP7_75t_R)
  24.44 2890.87 v _157145_/Y (AO21x1_ASAP7_75t_R)
  26.35 2917.22 v _157196_/Y (AO32x1_ASAP7_75t_R)
  26.77 2943.99 v _157198_/Y (AO22x1_ASAP7_75t_R)
  23.00 2966.99 v _157222_/Y (AO21x1_ASAP7_75t_R)
  30.83 2997.82 v _157223_/Y (OR3x1_ASAP7_75t_R)
  42.49 3040.31 v _157312_/Y (AO21x1_ASAP7_75t_R)
  58.19 3098.50 ^ _157343_/Y (NAND2x1_ASAP7_75t_R)
  43.82 3142.32 v _157440_/Y (AOI221x1_ASAP7_75t_R)
  30.91 3173.23 v _157456_/Y (OA222x2_ASAP7_75t_R)
  22.24 3195.47 v _157459_/Y (AND5x2_ASAP7_75t_R)
  20.86 3216.33 v _157472_/Y (OA31x2_ASAP7_75t_R)
  42.26 3258.59 v _157475_/Y (OR4x2_ASAP7_75t_R)
  63.75 3322.33 ^ _157478_/Y (NAND2x1_ASAP7_75t_R)
  19.94 3342.27 v _157479_/Y (NOR2x1_ASAP7_75t_R)
  25.21 3367.48 v _157485_/Y (OA21x2_ASAP7_75t_R)
  28.58 3396.06 v _157492_/Y (AO221x1_ASAP7_75t_R)
  26.03 3422.09 v _157649_/Y (OA21x2_ASAP7_75t_R)
  24.74 3446.82 v _157651_/Y (AO21x1_ASAP7_75t_R)
  41.75 3488.58 v _157652_/Y (AO22x1_ASAP7_75t_R)
  64.55 3553.13 ^ _157732_/Y (NAND2x1_ASAP7_75t_R)
  25.99 3579.12 ^ _157764_/Y (AO21x1_ASAP7_75t_R)
  24.20 3603.32 v _157767_/Y (AOI22x1_ASAP7_75t_R)
  37.31 3640.63 v _157790_/Y (OA21x2_ASAP7_75t_R)
  18.85 3659.48 ^ _157827_/Y (AOI211x1_ASAP7_75t_R)
  19.61 3679.09 v _157842_/Y (OAI21x1_ASAP7_75t_R)
  89.64 3768.73 v _157921_/Y (AO221x1_ASAP7_75t_R)
  48.27 3817.00 v _157922_/Y (AO221x1_ASAP7_75t_R)
  27.48 3844.48 v _157925_/Y (AO32x2_ASAP7_75t_R)
  22.59 3867.07 v _157949_/Y (OA211x2_ASAP7_75t_R)
  32.17 3899.24 v _157967_/Y (AO222x2_ASAP7_75t_R)
  38.29 3937.53 v _158020_/Y (AO221x1_ASAP7_75t_R)
  28.61 3966.14 v _158084_/Y (AO211x2_ASAP7_75t_R)
  41.43 4007.57 v _158094_/Y (AND2x2_ASAP7_75t_R)
  49.23 4056.80 v _158173_/Y (OR3x2_ASAP7_75t_R)
  22.73 4079.54 v _158271_/Y (AO221x1_ASAP7_75t_R)
  33.06 4112.59 v _158272_/Y (OR5x1_ASAP7_75t_R)
  46.33 4158.93 v _158273_/Y (OR5x1_ASAP7_75t_R)
  20.14 4179.06 ^ _158274_/Y (NAND2x2_ASAP7_75t_R)
  54.60 4233.66 v _158287_/Y (OAI21x1_ASAP7_75t_R)
  52.70 4286.36 v _158298_/Y (AND2x2_ASAP7_75t_R)
  35.64 4322.00 v _158304_/Y (OA211x2_ASAP7_75t_R)
  30.46 4352.46 v _158330_/Y (XNOR2x2_ASAP7_75t_R)
  29.58 4382.04 v _158388_/Y (OR5x1_ASAP7_75t_R)
  42.94 4424.98 v _158399_/Y (AO33x2_ASAP7_75t_R)
  26.16 4451.15 v _158436_/Y (AND2x2_ASAP7_75t_R)
  78.93 4530.07 v _158437_/Y (OR3x1_ASAP7_75t_R)
  70.98 4601.05 v _158474_/Y (AND2x2_ASAP7_75t_R)
  38.15 4639.21 ^ _158476_/Y (AOI22x1_ASAP7_75t_R)
  23.17 4662.38 ^ _158477_/Y (AND2x2_ASAP7_75t_R)
  16.00 4678.38 v _158496_/Y (AOI221x1_ASAP7_75t_R)
  33.09 4711.47 v _158497_/Y (MAJx2_ASAP7_75t_R)
  24.75 4736.22 v _158571_/Y (AO21x1_ASAP7_75t_R)
  46.55 4782.77 v _158629_/Y (AO221x2_ASAP7_75t_R)
  81.05 4863.83 ^ _158672_/Y (NAND2x1_ASAP7_75t_R)
  35.80 4899.63 ^ _158689_/Y (AND2x2_ASAP7_75t_R)
  22.57 4922.20 ^ _158690_/Y (OA21x2_ASAP7_75t_R)
  20.24 4942.44 ^ _158691_/Y (OR2x2_ASAP7_75t_R)
  22.82 4965.26 ^ _158702_/Y (AND3x1_ASAP7_75t_R)
  21.78 4987.04 ^ _158720_/Y (OA21x2_ASAP7_75t_R)
  24.53 5011.57 ^ _158743_/Y (OA31x2_ASAP7_75t_R)
  15.08 5026.64 ^ _158761_/Y (OR4x1_ASAP7_75t_R)
  48.03 5074.67 ^ _158764_/Y (AND5x2_ASAP7_75t_R)
  52.84 5127.52 ^ _159054_/Y (OA21x2_ASAP7_75t_R)
 118.43 5245.95 ^ _159120_/Y (OA21x2_ASAP7_75t_R)
  58.79 5304.73 ^ _159154_/Y (AO221x1_ASAP7_75t_R)
  92.01 5396.74 ^ _159901_/Y (AND2x2_ASAP7_75t_R)
 173.87 5570.61 v _159903_/Y (NOR2x1_ASAP7_75t_R)
 111.84 5682.45 ^ _163131_/Y (NAND2x2_ASAP7_75t_R)
  35.25 5717.70 ^ load_slew954/Y (BUFx16f_ASAP7_75t_R)
  36.94 5754.64 ^ load_slew952/Y (BUFx16f_ASAP7_75t_R)
 136.86 5891.51 ^ _163132_/Y (OR2x2_ASAP7_75t_R)
  62.56 5954.07 v _194573_/Y (NAND2x1_ASAP7_75t_R)
  20.46 5974.52 v _194574_/Y (AO21x1_ASAP7_75t_R)
  25.77 6000.29 v _194575_/Y (OA211x2_ASAP7_75t_R)
  17.14 6017.44 v _194576_/Y (AO21x1_ASAP7_75t_R)
  14.86 6032.30 v _194577_/Y (AND2x2_ASAP7_75t_R)
   0.05 6032.35 v _312106_/D (DFFHQNx1_ASAP7_75t_R)
        6032.35   data arrival time

12000.00 12000.00   clock core_clk (rise edge)
   0.00 12000.00   clock source latency
   0.00 12000.00 ^ clk (in)
  46.11 12046.11 ^ wire4945/Y (BUFx10_ASAP7_75t_R)
  47.38 12093.49 ^ clkbuf_0_clk/Y (BUFx24_ASAP7_75t_R)
  28.80 12122.29 ^ clkbuf_1_1_0_clk/Y (BUFx24_ASAP7_75t_R)
  28.42 12150.71 ^ clkbuf_2_3_0_clk/Y (BUFx24_ASAP7_75t_R)
  22.98 12173.68 ^ clkbuf_3_6_0_clk/Y (BUFx24_ASAP7_75t_R)
  29.23 12202.91 ^ clkbuf_4_12_0_clk/Y (BUFx24_ASAP7_75t_R)
  27.07 12229.97 ^ clkbuf_6_51_0_clk/Y (BUFx24_ASAP7_75t_R)
  20.89 12250.87 ^ clkbuf_7_103__f_clk/Y (BUFx24_ASAP7_75t_R)
  23.38 12274.25 ^ clkbuf_leaf_472_clk/Y (BUFx24_ASAP7_75t_R)
   1.47 12275.71 ^ _312106_/CLK (DFFHQNx1_ASAP7_75t_R)
 -50.00 12225.71   clock uncertainty
   2.19 12227.90   clock reconvergence pessimism
  -0.45 12227.45   library setup time
        12227.45   data required time
---------------------------------------------------------
        12227.45   data required time
        -6032.35   data arrival time
---------------------------------------------------------
        6195.10   slack (MET)


Startpoint: _308209_ (rising edge-triggered flip-flop clocked by core_clk)
Endpoint: _311556_ (rising edge-triggered flip-flop clocked by core_clk)
Path Group: reg2reg
Path Type: max

  Delay    Time   Description
---------------------------------------------------------
   0.00    0.00   clock core_clk (rise edge)
   0.00    0.00   clock source latency
   0.00    0.00 ^ clk (in)
  46.81   46.81 ^ wire4945/Y (BUFx10_ASAP7_75t_R)
  48.87   95.68 ^ clkbuf_0_clk/Y (BUFx24_ASAP7_75t_R)
  30.20  125.87 ^ clkbuf_1_0_0_clk/Y (BUFx24_ASAP7_75t_R)
  29.09  154.96 ^ clkbuf_2_1_0_clk/Y (BUFx24_ASAP7_75t_R)
  26.47  181.44 ^ clkbuf_3_2_0_clk/Y (BUFx24_ASAP7_75t_R)
  30.84  212.28 ^ clkbuf_4_4_0_clk/Y (BUFx24_ASAP7_75t_R)
  24.84  237.12 ^ clkbuf_6_19_0_clk/Y (BUFx24_ASAP7_75t_R)
  21.77  258.88 ^ clkbuf_7_38__f_clk/Y (BUFx24_ASAP7_75t_R)
  27.65  286.53 ^ clkbuf_leaf_778_clk/Y (BUFx24_ASAP7_75t_R)
   2.33  288.86 ^ _308209_/CLK (DFFHQNx3_ASAP7_75t_R)
  56.18  345.04 ^ _308209_/QN (DFFHQNx3_ASAP7_75t_R)
  27.51  372.55 ^ wire4778/Y (BUFx16f_ASAP7_75t_R)
  66.95  439.50 ^ wire4776/Y (BUFx16f_ASAP7_75t_R)
  33.08  472.58 ^ wire4775/Y (BUFx16f_ASAP7_75t_R)
  73.63  546.21 ^ load_slew4774/Y (BUFx16f_ASAP7_75t_R)
  94.00  640.21 ^ _153629_/Y (AND2x2_ASAP7_75t_R)
 169.02  809.24 v _153630_/Y (NAND2x1_ASAP7_75t_R)
  64.17  873.41 v _153631_/Y (OA21x2_ASAP7_75t_R)
 108.13  981.54 v _153633_/Y (AND3x1_ASAP7_75t_R)
  89.17 1070.71 v _154870_/Y (AO222x2_ASAP7_75t_R)
  47.40 1118.11 v _154873_/Y (OR3x2_ASAP7_75t_R)
  54.24 1172.36 v _154878_/Y (OR5x1_ASAP7_75t_R)
  93.99 1266.34 v _154879_/Y (OR4x1_ASAP7_75t_R)
  74.48 1340.82 v _155829_/Y (OR4x1_ASAP7_75t_R)
  24.56 1365.38 v _155944_/Y (AO221x1_ASAP7_75t_R)
  50.94 1416.32 v _155949_/Y (OR5x1_ASAP7_75t_R)
  34.05 1450.37 v _156013_/Y (AND2x2_ASAP7_75t_R)
  49.97 1500.34 ^ _156016_/Y (NAND3x1_ASAP7_75t_R)
  39.70 1540.04 v _156112_/Y (AOI221x1_ASAP7_75t_R)
  26.08 1566.12 v _156115_/Y (OA21x2_ASAP7_75t_R)
  21.84 1587.97 v _156116_/Y (OR3x1_ASAP7_75t_R)
  38.63 1626.60 v _156123_/Y (AO33x2_ASAP7_75t_R)
  41.76 1668.35 ^ _156140_/Y (NAND2x1_ASAP7_75t_R)
 110.76 1779.11 ^ _156253_/Y (AO221x1_ASAP7_75t_R)
  69.58 1848.70 v _156308_/Y (NAND2x2_ASAP7_75t_R)
  49.02 1897.71 v _156311_/Y (AO21x2_ASAP7_75t_R)
  23.18 1920.89 v _156314_/Y (OA21x2_ASAP7_75t_R)
  27.71 1948.60 v _156388_/Y (AO221x1_ASAP7_75t_R)
  22.62 1971.22 v _156389_/Y (OA21x2_ASAP7_75t_R)
  24.14 1995.36 ^ _156393_/Y (AOI22x1_ASAP7_75t_R)
  53.99 2049.35 v _156410_/Y (NAND2x1_ASAP7_75t_R)
  71.47 2120.82 v _156421_/Y (AO33x2_ASAP7_75t_R)
  32.75 2153.58 ^ _156522_/Y (XNOR2x2_ASAP7_75t_R)
  25.19 2178.76 ^ _156526_/Y (AND4x1_ASAP7_75t_R)
  19.20 2197.96 ^ _156550_/Y (AO21x1_ASAP7_75t_R)
  19.23 2217.19 ^ _156551_/Y (AO21x1_ASAP7_75t_R)
  80.77 2297.96 ^ _156552_/Y (OA211x2_ASAP7_75t_R)
  89.28 2387.25 v _156555_/Y (INVx1_ASAP7_75t_R)
  33.68 2420.92 ^ _156568_/Y (OAI21x1_ASAP7_75t_R)
  34.29 2455.21 v _156616_/Y (AOI221x1_ASAP7_75t_R)
  48.52 2503.73 v _156806_/Y (OA211x2_ASAP7_75t_R)
  13.78 2517.51 ^ _156807_/Y (NAND2x1_ASAP7_75t_R)
  71.16 2588.67 ^ _156882_/Y (AO32x1_ASAP7_75t_R)
  34.48 2623.15 ^ _156995_/Y (OR2x2_ASAP7_75t_R)
  39.01 2662.16 ^ _157002_/Y (AO32x1_ASAP7_75t_R)
  36.29 2698.44 ^ _157004_/Y (XNOR2x2_ASAP7_75t_R)
  14.38 2712.83 v _157005_/Y (NOR3x1_ASAP7_75t_R)
  32.62 2745.45 v _157006_/Y (AND5x2_ASAP7_75t_R)
  28.88 2774.33 v _157078_/Y (OR3x1_ASAP7_75t_R)
  57.37 2831.69 v _157141_/Y (OA33x2_ASAP7_75t_R)
  34.73 2866.43 v _157144_/Y (OR2x2_ASAP7_75t_R)
  24.44 2890.87 v _157145_/Y (AO21x1_ASAP7_75t_R)
  26.35 2917.22 v _157196_/Y (AO32x1_ASAP7_75t_R)
  26.77 2943.99 v _157198_/Y (AO22x1_ASAP7_75t_R)
  23.00 2966.99 v _157222_/Y (AO21x1_ASAP7_75t_R)
  30.83 2997.82 v _157223_/Y (OR3x1_ASAP7_75t_R)
  42.49 3040.31 v _157312_/Y (AO21x1_ASAP7_75t_R)
  58.19 3098.50 ^ _157343_/Y (NAND2x1_ASAP7_75t_R)
  43.82 3142.32 v _157440_/Y (AOI221x1_ASAP7_75t_R)
  30.91 3173.23 v _157456_/Y (OA222x2_ASAP7_75t_R)
  22.24 3195.47 v _157459_/Y (AND5x2_ASAP7_75t_R)
  20.86 3216.33 v _157472_/Y (OA31x2_ASAP7_75t_R)
  42.26 3258.59 v _157475_/Y (OR4x2_ASAP7_75t_R)
  63.75 3322.33 ^ _157478_/Y (NAND2x1_ASAP7_75t_R)
  19.94 3342.27 v _157479_/Y (NOR2x1_ASAP7_75t_R)
  25.21 3367.48 v _157485_/Y (OA21x2_ASAP7_75t_R)
  28.58 3396.06 v _157492_/Y (AO221x1_ASAP7_75t_R)
  26.03 3422.09 v _157649_/Y (OA21x2_ASAP7_75t_R)
  24.74 3446.82 v _157651_/Y (AO21x1_ASAP7_75t_R)
  41.75 3488.58 v _157652_/Y (AO22x1_ASAP7_75t_R)
  64.55 3553.13 ^ _157732_/Y (NAND2x1_ASAP7_75t_R)
  25.99 3579.12 ^ _157764_/Y (AO21x1_ASAP7_75t_R)
  24.20 3603.32 v _157767_/Y (AOI22x1_ASAP7_75t_R)
  37.31 3640.63 v _157790_/Y (OA21x2_ASAP7_75t_R)
  18.85 3659.48 ^ _157827_/Y (AOI211x1_ASAP7_75t_R)
  19.61 3679.09 v _157842_/Y (OAI21x1_ASAP7_75t_R)
  89.64 3768.73 v _157921_/Y (AO221x1_ASAP7_75t_R)
  48.27 3817.00 v _157922_/Y (AO221x1_ASAP7_75t_R)
  27.48 3844.48 v _157925_/Y (AO32x2_ASAP7_75t_R)
  22.59 3867.07 v _157949_/Y (OA211x2_ASAP7_75t_R)
  32.17 3899.24 v _157967_/Y (AO222x2_ASAP7_75t_R)
  38.29 3937.53 v _158020_/Y (AO221x1_ASAP7_75t_R)
  28.61 3966.14 v _158084_/Y (AO211x2_ASAP7_75t_R)
  41.43 4007.57 v _158094_/Y (AND2x2_ASAP7_75t_R)
  49.23 4056.80 v _158173_/Y (OR3x2_ASAP7_75t_R)
  22.73 4079.54 v _158271_/Y (AO221x1_ASAP7_75t_R)
  33.06 4112.59 v _158272_/Y (OR5x1_ASAP7_75t_R)
  46.33 4158.93 v _158273_/Y (OR5x1_ASAP7_75t_R)
  20.14 4179.06 ^ _158274_/Y (NAND2x2_ASAP7_75t_R)
  54.60 4233.66 v _158287_/Y (OAI21x1_ASAP7_75t_R)
  52.70 4286.36 v _158298_/Y (AND2x2_ASAP7_75t_R)
  35.64 4322.00 v _158304_/Y (OA211x2_ASAP7_75t_R)
  30.46 4352.46 v _158330_/Y (XNOR2x2_ASAP7_75t_R)
  29.58 4382.04 v _158388_/Y (OR5x1_ASAP7_75t_R)
  42.94 4424.98 v _158399_/Y (AO33x2_ASAP7_75t_R)
  26.16 4451.15 v _158436_/Y (AND2x2_ASAP7_75t_R)
  78.93 4530.07 v _158437_/Y (OR3x1_ASAP7_75t_R)
  70.98 4601.05 v _158474_/Y (AND2x2_ASAP7_75t_R)
  38.15 4639.21 ^ _158476_/Y (AOI22x1_ASAP7_75t_R)
  23.17 4662.38 ^ _158477_/Y (AND2x2_ASAP7_75t_R)
  16.00 4678.38 v _158496_/Y (AOI221x1_ASAP7_75t_R)
  33.09 4711.47 v _158497_/Y (MAJx2_ASAP7_75t_R)
  24.75 4736.22 v _158571_/Y (AO21x1_ASAP7_75t_R)
  46.55 4782.77 v _158629_/Y (AO221x2_ASAP7_75t_R)
  81.05 4863.83 ^ _158672_/Y (NAND2x1_ASAP7_75t_R)
  35.80 4899.63 ^ _158689_/Y (AND2x2_ASAP7_75t_R)
  22.57 4922.20 ^ _158690_/Y (OA21x2_ASAP7_75t_R)
  20.24 4942.44 ^ _158691_/Y (OR2x2_ASAP7_75t_R)
  22.82 4965.26 ^ _158702_/Y (AND3x1_ASAP7_75t_R)
  21.78 4987.04 ^ _158720_/Y (OA21x2_ASAP7_75t_R)
  24.53 5011.57 ^ _158743_/Y (OA31x2_ASAP7_75t_R)
  15.08 5026.64 ^ _158761_/Y (OR4x1_ASAP7_75t_R)
  48.03 5074.67 ^ _158764_/Y (AND5x2_ASAP7_75t_R)
  52.84 5127.52 ^ _159054_/Y (OA21x2_ASAP7_75t_R)
 118.43 5245.95 ^ _159120_/Y (OA21x2_ASAP7_75t_R)
  58.79 5304.73 ^ _159154_/Y (AO221x1_ASAP7_75t_R)
  92.01 5396.74 ^ _159901_/Y (AND2x2_ASAP7_75t_R)
 173.87 5570.61 v _159903_/Y (NOR2x1_ASAP7_75t_R)
 111.84 5682.45 ^ _163131_/Y (NAND2x2_ASAP7_75t_R)
  35.25 5717.70 ^ load_slew954/Y (BUFx16f_ASAP7_75t_R)
  36.94 5754.64 ^ load_slew952/Y (BUFx16f_ASAP7_75t_R)
  84.06 5838.70 v _164066_/Y (NOR2x2_ASAP7_75t_R)
  33.52 5872.22 v load_slew884/Y (BUFx16f_ASAP7_75t_R)
  45.40 5917.63 v load_slew883/Y (BUFx16f_ASAP7_75t_R)
  53.15 5970.77 ^ _198018_/Y (NAND2x1_ASAP7_75t_R)
  19.33 5990.10 ^ _198019_/Y (OA21x2_ASAP7_75t_R)
   7.61 5997.70 v _198020_/Y (NOR2x1_ASAP7_75t_R)
  18.06 6015.76 v _198021_/Y (AO21x1_ASAP7_75t_R)
  19.18 6034.95 v _198022_/Y (AO22x1_ASAP7_75t_R)
   0.08 6035.03 v _311556_/D (DFFHQNx1_ASAP7_75t_R)
        6035.03   data arrival time

12000.00 12000.00   clock core_clk (rise edge)
   0.00 12000.00   clock source latency
   0.00 12000.00 ^ clk (in)
  46.11 12046.11 ^ wire4945/Y (BUFx10_ASAP7_75t_R)
  47.38 12093.49 ^ clkbuf_0_clk/Y (BUFx24_ASAP7_75t_R)
  28.80 12122.29 ^ clkbuf_1_1_0_clk/Y (BUFx24_ASAP7_75t_R)
  28.42 12150.71 ^ clkbuf_2_3_0_clk/Y (BUFx24_ASAP7_75t_R)
  22.98 12173.68 ^ clkbuf_3_6_0_clk/Y (BUFx24_ASAP7_75t_R)
  28.79 12202.47 ^ clkbuf_4_13_0_clk/Y (BUFx24_ASAP7_75t_R)
  25.67 12228.14 ^ clkbuf_6_54_0_clk/Y (BUFx24_ASAP7_75t_R)
  20.61 12248.74 ^ clkbuf_7_109__f_clk/Y (BUFx24_ASAP7_75t_R)
  26.68 12275.42 ^ clkbuf_leaf_487_clk/Y (BUFx24_ASAP7_75t_R)
   2.45 12277.87 ^ _311556_/CLK (DFFHQNx1_ASAP7_75t_R)
 -50.00 12227.87   clock uncertainty
   2.19 12230.06   clock reconvergence pessimism
   0.10 12230.16   library setup time
        12230.16   data required time
---------------------------------------------------------
        12230.16   data required time
        -6035.03   data arrival time
---------------------------------------------------------
        6195.14   slack (MET)


Startpoint: _308209_ (rising edge-triggered flip-flop clocked by core_clk)
Endpoint: _312100_ (rising edge-triggered flip-flop clocked by core_clk)
Path Group: reg2reg
Path Type: max

  Delay    Time   Description
---------------------------------------------------------
   0.00    0.00   clock core_clk (rise edge)
   0.00    0.00   clock source latency
   0.00    0.00 ^ clk (in)
  46.81   46.81 ^ wire4945/Y (BUFx10_ASAP7_75t_R)
  48.87   95.68 ^ clkbuf_0_clk/Y (BUFx24_ASAP7_75t_R)
  30.20  125.87 ^ clkbuf_1_0_0_clk/Y (BUFx24_ASAP7_75t_R)
  29.09  154.96 ^ clkbuf_2_1_0_clk/Y (BUFx24_ASAP7_75t_R)
  26.47  181.44 ^ clkbuf_3_2_0_clk/Y (BUFx24_ASAP7_75t_R)
  30.84  212.28 ^ clkbuf_4_4_0_clk/Y (BUFx24_ASAP7_75t_R)
  24.84  237.12 ^ clkbuf_6_19_0_clk/Y (BUFx24_ASAP7_75t_R)
  21.77  258.88 ^ clkbuf_7_38__f_clk/Y (BUFx24_ASAP7_75t_R)
  27.65  286.53 ^ clkbuf_leaf_778_clk/Y (BUFx24_ASAP7_75t_R)
   2.33  288.86 ^ _308209_/CLK (DFFHQNx3_ASAP7_75t_R)
  56.18  345.04 ^ _308209_/QN (DFFHQNx3_ASAP7_75t_R)
  27.51  372.55 ^ wire4778/Y (BUFx16f_ASAP7_75t_R)
  66.95  439.50 ^ wire4776/Y (BUFx16f_ASAP7_75t_R)
  33.08  472.58 ^ wire4775/Y (BUFx16f_ASAP7_75t_R)
  73.63  546.21 ^ load_slew4774/Y (BUFx16f_ASAP7_75t_R)
  94.00  640.21 ^ _153629_/Y (AND2x2_ASAP7_75t_R)
 169.02  809.24 v _153630_/Y (NAND2x1_ASAP7_75t_R)
  64.17  873.41 v _153631_/Y (OA21x2_ASAP7_75t_R)
 108.13  981.54 v _153633_/Y (AND3x1_ASAP7_75t_R)
  89.17 1070.71 v _154870_/Y (AO222x2_ASAP7_75t_R)
  47.40 1118.11 v _154873_/Y (OR3x2_ASAP7_75t_R)
  54.24 1172.36 v _154878_/Y (OR5x1_ASAP7_75t_R)
  93.99 1266.34 v _154879_/Y (OR4x1_ASAP7_75t_R)
  74.48 1340.82 v _155829_/Y (OR4x1_ASAP7_75t_R)
  24.56 1365.38 v _155944_/Y (AO221x1_ASAP7_75t_R)
  50.94 1416.32 v _155949_/Y (OR5x1_ASAP7_75t_R)
  34.05 1450.37 v _156013_/Y (AND2x2_ASAP7_75t_R)
  49.97 1500.34 ^ _156016_/Y (NAND3x1_ASAP7_75t_R)
  39.70 1540.04 v _156112_/Y (AOI221x1_ASAP7_75t_R)
  26.08 1566.12 v _156115_/Y (OA21x2_ASAP7_75t_R)
  21.84 1587.97 v _156116_/Y (OR3x1_ASAP7_75t_R)
  38.63 1626.60 v _156123_/Y (AO33x2_ASAP7_75t_R)
  41.76 1668.35 ^ _156140_/Y (NAND2x1_ASAP7_75t_R)
 110.76 1779.11 ^ _156253_/Y (AO221x1_ASAP7_75t_R)
  69.58 1848.70 v _156308_/Y (NAND2x2_ASAP7_75t_R)
  49.02 1897.71 v _156311_/Y (AO21x2_ASAP7_75t_R)
  23.18 1920.89 v _156314_/Y (OA21x2_ASAP7_75t_R)
  27.71 1948.60 v _156388_/Y (AO221x1_ASAP7_75t_R)
  22.62 1971.22 v _156389_/Y (OA21x2_ASAP7_75t_R)
  24.14 1995.36 ^ _156393_/Y (AOI22x1_ASAP7_75t_R)
  53.99 2049.35 v _156410_/Y (NAND2x1_ASAP7_75t_R)
  71.47 2120.82 v _156421_/Y (AO33x2_ASAP7_75t_R)
  32.75 2153.58 ^ _156522_/Y (XNOR2x2_ASAP7_75t_R)
  25.19 2178.76 ^ _156526_/Y (AND4x1_ASAP7_75t_R)
  19.20 2197.96 ^ _156550_/Y (AO21x1_ASAP7_75t_R)
  19.23 2217.19 ^ _156551_/Y (AO21x1_ASAP7_75t_R)
  80.77 2297.96 ^ _156552_/Y (OA211x2_ASAP7_75t_R)
  89.28 2387.25 v _156555_/Y (INVx1_ASAP7_75t_R)
  33.68 2420.92 ^ _156568_/Y (OAI21x1_ASAP7_75t_R)
  34.29 2455.21 v _156616_/Y (AOI221x1_ASAP7_75t_R)
  48.52 2503.73 v _156806_/Y (OA211x2_ASAP7_75t_R)
  13.78 2517.51 ^ _156807_/Y (NAND2x1_ASAP7_75t_R)
  71.16 2588.67 ^ _156882_/Y (AO32x1_ASAP7_75t_R)
  34.48 2623.15 ^ _156995_/Y (OR2x2_ASAP7_75t_R)
  39.01 2662.16 ^ _157002_/Y (AO32x1_ASAP7_75t_R)
  36.29 2698.44 ^ _157004_/Y (XNOR2x2_ASAP7_75t_R)
  14.38 2712.83 v _157005_/Y (NOR3x1_ASAP7_75t_R)
  32.62 2745.45 v _157006_/Y (AND5x2_ASAP7_75t_R)
  28.88 2774.33 v _157078_/Y (OR3x1_ASAP7_75t_R)
  57.37 2831.69 v _157141_/Y (OA33x2_ASAP7_75t_R)
  34.73 2866.43 v _157144_/Y (OR2x2_ASAP7_75t_R)
  24.44 2890.87 v _157145_/Y (AO21x1_ASAP7_75t_R)
  26.35 2917.22 v _157196_/Y (AO32x1_ASAP7_75t_R)
  26.77 2943.99 v _157198_/Y (AO22x1_ASAP7_75t_R)
  23.00 2966.99 v _157222_/Y (AO21x1_ASAP7_75t_R)
  30.83 2997.82 v _157223_/Y (OR3x1_ASAP7_75t_R)
  42.49 3040.31 v _157312_/Y (AO21x1_ASAP7_75t_R)
  58.19 3098.50 ^ _157343_/Y (NAND2x1_ASAP7_75t_R)
  43.82 3142.32 v _157440_/Y (AOI221x1_ASAP7_75t_R)
  30.91 3173.23 v _157456_/Y (OA222x2_ASAP7_75t_R)
  22.24 3195.47 v _157459_/Y (AND5x2_ASAP7_75t_R)
  20.86 3216.33 v _157472_/Y (OA31x2_ASAP7_75t_R)
  42.26 3258.59 v _157475_/Y (OR4x2_ASAP7_75t_R)
  63.75 3322.33 ^ _157478_/Y (NAND2x1_ASAP7_75t_R)
  19.94 3342.27 v _157479_/Y (NOR2x1_ASAP7_75t_R)
  25.21 3367.48 v _157485_/Y (OA21x2_ASAP7_75t_R)
  28.58 3396.06 v _157492_/Y (AO221x1_ASAP7_75t_R)
  26.03 3422.09 v _157649_/Y (OA21x2_ASAP7_75t_R)
  24.74 3446.82 v _157651_/Y (AO21x1_ASAP7_75t_R)
  41.75 3488.58 v _157652_/Y (AO22x1_ASAP7_75t_R)
  64.55 3553.13 ^ _157732_/Y (NAND2x1_ASAP7_75t_R)
  25.99 3579.12 ^ _157764_/Y (AO21x1_ASAP7_75t_R)
  24.20 3603.32 v _157767_/Y (AOI22x1_ASAP7_75t_R)
  37.31 3640.63 v _157790_/Y (OA21x2_ASAP7_75t_R)
  18.85 3659.48 ^ _157827_/Y (AOI211x1_ASAP7_75t_R)
  19.61 3679.09 v _157842_/Y (OAI21x1_ASAP7_75t_R)
  89.64 3768.73 v _157921_/Y (AO221x1_ASAP7_75t_R)
  48.27 3817.00 v _157922_/Y (AO221x1_ASAP7_75t_R)
  27.48 3844.48 v _157925_/Y (AO32x2_ASAP7_75t_R)
  22.59 3867.07 v _157949_/Y (OA211x2_ASAP7_75t_R)
  32.17 3899.24 v _157967_/Y (AO222x2_ASAP7_75t_R)
  38.29 3937.53 v _158020_/Y (AO221x1_ASAP7_75t_R)
  28.61 3966.14 v _158084_/Y (AO211x2_ASAP7_75t_R)
  41.43 4007.57 v _158094_/Y (AND2x2_ASAP7_75t_R)
  49.23 4056.80 v _158173_/Y (OR3x2_ASAP7_75t_R)
  22.73 4079.54 v _158271_/Y (AO221x1_ASAP7_75t_R)
  33.06 4112.59 v _158272_/Y (OR5x1_ASAP7_75t_R)
  46.33 4158.93 v _158273_/Y (OR5x1_ASAP7_75t_R)
  20.14 4179.06 ^ _158274_/Y (NAND2x2_ASAP7_75t_R)
  54.60 4233.66 v _158287_/Y (OAI21x1_ASAP7_75t_R)
  52.70 4286.36 v _158298_/Y (AND2x2_ASAP7_75t_R)
  35.64 4322.00 v _158304_/Y (OA211x2_ASAP7_75t_R)
  30.46 4352.46 v _158330_/Y (XNOR2x2_ASAP7_75t_R)
  29.58 4382.04 v _158388_/Y (OR5x1_ASAP7_75t_R)
  42.94 4424.98 v _158399_/Y (AO33x2_ASAP7_75t_R)
  26.16 4451.15 v _158436_/Y (AND2x2_ASAP7_75t_R)
  78.93 4530.07 v _158437_/Y (OR3x1_ASAP7_75t_R)
  70.98 4601.05 v _158474_/Y (AND2x2_ASAP7_75t_R)
  38.15 4639.21 ^ _158476_/Y (AOI22x1_ASAP7_75t_R)
  23.17 4662.38 ^ _158477_/Y (AND2x2_ASAP7_75t_R)
  16.00 4678.38 v _158496_/Y (AOI221x1_ASAP7_75t_R)
  33.09 4711.47 v _158497_/Y (MAJx2_ASAP7_75t_R)
  24.75 4736.22 v _158571_/Y (AO21x1_ASAP7_75t_R)
  46.55 4782.77 v _158629_/Y (AO221x2_ASAP7_75t_R)
  81.05 4863.83 ^ _158672_/Y (NAND2x1_ASAP7_75t_R)
  35.80 4899.63 ^ _158689_/Y (AND2x2_ASAP7_75t_R)
  22.57 4922.20 ^ _158690_/Y (OA21x2_ASAP7_75t_R)
  20.24 4942.44 ^ _158691_/Y (OR2x2_ASAP7_75t_R)
  22.82 4965.26 ^ _158702_/Y (AND3x1_ASAP7_75t_R)
  21.78 4987.04 ^ _158720_/Y (OA21x2_ASAP7_75t_R)
  24.53 5011.57 ^ _158743_/Y (OA31x2_ASAP7_75t_R)
  15.08 5026.64 ^ _158761_/Y (OR4x1_ASAP7_75t_R)
  48.03 5074.67 ^ _158764_/Y (AND5x2_ASAP7_75t_R)
  52.84 5127.52 ^ _159054_/Y (OA21x2_ASAP7_75t_R)
 118.43 5245.95 ^ _159120_/Y (OA21x2_ASAP7_75t_R)
  58.79 5304.73 ^ _159154_/Y (AO221x1_ASAP7_75t_R)
  92.01 5396.74 ^ _159901_/Y (AND2x2_ASAP7_75t_R)
 173.87 5570.61 v _159903_/Y (NOR2x1_ASAP7_75t_R)
 111.84 5682.45 ^ _163131_/Y (NAND2x2_ASAP7_75t_R)
  35.25 5717.70 ^ load_slew954/Y (BUFx16f_ASAP7_75t_R)
  36.94 5754.64 ^ load_slew952/Y (BUFx16f_ASAP7_75t_R)
 136.86 5891.51 ^ _163132_/Y (OR2x2_ASAP7_75t_R)
  66.65 5958.15 v _194534_/Y (NAND2x1_ASAP7_75t_R)
  20.30 5978.46 v _194535_/Y (AO21x1_ASAP7_75t_R)
  25.74 6004.19 v _194536_/Y (OA211x2_ASAP7_75t_R)
  16.76 6020.95 v _194537_/Y (AO21x1_ASAP7_75t_R)
  14.71 6035.66 v _194538_/Y (AND2x2_ASAP7_75t_R)
   0.07 6035.74 v _312100_/D (DFFHQNx1_ASAP7_75t_R)
        6035.74   data arrival time

12000.00 12000.00   clock core_clk (rise edge)
   0.00 12000.00   clock source latency
   0.00 12000.00 ^ clk (in)
  46.11 12046.11 ^ wire4945/Y (BUFx10_ASAP7_75t_R)
  47.38 12093.49 ^ clkbuf_0_clk/Y (BUFx24_ASAP7_75t_R)
  28.80 12122.29 ^ clkbuf_1_1_0_clk/Y (BUFx24_ASAP7_75t_R)
  28.42 12150.71 ^ clkbuf_2_3_0_clk/Y (BUFx24_ASAP7_75t_R)
  22.98 12173.68 ^ clkbuf_3_6_0_clk/Y (BUFx24_ASAP7_75t_R)
  28.79 12202.47 ^ clkbuf_4_13_0_clk/Y (BUFx24_ASAP7_75t_R)
  25.67 12228.14 ^ clkbuf_6_54_0_clk/Y (BUFx24_ASAP7_75t_R)
  20.61 12248.74 ^ clkbuf_7_109__f_clk/Y (BUFx24_ASAP7_75t_R)
  26.20 12274.94 ^ clkbuf_leaf_488_clk/Y (BUFx24_ASAP7_75t_R)
   3.29 12278.23 ^ _312100_/CLK (DFFHQNx1_ASAP7_75t_R)
 -50.00 12228.23   clock uncertainty
   2.19 12230.42   clock reconvergence pessimism
   0.58 12231.00   library setup time
        12231.00   data required time
---------------------------------------------------------
        12231.00   data required time
        -6035.74   data arrival time
---------------------------------------------------------
        6195.26   slack (MET)


Startpoint: _308209_ (rising edge-triggered flip-flop clocked by core_clk)
Endpoint: _311535_ (rising edge-triggered flip-flop clocked by core_clk)
Path Group: reg2reg
Path Type: max

  Delay    Time   Description
---------------------------------------------------------
   0.00    0.00   clock core_clk (rise edge)
   0.00    0.00   clock source latency
   0.00    0.00 ^ clk (in)
  46.81   46.81 ^ wire4945/Y (BUFx10_ASAP7_75t_R)
  48.87   95.68 ^ clkbuf_0_clk/Y (BUFx24_ASAP7_75t_R)
  30.20  125.87 ^ clkbuf_1_0_0_clk/Y (BUFx24_ASAP7_75t_R)
  29.09  154.96 ^ clkbuf_2_1_0_clk/Y (BUFx24_ASAP7_75t_R)
  26.47  181.44 ^ clkbuf_3_2_0_clk/Y (BUFx24_ASAP7_75t_R)
  30.84  212.28 ^ clkbuf_4_4_0_clk/Y (BUFx24_ASAP7_75t_R)
  24.84  237.12 ^ clkbuf_6_19_0_clk/Y (BUFx24_ASAP7_75t_R)
  21.77  258.88 ^ clkbuf_7_38__f_clk/Y (BUFx24_ASAP7_75t_R)
  27.65  286.53 ^ clkbuf_leaf_778_clk/Y (BUFx24_ASAP7_75t_R)
   2.33  288.86 ^ _308209_/CLK (DFFHQNx3_ASAP7_75t_R)
  56.18  345.04 ^ _308209_/QN (DFFHQNx3_ASAP7_75t_R)
  27.51  372.55 ^ wire4778/Y (BUFx16f_ASAP7_75t_R)
  66.95  439.50 ^ wire4776/Y (BUFx16f_ASAP7_75t_R)
  33.08  472.58 ^ wire4775/Y (BUFx16f_ASAP7_75t_R)
  73.63  546.21 ^ load_slew4774/Y (BUFx16f_ASAP7_75t_R)
  94.00  640.21 ^ _153629_/Y (AND2x2_ASAP7_75t_R)
 169.02  809.24 v _153630_/Y (NAND2x1_ASAP7_75t_R)
  64.17  873.41 v _153631_/Y (OA21x2_ASAP7_75t_R)
 108.13  981.54 v _153633_/Y (AND3x1_ASAP7_75t_R)
  89.17 1070.71 v _154870_/Y (AO222x2_ASAP7_75t_R)
  47.40 1118.11 v _154873_/Y (OR3x2_ASAP7_75t_R)
  54.24 1172.36 v _154878_/Y (OR5x1_ASAP7_75t_R)
  93.99 1266.34 v _154879_/Y (OR4x1_ASAP7_75t_R)
  74.48 1340.82 v _155829_/Y (OR4x1_ASAP7_75t_R)
  24.56 1365.38 v _155944_/Y (AO221x1_ASAP7_75t_R)
  50.94 1416.32 v _155949_/Y (OR5x1_ASAP7_75t_R)
  34.05 1450.37 v _156013_/Y (AND2x2_ASAP7_75t_R)
  49.97 1500.34 ^ _156016_/Y (NAND3x1_ASAP7_75t_R)
  39.70 1540.04 v _156112_/Y (AOI221x1_ASAP7_75t_R)
  26.08 1566.12 v _156115_/Y (OA21x2_ASAP7_75t_R)
  21.84 1587.97 v _156116_/Y (OR3x1_ASAP7_75t_R)
  38.63 1626.60 v _156123_/Y (AO33x2_ASAP7_75t_R)
  41.76 1668.35 ^ _156140_/Y (NAND2x1_ASAP7_75t_R)
 110.76 1779.11 ^ _156253_/Y (AO221x1_ASAP7_75t_R)
  69.58 1848.70 v _156308_/Y (NAND2x2_ASAP7_75t_R)
  49.02 1897.71 v _156311_/Y (AO21x2_ASAP7_75t_R)
  23.18 1920.89 v _156314_/Y (OA21x2_ASAP7_75t_R)
  27.71 1948.60 v _156388_/Y (AO221x1_ASAP7_75t_R)
  22.62 1971.22 v _156389_/Y (OA21x2_ASAP7_75t_R)
  24.14 1995.36 ^ _156393_/Y (AOI22x1_ASAP7_75t_R)
  53.99 2049.35 v _156410_/Y (NAND2x1_ASAP7_75t_R)
  71.47 2120.82 v _156421_/Y (AO33x2_ASAP7_75t_R)
  32.75 2153.58 ^ _156522_/Y (XNOR2x2_ASAP7_75t_R)
  25.19 2178.76 ^ _156526_/Y (AND4x1_ASAP7_75t_R)
  19.20 2197.96 ^ _156550_/Y (AO21x1_ASAP7_75t_R)
  19.23 2217.19 ^ _156551_/Y (AO21x1_ASAP7_75t_R)
  80.77 2297.96 ^ _156552_/Y (OA211x2_ASAP7_75t_R)
  89.28 2387.25 v _156555_/Y (INVx1_ASAP7_75t_R)
  33.68 2420.92 ^ _156568_/Y (OAI21x1_ASAP7_75t_R)
  34.29 2455.21 v _156616_/Y (AOI221x1_ASAP7_75t_R)
  48.52 2503.73 v _156806_/Y (OA211x2_ASAP7_75t_R)
  13.78 2517.51 ^ _156807_/Y (NAND2x1_ASAP7_75t_R)
  71.16 2588.67 ^ _156882_/Y (AO32x1_ASAP7_75t_R)
  34.48 2623.15 ^ _156995_/Y (OR2x2_ASAP7_75t_R)
  39.01 2662.16 ^ _157002_/Y (AO32x1_ASAP7_75t_R)
  36.29 2698.44 ^ _157004_/Y (XNOR2x2_ASAP7_75t_R)
  14.38 2712.83 v _157005_/Y (NOR3x1_ASAP7_75t_R)
  32.62 2745.45 v _157006_/Y (AND5x2_ASAP7_75t_R)
  28.88 2774.33 v _157078_/Y (OR3x1_ASAP7_75t_R)
  57.37 2831.69 v _157141_/Y (OA33x2_ASAP7_75t_R)
  34.73 2866.43 v _157144_/Y (OR2x2_ASAP7_75t_R)
  24.44 2890.87 v _157145_/Y (AO21x1_ASAP7_75t_R)
  26.35 2917.22 v _157196_/Y (AO32x1_ASAP7_75t_R)
  26.77 2943.99 v _157198_/Y (AO22x1_ASAP7_75t_R)
  23.00 2966.99 v _157222_/Y (AO21x1_ASAP7_75t_R)
  30.83 2997.82 v _157223_/Y (OR3x1_ASAP7_75t_R)
  42.49 3040.31 v _157312_/Y (AO21x1_ASAP7_75t_R)
  58.19 3098.50 ^ _157343_/Y (NAND2x1_ASAP7_75t_R)
  43.82 3142.32 v _157440_/Y (AOI221x1_ASAP7_75t_R)
  30.91 3173.23 v _157456_/Y (OA222x2_ASAP7_75t_R)
  22.24 3195.47 v _157459_/Y (AND5x2_ASAP7_75t_R)
  20.86 3216.33 v _157472_/Y (OA31x2_ASAP7_75t_R)
  42.26 3258.59 v _157475_/Y (OR4x2_ASAP7_75t_R)
  63.75 3322.33 ^ _157478_/Y (NAND2x1_ASAP7_75t_R)
  19.94 3342.27 v _157479_/Y (NOR2x1_ASAP7_75t_R)
  25.21 3367.48 v _157485_/Y (OA21x2_ASAP7_75t_R)
  28.58 3396.06 v _157492_/Y (AO221x1_ASAP7_75t_R)
  26.03 3422.09 v _157649_/Y (OA21x2_ASAP7_75t_R)
  24.74 3446.82 v _157651_/Y (AO21x1_ASAP7_75t_R)
  41.75 3488.58 v _157652_/Y (AO22x1_ASAP7_75t_R)
  64.55 3553.13 ^ _157732_/Y (NAND2x1_ASAP7_75t_R)
  25.99 3579.12 ^ _157764_/Y (AO21x1_ASAP7_75t_R)
  24.20 3603.32 v _157767_/Y (AOI22x1_ASAP7_75t_R)
  37.31 3640.63 v _157790_/Y (OA21x2_ASAP7_75t_R)
  18.85 3659.48 ^ _157827_/Y (AOI211x1_ASAP7_75t_R)
  19.61 3679.09 v _157842_/Y (OAI21x1_ASAP7_75t_R)
  89.64 3768.73 v _157921_/Y (AO221x1_ASAP7_75t_R)
  48.27 3817.00 v _157922_/Y (AO221x1_ASAP7_75t_R)
  27.48 3844.48 v _157925_/Y (AO32x2_ASAP7_75t_R)
  22.59 3867.07 v _157949_/Y (OA211x2_ASAP7_75t_R)
  32.17 3899.24 v _157967_/Y (AO222x2_ASAP7_75t_R)
  38.29 3937.53 v _158020_/Y (AO221x1_ASAP7_75t_R)
  28.61 3966.14 v _158084_/Y (AO211x2_ASAP7_75t_R)
  41.43 4007.57 v _158094_/Y (AND2x2_ASAP7_75t_R)
  49.23 4056.80 v _158173_/Y (OR3x2_ASAP7_75t_R)
  22.73 4079.54 v _158271_/Y (AO221x1_ASAP7_75t_R)
  33.06 4112.59 v _158272_/Y (OR5x1_ASAP7_75t_R)
  46.33 4158.93 v _158273_/Y (OR5x1_ASAP7_75t_R)
  20.14 4179.06 ^ _158274_/Y (NAND2x2_ASAP7_75t_R)
  54.60 4233.66 v _158287_/Y (OAI21x1_ASAP7_75t_R)
  52.70 4286.36 v _158298_/Y (AND2x2_ASAP7_75t_R)
  35.64 4322.00 v _158304_/Y (OA211x2_ASAP7_75t_R)
  30.46 4352.46 v _158330_/Y (XNOR2x2_ASAP7_75t_R)
  29.58 4382.04 v _158388_/Y (OR5x1_ASAP7_75t_R)
  42.94 4424.98 v _158399_/Y (AO33x2_ASAP7_75t_R)
  26.16 4451.15 v _158436_/Y (AND2x2_ASAP7_75t_R)
  78.93 4530.07 v _158437_/Y (OR3x1_ASAP7_75t_R)
  70.98 4601.05 v _158474_/Y (AND2x2_ASAP7_75t_R)
  38.15 4639.21 ^ _158476_/Y (AOI22x1_ASAP7_75t_R)
  23.17 4662.38 ^ _158477_/Y (AND2x2_ASAP7_75t_R)
  16.00 4678.38 v _158496_/Y (AOI221x1_ASAP7_75t_R)
  33.09 4711.47 v _158497_/Y (MAJx2_ASAP7_75t_R)
  24.75 4736.22 v _158571_/Y (AO21x1_ASAP7_75t_R)
  46.55 4782.77 v _158629_/Y (AO221x2_ASAP7_75t_R)
  81.05 4863.83 ^ _158672_/Y (NAND2x1_ASAP7_75t_R)
  35.80 4899.63 ^ _158689_/Y (AND2x2_ASAP7_75t_R)
  22.57 4922.20 ^ _158690_/Y (OA21x2_ASAP7_75t_R)
  20.24 4942.44 ^ _158691_/Y (OR2x2_ASAP7_75t_R)
  22.82 4965.26 ^ _158702_/Y (AND3x1_ASAP7_75t_R)
  21.78 4987.04 ^ _158720_/Y (OA21x2_ASAP7_75t_R)
  24.53 5011.57 ^ _158743_/Y (OA31x2_ASAP7_75t_R)
  15.08 5026.64 ^ _158761_/Y (OR4x1_ASAP7_75t_R)
  48.03 5074.67 ^ _158764_/Y (AND5x2_ASAP7_75t_R)
  52.84 5127.52 ^ _159054_/Y (OA21x2_ASAP7_75t_R)
 118.43 5245.95 ^ _159120_/Y (OA21x2_ASAP7_75t_R)
  58.79 5304.73 ^ _159154_/Y (AO221x1_ASAP7_75t_R)
  92.01 5396.74 ^ _159901_/Y (AND2x2_ASAP7_75t_R)
 173.87 5570.61 v _159903_/Y (NOR2x1_ASAP7_75t_R)
 111.84 5682.45 ^ _163131_/Y (NAND2x2_ASAP7_75t_R)
  35.25 5717.70 ^ load_slew954/Y (BUFx16f_ASAP7_75t_R)
  36.94 5754.64 ^ load_slew952/Y (BUFx16f_ASAP7_75t_R)
  84.06 5838.70 v _164066_/Y (NOR2x2_ASAP7_75t_R)
  33.52 5872.22 v load_slew884/Y (BUFx16f_ASAP7_75t_R)
  45.40 5917.63 v load_slew883/Y (BUFx16f_ASAP7_75t_R)
  52.84 5970.47 ^ _197901_/Y (NAND2x1_ASAP7_75t_R)
  19.61 5990.08 ^ _197902_/Y (OA21x2_ASAP7_75t_R)
   8.00 5998.08 v _197903_/Y (NOR2x1_ASAP7_75t_R)
  17.91 6015.99 v _197904_/Y (AO21x1_ASAP7_75t_R)
  19.12 6035.11 v _197905_/Y (AO22x1_ASAP7_75t_R)
   0.06 6035.17 v _311535_/D (DFFHQNx1_ASAP7_75t_R)
        6035.17   data arrival time

12000.00 12000.00   clock core_clk (rise edge)
   0.00 12000.00   clock source latency
   0.00 12000.00 ^ clk (in)
  46.11 12046.11 ^ wire4945/Y (BUFx10_ASAP7_75t_R)
  47.38 12093.49 ^ clkbuf_0_clk/Y (BUFx24_ASAP7_75t_R)
  28.80 12122.29 ^ clkbuf_1_1_0_clk/Y (BUFx24_ASAP7_75t_R)
  28.42 12150.71 ^ clkbuf_2_3_0_clk/Y (BUFx24_ASAP7_75t_R)
  22.98 12173.68 ^ clkbuf_3_6_0_clk/Y (BUFx24_ASAP7_75t_R)
  28.79 12202.47 ^ clkbuf_4_13_0_clk/Y (BUFx24_ASAP7_75t_R)
  25.67 12228.14 ^ clkbuf_6_54_0_clk/Y (BUFx24_ASAP7_75t_R)
  20.61 12248.74 ^ clkbuf_7_109__f_clk/Y (BUFx24_ASAP7_75t_R)
  26.68 12275.42 ^ clkbuf_leaf_487_clk/Y (BUFx24_ASAP7_75t_R)
   2.78 12278.20 ^ _311535_/CLK (DFFHQNx1_ASAP7_75t_R)
 -50.00 12228.20   clock uncertainty
   2.19 12230.39   clock reconvergence pessimism
   0.21 12230.60   library setup time
        12230.60   data required time
---------------------------------------------------------
        12230.60   data required time
        -6035.17   data arrival time
---------------------------------------------------------
        6195.42   slack (MET)


Startpoint: _308209_ (rising edge-triggered flip-flop clocked by core_clk)
Endpoint: _312522_ (rising edge-triggered flip-flop clocked by core_clk)
Path Group: reg2reg
Path Type: max

  Delay    Time   Description
---------------------------------------------------------
   0.00    0.00   clock core_clk (rise edge)
   0.00    0.00   clock source latency
   0.00    0.00 ^ clk (in)
  46.81   46.81 ^ wire4945/Y (BUFx10_ASAP7_75t_R)
  48.87   95.68 ^ clkbuf_0_clk/Y (BUFx24_ASAP7_75t_R)
  30.20  125.87 ^ clkbuf_1_0_0_clk/Y (BUFx24_ASAP7_75t_R)
  29.09  154.96 ^ clkbuf_2_1_0_clk/Y (BUFx24_ASAP7_75t_R)
  26.47  181.44 ^ clkbuf_3_2_0_clk/Y (BUFx24_ASAP7_75t_R)
  30.84  212.28 ^ clkbuf_4_4_0_clk/Y (BUFx24_ASAP7_75t_R)
  24.84  237.12 ^ clkbuf_6_19_0_clk/Y (BUFx24_ASAP7_75t_R)
  21.77  258.88 ^ clkbuf_7_38__f_clk/Y (BUFx24_ASAP7_75t_R)
  27.65  286.53 ^ clkbuf_leaf_778_clk/Y (BUFx24_ASAP7_75t_R)
   2.33  288.86 ^ _308209_/CLK (DFFHQNx3_ASAP7_75t_R)
  56.18  345.04 ^ _308209_/QN (DFFHQNx3_ASAP7_75t_R)
  27.51  372.55 ^ wire4778/Y (BUFx16f_ASAP7_75t_R)
  66.95  439.50 ^ wire4776/Y (BUFx16f_ASAP7_75t_R)
  33.08  472.58 ^ wire4775/Y (BUFx16f_ASAP7_75t_R)
  73.63  546.21 ^ load_slew4774/Y (BUFx16f_ASAP7_75t_R)
  94.00  640.21 ^ _153629_/Y (AND2x2_ASAP7_75t_R)
 169.02  809.24 v _153630_/Y (NAND2x1_ASAP7_75t_R)
  64.17  873.41 v _153631_/Y (OA21x2_ASAP7_75t_R)
 108.13  981.54 v _153633_/Y (AND3x1_ASAP7_75t_R)
  89.17 1070.71 v _154870_/Y (AO222x2_ASAP7_75t_R)
  47.40 1118.11 v _154873_/Y (OR3x2_ASAP7_75t_R)
  54.24 1172.36 v _154878_/Y (OR5x1_ASAP7_75t_R)
  93.99 1266.34 v _154879_/Y (OR4x1_ASAP7_75t_R)
  74.48 1340.82 v _155829_/Y (OR4x1_ASAP7_75t_R)
  24.56 1365.38 v _155944_/Y (AO221x1_ASAP7_75t_R)
  50.94 1416.32 v _155949_/Y (OR5x1_ASAP7_75t_R)
  34.05 1450.37 v _156013_/Y (AND2x2_ASAP7_75t_R)
  49.97 1500.34 ^ _156016_/Y (NAND3x1_ASAP7_75t_R)
  39.70 1540.04 v _156112_/Y (AOI221x1_ASAP7_75t_R)
  26.08 1566.12 v _156115_/Y (OA21x2_ASAP7_75t_R)
  21.84 1587.97 v _156116_/Y (OR3x1_ASAP7_75t_R)
  38.63 1626.60 v _156123_/Y (AO33x2_ASAP7_75t_R)
  41.76 1668.35 ^ _156140_/Y (NAND2x1_ASAP7_75t_R)
 110.76 1779.11 ^ _156253_/Y (AO221x1_ASAP7_75t_R)
  69.58 1848.70 v _156308_/Y (NAND2x2_ASAP7_75t_R)
  49.02 1897.71 v _156311_/Y (AO21x2_ASAP7_75t_R)
  23.18 1920.89 v _156314_/Y (OA21x2_ASAP7_75t_R)
  27.71 1948.60 v _156388_/Y (AO221x1_ASAP7_75t_R)
  22.62 1971.22 v _156389_/Y (OA21x2_ASAP7_75t_R)
  24.14 1995.36 ^ _156393_/Y (AOI22x1_ASAP7_75t_R)
  53.99 2049.35 v _156410_/Y (NAND2x1_ASAP7_75t_R)
  71.47 2120.82 v _156421_/Y (AO33x2_ASAP7_75t_R)
  32.75 2153.58 ^ _156522_/Y (XNOR2x2_ASAP7_75t_R)
  25.19 2178.76 ^ _156526_/Y (AND4x1_ASAP7_75t_R)
  19.20 2197.96 ^ _156550_/Y (AO21x1_ASAP7_75t_R)
  19.23 2217.19 ^ _156551_/Y (AO21x1_ASAP7_75t_R)
  80.77 2297.96 ^ _156552_/Y (OA211x2_ASAP7_75t_R)
  89.28 2387.25 v _156555_/Y (INVx1_ASAP7_75t_R)
  33.68 2420.92 ^ _156568_/Y (OAI21x1_ASAP7_75t_R)
  34.29 2455.21 v _156616_/Y (AOI221x1_ASAP7_75t_R)
  48.52 2503.73 v _156806_/Y (OA211x2_ASAP7_75t_R)
  13.78 2517.51 ^ _156807_/Y (NAND2x1_ASAP7_75t_R)
  71.16 2588.67 ^ _156882_/Y (AO32x1_ASAP7_75t_R)
  34.48 2623.15 ^ _156995_/Y (OR2x2_ASAP7_75t_R)
  39.01 2662.16 ^ _157002_/Y (AO32x1_ASAP7_75t_R)
  36.29 2698.44 ^ _157004_/Y (XNOR2x2_ASAP7_75t_R)
  14.38 2712.83 v _157005_/Y (NOR3x1_ASAP7_75t_R)
  32.62 2745.45 v _157006_/Y (AND5x2_ASAP7_75t_R)
  28.88 2774.33 v _157078_/Y (OR3x1_ASAP7_75t_R)
  57.37 2831.69 v _157141_/Y (OA33x2_ASAP7_75t_R)
  34.73 2866.43 v _157144_/Y (OR2x2_ASAP7_75t_R)
  24.44 2890.87 v _157145_/Y (AO21x1_ASAP7_75t_R)
  26.35 2917.22 v _157196_/Y (AO32x1_ASAP7_75t_R)
  26.77 2943.99 v _157198_/Y (AO22x1_ASAP7_75t_R)
  23.00 2966.99 v _157222_/Y (AO21x1_ASAP7_75t_R)
  30.83 2997.82 v _157223_/Y (OR3x1_ASAP7_75t_R)
  42.49 3040.31 v _157312_/Y (AO21x1_ASAP7_75t_R)
  58.19 3098.50 ^ _157343_/Y (NAND2x1_ASAP7_75t_R)
  43.82 3142.32 v _157440_/Y (AOI221x1_ASAP7_75t_R)
  30.91 3173.23 v _157456_/Y (OA222x2_ASAP7_75t_R)
  22.24 3195.47 v _157459_/Y (AND5x2_ASAP7_75t_R)
  20.86 3216.33 v _157472_/Y (OA31x2_ASAP7_75t_R)
  42.26 3258.59 v _157475_/Y (OR4x2_ASAP7_75t_R)
  63.75 3322.33 ^ _157478_/Y (NAND2x1_ASAP7_75t_R)
  19.94 3342.27 v _157479_/Y (NOR2x1_ASAP7_75t_R)
  25.21 3367.48 v _157485_/Y (OA21x2_ASAP7_75t_R)
  28.58 3396.06 v _157492_/Y (AO221x1_ASAP7_75t_R)
  26.03 3422.09 v _157649_/Y (OA21x2_ASAP7_75t_R)
  24.74 3446.82 v _157651_/Y (AO21x1_ASAP7_75t_R)
  41.75 3488.58 v _157652_/Y (AO22x1_ASAP7_75t_R)
  64.55 3553.13 ^ _157732_/Y (NAND2x1_ASAP7_75t_R)
  25.99 3579.12 ^ _157764_/Y (AO21x1_ASAP7_75t_R)
  24.20 3603.32 v _157767_/Y (AOI22x1_ASAP7_75t_R)
  37.31 3640.63 v _157790_/Y (OA21x2_ASAP7_75t_R)
  18.85 3659.48 ^ _157827_/Y (AOI211x1_ASAP7_75t_R)
  19.61 3679.09 v _157842_/Y (OAI21x1_ASAP7_75t_R)
  89.64 3768.73 v _157921_/Y (AO221x1_ASAP7_75t_R)
  48.27 3817.00 v _157922_/Y (AO221x1_ASAP7_75t_R)
  27.48 3844.48 v _157925_/Y (AO32x2_ASAP7_75t_R)
  22.59 3867.07 v _157949_/Y (OA211x2_ASAP7_75t_R)
  32.17 3899.24 v _157967_/Y (AO222x2_ASAP7_75t_R)
  38.29 3937.53 v _158020_/Y (AO221x1_ASAP7_75t_R)
  28.61 3966.14 v _158084_/Y (AO211x2_ASAP7_75t_R)
  41.43 4007.57 v _158094_/Y (AND2x2_ASAP7_75t_R)
  49.23 4056.80 v _158173_/Y (OR3x2_ASAP7_75t_R)
  22.73 4079.54 v _158271_/Y (AO221x1_ASAP7_75t_R)
  33.06 4112.59 v _158272_/Y (OR5x1_ASAP7_75t_R)
  46.33 4158.93 v _158273_/Y (OR5x1_ASAP7_75t_R)
  20.14 4179.06 ^ _158274_/Y (NAND2x2_ASAP7_75t_R)
  54.60 4233.66 v _158287_/Y (OAI21x1_ASAP7_75t_R)
  52.70 4286.36 v _158298_/Y (AND2x2_ASAP7_75t_R)
  35.64 4322.00 v _158304_/Y (OA211x2_ASAP7_75t_R)
  30.46 4352.46 v _158330_/Y (XNOR2x2_ASAP7_75t_R)
  29.58 4382.04 v _158388_/Y (OR5x1_ASAP7_75t_R)
  42.94 4424.98 v _158399_/Y (AO33x2_ASAP7_75t_R)
  26.16 4451.15 v _158436_/Y (AND2x2_ASAP7_75t_R)
  78.93 4530.07 v _158437_/Y (OR3x1_ASAP7_75t_R)
  70.98 4601.05 v _158474_/Y (AND2x2_ASAP7_75t_R)
  38.15 4639.21 ^ _158476_/Y (AOI22x1_ASAP7_75t_R)
  23.17 4662.38 ^ _158477_/Y (AND2x2_ASAP7_75t_R)
  16.00 4678.38 v _158496_/Y (AOI221x1_ASAP7_75t_R)
  33.09 4711.47 v _158497_/Y (MAJx2_ASAP7_75t_R)
  24.75 4736.22 v _158571_/Y (AO21x1_ASAP7_75t_R)
  46.55 4782.77 v _158629_/Y (AO221x2_ASAP7_75t_R)
  81.05 4863.83 ^ _158672_/Y (NAND2x1_ASAP7_75t_R)
  35.80 4899.63 ^ _158689_/Y (AND2x2_ASAP7_75t_R)
  22.57 4922.20 ^ _158690_/Y (OA21x2_ASAP7_75t_R)
  20.24 4942.44 ^ _158691_/Y (OR2x2_ASAP7_75t_R)
  22.82 4965.26 ^ _158702_/Y (AND3x1_ASAP7_75t_R)
  21.78 4987.04 ^ _158720_/Y (OA21x2_ASAP7_75t_R)
  24.53 5011.57 ^ _158743_/Y (OA31x2_ASAP7_75t_R)
  15.08 5026.64 ^ _158761_/Y (OR4x1_ASAP7_75t_R)
  48.03 5074.67 ^ _158764_/Y (AND5x2_ASAP7_75t_R)
  52.84 5127.52 ^ _159054_/Y (OA21x2_ASAP7_75t_R)
 118.43 5245.95 ^ _159120_/Y (OA21x2_ASAP7_75t_R)
  58.79 5304.73 ^ _159154_/Y (AO221x1_ASAP7_75t_R)
  92.01 5396.74 ^ _159901_/Y (AND2x2_ASAP7_75t_R)
 173.87 5570.61 v _159903_/Y (NOR2x1_ASAP7_75t_R)
  96.92 5667.53 ^ _163182_/Y (NAND2x2_ASAP7_75t_R)
  31.92 5699.44 ^ load_slew951/Y (BUFx16f_ASAP7_75t_R)
  21.96 5721.41 ^ load_slew949/Y (BUFx16f_ASAP7_75t_R)
  32.45 5753.86 ^ wire948/Y (BUFx16f_ASAP7_75t_R)
 159.78 5913.64 ^ _164794_/Y (OR2x2_ASAP7_75t_R)
  38.88 5952.51 v _201480_/Y (NAND2x1_ASAP7_75t_R)
  20.86 5973.37 v _201481_/Y (AO21x1_ASAP7_75t_R)
  26.17 5999.54 v _201482_/Y (OA211x2_ASAP7_75t_R)
  17.32 6016.86 v _201483_/Y (AO21x1_ASAP7_75t_R)
  15.09 6031.95 v _201484_/Y (AND2x2_ASAP7_75t_R)
   0.07 6032.02 v _312522_/D (DFFHQNx1_ASAP7_75t_R)
        6032.02   data arrival time

12000.00 12000.00   clock core_clk (rise edge)
   0.00 12000.00   clock source latency
   0.00 12000.00 ^ clk (in)
  46.11 12046.11 ^ wire4945/Y (BUFx10_ASAP7_75t_R)
  47.38 12093.49 ^ clkbuf_0_clk/Y (BUFx24_ASAP7_75t_R)
  28.80 12122.29 ^ clkbuf_1_1_0_clk/Y (BUFx24_ASAP7_75t_R)
  28.42 12150.71 ^ clkbuf_2_3_0_clk/Y (BUFx24_ASAP7_75t_R)
  22.98 12173.68 ^ clkbuf_3_6_0_clk/Y (BUFx24_ASAP7_75t_R)
  29.23 12202.91 ^ clkbuf_4_12_0_clk/Y (BUFx24_ASAP7_75t_R)
  27.07 12229.97 ^ clkbuf_6_51_0_clk/Y (BUFx24_ASAP7_75t_R)
  20.89 12250.87 ^ clkbuf_7_103__f_clk/Y (BUFx24_ASAP7_75t_R)
  23.38 12274.25 ^ clkbuf_leaf_472_clk/Y (BUFx24_ASAP7_75t_R)
   1.56 12275.81 ^ _312522_/CLK (DFFHQNx1_ASAP7_75t_R)
 -50.00 12225.81   clock uncertainty
   2.19 12228.00   clock reconvergence pessimism
  -0.33 12227.67   library setup time
        12227.67   data required time
---------------------------------------------------------
        12227.67   data required time
        -6032.02   data arrival time
---------------------------------------------------------
        6195.65   slack (MET)


Startpoint: _308209_ (rising edge-triggered flip-flop clocked by core_clk)
Endpoint: _312067_ (rising edge-triggered flip-flop clocked by core_clk)
Path Group: reg2reg
Path Type: max

  Delay    Time   Description
---------------------------------------------------------
   0.00    0.00   clock core_clk (rise edge)
   0.00    0.00   clock source latency
   0.00    0.00 ^ clk (in)
  46.81   46.81 ^ wire4945/Y (BUFx10_ASAP7_75t_R)
  48.87   95.68 ^ clkbuf_0_clk/Y (BUFx24_ASAP7_75t_R)
  30.20  125.87 ^ clkbuf_1_0_0_clk/Y (BUFx24_ASAP7_75t_R)
  29.09  154.96 ^ clkbuf_2_1_0_clk/Y (BUFx24_ASAP7_75t_R)
  26.47  181.44 ^ clkbuf_3_2_0_clk/Y (BUFx24_ASAP7_75t_R)
  30.84  212.28 ^ clkbuf_4_4_0_clk/Y (BUFx24_ASAP7_75t_R)
  24.84  237.12 ^ clkbuf_6_19_0_clk/Y (BUFx24_ASAP7_75t_R)
  21.77  258.88 ^ clkbuf_7_38__f_clk/Y (BUFx24_ASAP7_75t_R)
  27.65  286.53 ^ clkbuf_leaf_778_clk/Y (BUFx24_ASAP7_75t_R)
   2.33  288.86 ^ _308209_/CLK (DFFHQNx3_ASAP7_75t_R)
  56.18  345.04 ^ _308209_/QN (DFFHQNx3_ASAP7_75t_R)
  27.51  372.55 ^ wire4778/Y (BUFx16f_ASAP7_75t_R)
  66.95  439.50 ^ wire4776/Y (BUFx16f_ASAP7_75t_R)
  33.08  472.58 ^ wire4775/Y (BUFx16f_ASAP7_75t_R)
  73.63  546.21 ^ load_slew4774/Y (BUFx16f_ASAP7_75t_R)
  94.00  640.21 ^ _153629_/Y (AND2x2_ASAP7_75t_R)
 169.02  809.24 v _153630_/Y (NAND2x1_ASAP7_75t_R)
  64.17  873.41 v _153631_/Y (OA21x2_ASAP7_75t_R)
 108.13  981.54 v _153633_/Y (AND3x1_ASAP7_75t_R)
  89.17 1070.71 v _154870_/Y (AO222x2_ASAP7_75t_R)
  47.40 1118.11 v _154873_/Y (OR3x2_ASAP7_75t_R)
  54.24 1172.36 v _154878_/Y (OR5x1_ASAP7_75t_R)
  93.99 1266.34 v _154879_/Y (OR4x1_ASAP7_75t_R)
  74.48 1340.82 v _155829_/Y (OR4x1_ASAP7_75t_R)
  24.56 1365.38 v _155944_/Y (AO221x1_ASAP7_75t_R)
  50.94 1416.32 v _155949_/Y (OR5x1_ASAP7_75t_R)
  34.05 1450.37 v _156013_/Y (AND2x2_ASAP7_75t_R)
  49.97 1500.34 ^ _156016_/Y (NAND3x1_ASAP7_75t_R)
  39.70 1540.04 v _156112_/Y (AOI221x1_ASAP7_75t_R)
  26.08 1566.12 v _156115_/Y (OA21x2_ASAP7_75t_R)
  21.84 1587.97 v _156116_/Y (OR3x1_ASAP7_75t_R)
  38.63 1626.60 v _156123_/Y (AO33x2_ASAP7_75t_R)
  41.76 1668.35 ^ _156140_/Y (NAND2x1_ASAP7_75t_R)
 110.76 1779.11 ^ _156253_/Y (AO221x1_ASAP7_75t_R)
  69.58 1848.70 v _156308_/Y (NAND2x2_ASAP7_75t_R)
  49.02 1897.71 v _156311_/Y (AO21x2_ASAP7_75t_R)
  23.18 1920.89 v _156314_/Y (OA21x2_ASAP7_75t_R)
  27.71 1948.60 v _156388_/Y (AO221x1_ASAP7_75t_R)
  22.62 1971.22 v _156389_/Y (OA21x2_ASAP7_75t_R)
  24.14 1995.36 ^ _156393_/Y (AOI22x1_ASAP7_75t_R)
  53.99 2049.35 v _156410_/Y (NAND2x1_ASAP7_75t_R)
  71.47 2120.82 v _156421_/Y (AO33x2_ASAP7_75t_R)
  32.75 2153.58 ^ _156522_/Y (XNOR2x2_ASAP7_75t_R)
  25.19 2178.76 ^ _156526_/Y (AND4x1_ASAP7_75t_R)
  19.20 2197.96 ^ _156550_/Y (AO21x1_ASAP7_75t_R)
  19.23 2217.19 ^ _156551_/Y (AO21x1_ASAP7_75t_R)
  80.77 2297.96 ^ _156552_/Y (OA211x2_ASAP7_75t_R)
  89.28 2387.25 v _156555_/Y (INVx1_ASAP7_75t_R)
  33.68 2420.92 ^ _156568_/Y (OAI21x1_ASAP7_75t_R)
  34.29 2455.21 v _156616_/Y (AOI221x1_ASAP7_75t_R)
  48.52 2503.73 v _156806_/Y (OA211x2_ASAP7_75t_R)
  13.78 2517.51 ^ _156807_/Y (NAND2x1_ASAP7_75t_R)
  71.16 2588.67 ^ _156882_/Y (AO32x1_ASAP7_75t_R)
  34.48 2623.15 ^ _156995_/Y (OR2x2_ASAP7_75t_R)
  39.01 2662.16 ^ _157002_/Y (AO32x1_ASAP7_75t_R)
  36.29 2698.44 ^ _157004_/Y (XNOR2x2_ASAP7_75t_R)
  14.38 2712.83 v _157005_/Y (NOR3x1_ASAP7_75t_R)
  32.62 2745.45 v _157006_/Y (AND5x2_ASAP7_75t_R)
  28.88 2774.33 v _157078_/Y (OR3x1_ASAP7_75t_R)
  57.37 2831.69 v _157141_/Y (OA33x2_ASAP7_75t_R)
  34.73 2866.43 v _157144_/Y (OR2x2_ASAP7_75t_R)
  24.44 2890.87 v _157145_/Y (AO21x1_ASAP7_75t_R)
  26.35 2917.22 v _157196_/Y (AO32x1_ASAP7_75t_R)
  26.77 2943.99 v _157198_/Y (AO22x1_ASAP7_75t_R)
  23.00 2966.99 v _157222_/Y (AO21x1_ASAP7_75t_R)
  30.83 2997.82 v _157223_/Y (OR3x1_ASAP7_75t_R)
  42.49 3040.31 v _157312_/Y (AO21x1_ASAP7_75t_R)
  58.19 3098.50 ^ _157343_/Y (NAND2x1_ASAP7_75t_R)
  43.82 3142.32 v _157440_/Y (AOI221x1_ASAP7_75t_R)
  30.91 3173.23 v _157456_/Y (OA222x2_ASAP7_75t_R)
  22.24 3195.47 v _157459_/Y (AND5x2_ASAP7_75t_R)
  20.86 3216.33 v _157472_/Y (OA31x2_ASAP7_75t_R)
  42.26 3258.59 v _157475_/Y (OR4x2_ASAP7_75t_R)
  63.75 3322.33 ^ _157478_/Y (NAND2x1_ASAP7_75t_R)
  19.94 3342.27 v _157479_/Y (NOR2x1_ASAP7_75t_R)
  25.21 3367.48 v _157485_/Y (OA21x2_ASAP7_75t_R)
  28.58 3396.06 v _157492_/Y (AO221x1_ASAP7_75t_R)
  26.03 3422.09 v _157649_/Y (OA21x2_ASAP7_75t_R)
  24.74 3446.82 v _157651_/Y (AO21x1_ASAP7_75t_R)
  41.75 3488.58 v _157652_/Y (AO22x1_ASAP7_75t_R)
  64.55 3553.13 ^ _157732_/Y (NAND2x1_ASAP7_75t_R)
  25.99 3579.12 ^ _157764_/Y (AO21x1_ASAP7_75t_R)
  24.20 3603.32 v _157767_/Y (AOI22x1_ASAP7_75t_R)
  37.31 3640.63 v _157790_/Y (OA21x2_ASAP7_75t_R)
  18.85 3659.48 ^ _157827_/Y (AOI211x1_ASAP7_75t_R)
  19.61 3679.09 v _157842_/Y (OAI21x1_ASAP7_75t_R)
  89.64 3768.73 v _157921_/Y (AO221x1_ASAP7_75t_R)
  48.27 3817.00 v _157922_/Y (AO221x1_ASAP7_75t_R)
  27.48 3844.48 v _157925_/Y (AO32x2_ASAP7_75t_R)
  22.59 3867.07 v _157949_/Y (OA211x2_ASAP7_75t_R)
  32.17 3899.24 v _157967_/Y (AO222x2_ASAP7_75t_R)
  38.29 3937.53 v _158020_/Y (AO221x1_ASAP7_75t_R)
  28.61 3966.14 v _158084_/Y (AO211x2_ASAP7_75t_R)
  41.43 4007.57 v _158094_/Y (AND2x2_ASAP7_75t_R)
  49.23 4056.80 v _158173_/Y (OR3x2_ASAP7_75t_R)
  22.73 4079.54 v _158271_/Y (AO221x1_ASAP7_75t_R)
  33.06 4112.59 v _158272_/Y (OR5x1_ASAP7_75t_R)
  46.33 4158.93 v _158273_/Y (OR5x1_ASAP7_75t_R)
  20.14 4179.06 ^ _158274_/Y (NAND2x2_ASAP7_75t_R)
  54.60 4233.66 v _158287_/Y (OAI21x1_ASAP7_75t_R)
  52.70 4286.36 v _158298_/Y (AND2x2_ASAP7_75t_R)
  35.64 4322.00 v _158304_/Y (OA211x2_ASAP7_75t_R)
  30.46 4352.46 v _158330_/Y (XNOR2x2_ASAP7_75t_R)
  29.58 4382.04 v _158388_/Y (OR5x1_ASAP7_75t_R)
  42.94 4424.98 v _158399_/Y (AO33x2_ASAP7_75t_R)
  26.16 4451.15 v _158436_/Y (AND2x2_ASAP7_75t_R)
  78.93 4530.07 v _158437_/Y (OR3x1_ASAP7_75t_R)
  70.98 4601.05 v _158474_/Y (AND2x2_ASAP7_75t_R)
  38.15 4639.21 ^ _158476_/Y (AOI22x1_ASAP7_75t_R)
  23.17 4662.38 ^ _158477_/Y (AND2x2_ASAP7_75t_R)
  16.00 4678.38 v _158496_/Y (AOI221x1_ASAP7_75t_R)
  33.09 4711.47 v _158497_/Y (MAJx2_ASAP7_75t_R)
  24.75 4736.22 v _158571_/Y (AO21x1_ASAP7_75t_R)
  46.55 4782.77 v _158629_/Y (AO221x2_ASAP7_75t_R)
  81.05 4863.83 ^ _158672_/Y (NAND2x1_ASAP7_75t_R)
  35.80 4899.63 ^ _158689_/Y (AND2x2_ASAP7_75t_R)
  22.57 4922.20 ^ _158690_/Y (OA21x2_ASAP7_75t_R)
  20.24 4942.44 ^ _158691_/Y (OR2x2_ASAP7_75t_R)
  22.82 4965.26 ^ _158702_/Y (AND3x1_ASAP7_75t_R)
  21.78 4987.04 ^ _158720_/Y (OA21x2_ASAP7_75t_R)
  24.53 5011.57 ^ _158743_/Y (OA31x2_ASAP7_75t_R)
  15.08 5026.64 ^ _158761_/Y (OR4x1_ASAP7_75t_R)
  48.03 5074.67 ^ _158764_/Y (AND5x2_ASAP7_75t_R)
  52.84 5127.52 ^ _159054_/Y (OA21x2_ASAP7_75t_R)
 118.43 5245.95 ^ _159120_/Y (OA21x2_ASAP7_75t_R)
  58.79 5304.73 ^ _159154_/Y (AO221x1_ASAP7_75t_R)
  92.01 5396.74 ^ _159901_/Y (AND2x2_ASAP7_75t_R)
 173.87 5570.61 v _159903_/Y (NOR2x1_ASAP7_75t_R)
  96.92 5667.53 ^ _163182_/Y (NAND2x2_ASAP7_75t_R)
  31.92 5699.44 ^ load_slew951/Y (BUFx16f_ASAP7_75t_R)
  21.96 5721.41 ^ load_slew949/Y (BUFx16f_ASAP7_75t_R)
  32.45 5753.86 ^ wire948/Y (BUFx16f_ASAP7_75t_R)
 152.31 5906.17 ^ _163183_/Y (OR2x2_ASAP7_75t_R)
  42.59 5948.76 v _194750_/Y (NAND2x1_ASAP7_75t_R)
  20.88 5969.64 v _194751_/Y (AO21x1_ASAP7_75t_R)
  26.10 5995.74 v _194752_/Y (OA211x2_ASAP7_75t_R)
  17.03 6012.77 v _194753_/Y (AO21x1_ASAP7_75t_R)
  14.82 6027.59 v _194754_/Y (AND2x2_ASAP7_75t_R)
   0.05 6027.64 v _312067_/D (DFFHQNx1_ASAP7_75t_R)
        6027.64   data arrival time

12000.00 12000.00   clock core_clk (rise edge)
   0.00 12000.00   clock source latency
   0.00 12000.00 ^ clk (in)
  46.11 12046.11 ^ wire4945/Y (BUFx10_ASAP7_75t_R)
  47.38 12093.49 ^ clkbuf_0_clk/Y (BUFx24_ASAP7_75t_R)
  28.80 12122.29 ^ clkbuf_1_1_0_clk/Y (BUFx24_ASAP7_75t_R)
  28.42 12150.71 ^ clkbuf_2_3_0_clk/Y (BUFx24_ASAP7_75t_R)
  26.26 12176.97 ^ clkbuf_3_7_0_clk/Y (BUFx24_ASAP7_75t_R)
  29.86 12206.83 ^ clkbuf_4_14_0_clk/Y (BUFx24_ASAP7_75t_R)
  22.34 12229.17 ^ clkbuf_6_57_0_clk/Y (BUFx24_ASAP7_75t_R)
  19.85 12249.02 ^ clkbuf_7_114__f_clk/Y (BUFx24_ASAP7_75t_R)
  21.65 12270.67 ^ clkbuf_leaf_491_clk/Y (BUFx24_ASAP7_75t_R)
   1.48 12272.15 ^ _312067_/CLK (DFFHQNx1_ASAP7_75t_R)
 -50.00 12222.15   clock uncertainty
   2.19 12224.34   clock reconvergence pessimism
  -0.64 12223.70   library setup time
        12223.70   data required time
---------------------------------------------------------
        12223.70   data required time
        -6027.64   data arrival time
---------------------------------------------------------
        6196.06   slack (MET)


Startpoint: _308209_ (rising edge-triggered flip-flop clocked by core_clk)
Endpoint: _312049_ (rising edge-triggered flip-flop clocked by core_clk)
Path Group: reg2reg
Path Type: max

  Delay    Time   Description
---------------------------------------------------------
   0.00    0.00   clock core_clk (rise edge)
   0.00    0.00   clock source latency
   0.00    0.00 ^ clk (in)
  46.81   46.81 ^ wire4945/Y (BUFx10_ASAP7_75t_R)
  48.87   95.68 ^ clkbuf_0_clk/Y (BUFx24_ASAP7_75t_R)
  30.20  125.87 ^ clkbuf_1_0_0_clk/Y (BUFx24_ASAP7_75t_R)
  29.09  154.96 ^ clkbuf_2_1_0_clk/Y (BUFx24_ASAP7_75t_R)
  26.47  181.44 ^ clkbuf_3_2_0_clk/Y (BUFx24_ASAP7_75t_R)
  30.84  212.28 ^ clkbuf_4_4_0_clk/Y (BUFx24_ASAP7_75t_R)
  24.84  237.12 ^ clkbuf_6_19_0_clk/Y (BUFx24_ASAP7_75t_R)
  21.77  258.88 ^ clkbuf_7_38__f_clk/Y (BUFx24_ASAP7_75t_R)
  27.65  286.53 ^ clkbuf_leaf_778_clk/Y (BUFx24_ASAP7_75t_R)
   2.33  288.86 ^ _308209_/CLK (DFFHQNx3_ASAP7_75t_R)
  56.18  345.04 ^ _308209_/QN (DFFHQNx3_ASAP7_75t_R)
  27.51  372.55 ^ wire4778/Y (BUFx16f_ASAP7_75t_R)
  66.95  439.50 ^ wire4776/Y (BUFx16f_ASAP7_75t_R)
  33.08  472.58 ^ wire4775/Y (BUFx16f_ASAP7_75t_R)
  73.63  546.21 ^ load_slew4774/Y (BUFx16f_ASAP7_75t_R)
  94.00  640.21 ^ _153629_/Y (AND2x2_ASAP7_75t_R)
 169.02  809.24 v _153630_/Y (NAND2x1_ASAP7_75t_R)
  64.17  873.41 v _153631_/Y (OA21x2_ASAP7_75t_R)
 108.13  981.54 v _153633_/Y (AND3x1_ASAP7_75t_R)
  89.17 1070.71 v _154870_/Y (AO222x2_ASAP7_75t_R)
  47.40 1118.11 v _154873_/Y (OR3x2_ASAP7_75t_R)
  54.24 1172.36 v _154878_/Y (OR5x1_ASAP7_75t_R)
  93.99 1266.34 v _154879_/Y (OR4x1_ASAP7_75t_R)
  74.48 1340.82 v _155829_/Y (OR4x1_ASAP7_75t_R)
  24.56 1365.38 v _155944_/Y (AO221x1_ASAP7_75t_R)
  50.94 1416.32 v _155949_/Y (OR5x1_ASAP7_75t_R)
  34.05 1450.37 v _156013_/Y (AND2x2_ASAP7_75t_R)
  49.97 1500.34 ^ _156016_/Y (NAND3x1_ASAP7_75t_R)
  39.70 1540.04 v _156112_/Y (AOI221x1_ASAP7_75t_R)
  26.08 1566.12 v _156115_/Y (OA21x2_ASAP7_75t_R)
  21.84 1587.97 v _156116_/Y (OR3x1_ASAP7_75t_R)
  38.63 1626.60 v _156123_/Y (AO33x2_ASAP7_75t_R)
  41.76 1668.35 ^ _156140_/Y (NAND2x1_ASAP7_75t_R)
 110.76 1779.11 ^ _156253_/Y (AO221x1_ASAP7_75t_R)
  69.58 1848.70 v _156308_/Y (NAND2x2_ASAP7_75t_R)
  49.02 1897.71 v _156311_/Y (AO21x2_ASAP7_75t_R)
  23.18 1920.89 v _156314_/Y (OA21x2_ASAP7_75t_R)
  27.71 1948.60 v _156388_/Y (AO221x1_ASAP7_75t_R)
  22.62 1971.22 v _156389_/Y (OA21x2_ASAP7_75t_R)
  24.14 1995.36 ^ _156393_/Y (AOI22x1_ASAP7_75t_R)
  53.99 2049.35 v _156410_/Y (NAND2x1_ASAP7_75t_R)
  71.47 2120.82 v _156421_/Y (AO33x2_ASAP7_75t_R)
  32.75 2153.58 ^ _156522_/Y (XNOR2x2_ASAP7_75t_R)
  25.19 2178.76 ^ _156526_/Y (AND4x1_ASAP7_75t_R)
  19.20 2197.96 ^ _156550_/Y (AO21x1_ASAP7_75t_R)
  19.23 2217.19 ^ _156551_/Y (AO21x1_ASAP7_75t_R)
  80.77 2297.96 ^ _156552_/Y (OA211x2_ASAP7_75t_R)
  89.28 2387.25 v _156555_/Y (INVx1_ASAP7_75t_R)
  33.68 2420.92 ^ _156568_/Y (OAI21x1_ASAP7_75t_R)
  34.29 2455.21 v _156616_/Y (AOI221x1_ASAP7_75t_R)
  48.52 2503.73 v _156806_/Y (OA211x2_ASAP7_75t_R)
  13.78 2517.51 ^ _156807_/Y (NAND2x1_ASAP7_75t_R)
  71.16 2588.67 ^ _156882_/Y (AO32x1_ASAP7_75t_R)
  34.48 2623.15 ^ _156995_/Y (OR2x2_ASAP7_75t_R)
  39.01 2662.16 ^ _157002_/Y (AO32x1_ASAP7_75t_R)
  36.29 2698.44 ^ _157004_/Y (XNOR2x2_ASAP7_75t_R)
  14.38 2712.83 v _157005_/Y (NOR3x1_ASAP7_75t_R)
  32.62 2745.45 v _157006_/Y (AND5x2_ASAP7_75t_R)
  28.88 2774.33 v _157078_/Y (OR3x1_ASAP7_75t_R)
  57.37 2831.69 v _157141_/Y (OA33x2_ASAP7_75t_R)
  34.73 2866.43 v _157144_/Y (OR2x2_ASAP7_75t_R)
  24.44 2890.87 v _157145_/Y (AO21x1_ASAP7_75t_R)
  26.35 2917.22 v _157196_/Y (AO32x1_ASAP7_75t_R)
  26.77 2943.99 v _157198_/Y (AO22x1_ASAP7_75t_R)
  23.00 2966.99 v _157222_/Y (AO21x1_ASAP7_75t_R)
  30.83 2997.82 v _157223_/Y (OR3x1_ASAP7_75t_R)
  42.49 3040.31 v _157312_/Y (AO21x1_ASAP7_75t_R)
  58.19 3098.50 ^ _157343_/Y (NAND2x1_ASAP7_75t_R)
  43.82 3142.32 v _157440_/Y (AOI221x1_ASAP7_75t_R)
  30.91 3173.23 v _157456_/Y (OA222x2_ASAP7_75t_R)
  22.24 3195.47 v _157459_/Y (AND5x2_ASAP7_75t_R)
  20.86 3216.33 v _157472_/Y (OA31x2_ASAP7_75t_R)
  42.26 3258.59 v _157475_/Y (OR4x2_ASAP7_75t_R)
  63.75 3322.33 ^ _157478_/Y (NAND2x1_ASAP7_75t_R)
  19.94 3342.27 v _157479_/Y (NOR2x1_ASAP7_75t_R)
  25.21 3367.48 v _157485_/Y (OA21x2_ASAP7_75t_R)
  28.58 3396.06 v _157492_/Y (AO221x1_ASAP7_75t_R)
  26.03 3422.09 v _157649_/Y (OA21x2_ASAP7_75t_R)
  24.74 3446.82 v _157651_/Y (AO21x1_ASAP7_75t_R)
  41.75 3488.58 v _157652_/Y (AO22x1_ASAP7_75t_R)
  64.55 3553.13 ^ _157732_/Y (NAND2x1_ASAP7_75t_R)
  25.99 3579.12 ^ _157764_/Y (AO21x1_ASAP7_75t_R)
  24.20 3603.32 v _157767_/Y (AOI22x1_ASAP7_75t_R)
  37.31 3640.63 v _157790_/Y (OA21x2_ASAP7_75t_R)
  18.85 3659.48 ^ _157827_/Y (AOI211x1_ASAP7_75t_R)
  19.61 3679.09 v _157842_/Y (OAI21x1_ASAP7_75t_R)
  89.64 3768.73 v _157921_/Y (AO221x1_ASAP7_75t_R)
  48.27 3817.00 v _157922_/Y (AO221x1_ASAP7_75t_R)
  27.48 3844.48 v _157925_/Y (AO32x2_ASAP7_75t_R)
  22.59 3867.07 v _157949_/Y (OA211x2_ASAP7_75t_R)
  32.17 3899.24 v _157967_/Y (AO222x2_ASAP7_75t_R)
  38.29 3937.53 v _158020_/Y (AO221x1_ASAP7_75t_R)
  28.61 3966.14 v _158084_/Y (AO211x2_ASAP7_75t_R)
  41.43 4007.57 v _158094_/Y (AND2x2_ASAP7_75t_R)
  49.23 4056.80 v _158173_/Y (OR3x2_ASAP7_75t_R)
  22.73 4079.54 v _158271_/Y (AO221x1_ASAP7_75t_R)
  33.06 4112.59 v _158272_/Y (OR5x1_ASAP7_75t_R)
  46.33 4158.93 v _158273_/Y (OR5x1_ASAP7_75t_R)
  20.14 4179.06 ^ _158274_/Y (NAND2x2_ASAP7_75t_R)
  54.60 4233.66 v _158287_/Y (OAI21x1_ASAP7_75t_R)
  52.70 4286.36 v _158298_/Y (AND2x2_ASAP7_75t_R)
  35.64 4322.00 v _158304_/Y (OA211x2_ASAP7_75t_R)
  30.46 4352.46 v _158330_/Y (XNOR2x2_ASAP7_75t_R)
  29.58 4382.04 v _158388_/Y (OR5x1_ASAP7_75t_R)
  42.94 4424.98 v _158399_/Y (AO33x2_ASAP7_75t_R)
  26.16 4451.15 v _158436_/Y (AND2x2_ASAP7_75t_R)
  78.93 4530.07 v _158437_/Y (OR3x1_ASAP7_75t_R)
  70.98 4601.05 v _158474_/Y (AND2x2_ASAP7_75t_R)
  38.15 4639.21 ^ _158476_/Y (AOI22x1_ASAP7_75t_R)
  23.17 4662.38 ^ _158477_/Y (AND2x2_ASAP7_75t_R)
  16.00 4678.38 v _158496_/Y (AOI221x1_ASAP7_75t_R)
  33.09 4711.47 v _158497_/Y (MAJx2_ASAP7_75t_R)
  24.75 4736.22 v _158571_/Y (AO21x1_ASAP7_75t_R)
  46.55 4782.77 v _158629_/Y (AO221x2_ASAP7_75t_R)
  81.05 4863.83 ^ _158672_/Y (NAND2x1_ASAP7_75t_R)
  35.80 4899.63 ^ _158689_/Y (AND2x2_ASAP7_75t_R)
  22.57 4922.20 ^ _158690_/Y (OA21x2_ASAP7_75t_R)
  20.24 4942.44 ^ _158691_/Y (OR2x2_ASAP7_75t_R)
  22.82 4965.26 ^ _158702_/Y (AND3x1_ASAP7_75t_R)
  21.78 4987.04 ^ _158720_/Y (OA21x2_ASAP7_75t_R)
  24.53 5011.57 ^ _158743_/Y (OA31x2_ASAP7_75t_R)
  15.08 5026.64 ^ _158761_/Y (OR4x1_ASAP7_75t_R)
  48.03 5074.67 ^ _158764_/Y (AND5x2_ASAP7_75t_R)
  52.84 5127.52 ^ _159054_/Y (OA21x2_ASAP7_75t_R)
 118.43 5245.95 ^ _159120_/Y (OA21x2_ASAP7_75t_R)
  58.79 5304.73 ^ _159154_/Y (AO221x1_ASAP7_75t_R)
  92.01 5396.74 ^ _159901_/Y (AND2x2_ASAP7_75t_R)
 173.87 5570.61 v _159903_/Y (NOR2x1_ASAP7_75t_R)
  96.92 5667.53 ^ _163182_/Y (NAND2x2_ASAP7_75t_R)
  31.92 5699.44 ^ load_slew951/Y (BUFx16f_ASAP7_75t_R)
  21.96 5721.41 ^ load_slew949/Y (BUFx16f_ASAP7_75t_R)
  32.45 5753.86 ^ wire948/Y (BUFx16f_ASAP7_75t_R)
 152.31 5906.17 ^ _163183_/Y (OR2x2_ASAP7_75t_R)
  49.26 5955.43 v _194621_/Y (NAND2x1_ASAP7_75t_R)
  20.59 5976.02 v _194622_/Y (AO21x1_ASAP7_75t_R)
  26.17 6002.18 v _194623_/Y (OA211x2_ASAP7_75t_R)
  16.86 6019.05 v _194624_/Y (AO21x1_ASAP7_75t_R)
  14.96 6034.01 v _194625_/Y (AND2x2_ASAP7_75t_R)
   0.04 6034.04 v _312049_/D (DFFHQNx1_ASAP7_75t_R)
        6034.04   data arrival time

12000.00 12000.00   clock core_clk (rise edge)
   0.00 12000.00   clock source latency
   0.00 12000.00 ^ clk (in)
  46.11 12046.11 ^ wire4945/Y (BUFx10_ASAP7_75t_R)
  47.38 12093.49 ^ clkbuf_0_clk/Y (BUFx24_ASAP7_75t_R)
  28.80 12122.29 ^ clkbuf_1_1_0_clk/Y (BUFx24_ASAP7_75t_R)
  28.42 12150.71 ^ clkbuf_2_3_0_clk/Y (BUFx24_ASAP7_75t_R)
  26.26 12176.97 ^ clkbuf_3_7_0_clk/Y (BUFx24_ASAP7_75t_R)
  29.86 12206.83 ^ clkbuf_4_14_0_clk/Y (BUFx24_ASAP7_75t_R)
  24.58 12231.41 ^ clkbuf_6_59_0_clk/Y (BUFx24_ASAP7_75t_R)
  21.07 12252.48 ^ clkbuf_7_119__f_clk/Y (BUFx24_ASAP7_75t_R)
  24.09 12276.57 ^ clkbuf_leaf_523_clk/Y (BUFx24_ASAP7_75t_R)
   2.10 12278.67 ^ _312049_/CLK (DFFHQNx1_ASAP7_75t_R)
 -50.00 12228.67   clock uncertainty
   2.19 12230.86   clock reconvergence pessimism
  -0.25 12230.62   library setup time
        12230.62   data required time
---------------------------------------------------------
        12230.62   data required time
        -6034.04   data arrival time
---------------------------------------------------------
        6196.58   slack (MET)


Startpoint: _308209_ (rising edge-triggered flip-flop clocked by core_clk)
Endpoint: _312515_ (rising edge-triggered flip-flop clocked by core_clk)
Path Group: reg2reg
Path Type: max

  Delay    Time   Description
---------------------------------------------------------
   0.00    0.00   clock core_clk (rise edge)
   0.00    0.00   clock source latency
   0.00    0.00 ^ clk (in)
  46.81   46.81 ^ wire4945/Y (BUFx10_ASAP7_75t_R)
  48.87   95.68 ^ clkbuf_0_clk/Y (BUFx24_ASAP7_75t_R)
  30.20  125.87 ^ clkbuf_1_0_0_clk/Y (BUFx24_ASAP7_75t_R)
  29.09  154.96 ^ clkbuf_2_1_0_clk/Y (BUFx24_ASAP7_75t_R)
  26.47  181.44 ^ clkbuf_3_2_0_clk/Y (BUFx24_ASAP7_75t_R)
  30.84  212.28 ^ clkbuf_4_4_0_clk/Y (BUFx24_ASAP7_75t_R)
  24.84  237.12 ^ clkbuf_6_19_0_clk/Y (BUFx24_ASAP7_75t_R)
  21.77  258.88 ^ clkbuf_7_38__f_clk/Y (BUFx24_ASAP7_75t_R)
  27.65  286.53 ^ clkbuf_leaf_778_clk/Y (BUFx24_ASAP7_75t_R)
   2.33  288.86 ^ _308209_/CLK (DFFHQNx3_ASAP7_75t_R)
  56.18  345.04 ^ _308209_/QN (DFFHQNx3_ASAP7_75t_R)
  27.51  372.55 ^ wire4778/Y (BUFx16f_ASAP7_75t_R)
  66.95  439.50 ^ wire4776/Y (BUFx16f_ASAP7_75t_R)
  33.08  472.58 ^ wire4775/Y (BUFx16f_ASAP7_75t_R)
  73.63  546.21 ^ load_slew4774/Y (BUFx16f_ASAP7_75t_R)
  94.00  640.21 ^ _153629_/Y (AND2x2_ASAP7_75t_R)
 169.02  809.24 v _153630_/Y (NAND2x1_ASAP7_75t_R)
  64.17  873.41 v _153631_/Y (OA21x2_ASAP7_75t_R)
 108.13  981.54 v _153633_/Y (AND3x1_ASAP7_75t_R)
  89.17 1070.71 v _154870_/Y (AO222x2_ASAP7_75t_R)
  47.40 1118.11 v _154873_/Y (OR3x2_ASAP7_75t_R)
  54.24 1172.36 v _154878_/Y (OR5x1_ASAP7_75t_R)
  93.99 1266.34 v _154879_/Y (OR4x1_ASAP7_75t_R)
  74.48 1340.82 v _155829_/Y (OR4x1_ASAP7_75t_R)
  24.56 1365.38 v _155944_/Y (AO221x1_ASAP7_75t_R)
  50.94 1416.32 v _155949_/Y (OR5x1_ASAP7_75t_R)
  34.05 1450.37 v _156013_/Y (AND2x2_ASAP7_75t_R)
  49.97 1500.34 ^ _156016_/Y (NAND3x1_ASAP7_75t_R)
  39.70 1540.04 v _156112_/Y (AOI221x1_ASAP7_75t_R)
  26.08 1566.12 v _156115_/Y (OA21x2_ASAP7_75t_R)
  21.84 1587.97 v _156116_/Y (OR3x1_ASAP7_75t_R)
  38.63 1626.60 v _156123_/Y (AO33x2_ASAP7_75t_R)
  41.76 1668.35 ^ _156140_/Y (NAND2x1_ASAP7_75t_R)
 110.76 1779.11 ^ _156253_/Y (AO221x1_ASAP7_75t_R)
  69.58 1848.70 v _156308_/Y (NAND2x2_ASAP7_75t_R)
  49.02 1897.71 v _156311_/Y (AO21x2_ASAP7_75t_R)
  23.18 1920.89 v _156314_/Y (OA21x2_ASAP7_75t_R)
  27.71 1948.60 v _156388_/Y (AO221x1_ASAP7_75t_R)
  22.62 1971.22 v _156389_/Y (OA21x2_ASAP7_75t_R)
  24.14 1995.36 ^ _156393_/Y (AOI22x1_ASAP7_75t_R)
  53.99 2049.35 v _156410_/Y (NAND2x1_ASAP7_75t_R)
  71.47 2120.82 v _156421_/Y (AO33x2_ASAP7_75t_R)
  32.75 2153.58 ^ _156522_/Y (XNOR2x2_ASAP7_75t_R)
  25.19 2178.76 ^ _156526_/Y (AND4x1_ASAP7_75t_R)
  19.20 2197.96 ^ _156550_/Y (AO21x1_ASAP7_75t_R)
  19.23 2217.19 ^ _156551_/Y (AO21x1_ASAP7_75t_R)
  80.77 2297.96 ^ _156552_/Y (OA211x2_ASAP7_75t_R)
  89.28 2387.25 v _156555_/Y (INVx1_ASAP7_75t_R)
  33.68 2420.92 ^ _156568_/Y (OAI21x1_ASAP7_75t_R)
  34.29 2455.21 v _156616_/Y (AOI221x1_ASAP7_75t_R)
  48.52 2503.73 v _156806_/Y (OA211x2_ASAP7_75t_R)
  13.78 2517.51 ^ _156807_/Y (NAND2x1_ASAP7_75t_R)
  71.16 2588.67 ^ _156882_/Y (AO32x1_ASAP7_75t_R)
  34.48 2623.15 ^ _156995_/Y (OR2x2_ASAP7_75t_R)
  39.01 2662.16 ^ _157002_/Y (AO32x1_ASAP7_75t_R)
  36.29 2698.44 ^ _157004_/Y (XNOR2x2_ASAP7_75t_R)
  14.38 2712.83 v _157005_/Y (NOR3x1_ASAP7_75t_R)
  32.62 2745.45 v _157006_/Y (AND5x2_ASAP7_75t_R)
  28.88 2774.33 v _157078_/Y (OR3x1_ASAP7_75t_R)
  57.37 2831.69 v _157141_/Y (OA33x2_ASAP7_75t_R)
  34.73 2866.43 v _157144_/Y (OR2x2_ASAP7_75t_R)
  24.44 2890.87 v _157145_/Y (AO21x1_ASAP7_75t_R)
  26.35 2917.22 v _157196_/Y (AO32x1_ASAP7_75t_R)
  26.77 2943.99 v _157198_/Y (AO22x1_ASAP7_75t_R)
  23.00 2966.99 v _157222_/Y (AO21x1_ASAP7_75t_R)
  30.83 2997.82 v _157223_/Y (OR3x1_ASAP7_75t_R)
  42.49 3040.31 v _157312_/Y (AO21x1_ASAP7_75t_R)
  58.19 3098.50 ^ _157343_/Y (NAND2x1_ASAP7_75t_R)
  43.82 3142.32 v _157440_/Y (AOI221x1_ASAP7_75t_R)
  30.91 3173.23 v _157456_/Y (OA222x2_ASAP7_75t_R)
  22.24 3195.47 v _157459_/Y (AND5x2_ASAP7_75t_R)
  20.86 3216.33 v _157472_/Y (OA31x2_ASAP7_75t_R)
  42.26 3258.59 v _157475_/Y (OR4x2_ASAP7_75t_R)
  63.75 3322.33 ^ _157478_/Y (NAND2x1_ASAP7_75t_R)
  19.94 3342.27 v _157479_/Y (NOR2x1_ASAP7_75t_R)
  25.21 3367.48 v _157485_/Y (OA21x2_ASAP7_75t_R)
  28.58 3396.06 v _157492_/Y (AO221x1_ASAP7_75t_R)
  26.03 3422.09 v _157649_/Y (OA21x2_ASAP7_75t_R)
  24.74 3446.82 v _157651_/Y (AO21x1_ASAP7_75t_R)
  41.75 3488.58 v _157652_/Y (AO22x1_ASAP7_75t_R)
  64.55 3553.13 ^ _157732_/Y (NAND2x1_ASAP7_75t_R)
  25.99 3579.12 ^ _157764_/Y (AO21x1_ASAP7_75t_R)
  24.20 3603.32 v _157767_/Y (AOI22x1_ASAP7_75t_R)
  37.31 3640.63 v _157790_/Y (OA21x2_ASAP7_75t_R)
  18.85 3659.48 ^ _157827_/Y (AOI211x1_ASAP7_75t_R)
  19.61 3679.09 v _157842_/Y (OAI21x1_ASAP7_75t_R)
  89.64 3768.73 v _157921_/Y (AO221x1_ASAP7_75t_R)
  48.27 3817.00 v _157922_/Y (AO221x1_ASAP7_75t_R)
  27.48 3844.48 v _157925_/Y (AO32x2_ASAP7_75t_R)
  22.59 3867.07 v _157949_/Y (OA211x2_ASAP7_75t_R)
  32.17 3899.24 v _157967_/Y (AO222x2_ASAP7_75t_R)
  38.29 3937.53 v _158020_/Y (AO221x1_ASAP7_75t_R)
  28.61 3966.14 v _158084_/Y (AO211x2_ASAP7_75t_R)
  41.43 4007.57 v _158094_/Y (AND2x2_ASAP7_75t_R)
  49.23 4056.80 v _158173_/Y (OR3x2_ASAP7_75t_R)
  22.73 4079.54 v _158271_/Y (AO221x1_ASAP7_75t_R)
  33.06 4112.59 v _158272_/Y (OR5x1_ASAP7_75t_R)
  46.33 4158.93 v _158273_/Y (OR5x1_ASAP7_75t_R)
  20.14 4179.06 ^ _158274_/Y (NAND2x2_ASAP7_75t_R)
  54.60 4233.66 v _158287_/Y (OAI21x1_ASAP7_75t_R)
  52.70 4286.36 v _158298_/Y (AND2x2_ASAP7_75t_R)
  35.64 4322.00 v _158304_/Y (OA211x2_ASAP7_75t_R)
  30.46 4352.46 v _158330_/Y (XNOR2x2_ASAP7_75t_R)
  29.58 4382.04 v _158388_/Y (OR5x1_ASAP7_75t_R)
  42.94 4424.98 v _158399_/Y (AO33x2_ASAP7_75t_R)
  26.16 4451.15 v _158436_/Y (AND2x2_ASAP7_75t_R)
  78.93 4530.07 v _158437_/Y (OR3x1_ASAP7_75t_R)
  70.98 4601.05 v _158474_/Y (AND2x2_ASAP7_75t_R)
  38.15 4639.21 ^ _158476_/Y (AOI22x1_ASAP7_75t_R)
  23.17 4662.38 ^ _158477_/Y (AND2x2_ASAP7_75t_R)
  16.00 4678.38 v _158496_/Y (AOI221x1_ASAP7_75t_R)
  33.09 4711.47 v _158497_/Y (MAJx2_ASAP7_75t_R)
  24.75 4736.22 v _158571_/Y (AO21x1_ASAP7_75t_R)
  46.55 4782.77 v _158629_/Y (AO221x2_ASAP7_75t_R)
  81.05 4863.83 ^ _158672_/Y (NAND2x1_ASAP7_75t_R)
  35.80 4899.63 ^ _158689_/Y (AND2x2_ASAP7_75t_R)
  22.57 4922.20 ^ _158690_/Y (OA21x2_ASAP7_75t_R)
  20.24 4942.44 ^ _158691_/Y (OR2x2_ASAP7_75t_R)
  22.82 4965.26 ^ _158702_/Y (AND3x1_ASAP7_75t_R)
  21.78 4987.04 ^ _158720_/Y (OA21x2_ASAP7_75t_R)
  24.53 5011.57 ^ _158743_/Y (OA31x2_ASAP7_75t_R)
  15.08 5026.64 ^ _158761_/Y (OR4x1_ASAP7_75t_R)
  48.03 5074.67 ^ _158764_/Y (AND5x2_ASAP7_75t_R)
  52.84 5127.52 ^ _159054_/Y (OA21x2_ASAP7_75t_R)
 118.43 5245.95 ^ _159120_/Y (OA21x2_ASAP7_75t_R)
  58.79 5304.73 ^ _159154_/Y (AO221x1_ASAP7_75t_R)
  92.01 5396.74 ^ _159901_/Y (AND2x2_ASAP7_75t_R)
 173.87 5570.61 v _159903_/Y (NOR2x1_ASAP7_75t_R)
  96.92 5667.53 ^ _163182_/Y (NAND2x2_ASAP7_75t_R)
  31.92 5699.44 ^ load_slew951/Y (BUFx16f_ASAP7_75t_R)
  21.96 5721.41 ^ load_slew949/Y (BUFx16f_ASAP7_75t_R)
  32.45 5753.86 ^ wire948/Y (BUFx16f_ASAP7_75t_R)
 159.78 5913.64 ^ _164794_/Y (OR2x2_ASAP7_75t_R)
  44.00 5957.64 v _201437_/Y (NAND2x1_ASAP7_75t_R)
  20.76 5978.39 v _201438_/Y (AO21x1_ASAP7_75t_R)
  26.29 6004.68 v _201439_/Y (OA211x2_ASAP7_75t_R)
  16.40 6021.08 v _201440_/Y (AO21x1_ASAP7_75t_R)
  14.79 6035.87 v _201441_/Y (AND2x2_ASAP7_75t_R)
   0.06 6035.93 v _312515_/D (DFFHQNx1_ASAP7_75t_R)
        6035.93   data arrival time

12000.00 12000.00   clock core_clk (rise edge)
   0.00 12000.00   clock source latency
   0.00 12000.00 ^ clk (in)
  46.11 12046.11 ^ wire4945/Y (BUFx10_ASAP7_75t_R)
  47.38 12093.49 ^ clkbuf_0_clk/Y (BUFx24_ASAP7_75t_R)
  28.80 12122.29 ^ clkbuf_1_1_0_clk/Y (BUFx24_ASAP7_75t_R)
  28.42 12150.71 ^ clkbuf_2_3_0_clk/Y (BUFx24_ASAP7_75t_R)
  22.98 12173.68 ^ clkbuf_3_6_0_clk/Y (BUFx24_ASAP7_75t_R)
  28.79 12202.47 ^ clkbuf_4_13_0_clk/Y (BUFx24_ASAP7_75t_R)
  25.67 12228.14 ^ clkbuf_6_54_0_clk/Y (BUFx24_ASAP7_75t_R)
  20.61 12248.74 ^ clkbuf_7_109__f_clk/Y (BUFx24_ASAP7_75t_R)
  29.65 12278.40 ^ clkbuf_leaf_494_clk/Y (BUFx24_ASAP7_75t_R)
   2.09 12280.49 ^ _312515_/CLK (DFFHQNx1_ASAP7_75t_R)
 -50.00 12230.49   clock uncertainty
   2.19 12232.68   clock reconvergence pessimism
  -0.17 12232.51   library setup time
        12232.51   data required time
---------------------------------------------------------
        12232.51   data required time
        -6035.93   data arrival time
---------------------------------------------------------
        6196.58   slack (MET)


Startpoint: _308209_ (rising edge-triggered flip-flop clocked by core_clk)
Endpoint: _312104_ (rising edge-triggered flip-flop clocked by core_clk)
Path Group: reg2reg
Path Type: max

  Delay    Time   Description
---------------------------------------------------------
   0.00    0.00   clock core_clk (rise edge)
   0.00    0.00   clock source latency
   0.00    0.00 ^ clk (in)
  46.81   46.81 ^ wire4945/Y (BUFx10_ASAP7_75t_R)
  48.87   95.68 ^ clkbuf_0_clk/Y (BUFx24_ASAP7_75t_R)
  30.20  125.87 ^ clkbuf_1_0_0_clk/Y (BUFx24_ASAP7_75t_R)
  29.09  154.96 ^ clkbuf_2_1_0_clk/Y (BUFx24_ASAP7_75t_R)
  26.47  181.44 ^ clkbuf_3_2_0_clk/Y (BUFx24_ASAP7_75t_R)
  30.84  212.28 ^ clkbuf_4_4_0_clk/Y (BUFx24_ASAP7_75t_R)
  24.84  237.12 ^ clkbuf_6_19_0_clk/Y (BUFx24_ASAP7_75t_R)
  21.77  258.88 ^ clkbuf_7_38__f_clk/Y (BUFx24_ASAP7_75t_R)
  27.65  286.53 ^ clkbuf_leaf_778_clk/Y (BUFx24_ASAP7_75t_R)
   2.33  288.86 ^ _308209_/CLK (DFFHQNx3_ASAP7_75t_R)
  56.18  345.04 ^ _308209_/QN (DFFHQNx3_ASAP7_75t_R)
  27.51  372.55 ^ wire4778/Y (BUFx16f_ASAP7_75t_R)
  66.95  439.50 ^ wire4776/Y (BUFx16f_ASAP7_75t_R)
  33.08  472.58 ^ wire4775/Y (BUFx16f_ASAP7_75t_R)
  73.63  546.21 ^ load_slew4774/Y (BUFx16f_ASAP7_75t_R)
  94.00  640.21 ^ _153629_/Y (AND2x2_ASAP7_75t_R)
 169.02  809.24 v _153630_/Y (NAND2x1_ASAP7_75t_R)
  64.17  873.41 v _153631_/Y (OA21x2_ASAP7_75t_R)
 108.13  981.54 v _153633_/Y (AND3x1_ASAP7_75t_R)
  89.17 1070.71 v _154870_/Y (AO222x2_ASAP7_75t_R)
  47.40 1118.11 v _154873_/Y (OR3x2_ASAP7_75t_R)
  54.24 1172.36 v _154878_/Y (OR5x1_ASAP7_75t_R)
  93.99 1266.34 v _154879_/Y (OR4x1_ASAP7_75t_R)
  74.48 1340.82 v _155829_/Y (OR4x1_ASAP7_75t_R)
  24.56 1365.38 v _155944_/Y (AO221x1_ASAP7_75t_R)
  50.94 1416.32 v _155949_/Y (OR5x1_ASAP7_75t_R)
  34.05 1450.37 v _156013_/Y (AND2x2_ASAP7_75t_R)
  49.97 1500.34 ^ _156016_/Y (NAND3x1_ASAP7_75t_R)
  39.70 1540.04 v _156112_/Y (AOI221x1_ASAP7_75t_R)
  26.08 1566.12 v _156115_/Y (OA21x2_ASAP7_75t_R)
  21.84 1587.97 v _156116_/Y (OR3x1_ASAP7_75t_R)
  38.63 1626.60 v _156123_/Y (AO33x2_ASAP7_75t_R)
  41.76 1668.35 ^ _156140_/Y (NAND2x1_ASAP7_75t_R)
 110.76 1779.11 ^ _156253_/Y (AO221x1_ASAP7_75t_R)
  69.58 1848.70 v _156308_/Y (NAND2x2_ASAP7_75t_R)
  49.02 1897.71 v _156311_/Y (AO21x2_ASAP7_75t_R)
  23.18 1920.89 v _156314_/Y (OA21x2_ASAP7_75t_R)
  27.71 1948.60 v _156388_/Y (AO221x1_ASAP7_75t_R)
  22.62 1971.22 v _156389_/Y (OA21x2_ASAP7_75t_R)
  24.14 1995.36 ^ _156393_/Y (AOI22x1_ASAP7_75t_R)
  53.99 2049.35 v _156410_/Y (NAND2x1_ASAP7_75t_R)
  71.47 2120.82 v _156421_/Y (AO33x2_ASAP7_75t_R)
  32.75 2153.58 ^ _156522_/Y (XNOR2x2_ASAP7_75t_R)
  25.19 2178.76 ^ _156526_/Y (AND4x1_ASAP7_75t_R)
  19.20 2197.96 ^ _156550_/Y (AO21x1_ASAP7_75t_R)
  19.23 2217.19 ^ _156551_/Y (AO21x1_ASAP7_75t_R)
  80.77 2297.96 ^ _156552_/Y (OA211x2_ASAP7_75t_R)
  89.28 2387.25 v _156555_/Y (INVx1_ASAP7_75t_R)
  33.68 2420.92 ^ _156568_/Y (OAI21x1_ASAP7_75t_R)
  34.29 2455.21 v _156616_/Y (AOI221x1_ASAP7_75t_R)
  48.52 2503.73 v _156806_/Y (OA211x2_ASAP7_75t_R)
  13.78 2517.51 ^ _156807_/Y (NAND2x1_ASAP7_75t_R)
  71.16 2588.67 ^ _156882_/Y (AO32x1_ASAP7_75t_R)
  34.48 2623.15 ^ _156995_/Y (OR2x2_ASAP7_75t_R)
  39.01 2662.16 ^ _157002_/Y (AO32x1_ASAP7_75t_R)
  36.29 2698.44 ^ _157004_/Y (XNOR2x2_ASAP7_75t_R)
  14.38 2712.83 v _157005_/Y (NOR3x1_ASAP7_75t_R)
  32.62 2745.45 v _157006_/Y (AND5x2_ASAP7_75t_R)
  28.88 2774.33 v _157078_/Y (OR3x1_ASAP7_75t_R)
  57.37 2831.69 v _157141_/Y (OA33x2_ASAP7_75t_R)
  34.73 2866.43 v _157144_/Y (OR2x2_ASAP7_75t_R)
  24.44 2890.87 v _157145_/Y (AO21x1_ASAP7_75t_R)
  26.35 2917.22 v _157196_/Y (AO32x1_ASAP7_75t_R)
  26.77 2943.99 v _157198_/Y (AO22x1_ASAP7_75t_R)
  23.00 2966.99 v _157222_/Y (AO21x1_ASAP7_75t_R)
  30.83 2997.82 v _157223_/Y (OR3x1_ASAP7_75t_R)
  42.49 3040.31 v _157312_/Y (AO21x1_ASAP7_75t_R)
  58.19 3098.50 ^ _157343_/Y (NAND2x1_ASAP7_75t_R)
  43.82 3142.32 v _157440_/Y (AOI221x1_ASAP7_75t_R)
  30.91 3173.23 v _157456_/Y (OA222x2_ASAP7_75t_R)
  22.24 3195.47 v _157459_/Y (AND5x2_ASAP7_75t_R)
  20.86 3216.33 v _157472_/Y (OA31x2_ASAP7_75t_R)
  42.26 3258.59 v _157475_/Y (OR4x2_ASAP7_75t_R)
  63.75 3322.33 ^ _157478_/Y (NAND2x1_ASAP7_75t_R)
  19.94 3342.27 v _157479_/Y (NOR2x1_ASAP7_75t_R)
  25.21 3367.48 v _157485_/Y (OA21x2_ASAP7_75t_R)
  28.58 3396.06 v _157492_/Y (AO221x1_ASAP7_75t_R)
  26.03 3422.09 v _157649_/Y (OA21x2_ASAP7_75t_R)
  24.74 3446.82 v _157651_/Y (AO21x1_ASAP7_75t_R)
  41.75 3488.58 v _157652_/Y (AO22x1_ASAP7_75t_R)
  64.55 3553.13 ^ _157732_/Y (NAND2x1_ASAP7_75t_R)
  25.99 3579.12 ^ _157764_/Y (AO21x1_ASAP7_75t_R)
  24.20 3603.32 v _157767_/Y (AOI22x1_ASAP7_75t_R)
  37.31 3640.63 v _157790_/Y (OA21x2_ASAP7_75t_R)
  18.85 3659.48 ^ _157827_/Y (AOI211x1_ASAP7_75t_R)
  19.61 3679.09 v _157842_/Y (OAI21x1_ASAP7_75t_R)
  89.64 3768.73 v _157921_/Y (AO221x1_ASAP7_75t_R)
  48.27 3817.00 v _157922_/Y (AO221x1_ASAP7_75t_R)
  27.48 3844.48 v _157925_/Y (AO32x2_ASAP7_75t_R)
  22.59 3867.07 v _157949_/Y (OA211x2_ASAP7_75t_R)
  32.17 3899.24 v _157967_/Y (AO222x2_ASAP7_75t_R)
  38.29 3937.53 v _158020_/Y (AO221x1_ASAP7_75t_R)
  28.61 3966.14 v _158084_/Y (AO211x2_ASAP7_75t_R)
  41.43 4007.57 v _158094_/Y (AND2x2_ASAP7_75t_R)
  49.23 4056.80 v _158173_/Y (OR3x2_ASAP7_75t_R)
  22.73 4079.54 v _158271_/Y (AO221x1_ASAP7_75t_R)
  33.06 4112.59 v _158272_/Y (OR5x1_ASAP7_75t_R)
  46.33 4158.93 v _158273_/Y (OR5x1_ASAP7_75t_R)
  20.14 4179.06 ^ _158274_/Y (NAND2x2_ASAP7_75t_R)
  54.60 4233.66 v _158287_/Y (OAI21x1_ASAP7_75t_R)
  52.70 4286.36 v _158298_/Y (AND2x2_ASAP7_75t_R)
  35.64 4322.00 v _158304_/Y (OA211x2_ASAP7_75t_R)
  30.46 4352.46 v _158330_/Y (XNOR2x2_ASAP7_75t_R)
  29.58 4382.04 v _158388_/Y (OR5x1_ASAP7_75t_R)
  42.94 4424.98 v _158399_/Y (AO33x2_ASAP7_75t_R)
  26.16 4451.15 v _158436_/Y (AND2x2_ASAP7_75t_R)
  78.93 4530.07 v _158437_/Y (OR3x1_ASAP7_75t_R)
  70.98 4601.05 v _158474_/Y (AND2x2_ASAP7_75t_R)
  38.15 4639.21 ^ _158476_/Y (AOI22x1_ASAP7_75t_R)
  23.17 4662.38 ^ _158477_/Y (AND2x2_ASAP7_75t_R)
  16.00 4678.38 v _158496_/Y (AOI221x1_ASAP7_75t_R)
  33.09 4711.47 v _158497_/Y (MAJx2_ASAP7_75t_R)
  24.75 4736.22 v _158571_/Y (AO21x1_ASAP7_75t_R)
  46.55 4782.77 v _158629_/Y (AO221x2_ASAP7_75t_R)
  81.05 4863.83 ^ _158672_/Y (NAND2x1_ASAP7_75t_R)
  35.80 4899.63 ^ _158689_/Y (AND2x2_ASAP7_75t_R)
  22.57 4922.20 ^ _158690_/Y (OA21x2_ASAP7_75t_R)
  20.24 4942.44 ^ _158691_/Y (OR2x2_ASAP7_75t_R)
  22.82 4965.26 ^ _158702_/Y (AND3x1_ASAP7_75t_R)
  21.78 4987.04 ^ _158720_/Y (OA21x2_ASAP7_75t_R)
  24.53 5011.57 ^ _158743_/Y (OA31x2_ASAP7_75t_R)
  15.08 5026.64 ^ _158761_/Y (OR4x1_ASAP7_75t_R)
  48.03 5074.67 ^ _158764_/Y (AND5x2_ASAP7_75t_R)
  52.84 5127.52 ^ _159054_/Y (OA21x2_ASAP7_75t_R)
 118.43 5245.95 ^ _159120_/Y (OA21x2_ASAP7_75t_R)
  58.79 5304.73 ^ _159154_/Y (AO221x1_ASAP7_75t_R)
  92.01 5396.74 ^ _159901_/Y (AND2x2_ASAP7_75t_R)
 173.87 5570.61 v _159903_/Y (NOR2x1_ASAP7_75t_R)
 111.84 5682.45 ^ _163131_/Y (NAND2x2_ASAP7_75t_R)
  35.25 5717.70 ^ load_slew954/Y (BUFx16f_ASAP7_75t_R)
  36.94 5754.64 ^ load_slew952/Y (BUFx16f_ASAP7_75t_R)
 136.86 5891.51 ^ _163132_/Y (OR2x2_ASAP7_75t_R)
  59.76 5951.26 v _194560_/Y (NAND2x1_ASAP7_75t_R)
  19.82 5971.09 v _194561_/Y (AO21x1_ASAP7_75t_R)
  25.88 5996.97 v _194562_/Y (OA211x2_ASAP7_75t_R)
  16.99 6013.96 v _194563_/Y (AO21x1_ASAP7_75t_R)
  14.94 6028.91 v _194564_/Y (AND2x2_ASAP7_75t_R)
   0.07 6028.98 v _312104_/D (DFFHQNx1_ASAP7_75t_R)
        6028.98   data arrival time

12000.00 12000.00   clock core_clk (rise edge)
   0.00 12000.00   clock source latency
   0.00 12000.00 ^ clk (in)
  46.11 12046.11 ^ wire4945/Y (BUFx10_ASAP7_75t_R)
  47.38 12093.49 ^ clkbuf_0_clk/Y (BUFx24_ASAP7_75t_R)
  28.80 12122.29 ^ clkbuf_1_1_0_clk/Y (BUFx24_ASAP7_75t_R)
  28.42 12150.71 ^ clkbuf_2_3_0_clk/Y (BUFx24_ASAP7_75t_R)
  22.98 12173.68 ^ clkbuf_3_6_0_clk/Y (BUFx24_ASAP7_75t_R)
  29.23 12202.91 ^ clkbuf_4_12_0_clk/Y (BUFx24_ASAP7_75t_R)
  27.15 12230.06 ^ clkbuf_6_50_0_clk/Y (BUFx24_ASAP7_75t_R)
  20.26 12250.32 ^ clkbuf_7_101__f_clk/Y (BUFx24_ASAP7_75t_R)
  22.77 12273.09 ^ clkbuf_leaf_438_clk/Y (BUFx24_ASAP7_75t_R)
   0.83 12273.91 ^ _312104_/CLK (DFFHQNx1_ASAP7_75t_R)
 -50.00 12223.91   clock uncertainty
   2.19 12226.10   clock reconvergence pessimism
  -0.49 12225.61   library setup time
        12225.61   data required time
---------------------------------------------------------
        12225.61   data required time
        -6028.98   data arrival time
---------------------------------------------------------
        6196.64   slack (MET)


Startpoint: _308209_ (rising edge-triggered flip-flop clocked by core_clk)
Endpoint: _312520_ (rising edge-triggered flip-flop clocked by core_clk)
Path Group: reg2reg
Path Type: max

  Delay    Time   Description
---------------------------------------------------------
   0.00    0.00   clock core_clk (rise edge)
   0.00    0.00   clock source latency
   0.00    0.00 ^ clk (in)
  46.81   46.81 ^ wire4945/Y (BUFx10_ASAP7_75t_R)
  48.87   95.68 ^ clkbuf_0_clk/Y (BUFx24_ASAP7_75t_R)
  30.20  125.87 ^ clkbuf_1_0_0_clk/Y (BUFx24_ASAP7_75t_R)
  29.09  154.96 ^ clkbuf_2_1_0_clk/Y (BUFx24_ASAP7_75t_R)
  26.47  181.44 ^ clkbuf_3_2_0_clk/Y (BUFx24_ASAP7_75t_R)
  30.84  212.28 ^ clkbuf_4_4_0_clk/Y (BUFx24_ASAP7_75t_R)
  24.84  237.12 ^ clkbuf_6_19_0_clk/Y (BUFx24_ASAP7_75t_R)
  21.77  258.88 ^ clkbuf_7_38__f_clk/Y (BUFx24_ASAP7_75t_R)
  27.65  286.53 ^ clkbuf_leaf_778_clk/Y (BUFx24_ASAP7_75t_R)
   2.33  288.86 ^ _308209_/CLK (DFFHQNx3_ASAP7_75t_R)
  56.18  345.04 ^ _308209_/QN (DFFHQNx3_ASAP7_75t_R)
  27.51  372.55 ^ wire4778/Y (BUFx16f_ASAP7_75t_R)
  66.95  439.50 ^ wire4776/Y (BUFx16f_ASAP7_75t_R)
  33.08  472.58 ^ wire4775/Y (BUFx16f_ASAP7_75t_R)
  73.63  546.21 ^ load_slew4774/Y (BUFx16f_ASAP7_75t_R)
  94.00  640.21 ^ _153629_/Y (AND2x2_ASAP7_75t_R)
 169.02  809.24 v _153630_/Y (NAND2x1_ASAP7_75t_R)
  64.17  873.41 v _153631_/Y (OA21x2_ASAP7_75t_R)
 108.13  981.54 v _153633_/Y (AND3x1_ASAP7_75t_R)
  89.17 1070.71 v _154870_/Y (AO222x2_ASAP7_75t_R)
  47.40 1118.11 v _154873_/Y (OR3x2_ASAP7_75t_R)
  54.24 1172.36 v _154878_/Y (OR5x1_ASAP7_75t_R)
  93.99 1266.34 v _154879_/Y (OR4x1_ASAP7_75t_R)
  74.48 1340.82 v _155829_/Y (OR4x1_ASAP7_75t_R)
  24.56 1365.38 v _155944_/Y (AO221x1_ASAP7_75t_R)
  50.94 1416.32 v _155949_/Y (OR5x1_ASAP7_75t_R)
  34.05 1450.37 v _156013_/Y (AND2x2_ASAP7_75t_R)
  49.97 1500.34 ^ _156016_/Y (NAND3x1_ASAP7_75t_R)
  39.70 1540.04 v _156112_/Y (AOI221x1_ASAP7_75t_R)
  26.08 1566.12 v _156115_/Y (OA21x2_ASAP7_75t_R)
  21.84 1587.97 v _156116_/Y (OR3x1_ASAP7_75t_R)
  38.63 1626.60 v _156123_/Y (AO33x2_ASAP7_75t_R)
  41.76 1668.35 ^ _156140_/Y (NAND2x1_ASAP7_75t_R)
 110.76 1779.11 ^ _156253_/Y (AO221x1_ASAP7_75t_R)
  69.58 1848.70 v _156308_/Y (NAND2x2_ASAP7_75t_R)
  49.02 1897.71 v _156311_/Y (AO21x2_ASAP7_75t_R)
  23.18 1920.89 v _156314_/Y (OA21x2_ASAP7_75t_R)
  27.71 1948.60 v _156388_/Y (AO221x1_ASAP7_75t_R)
  22.62 1971.22 v _156389_/Y (OA21x2_ASAP7_75t_R)
  24.14 1995.36 ^ _156393_/Y (AOI22x1_ASAP7_75t_R)
  53.99 2049.35 v _156410_/Y (NAND2x1_ASAP7_75t_R)
  71.47 2120.82 v _156421_/Y (AO33x2_ASAP7_75t_R)
  32.75 2153.58 ^ _156522_/Y (XNOR2x2_ASAP7_75t_R)
  25.19 2178.76 ^ _156526_/Y (AND4x1_ASAP7_75t_R)
  19.20 2197.96 ^ _156550_/Y (AO21x1_ASAP7_75t_R)
  19.23 2217.19 ^ _156551_/Y (AO21x1_ASAP7_75t_R)
  80.77 2297.96 ^ _156552_/Y (OA211x2_ASAP7_75t_R)
  89.28 2387.25 v _156555_/Y (INVx1_ASAP7_75t_R)
  33.68 2420.92 ^ _156568_/Y (OAI21x1_ASAP7_75t_R)
  34.29 2455.21 v _156616_/Y (AOI221x1_ASAP7_75t_R)
  48.52 2503.73 v _156806_/Y (OA211x2_ASAP7_75t_R)
  13.78 2517.51 ^ _156807_/Y (NAND2x1_ASAP7_75t_R)
  71.16 2588.67 ^ _156882_/Y (AO32x1_ASAP7_75t_R)
  34.48 2623.15 ^ _156995_/Y (OR2x2_ASAP7_75t_R)
  39.01 2662.16 ^ _157002_/Y (AO32x1_ASAP7_75t_R)
  36.29 2698.44 ^ _157004_/Y (XNOR2x2_ASAP7_75t_R)
  14.38 2712.83 v _157005_/Y (NOR3x1_ASAP7_75t_R)
  32.62 2745.45 v _157006_/Y (AND5x2_ASAP7_75t_R)
  28.88 2774.33 v _157078_/Y (OR3x1_ASAP7_75t_R)
  57.37 2831.69 v _157141_/Y (OA33x2_ASAP7_75t_R)
  34.73 2866.43 v _157144_/Y (OR2x2_ASAP7_75t_R)
  24.44 2890.87 v _157145_/Y (AO21x1_ASAP7_75t_R)
  26.35 2917.22 v _157196_/Y (AO32x1_ASAP7_75t_R)
  26.77 2943.99 v _157198_/Y (AO22x1_ASAP7_75t_R)
  23.00 2966.99 v _157222_/Y (AO21x1_ASAP7_75t_R)
  30.83 2997.82 v _157223_/Y (OR3x1_ASAP7_75t_R)
  42.49 3040.31 v _157312_/Y (AO21x1_ASAP7_75t_R)
  58.19 3098.50 ^ _157343_/Y (NAND2x1_ASAP7_75t_R)
  43.82 3142.32 v _157440_/Y (AOI221x1_ASAP7_75t_R)
  30.91 3173.23 v _157456_/Y (OA222x2_ASAP7_75t_R)
  22.24 3195.47 v _157459_/Y (AND5x2_ASAP7_75t_R)
  20.86 3216.33 v _157472_/Y (OA31x2_ASAP7_75t_R)
  42.26 3258.59 v _157475_/Y (OR4x2_ASAP7_75t_R)
  63.75 3322.33 ^ _157478_/Y (NAND2x1_ASAP7_75t_R)
  19.94 3342.27 v _157479_/Y (NOR2x1_ASAP7_75t_R)
  25.21 3367.48 v _157485_/Y (OA21x2_ASAP7_75t_R)
  28.58 3396.06 v _157492_/Y (AO221x1_ASAP7_75t_R)
  26.03 3422.09 v _157649_/Y (OA21x2_ASAP7_75t_R)
  24.74 3446.82 v _157651_/Y (AO21x1_ASAP7_75t_R)
  41.75 3488.58 v _157652_/Y (AO22x1_ASAP7_75t_R)
  64.55 3553.13 ^ _157732_/Y (NAND2x1_ASAP7_75t_R)
  25.99 3579.12 ^ _157764_/Y (AO21x1_ASAP7_75t_R)
  24.20 3603.32 v _157767_/Y (AOI22x1_ASAP7_75t_R)
  37.31 3640.63 v _157790_/Y (OA21x2_ASAP7_75t_R)
  18.85 3659.48 ^ _157827_/Y (AOI211x1_ASAP7_75t_R)
  19.61 3679.09 v _157842_/Y (OAI21x1_ASAP7_75t_R)
  89.64 3768.73 v _157921_/Y (AO221x1_ASAP7_75t_R)
  48.27 3817.00 v _157922_/Y (AO221x1_ASAP7_75t_R)
  27.48 3844.48 v _157925_/Y (AO32x2_ASAP7_75t_R)
  22.59 3867.07 v _157949_/Y (OA211x2_ASAP7_75t_R)
  32.17 3899.24 v _157967_/Y (AO222x2_ASAP7_75t_R)
  38.29 3937.53 v _158020_/Y (AO221x1_ASAP7_75t_R)
  28.61 3966.14 v _158084_/Y (AO211x2_ASAP7_75t_R)
  41.43 4007.57 v _158094_/Y (AND2x2_ASAP7_75t_R)
  49.23 4056.80 v _158173_/Y (OR3x2_ASAP7_75t_R)
  22.73 4079.54 v _158271_/Y (AO221x1_ASAP7_75t_R)
  33.06 4112.59 v _158272_/Y (OR5x1_ASAP7_75t_R)
  46.33 4158.93 v _158273_/Y (OR5x1_ASAP7_75t_R)
  20.14 4179.06 ^ _158274_/Y (NAND2x2_ASAP7_75t_R)
  54.60 4233.66 v _158287_/Y (OAI21x1_ASAP7_75t_R)
  52.70 4286.36 v _158298_/Y (AND2x2_ASAP7_75t_R)
  35.64 4322.00 v _158304_/Y (OA211x2_ASAP7_75t_R)
  30.46 4352.46 v _158330_/Y (XNOR2x2_ASAP7_75t_R)
  29.58 4382.04 v _158388_/Y (OR5x1_ASAP7_75t_R)
  42.94 4424.98 v _158399_/Y (AO33x2_ASAP7_75t_R)
  26.16 4451.15 v _158436_/Y (AND2x2_ASAP7_75t_R)
  78.93 4530.07 v _158437_/Y (OR3x1_ASAP7_75t_R)
  70.98 4601.05 v _158474_/Y (AND2x2_ASAP7_75t_R)
  38.15 4639.21 ^ _158476_/Y (AOI22x1_ASAP7_75t_R)
  23.17 4662.38 ^ _158477_/Y (AND2x2_ASAP7_75t_R)
  16.00 4678.38 v _158496_/Y (AOI221x1_ASAP7_75t_R)
  33.09 4711.47 v _158497_/Y (MAJx2_ASAP7_75t_R)
  24.75 4736.22 v _158571_/Y (AO21x1_ASAP7_75t_R)
  46.55 4782.77 v _158629_/Y (AO221x2_ASAP7_75t_R)
  81.05 4863.83 ^ _158672_/Y (NAND2x1_ASAP7_75t_R)
  35.80 4899.63 ^ _158689_/Y (AND2x2_ASAP7_75t_R)
  22.57 4922.20 ^ _158690_/Y (OA21x2_ASAP7_75t_R)
  20.24 4942.44 ^ _158691_/Y (OR2x2_ASAP7_75t_R)
  22.82 4965.26 ^ _158702_/Y (AND3x1_ASAP7_75t_R)
  21.78 4987.04 ^ _158720_/Y (OA21x2_ASAP7_75t_R)
  24.53 5011.57 ^ _158743_/Y (OA31x2_ASAP7_75t_R)
  15.08 5026.64 ^ _158761_/Y (OR4x1_ASAP7_75t_R)
  48.03 5074.67 ^ _158764_/Y (AND5x2_ASAP7_75t_R)
  52.84 5127.52 ^ _159054_/Y (OA21x2_ASAP7_75t_R)
 118.43 5245.95 ^ _159120_/Y (OA21x2_ASAP7_75t_R)
  58.79 5304.73 ^ _159154_/Y (AO221x1_ASAP7_75t_R)
  92.01 5396.74 ^ _159901_/Y (AND2x2_ASAP7_75t_R)
 173.87 5570.61 v _159903_/Y (NOR2x1_ASAP7_75t_R)
  96.92 5667.53 ^ _163182_/Y (NAND2x2_ASAP7_75t_R)
  31.92 5699.44 ^ load_slew951/Y (BUFx16f_ASAP7_75t_R)
  21.96 5721.41 ^ load_slew949/Y (BUFx16f_ASAP7_75t_R)
  32.45 5753.86 ^ wire948/Y (BUFx16f_ASAP7_75t_R)
 159.78 5913.64 ^ _164794_/Y (OR2x2_ASAP7_75t_R)
  39.20 5952.83 v _201468_/Y (NAND2x1_ASAP7_75t_R)
  20.61 5973.45 v _201469_/Y (AO21x1_ASAP7_75t_R)
  25.83 5999.27 v _201470_/Y (OA211x2_ASAP7_75t_R)
  17.32 6016.60 v _201471_/Y (AO21x1_ASAP7_75t_R)
  15.36 6031.96 v _201472_/Y (AND2x2_ASAP7_75t_R)
   0.11 6032.07 v _312520_/D (DFFHQNx1_ASAP7_75t_R)
        6032.07   data arrival time

12000.00 12000.00   clock core_clk (rise edge)
   0.00 12000.00   clock source latency
   0.00 12000.00 ^ clk (in)
  46.11 12046.11 ^ wire4945/Y (BUFx10_ASAP7_75t_R)
  47.38 12093.49 ^ clkbuf_0_clk/Y (BUFx24_ASAP7_75t_R)
  28.80 12122.29 ^ clkbuf_1_1_0_clk/Y (BUFx24_ASAP7_75t_R)
  28.42 12150.71 ^ clkbuf_2_3_0_clk/Y (BUFx24_ASAP7_75t_R)
  22.98 12173.68 ^ clkbuf_3_6_0_clk/Y (BUFx24_ASAP7_75t_R)
  29.23 12202.91 ^ clkbuf_4_12_0_clk/Y (BUFx24_ASAP7_75t_R)
  27.15 12230.06 ^ clkbuf_6_50_0_clk/Y (BUFx24_ASAP7_75t_R)
  20.57 12250.63 ^ clkbuf_7_100__f_clk/Y (BUFx24_ASAP7_75t_R)
  21.08 12271.72 ^ clkbuf_leaf_439_clk/Y (BUFx24_ASAP7_75t_R)
   3.68 12275.40 ^ _312520_/CLK (DFFHQNx1_ASAP7_75t_R)
 -50.00 12225.40   clock uncertainty
   2.19 12227.59   clock reconvergence pessimism
   1.25 12228.84   library setup time
        12228.84   data required time
---------------------------------------------------------
        12228.84   data required time
        -6032.07   data arrival time
---------------------------------------------------------
        6196.78   slack (MET)


Startpoint: _308209_ (rising edge-triggered flip-flop clocked by core_clk)
Endpoint: _312507_ (rising edge-triggered flip-flop clocked by core_clk)
Path Group: reg2reg
Path Type: max

  Delay    Time   Description
---------------------------------------------------------
   0.00    0.00   clock core_clk (rise edge)
   0.00    0.00   clock source latency
   0.00    0.00 ^ clk (in)
  46.81   46.81 ^ wire4945/Y (BUFx10_ASAP7_75t_R)
  48.87   95.68 ^ clkbuf_0_clk/Y (BUFx24_ASAP7_75t_R)
  30.20  125.87 ^ clkbuf_1_0_0_clk/Y (BUFx24_ASAP7_75t_R)
  29.09  154.96 ^ clkbuf_2_1_0_clk/Y (BUFx24_ASAP7_75t_R)
  26.47  181.44 ^ clkbuf_3_2_0_clk/Y (BUFx24_ASAP7_75t_R)
  30.84  212.28 ^ clkbuf_4_4_0_clk/Y (BUFx24_ASAP7_75t_R)
  24.84  237.12 ^ clkbuf_6_19_0_clk/Y (BUFx24_ASAP7_75t_R)
  21.77  258.88 ^ clkbuf_7_38__f_clk/Y (BUFx24_ASAP7_75t_R)
  27.65  286.53 ^ clkbuf_leaf_778_clk/Y (BUFx24_ASAP7_75t_R)
   2.33  288.86 ^ _308209_/CLK (DFFHQNx3_ASAP7_75t_R)
  56.18  345.04 ^ _308209_/QN (DFFHQNx3_ASAP7_75t_R)
  27.51  372.55 ^ wire4778/Y (BUFx16f_ASAP7_75t_R)
  66.95  439.50 ^ wire4776/Y (BUFx16f_ASAP7_75t_R)
  33.08  472.58 ^ wire4775/Y (BUFx16f_ASAP7_75t_R)
  73.63  546.21 ^ load_slew4774/Y (BUFx16f_ASAP7_75t_R)
  94.00  640.21 ^ _153629_/Y (AND2x2_ASAP7_75t_R)
 169.02  809.24 v _153630_/Y (NAND2x1_ASAP7_75t_R)
  64.17  873.41 v _153631_/Y (OA21x2_ASAP7_75t_R)
 108.13  981.54 v _153633_/Y (AND3x1_ASAP7_75t_R)
  89.17 1070.71 v _154870_/Y (AO222x2_ASAP7_75t_R)
  47.40 1118.11 v _154873_/Y (OR3x2_ASAP7_75t_R)
  54.24 1172.36 v _154878_/Y (OR5x1_ASAP7_75t_R)
  93.99 1266.34 v _154879_/Y (OR4x1_ASAP7_75t_R)
  74.48 1340.82 v _155829_/Y (OR4x1_ASAP7_75t_R)
  24.56 1365.38 v _155944_/Y (AO221x1_ASAP7_75t_R)
  50.94 1416.32 v _155949_/Y (OR5x1_ASAP7_75t_R)
  34.05 1450.37 v _156013_/Y (AND2x2_ASAP7_75t_R)
  49.97 1500.34 ^ _156016_/Y (NAND3x1_ASAP7_75t_R)
  39.70 1540.04 v _156112_/Y (AOI221x1_ASAP7_75t_R)
  26.08 1566.12 v _156115_/Y (OA21x2_ASAP7_75t_R)
  21.84 1587.97 v _156116_/Y (OR3x1_ASAP7_75t_R)
  38.63 1626.60 v _156123_/Y (AO33x2_ASAP7_75t_R)
  41.76 1668.35 ^ _156140_/Y (NAND2x1_ASAP7_75t_R)
 110.76 1779.11 ^ _156253_/Y (AO221x1_ASAP7_75t_R)
  69.58 1848.70 v _156308_/Y (NAND2x2_ASAP7_75t_R)
  49.02 1897.71 v _156311_/Y (AO21x2_ASAP7_75t_R)
  23.18 1920.89 v _156314_/Y (OA21x2_ASAP7_75t_R)
  27.71 1948.60 v _156388_/Y (AO221x1_ASAP7_75t_R)
  22.62 1971.22 v _156389_/Y (OA21x2_ASAP7_75t_R)
  24.14 1995.36 ^ _156393_/Y (AOI22x1_ASAP7_75t_R)
  53.99 2049.35 v _156410_/Y (NAND2x1_ASAP7_75t_R)
  71.47 2120.82 v _156421_/Y (AO33x2_ASAP7_75t_R)
  32.75 2153.58 ^ _156522_/Y (XNOR2x2_ASAP7_75t_R)
  25.19 2178.76 ^ _156526_/Y (AND4x1_ASAP7_75t_R)
  19.20 2197.96 ^ _156550_/Y (AO21x1_ASAP7_75t_R)
  19.23 2217.19 ^ _156551_/Y (AO21x1_ASAP7_75t_R)
  80.77 2297.96 ^ _156552_/Y (OA211x2_ASAP7_75t_R)
  89.28 2387.25 v _156555_/Y (INVx1_ASAP7_75t_R)
  33.68 2420.92 ^ _156568_/Y (OAI21x1_ASAP7_75t_R)
  34.29 2455.21 v _156616_/Y (AOI221x1_ASAP7_75t_R)
  48.52 2503.73 v _156806_/Y (OA211x2_ASAP7_75t_R)
  13.78 2517.51 ^ _156807_/Y (NAND2x1_ASAP7_75t_R)
  71.16 2588.67 ^ _156882_/Y (AO32x1_ASAP7_75t_R)
  34.48 2623.15 ^ _156995_/Y (OR2x2_ASAP7_75t_R)
  39.01 2662.16 ^ _157002_/Y (AO32x1_ASAP7_75t_R)
  36.29 2698.44 ^ _157004_/Y (XNOR2x2_ASAP7_75t_R)
  14.38 2712.83 v _157005_/Y (NOR3x1_ASAP7_75t_R)
  32.62 2745.45 v _157006_/Y (AND5x2_ASAP7_75t_R)
  28.88 2774.33 v _157078_/Y (OR3x1_ASAP7_75t_R)
  57.37 2831.69 v _157141_/Y (OA33x2_ASAP7_75t_R)
  34.73 2866.43 v _157144_/Y (OR2x2_ASAP7_75t_R)
  24.44 2890.87 v _157145_/Y (AO21x1_ASAP7_75t_R)
  26.35 2917.22 v _157196_/Y (AO32x1_ASAP7_75t_R)
  26.77 2943.99 v _157198_/Y (AO22x1_ASAP7_75t_R)
  23.00 2966.99 v _157222_/Y (AO21x1_ASAP7_75t_R)
  30.83 2997.82 v _157223_/Y (OR3x1_ASAP7_75t_R)
  42.49 3040.31 v _157312_/Y (AO21x1_ASAP7_75t_R)
  58.19 3098.50 ^ _157343_/Y (NAND2x1_ASAP7_75t_R)
  43.82 3142.32 v _157440_/Y (AOI221x1_ASAP7_75t_R)
  30.91 3173.23 v _157456_/Y (OA222x2_ASAP7_75t_R)
  22.24 3195.47 v _157459_/Y (AND5x2_ASAP7_75t_R)
  20.86 3216.33 v _157472_/Y (OA31x2_ASAP7_75t_R)
  42.26 3258.59 v _157475_/Y (OR4x2_ASAP7_75t_R)
  63.75 3322.33 ^ _157478_/Y (NAND2x1_ASAP7_75t_R)
  19.94 3342.27 v _157479_/Y (NOR2x1_ASAP7_75t_R)
  25.21 3367.48 v _157485_/Y (OA21x2_ASAP7_75t_R)
  28.58 3396.06 v _157492_/Y (AO221x1_ASAP7_75t_R)
  26.03 3422.09 v _157649_/Y (OA21x2_ASAP7_75t_R)
  24.74 3446.82 v _157651_/Y (AO21x1_ASAP7_75t_R)
  41.75 3488.58 v _157652_/Y (AO22x1_ASAP7_75t_R)
  64.55 3553.13 ^ _157732_/Y (NAND2x1_ASAP7_75t_R)
  25.99 3579.12 ^ _157764_/Y (AO21x1_ASAP7_75t_R)
  24.20 3603.32 v _157767_/Y (AOI22x1_ASAP7_75t_R)
  37.31 3640.63 v _157790_/Y (OA21x2_ASAP7_75t_R)
  18.85 3659.48 ^ _157827_/Y (AOI211x1_ASAP7_75t_R)
  19.61 3679.09 v _157842_/Y (OAI21x1_ASAP7_75t_R)
  89.64 3768.73 v _157921_/Y (AO221x1_ASAP7_75t_R)
  48.27 3817.00 v _157922_/Y (AO221x1_ASAP7_75t_R)
  27.48 3844.48 v _157925_/Y (AO32x2_ASAP7_75t_R)
  22.59 3867.07 v _157949_/Y (OA211x2_ASAP7_75t_R)
  32.17 3899.24 v _157967_/Y (AO222x2_ASAP7_75t_R)
  38.29 3937.53 v _158020_/Y (AO221x1_ASAP7_75t_R)
  28.61 3966.14 v _158084_/Y (AO211x2_ASAP7_75t_R)
  41.43 4007.57 v _158094_/Y (AND2x2_ASAP7_75t_R)
  49.23 4056.80 v _158173_/Y (OR3x2_ASAP7_75t_R)
  22.73 4079.54 v _158271_/Y (AO221x1_ASAP7_75t_R)
  33.06 4112.59 v _158272_/Y (OR5x1_ASAP7_75t_R)
  46.33 4158.93 v _158273_/Y (OR5x1_ASAP7_75t_R)
  20.14 4179.06 ^ _158274_/Y (NAND2x2_ASAP7_75t_R)
  54.60 4233.66 v _158287_/Y (OAI21x1_ASAP7_75t_R)
  52.70 4286.36 v _158298_/Y (AND2x2_ASAP7_75t_R)
  35.64 4322.00 v _158304_/Y (OA211x2_ASAP7_75t_R)
  30.46 4352.46 v _158330_/Y (XNOR2x2_ASAP7_75t_R)
  29.58 4382.04 v _158388_/Y (OR5x1_ASAP7_75t_R)
  42.94 4424.98 v _158399_/Y (AO33x2_ASAP7_75t_R)
  26.16 4451.15 v _158436_/Y (AND2x2_ASAP7_75t_R)
  78.93 4530.07 v _158437_/Y (OR3x1_ASAP7_75t_R)
  70.98 4601.05 v _158474_/Y (AND2x2_ASAP7_75t_R)
  38.15 4639.21 ^ _158476_/Y (AOI22x1_ASAP7_75t_R)
  23.17 4662.38 ^ _158477_/Y (AND2x2_ASAP7_75t_R)
  16.00 4678.38 v _158496_/Y (AOI221x1_ASAP7_75t_R)
  33.09 4711.47 v _158497_/Y (MAJx2_ASAP7_75t_R)
  24.75 4736.22 v _158571_/Y (AO21x1_ASAP7_75t_R)
  46.55 4782.77 v _158629_/Y (AO221x2_ASAP7_75t_R)
  81.05 4863.83 ^ _158672_/Y (NAND2x1_ASAP7_75t_R)
  35.80 4899.63 ^ _158689_/Y (AND2x2_ASAP7_75t_R)
  22.57 4922.20 ^ _158690_/Y (OA21x2_ASAP7_75t_R)
  20.24 4942.44 ^ _158691_/Y (OR2x2_ASAP7_75t_R)
  22.82 4965.26 ^ _158702_/Y (AND3x1_ASAP7_75t_R)
  21.78 4987.04 ^ _158720_/Y (OA21x2_ASAP7_75t_R)
  24.53 5011.57 ^ _158743_/Y (OA31x2_ASAP7_75t_R)
  15.08 5026.64 ^ _158761_/Y (OR4x1_ASAP7_75t_R)
  48.03 5074.67 ^ _158764_/Y (AND5x2_ASAP7_75t_R)
  52.84 5127.52 ^ _159054_/Y (OA21x2_ASAP7_75t_R)
 118.43 5245.95 ^ _159120_/Y (OA21x2_ASAP7_75t_R)
  58.79 5304.73 ^ _159154_/Y (AO221x1_ASAP7_75t_R)
  92.01 5396.74 ^ _159901_/Y (AND2x2_ASAP7_75t_R)
 173.87 5570.61 v _159903_/Y (NOR2x1_ASAP7_75t_R)
  96.92 5667.53 ^ _163182_/Y (NAND2x2_ASAP7_75t_R)
  31.92 5699.44 ^ load_slew951/Y (BUFx16f_ASAP7_75t_R)
  21.96 5721.41 ^ load_slew949/Y (BUFx16f_ASAP7_75t_R)
  32.45 5753.86 ^ wire948/Y (BUFx16f_ASAP7_75t_R)
 159.78 5913.64 ^ _164794_/Y (OR2x2_ASAP7_75t_R)
  41.94 5955.58 v _201382_/Y (NAND2x1_ASAP7_75t_R)
  20.91 5976.49 v _201383_/Y (AO21x1_ASAP7_75t_R)
  25.81 6002.30 v _201384_/Y (OA211x2_ASAP7_75t_R)
  16.23 6018.53 v _201385_/Y (AO21x1_ASAP7_75t_R)
  15.03 6033.56 v _201386_/Y (AND2x2_ASAP7_75t_R)
   0.09 6033.65 v _312507_/D (DFFHQNx1_ASAP7_75t_R)
        6033.65   data arrival time

12000.00 12000.00   clock core_clk (rise edge)
   0.00 12000.00   clock source latency
   0.00 12000.00 ^ clk (in)
  46.11 12046.11 ^ wire4945/Y (BUFx10_ASAP7_75t_R)
  47.38 12093.49 ^ clkbuf_0_clk/Y (BUFx24_ASAP7_75t_R)
  28.80 12122.29 ^ clkbuf_1_1_0_clk/Y (BUFx24_ASAP7_75t_R)
  28.42 12150.71 ^ clkbuf_2_3_0_clk/Y (BUFx24_ASAP7_75t_R)
  22.98 12173.68 ^ clkbuf_3_6_0_clk/Y (BUFx24_ASAP7_75t_R)
  29.23 12202.91 ^ clkbuf_4_12_0_clk/Y (BUFx24_ASAP7_75t_R)
  27.07 12229.97 ^ clkbuf_6_51_0_clk/Y (BUFx24_ASAP7_75t_R)
  20.89 12250.87 ^ clkbuf_7_103__f_clk/Y (BUFx24_ASAP7_75t_R)
  26.20 12277.06 ^ clkbuf_leaf_501_clk/Y (BUFx24_ASAP7_75t_R)
   1.32 12278.38 ^ _312507_/CLK (DFFHQNx1_ASAP7_75t_R)
 -50.00 12228.38   clock uncertainty
   2.19 12230.58   clock reconvergence pessimism
   0.13 12230.71   library setup time
        12230.71   data required time
---------------------------------------------------------
        12230.71   data required time
        -6033.65   data arrival time
---------------------------------------------------------
        6197.05   slack (MET)


Startpoint: _308209_ (rising edge-triggered flip-flop clocked by core_clk)
Endpoint: _312054_ (rising edge-triggered flip-flop clocked by core_clk)
Path Group: reg2reg
Path Type: max

  Delay    Time   Description
---------------------------------------------------------
   0.00    0.00   clock core_clk (rise edge)
   0.00    0.00   clock source latency
   0.00    0.00 ^ clk (in)
  46.81   46.81 ^ wire4945/Y (BUFx10_ASAP7_75t_R)
  48.87   95.68 ^ clkbuf_0_clk/Y (BUFx24_ASAP7_75t_R)
  30.20  125.87 ^ clkbuf_1_0_0_clk/Y (BUFx24_ASAP7_75t_R)
  29.09  154.96 ^ clkbuf_2_1_0_clk/Y (BUFx24_ASAP7_75t_R)
  26.47  181.44 ^ clkbuf_3_2_0_clk/Y (BUFx24_ASAP7_75t_R)
  30.84  212.28 ^ clkbuf_4_4_0_clk/Y (BUFx24_ASAP7_75t_R)
  24.84  237.12 ^ clkbuf_6_19_0_clk/Y (BUFx24_ASAP7_75t_R)
  21.77  258.88 ^ clkbuf_7_38__f_clk/Y (BUFx24_ASAP7_75t_R)
  27.65  286.53 ^ clkbuf_leaf_778_clk/Y (BUFx24_ASAP7_75t_R)
   2.33  288.86 ^ _308209_/CLK (DFFHQNx3_ASAP7_75t_R)
  56.18  345.04 ^ _308209_/QN (DFFHQNx3_ASAP7_75t_R)
  27.51  372.55 ^ wire4778/Y (BUFx16f_ASAP7_75t_R)
  66.95  439.50 ^ wire4776/Y (BUFx16f_ASAP7_75t_R)
  33.08  472.58 ^ wire4775/Y (BUFx16f_ASAP7_75t_R)
  73.63  546.21 ^ load_slew4774/Y (BUFx16f_ASAP7_75t_R)
  94.00  640.21 ^ _153629_/Y (AND2x2_ASAP7_75t_R)
 169.02  809.24 v _153630_/Y (NAND2x1_ASAP7_75t_R)
  64.17  873.41 v _153631_/Y (OA21x2_ASAP7_75t_R)
 108.13  981.54 v _153633_/Y (AND3x1_ASAP7_75t_R)
  89.17 1070.71 v _154870_/Y (AO222x2_ASAP7_75t_R)
  47.40 1118.11 v _154873_/Y (OR3x2_ASAP7_75t_R)
  54.24 1172.36 v _154878_/Y (OR5x1_ASAP7_75t_R)
  93.99 1266.34 v _154879_/Y (OR4x1_ASAP7_75t_R)
  74.48 1340.82 v _155829_/Y (OR4x1_ASAP7_75t_R)
  24.56 1365.38 v _155944_/Y (AO221x1_ASAP7_75t_R)
  50.94 1416.32 v _155949_/Y (OR5x1_ASAP7_75t_R)
  34.05 1450.37 v _156013_/Y (AND2x2_ASAP7_75t_R)
  49.97 1500.34 ^ _156016_/Y (NAND3x1_ASAP7_75t_R)
  39.70 1540.04 v _156112_/Y (AOI221x1_ASAP7_75t_R)
  26.08 1566.12 v _156115_/Y (OA21x2_ASAP7_75t_R)
  21.84 1587.97 v _156116_/Y (OR3x1_ASAP7_75t_R)
  38.63 1626.60 v _156123_/Y (AO33x2_ASAP7_75t_R)
  41.76 1668.35 ^ _156140_/Y (NAND2x1_ASAP7_75t_R)
 110.76 1779.11 ^ _156253_/Y (AO221x1_ASAP7_75t_R)
  69.58 1848.70 v _156308_/Y (NAND2x2_ASAP7_75t_R)
  49.02 1897.71 v _156311_/Y (AO21x2_ASAP7_75t_R)
  23.18 1920.89 v _156314_/Y (OA21x2_ASAP7_75t_R)
  27.71 1948.60 v _156388_/Y (AO221x1_ASAP7_75t_R)
  22.62 1971.22 v _156389_/Y (OA21x2_ASAP7_75t_R)
  24.14 1995.36 ^ _156393_/Y (AOI22x1_ASAP7_75t_R)
  53.99 2049.35 v _156410_/Y (NAND2x1_ASAP7_75t_R)
  71.47 2120.82 v _156421_/Y (AO33x2_ASAP7_75t_R)
  32.75 2153.58 ^ _156522_/Y (XNOR2x2_ASAP7_75t_R)
  25.19 2178.76 ^ _156526_/Y (AND4x1_ASAP7_75t_R)
  19.20 2197.96 ^ _156550_/Y (AO21x1_ASAP7_75t_R)
  19.23 2217.19 ^ _156551_/Y (AO21x1_ASAP7_75t_R)
  80.77 2297.96 ^ _156552_/Y (OA211x2_ASAP7_75t_R)
  89.28 2387.25 v _156555_/Y (INVx1_ASAP7_75t_R)
  33.68 2420.92 ^ _156568_/Y (OAI21x1_ASAP7_75t_R)
  34.29 2455.21 v _156616_/Y (AOI221x1_ASAP7_75t_R)
  48.52 2503.73 v _156806_/Y (OA211x2_ASAP7_75t_R)
  13.78 2517.51 ^ _156807_/Y (NAND2x1_ASAP7_75t_R)
  71.16 2588.67 ^ _156882_/Y (AO32x1_ASAP7_75t_R)
  34.48 2623.15 ^ _156995_/Y (OR2x2_ASAP7_75t_R)
  39.01 2662.16 ^ _157002_/Y (AO32x1_ASAP7_75t_R)
  36.29 2698.44 ^ _157004_/Y (XNOR2x2_ASAP7_75t_R)
  14.38 2712.83 v _157005_/Y (NOR3x1_ASAP7_75t_R)
  32.62 2745.45 v _157006_/Y (AND5x2_ASAP7_75t_R)
  28.88 2774.33 v _157078_/Y (OR3x1_ASAP7_75t_R)
  57.37 2831.69 v _157141_/Y (OA33x2_ASAP7_75t_R)
  34.73 2866.43 v _157144_/Y (OR2x2_ASAP7_75t_R)
  24.44 2890.87 v _157145_/Y (AO21x1_ASAP7_75t_R)
  26.35 2917.22 v _157196_/Y (AO32x1_ASAP7_75t_R)
  26.77 2943.99 v _157198_/Y (AO22x1_ASAP7_75t_R)
  23.00 2966.99 v _157222_/Y (AO21x1_ASAP7_75t_R)
  30.83 2997.82 v _157223_/Y (OR3x1_ASAP7_75t_R)
  42.49 3040.31 v _157312_/Y (AO21x1_ASAP7_75t_R)
  58.19 3098.50 ^ _157343_/Y (NAND2x1_ASAP7_75t_R)
  43.82 3142.32 v _157440_/Y (AOI221x1_ASAP7_75t_R)
  30.91 3173.23 v _157456_/Y (OA222x2_ASAP7_75t_R)
  22.24 3195.47 v _157459_/Y (AND5x2_ASAP7_75t_R)
  20.86 3216.33 v _157472_/Y (OA31x2_ASAP7_75t_R)
  42.26 3258.59 v _157475_/Y (OR4x2_ASAP7_75t_R)
  63.75 3322.33 ^ _157478_/Y (NAND2x1_ASAP7_75t_R)
  19.94 3342.27 v _157479_/Y (NOR2x1_ASAP7_75t_R)
  25.21 3367.48 v _157485_/Y (OA21x2_ASAP7_75t_R)
  28.58 3396.06 v _157492_/Y (AO221x1_ASAP7_75t_R)
  26.03 3422.09 v _157649_/Y (OA21x2_ASAP7_75t_R)
  24.74 3446.82 v _157651_/Y (AO21x1_ASAP7_75t_R)
  41.75 3488.58 v _157652_/Y (AO22x1_ASAP7_75t_R)
  64.55 3553.13 ^ _157732_/Y (NAND2x1_ASAP7_75t_R)
  25.99 3579.12 ^ _157764_/Y (AO21x1_ASAP7_75t_R)
  24.20 3603.32 v _157767_/Y (AOI22x1_ASAP7_75t_R)
  37.31 3640.63 v _157790_/Y (OA21x2_ASAP7_75t_R)
  18.85 3659.48 ^ _157827_/Y (AOI211x1_ASAP7_75t_R)
  19.61 3679.09 v _157842_/Y (OAI21x1_ASAP7_75t_R)
  89.64 3768.73 v _157921_/Y (AO221x1_ASAP7_75t_R)
  48.27 3817.00 v _157922_/Y (AO221x1_ASAP7_75t_R)
  27.48 3844.48 v _157925_/Y (AO32x2_ASAP7_75t_R)
  22.59 3867.07 v _157949_/Y (OA211x2_ASAP7_75t_R)
  32.17 3899.24 v _157967_/Y (AO222x2_ASAP7_75t_R)
  38.29 3937.53 v _158020_/Y (AO221x1_ASAP7_75t_R)
  28.61 3966.14 v _158084_/Y (AO211x2_ASAP7_75t_R)
  41.43 4007.57 v _158094_/Y (AND2x2_ASAP7_75t_R)
  49.23 4056.80 v _158173_/Y (OR3x2_ASAP7_75t_R)
  22.73 4079.54 v _158271_/Y (AO221x1_ASAP7_75t_R)
  33.06 4112.59 v _158272_/Y (OR5x1_ASAP7_75t_R)
  46.33 4158.93 v _158273_/Y (OR5x1_ASAP7_75t_R)
  20.14 4179.06 ^ _158274_/Y (NAND2x2_ASAP7_75t_R)
  54.60 4233.66 v _158287_/Y (OAI21x1_ASAP7_75t_R)
  52.70 4286.36 v _158298_/Y (AND2x2_ASAP7_75t_R)
  35.64 4322.00 v _158304_/Y (OA211x2_ASAP7_75t_R)
  30.46 4352.46 v _158330_/Y (XNOR2x2_ASAP7_75t_R)
  29.58 4382.04 v _158388_/Y (OR5x1_ASAP7_75t_R)
  42.94 4424.98 v _158399_/Y (AO33x2_ASAP7_75t_R)
  26.16 4451.15 v _158436_/Y (AND2x2_ASAP7_75t_R)
  78.93 4530.07 v _158437_/Y (OR3x1_ASAP7_75t_R)
  70.98 4601.05 v _158474_/Y (AND2x2_ASAP7_75t_R)
  38.15 4639.21 ^ _158476_/Y (AOI22x1_ASAP7_75t_R)
  23.17 4662.38 ^ _158477_/Y (AND2x2_ASAP7_75t_R)
  16.00 4678.38 v _158496_/Y (AOI221x1_ASAP7_75t_R)
  33.09 4711.47 v _158497_/Y (MAJx2_ASAP7_75t_R)
  24.75 4736.22 v _158571_/Y (AO21x1_ASAP7_75t_R)
  46.55 4782.77 v _158629_/Y (AO221x2_ASAP7_75t_R)
  81.05 4863.83 ^ _158672_/Y (NAND2x1_ASAP7_75t_R)
  35.80 4899.63 ^ _158689_/Y (AND2x2_ASAP7_75t_R)
  22.57 4922.20 ^ _158690_/Y (OA21x2_ASAP7_75t_R)
  20.24 4942.44 ^ _158691_/Y (OR2x2_ASAP7_75t_R)
  22.82 4965.26 ^ _158702_/Y (AND3x1_ASAP7_75t_R)
  21.78 4987.04 ^ _158720_/Y (OA21x2_ASAP7_75t_R)
  24.53 5011.57 ^ _158743_/Y (OA31x2_ASAP7_75t_R)
  15.08 5026.64 ^ _158761_/Y (OR4x1_ASAP7_75t_R)
  48.03 5074.67 ^ _158764_/Y (AND5x2_ASAP7_75t_R)
  52.84 5127.52 ^ _159054_/Y (OA21x2_ASAP7_75t_R)
 118.43 5245.95 ^ _159120_/Y (OA21x2_ASAP7_75t_R)
  58.79 5304.73 ^ _159154_/Y (AO221x1_ASAP7_75t_R)
  92.01 5396.74 ^ _159901_/Y (AND2x2_ASAP7_75t_R)
 173.87 5570.61 v _159903_/Y (NOR2x1_ASAP7_75t_R)
  96.92 5667.53 ^ _163182_/Y (NAND2x2_ASAP7_75t_R)
  31.92 5699.44 ^ load_slew951/Y (BUFx16f_ASAP7_75t_R)
  21.96 5721.41 ^ load_slew949/Y (BUFx16f_ASAP7_75t_R)
  32.45 5753.86 ^ wire948/Y (BUFx16f_ASAP7_75t_R)
 152.31 5906.17 ^ _163183_/Y (OR2x2_ASAP7_75t_R)
  48.76 5954.93 v _194658_/Y (NAND2x1_ASAP7_75t_R)
  21.26 5976.19 v _194660_/Y (AO21x1_ASAP7_75t_R)
  26.55 6002.73 v _194661_/Y (OA211x2_ASAP7_75t_R)
  16.17 6018.90 v _194662_/Y (AO21x1_ASAP7_75t_R)
  14.61 6033.52 v _194663_/Y (AND2x2_ASAP7_75t_R)
   0.04 6033.56 v _312054_/D (DFFHQNx1_ASAP7_75t_R)
        6033.56   data arrival time

12000.00 12000.00   clock core_clk (rise edge)
   0.00 12000.00   clock source latency
   0.00 12000.00 ^ clk (in)
  46.11 12046.11 ^ wire4945/Y (BUFx10_ASAP7_75t_R)
  47.38 12093.49 ^ clkbuf_0_clk/Y (BUFx24_ASAP7_75t_R)
  28.80 12122.29 ^ clkbuf_1_1_0_clk/Y (BUFx24_ASAP7_75t_R)
  28.42 12150.71 ^ clkbuf_2_3_0_clk/Y (BUFx24_ASAP7_75t_R)
  26.26 12176.97 ^ clkbuf_3_7_0_clk/Y (BUFx24_ASAP7_75t_R)
  29.86 12206.83 ^ clkbuf_4_14_0_clk/Y (BUFx24_ASAP7_75t_R)
  24.58 12231.41 ^ clkbuf_6_59_0_clk/Y (BUFx24_ASAP7_75t_R)
  21.07 12252.48 ^ clkbuf_7_119__f_clk/Y (BUFx24_ASAP7_75t_R)
  24.35 12276.83 ^ clkbuf_leaf_518_clk/Y (BUFx24_ASAP7_75t_R)
   2.11 12278.94 ^ _312054_/CLK (DFFHQNx1_ASAP7_75t_R)
 -50.00 12228.94   clock uncertainty
   2.19 12231.13   clock reconvergence pessimism
  -0.42 12230.71   library setup time
        12230.71   data required time
---------------------------------------------------------
        12230.71   data required time
        -6033.56   data arrival time
---------------------------------------------------------
        6197.16   slack (MET)


Startpoint: _308209_ (rising edge-triggered flip-flop clocked by core_clk)
Endpoint: _312537_ (rising edge-triggered flip-flop clocked by core_clk)
Path Group: reg2reg
Path Type: max

  Delay    Time   Description
---------------------------------------------------------
   0.00    0.00   clock core_clk (rise edge)
   0.00    0.00   clock source latency
   0.00    0.00 ^ clk (in)
  46.81   46.81 ^ wire4945/Y (BUFx10_ASAP7_75t_R)
  48.87   95.68 ^ clkbuf_0_clk/Y (BUFx24_ASAP7_75t_R)
  30.20  125.87 ^ clkbuf_1_0_0_clk/Y (BUFx24_ASAP7_75t_R)
  29.09  154.96 ^ clkbuf_2_1_0_clk/Y (BUFx24_ASAP7_75t_R)
  26.47  181.44 ^ clkbuf_3_2_0_clk/Y (BUFx24_ASAP7_75t_R)
  30.84  212.28 ^ clkbuf_4_4_0_clk/Y (BUFx24_ASAP7_75t_R)
  24.84  237.12 ^ clkbuf_6_19_0_clk/Y (BUFx24_ASAP7_75t_R)
  21.77  258.88 ^ clkbuf_7_38__f_clk/Y (BUFx24_ASAP7_75t_R)
  27.65  286.53 ^ clkbuf_leaf_778_clk/Y (BUFx24_ASAP7_75t_R)
   2.33  288.86 ^ _308209_/CLK (DFFHQNx3_ASAP7_75t_R)
  56.18  345.04 ^ _308209_/QN (DFFHQNx3_ASAP7_75t_R)
  27.51  372.55 ^ wire4778/Y (BUFx16f_ASAP7_75t_R)
  66.95  439.50 ^ wire4776/Y (BUFx16f_ASAP7_75t_R)
  33.08  472.58 ^ wire4775/Y (BUFx16f_ASAP7_75t_R)
  73.63  546.21 ^ load_slew4774/Y (BUFx16f_ASAP7_75t_R)
  94.00  640.21 ^ _153629_/Y (AND2x2_ASAP7_75t_R)
 169.02  809.24 v _153630_/Y (NAND2x1_ASAP7_75t_R)
  64.17  873.41 v _153631_/Y (OA21x2_ASAP7_75t_R)
 108.13  981.54 v _153633_/Y (AND3x1_ASAP7_75t_R)
  89.17 1070.71 v _154870_/Y (AO222x2_ASAP7_75t_R)
  47.40 1118.11 v _154873_/Y (OR3x2_ASAP7_75t_R)
  54.24 1172.36 v _154878_/Y (OR5x1_ASAP7_75t_R)
  93.99 1266.34 v _154879_/Y (OR4x1_ASAP7_75t_R)
  74.48 1340.82 v _155829_/Y (OR4x1_ASAP7_75t_R)
  24.56 1365.38 v _155944_/Y (AO221x1_ASAP7_75t_R)
  50.94 1416.32 v _155949_/Y (OR5x1_ASAP7_75t_R)
  34.05 1450.37 v _156013_/Y (AND2x2_ASAP7_75t_R)
  49.97 1500.34 ^ _156016_/Y (NAND3x1_ASAP7_75t_R)
  39.70 1540.04 v _156112_/Y (AOI221x1_ASAP7_75t_R)
  26.08 1566.12 v _156115_/Y (OA21x2_ASAP7_75t_R)
  21.84 1587.97 v _156116_/Y (OR3x1_ASAP7_75t_R)
  38.63 1626.60 v _156123_/Y (AO33x2_ASAP7_75t_R)
  41.76 1668.35 ^ _156140_/Y (NAND2x1_ASAP7_75t_R)
 110.76 1779.11 ^ _156253_/Y (AO221x1_ASAP7_75t_R)
  69.58 1848.70 v _156308_/Y (NAND2x2_ASAP7_75t_R)
  49.02 1897.71 v _156311_/Y (AO21x2_ASAP7_75t_R)
  23.18 1920.89 v _156314_/Y (OA21x2_ASAP7_75t_R)
  27.71 1948.60 v _156388_/Y (AO221x1_ASAP7_75t_R)
  22.62 1971.22 v _156389_/Y (OA21x2_ASAP7_75t_R)
  24.14 1995.36 ^ _156393_/Y (AOI22x1_ASAP7_75t_R)
  53.99 2049.35 v _156410_/Y (NAND2x1_ASAP7_75t_R)
  71.47 2120.82 v _156421_/Y (AO33x2_ASAP7_75t_R)
  32.75 2153.58 ^ _156522_/Y (XNOR2x2_ASAP7_75t_R)
  25.19 2178.76 ^ _156526_/Y (AND4x1_ASAP7_75t_R)
  19.20 2197.96 ^ _156550_/Y (AO21x1_ASAP7_75t_R)
  19.23 2217.19 ^ _156551_/Y (AO21x1_ASAP7_75t_R)
  80.77 2297.96 ^ _156552_/Y (OA211x2_ASAP7_75t_R)
  89.28 2387.25 v _156555_/Y (INVx1_ASAP7_75t_R)
  33.68 2420.92 ^ _156568_/Y (OAI21x1_ASAP7_75t_R)
  34.29 2455.21 v _156616_/Y (AOI221x1_ASAP7_75t_R)
  48.52 2503.73 v _156806_/Y (OA211x2_ASAP7_75t_R)
  13.78 2517.51 ^ _156807_/Y (NAND2x1_ASAP7_75t_R)
  71.16 2588.67 ^ _156882_/Y (AO32x1_ASAP7_75t_R)
  34.48 2623.15 ^ _156995_/Y (OR2x2_ASAP7_75t_R)
  39.01 2662.16 ^ _157002_/Y (AO32x1_ASAP7_75t_R)
  36.29 2698.44 ^ _157004_/Y (XNOR2x2_ASAP7_75t_R)
  14.38 2712.83 v _157005_/Y (NOR3x1_ASAP7_75t_R)
  32.62 2745.45 v _157006_/Y (AND5x2_ASAP7_75t_R)
  28.88 2774.33 v _157078_/Y (OR3x1_ASAP7_75t_R)
  57.37 2831.69 v _157141_/Y (OA33x2_ASAP7_75t_R)
  34.73 2866.43 v _157144_/Y (OR2x2_ASAP7_75t_R)
  24.44 2890.87 v _157145_/Y (AO21x1_ASAP7_75t_R)
  26.35 2917.22 v _157196_/Y (AO32x1_ASAP7_75t_R)
  26.77 2943.99 v _157198_/Y (AO22x1_ASAP7_75t_R)
  23.00 2966.99 v _157222_/Y (AO21x1_ASAP7_75t_R)
  30.83 2997.82 v _157223_/Y (OR3x1_ASAP7_75t_R)
  42.49 3040.31 v _157312_/Y (AO21x1_ASAP7_75t_R)
  58.19 3098.50 ^ _157343_/Y (NAND2x1_ASAP7_75t_R)
  43.82 3142.32 v _157440_/Y (AOI221x1_ASAP7_75t_R)
  30.91 3173.23 v _157456_/Y (OA222x2_ASAP7_75t_R)
  22.24 3195.47 v _157459_/Y (AND5x2_ASAP7_75t_R)
  20.86 3216.33 v _157472_/Y (OA31x2_ASAP7_75t_R)
  42.26 3258.59 v _157475_/Y (OR4x2_ASAP7_75t_R)
  63.75 3322.33 ^ _157478_/Y (NAND2x1_ASAP7_75t_R)
  19.94 3342.27 v _157479_/Y (NOR2x1_ASAP7_75t_R)
  25.21 3367.48 v _157485_/Y (OA21x2_ASAP7_75t_R)
  28.58 3396.06 v _157492_/Y (AO221x1_ASAP7_75t_R)
  26.03 3422.09 v _157649_/Y (OA21x2_ASAP7_75t_R)
  24.74 3446.82 v _157651_/Y (AO21x1_ASAP7_75t_R)
  41.75 3488.58 v _157652_/Y (AO22x1_ASAP7_75t_R)
  64.55 3553.13 ^ _157732_/Y (NAND2x1_ASAP7_75t_R)
  25.99 3579.12 ^ _157764_/Y (AO21x1_ASAP7_75t_R)
  24.20 3603.32 v _157767_/Y (AOI22x1_ASAP7_75t_R)
  37.31 3640.63 v _157790_/Y (OA21x2_ASAP7_75t_R)
  18.85 3659.48 ^ _157827_/Y (AOI211x1_ASAP7_75t_R)
  19.61 3679.09 v _157842_/Y (OAI21x1_ASAP7_75t_R)
  89.64 3768.73 v _157921_/Y (AO221x1_ASAP7_75t_R)
  48.27 3817.00 v _157922_/Y (AO221x1_ASAP7_75t_R)
  27.48 3844.48 v _157925_/Y (AO32x2_ASAP7_75t_R)
  22.59 3867.07 v _157949_/Y (OA211x2_ASAP7_75t_R)
  32.17 3899.24 v _157967_/Y (AO222x2_ASAP7_75t_R)
  38.29 3937.53 v _158020_/Y (AO221x1_ASAP7_75t_R)
  28.61 3966.14 v _158084_/Y (AO211x2_ASAP7_75t_R)
  41.43 4007.57 v _158094_/Y (AND2x2_ASAP7_75t_R)
  49.23 4056.80 v _158173_/Y (OR3x2_ASAP7_75t_R)
  22.73 4079.54 v _158271_/Y (AO221x1_ASAP7_75t_R)
  33.06 4112.59 v _158272_/Y (OR5x1_ASAP7_75t_R)
  46.33 4158.93 v _158273_/Y (OR5x1_ASAP7_75t_R)
  20.14 4179.06 ^ _158274_/Y (NAND2x2_ASAP7_75t_R)
  54.60 4233.66 v _158287_/Y (OAI21x1_ASAP7_75t_R)
  52.70 4286.36 v _158298_/Y (AND2x2_ASAP7_75t_R)
  35.64 4322.00 v _158304_/Y (OA211x2_ASAP7_75t_R)
  30.46 4352.46 v _158330_/Y (XNOR2x2_ASAP7_75t_R)
  29.58 4382.04 v _158388_/Y (OR5x1_ASAP7_75t_R)
  42.94 4424.98 v _158399_/Y (AO33x2_ASAP7_75t_R)
  26.16 4451.15 v _158436_/Y (AND2x2_ASAP7_75t_R)
  78.93 4530.07 v _158437_/Y (OR3x1_ASAP7_75t_R)
  70.98 4601.05 v _158474_/Y (AND2x2_ASAP7_75t_R)
  38.15 4639.21 ^ _158476_/Y (AOI22x1_ASAP7_75t_R)
  23.17 4662.38 ^ _158477_/Y (AND2x2_ASAP7_75t_R)
  16.00 4678.38 v _158496_/Y (AOI221x1_ASAP7_75t_R)
  33.09 4711.47 v _158497_/Y (MAJx2_ASAP7_75t_R)
  24.75 4736.22 v _158571_/Y (AO21x1_ASAP7_75t_R)
  46.55 4782.77 v _158629_/Y (AO221x2_ASAP7_75t_R)
  81.05 4863.83 ^ _158672_/Y (NAND2x1_ASAP7_75t_R)
  35.80 4899.63 ^ _158689_/Y (AND2x2_ASAP7_75t_R)
  22.57 4922.20 ^ _158690_/Y (OA21x2_ASAP7_75t_R)
  20.24 4942.44 ^ _158691_/Y (OR2x2_ASAP7_75t_R)
  22.82 4965.26 ^ _158702_/Y (AND3x1_ASAP7_75t_R)
  21.78 4987.04 ^ _158720_/Y (OA21x2_ASAP7_75t_R)
  24.53 5011.57 ^ _158743_/Y (OA31x2_ASAP7_75t_R)
  15.08 5026.64 ^ _158761_/Y (OR4x1_ASAP7_75t_R)
  48.03 5074.67 ^ _158764_/Y (AND5x2_ASAP7_75t_R)
  52.84 5127.52 ^ _159054_/Y (OA21x2_ASAP7_75t_R)
 118.43 5245.95 ^ _159120_/Y (OA21x2_ASAP7_75t_R)
  58.79 5304.73 ^ _159154_/Y (AO221x1_ASAP7_75t_R)
  92.01 5396.74 ^ _159901_/Y (AND2x2_ASAP7_75t_R)
 173.87 5570.61 v _159903_/Y (NOR2x1_ASAP7_75t_R)
 111.84 5682.45 ^ _163131_/Y (NAND2x2_ASAP7_75t_R)
  35.25 5717.70 ^ load_slew954/Y (BUFx16f_ASAP7_75t_R)
  36.94 5754.64 ^ load_slew952/Y (BUFx16f_ASAP7_75t_R)
 155.10 5909.75 ^ _164753_/Y (OR2x2_ASAP7_75t_R)
  46.21 5955.95 v _201153_/Y (NAND2x1_ASAP7_75t_R)
  20.44 5976.39 v _201154_/Y (AO21x1_ASAP7_75t_R)
  25.98 6002.38 v _201155_/Y (OA211x2_ASAP7_75t_R)
  16.16 6018.54 v _201156_/Y (AO21x1_ASAP7_75t_R)
  14.84 6033.38 v _201157_/Y (AND2x2_ASAP7_75t_R)
   0.05 6033.43 v _312537_/D (DFFHQNx1_ASAP7_75t_R)
        6033.43   data arrival time

12000.00 12000.00   clock core_clk (rise edge)
   0.00 12000.00   clock source latency
   0.00 12000.00 ^ clk (in)
  46.11 12046.11 ^ wire4945/Y (BUFx10_ASAP7_75t_R)
  47.38 12093.49 ^ clkbuf_0_clk/Y (BUFx24_ASAP7_75t_R)
  28.80 12122.29 ^ clkbuf_1_1_0_clk/Y (BUFx24_ASAP7_75t_R)
  28.42 12150.71 ^ clkbuf_2_3_0_clk/Y (BUFx24_ASAP7_75t_R)
  22.98 12173.68 ^ clkbuf_3_6_0_clk/Y (BUFx24_ASAP7_75t_R)
  29.23 12202.91 ^ clkbuf_4_12_0_clk/Y (BUFx24_ASAP7_75t_R)
  27.15 12230.06 ^ clkbuf_6_50_0_clk/Y (BUFx24_ASAP7_75t_R)
  20.26 12250.32 ^ clkbuf_7_101__f_clk/Y (BUFx24_ASAP7_75t_R)
  25.66 12275.98 ^ clkbuf_leaf_500_clk/Y (BUFx24_ASAP7_75t_R)
   2.09 12278.06 ^ _312537_/CLK (DFFHQNx1_ASAP7_75t_R)
 -50.00 12228.06   clock uncertainty
   2.19 12230.25   clock reconvergence pessimism
   0.38 12230.63   library setup time
        12230.63   data required time
---------------------------------------------------------
        12230.63   data required time
        -6033.43   data arrival time
---------------------------------------------------------
        6197.20   slack (MET)


Startpoint: _308209_ (rising edge-triggered flip-flop clocked by core_clk)
Endpoint: _312511_ (rising edge-triggered flip-flop clocked by core_clk)
Path Group: reg2reg
Path Type: max

  Delay    Time   Description
---------------------------------------------------------
   0.00    0.00   clock core_clk (rise edge)
   0.00    0.00   clock source latency
   0.00    0.00 ^ clk (in)
  46.81   46.81 ^ wire4945/Y (BUFx10_ASAP7_75t_R)
  48.87   95.68 ^ clkbuf_0_clk/Y (BUFx24_ASAP7_75t_R)
  30.20  125.87 ^ clkbuf_1_0_0_clk/Y (BUFx24_ASAP7_75t_R)
  29.09  154.96 ^ clkbuf_2_1_0_clk/Y (BUFx24_ASAP7_75t_R)
  26.47  181.44 ^ clkbuf_3_2_0_clk/Y (BUFx24_ASAP7_75t_R)
  30.84  212.28 ^ clkbuf_4_4_0_clk/Y (BUFx24_ASAP7_75t_R)
  24.84  237.12 ^ clkbuf_6_19_0_clk/Y (BUFx24_ASAP7_75t_R)
  21.77  258.88 ^ clkbuf_7_38__f_clk/Y (BUFx24_ASAP7_75t_R)
  27.65  286.53 ^ clkbuf_leaf_778_clk/Y (BUFx24_ASAP7_75t_R)
   2.33  288.86 ^ _308209_/CLK (DFFHQNx3_ASAP7_75t_R)
  56.18  345.04 ^ _308209_/QN (DFFHQNx3_ASAP7_75t_R)
  27.51  372.55 ^ wire4778/Y (BUFx16f_ASAP7_75t_R)
  66.95  439.50 ^ wire4776/Y (BUFx16f_ASAP7_75t_R)
  33.08  472.58 ^ wire4775/Y (BUFx16f_ASAP7_75t_R)
  73.63  546.21 ^ load_slew4774/Y (BUFx16f_ASAP7_75t_R)
  94.00  640.21 ^ _153629_/Y (AND2x2_ASAP7_75t_R)
 169.02  809.24 v _153630_/Y (NAND2x1_ASAP7_75t_R)
  64.17  873.41 v _153631_/Y (OA21x2_ASAP7_75t_R)
 108.13  981.54 v _153633_/Y (AND3x1_ASAP7_75t_R)
  89.17 1070.71 v _154870_/Y (AO222x2_ASAP7_75t_R)
  47.40 1118.11 v _154873_/Y (OR3x2_ASAP7_75t_R)
  54.24 1172.36 v _154878_/Y (OR5x1_ASAP7_75t_R)
  93.99 1266.34 v _154879_/Y (OR4x1_ASAP7_75t_R)
  74.48 1340.82 v _155829_/Y (OR4x1_ASAP7_75t_R)
  24.56 1365.38 v _155944_/Y (AO221x1_ASAP7_75t_R)
  50.94 1416.32 v _155949_/Y (OR5x1_ASAP7_75t_R)
  34.05 1450.37 v _156013_/Y (AND2x2_ASAP7_75t_R)
  49.97 1500.34 ^ _156016_/Y (NAND3x1_ASAP7_75t_R)
  39.70 1540.04 v _156112_/Y (AOI221x1_ASAP7_75t_R)
  26.08 1566.12 v _156115_/Y (OA21x2_ASAP7_75t_R)
  21.84 1587.97 v _156116_/Y (OR3x1_ASAP7_75t_R)
  38.63 1626.60 v _156123_/Y (AO33x2_ASAP7_75t_R)
  41.76 1668.35 ^ _156140_/Y (NAND2x1_ASAP7_75t_R)
 110.76 1779.11 ^ _156253_/Y (AO221x1_ASAP7_75t_R)
  69.58 1848.70 v _156308_/Y (NAND2x2_ASAP7_75t_R)
  49.02 1897.71 v _156311_/Y (AO21x2_ASAP7_75t_R)
  23.18 1920.89 v _156314_/Y (OA21x2_ASAP7_75t_R)
  27.71 1948.60 v _156388_/Y (AO221x1_ASAP7_75t_R)
  22.62 1971.22 v _156389_/Y (OA21x2_ASAP7_75t_R)
  24.14 1995.36 ^ _156393_/Y (AOI22x1_ASAP7_75t_R)
  53.99 2049.35 v _156410_/Y (NAND2x1_ASAP7_75t_R)
  71.47 2120.82 v _156421_/Y (AO33x2_ASAP7_75t_R)
  32.75 2153.58 ^ _156522_/Y (XNOR2x2_ASAP7_75t_R)
  25.19 2178.76 ^ _156526_/Y (AND4x1_ASAP7_75t_R)
  19.20 2197.96 ^ _156550_/Y (AO21x1_ASAP7_75t_R)
  19.23 2217.19 ^ _156551_/Y (AO21x1_ASAP7_75t_R)
  80.77 2297.96 ^ _156552_/Y (OA211x2_ASAP7_75t_R)
  89.28 2387.25 v _156555_/Y (INVx1_ASAP7_75t_R)
  33.68 2420.92 ^ _156568_/Y (OAI21x1_ASAP7_75t_R)
  34.29 2455.21 v _156616_/Y (AOI221x1_ASAP7_75t_R)
  48.52 2503.73 v _156806_/Y (OA211x2_ASAP7_75t_R)
  13.78 2517.51 ^ _156807_/Y (NAND2x1_ASAP7_75t_R)
  71.16 2588.67 ^ _156882_/Y (AO32x1_ASAP7_75t_R)
  34.48 2623.15 ^ _156995_/Y (OR2x2_ASAP7_75t_R)
  39.01 2662.16 ^ _157002_/Y (AO32x1_ASAP7_75t_R)
  36.29 2698.44 ^ _157004_/Y (XNOR2x2_ASAP7_75t_R)
  14.38 2712.83 v _157005_/Y (NOR3x1_ASAP7_75t_R)
  32.62 2745.45 v _157006_/Y (AND5x2_ASAP7_75t_R)
  28.88 2774.33 v _157078_/Y (OR3x1_ASAP7_75t_R)
  57.37 2831.69 v _157141_/Y (OA33x2_ASAP7_75t_R)
  34.73 2866.43 v _157144_/Y (OR2x2_ASAP7_75t_R)
  24.44 2890.87 v _157145_/Y (AO21x1_ASAP7_75t_R)
  26.35 2917.22 v _157196_/Y (AO32x1_ASAP7_75t_R)
  26.77 2943.99 v _157198_/Y (AO22x1_ASAP7_75t_R)
  23.00 2966.99 v _157222_/Y (AO21x1_ASAP7_75t_R)
  30.83 2997.82 v _157223_/Y (OR3x1_ASAP7_75t_R)
  42.49 3040.31 v _157312_/Y (AO21x1_ASAP7_75t_R)
  58.19 3098.50 ^ _157343_/Y (NAND2x1_ASAP7_75t_R)
  43.82 3142.32 v _157440_/Y (AOI221x1_ASAP7_75t_R)
  30.91 3173.23 v _157456_/Y (OA222x2_ASAP7_75t_R)
  22.24 3195.47 v _157459_/Y (AND5x2_ASAP7_75t_R)
  20.86 3216.33 v _157472_/Y (OA31x2_ASAP7_75t_R)
  42.26 3258.59 v _157475_/Y (OR4x2_ASAP7_75t_R)
  63.75 3322.33 ^ _157478_/Y (NAND2x1_ASAP7_75t_R)
  19.94 3342.27 v _157479_/Y (NOR2x1_ASAP7_75t_R)
  25.21 3367.48 v _157485_/Y (OA21x2_ASAP7_75t_R)
  28.58 3396.06 v _157492_/Y (AO221x1_ASAP7_75t_R)
  26.03 3422.09 v _157649_/Y (OA21x2_ASAP7_75t_R)
  24.74 3446.82 v _157651_/Y (AO21x1_ASAP7_75t_R)
  41.75 3488.58 v _157652_/Y (AO22x1_ASAP7_75t_R)
  64.55 3553.13 ^ _157732_/Y (NAND2x1_ASAP7_75t_R)
  25.99 3579.12 ^ _157764_/Y (AO21x1_ASAP7_75t_R)
  24.20 3603.32 v _157767_/Y (AOI22x1_ASAP7_75t_R)
  37.31 3640.63 v _157790_/Y (OA21x2_ASAP7_75t_R)
  18.85 3659.48 ^ _157827_/Y (AOI211x1_ASAP7_75t_R)
  19.61 3679.09 v _157842_/Y (OAI21x1_ASAP7_75t_R)
  89.64 3768.73 v _157921_/Y (AO221x1_ASAP7_75t_R)
  48.27 3817.00 v _157922_/Y (AO221x1_ASAP7_75t_R)
  27.48 3844.48 v _157925_/Y (AO32x2_ASAP7_75t_R)
  22.59 3867.07 v _157949_/Y (OA211x2_ASAP7_75t_R)
  32.17 3899.24 v _157967_/Y (AO222x2_ASAP7_75t_R)
  38.29 3937.53 v _158020_/Y (AO221x1_ASAP7_75t_R)
  28.61 3966.14 v _158084_/Y (AO211x2_ASAP7_75t_R)
  41.43 4007.57 v _158094_/Y (AND2x2_ASAP7_75t_R)
  49.23 4056.80 v _158173_/Y (OR3x2_ASAP7_75t_R)
  22.73 4079.54 v _158271_/Y (AO221x1_ASAP7_75t_R)
  33.06 4112.59 v _158272_/Y (OR5x1_ASAP7_75t_R)
  46.33 4158.93 v _158273_/Y (OR5x1_ASAP7_75t_R)
  20.14 4179.06 ^ _158274_/Y (NAND2x2_ASAP7_75t_R)
  54.60 4233.66 v _158287_/Y (OAI21x1_ASAP7_75t_R)
  52.70 4286.36 v _158298_/Y (AND2x2_ASAP7_75t_R)
  35.64 4322.00 v _158304_/Y (OA211x2_ASAP7_75t_R)
  30.46 4352.46 v _158330_/Y (XNOR2x2_ASAP7_75t_R)
  29.58 4382.04 v _158388_/Y (OR5x1_ASAP7_75t_R)
  42.94 4424.98 v _158399_/Y (AO33x2_ASAP7_75t_R)
  26.16 4451.15 v _158436_/Y (AND2x2_ASAP7_75t_R)
  78.93 4530.07 v _158437_/Y (OR3x1_ASAP7_75t_R)
  70.98 4601.05 v _158474_/Y (AND2x2_ASAP7_75t_R)
  38.15 4639.21 ^ _158476_/Y (AOI22x1_ASAP7_75t_R)
  23.17 4662.38 ^ _158477_/Y (AND2x2_ASAP7_75t_R)
  16.00 4678.38 v _158496_/Y (AOI221x1_ASAP7_75t_R)
  33.09 4711.47 v _158497_/Y (MAJx2_ASAP7_75t_R)
  24.75 4736.22 v _158571_/Y (AO21x1_ASAP7_75t_R)
  46.55 4782.77 v _158629_/Y (AO221x2_ASAP7_75t_R)
  81.05 4863.83 ^ _158672_/Y (NAND2x1_ASAP7_75t_R)
  35.80 4899.63 ^ _158689_/Y (AND2x2_ASAP7_75t_R)
  22.57 4922.20 ^ _158690_/Y (OA21x2_ASAP7_75t_R)
  20.24 4942.44 ^ _158691_/Y (OR2x2_ASAP7_75t_R)
  22.82 4965.26 ^ _158702_/Y (AND3x1_ASAP7_75t_R)
  21.78 4987.04 ^ _158720_/Y (OA21x2_ASAP7_75t_R)
  24.53 5011.57 ^ _158743_/Y (OA31x2_ASAP7_75t_R)
  15.08 5026.64 ^ _158761_/Y (OR4x1_ASAP7_75t_R)
  48.03 5074.67 ^ _158764_/Y (AND5x2_ASAP7_75t_R)
  52.84 5127.52 ^ _159054_/Y (OA21x2_ASAP7_75t_R)
 118.43 5245.95 ^ _159120_/Y (OA21x2_ASAP7_75t_R)
  58.79 5304.73 ^ _159154_/Y (AO221x1_ASAP7_75t_R)
  92.01 5396.74 ^ _159901_/Y (AND2x2_ASAP7_75t_R)
 173.87 5570.61 v _159903_/Y (NOR2x1_ASAP7_75t_R)
  96.92 5667.53 ^ _163182_/Y (NAND2x2_ASAP7_75t_R)
  31.92 5699.44 ^ load_slew951/Y (BUFx16f_ASAP7_75t_R)
  21.96 5721.41 ^ load_slew949/Y (BUFx16f_ASAP7_75t_R)
  32.45 5753.86 ^ wire948/Y (BUFx16f_ASAP7_75t_R)
 159.78 5913.64 ^ _164794_/Y (OR2x2_ASAP7_75t_R)
  39.39 5953.03 v _201409_/Y (NAND2x1_ASAP7_75t_R)
  20.50 5973.53 v _201410_/Y (AO21x1_ASAP7_75t_R)
  25.83 5999.36 v _201412_/Y (OA211x2_ASAP7_75t_R)
  16.19 6015.56 v _201413_/Y (AO21x1_ASAP7_75t_R)
  15.02 6030.57 v _201414_/Y (AND2x2_ASAP7_75t_R)
   0.09 6030.67 v _312511_/D (DFFHQNx1_ASAP7_75t_R)
        6030.67   data arrival time

12000.00 12000.00   clock core_clk (rise edge)
   0.00 12000.00   clock source latency
   0.00 12000.00 ^ clk (in)
  46.11 12046.11 ^ wire4945/Y (BUFx10_ASAP7_75t_R)
  47.38 12093.49 ^ clkbuf_0_clk/Y (BUFx24_ASAP7_75t_R)
  28.80 12122.29 ^ clkbuf_1_1_0_clk/Y (BUFx24_ASAP7_75t_R)
  28.42 12150.71 ^ clkbuf_2_3_0_clk/Y (BUFx24_ASAP7_75t_R)
  26.26 12176.97 ^ clkbuf_3_7_0_clk/Y (BUFx24_ASAP7_75t_R)
  29.86 12206.83 ^ clkbuf_4_14_0_clk/Y (BUFx24_ASAP7_75t_R)
  22.34 12229.17 ^ clkbuf_6_57_0_clk/Y (BUFx24_ASAP7_75t_R)
  19.81 12248.98 ^ clkbuf_7_115__f_clk/Y (BUFx24_ASAP7_75t_R)
  23.00 12271.98 ^ clkbuf_leaf_504_clk/Y (BUFx24_ASAP7_75t_R)
   3.01 12274.99 ^ _312511_/CLK (DFFHQNx1_ASAP7_75t_R)
 -50.00 12224.99   clock uncertainty
   2.19 12227.18   clock reconvergence pessimism
   0.86 12228.04   library setup time
        12228.04   data required time
---------------------------------------------------------
        12228.04   data required time
        -6030.67   data arrival time
---------------------------------------------------------
        6197.37   slack (MET)


