[WARNING STA-0502] report_checks -endpoint_count is deprecated. Use -endpoint_path_count instead.
Startpoint: dmem_rsp_valid (input port clocked by core_clk)
Endpoint: _359538_ (rising edge-triggered flip-flop clocked by core_clk)
Path Group: in2reg
Path Type: max

  Delay    Time   Description
---------------------------------------------------------
   0.00    0.00   clock core_clk (rise edge)
   0.00    0.00   clock network delay (propagated)
2400.00 2400.00 ^ input external delay
   0.00 2400.00 ^ dmem_rsp_valid (in)
  58.14 2458.14 ^ input66/Y (BUFx2_ASAP7_75t_R)
  43.34 2501.48 v _174481_/Y (INVx1_ASAP7_75t_R)
  72.18 2573.66 v _176543_/Y (OR3x2_ASAP7_75t_R)
  49.24 2622.90 v wire5074/Y (BUFx16f_ASAP7_75t_R)
  71.14 2694.04 v _176567_/Y (OA21x2_ASAP7_75t_R)
  68.79 2762.82 v _178030_/Y (AO21x1_ASAP7_75t_R)
 105.07 2867.89 ^ _178032_/Y (OAI21x1_ASAP7_75t_R)
  34.47 2902.36 ^ _178050_/Y (AO211x2_ASAP7_75t_R)
  68.12 2970.48 ^ _178517_/Y (OR5x1_ASAP7_75t_R)
  65.86 3036.34 ^ _178646_/Y (AND3x2_ASAP7_75t_R)
  30.95 3067.29 ^ load_slew3753/Y (BUFx16f_ASAP7_75t_R)
  54.71 3122.00 ^ _180460_/Y (AO21x1_ASAP7_75t_R)
  23.94 3145.93 v _180461_/Y (NOR2x2_ASAP7_75t_R)
  35.36 3181.30 v wire3385/Y (BUFx16f_ASAP7_75t_R)
 158.10 3339.39 ^ _180462_/Y (INVx1_ASAP7_75t_R)
  83.33 3422.72 ^ _180521_/Y (AND3x1_ASAP7_75t_R)
  47.37 3470.09 ^ _180581_/Y (AND4x2_ASAP7_75t_R)
  24.10 3494.20 ^ load_slew2949/Y (BUFx16f_ASAP7_75t_R)
  67.82 3562.02 v _183135_/Y (NOR3x2_ASAP7_75t_R)
  70.37 3632.39 v wire2919/Y (BUFx16f_ASAP7_75t_R)
  61.97 3694.36 v load_slew2918/Y (BUFx16f_ASAP7_75t_R)
  62.88 3757.24 ^ _183378_/Y (NAND2x2_ASAP7_75t_R)
  33.75 3790.99 ^ load_slew2800/Y (BUFx16f_ASAP7_75t_R)
  50.26 3841.25 ^ wire2798/Y (BUFx16f_ASAP7_75t_R)
  30.98 3872.24 ^ load_slew2797/Y (BUFx16f_ASAP7_75t_R)
  43.26 3915.49 ^ _183379_/Y (AND2x2_ASAP7_75t_R)
  21.13 3936.63 ^ _183382_/Y (AND2x2_ASAP7_75t_R)
  28.67 3965.30 ^ _183456_/Y (AND4x2_ASAP7_75t_R)
  17.49 3982.78 v _183482_/Y (AOI22x1_ASAP7_75t_R)
  24.36 4007.15 v _183488_/Y (OR3x1_ASAP7_75t_R)
  37.34 4044.49 v _183489_/Y (OA211x2_ASAP7_75t_R)
  42.01 4086.50 ^ _183537_/Y (AOI211x1_ASAP7_75t_R)
  46.20 4132.70 v _183715_/Y (NOR2x1_ASAP7_75t_R)
  39.67 4172.37 v _183717_/Y (AO21x2_ASAP7_75t_R)
  21.56 4193.94 v _183728_/Y (AND2x2_ASAP7_75t_R)
  27.86 4221.79 v _183732_/Y (OR4x1_ASAP7_75t_R)
  31.90 4253.69 v _183757_/Y (OR3x1_ASAP7_75t_R)
  29.16 4282.85 v _183758_/Y (OA33x2_ASAP7_75t_R)
  52.36 4335.21 v _183764_/Y (AO32x1_ASAP7_75t_R)
  60.26 4395.47 v _183836_/Y (AO21x2_ASAP7_75t_R)
  37.28 4432.76 ^ _183876_/Y (AOI21x1_ASAP7_75t_R)
  31.92 4464.68 ^ _183900_/Y (AO21x1_ASAP7_75t_R)
  27.28 4491.96 ^ _183915_/Y (AO211x2_ASAP7_75t_R)
  29.00 4520.96 ^ _183916_/Y (OA21x2_ASAP7_75t_R)
  29.38 4550.33 ^ _183925_/Y (AND3x4_ASAP7_75t_R)
  20.68 4571.02 ^ _183934_/Y (OA21x2_ASAP7_75t_R)
  22.23 4593.25 ^ _183960_/Y (OA31x2_ASAP7_75t_R)
  15.72 4608.97 ^ _183996_/Y (AO21x1_ASAP7_75t_R)
  49.23 4658.20 v _184002_/Y (AOI211x1_ASAP7_75t_R)
  53.28 4711.48 v _184140_/Y (OR4x1_ASAP7_75t_R)
  30.85 4742.33 ^ _184142_/Y (NAND3x1_ASAP7_75t_R)
  22.33 4764.66 v _184149_/Y (AOI211x1_ASAP7_75t_R)
  50.59 4815.25 v _184160_/Y (OR5x2_ASAP7_75t_R)
  38.62 4853.87 v _184164_/Y (AO221x2_ASAP7_75t_R)
  35.63 4889.50 v _184171_/Y (AO31x2_ASAP7_75t_R)
  43.49 4932.99 v _184191_/Y (OA211x2_ASAP7_75t_R)
  27.16 4960.15 v _184192_/Y (XNOR2x2_ASAP7_75t_R)
  20.29 4980.45 v _184193_/Y (AO21x1_ASAP7_75t_R)
  34.71 5015.15 v _184201_/Y (OA221x2_ASAP7_75t_R)
  32.15 5047.30 v _184333_/Y (OA211x2_ASAP7_75t_R)
  26.61 5073.91 v _184335_/Y (AO221x1_ASAP7_75t_R)
  94.85 5168.76 v _184336_/Y (AO32x1_ASAP7_75t_R)
  60.29 5229.05 ^ _184384_/Y (NAND3x1_ASAP7_75t_R)
  32.98 5262.02 ^ _184385_/Y (AO21x1_ASAP7_75t_R)
  15.95 5277.97 v _184386_/Y (OAI21x1_ASAP7_75t_R)
  53.70 5331.67 ^ _184503_/Y (AOI211x1_ASAP7_75t_R)
  73.55 5405.22 ^ _184540_/Y (OA31x2_ASAP7_75t_R)
  37.48 5442.70 v _184634_/Y (NAND2x1_ASAP7_75t_R)
  30.63 5473.33 v _184649_/Y (AO32x1_ASAP7_75t_R)
  27.84 5501.17 v _184650_/Y (MAJx2_ASAP7_75t_R)
  28.60 5529.77 v _184655_/Y (OA21x2_ASAP7_75t_R)
  26.92 5556.69 ^ _184664_/Y (OAI21x1_ASAP7_75t_R)
  38.56 5595.24 ^ _184734_/Y (AO211x2_ASAP7_75t_R)
  49.30 5644.54 ^ _184767_/Y (OA21x2_ASAP7_75t_R)
  27.45 5671.99 ^ _184773_/Y (AND2x2_ASAP7_75t_R)
  30.90 5702.89 v _184774_/Y (XNOR2x2_ASAP7_75t_R)
  24.89 5727.78 v _184781_/Y (MAJx2_ASAP7_75t_R)
  24.25 5752.03 v _184782_/Y (MAJx2_ASAP7_75t_R)
  43.92 5795.95 v _184903_/Y (AO32x1_ASAP7_75t_R)
  30.02 5825.97 v _184969_/Y (OA21x2_ASAP7_75t_R)
  38.79 5864.76 ^ _184972_/Y (XOR2x2_ASAP7_75t_R)
  29.88 5894.64 v _185019_/Y (XNOR2x2_ASAP7_75t_R)
  31.70 5926.34 v _185020_/Y (OR4x1_ASAP7_75t_R)
  26.65 5952.99 v _185027_/Y (AO221x1_ASAP7_75t_R)
  34.19 5987.18 v _185028_/Y (OA31x2_ASAP7_75t_R)
  30.90 6018.08 v _185034_/Y (OA211x2_ASAP7_75t_R)
  38.56 6056.64 v _185039_/Y (AO211x2_ASAP7_75t_R)
  50.66 6107.30 ^ _185041_/Y (NAND2x2_ASAP7_75t_R)
  40.15 6147.45 v _185048_/Y (AOI21x1_ASAP7_75t_R)
  30.72 6178.17 v _185204_/Y (OA21x2_ASAP7_75t_R)
  34.92 6213.09 v _185206_/Y (OR4x1_ASAP7_75t_R)
  22.34 6235.42 v _185222_/Y (AO211x2_ASAP7_75t_R)
  35.45 6270.88 v _185223_/Y (AO21x2_ASAP7_75t_R)
  39.19 6310.06 v _185228_/Y (AND2x4_ASAP7_75t_R)
  40.12 6350.19 v _185330_/Y (AND2x4_ASAP7_75t_R)
  28.29 6378.47 v _185363_/Y (XNOR2x2_ASAP7_75t_R)
  28.67 6407.14 v _185364_/Y (MAJx2_ASAP7_75t_R)
  31.29 6438.44 v _185365_/Y (AO221x1_ASAP7_75t_R)
  42.44 6480.88 v _185401_/Y (OA211x2_ASAP7_75t_R)
  53.38 6534.26 v _185455_/Y (OA21x2_ASAP7_75t_R)
  34.50 6568.76 v _185527_/Y (OA21x2_ASAP7_75t_R)
  30.16 6598.93 ^ _185528_/Y (XNOR2x2_ASAP7_75t_R)
  29.14 6628.07 ^ _185529_/Y (XNOR2x2_ASAP7_75t_R)
  32.82 6660.88 ^ _185530_/Y (AND4x1_ASAP7_75t_R)
  82.78 6743.66 v _185566_/Y (AOI221x1_ASAP7_75t_R)
 131.42 6875.08 ^ _185758_/Y (NAND2x1_ASAP7_75t_R)
  50.90 6925.98 ^ _185847_/Y (AND3x2_ASAP7_75t_R)
  16.33 6942.32 v _185849_/Y (NOR3x1_ASAP7_75t_R)
  27.75 6970.07 v _185855_/Y (OA221x2_ASAP7_75t_R)
  17.80 6987.87 v _185856_/Y (AND4x1_ASAP7_75t_R)
  34.97 7022.85 v _185861_/Y (OA211x2_ASAP7_75t_R)
  49.51 7072.35 v _185906_/Y (OA21x2_ASAP7_75t_R)
  43.90 7116.25 v _185999_/Y (AND2x4_ASAP7_75t_R)
  32.25 7148.51 ^ _186000_/Y (XOR2x2_ASAP7_75t_R)
  28.78 7177.28 ^ _186002_/Y (AO32x1_ASAP7_75t_R)
  23.86 7201.14 ^ _186009_/Y (AND3x1_ASAP7_75t_R)
  11.56 7212.70 v _186020_/Y (NOR2x1_ASAP7_75t_R)
  25.19 7237.89 v _186021_/Y (MAJx2_ASAP7_75t_R)
  42.05 7279.95 v _186124_/Y (AO21x1_ASAP7_75t_R)
  81.08 7361.02 ^ _186126_/Y (NAND2x1_ASAP7_75t_R)
  46.77 7407.79 ^ _186262_/Y (OA21x2_ASAP7_75t_R)
  17.10 7424.89 v _186286_/Y (NOR2x1_ASAP7_75t_R)
  27.82 7452.71 v _186292_/Y (AO22x1_ASAP7_75t_R)
  22.82 7475.53 v _186294_/Y (OA211x2_ASAP7_75t_R)
  39.83 7515.36 v _186295_/Y (AO221x1_ASAP7_75t_R)
  28.51 7543.87 v _186297_/Y (AND2x2_ASAP7_75t_R)
  39.99 7583.86 ^ _186343_/Y (OAI21x1_ASAP7_75t_R)
  57.95 7641.81 v _186506_/Y (NAND2x1_ASAP7_75t_R)
  36.00 7677.81 v _186565_/Y (AND2x4_ASAP7_75t_R)
  37.71 7715.53 ^ _186566_/Y (XNOR2x2_ASAP7_75t_R)
  27.39 7742.92 v _186594_/Y (NOR2x1_ASAP7_75t_R)
  24.17 7767.09 v _186596_/Y (OA21x2_ASAP7_75t_R)
  36.10 7803.19 v _186612_/Y (OA33x2_ASAP7_75t_R)
  52.86 7856.06 v _186613_/Y (OA211x2_ASAP7_75t_R)
  98.85 7954.91 ^ _186634_/Y (NOR2x1_ASAP7_75t_R)
  45.92 8000.83 v _186716_/Y (AOI211x1_ASAP7_75t_R)
  42.38 8043.22 v _186717_/Y (OR5x1_ASAP7_75t_R)
  24.96 8068.17 v _186731_/Y (AO22x2_ASAP7_75t_R)
  36.12 8104.29 v _186732_/Y (AO33x2_ASAP7_75t_R)
  27.82 8132.10 v _186750_/Y (AO221x1_ASAP7_75t_R)
  19.56 8151.66 v _186751_/Y (AND2x2_ASAP7_75t_R)
  25.70 8177.36 v _186934_/Y (OA21x2_ASAP7_75t_R)
  80.82 8258.18 ^ _186965_/Y (NAND2x1_ASAP7_75t_R)
  49.46 8307.64 v _187178_/Y (AOI21x1_ASAP7_75t_R)
  38.07 8345.71 v _187245_/Y (OR3x2_ASAP7_75t_R)
  23.98 8369.69 v _187252_/Y (AO211x2_ASAP7_75t_R)
  49.13 8418.83 v _187260_/Y (OA33x2_ASAP7_75t_R)
  37.75 8456.58 ^ _187271_/Y (OAI21x1_ASAP7_75t_R)
  69.36 8525.94 v _187481_/Y (AOI211x1_ASAP7_75t_R)
  40.26 8566.20 v _187606_/Y (OR3x1_ASAP7_75t_R)
  32.51 8598.71 ^ _187607_/Y (XOR2x2_ASAP7_75t_R)
  28.40 8627.11 v _187608_/Y (XNOR2x2_ASAP7_75t_R)
  31.94 8659.05 v _187609_/Y (OR4x1_ASAP7_75t_R)
  20.60 8679.65 ^ _187656_/Y (OAI21x1_ASAP7_75t_R)
  21.29 8700.94 ^ _187687_/Y (AO21x2_ASAP7_75t_R)
  27.43 8728.37 ^ _187688_/Y (AO21x2_ASAP7_75t_R)
  34.01 8762.39 ^ _187709_/Y (AO31x2_ASAP7_75t_R)
  63.71 8826.09 ^ _187710_/Y (OR2x2_ASAP7_75t_R)
  42.07 8868.17 ^ _187783_/Y (AND2x4_ASAP7_75t_R)
  31.23 8899.39 ^ _187784_/Y (XNOR2x2_ASAP7_75t_R)
  31.88 8931.27 v _187839_/Y (XNOR2x2_ASAP7_75t_R)
  40.43 8971.71 v _187840_/Y (OR5x1_ASAP7_75t_R)
  22.42 8994.13 ^ _187843_/Y (NOR3x1_ASAP7_75t_R)
   8.69 9002.82 v _187860_/Y (NAND2x1_ASAP7_75t_R)
  33.65 9036.47 v _187881_/Y (OA211x2_ASAP7_75t_R)
  61.43 9097.90 ^ _188026_/Y (OAI21x1_ASAP7_75t_R)
  42.37 9140.27 ^ load_slew992/Y (BUFx12_ASAP7_75t_R)
  22.19 9162.46 ^ load_slew991/Y (BUFx12f_ASAP7_75t_R)
  24.24 9186.70 ^ _188189_/Y (AND2x2_ASAP7_75t_R)
  34.16 9220.86 ^ _188190_/Y (XNOR2x2_ASAP7_75t_R)
  32.71 9253.57 v _188325_/Y (XNOR2x2_ASAP7_75t_R)
   7.07 9260.65 ^ _188326_/Y (INVx1_ASAP7_75t_R)
  38.91 9299.56 ^ _188329_/Y (AND4x1_ASAP7_75t_R)
  25.76 9325.32 ^ _188330_/Y (AND3x1_ASAP7_75t_R)
 122.36 9447.67 v _188410_/Y (AOI221x1_ASAP7_75t_R)
  93.43 9541.10 ^ _188490_/Y (OAI21x1_ASAP7_75t_R)
  43.55 9584.65 ^ _188491_/Y (XNOR2x2_ASAP7_75t_R)
  12.94 9597.59 v _188546_/Y (NOR2x1_ASAP7_75t_R)
  24.54 9622.13 v _188564_/Y (AND3x1_ASAP7_75t_R)
  35.43 9657.56 v _188784_/Y (OA211x2_ASAP7_75t_R)
  27.45 9685.01 v _188785_/Y (OR3x1_ASAP7_75t_R)
  43.79 9728.80 ^ _188842_/Y (NAND3x1_ASAP7_75t_R)
  72.65 9801.45 ^ _188843_/Y (AND2x2_ASAP7_75t_R)
  49.12 9850.57 v _188881_/Y (AOI211x1_ASAP7_75t_R)
  31.29 9881.86 v _188882_/Y (AO21x1_ASAP7_75t_R)
  31.87 9913.73 v _189225_/Y (OR3x1_ASAP7_75t_R)
  41.44 9955.17 v _189247_/Y (OR5x1_ASAP7_75t_R)
  33.47 9988.64 v _189250_/Y (OA31x2_ASAP7_75t_R)
  98.44 10087.08 v _189251_/Y (AND5x2_ASAP7_75t_R)
 108.19 10195.27 ^ _189252_/Y (INVx4_ASAP7_75t_R)
  38.05 10233.32 ^ _189633_/Y (AND2x2_ASAP7_75t_R)
  37.63 10270.95 v _189634_/Y (XNOR2x2_ASAP7_75t_R)
  29.96 10300.91 ^ _189635_/Y (XNOR2x2_ASAP7_75t_R)
  60.51 10361.42 ^ _189646_/Y (AND4x1_ASAP7_75t_R)
  56.44 10417.86 ^ _189677_/Y (AND3x1_ASAP7_75t_R)
  64.27 10482.13 v _189736_/Y (NOR3x1_ASAP7_75t_R)
 133.57 10615.70 ^ _189761_/Y (NAND2x1_ASAP7_75t_R)
  93.04 10708.74 v _190097_/Y (AOI21x1_ASAP7_75t_R)
  31.91 10740.65 ^ _190098_/Y (XNOR2x2_ASAP7_75t_R)
  28.10 10768.75 ^ _190110_/Y (AND4x2_ASAP7_75t_R)
  30.05 10798.80 ^ _190111_/Y (AND3x1_ASAP7_75t_R)
  62.04 10860.84 v _190167_/Y (AOI221x1_ASAP7_75t_R)
  91.42 10952.26 ^ _190216_/Y (NAND2x2_ASAP7_75t_R)
  34.49 10986.75 ^ _190302_/Y (AND2x2_ASAP7_75t_R)
  35.99 11022.74 v _190303_/Y (XNOR2x2_ASAP7_75t_R)
  27.59 11050.33 ^ _190381_/Y (XNOR2x2_ASAP7_75t_R)
  28.02 11078.34 ^ _190407_/Y (AND5x1_ASAP7_75t_R)
  36.19 11114.54 ^ _190416_/Y (AND5x1_ASAP7_75t_R)
  19.46 11134.00 ^ _190417_/Y (AO21x2_ASAP7_75t_R)
  88.49 11222.49 v _190456_/Y (AOI211x1_ASAP7_75t_R)
 178.90 11401.38 ^ _190580_/Y (NAND2x1_ASAP7_75t_R)
  96.41 11497.80 v _190856_/Y (AOI211x1_ASAP7_75t_R)
  36.60 11534.40 v _190857_/Y (MAJx2_ASAP7_75t_R)
  27.84 11562.24 v _190860_/Y (OA222x2_ASAP7_75t_R)
  21.99 11584.23 v _190861_/Y (AND3x2_ASAP7_75t_R)
  13.62 11597.85 ^ _190862_/Y (NOR3x1_ASAP7_75t_R)
  16.05 11613.90 v _190999_/Y (OAI21x1_ASAP7_75t_R)
 109.91 11723.81 v _191002_/Y (OR3x1_ASAP7_75t_R)
  69.29 11793.10 v _191165_/Y (AO21x2_ASAP7_75t_R)
  25.66 11818.76 v _191166_/Y (XNOR2x2_ASAP7_75t_R)
  38.31 11857.07 v _191201_/Y (OR5x2_ASAP7_75t_R)
  14.43 11871.50 ^ _191250_/Y (AOI21x1_ASAP7_75t_R)
  26.19 11897.69 ^ _191276_/Y (OA21x2_ASAP7_75t_R)
  23.66 11921.35 ^ _191277_/Y (AO21x2_ASAP7_75t_R)
  41.46 11962.81 ^ _191284_/Y (AO21x1_ASAP7_75t_R)
  55.99 12018.80 ^ _191372_/Y (AO21x2_ASAP7_75t_R)
  33.53 12052.33 ^ load_slew976/Y (BUFx16f_ASAP7_75t_R)
  43.42 12095.75 ^ _191547_/Y (AND2x2_ASAP7_75t_R)
  33.49 12129.24 v _191548_/Y (XNOR2x2_ASAP7_75t_R)
  25.03 12154.27 ^ _191677_/Y (AOI22x1_ASAP7_75t_R)
  37.84 12192.10 ^ _191715_/Y (AND5x1_ASAP7_75t_R)
  39.99 12232.09 ^ _191716_/Y (AND5x2_ASAP7_75t_R)
  31.92 12264.01 ^ _191726_/Y (AO211x2_ASAP7_75t_R)
 120.69 12384.70 ^ _191815_/Y (OR3x1_ASAP7_75t_R)
  67.61 12452.30 ^ _191922_/Y (AND3x2_ASAP7_75t_R)
  31.81 12484.11 ^ _191923_/Y (XNOR2x2_ASAP7_75t_R)
  28.69 12512.80 v _191924_/Y (XNOR2x2_ASAP7_75t_R)
  11.01 12523.81 ^ _191925_/Y (NAND2x1_ASAP7_75t_R)
  22.86 12546.67 ^ _192112_/Y (AO21x1_ASAP7_75t_R)
  20.81 12567.48 v _192137_/Y (NOR2x1_ASAP7_75t_R)
  60.12 12627.59 v _192194_/Y (AO21x1_ASAP7_75t_R)
 133.37 12760.97 v _192219_/Y (OR3x1_ASAP7_75t_R)
  70.07 12831.04 ^ _192452_/Y (NAND3x1_ASAP7_75t_R)
  21.86 12852.90 ^ _192454_/Y (AO21x1_ASAP7_75t_R)
  42.98 12895.88 ^ _192485_/Y (AND5x1_ASAP7_75t_R)
  28.28 12924.16 ^ _192572_/Y (AO21x2_ASAP7_75t_R)
  81.65 13005.81 v _192604_/Y (AOI221x1_ASAP7_75t_R)
  57.71 13063.52 ^ _192740_/Y (OAI21x1_ASAP7_75t_R)
  26.83 13090.35 ^ wire972/Y (BUFx12f_ASAP7_75t_R)
  24.28 13114.64 ^ load_slew971/Y (BUFx6f_ASAP7_75t_R)
  30.99 13145.62 ^ _193048_/Y (AND3x1_ASAP7_75t_R)
  20.43 13166.05 v _193050_/Y (NOR3x1_ASAP7_75t_R)
  35.64 13201.69 v _193076_/Y (OA211x2_ASAP7_75t_R)
  32.08 13233.77 v _193170_/Y (OA211x2_ASAP7_75t_R)
  27.15 13260.91 v _193171_/Y (AND5x2_ASAP7_75t_R)
  34.00 13294.92 v _193179_/Y (OR3x2_ASAP7_75t_R)
  50.64 13345.56 v _193180_/Y (AO21x2_ASAP7_75t_R)
  35.25 13380.81 v load_slew970/Y (BUFx16f_ASAP7_75t_R)
  35.77 13416.58 v _193418_/Y (AO21x1_ASAP7_75t_R)
  28.15 13444.73 v _193421_/Y (OA211x2_ASAP7_75t_R)
  19.35 13464.07 v _193422_/Y (AO21x2_ASAP7_75t_R)
  25.23 13489.30 v _193439_/Y (AO21x2_ASAP7_75t_R)
  31.85 13521.15 v _193440_/Y (AO32x1_ASAP7_75t_R)
  25.95 13547.10 ^ _193494_/Y (OAI21x1_ASAP7_75t_R)
  44.62 13591.73 v _193623_/Y (AOI21x1_ASAP7_75t_R)
 107.46 13699.19 v _193690_/Y (OR3x1_ASAP7_75t_R)
  54.87 13754.05 v _193706_/Y (AND2x2_ASAP7_75t_R)
  39.57 13793.62 ^ _193707_/Y (XNOR2x2_ASAP7_75t_R)
  33.94 13827.56 v _193708_/Y (XNOR2x2_ASAP7_75t_R)
  29.47 13857.03 v _193726_/Y (OR4x1_ASAP7_75t_R)
  57.84 13914.87 v _194025_/Y (OR4x1_ASAP7_75t_R)
  70.96 13985.83 ^ _194133_/Y (NAND2x1_ASAP7_75t_R)
  60.92 14046.75 ^ _194134_/Y (AO21x1_ASAP7_75t_R)
  35.68 14082.43 ^ load_slew969/Y (BUFx10_ASAP7_75t_R)
  32.25 14114.68 ^ _194325_/Y (AND3x1_ASAP7_75t_R)
  25.26 14139.93 ^ _194410_/Y (OR3x1_ASAP7_75t_R)
  42.26 14182.20 ^ _194423_/Y (AND5x1_ASAP7_75t_R)
  39.51 14221.70 ^ _194447_/Y (AND5x1_ASAP7_75t_R)
  31.20 14252.91 ^ _194459_/Y (AND3x2_ASAP7_75t_R)
  24.39 14277.29 ^ _194529_/Y (AO31x2_ASAP7_75t_R)
  68.37 14345.67 ^ _194584_/Y (OR4x1_ASAP7_75t_R)
 117.44 14463.11 v _194680_/Y (NOR2x1_ASAP7_75t_R)
  37.89 14501.00 ^ _194683_/Y (NAND2x1_ASAP7_75t_R)
  30.09 14531.09 ^ _194696_/Y (OA211x2_ASAP7_75t_R)
  22.66 14553.75 ^ _194730_/Y (AO211x2_ASAP7_75t_R)
  48.32 14602.07 ^ _194736_/Y (AO32x1_ASAP7_75t_R)
  28.16 14630.22 v _194830_/Y (AOI21x1_ASAP7_75t_R)
  44.44 14674.67 ^ _195063_/Y (OAI21x1_ASAP7_75t_R)
  73.08 14747.74 ^ _195066_/Y (OA21x2_ASAP7_75t_R)
  49.03 14796.78 ^ _195071_/Y (AND3x2_ASAP7_75t_R)
  38.16 14834.94 ^ _195232_/Y (XOR2x2_ASAP7_75t_R)
  30.92 14865.86 ^ _195234_/Y (AO221x1_ASAP7_75t_R)
  20.59 14886.44 ^ _195238_/Y (AO21x1_ASAP7_75t_R)
  31.48 14917.93 ^ _195240_/Y (AO22x1_ASAP7_75t_R)
  27.92 14945.85 ^ _195241_/Y (AO21x2_ASAP7_75t_R)
  59.27 15005.12 v _195484_/Y (NAND2x1_ASAP7_75t_R)
 138.09 15143.21 ^ _195485_/Y (NAND2x1_ASAP7_75t_R)
  80.28 15223.49 ^ _195782_/Y (AND3x1_ASAP7_75t_R)
  23.47 15246.96 v _195789_/Y (NOR2x2_ASAP7_75t_R)
  30.91 15277.86 v _195790_/Y (MAJx2_ASAP7_75t_R)
  24.67 15302.53 v _195795_/Y (AO211x2_ASAP7_75t_R)
  33.01 15335.55 v _195849_/Y (AO21x1_ASAP7_75t_R)
  70.73 15406.28 v _195877_/Y (AO21x1_ASAP7_75t_R)
  92.31 15498.58 ^ _196018_/Y (NAND2x2_ASAP7_75t_R)
  94.81 15593.40 ^ _196284_/Y (OA211x2_ASAP7_75t_R)
   9.14 15602.53 v _196292_/Y (AOI21x1_ASAP7_75t_R)
  30.94 15633.47 v _196293_/Y (AO221x1_ASAP7_75t_R)
  25.35 15658.81 v _196315_/Y (AO21x2_ASAP7_75t_R)
  64.61 15723.42 v _196337_/Y (AO22x1_ASAP7_75t_R)
  84.73 15808.16 v _196340_/Y (AO221x1_ASAP7_75t_R)
  98.60 15906.76 v _196435_/Y (AO21x2_ASAP7_75t_R)
  79.34 15986.10 ^ _196643_/Y (NAND2x1_ASAP7_75t_R)
  31.69 16017.79 v _196645_/Y (XNOR2x2_ASAP7_75t_R)
  23.86 16041.65 ^ _196646_/Y (AOI211x1_ASAP7_75t_R)
  39.77 16081.43 ^ _196771_/Y (AND5x1_ASAP7_75t_R)
  22.56 16103.99 ^ _196794_/Y (AO222x2_ASAP7_75t_R)
  17.65 16121.64 ^ _196795_/Y (AO21x2_ASAP7_75t_R)
  93.21 16214.85 v _197142_/Y (AOI211x1_ASAP7_75t_R)
  74.25 16289.10 v _197223_/Y (AND2x2_ASAP7_75t_R)
  29.22 16318.32 v _197224_/Y (AO32x1_ASAP7_75t_R)
  24.37 16342.69 ^ _197225_/Y (XNOR2x2_ASAP7_75t_R)
  33.14 16375.83 ^ _197236_/Y (AND5x1_ASAP7_75t_R)
  12.14 16387.97 v _197237_/Y (NAND2x1_ASAP7_75t_R)
  38.60 16426.58 v _197238_/Y (OR5x1_ASAP7_75t_R)
  22.31 16448.89 v _197239_/Y (AO211x2_ASAP7_75t_R)
  21.85 16470.73 ^ _197240_/Y (AOI211x1_ASAP7_75t_R)
  50.35 16521.09 ^ _197247_/Y (AO211x2_ASAP7_75t_R)
  66.61 16587.70 ^ _197336_/Y (OR2x2_ASAP7_75t_R)
  35.18 16622.88 ^ _197505_/Y (AND2x2_ASAP7_75t_R)
  38.73 16661.61 v _197506_/Y (XNOR2x2_ASAP7_75t_R)
  27.06 16688.67 ^ _197507_/Y (XNOR2x2_ASAP7_75t_R)
  34.97 16723.64 ^ _197508_/Y (AND5x1_ASAP7_75t_R)
  35.58 16759.22 ^ _197711_/Y (AND5x1_ASAP7_75t_R)
  22.22 16781.44 ^ _197720_/Y (OR4x1_ASAP7_75t_R)
  29.33 16810.77 ^ _197721_/Y (AO211x2_ASAP7_75t_R)
  63.37 16874.14 ^ _197722_/Y (AO21x1_ASAP7_75t_R)
  28.43 16902.56 ^ load_slew696/Y (BUFx12f_ASAP7_75t_R)
  30.24 16932.80 v _198025_/Y (AOI22x1_ASAP7_75t_R)
  46.70 16979.50 v _198037_/Y (AO32x2_ASAP7_75t_R)
  31.19 17010.69 v _198043_/Y (AO32x1_ASAP7_75t_R)
  30.51 17041.20 v _198051_/Y (AO32x1_ASAP7_75t_R)
  33.26 17074.46 v _198070_/Y (AO33x2_ASAP7_75t_R)
  23.34 17097.80 v _198073_/Y (OA211x2_ASAP7_75t_R)
  20.91 17118.72 v _198074_/Y (OA21x2_ASAP7_75t_R)
  23.53 17142.25 v _198075_/Y (AO21x1_ASAP7_75t_R)
  24.22 17166.47 v _198076_/Y (AO21x1_ASAP7_75t_R)
  22.16 17188.63 v _198100_/Y (AO21x1_ASAP7_75t_R)
  28.92 17217.55 ^ _198101_/Y (AOI21x1_ASAP7_75t_R)
  84.32 17301.88 v _198137_/Y (NOR3x1_ASAP7_75t_R)
  55.71 17357.59 v _198412_/Y (OR4x1_ASAP7_75t_R)
  27.32 17384.91 v _198413_/Y (OA211x2_ASAP7_75t_R)
  17.79 17402.70 ^ _198423_/Y (OAI22x1_ASAP7_75t_R)
  28.30 17431.01 ^ _198425_/Y (AND4x1_ASAP7_75t_R)
  53.06 17484.06 ^ _198426_/Y (AND5x1_ASAP7_75t_R)
  17.39 17501.45 v _198460_/Y (NAND2x2_ASAP7_75t_R)
  37.94 17539.40 v _198461_/Y (AO21x2_ASAP7_75t_R)
  67.44 17606.84 v _198463_/Y (AND2x4_ASAP7_75t_R)
 156.02 17762.85 ^ _198787_/Y (NAND2x1_ASAP7_75t_R)
  66.95 17829.80 v _198788_/Y (XNOR2x2_ASAP7_75t_R)
  20.69 17850.49 v _198789_/Y (AO21x1_ASAP7_75t_R)
  41.50 17891.99 ^ _198790_/Y (XNOR2x2_ASAP7_75t_R)
  95.04 17987.03 v _198791_/Y (NAND2x1_ASAP7_75t_R)
  80.02 18067.05 ^ _198887_/Y (AOI21x1_ASAP7_75t_R)
  34.28 18101.32 ^ _198888_/Y (AO32x1_ASAP7_75t_R)
  23.47 18124.80 v _198893_/Y (AOI221x1_ASAP7_75t_R)
  24.40 18149.19 v _198904_/Y (AND2x2_ASAP7_75t_R)
  16.57 18165.77 v _198913_/Y (OA21x2_ASAP7_75t_R)
  57.90 18223.67 v _198916_/Y (OA33x2_ASAP7_75t_R)
  90.19 18313.85 ^ _198955_/Y (OAI21x1_ASAP7_75t_R)
 101.84 18415.69 ^ _200274_/Y (AO21x1_ASAP7_75t_R)
  61.83 18477.52 ^ _200275_/Y (AND2x2_ASAP7_75t_R)
  35.42 18512.93 ^ _200396_/Y (AND5x1_ASAP7_75t_R)
  16.32 18529.26 v _200397_/Y (OAI22x1_ASAP7_75t_R)
  28.25 18557.50 ^ _200399_/Y (NAND2x1_ASAP7_75t_R)
  25.91 18583.41 ^ _201181_/Y (OA211x2_ASAP7_75t_R)
  37.03 18620.44 ^ _201216_/Y (AND5x1_ASAP7_75t_R)
  69.34 18689.78 ^ _201383_/Y (AND3x1_ASAP7_75t_R)
  58.51 18748.29 ^ _201670_/Y (AND4x2_ASAP7_75t_R)
  28.20 18776.48 v _201671_/Y (XNOR2x2_ASAP7_75t_R)
  16.56 18793.04 v _201676_/Y (AO21x1_ASAP7_75t_R)
  19.63 18812.67 v _201692_/Y (AO21x1_ASAP7_75t_R)
  40.73 18853.40 ^ _226388_/Y (AOI21x1_ASAP7_75t_R)
  31.49 18884.89 ^ wire666/Y (BUFx12f_ASAP7_75t_R)
  57.35 18942.24 ^ _230390_/Y (OA211x2_ASAP7_75t_R)
  69.74 19011.98 v _230392_/Y (OAI21x1_ASAP7_75t_R)
  67.73 19079.70 v load_slew592/Y (BUFx10_ASAP7_75t_R)
  31.57 19111.27 v load_slew591/Y (BUFx10_ASAP7_75t_R)
  23.98 19135.25 v load_slew590/Y (BUFx12f_ASAP7_75t_R)
 143.68 19278.93 v _268427_/Y (AO22x1_ASAP7_75t_R)
  40.95 19319.88 ^ _273569_/Y (AOI211x1_ASAP7_75t_R)
   0.13 19320.01 ^ _359538_/D (DFFHQNx1_ASAP7_75t_R)
        19320.01   data arrival time

12000.00 12000.00   clock core_clk (rise edge)
   0.00 12000.00   clock source latency
   0.00 12000.00 ^ clk (in)
  50.48 12050.48 ^ wire5623/Y (BUFx12_ASAP7_75t_R)
  51.19 12101.67 ^ clkbuf_0_clk/Y (BUFx24_ASAP7_75t_R)
  27.49 12129.16 ^ clkbuf_1_1_0_clk/Y (BUFx24_ASAP7_75t_R)
  20.44 12149.59 ^ clkbuf_2_3_0_clk/Y (BUFx24_ASAP7_75t_R)
  29.36 12178.95 ^ clkbuf_3_6_0_clk/Y (BUFx24_ASAP7_75t_R)
  25.68 12204.63 ^ clkbuf_4_12_0_clk/Y (BUFx24_ASAP7_75t_R)
  26.72 12231.35 ^ clkbuf_6_50_0_clk/Y (BUFx24_ASAP7_75t_R)
  21.12 12252.47 ^ clkbuf_7_100__f_clk/Y (BUFx24_ASAP7_75t_R)
  25.22 12277.69 ^ clkbuf_leaf_748_clk/Y (BUFx24_ASAP7_75t_R)
   0.78 12278.47 ^ _359538_/CLK (DFFHQNx1_ASAP7_75t_R)
 -50.00 12228.47   clock uncertainty
   0.00 12228.47   clock reconvergence pessimism
 -12.29 12216.18   library setup time
        12216.18   data required time
---------------------------------------------------------
        12216.18   data required time
        -19320.01   data arrival time
---------------------------------------------------------
        -7103.83   slack (VIOLATED)


Startpoint: dmem_rsp_valid (input port clocked by core_clk)
Endpoint: _359538_ (rising edge-triggered flip-flop clocked by core_clk)
Path Group: in2reg
Path Type: max

  Delay    Time   Description
---------------------------------------------------------
   0.00    0.00   clock core_clk (rise edge)
   0.00    0.00   clock network delay (propagated)
2400.00 2400.00 ^ input external delay
   0.00 2400.00 ^ dmem_rsp_valid (in)
  58.14 2458.14 ^ input66/Y (BUFx2_ASAP7_75t_R)
  43.34 2501.48 v _174481_/Y (INVx1_ASAP7_75t_R)
  72.18 2573.66 v _176543_/Y (OR3x2_ASAP7_75t_R)
  49.24 2622.90 v wire5074/Y (BUFx16f_ASAP7_75t_R)
  71.14 2694.04 v _176567_/Y (OA21x2_ASAP7_75t_R)
  68.79 2762.82 v _178030_/Y (AO21x1_ASAP7_75t_R)
 105.07 2867.89 ^ _178032_/Y (OAI21x1_ASAP7_75t_R)
  34.47 2902.36 ^ _178050_/Y (AO211x2_ASAP7_75t_R)
  68.12 2970.48 ^ _178517_/Y (OR5x1_ASAP7_75t_R)
  65.86 3036.34 ^ _178646_/Y (AND3x2_ASAP7_75t_R)
  30.95 3067.29 ^ load_slew3753/Y (BUFx16f_ASAP7_75t_R)
  54.71 3122.00 ^ _180460_/Y (AO21x1_ASAP7_75t_R)
  23.94 3145.93 v _180461_/Y (NOR2x2_ASAP7_75t_R)
  35.36 3181.30 v wire3385/Y (BUFx16f_ASAP7_75t_R)
 158.10 3339.39 ^ _180462_/Y (INVx1_ASAP7_75t_R)
  83.33 3422.72 ^ _180521_/Y (AND3x1_ASAP7_75t_R)
  47.37 3470.09 ^ _180581_/Y (AND4x2_ASAP7_75t_R)
  24.10 3494.20 ^ load_slew2949/Y (BUFx16f_ASAP7_75t_R)
  67.82 3562.02 v _183135_/Y (NOR3x2_ASAP7_75t_R)
  70.37 3632.39 v wire2919/Y (BUFx16f_ASAP7_75t_R)
  61.97 3694.36 v load_slew2918/Y (BUFx16f_ASAP7_75t_R)
  62.88 3757.24 ^ _183378_/Y (NAND2x2_ASAP7_75t_R)
  33.75 3790.99 ^ load_slew2800/Y (BUFx16f_ASAP7_75t_R)
  50.26 3841.25 ^ wire2798/Y (BUFx16f_ASAP7_75t_R)
  30.98 3872.24 ^ load_slew2797/Y (BUFx16f_ASAP7_75t_R)
  43.26 3915.49 ^ _183379_/Y (AND2x2_ASAP7_75t_R)
  21.13 3936.63 ^ _183382_/Y (AND2x2_ASAP7_75t_R)
  28.67 3965.30 ^ _183456_/Y (AND4x2_ASAP7_75t_R)
  17.49 3982.78 v _183482_/Y (AOI22x1_ASAP7_75t_R)
  24.36 4007.15 v _183488_/Y (OR3x1_ASAP7_75t_R)
  37.34 4044.49 v _183489_/Y (OA211x2_ASAP7_75t_R)
  42.01 4086.50 ^ _183537_/Y (AOI211x1_ASAP7_75t_R)
  46.20 4132.70 v _183715_/Y (NOR2x1_ASAP7_75t_R)
  39.67 4172.37 v _183717_/Y (AO21x2_ASAP7_75t_R)
  21.56 4193.94 v _183728_/Y (AND2x2_ASAP7_75t_R)
  27.86 4221.79 v _183732_/Y (OR4x1_ASAP7_75t_R)
  31.90 4253.69 v _183757_/Y (OR3x1_ASAP7_75t_R)
  29.16 4282.85 v _183758_/Y (OA33x2_ASAP7_75t_R)
  52.36 4335.21 v _183764_/Y (AO32x1_ASAP7_75t_R)
  60.26 4395.47 v _183836_/Y (AO21x2_ASAP7_75t_R)
  37.28 4432.76 ^ _183876_/Y (AOI21x1_ASAP7_75t_R)
  31.92 4464.68 ^ _183900_/Y (AO21x1_ASAP7_75t_R)
  27.28 4491.96 ^ _183915_/Y (AO211x2_ASAP7_75t_R)
  29.00 4520.96 ^ _183916_/Y (OA21x2_ASAP7_75t_R)
  29.38 4550.33 ^ _183925_/Y (AND3x4_ASAP7_75t_R)
  20.68 4571.02 ^ _183934_/Y (OA21x2_ASAP7_75t_R)
  22.23 4593.25 ^ _183960_/Y (OA31x2_ASAP7_75t_R)
  15.72 4608.97 ^ _183996_/Y (AO21x1_ASAP7_75t_R)
  49.23 4658.20 v _184002_/Y (AOI211x1_ASAP7_75t_R)
  53.28 4711.48 v _184140_/Y (OR4x1_ASAP7_75t_R)
  30.85 4742.33 ^ _184142_/Y (NAND3x1_ASAP7_75t_R)
  22.33 4764.66 v _184149_/Y (AOI211x1_ASAP7_75t_R)
  50.59 4815.25 v _184160_/Y (OR5x2_ASAP7_75t_R)
  38.62 4853.87 v _184164_/Y (AO221x2_ASAP7_75t_R)
  35.63 4889.50 v _184171_/Y (AO31x2_ASAP7_75t_R)
  43.49 4932.99 v _184191_/Y (OA211x2_ASAP7_75t_R)
  27.16 4960.15 v _184192_/Y (XNOR2x2_ASAP7_75t_R)
  20.29 4980.45 v _184193_/Y (AO21x1_ASAP7_75t_R)
  34.71 5015.15 v _184201_/Y (OA221x2_ASAP7_75t_R)
  32.15 5047.30 v _184333_/Y (OA211x2_ASAP7_75t_R)
  26.61 5073.91 v _184335_/Y (AO221x1_ASAP7_75t_R)
  94.85 5168.76 v _184336_/Y (AO32x1_ASAP7_75t_R)
  60.29 5229.05 ^ _184384_/Y (NAND3x1_ASAP7_75t_R)
  32.98 5262.02 ^ _184385_/Y (AO21x1_ASAP7_75t_R)
  15.95 5277.97 v _184386_/Y (OAI21x1_ASAP7_75t_R)
  53.70 5331.67 ^ _184503_/Y (AOI211x1_ASAP7_75t_R)
  73.55 5405.22 ^ _184540_/Y (OA31x2_ASAP7_75t_R)
  37.48 5442.70 v _184634_/Y (NAND2x1_ASAP7_75t_R)
  30.63 5473.33 v _184649_/Y (AO32x1_ASAP7_75t_R)
  27.84 5501.17 v _184650_/Y (MAJx2_ASAP7_75t_R)
  28.60 5529.77 v _184655_/Y (OA21x2_ASAP7_75t_R)
  26.92 5556.69 ^ _184664_/Y (OAI21x1_ASAP7_75t_R)
  38.56 5595.24 ^ _184734_/Y (AO211x2_ASAP7_75t_R)
  49.30 5644.54 ^ _184767_/Y (OA21x2_ASAP7_75t_R)
  27.45 5671.99 ^ _184773_/Y (AND2x2_ASAP7_75t_R)
  30.90 5702.89 v _184774_/Y (XNOR2x2_ASAP7_75t_R)
  24.89 5727.78 v _184781_/Y (MAJx2_ASAP7_75t_R)
  24.25 5752.03 v _184782_/Y (MAJx2_ASAP7_75t_R)
  43.92 5795.95 v _184903_/Y (AO32x1_ASAP7_75t_R)
  30.02 5825.97 v _184969_/Y (OA21x2_ASAP7_75t_R)
  38.79 5864.76 ^ _184972_/Y (XOR2x2_ASAP7_75t_R)
  29.88 5894.64 v _185019_/Y (XNOR2x2_ASAP7_75t_R)
  31.70 5926.34 v _185020_/Y (OR4x1_ASAP7_75t_R)
  26.65 5952.99 v _185027_/Y (AO221x1_ASAP7_75t_R)
  34.19 5987.18 v _185028_/Y (OA31x2_ASAP7_75t_R)
  30.90 6018.08 v _185034_/Y (OA211x2_ASAP7_75t_R)
  38.56 6056.64 v _185039_/Y (AO211x2_ASAP7_75t_R)
  50.66 6107.30 ^ _185041_/Y (NAND2x2_ASAP7_75t_R)
  40.15 6147.45 v _185048_/Y (AOI21x1_ASAP7_75t_R)
  30.72 6178.17 v _185204_/Y (OA21x2_ASAP7_75t_R)
  34.92 6213.09 v _185206_/Y (OR4x1_ASAP7_75t_R)
  22.34 6235.42 v _185222_/Y (AO211x2_ASAP7_75t_R)
  35.45 6270.88 v _185223_/Y (AO21x2_ASAP7_75t_R)
  39.19 6310.06 v _185228_/Y (AND2x4_ASAP7_75t_R)
  40.12 6350.19 v _185330_/Y (AND2x4_ASAP7_75t_R)
  28.29 6378.47 v _185363_/Y (XNOR2x2_ASAP7_75t_R)
  28.67 6407.14 v _185364_/Y (MAJx2_ASAP7_75t_R)
  31.29 6438.44 v _185365_/Y (AO221x1_ASAP7_75t_R)
  42.44 6480.88 v _185401_/Y (OA211x2_ASAP7_75t_R)
  53.38 6534.26 v _185455_/Y (OA21x2_ASAP7_75t_R)
  34.50 6568.76 v _185527_/Y (OA21x2_ASAP7_75t_R)
  30.16 6598.93 ^ _185528_/Y (XNOR2x2_ASAP7_75t_R)
  29.14 6628.07 ^ _185529_/Y (XNOR2x2_ASAP7_75t_R)
  32.82 6660.88 ^ _185530_/Y (AND4x1_ASAP7_75t_R)
  82.78 6743.66 v _185566_/Y (AOI221x1_ASAP7_75t_R)
 131.42 6875.08 ^ _185758_/Y (NAND2x1_ASAP7_75t_R)
  50.90 6925.98 ^ _185847_/Y (AND3x2_ASAP7_75t_R)
  16.33 6942.32 v _185849_/Y (NOR3x1_ASAP7_75t_R)
  27.75 6970.07 v _185855_/Y (OA221x2_ASAP7_75t_R)
  17.80 6987.87 v _185856_/Y (AND4x1_ASAP7_75t_R)
  34.97 7022.85 v _185861_/Y (OA211x2_ASAP7_75t_R)
  49.51 7072.35 v _185906_/Y (OA21x2_ASAP7_75t_R)
  43.90 7116.25 v _185999_/Y (AND2x4_ASAP7_75t_R)
  32.25 7148.51 ^ _186000_/Y (XOR2x2_ASAP7_75t_R)
  28.78 7177.28 ^ _186002_/Y (AO32x1_ASAP7_75t_R)
  23.86 7201.14 ^ _186009_/Y (AND3x1_ASAP7_75t_R)
  11.56 7212.70 v _186020_/Y (NOR2x1_ASAP7_75t_R)
  25.19 7237.89 v _186021_/Y (MAJx2_ASAP7_75t_R)
  42.05 7279.95 v _186124_/Y (AO21x1_ASAP7_75t_R)
  81.08 7361.02 ^ _186126_/Y (NAND2x1_ASAP7_75t_R)
  46.77 7407.79 ^ _186262_/Y (OA21x2_ASAP7_75t_R)
  17.10 7424.89 v _186286_/Y (NOR2x1_ASAP7_75t_R)
  27.82 7452.71 v _186292_/Y (AO22x1_ASAP7_75t_R)
  22.82 7475.53 v _186294_/Y (OA211x2_ASAP7_75t_R)
  39.83 7515.36 v _186295_/Y (AO221x1_ASAP7_75t_R)
  28.51 7543.87 v _186297_/Y (AND2x2_ASAP7_75t_R)
  39.99 7583.86 ^ _186343_/Y (OAI21x1_ASAP7_75t_R)
  57.95 7641.81 v _186506_/Y (NAND2x1_ASAP7_75t_R)
  36.00 7677.81 v _186565_/Y (AND2x4_ASAP7_75t_R)
  37.71 7715.53 ^ _186566_/Y (XNOR2x2_ASAP7_75t_R)
  27.39 7742.92 v _186594_/Y (NOR2x1_ASAP7_75t_R)
  24.17 7767.09 v _186596_/Y (OA21x2_ASAP7_75t_R)
  36.10 7803.19 v _186612_/Y (OA33x2_ASAP7_75t_R)
  52.86 7856.06 v _186613_/Y (OA211x2_ASAP7_75t_R)
  98.85 7954.91 ^ _186634_/Y (NOR2x1_ASAP7_75t_R)
  45.92 8000.83 v _186716_/Y (AOI211x1_ASAP7_75t_R)
  42.38 8043.22 v _186717_/Y (OR5x1_ASAP7_75t_R)
  24.96 8068.17 v _186731_/Y (AO22x2_ASAP7_75t_R)
  36.12 8104.29 v _186732_/Y (AO33x2_ASAP7_75t_R)
  27.82 8132.10 v _186750_/Y (AO221x1_ASAP7_75t_R)
  19.56 8151.66 v _186751_/Y (AND2x2_ASAP7_75t_R)
  25.70 8177.36 v _186934_/Y (OA21x2_ASAP7_75t_R)
  80.82 8258.18 ^ _186965_/Y (NAND2x1_ASAP7_75t_R)
  49.46 8307.64 v _187178_/Y (AOI21x1_ASAP7_75t_R)
  38.07 8345.71 v _187245_/Y (OR3x2_ASAP7_75t_R)
  23.98 8369.69 v _187252_/Y (AO211x2_ASAP7_75t_R)
  49.13 8418.83 v _187260_/Y (OA33x2_ASAP7_75t_R)
  37.75 8456.58 ^ _187271_/Y (OAI21x1_ASAP7_75t_R)
  69.36 8525.94 v _187481_/Y (AOI211x1_ASAP7_75t_R)
  40.26 8566.20 v _187606_/Y (OR3x1_ASAP7_75t_R)
  32.51 8598.71 ^ _187607_/Y (XOR2x2_ASAP7_75t_R)
  28.40 8627.11 v _187608_/Y (XNOR2x2_ASAP7_75t_R)
  31.94 8659.05 v _187609_/Y (OR4x1_ASAP7_75t_R)
  20.60 8679.65 ^ _187656_/Y (OAI21x1_ASAP7_75t_R)
  21.29 8700.94 ^ _187687_/Y (AO21x2_ASAP7_75t_R)
  27.43 8728.37 ^ _187688_/Y (AO21x2_ASAP7_75t_R)
  34.01 8762.39 ^ _187709_/Y (AO31x2_ASAP7_75t_R)
  63.71 8826.09 ^ _187710_/Y (OR2x2_ASAP7_75t_R)
  42.07 8868.17 ^ _187783_/Y (AND2x4_ASAP7_75t_R)
  31.23 8899.39 ^ _187784_/Y (XNOR2x2_ASAP7_75t_R)
  31.88 8931.27 v _187839_/Y (XNOR2x2_ASAP7_75t_R)
  40.43 8971.71 v _187840_/Y (OR5x1_ASAP7_75t_R)
  22.42 8994.13 ^ _187843_/Y (NOR3x1_ASAP7_75t_R)
   8.69 9002.82 v _187860_/Y (NAND2x1_ASAP7_75t_R)
  33.65 9036.47 v _187881_/Y (OA211x2_ASAP7_75t_R)
  61.43 9097.90 ^ _188026_/Y (OAI21x1_ASAP7_75t_R)
  42.37 9140.27 ^ load_slew992/Y (BUFx12_ASAP7_75t_R)
  22.19 9162.46 ^ load_slew991/Y (BUFx12f_ASAP7_75t_R)
  24.24 9186.70 ^ _188189_/Y (AND2x2_ASAP7_75t_R)
  34.16 9220.86 ^ _188190_/Y (XNOR2x2_ASAP7_75t_R)
  32.71 9253.57 v _188325_/Y (XNOR2x2_ASAP7_75t_R)
   7.07 9260.65 ^ _188326_/Y (INVx1_ASAP7_75t_R)
  38.91 9299.56 ^ _188329_/Y (AND4x1_ASAP7_75t_R)
  25.76 9325.32 ^ _188330_/Y (AND3x1_ASAP7_75t_R)
 122.36 9447.67 v _188410_/Y (AOI221x1_ASAP7_75t_R)
  93.43 9541.10 ^ _188490_/Y (OAI21x1_ASAP7_75t_R)
  43.55 9584.65 ^ _188491_/Y (XNOR2x2_ASAP7_75t_R)
  12.94 9597.59 v _188546_/Y (NOR2x1_ASAP7_75t_R)
  24.54 9622.13 v _188564_/Y (AND3x1_ASAP7_75t_R)
  35.43 9657.56 v _188784_/Y (OA211x2_ASAP7_75t_R)
  27.45 9685.01 v _188785_/Y (OR3x1_ASAP7_75t_R)
  43.79 9728.80 ^ _188842_/Y (NAND3x1_ASAP7_75t_R)
  72.65 9801.45 ^ _188843_/Y (AND2x2_ASAP7_75t_R)
  49.12 9850.57 v _188881_/Y (AOI211x1_ASAP7_75t_R)
  31.29 9881.86 v _188882_/Y (AO21x1_ASAP7_75t_R)
  31.87 9913.73 v _189225_/Y (OR3x1_ASAP7_75t_R)
  41.44 9955.17 v _189247_/Y (OR5x1_ASAP7_75t_R)
  33.47 9988.64 v _189250_/Y (OA31x2_ASAP7_75t_R)
  98.44 10087.08 v _189251_/Y (AND5x2_ASAP7_75t_R)
 108.19 10195.27 ^ _189252_/Y (INVx4_ASAP7_75t_R)
  38.05 10233.32 ^ _189633_/Y (AND2x2_ASAP7_75t_R)
  37.63 10270.95 v _189634_/Y (XNOR2x2_ASAP7_75t_R)
  29.96 10300.91 ^ _189635_/Y (XNOR2x2_ASAP7_75t_R)
  60.51 10361.42 ^ _189646_/Y (AND4x1_ASAP7_75t_R)
  56.44 10417.86 ^ _189677_/Y (AND3x1_ASAP7_75t_R)
  64.27 10482.13 v _189736_/Y (NOR3x1_ASAP7_75t_R)
 133.57 10615.70 ^ _189761_/Y (NAND2x1_ASAP7_75t_R)
  93.04 10708.74 v _190097_/Y (AOI21x1_ASAP7_75t_R)
  31.91 10740.65 ^ _190098_/Y (XNOR2x2_ASAP7_75t_R)
  28.10 10768.75 ^ _190110_/Y (AND4x2_ASAP7_75t_R)
  30.05 10798.80 ^ _190111_/Y (AND3x1_ASAP7_75t_R)
  62.04 10860.84 v _190167_/Y (AOI221x1_ASAP7_75t_R)
  91.42 10952.26 ^ _190216_/Y (NAND2x2_ASAP7_75t_R)
  34.49 10986.75 ^ _190302_/Y (AND2x2_ASAP7_75t_R)
  35.99 11022.74 v _190303_/Y (XNOR2x2_ASAP7_75t_R)
  27.59 11050.33 ^ _190381_/Y (XNOR2x2_ASAP7_75t_R)
  28.02 11078.34 ^ _190407_/Y (AND5x1_ASAP7_75t_R)
  36.19 11114.54 ^ _190416_/Y (AND5x1_ASAP7_75t_R)
  19.46 11134.00 ^ _190417_/Y (AO21x2_ASAP7_75t_R)
  88.49 11222.49 v _190456_/Y (AOI211x1_ASAP7_75t_R)
 178.90 11401.38 ^ _190580_/Y (NAND2x1_ASAP7_75t_R)
  96.41 11497.80 v _190856_/Y (AOI211x1_ASAP7_75t_R)
  36.60 11534.40 v _190857_/Y (MAJx2_ASAP7_75t_R)
  27.84 11562.24 v _190860_/Y (OA222x2_ASAP7_75t_R)
  21.99 11584.23 v _190861_/Y (AND3x2_ASAP7_75t_R)
  13.62 11597.85 ^ _190862_/Y (NOR3x1_ASAP7_75t_R)
  16.05 11613.90 v _190999_/Y (OAI21x1_ASAP7_75t_R)
 109.91 11723.81 v _191002_/Y (OR3x1_ASAP7_75t_R)
  69.29 11793.10 v _191165_/Y (AO21x2_ASAP7_75t_R)
  25.66 11818.76 v _191166_/Y (XNOR2x2_ASAP7_75t_R)
  38.31 11857.07 v _191201_/Y (OR5x2_ASAP7_75t_R)
  14.43 11871.50 ^ _191250_/Y (AOI21x1_ASAP7_75t_R)
  26.19 11897.69 ^ _191276_/Y (OA21x2_ASAP7_75t_R)
  23.66 11921.35 ^ _191277_/Y (AO21x2_ASAP7_75t_R)
  41.46 11962.81 ^ _191284_/Y (AO21x1_ASAP7_75t_R)
  55.99 12018.80 ^ _191372_/Y (AO21x2_ASAP7_75t_R)
  33.53 12052.33 ^ load_slew976/Y (BUFx16f_ASAP7_75t_R)
  43.42 12095.75 ^ _191547_/Y (AND2x2_ASAP7_75t_R)
  33.49 12129.24 v _191548_/Y (XNOR2x2_ASAP7_75t_R)
  25.03 12154.27 ^ _191677_/Y (AOI22x1_ASAP7_75t_R)
  37.84 12192.10 ^ _191715_/Y (AND5x1_ASAP7_75t_R)
  39.99 12232.09 ^ _191716_/Y (AND5x2_ASAP7_75t_R)
  31.92 12264.01 ^ _191726_/Y (AO211x2_ASAP7_75t_R)
 120.69 12384.70 ^ _191815_/Y (OR3x1_ASAP7_75t_R)
  67.61 12452.30 ^ _191922_/Y (AND3x2_ASAP7_75t_R)
  31.81 12484.11 ^ _191923_/Y (XNOR2x2_ASAP7_75t_R)
  28.69 12512.80 v _191924_/Y (XNOR2x2_ASAP7_75t_R)
  11.01 12523.81 ^ _191925_/Y (NAND2x1_ASAP7_75t_R)
  22.86 12546.67 ^ _192112_/Y (AO21x1_ASAP7_75t_R)
  20.81 12567.48 v _192137_/Y (NOR2x1_ASAP7_75t_R)
  60.12 12627.59 v _192194_/Y (AO21x1_ASAP7_75t_R)
 133.37 12760.97 v _192219_/Y (OR3x1_ASAP7_75t_R)
  70.07 12831.04 ^ _192452_/Y (NAND3x1_ASAP7_75t_R)
  21.86 12852.90 ^ _192454_/Y (AO21x1_ASAP7_75t_R)
  42.98 12895.88 ^ _192485_/Y (AND5x1_ASAP7_75t_R)
  28.28 12924.16 ^ _192572_/Y (AO21x2_ASAP7_75t_R)
  81.65 13005.81 v _192604_/Y (AOI221x1_ASAP7_75t_R)
  57.71 13063.52 ^ _192740_/Y (OAI21x1_ASAP7_75t_R)
  26.83 13090.35 ^ wire972/Y (BUFx12f_ASAP7_75t_R)
  24.28 13114.64 ^ load_slew971/Y (BUFx6f_ASAP7_75t_R)
  30.99 13145.62 ^ _193048_/Y (AND3x1_ASAP7_75t_R)
  20.43 13166.05 v _193050_/Y (NOR3x1_ASAP7_75t_R)
  35.64 13201.69 v _193076_/Y (OA211x2_ASAP7_75t_R)
  32.08 13233.77 v _193170_/Y (OA211x2_ASAP7_75t_R)
  27.15 13260.91 v _193171_/Y (AND5x2_ASAP7_75t_R)
  34.00 13294.92 v _193179_/Y (OR3x2_ASAP7_75t_R)
  50.64 13345.56 v _193180_/Y (AO21x2_ASAP7_75t_R)
  35.25 13380.81 v load_slew970/Y (BUFx16f_ASAP7_75t_R)
  35.77 13416.58 v _193418_/Y (AO21x1_ASAP7_75t_R)
  28.15 13444.73 v _193421_/Y (OA211x2_ASAP7_75t_R)
  19.35 13464.07 v _193422_/Y (AO21x2_ASAP7_75t_R)
  25.23 13489.30 v _193439_/Y (AO21x2_ASAP7_75t_R)
  31.85 13521.15 v _193440_/Y (AO32x1_ASAP7_75t_R)
  25.95 13547.10 ^ _193494_/Y (OAI21x1_ASAP7_75t_R)
  44.62 13591.73 v _193623_/Y (AOI21x1_ASAP7_75t_R)
 107.46 13699.19 v _193690_/Y (OR3x1_ASAP7_75t_R)
  54.87 13754.05 v _193706_/Y (AND2x2_ASAP7_75t_R)
  39.57 13793.62 ^ _193707_/Y (XNOR2x2_ASAP7_75t_R)
  33.94 13827.56 v _193708_/Y (XNOR2x2_ASAP7_75t_R)
  29.47 13857.03 v _193726_/Y (OR4x1_ASAP7_75t_R)
  57.84 13914.87 v _194025_/Y (OR4x1_ASAP7_75t_R)
  70.96 13985.83 ^ _194133_/Y (NAND2x1_ASAP7_75t_R)
  60.92 14046.75 ^ _194134_/Y (AO21x1_ASAP7_75t_R)
  35.68 14082.43 ^ load_slew969/Y (BUFx10_ASAP7_75t_R)
  32.25 14114.68 ^ _194325_/Y (AND3x1_ASAP7_75t_R)
  25.26 14139.93 ^ _194410_/Y (OR3x1_ASAP7_75t_R)
  42.26 14182.20 ^ _194423_/Y (AND5x1_ASAP7_75t_R)
  39.51 14221.70 ^ _194447_/Y (AND5x1_ASAP7_75t_R)
  31.20 14252.91 ^ _194459_/Y (AND3x2_ASAP7_75t_R)
  24.39 14277.29 ^ _194529_/Y (AO31x2_ASAP7_75t_R)
  68.37 14345.67 ^ _194584_/Y (OR4x1_ASAP7_75t_R)
 117.44 14463.11 v _194680_/Y (NOR2x1_ASAP7_75t_R)
  37.89 14501.00 ^ _194683_/Y (NAND2x1_ASAP7_75t_R)
  30.09 14531.09 ^ _194696_/Y (OA211x2_ASAP7_75t_R)
  22.66 14553.75 ^ _194730_/Y (AO211x2_ASAP7_75t_R)
  48.32 14602.07 ^ _194736_/Y (AO32x1_ASAP7_75t_R)
  28.16 14630.22 v _194830_/Y (AOI21x1_ASAP7_75t_R)
  44.44 14674.67 ^ _195063_/Y (OAI21x1_ASAP7_75t_R)
  73.08 14747.74 ^ _195066_/Y (OA21x2_ASAP7_75t_R)
  49.03 14796.78 ^ _195071_/Y (AND3x2_ASAP7_75t_R)
  38.16 14834.94 ^ _195232_/Y (XOR2x2_ASAP7_75t_R)
  30.92 14865.86 ^ _195234_/Y (AO221x1_ASAP7_75t_R)
  20.59 14886.44 ^ _195238_/Y (AO21x1_ASAP7_75t_R)
  31.48 14917.93 ^ _195240_/Y (AO22x1_ASAP7_75t_R)
  27.92 14945.85 ^ _195241_/Y (AO21x2_ASAP7_75t_R)
  59.27 15005.12 v _195484_/Y (NAND2x1_ASAP7_75t_R)
 138.09 15143.21 ^ _195485_/Y (NAND2x1_ASAP7_75t_R)
  80.28 15223.49 ^ _195782_/Y (AND3x1_ASAP7_75t_R)
  23.47 15246.96 v _195789_/Y (NOR2x2_ASAP7_75t_R)
  30.91 15277.86 v _195790_/Y (MAJx2_ASAP7_75t_R)
  24.67 15302.53 v _195795_/Y (AO211x2_ASAP7_75t_R)
  33.01 15335.55 v _195849_/Y (AO21x1_ASAP7_75t_R)
  70.73 15406.28 v _195877_/Y (AO21x1_ASAP7_75t_R)
  92.31 15498.58 ^ _196018_/Y (NAND2x2_ASAP7_75t_R)
  94.81 15593.40 ^ _196284_/Y (OA211x2_ASAP7_75t_R)
   9.14 15602.53 v _196292_/Y (AOI21x1_ASAP7_75t_R)
  30.94 15633.47 v _196293_/Y (AO221x1_ASAP7_75t_R)
  25.35 15658.81 v _196315_/Y (AO21x2_ASAP7_75t_R)
  64.61 15723.42 v _196337_/Y (AO22x1_ASAP7_75t_R)
  84.73 15808.16 v _196340_/Y (AO221x1_ASAP7_75t_R)
  98.60 15906.76 v _196435_/Y (AO21x2_ASAP7_75t_R)
  79.34 15986.10 ^ _196643_/Y (NAND2x1_ASAP7_75t_R)
  31.69 16017.79 v _196645_/Y (XNOR2x2_ASAP7_75t_R)
  23.86 16041.65 ^ _196646_/Y (AOI211x1_ASAP7_75t_R)
  39.77 16081.43 ^ _196771_/Y (AND5x1_ASAP7_75t_R)
  22.56 16103.99 ^ _196794_/Y (AO222x2_ASAP7_75t_R)
  17.65 16121.64 ^ _196795_/Y (AO21x2_ASAP7_75t_R)
  93.21 16214.85 v _197142_/Y (AOI211x1_ASAP7_75t_R)
  74.25 16289.10 v _197223_/Y (AND2x2_ASAP7_75t_R)
  29.22 16318.32 v _197224_/Y (AO32x1_ASAP7_75t_R)
  24.37 16342.69 ^ _197225_/Y (XNOR2x2_ASAP7_75t_R)
  33.14 16375.83 ^ _197236_/Y (AND5x1_ASAP7_75t_R)
  12.14 16387.97 v _197237_/Y (NAND2x1_ASAP7_75t_R)
  38.60 16426.58 v _197238_/Y (OR5x1_ASAP7_75t_R)
  22.31 16448.89 v _197239_/Y (AO211x2_ASAP7_75t_R)
  21.85 16470.73 ^ _197240_/Y (AOI211x1_ASAP7_75t_R)
  50.35 16521.09 ^ _197247_/Y (AO211x2_ASAP7_75t_R)
  66.61 16587.70 ^ _197336_/Y (OR2x2_ASAP7_75t_R)
  35.18 16622.88 ^ _197505_/Y (AND2x2_ASAP7_75t_R)
  38.73 16661.61 v _197506_/Y (XNOR2x2_ASAP7_75t_R)
  27.06 16688.67 ^ _197507_/Y (XNOR2x2_ASAP7_75t_R)
  34.97 16723.64 ^ _197508_/Y (AND5x1_ASAP7_75t_R)
  35.58 16759.22 ^ _197711_/Y (AND5x1_ASAP7_75t_R)
  22.22 16781.44 ^ _197720_/Y (OR4x1_ASAP7_75t_R)
  29.33 16810.77 ^ _197721_/Y (AO211x2_ASAP7_75t_R)
  63.37 16874.14 ^ _197722_/Y (AO21x1_ASAP7_75t_R)
  28.43 16902.56 ^ load_slew696/Y (BUFx12f_ASAP7_75t_R)
  30.24 16932.80 v _198025_/Y (AOI22x1_ASAP7_75t_R)
  46.70 16979.50 v _198037_/Y (AO32x2_ASAP7_75t_R)
  31.19 17010.69 v _198043_/Y (AO32x1_ASAP7_75t_R)
  30.51 17041.20 v _198051_/Y (AO32x1_ASAP7_75t_R)
  33.26 17074.46 v _198070_/Y (AO33x2_ASAP7_75t_R)
  23.34 17097.80 v _198073_/Y (OA211x2_ASAP7_75t_R)
  20.91 17118.72 v _198074_/Y (OA21x2_ASAP7_75t_R)
  23.53 17142.25 v _198075_/Y (AO21x1_ASAP7_75t_R)
  24.22 17166.47 v _198076_/Y (AO21x1_ASAP7_75t_R)
  22.16 17188.63 v _198100_/Y (AO21x1_ASAP7_75t_R)
  28.92 17217.55 ^ _198101_/Y (AOI21x1_ASAP7_75t_R)
  84.32 17301.88 v _198137_/Y (NOR3x1_ASAP7_75t_R)
  55.71 17357.59 v _198412_/Y (OR4x1_ASAP7_75t_R)
  27.32 17384.91 v _198413_/Y (OA211x2_ASAP7_75t_R)
  17.79 17402.70 ^ _198423_/Y (OAI22x1_ASAP7_75t_R)
  28.30 17431.01 ^ _198425_/Y (AND4x1_ASAP7_75t_R)
  53.06 17484.06 ^ _198426_/Y (AND5x1_ASAP7_75t_R)
  17.39 17501.45 v _198460_/Y (NAND2x2_ASAP7_75t_R)
  37.94 17539.40 v _198461_/Y (AO21x2_ASAP7_75t_R)
  67.44 17606.84 v _198463_/Y (AND2x4_ASAP7_75t_R)
 156.02 17762.85 ^ _198787_/Y (NAND2x1_ASAP7_75t_R)
  66.95 17829.80 v _198788_/Y (XNOR2x2_ASAP7_75t_R)
  20.69 17850.49 v _198789_/Y (AO21x1_ASAP7_75t_R)
  41.50 17891.99 ^ _198790_/Y (XNOR2x2_ASAP7_75t_R)
  95.04 17987.03 v _198791_/Y (NAND2x1_ASAP7_75t_R)
  80.02 18067.05 ^ _198887_/Y (AOI21x1_ASAP7_75t_R)
  34.28 18101.32 ^ _198888_/Y (AO32x1_ASAP7_75t_R)
  23.47 18124.80 v _198893_/Y (AOI221x1_ASAP7_75t_R)
  24.40 18149.19 v _198904_/Y (AND2x2_ASAP7_75t_R)
  16.57 18165.77 v _198913_/Y (OA21x2_ASAP7_75t_R)
  57.90 18223.67 v _198916_/Y (OA33x2_ASAP7_75t_R)
  90.19 18313.85 ^ _198955_/Y (OAI21x1_ASAP7_75t_R)
 101.84 18415.69 ^ _200274_/Y (AO21x1_ASAP7_75t_R)
  61.83 18477.52 ^ _200275_/Y (AND2x2_ASAP7_75t_R)
  35.42 18512.93 ^ _200396_/Y (AND5x1_ASAP7_75t_R)
  16.32 18529.26 v _200397_/Y (OAI22x1_ASAP7_75t_R)
  28.25 18557.50 ^ _200399_/Y (NAND2x1_ASAP7_75t_R)
  25.91 18583.41 ^ _201181_/Y (OA211x2_ASAP7_75t_R)
  37.03 18620.44 ^ _201216_/Y (AND5x1_ASAP7_75t_R)
  69.34 18689.78 ^ _201383_/Y (AND3x1_ASAP7_75t_R)
  58.51 18748.29 ^ _201670_/Y (AND4x2_ASAP7_75t_R)
  28.20 18776.48 v _201671_/Y (XNOR2x2_ASAP7_75t_R)
  16.56 18793.04 v _201676_/Y (AO21x1_ASAP7_75t_R)
  19.63 18812.67 v _201692_/Y (AO21x1_ASAP7_75t_R)
  40.73 18853.40 ^ _226388_/Y (AOI21x1_ASAP7_75t_R)
  31.49 18884.89 ^ wire666/Y (BUFx12f_ASAP7_75t_R)
  57.35 18942.24 ^ _230390_/Y (OA211x2_ASAP7_75t_R)
  69.74 19011.98 v _230392_/Y (OAI21x1_ASAP7_75t_R)
  67.73 19079.70 v load_slew592/Y (BUFx10_ASAP7_75t_R)
  31.57 19111.27 v load_slew591/Y (BUFx10_ASAP7_75t_R)
  23.98 19135.25 v load_slew590/Y (BUFx12f_ASAP7_75t_R)
 143.68 19278.93 v _268427_/Y (AO22x1_ASAP7_75t_R)
  40.95 19319.88 ^ _273569_/Y (AOI211x1_ASAP7_75t_R)
   0.13 19320.01 ^ _359538_/D (DFFHQNx1_ASAP7_75t_R)
        19320.01   data arrival time

12000.00 12000.00   clock core_clk (rise edge)
   0.00 12000.00   clock source latency
   0.00 12000.00 ^ clk (in)
  50.48 12050.48 ^ wire5623/Y (BUFx12_ASAP7_75t_R)
  51.19 12101.67 ^ clkbuf_0_clk/Y (BUFx24_ASAP7_75t_R)
  27.49 12129.16 ^ clkbuf_1_1_0_clk/Y (BUFx24_ASAP7_75t_R)
  20.44 12149.59 ^ clkbuf_2_3_0_clk/Y (BUFx24_ASAP7_75t_R)
  29.36 12178.95 ^ clkbuf_3_6_0_clk/Y (BUFx24_ASAP7_75t_R)
  25.68 12204.63 ^ clkbuf_4_12_0_clk/Y (BUFx24_ASAP7_75t_R)
  26.72 12231.35 ^ clkbuf_6_50_0_clk/Y (BUFx24_ASAP7_75t_R)
  21.12 12252.47 ^ clkbuf_7_100__f_clk/Y (BUFx24_ASAP7_75t_R)
  25.22 12277.69 ^ clkbuf_leaf_748_clk/Y (BUFx24_ASAP7_75t_R)
   0.78 12278.47 ^ _359538_/CLK (DFFHQNx1_ASAP7_75t_R)
 -50.00 12228.47   clock uncertainty
   0.00 12228.47   clock reconvergence pessimism
 -12.29 12216.18   library setup time
        12216.18   data required time
---------------------------------------------------------
        12216.18   data required time
        -19320.01   data arrival time
---------------------------------------------------------
        -7103.83   slack (VIOLATED)


Startpoint: dmem_rsp_valid (input port clocked by core_clk)
Endpoint: _359538_ (rising edge-triggered flip-flop clocked by core_clk)
Path Group: in2reg
Path Type: max

  Delay    Time   Description
---------------------------------------------------------
   0.00    0.00   clock core_clk (rise edge)
   0.00    0.00   clock network delay (propagated)
2400.00 2400.00 ^ input external delay
   0.00 2400.00 ^ dmem_rsp_valid (in)
  58.14 2458.14 ^ input66/Y (BUFx2_ASAP7_75t_R)
  43.34 2501.48 v _174481_/Y (INVx1_ASAP7_75t_R)
  72.18 2573.66 v _176543_/Y (OR3x2_ASAP7_75t_R)
  49.24 2622.90 v wire5074/Y (BUFx16f_ASAP7_75t_R)
  71.14 2694.04 v _176567_/Y (OA21x2_ASAP7_75t_R)
  68.79 2762.82 v _178030_/Y (AO21x1_ASAP7_75t_R)
 105.07 2867.89 ^ _178032_/Y (OAI21x1_ASAP7_75t_R)
  34.47 2902.36 ^ _178050_/Y (AO211x2_ASAP7_75t_R)
  68.12 2970.48 ^ _178517_/Y (OR5x1_ASAP7_75t_R)
  65.86 3036.34 ^ _178646_/Y (AND3x2_ASAP7_75t_R)
  30.95 3067.29 ^ load_slew3753/Y (BUFx16f_ASAP7_75t_R)
  54.71 3122.00 ^ _180460_/Y (AO21x1_ASAP7_75t_R)
  23.94 3145.93 v _180461_/Y (NOR2x2_ASAP7_75t_R)
  35.36 3181.30 v wire3385/Y (BUFx16f_ASAP7_75t_R)
 158.10 3339.39 ^ _180462_/Y (INVx1_ASAP7_75t_R)
  83.33 3422.72 ^ _180521_/Y (AND3x1_ASAP7_75t_R)
  47.37 3470.09 ^ _180581_/Y (AND4x2_ASAP7_75t_R)
  24.10 3494.20 ^ load_slew2949/Y (BUFx16f_ASAP7_75t_R)
  67.82 3562.02 v _183135_/Y (NOR3x2_ASAP7_75t_R)
  70.37 3632.39 v wire2919/Y (BUFx16f_ASAP7_75t_R)
  61.97 3694.36 v load_slew2918/Y (BUFx16f_ASAP7_75t_R)
  62.88 3757.24 ^ _183378_/Y (NAND2x2_ASAP7_75t_R)
  33.75 3790.99 ^ load_slew2800/Y (BUFx16f_ASAP7_75t_R)
  50.26 3841.25 ^ wire2798/Y (BUFx16f_ASAP7_75t_R)
  30.98 3872.24 ^ load_slew2797/Y (BUFx16f_ASAP7_75t_R)
  43.26 3915.49 ^ _183379_/Y (AND2x2_ASAP7_75t_R)
  21.13 3936.63 ^ _183382_/Y (AND2x2_ASAP7_75t_R)
  28.67 3965.30 ^ _183456_/Y (AND4x2_ASAP7_75t_R)
  17.49 3982.78 v _183482_/Y (AOI22x1_ASAP7_75t_R)
  24.36 4007.15 v _183488_/Y (OR3x1_ASAP7_75t_R)
  37.34 4044.49 v _183489_/Y (OA211x2_ASAP7_75t_R)
  42.01 4086.50 ^ _183537_/Y (AOI211x1_ASAP7_75t_R)
  46.20 4132.70 v _183715_/Y (NOR2x1_ASAP7_75t_R)
  39.67 4172.37 v _183717_/Y (AO21x2_ASAP7_75t_R)
  21.56 4193.94 v _183728_/Y (AND2x2_ASAP7_75t_R)
  27.86 4221.79 v _183732_/Y (OR4x1_ASAP7_75t_R)
  31.90 4253.69 v _183757_/Y (OR3x1_ASAP7_75t_R)
  29.16 4282.85 v _183758_/Y (OA33x2_ASAP7_75t_R)
  52.36 4335.21 v _183764_/Y (AO32x1_ASAP7_75t_R)
  60.26 4395.47 v _183836_/Y (AO21x2_ASAP7_75t_R)
  37.28 4432.76 ^ _183876_/Y (AOI21x1_ASAP7_75t_R)
  31.92 4464.68 ^ _183900_/Y (AO21x1_ASAP7_75t_R)
  27.28 4491.96 ^ _183915_/Y (AO211x2_ASAP7_75t_R)
  29.00 4520.96 ^ _183916_/Y (OA21x2_ASAP7_75t_R)
  29.38 4550.33 ^ _183925_/Y (AND3x4_ASAP7_75t_R)
  20.68 4571.02 ^ _183934_/Y (OA21x2_ASAP7_75t_R)
  22.23 4593.25 ^ _183960_/Y (OA31x2_ASAP7_75t_R)
  15.72 4608.97 ^ _183996_/Y (AO21x1_ASAP7_75t_R)
  49.23 4658.20 v _184002_/Y (AOI211x1_ASAP7_75t_R)
  53.28 4711.48 v _184140_/Y (OR4x1_ASAP7_75t_R)
  30.85 4742.33 ^ _184142_/Y (NAND3x1_ASAP7_75t_R)
  22.33 4764.66 v _184149_/Y (AOI211x1_ASAP7_75t_R)
  50.59 4815.25 v _184160_/Y (OR5x2_ASAP7_75t_R)
  38.62 4853.87 v _184164_/Y (AO221x2_ASAP7_75t_R)
  35.63 4889.50 v _184171_/Y (AO31x2_ASAP7_75t_R)
  43.49 4932.99 v _184191_/Y (OA211x2_ASAP7_75t_R)
  27.16 4960.15 v _184192_/Y (XNOR2x2_ASAP7_75t_R)
  20.29 4980.45 v _184193_/Y (AO21x1_ASAP7_75t_R)
  34.71 5015.15 v _184201_/Y (OA221x2_ASAP7_75t_R)
  32.15 5047.30 v _184333_/Y (OA211x2_ASAP7_75t_R)
  26.61 5073.91 v _184335_/Y (AO221x1_ASAP7_75t_R)
  94.85 5168.76 v _184336_/Y (AO32x1_ASAP7_75t_R)
  60.29 5229.05 ^ _184384_/Y (NAND3x1_ASAP7_75t_R)
  32.98 5262.02 ^ _184385_/Y (AO21x1_ASAP7_75t_R)
  15.95 5277.97 v _184386_/Y (OAI21x1_ASAP7_75t_R)
  53.70 5331.67 ^ _184503_/Y (AOI211x1_ASAP7_75t_R)
  73.55 5405.22 ^ _184540_/Y (OA31x2_ASAP7_75t_R)
  37.48 5442.70 v _184634_/Y (NAND2x1_ASAP7_75t_R)
  30.63 5473.33 v _184649_/Y (AO32x1_ASAP7_75t_R)
  27.84 5501.17 v _184650_/Y (MAJx2_ASAP7_75t_R)
  28.60 5529.77 v _184655_/Y (OA21x2_ASAP7_75t_R)
  26.92 5556.69 ^ _184664_/Y (OAI21x1_ASAP7_75t_R)
  38.56 5595.24 ^ _184734_/Y (AO211x2_ASAP7_75t_R)
  49.30 5644.54 ^ _184767_/Y (OA21x2_ASAP7_75t_R)
  27.45 5671.99 ^ _184773_/Y (AND2x2_ASAP7_75t_R)
  30.90 5702.89 v _184774_/Y (XNOR2x2_ASAP7_75t_R)
  24.89 5727.78 v _184781_/Y (MAJx2_ASAP7_75t_R)
  24.25 5752.03 v _184782_/Y (MAJx2_ASAP7_75t_R)
  43.92 5795.95 v _184903_/Y (AO32x1_ASAP7_75t_R)
  30.02 5825.97 v _184969_/Y (OA21x2_ASAP7_75t_R)
  38.79 5864.76 ^ _184972_/Y (XOR2x2_ASAP7_75t_R)
  29.88 5894.64 v _185019_/Y (XNOR2x2_ASAP7_75t_R)
  31.70 5926.34 v _185020_/Y (OR4x1_ASAP7_75t_R)
  26.65 5952.99 v _185027_/Y (AO221x1_ASAP7_75t_R)
  34.19 5987.18 v _185028_/Y (OA31x2_ASAP7_75t_R)
  30.90 6018.08 v _185034_/Y (OA211x2_ASAP7_75t_R)
  38.56 6056.64 v _185039_/Y (AO211x2_ASAP7_75t_R)
  50.66 6107.30 ^ _185041_/Y (NAND2x2_ASAP7_75t_R)
  40.15 6147.45 v _185048_/Y (AOI21x1_ASAP7_75t_R)
  30.72 6178.17 v _185204_/Y (OA21x2_ASAP7_75t_R)
  34.92 6213.09 v _185206_/Y (OR4x1_ASAP7_75t_R)
  22.34 6235.42 v _185222_/Y (AO211x2_ASAP7_75t_R)
  35.45 6270.88 v _185223_/Y (AO21x2_ASAP7_75t_R)
  39.19 6310.06 v _185228_/Y (AND2x4_ASAP7_75t_R)
  40.12 6350.19 v _185330_/Y (AND2x4_ASAP7_75t_R)
  28.29 6378.47 v _185363_/Y (XNOR2x2_ASAP7_75t_R)
  28.67 6407.14 v _185364_/Y (MAJx2_ASAP7_75t_R)
  31.29 6438.44 v _185365_/Y (AO221x1_ASAP7_75t_R)
  42.44 6480.88 v _185401_/Y (OA211x2_ASAP7_75t_R)
  53.38 6534.26 v _185455_/Y (OA21x2_ASAP7_75t_R)
  34.50 6568.76 v _185527_/Y (OA21x2_ASAP7_75t_R)
  30.16 6598.93 ^ _185528_/Y (XNOR2x2_ASAP7_75t_R)
  29.14 6628.07 ^ _185529_/Y (XNOR2x2_ASAP7_75t_R)
  32.82 6660.88 ^ _185530_/Y (AND4x1_ASAP7_75t_R)
  82.78 6743.66 v _185566_/Y (AOI221x1_ASAP7_75t_R)
 131.42 6875.08 ^ _185758_/Y (NAND2x1_ASAP7_75t_R)
  50.90 6925.98 ^ _185847_/Y (AND3x2_ASAP7_75t_R)
  16.33 6942.32 v _185849_/Y (NOR3x1_ASAP7_75t_R)
  27.75 6970.07 v _185855_/Y (OA221x2_ASAP7_75t_R)
  17.80 6987.87 v _185856_/Y (AND4x1_ASAP7_75t_R)
  34.97 7022.85 v _185861_/Y (OA211x2_ASAP7_75t_R)
  49.51 7072.35 v _185906_/Y (OA21x2_ASAP7_75t_R)
  43.90 7116.25 v _185999_/Y (AND2x4_ASAP7_75t_R)
  32.25 7148.51 ^ _186000_/Y (XOR2x2_ASAP7_75t_R)
  28.78 7177.28 ^ _186002_/Y (AO32x1_ASAP7_75t_R)
  23.86 7201.14 ^ _186009_/Y (AND3x1_ASAP7_75t_R)
  11.56 7212.70 v _186020_/Y (NOR2x1_ASAP7_75t_R)
  25.19 7237.89 v _186021_/Y (MAJx2_ASAP7_75t_R)
  42.05 7279.95 v _186124_/Y (AO21x1_ASAP7_75t_R)
  81.08 7361.02 ^ _186126_/Y (NAND2x1_ASAP7_75t_R)
  46.77 7407.79 ^ _186262_/Y (OA21x2_ASAP7_75t_R)
  17.10 7424.89 v _186286_/Y (NOR2x1_ASAP7_75t_R)
  27.82 7452.71 v _186292_/Y (AO22x1_ASAP7_75t_R)
  22.82 7475.53 v _186294_/Y (OA211x2_ASAP7_75t_R)
  39.83 7515.36 v _186295_/Y (AO221x1_ASAP7_75t_R)
  28.51 7543.87 v _186297_/Y (AND2x2_ASAP7_75t_R)
  39.99 7583.86 ^ _186343_/Y (OAI21x1_ASAP7_75t_R)
  57.95 7641.81 v _186506_/Y (NAND2x1_ASAP7_75t_R)
  36.00 7677.81 v _186565_/Y (AND2x4_ASAP7_75t_R)
  37.71 7715.53 ^ _186566_/Y (XNOR2x2_ASAP7_75t_R)
  27.39 7742.92 v _186594_/Y (NOR2x1_ASAP7_75t_R)
  24.17 7767.09 v _186596_/Y (OA21x2_ASAP7_75t_R)
  36.10 7803.19 v _186612_/Y (OA33x2_ASAP7_75t_R)
  52.86 7856.06 v _186613_/Y (OA211x2_ASAP7_75t_R)
  98.85 7954.91 ^ _186634_/Y (NOR2x1_ASAP7_75t_R)
  45.92 8000.83 v _186716_/Y (AOI211x1_ASAP7_75t_R)
  42.38 8043.22 v _186717_/Y (OR5x1_ASAP7_75t_R)
  24.96 8068.17 v _186731_/Y (AO22x2_ASAP7_75t_R)
  36.12 8104.29 v _186732_/Y (AO33x2_ASAP7_75t_R)
  27.82 8132.10 v _186750_/Y (AO221x1_ASAP7_75t_R)
  19.56 8151.66 v _186751_/Y (AND2x2_ASAP7_75t_R)
  25.70 8177.36 v _186934_/Y (OA21x2_ASAP7_75t_R)
  80.82 8258.18 ^ _186965_/Y (NAND2x1_ASAP7_75t_R)
  49.46 8307.64 v _187178_/Y (AOI21x1_ASAP7_75t_R)
  38.07 8345.71 v _187245_/Y (OR3x2_ASAP7_75t_R)
  23.98 8369.69 v _187252_/Y (AO211x2_ASAP7_75t_R)
  49.13 8418.83 v _187260_/Y (OA33x2_ASAP7_75t_R)
  37.75 8456.58 ^ _187271_/Y (OAI21x1_ASAP7_75t_R)
  69.36 8525.94 v _187481_/Y (AOI211x1_ASAP7_75t_R)
  40.26 8566.20 v _187606_/Y (OR3x1_ASAP7_75t_R)
  32.51 8598.71 ^ _187607_/Y (XOR2x2_ASAP7_75t_R)
  28.40 8627.11 v _187608_/Y (XNOR2x2_ASAP7_75t_R)
  31.94 8659.05 v _187609_/Y (OR4x1_ASAP7_75t_R)
  20.60 8679.65 ^ _187656_/Y (OAI21x1_ASAP7_75t_R)
  21.29 8700.94 ^ _187687_/Y (AO21x2_ASAP7_75t_R)
  27.43 8728.37 ^ _187688_/Y (AO21x2_ASAP7_75t_R)
  34.01 8762.39 ^ _187709_/Y (AO31x2_ASAP7_75t_R)
  63.71 8826.09 ^ _187710_/Y (OR2x2_ASAP7_75t_R)
  42.07 8868.17 ^ _187783_/Y (AND2x4_ASAP7_75t_R)
  31.23 8899.39 ^ _187784_/Y (XNOR2x2_ASAP7_75t_R)
  31.88 8931.27 v _187839_/Y (XNOR2x2_ASAP7_75t_R)
  40.43 8971.71 v _187840_/Y (OR5x1_ASAP7_75t_R)
  22.42 8994.13 ^ _187843_/Y (NOR3x1_ASAP7_75t_R)
   8.69 9002.82 v _187860_/Y (NAND2x1_ASAP7_75t_R)
  33.65 9036.47 v _187881_/Y (OA211x2_ASAP7_75t_R)
  61.43 9097.90 ^ _188026_/Y (OAI21x1_ASAP7_75t_R)
  42.37 9140.27 ^ load_slew992/Y (BUFx12_ASAP7_75t_R)
  22.19 9162.46 ^ load_slew991/Y (BUFx12f_ASAP7_75t_R)
  24.24 9186.70 ^ _188189_/Y (AND2x2_ASAP7_75t_R)
  34.16 9220.86 ^ _188190_/Y (XNOR2x2_ASAP7_75t_R)
  32.71 9253.57 v _188325_/Y (XNOR2x2_ASAP7_75t_R)
   7.07 9260.65 ^ _188326_/Y (INVx1_ASAP7_75t_R)
  38.91 9299.56 ^ _188329_/Y (AND4x1_ASAP7_75t_R)
  25.76 9325.32 ^ _188330_/Y (AND3x1_ASAP7_75t_R)
 122.36 9447.67 v _188410_/Y (AOI221x1_ASAP7_75t_R)
  93.43 9541.10 ^ _188490_/Y (OAI21x1_ASAP7_75t_R)
  43.55 9584.65 ^ _188491_/Y (XNOR2x2_ASAP7_75t_R)
  12.94 9597.59 v _188546_/Y (NOR2x1_ASAP7_75t_R)
  24.54 9622.13 v _188564_/Y (AND3x1_ASAP7_75t_R)
  35.43 9657.56 v _188784_/Y (OA211x2_ASAP7_75t_R)
  27.45 9685.01 v _188785_/Y (OR3x1_ASAP7_75t_R)
  43.79 9728.80 ^ _188842_/Y (NAND3x1_ASAP7_75t_R)
  72.65 9801.45 ^ _188843_/Y (AND2x2_ASAP7_75t_R)
  49.12 9850.57 v _188881_/Y (AOI211x1_ASAP7_75t_R)
  31.29 9881.86 v _188882_/Y (AO21x1_ASAP7_75t_R)
  31.87 9913.73 v _189225_/Y (OR3x1_ASAP7_75t_R)
  41.44 9955.17 v _189247_/Y (OR5x1_ASAP7_75t_R)
  33.47 9988.64 v _189250_/Y (OA31x2_ASAP7_75t_R)
  98.44 10087.08 v _189251_/Y (AND5x2_ASAP7_75t_R)
 108.19 10195.27 ^ _189252_/Y (INVx4_ASAP7_75t_R)
  38.05 10233.32 ^ _189633_/Y (AND2x2_ASAP7_75t_R)
  37.63 10270.95 v _189634_/Y (XNOR2x2_ASAP7_75t_R)
  29.96 10300.91 ^ _189635_/Y (XNOR2x2_ASAP7_75t_R)
  60.51 10361.42 ^ _189646_/Y (AND4x1_ASAP7_75t_R)
  56.44 10417.86 ^ _189677_/Y (AND3x1_ASAP7_75t_R)
  64.27 10482.13 v _189736_/Y (NOR3x1_ASAP7_75t_R)
 133.57 10615.70 ^ _189761_/Y (NAND2x1_ASAP7_75t_R)
  93.04 10708.74 v _190097_/Y (AOI21x1_ASAP7_75t_R)
  31.91 10740.65 ^ _190098_/Y (XNOR2x2_ASAP7_75t_R)
  28.10 10768.75 ^ _190110_/Y (AND4x2_ASAP7_75t_R)
  30.05 10798.80 ^ _190111_/Y (AND3x1_ASAP7_75t_R)
  62.04 10860.84 v _190167_/Y (AOI221x1_ASAP7_75t_R)
  91.42 10952.26 ^ _190216_/Y (NAND2x2_ASAP7_75t_R)
  34.49 10986.75 ^ _190302_/Y (AND2x2_ASAP7_75t_R)
  35.99 11022.74 v _190303_/Y (XNOR2x2_ASAP7_75t_R)
  27.59 11050.33 ^ _190381_/Y (XNOR2x2_ASAP7_75t_R)
  28.02 11078.34 ^ _190407_/Y (AND5x1_ASAP7_75t_R)
  36.19 11114.54 ^ _190416_/Y (AND5x1_ASAP7_75t_R)
  19.46 11134.00 ^ _190417_/Y (AO21x2_ASAP7_75t_R)
  88.49 11222.49 v _190456_/Y (AOI211x1_ASAP7_75t_R)
 178.90 11401.38 ^ _190580_/Y (NAND2x1_ASAP7_75t_R)
  96.41 11497.80 v _190856_/Y (AOI211x1_ASAP7_75t_R)
  36.60 11534.40 v _190857_/Y (MAJx2_ASAP7_75t_R)
  27.84 11562.24 v _190860_/Y (OA222x2_ASAP7_75t_R)
  21.99 11584.23 v _190861_/Y (AND3x2_ASAP7_75t_R)
  13.62 11597.85 ^ _190862_/Y (NOR3x1_ASAP7_75t_R)
  16.05 11613.90 v _190999_/Y (OAI21x1_ASAP7_75t_R)
 109.91 11723.81 v _191002_/Y (OR3x1_ASAP7_75t_R)
  69.29 11793.10 v _191165_/Y (AO21x2_ASAP7_75t_R)
  25.66 11818.76 v _191166_/Y (XNOR2x2_ASAP7_75t_R)
  38.31 11857.07 v _191201_/Y (OR5x2_ASAP7_75t_R)
  14.43 11871.50 ^ _191250_/Y (AOI21x1_ASAP7_75t_R)
  26.19 11897.69 ^ _191276_/Y (OA21x2_ASAP7_75t_R)
  23.66 11921.35 ^ _191277_/Y (AO21x2_ASAP7_75t_R)
  41.46 11962.81 ^ _191284_/Y (AO21x1_ASAP7_75t_R)
  55.99 12018.80 ^ _191372_/Y (AO21x2_ASAP7_75t_R)
  33.53 12052.33 ^ load_slew976/Y (BUFx16f_ASAP7_75t_R)
  43.42 12095.75 ^ _191547_/Y (AND2x2_ASAP7_75t_R)
  33.49 12129.24 v _191548_/Y (XNOR2x2_ASAP7_75t_R)
  25.03 12154.27 ^ _191677_/Y (AOI22x1_ASAP7_75t_R)
  37.84 12192.10 ^ _191715_/Y (AND5x1_ASAP7_75t_R)
  39.99 12232.09 ^ _191716_/Y (AND5x2_ASAP7_75t_R)
  31.92 12264.01 ^ _191726_/Y (AO211x2_ASAP7_75t_R)
 120.69 12384.70 ^ _191815_/Y (OR3x1_ASAP7_75t_R)
  67.61 12452.30 ^ _191922_/Y (AND3x2_ASAP7_75t_R)
  31.81 12484.11 ^ _191923_/Y (XNOR2x2_ASAP7_75t_R)
  28.69 12512.80 v _191924_/Y (XNOR2x2_ASAP7_75t_R)
  11.01 12523.81 ^ _191925_/Y (NAND2x1_ASAP7_75t_R)
  22.86 12546.67 ^ _192112_/Y (AO21x1_ASAP7_75t_R)
  20.81 12567.48 v _192137_/Y (NOR2x1_ASAP7_75t_R)
  60.12 12627.59 v _192194_/Y (AO21x1_ASAP7_75t_R)
 133.37 12760.97 v _192219_/Y (OR3x1_ASAP7_75t_R)
  70.07 12831.04 ^ _192452_/Y (NAND3x1_ASAP7_75t_R)
  21.86 12852.90 ^ _192454_/Y (AO21x1_ASAP7_75t_R)
  42.98 12895.88 ^ _192485_/Y (AND5x1_ASAP7_75t_R)
  28.28 12924.16 ^ _192572_/Y (AO21x2_ASAP7_75t_R)
  81.65 13005.81 v _192604_/Y (AOI221x1_ASAP7_75t_R)
  57.71 13063.52 ^ _192740_/Y (OAI21x1_ASAP7_75t_R)
  26.83 13090.35 ^ wire972/Y (BUFx12f_ASAP7_75t_R)
  24.28 13114.64 ^ load_slew971/Y (BUFx6f_ASAP7_75t_R)
  30.99 13145.62 ^ _193048_/Y (AND3x1_ASAP7_75t_R)
  20.43 13166.05 v _193050_/Y (NOR3x1_ASAP7_75t_R)
  35.64 13201.69 v _193076_/Y (OA211x2_ASAP7_75t_R)
  32.08 13233.77 v _193170_/Y (OA211x2_ASAP7_75t_R)
  27.15 13260.91 v _193171_/Y (AND5x2_ASAP7_75t_R)
  34.00 13294.92 v _193179_/Y (OR3x2_ASAP7_75t_R)
  50.64 13345.56 v _193180_/Y (AO21x2_ASAP7_75t_R)
  35.25 13380.81 v load_slew970/Y (BUFx16f_ASAP7_75t_R)
  35.77 13416.58 v _193418_/Y (AO21x1_ASAP7_75t_R)
  28.15 13444.73 v _193421_/Y (OA211x2_ASAP7_75t_R)
  19.35 13464.07 v _193422_/Y (AO21x2_ASAP7_75t_R)
  25.23 13489.30 v _193439_/Y (AO21x2_ASAP7_75t_R)
  31.85 13521.15 v _193440_/Y (AO32x1_ASAP7_75t_R)
  25.95 13547.10 ^ _193494_/Y (OAI21x1_ASAP7_75t_R)
  44.62 13591.73 v _193623_/Y (AOI21x1_ASAP7_75t_R)
 107.46 13699.19 v _193690_/Y (OR3x1_ASAP7_75t_R)
  54.87 13754.05 v _193706_/Y (AND2x2_ASAP7_75t_R)
  39.57 13793.62 ^ _193707_/Y (XNOR2x2_ASAP7_75t_R)
  33.94 13827.56 v _193708_/Y (XNOR2x2_ASAP7_75t_R)
  29.47 13857.03 v _193726_/Y (OR4x1_ASAP7_75t_R)
  57.84 13914.87 v _194025_/Y (OR4x1_ASAP7_75t_R)
  70.96 13985.83 ^ _194133_/Y (NAND2x1_ASAP7_75t_R)
  60.92 14046.75 ^ _194134_/Y (AO21x1_ASAP7_75t_R)
  35.68 14082.43 ^ load_slew969/Y (BUFx10_ASAP7_75t_R)
  32.25 14114.68 ^ _194325_/Y (AND3x1_ASAP7_75t_R)
  25.26 14139.93 ^ _194410_/Y (OR3x1_ASAP7_75t_R)
  42.26 14182.20 ^ _194423_/Y (AND5x1_ASAP7_75t_R)
  39.51 14221.70 ^ _194447_/Y (AND5x1_ASAP7_75t_R)
  31.20 14252.91 ^ _194459_/Y (AND3x2_ASAP7_75t_R)
  24.39 14277.29 ^ _194529_/Y (AO31x2_ASAP7_75t_R)
  68.37 14345.67 ^ _194584_/Y (OR4x1_ASAP7_75t_R)
 117.44 14463.11 v _194680_/Y (NOR2x1_ASAP7_75t_R)
  37.89 14501.00 ^ _194683_/Y (NAND2x1_ASAP7_75t_R)
  30.09 14531.09 ^ _194696_/Y (OA211x2_ASAP7_75t_R)
  22.66 14553.75 ^ _194730_/Y (AO211x2_ASAP7_75t_R)
  48.32 14602.07 ^ _194736_/Y (AO32x1_ASAP7_75t_R)
  28.16 14630.22 v _194830_/Y (AOI21x1_ASAP7_75t_R)
  44.44 14674.67 ^ _195063_/Y (OAI21x1_ASAP7_75t_R)
  73.08 14747.74 ^ _195066_/Y (OA21x2_ASAP7_75t_R)
  49.03 14796.78 ^ _195071_/Y (AND3x2_ASAP7_75t_R)
  38.16 14834.94 ^ _195232_/Y (XOR2x2_ASAP7_75t_R)
  30.92 14865.86 ^ _195234_/Y (AO221x1_ASAP7_75t_R)
  20.59 14886.44 ^ _195238_/Y (AO21x1_ASAP7_75t_R)
  31.48 14917.93 ^ _195240_/Y (AO22x1_ASAP7_75t_R)
  27.92 14945.85 ^ _195241_/Y (AO21x2_ASAP7_75t_R)
  59.27 15005.12 v _195484_/Y (NAND2x1_ASAP7_75t_R)
 138.09 15143.21 ^ _195485_/Y (NAND2x1_ASAP7_75t_R)
  80.28 15223.49 ^ _195782_/Y (AND3x1_ASAP7_75t_R)
  23.47 15246.96 v _195789_/Y (NOR2x2_ASAP7_75t_R)
  30.91 15277.86 v _195790_/Y (MAJx2_ASAP7_75t_R)
  24.67 15302.53 v _195795_/Y (AO211x2_ASAP7_75t_R)
  33.01 15335.55 v _195849_/Y (AO21x1_ASAP7_75t_R)
  70.73 15406.28 v _195877_/Y (AO21x1_ASAP7_75t_R)
  92.31 15498.58 ^ _196018_/Y (NAND2x2_ASAP7_75t_R)
  94.81 15593.40 ^ _196284_/Y (OA211x2_ASAP7_75t_R)
   9.14 15602.53 v _196292_/Y (AOI21x1_ASAP7_75t_R)
  30.94 15633.47 v _196293_/Y (AO221x1_ASAP7_75t_R)
  25.35 15658.81 v _196315_/Y (AO21x2_ASAP7_75t_R)
  64.61 15723.42 v _196337_/Y (AO22x1_ASAP7_75t_R)
  84.73 15808.16 v _196340_/Y (AO221x1_ASAP7_75t_R)
  98.60 15906.76 v _196435_/Y (AO21x2_ASAP7_75t_R)
  79.34 15986.10 ^ _196643_/Y (NAND2x1_ASAP7_75t_R)
  31.69 16017.79 v _196645_/Y (XNOR2x2_ASAP7_75t_R)
  23.86 16041.65 ^ _196646_/Y (AOI211x1_ASAP7_75t_R)
  39.77 16081.43 ^ _196771_/Y (AND5x1_ASAP7_75t_R)
  22.56 16103.99 ^ _196794_/Y (AO222x2_ASAP7_75t_R)
  17.65 16121.64 ^ _196795_/Y (AO21x2_ASAP7_75t_R)
  93.21 16214.85 v _197142_/Y (AOI211x1_ASAP7_75t_R)
  74.25 16289.10 v _197223_/Y (AND2x2_ASAP7_75t_R)
  29.22 16318.32 v _197224_/Y (AO32x1_ASAP7_75t_R)
  24.37 16342.69 ^ _197225_/Y (XNOR2x2_ASAP7_75t_R)
  33.14 16375.83 ^ _197236_/Y (AND5x1_ASAP7_75t_R)
  12.14 16387.97 v _197237_/Y (NAND2x1_ASAP7_75t_R)
  38.60 16426.58 v _197238_/Y (OR5x1_ASAP7_75t_R)
  22.31 16448.89 v _197239_/Y (AO211x2_ASAP7_75t_R)
  21.85 16470.73 ^ _197240_/Y (AOI211x1_ASAP7_75t_R)
  50.35 16521.09 ^ _197247_/Y (AO211x2_ASAP7_75t_R)
  66.61 16587.70 ^ _197336_/Y (OR2x2_ASAP7_75t_R)
  35.18 16622.88 ^ _197505_/Y (AND2x2_ASAP7_75t_R)
  38.73 16661.61 v _197506_/Y (XNOR2x2_ASAP7_75t_R)
  27.06 16688.67 ^ _197507_/Y (XNOR2x2_ASAP7_75t_R)
  34.97 16723.64 ^ _197508_/Y (AND5x1_ASAP7_75t_R)
  35.58 16759.22 ^ _197711_/Y (AND5x1_ASAP7_75t_R)
  22.22 16781.44 ^ _197720_/Y (OR4x1_ASAP7_75t_R)
  29.33 16810.77 ^ _197721_/Y (AO211x2_ASAP7_75t_R)
  63.37 16874.14 ^ _197722_/Y (AO21x1_ASAP7_75t_R)
  28.43 16902.56 ^ load_slew696/Y (BUFx12f_ASAP7_75t_R)
  30.24 16932.80 v _198025_/Y (AOI22x1_ASAP7_75t_R)
  46.70 16979.50 v _198037_/Y (AO32x2_ASAP7_75t_R)
  31.19 17010.69 v _198043_/Y (AO32x1_ASAP7_75t_R)
  30.51 17041.20 v _198051_/Y (AO32x1_ASAP7_75t_R)
  33.26 17074.46 v _198070_/Y (AO33x2_ASAP7_75t_R)
  23.34 17097.80 v _198073_/Y (OA211x2_ASAP7_75t_R)
  20.91 17118.72 v _198074_/Y (OA21x2_ASAP7_75t_R)
  23.53 17142.25 v _198075_/Y (AO21x1_ASAP7_75t_R)
  24.22 17166.47 v _198076_/Y (AO21x1_ASAP7_75t_R)
  22.16 17188.63 v _198100_/Y (AO21x1_ASAP7_75t_R)
  28.92 17217.55 ^ _198101_/Y (AOI21x1_ASAP7_75t_R)
  84.32 17301.88 v _198137_/Y (NOR3x1_ASAP7_75t_R)
  55.71 17357.59 v _198412_/Y (OR4x1_ASAP7_75t_R)
  27.32 17384.91 v _198413_/Y (OA211x2_ASAP7_75t_R)
  17.79 17402.70 ^ _198423_/Y (OAI22x1_ASAP7_75t_R)
  28.30 17431.01 ^ _198425_/Y (AND4x1_ASAP7_75t_R)
  53.06 17484.06 ^ _198426_/Y (AND5x1_ASAP7_75t_R)
  17.39 17501.45 v _198460_/Y (NAND2x2_ASAP7_75t_R)
  37.94 17539.40 v _198461_/Y (AO21x2_ASAP7_75t_R)
  67.44 17606.84 v _198463_/Y (AND2x4_ASAP7_75t_R)
 156.02 17762.85 ^ _198787_/Y (NAND2x1_ASAP7_75t_R)
  66.95 17829.80 v _198788_/Y (XNOR2x2_ASAP7_75t_R)
  20.69 17850.49 v _198789_/Y (AO21x1_ASAP7_75t_R)
  41.50 17891.99 ^ _198790_/Y (XNOR2x2_ASAP7_75t_R)
  95.04 17987.03 v _198791_/Y (NAND2x1_ASAP7_75t_R)
  80.02 18067.05 ^ _198887_/Y (AOI21x1_ASAP7_75t_R)
  34.28 18101.32 ^ _198888_/Y (AO32x1_ASAP7_75t_R)
  23.47 18124.80 v _198893_/Y (AOI221x1_ASAP7_75t_R)
  24.40 18149.19 v _198904_/Y (AND2x2_ASAP7_75t_R)
  16.57 18165.77 v _198913_/Y (OA21x2_ASAP7_75t_R)
  57.90 18223.67 v _198916_/Y (OA33x2_ASAP7_75t_R)
  90.19 18313.85 ^ _198955_/Y (OAI21x1_ASAP7_75t_R)
 101.84 18415.69 ^ _200274_/Y (AO21x1_ASAP7_75t_R)
  61.83 18477.52 ^ _200275_/Y (AND2x2_ASAP7_75t_R)
  35.42 18512.93 ^ _200396_/Y (AND5x1_ASAP7_75t_R)
  16.32 18529.26 v _200397_/Y (OAI22x1_ASAP7_75t_R)
  28.25 18557.50 ^ _200399_/Y (NAND2x1_ASAP7_75t_R)
  25.91 18583.41 ^ _201181_/Y (OA211x2_ASAP7_75t_R)
  37.03 18620.44 ^ _201216_/Y (AND5x1_ASAP7_75t_R)
  69.34 18689.78 ^ _201383_/Y (AND3x1_ASAP7_75t_R)
  58.51 18748.29 ^ _201670_/Y (AND4x2_ASAP7_75t_R)
  28.20 18776.48 v _201671_/Y (XNOR2x2_ASAP7_75t_R)
  16.56 18793.04 v _201676_/Y (AO21x1_ASAP7_75t_R)
  19.63 18812.67 v _201692_/Y (AO21x1_ASAP7_75t_R)
  40.73 18853.40 ^ _226388_/Y (AOI21x1_ASAP7_75t_R)
  31.49 18884.89 ^ wire666/Y (BUFx12f_ASAP7_75t_R)
  57.35 18942.24 ^ _230390_/Y (OA211x2_ASAP7_75t_R)
  69.74 19011.98 v _230392_/Y (OAI21x1_ASAP7_75t_R)
  67.73 19079.70 v load_slew592/Y (BUFx10_ASAP7_75t_R)
  31.57 19111.27 v load_slew591/Y (BUFx10_ASAP7_75t_R)
  23.98 19135.25 v load_slew590/Y (BUFx12f_ASAP7_75t_R)
 143.68 19278.93 v _268427_/Y (AO22x1_ASAP7_75t_R)
  40.95 19319.88 ^ _273569_/Y (AOI211x1_ASAP7_75t_R)
   0.13 19320.01 ^ _359538_/D (DFFHQNx1_ASAP7_75t_R)
        19320.01   data arrival time

12000.00 12000.00   clock core_clk (rise edge)
   0.00 12000.00   clock source latency
   0.00 12000.00 ^ clk (in)
  50.48 12050.48 ^ wire5623/Y (BUFx12_ASAP7_75t_R)
  51.19 12101.67 ^ clkbuf_0_clk/Y (BUFx24_ASAP7_75t_R)
  27.49 12129.16 ^ clkbuf_1_1_0_clk/Y (BUFx24_ASAP7_75t_R)
  20.44 12149.59 ^ clkbuf_2_3_0_clk/Y (BUFx24_ASAP7_75t_R)
  29.36 12178.95 ^ clkbuf_3_6_0_clk/Y (BUFx24_ASAP7_75t_R)
  25.68 12204.63 ^ clkbuf_4_12_0_clk/Y (BUFx24_ASAP7_75t_R)
  26.72 12231.35 ^ clkbuf_6_50_0_clk/Y (BUFx24_ASAP7_75t_R)
  21.12 12252.47 ^ clkbuf_7_100__f_clk/Y (BUFx24_ASAP7_75t_R)
  25.22 12277.69 ^ clkbuf_leaf_748_clk/Y (BUFx24_ASAP7_75t_R)
   0.78 12278.47 ^ _359538_/CLK (DFFHQNx1_ASAP7_75t_R)
 -50.00 12228.47   clock uncertainty
   0.00 12228.47   clock reconvergence pessimism
 -12.29 12216.18   library setup time
        12216.18   data required time
---------------------------------------------------------
        12216.18   data required time
        -19320.01   data arrival time
---------------------------------------------------------
        -7103.83   slack (VIOLATED)


Startpoint: dmem_rsp_valid (input port clocked by core_clk)
Endpoint: _359538_ (rising edge-triggered flip-flop clocked by core_clk)
Path Group: in2reg
Path Type: max

  Delay    Time   Description
---------------------------------------------------------
   0.00    0.00   clock core_clk (rise edge)
   0.00    0.00   clock network delay (propagated)
2400.00 2400.00 ^ input external delay
   0.00 2400.00 ^ dmem_rsp_valid (in)
  58.14 2458.14 ^ input66/Y (BUFx2_ASAP7_75t_R)
  43.34 2501.48 v _174481_/Y (INVx1_ASAP7_75t_R)
  72.18 2573.66 v _176543_/Y (OR3x2_ASAP7_75t_R)
  49.24 2622.90 v wire5074/Y (BUFx16f_ASAP7_75t_R)
  71.14 2694.04 v _176567_/Y (OA21x2_ASAP7_75t_R)
  68.79 2762.82 v _178030_/Y (AO21x1_ASAP7_75t_R)
 105.07 2867.89 ^ _178032_/Y (OAI21x1_ASAP7_75t_R)
  34.47 2902.36 ^ _178050_/Y (AO211x2_ASAP7_75t_R)
  68.12 2970.48 ^ _178517_/Y (OR5x1_ASAP7_75t_R)
  65.86 3036.34 ^ _178646_/Y (AND3x2_ASAP7_75t_R)
  30.95 3067.29 ^ load_slew3753/Y (BUFx16f_ASAP7_75t_R)
  54.71 3122.00 ^ _180460_/Y (AO21x1_ASAP7_75t_R)
  23.94 3145.93 v _180461_/Y (NOR2x2_ASAP7_75t_R)
  35.36 3181.30 v wire3385/Y (BUFx16f_ASAP7_75t_R)
 158.10 3339.39 ^ _180462_/Y (INVx1_ASAP7_75t_R)
  83.33 3422.72 ^ _180521_/Y (AND3x1_ASAP7_75t_R)
  47.37 3470.09 ^ _180581_/Y (AND4x2_ASAP7_75t_R)
  24.10 3494.20 ^ load_slew2949/Y (BUFx16f_ASAP7_75t_R)
  67.82 3562.02 v _183135_/Y (NOR3x2_ASAP7_75t_R)
  70.37 3632.39 v wire2919/Y (BUFx16f_ASAP7_75t_R)
  61.97 3694.36 v load_slew2918/Y (BUFx16f_ASAP7_75t_R)
  62.88 3757.24 ^ _183378_/Y (NAND2x2_ASAP7_75t_R)
  33.75 3790.99 ^ load_slew2800/Y (BUFx16f_ASAP7_75t_R)
  50.26 3841.25 ^ wire2798/Y (BUFx16f_ASAP7_75t_R)
  30.98 3872.24 ^ load_slew2797/Y (BUFx16f_ASAP7_75t_R)
  43.26 3915.49 ^ _183379_/Y (AND2x2_ASAP7_75t_R)
  21.13 3936.63 ^ _183382_/Y (AND2x2_ASAP7_75t_R)
  28.67 3965.30 ^ _183456_/Y (AND4x2_ASAP7_75t_R)
  17.49 3982.78 v _183482_/Y (AOI22x1_ASAP7_75t_R)
  24.36 4007.15 v _183488_/Y (OR3x1_ASAP7_75t_R)
  37.34 4044.49 v _183489_/Y (OA211x2_ASAP7_75t_R)
  42.01 4086.50 ^ _183537_/Y (AOI211x1_ASAP7_75t_R)
  46.20 4132.70 v _183715_/Y (NOR2x1_ASAP7_75t_R)
  39.67 4172.37 v _183717_/Y (AO21x2_ASAP7_75t_R)
  21.56 4193.94 v _183728_/Y (AND2x2_ASAP7_75t_R)
  27.86 4221.79 v _183732_/Y (OR4x1_ASAP7_75t_R)
  31.90 4253.69 v _183757_/Y (OR3x1_ASAP7_75t_R)
  29.16 4282.85 v _183758_/Y (OA33x2_ASAP7_75t_R)
  52.36 4335.21 v _183764_/Y (AO32x1_ASAP7_75t_R)
  60.26 4395.47 v _183836_/Y (AO21x2_ASAP7_75t_R)
  37.28 4432.76 ^ _183876_/Y (AOI21x1_ASAP7_75t_R)
  31.92 4464.68 ^ _183900_/Y (AO21x1_ASAP7_75t_R)
  27.28 4491.96 ^ _183915_/Y (AO211x2_ASAP7_75t_R)
  29.00 4520.96 ^ _183916_/Y (OA21x2_ASAP7_75t_R)
  29.38 4550.33 ^ _183925_/Y (AND3x4_ASAP7_75t_R)
  20.68 4571.02 ^ _183934_/Y (OA21x2_ASAP7_75t_R)
  22.23 4593.25 ^ _183960_/Y (OA31x2_ASAP7_75t_R)
  15.72 4608.97 ^ _183996_/Y (AO21x1_ASAP7_75t_R)
  49.23 4658.20 v _184002_/Y (AOI211x1_ASAP7_75t_R)
  53.28 4711.48 v _184140_/Y (OR4x1_ASAP7_75t_R)
  30.85 4742.33 ^ _184142_/Y (NAND3x1_ASAP7_75t_R)
  22.33 4764.66 v _184149_/Y (AOI211x1_ASAP7_75t_R)
  50.59 4815.25 v _184160_/Y (OR5x2_ASAP7_75t_R)
  38.62 4853.87 v _184164_/Y (AO221x2_ASAP7_75t_R)
  35.63 4889.50 v _184171_/Y (AO31x2_ASAP7_75t_R)
  43.49 4932.99 v _184191_/Y (OA211x2_ASAP7_75t_R)
  27.16 4960.15 v _184192_/Y (XNOR2x2_ASAP7_75t_R)
  20.29 4980.45 v _184193_/Y (AO21x1_ASAP7_75t_R)
  34.71 5015.15 v _184201_/Y (OA221x2_ASAP7_75t_R)
  32.15 5047.30 v _184333_/Y (OA211x2_ASAP7_75t_R)
  26.61 5073.91 v _184335_/Y (AO221x1_ASAP7_75t_R)
  94.85 5168.76 v _184336_/Y (AO32x1_ASAP7_75t_R)
  60.29 5229.05 ^ _184384_/Y (NAND3x1_ASAP7_75t_R)
  32.98 5262.02 ^ _184385_/Y (AO21x1_ASAP7_75t_R)
  15.95 5277.97 v _184386_/Y (OAI21x1_ASAP7_75t_R)
  53.70 5331.67 ^ _184503_/Y (AOI211x1_ASAP7_75t_R)
  73.55 5405.22 ^ _184540_/Y (OA31x2_ASAP7_75t_R)
  37.48 5442.70 v _184634_/Y (NAND2x1_ASAP7_75t_R)
  30.63 5473.33 v _184649_/Y (AO32x1_ASAP7_75t_R)
  27.84 5501.17 v _184650_/Y (MAJx2_ASAP7_75t_R)
  28.60 5529.77 v _184655_/Y (OA21x2_ASAP7_75t_R)
  26.92 5556.69 ^ _184664_/Y (OAI21x1_ASAP7_75t_R)
  38.56 5595.24 ^ _184734_/Y (AO211x2_ASAP7_75t_R)
  49.30 5644.54 ^ _184767_/Y (OA21x2_ASAP7_75t_R)
  27.45 5671.99 ^ _184773_/Y (AND2x2_ASAP7_75t_R)
  30.90 5702.89 v _184774_/Y (XNOR2x2_ASAP7_75t_R)
  24.89 5727.78 v _184781_/Y (MAJx2_ASAP7_75t_R)
  24.25 5752.03 v _184782_/Y (MAJx2_ASAP7_75t_R)
  43.92 5795.95 v _184903_/Y (AO32x1_ASAP7_75t_R)
  30.02 5825.97 v _184969_/Y (OA21x2_ASAP7_75t_R)
  38.79 5864.76 ^ _184972_/Y (XOR2x2_ASAP7_75t_R)
  29.88 5894.64 v _185019_/Y (XNOR2x2_ASAP7_75t_R)
  31.70 5926.34 v _185020_/Y (OR4x1_ASAP7_75t_R)
  26.65 5952.99 v _185027_/Y (AO221x1_ASAP7_75t_R)
  34.19 5987.18 v _185028_/Y (OA31x2_ASAP7_75t_R)
  30.90 6018.08 v _185034_/Y (OA211x2_ASAP7_75t_R)
  38.56 6056.64 v _185039_/Y (AO211x2_ASAP7_75t_R)
  50.66 6107.30 ^ _185041_/Y (NAND2x2_ASAP7_75t_R)
  40.15 6147.45 v _185048_/Y (AOI21x1_ASAP7_75t_R)
  30.72 6178.17 v _185204_/Y (OA21x2_ASAP7_75t_R)
  34.92 6213.09 v _185206_/Y (OR4x1_ASAP7_75t_R)
  22.34 6235.42 v _185222_/Y (AO211x2_ASAP7_75t_R)
  35.45 6270.88 v _185223_/Y (AO21x2_ASAP7_75t_R)
  39.19 6310.06 v _185228_/Y (AND2x4_ASAP7_75t_R)
  40.12 6350.19 v _185330_/Y (AND2x4_ASAP7_75t_R)
  28.29 6378.47 v _185363_/Y (XNOR2x2_ASAP7_75t_R)
  28.67 6407.14 v _185364_/Y (MAJx2_ASAP7_75t_R)
  31.29 6438.44 v _185365_/Y (AO221x1_ASAP7_75t_R)
  42.44 6480.88 v _185401_/Y (OA211x2_ASAP7_75t_R)
  53.38 6534.26 v _185455_/Y (OA21x2_ASAP7_75t_R)
  34.50 6568.76 v _185527_/Y (OA21x2_ASAP7_75t_R)
  30.16 6598.93 ^ _185528_/Y (XNOR2x2_ASAP7_75t_R)
  29.14 6628.07 ^ _185529_/Y (XNOR2x2_ASAP7_75t_R)
  32.82 6660.88 ^ _185530_/Y (AND4x1_ASAP7_75t_R)
  82.78 6743.66 v _185566_/Y (AOI221x1_ASAP7_75t_R)
 131.42 6875.08 ^ _185758_/Y (NAND2x1_ASAP7_75t_R)
  50.90 6925.98 ^ _185847_/Y (AND3x2_ASAP7_75t_R)
  16.33 6942.32 v _185849_/Y (NOR3x1_ASAP7_75t_R)
  27.75 6970.07 v _185855_/Y (OA221x2_ASAP7_75t_R)
  17.80 6987.87 v _185856_/Y (AND4x1_ASAP7_75t_R)
  34.97 7022.85 v _185861_/Y (OA211x2_ASAP7_75t_R)
  49.51 7072.35 v _185906_/Y (OA21x2_ASAP7_75t_R)
  43.90 7116.25 v _185999_/Y (AND2x4_ASAP7_75t_R)
  32.25 7148.51 ^ _186000_/Y (XOR2x2_ASAP7_75t_R)
  28.78 7177.28 ^ _186002_/Y (AO32x1_ASAP7_75t_R)
  23.86 7201.14 ^ _186009_/Y (AND3x1_ASAP7_75t_R)
  11.56 7212.70 v _186020_/Y (NOR2x1_ASAP7_75t_R)
  25.19 7237.89 v _186021_/Y (MAJx2_ASAP7_75t_R)
  42.05 7279.95 v _186124_/Y (AO21x1_ASAP7_75t_R)
  81.08 7361.02 ^ _186126_/Y (NAND2x1_ASAP7_75t_R)
  46.77 7407.79 ^ _186262_/Y (OA21x2_ASAP7_75t_R)
  17.10 7424.89 v _186286_/Y (NOR2x1_ASAP7_75t_R)
  27.82 7452.71 v _186292_/Y (AO22x1_ASAP7_75t_R)
  22.82 7475.53 v _186294_/Y (OA211x2_ASAP7_75t_R)
  39.83 7515.36 v _186295_/Y (AO221x1_ASAP7_75t_R)
  28.51 7543.87 v _186297_/Y (AND2x2_ASAP7_75t_R)
  39.99 7583.86 ^ _186343_/Y (OAI21x1_ASAP7_75t_R)
  57.95 7641.81 v _186506_/Y (NAND2x1_ASAP7_75t_R)
  36.00 7677.81 v _186565_/Y (AND2x4_ASAP7_75t_R)
  37.71 7715.53 ^ _186566_/Y (XNOR2x2_ASAP7_75t_R)
  27.39 7742.92 v _186594_/Y (NOR2x1_ASAP7_75t_R)
  24.17 7767.09 v _186596_/Y (OA21x2_ASAP7_75t_R)
  36.10 7803.19 v _186612_/Y (OA33x2_ASAP7_75t_R)
  52.86 7856.06 v _186613_/Y (OA211x2_ASAP7_75t_R)
  98.85 7954.91 ^ _186634_/Y (NOR2x1_ASAP7_75t_R)
  45.92 8000.83 v _186716_/Y (AOI211x1_ASAP7_75t_R)
  42.38 8043.22 v _186717_/Y (OR5x1_ASAP7_75t_R)
  24.96 8068.17 v _186731_/Y (AO22x2_ASAP7_75t_R)
  36.12 8104.29 v _186732_/Y (AO33x2_ASAP7_75t_R)
  27.82 8132.10 v _186750_/Y (AO221x1_ASAP7_75t_R)
  19.56 8151.66 v _186751_/Y (AND2x2_ASAP7_75t_R)
  25.70 8177.36 v _186934_/Y (OA21x2_ASAP7_75t_R)
  80.82 8258.18 ^ _186965_/Y (NAND2x1_ASAP7_75t_R)
  49.46 8307.64 v _187178_/Y (AOI21x1_ASAP7_75t_R)
  38.07 8345.71 v _187245_/Y (OR3x2_ASAP7_75t_R)
  23.98 8369.69 v _187252_/Y (AO211x2_ASAP7_75t_R)
  49.13 8418.83 v _187260_/Y (OA33x2_ASAP7_75t_R)
  37.75 8456.58 ^ _187271_/Y (OAI21x1_ASAP7_75t_R)
  69.36 8525.94 v _187481_/Y (AOI211x1_ASAP7_75t_R)
  40.26 8566.20 v _187606_/Y (OR3x1_ASAP7_75t_R)
  32.51 8598.71 ^ _187607_/Y (XOR2x2_ASAP7_75t_R)
  28.40 8627.11 v _187608_/Y (XNOR2x2_ASAP7_75t_R)
  31.94 8659.05 v _187609_/Y (OR4x1_ASAP7_75t_R)
  20.60 8679.65 ^ _187656_/Y (OAI21x1_ASAP7_75t_R)
  21.29 8700.94 ^ _187687_/Y (AO21x2_ASAP7_75t_R)
  27.43 8728.37 ^ _187688_/Y (AO21x2_ASAP7_75t_R)
  34.01 8762.39 ^ _187709_/Y (AO31x2_ASAP7_75t_R)
  63.71 8826.09 ^ _187710_/Y (OR2x2_ASAP7_75t_R)
  42.07 8868.17 ^ _187783_/Y (AND2x4_ASAP7_75t_R)
  31.23 8899.39 ^ _187784_/Y (XNOR2x2_ASAP7_75t_R)
  31.88 8931.27 v _187839_/Y (XNOR2x2_ASAP7_75t_R)
  40.43 8971.71 v _187840_/Y (OR5x1_ASAP7_75t_R)
  22.42 8994.13 ^ _187843_/Y (NOR3x1_ASAP7_75t_R)
   8.69 9002.82 v _187860_/Y (NAND2x1_ASAP7_75t_R)
  33.65 9036.47 v _187881_/Y (OA211x2_ASAP7_75t_R)
  61.43 9097.90 ^ _188026_/Y (OAI21x1_ASAP7_75t_R)
  42.37 9140.27 ^ load_slew992/Y (BUFx12_ASAP7_75t_R)
  22.19 9162.46 ^ load_slew991/Y (BUFx12f_ASAP7_75t_R)
  24.24 9186.70 ^ _188189_/Y (AND2x2_ASAP7_75t_R)
  34.16 9220.86 ^ _188190_/Y (XNOR2x2_ASAP7_75t_R)
  32.71 9253.57 v _188325_/Y (XNOR2x2_ASAP7_75t_R)
   7.07 9260.65 ^ _188326_/Y (INVx1_ASAP7_75t_R)
  38.91 9299.56 ^ _188329_/Y (AND4x1_ASAP7_75t_R)
  25.76 9325.32 ^ _188330_/Y (AND3x1_ASAP7_75t_R)
 122.36 9447.67 v _188410_/Y (AOI221x1_ASAP7_75t_R)
  93.43 9541.10 ^ _188490_/Y (OAI21x1_ASAP7_75t_R)
  43.55 9584.65 ^ _188491_/Y (XNOR2x2_ASAP7_75t_R)
  12.94 9597.59 v _188546_/Y (NOR2x1_ASAP7_75t_R)
  24.54 9622.13 v _188564_/Y (AND3x1_ASAP7_75t_R)
  35.43 9657.56 v _188784_/Y (OA211x2_ASAP7_75t_R)
  27.45 9685.01 v _188785_/Y (OR3x1_ASAP7_75t_R)
  43.79 9728.80 ^ _188842_/Y (NAND3x1_ASAP7_75t_R)
  72.65 9801.45 ^ _188843_/Y (AND2x2_ASAP7_75t_R)
  49.12 9850.57 v _188881_/Y (AOI211x1_ASAP7_75t_R)
  31.29 9881.86 v _188882_/Y (AO21x1_ASAP7_75t_R)
  31.87 9913.73 v _189225_/Y (OR3x1_ASAP7_75t_R)
  41.44 9955.17 v _189247_/Y (OR5x1_ASAP7_75t_R)
  33.47 9988.64 v _189250_/Y (OA31x2_ASAP7_75t_R)
  98.44 10087.08 v _189251_/Y (AND5x2_ASAP7_75t_R)
 108.19 10195.27 ^ _189252_/Y (INVx4_ASAP7_75t_R)
  38.05 10233.32 ^ _189633_/Y (AND2x2_ASAP7_75t_R)
  37.63 10270.95 v _189634_/Y (XNOR2x2_ASAP7_75t_R)
  29.96 10300.91 ^ _189635_/Y (XNOR2x2_ASAP7_75t_R)
  60.51 10361.42 ^ _189646_/Y (AND4x1_ASAP7_75t_R)
  56.44 10417.86 ^ _189677_/Y (AND3x1_ASAP7_75t_R)
  64.27 10482.13 v _189736_/Y (NOR3x1_ASAP7_75t_R)
 133.57 10615.70 ^ _189761_/Y (NAND2x1_ASAP7_75t_R)
  93.04 10708.74 v _190097_/Y (AOI21x1_ASAP7_75t_R)
  31.91 10740.65 ^ _190098_/Y (XNOR2x2_ASAP7_75t_R)
  28.10 10768.75 ^ _190110_/Y (AND4x2_ASAP7_75t_R)
  30.05 10798.80 ^ _190111_/Y (AND3x1_ASAP7_75t_R)
  62.04 10860.84 v _190167_/Y (AOI221x1_ASAP7_75t_R)
  91.42 10952.26 ^ _190216_/Y (NAND2x2_ASAP7_75t_R)
  34.49 10986.75 ^ _190302_/Y (AND2x2_ASAP7_75t_R)
  35.99 11022.74 v _190303_/Y (XNOR2x2_ASAP7_75t_R)
  27.59 11050.33 ^ _190381_/Y (XNOR2x2_ASAP7_75t_R)
  28.02 11078.34 ^ _190407_/Y (AND5x1_ASAP7_75t_R)
  36.19 11114.54 ^ _190416_/Y (AND5x1_ASAP7_75t_R)
  19.46 11134.00 ^ _190417_/Y (AO21x2_ASAP7_75t_R)
  88.49 11222.49 v _190456_/Y (AOI211x1_ASAP7_75t_R)
 178.90 11401.38 ^ _190580_/Y (NAND2x1_ASAP7_75t_R)
  96.41 11497.80 v _190856_/Y (AOI211x1_ASAP7_75t_R)
  36.60 11534.40 v _190857_/Y (MAJx2_ASAP7_75t_R)
  27.84 11562.24 v _190860_/Y (OA222x2_ASAP7_75t_R)
  21.99 11584.23 v _190861_/Y (AND3x2_ASAP7_75t_R)
  13.62 11597.85 ^ _190862_/Y (NOR3x1_ASAP7_75t_R)
  16.05 11613.90 v _190999_/Y (OAI21x1_ASAP7_75t_R)
 109.91 11723.81 v _191002_/Y (OR3x1_ASAP7_75t_R)
  69.29 11793.10 v _191165_/Y (AO21x2_ASAP7_75t_R)
  25.66 11818.76 v _191166_/Y (XNOR2x2_ASAP7_75t_R)
  38.31 11857.07 v _191201_/Y (OR5x2_ASAP7_75t_R)
  14.43 11871.50 ^ _191250_/Y (AOI21x1_ASAP7_75t_R)
  26.19 11897.69 ^ _191276_/Y (OA21x2_ASAP7_75t_R)
  23.66 11921.35 ^ _191277_/Y (AO21x2_ASAP7_75t_R)
  41.46 11962.81 ^ _191284_/Y (AO21x1_ASAP7_75t_R)
  55.99 12018.80 ^ _191372_/Y (AO21x2_ASAP7_75t_R)
  33.53 12052.33 ^ load_slew976/Y (BUFx16f_ASAP7_75t_R)
  43.42 12095.75 ^ _191547_/Y (AND2x2_ASAP7_75t_R)
  33.49 12129.24 v _191548_/Y (XNOR2x2_ASAP7_75t_R)
  25.03 12154.27 ^ _191677_/Y (AOI22x1_ASAP7_75t_R)
  37.84 12192.10 ^ _191715_/Y (AND5x1_ASAP7_75t_R)
  39.99 12232.09 ^ _191716_/Y (AND5x2_ASAP7_75t_R)
  31.92 12264.01 ^ _191726_/Y (AO211x2_ASAP7_75t_R)
 120.69 12384.70 ^ _191815_/Y (OR3x1_ASAP7_75t_R)
  67.61 12452.30 ^ _191922_/Y (AND3x2_ASAP7_75t_R)
  31.81 12484.11 ^ _191923_/Y (XNOR2x2_ASAP7_75t_R)
  28.69 12512.80 v _191924_/Y (XNOR2x2_ASAP7_75t_R)
  11.01 12523.81 ^ _191925_/Y (NAND2x1_ASAP7_75t_R)
  22.86 12546.67 ^ _192112_/Y (AO21x1_ASAP7_75t_R)
  20.81 12567.48 v _192137_/Y (NOR2x1_ASAP7_75t_R)
  60.12 12627.59 v _192194_/Y (AO21x1_ASAP7_75t_R)
 133.37 12760.97 v _192219_/Y (OR3x1_ASAP7_75t_R)
  70.07 12831.04 ^ _192452_/Y (NAND3x1_ASAP7_75t_R)
  21.86 12852.90 ^ _192454_/Y (AO21x1_ASAP7_75t_R)
  42.98 12895.88 ^ _192485_/Y (AND5x1_ASAP7_75t_R)
  28.28 12924.16 ^ _192572_/Y (AO21x2_ASAP7_75t_R)
  81.65 13005.81 v _192604_/Y (AOI221x1_ASAP7_75t_R)
  57.71 13063.52 ^ _192740_/Y (OAI21x1_ASAP7_75t_R)
  26.83 13090.35 ^ wire972/Y (BUFx12f_ASAP7_75t_R)
  24.28 13114.64 ^ load_slew971/Y (BUFx6f_ASAP7_75t_R)
  30.99 13145.62 ^ _193048_/Y (AND3x1_ASAP7_75t_R)
  20.43 13166.05 v _193050_/Y (NOR3x1_ASAP7_75t_R)
  35.64 13201.69 v _193076_/Y (OA211x2_ASAP7_75t_R)
  32.08 13233.77 v _193170_/Y (OA211x2_ASAP7_75t_R)
  27.15 13260.91 v _193171_/Y (AND5x2_ASAP7_75t_R)
  34.00 13294.92 v _193179_/Y (OR3x2_ASAP7_75t_R)
  50.64 13345.56 v _193180_/Y (AO21x2_ASAP7_75t_R)
  35.25 13380.81 v load_slew970/Y (BUFx16f_ASAP7_75t_R)
  35.77 13416.58 v _193418_/Y (AO21x1_ASAP7_75t_R)
  28.15 13444.73 v _193421_/Y (OA211x2_ASAP7_75t_R)
  19.35 13464.07 v _193422_/Y (AO21x2_ASAP7_75t_R)
  25.23 13489.30 v _193439_/Y (AO21x2_ASAP7_75t_R)
  31.85 13521.15 v _193440_/Y (AO32x1_ASAP7_75t_R)
  25.95 13547.10 ^ _193494_/Y (OAI21x1_ASAP7_75t_R)
  44.62 13591.73 v _193623_/Y (AOI21x1_ASAP7_75t_R)
 107.46 13699.19 v _193690_/Y (OR3x1_ASAP7_75t_R)
  54.87 13754.05 v _193706_/Y (AND2x2_ASAP7_75t_R)
  39.57 13793.62 ^ _193707_/Y (XNOR2x2_ASAP7_75t_R)
  33.94 13827.56 v _193708_/Y (XNOR2x2_ASAP7_75t_R)
  29.47 13857.03 v _193726_/Y (OR4x1_ASAP7_75t_R)
  57.84 13914.87 v _194025_/Y (OR4x1_ASAP7_75t_R)
  70.96 13985.83 ^ _194133_/Y (NAND2x1_ASAP7_75t_R)
  60.92 14046.75 ^ _194134_/Y (AO21x1_ASAP7_75t_R)
  35.68 14082.43 ^ load_slew969/Y (BUFx10_ASAP7_75t_R)
  32.25 14114.68 ^ _194325_/Y (AND3x1_ASAP7_75t_R)
  25.26 14139.93 ^ _194410_/Y (OR3x1_ASAP7_75t_R)
  42.26 14182.20 ^ _194423_/Y (AND5x1_ASAP7_75t_R)
  39.51 14221.70 ^ _194447_/Y (AND5x1_ASAP7_75t_R)
  31.20 14252.91 ^ _194459_/Y (AND3x2_ASAP7_75t_R)
  24.39 14277.29 ^ _194529_/Y (AO31x2_ASAP7_75t_R)
  68.37 14345.67 ^ _194584_/Y (OR4x1_ASAP7_75t_R)
 117.44 14463.11 v _194680_/Y (NOR2x1_ASAP7_75t_R)
  37.89 14501.00 ^ _194683_/Y (NAND2x1_ASAP7_75t_R)
  30.09 14531.09 ^ _194696_/Y (OA211x2_ASAP7_75t_R)
  22.66 14553.75 ^ _194730_/Y (AO211x2_ASAP7_75t_R)
  48.32 14602.07 ^ _194736_/Y (AO32x1_ASAP7_75t_R)
  28.16 14630.22 v _194830_/Y (AOI21x1_ASAP7_75t_R)
  44.44 14674.67 ^ _195063_/Y (OAI21x1_ASAP7_75t_R)
  73.08 14747.74 ^ _195066_/Y (OA21x2_ASAP7_75t_R)
  49.03 14796.78 ^ _195071_/Y (AND3x2_ASAP7_75t_R)
  38.16 14834.94 ^ _195232_/Y (XOR2x2_ASAP7_75t_R)
  30.92 14865.86 ^ _195234_/Y (AO221x1_ASAP7_75t_R)
  20.59 14886.44 ^ _195238_/Y (AO21x1_ASAP7_75t_R)
  31.48 14917.93 ^ _195240_/Y (AO22x1_ASAP7_75t_R)
  27.92 14945.85 ^ _195241_/Y (AO21x2_ASAP7_75t_R)
  59.27 15005.12 v _195484_/Y (NAND2x1_ASAP7_75t_R)
 138.09 15143.21 ^ _195485_/Y (NAND2x1_ASAP7_75t_R)
  80.28 15223.49 ^ _195782_/Y (AND3x1_ASAP7_75t_R)
  23.47 15246.96 v _195789_/Y (NOR2x2_ASAP7_75t_R)
  30.91 15277.86 v _195790_/Y (MAJx2_ASAP7_75t_R)
  24.67 15302.53 v _195795_/Y (AO211x2_ASAP7_75t_R)
  33.01 15335.55 v _195849_/Y (AO21x1_ASAP7_75t_R)
  70.73 15406.28 v _195877_/Y (AO21x1_ASAP7_75t_R)
  92.31 15498.58 ^ _196018_/Y (NAND2x2_ASAP7_75t_R)
  94.81 15593.40 ^ _196284_/Y (OA211x2_ASAP7_75t_R)
   9.14 15602.53 v _196292_/Y (AOI21x1_ASAP7_75t_R)
  30.94 15633.47 v _196293_/Y (AO221x1_ASAP7_75t_R)
  25.35 15658.81 v _196315_/Y (AO21x2_ASAP7_75t_R)
  64.61 15723.42 v _196337_/Y (AO22x1_ASAP7_75t_R)
  84.73 15808.16 v _196340_/Y (AO221x1_ASAP7_75t_R)
  98.60 15906.76 v _196435_/Y (AO21x2_ASAP7_75t_R)
  79.34 15986.10 ^ _196643_/Y (NAND2x1_ASAP7_75t_R)
  31.69 16017.79 v _196645_/Y (XNOR2x2_ASAP7_75t_R)
  23.86 16041.65 ^ _196646_/Y (AOI211x1_ASAP7_75t_R)
  39.77 16081.43 ^ _196771_/Y (AND5x1_ASAP7_75t_R)
  22.56 16103.99 ^ _196794_/Y (AO222x2_ASAP7_75t_R)
  17.65 16121.64 ^ _196795_/Y (AO21x2_ASAP7_75t_R)
  93.21 16214.85 v _197142_/Y (AOI211x1_ASAP7_75t_R)
  74.25 16289.10 v _197223_/Y (AND2x2_ASAP7_75t_R)
  29.22 16318.32 v _197224_/Y (AO32x1_ASAP7_75t_R)
  24.37 16342.69 ^ _197225_/Y (XNOR2x2_ASAP7_75t_R)
  33.14 16375.83 ^ _197236_/Y (AND5x1_ASAP7_75t_R)
  12.14 16387.97 v _197237_/Y (NAND2x1_ASAP7_75t_R)
  38.60 16426.58 v _197238_/Y (OR5x1_ASAP7_75t_R)
  22.31 16448.89 v _197239_/Y (AO211x2_ASAP7_75t_R)
  21.85 16470.73 ^ _197240_/Y (AOI211x1_ASAP7_75t_R)
  50.35 16521.09 ^ _197247_/Y (AO211x2_ASAP7_75t_R)
  66.61 16587.70 ^ _197336_/Y (OR2x2_ASAP7_75t_R)
  35.18 16622.88 ^ _197505_/Y (AND2x2_ASAP7_75t_R)
  38.73 16661.61 v _197506_/Y (XNOR2x2_ASAP7_75t_R)
  27.06 16688.67 ^ _197507_/Y (XNOR2x2_ASAP7_75t_R)
  34.97 16723.64 ^ _197508_/Y (AND5x1_ASAP7_75t_R)
  35.58 16759.22 ^ _197711_/Y (AND5x1_ASAP7_75t_R)
  22.22 16781.44 ^ _197720_/Y (OR4x1_ASAP7_75t_R)
  29.33 16810.77 ^ _197721_/Y (AO211x2_ASAP7_75t_R)
  63.37 16874.14 ^ _197722_/Y (AO21x1_ASAP7_75t_R)
  28.43 16902.56 ^ load_slew696/Y (BUFx12f_ASAP7_75t_R)
  30.24 16932.80 v _198025_/Y (AOI22x1_ASAP7_75t_R)
  46.70 16979.50 v _198037_/Y (AO32x2_ASAP7_75t_R)
  31.19 17010.69 v _198043_/Y (AO32x1_ASAP7_75t_R)
  30.51 17041.20 v _198051_/Y (AO32x1_ASAP7_75t_R)
  33.26 17074.46 v _198070_/Y (AO33x2_ASAP7_75t_R)
  23.34 17097.80 v _198073_/Y (OA211x2_ASAP7_75t_R)
  20.91 17118.72 v _198074_/Y (OA21x2_ASAP7_75t_R)
  23.53 17142.25 v _198075_/Y (AO21x1_ASAP7_75t_R)
  24.22 17166.47 v _198076_/Y (AO21x1_ASAP7_75t_R)
  22.16 17188.63 v _198100_/Y (AO21x1_ASAP7_75t_R)
  28.92 17217.55 ^ _198101_/Y (AOI21x1_ASAP7_75t_R)
  84.32 17301.88 v _198137_/Y (NOR3x1_ASAP7_75t_R)
  55.71 17357.59 v _198412_/Y (OR4x1_ASAP7_75t_R)
  27.32 17384.91 v _198413_/Y (OA211x2_ASAP7_75t_R)
  17.79 17402.70 ^ _198423_/Y (OAI22x1_ASAP7_75t_R)
  28.30 17431.01 ^ _198425_/Y (AND4x1_ASAP7_75t_R)
  53.06 17484.06 ^ _198426_/Y (AND5x1_ASAP7_75t_R)
  17.39 17501.45 v _198460_/Y (NAND2x2_ASAP7_75t_R)
  37.94 17539.40 v _198461_/Y (AO21x2_ASAP7_75t_R)
  67.44 17606.84 v _198463_/Y (AND2x4_ASAP7_75t_R)
 156.02 17762.85 ^ _198787_/Y (NAND2x1_ASAP7_75t_R)
  66.95 17829.80 v _198788_/Y (XNOR2x2_ASAP7_75t_R)
  20.69 17850.49 v _198789_/Y (AO21x1_ASAP7_75t_R)
  41.50 17891.99 ^ _198790_/Y (XNOR2x2_ASAP7_75t_R)
  95.04 17987.03 v _198791_/Y (NAND2x1_ASAP7_75t_R)
  80.02 18067.05 ^ _198887_/Y (AOI21x1_ASAP7_75t_R)
  34.28 18101.32 ^ _198888_/Y (AO32x1_ASAP7_75t_R)
  23.47 18124.80 v _198893_/Y (AOI221x1_ASAP7_75t_R)
  24.40 18149.19 v _198904_/Y (AND2x2_ASAP7_75t_R)
  16.57 18165.77 v _198913_/Y (OA21x2_ASAP7_75t_R)
  57.90 18223.67 v _198916_/Y (OA33x2_ASAP7_75t_R)
  90.19 18313.85 ^ _198955_/Y (OAI21x1_ASAP7_75t_R)
 101.84 18415.69 ^ _200274_/Y (AO21x1_ASAP7_75t_R)
  61.83 18477.52 ^ _200275_/Y (AND2x2_ASAP7_75t_R)
  35.42 18512.93 ^ _200396_/Y (AND5x1_ASAP7_75t_R)
  16.32 18529.26 v _200397_/Y (OAI22x1_ASAP7_75t_R)
  28.25 18557.50 ^ _200399_/Y (NAND2x1_ASAP7_75t_R)
  25.91 18583.41 ^ _201181_/Y (OA211x2_ASAP7_75t_R)
  37.03 18620.44 ^ _201216_/Y (AND5x1_ASAP7_75t_R)
  69.34 18689.78 ^ _201383_/Y (AND3x1_ASAP7_75t_R)
  58.51 18748.29 ^ _201670_/Y (AND4x2_ASAP7_75t_R)
  28.20 18776.48 v _201671_/Y (XNOR2x2_ASAP7_75t_R)
  16.56 18793.04 v _201676_/Y (AO21x1_ASAP7_75t_R)
  19.63 18812.67 v _201692_/Y (AO21x1_ASAP7_75t_R)
  40.73 18853.40 ^ _226388_/Y (AOI21x1_ASAP7_75t_R)
  31.49 18884.89 ^ wire666/Y (BUFx12f_ASAP7_75t_R)
  57.35 18942.24 ^ _230390_/Y (OA211x2_ASAP7_75t_R)
  69.74 19011.98 v _230392_/Y (OAI21x1_ASAP7_75t_R)
  67.73 19079.70 v load_slew592/Y (BUFx10_ASAP7_75t_R)
  31.57 19111.27 v load_slew591/Y (BUFx10_ASAP7_75t_R)
  23.98 19135.25 v load_slew590/Y (BUFx12f_ASAP7_75t_R)
 143.68 19278.93 v _268427_/Y (AO22x1_ASAP7_75t_R)
  40.95 19319.88 ^ _273569_/Y (AOI211x1_ASAP7_75t_R)
   0.13 19320.01 ^ _359538_/D (DFFHQNx1_ASAP7_75t_R)
        19320.01   data arrival time

12000.00 12000.00   clock core_clk (rise edge)
   0.00 12000.00   clock source latency
   0.00 12000.00 ^ clk (in)
  50.48 12050.48 ^ wire5623/Y (BUFx12_ASAP7_75t_R)
  51.19 12101.67 ^ clkbuf_0_clk/Y (BUFx24_ASAP7_75t_R)
  27.49 12129.16 ^ clkbuf_1_1_0_clk/Y (BUFx24_ASAP7_75t_R)
  20.44 12149.59 ^ clkbuf_2_3_0_clk/Y (BUFx24_ASAP7_75t_R)
  29.36 12178.95 ^ clkbuf_3_6_0_clk/Y (BUFx24_ASAP7_75t_R)
  25.68 12204.63 ^ clkbuf_4_12_0_clk/Y (BUFx24_ASAP7_75t_R)
  26.72 12231.35 ^ clkbuf_6_50_0_clk/Y (BUFx24_ASAP7_75t_R)
  21.12 12252.47 ^ clkbuf_7_100__f_clk/Y (BUFx24_ASAP7_75t_R)
  25.22 12277.69 ^ clkbuf_leaf_748_clk/Y (BUFx24_ASAP7_75t_R)
   0.78 12278.47 ^ _359538_/CLK (DFFHQNx1_ASAP7_75t_R)
 -50.00 12228.47   clock uncertainty
   0.00 12228.47   clock reconvergence pessimism
 -12.29 12216.18   library setup time
        12216.18   data required time
---------------------------------------------------------
        12216.18   data required time
        -19320.01   data arrival time
---------------------------------------------------------
        -7103.83   slack (VIOLATED)


Startpoint: dmem_rsp_valid (input port clocked by core_clk)
Endpoint: _359538_ (rising edge-triggered flip-flop clocked by core_clk)
Path Group: in2reg
Path Type: max

  Delay    Time   Description
---------------------------------------------------------
   0.00    0.00   clock core_clk (rise edge)
   0.00    0.00   clock network delay (propagated)
2400.00 2400.00 ^ input external delay
   0.00 2400.00 ^ dmem_rsp_valid (in)
  58.14 2458.14 ^ input66/Y (BUFx2_ASAP7_75t_R)
  43.34 2501.48 v _174481_/Y (INVx1_ASAP7_75t_R)
  72.18 2573.66 v _176543_/Y (OR3x2_ASAP7_75t_R)
  49.24 2622.90 v wire5074/Y (BUFx16f_ASAP7_75t_R)
  71.14 2694.04 v _176567_/Y (OA21x2_ASAP7_75t_R)
  68.79 2762.82 v _178030_/Y (AO21x1_ASAP7_75t_R)
 105.07 2867.89 ^ _178032_/Y (OAI21x1_ASAP7_75t_R)
  34.47 2902.36 ^ _178050_/Y (AO211x2_ASAP7_75t_R)
  68.12 2970.48 ^ _178517_/Y (OR5x1_ASAP7_75t_R)
  65.86 3036.34 ^ _178646_/Y (AND3x2_ASAP7_75t_R)
  30.95 3067.29 ^ load_slew3753/Y (BUFx16f_ASAP7_75t_R)
  54.71 3122.00 ^ _180460_/Y (AO21x1_ASAP7_75t_R)
  23.94 3145.93 v _180461_/Y (NOR2x2_ASAP7_75t_R)
  35.36 3181.30 v wire3385/Y (BUFx16f_ASAP7_75t_R)
 158.10 3339.39 ^ _180462_/Y (INVx1_ASAP7_75t_R)
  83.33 3422.72 ^ _180521_/Y (AND3x1_ASAP7_75t_R)
  47.37 3470.09 ^ _180581_/Y (AND4x2_ASAP7_75t_R)
  24.10 3494.20 ^ load_slew2949/Y (BUFx16f_ASAP7_75t_R)
  67.82 3562.02 v _183135_/Y (NOR3x2_ASAP7_75t_R)
  70.37 3632.39 v wire2919/Y (BUFx16f_ASAP7_75t_R)
  61.97 3694.36 v load_slew2918/Y (BUFx16f_ASAP7_75t_R)
  62.88 3757.24 ^ _183378_/Y (NAND2x2_ASAP7_75t_R)
  33.75 3790.99 ^ load_slew2800/Y (BUFx16f_ASAP7_75t_R)
  50.26 3841.25 ^ wire2798/Y (BUFx16f_ASAP7_75t_R)
  30.98 3872.24 ^ load_slew2797/Y (BUFx16f_ASAP7_75t_R)
  43.26 3915.49 ^ _183379_/Y (AND2x2_ASAP7_75t_R)
  21.13 3936.63 ^ _183382_/Y (AND2x2_ASAP7_75t_R)
  28.67 3965.30 ^ _183456_/Y (AND4x2_ASAP7_75t_R)
  17.49 3982.78 v _183482_/Y (AOI22x1_ASAP7_75t_R)
  24.36 4007.15 v _183488_/Y (OR3x1_ASAP7_75t_R)
  37.34 4044.49 v _183489_/Y (OA211x2_ASAP7_75t_R)
  42.01 4086.50 ^ _183537_/Y (AOI211x1_ASAP7_75t_R)
  46.20 4132.70 v _183715_/Y (NOR2x1_ASAP7_75t_R)
  39.67 4172.37 v _183717_/Y (AO21x2_ASAP7_75t_R)
  21.56 4193.94 v _183728_/Y (AND2x2_ASAP7_75t_R)
  27.86 4221.79 v _183732_/Y (OR4x1_ASAP7_75t_R)
  31.90 4253.69 v _183757_/Y (OR3x1_ASAP7_75t_R)
  29.16 4282.85 v _183758_/Y (OA33x2_ASAP7_75t_R)
  52.36 4335.21 v _183764_/Y (AO32x1_ASAP7_75t_R)
  60.26 4395.47 v _183836_/Y (AO21x2_ASAP7_75t_R)
  37.28 4432.76 ^ _183876_/Y (AOI21x1_ASAP7_75t_R)
  31.92 4464.68 ^ _183900_/Y (AO21x1_ASAP7_75t_R)
  27.28 4491.96 ^ _183915_/Y (AO211x2_ASAP7_75t_R)
  29.00 4520.96 ^ _183916_/Y (OA21x2_ASAP7_75t_R)
  29.38 4550.33 ^ _183925_/Y (AND3x4_ASAP7_75t_R)
  20.68 4571.02 ^ _183934_/Y (OA21x2_ASAP7_75t_R)
  22.23 4593.25 ^ _183960_/Y (OA31x2_ASAP7_75t_R)
  15.72 4608.97 ^ _183996_/Y (AO21x1_ASAP7_75t_R)
  49.23 4658.20 v _184002_/Y (AOI211x1_ASAP7_75t_R)
  53.28 4711.48 v _184140_/Y (OR4x1_ASAP7_75t_R)
  30.85 4742.33 ^ _184142_/Y (NAND3x1_ASAP7_75t_R)
  22.33 4764.66 v _184149_/Y (AOI211x1_ASAP7_75t_R)
  50.59 4815.25 v _184160_/Y (OR5x2_ASAP7_75t_R)
  38.62 4853.87 v _184164_/Y (AO221x2_ASAP7_75t_R)
  35.63 4889.50 v _184171_/Y (AO31x2_ASAP7_75t_R)
  43.49 4932.99 v _184191_/Y (OA211x2_ASAP7_75t_R)
  27.16 4960.15 v _184192_/Y (XNOR2x2_ASAP7_75t_R)
  20.29 4980.45 v _184193_/Y (AO21x1_ASAP7_75t_R)
  34.71 5015.15 v _184201_/Y (OA221x2_ASAP7_75t_R)
  32.15 5047.30 v _184333_/Y (OA211x2_ASAP7_75t_R)
  26.61 5073.91 v _184335_/Y (AO221x1_ASAP7_75t_R)
  94.85 5168.76 v _184336_/Y (AO32x1_ASAP7_75t_R)
  60.29 5229.05 ^ _184384_/Y (NAND3x1_ASAP7_75t_R)
  32.98 5262.02 ^ _184385_/Y (AO21x1_ASAP7_75t_R)
  15.95 5277.97 v _184386_/Y (OAI21x1_ASAP7_75t_R)
  53.70 5331.67 ^ _184503_/Y (AOI211x1_ASAP7_75t_R)
  73.55 5405.22 ^ _184540_/Y (OA31x2_ASAP7_75t_R)
  37.48 5442.70 v _184634_/Y (NAND2x1_ASAP7_75t_R)
  30.63 5473.33 v _184649_/Y (AO32x1_ASAP7_75t_R)
  27.84 5501.17 v _184650_/Y (MAJx2_ASAP7_75t_R)
  28.60 5529.77 v _184655_/Y (OA21x2_ASAP7_75t_R)
  26.92 5556.69 ^ _184664_/Y (OAI21x1_ASAP7_75t_R)
  38.56 5595.24 ^ _184734_/Y (AO211x2_ASAP7_75t_R)
  49.30 5644.54 ^ _184767_/Y (OA21x2_ASAP7_75t_R)
  27.45 5671.99 ^ _184773_/Y (AND2x2_ASAP7_75t_R)
  30.90 5702.89 v _184774_/Y (XNOR2x2_ASAP7_75t_R)
  24.89 5727.78 v _184781_/Y (MAJx2_ASAP7_75t_R)
  24.25 5752.03 v _184782_/Y (MAJx2_ASAP7_75t_R)
  43.92 5795.95 v _184903_/Y (AO32x1_ASAP7_75t_R)
  30.02 5825.97 v _184969_/Y (OA21x2_ASAP7_75t_R)
  38.79 5864.76 ^ _184972_/Y (XOR2x2_ASAP7_75t_R)
  29.88 5894.64 v _185019_/Y (XNOR2x2_ASAP7_75t_R)
  31.70 5926.34 v _185020_/Y (OR4x1_ASAP7_75t_R)
  26.65 5952.99 v _185027_/Y (AO221x1_ASAP7_75t_R)
  34.19 5987.18 v _185028_/Y (OA31x2_ASAP7_75t_R)
  30.90 6018.08 v _185034_/Y (OA211x2_ASAP7_75t_R)
  38.56 6056.64 v _185039_/Y (AO211x2_ASAP7_75t_R)
  50.66 6107.30 ^ _185041_/Y (NAND2x2_ASAP7_75t_R)
  40.15 6147.45 v _185048_/Y (AOI21x1_ASAP7_75t_R)
  30.72 6178.17 v _185204_/Y (OA21x2_ASAP7_75t_R)
  34.92 6213.09 v _185206_/Y (OR4x1_ASAP7_75t_R)
  22.34 6235.42 v _185222_/Y (AO211x2_ASAP7_75t_R)
  35.45 6270.88 v _185223_/Y (AO21x2_ASAP7_75t_R)
  39.19 6310.06 v _185228_/Y (AND2x4_ASAP7_75t_R)
  40.12 6350.19 v _185330_/Y (AND2x4_ASAP7_75t_R)
  28.29 6378.47 v _185363_/Y (XNOR2x2_ASAP7_75t_R)
  28.67 6407.14 v _185364_/Y (MAJx2_ASAP7_75t_R)
  31.29 6438.44 v _185365_/Y (AO221x1_ASAP7_75t_R)
  42.44 6480.88 v _185401_/Y (OA211x2_ASAP7_75t_R)
  53.38 6534.26 v _185455_/Y (OA21x2_ASAP7_75t_R)
  34.50 6568.76 v _185527_/Y (OA21x2_ASAP7_75t_R)
  30.16 6598.93 ^ _185528_/Y (XNOR2x2_ASAP7_75t_R)
  29.14 6628.07 ^ _185529_/Y (XNOR2x2_ASAP7_75t_R)
  32.82 6660.88 ^ _185530_/Y (AND4x1_ASAP7_75t_R)
  82.78 6743.66 v _185566_/Y (AOI221x1_ASAP7_75t_R)
 131.42 6875.08 ^ _185758_/Y (NAND2x1_ASAP7_75t_R)
  50.90 6925.98 ^ _185847_/Y (AND3x2_ASAP7_75t_R)
  16.33 6942.32 v _185849_/Y (NOR3x1_ASAP7_75t_R)
  27.75 6970.07 v _185855_/Y (OA221x2_ASAP7_75t_R)
  17.80 6987.87 v _185856_/Y (AND4x1_ASAP7_75t_R)
  34.97 7022.85 v _185861_/Y (OA211x2_ASAP7_75t_R)
  49.51 7072.35 v _185906_/Y (OA21x2_ASAP7_75t_R)
  43.90 7116.25 v _185999_/Y (AND2x4_ASAP7_75t_R)
  32.25 7148.51 ^ _186000_/Y (XOR2x2_ASAP7_75t_R)
  28.78 7177.28 ^ _186002_/Y (AO32x1_ASAP7_75t_R)
  23.86 7201.14 ^ _186009_/Y (AND3x1_ASAP7_75t_R)
  11.56 7212.70 v _186020_/Y (NOR2x1_ASAP7_75t_R)
  25.19 7237.89 v _186021_/Y (MAJx2_ASAP7_75t_R)
  42.05 7279.95 v _186124_/Y (AO21x1_ASAP7_75t_R)
  81.08 7361.02 ^ _186126_/Y (NAND2x1_ASAP7_75t_R)
  46.77 7407.79 ^ _186262_/Y (OA21x2_ASAP7_75t_R)
  17.10 7424.89 v _186286_/Y (NOR2x1_ASAP7_75t_R)
  27.82 7452.71 v _186292_/Y (AO22x1_ASAP7_75t_R)
  22.82 7475.53 v _186294_/Y (OA211x2_ASAP7_75t_R)
  39.83 7515.36 v _186295_/Y (AO221x1_ASAP7_75t_R)
  28.51 7543.87 v _186297_/Y (AND2x2_ASAP7_75t_R)
  39.99 7583.86 ^ _186343_/Y (OAI21x1_ASAP7_75t_R)
  57.95 7641.81 v _186506_/Y (NAND2x1_ASAP7_75t_R)
  36.00 7677.81 v _186565_/Y (AND2x4_ASAP7_75t_R)
  37.71 7715.53 ^ _186566_/Y (XNOR2x2_ASAP7_75t_R)
  27.39 7742.92 v _186594_/Y (NOR2x1_ASAP7_75t_R)
  24.17 7767.09 v _186596_/Y (OA21x2_ASAP7_75t_R)
  36.10 7803.19 v _186612_/Y (OA33x2_ASAP7_75t_R)
  52.86 7856.06 v _186613_/Y (OA211x2_ASAP7_75t_R)
  98.85 7954.91 ^ _186634_/Y (NOR2x1_ASAP7_75t_R)
  45.92 8000.83 v _186716_/Y (AOI211x1_ASAP7_75t_R)
  42.38 8043.22 v _186717_/Y (OR5x1_ASAP7_75t_R)
  24.96 8068.17 v _186731_/Y (AO22x2_ASAP7_75t_R)
  36.12 8104.29 v _186732_/Y (AO33x2_ASAP7_75t_R)
  27.82 8132.10 v _186750_/Y (AO221x1_ASAP7_75t_R)
  19.56 8151.66 v _186751_/Y (AND2x2_ASAP7_75t_R)
  25.70 8177.36 v _186934_/Y (OA21x2_ASAP7_75t_R)
  80.82 8258.18 ^ _186965_/Y (NAND2x1_ASAP7_75t_R)
  49.46 8307.64 v _187178_/Y (AOI21x1_ASAP7_75t_R)
  38.07 8345.71 v _187245_/Y (OR3x2_ASAP7_75t_R)
  23.98 8369.69 v _187252_/Y (AO211x2_ASAP7_75t_R)
  49.13 8418.83 v _187260_/Y (OA33x2_ASAP7_75t_R)
  37.75 8456.58 ^ _187271_/Y (OAI21x1_ASAP7_75t_R)
  69.36 8525.94 v _187481_/Y (AOI211x1_ASAP7_75t_R)
  40.26 8566.20 v _187606_/Y (OR3x1_ASAP7_75t_R)
  32.51 8598.71 ^ _187607_/Y (XOR2x2_ASAP7_75t_R)
  28.40 8627.11 v _187608_/Y (XNOR2x2_ASAP7_75t_R)
  31.94 8659.05 v _187609_/Y (OR4x1_ASAP7_75t_R)
  20.60 8679.65 ^ _187656_/Y (OAI21x1_ASAP7_75t_R)
  21.29 8700.94 ^ _187687_/Y (AO21x2_ASAP7_75t_R)
  27.43 8728.37 ^ _187688_/Y (AO21x2_ASAP7_75t_R)
  34.01 8762.39 ^ _187709_/Y (AO31x2_ASAP7_75t_R)
  63.71 8826.09 ^ _187710_/Y (OR2x2_ASAP7_75t_R)
  42.07 8868.17 ^ _187783_/Y (AND2x4_ASAP7_75t_R)
  31.23 8899.39 ^ _187784_/Y (XNOR2x2_ASAP7_75t_R)
  31.88 8931.27 v _187839_/Y (XNOR2x2_ASAP7_75t_R)
  40.43 8971.71 v _187840_/Y (OR5x1_ASAP7_75t_R)
  22.42 8994.13 ^ _187843_/Y (NOR3x1_ASAP7_75t_R)
   8.69 9002.82 v _187860_/Y (NAND2x1_ASAP7_75t_R)
  33.65 9036.47 v _187881_/Y (OA211x2_ASAP7_75t_R)
  61.43 9097.90 ^ _188026_/Y (OAI21x1_ASAP7_75t_R)
  42.37 9140.27 ^ load_slew992/Y (BUFx12_ASAP7_75t_R)
  22.19 9162.46 ^ load_slew991/Y (BUFx12f_ASAP7_75t_R)
  24.24 9186.70 ^ _188189_/Y (AND2x2_ASAP7_75t_R)
  34.16 9220.86 ^ _188190_/Y (XNOR2x2_ASAP7_75t_R)
  32.71 9253.57 v _188325_/Y (XNOR2x2_ASAP7_75t_R)
   7.07 9260.65 ^ _188326_/Y (INVx1_ASAP7_75t_R)
  38.91 9299.56 ^ _188329_/Y (AND4x1_ASAP7_75t_R)
  25.76 9325.32 ^ _188330_/Y (AND3x1_ASAP7_75t_R)
 122.36 9447.67 v _188410_/Y (AOI221x1_ASAP7_75t_R)
  93.43 9541.10 ^ _188490_/Y (OAI21x1_ASAP7_75t_R)
  43.55 9584.65 ^ _188491_/Y (XNOR2x2_ASAP7_75t_R)
  12.94 9597.59 v _188546_/Y (NOR2x1_ASAP7_75t_R)
  24.54 9622.13 v _188564_/Y (AND3x1_ASAP7_75t_R)
  35.43 9657.56 v _188784_/Y (OA211x2_ASAP7_75t_R)
  27.45 9685.01 v _188785_/Y (OR3x1_ASAP7_75t_R)
  43.79 9728.80 ^ _188842_/Y (NAND3x1_ASAP7_75t_R)
  72.65 9801.45 ^ _188843_/Y (AND2x2_ASAP7_75t_R)
  49.12 9850.57 v _188881_/Y (AOI211x1_ASAP7_75t_R)
  31.29 9881.86 v _188882_/Y (AO21x1_ASAP7_75t_R)
  31.87 9913.73 v _189225_/Y (OR3x1_ASAP7_75t_R)
  41.44 9955.17 v _189247_/Y (OR5x1_ASAP7_75t_R)
  33.47 9988.64 v _189250_/Y (OA31x2_ASAP7_75t_R)
  98.44 10087.08 v _189251_/Y (AND5x2_ASAP7_75t_R)
 108.19 10195.27 ^ _189252_/Y (INVx4_ASAP7_75t_R)
  38.05 10233.32 ^ _189633_/Y (AND2x2_ASAP7_75t_R)
  37.63 10270.95 v _189634_/Y (XNOR2x2_ASAP7_75t_R)
  29.96 10300.91 ^ _189635_/Y (XNOR2x2_ASAP7_75t_R)
  60.51 10361.42 ^ _189646_/Y (AND4x1_ASAP7_75t_R)
  56.44 10417.86 ^ _189677_/Y (AND3x1_ASAP7_75t_R)
  64.27 10482.13 v _189736_/Y (NOR3x1_ASAP7_75t_R)
 133.57 10615.70 ^ _189761_/Y (NAND2x1_ASAP7_75t_R)
  93.04 10708.74 v _190097_/Y (AOI21x1_ASAP7_75t_R)
  31.91 10740.65 ^ _190098_/Y (XNOR2x2_ASAP7_75t_R)
  28.10 10768.75 ^ _190110_/Y (AND4x2_ASAP7_75t_R)
  30.05 10798.80 ^ _190111_/Y (AND3x1_ASAP7_75t_R)
  62.04 10860.84 v _190167_/Y (AOI221x1_ASAP7_75t_R)
  91.42 10952.26 ^ _190216_/Y (NAND2x2_ASAP7_75t_R)
  34.49 10986.75 ^ _190302_/Y (AND2x2_ASAP7_75t_R)
  35.99 11022.74 v _190303_/Y (XNOR2x2_ASAP7_75t_R)
  27.59 11050.33 ^ _190381_/Y (XNOR2x2_ASAP7_75t_R)
  28.02 11078.34 ^ _190407_/Y (AND5x1_ASAP7_75t_R)
  36.19 11114.54 ^ _190416_/Y (AND5x1_ASAP7_75t_R)
  19.46 11134.00 ^ _190417_/Y (AO21x2_ASAP7_75t_R)
  88.49 11222.49 v _190456_/Y (AOI211x1_ASAP7_75t_R)
 178.90 11401.38 ^ _190580_/Y (NAND2x1_ASAP7_75t_R)
  96.41 11497.80 v _190856_/Y (AOI211x1_ASAP7_75t_R)
  36.60 11534.40 v _190857_/Y (MAJx2_ASAP7_75t_R)
  27.84 11562.24 v _190860_/Y (OA222x2_ASAP7_75t_R)
  21.99 11584.23 v _190861_/Y (AND3x2_ASAP7_75t_R)
  13.62 11597.85 ^ _190862_/Y (NOR3x1_ASAP7_75t_R)
  16.05 11613.90 v _190999_/Y (OAI21x1_ASAP7_75t_R)
 109.91 11723.81 v _191002_/Y (OR3x1_ASAP7_75t_R)
  69.29 11793.10 v _191165_/Y (AO21x2_ASAP7_75t_R)
  25.66 11818.76 v _191166_/Y (XNOR2x2_ASAP7_75t_R)
  38.31 11857.07 v _191201_/Y (OR5x2_ASAP7_75t_R)
  14.43 11871.50 ^ _191250_/Y (AOI21x1_ASAP7_75t_R)
  26.19 11897.69 ^ _191276_/Y (OA21x2_ASAP7_75t_R)
  23.66 11921.35 ^ _191277_/Y (AO21x2_ASAP7_75t_R)
  41.46 11962.81 ^ _191284_/Y (AO21x1_ASAP7_75t_R)
  55.99 12018.80 ^ _191372_/Y (AO21x2_ASAP7_75t_R)
  33.53 12052.33 ^ load_slew976/Y (BUFx16f_ASAP7_75t_R)
  43.42 12095.75 ^ _191547_/Y (AND2x2_ASAP7_75t_R)
  33.49 12129.24 v _191548_/Y (XNOR2x2_ASAP7_75t_R)
  25.03 12154.27 ^ _191677_/Y (AOI22x1_ASAP7_75t_R)
  37.84 12192.10 ^ _191715_/Y (AND5x1_ASAP7_75t_R)
  39.99 12232.09 ^ _191716_/Y (AND5x2_ASAP7_75t_R)
  31.92 12264.01 ^ _191726_/Y (AO211x2_ASAP7_75t_R)
 120.69 12384.70 ^ _191815_/Y (OR3x1_ASAP7_75t_R)
  67.61 12452.30 ^ _191922_/Y (AND3x2_ASAP7_75t_R)
  31.81 12484.11 ^ _191923_/Y (XNOR2x2_ASAP7_75t_R)
  28.69 12512.80 v _191924_/Y (XNOR2x2_ASAP7_75t_R)
  11.01 12523.81 ^ _191925_/Y (NAND2x1_ASAP7_75t_R)
  22.86 12546.67 ^ _192112_/Y (AO21x1_ASAP7_75t_R)
  20.81 12567.48 v _192137_/Y (NOR2x1_ASAP7_75t_R)
  60.12 12627.59 v _192194_/Y (AO21x1_ASAP7_75t_R)
 133.37 12760.97 v _192219_/Y (OR3x1_ASAP7_75t_R)
  70.07 12831.04 ^ _192452_/Y (NAND3x1_ASAP7_75t_R)
  21.86 12852.90 ^ _192454_/Y (AO21x1_ASAP7_75t_R)
  42.98 12895.88 ^ _192485_/Y (AND5x1_ASAP7_75t_R)
  28.28 12924.16 ^ _192572_/Y (AO21x2_ASAP7_75t_R)
  81.65 13005.81 v _192604_/Y (AOI221x1_ASAP7_75t_R)
  57.71 13063.52 ^ _192740_/Y (OAI21x1_ASAP7_75t_R)
  26.83 13090.35 ^ wire972/Y (BUFx12f_ASAP7_75t_R)
  24.28 13114.64 ^ load_slew971/Y (BUFx6f_ASAP7_75t_R)
  30.99 13145.62 ^ _193048_/Y (AND3x1_ASAP7_75t_R)
  20.43 13166.05 v _193050_/Y (NOR3x1_ASAP7_75t_R)
  35.64 13201.69 v _193076_/Y (OA211x2_ASAP7_75t_R)
  32.08 13233.77 v _193170_/Y (OA211x2_ASAP7_75t_R)
  27.15 13260.91 v _193171_/Y (AND5x2_ASAP7_75t_R)
  34.00 13294.92 v _193179_/Y (OR3x2_ASAP7_75t_R)
  50.64 13345.56 v _193180_/Y (AO21x2_ASAP7_75t_R)
  35.25 13380.81 v load_slew970/Y (BUFx16f_ASAP7_75t_R)
  35.77 13416.58 v _193418_/Y (AO21x1_ASAP7_75t_R)
  28.15 13444.73 v _193421_/Y (OA211x2_ASAP7_75t_R)
  19.35 13464.07 v _193422_/Y (AO21x2_ASAP7_75t_R)
  25.23 13489.30 v _193439_/Y (AO21x2_ASAP7_75t_R)
  31.85 13521.15 v _193440_/Y (AO32x1_ASAP7_75t_R)
  25.95 13547.10 ^ _193494_/Y (OAI21x1_ASAP7_75t_R)
  44.62 13591.73 v _193623_/Y (AOI21x1_ASAP7_75t_R)
 107.46 13699.19 v _193690_/Y (OR3x1_ASAP7_75t_R)
  54.87 13754.05 v _193706_/Y (AND2x2_ASAP7_75t_R)
  39.57 13793.62 ^ _193707_/Y (XNOR2x2_ASAP7_75t_R)
  33.94 13827.56 v _193708_/Y (XNOR2x2_ASAP7_75t_R)
  29.47 13857.03 v _193726_/Y (OR4x1_ASAP7_75t_R)
  57.84 13914.87 v _194025_/Y (OR4x1_ASAP7_75t_R)
  70.96 13985.83 ^ _194133_/Y (NAND2x1_ASAP7_75t_R)
  60.92 14046.75 ^ _194134_/Y (AO21x1_ASAP7_75t_R)
  35.68 14082.43 ^ load_slew969/Y (BUFx10_ASAP7_75t_R)
  32.25 14114.68 ^ _194325_/Y (AND3x1_ASAP7_75t_R)
  25.26 14139.93 ^ _194410_/Y (OR3x1_ASAP7_75t_R)
  42.26 14182.20 ^ _194423_/Y (AND5x1_ASAP7_75t_R)
  39.51 14221.70 ^ _194447_/Y (AND5x1_ASAP7_75t_R)
  31.20 14252.91 ^ _194459_/Y (AND3x2_ASAP7_75t_R)
  24.39 14277.29 ^ _194529_/Y (AO31x2_ASAP7_75t_R)
  68.37 14345.67 ^ _194584_/Y (OR4x1_ASAP7_75t_R)
 117.44 14463.11 v _194680_/Y (NOR2x1_ASAP7_75t_R)
  37.89 14501.00 ^ _194683_/Y (NAND2x1_ASAP7_75t_R)
  30.09 14531.09 ^ _194696_/Y (OA211x2_ASAP7_75t_R)
  22.66 14553.75 ^ _194730_/Y (AO211x2_ASAP7_75t_R)
  48.32 14602.07 ^ _194736_/Y (AO32x1_ASAP7_75t_R)
  28.16 14630.22 v _194830_/Y (AOI21x1_ASAP7_75t_R)
  44.44 14674.67 ^ _195063_/Y (OAI21x1_ASAP7_75t_R)
  73.08 14747.74 ^ _195066_/Y (OA21x2_ASAP7_75t_R)
  49.03 14796.78 ^ _195071_/Y (AND3x2_ASAP7_75t_R)
  38.16 14834.94 ^ _195232_/Y (XOR2x2_ASAP7_75t_R)
  30.92 14865.86 ^ _195234_/Y (AO221x1_ASAP7_75t_R)
  20.59 14886.44 ^ _195238_/Y (AO21x1_ASAP7_75t_R)
  31.48 14917.93 ^ _195240_/Y (AO22x1_ASAP7_75t_R)
  27.92 14945.85 ^ _195241_/Y (AO21x2_ASAP7_75t_R)
  59.27 15005.12 v _195484_/Y (NAND2x1_ASAP7_75t_R)
 138.09 15143.21 ^ _195485_/Y (NAND2x1_ASAP7_75t_R)
  80.28 15223.49 ^ _195782_/Y (AND3x1_ASAP7_75t_R)
  23.47 15246.96 v _195789_/Y (NOR2x2_ASAP7_75t_R)
  30.91 15277.86 v _195790_/Y (MAJx2_ASAP7_75t_R)
  24.67 15302.53 v _195795_/Y (AO211x2_ASAP7_75t_R)
  33.01 15335.55 v _195849_/Y (AO21x1_ASAP7_75t_R)
  70.73 15406.28 v _195877_/Y (AO21x1_ASAP7_75t_R)
  92.31 15498.58 ^ _196018_/Y (NAND2x2_ASAP7_75t_R)
  94.81 15593.40 ^ _196284_/Y (OA211x2_ASAP7_75t_R)
   9.14 15602.53 v _196292_/Y (AOI21x1_ASAP7_75t_R)
  30.94 15633.47 v _196293_/Y (AO221x1_ASAP7_75t_R)
  25.35 15658.81 v _196315_/Y (AO21x2_ASAP7_75t_R)
  64.61 15723.42 v _196337_/Y (AO22x1_ASAP7_75t_R)
  84.73 15808.16 v _196340_/Y (AO221x1_ASAP7_75t_R)
  98.60 15906.76 v _196435_/Y (AO21x2_ASAP7_75t_R)
  79.34 15986.10 ^ _196643_/Y (NAND2x1_ASAP7_75t_R)
  31.69 16017.79 v _196645_/Y (XNOR2x2_ASAP7_75t_R)
  23.86 16041.65 ^ _196646_/Y (AOI211x1_ASAP7_75t_R)
  39.77 16081.43 ^ _196771_/Y (AND5x1_ASAP7_75t_R)
  22.56 16103.99 ^ _196794_/Y (AO222x2_ASAP7_75t_R)
  17.65 16121.64 ^ _196795_/Y (AO21x2_ASAP7_75t_R)
  93.21 16214.85 v _197142_/Y (AOI211x1_ASAP7_75t_R)
  74.25 16289.10 v _197223_/Y (AND2x2_ASAP7_75t_R)
  29.22 16318.32 v _197224_/Y (AO32x1_ASAP7_75t_R)
  24.37 16342.69 ^ _197225_/Y (XNOR2x2_ASAP7_75t_R)
  33.14 16375.83 ^ _197236_/Y (AND5x1_ASAP7_75t_R)
  12.14 16387.97 v _197237_/Y (NAND2x1_ASAP7_75t_R)
  38.60 16426.58 v _197238_/Y (OR5x1_ASAP7_75t_R)
  22.31 16448.89 v _197239_/Y (AO211x2_ASAP7_75t_R)
  21.85 16470.73 ^ _197240_/Y (AOI211x1_ASAP7_75t_R)
  50.35 16521.09 ^ _197247_/Y (AO211x2_ASAP7_75t_R)
  66.61 16587.70 ^ _197336_/Y (OR2x2_ASAP7_75t_R)
  35.18 16622.88 ^ _197505_/Y (AND2x2_ASAP7_75t_R)
  38.73 16661.61 v _197506_/Y (XNOR2x2_ASAP7_75t_R)
  27.06 16688.67 ^ _197507_/Y (XNOR2x2_ASAP7_75t_R)
  34.97 16723.64 ^ _197508_/Y (AND5x1_ASAP7_75t_R)
  35.58 16759.22 ^ _197711_/Y (AND5x1_ASAP7_75t_R)
  22.22 16781.44 ^ _197720_/Y (OR4x1_ASAP7_75t_R)
  29.33 16810.77 ^ _197721_/Y (AO211x2_ASAP7_75t_R)
  63.37 16874.14 ^ _197722_/Y (AO21x1_ASAP7_75t_R)
  28.43 16902.56 ^ load_slew696/Y (BUFx12f_ASAP7_75t_R)
  30.24 16932.80 v _198025_/Y (AOI22x1_ASAP7_75t_R)
  46.70 16979.50 v _198037_/Y (AO32x2_ASAP7_75t_R)
  31.19 17010.69 v _198043_/Y (AO32x1_ASAP7_75t_R)
  30.51 17041.20 v _198051_/Y (AO32x1_ASAP7_75t_R)
  33.26 17074.46 v _198070_/Y (AO33x2_ASAP7_75t_R)
  23.34 17097.80 v _198073_/Y (OA211x2_ASAP7_75t_R)
  20.91 17118.72 v _198074_/Y (OA21x2_ASAP7_75t_R)
  23.53 17142.25 v _198075_/Y (AO21x1_ASAP7_75t_R)
  24.22 17166.47 v _198076_/Y (AO21x1_ASAP7_75t_R)
  22.16 17188.63 v _198100_/Y (AO21x1_ASAP7_75t_R)
  28.92 17217.55 ^ _198101_/Y (AOI21x1_ASAP7_75t_R)
  84.32 17301.88 v _198137_/Y (NOR3x1_ASAP7_75t_R)
  55.71 17357.59 v _198412_/Y (OR4x1_ASAP7_75t_R)
  27.32 17384.91 v _198413_/Y (OA211x2_ASAP7_75t_R)
  17.79 17402.70 ^ _198423_/Y (OAI22x1_ASAP7_75t_R)
  28.30 17431.01 ^ _198425_/Y (AND4x1_ASAP7_75t_R)
  53.06 17484.06 ^ _198426_/Y (AND5x1_ASAP7_75t_R)
  17.39 17501.45 v _198460_/Y (NAND2x2_ASAP7_75t_R)
  37.94 17539.40 v _198461_/Y (AO21x2_ASAP7_75t_R)
  67.44 17606.84 v _198463_/Y (AND2x4_ASAP7_75t_R)
 156.02 17762.85 ^ _198787_/Y (NAND2x1_ASAP7_75t_R)
  66.95 17829.80 v _198788_/Y (XNOR2x2_ASAP7_75t_R)
  20.69 17850.49 v _198789_/Y (AO21x1_ASAP7_75t_R)
  41.50 17891.99 ^ _198790_/Y (XNOR2x2_ASAP7_75t_R)
  95.04 17987.03 v _198791_/Y (NAND2x1_ASAP7_75t_R)
  80.02 18067.05 ^ _198887_/Y (AOI21x1_ASAP7_75t_R)
  34.28 18101.32 ^ _198888_/Y (AO32x1_ASAP7_75t_R)
  23.47 18124.80 v _198893_/Y (AOI221x1_ASAP7_75t_R)
  24.40 18149.19 v _198904_/Y (AND2x2_ASAP7_75t_R)
  16.57 18165.77 v _198913_/Y (OA21x2_ASAP7_75t_R)
  57.90 18223.67 v _198916_/Y (OA33x2_ASAP7_75t_R)
  90.19 18313.85 ^ _198955_/Y (OAI21x1_ASAP7_75t_R)
 101.84 18415.69 ^ _200274_/Y (AO21x1_ASAP7_75t_R)
  61.83 18477.52 ^ _200275_/Y (AND2x2_ASAP7_75t_R)
  35.42 18512.93 ^ _200396_/Y (AND5x1_ASAP7_75t_R)
  16.32 18529.26 v _200397_/Y (OAI22x1_ASAP7_75t_R)
  28.25 18557.50 ^ _200399_/Y (NAND2x1_ASAP7_75t_R)
  25.91 18583.41 ^ _201181_/Y (OA211x2_ASAP7_75t_R)
  37.03 18620.44 ^ _201216_/Y (AND5x1_ASAP7_75t_R)
  69.34 18689.78 ^ _201383_/Y (AND3x1_ASAP7_75t_R)
  58.51 18748.29 ^ _201670_/Y (AND4x2_ASAP7_75t_R)
  28.20 18776.48 v _201671_/Y (XNOR2x2_ASAP7_75t_R)
  16.56 18793.04 v _201676_/Y (AO21x1_ASAP7_75t_R)
  19.63 18812.67 v _201692_/Y (AO21x1_ASAP7_75t_R)
  40.73 18853.40 ^ _226388_/Y (AOI21x1_ASAP7_75t_R)
  31.49 18884.89 ^ wire666/Y (BUFx12f_ASAP7_75t_R)
  57.35 18942.24 ^ _230390_/Y (OA211x2_ASAP7_75t_R)
  69.74 19011.98 v _230392_/Y (OAI21x1_ASAP7_75t_R)
  67.73 19079.70 v load_slew592/Y (BUFx10_ASAP7_75t_R)
  31.57 19111.27 v load_slew591/Y (BUFx10_ASAP7_75t_R)
  23.98 19135.25 v load_slew590/Y (BUFx12f_ASAP7_75t_R)
 143.68 19278.93 v _268427_/Y (AO22x1_ASAP7_75t_R)
  40.95 19319.88 ^ _273569_/Y (AOI211x1_ASAP7_75t_R)
   0.13 19320.01 ^ _359538_/D (DFFHQNx1_ASAP7_75t_R)
        19320.01   data arrival time

12000.00 12000.00   clock core_clk (rise edge)
   0.00 12000.00   clock source latency
   0.00 12000.00 ^ clk (in)
  50.48 12050.48 ^ wire5623/Y (BUFx12_ASAP7_75t_R)
  51.19 12101.67 ^ clkbuf_0_clk/Y (BUFx24_ASAP7_75t_R)
  27.49 12129.16 ^ clkbuf_1_1_0_clk/Y (BUFx24_ASAP7_75t_R)
  20.44 12149.59 ^ clkbuf_2_3_0_clk/Y (BUFx24_ASAP7_75t_R)
  29.36 12178.95 ^ clkbuf_3_6_0_clk/Y (BUFx24_ASAP7_75t_R)
  25.68 12204.63 ^ clkbuf_4_12_0_clk/Y (BUFx24_ASAP7_75t_R)
  26.72 12231.35 ^ clkbuf_6_50_0_clk/Y (BUFx24_ASAP7_75t_R)
  21.12 12252.47 ^ clkbuf_7_100__f_clk/Y (BUFx24_ASAP7_75t_R)
  25.22 12277.69 ^ clkbuf_leaf_748_clk/Y (BUFx24_ASAP7_75t_R)
   0.78 12278.47 ^ _359538_/CLK (DFFHQNx1_ASAP7_75t_R)
 -50.00 12228.47   clock uncertainty
   0.00 12228.47   clock reconvergence pessimism
 -12.29 12216.18   library setup time
        12216.18   data required time
---------------------------------------------------------
        12216.18   data required time
        -19320.01   data arrival time
---------------------------------------------------------
        -7103.83   slack (VIOLATED)


Startpoint: dmem_rsp_valid (input port clocked by core_clk)
Endpoint: _359538_ (rising edge-triggered flip-flop clocked by core_clk)
Path Group: in2reg
Path Type: max

  Delay    Time   Description
---------------------------------------------------------
   0.00    0.00   clock core_clk (rise edge)
   0.00    0.00   clock network delay (propagated)
2400.00 2400.00 ^ input external delay
   0.00 2400.00 ^ dmem_rsp_valid (in)
  58.14 2458.14 ^ input66/Y (BUFx2_ASAP7_75t_R)
  43.34 2501.48 v _174481_/Y (INVx1_ASAP7_75t_R)
  72.18 2573.66 v _176543_/Y (OR3x2_ASAP7_75t_R)
  49.24 2622.90 v wire5074/Y (BUFx16f_ASAP7_75t_R)
  71.14 2694.04 v _176567_/Y (OA21x2_ASAP7_75t_R)
  68.79 2762.82 v _178030_/Y (AO21x1_ASAP7_75t_R)
 105.07 2867.89 ^ _178032_/Y (OAI21x1_ASAP7_75t_R)
  34.47 2902.36 ^ _178050_/Y (AO211x2_ASAP7_75t_R)
  68.12 2970.48 ^ _178517_/Y (OR5x1_ASAP7_75t_R)
  65.86 3036.34 ^ _178646_/Y (AND3x2_ASAP7_75t_R)
  30.95 3067.29 ^ load_slew3753/Y (BUFx16f_ASAP7_75t_R)
  54.71 3122.00 ^ _180460_/Y (AO21x1_ASAP7_75t_R)
  23.94 3145.93 v _180461_/Y (NOR2x2_ASAP7_75t_R)
  35.36 3181.30 v wire3385/Y (BUFx16f_ASAP7_75t_R)
 158.10 3339.39 ^ _180462_/Y (INVx1_ASAP7_75t_R)
  83.33 3422.72 ^ _180521_/Y (AND3x1_ASAP7_75t_R)
  47.37 3470.09 ^ _180581_/Y (AND4x2_ASAP7_75t_R)
  24.10 3494.20 ^ load_slew2949/Y (BUFx16f_ASAP7_75t_R)
  67.82 3562.02 v _183135_/Y (NOR3x2_ASAP7_75t_R)
  70.37 3632.39 v wire2919/Y (BUFx16f_ASAP7_75t_R)
  61.97 3694.36 v load_slew2918/Y (BUFx16f_ASAP7_75t_R)
  62.88 3757.24 ^ _183378_/Y (NAND2x2_ASAP7_75t_R)
  33.75 3790.99 ^ load_slew2800/Y (BUFx16f_ASAP7_75t_R)
  50.26 3841.25 ^ wire2798/Y (BUFx16f_ASAP7_75t_R)
  30.98 3872.24 ^ load_slew2797/Y (BUFx16f_ASAP7_75t_R)
  43.26 3915.49 ^ _183379_/Y (AND2x2_ASAP7_75t_R)
  21.13 3936.63 ^ _183382_/Y (AND2x2_ASAP7_75t_R)
  28.67 3965.30 ^ _183456_/Y (AND4x2_ASAP7_75t_R)
  17.49 3982.78 v _183482_/Y (AOI22x1_ASAP7_75t_R)
  24.36 4007.15 v _183488_/Y (OR3x1_ASAP7_75t_R)
  37.34 4044.49 v _183489_/Y (OA211x2_ASAP7_75t_R)
  42.01 4086.50 ^ _183537_/Y (AOI211x1_ASAP7_75t_R)
  46.20 4132.70 v _183715_/Y (NOR2x1_ASAP7_75t_R)
  39.67 4172.37 v _183717_/Y (AO21x2_ASAP7_75t_R)
  21.56 4193.94 v _183728_/Y (AND2x2_ASAP7_75t_R)
  27.86 4221.79 v _183732_/Y (OR4x1_ASAP7_75t_R)
  31.90 4253.69 v _183757_/Y (OR3x1_ASAP7_75t_R)
  29.16 4282.85 v _183758_/Y (OA33x2_ASAP7_75t_R)
  52.36 4335.21 v _183764_/Y (AO32x1_ASAP7_75t_R)
  60.26 4395.47 v _183836_/Y (AO21x2_ASAP7_75t_R)
  37.28 4432.76 ^ _183876_/Y (AOI21x1_ASAP7_75t_R)
  31.92 4464.68 ^ _183900_/Y (AO21x1_ASAP7_75t_R)
  27.28 4491.96 ^ _183915_/Y (AO211x2_ASAP7_75t_R)
  29.00 4520.96 ^ _183916_/Y (OA21x2_ASAP7_75t_R)
  29.38 4550.33 ^ _183925_/Y (AND3x4_ASAP7_75t_R)
  20.68 4571.02 ^ _183934_/Y (OA21x2_ASAP7_75t_R)
  22.23 4593.25 ^ _183960_/Y (OA31x2_ASAP7_75t_R)
  15.72 4608.97 ^ _183996_/Y (AO21x1_ASAP7_75t_R)
  49.23 4658.20 v _184002_/Y (AOI211x1_ASAP7_75t_R)
  53.28 4711.48 v _184140_/Y (OR4x1_ASAP7_75t_R)
  30.85 4742.33 ^ _184142_/Y (NAND3x1_ASAP7_75t_R)
  22.33 4764.66 v _184149_/Y (AOI211x1_ASAP7_75t_R)
  50.59 4815.25 v _184160_/Y (OR5x2_ASAP7_75t_R)
  38.62 4853.87 v _184164_/Y (AO221x2_ASAP7_75t_R)
  35.63 4889.50 v _184171_/Y (AO31x2_ASAP7_75t_R)
  43.49 4932.99 v _184191_/Y (OA211x2_ASAP7_75t_R)
  27.16 4960.15 v _184192_/Y (XNOR2x2_ASAP7_75t_R)
  20.29 4980.45 v _184193_/Y (AO21x1_ASAP7_75t_R)
  34.71 5015.15 v _184201_/Y (OA221x2_ASAP7_75t_R)
  32.15 5047.30 v _184333_/Y (OA211x2_ASAP7_75t_R)
  26.61 5073.91 v _184335_/Y (AO221x1_ASAP7_75t_R)
  94.85 5168.76 v _184336_/Y (AO32x1_ASAP7_75t_R)
  60.29 5229.05 ^ _184384_/Y (NAND3x1_ASAP7_75t_R)
  32.98 5262.02 ^ _184385_/Y (AO21x1_ASAP7_75t_R)
  15.95 5277.97 v _184386_/Y (OAI21x1_ASAP7_75t_R)
  53.70 5331.67 ^ _184503_/Y (AOI211x1_ASAP7_75t_R)
  73.55 5405.22 ^ _184540_/Y (OA31x2_ASAP7_75t_R)
  37.48 5442.70 v _184634_/Y (NAND2x1_ASAP7_75t_R)
  30.63 5473.33 v _184649_/Y (AO32x1_ASAP7_75t_R)
  27.84 5501.17 v _184650_/Y (MAJx2_ASAP7_75t_R)
  28.60 5529.77 v _184655_/Y (OA21x2_ASAP7_75t_R)
  26.92 5556.69 ^ _184664_/Y (OAI21x1_ASAP7_75t_R)
  38.56 5595.24 ^ _184734_/Y (AO211x2_ASAP7_75t_R)
  49.30 5644.54 ^ _184767_/Y (OA21x2_ASAP7_75t_R)
  27.45 5671.99 ^ _184773_/Y (AND2x2_ASAP7_75t_R)
  30.90 5702.89 v _184774_/Y (XNOR2x2_ASAP7_75t_R)
  24.89 5727.78 v _184781_/Y (MAJx2_ASAP7_75t_R)
  24.25 5752.03 v _184782_/Y (MAJx2_ASAP7_75t_R)
  43.92 5795.95 v _184903_/Y (AO32x1_ASAP7_75t_R)
  30.02 5825.97 v _184969_/Y (OA21x2_ASAP7_75t_R)
  38.79 5864.76 ^ _184972_/Y (XOR2x2_ASAP7_75t_R)
  29.88 5894.64 v _185019_/Y (XNOR2x2_ASAP7_75t_R)
  31.70 5926.34 v _185020_/Y (OR4x1_ASAP7_75t_R)
  26.65 5952.99 v _185027_/Y (AO221x1_ASAP7_75t_R)
  34.19 5987.18 v _185028_/Y (OA31x2_ASAP7_75t_R)
  30.90 6018.08 v _185034_/Y (OA211x2_ASAP7_75t_R)
  38.56 6056.64 v _185039_/Y (AO211x2_ASAP7_75t_R)
  50.66 6107.30 ^ _185041_/Y (NAND2x2_ASAP7_75t_R)
  40.15 6147.45 v _185048_/Y (AOI21x1_ASAP7_75t_R)
  30.72 6178.17 v _185204_/Y (OA21x2_ASAP7_75t_R)
  34.92 6213.09 v _185206_/Y (OR4x1_ASAP7_75t_R)
  22.34 6235.42 v _185222_/Y (AO211x2_ASAP7_75t_R)
  35.45 6270.88 v _185223_/Y (AO21x2_ASAP7_75t_R)
  39.19 6310.06 v _185228_/Y (AND2x4_ASAP7_75t_R)
  40.12 6350.19 v _185330_/Y (AND2x4_ASAP7_75t_R)
  28.29 6378.47 v _185363_/Y (XNOR2x2_ASAP7_75t_R)
  28.67 6407.14 v _185364_/Y (MAJx2_ASAP7_75t_R)
  31.29 6438.44 v _185365_/Y (AO221x1_ASAP7_75t_R)
  42.44 6480.88 v _185401_/Y (OA211x2_ASAP7_75t_R)
  53.38 6534.26 v _185455_/Y (OA21x2_ASAP7_75t_R)
  34.50 6568.76 v _185527_/Y (OA21x2_ASAP7_75t_R)
  30.16 6598.93 ^ _185528_/Y (XNOR2x2_ASAP7_75t_R)
  29.14 6628.07 ^ _185529_/Y (XNOR2x2_ASAP7_75t_R)
  32.82 6660.88 ^ _185530_/Y (AND4x1_ASAP7_75t_R)
  82.78 6743.66 v _185566_/Y (AOI221x1_ASAP7_75t_R)
 131.42 6875.08 ^ _185758_/Y (NAND2x1_ASAP7_75t_R)
  50.90 6925.98 ^ _185847_/Y (AND3x2_ASAP7_75t_R)
  16.33 6942.32 v _185849_/Y (NOR3x1_ASAP7_75t_R)
  27.75 6970.07 v _185855_/Y (OA221x2_ASAP7_75t_R)
  17.80 6987.87 v _185856_/Y (AND4x1_ASAP7_75t_R)
  34.97 7022.85 v _185861_/Y (OA211x2_ASAP7_75t_R)
  49.51 7072.35 v _185906_/Y (OA21x2_ASAP7_75t_R)
  43.90 7116.25 v _185999_/Y (AND2x4_ASAP7_75t_R)
  32.25 7148.51 ^ _186000_/Y (XOR2x2_ASAP7_75t_R)
  28.78 7177.28 ^ _186002_/Y (AO32x1_ASAP7_75t_R)
  23.86 7201.14 ^ _186009_/Y (AND3x1_ASAP7_75t_R)
  11.56 7212.70 v _186020_/Y (NOR2x1_ASAP7_75t_R)
  25.19 7237.89 v _186021_/Y (MAJx2_ASAP7_75t_R)
  42.05 7279.95 v _186124_/Y (AO21x1_ASAP7_75t_R)
  81.08 7361.02 ^ _186126_/Y (NAND2x1_ASAP7_75t_R)
  46.77 7407.79 ^ _186262_/Y (OA21x2_ASAP7_75t_R)
  17.10 7424.89 v _186286_/Y (NOR2x1_ASAP7_75t_R)
  27.82 7452.71 v _186292_/Y (AO22x1_ASAP7_75t_R)
  22.82 7475.53 v _186294_/Y (OA211x2_ASAP7_75t_R)
  39.83 7515.36 v _186295_/Y (AO221x1_ASAP7_75t_R)
  28.51 7543.87 v _186297_/Y (AND2x2_ASAP7_75t_R)
  39.99 7583.86 ^ _186343_/Y (OAI21x1_ASAP7_75t_R)
  57.95 7641.81 v _186506_/Y (NAND2x1_ASAP7_75t_R)
  36.00 7677.81 v _186565_/Y (AND2x4_ASAP7_75t_R)
  37.71 7715.53 ^ _186566_/Y (XNOR2x2_ASAP7_75t_R)
  27.39 7742.92 v _186594_/Y (NOR2x1_ASAP7_75t_R)
  24.17 7767.09 v _186596_/Y (OA21x2_ASAP7_75t_R)
  36.10 7803.19 v _186612_/Y (OA33x2_ASAP7_75t_R)
  52.86 7856.06 v _186613_/Y (OA211x2_ASAP7_75t_R)
  98.85 7954.91 ^ _186634_/Y (NOR2x1_ASAP7_75t_R)
  45.92 8000.83 v _186716_/Y (AOI211x1_ASAP7_75t_R)
  42.38 8043.22 v _186717_/Y (OR5x1_ASAP7_75t_R)
  24.96 8068.17 v _186731_/Y (AO22x2_ASAP7_75t_R)
  36.12 8104.29 v _186732_/Y (AO33x2_ASAP7_75t_R)
  27.82 8132.10 v _186750_/Y (AO221x1_ASAP7_75t_R)
  19.56 8151.66 v _186751_/Y (AND2x2_ASAP7_75t_R)
  25.70 8177.36 v _186934_/Y (OA21x2_ASAP7_75t_R)
  80.82 8258.18 ^ _186965_/Y (NAND2x1_ASAP7_75t_R)
  49.46 8307.64 v _187178_/Y (AOI21x1_ASAP7_75t_R)
  38.07 8345.71 v _187245_/Y (OR3x2_ASAP7_75t_R)
  23.98 8369.69 v _187252_/Y (AO211x2_ASAP7_75t_R)
  49.13 8418.83 v _187260_/Y (OA33x2_ASAP7_75t_R)
  37.75 8456.58 ^ _187271_/Y (OAI21x1_ASAP7_75t_R)
  69.36 8525.94 v _187481_/Y (AOI211x1_ASAP7_75t_R)
  40.26 8566.20 v _187606_/Y (OR3x1_ASAP7_75t_R)
  32.51 8598.71 ^ _187607_/Y (XOR2x2_ASAP7_75t_R)
  28.40 8627.11 v _187608_/Y (XNOR2x2_ASAP7_75t_R)
  31.94 8659.05 v _187609_/Y (OR4x1_ASAP7_75t_R)
  20.60 8679.65 ^ _187656_/Y (OAI21x1_ASAP7_75t_R)
  21.29 8700.94 ^ _187687_/Y (AO21x2_ASAP7_75t_R)
  27.43 8728.37 ^ _187688_/Y (AO21x2_ASAP7_75t_R)
  34.01 8762.39 ^ _187709_/Y (AO31x2_ASAP7_75t_R)
  63.71 8826.09 ^ _187710_/Y (OR2x2_ASAP7_75t_R)
  42.07 8868.17 ^ _187783_/Y (AND2x4_ASAP7_75t_R)
  31.23 8899.39 ^ _187784_/Y (XNOR2x2_ASAP7_75t_R)
  31.88 8931.27 v _187839_/Y (XNOR2x2_ASAP7_75t_R)
  40.43 8971.71 v _187840_/Y (OR5x1_ASAP7_75t_R)
  22.42 8994.13 ^ _187843_/Y (NOR3x1_ASAP7_75t_R)
   8.69 9002.82 v _187860_/Y (NAND2x1_ASAP7_75t_R)
  33.65 9036.47 v _187881_/Y (OA211x2_ASAP7_75t_R)
  61.43 9097.90 ^ _188026_/Y (OAI21x1_ASAP7_75t_R)
  42.37 9140.27 ^ load_slew992/Y (BUFx12_ASAP7_75t_R)
  22.19 9162.46 ^ load_slew991/Y (BUFx12f_ASAP7_75t_R)
  24.24 9186.70 ^ _188189_/Y (AND2x2_ASAP7_75t_R)
  34.16 9220.86 ^ _188190_/Y (XNOR2x2_ASAP7_75t_R)
  32.71 9253.57 v _188325_/Y (XNOR2x2_ASAP7_75t_R)
   7.07 9260.65 ^ _188326_/Y (INVx1_ASAP7_75t_R)
  38.91 9299.56 ^ _188329_/Y (AND4x1_ASAP7_75t_R)
  25.76 9325.32 ^ _188330_/Y (AND3x1_ASAP7_75t_R)
 122.36 9447.67 v _188410_/Y (AOI221x1_ASAP7_75t_R)
  93.43 9541.10 ^ _188490_/Y (OAI21x1_ASAP7_75t_R)
  43.55 9584.65 ^ _188491_/Y (XNOR2x2_ASAP7_75t_R)
  12.94 9597.59 v _188546_/Y (NOR2x1_ASAP7_75t_R)
  24.54 9622.13 v _188564_/Y (AND3x1_ASAP7_75t_R)
  35.43 9657.56 v _188784_/Y (OA211x2_ASAP7_75t_R)
  27.45 9685.01 v _188785_/Y (OR3x1_ASAP7_75t_R)
  43.79 9728.80 ^ _188842_/Y (NAND3x1_ASAP7_75t_R)
  72.65 9801.45 ^ _188843_/Y (AND2x2_ASAP7_75t_R)
  49.12 9850.57 v _188881_/Y (AOI211x1_ASAP7_75t_R)
  31.29 9881.86 v _188882_/Y (AO21x1_ASAP7_75t_R)
  31.87 9913.73 v _189225_/Y (OR3x1_ASAP7_75t_R)
  41.44 9955.17 v _189247_/Y (OR5x1_ASAP7_75t_R)
  33.47 9988.64 v _189250_/Y (OA31x2_ASAP7_75t_R)
  98.44 10087.08 v _189251_/Y (AND5x2_ASAP7_75t_R)
 108.19 10195.27 ^ _189252_/Y (INVx4_ASAP7_75t_R)
  38.05 10233.32 ^ _189633_/Y (AND2x2_ASAP7_75t_R)
  37.63 10270.95 v _189634_/Y (XNOR2x2_ASAP7_75t_R)
  29.96 10300.91 ^ _189635_/Y (XNOR2x2_ASAP7_75t_R)
  60.51 10361.42 ^ _189646_/Y (AND4x1_ASAP7_75t_R)
  56.44 10417.86 ^ _189677_/Y (AND3x1_ASAP7_75t_R)
  64.27 10482.13 v _189736_/Y (NOR3x1_ASAP7_75t_R)
 133.57 10615.70 ^ _189761_/Y (NAND2x1_ASAP7_75t_R)
  93.04 10708.74 v _190097_/Y (AOI21x1_ASAP7_75t_R)
  31.91 10740.65 ^ _190098_/Y (XNOR2x2_ASAP7_75t_R)
  28.10 10768.75 ^ _190110_/Y (AND4x2_ASAP7_75t_R)
  30.05 10798.80 ^ _190111_/Y (AND3x1_ASAP7_75t_R)
  62.04 10860.84 v _190167_/Y (AOI221x1_ASAP7_75t_R)
  91.42 10952.26 ^ _190216_/Y (NAND2x2_ASAP7_75t_R)
  34.49 10986.75 ^ _190302_/Y (AND2x2_ASAP7_75t_R)
  35.99 11022.74 v _190303_/Y (XNOR2x2_ASAP7_75t_R)
  27.59 11050.33 ^ _190381_/Y (XNOR2x2_ASAP7_75t_R)
  28.02 11078.34 ^ _190407_/Y (AND5x1_ASAP7_75t_R)
  36.19 11114.54 ^ _190416_/Y (AND5x1_ASAP7_75t_R)
  19.46 11134.00 ^ _190417_/Y (AO21x2_ASAP7_75t_R)
  88.49 11222.49 v _190456_/Y (AOI211x1_ASAP7_75t_R)
 178.90 11401.38 ^ _190580_/Y (NAND2x1_ASAP7_75t_R)
  96.41 11497.80 v _190856_/Y (AOI211x1_ASAP7_75t_R)
  36.60 11534.40 v _190857_/Y (MAJx2_ASAP7_75t_R)
  27.84 11562.24 v _190860_/Y (OA222x2_ASAP7_75t_R)
  21.99 11584.23 v _190861_/Y (AND3x2_ASAP7_75t_R)
  13.62 11597.85 ^ _190862_/Y (NOR3x1_ASAP7_75t_R)
  16.05 11613.90 v _190999_/Y (OAI21x1_ASAP7_75t_R)
 109.91 11723.81 v _191002_/Y (OR3x1_ASAP7_75t_R)
  69.29 11793.10 v _191165_/Y (AO21x2_ASAP7_75t_R)
  25.66 11818.76 v _191166_/Y (XNOR2x2_ASAP7_75t_R)
  38.31 11857.07 v _191201_/Y (OR5x2_ASAP7_75t_R)
  14.43 11871.50 ^ _191250_/Y (AOI21x1_ASAP7_75t_R)
  26.19 11897.69 ^ _191276_/Y (OA21x2_ASAP7_75t_R)
  23.66 11921.35 ^ _191277_/Y (AO21x2_ASAP7_75t_R)
  41.46 11962.81 ^ _191284_/Y (AO21x1_ASAP7_75t_R)
  55.99 12018.80 ^ _191372_/Y (AO21x2_ASAP7_75t_R)
  33.53 12052.33 ^ load_slew976/Y (BUFx16f_ASAP7_75t_R)
  43.42 12095.75 ^ _191547_/Y (AND2x2_ASAP7_75t_R)
  33.49 12129.24 v _191548_/Y (XNOR2x2_ASAP7_75t_R)
  25.03 12154.27 ^ _191677_/Y (AOI22x1_ASAP7_75t_R)
  37.84 12192.10 ^ _191715_/Y (AND5x1_ASAP7_75t_R)
  39.99 12232.09 ^ _191716_/Y (AND5x2_ASAP7_75t_R)
  31.92 12264.01 ^ _191726_/Y (AO211x2_ASAP7_75t_R)
 120.69 12384.70 ^ _191815_/Y (OR3x1_ASAP7_75t_R)
  67.61 12452.30 ^ _191922_/Y (AND3x2_ASAP7_75t_R)
  31.81 12484.11 ^ _191923_/Y (XNOR2x2_ASAP7_75t_R)
  28.69 12512.80 v _191924_/Y (XNOR2x2_ASAP7_75t_R)
  11.01 12523.81 ^ _191925_/Y (NAND2x1_ASAP7_75t_R)
  22.86 12546.67 ^ _192112_/Y (AO21x1_ASAP7_75t_R)
  20.81 12567.48 v _192137_/Y (NOR2x1_ASAP7_75t_R)
  60.12 12627.59 v _192194_/Y (AO21x1_ASAP7_75t_R)
 133.37 12760.97 v _192219_/Y (OR3x1_ASAP7_75t_R)
  70.07 12831.04 ^ _192452_/Y (NAND3x1_ASAP7_75t_R)
  21.86 12852.90 ^ _192454_/Y (AO21x1_ASAP7_75t_R)
  42.98 12895.88 ^ _192485_/Y (AND5x1_ASAP7_75t_R)
  28.28 12924.16 ^ _192572_/Y (AO21x2_ASAP7_75t_R)
  81.65 13005.81 v _192604_/Y (AOI221x1_ASAP7_75t_R)
  57.71 13063.52 ^ _192740_/Y (OAI21x1_ASAP7_75t_R)
  26.83 13090.35 ^ wire972/Y (BUFx12f_ASAP7_75t_R)
  24.28 13114.64 ^ load_slew971/Y (BUFx6f_ASAP7_75t_R)
  30.99 13145.62 ^ _193048_/Y (AND3x1_ASAP7_75t_R)
  20.43 13166.05 v _193050_/Y (NOR3x1_ASAP7_75t_R)
  35.64 13201.69 v _193076_/Y (OA211x2_ASAP7_75t_R)
  32.08 13233.77 v _193170_/Y (OA211x2_ASAP7_75t_R)
  27.15 13260.91 v _193171_/Y (AND5x2_ASAP7_75t_R)
  34.00 13294.92 v _193179_/Y (OR3x2_ASAP7_75t_R)
  50.64 13345.56 v _193180_/Y (AO21x2_ASAP7_75t_R)
  35.25 13380.81 v load_slew970/Y (BUFx16f_ASAP7_75t_R)
  35.77 13416.58 v _193418_/Y (AO21x1_ASAP7_75t_R)
  28.15 13444.73 v _193421_/Y (OA211x2_ASAP7_75t_R)
  19.35 13464.07 v _193422_/Y (AO21x2_ASAP7_75t_R)
  25.23 13489.30 v _193439_/Y (AO21x2_ASAP7_75t_R)
  31.85 13521.15 v _193440_/Y (AO32x1_ASAP7_75t_R)
  25.95 13547.10 ^ _193494_/Y (OAI21x1_ASAP7_75t_R)
  44.62 13591.73 v _193623_/Y (AOI21x1_ASAP7_75t_R)
 107.46 13699.19 v _193690_/Y (OR3x1_ASAP7_75t_R)
  54.87 13754.05 v _193706_/Y (AND2x2_ASAP7_75t_R)
  39.57 13793.62 ^ _193707_/Y (XNOR2x2_ASAP7_75t_R)
  33.94 13827.56 v _193708_/Y (XNOR2x2_ASAP7_75t_R)
  29.47 13857.03 v _193726_/Y (OR4x1_ASAP7_75t_R)
  57.84 13914.87 v _194025_/Y (OR4x1_ASAP7_75t_R)
  70.96 13985.83 ^ _194133_/Y (NAND2x1_ASAP7_75t_R)
  60.92 14046.75 ^ _194134_/Y (AO21x1_ASAP7_75t_R)
  35.68 14082.43 ^ load_slew969/Y (BUFx10_ASAP7_75t_R)
  32.25 14114.68 ^ _194325_/Y (AND3x1_ASAP7_75t_R)
  25.26 14139.93 ^ _194410_/Y (OR3x1_ASAP7_75t_R)
  42.26 14182.20 ^ _194423_/Y (AND5x1_ASAP7_75t_R)
  39.51 14221.70 ^ _194447_/Y (AND5x1_ASAP7_75t_R)
  31.20 14252.91 ^ _194459_/Y (AND3x2_ASAP7_75t_R)
  24.39 14277.29 ^ _194529_/Y (AO31x2_ASAP7_75t_R)
  68.37 14345.67 ^ _194584_/Y (OR4x1_ASAP7_75t_R)
 117.44 14463.11 v _194680_/Y (NOR2x1_ASAP7_75t_R)
  37.89 14501.00 ^ _194683_/Y (NAND2x1_ASAP7_75t_R)
  30.09 14531.09 ^ _194696_/Y (OA211x2_ASAP7_75t_R)
  22.66 14553.75 ^ _194730_/Y (AO211x2_ASAP7_75t_R)
  48.32 14602.07 ^ _194736_/Y (AO32x1_ASAP7_75t_R)
  28.16 14630.22 v _194830_/Y (AOI21x1_ASAP7_75t_R)
  44.44 14674.67 ^ _195063_/Y (OAI21x1_ASAP7_75t_R)
  73.08 14747.74 ^ _195066_/Y (OA21x2_ASAP7_75t_R)
  49.03 14796.78 ^ _195071_/Y (AND3x2_ASAP7_75t_R)
  38.16 14834.94 ^ _195232_/Y (XOR2x2_ASAP7_75t_R)
  30.92 14865.86 ^ _195234_/Y (AO221x1_ASAP7_75t_R)
  20.59 14886.44 ^ _195238_/Y (AO21x1_ASAP7_75t_R)
  31.48 14917.93 ^ _195240_/Y (AO22x1_ASAP7_75t_R)
  27.92 14945.85 ^ _195241_/Y (AO21x2_ASAP7_75t_R)
  59.27 15005.12 v _195484_/Y (NAND2x1_ASAP7_75t_R)
 138.09 15143.21 ^ _195485_/Y (NAND2x1_ASAP7_75t_R)
  80.28 15223.49 ^ _195782_/Y (AND3x1_ASAP7_75t_R)
  23.47 15246.96 v _195789_/Y (NOR2x2_ASAP7_75t_R)
  30.91 15277.86 v _195790_/Y (MAJx2_ASAP7_75t_R)
  24.67 15302.53 v _195795_/Y (AO211x2_ASAP7_75t_R)
  33.01 15335.55 v _195849_/Y (AO21x1_ASAP7_75t_R)
  70.73 15406.28 v _195877_/Y (AO21x1_ASAP7_75t_R)
  92.31 15498.58 ^ _196018_/Y (NAND2x2_ASAP7_75t_R)
  94.81 15593.40 ^ _196284_/Y (OA211x2_ASAP7_75t_R)
   9.14 15602.53 v _196292_/Y (AOI21x1_ASAP7_75t_R)
  30.94 15633.47 v _196293_/Y (AO221x1_ASAP7_75t_R)
  25.35 15658.81 v _196315_/Y (AO21x2_ASAP7_75t_R)
  64.61 15723.42 v _196337_/Y (AO22x1_ASAP7_75t_R)
  84.73 15808.16 v _196340_/Y (AO221x1_ASAP7_75t_R)
  98.60 15906.76 v _196435_/Y (AO21x2_ASAP7_75t_R)
  79.34 15986.10 ^ _196643_/Y (NAND2x1_ASAP7_75t_R)
  31.69 16017.79 v _196645_/Y (XNOR2x2_ASAP7_75t_R)
  23.86 16041.65 ^ _196646_/Y (AOI211x1_ASAP7_75t_R)
  39.77 16081.43 ^ _196771_/Y (AND5x1_ASAP7_75t_R)
  22.56 16103.99 ^ _196794_/Y (AO222x2_ASAP7_75t_R)
  17.65 16121.64 ^ _196795_/Y (AO21x2_ASAP7_75t_R)
  93.21 16214.85 v _197142_/Y (AOI211x1_ASAP7_75t_R)
  74.25 16289.10 v _197223_/Y (AND2x2_ASAP7_75t_R)
  29.22 16318.32 v _197224_/Y (AO32x1_ASAP7_75t_R)
  24.37 16342.69 ^ _197225_/Y (XNOR2x2_ASAP7_75t_R)
  33.14 16375.83 ^ _197236_/Y (AND5x1_ASAP7_75t_R)
  12.14 16387.97 v _197237_/Y (NAND2x1_ASAP7_75t_R)
  38.60 16426.58 v _197238_/Y (OR5x1_ASAP7_75t_R)
  22.31 16448.89 v _197239_/Y (AO211x2_ASAP7_75t_R)
  21.85 16470.73 ^ _197240_/Y (AOI211x1_ASAP7_75t_R)
  50.35 16521.09 ^ _197247_/Y (AO211x2_ASAP7_75t_R)
  66.61 16587.70 ^ _197336_/Y (OR2x2_ASAP7_75t_R)
  35.18 16622.88 ^ _197505_/Y (AND2x2_ASAP7_75t_R)
  38.73 16661.61 v _197506_/Y (XNOR2x2_ASAP7_75t_R)
  27.06 16688.67 ^ _197507_/Y (XNOR2x2_ASAP7_75t_R)
  34.97 16723.64 ^ _197508_/Y (AND5x1_ASAP7_75t_R)
  35.58 16759.22 ^ _197711_/Y (AND5x1_ASAP7_75t_R)
  22.22 16781.44 ^ _197720_/Y (OR4x1_ASAP7_75t_R)
  29.33 16810.77 ^ _197721_/Y (AO211x2_ASAP7_75t_R)
  63.37 16874.14 ^ _197722_/Y (AO21x1_ASAP7_75t_R)
  28.43 16902.56 ^ load_slew696/Y (BUFx12f_ASAP7_75t_R)
  30.24 16932.80 v _198025_/Y (AOI22x1_ASAP7_75t_R)
  46.70 16979.50 v _198037_/Y (AO32x2_ASAP7_75t_R)
  31.19 17010.69 v _198043_/Y (AO32x1_ASAP7_75t_R)
  30.51 17041.20 v _198051_/Y (AO32x1_ASAP7_75t_R)
  33.26 17074.46 v _198070_/Y (AO33x2_ASAP7_75t_R)
  23.34 17097.80 v _198073_/Y (OA211x2_ASAP7_75t_R)
  20.91 17118.72 v _198074_/Y (OA21x2_ASAP7_75t_R)
  23.53 17142.25 v _198075_/Y (AO21x1_ASAP7_75t_R)
  24.22 17166.47 v _198076_/Y (AO21x1_ASAP7_75t_R)
  22.16 17188.63 v _198100_/Y (AO21x1_ASAP7_75t_R)
  28.92 17217.55 ^ _198101_/Y (AOI21x1_ASAP7_75t_R)
  84.32 17301.88 v _198137_/Y (NOR3x1_ASAP7_75t_R)
  55.71 17357.59 v _198412_/Y (OR4x1_ASAP7_75t_R)
  27.32 17384.91 v _198413_/Y (OA211x2_ASAP7_75t_R)
  17.79 17402.70 ^ _198423_/Y (OAI22x1_ASAP7_75t_R)
  28.30 17431.01 ^ _198425_/Y (AND4x1_ASAP7_75t_R)
  53.06 17484.06 ^ _198426_/Y (AND5x1_ASAP7_75t_R)
  17.39 17501.45 v _198460_/Y (NAND2x2_ASAP7_75t_R)
  37.94 17539.40 v _198461_/Y (AO21x2_ASAP7_75t_R)
  67.44 17606.84 v _198463_/Y (AND2x4_ASAP7_75t_R)
 156.02 17762.85 ^ _198787_/Y (NAND2x1_ASAP7_75t_R)
  66.95 17829.80 v _198788_/Y (XNOR2x2_ASAP7_75t_R)
  20.69 17850.49 v _198789_/Y (AO21x1_ASAP7_75t_R)
  41.50 17891.99 ^ _198790_/Y (XNOR2x2_ASAP7_75t_R)
  95.04 17987.03 v _198791_/Y (NAND2x1_ASAP7_75t_R)
  80.02 18067.05 ^ _198887_/Y (AOI21x1_ASAP7_75t_R)
  34.28 18101.32 ^ _198888_/Y (AO32x1_ASAP7_75t_R)
  23.47 18124.80 v _198893_/Y (AOI221x1_ASAP7_75t_R)
  24.40 18149.19 v _198904_/Y (AND2x2_ASAP7_75t_R)
  16.57 18165.77 v _198913_/Y (OA21x2_ASAP7_75t_R)
  57.90 18223.67 v _198916_/Y (OA33x2_ASAP7_75t_R)
  90.19 18313.85 ^ _198955_/Y (OAI21x1_ASAP7_75t_R)
 101.84 18415.69 ^ _200274_/Y (AO21x1_ASAP7_75t_R)
  61.83 18477.52 ^ _200275_/Y (AND2x2_ASAP7_75t_R)
  35.42 18512.93 ^ _200396_/Y (AND5x1_ASAP7_75t_R)
  16.32 18529.26 v _200397_/Y (OAI22x1_ASAP7_75t_R)
  28.25 18557.50 ^ _200399_/Y (NAND2x1_ASAP7_75t_R)
  25.91 18583.41 ^ _201181_/Y (OA211x2_ASAP7_75t_R)
  37.03 18620.44 ^ _201216_/Y (AND5x1_ASAP7_75t_R)
  69.34 18689.78 ^ _201383_/Y (AND3x1_ASAP7_75t_R)
  58.51 18748.29 ^ _201670_/Y (AND4x2_ASAP7_75t_R)
  28.20 18776.48 v _201671_/Y (XNOR2x2_ASAP7_75t_R)
  16.56 18793.04 v _201676_/Y (AO21x1_ASAP7_75t_R)
  19.63 18812.67 v _201692_/Y (AO21x1_ASAP7_75t_R)
  40.73 18853.40 ^ _226388_/Y (AOI21x1_ASAP7_75t_R)
  31.49 18884.89 ^ wire666/Y (BUFx12f_ASAP7_75t_R)
  57.35 18942.24 ^ _230390_/Y (OA211x2_ASAP7_75t_R)
  69.74 19011.98 v _230392_/Y (OAI21x1_ASAP7_75t_R)
  67.73 19079.70 v load_slew592/Y (BUFx10_ASAP7_75t_R)
  31.57 19111.27 v load_slew591/Y (BUFx10_ASAP7_75t_R)
  23.98 19135.25 v load_slew590/Y (BUFx12f_ASAP7_75t_R)
 143.68 19278.93 v _268427_/Y (AO22x1_ASAP7_75t_R)
  40.95 19319.88 ^ _273569_/Y (AOI211x1_ASAP7_75t_R)
   0.13 19320.01 ^ _359538_/D (DFFHQNx1_ASAP7_75t_R)
        19320.01   data arrival time

12000.00 12000.00   clock core_clk (rise edge)
   0.00 12000.00   clock source latency
   0.00 12000.00 ^ clk (in)
  50.48 12050.48 ^ wire5623/Y (BUFx12_ASAP7_75t_R)
  51.19 12101.67 ^ clkbuf_0_clk/Y (BUFx24_ASAP7_75t_R)
  27.49 12129.16 ^ clkbuf_1_1_0_clk/Y (BUFx24_ASAP7_75t_R)
  20.44 12149.59 ^ clkbuf_2_3_0_clk/Y (BUFx24_ASAP7_75t_R)
  29.36 12178.95 ^ clkbuf_3_6_0_clk/Y (BUFx24_ASAP7_75t_R)
  25.68 12204.63 ^ clkbuf_4_12_0_clk/Y (BUFx24_ASAP7_75t_R)
  26.72 12231.35 ^ clkbuf_6_50_0_clk/Y (BUFx24_ASAP7_75t_R)
  21.12 12252.47 ^ clkbuf_7_100__f_clk/Y (BUFx24_ASAP7_75t_R)
  25.22 12277.69 ^ clkbuf_leaf_748_clk/Y (BUFx24_ASAP7_75t_R)
   0.78 12278.47 ^ _359538_/CLK (DFFHQNx1_ASAP7_75t_R)
 -50.00 12228.47   clock uncertainty
   0.00 12228.47   clock reconvergence pessimism
 -12.29 12216.18   library setup time
        12216.18   data required time
---------------------------------------------------------
        12216.18   data required time
        -19320.01   data arrival time
---------------------------------------------------------
        -7103.83   slack (VIOLATED)


Startpoint: dmem_rsp_valid (input port clocked by core_clk)
Endpoint: _359538_ (rising edge-triggered flip-flop clocked by core_clk)
Path Group: in2reg
Path Type: max

  Delay    Time   Description
---------------------------------------------------------
   0.00    0.00   clock core_clk (rise edge)
   0.00    0.00   clock network delay (propagated)
2400.00 2400.00 ^ input external delay
   0.00 2400.00 ^ dmem_rsp_valid (in)
  58.14 2458.14 ^ input66/Y (BUFx2_ASAP7_75t_R)
  43.34 2501.48 v _174481_/Y (INVx1_ASAP7_75t_R)
  72.18 2573.66 v _176543_/Y (OR3x2_ASAP7_75t_R)
  49.24 2622.90 v wire5074/Y (BUFx16f_ASAP7_75t_R)
  71.14 2694.04 v _176567_/Y (OA21x2_ASAP7_75t_R)
  68.79 2762.82 v _178030_/Y (AO21x1_ASAP7_75t_R)
 105.07 2867.89 ^ _178032_/Y (OAI21x1_ASAP7_75t_R)
  34.47 2902.36 ^ _178050_/Y (AO211x2_ASAP7_75t_R)
  68.12 2970.48 ^ _178517_/Y (OR5x1_ASAP7_75t_R)
  65.86 3036.34 ^ _178646_/Y (AND3x2_ASAP7_75t_R)
  30.95 3067.29 ^ load_slew3753/Y (BUFx16f_ASAP7_75t_R)
  54.71 3122.00 ^ _180460_/Y (AO21x1_ASAP7_75t_R)
  23.94 3145.93 v _180461_/Y (NOR2x2_ASAP7_75t_R)
  35.36 3181.30 v wire3385/Y (BUFx16f_ASAP7_75t_R)
 158.10 3339.39 ^ _180462_/Y (INVx1_ASAP7_75t_R)
  83.33 3422.72 ^ _180521_/Y (AND3x1_ASAP7_75t_R)
  47.37 3470.09 ^ _180581_/Y (AND4x2_ASAP7_75t_R)
  24.10 3494.20 ^ load_slew2949/Y (BUFx16f_ASAP7_75t_R)
  67.82 3562.02 v _183135_/Y (NOR3x2_ASAP7_75t_R)
  70.37 3632.39 v wire2919/Y (BUFx16f_ASAP7_75t_R)
  61.97 3694.36 v load_slew2918/Y (BUFx16f_ASAP7_75t_R)
  62.88 3757.24 ^ _183378_/Y (NAND2x2_ASAP7_75t_R)
  33.75 3790.99 ^ load_slew2800/Y (BUFx16f_ASAP7_75t_R)
  50.26 3841.25 ^ wire2798/Y (BUFx16f_ASAP7_75t_R)
  30.98 3872.24 ^ load_slew2797/Y (BUFx16f_ASAP7_75t_R)
  43.26 3915.49 ^ _183379_/Y (AND2x2_ASAP7_75t_R)
  21.13 3936.63 ^ _183382_/Y (AND2x2_ASAP7_75t_R)
  28.67 3965.30 ^ _183456_/Y (AND4x2_ASAP7_75t_R)
  17.49 3982.78 v _183482_/Y (AOI22x1_ASAP7_75t_R)
  24.36 4007.15 v _183488_/Y (OR3x1_ASAP7_75t_R)
  37.34 4044.49 v _183489_/Y (OA211x2_ASAP7_75t_R)
  42.01 4086.50 ^ _183537_/Y (AOI211x1_ASAP7_75t_R)
  46.20 4132.70 v _183715_/Y (NOR2x1_ASAP7_75t_R)
  39.67 4172.37 v _183717_/Y (AO21x2_ASAP7_75t_R)
  21.56 4193.94 v _183728_/Y (AND2x2_ASAP7_75t_R)
  27.86 4221.79 v _183732_/Y (OR4x1_ASAP7_75t_R)
  31.90 4253.69 v _183757_/Y (OR3x1_ASAP7_75t_R)
  29.16 4282.85 v _183758_/Y (OA33x2_ASAP7_75t_R)
  52.36 4335.21 v _183764_/Y (AO32x1_ASAP7_75t_R)
  60.26 4395.47 v _183836_/Y (AO21x2_ASAP7_75t_R)
  37.28 4432.76 ^ _183876_/Y (AOI21x1_ASAP7_75t_R)
  31.92 4464.68 ^ _183900_/Y (AO21x1_ASAP7_75t_R)
  27.28 4491.96 ^ _183915_/Y (AO211x2_ASAP7_75t_R)
  29.00 4520.96 ^ _183916_/Y (OA21x2_ASAP7_75t_R)
  29.38 4550.33 ^ _183925_/Y (AND3x4_ASAP7_75t_R)
  20.68 4571.02 ^ _183934_/Y (OA21x2_ASAP7_75t_R)
  22.23 4593.25 ^ _183960_/Y (OA31x2_ASAP7_75t_R)
  15.72 4608.97 ^ _183996_/Y (AO21x1_ASAP7_75t_R)
  49.23 4658.20 v _184002_/Y (AOI211x1_ASAP7_75t_R)
  53.28 4711.48 v _184140_/Y (OR4x1_ASAP7_75t_R)
  30.85 4742.33 ^ _184142_/Y (NAND3x1_ASAP7_75t_R)
  22.33 4764.66 v _184149_/Y (AOI211x1_ASAP7_75t_R)
  50.59 4815.25 v _184160_/Y (OR5x2_ASAP7_75t_R)
  38.62 4853.87 v _184164_/Y (AO221x2_ASAP7_75t_R)
  35.63 4889.50 v _184171_/Y (AO31x2_ASAP7_75t_R)
  43.49 4932.99 v _184191_/Y (OA211x2_ASAP7_75t_R)
  27.16 4960.15 v _184192_/Y (XNOR2x2_ASAP7_75t_R)
  20.29 4980.45 v _184193_/Y (AO21x1_ASAP7_75t_R)
  34.71 5015.15 v _184201_/Y (OA221x2_ASAP7_75t_R)
  32.15 5047.30 v _184333_/Y (OA211x2_ASAP7_75t_R)
  26.61 5073.91 v _184335_/Y (AO221x1_ASAP7_75t_R)
  94.85 5168.76 v _184336_/Y (AO32x1_ASAP7_75t_R)
  60.29 5229.05 ^ _184384_/Y (NAND3x1_ASAP7_75t_R)
  32.98 5262.02 ^ _184385_/Y (AO21x1_ASAP7_75t_R)
  15.95 5277.97 v _184386_/Y (OAI21x1_ASAP7_75t_R)
  53.70 5331.67 ^ _184503_/Y (AOI211x1_ASAP7_75t_R)
  73.55 5405.22 ^ _184540_/Y (OA31x2_ASAP7_75t_R)
  37.48 5442.70 v _184634_/Y (NAND2x1_ASAP7_75t_R)
  30.63 5473.33 v _184649_/Y (AO32x1_ASAP7_75t_R)
  27.84 5501.17 v _184650_/Y (MAJx2_ASAP7_75t_R)
  28.60 5529.77 v _184655_/Y (OA21x2_ASAP7_75t_R)
  26.92 5556.69 ^ _184664_/Y (OAI21x1_ASAP7_75t_R)
  38.56 5595.24 ^ _184734_/Y (AO211x2_ASAP7_75t_R)
  49.30 5644.54 ^ _184767_/Y (OA21x2_ASAP7_75t_R)
  27.45 5671.99 ^ _184773_/Y (AND2x2_ASAP7_75t_R)
  30.90 5702.89 v _184774_/Y (XNOR2x2_ASAP7_75t_R)
  24.89 5727.78 v _184781_/Y (MAJx2_ASAP7_75t_R)
  24.25 5752.03 v _184782_/Y (MAJx2_ASAP7_75t_R)
  43.92 5795.95 v _184903_/Y (AO32x1_ASAP7_75t_R)
  30.02 5825.97 v _184969_/Y (OA21x2_ASAP7_75t_R)
  38.79 5864.76 ^ _184972_/Y (XOR2x2_ASAP7_75t_R)
  29.88 5894.64 v _185019_/Y (XNOR2x2_ASAP7_75t_R)
  31.70 5926.34 v _185020_/Y (OR4x1_ASAP7_75t_R)
  26.65 5952.99 v _185027_/Y (AO221x1_ASAP7_75t_R)
  34.19 5987.18 v _185028_/Y (OA31x2_ASAP7_75t_R)
  30.90 6018.08 v _185034_/Y (OA211x2_ASAP7_75t_R)
  38.56 6056.64 v _185039_/Y (AO211x2_ASAP7_75t_R)
  50.66 6107.30 ^ _185041_/Y (NAND2x2_ASAP7_75t_R)
  40.15 6147.45 v _185048_/Y (AOI21x1_ASAP7_75t_R)
  30.72 6178.17 v _185204_/Y (OA21x2_ASAP7_75t_R)
  34.92 6213.09 v _185206_/Y (OR4x1_ASAP7_75t_R)
  22.34 6235.42 v _185222_/Y (AO211x2_ASAP7_75t_R)
  35.45 6270.88 v _185223_/Y (AO21x2_ASAP7_75t_R)
  39.19 6310.06 v _185228_/Y (AND2x4_ASAP7_75t_R)
  40.12 6350.19 v _185330_/Y (AND2x4_ASAP7_75t_R)
  28.29 6378.47 v _185363_/Y (XNOR2x2_ASAP7_75t_R)
  28.67 6407.14 v _185364_/Y (MAJx2_ASAP7_75t_R)
  31.29 6438.44 v _185365_/Y (AO221x1_ASAP7_75t_R)
  42.44 6480.88 v _185401_/Y (OA211x2_ASAP7_75t_R)
  53.38 6534.26 v _185455_/Y (OA21x2_ASAP7_75t_R)
  34.50 6568.76 v _185527_/Y (OA21x2_ASAP7_75t_R)
  30.16 6598.93 ^ _185528_/Y (XNOR2x2_ASAP7_75t_R)
  29.14 6628.07 ^ _185529_/Y (XNOR2x2_ASAP7_75t_R)
  32.82 6660.88 ^ _185530_/Y (AND4x1_ASAP7_75t_R)
  82.78 6743.66 v _185566_/Y (AOI221x1_ASAP7_75t_R)
 131.42 6875.08 ^ _185758_/Y (NAND2x1_ASAP7_75t_R)
  50.90 6925.98 ^ _185847_/Y (AND3x2_ASAP7_75t_R)
  16.33 6942.32 v _185849_/Y (NOR3x1_ASAP7_75t_R)
  27.75 6970.07 v _185855_/Y (OA221x2_ASAP7_75t_R)
  17.80 6987.87 v _185856_/Y (AND4x1_ASAP7_75t_R)
  34.97 7022.85 v _185861_/Y (OA211x2_ASAP7_75t_R)
  49.51 7072.35 v _185906_/Y (OA21x2_ASAP7_75t_R)
  43.90 7116.25 v _185999_/Y (AND2x4_ASAP7_75t_R)
  32.25 7148.51 ^ _186000_/Y (XOR2x2_ASAP7_75t_R)
  28.78 7177.28 ^ _186002_/Y (AO32x1_ASAP7_75t_R)
  23.86 7201.14 ^ _186009_/Y (AND3x1_ASAP7_75t_R)
  11.56 7212.70 v _186020_/Y (NOR2x1_ASAP7_75t_R)
  25.19 7237.89 v _186021_/Y (MAJx2_ASAP7_75t_R)
  42.05 7279.95 v _186124_/Y (AO21x1_ASAP7_75t_R)
  81.08 7361.02 ^ _186126_/Y (NAND2x1_ASAP7_75t_R)
  46.77 7407.79 ^ _186262_/Y (OA21x2_ASAP7_75t_R)
  17.10 7424.89 v _186286_/Y (NOR2x1_ASAP7_75t_R)
  27.82 7452.71 v _186292_/Y (AO22x1_ASAP7_75t_R)
  22.82 7475.53 v _186294_/Y (OA211x2_ASAP7_75t_R)
  39.83 7515.36 v _186295_/Y (AO221x1_ASAP7_75t_R)
  28.51 7543.87 v _186297_/Y (AND2x2_ASAP7_75t_R)
  39.99 7583.86 ^ _186343_/Y (OAI21x1_ASAP7_75t_R)
  57.95 7641.81 v _186506_/Y (NAND2x1_ASAP7_75t_R)
  36.00 7677.81 v _186565_/Y (AND2x4_ASAP7_75t_R)
  37.71 7715.53 ^ _186566_/Y (XNOR2x2_ASAP7_75t_R)
  27.39 7742.92 v _186594_/Y (NOR2x1_ASAP7_75t_R)
  24.17 7767.09 v _186596_/Y (OA21x2_ASAP7_75t_R)
  36.10 7803.19 v _186612_/Y (OA33x2_ASAP7_75t_R)
  52.86 7856.06 v _186613_/Y (OA211x2_ASAP7_75t_R)
  98.85 7954.91 ^ _186634_/Y (NOR2x1_ASAP7_75t_R)
  45.92 8000.83 v _186716_/Y (AOI211x1_ASAP7_75t_R)
  42.38 8043.22 v _186717_/Y (OR5x1_ASAP7_75t_R)
  24.96 8068.17 v _186731_/Y (AO22x2_ASAP7_75t_R)
  36.12 8104.29 v _186732_/Y (AO33x2_ASAP7_75t_R)
  27.82 8132.10 v _186750_/Y (AO221x1_ASAP7_75t_R)
  19.56 8151.66 v _186751_/Y (AND2x2_ASAP7_75t_R)
  25.70 8177.36 v _186934_/Y (OA21x2_ASAP7_75t_R)
  80.82 8258.18 ^ _186965_/Y (NAND2x1_ASAP7_75t_R)
  49.46 8307.64 v _187178_/Y (AOI21x1_ASAP7_75t_R)
  38.07 8345.71 v _187245_/Y (OR3x2_ASAP7_75t_R)
  23.98 8369.69 v _187252_/Y (AO211x2_ASAP7_75t_R)
  49.13 8418.83 v _187260_/Y (OA33x2_ASAP7_75t_R)
  37.75 8456.58 ^ _187271_/Y (OAI21x1_ASAP7_75t_R)
  69.36 8525.94 v _187481_/Y (AOI211x1_ASAP7_75t_R)
  40.26 8566.20 v _187606_/Y (OR3x1_ASAP7_75t_R)
  32.51 8598.71 ^ _187607_/Y (XOR2x2_ASAP7_75t_R)
  28.40 8627.11 v _187608_/Y (XNOR2x2_ASAP7_75t_R)
  31.94 8659.05 v _187609_/Y (OR4x1_ASAP7_75t_R)
  20.60 8679.65 ^ _187656_/Y (OAI21x1_ASAP7_75t_R)
  21.29 8700.94 ^ _187687_/Y (AO21x2_ASAP7_75t_R)
  27.43 8728.37 ^ _187688_/Y (AO21x2_ASAP7_75t_R)
  34.01 8762.39 ^ _187709_/Y (AO31x2_ASAP7_75t_R)
  63.71 8826.09 ^ _187710_/Y (OR2x2_ASAP7_75t_R)
  42.07 8868.17 ^ _187783_/Y (AND2x4_ASAP7_75t_R)
  31.23 8899.39 ^ _187784_/Y (XNOR2x2_ASAP7_75t_R)
  31.88 8931.27 v _187839_/Y (XNOR2x2_ASAP7_75t_R)
  40.43 8971.71 v _187840_/Y (OR5x1_ASAP7_75t_R)
  22.42 8994.13 ^ _187843_/Y (NOR3x1_ASAP7_75t_R)
   8.69 9002.82 v _187860_/Y (NAND2x1_ASAP7_75t_R)
  33.65 9036.47 v _187881_/Y (OA211x2_ASAP7_75t_R)
  61.43 9097.90 ^ _188026_/Y (OAI21x1_ASAP7_75t_R)
  42.37 9140.27 ^ load_slew992/Y (BUFx12_ASAP7_75t_R)
  22.19 9162.46 ^ load_slew991/Y (BUFx12f_ASAP7_75t_R)
  24.24 9186.70 ^ _188189_/Y (AND2x2_ASAP7_75t_R)
  34.16 9220.86 ^ _188190_/Y (XNOR2x2_ASAP7_75t_R)
  32.71 9253.57 v _188325_/Y (XNOR2x2_ASAP7_75t_R)
   7.07 9260.65 ^ _188326_/Y (INVx1_ASAP7_75t_R)
  38.91 9299.56 ^ _188329_/Y (AND4x1_ASAP7_75t_R)
  25.76 9325.32 ^ _188330_/Y (AND3x1_ASAP7_75t_R)
 122.36 9447.67 v _188410_/Y (AOI221x1_ASAP7_75t_R)
  93.43 9541.10 ^ _188490_/Y (OAI21x1_ASAP7_75t_R)
  43.55 9584.65 ^ _188491_/Y (XNOR2x2_ASAP7_75t_R)
  12.94 9597.59 v _188546_/Y (NOR2x1_ASAP7_75t_R)
  24.54 9622.13 v _188564_/Y (AND3x1_ASAP7_75t_R)
  35.43 9657.56 v _188784_/Y (OA211x2_ASAP7_75t_R)
  27.45 9685.01 v _188785_/Y (OR3x1_ASAP7_75t_R)
  43.79 9728.80 ^ _188842_/Y (NAND3x1_ASAP7_75t_R)
  72.65 9801.45 ^ _188843_/Y (AND2x2_ASAP7_75t_R)
  49.12 9850.57 v _188881_/Y (AOI211x1_ASAP7_75t_R)
  31.29 9881.86 v _188882_/Y (AO21x1_ASAP7_75t_R)
  31.87 9913.73 v _189225_/Y (OR3x1_ASAP7_75t_R)
  41.44 9955.17 v _189247_/Y (OR5x1_ASAP7_75t_R)
  33.47 9988.64 v _189250_/Y (OA31x2_ASAP7_75t_R)
  98.44 10087.08 v _189251_/Y (AND5x2_ASAP7_75t_R)
 108.19 10195.27 ^ _189252_/Y (INVx4_ASAP7_75t_R)
  38.05 10233.32 ^ _189633_/Y (AND2x2_ASAP7_75t_R)
  37.63 10270.95 v _189634_/Y (XNOR2x2_ASAP7_75t_R)
  29.96 10300.91 ^ _189635_/Y (XNOR2x2_ASAP7_75t_R)
  60.51 10361.42 ^ _189646_/Y (AND4x1_ASAP7_75t_R)
  56.44 10417.86 ^ _189677_/Y (AND3x1_ASAP7_75t_R)
  64.27 10482.13 v _189736_/Y (NOR3x1_ASAP7_75t_R)
 133.57 10615.70 ^ _189761_/Y (NAND2x1_ASAP7_75t_R)
  93.04 10708.74 v _190097_/Y (AOI21x1_ASAP7_75t_R)
  31.91 10740.65 ^ _190098_/Y (XNOR2x2_ASAP7_75t_R)
  28.10 10768.75 ^ _190110_/Y (AND4x2_ASAP7_75t_R)
  30.05 10798.80 ^ _190111_/Y (AND3x1_ASAP7_75t_R)
  62.04 10860.84 v _190167_/Y (AOI221x1_ASAP7_75t_R)
  91.42 10952.26 ^ _190216_/Y (NAND2x2_ASAP7_75t_R)
  34.49 10986.75 ^ _190302_/Y (AND2x2_ASAP7_75t_R)
  35.99 11022.74 v _190303_/Y (XNOR2x2_ASAP7_75t_R)
  27.59 11050.33 ^ _190381_/Y (XNOR2x2_ASAP7_75t_R)
  28.02 11078.34 ^ _190407_/Y (AND5x1_ASAP7_75t_R)
  36.19 11114.54 ^ _190416_/Y (AND5x1_ASAP7_75t_R)
  19.46 11134.00 ^ _190417_/Y (AO21x2_ASAP7_75t_R)
  88.49 11222.49 v _190456_/Y (AOI211x1_ASAP7_75t_R)
 178.90 11401.38 ^ _190580_/Y (NAND2x1_ASAP7_75t_R)
  96.41 11497.80 v _190856_/Y (AOI211x1_ASAP7_75t_R)
  36.60 11534.40 v _190857_/Y (MAJx2_ASAP7_75t_R)
  27.84 11562.24 v _190860_/Y (OA222x2_ASAP7_75t_R)
  21.99 11584.23 v _190861_/Y (AND3x2_ASAP7_75t_R)
  13.62 11597.85 ^ _190862_/Y (NOR3x1_ASAP7_75t_R)
  16.05 11613.90 v _190999_/Y (OAI21x1_ASAP7_75t_R)
 109.91 11723.81 v _191002_/Y (OR3x1_ASAP7_75t_R)
  69.29 11793.10 v _191165_/Y (AO21x2_ASAP7_75t_R)
  25.66 11818.76 v _191166_/Y (XNOR2x2_ASAP7_75t_R)
  38.31 11857.07 v _191201_/Y (OR5x2_ASAP7_75t_R)
  14.43 11871.50 ^ _191250_/Y (AOI21x1_ASAP7_75t_R)
  26.19 11897.69 ^ _191276_/Y (OA21x2_ASAP7_75t_R)
  23.66 11921.35 ^ _191277_/Y (AO21x2_ASAP7_75t_R)
  41.46 11962.81 ^ _191284_/Y (AO21x1_ASAP7_75t_R)
  55.99 12018.80 ^ _191372_/Y (AO21x2_ASAP7_75t_R)
  33.53 12052.33 ^ load_slew976/Y (BUFx16f_ASAP7_75t_R)
  43.42 12095.75 ^ _191547_/Y (AND2x2_ASAP7_75t_R)
  33.49 12129.24 v _191548_/Y (XNOR2x2_ASAP7_75t_R)
  25.03 12154.27 ^ _191677_/Y (AOI22x1_ASAP7_75t_R)
  37.84 12192.10 ^ _191715_/Y (AND5x1_ASAP7_75t_R)
  39.99 12232.09 ^ _191716_/Y (AND5x2_ASAP7_75t_R)
  31.92 12264.01 ^ _191726_/Y (AO211x2_ASAP7_75t_R)
 120.69 12384.70 ^ _191815_/Y (OR3x1_ASAP7_75t_R)
  67.61 12452.30 ^ _191922_/Y (AND3x2_ASAP7_75t_R)
  31.81 12484.11 ^ _191923_/Y (XNOR2x2_ASAP7_75t_R)
  28.69 12512.80 v _191924_/Y (XNOR2x2_ASAP7_75t_R)
  11.01 12523.81 ^ _191925_/Y (NAND2x1_ASAP7_75t_R)
  22.86 12546.67 ^ _192112_/Y (AO21x1_ASAP7_75t_R)
  20.81 12567.48 v _192137_/Y (NOR2x1_ASAP7_75t_R)
  60.12 12627.59 v _192194_/Y (AO21x1_ASAP7_75t_R)
 133.37 12760.97 v _192219_/Y (OR3x1_ASAP7_75t_R)
  70.07 12831.04 ^ _192452_/Y (NAND3x1_ASAP7_75t_R)
  21.86 12852.90 ^ _192454_/Y (AO21x1_ASAP7_75t_R)
  42.98 12895.88 ^ _192485_/Y (AND5x1_ASAP7_75t_R)
  28.28 12924.16 ^ _192572_/Y (AO21x2_ASAP7_75t_R)
  81.65 13005.81 v _192604_/Y (AOI221x1_ASAP7_75t_R)
  57.71 13063.52 ^ _192740_/Y (OAI21x1_ASAP7_75t_R)
  26.83 13090.35 ^ wire972/Y (BUFx12f_ASAP7_75t_R)
  24.28 13114.64 ^ load_slew971/Y (BUFx6f_ASAP7_75t_R)
  30.99 13145.62 ^ _193048_/Y (AND3x1_ASAP7_75t_R)
  20.43 13166.05 v _193050_/Y (NOR3x1_ASAP7_75t_R)
  35.64 13201.69 v _193076_/Y (OA211x2_ASAP7_75t_R)
  32.08 13233.77 v _193170_/Y (OA211x2_ASAP7_75t_R)
  27.15 13260.91 v _193171_/Y (AND5x2_ASAP7_75t_R)
  34.00 13294.92 v _193179_/Y (OR3x2_ASAP7_75t_R)
  50.64 13345.56 v _193180_/Y (AO21x2_ASAP7_75t_R)
  35.25 13380.81 v load_slew970/Y (BUFx16f_ASAP7_75t_R)
  35.77 13416.58 v _193418_/Y (AO21x1_ASAP7_75t_R)
  28.15 13444.73 v _193421_/Y (OA211x2_ASAP7_75t_R)
  19.35 13464.07 v _193422_/Y (AO21x2_ASAP7_75t_R)
  25.23 13489.30 v _193439_/Y (AO21x2_ASAP7_75t_R)
  31.85 13521.15 v _193440_/Y (AO32x1_ASAP7_75t_R)
  25.95 13547.10 ^ _193494_/Y (OAI21x1_ASAP7_75t_R)
  44.62 13591.73 v _193623_/Y (AOI21x1_ASAP7_75t_R)
 107.46 13699.19 v _193690_/Y (OR3x1_ASAP7_75t_R)
  54.87 13754.05 v _193706_/Y (AND2x2_ASAP7_75t_R)
  39.57 13793.62 ^ _193707_/Y (XNOR2x2_ASAP7_75t_R)
  33.94 13827.56 v _193708_/Y (XNOR2x2_ASAP7_75t_R)
  29.47 13857.03 v _193726_/Y (OR4x1_ASAP7_75t_R)
  57.84 13914.87 v _194025_/Y (OR4x1_ASAP7_75t_R)
  70.96 13985.83 ^ _194133_/Y (NAND2x1_ASAP7_75t_R)
  60.92 14046.75 ^ _194134_/Y (AO21x1_ASAP7_75t_R)
  35.68 14082.43 ^ load_slew969/Y (BUFx10_ASAP7_75t_R)
  32.25 14114.68 ^ _194325_/Y (AND3x1_ASAP7_75t_R)
  25.26 14139.93 ^ _194410_/Y (OR3x1_ASAP7_75t_R)
  42.26 14182.20 ^ _194423_/Y (AND5x1_ASAP7_75t_R)
  39.51 14221.70 ^ _194447_/Y (AND5x1_ASAP7_75t_R)
  31.20 14252.91 ^ _194459_/Y (AND3x2_ASAP7_75t_R)
  24.39 14277.29 ^ _194529_/Y (AO31x2_ASAP7_75t_R)
  68.37 14345.67 ^ _194584_/Y (OR4x1_ASAP7_75t_R)
 117.44 14463.11 v _194680_/Y (NOR2x1_ASAP7_75t_R)
  37.89 14501.00 ^ _194683_/Y (NAND2x1_ASAP7_75t_R)
  30.09 14531.09 ^ _194696_/Y (OA211x2_ASAP7_75t_R)
  22.66 14553.75 ^ _194730_/Y (AO211x2_ASAP7_75t_R)
  48.32 14602.07 ^ _194736_/Y (AO32x1_ASAP7_75t_R)
  28.16 14630.22 v _194830_/Y (AOI21x1_ASAP7_75t_R)
  44.44 14674.67 ^ _195063_/Y (OAI21x1_ASAP7_75t_R)
  73.08 14747.74 ^ _195066_/Y (OA21x2_ASAP7_75t_R)
  49.03 14796.78 ^ _195071_/Y (AND3x2_ASAP7_75t_R)
  38.16 14834.94 ^ _195232_/Y (XOR2x2_ASAP7_75t_R)
  30.92 14865.86 ^ _195234_/Y (AO221x1_ASAP7_75t_R)
  20.59 14886.44 ^ _195238_/Y (AO21x1_ASAP7_75t_R)
  31.48 14917.93 ^ _195240_/Y (AO22x1_ASAP7_75t_R)
  27.92 14945.85 ^ _195241_/Y (AO21x2_ASAP7_75t_R)
  59.27 15005.12 v _195484_/Y (NAND2x1_ASAP7_75t_R)
 138.09 15143.21 ^ _195485_/Y (NAND2x1_ASAP7_75t_R)
  80.28 15223.49 ^ _195782_/Y (AND3x1_ASAP7_75t_R)
  23.47 15246.96 v _195789_/Y (NOR2x2_ASAP7_75t_R)
  30.91 15277.86 v _195790_/Y (MAJx2_ASAP7_75t_R)
  24.67 15302.53 v _195795_/Y (AO211x2_ASAP7_75t_R)
  33.01 15335.55 v _195849_/Y (AO21x1_ASAP7_75t_R)
  70.73 15406.28 v _195877_/Y (AO21x1_ASAP7_75t_R)
  92.31 15498.58 ^ _196018_/Y (NAND2x2_ASAP7_75t_R)
  94.81 15593.40 ^ _196284_/Y (OA211x2_ASAP7_75t_R)
   9.14 15602.53 v _196292_/Y (AOI21x1_ASAP7_75t_R)
  30.94 15633.47 v _196293_/Y (AO221x1_ASAP7_75t_R)
  25.35 15658.81 v _196315_/Y (AO21x2_ASAP7_75t_R)
  64.61 15723.42 v _196337_/Y (AO22x1_ASAP7_75t_R)
  84.73 15808.16 v _196340_/Y (AO221x1_ASAP7_75t_R)
  98.60 15906.76 v _196435_/Y (AO21x2_ASAP7_75t_R)
  79.34 15986.10 ^ _196643_/Y (NAND2x1_ASAP7_75t_R)
  31.69 16017.79 v _196645_/Y (XNOR2x2_ASAP7_75t_R)
  23.86 16041.65 ^ _196646_/Y (AOI211x1_ASAP7_75t_R)
  39.77 16081.43 ^ _196771_/Y (AND5x1_ASAP7_75t_R)
  22.56 16103.99 ^ _196794_/Y (AO222x2_ASAP7_75t_R)
  17.65 16121.64 ^ _196795_/Y (AO21x2_ASAP7_75t_R)
  93.21 16214.85 v _197142_/Y (AOI211x1_ASAP7_75t_R)
  74.25 16289.10 v _197223_/Y (AND2x2_ASAP7_75t_R)
  29.22 16318.32 v _197224_/Y (AO32x1_ASAP7_75t_R)
  24.37 16342.69 ^ _197225_/Y (XNOR2x2_ASAP7_75t_R)
  33.14 16375.83 ^ _197236_/Y (AND5x1_ASAP7_75t_R)
  12.14 16387.97 v _197237_/Y (NAND2x1_ASAP7_75t_R)
  38.60 16426.58 v _197238_/Y (OR5x1_ASAP7_75t_R)
  22.31 16448.89 v _197239_/Y (AO211x2_ASAP7_75t_R)
  21.85 16470.73 ^ _197240_/Y (AOI211x1_ASAP7_75t_R)
  50.35 16521.09 ^ _197247_/Y (AO211x2_ASAP7_75t_R)
  66.61 16587.70 ^ _197336_/Y (OR2x2_ASAP7_75t_R)
  35.18 16622.88 ^ _197505_/Y (AND2x2_ASAP7_75t_R)
  38.73 16661.61 v _197506_/Y (XNOR2x2_ASAP7_75t_R)
  27.06 16688.67 ^ _197507_/Y (XNOR2x2_ASAP7_75t_R)
  34.97 16723.64 ^ _197508_/Y (AND5x1_ASAP7_75t_R)
  35.58 16759.22 ^ _197711_/Y (AND5x1_ASAP7_75t_R)
  22.22 16781.44 ^ _197720_/Y (OR4x1_ASAP7_75t_R)
  29.33 16810.77 ^ _197721_/Y (AO211x2_ASAP7_75t_R)
  63.37 16874.14 ^ _197722_/Y (AO21x1_ASAP7_75t_R)
  28.43 16902.56 ^ load_slew696/Y (BUFx12f_ASAP7_75t_R)
  30.24 16932.80 v _198025_/Y (AOI22x1_ASAP7_75t_R)
  46.70 16979.50 v _198037_/Y (AO32x2_ASAP7_75t_R)
  31.19 17010.69 v _198043_/Y (AO32x1_ASAP7_75t_R)
  30.51 17041.20 v _198051_/Y (AO32x1_ASAP7_75t_R)
  33.26 17074.46 v _198070_/Y (AO33x2_ASAP7_75t_R)
  23.34 17097.80 v _198073_/Y (OA211x2_ASAP7_75t_R)
  20.91 17118.72 v _198074_/Y (OA21x2_ASAP7_75t_R)
  23.53 17142.25 v _198075_/Y (AO21x1_ASAP7_75t_R)
  24.22 17166.47 v _198076_/Y (AO21x1_ASAP7_75t_R)
  22.16 17188.63 v _198100_/Y (AO21x1_ASAP7_75t_R)
  28.92 17217.55 ^ _198101_/Y (AOI21x1_ASAP7_75t_R)
  84.32 17301.88 v _198137_/Y (NOR3x1_ASAP7_75t_R)
  55.71 17357.59 v _198412_/Y (OR4x1_ASAP7_75t_R)
  27.32 17384.91 v _198413_/Y (OA211x2_ASAP7_75t_R)
  17.79 17402.70 ^ _198423_/Y (OAI22x1_ASAP7_75t_R)
  28.30 17431.01 ^ _198425_/Y (AND4x1_ASAP7_75t_R)
  53.06 17484.06 ^ _198426_/Y (AND5x1_ASAP7_75t_R)
  17.39 17501.45 v _198460_/Y (NAND2x2_ASAP7_75t_R)
  37.94 17539.40 v _198461_/Y (AO21x2_ASAP7_75t_R)
  67.44 17606.84 v _198463_/Y (AND2x4_ASAP7_75t_R)
 156.02 17762.85 ^ _198787_/Y (NAND2x1_ASAP7_75t_R)
  66.95 17829.80 v _198788_/Y (XNOR2x2_ASAP7_75t_R)
  20.69 17850.49 v _198789_/Y (AO21x1_ASAP7_75t_R)
  41.50 17891.99 ^ _198790_/Y (XNOR2x2_ASAP7_75t_R)
  95.04 17987.03 v _198791_/Y (NAND2x1_ASAP7_75t_R)
  80.02 18067.05 ^ _198887_/Y (AOI21x1_ASAP7_75t_R)
  34.28 18101.32 ^ _198888_/Y (AO32x1_ASAP7_75t_R)
  23.47 18124.80 v _198893_/Y (AOI221x1_ASAP7_75t_R)
  24.40 18149.19 v _198904_/Y (AND2x2_ASAP7_75t_R)
  16.57 18165.77 v _198913_/Y (OA21x2_ASAP7_75t_R)
  57.90 18223.67 v _198916_/Y (OA33x2_ASAP7_75t_R)
  90.19 18313.85 ^ _198955_/Y (OAI21x1_ASAP7_75t_R)
 101.84 18415.69 ^ _200274_/Y (AO21x1_ASAP7_75t_R)
  61.83 18477.52 ^ _200275_/Y (AND2x2_ASAP7_75t_R)
  35.42 18512.93 ^ _200396_/Y (AND5x1_ASAP7_75t_R)
  16.32 18529.26 v _200397_/Y (OAI22x1_ASAP7_75t_R)
  28.25 18557.50 ^ _200399_/Y (NAND2x1_ASAP7_75t_R)
  25.91 18583.41 ^ _201181_/Y (OA211x2_ASAP7_75t_R)
  37.03 18620.44 ^ _201216_/Y (AND5x1_ASAP7_75t_R)
  69.34 18689.78 ^ _201383_/Y (AND3x1_ASAP7_75t_R)
  58.51 18748.29 ^ _201670_/Y (AND4x2_ASAP7_75t_R)
  28.20 18776.48 v _201671_/Y (XNOR2x2_ASAP7_75t_R)
  16.56 18793.04 v _201676_/Y (AO21x1_ASAP7_75t_R)
  19.63 18812.67 v _201692_/Y (AO21x1_ASAP7_75t_R)
  40.73 18853.40 ^ _226388_/Y (AOI21x1_ASAP7_75t_R)
  31.49 18884.89 ^ wire666/Y (BUFx12f_ASAP7_75t_R)
  57.35 18942.24 ^ _230390_/Y (OA211x2_ASAP7_75t_R)
  69.74 19011.98 v _230392_/Y (OAI21x1_ASAP7_75t_R)
  67.73 19079.70 v load_slew592/Y (BUFx10_ASAP7_75t_R)
  31.57 19111.27 v load_slew591/Y (BUFx10_ASAP7_75t_R)
  23.98 19135.25 v load_slew590/Y (BUFx12f_ASAP7_75t_R)
 143.68 19278.93 v _268427_/Y (AO22x1_ASAP7_75t_R)
  40.95 19319.88 ^ _273569_/Y (AOI211x1_ASAP7_75t_R)
   0.13 19320.01 ^ _359538_/D (DFFHQNx1_ASAP7_75t_R)
        19320.01   data arrival time

12000.00 12000.00   clock core_clk (rise edge)
   0.00 12000.00   clock source latency
   0.00 12000.00 ^ clk (in)
  50.48 12050.48 ^ wire5623/Y (BUFx12_ASAP7_75t_R)
  51.19 12101.67 ^ clkbuf_0_clk/Y (BUFx24_ASAP7_75t_R)
  27.49 12129.16 ^ clkbuf_1_1_0_clk/Y (BUFx24_ASAP7_75t_R)
  20.44 12149.59 ^ clkbuf_2_3_0_clk/Y (BUFx24_ASAP7_75t_R)
  29.36 12178.95 ^ clkbuf_3_6_0_clk/Y (BUFx24_ASAP7_75t_R)
  25.68 12204.63 ^ clkbuf_4_12_0_clk/Y (BUFx24_ASAP7_75t_R)
  26.72 12231.35 ^ clkbuf_6_50_0_clk/Y (BUFx24_ASAP7_75t_R)
  21.12 12252.47 ^ clkbuf_7_100__f_clk/Y (BUFx24_ASAP7_75t_R)
  25.22 12277.69 ^ clkbuf_leaf_748_clk/Y (BUFx24_ASAP7_75t_R)
   0.78 12278.47 ^ _359538_/CLK (DFFHQNx1_ASAP7_75t_R)
 -50.00 12228.47   clock uncertainty
   0.00 12228.47   clock reconvergence pessimism
 -12.29 12216.18   library setup time
        12216.18   data required time
---------------------------------------------------------
        12216.18   data required time
        -19320.01   data arrival time
---------------------------------------------------------
        -7103.83   slack (VIOLATED)


Startpoint: dmem_rsp_valid (input port clocked by core_clk)
Endpoint: _359538_ (rising edge-triggered flip-flop clocked by core_clk)
Path Group: in2reg
Path Type: max

  Delay    Time   Description
---------------------------------------------------------
   0.00    0.00   clock core_clk (rise edge)
   0.00    0.00   clock network delay (propagated)
2400.00 2400.00 ^ input external delay
   0.00 2400.00 ^ dmem_rsp_valid (in)
  58.14 2458.14 ^ input66/Y (BUFx2_ASAP7_75t_R)
  43.34 2501.48 v _174481_/Y (INVx1_ASAP7_75t_R)
  72.18 2573.66 v _176543_/Y (OR3x2_ASAP7_75t_R)
  49.24 2622.90 v wire5074/Y (BUFx16f_ASAP7_75t_R)
  71.14 2694.04 v _176567_/Y (OA21x2_ASAP7_75t_R)
  68.79 2762.82 v _178030_/Y (AO21x1_ASAP7_75t_R)
 105.07 2867.89 ^ _178032_/Y (OAI21x1_ASAP7_75t_R)
  34.47 2902.36 ^ _178050_/Y (AO211x2_ASAP7_75t_R)
  68.12 2970.48 ^ _178517_/Y (OR5x1_ASAP7_75t_R)
  65.86 3036.34 ^ _178646_/Y (AND3x2_ASAP7_75t_R)
  30.95 3067.29 ^ load_slew3753/Y (BUFx16f_ASAP7_75t_R)
  54.71 3122.00 ^ _180460_/Y (AO21x1_ASAP7_75t_R)
  23.94 3145.93 v _180461_/Y (NOR2x2_ASAP7_75t_R)
  35.36 3181.30 v wire3385/Y (BUFx16f_ASAP7_75t_R)
 158.10 3339.39 ^ _180462_/Y (INVx1_ASAP7_75t_R)
  83.33 3422.72 ^ _180521_/Y (AND3x1_ASAP7_75t_R)
  47.37 3470.09 ^ _180581_/Y (AND4x2_ASAP7_75t_R)
  24.10 3494.20 ^ load_slew2949/Y (BUFx16f_ASAP7_75t_R)
  67.82 3562.02 v _183135_/Y (NOR3x2_ASAP7_75t_R)
  70.37 3632.39 v wire2919/Y (BUFx16f_ASAP7_75t_R)
  61.97 3694.36 v load_slew2918/Y (BUFx16f_ASAP7_75t_R)
  62.88 3757.24 ^ _183378_/Y (NAND2x2_ASAP7_75t_R)
  33.75 3790.99 ^ load_slew2800/Y (BUFx16f_ASAP7_75t_R)
  50.26 3841.25 ^ wire2798/Y (BUFx16f_ASAP7_75t_R)
  30.98 3872.24 ^ load_slew2797/Y (BUFx16f_ASAP7_75t_R)
  43.26 3915.49 ^ _183379_/Y (AND2x2_ASAP7_75t_R)
  21.13 3936.63 ^ _183382_/Y (AND2x2_ASAP7_75t_R)
  28.67 3965.30 ^ _183456_/Y (AND4x2_ASAP7_75t_R)
  17.49 3982.78 v _183482_/Y (AOI22x1_ASAP7_75t_R)
  24.36 4007.15 v _183488_/Y (OR3x1_ASAP7_75t_R)
  37.34 4044.49 v _183489_/Y (OA211x2_ASAP7_75t_R)
  42.01 4086.50 ^ _183537_/Y (AOI211x1_ASAP7_75t_R)
  46.20 4132.70 v _183715_/Y (NOR2x1_ASAP7_75t_R)
  39.67 4172.37 v _183717_/Y (AO21x2_ASAP7_75t_R)
  21.56 4193.94 v _183728_/Y (AND2x2_ASAP7_75t_R)
  27.86 4221.79 v _183732_/Y (OR4x1_ASAP7_75t_R)
  31.90 4253.69 v _183757_/Y (OR3x1_ASAP7_75t_R)
  29.16 4282.85 v _183758_/Y (OA33x2_ASAP7_75t_R)
  52.36 4335.21 v _183764_/Y (AO32x1_ASAP7_75t_R)
  60.26 4395.47 v _183836_/Y (AO21x2_ASAP7_75t_R)
  37.28 4432.76 ^ _183876_/Y (AOI21x1_ASAP7_75t_R)
  31.92 4464.68 ^ _183900_/Y (AO21x1_ASAP7_75t_R)
  27.28 4491.96 ^ _183915_/Y (AO211x2_ASAP7_75t_R)
  29.00 4520.96 ^ _183916_/Y (OA21x2_ASAP7_75t_R)
  29.38 4550.33 ^ _183925_/Y (AND3x4_ASAP7_75t_R)
  20.68 4571.02 ^ _183934_/Y (OA21x2_ASAP7_75t_R)
  22.23 4593.25 ^ _183960_/Y (OA31x2_ASAP7_75t_R)
  15.72 4608.97 ^ _183996_/Y (AO21x1_ASAP7_75t_R)
  49.23 4658.20 v _184002_/Y (AOI211x1_ASAP7_75t_R)
  53.28 4711.48 v _184140_/Y (OR4x1_ASAP7_75t_R)
  30.85 4742.33 ^ _184142_/Y (NAND3x1_ASAP7_75t_R)
  22.33 4764.66 v _184149_/Y (AOI211x1_ASAP7_75t_R)
  50.59 4815.25 v _184160_/Y (OR5x2_ASAP7_75t_R)
  38.62 4853.87 v _184164_/Y (AO221x2_ASAP7_75t_R)
  35.63 4889.50 v _184171_/Y (AO31x2_ASAP7_75t_R)
  43.49 4932.99 v _184191_/Y (OA211x2_ASAP7_75t_R)
  27.16 4960.15 v _184192_/Y (XNOR2x2_ASAP7_75t_R)
  20.29 4980.45 v _184193_/Y (AO21x1_ASAP7_75t_R)
  34.71 5015.15 v _184201_/Y (OA221x2_ASAP7_75t_R)
  32.15 5047.30 v _184333_/Y (OA211x2_ASAP7_75t_R)
  26.61 5073.91 v _184335_/Y (AO221x1_ASAP7_75t_R)
  94.85 5168.76 v _184336_/Y (AO32x1_ASAP7_75t_R)
  60.29 5229.05 ^ _184384_/Y (NAND3x1_ASAP7_75t_R)
  32.98 5262.02 ^ _184385_/Y (AO21x1_ASAP7_75t_R)
  15.95 5277.97 v _184386_/Y (OAI21x1_ASAP7_75t_R)
  53.70 5331.67 ^ _184503_/Y (AOI211x1_ASAP7_75t_R)
  73.55 5405.22 ^ _184540_/Y (OA31x2_ASAP7_75t_R)
  37.48 5442.70 v _184634_/Y (NAND2x1_ASAP7_75t_R)
  30.63 5473.33 v _184649_/Y (AO32x1_ASAP7_75t_R)
  27.84 5501.17 v _184650_/Y (MAJx2_ASAP7_75t_R)
  28.60 5529.77 v _184655_/Y (OA21x2_ASAP7_75t_R)
  26.92 5556.69 ^ _184664_/Y (OAI21x1_ASAP7_75t_R)
  38.56 5595.24 ^ _184734_/Y (AO211x2_ASAP7_75t_R)
  49.30 5644.54 ^ _184767_/Y (OA21x2_ASAP7_75t_R)
  27.45 5671.99 ^ _184773_/Y (AND2x2_ASAP7_75t_R)
  30.90 5702.89 v _184774_/Y (XNOR2x2_ASAP7_75t_R)
  24.89 5727.78 v _184781_/Y (MAJx2_ASAP7_75t_R)
  24.25 5752.03 v _184782_/Y (MAJx2_ASAP7_75t_R)
  43.92 5795.95 v _184903_/Y (AO32x1_ASAP7_75t_R)
  30.02 5825.97 v _184969_/Y (OA21x2_ASAP7_75t_R)
  38.79 5864.76 ^ _184972_/Y (XOR2x2_ASAP7_75t_R)
  29.88 5894.64 v _185019_/Y (XNOR2x2_ASAP7_75t_R)
  31.70 5926.34 v _185020_/Y (OR4x1_ASAP7_75t_R)
  26.65 5952.99 v _185027_/Y (AO221x1_ASAP7_75t_R)
  34.19 5987.18 v _185028_/Y (OA31x2_ASAP7_75t_R)
  30.90 6018.08 v _185034_/Y (OA211x2_ASAP7_75t_R)
  38.56 6056.64 v _185039_/Y (AO211x2_ASAP7_75t_R)
  50.66 6107.30 ^ _185041_/Y (NAND2x2_ASAP7_75t_R)
  40.15 6147.45 v _185048_/Y (AOI21x1_ASAP7_75t_R)
  30.72 6178.17 v _185204_/Y (OA21x2_ASAP7_75t_R)
  34.92 6213.09 v _185206_/Y (OR4x1_ASAP7_75t_R)
  22.34 6235.42 v _185222_/Y (AO211x2_ASAP7_75t_R)
  35.45 6270.88 v _185223_/Y (AO21x2_ASAP7_75t_R)
  39.19 6310.06 v _185228_/Y (AND2x4_ASAP7_75t_R)
  40.12 6350.19 v _185330_/Y (AND2x4_ASAP7_75t_R)
  28.29 6378.47 v _185363_/Y (XNOR2x2_ASAP7_75t_R)
  28.67 6407.14 v _185364_/Y (MAJx2_ASAP7_75t_R)
  31.29 6438.44 v _185365_/Y (AO221x1_ASAP7_75t_R)
  42.44 6480.88 v _185401_/Y (OA211x2_ASAP7_75t_R)
  53.38 6534.26 v _185455_/Y (OA21x2_ASAP7_75t_R)
  34.50 6568.76 v _185527_/Y (OA21x2_ASAP7_75t_R)
  30.16 6598.93 ^ _185528_/Y (XNOR2x2_ASAP7_75t_R)
  29.14 6628.07 ^ _185529_/Y (XNOR2x2_ASAP7_75t_R)
  32.82 6660.88 ^ _185530_/Y (AND4x1_ASAP7_75t_R)
  82.78 6743.66 v _185566_/Y (AOI221x1_ASAP7_75t_R)
 131.42 6875.08 ^ _185758_/Y (NAND2x1_ASAP7_75t_R)
  50.90 6925.98 ^ _185847_/Y (AND3x2_ASAP7_75t_R)
  16.33 6942.32 v _185849_/Y (NOR3x1_ASAP7_75t_R)
  27.75 6970.07 v _185855_/Y (OA221x2_ASAP7_75t_R)
  17.80 6987.87 v _185856_/Y (AND4x1_ASAP7_75t_R)
  34.97 7022.85 v _185861_/Y (OA211x2_ASAP7_75t_R)
  49.51 7072.35 v _185906_/Y (OA21x2_ASAP7_75t_R)
  43.90 7116.25 v _185999_/Y (AND2x4_ASAP7_75t_R)
  32.25 7148.51 ^ _186000_/Y (XOR2x2_ASAP7_75t_R)
  28.78 7177.28 ^ _186002_/Y (AO32x1_ASAP7_75t_R)
  23.86 7201.14 ^ _186009_/Y (AND3x1_ASAP7_75t_R)
  11.56 7212.70 v _186020_/Y (NOR2x1_ASAP7_75t_R)
  25.19 7237.89 v _186021_/Y (MAJx2_ASAP7_75t_R)
  42.05 7279.95 v _186124_/Y (AO21x1_ASAP7_75t_R)
  81.08 7361.02 ^ _186126_/Y (NAND2x1_ASAP7_75t_R)
  46.77 7407.79 ^ _186262_/Y (OA21x2_ASAP7_75t_R)
  17.10 7424.89 v _186286_/Y (NOR2x1_ASAP7_75t_R)
  27.82 7452.71 v _186292_/Y (AO22x1_ASAP7_75t_R)
  22.82 7475.53 v _186294_/Y (OA211x2_ASAP7_75t_R)
  39.83 7515.36 v _186295_/Y (AO221x1_ASAP7_75t_R)
  28.51 7543.87 v _186297_/Y (AND2x2_ASAP7_75t_R)
  39.99 7583.86 ^ _186343_/Y (OAI21x1_ASAP7_75t_R)
  57.95 7641.81 v _186506_/Y (NAND2x1_ASAP7_75t_R)
  36.00 7677.81 v _186565_/Y (AND2x4_ASAP7_75t_R)
  37.71 7715.53 ^ _186566_/Y (XNOR2x2_ASAP7_75t_R)
  27.39 7742.92 v _186594_/Y (NOR2x1_ASAP7_75t_R)
  24.17 7767.09 v _186596_/Y (OA21x2_ASAP7_75t_R)
  36.10 7803.19 v _186612_/Y (OA33x2_ASAP7_75t_R)
  52.86 7856.06 v _186613_/Y (OA211x2_ASAP7_75t_R)
  98.85 7954.91 ^ _186634_/Y (NOR2x1_ASAP7_75t_R)
  45.92 8000.83 v _186716_/Y (AOI211x1_ASAP7_75t_R)
  42.38 8043.22 v _186717_/Y (OR5x1_ASAP7_75t_R)
  24.96 8068.17 v _186731_/Y (AO22x2_ASAP7_75t_R)
  36.12 8104.29 v _186732_/Y (AO33x2_ASAP7_75t_R)
  27.82 8132.10 v _186750_/Y (AO221x1_ASAP7_75t_R)
  19.56 8151.66 v _186751_/Y (AND2x2_ASAP7_75t_R)
  25.70 8177.36 v _186934_/Y (OA21x2_ASAP7_75t_R)
  80.82 8258.18 ^ _186965_/Y (NAND2x1_ASAP7_75t_R)
  49.46 8307.64 v _187178_/Y (AOI21x1_ASAP7_75t_R)
  38.07 8345.71 v _187245_/Y (OR3x2_ASAP7_75t_R)
  23.98 8369.69 v _187252_/Y (AO211x2_ASAP7_75t_R)
  49.13 8418.83 v _187260_/Y (OA33x2_ASAP7_75t_R)
  37.75 8456.58 ^ _187271_/Y (OAI21x1_ASAP7_75t_R)
  69.36 8525.94 v _187481_/Y (AOI211x1_ASAP7_75t_R)
  40.26 8566.20 v _187606_/Y (OR3x1_ASAP7_75t_R)
  32.51 8598.71 ^ _187607_/Y (XOR2x2_ASAP7_75t_R)
  28.40 8627.11 v _187608_/Y (XNOR2x2_ASAP7_75t_R)
  31.94 8659.05 v _187609_/Y (OR4x1_ASAP7_75t_R)
  20.60 8679.65 ^ _187656_/Y (OAI21x1_ASAP7_75t_R)
  21.29 8700.94 ^ _187687_/Y (AO21x2_ASAP7_75t_R)
  27.43 8728.37 ^ _187688_/Y (AO21x2_ASAP7_75t_R)
  34.01 8762.39 ^ _187709_/Y (AO31x2_ASAP7_75t_R)
  63.71 8826.09 ^ _187710_/Y (OR2x2_ASAP7_75t_R)
  42.07 8868.17 ^ _187783_/Y (AND2x4_ASAP7_75t_R)
  31.23 8899.39 ^ _187784_/Y (XNOR2x2_ASAP7_75t_R)
  31.88 8931.27 v _187839_/Y (XNOR2x2_ASAP7_75t_R)
  40.43 8971.71 v _187840_/Y (OR5x1_ASAP7_75t_R)
  22.42 8994.13 ^ _187843_/Y (NOR3x1_ASAP7_75t_R)
   8.69 9002.82 v _187860_/Y (NAND2x1_ASAP7_75t_R)
  33.65 9036.47 v _187881_/Y (OA211x2_ASAP7_75t_R)
  61.43 9097.90 ^ _188026_/Y (OAI21x1_ASAP7_75t_R)
  42.37 9140.27 ^ load_slew992/Y (BUFx12_ASAP7_75t_R)
  22.19 9162.46 ^ load_slew991/Y (BUFx12f_ASAP7_75t_R)
  24.24 9186.70 ^ _188189_/Y (AND2x2_ASAP7_75t_R)
  34.16 9220.86 ^ _188190_/Y (XNOR2x2_ASAP7_75t_R)
  32.71 9253.57 v _188325_/Y (XNOR2x2_ASAP7_75t_R)
   7.07 9260.65 ^ _188326_/Y (INVx1_ASAP7_75t_R)
  38.91 9299.56 ^ _188329_/Y (AND4x1_ASAP7_75t_R)
  25.76 9325.32 ^ _188330_/Y (AND3x1_ASAP7_75t_R)
 122.36 9447.67 v _188410_/Y (AOI221x1_ASAP7_75t_R)
  93.43 9541.10 ^ _188490_/Y (OAI21x1_ASAP7_75t_R)
  43.55 9584.65 ^ _188491_/Y (XNOR2x2_ASAP7_75t_R)
  12.94 9597.59 v _188546_/Y (NOR2x1_ASAP7_75t_R)
  24.54 9622.13 v _188564_/Y (AND3x1_ASAP7_75t_R)
  35.43 9657.56 v _188784_/Y (OA211x2_ASAP7_75t_R)
  27.45 9685.01 v _188785_/Y (OR3x1_ASAP7_75t_R)
  43.79 9728.80 ^ _188842_/Y (NAND3x1_ASAP7_75t_R)
  72.65 9801.45 ^ _188843_/Y (AND2x2_ASAP7_75t_R)
  49.12 9850.57 v _188881_/Y (AOI211x1_ASAP7_75t_R)
  31.29 9881.86 v _188882_/Y (AO21x1_ASAP7_75t_R)
  31.87 9913.73 v _189225_/Y (OR3x1_ASAP7_75t_R)
  41.44 9955.17 v _189247_/Y (OR5x1_ASAP7_75t_R)
  33.47 9988.64 v _189250_/Y (OA31x2_ASAP7_75t_R)
  98.44 10087.08 v _189251_/Y (AND5x2_ASAP7_75t_R)
 108.19 10195.27 ^ _189252_/Y (INVx4_ASAP7_75t_R)
  38.05 10233.32 ^ _189633_/Y (AND2x2_ASAP7_75t_R)
  37.63 10270.95 v _189634_/Y (XNOR2x2_ASAP7_75t_R)
  29.96 10300.91 ^ _189635_/Y (XNOR2x2_ASAP7_75t_R)
  60.51 10361.42 ^ _189646_/Y (AND4x1_ASAP7_75t_R)
  56.44 10417.86 ^ _189677_/Y (AND3x1_ASAP7_75t_R)
  64.27 10482.13 v _189736_/Y (NOR3x1_ASAP7_75t_R)
 133.57 10615.70 ^ _189761_/Y (NAND2x1_ASAP7_75t_R)
  93.04 10708.74 v _190097_/Y (AOI21x1_ASAP7_75t_R)
  31.91 10740.65 ^ _190098_/Y (XNOR2x2_ASAP7_75t_R)
  28.10 10768.75 ^ _190110_/Y (AND4x2_ASAP7_75t_R)
  30.05 10798.80 ^ _190111_/Y (AND3x1_ASAP7_75t_R)
  62.04 10860.84 v _190167_/Y (AOI221x1_ASAP7_75t_R)
  91.42 10952.26 ^ _190216_/Y (NAND2x2_ASAP7_75t_R)
  34.49 10986.75 ^ _190302_/Y (AND2x2_ASAP7_75t_R)
  35.99 11022.74 v _190303_/Y (XNOR2x2_ASAP7_75t_R)
  27.59 11050.33 ^ _190381_/Y (XNOR2x2_ASAP7_75t_R)
  28.02 11078.34 ^ _190407_/Y (AND5x1_ASAP7_75t_R)
  36.19 11114.54 ^ _190416_/Y (AND5x1_ASAP7_75t_R)
  19.46 11134.00 ^ _190417_/Y (AO21x2_ASAP7_75t_R)
  88.49 11222.49 v _190456_/Y (AOI211x1_ASAP7_75t_R)
 178.90 11401.38 ^ _190580_/Y (NAND2x1_ASAP7_75t_R)
  96.41 11497.80 v _190856_/Y (AOI211x1_ASAP7_75t_R)
  36.60 11534.40 v _190857_/Y (MAJx2_ASAP7_75t_R)
  27.84 11562.24 v _190860_/Y (OA222x2_ASAP7_75t_R)
  21.99 11584.23 v _190861_/Y (AND3x2_ASAP7_75t_R)
  13.62 11597.85 ^ _190862_/Y (NOR3x1_ASAP7_75t_R)
  16.05 11613.90 v _190999_/Y (OAI21x1_ASAP7_75t_R)
 109.91 11723.81 v _191002_/Y (OR3x1_ASAP7_75t_R)
  69.29 11793.10 v _191165_/Y (AO21x2_ASAP7_75t_R)
  25.66 11818.76 v _191166_/Y (XNOR2x2_ASAP7_75t_R)
  38.31 11857.07 v _191201_/Y (OR5x2_ASAP7_75t_R)
  14.43 11871.50 ^ _191250_/Y (AOI21x1_ASAP7_75t_R)
  26.19 11897.69 ^ _191276_/Y (OA21x2_ASAP7_75t_R)
  23.66 11921.35 ^ _191277_/Y (AO21x2_ASAP7_75t_R)
  41.46 11962.81 ^ _191284_/Y (AO21x1_ASAP7_75t_R)
  55.99 12018.80 ^ _191372_/Y (AO21x2_ASAP7_75t_R)
  33.53 12052.33 ^ load_slew976/Y (BUFx16f_ASAP7_75t_R)
  43.42 12095.75 ^ _191547_/Y (AND2x2_ASAP7_75t_R)
  33.49 12129.24 v _191548_/Y (XNOR2x2_ASAP7_75t_R)
  25.03 12154.27 ^ _191677_/Y (AOI22x1_ASAP7_75t_R)
  37.84 12192.10 ^ _191715_/Y (AND5x1_ASAP7_75t_R)
  39.99 12232.09 ^ _191716_/Y (AND5x2_ASAP7_75t_R)
  31.92 12264.01 ^ _191726_/Y (AO211x2_ASAP7_75t_R)
 120.69 12384.70 ^ _191815_/Y (OR3x1_ASAP7_75t_R)
  67.61 12452.30 ^ _191922_/Y (AND3x2_ASAP7_75t_R)
  31.81 12484.11 ^ _191923_/Y (XNOR2x2_ASAP7_75t_R)
  28.69 12512.80 v _191924_/Y (XNOR2x2_ASAP7_75t_R)
  11.01 12523.81 ^ _191925_/Y (NAND2x1_ASAP7_75t_R)
  22.86 12546.67 ^ _192112_/Y (AO21x1_ASAP7_75t_R)
  20.81 12567.48 v _192137_/Y (NOR2x1_ASAP7_75t_R)
  60.12 12627.59 v _192194_/Y (AO21x1_ASAP7_75t_R)
 133.37 12760.97 v _192219_/Y (OR3x1_ASAP7_75t_R)
  70.07 12831.04 ^ _192452_/Y (NAND3x1_ASAP7_75t_R)
  21.86 12852.90 ^ _192454_/Y (AO21x1_ASAP7_75t_R)
  42.98 12895.88 ^ _192485_/Y (AND5x1_ASAP7_75t_R)
  28.28 12924.16 ^ _192572_/Y (AO21x2_ASAP7_75t_R)
  81.65 13005.81 v _192604_/Y (AOI221x1_ASAP7_75t_R)
  57.71 13063.52 ^ _192740_/Y (OAI21x1_ASAP7_75t_R)
  26.83 13090.35 ^ wire972/Y (BUFx12f_ASAP7_75t_R)
  24.28 13114.64 ^ load_slew971/Y (BUFx6f_ASAP7_75t_R)
  30.99 13145.62 ^ _193048_/Y (AND3x1_ASAP7_75t_R)
  20.43 13166.05 v _193050_/Y (NOR3x1_ASAP7_75t_R)
  35.64 13201.69 v _193076_/Y (OA211x2_ASAP7_75t_R)
  32.08 13233.77 v _193170_/Y (OA211x2_ASAP7_75t_R)
  27.15 13260.91 v _193171_/Y (AND5x2_ASAP7_75t_R)
  34.00 13294.92 v _193179_/Y (OR3x2_ASAP7_75t_R)
  50.64 13345.56 v _193180_/Y (AO21x2_ASAP7_75t_R)
  35.25 13380.81 v load_slew970/Y (BUFx16f_ASAP7_75t_R)
  35.77 13416.58 v _193418_/Y (AO21x1_ASAP7_75t_R)
  28.15 13444.73 v _193421_/Y (OA211x2_ASAP7_75t_R)
  19.35 13464.07 v _193422_/Y (AO21x2_ASAP7_75t_R)
  25.23 13489.30 v _193439_/Y (AO21x2_ASAP7_75t_R)
  31.85 13521.15 v _193440_/Y (AO32x1_ASAP7_75t_R)
  25.95 13547.10 ^ _193494_/Y (OAI21x1_ASAP7_75t_R)
  44.62 13591.73 v _193623_/Y (AOI21x1_ASAP7_75t_R)
 107.46 13699.19 v _193690_/Y (OR3x1_ASAP7_75t_R)
  54.87 13754.05 v _193706_/Y (AND2x2_ASAP7_75t_R)
  39.57 13793.62 ^ _193707_/Y (XNOR2x2_ASAP7_75t_R)
  33.94 13827.56 v _193708_/Y (XNOR2x2_ASAP7_75t_R)
  29.47 13857.03 v _193726_/Y (OR4x1_ASAP7_75t_R)
  57.84 13914.87 v _194025_/Y (OR4x1_ASAP7_75t_R)
  70.96 13985.83 ^ _194133_/Y (NAND2x1_ASAP7_75t_R)
  60.92 14046.75 ^ _194134_/Y (AO21x1_ASAP7_75t_R)
  35.68 14082.43 ^ load_slew969/Y (BUFx10_ASAP7_75t_R)
  32.25 14114.68 ^ _194325_/Y (AND3x1_ASAP7_75t_R)
  25.26 14139.93 ^ _194410_/Y (OR3x1_ASAP7_75t_R)
  42.26 14182.20 ^ _194423_/Y (AND5x1_ASAP7_75t_R)
  39.51 14221.70 ^ _194447_/Y (AND5x1_ASAP7_75t_R)
  31.20 14252.91 ^ _194459_/Y (AND3x2_ASAP7_75t_R)
  24.39 14277.29 ^ _194529_/Y (AO31x2_ASAP7_75t_R)
  68.37 14345.67 ^ _194584_/Y (OR4x1_ASAP7_75t_R)
 117.44 14463.11 v _194680_/Y (NOR2x1_ASAP7_75t_R)
  37.89 14501.00 ^ _194683_/Y (NAND2x1_ASAP7_75t_R)
  30.09 14531.09 ^ _194696_/Y (OA211x2_ASAP7_75t_R)
  22.66 14553.75 ^ _194730_/Y (AO211x2_ASAP7_75t_R)
  48.32 14602.07 ^ _194736_/Y (AO32x1_ASAP7_75t_R)
  28.16 14630.22 v _194830_/Y (AOI21x1_ASAP7_75t_R)
  44.44 14674.67 ^ _195063_/Y (OAI21x1_ASAP7_75t_R)
  73.08 14747.74 ^ _195066_/Y (OA21x2_ASAP7_75t_R)
  49.03 14796.78 ^ _195071_/Y (AND3x2_ASAP7_75t_R)
  38.16 14834.94 ^ _195232_/Y (XOR2x2_ASAP7_75t_R)
  30.92 14865.86 ^ _195234_/Y (AO221x1_ASAP7_75t_R)
  20.59 14886.44 ^ _195238_/Y (AO21x1_ASAP7_75t_R)
  31.48 14917.93 ^ _195240_/Y (AO22x1_ASAP7_75t_R)
  27.92 14945.85 ^ _195241_/Y (AO21x2_ASAP7_75t_R)
  59.27 15005.12 v _195484_/Y (NAND2x1_ASAP7_75t_R)
 138.09 15143.21 ^ _195485_/Y (NAND2x1_ASAP7_75t_R)
  80.28 15223.49 ^ _195782_/Y (AND3x1_ASAP7_75t_R)
  23.47 15246.96 v _195789_/Y (NOR2x2_ASAP7_75t_R)
  30.91 15277.86 v _195790_/Y (MAJx2_ASAP7_75t_R)
  24.67 15302.53 v _195795_/Y (AO211x2_ASAP7_75t_R)
  33.01 15335.55 v _195849_/Y (AO21x1_ASAP7_75t_R)
  70.73 15406.28 v _195877_/Y (AO21x1_ASAP7_75t_R)
  92.31 15498.58 ^ _196018_/Y (NAND2x2_ASAP7_75t_R)
  94.81 15593.40 ^ _196284_/Y (OA211x2_ASAP7_75t_R)
   9.14 15602.53 v _196292_/Y (AOI21x1_ASAP7_75t_R)
  30.94 15633.47 v _196293_/Y (AO221x1_ASAP7_75t_R)
  25.35 15658.81 v _196315_/Y (AO21x2_ASAP7_75t_R)
  64.61 15723.42 v _196337_/Y (AO22x1_ASAP7_75t_R)
  84.73 15808.16 v _196340_/Y (AO221x1_ASAP7_75t_R)
  98.60 15906.76 v _196435_/Y (AO21x2_ASAP7_75t_R)
  79.34 15986.10 ^ _196643_/Y (NAND2x1_ASAP7_75t_R)
  31.69 16017.79 v _196645_/Y (XNOR2x2_ASAP7_75t_R)
  23.86 16041.65 ^ _196646_/Y (AOI211x1_ASAP7_75t_R)
  39.77 16081.43 ^ _196771_/Y (AND5x1_ASAP7_75t_R)
  22.56 16103.99 ^ _196794_/Y (AO222x2_ASAP7_75t_R)
  17.65 16121.64 ^ _196795_/Y (AO21x2_ASAP7_75t_R)
  93.21 16214.85 v _197142_/Y (AOI211x1_ASAP7_75t_R)
  74.25 16289.10 v _197223_/Y (AND2x2_ASAP7_75t_R)
  29.22 16318.32 v _197224_/Y (AO32x1_ASAP7_75t_R)
  24.37 16342.69 ^ _197225_/Y (XNOR2x2_ASAP7_75t_R)
  33.14 16375.83 ^ _197236_/Y (AND5x1_ASAP7_75t_R)
  12.14 16387.97 v _197237_/Y (NAND2x1_ASAP7_75t_R)
  38.60 16426.58 v _197238_/Y (OR5x1_ASAP7_75t_R)
  22.31 16448.89 v _197239_/Y (AO211x2_ASAP7_75t_R)
  21.85 16470.73 ^ _197240_/Y (AOI211x1_ASAP7_75t_R)
  50.35 16521.09 ^ _197247_/Y (AO211x2_ASAP7_75t_R)
  66.61 16587.70 ^ _197336_/Y (OR2x2_ASAP7_75t_R)
  35.18 16622.88 ^ _197505_/Y (AND2x2_ASAP7_75t_R)
  38.73 16661.61 v _197506_/Y (XNOR2x2_ASAP7_75t_R)
  27.06 16688.67 ^ _197507_/Y (XNOR2x2_ASAP7_75t_R)
  34.97 16723.64 ^ _197508_/Y (AND5x1_ASAP7_75t_R)
  35.58 16759.22 ^ _197711_/Y (AND5x1_ASAP7_75t_R)
  22.22 16781.44 ^ _197720_/Y (OR4x1_ASAP7_75t_R)
  29.33 16810.77 ^ _197721_/Y (AO211x2_ASAP7_75t_R)
  63.37 16874.14 ^ _197722_/Y (AO21x1_ASAP7_75t_R)
  28.43 16902.56 ^ load_slew696/Y (BUFx12f_ASAP7_75t_R)
  30.24 16932.80 v _198025_/Y (AOI22x1_ASAP7_75t_R)
  46.70 16979.50 v _198037_/Y (AO32x2_ASAP7_75t_R)
  31.19 17010.69 v _198043_/Y (AO32x1_ASAP7_75t_R)
  30.51 17041.20 v _198051_/Y (AO32x1_ASAP7_75t_R)
  33.26 17074.46 v _198070_/Y (AO33x2_ASAP7_75t_R)
  23.34 17097.80 v _198073_/Y (OA211x2_ASAP7_75t_R)
  20.91 17118.72 v _198074_/Y (OA21x2_ASAP7_75t_R)
  23.53 17142.25 v _198075_/Y (AO21x1_ASAP7_75t_R)
  24.22 17166.47 v _198076_/Y (AO21x1_ASAP7_75t_R)
  22.16 17188.63 v _198100_/Y (AO21x1_ASAP7_75t_R)
  28.92 17217.55 ^ _198101_/Y (AOI21x1_ASAP7_75t_R)
  84.32 17301.88 v _198137_/Y (NOR3x1_ASAP7_75t_R)
  55.71 17357.59 v _198412_/Y (OR4x1_ASAP7_75t_R)
  27.32 17384.91 v _198413_/Y (OA211x2_ASAP7_75t_R)
  17.79 17402.70 ^ _198423_/Y (OAI22x1_ASAP7_75t_R)
  28.30 17431.01 ^ _198425_/Y (AND4x1_ASAP7_75t_R)
  53.06 17484.06 ^ _198426_/Y (AND5x1_ASAP7_75t_R)
  17.39 17501.45 v _198460_/Y (NAND2x2_ASAP7_75t_R)
  37.94 17539.40 v _198461_/Y (AO21x2_ASAP7_75t_R)
  67.44 17606.84 v _198463_/Y (AND2x4_ASAP7_75t_R)
 156.02 17762.85 ^ _198787_/Y (NAND2x1_ASAP7_75t_R)
  66.95 17829.80 v _198788_/Y (XNOR2x2_ASAP7_75t_R)
  20.69 17850.49 v _198789_/Y (AO21x1_ASAP7_75t_R)
  41.50 17891.99 ^ _198790_/Y (XNOR2x2_ASAP7_75t_R)
  95.04 17987.03 v _198791_/Y (NAND2x1_ASAP7_75t_R)
  80.02 18067.05 ^ _198887_/Y (AOI21x1_ASAP7_75t_R)
  34.28 18101.32 ^ _198888_/Y (AO32x1_ASAP7_75t_R)
  23.47 18124.80 v _198893_/Y (AOI221x1_ASAP7_75t_R)
  24.40 18149.19 v _198904_/Y (AND2x2_ASAP7_75t_R)
  16.57 18165.77 v _198913_/Y (OA21x2_ASAP7_75t_R)
  57.90 18223.67 v _198916_/Y (OA33x2_ASAP7_75t_R)
  90.19 18313.85 ^ _198955_/Y (OAI21x1_ASAP7_75t_R)
 101.84 18415.69 ^ _200274_/Y (AO21x1_ASAP7_75t_R)
  61.83 18477.52 ^ _200275_/Y (AND2x2_ASAP7_75t_R)
  35.42 18512.93 ^ _200396_/Y (AND5x1_ASAP7_75t_R)
  16.32 18529.26 v _200397_/Y (OAI22x1_ASAP7_75t_R)
  28.25 18557.50 ^ _200399_/Y (NAND2x1_ASAP7_75t_R)
  25.91 18583.41 ^ _201181_/Y (OA211x2_ASAP7_75t_R)
  37.03 18620.44 ^ _201216_/Y (AND5x1_ASAP7_75t_R)
  69.34 18689.78 ^ _201383_/Y (AND3x1_ASAP7_75t_R)
  58.51 18748.29 ^ _201670_/Y (AND4x2_ASAP7_75t_R)
  28.20 18776.48 v _201671_/Y (XNOR2x2_ASAP7_75t_R)
  16.56 18793.04 v _201676_/Y (AO21x1_ASAP7_75t_R)
  19.63 18812.67 v _201692_/Y (AO21x1_ASAP7_75t_R)
  40.73 18853.40 ^ _226388_/Y (AOI21x1_ASAP7_75t_R)
  31.49 18884.89 ^ wire666/Y (BUFx12f_ASAP7_75t_R)
  57.35 18942.24 ^ _230390_/Y (OA211x2_ASAP7_75t_R)
  69.74 19011.98 v _230392_/Y (OAI21x1_ASAP7_75t_R)
  67.73 19079.70 v load_slew592/Y (BUFx10_ASAP7_75t_R)
  31.57 19111.27 v load_slew591/Y (BUFx10_ASAP7_75t_R)
  23.98 19135.25 v load_slew590/Y (BUFx12f_ASAP7_75t_R)
 143.68 19278.93 v _268427_/Y (AO22x1_ASAP7_75t_R)
  40.95 19319.88 ^ _273569_/Y (AOI211x1_ASAP7_75t_R)
   0.13 19320.01 ^ _359538_/D (DFFHQNx1_ASAP7_75t_R)
        19320.01   data arrival time

12000.00 12000.00   clock core_clk (rise edge)
   0.00 12000.00   clock source latency
   0.00 12000.00 ^ clk (in)
  50.48 12050.48 ^ wire5623/Y (BUFx12_ASAP7_75t_R)
  51.19 12101.67 ^ clkbuf_0_clk/Y (BUFx24_ASAP7_75t_R)
  27.49 12129.16 ^ clkbuf_1_1_0_clk/Y (BUFx24_ASAP7_75t_R)
  20.44 12149.59 ^ clkbuf_2_3_0_clk/Y (BUFx24_ASAP7_75t_R)
  29.36 12178.95 ^ clkbuf_3_6_0_clk/Y (BUFx24_ASAP7_75t_R)
  25.68 12204.63 ^ clkbuf_4_12_0_clk/Y (BUFx24_ASAP7_75t_R)
  26.72 12231.35 ^ clkbuf_6_50_0_clk/Y (BUFx24_ASAP7_75t_R)
  21.12 12252.47 ^ clkbuf_7_100__f_clk/Y (BUFx24_ASAP7_75t_R)
  25.22 12277.69 ^ clkbuf_leaf_748_clk/Y (BUFx24_ASAP7_75t_R)
   0.78 12278.47 ^ _359538_/CLK (DFFHQNx1_ASAP7_75t_R)
 -50.00 12228.47   clock uncertainty
   0.00 12228.47   clock reconvergence pessimism
 -12.29 12216.18   library setup time
        12216.18   data required time
---------------------------------------------------------
        12216.18   data required time
        -19320.01   data arrival time
---------------------------------------------------------
        -7103.83   slack (VIOLATED)


Startpoint: dmem_rsp_valid (input port clocked by core_clk)
Endpoint: _359538_ (rising edge-triggered flip-flop clocked by core_clk)
Path Group: in2reg
Path Type: max

  Delay    Time   Description
---------------------------------------------------------
   0.00    0.00   clock core_clk (rise edge)
   0.00    0.00   clock network delay (propagated)
2400.00 2400.00 ^ input external delay
   0.00 2400.00 ^ dmem_rsp_valid (in)
  58.14 2458.14 ^ input66/Y (BUFx2_ASAP7_75t_R)
  43.34 2501.48 v _174481_/Y (INVx1_ASAP7_75t_R)
  72.18 2573.66 v _176543_/Y (OR3x2_ASAP7_75t_R)
  49.24 2622.90 v wire5074/Y (BUFx16f_ASAP7_75t_R)
  71.14 2694.04 v _176567_/Y (OA21x2_ASAP7_75t_R)
  68.79 2762.82 v _178030_/Y (AO21x1_ASAP7_75t_R)
 105.07 2867.89 ^ _178032_/Y (OAI21x1_ASAP7_75t_R)
  34.47 2902.36 ^ _178050_/Y (AO211x2_ASAP7_75t_R)
  68.12 2970.48 ^ _178517_/Y (OR5x1_ASAP7_75t_R)
  65.86 3036.34 ^ _178646_/Y (AND3x2_ASAP7_75t_R)
  30.95 3067.29 ^ load_slew3753/Y (BUFx16f_ASAP7_75t_R)
  54.71 3122.00 ^ _180460_/Y (AO21x1_ASAP7_75t_R)
  23.94 3145.93 v _180461_/Y (NOR2x2_ASAP7_75t_R)
  35.36 3181.30 v wire3385/Y (BUFx16f_ASAP7_75t_R)
 158.10 3339.39 ^ _180462_/Y (INVx1_ASAP7_75t_R)
  83.33 3422.72 ^ _180521_/Y (AND3x1_ASAP7_75t_R)
  47.37 3470.09 ^ _180581_/Y (AND4x2_ASAP7_75t_R)
  24.10 3494.20 ^ load_slew2949/Y (BUFx16f_ASAP7_75t_R)
  67.82 3562.02 v _183135_/Y (NOR3x2_ASAP7_75t_R)
  70.37 3632.39 v wire2919/Y (BUFx16f_ASAP7_75t_R)
  61.97 3694.36 v load_slew2918/Y (BUFx16f_ASAP7_75t_R)
  62.88 3757.24 ^ _183378_/Y (NAND2x2_ASAP7_75t_R)
  33.75 3790.99 ^ load_slew2800/Y (BUFx16f_ASAP7_75t_R)
  50.26 3841.25 ^ wire2798/Y (BUFx16f_ASAP7_75t_R)
  30.98 3872.24 ^ load_slew2797/Y (BUFx16f_ASAP7_75t_R)
  43.26 3915.49 ^ _183379_/Y (AND2x2_ASAP7_75t_R)
  21.13 3936.63 ^ _183382_/Y (AND2x2_ASAP7_75t_R)
  28.67 3965.30 ^ _183456_/Y (AND4x2_ASAP7_75t_R)
  17.49 3982.78 v _183482_/Y (AOI22x1_ASAP7_75t_R)
  24.36 4007.15 v _183488_/Y (OR3x1_ASAP7_75t_R)
  37.34 4044.49 v _183489_/Y (OA211x2_ASAP7_75t_R)
  42.01 4086.50 ^ _183537_/Y (AOI211x1_ASAP7_75t_R)
  46.20 4132.70 v _183715_/Y (NOR2x1_ASAP7_75t_R)
  39.67 4172.37 v _183717_/Y (AO21x2_ASAP7_75t_R)
  21.56 4193.94 v _183728_/Y (AND2x2_ASAP7_75t_R)
  27.86 4221.79 v _183732_/Y (OR4x1_ASAP7_75t_R)
  31.90 4253.69 v _183757_/Y (OR3x1_ASAP7_75t_R)
  29.16 4282.85 v _183758_/Y (OA33x2_ASAP7_75t_R)
  52.36 4335.21 v _183764_/Y (AO32x1_ASAP7_75t_R)
  60.26 4395.47 v _183836_/Y (AO21x2_ASAP7_75t_R)
  37.28 4432.76 ^ _183876_/Y (AOI21x1_ASAP7_75t_R)
  31.92 4464.68 ^ _183900_/Y (AO21x1_ASAP7_75t_R)
  27.28 4491.96 ^ _183915_/Y (AO211x2_ASAP7_75t_R)
  29.00 4520.96 ^ _183916_/Y (OA21x2_ASAP7_75t_R)
  29.38 4550.33 ^ _183925_/Y (AND3x4_ASAP7_75t_R)
  20.68 4571.02 ^ _183934_/Y (OA21x2_ASAP7_75t_R)
  22.23 4593.25 ^ _183960_/Y (OA31x2_ASAP7_75t_R)
  15.72 4608.97 ^ _183996_/Y (AO21x1_ASAP7_75t_R)
  49.23 4658.20 v _184002_/Y (AOI211x1_ASAP7_75t_R)
  53.28 4711.48 v _184140_/Y (OR4x1_ASAP7_75t_R)
  30.85 4742.33 ^ _184142_/Y (NAND3x1_ASAP7_75t_R)
  22.33 4764.66 v _184149_/Y (AOI211x1_ASAP7_75t_R)
  50.59 4815.25 v _184160_/Y (OR5x2_ASAP7_75t_R)
  38.62 4853.87 v _184164_/Y (AO221x2_ASAP7_75t_R)
  35.63 4889.50 v _184171_/Y (AO31x2_ASAP7_75t_R)
  43.49 4932.99 v _184191_/Y (OA211x2_ASAP7_75t_R)
  27.16 4960.15 v _184192_/Y (XNOR2x2_ASAP7_75t_R)
  20.29 4980.45 v _184193_/Y (AO21x1_ASAP7_75t_R)
  34.71 5015.15 v _184201_/Y (OA221x2_ASAP7_75t_R)
  32.15 5047.30 v _184333_/Y (OA211x2_ASAP7_75t_R)
  26.61 5073.91 v _184335_/Y (AO221x1_ASAP7_75t_R)
  94.85 5168.76 v _184336_/Y (AO32x1_ASAP7_75t_R)
  60.29 5229.05 ^ _184384_/Y (NAND3x1_ASAP7_75t_R)
  32.98 5262.02 ^ _184385_/Y (AO21x1_ASAP7_75t_R)
  15.95 5277.97 v _184386_/Y (OAI21x1_ASAP7_75t_R)
  53.70 5331.67 ^ _184503_/Y (AOI211x1_ASAP7_75t_R)
  73.55 5405.22 ^ _184540_/Y (OA31x2_ASAP7_75t_R)
  37.48 5442.70 v _184634_/Y (NAND2x1_ASAP7_75t_R)
  30.63 5473.33 v _184649_/Y (AO32x1_ASAP7_75t_R)
  27.84 5501.17 v _184650_/Y (MAJx2_ASAP7_75t_R)
  28.60 5529.77 v _184655_/Y (OA21x2_ASAP7_75t_R)
  26.92 5556.69 ^ _184664_/Y (OAI21x1_ASAP7_75t_R)
  38.56 5595.24 ^ _184734_/Y (AO211x2_ASAP7_75t_R)
  49.30 5644.54 ^ _184767_/Y (OA21x2_ASAP7_75t_R)
  27.45 5671.99 ^ _184773_/Y (AND2x2_ASAP7_75t_R)
  30.90 5702.89 v _184774_/Y (XNOR2x2_ASAP7_75t_R)
  24.89 5727.78 v _184781_/Y (MAJx2_ASAP7_75t_R)
  24.25 5752.03 v _184782_/Y (MAJx2_ASAP7_75t_R)
  43.92 5795.95 v _184903_/Y (AO32x1_ASAP7_75t_R)
  30.02 5825.97 v _184969_/Y (OA21x2_ASAP7_75t_R)
  38.79 5864.76 ^ _184972_/Y (XOR2x2_ASAP7_75t_R)
  29.88 5894.64 v _185019_/Y (XNOR2x2_ASAP7_75t_R)
  31.70 5926.34 v _185020_/Y (OR4x1_ASAP7_75t_R)
  26.65 5952.99 v _185027_/Y (AO221x1_ASAP7_75t_R)
  34.19 5987.18 v _185028_/Y (OA31x2_ASAP7_75t_R)
  30.90 6018.08 v _185034_/Y (OA211x2_ASAP7_75t_R)
  38.56 6056.64 v _185039_/Y (AO211x2_ASAP7_75t_R)
  50.66 6107.30 ^ _185041_/Y (NAND2x2_ASAP7_75t_R)
  40.15 6147.45 v _185048_/Y (AOI21x1_ASAP7_75t_R)
  30.72 6178.17 v _185204_/Y (OA21x2_ASAP7_75t_R)
  34.92 6213.09 v _185206_/Y (OR4x1_ASAP7_75t_R)
  22.34 6235.42 v _185222_/Y (AO211x2_ASAP7_75t_R)
  35.45 6270.88 v _185223_/Y (AO21x2_ASAP7_75t_R)
  39.19 6310.06 v _185228_/Y (AND2x4_ASAP7_75t_R)
  40.12 6350.19 v _185330_/Y (AND2x4_ASAP7_75t_R)
  28.29 6378.47 v _185363_/Y (XNOR2x2_ASAP7_75t_R)
  28.67 6407.14 v _185364_/Y (MAJx2_ASAP7_75t_R)
  31.29 6438.44 v _185365_/Y (AO221x1_ASAP7_75t_R)
  42.44 6480.88 v _185401_/Y (OA211x2_ASAP7_75t_R)
  53.38 6534.26 v _185455_/Y (OA21x2_ASAP7_75t_R)
  34.50 6568.76 v _185527_/Y (OA21x2_ASAP7_75t_R)
  30.16 6598.93 ^ _185528_/Y (XNOR2x2_ASAP7_75t_R)
  29.14 6628.07 ^ _185529_/Y (XNOR2x2_ASAP7_75t_R)
  32.82 6660.88 ^ _185530_/Y (AND4x1_ASAP7_75t_R)
  82.78 6743.66 v _185566_/Y (AOI221x1_ASAP7_75t_R)
 131.42 6875.08 ^ _185758_/Y (NAND2x1_ASAP7_75t_R)
  50.90 6925.98 ^ _185847_/Y (AND3x2_ASAP7_75t_R)
  16.33 6942.32 v _185849_/Y (NOR3x1_ASAP7_75t_R)
  27.75 6970.07 v _185855_/Y (OA221x2_ASAP7_75t_R)
  17.80 6987.87 v _185856_/Y (AND4x1_ASAP7_75t_R)
  34.97 7022.85 v _185861_/Y (OA211x2_ASAP7_75t_R)
  49.51 7072.35 v _185906_/Y (OA21x2_ASAP7_75t_R)
  43.90 7116.25 v _185999_/Y (AND2x4_ASAP7_75t_R)
  32.25 7148.51 ^ _186000_/Y (XOR2x2_ASAP7_75t_R)
  28.78 7177.28 ^ _186002_/Y (AO32x1_ASAP7_75t_R)
  23.86 7201.14 ^ _186009_/Y (AND3x1_ASAP7_75t_R)
  11.56 7212.70 v _186020_/Y (NOR2x1_ASAP7_75t_R)
  25.19 7237.89 v _186021_/Y (MAJx2_ASAP7_75t_R)
  42.05 7279.95 v _186124_/Y (AO21x1_ASAP7_75t_R)
  81.08 7361.02 ^ _186126_/Y (NAND2x1_ASAP7_75t_R)
  46.77 7407.79 ^ _186262_/Y (OA21x2_ASAP7_75t_R)
  17.10 7424.89 v _186286_/Y (NOR2x1_ASAP7_75t_R)
  27.82 7452.71 v _186292_/Y (AO22x1_ASAP7_75t_R)
  22.82 7475.53 v _186294_/Y (OA211x2_ASAP7_75t_R)
  39.83 7515.36 v _186295_/Y (AO221x1_ASAP7_75t_R)
  28.51 7543.87 v _186297_/Y (AND2x2_ASAP7_75t_R)
  39.99 7583.86 ^ _186343_/Y (OAI21x1_ASAP7_75t_R)
  57.95 7641.81 v _186506_/Y (NAND2x1_ASAP7_75t_R)
  36.00 7677.81 v _186565_/Y (AND2x4_ASAP7_75t_R)
  37.71 7715.53 ^ _186566_/Y (XNOR2x2_ASAP7_75t_R)
  27.39 7742.92 v _186594_/Y (NOR2x1_ASAP7_75t_R)
  24.17 7767.09 v _186596_/Y (OA21x2_ASAP7_75t_R)
  36.10 7803.19 v _186612_/Y (OA33x2_ASAP7_75t_R)
  52.86 7856.06 v _186613_/Y (OA211x2_ASAP7_75t_R)
  98.85 7954.91 ^ _186634_/Y (NOR2x1_ASAP7_75t_R)
  45.92 8000.83 v _186716_/Y (AOI211x1_ASAP7_75t_R)
  42.38 8043.22 v _186717_/Y (OR5x1_ASAP7_75t_R)
  24.96 8068.17 v _186731_/Y (AO22x2_ASAP7_75t_R)
  36.12 8104.29 v _186732_/Y (AO33x2_ASAP7_75t_R)
  27.82 8132.10 v _186750_/Y (AO221x1_ASAP7_75t_R)
  19.56 8151.66 v _186751_/Y (AND2x2_ASAP7_75t_R)
  25.70 8177.36 v _186934_/Y (OA21x2_ASAP7_75t_R)
  80.82 8258.18 ^ _186965_/Y (NAND2x1_ASAP7_75t_R)
  49.46 8307.64 v _187178_/Y (AOI21x1_ASAP7_75t_R)
  38.07 8345.71 v _187245_/Y (OR3x2_ASAP7_75t_R)
  23.98 8369.69 v _187252_/Y (AO211x2_ASAP7_75t_R)
  49.13 8418.83 v _187260_/Y (OA33x2_ASAP7_75t_R)
  37.75 8456.58 ^ _187271_/Y (OAI21x1_ASAP7_75t_R)
  69.36 8525.94 v _187481_/Y (AOI211x1_ASAP7_75t_R)
  40.26 8566.20 v _187606_/Y (OR3x1_ASAP7_75t_R)
  32.51 8598.71 ^ _187607_/Y (XOR2x2_ASAP7_75t_R)
  28.40 8627.11 v _187608_/Y (XNOR2x2_ASAP7_75t_R)
  31.94 8659.05 v _187609_/Y (OR4x1_ASAP7_75t_R)
  20.60 8679.65 ^ _187656_/Y (OAI21x1_ASAP7_75t_R)
  21.29 8700.94 ^ _187687_/Y (AO21x2_ASAP7_75t_R)
  27.43 8728.37 ^ _187688_/Y (AO21x2_ASAP7_75t_R)
  34.01 8762.39 ^ _187709_/Y (AO31x2_ASAP7_75t_R)
  63.71 8826.09 ^ _187710_/Y (OR2x2_ASAP7_75t_R)
  42.07 8868.17 ^ _187783_/Y (AND2x4_ASAP7_75t_R)
  31.23 8899.39 ^ _187784_/Y (XNOR2x2_ASAP7_75t_R)
  31.88 8931.27 v _187839_/Y (XNOR2x2_ASAP7_75t_R)
  40.43 8971.71 v _187840_/Y (OR5x1_ASAP7_75t_R)
  22.42 8994.13 ^ _187843_/Y (NOR3x1_ASAP7_75t_R)
   8.69 9002.82 v _187860_/Y (NAND2x1_ASAP7_75t_R)
  33.65 9036.47 v _187881_/Y (OA211x2_ASAP7_75t_R)
  61.43 9097.90 ^ _188026_/Y (OAI21x1_ASAP7_75t_R)
  42.37 9140.27 ^ load_slew992/Y (BUFx12_ASAP7_75t_R)
  22.19 9162.46 ^ load_slew991/Y (BUFx12f_ASAP7_75t_R)
  24.24 9186.70 ^ _188189_/Y (AND2x2_ASAP7_75t_R)
  34.16 9220.86 ^ _188190_/Y (XNOR2x2_ASAP7_75t_R)
  32.71 9253.57 v _188325_/Y (XNOR2x2_ASAP7_75t_R)
   7.07 9260.65 ^ _188326_/Y (INVx1_ASAP7_75t_R)
  38.91 9299.56 ^ _188329_/Y (AND4x1_ASAP7_75t_R)
  25.76 9325.32 ^ _188330_/Y (AND3x1_ASAP7_75t_R)
 122.36 9447.67 v _188410_/Y (AOI221x1_ASAP7_75t_R)
  93.43 9541.10 ^ _188490_/Y (OAI21x1_ASAP7_75t_R)
  43.55 9584.65 ^ _188491_/Y (XNOR2x2_ASAP7_75t_R)
  12.94 9597.59 v _188546_/Y (NOR2x1_ASAP7_75t_R)
  24.54 9622.13 v _188564_/Y (AND3x1_ASAP7_75t_R)
  35.43 9657.56 v _188784_/Y (OA211x2_ASAP7_75t_R)
  27.45 9685.01 v _188785_/Y (OR3x1_ASAP7_75t_R)
  43.79 9728.80 ^ _188842_/Y (NAND3x1_ASAP7_75t_R)
  72.65 9801.45 ^ _188843_/Y (AND2x2_ASAP7_75t_R)
  49.12 9850.57 v _188881_/Y (AOI211x1_ASAP7_75t_R)
  31.29 9881.86 v _188882_/Y (AO21x1_ASAP7_75t_R)
  31.87 9913.73 v _189225_/Y (OR3x1_ASAP7_75t_R)
  41.44 9955.17 v _189247_/Y (OR5x1_ASAP7_75t_R)
  33.47 9988.64 v _189250_/Y (OA31x2_ASAP7_75t_R)
  98.44 10087.08 v _189251_/Y (AND5x2_ASAP7_75t_R)
 108.19 10195.27 ^ _189252_/Y (INVx4_ASAP7_75t_R)
  38.05 10233.32 ^ _189633_/Y (AND2x2_ASAP7_75t_R)
  37.63 10270.95 v _189634_/Y (XNOR2x2_ASAP7_75t_R)
  29.96 10300.91 ^ _189635_/Y (XNOR2x2_ASAP7_75t_R)
  60.51 10361.42 ^ _189646_/Y (AND4x1_ASAP7_75t_R)
  56.44 10417.86 ^ _189677_/Y (AND3x1_ASAP7_75t_R)
  64.27 10482.13 v _189736_/Y (NOR3x1_ASAP7_75t_R)
 133.57 10615.70 ^ _189761_/Y (NAND2x1_ASAP7_75t_R)
  93.04 10708.74 v _190097_/Y (AOI21x1_ASAP7_75t_R)
  31.91 10740.65 ^ _190098_/Y (XNOR2x2_ASAP7_75t_R)
  28.10 10768.75 ^ _190110_/Y (AND4x2_ASAP7_75t_R)
  30.05 10798.80 ^ _190111_/Y (AND3x1_ASAP7_75t_R)
  62.04 10860.84 v _190167_/Y (AOI221x1_ASAP7_75t_R)
  91.42 10952.26 ^ _190216_/Y (NAND2x2_ASAP7_75t_R)
  34.49 10986.75 ^ _190302_/Y (AND2x2_ASAP7_75t_R)
  35.99 11022.74 v _190303_/Y (XNOR2x2_ASAP7_75t_R)
  27.59 11050.33 ^ _190381_/Y (XNOR2x2_ASAP7_75t_R)
  28.02 11078.34 ^ _190407_/Y (AND5x1_ASAP7_75t_R)
  36.19 11114.54 ^ _190416_/Y (AND5x1_ASAP7_75t_R)
  19.46 11134.00 ^ _190417_/Y (AO21x2_ASAP7_75t_R)
  88.49 11222.49 v _190456_/Y (AOI211x1_ASAP7_75t_R)
 178.90 11401.38 ^ _190580_/Y (NAND2x1_ASAP7_75t_R)
  96.41 11497.80 v _190856_/Y (AOI211x1_ASAP7_75t_R)
  36.60 11534.40 v _190857_/Y (MAJx2_ASAP7_75t_R)
  27.84 11562.24 v _190860_/Y (OA222x2_ASAP7_75t_R)
  21.99 11584.23 v _190861_/Y (AND3x2_ASAP7_75t_R)
  13.62 11597.85 ^ _190862_/Y (NOR3x1_ASAP7_75t_R)
  16.05 11613.90 v _190999_/Y (OAI21x1_ASAP7_75t_R)
 109.91 11723.81 v _191002_/Y (OR3x1_ASAP7_75t_R)
  69.29 11793.10 v _191165_/Y (AO21x2_ASAP7_75t_R)
  25.66 11818.76 v _191166_/Y (XNOR2x2_ASAP7_75t_R)
  38.31 11857.07 v _191201_/Y (OR5x2_ASAP7_75t_R)
  14.43 11871.50 ^ _191250_/Y (AOI21x1_ASAP7_75t_R)
  26.19 11897.69 ^ _191276_/Y (OA21x2_ASAP7_75t_R)
  23.66 11921.35 ^ _191277_/Y (AO21x2_ASAP7_75t_R)
  41.46 11962.81 ^ _191284_/Y (AO21x1_ASAP7_75t_R)
  55.99 12018.80 ^ _191372_/Y (AO21x2_ASAP7_75t_R)
  33.53 12052.33 ^ load_slew976/Y (BUFx16f_ASAP7_75t_R)
  43.42 12095.75 ^ _191547_/Y (AND2x2_ASAP7_75t_R)
  33.49 12129.24 v _191548_/Y (XNOR2x2_ASAP7_75t_R)
  25.03 12154.27 ^ _191677_/Y (AOI22x1_ASAP7_75t_R)
  37.84 12192.10 ^ _191715_/Y (AND5x1_ASAP7_75t_R)
  39.99 12232.09 ^ _191716_/Y (AND5x2_ASAP7_75t_R)
  31.92 12264.01 ^ _191726_/Y (AO211x2_ASAP7_75t_R)
 120.69 12384.70 ^ _191815_/Y (OR3x1_ASAP7_75t_R)
  67.61 12452.30 ^ _191922_/Y (AND3x2_ASAP7_75t_R)
  31.81 12484.11 ^ _191923_/Y (XNOR2x2_ASAP7_75t_R)
  28.69 12512.80 v _191924_/Y (XNOR2x2_ASAP7_75t_R)
  11.01 12523.81 ^ _191925_/Y (NAND2x1_ASAP7_75t_R)
  22.86 12546.67 ^ _192112_/Y (AO21x1_ASAP7_75t_R)
  20.81 12567.48 v _192137_/Y (NOR2x1_ASAP7_75t_R)
  60.12 12627.59 v _192194_/Y (AO21x1_ASAP7_75t_R)
 133.37 12760.97 v _192219_/Y (OR3x1_ASAP7_75t_R)
  70.07 12831.04 ^ _192452_/Y (NAND3x1_ASAP7_75t_R)
  21.86 12852.90 ^ _192454_/Y (AO21x1_ASAP7_75t_R)
  42.98 12895.88 ^ _192485_/Y (AND5x1_ASAP7_75t_R)
  28.28 12924.16 ^ _192572_/Y (AO21x2_ASAP7_75t_R)
  81.65 13005.81 v _192604_/Y (AOI221x1_ASAP7_75t_R)
  57.71 13063.52 ^ _192740_/Y (OAI21x1_ASAP7_75t_R)
  26.83 13090.35 ^ wire972/Y (BUFx12f_ASAP7_75t_R)
  24.28 13114.64 ^ load_slew971/Y (BUFx6f_ASAP7_75t_R)
  30.99 13145.62 ^ _193048_/Y (AND3x1_ASAP7_75t_R)
  20.43 13166.05 v _193050_/Y (NOR3x1_ASAP7_75t_R)
  35.64 13201.69 v _193076_/Y (OA211x2_ASAP7_75t_R)
  32.08 13233.77 v _193170_/Y (OA211x2_ASAP7_75t_R)
  27.15 13260.91 v _193171_/Y (AND5x2_ASAP7_75t_R)
  34.00 13294.92 v _193179_/Y (OR3x2_ASAP7_75t_R)
  50.64 13345.56 v _193180_/Y (AO21x2_ASAP7_75t_R)
  35.25 13380.81 v load_slew970/Y (BUFx16f_ASAP7_75t_R)
  35.77 13416.58 v _193418_/Y (AO21x1_ASAP7_75t_R)
  28.15 13444.73 v _193421_/Y (OA211x2_ASAP7_75t_R)
  19.35 13464.07 v _193422_/Y (AO21x2_ASAP7_75t_R)
  25.23 13489.30 v _193439_/Y (AO21x2_ASAP7_75t_R)
  31.85 13521.15 v _193440_/Y (AO32x1_ASAP7_75t_R)
  25.95 13547.10 ^ _193494_/Y (OAI21x1_ASAP7_75t_R)
  44.62 13591.73 v _193623_/Y (AOI21x1_ASAP7_75t_R)
 107.46 13699.19 v _193690_/Y (OR3x1_ASAP7_75t_R)
  54.87 13754.05 v _193706_/Y (AND2x2_ASAP7_75t_R)
  39.57 13793.62 ^ _193707_/Y (XNOR2x2_ASAP7_75t_R)
  33.94 13827.56 v _193708_/Y (XNOR2x2_ASAP7_75t_R)
  29.47 13857.03 v _193726_/Y (OR4x1_ASAP7_75t_R)
  57.84 13914.87 v _194025_/Y (OR4x1_ASAP7_75t_R)
  70.96 13985.83 ^ _194133_/Y (NAND2x1_ASAP7_75t_R)
  60.92 14046.75 ^ _194134_/Y (AO21x1_ASAP7_75t_R)
  35.68 14082.43 ^ load_slew969/Y (BUFx10_ASAP7_75t_R)
  32.25 14114.68 ^ _194325_/Y (AND3x1_ASAP7_75t_R)
  25.26 14139.93 ^ _194410_/Y (OR3x1_ASAP7_75t_R)
  42.26 14182.20 ^ _194423_/Y (AND5x1_ASAP7_75t_R)
  39.51 14221.70 ^ _194447_/Y (AND5x1_ASAP7_75t_R)
  31.20 14252.91 ^ _194459_/Y (AND3x2_ASAP7_75t_R)
  24.39 14277.29 ^ _194529_/Y (AO31x2_ASAP7_75t_R)
  68.37 14345.67 ^ _194584_/Y (OR4x1_ASAP7_75t_R)
 117.44 14463.11 v _194680_/Y (NOR2x1_ASAP7_75t_R)
  37.89 14501.00 ^ _194683_/Y (NAND2x1_ASAP7_75t_R)
  30.09 14531.09 ^ _194696_/Y (OA211x2_ASAP7_75t_R)
  22.66 14553.75 ^ _194730_/Y (AO211x2_ASAP7_75t_R)
  48.32 14602.07 ^ _194736_/Y (AO32x1_ASAP7_75t_R)
  28.16 14630.22 v _194830_/Y (AOI21x1_ASAP7_75t_R)
  44.44 14674.67 ^ _195063_/Y (OAI21x1_ASAP7_75t_R)
  73.08 14747.74 ^ _195066_/Y (OA21x2_ASAP7_75t_R)
  49.03 14796.78 ^ _195071_/Y (AND3x2_ASAP7_75t_R)
  38.16 14834.94 ^ _195232_/Y (XOR2x2_ASAP7_75t_R)
  30.92 14865.86 ^ _195234_/Y (AO221x1_ASAP7_75t_R)
  20.59 14886.44 ^ _195238_/Y (AO21x1_ASAP7_75t_R)
  31.48 14917.93 ^ _195240_/Y (AO22x1_ASAP7_75t_R)
  27.92 14945.85 ^ _195241_/Y (AO21x2_ASAP7_75t_R)
  59.27 15005.12 v _195484_/Y (NAND2x1_ASAP7_75t_R)
 138.09 15143.21 ^ _195485_/Y (NAND2x1_ASAP7_75t_R)
  80.28 15223.49 ^ _195782_/Y (AND3x1_ASAP7_75t_R)
  23.47 15246.96 v _195789_/Y (NOR2x2_ASAP7_75t_R)
  30.91 15277.86 v _195790_/Y (MAJx2_ASAP7_75t_R)
  24.67 15302.53 v _195795_/Y (AO211x2_ASAP7_75t_R)
  33.01 15335.55 v _195849_/Y (AO21x1_ASAP7_75t_R)
  70.73 15406.28 v _195877_/Y (AO21x1_ASAP7_75t_R)
  92.31 15498.58 ^ _196018_/Y (NAND2x2_ASAP7_75t_R)
  94.81 15593.40 ^ _196284_/Y (OA211x2_ASAP7_75t_R)
   9.14 15602.53 v _196292_/Y (AOI21x1_ASAP7_75t_R)
  30.94 15633.47 v _196293_/Y (AO221x1_ASAP7_75t_R)
  25.35 15658.81 v _196315_/Y (AO21x2_ASAP7_75t_R)
  64.61 15723.42 v _196337_/Y (AO22x1_ASAP7_75t_R)
  84.73 15808.16 v _196340_/Y (AO221x1_ASAP7_75t_R)
  98.60 15906.76 v _196435_/Y (AO21x2_ASAP7_75t_R)
  79.34 15986.10 ^ _196643_/Y (NAND2x1_ASAP7_75t_R)
  31.69 16017.79 v _196645_/Y (XNOR2x2_ASAP7_75t_R)
  23.86 16041.65 ^ _196646_/Y (AOI211x1_ASAP7_75t_R)
  39.77 16081.43 ^ _196771_/Y (AND5x1_ASAP7_75t_R)
  22.56 16103.99 ^ _196794_/Y (AO222x2_ASAP7_75t_R)
  17.65 16121.64 ^ _196795_/Y (AO21x2_ASAP7_75t_R)
  93.21 16214.85 v _197142_/Y (AOI211x1_ASAP7_75t_R)
  74.25 16289.10 v _197223_/Y (AND2x2_ASAP7_75t_R)
  29.22 16318.32 v _197224_/Y (AO32x1_ASAP7_75t_R)
  24.37 16342.69 ^ _197225_/Y (XNOR2x2_ASAP7_75t_R)
  33.14 16375.83 ^ _197236_/Y (AND5x1_ASAP7_75t_R)
  12.14 16387.97 v _197237_/Y (NAND2x1_ASAP7_75t_R)
  38.60 16426.58 v _197238_/Y (OR5x1_ASAP7_75t_R)
  22.31 16448.89 v _197239_/Y (AO211x2_ASAP7_75t_R)
  21.85 16470.73 ^ _197240_/Y (AOI211x1_ASAP7_75t_R)
  50.35 16521.09 ^ _197247_/Y (AO211x2_ASAP7_75t_R)
  66.61 16587.70 ^ _197336_/Y (OR2x2_ASAP7_75t_R)
  35.18 16622.88 ^ _197505_/Y (AND2x2_ASAP7_75t_R)
  38.73 16661.61 v _197506_/Y (XNOR2x2_ASAP7_75t_R)
  27.06 16688.67 ^ _197507_/Y (XNOR2x2_ASAP7_75t_R)
  34.97 16723.64 ^ _197508_/Y (AND5x1_ASAP7_75t_R)
  35.58 16759.22 ^ _197711_/Y (AND5x1_ASAP7_75t_R)
  22.22 16781.44 ^ _197720_/Y (OR4x1_ASAP7_75t_R)
  29.33 16810.77 ^ _197721_/Y (AO211x2_ASAP7_75t_R)
  63.37 16874.14 ^ _197722_/Y (AO21x1_ASAP7_75t_R)
  28.43 16902.56 ^ load_slew696/Y (BUFx12f_ASAP7_75t_R)
  30.24 16932.80 v _198025_/Y (AOI22x1_ASAP7_75t_R)
  46.70 16979.50 v _198037_/Y (AO32x2_ASAP7_75t_R)
  31.19 17010.69 v _198043_/Y (AO32x1_ASAP7_75t_R)
  30.51 17041.20 v _198051_/Y (AO32x1_ASAP7_75t_R)
  33.26 17074.46 v _198070_/Y (AO33x2_ASAP7_75t_R)
  23.34 17097.80 v _198073_/Y (OA211x2_ASAP7_75t_R)
  20.91 17118.72 v _198074_/Y (OA21x2_ASAP7_75t_R)
  23.53 17142.25 v _198075_/Y (AO21x1_ASAP7_75t_R)
  24.22 17166.47 v _198076_/Y (AO21x1_ASAP7_75t_R)
  22.16 17188.63 v _198100_/Y (AO21x1_ASAP7_75t_R)
  28.92 17217.55 ^ _198101_/Y (AOI21x1_ASAP7_75t_R)
  84.32 17301.88 v _198137_/Y (NOR3x1_ASAP7_75t_R)
  55.71 17357.59 v _198412_/Y (OR4x1_ASAP7_75t_R)
  27.32 17384.91 v _198413_/Y (OA211x2_ASAP7_75t_R)
  17.79 17402.70 ^ _198423_/Y (OAI22x1_ASAP7_75t_R)
  28.30 17431.01 ^ _198425_/Y (AND4x1_ASAP7_75t_R)
  53.06 17484.06 ^ _198426_/Y (AND5x1_ASAP7_75t_R)
  17.39 17501.45 v _198460_/Y (NAND2x2_ASAP7_75t_R)
  37.94 17539.40 v _198461_/Y (AO21x2_ASAP7_75t_R)
  67.44 17606.84 v _198463_/Y (AND2x4_ASAP7_75t_R)
 156.02 17762.85 ^ _198787_/Y (NAND2x1_ASAP7_75t_R)
  66.95 17829.80 v _198788_/Y (XNOR2x2_ASAP7_75t_R)
  20.69 17850.49 v _198789_/Y (AO21x1_ASAP7_75t_R)
  41.50 17891.99 ^ _198790_/Y (XNOR2x2_ASAP7_75t_R)
  95.04 17987.03 v _198791_/Y (NAND2x1_ASAP7_75t_R)
  80.02 18067.05 ^ _198887_/Y (AOI21x1_ASAP7_75t_R)
  34.28 18101.32 ^ _198888_/Y (AO32x1_ASAP7_75t_R)
  23.47 18124.80 v _198893_/Y (AOI221x1_ASAP7_75t_R)
  24.40 18149.19 v _198904_/Y (AND2x2_ASAP7_75t_R)
  16.57 18165.77 v _198913_/Y (OA21x2_ASAP7_75t_R)
  57.90 18223.67 v _198916_/Y (OA33x2_ASAP7_75t_R)
  90.19 18313.85 ^ _198955_/Y (OAI21x1_ASAP7_75t_R)
 101.84 18415.69 ^ _200274_/Y (AO21x1_ASAP7_75t_R)
  61.83 18477.52 ^ _200275_/Y (AND2x2_ASAP7_75t_R)
  35.42 18512.93 ^ _200396_/Y (AND5x1_ASAP7_75t_R)
  16.32 18529.26 v _200397_/Y (OAI22x1_ASAP7_75t_R)
  28.25 18557.50 ^ _200399_/Y (NAND2x1_ASAP7_75t_R)
  25.91 18583.41 ^ _201181_/Y (OA211x2_ASAP7_75t_R)
  37.03 18620.44 ^ _201216_/Y (AND5x1_ASAP7_75t_R)
  69.34 18689.78 ^ _201383_/Y (AND3x1_ASAP7_75t_R)
  58.51 18748.29 ^ _201670_/Y (AND4x2_ASAP7_75t_R)
  28.20 18776.48 v _201671_/Y (XNOR2x2_ASAP7_75t_R)
  16.56 18793.04 v _201676_/Y (AO21x1_ASAP7_75t_R)
  19.63 18812.67 v _201692_/Y (AO21x1_ASAP7_75t_R)
  40.73 18853.40 ^ _226388_/Y (AOI21x1_ASAP7_75t_R)
  31.49 18884.89 ^ wire666/Y (BUFx12f_ASAP7_75t_R)
  57.35 18942.24 ^ _230390_/Y (OA211x2_ASAP7_75t_R)
  69.74 19011.98 v _230392_/Y (OAI21x1_ASAP7_75t_R)
  67.73 19079.70 v load_slew592/Y (BUFx10_ASAP7_75t_R)
  31.57 19111.27 v load_slew591/Y (BUFx10_ASAP7_75t_R)
  23.98 19135.25 v load_slew590/Y (BUFx12f_ASAP7_75t_R)
 143.68 19278.93 v _268427_/Y (AO22x1_ASAP7_75t_R)
  40.95 19319.88 ^ _273569_/Y (AOI211x1_ASAP7_75t_R)
   0.13 19320.01 ^ _359538_/D (DFFHQNx1_ASAP7_75t_R)
        19320.01   data arrival time

12000.00 12000.00   clock core_clk (rise edge)
   0.00 12000.00   clock source latency
   0.00 12000.00 ^ clk (in)
  50.48 12050.48 ^ wire5623/Y (BUFx12_ASAP7_75t_R)
  51.19 12101.67 ^ clkbuf_0_clk/Y (BUFx24_ASAP7_75t_R)
  27.49 12129.16 ^ clkbuf_1_1_0_clk/Y (BUFx24_ASAP7_75t_R)
  20.44 12149.59 ^ clkbuf_2_3_0_clk/Y (BUFx24_ASAP7_75t_R)
  29.36 12178.95 ^ clkbuf_3_6_0_clk/Y (BUFx24_ASAP7_75t_R)
  25.68 12204.63 ^ clkbuf_4_12_0_clk/Y (BUFx24_ASAP7_75t_R)
  26.72 12231.35 ^ clkbuf_6_50_0_clk/Y (BUFx24_ASAP7_75t_R)
  21.12 12252.47 ^ clkbuf_7_100__f_clk/Y (BUFx24_ASAP7_75t_R)
  25.22 12277.69 ^ clkbuf_leaf_748_clk/Y (BUFx24_ASAP7_75t_R)
   0.78 12278.47 ^ _359538_/CLK (DFFHQNx1_ASAP7_75t_R)
 -50.00 12228.47   clock uncertainty
   0.00 12228.47   clock reconvergence pessimism
 -12.29 12216.18   library setup time
        12216.18   data required time
---------------------------------------------------------
        12216.18   data required time
        -19320.01   data arrival time
---------------------------------------------------------
        -7103.83   slack (VIOLATED)


Startpoint: dmem_rsp_valid (input port clocked by core_clk)
Endpoint: _359538_ (rising edge-triggered flip-flop clocked by core_clk)
Path Group: in2reg
Path Type: max

  Delay    Time   Description
---------------------------------------------------------
   0.00    0.00   clock core_clk (rise edge)
   0.00    0.00   clock network delay (propagated)
2400.00 2400.00 ^ input external delay
   0.00 2400.00 ^ dmem_rsp_valid (in)
  58.14 2458.14 ^ input66/Y (BUFx2_ASAP7_75t_R)
  43.34 2501.48 v _174481_/Y (INVx1_ASAP7_75t_R)
  72.18 2573.66 v _176543_/Y (OR3x2_ASAP7_75t_R)
  49.24 2622.90 v wire5074/Y (BUFx16f_ASAP7_75t_R)
  71.14 2694.04 v _176567_/Y (OA21x2_ASAP7_75t_R)
  68.79 2762.82 v _178030_/Y (AO21x1_ASAP7_75t_R)
 105.07 2867.89 ^ _178032_/Y (OAI21x1_ASAP7_75t_R)
  34.47 2902.36 ^ _178050_/Y (AO211x2_ASAP7_75t_R)
  68.12 2970.48 ^ _178517_/Y (OR5x1_ASAP7_75t_R)
  65.86 3036.34 ^ _178646_/Y (AND3x2_ASAP7_75t_R)
  30.95 3067.29 ^ load_slew3753/Y (BUFx16f_ASAP7_75t_R)
  54.71 3122.00 ^ _180460_/Y (AO21x1_ASAP7_75t_R)
  23.94 3145.93 v _180461_/Y (NOR2x2_ASAP7_75t_R)
  35.36 3181.30 v wire3385/Y (BUFx16f_ASAP7_75t_R)
 158.10 3339.39 ^ _180462_/Y (INVx1_ASAP7_75t_R)
  83.33 3422.72 ^ _180521_/Y (AND3x1_ASAP7_75t_R)
  47.37 3470.09 ^ _180581_/Y (AND4x2_ASAP7_75t_R)
  24.10 3494.20 ^ load_slew2949/Y (BUFx16f_ASAP7_75t_R)
  67.82 3562.02 v _183135_/Y (NOR3x2_ASAP7_75t_R)
  70.37 3632.39 v wire2919/Y (BUFx16f_ASAP7_75t_R)
  61.97 3694.36 v load_slew2918/Y (BUFx16f_ASAP7_75t_R)
  62.88 3757.24 ^ _183378_/Y (NAND2x2_ASAP7_75t_R)
  33.75 3790.99 ^ load_slew2800/Y (BUFx16f_ASAP7_75t_R)
  50.26 3841.25 ^ wire2798/Y (BUFx16f_ASAP7_75t_R)
  30.98 3872.24 ^ load_slew2797/Y (BUFx16f_ASAP7_75t_R)
  43.26 3915.49 ^ _183379_/Y (AND2x2_ASAP7_75t_R)
  21.13 3936.63 ^ _183382_/Y (AND2x2_ASAP7_75t_R)
  28.67 3965.30 ^ _183456_/Y (AND4x2_ASAP7_75t_R)
  17.49 3982.78 v _183482_/Y (AOI22x1_ASAP7_75t_R)
  24.36 4007.15 v _183488_/Y (OR3x1_ASAP7_75t_R)
  37.34 4044.49 v _183489_/Y (OA211x2_ASAP7_75t_R)
  42.01 4086.50 ^ _183537_/Y (AOI211x1_ASAP7_75t_R)
  46.20 4132.70 v _183715_/Y (NOR2x1_ASAP7_75t_R)
  39.67 4172.37 v _183717_/Y (AO21x2_ASAP7_75t_R)
  21.56 4193.94 v _183728_/Y (AND2x2_ASAP7_75t_R)
  27.86 4221.79 v _183732_/Y (OR4x1_ASAP7_75t_R)
  31.90 4253.69 v _183757_/Y (OR3x1_ASAP7_75t_R)
  29.16 4282.85 v _183758_/Y (OA33x2_ASAP7_75t_R)
  52.36 4335.21 v _183764_/Y (AO32x1_ASAP7_75t_R)
  60.26 4395.47 v _183836_/Y (AO21x2_ASAP7_75t_R)
  37.28 4432.76 ^ _183876_/Y (AOI21x1_ASAP7_75t_R)
  31.92 4464.68 ^ _183900_/Y (AO21x1_ASAP7_75t_R)
  27.28 4491.96 ^ _183915_/Y (AO211x2_ASAP7_75t_R)
  29.00 4520.96 ^ _183916_/Y (OA21x2_ASAP7_75t_R)
  29.38 4550.33 ^ _183925_/Y (AND3x4_ASAP7_75t_R)
  20.68 4571.02 ^ _183934_/Y (OA21x2_ASAP7_75t_R)
  22.23 4593.25 ^ _183960_/Y (OA31x2_ASAP7_75t_R)
  15.72 4608.97 ^ _183996_/Y (AO21x1_ASAP7_75t_R)
  49.23 4658.20 v _184002_/Y (AOI211x1_ASAP7_75t_R)
  53.28 4711.48 v _184140_/Y (OR4x1_ASAP7_75t_R)
  30.85 4742.33 ^ _184142_/Y (NAND3x1_ASAP7_75t_R)
  22.33 4764.66 v _184149_/Y (AOI211x1_ASAP7_75t_R)
  50.59 4815.25 v _184160_/Y (OR5x2_ASAP7_75t_R)
  38.62 4853.87 v _184164_/Y (AO221x2_ASAP7_75t_R)
  35.63 4889.50 v _184171_/Y (AO31x2_ASAP7_75t_R)
  43.49 4932.99 v _184191_/Y (OA211x2_ASAP7_75t_R)
  27.16 4960.15 v _184192_/Y (XNOR2x2_ASAP7_75t_R)
  20.29 4980.45 v _184193_/Y (AO21x1_ASAP7_75t_R)
  34.71 5015.15 v _184201_/Y (OA221x2_ASAP7_75t_R)
  32.15 5047.30 v _184333_/Y (OA211x2_ASAP7_75t_R)
  26.61 5073.91 v _184335_/Y (AO221x1_ASAP7_75t_R)
  94.85 5168.76 v _184336_/Y (AO32x1_ASAP7_75t_R)
  60.29 5229.05 ^ _184384_/Y (NAND3x1_ASAP7_75t_R)
  32.98 5262.02 ^ _184385_/Y (AO21x1_ASAP7_75t_R)
  15.95 5277.97 v _184386_/Y (OAI21x1_ASAP7_75t_R)
  53.70 5331.67 ^ _184503_/Y (AOI211x1_ASAP7_75t_R)
  73.55 5405.22 ^ _184540_/Y (OA31x2_ASAP7_75t_R)
  37.48 5442.70 v _184634_/Y (NAND2x1_ASAP7_75t_R)
  30.63 5473.33 v _184649_/Y (AO32x1_ASAP7_75t_R)
  27.84 5501.17 v _184650_/Y (MAJx2_ASAP7_75t_R)
  28.60 5529.77 v _184655_/Y (OA21x2_ASAP7_75t_R)
  26.92 5556.69 ^ _184664_/Y (OAI21x1_ASAP7_75t_R)
  38.56 5595.24 ^ _184734_/Y (AO211x2_ASAP7_75t_R)
  49.30 5644.54 ^ _184767_/Y (OA21x2_ASAP7_75t_R)
  27.45 5671.99 ^ _184773_/Y (AND2x2_ASAP7_75t_R)
  30.90 5702.89 v _184774_/Y (XNOR2x2_ASAP7_75t_R)
  24.89 5727.78 v _184781_/Y (MAJx2_ASAP7_75t_R)
  24.25 5752.03 v _184782_/Y (MAJx2_ASAP7_75t_R)
  43.92 5795.95 v _184903_/Y (AO32x1_ASAP7_75t_R)
  30.02 5825.97 v _184969_/Y (OA21x2_ASAP7_75t_R)
  38.79 5864.76 ^ _184972_/Y (XOR2x2_ASAP7_75t_R)
  29.88 5894.64 v _185019_/Y (XNOR2x2_ASAP7_75t_R)
  31.70 5926.34 v _185020_/Y (OR4x1_ASAP7_75t_R)
  26.65 5952.99 v _185027_/Y (AO221x1_ASAP7_75t_R)
  34.19 5987.18 v _185028_/Y (OA31x2_ASAP7_75t_R)
  30.90 6018.08 v _185034_/Y (OA211x2_ASAP7_75t_R)
  38.56 6056.64 v _185039_/Y (AO211x2_ASAP7_75t_R)
  50.66 6107.30 ^ _185041_/Y (NAND2x2_ASAP7_75t_R)
  40.15 6147.45 v _185048_/Y (AOI21x1_ASAP7_75t_R)
  30.72 6178.17 v _185204_/Y (OA21x2_ASAP7_75t_R)
  34.92 6213.09 v _185206_/Y (OR4x1_ASAP7_75t_R)
  22.34 6235.42 v _185222_/Y (AO211x2_ASAP7_75t_R)
  35.45 6270.88 v _185223_/Y (AO21x2_ASAP7_75t_R)
  39.19 6310.06 v _185228_/Y (AND2x4_ASAP7_75t_R)
  40.12 6350.19 v _185330_/Y (AND2x4_ASAP7_75t_R)
  28.29 6378.47 v _185363_/Y (XNOR2x2_ASAP7_75t_R)
  28.67 6407.14 v _185364_/Y (MAJx2_ASAP7_75t_R)
  31.29 6438.44 v _185365_/Y (AO221x1_ASAP7_75t_R)
  42.44 6480.88 v _185401_/Y (OA211x2_ASAP7_75t_R)
  53.38 6534.26 v _185455_/Y (OA21x2_ASAP7_75t_R)
  34.50 6568.76 v _185527_/Y (OA21x2_ASAP7_75t_R)
  30.16 6598.93 ^ _185528_/Y (XNOR2x2_ASAP7_75t_R)
  29.14 6628.07 ^ _185529_/Y (XNOR2x2_ASAP7_75t_R)
  32.82 6660.88 ^ _185530_/Y (AND4x1_ASAP7_75t_R)
  82.78 6743.66 v _185566_/Y (AOI221x1_ASAP7_75t_R)
 131.42 6875.08 ^ _185758_/Y (NAND2x1_ASAP7_75t_R)
  50.90 6925.98 ^ _185847_/Y (AND3x2_ASAP7_75t_R)
  16.33 6942.32 v _185849_/Y (NOR3x1_ASAP7_75t_R)
  27.75 6970.07 v _185855_/Y (OA221x2_ASAP7_75t_R)
  17.80 6987.87 v _185856_/Y (AND4x1_ASAP7_75t_R)
  34.97 7022.85 v _185861_/Y (OA211x2_ASAP7_75t_R)
  49.51 7072.35 v _185906_/Y (OA21x2_ASAP7_75t_R)
  43.90 7116.25 v _185999_/Y (AND2x4_ASAP7_75t_R)
  32.25 7148.51 ^ _186000_/Y (XOR2x2_ASAP7_75t_R)
  28.78 7177.28 ^ _186002_/Y (AO32x1_ASAP7_75t_R)
  23.86 7201.14 ^ _186009_/Y (AND3x1_ASAP7_75t_R)
  11.56 7212.70 v _186020_/Y (NOR2x1_ASAP7_75t_R)
  25.19 7237.89 v _186021_/Y (MAJx2_ASAP7_75t_R)
  42.05 7279.95 v _186124_/Y (AO21x1_ASAP7_75t_R)
  81.08 7361.02 ^ _186126_/Y (NAND2x1_ASAP7_75t_R)
  46.77 7407.79 ^ _186262_/Y (OA21x2_ASAP7_75t_R)
  17.10 7424.89 v _186286_/Y (NOR2x1_ASAP7_75t_R)
  27.82 7452.71 v _186292_/Y (AO22x1_ASAP7_75t_R)
  22.82 7475.53 v _186294_/Y (OA211x2_ASAP7_75t_R)
  39.83 7515.36 v _186295_/Y (AO221x1_ASAP7_75t_R)
  28.51 7543.87 v _186297_/Y (AND2x2_ASAP7_75t_R)
  39.99 7583.86 ^ _186343_/Y (OAI21x1_ASAP7_75t_R)
  57.95 7641.81 v _186506_/Y (NAND2x1_ASAP7_75t_R)
  36.00 7677.81 v _186565_/Y (AND2x4_ASAP7_75t_R)
  37.71 7715.53 ^ _186566_/Y (XNOR2x2_ASAP7_75t_R)
  27.39 7742.92 v _186594_/Y (NOR2x1_ASAP7_75t_R)
  24.17 7767.09 v _186596_/Y (OA21x2_ASAP7_75t_R)
  36.10 7803.19 v _186612_/Y (OA33x2_ASAP7_75t_R)
  52.86 7856.06 v _186613_/Y (OA211x2_ASAP7_75t_R)
  98.85 7954.91 ^ _186634_/Y (NOR2x1_ASAP7_75t_R)
  45.92 8000.83 v _186716_/Y (AOI211x1_ASAP7_75t_R)
  42.38 8043.22 v _186717_/Y (OR5x1_ASAP7_75t_R)
  24.96 8068.17 v _186731_/Y (AO22x2_ASAP7_75t_R)
  36.12 8104.29 v _186732_/Y (AO33x2_ASAP7_75t_R)
  27.82 8132.10 v _186750_/Y (AO221x1_ASAP7_75t_R)
  19.56 8151.66 v _186751_/Y (AND2x2_ASAP7_75t_R)
  25.70 8177.36 v _186934_/Y (OA21x2_ASAP7_75t_R)
  80.82 8258.18 ^ _186965_/Y (NAND2x1_ASAP7_75t_R)
  49.46 8307.64 v _187178_/Y (AOI21x1_ASAP7_75t_R)
  38.07 8345.71 v _187245_/Y (OR3x2_ASAP7_75t_R)
  23.98 8369.69 v _187252_/Y (AO211x2_ASAP7_75t_R)
  49.13 8418.83 v _187260_/Y (OA33x2_ASAP7_75t_R)
  37.75 8456.58 ^ _187271_/Y (OAI21x1_ASAP7_75t_R)
  69.36 8525.94 v _187481_/Y (AOI211x1_ASAP7_75t_R)
  40.26 8566.20 v _187606_/Y (OR3x1_ASAP7_75t_R)
  32.51 8598.71 ^ _187607_/Y (XOR2x2_ASAP7_75t_R)
  28.40 8627.11 v _187608_/Y (XNOR2x2_ASAP7_75t_R)
  31.94 8659.05 v _187609_/Y (OR4x1_ASAP7_75t_R)
  20.60 8679.65 ^ _187656_/Y (OAI21x1_ASAP7_75t_R)
  21.29 8700.94 ^ _187687_/Y (AO21x2_ASAP7_75t_R)
  27.43 8728.37 ^ _187688_/Y (AO21x2_ASAP7_75t_R)
  34.01 8762.39 ^ _187709_/Y (AO31x2_ASAP7_75t_R)
  63.71 8826.09 ^ _187710_/Y (OR2x2_ASAP7_75t_R)
  42.07 8868.17 ^ _187783_/Y (AND2x4_ASAP7_75t_R)
  31.23 8899.39 ^ _187784_/Y (XNOR2x2_ASAP7_75t_R)
  31.88 8931.27 v _187839_/Y (XNOR2x2_ASAP7_75t_R)
  40.43 8971.71 v _187840_/Y (OR5x1_ASAP7_75t_R)
  22.42 8994.13 ^ _187843_/Y (NOR3x1_ASAP7_75t_R)
   8.69 9002.82 v _187860_/Y (NAND2x1_ASAP7_75t_R)
  33.65 9036.47 v _187881_/Y (OA211x2_ASAP7_75t_R)
  61.43 9097.90 ^ _188026_/Y (OAI21x1_ASAP7_75t_R)
  42.37 9140.27 ^ load_slew992/Y (BUFx12_ASAP7_75t_R)
  22.19 9162.46 ^ load_slew991/Y (BUFx12f_ASAP7_75t_R)
  24.24 9186.70 ^ _188189_/Y (AND2x2_ASAP7_75t_R)
  34.16 9220.86 ^ _188190_/Y (XNOR2x2_ASAP7_75t_R)
  32.71 9253.57 v _188325_/Y (XNOR2x2_ASAP7_75t_R)
   7.07 9260.65 ^ _188326_/Y (INVx1_ASAP7_75t_R)
  38.91 9299.56 ^ _188329_/Y (AND4x1_ASAP7_75t_R)
  25.76 9325.32 ^ _188330_/Y (AND3x1_ASAP7_75t_R)
 122.36 9447.67 v _188410_/Y (AOI221x1_ASAP7_75t_R)
  93.43 9541.10 ^ _188490_/Y (OAI21x1_ASAP7_75t_R)
  43.55 9584.65 ^ _188491_/Y (XNOR2x2_ASAP7_75t_R)
  12.94 9597.59 v _188546_/Y (NOR2x1_ASAP7_75t_R)
  24.54 9622.13 v _188564_/Y (AND3x1_ASAP7_75t_R)
  35.43 9657.56 v _188784_/Y (OA211x2_ASAP7_75t_R)
  27.45 9685.01 v _188785_/Y (OR3x1_ASAP7_75t_R)
  43.79 9728.80 ^ _188842_/Y (NAND3x1_ASAP7_75t_R)
  72.65 9801.45 ^ _188843_/Y (AND2x2_ASAP7_75t_R)
  49.12 9850.57 v _188881_/Y (AOI211x1_ASAP7_75t_R)
  31.29 9881.86 v _188882_/Y (AO21x1_ASAP7_75t_R)
  31.87 9913.73 v _189225_/Y (OR3x1_ASAP7_75t_R)
  41.44 9955.17 v _189247_/Y (OR5x1_ASAP7_75t_R)
  33.47 9988.64 v _189250_/Y (OA31x2_ASAP7_75t_R)
  98.44 10087.08 v _189251_/Y (AND5x2_ASAP7_75t_R)
 108.19 10195.27 ^ _189252_/Y (INVx4_ASAP7_75t_R)
  38.05 10233.32 ^ _189633_/Y (AND2x2_ASAP7_75t_R)
  37.63 10270.95 v _189634_/Y (XNOR2x2_ASAP7_75t_R)
  29.96 10300.91 ^ _189635_/Y (XNOR2x2_ASAP7_75t_R)
  60.51 10361.42 ^ _189646_/Y (AND4x1_ASAP7_75t_R)
  56.44 10417.86 ^ _189677_/Y (AND3x1_ASAP7_75t_R)
  64.27 10482.13 v _189736_/Y (NOR3x1_ASAP7_75t_R)
 133.57 10615.70 ^ _189761_/Y (NAND2x1_ASAP7_75t_R)
  93.04 10708.74 v _190097_/Y (AOI21x1_ASAP7_75t_R)
  31.91 10740.65 ^ _190098_/Y (XNOR2x2_ASAP7_75t_R)
  28.10 10768.75 ^ _190110_/Y (AND4x2_ASAP7_75t_R)
  30.05 10798.80 ^ _190111_/Y (AND3x1_ASAP7_75t_R)
  62.04 10860.84 v _190167_/Y (AOI221x1_ASAP7_75t_R)
  91.42 10952.26 ^ _190216_/Y (NAND2x2_ASAP7_75t_R)
  34.49 10986.75 ^ _190302_/Y (AND2x2_ASAP7_75t_R)
  35.99 11022.74 v _190303_/Y (XNOR2x2_ASAP7_75t_R)
  27.59 11050.33 ^ _190381_/Y (XNOR2x2_ASAP7_75t_R)
  28.02 11078.34 ^ _190407_/Y (AND5x1_ASAP7_75t_R)
  36.19 11114.54 ^ _190416_/Y (AND5x1_ASAP7_75t_R)
  19.46 11134.00 ^ _190417_/Y (AO21x2_ASAP7_75t_R)
  88.49 11222.49 v _190456_/Y (AOI211x1_ASAP7_75t_R)
 178.90 11401.38 ^ _190580_/Y (NAND2x1_ASAP7_75t_R)
  96.41 11497.80 v _190856_/Y (AOI211x1_ASAP7_75t_R)
  36.60 11534.40 v _190857_/Y (MAJx2_ASAP7_75t_R)
  27.84 11562.24 v _190860_/Y (OA222x2_ASAP7_75t_R)
  21.99 11584.23 v _190861_/Y (AND3x2_ASAP7_75t_R)
  13.62 11597.85 ^ _190862_/Y (NOR3x1_ASAP7_75t_R)
  16.05 11613.90 v _190999_/Y (OAI21x1_ASAP7_75t_R)
 109.91 11723.81 v _191002_/Y (OR3x1_ASAP7_75t_R)
  69.29 11793.10 v _191165_/Y (AO21x2_ASAP7_75t_R)
  25.66 11818.76 v _191166_/Y (XNOR2x2_ASAP7_75t_R)
  38.31 11857.07 v _191201_/Y (OR5x2_ASAP7_75t_R)
  14.43 11871.50 ^ _191250_/Y (AOI21x1_ASAP7_75t_R)
  26.19 11897.69 ^ _191276_/Y (OA21x2_ASAP7_75t_R)
  23.66 11921.35 ^ _191277_/Y (AO21x2_ASAP7_75t_R)
  41.46 11962.81 ^ _191284_/Y (AO21x1_ASAP7_75t_R)
  55.99 12018.80 ^ _191372_/Y (AO21x2_ASAP7_75t_R)
  33.53 12052.33 ^ load_slew976/Y (BUFx16f_ASAP7_75t_R)
  43.42 12095.75 ^ _191547_/Y (AND2x2_ASAP7_75t_R)
  33.49 12129.24 v _191548_/Y (XNOR2x2_ASAP7_75t_R)
  25.03 12154.27 ^ _191677_/Y (AOI22x1_ASAP7_75t_R)
  37.84 12192.10 ^ _191715_/Y (AND5x1_ASAP7_75t_R)
  39.99 12232.09 ^ _191716_/Y (AND5x2_ASAP7_75t_R)
  31.92 12264.01 ^ _191726_/Y (AO211x2_ASAP7_75t_R)
 120.69 12384.70 ^ _191815_/Y (OR3x1_ASAP7_75t_R)
  67.61 12452.30 ^ _191922_/Y (AND3x2_ASAP7_75t_R)
  31.81 12484.11 ^ _191923_/Y (XNOR2x2_ASAP7_75t_R)
  28.69 12512.80 v _191924_/Y (XNOR2x2_ASAP7_75t_R)
  11.01 12523.81 ^ _191925_/Y (NAND2x1_ASAP7_75t_R)
  22.86 12546.67 ^ _192112_/Y (AO21x1_ASAP7_75t_R)
  20.81 12567.48 v _192137_/Y (NOR2x1_ASAP7_75t_R)
  60.12 12627.59 v _192194_/Y (AO21x1_ASAP7_75t_R)
 133.37 12760.97 v _192219_/Y (OR3x1_ASAP7_75t_R)
  70.07 12831.04 ^ _192452_/Y (NAND3x1_ASAP7_75t_R)
  21.86 12852.90 ^ _192454_/Y (AO21x1_ASAP7_75t_R)
  42.98 12895.88 ^ _192485_/Y (AND5x1_ASAP7_75t_R)
  28.28 12924.16 ^ _192572_/Y (AO21x2_ASAP7_75t_R)
  81.65 13005.81 v _192604_/Y (AOI221x1_ASAP7_75t_R)
  57.71 13063.52 ^ _192740_/Y (OAI21x1_ASAP7_75t_R)
  26.83 13090.35 ^ wire972/Y (BUFx12f_ASAP7_75t_R)
  24.28 13114.64 ^ load_slew971/Y (BUFx6f_ASAP7_75t_R)
  30.99 13145.62 ^ _193048_/Y (AND3x1_ASAP7_75t_R)
  20.43 13166.05 v _193050_/Y (NOR3x1_ASAP7_75t_R)
  35.64 13201.69 v _193076_/Y (OA211x2_ASAP7_75t_R)
  32.08 13233.77 v _193170_/Y (OA211x2_ASAP7_75t_R)
  27.15 13260.91 v _193171_/Y (AND5x2_ASAP7_75t_R)
  34.00 13294.92 v _193179_/Y (OR3x2_ASAP7_75t_R)
  50.64 13345.56 v _193180_/Y (AO21x2_ASAP7_75t_R)
  35.25 13380.81 v load_slew970/Y (BUFx16f_ASAP7_75t_R)
  35.77 13416.58 v _193418_/Y (AO21x1_ASAP7_75t_R)
  28.15 13444.73 v _193421_/Y (OA211x2_ASAP7_75t_R)
  19.35 13464.07 v _193422_/Y (AO21x2_ASAP7_75t_R)
  25.23 13489.30 v _193439_/Y (AO21x2_ASAP7_75t_R)
  31.85 13521.15 v _193440_/Y (AO32x1_ASAP7_75t_R)
  25.95 13547.10 ^ _193494_/Y (OAI21x1_ASAP7_75t_R)
  44.62 13591.73 v _193623_/Y (AOI21x1_ASAP7_75t_R)
 107.46 13699.19 v _193690_/Y (OR3x1_ASAP7_75t_R)
  54.87 13754.05 v _193706_/Y (AND2x2_ASAP7_75t_R)
  39.57 13793.62 ^ _193707_/Y (XNOR2x2_ASAP7_75t_R)
  33.94 13827.56 v _193708_/Y (XNOR2x2_ASAP7_75t_R)
  29.47 13857.03 v _193726_/Y (OR4x1_ASAP7_75t_R)
  57.84 13914.87 v _194025_/Y (OR4x1_ASAP7_75t_R)
  70.96 13985.83 ^ _194133_/Y (NAND2x1_ASAP7_75t_R)
  60.92 14046.75 ^ _194134_/Y (AO21x1_ASAP7_75t_R)
  35.68 14082.43 ^ load_slew969/Y (BUFx10_ASAP7_75t_R)
  32.25 14114.68 ^ _194325_/Y (AND3x1_ASAP7_75t_R)
  25.26 14139.93 ^ _194410_/Y (OR3x1_ASAP7_75t_R)
  42.26 14182.20 ^ _194423_/Y (AND5x1_ASAP7_75t_R)
  39.51 14221.70 ^ _194447_/Y (AND5x1_ASAP7_75t_R)
  31.20 14252.91 ^ _194459_/Y (AND3x2_ASAP7_75t_R)
  24.39 14277.29 ^ _194529_/Y (AO31x2_ASAP7_75t_R)
  68.37 14345.67 ^ _194584_/Y (OR4x1_ASAP7_75t_R)
 117.44 14463.11 v _194680_/Y (NOR2x1_ASAP7_75t_R)
  37.89 14501.00 ^ _194683_/Y (NAND2x1_ASAP7_75t_R)
  30.09 14531.09 ^ _194696_/Y (OA211x2_ASAP7_75t_R)
  22.66 14553.75 ^ _194730_/Y (AO211x2_ASAP7_75t_R)
  48.32 14602.07 ^ _194736_/Y (AO32x1_ASAP7_75t_R)
  28.16 14630.22 v _194830_/Y (AOI21x1_ASAP7_75t_R)
  44.44 14674.67 ^ _195063_/Y (OAI21x1_ASAP7_75t_R)
  73.08 14747.74 ^ _195066_/Y (OA21x2_ASAP7_75t_R)
  49.03 14796.78 ^ _195071_/Y (AND3x2_ASAP7_75t_R)
  38.16 14834.94 ^ _195232_/Y (XOR2x2_ASAP7_75t_R)
  30.92 14865.86 ^ _195234_/Y (AO221x1_ASAP7_75t_R)
  20.59 14886.44 ^ _195238_/Y (AO21x1_ASAP7_75t_R)
  31.48 14917.93 ^ _195240_/Y (AO22x1_ASAP7_75t_R)
  27.92 14945.85 ^ _195241_/Y (AO21x2_ASAP7_75t_R)
  59.27 15005.12 v _195484_/Y (NAND2x1_ASAP7_75t_R)
 138.09 15143.21 ^ _195485_/Y (NAND2x1_ASAP7_75t_R)
  80.28 15223.49 ^ _195782_/Y (AND3x1_ASAP7_75t_R)
  23.47 15246.96 v _195789_/Y (NOR2x2_ASAP7_75t_R)
  30.91 15277.86 v _195790_/Y (MAJx2_ASAP7_75t_R)
  24.67 15302.53 v _195795_/Y (AO211x2_ASAP7_75t_R)
  33.01 15335.55 v _195849_/Y (AO21x1_ASAP7_75t_R)
  70.73 15406.28 v _195877_/Y (AO21x1_ASAP7_75t_R)
  92.31 15498.58 ^ _196018_/Y (NAND2x2_ASAP7_75t_R)
  94.81 15593.40 ^ _196284_/Y (OA211x2_ASAP7_75t_R)
   9.14 15602.53 v _196292_/Y (AOI21x1_ASAP7_75t_R)
  30.94 15633.47 v _196293_/Y (AO221x1_ASAP7_75t_R)
  25.35 15658.81 v _196315_/Y (AO21x2_ASAP7_75t_R)
  64.61 15723.42 v _196337_/Y (AO22x1_ASAP7_75t_R)
  84.73 15808.16 v _196340_/Y (AO221x1_ASAP7_75t_R)
  98.60 15906.76 v _196435_/Y (AO21x2_ASAP7_75t_R)
  79.34 15986.10 ^ _196643_/Y (NAND2x1_ASAP7_75t_R)
  31.69 16017.79 v _196645_/Y (XNOR2x2_ASAP7_75t_R)
  23.86 16041.65 ^ _196646_/Y (AOI211x1_ASAP7_75t_R)
  39.77 16081.43 ^ _196771_/Y (AND5x1_ASAP7_75t_R)
  22.56 16103.99 ^ _196794_/Y (AO222x2_ASAP7_75t_R)
  17.65 16121.64 ^ _196795_/Y (AO21x2_ASAP7_75t_R)
  93.21 16214.85 v _197142_/Y (AOI211x1_ASAP7_75t_R)
  74.25 16289.10 v _197223_/Y (AND2x2_ASAP7_75t_R)
  29.22 16318.32 v _197224_/Y (AO32x1_ASAP7_75t_R)
  24.37 16342.69 ^ _197225_/Y (XNOR2x2_ASAP7_75t_R)
  33.14 16375.83 ^ _197236_/Y (AND5x1_ASAP7_75t_R)
  12.14 16387.97 v _197237_/Y (NAND2x1_ASAP7_75t_R)
  38.60 16426.58 v _197238_/Y (OR5x1_ASAP7_75t_R)
  22.31 16448.89 v _197239_/Y (AO211x2_ASAP7_75t_R)
  21.85 16470.73 ^ _197240_/Y (AOI211x1_ASAP7_75t_R)
  50.35 16521.09 ^ _197247_/Y (AO211x2_ASAP7_75t_R)
  66.61 16587.70 ^ _197336_/Y (OR2x2_ASAP7_75t_R)
  35.18 16622.88 ^ _197505_/Y (AND2x2_ASAP7_75t_R)
  38.73 16661.61 v _197506_/Y (XNOR2x2_ASAP7_75t_R)
  27.06 16688.67 ^ _197507_/Y (XNOR2x2_ASAP7_75t_R)
  34.97 16723.64 ^ _197508_/Y (AND5x1_ASAP7_75t_R)
  35.58 16759.22 ^ _197711_/Y (AND5x1_ASAP7_75t_R)
  22.22 16781.44 ^ _197720_/Y (OR4x1_ASAP7_75t_R)
  29.33 16810.77 ^ _197721_/Y (AO211x2_ASAP7_75t_R)
  63.37 16874.14 ^ _197722_/Y (AO21x1_ASAP7_75t_R)
  28.43 16902.56 ^ load_slew696/Y (BUFx12f_ASAP7_75t_R)
  30.24 16932.80 v _198025_/Y (AOI22x1_ASAP7_75t_R)
  46.70 16979.50 v _198037_/Y (AO32x2_ASAP7_75t_R)
  31.19 17010.69 v _198043_/Y (AO32x1_ASAP7_75t_R)
  30.51 17041.20 v _198051_/Y (AO32x1_ASAP7_75t_R)
  33.26 17074.46 v _198070_/Y (AO33x2_ASAP7_75t_R)
  23.34 17097.80 v _198073_/Y (OA211x2_ASAP7_75t_R)
  20.91 17118.72 v _198074_/Y (OA21x2_ASAP7_75t_R)
  23.53 17142.25 v _198075_/Y (AO21x1_ASAP7_75t_R)
  24.22 17166.47 v _198076_/Y (AO21x1_ASAP7_75t_R)
  22.16 17188.63 v _198100_/Y (AO21x1_ASAP7_75t_R)
  28.92 17217.55 ^ _198101_/Y (AOI21x1_ASAP7_75t_R)
  84.32 17301.88 v _198137_/Y (NOR3x1_ASAP7_75t_R)
  55.71 17357.59 v _198412_/Y (OR4x1_ASAP7_75t_R)
  27.32 17384.91 v _198413_/Y (OA211x2_ASAP7_75t_R)
  17.79 17402.70 ^ _198423_/Y (OAI22x1_ASAP7_75t_R)
  28.30 17431.01 ^ _198425_/Y (AND4x1_ASAP7_75t_R)
  53.06 17484.06 ^ _198426_/Y (AND5x1_ASAP7_75t_R)
  17.39 17501.45 v _198460_/Y (NAND2x2_ASAP7_75t_R)
  37.94 17539.40 v _198461_/Y (AO21x2_ASAP7_75t_R)
  67.44 17606.84 v _198463_/Y (AND2x4_ASAP7_75t_R)
 156.02 17762.85 ^ _198787_/Y (NAND2x1_ASAP7_75t_R)
  66.95 17829.80 v _198788_/Y (XNOR2x2_ASAP7_75t_R)
  20.69 17850.49 v _198789_/Y (AO21x1_ASAP7_75t_R)
  41.50 17891.99 ^ _198790_/Y (XNOR2x2_ASAP7_75t_R)
  95.04 17987.03 v _198791_/Y (NAND2x1_ASAP7_75t_R)
  80.02 18067.05 ^ _198887_/Y (AOI21x1_ASAP7_75t_R)
  34.28 18101.32 ^ _198888_/Y (AO32x1_ASAP7_75t_R)
  23.47 18124.80 v _198893_/Y (AOI221x1_ASAP7_75t_R)
  24.40 18149.19 v _198904_/Y (AND2x2_ASAP7_75t_R)
  16.57 18165.77 v _198913_/Y (OA21x2_ASAP7_75t_R)
  57.90 18223.67 v _198916_/Y (OA33x2_ASAP7_75t_R)
  90.19 18313.85 ^ _198955_/Y (OAI21x1_ASAP7_75t_R)
 101.84 18415.69 ^ _200274_/Y (AO21x1_ASAP7_75t_R)
  61.83 18477.52 ^ _200275_/Y (AND2x2_ASAP7_75t_R)
  35.42 18512.93 ^ _200396_/Y (AND5x1_ASAP7_75t_R)
  16.32 18529.26 v _200397_/Y (OAI22x1_ASAP7_75t_R)
  28.25 18557.50 ^ _200399_/Y (NAND2x1_ASAP7_75t_R)
  25.91 18583.41 ^ _201181_/Y (OA211x2_ASAP7_75t_R)
  37.03 18620.44 ^ _201216_/Y (AND5x1_ASAP7_75t_R)
  69.34 18689.78 ^ _201383_/Y (AND3x1_ASAP7_75t_R)
  58.51 18748.29 ^ _201670_/Y (AND4x2_ASAP7_75t_R)
  28.20 18776.48 v _201671_/Y (XNOR2x2_ASAP7_75t_R)
  16.56 18793.04 v _201676_/Y (AO21x1_ASAP7_75t_R)
  19.63 18812.67 v _201692_/Y (AO21x1_ASAP7_75t_R)
  40.73 18853.40 ^ _226388_/Y (AOI21x1_ASAP7_75t_R)
  31.49 18884.89 ^ wire666/Y (BUFx12f_ASAP7_75t_R)
  57.35 18942.24 ^ _230390_/Y (OA211x2_ASAP7_75t_R)
  69.74 19011.98 v _230392_/Y (OAI21x1_ASAP7_75t_R)
  67.73 19079.70 v load_slew592/Y (BUFx10_ASAP7_75t_R)
  31.57 19111.27 v load_slew591/Y (BUFx10_ASAP7_75t_R)
  23.98 19135.25 v load_slew590/Y (BUFx12f_ASAP7_75t_R)
 143.68 19278.93 v _268427_/Y (AO22x1_ASAP7_75t_R)
  40.95 19319.88 ^ _273569_/Y (AOI211x1_ASAP7_75t_R)
   0.13 19320.01 ^ _359538_/D (DFFHQNx1_ASAP7_75t_R)
        19320.01   data arrival time

12000.00 12000.00   clock core_clk (rise edge)
   0.00 12000.00   clock source latency
   0.00 12000.00 ^ clk (in)
  50.48 12050.48 ^ wire5623/Y (BUFx12_ASAP7_75t_R)
  51.19 12101.67 ^ clkbuf_0_clk/Y (BUFx24_ASAP7_75t_R)
  27.49 12129.16 ^ clkbuf_1_1_0_clk/Y (BUFx24_ASAP7_75t_R)
  20.44 12149.59 ^ clkbuf_2_3_0_clk/Y (BUFx24_ASAP7_75t_R)
  29.36 12178.95 ^ clkbuf_3_6_0_clk/Y (BUFx24_ASAP7_75t_R)
  25.68 12204.63 ^ clkbuf_4_12_0_clk/Y (BUFx24_ASAP7_75t_R)
  26.72 12231.35 ^ clkbuf_6_50_0_clk/Y (BUFx24_ASAP7_75t_R)
  21.12 12252.47 ^ clkbuf_7_100__f_clk/Y (BUFx24_ASAP7_75t_R)
  25.22 12277.69 ^ clkbuf_leaf_748_clk/Y (BUFx24_ASAP7_75t_R)
   0.78 12278.47 ^ _359538_/CLK (DFFHQNx1_ASAP7_75t_R)
 -50.00 12228.47   clock uncertainty
   0.00 12228.47   clock reconvergence pessimism
 -12.29 12216.18   library setup time
        12216.18   data required time
---------------------------------------------------------
        12216.18   data required time
        -19320.01   data arrival time
---------------------------------------------------------
        -7103.83   slack (VIOLATED)


