
==========================================================================
finish report_tns
--------------------------------------------------------------------------
tns max -56579772.00

==========================================================================
finish report_wns
--------------------------------------------------------------------------
wns max -9898.20

==========================================================================
finish report_worst_slack
--------------------------------------------------------------------------
worst slack max -9898.20

==========================================================================
finish report_clock_min_period
--------------------------------------------------------------------------
core_clk period_min = 10898.20 fmax = 91.76

==========================================================================
finish report_clock_skew
--------------------------------------------------------------------------
Clock core_clk
 318.25 source latency _398555_/CLK ^
-268.60 target latency _402028_/CLK ^
  50.00 clock uncertainty
  -2.77 CRPR
--------------
  96.88 setup skew


==========================================================================
finish report_checks -path_delay min
--------------------------------------------------------------------------
Startpoint: rst (input port clocked by core_clk)
Endpoint: dmem_req_addr[30] (output port clocked by core_clk)
Path Group: in2out
Path Type: min

Fanout     Cap    Slew   Delay    Time   Description
-----------------------------------------------------------------------------
                          0.00    0.00   clock core_clk (rise edge)
                          0.00    0.00   clock network delay (propagated)
                        200.00  200.00 v input external delay
     1    1.57   20.00    0.00  200.00 v rst (in)
                                         rst (net)
                 20.66    0.21  200.21 v input102/A (BUFx8_ASAP7_75t_R)
    28   49.79   11.51   23.56  223.76 v input102/Y (BUFx8_ASAP7_75t_R)
                                         net102 (net)
                182.63   56.25  280.01 v _313706_/A (NOR2x2_ASAP7_75t_R)
    30   26.16  107.20   60.26  340.27 ^ _313706_/Y (NOR2x2_ASAP7_75t_R)
                                         net104 (net)
                107.21    0.86  341.13 ^ _321082_/B2 (AO32x1_ASAP7_75t_R)
     1    5.65   38.90   38.67  379.80 ^ _321082_/Y (AO32x1_ASAP7_75t_R)
                                         u_lsu.dmem_req_addr[30] (net)
                 39.53    2.71  382.51 ^ output159/A (BUFx2_ASAP7_75t_R)
     1    5.25   20.51   25.78  408.29 ^ output159/Y (BUFx2_ASAP7_75t_R)
                                         dmem_req_addr[30] (net)
                 20.99    1.71  410.01 ^ dmem_req_addr[30] (out)
                                410.01   data arrival time

                          0.00    0.00   clock core_clk (rise edge)
                          0.00    0.00   clock network delay (propagated)
                         25.00   25.00   clock uncertainty
                          0.00   25.00   clock reconvergence pessimism
                       -200.00 -175.00   output external delay
                               -175.00   data required time
-----------------------------------------------------------------------------
                               -175.00   data required time
                               -410.01   data arrival time
-----------------------------------------------------------------------------
                                585.01   slack (MET)


Startpoint: imem_rsp_rdata[15] (input port clocked by core_clk)
Endpoint: _388839_ (rising edge-triggered flip-flop clocked by core_clk)
Path Group: in2reg
Path Type: min

Fanout     Cap    Slew   Delay    Time   Description
-----------------------------------------------------------------------------
                          0.00    0.00   clock core_clk (rise edge)
                          0.00    0.00   clock network delay (propagated)
                        200.00  200.00 v input external delay
     1    1.64   20.00    0.00  200.00 v imem_rsp_rdata[15] (in)
                                         imem_rsp_rdata[15] (net)
                 20.57    0.18  200.18 v input75/A (BUFx2_ASAP7_75t_R)
     5    3.33   12.23   20.93  221.11 v input75/Y (BUFx2_ASAP7_75t_R)
                                         net75 (net)
                 12.28    0.42  221.53 v _358750_/A1 (AO21x1_ASAP7_75t_R)
     1    0.75    6.78   16.49  238.02 v _358750_/Y (AO21x1_ASAP7_75t_R)
                                         u_frontend._395423_ (net)
                  6.78    0.06  238.07 v _388839_/D (DFFHQNx1_ASAP7_75t_R)
                                238.07   data arrival time

                          0.00    0.00   clock core_clk (rise edge)
                          0.00    0.00   clock source latency
     1   23.89   20.00    0.00    0.00 ^ clk (in)
                                         clk (net)
                 88.45   21.59   21.59 ^ wire96739/A (BUFx12f_ASAP7_75t_R)
     1   21.65   13.49   24.83   46.42 ^ wire96739/Y (BUFx12f_ASAP7_75t_R)
                                         net96297 (net)
                 68.62   21.29   67.72 ^ clkbuf_0_clk/A (BUFx24_ASAP7_75t_R)
     2   18.89   15.14   32.09   99.81 ^ clkbuf_0_clk/Y (BUFx24_ASAP7_75t_R)
                                         clknet_0_clk (net)
                 24.40    6.22  106.03 ^ clkbuf_1_0_0_clk/A (BUFx24_ASAP7_75t_R)
     2   14.87    9.72   22.33  128.36 ^ clkbuf_1_0_0_clk/Y (BUFx24_ASAP7_75t_R)
                                         clknet_1_0_0_clk (net)
                 28.86    8.38  136.74 ^ clkbuf_2_1_0_clk/A (BUFx24_ASAP7_75t_R)
     2   15.44   10.26   23.60  160.34 ^ clkbuf_2_1_0_clk/Y (BUFx24_ASAP7_75t_R)
                                         clknet_2_1_0_clk (net)
                 27.16    7.72  168.06 ^ clkbuf_3_2_0_clk/A (BUFx24_ASAP7_75t_R)
     2   12.92   10.80   23.32  191.37 ^ clkbuf_3_2_0_clk/Y (BUFx24_ASAP7_75t_R)
                                         clknet_3_2_0_clk (net)
                 19.62    5.25  196.62 ^ clkbuf_4_5_0_clk/A (BUFx24_ASAP7_75t_R)
     4   22.72   16.18   22.52  219.14 ^ clkbuf_4_5_0_clk/Y (BUFx24_ASAP7_75t_R)
                                         clknet_4_5_0_clk (net)
                 23.36    5.57  224.71 ^ clkbuf_6_21_0_clk/A (BUFx24_ASAP7_75t_R)
     2    7.36    9.02   22.01  246.72 ^ clkbuf_6_21_0_clk/Y (BUFx24_ASAP7_75t_R)
                                         clknet_6_21_0_clk (net)
                 10.02    1.55  248.27 ^ clkbuf_7_42__f_clk/A (BUFx24_ASAP7_75t_R)
    16   58.22   31.06   21.14  269.41 ^ clkbuf_7_42__f_clk/Y (BUFx24_ASAP7_75t_R)
                                         clknet_7_42__leaf_clk (net)
                 49.20   12.31  281.72 ^ clkbuf_leaf_330_clk/A (BUFx24_ASAP7_75t_R)
    22   16.45   13.98   28.98  310.70 ^ clkbuf_leaf_330_clk/Y (BUFx24_ASAP7_75t_R)
                                         clknet_leaf_330_clk (net)
                 16.77    3.22  313.92 ^ _388839_/CLK (DFFHQNx1_ASAP7_75t_R)
                         25.00  338.92   clock uncertainty
                          0.00  338.92   clock reconvergence pessimism
                         12.69  351.61   library hold time
                                351.61   data required time
-----------------------------------------------------------------------------
                                351.61   data required time
                               -238.07   data arrival time
-----------------------------------------------------------------------------
                               -113.54   slack (VIOLATED)


Startpoint: _399763_ (rising edge-triggered flip-flop clocked by core_clk)
Endpoint: commit_trace[151] (output port clocked by core_clk)
Path Group: reg2out
Path Type: min

Fanout     Cap    Slew   Delay    Time   Description
-----------------------------------------------------------------------------
                          0.00    0.00   clock core_clk (rise edge)
                          0.00    0.00   clock source latency
     1   23.35   20.00    0.00    0.00 ^ clk (in)
                                         clk (net)
                 85.58   20.69   20.69 ^ wire96739/A (BUFx12f_ASAP7_75t_R)
     1   21.05   13.50   24.61   45.30 ^ wire96739/Y (BUFx12f_ASAP7_75t_R)
                                         net96297 (net)
                 65.43   20.27   65.57 ^ clkbuf_0_clk/A (BUFx24_ASAP7_75t_R)
     2   17.69   14.52   31.48   97.04 ^ clkbuf_0_clk/Y (BUFx24_ASAP7_75t_R)
                                         clknet_0_clk (net)
                 21.76    5.31  102.35 ^ clkbuf_1_1_0_clk/A (BUFx24_ASAP7_75t_R)
     2   13.27   11.20   22.22  124.57 ^ clkbuf_1_1_0_clk/Y (BUFx24_ASAP7_75t_R)
                                         clknet_1_1_0_clk (net)
                 14.00    2.71  127.28 ^ clkbuf_2_3_0_clk/A (BUFx24_ASAP7_75t_R)
     2   14.70    9.58   19.51  146.79 ^ clkbuf_2_3_0_clk/Y (BUFx24_ASAP7_75t_R)
                                         clknet_2_3_0_clk (net)
                 26.83    7.70  154.49 ^ clkbuf_3_7_0_clk/A (BUFx24_ASAP7_75t_R)
     2   12.40   10.90   23.21  177.70 ^ clkbuf_3_7_0_clk/Y (BUFx24_ASAP7_75t_R)
                                         clknet_3_7_0_clk (net)
                 17.55    4.49  182.19 ^ clkbuf_4_14_0_clk/A (BUFx24_ASAP7_75t_R)
     4   21.92   15.79   22.07  204.26 ^ clkbuf_4_14_0_clk/Y (BUFx24_ASAP7_75t_R)
                                         clknet_4_14_0_clk (net)
                 21.45    4.91  209.17 ^ clkbuf_6_58_0_clk/A (BUFx24_ASAP7_75t_R)
     2    7.38    8.95   21.53  230.70 ^ clkbuf_6_58_0_clk/Y (BUFx24_ASAP7_75t_R)
                                         clknet_6_58_0_clk (net)
                 10.02    1.58  232.28 ^ clkbuf_7_117__f_clk/A (BUFx24_ASAP7_75t_R)
     8   26.54   17.97   20.80  253.09 ^ clkbuf_7_117__f_clk/Y (BUFx24_ASAP7_75t_R)
                                         clknet_7_117__leaf_clk (net)
                 20.53    3.52  256.61 ^ clkbuf_leaf_581_clk/A (BUFx24_ASAP7_75t_R)
    14   14.64   12.21   22.24  278.86 ^ clkbuf_leaf_581_clk/Y (BUFx24_ASAP7_75t_R)
                                         clknet_leaf_581_clk (net)
                 13.67    2.08  280.93 ^ _399763_/CLK (DFFHQNx1_ASAP7_75t_R)
     1    0.65   12.17   34.39  315.32 v _399763_/QN (DFFHQNx1_ASAP7_75t_R)
                                         _012616_ (net)
                 12.17    0.04  315.37 v _335053_/A (INVx1_ASAP7_75t_R)
     1    0.51    6.88    6.39  321.75 ^ _335053_/Y (INVx1_ASAP7_75t_R)
                                         u_rob.commit_trace[151] (net)
                  6.88    0.02  321.78 ^ output261/A (BUFx2_ASAP7_75t_R)
     1    2.53   10.97   15.00  336.77 ^ output261/Y (BUFx2_ASAP7_75t_R)
                                         commit_trace[151] (net)
                 11.02    0.39  337.16 ^ commit_trace[151] (out)
                                337.16   data arrival time

                          0.00    0.00   clock core_clk (rise edge)
                          0.00    0.00   clock network delay (propagated)
                         25.00   25.00   clock uncertainty
                          0.00   25.00   clock reconvergence pessimism
                       -200.00 -175.00   output external delay
                               -175.00   data required time
-----------------------------------------------------------------------------
                               -175.00   data required time
                               -337.16   data arrival time
-----------------------------------------------------------------------------
                                512.16   slack (MET)


Startpoint: _399483_ (rising edge-triggered flip-flop clocked by core_clk)
Endpoint: _399577_ (rising edge-triggered flip-flop clocked by core_clk)
Path Group: reg2reg
Path Type: min

Fanout     Cap    Slew   Delay    Time   Description
-----------------------------------------------------------------------------
                          0.00    0.00   clock core_clk (rise edge)
                          0.00    0.00   clock source latency
     1   23.35   20.00    0.00    0.00 ^ clk (in)
                                         clk (net)
                 85.58   20.69   20.69 ^ wire96739/A (BUFx12f_ASAP7_75t_R)
     1   21.05   13.50   24.61   45.30 ^ wire96739/Y (BUFx12f_ASAP7_75t_R)
                                         net96297 (net)
                 65.43   20.27   65.57 ^ clkbuf_0_clk/A (BUFx24_ASAP7_75t_R)
     2   17.69   14.52   31.48   97.04 ^ clkbuf_0_clk/Y (BUFx24_ASAP7_75t_R)
                                         clknet_0_clk (net)
                 21.76    5.31  102.35 ^ clkbuf_1_1_0_clk/A (BUFx24_ASAP7_75t_R)
     2   13.27   11.20   22.22  124.57 ^ clkbuf_1_1_0_clk/Y (BUFx24_ASAP7_75t_R)
                                         clknet_1_1_0_clk (net)
                 17.23    4.35  128.92 ^ clkbuf_2_2_0_clk/A (BUFx24_ASAP7_75t_R)
     2   14.27    9.67   20.51  149.43 ^ clkbuf_2_2_0_clk/Y (BUFx24_ASAP7_75t_R)
                                         clknet_2_2_0_clk (net)
                 25.06    7.11  156.54 ^ clkbuf_3_5_0_clk/A (BUFx24_ASAP7_75t_R)
     2   13.15   10.92   22.90  179.44 ^ clkbuf_3_5_0_clk/Y (BUFx24_ASAP7_75t_R)
                                         clknet_3_5_0_clk (net)
                 19.47    5.21  184.64 ^ clkbuf_4_10_0_clk/A (BUFx24_ASAP7_75t_R)
     4   20.32   14.95   22.49  207.14 ^ clkbuf_4_10_0_clk/Y (BUFx24_ASAP7_75t_R)
                                         clknet_4_10_0_clk (net)
                 20.29    4.65  211.78 ^ clkbuf_6_40_0_clk/A (BUFx24_ASAP7_75t_R)
     2    7.07    8.78   21.18  232.97 ^ clkbuf_6_40_0_clk/Y (BUFx24_ASAP7_75t_R)
                                         clknet_6_40_0_clk (net)
                 10.16    1.82  234.79 ^ clkbuf_7_80__f_clk/A (BUFx24_ASAP7_75t_R)
     9   28.37   19.01   20.26  255.05 ^ clkbuf_7_80__f_clk/Y (BUFx24_ASAP7_75t_R)
                                         clknet_7_80__leaf_clk (net)
                 26.66    6.23  261.27 ^ clkbuf_leaf_616_clk/A (BUFx24_ASAP7_75t_R)
    24   14.62   12.23   24.19  285.46 ^ clkbuf_leaf_616_clk/Y (BUFx24_ASAP7_75t_R)
                                         clknet_leaf_616_clk (net)
                 12.72    1.25  286.71 ^ _399483_/CLK (DFFHQNx1_ASAP7_75t_R)
     4    3.89   32.36   47.84  334.56 ^ _399483_/QN (DFFHQNx1_ASAP7_75t_R)
                                         _014538_ (net)
                 32.37    0.31  334.86 ^ _304638_/A (NOR2x1_ASAP7_75t_R)
     1    0.76   10.79   12.82  347.68 v _304638_/Y (NOR2x1_ASAP7_75t_R)
                                         u_rob._00000_[337] (net)
                 10.80    0.08  347.76 v _399577_/D (DFFHQNx1_ASAP7_75t_R)
                                347.76   data arrival time

                          0.00    0.00   clock core_clk (rise edge)
                          0.00    0.00   clock source latency
     1   23.89   20.00    0.00    0.00 ^ clk (in)
                                         clk (net)
                 88.45   21.59   21.59 ^ wire96739/A (BUFx12f_ASAP7_75t_R)
     1   21.65   13.49   24.83   46.42 ^ wire96739/Y (BUFx12f_ASAP7_75t_R)
                                         net96297 (net)
                 68.62   21.29   67.72 ^ clkbuf_0_clk/A (BUFx24_ASAP7_75t_R)
     2   18.89   15.14   32.09   99.81 ^ clkbuf_0_clk/Y (BUFx24_ASAP7_75t_R)
                                         clknet_0_clk (net)
                 24.40    6.22  106.03 ^ clkbuf_1_0_0_clk/A (BUFx24_ASAP7_75t_R)
     2   14.87    9.72   22.33  128.36 ^ clkbuf_1_0_0_clk/Y (BUFx24_ASAP7_75t_R)
                                         clknet_1_0_0_clk (net)
                 29.67    8.68  137.04 ^ clkbuf_2_0_0_clk/A (BUFx24_ASAP7_75t_R)
     2   15.83   10.26   23.75  160.78 ^ clkbuf_2_0_0_clk/Y (BUFx24_ASAP7_75t_R)
                                         clknet_2_0_0_clk (net)
                 29.22    8.40  169.19 ^ clkbuf_3_1_0_clk/A (BUFx24_ASAP7_75t_R)
     2   13.19   11.02   23.85  193.04 ^ clkbuf_3_1_0_clk/Y (BUFx24_ASAP7_75t_R)
                                         clknet_3_1_0_clk (net)
                 20.22    5.43  198.47 ^ clkbuf_4_2_0_clk/A (BUFx24_ASAP7_75t_R)
     4   23.48   16.54   22.94  221.42 ^ clkbuf_4_2_0_clk/Y (BUFx24_ASAP7_75t_R)
                                         clknet_4_2_0_clk (net)
                 22.69    5.20  226.62 ^ clkbuf_6_10_0_clk/A (BUFx24_ASAP7_75t_R)
     2    8.62    9.40   21.98  248.60 ^ clkbuf_6_10_0_clk/Y (BUFx24_ASAP7_75t_R)
                                         clknet_6_10_0_clk (net)
                 10.92    1.85  250.45 ^ clkbuf_7_21__f_clk/A (BUFx24_ASAP7_75t_R)
    14   49.63   28.22   23.97  274.42 ^ clkbuf_7_21__f_clk/Y (BUFx24_ASAP7_75t_R)
                                         clknet_7_21__leaf_clk (net)
                 34.20    6.75  281.17 ^ clkbuf_leaf_777_clk/A (BUFx24_ASAP7_75t_R)
    25   17.72   13.93   25.83  307.00 ^ clkbuf_leaf_777_clk/Y (BUFx24_ASAP7_75t_R)
                                         clknet_leaf_777_clk (net)
                 16.53    2.94  309.94 ^ _399577_/CLK (DFFHQNx1_ASAP7_75t_R)
                         25.00  334.94   clock uncertainty
                         -2.77  332.18   clock reconvergence pessimism
                         12.27  344.45   library hold time
                                344.45   data required time
-----------------------------------------------------------------------------
                                344.45   data required time
                               -347.76   data arrival time
-----------------------------------------------------------------------------
                                  3.31   slack (MET)



==========================================================================
finish report_checks -path_delay max
--------------------------------------------------------------------------
Startpoint: dmem_rsp_valid (input port clocked by core_clk)
Endpoint: dmem_req_addr[13] (output port clocked by core_clk)
Path Group: in2out
Path Type: max

Fanout     Cap    Slew   Delay    Time   Description
-----------------------------------------------------------------------------
                          0.00    0.00   clock core_clk (rise edge)
                          0.00    0.00   clock network delay (propagated)
                        200.00  200.00 ^ input external delay
     1   13.64   20.00    0.00  200.00 ^ dmem_rsp_valid (in)
                                         dmem_rsp_valid (net)
                 43.14    7.30  207.30 ^ input66/A (BUFx2_ASAP7_75t_R)
     2   10.17   36.76   31.91  239.20 ^ input66/Y (BUFx2_ASAP7_75t_R)
                                         net66 (net)
                 37.86    3.48  242.68 ^ _196676_/A (INVx11_ASAP7_75t_R)
     2    1.67    7.93    6.20  248.88 v _196676_/Y (INVx11_ASAP7_75t_R)
                                         _132950_ (net)
                  7.93    0.07  248.95 v _196677_/B (OR3x2_ASAP7_75t_R)
     7   15.74   52.50   39.33  288.28 v _196677_/Y (OR3x2_ASAP7_75t_R)
                                         _132951_ (net)
                 59.70   10.04  298.32 v place89085/A (BUFx3_ASAP7_75t_R)
     7    9.75   23.27   31.17  329.49 v place89085/Y (BUFx3_ASAP7_75t_R)
                                         net88643 (net)
                 25.66    3.92  333.41 v _197752_/C (OR3x1_ASAP7_75t_R)
     2    2.86   19.56   29.72  363.13 v _197752_/Y (OR3x1_ASAP7_75t_R)
                                         _134026_ (net)
                 19.57    0.25  363.39 v _197754_/A (NAND2x2_ASAP7_75t_R)
     2    2.24   14.49   13.35  376.73 ^ _197754_/Y (NAND2x2_ASAP7_75t_R)
                                         _134028_ (net)
                 14.53    0.39  377.12 ^ place87771/A (BUFx3_ASAP7_75t_R)
    21   33.31   77.94   30.00  407.12 ^ place87771/Y (BUFx3_ASAP7_75t_R)
                                         net87329 (net)
                 78.25    2.94  410.06 ^ _197755_/B (NAND2x1_ASAP7_75t_R)
     1    1.42   21.28   14.45  424.51 v _197755_/Y (NAND2x1_ASAP7_75t_R)
                                         _134029_ (net)
                 21.28    0.08  424.58 v place87272/A (BUFx6f_ASAP7_75t_R)
     3    8.55   12.11   18.71  443.29 v place87272/Y (BUFx6f_ASAP7_75t_R)
                                         net86830 (net)
                 12.13    0.34  443.63 v place87271/A (BUFx3_ASAP7_75t_R)
     8   18.62   39.07   23.14  466.78 v place87271/Y (BUFx3_ASAP7_75t_R)
                                         net86829 (net)
                 44.14    7.15  473.93 v _198492_/B (OR4x1_ASAP7_75t_R)
     1    0.74   10.55   31.38  505.30 v _198492_/Y (OR4x1_ASAP7_75t_R)
                                         _134766_ (net)
                 10.55    0.08  505.38 v _198494_/D (OR5x1_ASAP7_75t_R)
     1    3.31   26.03   41.15  546.53 v _198494_/Y (OR5x1_ASAP7_75t_R)
                                         _134768_ (net)
                 26.21    1.23  547.76 v place80559/A (BUFx6f_ASAP7_75t_R)
     3   13.74   17.67   20.51  568.28 v place80559/Y (BUFx6f_ASAP7_75t_R)
                                         net80117 (net)
                 25.70    6.22  574.49 v place80558/A (BUFx3_ASAP7_75t_R)
     7   17.79   36.69   29.57  604.06 v place80558/Y (BUFx3_ASAP7_75t_R)
                                         net80116 (net)
                 37.28    2.70  606.76 v place80557/A (BUFx6f_ASAP7_75t_R)
    19   31.19   35.52   26.20  632.96 v place80557/Y (BUFx6f_ASAP7_75t_R)
                                         net80115 (net)
                 55.96   14.86  647.82 v _202919_/A (AND2x2_ASAP7_75t_R)
     2    2.64   12.03   29.80  677.62 v _202919_/Y (AND2x2_ASAP7_75t_R)
                                         _139193_ (net)
                 12.18    0.73  678.35 v _207950_/B (OR3x1_ASAP7_75t_R)
     2    8.20   49.10   39.38  717.73 v _207950_/Y (OR3x1_ASAP7_75t_R)
                                         _144222_ (net)
                 49.97    3.62  721.36 v _207951_/A (MAJx2_ASAP7_75t_R)
     2    3.51   16.00   33.36  754.72 v _207951_/Y (MAJx2_ASAP7_75t_R)
                                         _144223_ (net)
                 16.28    1.16  755.87 v _208672_/B (MAJx2_ASAP7_75t_R)
     2    2.29   11.24   25.19  781.06 v _208672_/Y (MAJx2_ASAP7_75t_R)
                                         _144943_ (net)
                 11.26    0.29  781.35 v _208722_/B (MAJx2_ASAP7_75t_R)
     2    2.28   12.01   23.70  805.05 v _208722_/Y (MAJx2_ASAP7_75t_R)
                                         _144992_ (net)
                 12.03    0.29  805.34 v _208759_/B (MAJx2_ASAP7_75t_R)
     2    2.74   13.31   24.67  830.00 v _208759_/Y (MAJx2_ASAP7_75t_R)
                                         _145028_ (net)
                 13.36    0.44  830.44 v _208837_/B (MAJx2_ASAP7_75t_R)
     2    3.02   13.78   25.40  855.84 v _208837_/Y (MAJx2_ASAP7_75t_R)
                                         _145105_ (net)
                 13.92    0.76  856.60 v _208912_/B (MAJx2_ASAP7_75t_R)
     2    2.44   12.80   24.77  881.37 v _208912_/Y (MAJx2_ASAP7_75t_R)
                                         _145179_ (net)
                 12.81    0.23  881.60 v _208937_/B (MAJx2_ASAP7_75t_R)
     2    2.53   12.05   24.55  906.15 v _208937_/Y (MAJx2_ASAP7_75t_R)
                                         _145203_ (net)
                 12.09    0.38  906.53 v _209010_/B (MAJx2_ASAP7_75t_R)
     2    2.96   13.76   24.95  931.47 v _209010_/Y (MAJx2_ASAP7_75t_R)
                                         _145275_ (net)
                 13.86    0.65  932.12 v _209082_/B (MAJx2_ASAP7_75t_R)
     2    2.67   12.73   25.06  957.18 v _209082_/Y (MAJx2_ASAP7_75t_R)
                                         _145346_ (net)
                 12.79    0.47  957.65 v _209182_/B (MAJx2_ASAP7_75t_R)
     2    2.48   14.77   24.48  982.13 v _209182_/Y (MAJx2_ASAP7_75t_R)
                                         _145445_ (net)
                 14.80    0.32  982.45 v _209211_/B (MAJx2_ASAP7_75t_R)
     2    2.45   13.55   25.00 1007.45 v _209211_/Y (MAJx2_ASAP7_75t_R)
                                         _145473_ (net)
                 13.59    0.35 1007.80 v _209318_/B (MAJx2_ASAP7_75t_R)
     2    2.44   13.90   24.64 1032.44 v _209318_/Y (MAJx2_ASAP7_75t_R)
                                         _145579_ (net)
                 13.93    0.30 1032.74 v _209357_/B (MAJx2_ASAP7_75t_R)
     2    3.37   15.37   26.10 1058.85 v _209357_/Y (MAJx2_ASAP7_75t_R)
                                         _145617_ (net)
                 15.46    0.62 1059.46 v _209417_/B (MAJx2_ASAP7_75t_R)
     2    2.17   13.49   24.81 1084.27 v _209417_/Y (MAJx2_ASAP7_75t_R)
                                         _145676_ (net)
                 13.49    0.10 1084.38 v _209481_/B (MAJx2_ASAP7_75t_R)
     2    2.75   15.19   25.15 1109.53 v _209481_/Y (MAJx2_ASAP7_75t_R)
                                         _145739_ (net)
                 15.21    0.30 1109.82 v _209517_/B (MAJx2_ASAP7_75t_R)
     2    2.44   12.78   25.14 1134.96 v _209517_/Y (MAJx2_ASAP7_75t_R)
                                         _145774_ (net)
                 12.81    0.31 1135.27 v _209573_/B (MAJx2_ASAP7_75t_R)
     2    2.39   13.57   24.36 1159.63 v _209573_/Y (MAJx2_ASAP7_75t_R)
                                         _145829_ (net)
                 13.59    0.28 1159.91 v _209635_/B (MAJx2_ASAP7_75t_R)
     2    2.75   15.30   25.11 1185.01 v _209635_/Y (MAJx2_ASAP7_75t_R)
                                         _145890_ (net)
                 15.37    0.53 1185.55 v _209690_/B (MAJx2_ASAP7_75t_R)
     2    2.47   14.44   25.23 1210.78 v _209690_/Y (MAJx2_ASAP7_75t_R)
                                         _145944_ (net)
                 14.47    0.30 1211.07 v _209718_/B (MAJx2_ASAP7_75t_R)
     2    2.39   15.24   24.86 1235.93 v _209718_/Y (MAJx2_ASAP7_75t_R)
                                         _145971_ (net)
                 15.26    0.22 1236.15 v _209773_/B (MAJx2_ASAP7_75t_R)
     2    2.62   13.18   25.46 1261.61 v _209773_/Y (MAJx2_ASAP7_75t_R)
                                         _146025_ (net)
                 13.20    0.28 1261.89 v _209836_/B (MAJx2_ASAP7_75t_R)
     2    3.00   15.65   25.47 1287.36 v _209836_/Y (MAJx2_ASAP7_75t_R)
                                         _146087_ (net)
                 15.69    0.46 1287.82 v _209909_/B (MAJx2_ASAP7_75t_R)
     2    2.25   13.76   24.99 1312.81 v _209909_/Y (MAJx2_ASAP7_75t_R)
                                         _146159_ (net)
                 13.77    0.16 1312.97 v _209935_/B (MAJx2_ASAP7_75t_R)
     2    2.96   14.45   25.61 1338.58 v _209935_/Y (MAJx2_ASAP7_75t_R)
                                         _146184_ (net)
                 14.48    0.32 1338.90 v _209997_/B (MAJx2_ASAP7_75t_R)
     2    2.35   13.60   24.77 1363.67 v _209997_/Y (MAJx2_ASAP7_75t_R)
                                         _146245_ (net)
                 13.62    0.26 1363.93 v _210075_/B (MAJx2_ASAP7_75t_R)
     2    2.27   13.89   24.41 1388.34 v _210075_/Y (MAJx2_ASAP7_75t_R)
                                         _146322_ (net)
                 13.90    0.16 1388.50 v _210093_/B (MAJx2_ASAP7_75t_R)
     2    2.31   12.62   24.59 1413.09 v _210093_/Y (MAJx2_ASAP7_75t_R)
                                         _146339_ (net)
                 12.63    0.13 1413.22 v _210144_/B (MAJx2_ASAP7_75t_R)
     2    2.29   12.31   24.15 1437.37 v _210144_/Y (MAJx2_ASAP7_75t_R)
                                         _146389_ (net)
                 12.32    0.23 1437.60 v _210218_/B (MAJx2_ASAP7_75t_R)
     2    2.95   15.29   25.01 1462.61 v _210218_/Y (MAJx2_ASAP7_75t_R)
                                         _146462_ (net)
                 15.40    0.68 1463.29 v _210244_/B (MAJx2_ASAP7_75t_R)
     1    1.34   11.77   23.34 1486.63 v _210244_/Y (MAJx2_ASAP7_75t_R)
                                         _146487_ (net)
                 11.78    0.12 1486.75 v _210254_/A (XNOR2x2_ASAP7_75t_R)
     2    4.63   19.45   26.37 1513.12 ^ _210254_/Y (XNOR2x2_ASAP7_75t_R)
                                         _146497_ (net)
                 19.91    1.62 1514.74 ^ _313940_/B (XNOR2x2_ASAP7_75t_R)
     1    0.87    7.41   23.45 1538.19 ^ _313940_/Y (XNOR2x2_ASAP7_75t_R)
                                         _070561_ (net)
                  7.41    0.08 1538.27 ^ _314011_/A (AND5x1_ASAP7_75t_R)
     2   11.53   80.18   51.87 1590.14 ^ _314011_/Y (AND5x1_ASAP7_75t_R)
                                         _070632_ (net)
                 82.87    7.98 1598.12 ^ _314015_/A (NAND2x1_ASAP7_75t_R)
     2    2.99   26.18   19.00 1617.12 v _314015_/Y (NAND2x1_ASAP7_75t_R)
                                         _070636_ (net)
                 26.19    0.27 1617.39 v _314016_/B (OR2x2_ASAP7_75t_R)
     3    5.53   19.89   27.53 1644.92 v _314016_/Y (OR2x2_ASAP7_75t_R)
                                         _070637_ (net)
                 20.67    2.14 1647.05 v _314885_/B (NOR2x1_ASAP7_75t_R)
     2    1.85   17.49   13.20 1660.26 ^ _314885_/Y (NOR2x1_ASAP7_75t_R)
                                         _071506_ (net)
                 17.51    0.28 1660.54 ^ _314897_/A2 (AO21x1_ASAP7_75t_R)
     1    0.80    8.35   15.63 1676.17 ^ _314897_/Y (AO21x1_ASAP7_75t_R)
                                         _071518_ (net)
                  8.36    0.10 1676.26 ^ _314898_/B1 (AO22x1_ASAP7_75t_R)
     1    1.31   12.65   17.66 1693.92 ^ _314898_/Y (AO22x1_ASAP7_75t_R)
                                         _071519_ (net)
                 12.65    0.11 1694.03 ^ _314899_/B (NAND2x1_ASAP7_75t_R)
     1    1.51   11.12    8.64 1702.67 v _314899_/Y (NAND2x1_ASAP7_75t_R)
                                         _071520_ (net)
                 11.13    0.20 1702.87 v _314903_/A1 (AOI22x1_ASAP7_75t_R)
     2    2.49   22.86   15.34 1718.22 ^ _314903_/Y (AOI22x1_ASAP7_75t_R)
                                         _071524_ (net)
                 22.87    0.21 1718.43 ^ _314904_/B (OAI21x1_ASAP7_75t_R)
     1    0.55   10.98    9.51 1727.94 v _314904_/Y (OAI21x1_ASAP7_75t_R)
                                         _071525_ (net)
                 10.98    0.03 1727.97 v _314908_/B (OA211x2_ASAP7_75t_R)
     1    1.38   10.95   27.31 1755.27 v _314908_/Y (OA211x2_ASAP7_75t_R)
                                         _071529_ (net)
                 10.97    0.18 1755.45 v _314909_/C (MAJx2_ASAP7_75t_R)
     2    2.12   10.65   22.21 1777.66 v _314909_/Y (MAJx2_ASAP7_75t_R)
                                         _071530_ (net)
                 10.66    0.11 1777.76 v _314935_/B (NOR2x1_ASAP7_75t_R)
     1    0.92    9.96    8.04 1785.80 ^ _314935_/Y (NOR2x1_ASAP7_75t_R)
                                         _071556_ (net)
                  9.97    0.11 1785.91 ^ _314936_/B (AO21x1_ASAP7_75t_R)
     2    5.22   35.64   23.21 1809.13 ^ _314936_/Y (AO21x1_ASAP7_75t_R)
                                         _071557_ (net)
                 35.99    1.97 1811.10 ^ _314938_/A2 (AO21x1_ASAP7_75t_R)
     2    2.13   16.61   22.32 1833.42 ^ _314938_/Y (AO21x1_ASAP7_75t_R)
                                         _071559_ (net)
                 16.62    0.23 1833.65 ^ _314939_/B (NAND2x1_ASAP7_75t_R)
     1    2.68   17.14   12.16 1845.81 v _314939_/Y (NAND2x1_ASAP7_75t_R)
                                         _071560_ (net)
                 17.20    0.60 1846.41 v _314940_/B (NAND2x1_ASAP7_75t_R)
     3    5.12   38.31   21.23 1867.64 ^ _314940_/Y (NAND2x1_ASAP7_75t_R)
                                         _071561_ (net)
                 38.83    2.47 1870.11 ^ place62150/A (BUFx6f_ASAP7_75t_R)
     2    2.34    6.73   18.20 1888.31 ^ place62150/Y (BUFx6f_ASAP7_75t_R)
                                         net61708 (net)
                  6.75    0.17 1888.48 ^ _314956_/A2 (OAI22x1_ASAP7_75t_R)
     2    2.21   18.83   10.43 1898.91 v _314956_/Y (OAI22x1_ASAP7_75t_R)
                                         _071577_ (net)
                 18.85    0.43 1899.34 v _315004_/C (AND3x1_ASAP7_75t_R)
     1    1.29   10.36   17.14 1916.49 v _315004_/Y (AND3x1_ASAP7_75t_R)
                                         _071625_ (net)
                 10.37    0.14 1916.63 v _315005_/C (MAJx2_ASAP7_75t_R)
     1    1.13    7.96   20.36 1936.99 v _315005_/Y (MAJx2_ASAP7_75t_R)
                                         _071626_ (net)
                  7.96    0.05 1937.04 v _315006_/C (MAJx2_ASAP7_75t_R)
     1    1.25    8.63   19.92 1956.97 v _315006_/Y (MAJx2_ASAP7_75t_R)
                                         _071627_ (net)
                  8.63    0.09 1957.06 v _315007_/C (MAJx2_ASAP7_75t_R)
     1    1.27    8.63   20.13 1977.19 v _315007_/Y (MAJx2_ASAP7_75t_R)
                                         _071628_ (net)
                  8.63    0.10 1977.29 v _315008_/C (MAJx2_ASAP7_75t_R)
     1    1.47    8.93   20.46 1997.74 v _315008_/Y (MAJx2_ASAP7_75t_R)
                                         _071629_ (net)
                  8.95    0.21 1997.95 v _315009_/A2 (AOI21x1_ASAP7_75t_R)
     1    1.14   14.35    9.60 2007.54 ^ _315009_/Y (AOI21x1_ASAP7_75t_R)
                                         _071630_ (net)
                 14.35    0.06 2007.60 ^ _315012_/A (NOR2x1_ASAP7_75t_R)
     1    1.26   12.03   10.96 2018.57 v _315012_/Y (NOR2x1_ASAP7_75t_R)
                                         _071633_ (net)
                 12.03    0.10 2018.66 v _315013_/C (MAJx2_ASAP7_75t_R)
     1    1.24    8.22   20.96 2039.62 v _315013_/Y (MAJx2_ASAP7_75t_R)
                                         _071634_ (net)
                  8.22    0.09 2039.71 v _315014_/C (MAJx2_ASAP7_75t_R)
     1    1.23    8.36   19.94 2059.65 v _315014_/Y (MAJx2_ASAP7_75t_R)
                                         _071635_ (net)
                  8.37    0.12 2059.77 v _315015_/C (MAJx2_ASAP7_75t_R)
     2    1.62    9.38   20.67 2080.44 v _315015_/Y (MAJx2_ASAP7_75t_R)
                                         _071636_ (net)
                  9.39    0.11 2080.55 v _315016_/C (OR3x1_ASAP7_75t_R)
     2    1.73   13.84   23.85 2104.40 v _315016_/Y (OR3x1_ASAP7_75t_R)
                                         _071637_ (net)
                 13.86    0.27 2104.67 v _315025_/A (AND3x1_ASAP7_75t_R)
     2    2.06   13.14   16.11 2120.78 v _315025_/Y (AND3x1_ASAP7_75t_R)
                                         _071646_ (net)
                 13.16    0.31 2121.09 v _315027_/A2 (AO21x1_ASAP7_75t_R)
     2    3.32   20.50   22.41 2143.50 v _315027_/Y (AO21x1_ASAP7_75t_R)
                                         _071648_ (net)
                 20.53    0.41 2143.91 v _315028_/B (NOR2x1_ASAP7_75t_R)
     2    2.55   21.06   15.26 2159.16 ^ _315028_/Y (NOR2x1_ASAP7_75t_R)
                                         _071649_ (net)
                 21.09    0.48 2159.64 ^ _315070_/B1 (OAI22x1_ASAP7_75t_R)
     2    1.85   18.42   12.68 2172.32 v _315070_/Y (OAI22x1_ASAP7_75t_R)
                                         _071691_ (net)
                 18.43    0.20 2172.52 v _315071_/B (AND2x2_ASAP7_75t_R)
     2    2.23    9.44   19.43 2191.96 v _315071_/Y (AND2x2_ASAP7_75t_R)
                                         _071692_ (net)
                  9.44    0.10 2192.05 v _315101_/B (MAJx2_ASAP7_75t_R)
     1    1.36    8.58   21.63 2213.68 v _315101_/Y (MAJx2_ASAP7_75t_R)
                                         _071722_ (net)
                  8.59    0.17 2213.85 v _315102_/C (MAJx2_ASAP7_75t_R)
     1    1.39    8.66   20.31 2234.17 v _315102_/Y (MAJx2_ASAP7_75t_R)
                                         _071723_ (net)
                  8.67    0.14 2234.30 v _315103_/C (MAJx2_ASAP7_75t_R)
     1    1.32    8.87   20.22 2254.52 v _315103_/Y (MAJx2_ASAP7_75t_R)
                                         _071724_ (net)
                  8.88    0.15 2254.68 v _315104_/C (MAJx2_ASAP7_75t_R)
     1    1.24    8.23   20.16 2274.83 v _315104_/Y (MAJx2_ASAP7_75t_R)
                                         _071725_ (net)
                  8.23    0.09 2274.92 v _315105_/C (MAJx2_ASAP7_75t_R)
     1    1.24    8.27   19.96 2294.89 v _315105_/Y (MAJx2_ASAP7_75t_R)
                                         _071726_ (net)
                  8.28    0.13 2295.01 v _315106_/C (MAJx2_ASAP7_75t_R)
     1    0.75    7.27   19.13 2314.14 v _315106_/Y (MAJx2_ASAP7_75t_R)
                                         _071727_ (net)
                  7.27    0.04 2314.19 v _315107_/A2 (AO21x1_ASAP7_75t_R)
     1    1.26    9.83   15.71 2329.90 v _315107_/Y (AO21x1_ASAP7_75t_R)
                                         _071728_ (net)
                  9.84    0.14 2330.04 v _315111_/A (NAND2x1_ASAP7_75t_R)
     2    2.37   19.44   13.83 2343.87 ^ _315111_/Y (NAND2x1_ASAP7_75t_R)
                                         _071732_ (net)
                 19.44    0.11 2343.98 ^ _315112_/C (MAJx2_ASAP7_75t_R)
     1    0.77    7.01   18.85 2362.83 ^ _315112_/Y (MAJx2_ASAP7_75t_R)
                                         _071733_ (net)
                  7.01    0.05 2362.87 ^ _315113_/C (AND3x1_ASAP7_75t_R)
     1    1.21   11.92   19.12 2381.99 ^ _315113_/Y (AND3x1_ASAP7_75t_R)
                                         _071734_ (net)
                 11.93    0.19 2382.19 ^ _315120_/B (OR3x1_ASAP7_75t_R)
     2    1.37   10.70   14.21 2396.40 ^ _315120_/Y (OR3x1_ASAP7_75t_R)
                                         _071741_ (net)
                 10.70    0.05 2396.45 ^ _315123_/B (AND2x2_ASAP7_75t_R)
     6    6.47   23.98   23.62 2420.07 ^ _315123_/Y (AND2x2_ASAP7_75t_R)
                                         _071744_ (net)
                 24.06    0.83 2420.90 ^ _315178_/B (NAND2x1_ASAP7_75t_R)
     1    0.72    9.88    7.83 2428.73 v _315178_/Y (NAND2x1_ASAP7_75t_R)
                                         _071799_ (net)
                  9.88    0.04 2428.77 v _315179_/B (OA21x2_ASAP7_75t_R)
     2    1.31    7.87   13.87 2442.64 v _315179_/Y (OA21x2_ASAP7_75t_R)
                                         _071800_ (net)
                  7.88    0.14 2442.78 v _315181_/A2 (AO32x1_ASAP7_75t_R)
     2    2.57   18.14   26.28 2469.06 v _315181_/Y (AO32x1_ASAP7_75t_R)
                                         _071802_ (net)
                 18.21    0.62 2469.68 v _315182_/B (OA211x2_ASAP7_75t_R)
     1    0.70    9.28   28.24 2497.92 v _315182_/Y (OA211x2_ASAP7_75t_R)
                                         _071803_ (net)
                  9.28    0.03 2497.95 v _315183_/B (AO21x1_ASAP7_75t_R)
     1    1.21    9.75   17.39 2515.34 v _315183_/Y (AO21x1_ASAP7_75t_R)
                                         _071804_ (net)
                  9.75    0.08 2515.41 v _315184_/C (MAJx2_ASAP7_75t_R)
     1    1.22    8.23   20.35 2535.76 v _315184_/Y (MAJx2_ASAP7_75t_R)
                                         _071805_ (net)
                  8.24    0.12 2535.88 v _315185_/C (MAJx2_ASAP7_75t_R)
     1    1.37    8.61   20.17 2556.06 v _315185_/Y (MAJx2_ASAP7_75t_R)
                                         _071806_ (net)
                  8.62    0.17 2556.23 v _315186_/C (MAJx2_ASAP7_75t_R)
     1    1.16    7.99   19.95 2576.18 v _315186_/Y (MAJx2_ASAP7_75t_R)
                                         _071807_ (net)
                  8.00    0.06 2576.24 v _315187_/C (MAJx2_ASAP7_75t_R)
     1    1.21    8.30   19.86 2596.10 v _315187_/Y (MAJx2_ASAP7_75t_R)
                                         _071808_ (net)
                  8.31    0.08 2596.17 v _315188_/C (MAJx2_ASAP7_75t_R)
     1    0.93    7.38   19.45 2615.63 v _315188_/Y (MAJx2_ASAP7_75t_R)
                                         _071809_ (net)
                  7.39    0.11 2615.73 v _315198_/A2 (AO21x1_ASAP7_75t_R)
     1    1.39   10.49   16.13 2631.86 v _315198_/Y (AO21x1_ASAP7_75t_R)
                                         _071819_ (net)
                 10.50    0.19 2632.05 v _315205_/A (NAND2x1_ASAP7_75t_R)
     2    2.36   19.45   14.02 2646.07 ^ _315205_/Y (NAND2x1_ASAP7_75t_R)
                                         _071826_ (net)
                 19.45    0.15 2646.22 ^ _315206_/C (MAJx2_ASAP7_75t_R)
     1    0.81    7.23   18.93 2665.14 ^ _315206_/Y (MAJx2_ASAP7_75t_R)
                                         _071827_ (net)
                  7.24    0.06 2665.20 ^ _315233_/B (AND3x1_ASAP7_75t_R)
     2    1.72   15.03   20.58 2685.78 ^ _315233_/Y (AND3x1_ASAP7_75t_R)
                                         _071854_ (net)
                 15.05    0.24 2686.02 ^ _315236_/B (OR3x1_ASAP7_75t_R)
     2    1.73   12.98   15.84 2701.86 ^ _315236_/Y (OR3x1_ASAP7_75t_R)
                                         _071857_ (net)
                 13.00    0.22 2702.08 ^ _315238_/A2 (OA211x2_ASAP7_75t_R)
     5    8.60   33.09   31.84 2733.92 ^ _315238_/Y (OA211x2_ASAP7_75t_R)
                                         _071859_ (net)
                 33.18    1.02 2734.94 ^ _315247_/A2 (OA21x2_ASAP7_75t_R)
     4    3.78   18.16   25.42 2760.35 ^ _315247_/Y (OA21x2_ASAP7_75t_R)
                                         _071868_ (net)
                 18.28    0.80 2761.15 ^ _315320_/A2 (OA22x2_ASAP7_75t_R)
     2    2.22   11.30   21.10 2782.26 ^ _315320_/Y (OA22x2_ASAP7_75t_R)
                                         _071941_ (net)
                 11.37    0.49 2782.74 ^ _315335_/B1 (OA22x2_ASAP7_75t_R)
     1    1.46    8.71   18.12 2800.86 ^ _315335_/Y (OA22x2_ASAP7_75t_R)
                                         _071956_ (net)
                  8.72    0.17 2801.03 ^ _315336_/B (AOI21x1_ASAP7_75t_R)
     1    1.22   10.49    7.22 2808.25 v _315336_/Y (AOI21x1_ASAP7_75t_R)
                                         _071957_ (net)
                 10.49    0.08 2808.33 v _315337_/C (MAJx2_ASAP7_75t_R)
     1    1.22    8.19   20.54 2828.88 v _315337_/Y (MAJx2_ASAP7_75t_R)
                                         _071958_ (net)
                  8.20    0.08 2828.96 v _315338_/C (MAJx2_ASAP7_75t_R)
     1    1.28    8.35   20.03 2848.99 v _315338_/Y (MAJx2_ASAP7_75t_R)
                                         _071959_ (net)
                  8.36    0.10 2849.09 v _315339_/C (MAJx2_ASAP7_75t_R)
     1    0.89    7.37   19.39 2868.48 v _315339_/Y (MAJx2_ASAP7_75t_R)
                                         _071960_ (net)
                  7.37    0.10 2868.58 v _315340_/A2 (AO21x1_ASAP7_75t_R)
     1    1.30   10.06   15.85 2884.43 v _315340_/Y (AO21x1_ASAP7_75t_R)
                                         _071961_ (net)
                 10.07    0.16 2884.59 v _315346_/A (NAND2x1_ASAP7_75t_R)
     1    1.38   13.71   11.22 2895.81 ^ _315346_/Y (NAND2x1_ASAP7_75t_R)
                                         _071967_ (net)
                 13.72    0.18 2895.99 ^ _315347_/C (MAJx2_ASAP7_75t_R)
     1    1.42    9.06   18.88 2914.87 ^ _315347_/Y (MAJx2_ASAP7_75t_R)
                                         _071968_ (net)
                  9.07    0.19 2915.05 ^ _315348_/A2 (AOI21x1_ASAP7_75t_R)
     1    1.36   14.84    8.10 2923.16 v _315348_/Y (AOI21x1_ASAP7_75t_R)
                                         _071969_ (net)
                 14.85    0.16 2923.32 v _315349_/C (MAJx2_ASAP7_75t_R)
     2    1.57    9.15   22.21 2945.53 v _315349_/Y (MAJx2_ASAP7_75t_R)
                                         _071970_ (net)
                  9.15    0.09 2945.62 v _315350_/C (OR3x1_ASAP7_75t_R)
     1    1.27   11.33   22.40 2968.02 v _315350_/Y (OR3x1_ASAP7_75t_R)
                                         _071971_ (net)
                 11.34    0.11 2968.13 v _315352_/A (NAND2x1_ASAP7_75t_R)
     2    1.78   16.27   12.73 2980.86 ^ _315352_/Y (NAND2x1_ASAP7_75t_R)
                                         _071973_ (net)
                 16.27    0.16 2981.02 ^ _315353_/B (AOI211x1_ASAP7_75t_R)
     2    2.04   34.90   13.04 2994.06 v _315353_/Y (AOI211x1_ASAP7_75t_R)
                                         _071974_ (net)
                 34.91    0.36 2994.42 v _315386_/B (OR2x2_ASAP7_75t_R)
     2    1.44    8.69   24.17 3018.58 v _315386_/Y (OR2x2_ASAP7_75t_R)
                                         _072007_ (net)
                  8.69    0.07 3018.66 v _315417_/B1 (OA22x2_ASAP7_75t_R)
     1    0.72    7.01   18.46 3037.12 v _315417_/Y (OA22x2_ASAP7_75t_R)
                                         _072038_ (net)
                  7.02    0.07 3037.19 v _315418_/B1 (OA22x2_ASAP7_75t_R)
     2    2.17   10.91   20.46 3057.64 v _315418_/Y (OA22x2_ASAP7_75t_R)
                                         _072039_ (net)
                 10.95    0.34 3057.98 v _315419_/B (OR2x2_ASAP7_75t_R)
     1    1.26    7.50   17.66 3075.64 v _315419_/Y (OR2x2_ASAP7_75t_R)
                                         _072040_ (net)
                  7.51    0.13 3075.77 v _315420_/C (MAJx2_ASAP7_75t_R)
     1    1.36    8.57   19.96 3095.74 v _315420_/Y (MAJx2_ASAP7_75t_R)
                                         _072041_ (net)
                  8.58    0.16 3095.90 v _315421_/C (MAJx2_ASAP7_75t_R)
     2    1.69    9.51   20.85 3116.75 v _315421_/Y (MAJx2_ASAP7_75t_R)
                                         _072042_ (net)
                  9.52    0.11 3116.86 v _315423_/A2 (AO21x1_ASAP7_75t_R)
     1    1.75   12.37   17.63 3134.49 v _315423_/Y (AO21x1_ASAP7_75t_R)
                                         _072044_ (net)
                 12.39    0.25 3134.74 v _315424_/B (OAI21x1_ASAP7_75t_R)
     1    1.55   14.57    7.73 3142.46 ^ _315424_/Y (OAI21x1_ASAP7_75t_R)
                                         _072045_ (net)
                 14.58    0.24 3142.70 ^ _315425_/C (MAJx2_ASAP7_75t_R)
     1    1.18    8.37   18.64 3161.34 ^ _315425_/Y (MAJx2_ASAP7_75t_R)
                                         _072046_ (net)
                  8.38    0.07 3161.41 ^ _315426_/C (MAJx2_ASAP7_75t_R)
     1    1.21    8.46   17.46 3178.87 ^ _315426_/Y (MAJx2_ASAP7_75t_R)
                                         _072047_ (net)
                  8.47    0.08 3178.95 ^ _315427_/C (MAJx2_ASAP7_75t_R)
     1    0.78    7.15   16.72 3195.67 ^ _315427_/Y (MAJx2_ASAP7_75t_R)
                                         _072048_ (net)
                  7.16    0.08 3195.75 ^ _315439_/A2 (AO21x1_ASAP7_75t_R)
     1    0.88    8.67   13.46 3209.21 ^ _315439_/Y (AO21x1_ASAP7_75t_R)
                                         _072060_ (net)
                  8.68    0.10 3209.31 ^ _315442_/A (AND2x2_ASAP7_75t_R)
     1    1.15    7.42   14.86 3224.17 ^ _315442_/Y (AND2x2_ASAP7_75t_R)
                                         _072063_ (net)
                  7.43    0.06 3224.23 ^ _315443_/C (MAJx2_ASAP7_75t_R)
     2    2.45   12.52   19.35 3243.57 ^ _315443_/Y (MAJx2_ASAP7_75t_R)
                                         _072064_ (net)
                 12.55    0.38 3243.95 ^ _315456_/B (NOR3x1_ASAP7_75t_R)
     1    0.71   13.41   10.48 3254.43 v _315456_/Y (NOR3x1_ASAP7_75t_R)
                                         _072077_ (net)
                 13.41    0.04 3254.46 v _315457_/B (AO21x1_ASAP7_75t_R)
     1    0.83    7.69   17.13 3271.59 v _315457_/Y (AO21x1_ASAP7_75t_R)
                                         _072078_ (net)
                  7.69    0.06 3271.65 v _315458_/C (OR3x1_ASAP7_75t_R)
     5    5.46   34.60   33.15 3304.80 v _315458_/Y (OR3x1_ASAP7_75t_R)
                                         _072079_ (net)
                 34.70    1.07 3305.87 v _315461_/B (NAND2x1_ASAP7_75t_R)
     2    1.88   20.61   17.47 3323.33 ^ _315461_/Y (NAND2x1_ASAP7_75t_R)
                                         _072082_ (net)
                 20.62    0.21 3323.54 ^ _315504_/B1 (OA22x2_ASAP7_75t_R)
     1    0.77    6.75   18.72 3342.26 ^ _315504_/Y (OA22x2_ASAP7_75t_R)
                                         _072125_ (net)
                  6.75    0.07 3342.33 ^ _315505_/A2 (OA21x2_ASAP7_75t_R)
     1    0.83    8.07   14.62 3356.95 ^ _315505_/Y (OA21x2_ASAP7_75t_R)
                                         _072126_ (net)
                  8.07    0.06 3357.01 ^ _315506_/B (AO21x1_ASAP7_75t_R)
     1    0.83    8.36   11.55 3368.57 ^ _315506_/Y (AO21x1_ASAP7_75t_R)
                                         _072127_ (net)
                  8.36    0.08 3368.65 ^ _315507_/B (OA21x2_ASAP7_75t_R)
     2    2.11   10.89   17.90 3386.55 ^ _315507_/Y (OA21x2_ASAP7_75t_R)
                                         _072128_ (net)
                 10.92    0.31 3386.85 ^ _315508_/A (INVx1_ASAP7_75t_R)
     2    2.15   13.39    9.80 3396.66 v _315508_/Y (INVx1_ASAP7_75t_R)
                                         _072129_ (net)
                 13.39    0.12 3396.78 v _315513_/B (MAJx2_ASAP7_75t_R)
     1    1.29    8.42   22.67 3419.44 v _315513_/Y (MAJx2_ASAP7_75t_R)
                                         _072134_ (net)
                  8.43    0.14 3419.59 v _315514_/C (MAJx2_ASAP7_75t_R)
     1    1.83   10.15   21.00 3440.58 v _315514_/Y (MAJx2_ASAP7_75t_R)
                                         _072135_ (net)
                 10.18    0.28 3440.86 v _315519_/B (MAJx2_ASAP7_75t_R)
     1    1.45    8.85   21.99 3462.85 v _315519_/Y (MAJx2_ASAP7_75t_R)
                                         _072140_ (net)
                  8.86    0.16 3463.01 v _315526_/B (MAJx2_ASAP7_75t_R)
     1    1.31    8.56   21.40 3484.41 v _315526_/Y (MAJx2_ASAP7_75t_R)
                                         _072147_ (net)
                  8.58    0.15 3484.55 v _315527_/C (MAJx2_ASAP7_75t_R)
     1    1.29    8.41   20.15 3504.71 v _315527_/Y (MAJx2_ASAP7_75t_R)
                                         _072148_ (net)
                  8.41    0.10 3504.81 v _315528_/C (MAJx2_ASAP7_75t_R)
     1    1.26    8.28   20.04 3524.86 v _315528_/Y (MAJx2_ASAP7_75t_R)
                                         _072149_ (net)
                  8.29    0.13 3524.99 v _315529_/C (MAJx2_ASAP7_75t_R)
     1    1.20    8.11   19.93 3544.92 v _315529_/Y (MAJx2_ASAP7_75t_R)
                                         _072150_ (net)
                  8.12    0.08 3544.99 v _315530_/C (MAJx2_ASAP7_75t_R)
     1    1.31    8.37   20.06 3565.05 v _315530_/Y (MAJx2_ASAP7_75t_R)
                                         _072151_ (net)
                  8.38    0.11 3565.16 v _315531_/C (MAJx2_ASAP7_75t_R)
     4    2.97   12.83   22.98 3588.15 v _315531_/Y (MAJx2_ASAP7_75t_R)
                                         _072152_ (net)
                 12.84    0.19 3588.33 v _315553_/B (OR3x1_ASAP7_75t_R)
     1    1.42   12.20   23.31 3611.64 v _315553_/Y (OR3x1_ASAP7_75t_R)
                                         _072174_ (net)
                 12.21    0.19 3611.83 v _315554_/B (NAND2x1_ASAP7_75t_R)
     1    0.84   11.11    8.65 3620.48 ^ _315554_/Y (NAND2x1_ASAP7_75t_R)
                                         _072175_ (net)
                 11.11    0.09 3620.57 ^ _315555_/B2 (OA22x2_ASAP7_75t_R)
     1    0.85    6.87   16.46 3637.03 ^ _315555_/Y (OA22x2_ASAP7_75t_R)
                                         _072176_ (net)
                  6.87    0.07 3637.10 ^ _315556_/C (OR3x1_ASAP7_75t_R)
     2    1.49   13.39   13.67 3650.77 ^ _315556_/Y (OR3x1_ASAP7_75t_R)
                                         _072177_ (net)
                 13.39    0.06 3650.82 ^ _315558_/B (AND2x2_ASAP7_75t_R)
     4    4.08   16.74   21.00 3671.83 ^ _315558_/Y (AND2x2_ASAP7_75t_R)
                                         _072179_ (net)
                 16.80    0.58 3672.40 ^ _315593_/B (NAND2x1_ASAP7_75t_R)
     2    1.27   11.18    8.77 3681.18 v _315593_/Y (NAND2x1_ASAP7_75t_R)
                                         _072214_ (net)
                 11.18    0.14 3681.32 v _315594_/B (OA211x2_ASAP7_75t_R)
     2    1.93   16.77   28.42 3709.74 v _315594_/Y (OA211x2_ASAP7_75t_R)
                                         _072215_ (net)
                 16.78    0.22 3709.96 v _315595_/B (AND2x2_ASAP7_75t_R)
     1    1.42    7.80   17.66 3727.61 v _315595_/Y (AND2x2_ASAP7_75t_R)
                                         _072216_ (net)
                  7.82    0.19 3727.81 v _315596_/C (MAJx2_ASAP7_75t_R)
     1    1.52    9.68   20.31 3748.12 v _315596_/Y (MAJx2_ASAP7_75t_R)
                                         _072217_ (net)
                  9.70    0.23 3748.35 v _315597_/C (MAJx2_ASAP7_75t_R)
     1    1.40    9.59   20.62 3768.97 v _315597_/Y (MAJx2_ASAP7_75t_R)
                                         _072218_ (net)
                  9.60    0.19 3769.16 v _315598_/C (MAJx2_ASAP7_75t_R)
     1    0.98    8.06   19.89 3789.05 v _315598_/Y (MAJx2_ASAP7_75t_R)
                                         _072219_ (net)
                  8.07    0.13 3789.17 v _315599_/B (AO21x1_ASAP7_75t_R)
     1    0.63    7.16   15.38 3804.55 v _315599_/Y (AO21x1_ASAP7_75t_R)
                                         _072220_ (net)
                  7.16    0.06 3804.62 v _315601_/B (OA211x2_ASAP7_75t_R)
     1    1.06   10.10   25.47 3830.09 v _315601_/Y (OA211x2_ASAP7_75t_R)
                                         _072222_ (net)
                 10.11    0.14 3830.23 v _315605_/A2 (OA21x2_ASAP7_75t_R)
     1    1.23    7.49   17.93 3848.17 v _315605_/Y (OA21x2_ASAP7_75t_R)
                                         _072226_ (net)
                  7.50    0.08 3848.25 v _315606_/C (MAJx2_ASAP7_75t_R)
     1    1.40    8.68   20.03 3868.28 v _315606_/Y (MAJx2_ASAP7_75t_R)
                                         _072227_ (net)
                  8.70    0.19 3868.46 v _315607_/C (MAJx2_ASAP7_75t_R)
     2    1.73   10.49   20.95 3889.41 v _315607_/Y (MAJx2_ASAP7_75t_R)
                                         _072228_ (net)
                 10.49    0.12 3889.53 v _315626_/A (INVx1_ASAP7_75t_R)
     1    1.25   10.44    8.27 3897.80 ^ _315626_/Y (INVx1_ASAP7_75t_R)
                                         _072247_ (net)
                 10.44    0.13 3897.93 ^ _315637_/A (NAND2x1_ASAP7_75t_R)
     2    1.52   10.75    8.38 3906.31 v _315637_/Y (NAND2x1_ASAP7_75t_R)
                                         _072258_ (net)
                 10.75    0.14 3906.44 v _315638_/A2 (AO21x1_ASAP7_75t_R)
     1    0.63    7.51   14.80 3921.24 v _315638_/Y (AO21x1_ASAP7_75t_R)
                                         _072259_ (net)
                  7.51    0.06 3921.31 v _315639_/B (OA211x2_ASAP7_75t_R)
     1    0.69    9.24   24.87 3946.17 v _315639_/Y (OA211x2_ASAP7_75t_R)
                                         _072260_ (net)
                  9.24    0.04 3946.21 v _315641_/A2 (OA211x2_ASAP7_75t_R)
     2    1.54   15.73   23.53 3969.74 v _315641_/Y (OA211x2_ASAP7_75t_R)
                                         _072262_ (net)
                 15.73    0.10 3969.85 v _315643_/C (OR3x1_ASAP7_75t_R)
     2    1.49   13.19   24.28 3994.13 v _315643_/Y (OR3x1_ASAP7_75t_R)
                                         _072264_ (net)
                 13.19    0.05 3994.18 v _315699_/B (OR2x2_ASAP7_75t_R)
     2    1.49    8.17   18.72 4012.90 v _315699_/Y (OR2x2_ASAP7_75t_R)
                                         _072320_ (net)
                  8.18    0.13 4013.04 v _315701_/C (OA211x2_ASAP7_75t_R)
     1    0.94    9.79   27.08 4040.12 v _315701_/Y (OA211x2_ASAP7_75t_R)
                                         _072322_ (net)
                  9.80    0.11 4040.23 v _315702_/A2 (OA21x2_ASAP7_75t_R)
     2    2.16   12.85   19.28 4059.51 v _315702_/Y (OA21x2_ASAP7_75t_R)
                                         _072323_ (net)
                 12.91    0.43 4059.94 v _315703_/B (AND2x2_ASAP7_75t_R)
     1    1.19    6.69   16.09 4076.03 v _315703_/Y (AND2x2_ASAP7_75t_R)
                                         _072324_ (net)
                  6.69    0.07 4076.10 v _315704_/C (MAJx2_ASAP7_75t_R)
     1    1.24    8.64   19.54 4095.64 v _315704_/Y (MAJx2_ASAP7_75t_R)
                                         _072325_ (net)
                  8.65    0.13 4095.77 v _315705_/C (MAJx2_ASAP7_75t_R)
     1    1.27    8.37   20.13 4115.90 v _315705_/Y (MAJx2_ASAP7_75t_R)
                                         _072326_ (net)
                  8.38    0.14 4116.03 v _315706_/C (MAJx2_ASAP7_75t_R)
     1    1.86   10.20   21.00 4137.03 v _315706_/Y (MAJx2_ASAP7_75t_R)
                                         _072327_ (net)
                 10.25    0.39 4137.43 v _315707_/C (MAJx2_ASAP7_75t_R)
     1    1.45    8.86   20.85 4158.28 v _315707_/Y (MAJx2_ASAP7_75t_R)
                                         _072328_ (net)
                  8.88    0.20 4158.48 v _315708_/C (MAJx2_ASAP7_75t_R)
     1    1.27    8.33   20.19 4178.66 v _315708_/Y (MAJx2_ASAP7_75t_R)
                                         _072329_ (net)
                  8.34    0.13 4178.79 v _315709_/C (MAJx2_ASAP7_75t_R)
     1    1.36    8.57   20.19 4198.99 v _315709_/Y (MAJx2_ASAP7_75t_R)
                                         _072330_ (net)
                  8.59    0.17 4199.15 v _315710_/C (MAJx2_ASAP7_75t_R)
     1    1.25    8.19   20.08 4219.24 v _315710_/Y (MAJx2_ASAP7_75t_R)
                                         _072331_ (net)
                  8.20    0.09 4219.33 v _315711_/C (MAJx2_ASAP7_75t_R)
     1    1.24    8.25   19.96 4239.28 v _315711_/Y (MAJx2_ASAP7_75t_R)
                                         _072332_ (net)
                  8.26    0.13 4239.41 v _315712_/C (MAJx2_ASAP7_75t_R)
     1    0.78    7.09   19.19 4258.60 v _315712_/Y (MAJx2_ASAP7_75t_R)
                                         _072333_ (net)
                  7.10    0.04 4258.64 v _315713_/A (INVx1_ASAP7_75t_R)
     1    1.25    9.77    7.20 4265.85 ^ _315713_/Y (INVx1_ASAP7_75t_R)
                                         _072334_ (net)
                  9.77    0.13 4265.98 ^ _315714_/C (MAJx2_ASAP7_75t_R)
     2    2.20   11.55   19.50 4285.47 ^ _315714_/Y (MAJx2_ASAP7_75t_R)
                                         _072335_ (net)
                 11.56    0.20 4285.67 ^ _315735_/A (NAND3x1_ASAP7_75t_R)
     1    0.65    9.01    6.52 4292.19 v _315735_/Y (NAND3x1_ASAP7_75t_R)
                                         _072356_ (net)
                  9.01    0.07 4292.25 v _315737_/B (OA211x2_ASAP7_75t_R)
     5    4.08   18.35   31.45 4323.70 v _315737_/Y (OA211x2_ASAP7_75t_R)
                                         _072358_ (net)
                 18.37    0.33 4324.03 v _315738_/B (OR2x2_ASAP7_75t_R)
     2    1.53    8.36   20.36 4344.39 v _315738_/Y (OR2x2_ASAP7_75t_R)
                                         _072359_ (net)
                  8.37    0.15 4344.54 v _315800_/B (AND2x2_ASAP7_75t_R)
     1    0.84    5.75   14.09 4358.62 v _315800_/Y (AND2x2_ASAP7_75t_R)
                                         _072421_ (net)
                  5.76    0.09 4358.71 v _315801_/B (AO21x1_ASAP7_75t_R)
     2    1.96   13.46   18.59 4377.30 v _315801_/Y (AO21x1_ASAP7_75t_R)
                                         _072422_ (net)
                 13.48    0.20 4377.51 v _315817_/C (AND3x1_ASAP7_75t_R)
     1    1.23   11.74   15.45 4392.96 v _315817_/Y (AND3x1_ASAP7_75t_R)
                                         _072438_ (net)
                 11.74    0.08 4393.04 v _315818_/C (MAJx2_ASAP7_75t_R)
     1    1.41    8.73   21.14 4414.19 v _315818_/Y (MAJx2_ASAP7_75t_R)
                                         _072439_ (net)
                  8.74    0.19 4414.37 v _315819_/C (MAJx2_ASAP7_75t_R)
     1    1.65    9.53   20.78 4435.16 v _315819_/Y (MAJx2_ASAP7_75t_R)
                                         _072440_ (net)
                  9.55    0.24 4435.40 v _315820_/C (MAJx2_ASAP7_75t_R)
     1    1.37    8.61   20.54 4455.94 v _315820_/Y (MAJx2_ASAP7_75t_R)
                                         _072441_ (net)
                  8.62    0.17 4456.11 v _315821_/C (MAJx2_ASAP7_75t_R)
     1    1.27    8.37   20.11 4476.22 v _315821_/Y (MAJx2_ASAP7_75t_R)
                                         _072442_ (net)
                  8.37    0.14 4476.36 v _315822_/C (MAJx2_ASAP7_75t_R)
     1    1.55    9.15   20.51 4496.87 v _315822_/Y (MAJx2_ASAP7_75t_R)
                                         _072443_ (net)
                  9.18    0.24 4497.11 v _315823_/C (MAJx2_ASAP7_75t_R)
     1    1.31    8.39   20.33 4517.44 v _315823_/Y (MAJx2_ASAP7_75t_R)
                                         _072444_ (net)
                  8.41    0.15 4517.59 v _315824_/C (MAJx2_ASAP7_75t_R)
     1    1.24    8.20   20.01 4537.60 v _315824_/Y (MAJx2_ASAP7_75t_R)
                                         _072445_ (net)
                  8.21    0.13 4537.73 v _315825_/C (MAJx2_ASAP7_75t_R)
     1    1.36    8.51   20.16 4557.89 v _315825_/Y (MAJx2_ASAP7_75t_R)
                                         _072446_ (net)
                  8.52    0.13 4558.01 v _315826_/C (MAJx2_ASAP7_75t_R)
     1    1.26    8.25   20.07 4578.08 v _315826_/Y (MAJx2_ASAP7_75t_R)
                                         _072447_ (net)
                  8.26    0.13 4578.22 v _315827_/C (MAJx2_ASAP7_75t_R)
     1    1.01    7.59   19.60 4597.81 v _315827_/Y (MAJx2_ASAP7_75t_R)
                                         _072448_ (net)
                  7.59    0.06 4597.87 v _315828_/B (XNOR2x2_ASAP7_75t_R)
     1    1.52    9.10   21.10 4618.97 ^ _315828_/Y (XNOR2x2_ASAP7_75t_R)
                                         _072449_ (net)
                  9.11    0.19 4619.16 ^ _315830_/A2 (OAI21x1_ASAP7_75t_R)
     2    1.92   18.07    9.35 4628.51 v _315830_/Y (OAI21x1_ASAP7_75t_R)
                                         _072451_ (net)
                 18.08    0.20 4628.71 v _315832_/D (AND4x1_ASAP7_75t_R)
     2    1.71   12.95   18.71 4647.43 v _315832_/Y (AND4x1_ASAP7_75t_R)
                                         _072453_ (net)
                 12.96    0.21 4647.63 v _315885_/A2 (OA21x2_ASAP7_75t_R)
     1    0.81    6.47   18.10 4665.73 v _315885_/Y (OA21x2_ASAP7_75t_R)
                                         _072506_ (net)
                  6.47    0.08 4665.81 v _315886_/B (AO21x1_ASAP7_75t_R)
     1    0.69    7.03   15.19 4681.01 v _315886_/Y (AO21x1_ASAP7_75t_R)
                                         _072507_ (net)
                  7.03    0.07 4681.07 v _315887_/B1 (AO32x1_ASAP7_75t_R)
     2    2.59   20.50   26.41 4707.48 v _315887_/Y (AO32x1_ASAP7_75t_R)
                                         _072508_ (net)
                 20.57    0.62 4708.10 v _315892_/B (AND2x2_ASAP7_75t_R)
     1    1.24    6.87   18.55 4726.65 v _315892_/Y (AND2x2_ASAP7_75t_R)
                                         _072513_ (net)
                  6.87    0.12 4726.78 v _315893_/C (MAJx2_ASAP7_75t_R)
     1    1.12    7.83   19.40 4746.18 v _315893_/Y (MAJx2_ASAP7_75t_R)
                                         _072514_ (net)
                  7.83    0.05 4746.23 v _315894_/C (MAJx2_ASAP7_75t_R)
     1    1.23    8.25   19.84 4766.07 v _315894_/Y (MAJx2_ASAP7_75t_R)
                                         _072515_ (net)
                  8.26    0.12 4766.19 v _315895_/C (MAJx2_ASAP7_75t_R)
     1    1.14    7.90   19.81 4786.01 v _315895_/Y (MAJx2_ASAP7_75t_R)
                                         _072516_ (net)
                  7.90    0.06 4786.06 v _315896_/C (MAJx2_ASAP7_75t_R)
     1    1.21    8.13   19.83 4805.89 v _315896_/Y (MAJx2_ASAP7_75t_R)
                                         _072517_ (net)
                  8.14    0.12 4806.01 v _315897_/C (MAJx2_ASAP7_75t_R)
     1    1.29    8.33   20.03 4826.04 v _315897_/Y (MAJx2_ASAP7_75t_R)
                                         _072518_ (net)
                  8.33    0.10 4826.14 v _315898_/C (MAJx2_ASAP7_75t_R)
     1    1.28    8.42   20.07 4846.21 v _315898_/Y (MAJx2_ASAP7_75t_R)
                                         _072519_ (net)
                  8.42    0.10 4846.31 v _315899_/C (MAJx2_ASAP7_75t_R)
     1    1.25    8.21   20.05 4866.36 v _315899_/Y (MAJx2_ASAP7_75t_R)
                                         _072520_ (net)
                  8.21    0.09 4866.45 v _315900_/C (MAJx2_ASAP7_75t_R)
     1    1.22    8.11   19.94 4886.39 v _315900_/Y (MAJx2_ASAP7_75t_R)
                                         _072521_ (net)
                  8.12    0.08 4886.47 v _315901_/C (MAJx2_ASAP7_75t_R)
     2    2.61   11.92   22.28 4908.75 v _315901_/Y (MAJx2_ASAP7_75t_R)
                                         _072522_ (net)
                 11.93    0.23 4908.98 v _315908_/C (MAJx2_ASAP7_75t_R)
     1    0.69    6.83   19.98 4928.96 v _315908_/Y (MAJx2_ASAP7_75t_R)
                                         _072529_ (net)
                  6.83    0.04 4929.00 v _315909_/B (AND2x2_ASAP7_75t_R)
     1    0.70    5.42   13.37 4942.37 v _315909_/Y (AND2x2_ASAP7_75t_R)
                                         _072530_ (net)
                  5.42    0.03 4942.40 v _315910_/D (OR4x1_ASAP7_75t_R)
     4    3.39   25.20   34.40 4976.81 v _315910_/Y (OR4x1_ASAP7_75t_R)
                                         _072531_ (net)
                 25.21    0.17 4976.97 v _315911_/B (AND2x2_ASAP7_75t_R)
     6    4.82   16.74   24.45 5001.42 v _315911_/Y (AND2x2_ASAP7_75t_R)
                                         _072532_ (net)
                 16.89    0.88 5002.30 v _315960_/A2 (AO32x1_ASAP7_75t_R)
     2    2.05   15.75   27.00 5029.30 v _315960_/Y (AO32x1_ASAP7_75t_R)
                                         _072581_ (net)
                 15.77    0.33 5029.63 v _315964_/B (AND2x2_ASAP7_75t_R)
     1    1.17    6.67   16.97 5046.60 v _315964_/Y (AND2x2_ASAP7_75t_R)
                                         _072585_ (net)
                  6.67    0.06 5046.67 v _315965_/C (MAJx2_ASAP7_75t_R)
     1    1.28    8.39   19.60 5066.27 v _315965_/Y (MAJx2_ASAP7_75t_R)
                                         _072586_ (net)
                  8.40    0.14 5066.41 v _315966_/C (MAJx2_ASAP7_75t_R)
     1    1.22    8.80   19.98 5086.39 v _315966_/Y (MAJx2_ASAP7_75t_R)
                                         _072587_ (net)
                  8.80    0.08 5086.47 v _315967_/C (MAJx2_ASAP7_75t_R)
     1    1.27    9.07   20.17 5106.63 v _315967_/Y (MAJx2_ASAP7_75t_R)
                                         _072588_ (net)
                  9.08    0.14 5106.77 v _315968_/C (MAJx2_ASAP7_75t_R)
     1    1.16    8.24   20.06 5126.83 v _315968_/Y (MAJx2_ASAP7_75t_R)
                                         _072589_ (net)
                  8.24    0.06 5126.89 v _315969_/C (MAJx2_ASAP7_75t_R)
     1    1.42    9.57   20.26 5147.15 v _315969_/Y (MAJx2_ASAP7_75t_R)
                                         _072590_ (net)
                  9.58    0.19 5147.34 v _315970_/C (MAJx2_ASAP7_75t_R)
     1    1.31    8.39   20.44 5167.78 v _315970_/Y (MAJx2_ASAP7_75t_R)
                                         _072591_ (net)
                  8.40    0.15 5167.93 v _315971_/C (MAJx2_ASAP7_75t_R)
     1    1.39    8.69   20.25 5188.18 v _315971_/Y (MAJx2_ASAP7_75t_R)
                                         _072592_ (net)
                  8.70    0.18 5188.35 v _315972_/C (MAJx2_ASAP7_75t_R)
     1    0.95    7.43   19.59 5207.95 v _315972_/Y (MAJx2_ASAP7_75t_R)
                                         _072593_ (net)
                  7.43    0.11 5208.05 v _315973_/A (INVx1_ASAP7_75t_R)
     1    1.30   10.12    7.45 5215.50 ^ _315973_/Y (INVx1_ASAP7_75t_R)
                                         _072594_ (net)
                 10.13    0.15 5215.65 ^ _315974_/C (MAJx2_ASAP7_75t_R)
     1    0.81    7.15   17.14 5232.79 ^ _315974_/Y (MAJx2_ASAP7_75t_R)
                                         _072595_ (net)
                  7.15    0.05 5232.84 ^ _315975_/A (INVx1_ASAP7_75t_R)
     2    1.88   11.43    8.05 5240.89 v _315975_/Y (INVx1_ASAP7_75t_R)
                                         _072596_ (net)
                 11.43    0.08 5240.97 v _315976_/B (AO21x1_ASAP7_75t_R)
     1    1.31   10.08   18.15 5259.12 v _315976_/Y (AO21x1_ASAP7_75t_R)
                                         _072597_ (net)
                 10.09    0.11 5259.23 v _315977_/C (MAJx2_ASAP7_75t_R)
     1    0.77    7.01   19.66 5278.89 v _315977_/Y (MAJx2_ASAP7_75t_R)
                                         _072598_ (net)
                  7.01    0.05 5278.94 v _315980_/A2 (AO21x1_ASAP7_75t_R)
     2    1.54   11.15   16.45 5295.39 v _315980_/Y (AO21x1_ASAP7_75t_R)
                                         _072601_ (net)
                 11.16    0.11 5295.50 v _315984_/B (AND2x2_ASAP7_75t_R)
     2    1.67    7.91   16.24 5311.74 v _315984_/Y (AND2x2_ASAP7_75t_R)
                                         _072605_ (net)
                  7.93    0.18 5311.92 v _316013_/A2 (OA21x2_ASAP7_75t_R)
     2    1.48    8.19   17.74 5329.65 v _316013_/Y (OA21x2_ASAP7_75t_R)
                                         _072634_ (net)
                  8.20    0.15 5329.80 v _316014_/C (OR3x1_ASAP7_75t_R)
     1    0.71    8.34   20.25 5350.06 v _316014_/Y (OR3x1_ASAP7_75t_R)
                                         _072635_ (net)
                  8.35    0.07 5350.13 v _316015_/B1 (AO32x1_ASAP7_75t_R)
     1    0.83    9.13   21.67 5371.80 v _316015_/Y (AO32x1_ASAP7_75t_R)
                                         _072636_ (net)
                  9.14    0.08 5371.87 v _316016_/A3 (AO32x1_ASAP7_75t_R)
     2    2.96   21.18   29.34 5401.21 v _316016_/Y (AO32x1_ASAP7_75t_R)
                                         _072637_ (net)
                 21.23    0.59 5401.80 v _316052_/B (MAJx2_ASAP7_75t_R)
     1    1.44    8.79   25.16 5426.96 v _316052_/Y (MAJx2_ASAP7_75t_R)
                                         _072673_ (net)
                  8.81    0.20 5427.16 v _316053_/C (MAJx2_ASAP7_75t_R)
     1    1.40    8.68   20.39 5447.55 v _316053_/Y (MAJx2_ASAP7_75t_R)
                                         _072674_ (net)
                  8.70    0.18 5447.74 v _316054_/C (MAJx2_ASAP7_75t_R)
     1    1.23    8.17   20.08 5467.81 v _316054_/Y (MAJx2_ASAP7_75t_R)
                                         _072675_ (net)
                  8.18    0.12 5467.93 v _316055_/C (MAJx2_ASAP7_75t_R)
     1    1.41    8.71   20.23 5488.17 v _316055_/Y (MAJx2_ASAP7_75t_R)
                                         _072676_ (net)
                  8.72    0.19 5488.35 v _316056_/B (NAND2x1_ASAP7_75t_R)
     1    1.74   16.89   10.23 5498.58 ^ _316056_/Y (NAND2x1_ASAP7_75t_R)
                                         _072677_ (net)
                 16.90    0.25 5498.84 ^ _316060_/A2 (AOI22x1_ASAP7_75t_R)
     1    1.27   14.72   10.32 5509.16 v _316060_/Y (AOI22x1_ASAP7_75t_R)
                                         _072681_ (net)
                 14.72    0.14 5509.30 v _316061_/C (MAJx2_ASAP7_75t_R)
     1    1.33    8.48   21.75 5531.05 v _316061_/Y (MAJx2_ASAP7_75t_R)
                                         _072682_ (net)
                  8.49    0.16 5531.21 v _316062_/C (MAJx2_ASAP7_75t_R)
     2    2.32   11.34   21.88 5553.09 v _316062_/Y (MAJx2_ASAP7_75t_R)
                                         _072683_ (net)
                 11.35    0.21 5553.30 v _316063_/C (MAJx2_ASAP7_75t_R)
     1    0.70    6.81   19.84 5573.14 v _316063_/Y (MAJx2_ASAP7_75t_R)
                                         _072684_ (net)
                  6.81    0.04 5573.18 v _316068_/B (OR3x1_ASAP7_75t_R)
     1    1.55   12.80   22.43 5595.60 v _316068_/Y (OR3x1_ASAP7_75t_R)
                                         _072689_ (net)
                 12.81    0.13 5595.73 v _316071_/B (NAND3x1_ASAP7_75t_R)
     2    2.33   23.57   16.18 5611.91 ^ _316071_/Y (NAND3x1_ASAP7_75t_R)
                                         _072692_ (net)
                 23.59    0.34 5612.24 ^ _316079_/A2 (OAI21x1_ASAP7_75t_R)
     2    1.65   15.56   11.00 5623.24 v _316079_/Y (OAI21x1_ASAP7_75t_R)
                                         _072700_ (net)
                 15.56    0.10 5623.33 v _316082_/A1 (AO21x1_ASAP7_75t_R)
     2    1.88   13.44   20.60 5643.93 v _316082_/Y (AO21x1_ASAP7_75t_R)
                                         _072703_ (net)
                 13.46    0.28 5644.21 v _316087_/B1 (AO32x1_ASAP7_75t_R)
     2    2.15   15.93   27.09 5671.31 v _316087_/Y (AO32x1_ASAP7_75t_R)
                                         _072708_ (net)
                 15.97    0.43 5671.74 v _316124_/B (AND2x2_ASAP7_75t_R)
     1    1.24    6.71   17.14 5688.88 v _316124_/Y (AND2x2_ASAP7_75t_R)
                                         _072745_ (net)
                  6.72    0.09 5688.97 v _316125_/C (MAJx2_ASAP7_75t_R)
     1    1.19    8.02   19.48 5708.44 v _316125_/Y (MAJx2_ASAP7_75t_R)
                                         _072746_ (net)
                  8.03    0.07 5708.51 v _316126_/C (MAJx2_ASAP7_75t_R)
     1    1.59    9.25   20.48 5728.99 v _316126_/Y (MAJx2_ASAP7_75t_R)
                                         _072747_ (net)
                  9.28    0.26 5729.25 v _316127_/C (MAJx2_ASAP7_75t_R)
     1    1.70    9.61   21.00 5750.25 v _316127_/Y (MAJx2_ASAP7_75t_R)
                                         _072748_ (net)
                  9.64    0.30 5750.56 v _316128_/C (MAJx2_ASAP7_75t_R)
     1    1.25    8.23   20.36 5770.92 v _316128_/Y (MAJx2_ASAP7_75t_R)
                                         _072749_ (net)
                  8.24    0.13 5771.04 v _316129_/C (MAJx2_ASAP7_75t_R)
     1    1.32    8.40   20.10 5791.15 v _316129_/Y (MAJx2_ASAP7_75t_R)
                                         _072750_ (net)
                  8.40    0.11 5791.26 v _316130_/C (MAJx2_ASAP7_75t_R)
     1    1.32    8.41   20.15 5811.41 v _316130_/Y (MAJx2_ASAP7_75t_R)
                                         _072751_ (net)
                  8.41    0.11 5811.53 v _316131_/C (MAJx2_ASAP7_75t_R)
     1    1.29    8.33   20.09 5831.62 v _316131_/Y (MAJx2_ASAP7_75t_R)
                                         _072752_ (net)
                  8.34    0.14 5831.76 v _316132_/C (MAJx2_ASAP7_75t_R)
     1    1.45    8.96   20.33 5852.09 v _316132_/Y (MAJx2_ASAP7_75t_R)
                                         _072753_ (net)
                  8.98    0.20 5852.29 v _316133_/C (MAJx2_ASAP7_75t_R)
     2    2.25   11.06   21.88 5874.17 v _316133_/Y (MAJx2_ASAP7_75t_R)
                                         _072754_ (net)
                 11.08    0.25 5874.41 v _316134_/B (AO21x1_ASAP7_75t_R)
     1    1.37   10.37   18.23 5892.64 v _316134_/Y (AO21x1_ASAP7_75t_R)
                                         _072755_ (net)
                 10.38    0.17 5892.81 v _316135_/C (MAJx2_ASAP7_75t_R)
     1    0.76    6.96   19.72 5912.53 v _316135_/Y (MAJx2_ASAP7_75t_R)
                                         _072756_ (net)
                  6.96    0.05 5912.58 v _316144_/A1 (AO21x1_ASAP7_75t_R)
     2    1.70   12.02   17.63 5930.21 v _316144_/Y (AO21x1_ASAP7_75t_R)
                                         _072765_ (net)
                 12.03    0.16 5930.38 v _316347_/A2 (AO21x1_ASAP7_75t_R)
     2    1.79   12.66   18.42 5948.80 v _316347_/Y (AO21x1_ASAP7_75t_R)
                                         _072968_ (net)
                 12.67    0.19 5948.99 v _316364_/A2 (AO21x1_ASAP7_75t_R)
     4    3.60   21.87   22.95 5971.94 v _316364_/Y (AO21x1_ASAP7_75t_R)
                                         _072985_ (net)
                 21.92    0.66 5972.59 v _316394_/B1 (AO32x1_ASAP7_75t_R)
     2    2.46   17.60   30.49 6003.08 v _316394_/Y (AO32x1_ASAP7_75t_R)
                                         _073015_ (net)
                 17.65    0.55 6003.63 v _316395_/B (AND2x2_ASAP7_75t_R)
     1    1.38    7.22   17.87 6021.50 v _316395_/Y (AND2x2_ASAP7_75t_R)
                                         _073016_ (net)
                  7.24    0.18 6021.68 v _316396_/C (MAJx2_ASAP7_75t_R)
     1    1.32    8.40   19.83 6041.51 v _316396_/Y (MAJx2_ASAP7_75t_R)
                                         _073017_ (net)
                  8.41    0.11 6041.63 v _316397_/C (MAJx2_ASAP7_75t_R)
     1    1.30    8.39   20.12 6061.74 v _316397_/Y (MAJx2_ASAP7_75t_R)
                                         _073018_ (net)
                  8.40    0.15 6061.89 v _316398_/C (MAJx2_ASAP7_75t_R)
     1    1.40    8.69   20.28 6082.17 v _316398_/Y (MAJx2_ASAP7_75t_R)
                                         _073019_ (net)
                  8.70    0.19 6082.35 v _316399_/C (MAJx2_ASAP7_75t_R)
     1    1.53    9.08   20.57 6102.92 v _316399_/Y (MAJx2_ASAP7_75t_R)
                                         _073020_ (net)
                  9.10    0.24 6103.15 v _316400_/C (MAJx2_ASAP7_75t_R)
     1    1.39    8.66   20.45 6123.61 v _316400_/Y (MAJx2_ASAP7_75t_R)
                                         _073021_ (net)
                  8.68    0.18 6123.79 v _316401_/C (MAJx2_ASAP7_75t_R)
     1    1.30    8.35   20.19 6143.98 v _316401_/Y (MAJx2_ASAP7_75t_R)
                                         _073022_ (net)
                  8.36    0.11 6144.09 v _316402_/C (MAJx2_ASAP7_75t_R)
     1    1.37    8.65   20.21 6164.30 v _316402_/Y (MAJx2_ASAP7_75t_R)
                                         _073023_ (net)
                  8.66    0.17 6164.47 v _316403_/C (MAJx2_ASAP7_75t_R)
     1    1.32    8.43   20.20 6184.68 v _316403_/Y (MAJx2_ASAP7_75t_R)
                                         _073024_ (net)
                  8.44    0.15 6184.83 v _316404_/C (MAJx2_ASAP7_75t_R)
     2    2.10   10.68   21.48 6206.31 v _316404_/Y (MAJx2_ASAP7_75t_R)
                                         _073025_ (net)
                 10.70    0.22 6206.53 v _316424_/C (MAJx2_ASAP7_75t_R)
     1    1.06    7.69   20.31 6226.84 v _316424_/Y (MAJx2_ASAP7_75t_R)
                                         _073045_ (net)
                  7.69    0.06 6226.90 v _316425_/B (AOI211x1_ASAP7_75t_R)
     1    1.30   18.84   12.17 6239.07 ^ _316425_/Y (AOI211x1_ASAP7_75t_R)
                                         _073046_ (net)
                 18.84    0.17 6239.24 ^ _316431_/B (AOI211x1_ASAP7_75t_R)
     2    2.91   35.92   15.90 6255.14 v _316431_/Y (AOI211x1_ASAP7_75t_R)
                                         _073052_ (net)
                 35.98    0.89 6256.03 v _316514_/A (OR4x1_ASAP7_75t_R)
     1    0.87   11.02   29.94 6285.97 v _316514_/Y (OR4x1_ASAP7_75t_R)
                                         _073135_ (net)
                 11.02    0.09 6286.06 v _316515_/A (INVx1_ASAP7_75t_R)
     1    0.75    7.84    6.91 6292.97 ^ _316515_/Y (INVx1_ASAP7_75t_R)
                                         _073136_ (net)
                  7.84    0.04 6293.01 ^ _316517_/A2 (OA21x2_ASAP7_75t_R)
     2    3.71   18.51   19.27 6312.28 ^ _316517_/Y (OA21x2_ASAP7_75t_R)
                                         _073138_ (net)
                 18.95    1.52 6313.80 ^ place52799/A (BUFx3_ASAP7_75t_R)
     2    1.86    7.41   16.00 6329.80 ^ place52799/Y (BUFx3_ASAP7_75t_R)
                                         net52357 (net)
                  7.41    0.09 6329.90 ^ _316541_/A (NOR2x1_ASAP7_75t_R)
     2    1.71   12.89   10.08 6339.98 v _316541_/Y (NOR2x1_ASAP7_75t_R)
                                         _073162_ (net)
                 12.89    0.13 6340.11 v _316542_/D (OR4x1_ASAP7_75t_R)
     2    5.40   36.97   39.67 6379.77 v _316542_/Y (OR4x1_ASAP7_75t_R)
                                         _073163_ (net)
                 37.96    3.32 6383.09 v _321045_/A (INVx1_ASAP7_75t_R)
     1    2.21   23.02   17.94 6401.03 ^ _321045_/Y (INVx1_ASAP7_75t_R)
                                         _077491_ (net)
                 23.04    0.49 6401.52 ^ place52719/A (BUFx6f_ASAP7_75t_R)
     5   13.74   19.36   17.18 6418.71 ^ place52719/Y (BUFx6f_ASAP7_75t_R)
                                         net52277 (net)
                 34.42    9.27 6427.98 ^ place52717/A (BUFx6f_ASAP7_75t_R)
     9    7.34   12.26   19.80 6447.77 ^ place52717/Y (BUFx6f_ASAP7_75t_R)
                                         net52275 (net)
                 13.12    1.72 6449.49 ^ _321062_/A3 (AO32x1_ASAP7_75t_R)
     1    5.10   39.22   30.27 6479.76 ^ _321062_/Y (AO32x1_ASAP7_75t_R)
                                         u_lsu.dmem_req_addr[13] (net)
                 40.00    3.05 6482.81 ^ place52661/A (BUFx6f_ASAP7_75t_R)
     1    3.64    8.31   18.92 6501.73 ^ place52661/Y (BUFx6f_ASAP7_75t_R)
                                         net52219 (net)
                  9.54    1.62 6503.35 ^ output141/A (BUFx2_ASAP7_75t_R)
     1    4.81   18.59   18.63 6521.98 ^ output141/Y (BUFx2_ASAP7_75t_R)
                                         dmem_req_addr[13] (net)
                 19.01    1.54 6523.52 ^ dmem_req_addr[13] (out)
                               6523.52   data arrival time

                       1000.00 1000.00   clock core_clk (rise edge)
                          0.00 1000.00   clock network delay (propagated)
                        -50.00  950.00   clock uncertainty
                          0.00  950.00   clock reconvergence pessimism
                       -200.00  750.00   output external delay
                                750.00   data required time
-----------------------------------------------------------------------------
                                750.00   data required time
                               -6523.52   data arrival time
-----------------------------------------------------------------------------
                               -5773.52   slack (VIOLATED)


Startpoint: dmem_rsp_valid (input port clocked by core_clk)
Endpoint: _388327_ (rising edge-triggered flip-flop clocked by core_clk)
Path Group: in2reg
Path Type: max

Fanout     Cap    Slew   Delay    Time   Description
-----------------------------------------------------------------------------
                          0.00    0.00   clock core_clk (rise edge)
                          0.00    0.00   clock network delay (propagated)
                        200.00  200.00 ^ input external delay
     1   13.64   20.00    0.00  200.00 ^ dmem_rsp_valid (in)
                                         dmem_rsp_valid (net)
                 43.14    7.30  207.30 ^ input66/A (BUFx2_ASAP7_75t_R)
     2   10.17   36.76   31.91  239.20 ^ input66/Y (BUFx2_ASAP7_75t_R)
                                         net66 (net)
                 37.86    3.48  242.68 ^ _196676_/A (INVx11_ASAP7_75t_R)
     2    1.67    7.93    6.20  248.88 v _196676_/Y (INVx11_ASAP7_75t_R)
                                         _132950_ (net)
                  7.93    0.07  248.95 v _196677_/B (OR3x2_ASAP7_75t_R)
     7   15.74   52.50   39.33  288.28 v _196677_/Y (OR3x2_ASAP7_75t_R)
                                         _132951_ (net)
                 63.04   12.18  300.46 v _196851_/B (OA21x2_ASAP7_75t_R)
     2    1.82   10.13   25.97  326.42 v _196851_/Y (OA21x2_ASAP7_75t_R)
                                         _133125_ (net)
                 10.14    0.12  326.54 v _198207_/B (AO21x1_ASAP7_75t_R)
     2    1.69   12.89   18.93  345.47 v _198207_/Y (AO21x1_ASAP7_75t_R)
                                         _134481_ (net)
                 12.89    0.11  345.57 v _211352_/B (OR3x1_ASAP7_75t_R)
     2    2.57   18.04   26.67  372.24 v _211352_/Y (OR3x1_ASAP7_75t_R)
                                         _147593_ (net)
                 18.06    0.26  372.50 v place86899/A (BUFx3_ASAP7_75t_R)
     2    1.56    6.35   16.35  388.85 v place86899/Y (BUFx3_ASAP7_75t_R)
                                         net86457 (net)
                  6.37    0.19  389.04 v _211391_/B1 (AO222x2_ASAP7_75t_R)
     1    1.17   10.38   29.21  418.26 v _211391_/Y (AO222x2_ASAP7_75t_R)
                                         _147632_ (net)
                 10.39    0.17  418.43 v _211392_/A (OR4x1_ASAP7_75t_R)
     1    1.55   14.39   26.05  444.48 v _211392_/Y (OR4x1_ASAP7_75t_R)
                                         _147633_ (net)
                 14.40    0.13  444.61 v place84656/A (BUFx6f_ASAP7_75t_R)
     5   10.38   14.29   16.63  461.23 v place84656/Y (BUFx6f_ASAP7_75t_R)
                                         net84214 (net)
                 20.73    4.97  466.21 v _211893_/B (OR3x1_ASAP7_75t_R)
     3    3.86   24.69   31.72  497.93 v _211893_/Y (OR3x1_ASAP7_75t_R)
                                         _148134_ (net)
                 24.72    0.58  498.51 v _212512_/B (OR2x2_ASAP7_75t_R)
     2   13.96   44.40   33.29  531.80 v _212512_/Y (OR2x2_ASAP7_75t_R)
                                         _148753_ (net)
                 53.71   10.57  542.37 v _212545_/A (AND5x1_ASAP7_75t_R)
     1   12.93   73.02   50.35  592.72 v _212545_/Y (AND5x1_ASAP7_75t_R)
                                         _148786_ (net)
                 75.18    6.91  599.63 v _212546_/B2 (AO22x1_ASAP7_75t_R)
     2    3.25   22.43   39.37  639.00 v _212546_/Y (AO22x1_ASAP7_75t_R)
                                         _148787_ (net)
                 22.65    1.23  640.23 v _212547_/D (AND4x1_ASAP7_75t_R)
     2    1.65   11.18   19.74  659.97 v _212547_/Y (AND4x1_ASAP7_75t_R)
                                         _148788_ (net)
                 11.19    0.19  660.16 v _213111_/A (AND3x2_ASAP7_75t_R)
     2   10.64   32.65   23.27  683.43 v _213111_/Y (AND3x2_ASAP7_75t_R)
                                         _149352_ (net)
                 35.91    5.43  688.86 v _217083_/B (AND3x4_ASAP7_75t_R)
    11   11.02   22.28   32.13  720.98 v _217083_/Y (AND3x4_ASAP7_75t_R)
                                         _153324_ (net)
                 27.02    5.28  726.26 v place79705/A (BUFx3_ASAP7_75t_R)
     2    2.25    7.83   19.37  745.63 v place79705/Y (BUFx3_ASAP7_75t_R)
                                         net79263 (net)
                  7.84    0.11  745.74 v place79704/A (BUFx6f_ASAP7_75t_R)
    13   15.62   18.46   17.54  763.28 v place79704/Y (BUFx6f_ASAP7_75t_R)
                                         net79262 (net)
                 18.91    1.62  764.90 v _217117_/A (OR2x2_ASAP7_75t_R)
     2    1.72    9.98   20.20  785.10 v _217117_/Y (OR2x2_ASAP7_75t_R)
                                         _153358_ (net)
                  9.99    0.17  785.27 v _217215_/A (OR3x1_ASAP7_75t_R)
     2    1.91   14.79   23.07  808.34 v _217215_/Y (OR3x1_ASAP7_75t_R)
                                         _153456_ (net)
                 14.79    0.19  808.53 v _217218_/A2 (AOI211x1_ASAP7_75t_R)
     2    2.07   27.88   16.41  824.94 ^ _217218_/Y (AOI211x1_ASAP7_75t_R)
                                         _153459_ (net)
                 27.89    0.13  825.07 ^ _217219_/A2 (OAI21x1_ASAP7_75t_R)
     2    1.63   24.54   11.43  836.51 v _217219_/Y (OAI21x1_ASAP7_75t_R)
                                         _153460_ (net)
                 24.54    0.21  836.72 v _217238_/A2 (AO32x1_ASAP7_75t_R)
     7    7.07   41.21   40.70  877.42 v _217238_/Y (AO32x1_ASAP7_75t_R)
                                         _153479_ (net)
                 41.21    0.30  877.72 v _217273_/B2 (AO221x1_ASAP7_75t_R)
     2    2.45   18.25   34.23  911.95 v _217273_/Y (AO221x1_ASAP7_75t_R)
                                         _153514_ (net)
                 18.28    0.44  912.39 v _217286_/C (MAJx2_ASAP7_75t_R)
     8    7.52   25.61   31.05  943.44 v _217286_/Y (MAJx2_ASAP7_75t_R)
                                         _153527_ (net)
                 25.85    1.38  944.82 v _217359_/A (INVx1_ASAP7_75t_R)
     3    2.06   18.86   14.74  959.56 ^ _217359_/Y (INVx1_ASAP7_75t_R)
                                         _153600_ (net)
                 18.86    0.17  959.73 ^ _217379_/A2 (AO221x1_ASAP7_75t_R)
     1    1.22   12.63   24.13  983.86 ^ _217379_/Y (AO221x1_ASAP7_75t_R)
                                         _153620_ (net)
                 12.64    0.13  983.99 ^ _217380_/E (AND5x2_ASAP7_75t_R)
     3    3.03   16.81   32.58 1016.57 ^ _217380_/Y (AND5x2_ASAP7_75t_R)
                                         _153621_ (net)
                 16.86    0.51 1017.09 ^ _217382_/A (OR3x2_ASAP7_75t_R)
     4    4.03   15.42   18.49 1035.58 ^ _217382_/Y (OR3x2_ASAP7_75t_R)
                                         _153623_ (net)
                 15.46    0.42 1036.00 ^ _217383_/B (OA21x2_ASAP7_75t_R)
     1    1.38    8.53   17.96 1053.96 ^ _217383_/Y (OA21x2_ASAP7_75t_R)
                                         _153624_ (net)
                  8.54    0.15 1054.11 ^ _217384_/B (XNOR2x2_ASAP7_75t_R)
     1    1.22    9.96   24.97 1079.09 v _217384_/Y (XNOR2x2_ASAP7_75t_R)
                                         _153625_ (net)
                  9.97    0.14 1079.23 v _217396_/B (AOI211x1_ASAP7_75t_R)
     2    2.32   27.31   16.57 1095.80 ^ _217396_/Y (AOI211x1_ASAP7_75t_R)
                                         _153637_ (net)
                 27.31    0.25 1096.05 ^ _217397_/B (XOR2x2_ASAP7_75t_R)
     4    3.83   15.69   27.31 1123.37 v _217397_/Y (XOR2x2_ASAP7_75t_R)
                                         _153638_ (net)
                 15.88    0.95 1124.31 v _217485_/A1 (AO21x1_ASAP7_75t_R)
     1    0.73    7.37   17.44 1141.76 v _217485_/Y (AO21x1_ASAP7_75t_R)
                                         _153726_ (net)
                  7.37    0.04 1141.80 v _217488_/A1 (AO21x1_ASAP7_75t_R)
     9    7.46   41.86   31.16 1172.96 v _217488_/Y (AO21x1_ASAP7_75t_R)
                                         _153729_ (net)
                 41.98    1.31 1174.27 v _217532_/A2 (OA211x2_ASAP7_75t_R)
     1    1.35   10.86   32.45 1206.72 v _217532_/Y (OA211x2_ASAP7_75t_R)
                                         _153773_ (net)
                 10.87    0.18 1206.90 v _217533_/A (XOR2x2_ASAP7_75t_R)
     2    2.48   11.33   22.29 1229.19 v _217533_/Y (XOR2x2_ASAP7_75t_R)
                                         _153774_ (net)
                 11.35    0.27 1229.46 v _217545_/C (MAJx2_ASAP7_75t_R)
     2    1.51   11.94   21.24 1250.71 v _217545_/Y (MAJx2_ASAP7_75t_R)
                                         _153786_ (net)
                 11.94    0.10 1250.81 v _217561_/B2 (AO32x1_ASAP7_75t_R)
     1    1.25   12.37   24.74 1275.55 v _217561_/Y (AO32x1_ASAP7_75t_R)
                                         _153802_ (net)
                 12.37    0.13 1275.68 v _217562_/C (MAJx2_ASAP7_75t_R)
     3    2.36   12.32   22.92 1298.60 v _217562_/Y (MAJx2_ASAP7_75t_R)
                                         _153803_ (net)
                 12.35    0.27 1298.87 v _217577_/A2 (OA21x2_ASAP7_75t_R)
     4    4.35   16.27   23.17 1322.04 v _217577_/Y (OA21x2_ASAP7_75t_R)
                                         _153818_ (net)
                 16.36    0.70 1322.74 v place65011/A (BUFx3_ASAP7_75t_R)
     2    2.34    7.60   16.70 1339.44 v place65011/Y (BUFx3_ASAP7_75t_R)
                                         net64569 (net)
                  7.60    0.11 1339.55 v _217612_/A (NOR2x1_ASAP7_75t_R)
     1    1.19   12.35    8.74 1348.29 ^ _217612_/Y (NOR2x1_ASAP7_75t_R)
                                         _153853_ (net)
                 12.35    0.13 1348.41 ^ _217613_/B (XNOR2x2_ASAP7_75t_R)
     4    4.67   19.23   26.77 1375.18 ^ _217613_/Y (XNOR2x2_ASAP7_75t_R)
                                         _153854_ (net)
                 19.29    0.63 1375.81 ^ _217620_/B (NOR2x1_ASAP7_75t_R)
     1    1.27   28.50   10.64 1386.45 v _217620_/Y (NOR2x1_ASAP7_75t_R)
                                         _153861_ (net)
                 28.50    0.07 1386.52 v _217622_/A1 (AOI22x1_ASAP7_75t_R)
     1    1.60   32.29   17.81 1404.33 ^ _217622_/Y (AOI22x1_ASAP7_75t_R)
                                         _153863_ (net)
                 32.29    0.22 1404.56 ^ _217623_/B (AOI21x1_ASAP7_75t_R)
     2    2.55   20.33   15.08 1419.64 v _217623_/Y (AOI21x1_ASAP7_75t_R)
                                         _153864_ (net)
                 20.34    0.32 1419.96 v _217624_/B (MAJx2_ASAP7_75t_R)
     4    3.10   14.24   27.68 1447.65 v _217624_/Y (MAJx2_ASAP7_75t_R)
                                         _153865_ (net)
                 14.26    0.31 1447.96 v _217669_/A3 (AO32x1_ASAP7_75t_R)
     2    1.91   14.66   27.77 1475.73 v _217669_/Y (AO32x1_ASAP7_75t_R)
                                         _153910_ (net)
                 14.67    0.14 1475.86 v _217723_/B (OR3x1_ASAP7_75t_R)
     2    1.92   14.89   25.20 1501.06 v _217723_/Y (OR3x1_ASAP7_75t_R)
                                         _153964_ (net)
                 14.89    0.19 1501.25 v _217732_/C (AO221x1_ASAP7_75t_R)
     1    1.83   16.08   26.81 1528.06 v _217732_/Y (AO221x1_ASAP7_75t_R)
                                         _153973_ (net)
                 16.10    0.27 1528.33 v _217733_/A (NAND3x1_ASAP7_75t_R)
     2    1.65   37.49   13.26 1541.59 ^ _217733_/Y (NAND3x1_ASAP7_75t_R)
                                         _153974_ (net)
                 37.49    0.12 1541.71 ^ _217734_/A (MAJx2_ASAP7_75t_R)
     2    2.43   13.76   26.41 1568.12 ^ _217734_/Y (MAJx2_ASAP7_75t_R)
                                         _153975_ (net)
                 13.77    0.18 1568.30 ^ _217735_/B (MAJx2_ASAP7_75t_R)
     2    2.10   13.57   21.96 1590.26 ^ _217735_/Y (MAJx2_ASAP7_75t_R)
                                         _153976_ (net)
                 13.58    0.15 1590.41 ^ _217740_/C (MAJx2_ASAP7_75t_R)
     3    2.62   15.35   20.94 1611.35 ^ _217740_/Y (MAJx2_ASAP7_75t_R)
                                         _153981_ (net)
                 15.36    0.16 1611.51 ^ _217741_/B1 (AO221x1_ASAP7_75t_R)
     2    2.27   18.84   24.84 1636.34 ^ _217741_/Y (AO221x1_ASAP7_75t_R)
                                         _153982_ (net)
                 18.86    0.30 1636.64 ^ _217755_/A3 (AO31x2_ASAP7_75t_R)
     8    7.35   28.16   26.18 1662.82 ^ _217755_/Y (AO31x2_ASAP7_75t_R)
                                         _153996_ (net)
                 28.37    1.38 1664.20 ^ place63067/A (BUFx3_ASAP7_75t_R)
     1    1.17    6.44   16.98 1681.18 ^ place63067/Y (BUFx3_ASAP7_75t_R)
                                         net62625 (net)
                  6.44    0.07 1681.25 ^ _217797_/A (NOR2x1_ASAP7_75t_R)
     1    0.80   10.43    7.59 1688.84 v _217797_/Y (NOR2x1_ASAP7_75t_R)
                                         _154038_ (net)
                 10.43    0.08 1688.92 v _217804_/A1 (OA21x2_ASAP7_75t_R)
     2    2.31   10.50   19.52 1708.44 v _217804_/Y (OA21x2_ASAP7_75t_R)
                                         _154045_ (net)
                 10.52    0.29 1708.73 v _217805_/B (MAJx2_ASAP7_75t_R)
     3    3.23   17.30   24.99 1733.72 v _217805_/Y (MAJx2_ASAP7_75t_R)
                                         _154046_ (net)
                 17.33    0.35 1734.07 v _217817_/A1 (AO211x2_ASAP7_75t_R)
     1    0.85    6.51   18.01 1752.08 v _217817_/Y (AO211x2_ASAP7_75t_R)
                                         _154058_ (net)
                  6.52    0.08 1752.15 v _217818_/A1 (AO32x2_ASAP7_75t_R)
     4    4.86   22.12   30.12 1782.27 v _217818_/Y (AO32x2_ASAP7_75t_R)
                                         _154059_ (net)
                 22.21    0.77 1783.04 v _217850_/A3 (AO31x2_ASAP7_75t_R)
     4    3.25   11.67   21.37 1804.41 v _217850_/Y (AO31x2_ASAP7_75t_R)
                                         _154091_ (net)
                 11.70    0.31 1804.72 v _217853_/B1 (AOI22x1_ASAP7_75t_R)
     9    8.38   57.31   29.94 1834.66 ^ _217853_/Y (AOI22x1_ASAP7_75t_R)
                                         _154094_ (net)
                 57.39    1.19 1835.85 ^ _217888_/A (AND2x2_ASAP7_75t_R)
     1    1.12    8.35   20.77 1856.62 ^ _217888_/Y (AND2x2_ASAP7_75t_R)
                                         _154129_ (net)
                  8.35    0.06 1856.68 ^ _217889_/B (XNOR2x2_ASAP7_75t_R)
     3    2.47   11.37   27.10 1883.78 v _217889_/Y (XNOR2x2_ASAP7_75t_R)
                                         _154130_ (net)
                 11.39    0.26 1884.04 v _217890_/B (OR2x2_ASAP7_75t_R)
     3    2.40   11.99   19.64 1903.69 v _217890_/Y (OR2x2_ASAP7_75t_R)
                                         _154131_ (net)
                 12.01    0.24 1903.93 v _217897_/A1 (AO21x1_ASAP7_75t_R)
     2    1.74   12.27   19.20 1923.12 v _217897_/Y (AO21x1_ASAP7_75t_R)
                                         _154138_ (net)
                 12.29    0.23 1923.36 v _217898_/B (AND2x2_ASAP7_75t_R)
     2    1.59    7.71   16.47 1939.83 v _217898_/Y (AND2x2_ASAP7_75t_R)
                                         _154139_ (net)
                  7.73    0.19 1940.02 v _217959_/A2 (OA211x2_ASAP7_75t_R)
     1    0.89    9.67   21.89 1961.91 v _217959_/Y (OA211x2_ASAP7_75t_R)
                                         _154200_ (net)
                  9.68    0.08 1961.99 v _217960_/A1 (OA21x2_ASAP7_75t_R)
     3    2.51   11.08   19.67 1981.66 v _217960_/Y (OA21x2_ASAP7_75t_R)
                                         _154201_ (net)
                 11.12    0.33 1981.99 v _218017_/A2 (OA211x2_ASAP7_75t_R)
     2    1.98   12.68   24.86 2006.84 v _218017_/Y (OA211x2_ASAP7_75t_R)
                                         _154258_ (net)
                 12.70    0.22 2007.07 v _218018_/A (XOR2x2_ASAP7_75t_R)
     2    1.47    8.60   21.18 2028.24 v _218018_/Y (XOR2x2_ASAP7_75t_R)
                                         _154259_ (net)
                  8.60    0.10 2028.34 v _218038_/B (OR4x1_ASAP7_75t_R)
     2    1.44   14.14   27.24 2055.58 v _218038_/Y (OR4x1_ASAP7_75t_R)
                                         _154279_ (net)
                 14.14    0.16 2055.73 v _218040_/B2 (AO221x1_ASAP7_75t_R)
     2    1.64   16.11   25.12 2080.86 v _218040_/Y (AO221x1_ASAP7_75t_R)
                                         _154281_ (net)
                 16.12    0.16 2081.02 v _218043_/B3 (AO33x2_ASAP7_75t_R)
     2    1.97   13.99   33.95 2114.97 v _218043_/Y (AO33x2_ASAP7_75t_R)
                                         _154284_ (net)
                 14.01    0.28 2115.25 v _218044_/A (MAJx2_ASAP7_75t_R)
     2    1.74   11.85   21.91 2137.16 v _218044_/Y (MAJx2_ASAP7_75t_R)
                                         _154285_ (net)
                 11.86    0.17 2137.33 v _218049_/A (MAJx3_ASAP7_75t_R)
     6    7.18   22.76   29.54 2166.87 v _218049_/Y (MAJx3_ASAP7_75t_R)
                                         _154290_ (net)
                 23.02    1.32 2168.19 v _218087_/A2 (OA21x2_ASAP7_75t_R)
     4    4.27   15.83   26.29 2194.48 v _218087_/Y (OA21x2_ASAP7_75t_R)
                                         _154328_ (net)
                 15.86    0.37 2194.86 v _218091_/B (AND2x4_ASAP7_75t_R)
     1    0.86    6.52   15.33 2210.19 v _218091_/Y (AND2x4_ASAP7_75t_R)
                                         _154332_ (net)
                  6.52    0.07 2210.25 v _218092_/A2 (OA21x2_ASAP7_75t_R)
     1    0.81    6.42   16.22 2226.47 v _218092_/Y (OA21x2_ASAP7_75t_R)
                                         _154333_ (net)
                  6.42    0.08 2226.56 v _218093_/C1 (OA222x2_ASAP7_75t_R)
     2    2.32   12.32   24.82 2251.37 v _218093_/Y (OA222x2_ASAP7_75t_R)
                                         _154334_ (net)
                 12.34    0.25 2251.62 v _218106_/C (MAJx2_ASAP7_75t_R)
     3    3.01   17.28   23.87 2275.49 v _218106_/Y (MAJx2_ASAP7_75t_R)
                                         _154347_ (net)
                 17.38    0.67 2276.17 v _218130_/A3 (AO32x2_ASAP7_75t_R)
     2    1.75   14.85   30.36 2306.52 v _218130_/Y (AO32x2_ASAP7_75t_R)
                                         _154371_ (net)
                 14.86    0.19 2306.72 v _218150_/A1 (OA21x2_ASAP7_75t_R)
     2    2.71   11.64   21.11 2327.83 v _218150_/Y (OA21x2_ASAP7_75t_R)
                                         _154391_ (net)
                 11.69    0.40 2328.22 v _218190_/A2 (OA211x2_ASAP7_75t_R)
     2    2.56   14.27   26.05 2354.27 v _218190_/Y (OA211x2_ASAP7_75t_R)
                                         _154431_ (net)
                 14.31    0.43 2354.70 v _218211_/A3 (OA31x2_ASAP7_75t_R)
     5    5.62   21.07   24.96 2379.65 v _218211_/Y (OA31x2_ASAP7_75t_R)
                                         _154452_ (net)
                 21.18    0.84 2380.49 v _218260_/A3 (AO32x1_ASAP7_75t_R)
     1    0.92    9.60   26.30 2406.78 v _218260_/Y (AO32x1_ASAP7_75t_R)
                                         _154501_ (net)
                  9.61    0.08 2406.86 v _218261_/A (OR3x1_ASAP7_75t_R)
     4    3.98   25.32   28.62 2435.48 v _218261_/Y (OR3x1_ASAP7_75t_R)
                                         _154502_ (net)
                 25.33    0.29 2435.78 v _218270_/B2 (OA22x2_ASAP7_75t_R)
     1    0.81   10.29   23.76 2459.53 v _218270_/Y (OA22x2_ASAP7_75t_R)
                                         _154511_ (net)
                 10.29    0.09 2459.62 v _218271_/B1 (AO22x2_ASAP7_75t_R)
     6    6.75   24.65   27.31 2486.93 v _218271_/Y (AO22x2_ASAP7_75t_R)
                                         _154512_ (net)
                 25.04    1.72 2488.65 v _218276_/B2 (AO22x2_ASAP7_75t_R)
     4    4.77   17.79   28.61 2517.26 v _218276_/Y (AO22x2_ASAP7_75t_R)
                                         _154517_ (net)
                 17.86    0.61 2517.87 v _218298_/A2 (AO21x2_ASAP7_75t_R)
     8    6.56   21.32   27.73 2545.60 v _218298_/Y (AO21x2_ASAP7_75t_R)
                                         _154539_ (net)
                 21.37    0.57 2546.17 v _218408_/C (OR3x1_ASAP7_75t_R)
     1    0.51    7.99   21.76 2567.93 v _218408_/Y (OR3x1_ASAP7_75t_R)
                                         _154649_ (net)
                  7.99    0.02 2567.95 v _218411_/C (OA211x2_ASAP7_75t_R)
     3    3.47   16.90   31.66 2599.61 v _218411_/Y (OA211x2_ASAP7_75t_R)
                                         _154652_ (net)
                 16.97    0.59 2600.20 v _218421_/A3 (OA31x2_ASAP7_75t_R)
     3    3.25   20.11   22.60 2622.80 v _218421_/Y (OA31x2_ASAP7_75t_R)
                                         _154662_ (net)
                 20.15    0.50 2623.30 v _218429_/A3 (OA31x2_ASAP7_75t_R)
     2    2.26   15.91   21.94 2645.24 v _218429_/Y (OA31x2_ASAP7_75t_R)
                                         _154670_ (net)
                 15.93    0.26 2645.50 v _218461_/A3 (OA31x2_ASAP7_75t_R)
     2    2.62   13.21   21.26 2666.76 v _218461_/Y (OA31x2_ASAP7_75t_R)
                                         _154702_ (net)
                 13.28    0.51 2667.27 v _218493_/A2 (OA21x2_ASAP7_75t_R)
     5    6.37   21.12   26.21 2693.48 v _218493_/Y (OA21x2_ASAP7_75t_R)
                                         _154734_ (net)
                 21.24    0.91 2694.39 v place60841/A (BUFx6f_ASAP7_75t_R)
     4    4.48    7.93   17.47 2711.87 v place60841/Y (BUFx6f_ASAP7_75t_R)
                                         net60399 (net)
                  8.02    0.44 2712.31 v _218699_/C (MAJx2_ASAP7_75t_R)
     1    1.06   12.99   19.60 2731.90 v _218699_/Y (MAJx2_ASAP7_75t_R)
                                         _154940_ (net)
                 12.99    0.10 2732.01 v _218700_/B (XNOR2x2_ASAP7_75t_R)
     2    2.22   12.56   23.64 2755.65 ^ _218700_/Y (XNOR2x2_ASAP7_75t_R)
                                         _154941_ (net)
                 12.58    0.28 2755.93 ^ _218724_/B (XNOR2x2_ASAP7_75t_R)
     1    0.68    6.93   24.88 2780.81 v _218724_/Y (XNOR2x2_ASAP7_75t_R)
                                         _154965_ (net)
                  6.93    0.04 2780.85 v _218725_/B (AND2x2_ASAP7_75t_R)
     1    1.36   10.48   14.40 2795.25 v _218725_/Y (AND2x2_ASAP7_75t_R)
                                         _154966_ (net)
                 10.48    0.13 2795.38 v _218726_/C (MAJx2_ASAP7_75t_R)
     1    0.82   11.63   19.84 2815.22 v _218726_/Y (MAJx2_ASAP7_75t_R)
                                         _154967_ (net)
                 11.63    0.08 2815.31 v _218730_/A2 (AO21x1_ASAP7_75t_R)
     2    2.73   17.51   20.69 2836.00 v _218730_/Y (AO21x1_ASAP7_75t_R)
                                         _154971_ (net)
                 17.54    0.36 2836.36 v _218731_/C (MAJx2_ASAP7_75t_R)
     2    2.13   12.60   23.83 2860.20 v _218731_/Y (MAJx2_ASAP7_75t_R)
                                         _154972_ (net)
                 12.61    0.13 2860.33 v _218761_/C (MAJx2_ASAP7_75t_R)
     1    1.02   10.42   20.69 2881.02 v _218761_/Y (MAJx2_ASAP7_75t_R)
                                         _155002_ (net)
                 10.43    0.13 2881.15 v _218762_/A2 (AO21x2_ASAP7_75t_R)
     6    5.73   19.93   23.96 2905.11 v _218762_/Y (AO21x2_ASAP7_75t_R)
                                         _155003_ (net)
                 20.01    0.73 2905.84 v _218763_/A (OR2x2_ASAP7_75t_R)
    10    9.52   30.53   30.23 2936.07 v _218763_/Y (OR2x2_ASAP7_75t_R)
                                         _155004_ (net)
                 31.25    2.56 2938.63 v _218830_/A (AND2x4_ASAP7_75t_R)
     2    1.93    6.60   21.37 2960.00 v _218830_/Y (AND2x4_ASAP7_75t_R)
                                         _155071_ (net)
                  6.61    0.10 2960.11 v _218831_/A (XNOR2x2_ASAP7_75t_R)
     3    2.74   12.83   23.01 2983.11 ^ _218831_/Y (XNOR2x2_ASAP7_75t_R)
                                         _155072_ (net)
                 12.86    0.36 2983.47 ^ _218881_/B (OA21x2_ASAP7_75t_R)
     2    1.65   11.15   17.98 3001.46 ^ _218881_/Y (OA21x2_ASAP7_75t_R)
                                         _155122_ (net)
                 11.15    0.12 3001.58 ^ _218882_/A (AND4x1_ASAP7_75t_R)
     1    1.19   13.50   22.35 3023.93 ^ _218882_/Y (AND4x1_ASAP7_75t_R)
                                         _155123_ (net)
                 13.50    0.11 3024.04 ^ _218885_/B2 (AOI221x1_ASAP7_75t_R)
     5    5.63   62.77   30.83 3054.87 v _218885_/Y (AOI221x1_ASAP7_75t_R)
                                         _155126_ (net)
                 62.95    1.91 3056.79 v _218968_/A2 (OAI21x1_ASAP7_75t_R)
     2    2.07   25.81   20.83 3077.62 ^ _218968_/Y (OAI21x1_ASAP7_75t_R)
                                         _155209_ (net)
                 25.81    0.11 3077.72 ^ _218974_/B (AND5x2_ASAP7_75t_R)
    10    8.51   35.31   39.97 3117.70 ^ _218974_/Y (AND5x2_ASAP7_75t_R)
                                         _155215_ (net)
                 35.43    1.21 3118.91 ^ _219045_/A (OR2x2_ASAP7_75t_R)
     7    6.54   24.12   29.35 3148.26 ^ _219045_/Y (OR2x2_ASAP7_75t_R)
                                         _155286_ (net)
                 24.18    0.67 3148.93 ^ place59825/A (BUFx6f_ASAP7_75t_R)
     5    5.63    9.73   17.38 3166.31 ^ place59825/Y (BUFx6f_ASAP7_75t_R)
                                         net59383 (net)
                  9.89    0.66 3166.97 ^ _219144_/B (AND3x1_ASAP7_75t_R)
     4    3.88   27.92   27.43 3194.40 ^ _219144_/Y (AND3x1_ASAP7_75t_R)
                                         _155385_ (net)
                 27.92    0.14 3194.54 ^ _219145_/A2 (OAI21x1_ASAP7_75t_R)
     1    1.09   29.29   10.06 3204.60 v _219145_/Y (OAI21x1_ASAP7_75t_R)
                                         _155386_ (net)
                 29.29    0.06 3204.66 v _219152_/B1 (AOI221x1_ASAP7_75t_R)
     3    3.61   46.97   25.85 3230.51 ^ _219152_/Y (AOI221x1_ASAP7_75t_R)
                                         _155393_ (net)
                 47.00    0.72 3231.23 ^ _219221_/A (AND2x2_ASAP7_75t_R)
     1    1.26    8.59   20.14 3251.37 ^ _219221_/Y (AND2x2_ASAP7_75t_R)
                                         _155462_ (net)
                  8.60    0.14 3251.51 ^ _219222_/E (AND5x2_ASAP7_75t_R)
     3    3.64   18.83   32.86 3284.37 ^ _219222_/Y (AND5x2_ASAP7_75t_R)
                                         _155463_ (net)
                 18.97    0.89 3285.25 ^ _219231_/A3 (OA31x2_ASAP7_75t_R)
    11   12.10   44.02   36.28 3321.54 ^ _219231_/Y (OA31x2_ASAP7_75t_R)
                                         _155472_ (net)
                 44.62    2.90 3324.44 ^ place59474/A (BUFx3_ASAP7_75t_R)
     7    5.79   15.88   24.44 3348.88 ^ place59474/Y (BUFx3_ASAP7_75t_R)
                                         net59032 (net)
                 15.94    0.55 3349.43 ^ _219398_/A (AND2x4_ASAP7_75t_R)
     2    2.20    7.46   15.49 3364.92 ^ _219398_/Y (AND2x4_ASAP7_75t_R)
                                         _155639_ (net)
                  7.49    0.25 3365.17 ^ _219399_/A (XNOR2x2_ASAP7_75t_R)
     2    1.64    9.21   25.40 3390.57 v _219399_/Y (XNOR2x2_ASAP7_75t_R)
                                         _155640_ (net)
                  9.23    0.18 3390.76 v _219451_/B1 (AO32x1_ASAP7_75t_R)
     1    0.82   12.12   21.85 3412.61 v _219451_/Y (AO32x1_ASAP7_75t_R)
                                         _155692_ (net)
                 12.13    0.09 3412.69 v _219459_/A1 (OA21x2_ASAP7_75t_R)
     1    1.24    7.56   18.14 3430.84 v _219459_/Y (OA21x2_ASAP7_75t_R)
                                         _155700_ (net)
                  7.57    0.14 3430.98 v _219485_/A2 (OA221x2_ASAP7_75t_R)
     6    7.90   28.92   35.91 3466.88 v _219485_/Y (OA221x2_ASAP7_75t_R)
                                         _155726_ (net)
                 30.04    3.11 3469.99 v _219486_/C (AO211x2_ASAP7_75t_R)
     4    3.77   14.49   25.69 3495.68 v _219486_/Y (AO211x2_ASAP7_75t_R)
                                         _155727_ (net)
                 14.53    0.42 3496.10 v _219589_/A1 (AO21x2_ASAP7_75t_R)
     2    2.36   11.61   21.72 3517.82 v _219589_/Y (AO21x2_ASAP7_75t_R)
                                         _155830_ (net)
                 11.65    0.37 3518.19 v _219622_/B (OA211x2_ASAP7_75t_R)
     1    1.28   10.67   27.32 3545.51 v _219622_/Y (OA211x2_ASAP7_75t_R)
                                         _155863_ (net)
                 10.68    0.16 3545.67 v _219623_/A (XOR2x2_ASAP7_75t_R)
     3    3.18   14.33   28.08 3573.75 ^ _219623_/Y (XOR2x2_ASAP7_75t_R)
                                         _155864_ (net)
                 14.36    0.36 3574.12 ^ _219647_/A2 (AO211x2_ASAP7_75t_R)
     2    1.68   13.83   22.44 3596.55 ^ _219647_/Y (AO211x2_ASAP7_75t_R)
                                         _155888_ (net)
                 13.84    0.18 3596.73 ^ _219653_/A1 (AO221x1_ASAP7_75t_R)
     1    1.49   14.15   25.04 3621.77 ^ _219653_/Y (AO221x1_ASAP7_75t_R)
                                         _155894_ (net)
                 14.16    0.18 3621.95 ^ _219666_/A1 (AO31x2_ASAP7_75t_R)
     2    3.28   15.67   20.62 3642.57 ^ _219666_/Y (AO31x2_ASAP7_75t_R)
                                         _155907_ (net)
                 15.84    0.88 3643.46 ^ _219763_/A2 (AO21x1_ASAP7_75t_R)
     2    1.67   13.45   17.92 3661.38 ^ _219763_/Y (AO21x1_ASAP7_75t_R)
                                         _156004_ (net)
                 13.46    0.20 3661.58 ^ place58969/A (BUFx3_ASAP7_75t_R)
    17   16.23   38.25   26.48 3688.06 ^ place58969/Y (BUFx3_ASAP7_75t_R)
                                         net58527 (net)
                 39.35    3.55 3691.61 ^ _219821_/B1 (AO221x1_ASAP7_75t_R)
     2    2.98   24.29   32.18 3723.79 ^ _219821_/Y (AO221x1_ASAP7_75t_R)
                                         _156062_ (net)
                 24.37    0.74 3724.53 ^ _219822_/C (AND3x1_ASAP7_75t_R)
     1    0.92   11.07   20.08 3744.61 ^ _219822_/Y (AND3x1_ASAP7_75t_R)
                                         _156063_ (net)
                 11.08    0.11 3744.72 ^ _219825_/A1 (OA21x2_ASAP7_75t_R)
     1    2.65   12.63   19.43 3764.15 ^ _219825_/Y (OA21x2_ASAP7_75t_R)
                                         _156066_ (net)
                 12.75    0.67 3764.82 ^ _219826_/B (XNOR2x1_ASAP7_75t_R)
     2    2.25   19.67   18.46 3783.29 ^ _219826_/Y (XNOR2x1_ASAP7_75t_R)
                                         _156067_ (net)
                 19.68    0.25 3783.54 ^ _220157_/B (XNOR2x2_ASAP7_75t_R)
     1    0.78    7.92   26.41 3809.95 v _220157_/Y (XNOR2x2_ASAP7_75t_R)
                                         _156398_ (net)
                  7.92    0.08 3810.03 v _220165_/C (OR5x1_ASAP7_75t_R)
     2    2.12   19.32   35.78 3845.81 v _220165_/Y (OR5x1_ASAP7_75t_R)
                                         _156406_ (net)
                 19.33    0.23 3846.04 v _220166_/B (AO31x2_ASAP7_75t_R)
     3    3.04   11.12   21.11 3867.15 v _220166_/Y (AO31x2_ASAP7_75t_R)
                                         _156407_ (net)
                 11.12    0.12 3867.27 v _220169_/A1 (AO21x2_ASAP7_75t_R)
    12   12.63   37.80   33.17 3900.44 v _220169_/Y (AO21x2_ASAP7_75t_R)
                                         _156410_ (net)
                 38.19    2.21 3902.65 v place58605/A (BUFx3_ASAP7_75t_R)
     4    4.85   13.12   24.36 3927.01 v place58605/Y (BUFx3_ASAP7_75t_R)
                                         net58163 (net)
                 13.17    0.45 3927.47 v _220318_/B (NOR3x1_ASAP7_75t_R)
     3    3.10   24.57   16.35 3943.82 ^ _220318_/Y (NOR3x1_ASAP7_75t_R)
                                         _156559_ (net)
                 24.60    0.51 3944.33 ^ _220345_/C (OR3x1_ASAP7_75t_R)
     4    4.27   29.30   25.05 3969.38 ^ _220345_/Y (OR3x1_ASAP7_75t_R)
                                         _156586_ (net)
                 29.32    0.40 3969.78 ^ _220395_/A1 (AO211x2_ASAP7_75t_R)
     2    2.43   12.87   29.05 3998.83 ^ _220395_/Y (AO211x2_ASAP7_75t_R)
                                         _156636_ (net)
                 12.90    0.35 3999.18 ^ _220397_/A2 (AOI22x1_ASAP7_75t_R)
     2    1.76   29.63   10.57 4009.75 v _220397_/Y (AOI22x1_ASAP7_75t_R)
                                         _156638_ (net)
                 29.63    0.18 4009.93 v _220465_/A (OR3x2_ASAP7_75t_R)
     6    5.74   22.11   36.62 4046.54 v _220465_/Y (OR3x2_ASAP7_75t_R)
                                         _156706_ (net)
                 22.26    0.98 4047.52 v place58407/A (BUFx6f_ASAP7_75t_R)
     9    9.20   12.89   19.49 4067.01 v place58407/Y (BUFx6f_ASAP7_75t_R)
                                         net57965 (net)
                 13.66    1.68 4068.69 v _220742_/B2 (AOI221x1_ASAP7_75t_R)
     3    3.08   34.27   20.84 4089.53 ^ _220742_/Y (AOI221x1_ASAP7_75t_R)
                                         _156983_ (net)
                 34.29    0.47 4090.00 ^ _220824_/A (XNOR2x2_ASAP7_75t_R)
     2    1.63   10.05   30.86 4120.86 v _220824_/Y (XNOR2x2_ASAP7_75t_R)
                                         _157065_ (net)
                 10.05    0.08 4120.94 v _220828_/A2 (AO21x1_ASAP7_75t_R)
     2    1.87   15.15   18.12 4139.06 v _220828_/Y (AO21x1_ASAP7_75t_R)
                                         _157069_ (net)
                 15.15    0.12 4139.18 v _220829_/B (AND2x2_ASAP7_75t_R)
     1    0.87    5.90   16.32 4155.50 v _220829_/Y (AND2x2_ASAP7_75t_R)
                                         _157070_ (net)
                  5.90    0.10 4155.60 v _220858_/B (OR4x1_ASAP7_75t_R)
     2    2.23   18.13   29.20 4184.80 v _220858_/Y (OR4x1_ASAP7_75t_R)
                                         _157099_ (net)
                 18.15    0.36 4185.15 v _220865_/A1 (AO32x1_ASAP7_75t_R)
     2    1.94   15.70   25.55 4210.70 v _220865_/Y (AO32x1_ASAP7_75t_R)
                                         _157106_ (net)
                 15.73    0.36 4211.06 v _220867_/B2 (AO221x1_ASAP7_75t_R)
     2    1.99   16.70   26.56 4237.62 v _220867_/Y (AO221x1_ASAP7_75t_R)
                                         _157108_ (net)
                 16.72    0.21 4237.83 v _220868_/B1 (AO32x1_ASAP7_75t_R)
     2    1.66   13.36   26.84 4264.67 v _220868_/Y (AO32x1_ASAP7_75t_R)
                                         _157109_ (net)
                 13.37    0.15 4264.82 v _220874_/A2 (OA21x2_ASAP7_75t_R)
     2    3.22   12.76   22.11 4286.93 v _220874_/Y (OA21x2_ASAP7_75t_R)
                                         _157115_ (net)
                 12.76    0.15 4287.07 v place58066/A (BUFx6f_ASAP7_75t_R)
     8    9.45   13.61   15.93 4303.00 v place58066/Y (BUFx6f_ASAP7_75t_R)
                                         net57624 (net)
                 14.08    1.41 4304.41 v _220947_/C (OA211x2_ASAP7_75t_R)
     1    1.22   10.49   29.54 4333.95 v _220947_/Y (OA211x2_ASAP7_75t_R)
                                         _157188_ (net)
                 10.50    0.10 4334.05 v _220948_/A (XOR2x2_ASAP7_75t_R)
     3    4.09   16.16   24.35 4358.41 v _220948_/Y (XOR2x2_ASAP7_75t_R)
                                         _157189_ (net)
                 16.33    0.92 4359.32 v place57987/A (BUFx3_ASAP7_75t_R)
     2    2.29    7.62   16.59 4375.91 v place57987/Y (BUFx3_ASAP7_75t_R)
                                         net57545 (net)
                  7.65    0.26 4376.17 v _220965_/B (NAND2x1_ASAP7_75t_R)
     3    3.16   50.53   13.78 4389.96 ^ _220965_/Y (NAND2x1_ASAP7_75t_R)
                                         _157206_ (net)
                 50.53    0.25 4390.21 ^ _220966_/B (OAI21x1_ASAP7_75t_R)
     2    1.57   19.69   16.20 4406.42 v _220966_/Y (OAI21x1_ASAP7_75t_R)
                                         _157207_ (net)
                 19.69    0.14 4406.56 v _221119_/A2 (AO21x1_ASAP7_75t_R)
     2    2.63   17.56   22.43 4428.99 v _221119_/Y (AO21x1_ASAP7_75t_R)
                                         _157360_ (net)
                 17.64    0.66 4429.65 v _221176_/A1 (OA21x2_ASAP7_75t_R)
     4    3.94   14.93   23.51 4453.16 v _221176_/Y (OA21x2_ASAP7_75t_R)
                                         _157417_ (net)
                 14.97    0.44 4453.60 v place57865/A (BUFx3_ASAP7_75t_R)
     2    1.93    6.83   15.84 4469.44 v place57865/Y (BUFx3_ASAP7_75t_R)
                                         net57423 (net)
                  6.83    0.09 4469.53 v _221222_/A2 (AOI21x1_ASAP7_75t_R)
     4    5.57   39.91   19.81 4489.33 ^ _221222_/Y (AOI21x1_ASAP7_75t_R)
                                         _157463_ (net)
                 40.19    1.82 4491.15 ^ place57844/A (BUFx3_ASAP7_75t_R)
     4    3.50   11.35   21.67 4512.83 ^ place57844/Y (BUFx3_ASAP7_75t_R)
                                         net57402 (net)
                 11.38    0.28 4513.10 ^ _221436_/B2 (AO221x1_ASAP7_75t_R)
     1    1.16   12.36   19.44 4532.54 ^ _221436_/Y (AO221x1_ASAP7_75t_R)
                                         _157677_ (net)
                 12.36    0.09 4532.63 ^ _221437_/C (AOI221x1_ASAP7_75t_R)
     2    2.74   53.35   17.36 4549.99 v _221437_/Y (AOI221x1_ASAP7_75t_R)
                                         _157678_ (net)
                 53.37    0.49 4550.47 v _221459_/B (NOR2x1_ASAP7_75t_R)
     3    2.89   30.41   22.84 4573.31 ^ _221459_/Y (NOR2x1_ASAP7_75t_R)
                                         _157700_ (net)
                 30.42    0.31 4573.63 ^ _221479_/A1 (AOI221x1_ASAP7_75t_R)
     2    3.04   48.61   29.46 4603.09 v _221479_/Y (AOI221x1_ASAP7_75t_R)
                                         _157720_ (net)
                 48.65    0.88 4603.98 v _221631_/B1 (OA31x2_ASAP7_75t_R)
     2    1.96   12.43   33.23 4637.20 v _221631_/Y (OA31x2_ASAP7_75t_R)
                                         _157872_ (net)
                 12.45    0.25 4637.45 v _221633_/C (OR4x2_ASAP7_75t_R)
     8    7.63   29.73   43.18 4680.63 v _221633_/Y (OR4x2_ASAP7_75t_R)
                                         _157874_ (net)
                 29.81    0.84 4681.47 v _221634_/B (AND3x4_ASAP7_75t_R)
    12   11.24   20.49   32.33 4713.80 v _221634_/Y (AND3x4_ASAP7_75t_R)
                                         _157875_ (net)
                 20.92    1.63 4715.43 v _221705_/D (OR4x1_ASAP7_75t_R)
     1    0.71   12.13   27.84 4743.27 v _221705_/Y (OR4x1_ASAP7_75t_R)
                                         _157946_ (net)
                 12.13    0.08 4743.35 v _221707_/B (OA211x2_ASAP7_75t_R)
     1    0.67    9.22   26.28 4769.63 v _221707_/Y (OA211x2_ASAP7_75t_R)
                                         _157948_ (net)
                  9.22    0.05 4769.68 v _221710_/B (OA211x2_ASAP7_75t_R)
     1    0.79   10.13   25.60 4795.28 v _221710_/Y (OA211x2_ASAP7_75t_R)
                                         _157951_ (net)
                 10.13    0.09 4795.37 v _221711_/B2 (AO221x1_ASAP7_75t_R)
     1    0.74   10.35   20.90 4816.27 v _221711_/Y (AO221x1_ASAP7_75t_R)
                                         _157952_ (net)
                 10.35    0.08 4816.36 v _221717_/B (OA211x2_ASAP7_75t_R)
     2    2.72   14.64   29.64 4845.99 v _221717_/Y (OA211x2_ASAP7_75t_R)
                                         _157958_ (net)
                 14.68    0.44 4846.43 v _221977_/A1 (OAI21x1_ASAP7_75t_R)
     2    3.09   24.41   16.69 4863.13 ^ _221977_/Y (OAI21x1_ASAP7_75t_R)
                                         _158218_ (net)
                 24.42    0.23 4863.36 ^ place57411/A (BUFx6f_ASAP7_75t_R)
     9    8.66   13.57   18.52 4881.88 ^ place57411/Y (BUFx6f_ASAP7_75t_R)
                                         net56969 (net)
                 13.97    1.28 4883.16 ^ place57409/A (BUFx6f_ASAP7_75t_R)
     5    3.88    7.57   14.21 4897.37 ^ place57409/Y (BUFx6f_ASAP7_75t_R)
                                         net56967 (net)
                  7.62    0.33 4897.71 ^ _222155_/A1 (OA21x2_ASAP7_75t_R)
     1    1.29    8.57   16.24 4913.95 ^ _222155_/Y (OA21x2_ASAP7_75t_R)
                                         _158396_ (net)
                  8.58    0.14 4914.09 ^ _222156_/A (XOR2x2_ASAP7_75t_R)
     2    2.51   12.30   26.35 4940.44 ^ _222156_/Y (XOR2x2_ASAP7_75t_R)
                                         _158397_ (net)
                 12.33    0.35 4940.79 ^ _222223_/B (XNOR2x2_ASAP7_75t_R)
     1    0.62    8.11   24.73 4965.52 v _222223_/Y (XNOR2x2_ASAP7_75t_R)
                                         _158464_ (net)
                  8.11    0.03 4965.56 v _222224_/C (AO221x1_ASAP7_75t_R)
     2    2.50   18.09   27.16 4992.72 v _222224_/Y (AO221x1_ASAP7_75t_R)
                                         _158465_ (net)
                 18.15    0.56 4993.28 v _222300_/A (OR5x1_ASAP7_75t_R)
     1    1.69   17.04   31.82 5025.10 v _222300_/Y (OR5x1_ASAP7_75t_R)
                                         _158541_ (net)
                 17.07    0.40 5025.50 v _222301_/A (OR5x1_ASAP7_75t_R)
     2    1.65   16.59   31.45 5056.95 v _222301_/Y (OR5x1_ASAP7_75t_R)
                                         _158542_ (net)
                 16.59    0.14 5057.09 v _222309_/A1 (OA21x2_ASAP7_75t_R)
     8    7.35   24.43   27.19 5084.29 v _222309_/Y (OA21x2_ASAP7_75t_R)
                                         _158550_ (net)
                 24.85    1.77 5086.05 v place57140/A (BUFx3_ASAP7_75t_R)
    10   10.30   22.00   25.61 5111.67 v place57140/Y (BUFx3_ASAP7_75t_R)
                                         net56698 (net)
                 22.04    0.60 5112.27 v _222334_/B (NAND2x2_ASAP7_75t_R)
     4    5.49   27.91   17.13 5129.40 ^ _222334_/Y (NAND2x2_ASAP7_75t_R)
                                         _158575_ (net)
                 28.09    1.19 5130.59 ^ place57055/A (BUFx3_ASAP7_75t_R)
    12   14.86   35.68   28.57 5159.15 ^ place57055/Y (BUFx3_ASAP7_75t_R)
                                         net56613 (net)
                 36.47    2.94 5162.09 ^ _222474_/B2 (OA22x2_ASAP7_75t_R)
     1    0.66    6.69   20.04 5182.13 ^ _222474_/Y (OA22x2_ASAP7_75t_R)
                                         _158715_ (net)
                  6.70    0.07 5182.20 ^ _222484_/B (OA211x2_ASAP7_75t_R)
     1    0.73    8.37   18.92 5201.12 ^ _222484_/Y (OA211x2_ASAP7_75t_R)
                                         _158725_ (net)
                  8.37    0.05 5201.17 ^ _222507_/A (AND5x1_ASAP7_75t_R)
     4    4.00   31.69   34.17 5235.34 ^ _222507_/Y (AND5x1_ASAP7_75t_R)
                                         _158748_ (net)
                 31.80    1.02 5236.36 ^ _222830_/C (AND5x1_ASAP7_75t_R)
     3    2.51   23.07   37.02 5273.38 ^ _222830_/Y (AND5x1_ASAP7_75t_R)
                                         _159071_ (net)
                 23.08    0.31 5273.70 ^ _222835_/A2 (AO21x1_ASAP7_75t_R)
     3    3.10   22.13   23.18 5296.88 ^ _222835_/Y (AO21x1_ASAP7_75t_R)
                                         _159076_ (net)
                 22.15    0.38 5297.26 ^ _222903_/B (AOI211x1_ASAP7_75t_R)
     4    4.06   47.73   19.42 5316.68 v _222903_/Y (AOI211x1_ASAP7_75t_R)
                                         _159144_ (net)
                 47.82    1.16 5317.84 v place56758/A (BUFx3_ASAP7_75t_R)
     9   11.93   26.47   30.64 5348.48 v place56758/Y (BUFx3_ASAP7_75t_R)
                                         net56316 (net)
                 28.16    3.59 5352.07 v _223153_/A (NOR2x1_ASAP7_75t_R)
     2    2.15   22.48   15.26 5367.33 ^ _223153_/Y (NOR2x1_ASAP7_75t_R)
                                         _159394_ (net)
                 22.49    0.19 5367.52 ^ _223233_/B (XNOR2x2_ASAP7_75t_R)
     1    0.85    7.00   26.92 5394.44 v _223233_/Y (XNOR2x2_ASAP7_75t_R)
                                         _159474_ (net)
                  7.00    0.10 5394.54 v _223235_/A3 (AO32x1_ASAP7_75t_R)
     1    0.61   10.12   21.89 5416.43 v _223235_/Y (AO32x1_ASAP7_75t_R)
                                         _159476_ (net)
                 10.12    0.03 5416.46 v _223236_/C (AO221x1_ASAP7_75t_R)
     2    2.40   19.39   27.42 5443.88 v _223236_/Y (AO221x1_ASAP7_75t_R)
                                         _159477_ (net)
                 19.40    0.25 5444.13 v _223238_/B (MAJx2_ASAP7_75t_R)
     1    1.24   11.67   24.36 5468.49 v _223238_/Y (MAJx2_ASAP7_75t_R)
                                         _159479_ (net)
                 11.68    0.09 5468.58 v _223239_/C (MAJx2_ASAP7_75t_R)
     3    2.28   13.32   22.65 5491.23 v _223239_/Y (MAJx2_ASAP7_75t_R)
                                         _159480_ (net)
                 13.34    0.21 5491.44 v _223256_/D (OR4x2_ASAP7_75t_R)
     2    1.64   12.41   33.31 5524.75 v _223256_/Y (OR4x2_ASAP7_75t_R)
                                         _159497_ (net)
                 12.42    0.14 5524.88 v place56430/A (BUFx3_ASAP7_75t_R)
     7    7.88   17.89   19.76 5544.64 v place56430/Y (BUFx3_ASAP7_75t_R)
                                         net55988 (net)
                 18.31    1.53 5546.17 v _223257_/A (NOR2x2_ASAP7_75t_R)
     3    4.04   16.88   13.20 5559.37 ^ _223257_/Y (NOR2x2_ASAP7_75t_R)
                                         _159498_ (net)
                 16.90    0.28 5559.64 ^ place56391/A (BUFx6f_ASAP7_75t_R)
    10   10.99   16.30   17.31 5576.95 ^ place56391/Y (BUFx6f_ASAP7_75t_R)
                                         net55949 (net)
                 19.75    3.88 5580.83 ^ _223487_/C (AOI211x1_ASAP7_75t_R)
     2    1.91   26.75   12.95 5593.78 v _223487_/Y (AOI211x1_ASAP7_75t_R)
                                         _159728_ (net)
                 26.76    0.21 5593.99 v _223500_/B1 (AO32x1_ASAP7_75t_R)
     2    4.05   25.91   35.74 5629.73 v _223500_/Y (AO32x1_ASAP7_75t_R)
                                         _159741_ (net)
                 26.08    1.16 5630.90 v _223632_/B (AND4x1_ASAP7_75t_R)
     1    0.54    6.26   16.00 5646.90 v _223632_/Y (AND4x1_ASAP7_75t_R)
                                         _159873_ (net)
                  6.26    0.03 5646.93 v _223633_/B (OA211x2_ASAP7_75t_R)
     2    2.60   15.13   28.08 5675.01 v _223633_/Y (OA211x2_ASAP7_75t_R)
                                         _159874_ (net)
                 15.20    0.56 5675.57 v _223634_/C (AO211x2_ASAP7_75t_R)
     3    2.99   12.17   21.35 5696.92 v _223634_/Y (AO211x2_ASAP7_75t_R)
                                         _159875_ (net)
                 12.20    0.31 5697.23 v _223635_/A (AND3x1_ASAP7_75t_R)
     2    2.63   15.78   17.08 5714.31 v _223635_/Y (AND3x1_ASAP7_75t_R)
                                         _159876_ (net)
                 15.78    0.18 5714.49 v _223637_/B (OR3x1_ASAP7_75t_R)
     5    4.62   29.05   32.42 5746.90 v _223637_/Y (OR3x1_ASAP7_75t_R)
                                         _159878_ (net)
                 29.11    0.75 5747.65 v place56120/A (BUFx3_ASAP7_75t_R)
    14   15.52   33.44   27.24 5774.90 v place56120/Y (BUFx3_ASAP7_75t_R)
                                         net55678 (net)
                 41.94    8.84 5783.73 v _223971_/C2 (AO222x2_ASAP7_75t_R)
     1    0.84   11.13   38.16 5821.89 v _223971_/Y (AO222x2_ASAP7_75t_R)
                                         _160212_ (net)
                 11.13    0.11 5822.00 v _223973_/A2 (AO22x1_ASAP7_75t_R)
     1    1.71   15.76   22.02 5844.02 v _223973_/Y (AO22x1_ASAP7_75t_R)
                                         _160214_ (net)
                 15.78    0.24 5844.26 v _223976_/A2 (AOI22x1_ASAP7_75t_R)
     2    3.02   25.68   17.41 5861.67 ^ _223976_/Y (AOI22x1_ASAP7_75t_R)
                                         _160217_ (net)
                 25.75    0.76 5862.43 ^ place55985/A (BUFx3_ASAP7_75t_R)
     4    4.91   14.08   20.20 5882.63 ^ place55985/Y (BUFx3_ASAP7_75t_R)
                                         net55543 (net)
                 14.18    0.66 5883.29 ^ _224087_/A1 (AO21x1_ASAP7_75t_R)
     2    1.64   13.14   16.56 5899.85 ^ _224087_/Y (AO21x1_ASAP7_75t_R)
                                         _160328_ (net)
                 13.15    0.18 5900.03 ^ _224400_/E (AND5x1_ASAP7_75t_R)
     1    1.28   15.70   31.81 5931.84 ^ _224400_/Y (AND5x1_ASAP7_75t_R)
                                         _160641_ (net)
                 15.71    0.13 5931.97 ^ _224406_/A1 (OA31x2_ASAP7_75t_R)
     2    2.65   13.69   26.14 5958.11 ^ _224406_/Y (OA31x2_ASAP7_75t_R)
                                         _160647_ (net)
                 13.80    0.68 5958.78 ^ _224411_/A2 (OA31x2_ASAP7_75t_R)
     2    2.48   15.23   23.74 5982.52 ^ _224411_/Y (OA31x2_ASAP7_75t_R)
                                         _160652_ (net)
                 15.24    0.23 5982.75 ^ _224414_/A1 (OA21x2_ASAP7_75t_R)
     3    2.76   15.26   20.87 6003.61 ^ _224414_/Y (OA21x2_ASAP7_75t_R)
                                         _160655_ (net)
                 15.32    0.47 6004.08 ^ _224416_/A1 (OA21x2_ASAP7_75t_R)
     2    2.37   12.18   20.33 6024.42 ^ _224416_/Y (OA21x2_ASAP7_75t_R)
                                         _160657_ (net)
                 12.19    0.14 6024.55 ^ _224417_/B (XNOR2x2_ASAP7_75t_R)
     1    1.25    8.03   25.81 6050.36 v _224417_/Y (XNOR2x2_ASAP7_75t_R)
                                         _160658_ (net)
                  8.04    0.11 6050.48 v _224432_/A2 (AOI211x1_ASAP7_75t_R)
     4    3.34   53.87   19.93 6070.41 ^ _224432_/Y (AOI211x1_ASAP7_75t_R)
                                         _160673_ (net)
                 53.88    0.44 6070.85 ^ _224453_/A (AND5x1_ASAP7_75t_R)
     3    3.14   26.72   41.07 6111.92 ^ _224453_/Y (AND5x1_ASAP7_75t_R)
                                         _160694_ (net)
                 26.74    0.38 6112.30 ^ _224454_/B (OA21x2_ASAP7_75t_R)
     7    8.05   30.23   28.87 6141.16 ^ _224454_/Y (OA21x2_ASAP7_75t_R)
                                         _160695_ (net)
                 30.54    1.72 6142.89 ^ _224494_/C (OR3x2_ASAP7_75t_R)
     6    7.00   25.39   25.90 6168.79 ^ _224494_/Y (OR3x2_ASAP7_75t_R)
                                         _160735_ (net)
                 25.43    0.59 6169.38 ^ place55645/A (BUFx3_ASAP7_75t_R)
    15   14.42   34.24   28.10 6197.48 ^ place55645/Y (BUFx3_ASAP7_75t_R)
                                         net55203 (net)
                 35.02    2.83 6200.31 ^ _224898_/B (OA21x2_ASAP7_75t_R)
     3    2.59   12.60   23.01 6223.32 ^ _224898_/Y (OA21x2_ASAP7_75t_R)
                                         _161139_ (net)
                 12.61    0.21 6223.53 ^ _224899_/C (AND3x1_ASAP7_75t_R)
     2    2.05   17.10   22.53 6246.06 ^ _224899_/Y (AND3x1_ASAP7_75t_R)
                                         _161140_ (net)
                 17.10    0.13 6246.19 ^ _224900_/B (XNOR2x2_ASAP7_75t_R)
     1    0.69    6.70   22.42 6268.61 ^ _224900_/Y (XNOR2x2_ASAP7_75t_R)
                                         _161141_ (net)
                  6.70    0.05 6268.67 ^ _224902_/B (OA211x2_ASAP7_75t_R)
     2    1.80   11.27   20.99 6289.66 ^ _224902_/Y (OA211x2_ASAP7_75t_R)
                                         _161143_ (net)
                 11.29    0.20 6289.86 ^ _224913_/B (AND3x1_ASAP7_75t_R)
     2    2.30   18.61   23.00 6312.86 ^ _224913_/Y (AND3x1_ASAP7_75t_R)
                                         _161154_ (net)
                 18.65    0.50 6313.36 ^ _224922_/A (AND3x1_ASAP7_75t_R)
     2    2.16   17.80   24.19 6337.55 ^ _224922_/Y (AND3x1_ASAP7_75t_R)
                                         _161163_ (net)
                 17.83    0.38 6337.93 ^ _224933_/B (AND3x1_ASAP7_75t_R)
     1    1.60   14.40   22.21 6360.14 ^ _224933_/Y (AND3x1_ASAP7_75t_R)
                                         _161174_ (net)
                 14.41    0.20 6360.33 ^ place55443/A (BUFx6f_ASAP7_75t_R)
    14   14.96   20.84   16.57 6376.91 ^ place55443/Y (BUFx6f_ASAP7_75t_R)
                                         net55001 (net)
                 26.43    5.42 6382.32 ^ place55441/A (BUFx3_ASAP7_75t_R)
     8    6.86   17.65   22.35 6404.68 ^ place55441/Y (BUFx3_ASAP7_75t_R)
                                         net54999 (net)
                 17.68    0.40 6405.08 ^ _225100_/A2 (AO21x1_ASAP7_75t_R)
     2    2.25   16.94   20.00 6425.08 ^ _225100_/Y (AO21x1_ASAP7_75t_R)
                                         _161341_ (net)
                 16.94    0.17 6425.24 ^ _225101_/B (XNOR2x2_ASAP7_75t_R)
     3    4.27   16.47   31.45 6456.69 v _225101_/Y (XNOR2x2_ASAP7_75t_R)
                                         _161342_ (net)
                 16.55    0.66 6457.35 v _225293_/B (NAND2x1_ASAP7_75t_R)
     1    1.00   33.07   10.24 6467.60 ^ _225293_/Y (NAND2x1_ASAP7_75t_R)
                                         _161534_ (net)
                 33.07    0.14 6467.74 ^ _225317_/A (AND5x1_ASAP7_75t_R)
     1    2.01   19.78   34.64 6502.38 ^ _225317_/Y (AND5x1_ASAP7_75t_R)
                                         _161558_ (net)
                 19.84    0.55 6502.93 ^ _225318_/D (AND4x1_ASAP7_75t_R)
     2    1.89   18.18   27.48 6530.41 ^ _225318_/Y (AND4x1_ASAP7_75t_R)
                                         _161559_ (net)
                 18.18    0.15 6530.57 ^ _225319_/E (AND5x1_ASAP7_75t_R)
     2    2.17   20.31   34.71 6565.27 ^ _225319_/Y (AND5x1_ASAP7_75t_R)
                                         _161560_ (net)
                 20.33    0.31 6565.59 ^ _225371_/A (OR4x2_ASAP7_75t_R)
     2    2.32   10.51   16.96 6582.55 ^ _225371_/Y (OR4x2_ASAP7_75t_R)
                                         _161612_ (net)
                 10.57    0.44 6582.99 ^ _225393_/B (AO21x1_ASAP7_75t_R)
     2    2.97   21.18   18.15 6601.14 ^ _225393_/Y (AO21x1_ASAP7_75t_R)
                                         _161634_ (net)
                 21.18    0.15 6601.29 ^ place55179/A (BUFx6f_ASAP7_75t_R)
    22   20.27   27.26   20.76 6622.04 ^ place55179/Y (BUFx6f_ASAP7_75t_R)
                                         net54737 (net)
                 34.74    7.44 6629.48 ^ _225569_/A (AND3x1_ASAP7_75t_R)
     2    2.13   18.00   27.10 6656.58 ^ _225569_/Y (AND3x1_ASAP7_75t_R)
                                         _161810_ (net)
                 18.01    0.19 6656.77 ^ _225574_/A2 (OA31x2_ASAP7_75t_R)
     1    1.33   11.51   22.88 6679.65 ^ _225574_/Y (OA31x2_ASAP7_75t_R)
                                         _161815_ (net)
                 11.52    0.18 6679.83 ^ _225585_/A2 (OA31x2_ASAP7_75t_R)
     2    2.95   14.64   23.73 6703.56 ^ _225585_/Y (OA31x2_ASAP7_75t_R)
                                         _161826_ (net)
                 14.81    0.87 6704.43 ^ _225597_/B (OR3x1_ASAP7_75t_R)
     3    3.17   21.75   19.61 6724.04 ^ _225597_/Y (OR3x1_ASAP7_75t_R)
                                         _161838_ (net)
                 21.76    0.35 6724.39 ^ _225616_/A1 (AO211x2_ASAP7_75t_R)
     2    2.18   11.84   26.66 6751.05 ^ _225616_/Y (AO211x2_ASAP7_75t_R)
                                         _161857_ (net)
                 11.86    0.24 6751.29 ^ _225664_/A2 (AO211x2_ASAP7_75t_R)
     3    4.05   18.04   25.74 6777.03 ^ _225664_/Y (AO211x2_ASAP7_75t_R)
                                         _161905_ (net)
                 18.15    0.79 6777.82 ^ _225676_/A (AND3x1_ASAP7_75t_R)
     3    2.06   17.43   23.80 6801.62 ^ _225676_/Y (AND3x1_ASAP7_75t_R)
                                         _161917_ (net)
                 17.44    0.18 6801.81 ^ _225721_/B (OA211x2_ASAP7_75t_R)
     7    9.49   36.25   34.60 6836.41 ^ _225721_/Y (OA211x2_ASAP7_75t_R)
                                         _161962_ (net)
                 36.59    1.96 6838.37 ^ _225732_/A2 (AO221x1_ASAP7_75t_R)
     2    2.15   18.43   30.02 6868.39 ^ _225732_/Y (AO221x1_ASAP7_75t_R)
                                         _161973_ (net)
                 18.45    0.30 6868.69 ^ _225983_/B (XNOR2x2_ASAP7_75t_R)
     2    1.66   10.72   27.71 6896.40 v _225983_/Y (XNOR2x2_ASAP7_75t_R)
                                         _162224_ (net)
                 10.73    0.18 6896.58 v _225996_/C (OR5x1_ASAP7_75t_R)
     2    2.39   20.83   37.26 6933.84 v _225996_/Y (OR5x1_ASAP7_75t_R)
                                         _162237_ (net)
                 20.84    0.27 6934.10 v _225997_/B (AOI211x1_ASAP7_75t_R)
     3    4.28   46.92   26.01 6960.11 ^ _225997_/Y (AOI211x1_ASAP7_75t_R)
                                         _162238_ (net)
                 47.09    1.61 6961.72 ^ _225998_/B (AND4x2_ASAP7_75t_R)
     5    6.43   28.72   42.01 7003.73 ^ _225998_/Y (AND4x2_ASAP7_75t_R)
                                         _162239_ (net)
                 28.98    1.49 7005.22 ^ _226127_/B (OAI21x1_ASAP7_75t_R)
     2    1.68   16.57   13.74 7018.96 v _226127_/Y (OAI21x1_ASAP7_75t_R)
                                         _162368_ (net)
                 16.57    0.14 7019.10 v _226147_/A (AND3x1_ASAP7_75t_R)
     3    5.33   29.94   24.30 7043.40 v _226147_/Y (AND3x1_ASAP7_75t_R)
                                         _162388_ (net)
                 30.01    0.81 7044.21 v place54715/A (BUFx6f_ASAP7_75t_R)
     6    8.13   12.74   20.21 7064.42 v place54715/Y (BUFx6f_ASAP7_75t_R)
                                         net54273 (net)
                 15.65    3.13 7067.55 v _226223_/B (AOI21x1_ASAP7_75t_R)
     2    2.62   23.40   15.66 7083.21 ^ _226223_/Y (AOI21x1_ASAP7_75t_R)
                                         _162464_ (net)
                 23.42    0.37 7083.57 ^ _226224_/B (XNOR2x2_ASAP7_75t_R)
     2    2.29   11.65   26.23 7109.80 ^ _226224_/Y (XNOR2x2_ASAP7_75t_R)
                                         _162465_ (net)
                 11.66    0.21 7110.01 ^ _226225_/B (XNOR2x2_ASAP7_75t_R)
     2    2.05   11.61   27.12 7137.14 v _226225_/Y (XNOR2x2_ASAP7_75t_R)
                                         _162466_ (net)
                 11.61    0.15 7137.28 v _226605_/B (AO21x1_ASAP7_75t_R)
     1    1.20   10.07   17.83 7155.11 v _226605_/Y (AO21x1_ASAP7_75t_R)
                                         _162846_ (net)
                 10.08    0.19 7155.30 v _226623_/B (OR4x1_ASAP7_75t_R)
     2    1.97   16.76   29.20 7184.50 v _226623_/Y (OR4x1_ASAP7_75t_R)
                                         _162864_ (net)
                 16.77    0.14 7184.64 v _226625_/B (OR3x1_ASAP7_75t_R)
     3    2.95   20.37   28.44 7213.08 v _226625_/Y (OR3x1_ASAP7_75t_R)
                                         _162866_ (net)
                 20.44    0.64 7213.73 v place54496/A (BUFx3_ASAP7_75t_R)
     1    1.65    6.62   17.14 7230.86 v place54496/Y (BUFx3_ASAP7_75t_R)
                                         net54054 (net)
                  6.65    0.23 7231.09 v _226626_/C (NAND3x1_ASAP7_75t_R)
     3    3.90   33.29   19.87 7250.97 ^ _226626_/Y (NAND3x1_ASAP7_75t_R)
                                         _162867_ (net)
                 33.39    1.03 7252.00 ^ _226633_/A2 (OA21x2_ASAP7_75t_R)
    12   13.38   47.00   37.60 7289.60 ^ _226633_/Y (OA21x2_ASAP7_75t_R)
                                         _162874_ (net)
                 47.34    2.27 7291.87 ^ _226945_/A1 (AOI21x1_ASAP7_75t_R)
     2    2.36   23.39   18.39 7310.26 v _226945_/Y (AOI21x1_ASAP7_75t_R)
                                         _163186_ (net)
                 23.41    0.32 7310.58 v _226946_/B (AO21x1_ASAP7_75t_R)
     1    1.32   10.36   20.54 7331.12 v _226946_/Y (AO21x1_ASAP7_75t_R)
                                         _163187_ (net)
                 10.37    0.15 7331.26 v _226947_/C (AOI221x1_ASAP7_75t_R)
     2    2.36   29.37   16.67 7347.94 ^ _226947_/Y (AOI221x1_ASAP7_75t_R)
                                         _163188_ (net)
                 29.40    0.57 7348.51 ^ _226983_/E (AND5x1_ASAP7_75t_R)
     3    4.14   32.36   40.83 7389.34 ^ _226983_/Y (AND5x1_ASAP7_75t_R)
                                         _163224_ (net)
                 32.38    0.34 7389.68 ^ _227262_/B1 (AOI221x1_ASAP7_75t_R)
     2    3.98   47.23   31.28 7420.96 v _227262_/Y (AOI221x1_ASAP7_75t_R)
                                         _163503_ (net)
                 47.30    1.05 7422.01 v _227275_/A2 (OA211x2_ASAP7_75t_R)
     3    3.82   17.97   37.75 7459.76 v _227275_/Y (OA211x2_ASAP7_75t_R)
                                         _163516_ (net)
                 18.13    0.93 7460.69 v _227284_/C (MAJx2_ASAP7_75t_R)
     1    1.90   11.95   23.55 7484.24 v _227284_/Y (MAJx2_ASAP7_75t_R)
                                         _163525_ (net)
                 11.96    0.21 7484.46 v _227285_/B (XNOR2x1_ASAP7_75t_R)
     2    2.39   35.31   13.49 7497.94 ^ _227285_/Y (XNOR2x1_ASAP7_75t_R)
                                         _163526_ (net)
                 35.32    0.22 7498.16 ^ _227287_/C (NAND3x1_ASAP7_75t_R)
     6    5.16   30.64   19.42 7517.58 v _227287_/Y (NAND3x1_ASAP7_75t_R)
                                         _163528_ (net)
                 30.64    0.28 7517.87 v place54132/A (BUFx3_ASAP7_75t_R)
     1    1.49    6.74   19.34 7537.20 v place54132/Y (BUFx3_ASAP7_75t_R)
                                         net53690 (net)
                  6.75    0.12 7537.32 v _227290_/C (NAND3x1_ASAP7_75t_R)
     1    1.33   30.40   13.16 7550.48 ^ _227290_/Y (NAND3x1_ASAP7_75t_R)
                                         _163531_ (net)
                 30.40    0.07 7550.56 ^ _227291_/B2 (AOI22x1_ASAP7_75t_R)
     2    2.38   22.77   17.26 7567.81 v _227291_/Y (AOI22x1_ASAP7_75t_R)
                                         _163532_ (net)
                 22.81    0.56 7568.37 v _227484_/B (OA211x2_ASAP7_75t_R)
     1    3.78   18.30   34.99 7603.36 v _227484_/Y (OA211x2_ASAP7_75t_R)
                                         _163725_ (net)
                 18.91    1.80 7605.16 v _227512_/A (AND5x2_ASAP7_75t_R)
     3    4.38   16.48   22.53 7627.69 v _227512_/Y (AND5x2_ASAP7_75t_R)
                                         _163753_ (net)
                 16.96    1.53 7629.22 v _227530_/B (OR3x1_ASAP7_75t_R)
     2    2.47   17.73   27.26 7656.48 v _227530_/Y (OR3x1_ASAP7_75t_R)
                                         _163771_ (net)
                 17.77    0.42 7656.90 v _227532_/C (OR3x1_ASAP7_75t_R)
     5    5.96   36.05   35.68 7692.58 v _227532_/Y (OR3x1_ASAP7_75t_R)
                                         _163773_ (net)
                 36.08    0.55 7693.13 v place53899/A (BUFx3_ASAP7_75t_R)
     5    5.17   13.93   23.85 7716.98 v place53899/Y (BUFx3_ASAP7_75t_R)
                                         net53457 (net)
                 14.60    1.64 7718.62 v place53898/A (BUFx3_ASAP7_75t_R)
    12   18.01   37.12   26.11 7744.73 v place53898/Y (BUFx3_ASAP7_75t_R)
                                         net53456 (net)
                 37.16    0.84 7745.57 v _227775_/B (AOI21x1_ASAP7_75t_R)
     1    1.30   19.59   16.60 7762.18 ^ _227775_/Y (AOI21x1_ASAP7_75t_R)
                                         _164016_ (net)
                 19.59    0.14 7762.32 ^ _227776_/B (NOR2x1_ASAP7_75t_R)
     1    0.99   10.99    9.67 7771.99 v _227776_/Y (NOR2x1_ASAP7_75t_R)
                                         _164017_ (net)
                 11.00    0.13 7772.11 v _227777_/A2 (AO21x1_ASAP7_75t_R)
     2    1.60   11.82   17.65 7789.76 v _227777_/Y (AO21x1_ASAP7_75t_R)
                                         _164018_ (net)
                 11.83    0.21 7789.97 v _227783_/A3 (AO32x1_ASAP7_75t_R)
     2    2.13   15.69   27.81 7817.78 v _227783_/Y (AO32x1_ASAP7_75t_R)
                                         _164024_ (net)
                 15.70    0.17 7817.95 v _227860_/A1 (OAI21x1_ASAP7_75t_R)
     2    3.26   25.95   17.24 7835.18 ^ _227860_/Y (OAI21x1_ASAP7_75t_R)
                                         _164101_ (net)
                 26.10    1.06 7836.25 ^ place53699/A (BUFx3_ASAP7_75t_R)
     4    3.65   11.14   19.29 7855.54 ^ place53699/Y (BUFx3_ASAP7_75t_R)
                                         net53257 (net)
                 11.17    0.26 7855.80 ^ _227861_/B (NAND2x1_ASAP7_75t_R)
     2    1.57   10.95    8.52 7864.32 v _227861_/Y (NAND2x1_ASAP7_75t_R)
                                         _164102_ (net)
                 10.95    0.11 7864.43 v _227862_/B (AND2x2_ASAP7_75t_R)
     9    9.00   27.88   24.81 7889.24 v _227862_/Y (AND2x2_ASAP7_75t_R)
                                         _164103_ (net)
                 28.46    2.23 7891.47 v place53639/A (BUFx3_ASAP7_75t_R)
     3    2.34    8.02   19.81 7911.29 v place53639/Y (BUFx3_ASAP7_75t_R)
                                         net53197 (net)
                  8.03    0.14 7911.43 v _228075_/B (OR4x1_ASAP7_75t_R)
     2    2.89   21.60   31.73 7943.16 v _228075_/Y (OR4x1_ASAP7_75t_R)
                                         _164316_ (net)
                 21.61    0.23 7943.39 v _228244_/A1 (AO22x1_ASAP7_75t_R)
     5    4.74   28.91   32.68 7976.06 v _228244_/Y (AO22x1_ASAP7_75t_R)
                                         _164485_ (net)
                 28.95    0.64 7976.70 v _228253_/A1 (OAI21x1_ASAP7_75t_R)
     2    2.02   36.01   17.56 7994.26 ^ _228253_/Y (OAI21x1_ASAP7_75t_R)
                                         _164494_ (net)
                 36.02    0.32 7994.58 ^ _228296_/A2 (AO221x1_ASAP7_75t_R)
     2    3.18   24.66   32.77 8027.35 ^ _228296_/Y (AO221x1_ASAP7_75t_R)
                                         _164537_ (net)
                 24.77    0.90 8028.25 ^ _228325_/A (NAND2x1_ASAP7_75t_R)
     3    4.13   24.18   15.82 8044.07 v _228325_/Y (NAND2x1_ASAP7_75t_R)
                                         _164566_ (net)
                 24.31    1.01 8045.08 v _228377_/A2 (AO221x2_ASAP7_75t_R)
     4    4.59   19.69   34.62 8079.70 v _228377_/Y (AO221x2_ASAP7_75t_R)
                                         _164618_ (net)
                 19.82    0.90 8080.60 v place53347/A (BUFx6f_ASAP7_75t_R)
     7    7.21   10.51   18.31 8098.91 v place53347/Y (BUFx6f_ASAP7_75t_R)
                                         net52905 (net)
                 10.77    0.89 8099.80 v _228782_/A2 (OA21x2_ASAP7_75t_R)
     1    0.98    8.84   17.71 8117.51 v _228782_/Y (OA21x2_ASAP7_75t_R)
                                         _165023_ (net)
                  8.85    0.12 8117.63 v _228783_/D (OR4x1_ASAP7_75t_R)
     1    0.56    9.36   25.44 8143.07 v _228783_/Y (OR4x1_ASAP7_75t_R)
                                         _165024_ (net)
                  9.36    0.03 8143.10 v _228784_/C (OA211x2_ASAP7_75t_R)
     1    1.42   11.05   28.39 8171.49 v _228784_/Y (OA211x2_ASAP7_75t_R)
                                         _165025_ (net)
                 11.07    0.19 8171.68 v _228785_/B (XNOR2x2_ASAP7_75t_R)
     4    4.68   19.67   24.54 8196.22 v _228785_/Y (XNOR2x2_ASAP7_75t_R)
                                         _165026_ (net)
                 19.89    1.17 8197.39 v _228788_/C (AND3x1_ASAP7_75t_R)
     3    3.01   17.89   21.60 8219.00 v _228788_/Y (AND3x1_ASAP7_75t_R)
                                         _165029_ (net)
                 17.90    0.29 8219.28 v _228858_/A2 (OA21x2_ASAP7_75t_R)
     2    1.62   11.44   20.92 8240.20 v _228858_/Y (OA21x2_ASAP7_75t_R)
                                         _165099_ (net)
                 11.44    0.11 8240.31 v _228873_/A (OR5x1_ASAP7_75t_R)
     2    2.27   20.06   32.22 8272.54 v _228873_/Y (OR5x1_ASAP7_75t_R)
                                         _165114_ (net)
                 20.07    0.21 8272.74 v _228933_/B (AND3x1_ASAP7_75t_R)
     4    4.00   23.37   22.85 8295.59 v _228933_/Y (AND3x1_ASAP7_75t_R)
                                         _165174_ (net)
                 23.48    0.96 8296.54 v _229024_/A2 (AO21x2_ASAP7_75t_R)
     4    4.32   16.30   26.06 8322.60 v _229024_/Y (AO21x2_ASAP7_75t_R)
                                         _165265_ (net)
                 16.40    0.72 8323.32 v place52977/A (BUFx6f_ASAP7_75t_R)
    26   24.05   27.42   19.97 8343.29 v place52977/Y (BUFx6f_ASAP7_75t_R)
                                         net52535 (net)
                 42.89   11.22 8354.51 v _229130_/B (OA211x2_ASAP7_75t_R)
     1    0.96   12.55   37.09 8391.60 v _229130_/Y (OA211x2_ASAP7_75t_R)
                                         _165371_ (net)
                 12.55    0.09 8391.70 v _229140_/A3 (OA33x2_ASAP7_75t_R)
     1    1.60   15.97   30.45 8422.14 v _229140_/Y (OA33x2_ASAP7_75t_R)
                                         _165381_ (net)
                 15.99    0.27 8422.41 v _229141_/C (MAJx2_ASAP7_75t_R)
     2    1.81   12.19   22.89 8445.30 v _229141_/Y (MAJx2_ASAP7_75t_R)
                                         _165382_ (net)
                 12.20    0.19 8445.48 v _229143_/A2 (OA21x2_ASAP7_75t_R)
     2    3.07   12.90   21.26 8466.74 v _229143_/Y (OA21x2_ASAP7_75t_R)
                                         _165384_ (net)
                 13.21    1.08 8467.82 v _229281_/A1 (AO21x2_ASAP7_75t_R)
     5    4.59   16.95   24.43 8492.25 v _229281_/Y (AO21x2_ASAP7_75t_R)
                                         _165522_ (net)
                 17.01    0.58 8492.83 v _229637_/A1 (AOI211x1_ASAP7_75t_R)
     3    3.58   39.70   22.56 8515.39 ^ _229637_/Y (AOI211x1_ASAP7_75t_R)
                                         _165878_ (net)
                 39.75    0.83 8516.22 ^ place52793/A (BUFx6f_ASAP7_75t_R)
    10   10.94   16.46   22.25 8538.47 ^ place52793/Y (BUFx6f_ASAP7_75t_R)
                                         net52351 (net)
                 16.64    1.00 8539.47 ^ _229740_/A2 (OA31x2_ASAP7_75t_R)
     2    2.21   12.33   24.06 8563.53 ^ _229740_/Y (OA31x2_ASAP7_75t_R)
                                         _165981_ (net)
                 12.35    0.28 8563.80 ^ _229741_/A (XNOR2x2_ASAP7_75t_R)
     2    2.20   11.29   23.45 8587.26 ^ _229741_/Y (XNOR2x2_ASAP7_75t_R)
                                         _165982_ (net)
                 11.32    0.28 8587.54 ^ _229742_/A (XNOR2x2_ASAP7_75t_R)
     1    0.77   10.71   24.94 8612.48 v _229742_/Y (XNOR2x2_ASAP7_75t_R)
                                         _165983_ (net)
                 10.71    0.08 8612.56 v _229743_/C (AO221x1_ASAP7_75t_R)
     2    2.84   19.54   28.87 8641.43 v _229743_/Y (AO221x1_ASAP7_75t_R)
                                         _165984_ (net)
                 19.56    0.27 8641.69 v _229749_/C (AOI211x1_ASAP7_75t_R)
     2    3.49   38.16   23.18 8664.87 ^ _229749_/Y (AOI211x1_ASAP7_75t_R)
                                         _165990_ (net)
                 38.19    0.59 8665.46 ^ _229763_/B (NOR2x2_ASAP7_75t_R)
     3    3.17   17.46   14.74 8680.21 v _229763_/Y (NOR2x2_ASAP7_75t_R)
                                         _166004_ (net)
                 17.49    0.42 8680.62 v _229817_/A1 (AO211x2_ASAP7_75t_R)
     2    1.61    8.39   19.29 8699.92 v _229817_/Y (AO211x2_ASAP7_75t_R)
                                         _166058_ (net)
                  8.40    0.17 8700.09 v _229943_/A1 (AO21x2_ASAP7_75t_R)
    10   11.10   34.55   30.13 8730.22 v _229943_/Y (AO21x2_ASAP7_75t_R)
                                         _166184_ (net)
                 35.03    2.32 8732.54 v place51879/A (BUFx3_ASAP7_75t_R)
     4    3.81   11.03   22.72 8755.27 v place51879/Y (BUFx3_ASAP7_75t_R)
                                         net51437 (net)
                 11.14    0.60 8755.87 v _230114_/B1 (AO221x1_ASAP7_75t_R)
     1    0.87   10.39   20.98 8776.85 v _230114_/Y (AO221x1_ASAP7_75t_R)
                                         _166355_ (net)
                 10.39    0.10 8776.95 v _230117_/B1 (AO221x1_ASAP7_75t_R)
     2    1.84   14.62   23.94 8800.89 v _230117_/Y (AO221x1_ASAP7_75t_R)
                                         _166358_ (net)
                 14.64    0.22 8801.11 v _230365_/B (AND2x2_ASAP7_75t_R)
     2    2.88   11.01   19.11 8820.21 v _230365_/Y (AND2x2_ASAP7_75t_R)
                                         _166606_ (net)
                 11.06    0.38 8820.59 v _230366_/B (XNOR2x1_ASAP7_75t_R)
     2    1.60   25.86   16.82 8837.41 v _230366_/Y (XNOR2x1_ASAP7_75t_R)
                                         _166607_ (net)
                 25.87    0.15 8837.56 v _230380_/B (OA211x2_ASAP7_75t_R)
     2    2.51   14.14   34.29 8871.86 v _230380_/Y (OA211x2_ASAP7_75t_R)
                                         _166621_ (net)
                 14.19    0.42 8872.27 v _230513_/A2 (AO31x2_ASAP7_75t_R)
     2    1.96    8.40   16.81 8889.09 v _230513_/Y (AO31x2_ASAP7_75t_R)
                                         _166754_ (net)
                  8.41    0.16 8889.25 v _230514_/C (AOI221x1_ASAP7_75t_R)
     3    3.28   39.41   19.60 8908.85 ^ _230514_/Y (AOI221x1_ASAP7_75t_R)
                                         _166755_ (net)
                 39.44    0.56 8909.40 ^ _230515_/B (OAI21x1_ASAP7_75t_R)
     1    1.55   17.99   15.03 8924.43 v _230515_/Y (OAI21x1_ASAP7_75t_R)
                                         _166756_ (net)
                 17.99    0.13 8924.56 v place51404/A (BUFx6f_ASAP7_75t_R)
    16   15.24   18.79   19.88 8944.44 v place51404/Y (BUFx6f_ASAP7_75t_R)
                                         net50962 (net)
                 19.06    1.36 8945.80 v place51402/A (BUFx6f_ASAP7_75t_R)
    14   12.83   15.42   20.56 8966.36 v place51402/Y (BUFx6f_ASAP7_75t_R)
                                         net50960 (net)
                 16.04    1.66 8968.03 v place51401/A (BUFx3_ASAP7_75t_R)
    13   12.13   25.02   24.34 8992.37 v place51401/Y (BUFx3_ASAP7_75t_R)
                                         net50959 (net)
                 25.47    1.87 8994.24 v _230875_/B (AND2x2_ASAP7_75t_R)
     2    2.23    9.67   21.23 9015.47 v _230875_/Y (AND2x2_ASAP7_75t_R)
                                         _167116_ (net)
                  9.69    0.23 9015.70 v _230881_/A3 (AO32x1_ASAP7_75t_R)
     1    0.96   13.01   23.69 9039.38 v _230881_/Y (AO32x1_ASAP7_75t_R)
                                         _167122_ (net)
                 13.02    0.13 9039.51 v _230889_/B1 (AO221x1_ASAP7_75t_R)
     2    1.63   13.45   24.04 9063.55 v _230889_/Y (AO221x1_ASAP7_75t_R)
                                         _167130_ (net)
                 13.46    0.21 9063.76 v _230897_/A2 (OA33x2_ASAP7_75t_R)
     1    0.73   12.81   29.40 9093.16 v _230897_/Y (OA33x2_ASAP7_75t_R)
                                         _167138_ (net)
                 12.81    0.04 9093.20 v _230898_/B (OA21x2_ASAP7_75t_R)
     1    0.59    6.99   13.77 9106.97 v _230898_/Y (OA21x2_ASAP7_75t_R)
                                         _167139_ (net)
                  6.99    0.06 9107.02 v _230906_/B (OA211x2_ASAP7_75t_R)
     4    4.55   19.79   31.52 9138.54 v _230906_/Y (OA211x2_ASAP7_75t_R)
                                         _167147_ (net)
                 19.84    0.52 9139.06 v _230940_/C (MAJx2_ASAP7_75t_R)
     2    2.40   13.73   24.82 9163.88 v _230940_/Y (MAJx2_ASAP7_75t_R)
                                         _167181_ (net)
                 13.74    0.22 9164.10 v place51122/A (BUFx3_ASAP7_75t_R)
     3    2.54    7.87   16.09 9180.19 v place51122/Y (BUFx3_ASAP7_75t_R)
                                         net50680 (net)
                  7.88    0.16 9180.35 v _230950_/B (XNOR2x2_ASAP7_75t_R)
     1    0.74    9.24   20.01 9200.37 ^ _230950_/Y (XNOR2x2_ASAP7_75t_R)
                                         _167191_ (net)
                  9.24    0.04 9200.41 ^ _230951_/C (AND3x1_ASAP7_75t_R)
     2    2.09   17.55   22.21 9222.61 ^ _230951_/Y (AND3x1_ASAP7_75t_R)
                                         _167192_ (net)
                 17.57    0.24 9222.85 ^ place51079/A (BUFx3_ASAP7_75t_R)
     1    1.36    6.44   15.04 9237.89 ^ place51079/Y (BUFx3_ASAP7_75t_R)
                                         net50637 (net)
                  6.46    0.18 9238.07 ^ _231188_/B (XNOR2x2_ASAP7_75t_R)
     2    2.31   10.98   26.38 9264.45 v _231188_/Y (XNOR2x2_ASAP7_75t_R)
                                         _167429_ (net)
                 11.00    0.25 9264.70 v _231259_/C (MAJx2_ASAP7_75t_R)
     1    1.33   11.48   20.83 9285.54 v _231259_/Y (MAJx2_ASAP7_75t_R)
                                         _167500_ (net)
                 11.49    0.15 9285.69 v _231260_/C (MAJx2_ASAP7_75t_R)
     1    1.33   10.59   20.95 9306.65 v _231260_/Y (MAJx2_ASAP7_75t_R)
                                         _167501_ (net)
                 10.60    0.16 9306.81 v _231261_/C (MAJx2_ASAP7_75t_R)
     3    3.02   14.83   23.52 9330.33 v _231261_/Y (MAJx2_ASAP7_75t_R)
                                         _167502_ (net)
                 14.89    0.52 9330.85 v _231262_/B (NAND2x1_ASAP7_75t_R)
     2    2.17   18.37   13.38 9344.23 ^ _231262_/Y (NAND2x1_ASAP7_75t_R)
                                         _167503_ (net)
                 18.38    0.24 9344.47 ^ _231371_/D (AND5x2_ASAP7_75t_R)
     7    7.15   30.58   39.46 9383.93 ^ _231371_/Y (AND5x2_ASAP7_75t_R)
                                         _167612_ (net)
                 30.94    1.83 9385.75 ^ _231376_/B (NAND2x1p5_ASAP7_75t_R)
     8    7.59   31.92   21.22 9406.98 v _231376_/Y (NAND2x1p5_ASAP7_75t_R)
                                         _167617_ (net)
                 31.97    0.71 9407.69 v place50895/A (BUFx3_ASAP7_75t_R)
     6    5.35   13.32   23.50 9431.19 v place50895/Y (BUFx3_ASAP7_75t_R)
                                         net50453 (net)
                 13.39    0.51 9431.70 v _231535_/A2 (OA211x2_ASAP7_75t_R)
     1    0.77    9.42   23.29 9454.99 v _231535_/Y (OA211x2_ASAP7_75t_R)
                                         _167776_ (net)
                  9.42    0.08 9455.08 v _231539_/A3 (AO32x1_ASAP7_75t_R)
     1    0.83   10.70   23.22 9478.29 v _231539_/Y (AO32x1_ASAP7_75t_R)
                                         _167780_ (net)
                 10.70    0.10 9478.39 v _231540_/C (AO221x1_ASAP7_75t_R)
     2    2.49   18.62   27.69 9506.08 v _231540_/Y (AO221x1_ASAP7_75t_R)
                                         _167781_ (net)
                 18.67    0.55 9506.63 v _231543_/A (NAND2x1_ASAP7_75t_R)
     1    1.30   15.09   13.77 9520.39 ^ _231543_/Y (NAND2x1_ASAP7_75t_R)
                                         _167784_ (net)
                 15.09    0.15 9520.54 ^ _231544_/C (MAJx2_ASAP7_75t_R)
     2    1.94   13.89   20.02 9540.56 ^ _231544_/Y (MAJx2_ASAP7_75t_R)
                                         _167785_ (net)
                 13.91    0.32 9540.87 ^ _231549_/A1 (OA21x2_ASAP7_75t_R)
     2    2.13   10.88   19.53 9560.40 ^ _231549_/Y (OA21x2_ASAP7_75t_R)
                                         _167790_ (net)
                 10.89    0.13 9560.54 ^ _231555_/A2 (OAI21x1_ASAP7_75t_R)
     2    2.04   13.99    9.90 9570.43 v _231555_/Y (OAI21x1_ASAP7_75t_R)
                                         _167796_ (net)
                 14.01    0.31 9570.74 v _231609_/A1 (AO21x2_ASAP7_75t_R)
     2    2.14   12.44   21.25 9591.99 v _231609_/Y (AO21x2_ASAP7_75t_R)
                                         _167850_ (net)
                 12.46    0.26 9592.25 v _231767_/A2 (AO211x2_ASAP7_75t_R)
     3    4.53   16.65   23.14 9615.39 v _231767_/Y (AO211x2_ASAP7_75t_R)
                                         _168008_ (net)
                 16.67    0.35 9615.75 v place50778/A (BUFx3_ASAP7_75t_R)
    24   27.21   54.55   31.76 9647.51 v place50778/Y (BUFx3_ASAP7_75t_R)
                                         net50336 (net)
                 56.54    5.74 9653.25 v _231845_/A (NAND2x1_ASAP7_75t_R)
     1    1.22   22.47   21.40 9674.65 ^ _231845_/Y (NAND2x1_ASAP7_75t_R)
                                         _168086_ (net)
                 22.47    0.10 9674.75 ^ _231846_/B (XNOR2x2_ASAP7_75t_R)
     2    1.49    9.14   24.86 9699.61 ^ _231846_/Y (XNOR2x2_ASAP7_75t_R)
                                         _168087_ (net)
                  9.14    0.12 9699.73 ^ _232011_/B (OA211x2_ASAP7_75t_R)
     1    1.14    9.34   20.19 9719.92 ^ _232011_/Y (OA211x2_ASAP7_75t_R)
                                         _168252_ (net)
                  9.36    0.19 9720.11 ^ _232012_/E (AND5x1_ASAP7_75t_R)
     1    1.05   13.91   30.79 9750.90 ^ _232012_/Y (AND5x1_ASAP7_75t_R)
                                         _168253_ (net)
                 13.91    0.13 9751.04 ^ _232061_/C (AND5x1_ASAP7_75t_R)
     1    1.28   15.16   31.06 9782.10 ^ _232061_/Y (AND5x1_ASAP7_75t_R)
                                         _168302_ (net)
                 15.17    0.22 9782.32 ^ _232067_/A (AND5x1_ASAP7_75t_R)
     2    1.68   17.40   29.83 9812.15 ^ _232067_/Y (AND5x1_ASAP7_75t_R)
                                         _168308_ (net)
                 17.40    0.14 9812.29 ^ _232096_/A (AND4x2_ASAP7_75t_R)
     4    9.06   40.14   36.99 9849.29 ^ _232096_/Y (AND4x2_ASAP7_75t_R)
                                         _168337_ (net)
                 46.95    8.56 9857.85 ^ place50665/A (BUFx6f_ASAP7_75t_R)
     4    3.53    8.17   19.88 9877.73 ^ place50665/Y (BUFx6f_ASAP7_75t_R)
                                         net50223 (net)
                  8.19    0.20 9877.93 ^ _232159_/A2 (AOI21x1_ASAP7_75t_R)
     3    3.12   18.57   11.47 9889.40 v _232159_/Y (AOI21x1_ASAP7_75t_R)
                                         _168400_ (net)
                 18.58    0.27 9889.67 v _232162_/B1 (AO221x1_ASAP7_75t_R)
     4    3.94   25.21   31.84 9921.51 v _232162_/Y (AO221x1_ASAP7_75t_R)
                                         _168403_ (net)
                 25.23    0.36 9921.87 v _232246_/B (AO21x1_ASAP7_75t_R)
     2    1.82   13.96   22.16 9944.03 v _232246_/Y (AO21x1_ASAP7_75t_R)
                                         _168487_ (net)
                 13.98    0.24 9944.27 v _232279_/A1 (AO21x1_ASAP7_75t_R)
     3    3.53   21.55   24.11 9968.38 v _232279_/Y (AO21x1_ASAP7_75t_R)
                                         _168520_ (net)
                 21.61    0.71 9969.08 v _232503_/A1 (AO22x2_ASAP7_75t_R)
     5    5.50   19.53   28.89 9997.97 v _232503_/Y (AO22x2_ASAP7_75t_R)
                                         _168744_ (net)
                 19.76    1.17 9999.14 v _232535_/B (MAJx2_ASAP7_75t_R)
     1    1.21    8.14   24.39 10023.53 v _232535_/Y (MAJx2_ASAP7_75t_R)
                                         _168776_ (net)
                  8.15    0.15 10023.68 v _232536_/B (XNOR2x2_ASAP7_75t_R)
     2    2.38   11.88   22.53 10046.21 ^ _232536_/Y (XNOR2x2_ASAP7_75t_R)
                                         _168777_ (net)
                 11.93    0.38 10046.59 ^ _232538_/C (AND3x2_ASAP7_75t_R)
     2    1.69   11.11   22.26 10068.85 ^ _232538_/Y (AND3x2_ASAP7_75t_R)
                                         _168779_ (net)
                 11.12    0.16 10069.00 ^ place50200/A (BUFx3_ASAP7_75t_R)
     4    5.24   14.19   17.20 10086.20 ^ place50200/Y (BUFx3_ASAP7_75t_R)
                                         net49758 (net)
                 14.25    0.51 10086.71 ^ _232627_/C (NOR3x2_ASAP7_75t_R)
     4    4.34   33.61   15.98 10102.70 v _232627_/Y (NOR3x2_ASAP7_75t_R)
                                         _168868_ (net)
                 33.65    0.60 10103.29 v _232628_/B (AO211x2_ASAP7_75t_R)
     3    3.90   16.52   26.19 10129.48 v _232628_/Y (AO211x2_ASAP7_75t_R)
                                         _168869_ (net)
                 16.74    1.04 10130.52 v place50007/A (BUFx3_ASAP7_75t_R)
     4    3.86   10.37   18.21 10148.73 v place50007/Y (BUFx3_ASAP7_75t_R)
                                         net49565 (net)
                 10.37    0.10 10148.83 v _232664_/A (OR3x1_ASAP7_75t_R)
     3    2.45   17.57   24.74 10173.57 v _232664_/Y (OR3x1_ASAP7_75t_R)
                                         _168905_ (net)
                 17.58    0.26 10173.84 v _232668_/B2 (AO221x1_ASAP7_75t_R)
     3    3.19   21.34   30.43 10204.27 v _232668_/Y (AO221x1_ASAP7_75t_R)
                                         _168909_ (net)
                 21.36    0.38 10204.65 v _232669_/B (AO31x2_ASAP7_75t_R)
     7    5.93   19.28   24.71 10229.36 v _232669_/Y (AO31x2_ASAP7_75t_R)
                                         _168910_ (net)
                 19.66    1.51 10230.87 v _232673_/B (OA211x2_ASAP7_75t_R)
     3    3.48   17.53   33.76 10264.63 v _232673_/Y (OA211x2_ASAP7_75t_R)
                                         _168914_ (net)
                 17.61    0.61 10265.24 v _232983_/B (AO21x2_ASAP7_75t_R)
     7    7.84   26.58   29.10 10294.34 v _232983_/Y (AO21x2_ASAP7_75t_R)
                                         _169224_ (net)
                 26.92    1.71 10296.05 v place49709/A (BUFx3_ASAP7_75t_R)
     7    8.34   19.40   23.89 10319.94 v place49709/Y (BUFx3_ASAP7_75t_R)
                                         net49267 (net)
                 20.35    2.32 10322.26 v _233645_/A (NAND2x1_ASAP7_75t_R)
     4    3.01   24.88   19.10 10341.35 ^ _233645_/Y (NAND2x1_ASAP7_75t_R)
                                         _169886_ (net)
                 24.89    0.28 10341.63 ^ _233647_/A2 (OA211x2_ASAP7_75t_R)
     1    0.90    8.75   22.88 10364.52 ^ _233647_/Y (OA211x2_ASAP7_75t_R)
                                         _169888_ (net)
                  8.75    0.10 10364.62 ^ _233652_/A2 (AO21x1_ASAP7_75t_R)
     1    0.84    8.53   13.80 10378.42 ^ _233652_/Y (AO21x1_ASAP7_75t_R)
                                         _169893_ (net)
                  8.53    0.06 10378.48 ^ _233719_/A2 (AO21x1_ASAP7_75t_R)
     2    2.74   19.89   19.06 10397.54 ^ _233719_/Y (AO21x1_ASAP7_75t_R)
                                         _169960_ (net)
                 19.93    0.59 10398.13 ^ _233721_/D (AND5x2_ASAP7_75t_R)
     2    2.06   13.98   32.44 10430.57 ^ _233721_/Y (AND5x2_ASAP7_75t_R)
                                         _169962_ (net)
                 13.99    0.16 10430.73 ^ _233967_/C (AND3x4_ASAP7_75t_R)
     2    2.11    9.21   21.39 10452.12 ^ _233967_/Y (AND3x4_ASAP7_75t_R)
                                         _170208_ (net)
                  9.24    0.22 10452.34 ^ _235036_/B (AND5x2_ASAP7_75t_R)
     2    2.15   14.05   27.40 10479.74 ^ _235036_/Y (AND5x2_ASAP7_75t_R)
                                         _171277_ (net)
                 14.09    0.36 10480.10 ^ place49466/A (BUFx3_ASAP7_75t_R)
     3    2.40    8.35   15.27 10495.36 ^ place49466/Y (BUFx3_ASAP7_75t_R)
                                         net49024 (net)
                  8.36    0.18 10495.55 ^ _235237_/B (AND5x1_ASAP7_75t_R)
     1    1.41   15.89   29.08 10524.63 ^ _235237_/Y (AND5x1_ASAP7_75t_R)
                                         _171478_ (net)
                 15.89    0.19 10524.82 ^ _235239_/C (AOI211x1_ASAP7_75t_R)
     2    2.26   31.92   12.83 10537.65 v _235239_/Y (AOI211x1_ASAP7_75t_R)
                                         _171480_ (net)
                 31.92    0.14 10537.79 v _235240_/A (NAND2x1_ASAP7_75t_R)
     3    2.48   24.75   20.93 10558.72 ^ _235240_/Y (NAND2x1_ASAP7_75t_R)
                                         _171481_ (net)
                 24.76    0.40 10559.12 ^ _235289_/A1 (OA211x2_ASAP7_75t_R)
     4    6.17   26.29   31.30 10590.41 ^ _235289_/Y (OA211x2_ASAP7_75t_R)
                                         _171530_ (net)
                 27.99    3.57 10593.98 ^ _255129_/A1 (AOI21x1_ASAP7_75t_R)
     6    5.67   33.70   22.55 10616.53 v _255129_/Y (AOI21x1_ASAP7_75t_R)
                                         _191369_ (net)
                 33.94    1.57 10618.10 v _285397_/E (OR5x1_ASAP7_75t_R)
     3    2.27   22.09   41.53 10659.63 v _285397_/Y (OR5x1_ASAP7_75t_R)
                                         _046137_ (net)
                 22.10    0.19 10659.82 v _286027_/A1 (OA211x2_ASAP7_75t_R)
     5   29.89   94.91   42.88 10702.70 v _286027_/Y (OA211x2_ASAP7_75t_R)
                                         _046766_ (net)
                117.70   24.12 10726.82 v place49078/A (BUFx6f_ASAP7_75t_R)
    29   30.37   35.87   36.97 10763.79 v place49078/Y (BUFx6f_ASAP7_75t_R)
                                         net48636 (net)
                 71.40   20.56 10784.35 v _373562_/A1 (AO21x1_ASAP7_75t_R)
     1    1.00    9.94   28.44 10812.79 v _373562_/Y (AO21x1_ASAP7_75t_R)
                                         _119105_ (net)
                  9.95    0.13 10812.92 v _373563_/B (OA21x2_ASAP7_75t_R)
     1    1.41   11.45   14.01 10826.93 v _373563_/Y (OA21x2_ASAP7_75t_R)
                                         _119106_ (net)
                 11.46    0.18 10827.11 v _373564_/B (NOR2x1_ASAP7_75t_R)
     1    1.01   21.79    8.46 10835.57 ^ _373564_/Y (NOR2x1_ASAP7_75t_R)
                                         u_fp_prf._00038_[28] (net)
                 21.79    0.11 10835.68 ^ _388327_/D (DFFHQNx1_ASAP7_75t_R)
                               10835.68   data arrival time

                       1000.00 1000.00   clock core_clk (rise edge)
                          0.00 1000.00   clock source latency
     1   23.35   20.00    0.00 1000.00 ^ clk (in)
                                         clk (net)
                 85.58   20.69 1020.69 ^ wire96739/A (BUFx12f_ASAP7_75t_R)
     1   21.05   13.50   24.61 1045.30 ^ wire96739/Y (BUFx12f_ASAP7_75t_R)
                                         net96297 (net)
                 65.43   20.27 1065.57 ^ clkbuf_0_clk/A (BUFx24_ASAP7_75t_R)
     2   17.69   14.52   31.48 1097.04 ^ clkbuf_0_clk/Y (BUFx24_ASAP7_75t_R)
                                         clknet_0_clk (net)
                 21.76    5.31 1102.35 ^ clkbuf_1_1_0_clk/A (BUFx24_ASAP7_75t_R)
     2   13.27   11.20   22.22 1124.57 ^ clkbuf_1_1_0_clk/Y (BUFx24_ASAP7_75t_R)
                                         clknet_1_1_0_clk (net)
                 14.00    2.71 1127.28 ^ clkbuf_2_3_0_clk/A (BUFx24_ASAP7_75t_R)
     2   14.70    9.58   19.51 1146.79 ^ clkbuf_2_3_0_clk/Y (BUFx24_ASAP7_75t_R)
                                         clknet_2_3_0_clk (net)
                 26.83    7.70 1154.49 ^ clkbuf_3_7_0_clk/A (BUFx24_ASAP7_75t_R)
     2   12.40   10.90   23.21 1177.70 ^ clkbuf_3_7_0_clk/Y (BUFx24_ASAP7_75t_R)
                                         clknet_3_7_0_clk (net)
                 16.00    3.81 1181.51 ^ clkbuf_4_15_0_clk/A (BUFx24_ASAP7_75t_R)
     4   20.64   15.15   21.35 1202.86 ^ clkbuf_4_15_0_clk/Y (BUFx24_ASAP7_75t_R)
                                         clknet_4_15_0_clk (net)
                 19.08    3.92 1206.78 ^ clkbuf_6_60_0_clk/A (BUFx24_ASAP7_75t_R)
     2    7.14    8.81   20.90 1227.68 ^ clkbuf_6_60_0_clk/Y (BUFx24_ASAP7_75t_R)
                                         clknet_6_60_0_clk (net)
                  9.49    1.26 1228.94 ^ clkbuf_7_121__f_clk/A (BUFx24_ASAP7_75t_R)
     5   14.05   11.79   19.15 1248.09 ^ clkbuf_7_121__f_clk/Y (BUFx24_ASAP7_75t_R)
                                         clknet_7_121__leaf_clk (net)
                 12.72    1.67 1249.76 ^ clkbuf_leaf_453_clk/A (BUFx24_ASAP7_75t_R)
    18   14.05   11.82   20.08 1269.85 ^ clkbuf_leaf_453_clk/Y (BUFx24_ASAP7_75t_R)
                                         clknet_leaf_453_clk (net)
                 12.76    1.67 1271.51 ^ _388327_/CLK (DFFHQNx1_ASAP7_75t_R)
                        -50.00 1221.51   clock uncertainty
                          0.00 1221.51   clock reconvergence pessimism
                        -10.91 1210.60   library setup time
                               1210.60   data required time
-----------------------------------------------------------------------------
                               1210.60   data required time
                               -10835.68   data arrival time
-----------------------------------------------------------------------------
                               -9625.08   slack (VIOLATED)


Startpoint: _399544_ (rising edge-triggered flip-flop clocked by core_clk)
Endpoint: dmem_req_addr[13] (output port clocked by core_clk)
Path Group: reg2out
Path Type: max

Fanout     Cap    Slew   Delay    Time   Description
-----------------------------------------------------------------------------
                          0.00    0.00   clock core_clk (rise edge)
                          0.00    0.00   clock source latency
     1   23.89   20.00    0.00    0.00 ^ clk (in)
                                         clk (net)
                 88.45   21.59   21.59 ^ wire96739/A (BUFx12f_ASAP7_75t_R)
     1   21.65   13.49   24.83   46.42 ^ wire96739/Y (BUFx12f_ASAP7_75t_R)
                                         net96297 (net)
                 68.62   21.29   67.72 ^ clkbuf_0_clk/A (BUFx24_ASAP7_75t_R)
     2   18.89   15.14   32.09   99.81 ^ clkbuf_0_clk/Y (BUFx24_ASAP7_75t_R)
                                         clknet_0_clk (net)
                 23.33    5.77  105.58 ^ clkbuf_1_1_0_clk/A (BUFx24_ASAP7_75t_R)
     2   14.47   11.80   22.71  128.29 ^ clkbuf_1_1_0_clk/Y (BUFx24_ASAP7_75t_R)
                                         clknet_1_1_0_clk (net)
                 18.71    4.79  133.07 ^ clkbuf_2_2_0_clk/A (BUFx24_ASAP7_75t_R)
     2   15.47   10.01   20.98  154.05 ^ clkbuf_2_2_0_clk/Y (BUFx24_ASAP7_75t_R)
                                         clknet_2_2_0_clk (net)
                 27.19    7.77  161.82 ^ clkbuf_3_4_0_clk/A (BUFx24_ASAP7_75t_R)
     2   13.29   10.52   23.25  185.07 ^ clkbuf_3_4_0_clk/Y (BUFx24_ASAP7_75t_R)
                                         clknet_3_4_0_clk (net)
                 21.94    6.06  191.13 ^ clkbuf_4_9_0_clk/A (BUFx24_ASAP7_75t_R)
     4   24.32   16.92   23.04  214.16 ^ clkbuf_4_9_0_clk/Y (BUFx24_ASAP7_75t_R)
                                         clknet_4_9_0_clk (net)
                 26.38    6.59  220.76 ^ clkbuf_6_37_0_clk/A (BUFx24_ASAP7_75t_R)
     2    8.08    9.37   22.81  243.57 ^ clkbuf_6_37_0_clk/Y (BUFx24_ASAP7_75t_R)
                                         clknet_6_37_0_clk (net)
                 11.13    2.08  245.64 ^ clkbuf_7_74__f_clk/A (BUFx24_ASAP7_75t_R)
     6   20.37   14.87   20.51  266.15 ^ clkbuf_7_74__f_clk/Y (BUFx24_ASAP7_75t_R)
                                         clknet_7_74__leaf_clk (net)
                 15.94    2.07  268.22 ^ clkbuf_leaf_187_clk/A (BUFx24_ASAP7_75t_R)
    22   16.23   12.72   20.97  289.19 ^ clkbuf_leaf_187_clk/Y (BUFx24_ASAP7_75t_R)
                                         clknet_leaf_187_clk (net)
                 17.58    4.07  293.27 ^ _399544_/CLK (DFFHQNx1_ASAP7_75t_R)
     2    4.01   33.58   49.21  342.48 ^ _399544_/QN (DFFHQNx1_ASAP7_75t_R)
                                         _014429_ (net)
                 33.64    0.81  343.29 ^ _192395_/C (AND3x2_ASAP7_75t_R)
     4    8.81   35.62   34.60  377.89 ^ _192395_/Y (AND3x2_ASAP7_75t_R)
                                         _128669_ (net)
                 36.45    3.04  380.93 ^ place90017/A (BUFx3_ASAP7_75t_R)
     2    2.29    8.93   19.68  400.60 ^ place90017/Y (BUFx3_ASAP7_75t_R)
                                         net89575 (net)
                  8.98    0.35  400.95 ^ place90016/A (BUFx3_ASAP7_75t_R)
     7   30.23   70.60   22.95  423.91 ^ place90016/Y (BUFx3_ASAP7_75t_R)
                                         net89574 (net)
                127.19   36.33  460.23 ^ _192539_/A (NAND2x1_ASAP7_75t_R)
     2    1.76   24.90   15.27  475.50 v _192539_/Y (NAND2x1_ASAP7_75t_R)
                                         _128813_ (net)
                 24.90    0.22  475.72 v _192624_/A (OR3x4_ASAP7_75t_R)
     3    9.01   26.11   42.35  518.06 v _192624_/Y (OR3x4_ASAP7_75t_R)
                                         _128898_ (net)
                 26.38    1.62  519.68 v place88648/A (BUFx6f_ASAP7_75t_R)
    17   47.37   50.61   30.21  549.89 v place88648/Y (BUFx6f_ASAP7_75t_R)
                                         net88206 (net)
                 55.61    8.26  558.15 v place88646/A (BUFx6f_ASAP7_75t_R)
    14   22.41   27.74   28.42  586.57 v place88646/Y (BUFx6f_ASAP7_75t_R)
                                         net88204 (net)
                 33.39    6.32  592.89 v place88644/A (BUFx6f_ASAP7_75t_R)
    48   59.58   62.76   28.86  621.75 v place88644/Y (BUFx6f_ASAP7_75t_R)
                                         net88202 (net)
                123.64   36.97  658.72 v place88643/A (BUFx6f_ASAP7_75t_R)
    32   34.79   41.22   39.10  697.81 v place88643/Y (BUFx6f_ASAP7_75t_R)
                                         net88201 (net)
                 67.81   18.18  716.00 v _195759_/A2 (OA22x2_ASAP7_75t_R)
     2    1.83   11.85   32.40  748.39 v _195759_/Y (OA22x2_ASAP7_75t_R)
                                         _132033_ (net)
                 11.87    0.22  748.61 v _195763_/A2 (AO21x1_ASAP7_75t_R)
     2    4.25   26.24   24.07  772.68 v _195763_/Y (AO21x1_ASAP7_75t_R)
                                         _132037_ (net)
                 26.46    1.33  774.01 v place86504/A (BUFx3_ASAP7_75t_R)
     1    3.50   10.26   20.32  794.33 v place86504/Y (BUFx3_ASAP7_75t_R)
                                         net86062 (net)
                 10.58    0.99  795.32 v _195778_/A2 (AO221x1_ASAP7_75t_R)
     3    4.22   27.89   31.93  827.25 v _195778_/Y (AO221x1_ASAP7_75t_R)
                                         _132052_ (net)
                 28.08    1.30  828.55 v _197775_/B (AND2x2_ASAP7_75t_R)
     4    3.13   13.39   23.25  851.80 v _197775_/Y (AND2x2_ASAP7_75t_R)
                                         _134049_ (net)
                 13.40    0.22  852.02 v _197779_/B (OR4x1_ASAP7_75t_R)
     1    1.52   15.13   28.47  880.49 v _197779_/Y (OR4x1_ASAP7_75t_R)
                                         _134053_ (net)
                 15.14    0.16  880.65 v place83660/A (BUFx6f_ASAP7_75t_R)
     3   16.43   16.74   18.10  898.75 v place83660/Y (BUFx6f_ASAP7_75t_R)
                                         net83218 (net)
                 42.06   12.21  910.95 v _198023_/A1 (AO21x2_ASAP7_75t_R)
     5   14.02   45.01   38.21  949.16 v _198023_/Y (AO21x2_ASAP7_75t_R)
                                         _134297_ (net)
                 59.90   13.65  962.81 v place82814/A (BUFx3_ASAP7_75t_R)
     3    3.51   11.50   26.85  989.66 v place82814/Y (BUFx3_ASAP7_75t_R)
                                         net82372 (net)
                 11.69    0.79  990.45 v _198608_/A (OR3x1_ASAP7_75t_R)
     4    4.47   28.14   30.25 1020.70 v _198608_/Y (OR3x1_ASAP7_75t_R)
                                         _134882_ (net)
                 28.17    0.66 1021.36 v _198615_/C (OR3x1_ASAP7_75t_R)
     2    8.19   48.64   41.77 1063.13 v _198615_/Y (OR3x1_ASAP7_75t_R)
                                         _134889_ (net)
                 49.29    3.16 1066.29 v place81200/A (BUFx6f_ASAP7_75t_R)
     2    5.43   10.52   23.02 1089.31 v place81200/Y (BUFx6f_ASAP7_75t_R)
                                         net80758 (net)
                 12.97    2.62 1091.93 v place81199/A (BUFx6f_ASAP7_75t_R)
    10   25.74   26.60   16.10 1108.03 v place81199/Y (BUFx6f_ASAP7_75t_R)
                                         net80757 (net)
                 56.76   15.67 1123.70 v _203107_/A2 (OA222x2_ASAP7_75t_R)
     1    0.83    8.68   28.50 1152.20 v _203107_/Y (OA222x2_ASAP7_75t_R)
                                         _139381_ (net)
                  8.69    0.06 1152.25 v _203123_/A (AND4x1_ASAP7_75t_R)
     1    1.12    8.56   12.58 1164.83 v _203123_/Y (AND4x1_ASAP7_75t_R)
                                         _139397_ (net)
                  8.57    0.16 1164.99 v _203124_/D (AND4x1_ASAP7_75t_R)
     2    5.57   32.02   24.09 1189.08 v _203124_/Y (AND4x1_ASAP7_75t_R)
                                         _139398_ (net)
                 32.47    2.13 1191.21 v place79330/A (BUFx3_ASAP7_75t_R)
     1    0.99    6.06   19.18 1210.39 v place79330/Y (BUFx3_ASAP7_75t_R)
                                         net78888 (net)
                  6.07    0.13 1210.52 v _203126_/A2 (AO21x1_ASAP7_75t_R)
     2    4.75   28.20   23.69 1234.21 v _203126_/Y (AO21x1_ASAP7_75t_R)
                                         _139400_ (net)
                 28.32    1.07 1235.29 v _203127_/B (NOR2x2_ASAP7_75t_R)
     2    8.95   40.73   22.11 1257.39 ^ _203127_/Y (NOR2x2_ASAP7_75t_R)
                                         _139401_ (net)
                 41.43    2.94 1260.33 ^ _207903_/A (NAND2x1_ASAP7_75t_R)
     2    2.69   24.39   14.95 1275.29 v _207903_/Y (NAND2x1_ASAP7_75t_R)
                                         _144176_ (net)
                 24.40    0.26 1275.55 v _207951_/B (MAJx2_ASAP7_75t_R)
     2    3.51   16.00   29.08 1304.62 v _207951_/Y (MAJx2_ASAP7_75t_R)
                                         _144223_ (net)
                 16.28    1.16 1305.78 v _208672_/B (MAJx2_ASAP7_75t_R)
     2    2.29   11.24   25.19 1330.97 v _208672_/Y (MAJx2_ASAP7_75t_R)
                                         _144943_ (net)
                 11.26    0.29 1331.26 v _208722_/B (MAJx2_ASAP7_75t_R)
     2    2.28   12.01   23.70 1354.96 v _208722_/Y (MAJx2_ASAP7_75t_R)
                                         _144992_ (net)
                 12.03    0.29 1355.24 v _208759_/B (MAJx2_ASAP7_75t_R)
     2    2.74   13.31   24.67 1379.91 v _208759_/Y (MAJx2_ASAP7_75t_R)
                                         _145028_ (net)
                 13.36    0.44 1380.35 v _208837_/B (MAJx2_ASAP7_75t_R)
     2    3.02   13.78   25.40 1405.75 v _208837_/Y (MAJx2_ASAP7_75t_R)
                                         _145105_ (net)
                 13.92    0.76 1406.51 v _208912_/B (MAJx2_ASAP7_75t_R)
     2    2.44   12.80   24.77 1431.28 v _208912_/Y (MAJx2_ASAP7_75t_R)
                                         _145179_ (net)
                 12.81    0.23 1431.51 v _208937_/B (MAJx2_ASAP7_75t_R)
     2    2.53   12.05   24.55 1456.06 v _208937_/Y (MAJx2_ASAP7_75t_R)
                                         _145203_ (net)
                 12.09    0.38 1456.44 v _209010_/B (MAJx2_ASAP7_75t_R)
     2    2.96   13.76   24.95 1481.38 v _209010_/Y (MAJx2_ASAP7_75t_R)
                                         _145275_ (net)
                 13.86    0.65 1482.03 v _209082_/B (MAJx2_ASAP7_75t_R)
     2    2.67   12.73   25.06 1507.09 v _209082_/Y (MAJx2_ASAP7_75t_R)
                                         _145346_ (net)
                 12.79    0.47 1507.56 v _209182_/B (MAJx2_ASAP7_75t_R)
     2    2.48   14.77   24.48 1532.04 v _209182_/Y (MAJx2_ASAP7_75t_R)
                                         _145445_ (net)
                 14.80    0.32 1532.36 v _209211_/B (MAJx2_ASAP7_75t_R)
     2    2.45   13.55   25.00 1557.35 v _209211_/Y (MAJx2_ASAP7_75t_R)
                                         _145473_ (net)
                 13.59    0.35 1557.71 v _209318_/B (MAJx2_ASAP7_75t_R)
     2    2.44   13.90   24.64 1582.35 v _209318_/Y (MAJx2_ASAP7_75t_R)
                                         _145579_ (net)
                 13.93    0.30 1582.65 v _209357_/B (MAJx2_ASAP7_75t_R)
     2    3.37   15.37   26.10 1608.76 v _209357_/Y (MAJx2_ASAP7_75t_R)
                                         _145617_ (net)
                 15.46    0.62 1609.37 v _209417_/B (MAJx2_ASAP7_75t_R)
     2    2.17   13.49   24.81 1634.18 v _209417_/Y (MAJx2_ASAP7_75t_R)
                                         _145676_ (net)
                 13.49    0.10 1634.29 v _209481_/B (MAJx2_ASAP7_75t_R)
     2    2.75   15.19   25.15 1659.44 v _209481_/Y (MAJx2_ASAP7_75t_R)
                                         _145739_ (net)
                 15.21    0.30 1659.73 v _209517_/B (MAJx2_ASAP7_75t_R)
     2    2.44   12.78   25.14 1684.87 v _209517_/Y (MAJx2_ASAP7_75t_R)
                                         _145774_ (net)
                 12.81    0.31 1685.18 v _209573_/B (MAJx2_ASAP7_75t_R)
     2    2.39   13.57   24.36 1709.54 v _209573_/Y (MAJx2_ASAP7_75t_R)
                                         _145829_ (net)
                 13.59    0.28 1709.81 v _209635_/B (MAJx2_ASAP7_75t_R)
     2    2.75   15.30   25.11 1734.92 v _209635_/Y (MAJx2_ASAP7_75t_R)
                                         _145890_ (net)
                 15.37    0.53 1735.45 v _209690_/B (MAJx2_ASAP7_75t_R)
     2    2.47   14.44   25.23 1760.69 v _209690_/Y (MAJx2_ASAP7_75t_R)
                                         _145944_ (net)
                 14.47    0.30 1760.98 v _209718_/B (MAJx2_ASAP7_75t_R)
     2    2.39   15.24   24.86 1785.84 v _209718_/Y (MAJx2_ASAP7_75t_R)
                                         _145971_ (net)
                 15.26    0.22 1786.06 v _209773_/B (MAJx2_ASAP7_75t_R)
     2    2.62   13.18   25.46 1811.52 v _209773_/Y (MAJx2_ASAP7_75t_R)
                                         _146025_ (net)
                 13.20    0.28 1811.80 v _209836_/B (MAJx2_ASAP7_75t_R)
     2    3.00   15.65   25.47 1837.27 v _209836_/Y (MAJx2_ASAP7_75t_R)
                                         _146087_ (net)
                 15.69    0.46 1837.73 v _209909_/B (MAJx2_ASAP7_75t_R)
     2    2.25   13.76   24.99 1862.72 v _209909_/Y (MAJx2_ASAP7_75t_R)
                                         _146159_ (net)
                 13.77    0.16 1862.88 v _209935_/B (MAJx2_ASAP7_75t_R)
     2    2.96   14.45   25.61 1888.49 v _209935_/Y (MAJx2_ASAP7_75t_R)
                                         _146184_ (net)
                 14.48    0.32 1888.81 v _209997_/B (MAJx2_ASAP7_75t_R)
     2    2.35   13.60   24.77 1913.58 v _209997_/Y (MAJx2_ASAP7_75t_R)
                                         _146245_ (net)
                 13.62    0.26 1913.84 v _210075_/B (MAJx2_ASAP7_75t_R)
     2    2.27   13.89   24.41 1938.25 v _210075_/Y (MAJx2_ASAP7_75t_R)
                                         _146322_ (net)
                 13.90    0.16 1938.41 v _210093_/B (MAJx2_ASAP7_75t_R)
     2    2.31   12.62   24.59 1963.00 v _210093_/Y (MAJx2_ASAP7_75t_R)
                                         _146339_ (net)
                 12.63    0.13 1963.13 v _210144_/B (MAJx2_ASAP7_75t_R)
     2    2.29   12.31   24.15 1987.28 v _210144_/Y (MAJx2_ASAP7_75t_R)
                                         _146389_ (net)
                 12.32    0.23 1987.51 v _210218_/B (MAJx2_ASAP7_75t_R)
     2    2.95   15.29   25.01 2012.52 v _210218_/Y (MAJx2_ASAP7_75t_R)
                                         _146462_ (net)
                 15.40    0.68 2013.20 v _210244_/B (MAJx2_ASAP7_75t_R)
     1    1.34   11.77   23.34 2036.54 v _210244_/Y (MAJx2_ASAP7_75t_R)
                                         _146487_ (net)
                 11.78    0.12 2036.66 v _210254_/A (XNOR2x2_ASAP7_75t_R)
     2    4.63   19.45   26.37 2063.03 ^ _210254_/Y (XNOR2x2_ASAP7_75t_R)
                                         _146497_ (net)
                 19.91    1.62 2064.65 ^ _313940_/B (XNOR2x2_ASAP7_75t_R)
     1    0.87    7.41   23.45 2088.10 ^ _313940_/Y (XNOR2x2_ASAP7_75t_R)
                                         _070561_ (net)
                  7.41    0.08 2088.18 ^ _314011_/A (AND5x1_ASAP7_75t_R)
     2   11.53   80.18   51.87 2140.05 ^ _314011_/Y (AND5x1_ASAP7_75t_R)
                                         _070632_ (net)
                 82.87    7.98 2148.03 ^ _314015_/A (NAND2x1_ASAP7_75t_R)
     2    2.99   26.18   19.00 2167.03 v _314015_/Y (NAND2x1_ASAP7_75t_R)
                                         _070636_ (net)
                 26.19    0.27 2167.29 v _314016_/B (OR2x2_ASAP7_75t_R)
     3    5.53   19.89   27.53 2194.83 v _314016_/Y (OR2x2_ASAP7_75t_R)
                                         _070637_ (net)
                 20.67    2.14 2196.96 v _314885_/B (NOR2x1_ASAP7_75t_R)
     2    1.85   17.49   13.20 2210.17 ^ _314885_/Y (NOR2x1_ASAP7_75t_R)
                                         _071506_ (net)
                 17.51    0.28 2210.45 ^ _314897_/A2 (AO21x1_ASAP7_75t_R)
     1    0.80    8.35   15.63 2226.07 ^ _314897_/Y (AO21x1_ASAP7_75t_R)
                                         _071518_ (net)
                  8.36    0.10 2226.17 ^ _314898_/B1 (AO22x1_ASAP7_75t_R)
     1    1.31   12.65   17.66 2243.83 ^ _314898_/Y (AO22x1_ASAP7_75t_R)
                                         _071519_ (net)
                 12.65    0.11 2243.94 ^ _314899_/B (NAND2x1_ASAP7_75t_R)
     1    1.51   11.12    8.64 2252.58 v _314899_/Y (NAND2x1_ASAP7_75t_R)
                                         _071520_ (net)
                 11.13    0.20 2252.78 v _314903_/A1 (AOI22x1_ASAP7_75t_R)
     2    2.49   22.86   15.34 2268.12 ^ _314903_/Y (AOI22x1_ASAP7_75t_R)
                                         _071524_ (net)
                 22.87    0.21 2268.34 ^ _314904_/B (OAI21x1_ASAP7_75t_R)
     1    0.55   10.98    9.51 2277.85 v _314904_/Y (OAI21x1_ASAP7_75t_R)
                                         _071525_ (net)
                 10.98    0.03 2277.88 v _314908_/B (OA211x2_ASAP7_75t_R)
     1    1.38   10.95   27.31 2305.18 v _314908_/Y (OA211x2_ASAP7_75t_R)
                                         _071529_ (net)
                 10.97    0.18 2305.36 v _314909_/C (MAJx2_ASAP7_75t_R)
     2    2.12   10.65   22.21 2327.56 v _314909_/Y (MAJx2_ASAP7_75t_R)
                                         _071530_ (net)
                 10.66    0.11 2327.67 v _314935_/B (NOR2x1_ASAP7_75t_R)
     1    0.92    9.96    8.04 2335.71 ^ _314935_/Y (NOR2x1_ASAP7_75t_R)
                                         _071556_ (net)
                  9.97    0.11 2335.82 ^ _314936_/B (AO21x1_ASAP7_75t_R)
     2    5.22   35.64   23.21 2359.04 ^ _314936_/Y (AO21x1_ASAP7_75t_R)
                                         _071557_ (net)
                 35.99    1.97 2361.01 ^ _314938_/A2 (AO21x1_ASAP7_75t_R)
     2    2.13   16.61   22.32 2383.33 ^ _314938_/Y (AO21x1_ASAP7_75t_R)
                                         _071559_ (net)
                 16.62    0.23 2383.56 ^ _314939_/B (NAND2x1_ASAP7_75t_R)
     1    2.68   17.14   12.16 2395.72 v _314939_/Y (NAND2x1_ASAP7_75t_R)
                                         _071560_ (net)
                 17.20    0.60 2396.32 v _314940_/B (NAND2x1_ASAP7_75t_R)
     3    5.12   38.31   21.23 2417.55 ^ _314940_/Y (NAND2x1_ASAP7_75t_R)
                                         _071561_ (net)
                 38.83    2.47 2420.02 ^ place62150/A (BUFx6f_ASAP7_75t_R)
     2    2.34    6.73   18.20 2438.22 ^ place62150/Y (BUFx6f_ASAP7_75t_R)
                                         net61708 (net)
                  6.75    0.17 2438.39 ^ _314956_/A2 (OAI22x1_ASAP7_75t_R)
     2    2.21   18.83   10.43 2448.82 v _314956_/Y (OAI22x1_ASAP7_75t_R)
                                         _071577_ (net)
                 18.85    0.43 2449.25 v _315004_/C (AND3x1_ASAP7_75t_R)
     1    1.29   10.36   17.14 2466.40 v _315004_/Y (AND3x1_ASAP7_75t_R)
                                         _071625_ (net)
                 10.37    0.14 2466.54 v _315005_/C (MAJx2_ASAP7_75t_R)
     1    1.13    7.96   20.36 2486.90 v _315005_/Y (MAJx2_ASAP7_75t_R)
                                         _071626_ (net)
                  7.96    0.05 2486.95 v _315006_/C (MAJx2_ASAP7_75t_R)
     1    1.25    8.63   19.92 2506.88 v _315006_/Y (MAJx2_ASAP7_75t_R)
                                         _071627_ (net)
                  8.63    0.09 2506.97 v _315007_/C (MAJx2_ASAP7_75t_R)
     1    1.27    8.63   20.13 2527.10 v _315007_/Y (MAJx2_ASAP7_75t_R)
                                         _071628_ (net)
                  8.63    0.10 2527.20 v _315008_/C (MAJx2_ASAP7_75t_R)
     1    1.47    8.93   20.46 2547.65 v _315008_/Y (MAJx2_ASAP7_75t_R)
                                         _071629_ (net)
                  8.95    0.21 2547.86 v _315009_/A2 (AOI21x1_ASAP7_75t_R)
     1    1.14   14.35    9.60 2557.45 ^ _315009_/Y (AOI21x1_ASAP7_75t_R)
                                         _071630_ (net)
                 14.35    0.06 2557.51 ^ _315012_/A (NOR2x1_ASAP7_75t_R)
     1    1.26   12.03   10.96 2568.48 v _315012_/Y (NOR2x1_ASAP7_75t_R)
                                         _071633_ (net)
                 12.03    0.10 2568.57 v _315013_/C (MAJx2_ASAP7_75t_R)
     1    1.24    8.22   20.96 2589.53 v _315013_/Y (MAJx2_ASAP7_75t_R)
                                         _071634_ (net)
                  8.22    0.09 2589.62 v _315014_/C (MAJx2_ASAP7_75t_R)
     1    1.23    8.36   19.94 2609.56 v _315014_/Y (MAJx2_ASAP7_75t_R)
                                         _071635_ (net)
                  8.37    0.12 2609.68 v _315015_/C (MAJx2_ASAP7_75t_R)
     2    1.62    9.38   20.67 2630.35 v _315015_/Y (MAJx2_ASAP7_75t_R)
                                         _071636_ (net)
                  9.39    0.11 2630.46 v _315016_/C (OR3x1_ASAP7_75t_R)
     2    1.73   13.84   23.85 2654.31 v _315016_/Y (OR3x1_ASAP7_75t_R)
                                         _071637_ (net)
                 13.86    0.27 2654.58 v _315025_/A (AND3x1_ASAP7_75t_R)
     2    2.06   13.14   16.11 2670.69 v _315025_/Y (AND3x1_ASAP7_75t_R)
                                         _071646_ (net)
                 13.16    0.31 2671.00 v _315027_/A2 (AO21x1_ASAP7_75t_R)
     2    3.32   20.50   22.41 2693.41 v _315027_/Y (AO21x1_ASAP7_75t_R)
                                         _071648_ (net)
                 20.53    0.41 2693.82 v _315028_/B (NOR2x1_ASAP7_75t_R)
     2    2.55   21.06   15.26 2709.07 ^ _315028_/Y (NOR2x1_ASAP7_75t_R)
                                         _071649_ (net)
                 21.09    0.48 2709.55 ^ _315070_/B1 (OAI22x1_ASAP7_75t_R)
     2    1.85   18.42   12.68 2722.23 v _315070_/Y (OAI22x1_ASAP7_75t_R)
                                         _071691_ (net)
                 18.43    0.20 2722.43 v _315071_/B (AND2x2_ASAP7_75t_R)
     2    2.23    9.44   19.43 2741.87 v _315071_/Y (AND2x2_ASAP7_75t_R)
                                         _071692_ (net)
                  9.44    0.10 2741.96 v _315101_/B (MAJx2_ASAP7_75t_R)
     1    1.36    8.58   21.63 2763.59 v _315101_/Y (MAJx2_ASAP7_75t_R)
                                         _071722_ (net)
                  8.59    0.17 2763.76 v _315102_/C (MAJx2_ASAP7_75t_R)
     1    1.39    8.66   20.31 2784.08 v _315102_/Y (MAJx2_ASAP7_75t_R)
                                         _071723_ (net)
                  8.67    0.14 2784.21 v _315103_/C (MAJx2_ASAP7_75t_R)
     1    1.32    8.87   20.22 2804.43 v _315103_/Y (MAJx2_ASAP7_75t_R)
                                         _071724_ (net)
                  8.88    0.15 2804.59 v _315104_/C (MAJx2_ASAP7_75t_R)
     1    1.24    8.23   20.16 2824.74 v _315104_/Y (MAJx2_ASAP7_75t_R)
                                         _071725_ (net)
                  8.23    0.09 2824.83 v _315105_/C (MAJx2_ASAP7_75t_R)
     1    1.24    8.27   19.96 2844.80 v _315105_/Y (MAJx2_ASAP7_75t_R)
                                         _071726_ (net)
                  8.28    0.13 2844.92 v _315106_/C (MAJx2_ASAP7_75t_R)
     1    0.75    7.27   19.13 2864.05 v _315106_/Y (MAJx2_ASAP7_75t_R)
                                         _071727_ (net)
                  7.27    0.04 2864.10 v _315107_/A2 (AO21x1_ASAP7_75t_R)
     1    1.26    9.83   15.71 2879.81 v _315107_/Y (AO21x1_ASAP7_75t_R)
                                         _071728_ (net)
                  9.84    0.14 2879.95 v _315111_/A (NAND2x1_ASAP7_75t_R)
     2    2.37   19.44   13.83 2893.78 ^ _315111_/Y (NAND2x1_ASAP7_75t_R)
                                         _071732_ (net)
                 19.44    0.11 2893.89 ^ _315112_/C (MAJx2_ASAP7_75t_R)
     1    0.77    7.01   18.85 2912.74 ^ _315112_/Y (MAJx2_ASAP7_75t_R)
                                         _071733_ (net)
                  7.01    0.05 2912.78 ^ _315113_/C (AND3x1_ASAP7_75t_R)
     1    1.21   11.92   19.12 2931.90 ^ _315113_/Y (AND3x1_ASAP7_75t_R)
                                         _071734_ (net)
                 11.93    0.19 2932.10 ^ _315120_/B (OR3x1_ASAP7_75t_R)
     2    1.37   10.70   14.21 2946.31 ^ _315120_/Y (OR3x1_ASAP7_75t_R)
                                         _071741_ (net)
                 10.70    0.05 2946.36 ^ _315123_/B (AND2x2_ASAP7_75t_R)
     6    6.47   23.98   23.62 2969.98 ^ _315123_/Y (AND2x2_ASAP7_75t_R)
                                         _071744_ (net)
                 24.06    0.83 2970.81 ^ _315178_/B (NAND2x1_ASAP7_75t_R)
     1    0.72    9.88    7.83 2978.64 v _315178_/Y (NAND2x1_ASAP7_75t_R)
                                         _071799_ (net)
                  9.88    0.04 2978.68 v _315179_/B (OA21x2_ASAP7_75t_R)
     2    1.31    7.87   13.87 2992.55 v _315179_/Y (OA21x2_ASAP7_75t_R)
                                         _071800_ (net)
                  7.88    0.14 2992.69 v _315181_/A2 (AO32x1_ASAP7_75t_R)
     2    2.57   18.14   26.28 3018.97 v _315181_/Y (AO32x1_ASAP7_75t_R)
                                         _071802_ (net)
                 18.21    0.62 3019.59 v _315182_/B (OA211x2_ASAP7_75t_R)
     1    0.70    9.28   28.24 3047.83 v _315182_/Y (OA211x2_ASAP7_75t_R)
                                         _071803_ (net)
                  9.28    0.03 3047.86 v _315183_/B (AO21x1_ASAP7_75t_R)
     1    1.21    9.75   17.39 3065.25 v _315183_/Y (AO21x1_ASAP7_75t_R)
                                         _071804_ (net)
                  9.75    0.08 3065.32 v _315184_/C (MAJx2_ASAP7_75t_R)
     1    1.22    8.23   20.35 3085.67 v _315184_/Y (MAJx2_ASAP7_75t_R)
                                         _071805_ (net)
                  8.24    0.12 3085.79 v _315185_/C (MAJx2_ASAP7_75t_R)
     1    1.37    8.61   20.17 3105.97 v _315185_/Y (MAJx2_ASAP7_75t_R)
                                         _071806_ (net)
                  8.62    0.17 3106.14 v _315186_/C (MAJx2_ASAP7_75t_R)
     1    1.16    7.99   19.95 3126.09 v _315186_/Y (MAJx2_ASAP7_75t_R)
                                         _071807_ (net)
                  8.00    0.06 3126.15 v _315187_/C (MAJx2_ASAP7_75t_R)
     1    1.21    8.30   19.86 3146.01 v _315187_/Y (MAJx2_ASAP7_75t_R)
                                         _071808_ (net)
                  8.31    0.08 3146.08 v _315188_/C (MAJx2_ASAP7_75t_R)
     1    0.93    7.38   19.45 3165.54 v _315188_/Y (MAJx2_ASAP7_75t_R)
                                         _071809_ (net)
                  7.39    0.11 3165.64 v _315198_/A2 (AO21x1_ASAP7_75t_R)
     1    1.39   10.49   16.13 3181.77 v _315198_/Y (AO21x1_ASAP7_75t_R)
                                         _071819_ (net)
                 10.50    0.19 3181.96 v _315205_/A (NAND2x1_ASAP7_75t_R)
     2    2.36   19.45   14.02 3195.98 ^ _315205_/Y (NAND2x1_ASAP7_75t_R)
                                         _071826_ (net)
                 19.45    0.15 3196.13 ^ _315206_/C (MAJx2_ASAP7_75t_R)
     1    0.81    7.23   18.93 3215.05 ^ _315206_/Y (MAJx2_ASAP7_75t_R)
                                         _071827_ (net)
                  7.24    0.06 3215.11 ^ _315233_/B (AND3x1_ASAP7_75t_R)
     2    1.72   15.03   20.58 3235.69 ^ _315233_/Y (AND3x1_ASAP7_75t_R)
                                         _071854_ (net)
                 15.05    0.24 3235.93 ^ _315236_/B (OR3x1_ASAP7_75t_R)
     2    1.73   12.98   15.84 3251.77 ^ _315236_/Y (OR3x1_ASAP7_75t_R)
                                         _071857_ (net)
                 13.00    0.22 3251.99 ^ _315238_/A2 (OA211x2_ASAP7_75t_R)
     5    8.60   33.09   31.84 3283.83 ^ _315238_/Y (OA211x2_ASAP7_75t_R)
                                         _071859_ (net)
                 33.18    1.02 3284.85 ^ _315247_/A2 (OA21x2_ASAP7_75t_R)
     4    3.78   18.16   25.42 3310.26 ^ _315247_/Y (OA21x2_ASAP7_75t_R)
                                         _071868_ (net)
                 18.28    0.80 3311.06 ^ _315320_/A2 (OA22x2_ASAP7_75t_R)
     2    2.22   11.30   21.10 3332.17 ^ _315320_/Y (OA22x2_ASAP7_75t_R)
                                         _071941_ (net)
                 11.37    0.49 3332.65 ^ _315335_/B1 (OA22x2_ASAP7_75t_R)
     1    1.46    8.71   18.12 3350.77 ^ _315335_/Y (OA22x2_ASAP7_75t_R)
                                         _071956_ (net)
                  8.72    0.17 3350.94 ^ _315336_/B (AOI21x1_ASAP7_75t_R)
     1    1.22   10.49    7.22 3358.16 v _315336_/Y (AOI21x1_ASAP7_75t_R)
                                         _071957_ (net)
                 10.49    0.08 3358.24 v _315337_/C (MAJx2_ASAP7_75t_R)
     1    1.22    8.19   20.54 3378.79 v _315337_/Y (MAJx2_ASAP7_75t_R)
                                         _071958_ (net)
                  8.20    0.08 3378.87 v _315338_/C (MAJx2_ASAP7_75t_R)
     1    1.28    8.35   20.03 3398.90 v _315338_/Y (MAJx2_ASAP7_75t_R)
                                         _071959_ (net)
                  8.36    0.10 3399.00 v _315339_/C (MAJx2_ASAP7_75t_R)
     1    0.89    7.37   19.39 3418.39 v _315339_/Y (MAJx2_ASAP7_75t_R)
                                         _071960_ (net)
                  7.37    0.10 3418.49 v _315340_/A2 (AO21x1_ASAP7_75t_R)
     1    1.30   10.06   15.85 3434.34 v _315340_/Y (AO21x1_ASAP7_75t_R)
                                         _071961_ (net)
                 10.07    0.16 3434.50 v _315346_/A (NAND2x1_ASAP7_75t_R)
     1    1.38   13.71   11.22 3445.72 ^ _315346_/Y (NAND2x1_ASAP7_75t_R)
                                         _071967_ (net)
                 13.72    0.18 3445.90 ^ _315347_/C (MAJx2_ASAP7_75t_R)
     1    1.42    9.06   18.88 3464.78 ^ _315347_/Y (MAJx2_ASAP7_75t_R)
                                         _071968_ (net)
                  9.07    0.19 3464.96 ^ _315348_/A2 (AOI21x1_ASAP7_75t_R)
     1    1.36   14.84    8.10 3473.07 v _315348_/Y (AOI21x1_ASAP7_75t_R)
                                         _071969_ (net)
                 14.85    0.16 3473.23 v _315349_/C (MAJx2_ASAP7_75t_R)
     2    1.57    9.15   22.21 3495.44 v _315349_/Y (MAJx2_ASAP7_75t_R)
                                         _071970_ (net)
                  9.15    0.09 3495.53 v _315350_/C (OR3x1_ASAP7_75t_R)
     1    1.27   11.33   22.40 3517.93 v _315350_/Y (OR3x1_ASAP7_75t_R)
                                         _071971_ (net)
                 11.34    0.11 3518.04 v _315352_/A (NAND2x1_ASAP7_75t_R)
     2    1.78   16.27   12.73 3530.77 ^ _315352_/Y (NAND2x1_ASAP7_75t_R)
                                         _071973_ (net)
                 16.27    0.16 3530.93 ^ _315353_/B (AOI211x1_ASAP7_75t_R)
     2    2.04   34.90   13.04 3543.97 v _315353_/Y (AOI211x1_ASAP7_75t_R)
                                         _071974_ (net)
                 34.91    0.36 3544.33 v _315386_/B (OR2x2_ASAP7_75t_R)
     2    1.44    8.69   24.17 3568.49 v _315386_/Y (OR2x2_ASAP7_75t_R)
                                         _072007_ (net)
                  8.69    0.07 3568.57 v _315417_/B1 (OA22x2_ASAP7_75t_R)
     1    0.72    7.01   18.46 3587.03 v _315417_/Y (OA22x2_ASAP7_75t_R)
                                         _072038_ (net)
                  7.02    0.07 3587.10 v _315418_/B1 (OA22x2_ASAP7_75t_R)
     2    2.17   10.91   20.46 3607.55 v _315418_/Y (OA22x2_ASAP7_75t_R)
                                         _072039_ (net)
                 10.95    0.34 3607.89 v _315419_/B (OR2x2_ASAP7_75t_R)
     1    1.26    7.50   17.66 3625.55 v _315419_/Y (OR2x2_ASAP7_75t_R)
                                         _072040_ (net)
                  7.51    0.13 3625.68 v _315420_/C (MAJx2_ASAP7_75t_R)
     1    1.36    8.57   19.96 3645.65 v _315420_/Y (MAJx2_ASAP7_75t_R)
                                         _072041_ (net)
                  8.58    0.16 3645.81 v _315421_/C (MAJx2_ASAP7_75t_R)
     2    1.69    9.51   20.85 3666.66 v _315421_/Y (MAJx2_ASAP7_75t_R)
                                         _072042_ (net)
                  9.52    0.11 3666.77 v _315423_/A2 (AO21x1_ASAP7_75t_R)
     1    1.75   12.37   17.63 3684.40 v _315423_/Y (AO21x1_ASAP7_75t_R)
                                         _072044_ (net)
                 12.39    0.25 3684.65 v _315424_/B (OAI21x1_ASAP7_75t_R)
     1    1.55   14.57    7.73 3692.37 ^ _315424_/Y (OAI21x1_ASAP7_75t_R)
                                         _072045_ (net)
                 14.58    0.24 3692.61 ^ _315425_/C (MAJx2_ASAP7_75t_R)
     1    1.18    8.37   18.64 3711.25 ^ _315425_/Y (MAJx2_ASAP7_75t_R)
                                         _072046_ (net)
                  8.38    0.07 3711.32 ^ _315426_/C (MAJx2_ASAP7_75t_R)
     1    1.21    8.46   17.46 3728.78 ^ _315426_/Y (MAJx2_ASAP7_75t_R)
                                         _072047_ (net)
                  8.47    0.08 3728.86 ^ _315427_/C (MAJx2_ASAP7_75t_R)
     1    0.78    7.15   16.72 3745.58 ^ _315427_/Y (MAJx2_ASAP7_75t_R)
                                         _072048_ (net)
                  7.16    0.08 3745.66 ^ _315439_/A2 (AO21x1_ASAP7_75t_R)
     1    0.88    8.67   13.46 3759.12 ^ _315439_/Y (AO21x1_ASAP7_75t_R)
                                         _072060_ (net)
                  8.68    0.10 3759.22 ^ _315442_/A (AND2x2_ASAP7_75t_R)
     1    1.15    7.42   14.86 3774.08 ^ _315442_/Y (AND2x2_ASAP7_75t_R)
                                         _072063_ (net)
                  7.43    0.06 3774.14 ^ _315443_/C (MAJx2_ASAP7_75t_R)
     2    2.45   12.52   19.35 3793.48 ^ _315443_/Y (MAJx2_ASAP7_75t_R)
                                         _072064_ (net)
                 12.55    0.38 3793.86 ^ _315456_/B (NOR3x1_ASAP7_75t_R)
     1    0.71   13.41   10.48 3804.34 v _315456_/Y (NOR3x1_ASAP7_75t_R)
                                         _072077_ (net)
                 13.41    0.04 3804.37 v _315457_/B (AO21x1_ASAP7_75t_R)
     1    0.83    7.69   17.13 3821.50 v _315457_/Y (AO21x1_ASAP7_75t_R)
                                         _072078_ (net)
                  7.69    0.06 3821.56 v _315458_/C (OR3x1_ASAP7_75t_R)
     5    5.46   34.60   33.15 3854.71 v _315458_/Y (OR3x1_ASAP7_75t_R)
                                         _072079_ (net)
                 34.70    1.07 3855.78 v _315461_/B (NAND2x1_ASAP7_75t_R)
     2    1.88   20.61   17.47 3873.24 ^ _315461_/Y (NAND2x1_ASAP7_75t_R)
                                         _072082_ (net)
                 20.62    0.21 3873.45 ^ _315504_/B1 (OA22x2_ASAP7_75t_R)
     1    0.77    6.75   18.72 3892.17 ^ _315504_/Y (OA22x2_ASAP7_75t_R)
                                         _072125_ (net)
                  6.75    0.07 3892.24 ^ _315505_/A2 (OA21x2_ASAP7_75t_R)
     1    0.83    8.07   14.62 3906.86 ^ _315505_/Y (OA21x2_ASAP7_75t_R)
                                         _072126_ (net)
                  8.07    0.06 3906.92 ^ _315506_/B (AO21x1_ASAP7_75t_R)
     1    0.83    8.36   11.55 3918.48 ^ _315506_/Y (AO21x1_ASAP7_75t_R)
                                         _072127_ (net)
                  8.36    0.08 3918.56 ^ _315507_/B (OA21x2_ASAP7_75t_R)
     2    2.11   10.89   17.90 3936.46 ^ _315507_/Y (OA21x2_ASAP7_75t_R)
                                         _072128_ (net)
                 10.92    0.31 3936.76 ^ _315508_/A (INVx1_ASAP7_75t_R)
     2    2.15   13.39    9.80 3946.57 v _315508_/Y (INVx1_ASAP7_75t_R)
                                         _072129_ (net)
                 13.39    0.12 3946.69 v _315513_/B (MAJx2_ASAP7_75t_R)
     1    1.29    8.42   22.67 3969.35 v _315513_/Y (MAJx2_ASAP7_75t_R)
                                         _072134_ (net)
                  8.43    0.14 3969.50 v _315514_/C (MAJx2_ASAP7_75t_R)
     1    1.83   10.15   21.00 3990.49 v _315514_/Y (MAJx2_ASAP7_75t_R)
                                         _072135_ (net)
                 10.18    0.28 3990.77 v _315519_/B (MAJx2_ASAP7_75t_R)
     1    1.45    8.85   21.99 4012.76 v _315519_/Y (MAJx2_ASAP7_75t_R)
                                         _072140_ (net)
                  8.86    0.16 4012.92 v _315526_/B (MAJx2_ASAP7_75t_R)
     1    1.31    8.56   21.40 4034.32 v _315526_/Y (MAJx2_ASAP7_75t_R)
                                         _072147_ (net)
                  8.58    0.15 4034.46 v _315527_/C (MAJx2_ASAP7_75t_R)
     1    1.29    8.41   20.15 4054.62 v _315527_/Y (MAJx2_ASAP7_75t_R)
                                         _072148_ (net)
                  8.41    0.10 4054.72 v _315528_/C (MAJx2_ASAP7_75t_R)
     1    1.26    8.28   20.04 4074.77 v _315528_/Y (MAJx2_ASAP7_75t_R)
                                         _072149_ (net)
                  8.29    0.13 4074.90 v _315529_/C (MAJx2_ASAP7_75t_R)
     1    1.20    8.11   19.93 4094.83 v _315529_/Y (MAJx2_ASAP7_75t_R)
                                         _072150_ (net)
                  8.12    0.08 4094.90 v _315530_/C (MAJx2_ASAP7_75t_R)
     1    1.31    8.37   20.06 4114.96 v _315530_/Y (MAJx2_ASAP7_75t_R)
                                         _072151_ (net)
                  8.38    0.11 4115.07 v _315531_/C (MAJx2_ASAP7_75t_R)
     4    2.97   12.83   22.98 4138.06 v _315531_/Y (MAJx2_ASAP7_75t_R)
                                         _072152_ (net)
                 12.84    0.19 4138.24 v _315553_/B (OR3x1_ASAP7_75t_R)
     1    1.42   12.20   23.31 4161.55 v _315553_/Y (OR3x1_ASAP7_75t_R)
                                         _072174_ (net)
                 12.21    0.19 4161.74 v _315554_/B (NAND2x1_ASAP7_75t_R)
     1    0.84   11.11    8.65 4170.39 ^ _315554_/Y (NAND2x1_ASAP7_75t_R)
                                         _072175_ (net)
                 11.11    0.09 4170.48 ^ _315555_/B2 (OA22x2_ASAP7_75t_R)
     1    0.85    6.87   16.46 4186.94 ^ _315555_/Y (OA22x2_ASAP7_75t_R)
                                         _072176_ (net)
                  6.87    0.07 4187.01 ^ _315556_/C (OR3x1_ASAP7_75t_R)
     2    1.49   13.39   13.67 4200.67 ^ _315556_/Y (OR3x1_ASAP7_75t_R)
                                         _072177_ (net)
                 13.39    0.06 4200.73 ^ _315558_/B (AND2x2_ASAP7_75t_R)
     4    4.08   16.74   21.00 4221.74 ^ _315558_/Y (AND2x2_ASAP7_75t_R)
                                         _072179_ (net)
                 16.80    0.58 4222.31 ^ _315593_/B (NAND2x1_ASAP7_75t_R)
     2    1.27   11.18    8.77 4231.08 v _315593_/Y (NAND2x1_ASAP7_75t_R)
                                         _072214_ (net)
                 11.18    0.14 4231.23 v _315594_/B (OA211x2_ASAP7_75t_R)
     2    1.93   16.77   28.42 4259.65 v _315594_/Y (OA211x2_ASAP7_75t_R)
                                         _072215_ (net)
                 16.78    0.22 4259.87 v _315595_/B (AND2x2_ASAP7_75t_R)
     1    1.42    7.80   17.66 4277.52 v _315595_/Y (AND2x2_ASAP7_75t_R)
                                         _072216_ (net)
                  7.82    0.19 4277.71 v _315596_/C (MAJx2_ASAP7_75t_R)
     1    1.52    9.68   20.31 4298.03 v _315596_/Y (MAJx2_ASAP7_75t_R)
                                         _072217_ (net)
                  9.70    0.23 4298.26 v _315597_/C (MAJx2_ASAP7_75t_R)
     1    1.40    9.59   20.62 4318.88 v _315597_/Y (MAJx2_ASAP7_75t_R)
                                         _072218_ (net)
                  9.60    0.19 4319.07 v _315598_/C (MAJx2_ASAP7_75t_R)
     1    0.98    8.06   19.89 4338.95 v _315598_/Y (MAJx2_ASAP7_75t_R)
                                         _072219_ (net)
                  8.07    0.13 4339.08 v _315599_/B (AO21x1_ASAP7_75t_R)
     1    0.63    7.16   15.38 4354.46 v _315599_/Y (AO21x1_ASAP7_75t_R)
                                         _072220_ (net)
                  7.16    0.06 4354.53 v _315601_/B (OA211x2_ASAP7_75t_R)
     1    1.06   10.10   25.47 4380.00 v _315601_/Y (OA211x2_ASAP7_75t_R)
                                         _072222_ (net)
                 10.11    0.14 4380.14 v _315605_/A2 (OA21x2_ASAP7_75t_R)
     1    1.23    7.49   17.93 4398.07 v _315605_/Y (OA21x2_ASAP7_75t_R)
                                         _072226_ (net)
                  7.50    0.08 4398.16 v _315606_/C (MAJx2_ASAP7_75t_R)
     1    1.40    8.68   20.03 4418.19 v _315606_/Y (MAJx2_ASAP7_75t_R)
                                         _072227_ (net)
                  8.70    0.19 4418.37 v _315607_/C (MAJx2_ASAP7_75t_R)
     2    1.73   10.49   20.95 4439.32 v _315607_/Y (MAJx2_ASAP7_75t_R)
                                         _072228_ (net)
                 10.49    0.12 4439.43 v _315626_/A (INVx1_ASAP7_75t_R)
     1    1.25   10.44    8.27 4447.71 ^ _315626_/Y (INVx1_ASAP7_75t_R)
                                         _072247_ (net)
                 10.44    0.13 4447.84 ^ _315637_/A (NAND2x1_ASAP7_75t_R)
     2    1.52   10.75    8.38 4456.21 v _315637_/Y (NAND2x1_ASAP7_75t_R)
                                         _072258_ (net)
                 10.75    0.14 4456.35 v _315638_/A2 (AO21x1_ASAP7_75t_R)
     1    0.63    7.51   14.80 4471.15 v _315638_/Y (AO21x1_ASAP7_75t_R)
                                         _072259_ (net)
                  7.51    0.06 4471.22 v _315639_/B (OA211x2_ASAP7_75t_R)
     1    0.69    9.24   24.87 4496.08 v _315639_/Y (OA211x2_ASAP7_75t_R)
                                         _072260_ (net)
                  9.24    0.04 4496.12 v _315641_/A2 (OA211x2_ASAP7_75t_R)
     2    1.54   15.73   23.53 4519.65 v _315641_/Y (OA211x2_ASAP7_75t_R)
                                         _072262_ (net)
                 15.73    0.10 4519.75 v _315643_/C (OR3x1_ASAP7_75t_R)
     2    1.49   13.19   24.28 4544.04 v _315643_/Y (OR3x1_ASAP7_75t_R)
                                         _072264_ (net)
                 13.19    0.05 4544.09 v _315699_/B (OR2x2_ASAP7_75t_R)
     2    1.49    8.17   18.72 4562.81 v _315699_/Y (OR2x2_ASAP7_75t_R)
                                         _072320_ (net)
                  8.18    0.13 4562.95 v _315701_/C (OA211x2_ASAP7_75t_R)
     1    0.94    9.79   27.08 4590.02 v _315701_/Y (OA211x2_ASAP7_75t_R)
                                         _072322_ (net)
                  9.80    0.11 4590.13 v _315702_/A2 (OA21x2_ASAP7_75t_R)
     2    2.16   12.85   19.28 4609.42 v _315702_/Y (OA21x2_ASAP7_75t_R)
                                         _072323_ (net)
                 12.91    0.43 4609.85 v _315703_/B (AND2x2_ASAP7_75t_R)
     1    1.19    6.69   16.09 4625.94 v _315703_/Y (AND2x2_ASAP7_75t_R)
                                         _072324_ (net)
                  6.69    0.07 4626.01 v _315704_/C (MAJx2_ASAP7_75t_R)
     1    1.24    8.64   19.54 4645.55 v _315704_/Y (MAJx2_ASAP7_75t_R)
                                         _072325_ (net)
                  8.65    0.13 4645.68 v _315705_/C (MAJx2_ASAP7_75t_R)
     1    1.27    8.37   20.13 4665.81 v _315705_/Y (MAJx2_ASAP7_75t_R)
                                         _072326_ (net)
                  8.38    0.14 4665.94 v _315706_/C (MAJx2_ASAP7_75t_R)
     1    1.86   10.20   21.00 4686.94 v _315706_/Y (MAJx2_ASAP7_75t_R)
                                         _072327_ (net)
                 10.25    0.39 4687.34 v _315707_/C (MAJx2_ASAP7_75t_R)
     1    1.45    8.86   20.85 4708.18 v _315707_/Y (MAJx2_ASAP7_75t_R)
                                         _072328_ (net)
                  8.88    0.20 4708.38 v _315708_/C (MAJx2_ASAP7_75t_R)
     1    1.27    8.33   20.19 4728.57 v _315708_/Y (MAJx2_ASAP7_75t_R)
                                         _072329_ (net)
                  8.34    0.13 4728.70 v _315709_/C (MAJx2_ASAP7_75t_R)
     1    1.36    8.57   20.19 4748.89 v _315709_/Y (MAJx2_ASAP7_75t_R)
                                         _072330_ (net)
                  8.59    0.17 4749.06 v _315710_/C (MAJx2_ASAP7_75t_R)
     1    1.25    8.19   20.08 4769.15 v _315710_/Y (MAJx2_ASAP7_75t_R)
                                         _072331_ (net)
                  8.20    0.09 4769.23 v _315711_/C (MAJx2_ASAP7_75t_R)
     1    1.24    8.25   19.96 4789.19 v _315711_/Y (MAJx2_ASAP7_75t_R)
                                         _072332_ (net)
                  8.26    0.13 4789.32 v _315712_/C (MAJx2_ASAP7_75t_R)
     1    0.78    7.09   19.19 4808.51 v _315712_/Y (MAJx2_ASAP7_75t_R)
                                         _072333_ (net)
                  7.10    0.04 4808.55 v _315713_/A (INVx1_ASAP7_75t_R)
     1    1.25    9.77    7.20 4815.75 ^ _315713_/Y (INVx1_ASAP7_75t_R)
                                         _072334_ (net)
                  9.77    0.13 4815.88 ^ _315714_/C (MAJx2_ASAP7_75t_R)
     2    2.20   11.55   19.50 4835.38 ^ _315714_/Y (MAJx2_ASAP7_75t_R)
                                         _072335_ (net)
                 11.56    0.20 4835.58 ^ _315735_/A (NAND3x1_ASAP7_75t_R)
     1    0.65    9.01    6.52 4842.09 v _315735_/Y (NAND3x1_ASAP7_75t_R)
                                         _072356_ (net)
                  9.01    0.07 4842.16 v _315737_/B (OA211x2_ASAP7_75t_R)
     5    4.08   18.35   31.45 4873.61 v _315737_/Y (OA211x2_ASAP7_75t_R)
                                         _072358_ (net)
                 18.37    0.33 4873.94 v _315738_/B (OR2x2_ASAP7_75t_R)
     2    1.53    8.36   20.36 4894.30 v _315738_/Y (OR2x2_ASAP7_75t_R)
                                         _072359_ (net)
                  8.37    0.15 4894.45 v _315800_/B (AND2x2_ASAP7_75t_R)
     1    0.84    5.75   14.09 4908.53 v _315800_/Y (AND2x2_ASAP7_75t_R)
                                         _072421_ (net)
                  5.76    0.09 4908.62 v _315801_/B (AO21x1_ASAP7_75t_R)
     2    1.96   13.46   18.59 4927.21 v _315801_/Y (AO21x1_ASAP7_75t_R)
                                         _072422_ (net)
                 13.48    0.20 4927.42 v _315817_/C (AND3x1_ASAP7_75t_R)
     1    1.23   11.74   15.45 4942.87 v _315817_/Y (AND3x1_ASAP7_75t_R)
                                         _072438_ (net)
                 11.74    0.08 4942.95 v _315818_/C (MAJx2_ASAP7_75t_R)
     1    1.41    8.73   21.14 4964.09 v _315818_/Y (MAJx2_ASAP7_75t_R)
                                         _072439_ (net)
                  8.74    0.19 4964.28 v _315819_/C (MAJx2_ASAP7_75t_R)
     1    1.65    9.53   20.78 4985.07 v _315819_/Y (MAJx2_ASAP7_75t_R)
                                         _072440_ (net)
                  9.55    0.24 4985.31 v _315820_/C (MAJx2_ASAP7_75t_R)
     1    1.37    8.61   20.54 5005.85 v _315820_/Y (MAJx2_ASAP7_75t_R)
                                         _072441_ (net)
                  8.62    0.17 5006.02 v _315821_/C (MAJx2_ASAP7_75t_R)
     1    1.27    8.37   20.11 5026.13 v _315821_/Y (MAJx2_ASAP7_75t_R)
                                         _072442_ (net)
                  8.37    0.14 5026.27 v _315822_/C (MAJx2_ASAP7_75t_R)
     1    1.55    9.15   20.51 5046.78 v _315822_/Y (MAJx2_ASAP7_75t_R)
                                         _072443_ (net)
                  9.18    0.24 5047.02 v _315823_/C (MAJx2_ASAP7_75t_R)
     1    1.31    8.39   20.33 5067.35 v _315823_/Y (MAJx2_ASAP7_75t_R)
                                         _072444_ (net)
                  8.41    0.15 5067.50 v _315824_/C (MAJx2_ASAP7_75t_R)
     1    1.24    8.20   20.01 5087.51 v _315824_/Y (MAJx2_ASAP7_75t_R)
                                         _072445_ (net)
                  8.21    0.13 5087.63 v _315825_/C (MAJx2_ASAP7_75t_R)
     1    1.36    8.51   20.16 5107.79 v _315825_/Y (MAJx2_ASAP7_75t_R)
                                         _072446_ (net)
                  8.52    0.13 5107.92 v _315826_/C (MAJx2_ASAP7_75t_R)
     1    1.26    8.25   20.07 5127.99 v _315826_/Y (MAJx2_ASAP7_75t_R)
                                         _072447_ (net)
                  8.26    0.13 5128.12 v _315827_/C (MAJx2_ASAP7_75t_R)
     1    1.01    7.59   19.60 5147.72 v _315827_/Y (MAJx2_ASAP7_75t_R)
                                         _072448_ (net)
                  7.59    0.06 5147.78 v _315828_/B (XNOR2x2_ASAP7_75t_R)
     1    1.52    9.10   21.10 5168.88 ^ _315828_/Y (XNOR2x2_ASAP7_75t_R)
                                         _072449_ (net)
                  9.11    0.19 5169.07 ^ _315830_/A2 (OAI21x1_ASAP7_75t_R)
     2    1.92   18.07    9.35 5178.42 v _315830_/Y (OAI21x1_ASAP7_75t_R)
                                         _072451_ (net)
                 18.08    0.20 5178.62 v _315832_/D (AND4x1_ASAP7_75t_R)
     2    1.71   12.95   18.71 5197.34 v _315832_/Y (AND4x1_ASAP7_75t_R)
                                         _072453_ (net)
                 12.96    0.21 5197.54 v _315885_/A2 (OA21x2_ASAP7_75t_R)
     1    0.81    6.47   18.10 5215.64 v _315885_/Y (OA21x2_ASAP7_75t_R)
                                         _072506_ (net)
                  6.47    0.08 5215.72 v _315886_/B (AO21x1_ASAP7_75t_R)
     1    0.69    7.03   15.19 5230.91 v _315886_/Y (AO21x1_ASAP7_75t_R)
                                         _072507_ (net)
                  7.03    0.07 5230.98 v _315887_/B1 (AO32x1_ASAP7_75t_R)
     2    2.59   20.50   26.41 5257.39 v _315887_/Y (AO32x1_ASAP7_75t_R)
                                         _072508_ (net)
                 20.57    0.62 5258.01 v _315892_/B (AND2x2_ASAP7_75t_R)
     1    1.24    6.87   18.55 5276.56 v _315892_/Y (AND2x2_ASAP7_75t_R)
                                         _072513_ (net)
                  6.87    0.12 5276.69 v _315893_/C (MAJx2_ASAP7_75t_R)
     1    1.12    7.83   19.40 5296.09 v _315893_/Y (MAJx2_ASAP7_75t_R)
                                         _072514_ (net)
                  7.83    0.05 5296.14 v _315894_/C (MAJx2_ASAP7_75t_R)
     1    1.23    8.25   19.84 5315.98 v _315894_/Y (MAJx2_ASAP7_75t_R)
                                         _072515_ (net)
                  8.26    0.12 5316.10 v _315895_/C (MAJx2_ASAP7_75t_R)
     1    1.14    7.90   19.81 5335.92 v _315895_/Y (MAJx2_ASAP7_75t_R)
                                         _072516_ (net)
                  7.90    0.06 5335.97 v _315896_/C (MAJx2_ASAP7_75t_R)
     1    1.21    8.13   19.83 5355.80 v _315896_/Y (MAJx2_ASAP7_75t_R)
                                         _072517_ (net)
                  8.14    0.12 5355.92 v _315897_/C (MAJx2_ASAP7_75t_R)
     1    1.29    8.33   20.03 5375.95 v _315897_/Y (MAJx2_ASAP7_75t_R)
                                         _072518_ (net)
                  8.33    0.10 5376.05 v _315898_/C (MAJx2_ASAP7_75t_R)
     1    1.28    8.42   20.07 5396.12 v _315898_/Y (MAJx2_ASAP7_75t_R)
                                         _072519_ (net)
                  8.42    0.10 5396.22 v _315899_/C (MAJx2_ASAP7_75t_R)
     1    1.25    8.21   20.05 5416.27 v _315899_/Y (MAJx2_ASAP7_75t_R)
                                         _072520_ (net)
                  8.21    0.09 5416.36 v _315900_/C (MAJx2_ASAP7_75t_R)
     1    1.22    8.11   19.93 5436.29 v _315900_/Y (MAJx2_ASAP7_75t_R)
                                         _072521_ (net)
                  8.12    0.08 5436.37 v _315901_/C (MAJx2_ASAP7_75t_R)
     2    2.61   11.92   22.28 5458.66 v _315901_/Y (MAJx2_ASAP7_75t_R)
                                         _072522_ (net)
                 11.93    0.23 5458.89 v _315908_/C (MAJx2_ASAP7_75t_R)
     1    0.69    6.83   19.98 5478.87 v _315908_/Y (MAJx2_ASAP7_75t_R)
                                         _072529_ (net)
                  6.83    0.04 5478.91 v _315909_/B (AND2x2_ASAP7_75t_R)
     1    0.70    5.42   13.37 5492.28 v _315909_/Y (AND2x2_ASAP7_75t_R)
                                         _072530_ (net)
                  5.42    0.03 5492.31 v _315910_/D (OR4x1_ASAP7_75t_R)
     4    3.39   25.20   34.40 5526.72 v _315910_/Y (OR4x1_ASAP7_75t_R)
                                         _072531_ (net)
                 25.21    0.17 5526.88 v _315911_/B (AND2x2_ASAP7_75t_R)
     6    4.82   16.74   24.45 5551.33 v _315911_/Y (AND2x2_ASAP7_75t_R)
                                         _072532_ (net)
                 16.89    0.88 5552.21 v _315960_/A2 (AO32x1_ASAP7_75t_R)
     2    2.05   15.75   27.00 5579.21 v _315960_/Y (AO32x1_ASAP7_75t_R)
                                         _072581_ (net)
                 15.77    0.33 5579.54 v _315964_/B (AND2x2_ASAP7_75t_R)
     1    1.17    6.67   16.97 5596.51 v _315964_/Y (AND2x2_ASAP7_75t_R)
                                         _072585_ (net)
                  6.67    0.06 5596.57 v _315965_/C (MAJx2_ASAP7_75t_R)
     1    1.28    8.39   19.60 5616.18 v _315965_/Y (MAJx2_ASAP7_75t_R)
                                         _072586_ (net)
                  8.40    0.14 5616.32 v _315966_/C (MAJx2_ASAP7_75t_R)
     1    1.22    8.80   19.98 5636.30 v _315966_/Y (MAJx2_ASAP7_75t_R)
                                         _072587_ (net)
                  8.80    0.08 5636.38 v _315967_/C (MAJx2_ASAP7_75t_R)
     1    1.27    9.07   20.17 5656.54 v _315967_/Y (MAJx2_ASAP7_75t_R)
                                         _072588_ (net)
                  9.08    0.14 5656.68 v _315968_/C (MAJx2_ASAP7_75t_R)
     1    1.16    8.24   20.06 5676.74 v _315968_/Y (MAJx2_ASAP7_75t_R)
                                         _072589_ (net)
                  8.24    0.06 5676.80 v _315969_/C (MAJx2_ASAP7_75t_R)
     1    1.42    9.57   20.26 5697.06 v _315969_/Y (MAJx2_ASAP7_75t_R)
                                         _072590_ (net)
                  9.58    0.19 5697.25 v _315970_/C (MAJx2_ASAP7_75t_R)
     1    1.31    8.39   20.44 5717.69 v _315970_/Y (MAJx2_ASAP7_75t_R)
                                         _072591_ (net)
                  8.40    0.15 5717.83 v _315971_/C (MAJx2_ASAP7_75t_R)
     1    1.39    8.69   20.25 5738.08 v _315971_/Y (MAJx2_ASAP7_75t_R)
                                         _072592_ (net)
                  8.70    0.18 5738.26 v _315972_/C (MAJx2_ASAP7_75t_R)
     1    0.95    7.43   19.59 5757.85 v _315972_/Y (MAJx2_ASAP7_75t_R)
                                         _072593_ (net)
                  7.43    0.11 5757.96 v _315973_/A (INVx1_ASAP7_75t_R)
     1    1.30   10.12    7.45 5765.41 ^ _315973_/Y (INVx1_ASAP7_75t_R)
                                         _072594_ (net)
                 10.13    0.15 5765.56 ^ _315974_/C (MAJx2_ASAP7_75t_R)
     1    0.81    7.15   17.14 5782.70 ^ _315974_/Y (MAJx2_ASAP7_75t_R)
                                         _072595_ (net)
                  7.15    0.05 5782.75 ^ _315975_/A (INVx1_ASAP7_75t_R)
     2    1.88   11.43    8.05 5790.80 v _315975_/Y (INVx1_ASAP7_75t_R)
                                         _072596_ (net)
                 11.43    0.08 5790.88 v _315976_/B (AO21x1_ASAP7_75t_R)
     1    1.31   10.08   18.15 5809.03 v _315976_/Y (AO21x1_ASAP7_75t_R)
                                         _072597_ (net)
                 10.09    0.11 5809.14 v _315977_/C (MAJx2_ASAP7_75t_R)
     1    0.77    7.01   19.66 5828.80 v _315977_/Y (MAJx2_ASAP7_75t_R)
                                         _072598_ (net)
                  7.01    0.05 5828.85 v _315980_/A2 (AO21x1_ASAP7_75t_R)
     2    1.54   11.15   16.45 5845.30 v _315980_/Y (AO21x1_ASAP7_75t_R)
                                         _072601_ (net)
                 11.16    0.11 5845.41 v _315984_/B (AND2x2_ASAP7_75t_R)
     2    1.67    7.91   16.24 5861.64 v _315984_/Y (AND2x2_ASAP7_75t_R)
                                         _072605_ (net)
                  7.93    0.18 5861.82 v _316013_/A2 (OA21x2_ASAP7_75t_R)
     2    1.48    8.19   17.74 5879.56 v _316013_/Y (OA21x2_ASAP7_75t_R)
                                         _072634_ (net)
                  8.20    0.15 5879.71 v _316014_/C (OR3x1_ASAP7_75t_R)
     1    0.71    8.34   20.25 5899.96 v _316014_/Y (OR3x1_ASAP7_75t_R)
                                         _072635_ (net)
                  8.35    0.07 5900.04 v _316015_/B1 (AO32x1_ASAP7_75t_R)
     1    0.83    9.13   21.67 5921.70 v _316015_/Y (AO32x1_ASAP7_75t_R)
                                         _072636_ (net)
                  9.14    0.08 5921.78 v _316016_/A3 (AO32x1_ASAP7_75t_R)
     2    2.96   21.18   29.34 5951.12 v _316016_/Y (AO32x1_ASAP7_75t_R)
                                         _072637_ (net)
                 21.23    0.59 5951.71 v _316052_/B (MAJx2_ASAP7_75t_R)
     1    1.44    8.79   25.16 5976.87 v _316052_/Y (MAJx2_ASAP7_75t_R)
                                         _072673_ (net)
                  8.81    0.20 5977.07 v _316053_/C (MAJx2_ASAP7_75t_R)
     1    1.40    8.68   20.39 5997.46 v _316053_/Y (MAJx2_ASAP7_75t_R)
                                         _072674_ (net)
                  8.70    0.18 5997.64 v _316054_/C (MAJx2_ASAP7_75t_R)
     1    1.23    8.17   20.08 6017.72 v _316054_/Y (MAJx2_ASAP7_75t_R)
                                         _072675_ (net)
                  8.18    0.12 6017.84 v _316055_/C (MAJx2_ASAP7_75t_R)
     1    1.41    8.71   20.23 6038.07 v _316055_/Y (MAJx2_ASAP7_75t_R)
                                         _072676_ (net)
                  8.72    0.19 6038.26 v _316056_/B (NAND2x1_ASAP7_75t_R)
     1    1.74   16.89   10.23 6048.49 ^ _316056_/Y (NAND2x1_ASAP7_75t_R)
                                         _072677_ (net)
                 16.90    0.25 6048.75 ^ _316060_/A2 (AOI22x1_ASAP7_75t_R)
     1    1.27   14.72   10.32 6059.07 v _316060_/Y (AOI22x1_ASAP7_75t_R)
                                         _072681_ (net)
                 14.72    0.14 6059.21 v _316061_/C (MAJx2_ASAP7_75t_R)
     1    1.33    8.48   21.75 6080.96 v _316061_/Y (MAJx2_ASAP7_75t_R)
                                         _072682_ (net)
                  8.49    0.16 6081.11 v _316062_/C (MAJx2_ASAP7_75t_R)
     2    2.32   11.34   21.88 6103.00 v _316062_/Y (MAJx2_ASAP7_75t_R)
                                         _072683_ (net)
                 11.35    0.21 6103.20 v _316063_/C (MAJx2_ASAP7_75t_R)
     1    0.70    6.81   19.84 6123.05 v _316063_/Y (MAJx2_ASAP7_75t_R)
                                         _072684_ (net)
                  6.81    0.04 6123.08 v _316068_/B (OR3x1_ASAP7_75t_R)
     1    1.55   12.80   22.43 6145.51 v _316068_/Y (OR3x1_ASAP7_75t_R)
                                         _072689_ (net)
                 12.81    0.13 6145.63 v _316071_/B (NAND3x1_ASAP7_75t_R)
     2    2.33   23.57   16.18 6161.81 ^ _316071_/Y (NAND3x1_ASAP7_75t_R)
                                         _072692_ (net)
                 23.59    0.34 6162.15 ^ _316079_/A2 (OAI21x1_ASAP7_75t_R)
     2    1.65   15.56   11.00 6173.15 v _316079_/Y (OAI21x1_ASAP7_75t_R)
                                         _072700_ (net)
                 15.56    0.10 6173.24 v _316082_/A1 (AO21x1_ASAP7_75t_R)
     2    1.88   13.44   20.60 6193.84 v _316082_/Y (AO21x1_ASAP7_75t_R)
                                         _072703_ (net)
                 13.46    0.28 6194.12 v _316087_/B1 (AO32x1_ASAP7_75t_R)
     2    2.15   15.93   27.09 6221.22 v _316087_/Y (AO32x1_ASAP7_75t_R)
                                         _072708_ (net)
                 15.97    0.43 6221.65 v _316124_/B (AND2x2_ASAP7_75t_R)
     1    1.24    6.71   17.14 6238.79 v _316124_/Y (AND2x2_ASAP7_75t_R)
                                         _072745_ (net)
                  6.72    0.09 6238.87 v _316125_/C (MAJx2_ASAP7_75t_R)
     1    1.19    8.02   19.48 6258.35 v _316125_/Y (MAJx2_ASAP7_75t_R)
                                         _072746_ (net)
                  8.03    0.07 6258.42 v _316126_/C (MAJx2_ASAP7_75t_R)
     1    1.59    9.25   20.48 6278.90 v _316126_/Y (MAJx2_ASAP7_75t_R)
                                         _072747_ (net)
                  9.28    0.26 6279.16 v _316127_/C (MAJx2_ASAP7_75t_R)
     1    1.70    9.61   21.00 6300.16 v _316127_/Y (MAJx2_ASAP7_75t_R)
                                         _072748_ (net)
                  9.64    0.30 6300.46 v _316128_/C (MAJx2_ASAP7_75t_R)
     1    1.25    8.23   20.36 6320.82 v _316128_/Y (MAJx2_ASAP7_75t_R)
                                         _072749_ (net)
                  8.24    0.13 6320.95 v _316129_/C (MAJx2_ASAP7_75t_R)
     1    1.32    8.40   20.10 6341.05 v _316129_/Y (MAJx2_ASAP7_75t_R)
                                         _072750_ (net)
                  8.40    0.11 6341.17 v _316130_/C (MAJx2_ASAP7_75t_R)
     1    1.32    8.41   20.15 6361.32 v _316130_/Y (MAJx2_ASAP7_75t_R)
                                         _072751_ (net)
                  8.41    0.11 6361.44 v _316131_/C (MAJx2_ASAP7_75t_R)
     1    1.29    8.33   20.09 6381.52 v _316131_/Y (MAJx2_ASAP7_75t_R)
                                         _072752_ (net)
                  8.34    0.14 6381.67 v _316132_/C (MAJx2_ASAP7_75t_R)
     1    1.45    8.96   20.33 6402.00 v _316132_/Y (MAJx2_ASAP7_75t_R)
                                         _072753_ (net)
                  8.98    0.20 6402.20 v _316133_/C (MAJx2_ASAP7_75t_R)
     2    2.25   11.06   21.88 6424.08 v _316133_/Y (MAJx2_ASAP7_75t_R)
                                         _072754_ (net)
                 11.08    0.25 6424.32 v _316134_/B (AO21x1_ASAP7_75t_R)
     1    1.37   10.37   18.23 6442.55 v _316134_/Y (AO21x1_ASAP7_75t_R)
                                         _072755_ (net)
                 10.38    0.17 6442.72 v _316135_/C (MAJx2_ASAP7_75t_R)
     1    0.76    6.96   19.72 6462.44 v _316135_/Y (MAJx2_ASAP7_75t_R)
                                         _072756_ (net)
                  6.96    0.05 6462.49 v _316144_/A1 (AO21x1_ASAP7_75t_R)
     2    1.70   12.02   17.63 6480.12 v _316144_/Y (AO21x1_ASAP7_75t_R)
                                         _072765_ (net)
                 12.03    0.16 6480.28 v _316347_/A2 (AO21x1_ASAP7_75t_R)
     2    1.79   12.66   18.42 6498.70 v _316347_/Y (AO21x1_ASAP7_75t_R)
                                         _072968_ (net)
                 12.67    0.19 6498.89 v _316364_/A2 (AO21x1_ASAP7_75t_R)
     4    3.60   21.87   22.95 6521.85 v _316364_/Y (AO21x1_ASAP7_75t_R)
                                         _072985_ (net)
                 21.92    0.66 6522.50 v _316394_/B1 (AO32x1_ASAP7_75t_R)
     2    2.46   17.60   30.49 6552.99 v _316394_/Y (AO32x1_ASAP7_75t_R)
                                         _073015_ (net)
                 17.65    0.55 6553.54 v _316395_/B (AND2x2_ASAP7_75t_R)
     1    1.38    7.22   17.87 6571.41 v _316395_/Y (AND2x2_ASAP7_75t_R)
                                         _073016_ (net)
                  7.24    0.18 6571.59 v _316396_/C (MAJx2_ASAP7_75t_R)
     1    1.32    8.40   19.83 6591.42 v _316396_/Y (MAJx2_ASAP7_75t_R)
                                         _073017_ (net)
                  8.41    0.11 6591.53 v _316397_/C (MAJx2_ASAP7_75t_R)
     1    1.30    8.39   20.12 6611.65 v _316397_/Y (MAJx2_ASAP7_75t_R)
                                         _073018_ (net)
                  8.40    0.15 6611.80 v _316398_/C (MAJx2_ASAP7_75t_R)
     1    1.40    8.69   20.28 6632.07 v _316398_/Y (MAJx2_ASAP7_75t_R)
                                         _073019_ (net)
                  8.70    0.19 6632.26 v _316399_/C (MAJx2_ASAP7_75t_R)
     1    1.53    9.08   20.57 6652.83 v _316399_/Y (MAJx2_ASAP7_75t_R)
                                         _073020_ (net)
                  9.10    0.24 6653.06 v _316400_/C (MAJx2_ASAP7_75t_R)
     1    1.39    8.66   20.45 6673.52 v _316400_/Y (MAJx2_ASAP7_75t_R)
                                         _073021_ (net)
                  8.68    0.18 6673.69 v _316401_/C (MAJx2_ASAP7_75t_R)
     1    1.30    8.35   20.19 6693.89 v _316401_/Y (MAJx2_ASAP7_75t_R)
                                         _073022_ (net)
                  8.36    0.11 6694.00 v _316402_/C (MAJx2_ASAP7_75t_R)
     1    1.37    8.65   20.21 6714.21 v _316402_/Y (MAJx2_ASAP7_75t_R)
                                         _073023_ (net)
                  8.66    0.17 6714.38 v _316403_/C (MAJx2_ASAP7_75t_R)
     1    1.32    8.43   20.20 6734.58 v _316403_/Y (MAJx2_ASAP7_75t_R)
                                         _073024_ (net)
                  8.44    0.15 6734.74 v _316404_/C (MAJx2_ASAP7_75t_R)
     2    2.10   10.68   21.48 6756.22 v _316404_/Y (MAJx2_ASAP7_75t_R)
                                         _073025_ (net)
                 10.70    0.22 6756.44 v _316424_/C (MAJx2_ASAP7_75t_R)
     1    1.06    7.69   20.31 6776.75 v _316424_/Y (MAJx2_ASAP7_75t_R)
                                         _073045_ (net)
                  7.69    0.06 6776.81 v _316425_/B (AOI211x1_ASAP7_75t_R)
     1    1.30   18.84   12.17 6788.98 ^ _316425_/Y (AOI211x1_ASAP7_75t_R)
                                         _073046_ (net)
                 18.84    0.17 6789.15 ^ _316431_/B (AOI211x1_ASAP7_75t_R)
     2    2.91   35.92   15.90 6805.05 v _316431_/Y (AOI211x1_ASAP7_75t_R)
                                         _073052_ (net)
                 35.98    0.89 6805.94 v _316514_/A (OR4x1_ASAP7_75t_R)
     1    0.87   11.02   29.94 6835.88 v _316514_/Y (OR4x1_ASAP7_75t_R)
                                         _073135_ (net)
                 11.02    0.09 6835.97 v _316515_/A (INVx1_ASAP7_75t_R)
     1    0.75    7.84    6.91 6842.88 ^ _316515_/Y (INVx1_ASAP7_75t_R)
                                         _073136_ (net)
                  7.84    0.04 6842.92 ^ _316517_/A2 (OA21x2_ASAP7_75t_R)
     2    3.71   18.51   19.27 6862.19 ^ _316517_/Y (OA21x2_ASAP7_75t_R)
                                         _073138_ (net)
                 18.95    1.52 6863.71 ^ place52799/A (BUFx3_ASAP7_75t_R)
     2    1.86    7.41   16.00 6879.71 ^ place52799/Y (BUFx3_ASAP7_75t_R)
                                         net52357 (net)
                  7.41    0.09 6879.80 ^ _316541_/A (NOR2x1_ASAP7_75t_R)
     2    1.71   12.89   10.08 6889.89 v _316541_/Y (NOR2x1_ASAP7_75t_R)
                                         _073162_ (net)
                 12.89    0.13 6890.01 v _316542_/D (OR4x1_ASAP7_75t_R)
     2    5.40   36.97   39.67 6929.68 v _316542_/Y (OR4x1_ASAP7_75t_R)
                                         _073163_ (net)
                 37.96    3.32 6933.00 v _321045_/A (INVx1_ASAP7_75t_R)
     1    2.21   23.02   17.94 6950.94 ^ _321045_/Y (INVx1_ASAP7_75t_R)
                                         _077491_ (net)
                 23.04    0.49 6951.43 ^ place52719/A (BUFx6f_ASAP7_75t_R)
     5   13.74   19.36   17.18 6968.61 ^ place52719/Y (BUFx6f_ASAP7_75t_R)
                                         net52277 (net)
                 34.42    9.27 6977.88 ^ place52717/A (BUFx6f_ASAP7_75t_R)
     9    7.34   12.26   19.80 6997.68 ^ place52717/Y (BUFx6f_ASAP7_75t_R)
                                         net52275 (net)
                 13.12    1.72 6999.40 ^ _321062_/A3 (AO32x1_ASAP7_75t_R)
     1    5.10   39.22   30.27 7029.67 ^ _321062_/Y (AO32x1_ASAP7_75t_R)
                                         u_lsu.dmem_req_addr[13] (net)
                 40.00    3.05 7032.72 ^ place52661/A (BUFx6f_ASAP7_75t_R)
     1    3.64    8.31   18.92 7051.64 ^ place52661/Y (BUFx6f_ASAP7_75t_R)
                                         net52219 (net)
                  9.54    1.62 7053.26 ^ output141/A (BUFx2_ASAP7_75t_R)
     1    4.81   18.59   18.63 7071.89 ^ output141/Y (BUFx2_ASAP7_75t_R)
                                         dmem_req_addr[13] (net)
                 19.01    1.54 7073.43 ^ dmem_req_addr[13] (out)
                               7073.43   data arrival time

                       1000.00 1000.00   clock core_clk (rise edge)
                          0.00 1000.00   clock network delay (propagated)
                        -50.00  950.00   clock uncertainty
                          0.00  950.00   clock reconvergence pessimism
                       -200.00  750.00   output external delay
                                750.00   data required time
-----------------------------------------------------------------------------
                                750.00   data required time
                               -7073.43   data arrival time
-----------------------------------------------------------------------------
                               -6323.43   slack (VIOLATED)


Startpoint: _387041_ (rising edge-triggered flip-flop clocked by core_clk)
Endpoint: _388327_ (rising edge-triggered flip-flop clocked by core_clk)
Path Group: reg2reg
Path Type: max

Fanout     Cap    Slew   Delay    Time   Description
-----------------------------------------------------------------------------
                          0.00    0.00   clock core_clk (rise edge)
                          0.00    0.00   clock source latency
     1   23.89   20.00    0.00    0.00 ^ clk (in)
                                         clk (net)
                 88.45   21.59   21.59 ^ wire96739/A (BUFx12f_ASAP7_75t_R)
     1   21.65   13.49   24.83   46.42 ^ wire96739/Y (BUFx12f_ASAP7_75t_R)
                                         net96297 (net)
                 68.62   21.29   67.72 ^ clkbuf_0_clk/A (BUFx24_ASAP7_75t_R)
     2   18.89   15.14   32.09   99.81 ^ clkbuf_0_clk/Y (BUFx24_ASAP7_75t_R)
                                         clknet_0_clk (net)
                 23.33    5.77  105.58 ^ clkbuf_1_1_0_clk/A (BUFx24_ASAP7_75t_R)
     2   14.47   11.80   22.71  128.29 ^ clkbuf_1_1_0_clk/Y (BUFx24_ASAP7_75t_R)
                                         clknet_1_1_0_clk (net)
                 15.08    3.05  131.33 ^ clkbuf_2_3_0_clk/A (BUFx24_ASAP7_75t_R)
     2   15.90    9.53   19.85  151.18 ^ clkbuf_2_3_0_clk/Y (BUFx24_ASAP7_75t_R)
                                         clknet_2_3_0_clk (net)
                 30.08    8.78  159.96 ^ clkbuf_3_6_0_clk/A (BUFx24_ASAP7_75t_R)
     2   14.87   12.12   24.12  184.08 ^ clkbuf_3_6_0_clk/Y (BUFx24_ASAP7_75t_R)
                                         clknet_3_6_0_clk (net)
                 20.06    5.11  189.19 ^ clkbuf_4_12_0_clk/A (BUFx24_ASAP7_75t_R)
     4   22.66   16.17   22.87  212.06 ^ clkbuf_4_12_0_clk/Y (BUFx24_ASAP7_75t_R)
                                         clknet_4_12_0_clk (net)
                 21.22    4.66  216.72 ^ clkbuf_6_48_0_clk/A (BUFx24_ASAP7_75t_R)
     2    8.53    9.36   21.65  238.37 ^ clkbuf_6_48_0_clk/Y (BUFx24_ASAP7_75t_R)
                                         clknet_6_48_0_clk (net)
                 10.50    1.59  239.96 ^ clkbuf_7_97__f_clk/A (BUFx24_ASAP7_75t_R)
     6   24.28   16.95   20.13  260.09 ^ clkbuf_7_97__f_clk/Y (BUFx24_ASAP7_75t_R)
                                         clknet_7_97__leaf_clk (net)
                 22.64    5.05  265.14 ^ clkbuf_leaf_386_clk/A (BUFx24_ASAP7_75t_R)
    15   16.89   13.41   23.15  288.29 ^ clkbuf_leaf_386_clk/Y (BUFx24_ASAP7_75t_R)
                                         clknet_leaf_386_clk (net)
                 15.44    2.67  290.96 ^ _387041_/CLK (DFFHQNx1_ASAP7_75t_R)
     2    2.19   21.88   41.62  332.58 v _387041_/QN (DFFHQNx1_ASAP7_75t_R)
                                         _003736_ (net)
                 21.91    0.47  333.05 v _210675_/C (OR4x1_ASAP7_75t_R)
     6    9.15   54.16   50.93  383.98 v _210675_/Y (OR4x1_ASAP7_75t_R)
                                         _146916_ (net)
                 54.38    2.00  385.98 v place89701/A (BUFx6f_ASAP7_75t_R)
     6    7.96   12.43   25.62  411.60 v place89701/Y (BUFx6f_ASAP7_75t_R)
                                         net89259 (net)
                 12.61    0.83  412.43 v _210696_/B (NAND2x2_ASAP7_75t_R)
    12   16.64   58.29   28.07  440.50 ^ _210696_/Y (NAND2x2_ASAP7_75t_R)
                                         _146937_ (net)
                 58.43    1.64  442.14 ^ _210721_/B (AO21x1_ASAP7_75t_R)
     2    1.89   14.75   21.77  463.91 ^ _210721_/Y (AO21x1_ASAP7_75t_R)
                                         _146962_ (net)
                 14.77    0.31  464.22 ^ _210724_/B1 (AO22x1_ASAP7_75t_R)
     2    4.96   35.24   28.61  492.83 ^ _210724_/Y (AO22x1_ASAP7_75t_R)
                                         _146965_ (net)
                 35.44    1.51  494.34 ^ _210919_/A2 (AO32x2_ASAP7_75t_R)
     8   24.34   88.64   46.34  540.68 ^ _210919_/Y (AO32x2_ASAP7_75t_R)
                                         _147160_ (net)
                 98.97   15.52  556.21 ^ place87075/A (BUFx3_ASAP7_75t_R)
     7   21.40   52.14   40.02  596.23 ^ place87075/Y (BUFx3_ASAP7_75t_R)
                                         net86633 (net)
                 59.67   10.32  606.55 ^ _211304_/B (NOR2x2_ASAP7_75t_R)
     6   13.92   50.21   34.74  641.29 v _211304_/Y (NOR2x2_ASAP7_75t_R)
                                         _147545_ (net)
                 50.37    1.63  642.91 v _211330_/A (NAND2x1_ASAP7_75t_R)
     2    2.66   29.97   26.14  669.05 ^ _211330_/Y (NAND2x1_ASAP7_75t_R)
                                         _147571_ (net)
                 29.99    0.35  669.40 ^ place84666/A (BUFx3_ASAP7_75t_R)
     4   11.53   27.97   26.65  696.05 ^ place84666/Y (BUFx3_ASAP7_75t_R)
                                         net84224 (net)
                 28.46    2.04  698.09 ^ place84665/A (BUFx6f_ASAP7_75t_R)
     3   16.66   21.20   18.96  717.06 ^ place84665/Y (BUFx6f_ASAP7_75t_R)
                                         net84223 (net)
                 56.47   17.17  734.22 ^ _213205_/A2 (OA222x2_ASAP7_75t_R)
     1    0.83    9.82   36.16  770.38 ^ _213205_/Y (OA222x2_ASAP7_75t_R)
                                         _149446_ (net)
                  9.83    0.09  770.47 ^ _213206_/D (AND4x1_ASAP7_75t_R)
     1    9.84   68.11   46.86  817.33 ^ _213206_/Y (AND4x1_ASAP7_75t_R)
                                         _149447_ (net)
                 69.49    5.37  822.70 ^ _213238_/B (AND5x1_ASAP7_75t_R)
     2    2.61   23.96   41.81  864.51 ^ _213238_/Y (AND5x1_ASAP7_75t_R)
                                         _149479_ (net)
                 24.00    0.54  865.04 ^ _213289_/A1 (OA22x2_ASAP7_75t_R)
     3   11.98   43.32   33.86  898.91 ^ _213289_/Y (OA22x2_ASAP7_75t_R)
                                         _149530_ (net)
                 49.37    8.43  907.34 ^ _213487_/B (AND4x1_ASAP7_75t_R)
     2    1.80   17.75   31.53  938.86 ^ _213487_/Y (AND4x1_ASAP7_75t_R)
                                         _149728_ (net)
                 17.77    0.24  939.11 ^ _214553_/A (AND4x1_ASAP7_75t_R)
     2    3.01   24.87   29.97  969.08 ^ _214553_/Y (AND4x1_ASAP7_75t_R)
                                         _150794_ (net)
                 24.95    0.79  969.87 ^ _217083_/C (AND3x4_ASAP7_75t_R)
    11   10.99   26.76   28.28  998.15 ^ _217083_/Y (AND3x4_ASAP7_75t_R)
                                         _153324_ (net)
                 30.81    5.41 1003.56 ^ place79705/A (BUFx3_ASAP7_75t_R)
     2    2.25    8.56   18.68 1022.24 ^ place79705/Y (BUFx3_ASAP7_75t_R)
                                         net79263 (net)
                  8.57    0.11 1022.35 ^ place79704/A (BUFx6f_ASAP7_75t_R)
    13   15.63   20.71   17.68 1040.03 ^ place79704/Y (BUFx6f_ASAP7_75t_R)
                                         net79262 (net)
                 21.10    1.61 1041.64 ^ _217117_/A (OR2x2_ASAP7_75t_R)
     2    1.72   10.02   19.41 1061.06 ^ _217117_/Y (OR2x2_ASAP7_75t_R)
                                         _153358_ (net)
                 10.03    0.17 1061.22 ^ _217215_/A (OR3x1_ASAP7_75t_R)
     2    1.89   13.88   14.62 1075.84 ^ _217215_/Y (OR3x1_ASAP7_75t_R)
                                         _153456_ (net)
                 13.88    0.19 1076.03 ^ _217218_/A2 (AOI211x1_ASAP7_75t_R)
     2    2.07   29.67   19.70 1095.73 v _217218_/Y (AOI211x1_ASAP7_75t_R)
                                         _153459_ (net)
                 29.67    0.17 1095.91 v _217279_/A2 (OA21x2_ASAP7_75t_R)
     2    1.87    9.96   24.21 1120.12 v _217279_/Y (OA21x2_ASAP7_75t_R)
                                         _153520_ (net)
                  9.99    0.27 1120.39 v _217284_/A2 (OA211x2_ASAP7_75t_R)
     3    2.58   14.29   25.65 1146.04 v _217284_/Y (OA211x2_ASAP7_75t_R)
                                         _153525_ (net)
                 14.30    0.22 1146.26 v _217285_/E (OR5x1_ASAP7_75t_R)
     2    2.75   22.45   40.64 1186.90 v _217285_/Y (OR5x1_ASAP7_75t_R)
                                         _153526_ (net)
                 22.47    0.31 1187.21 v _217286_/B (MAJx2_ASAP7_75t_R)
     8    7.52   25.61   33.75 1220.95 v _217286_/Y (MAJx2_ASAP7_75t_R)
                                         _153527_ (net)
                 25.85    1.38 1222.33 v _217359_/A (INVx1_ASAP7_75t_R)
     3    2.06   18.86   14.74 1237.08 ^ _217359_/Y (INVx1_ASAP7_75t_R)
                                         _153600_ (net)
                 18.86    0.17 1237.25 ^ _217379_/A2 (AO221x1_ASAP7_75t_R)
     1    1.22   12.63   24.13 1261.38 ^ _217379_/Y (AO221x1_ASAP7_75t_R)
                                         _153620_ (net)
                 12.64    0.13 1261.51 ^ _217380_/E (AND5x2_ASAP7_75t_R)
     3    3.03   16.81   32.58 1294.08 ^ _217380_/Y (AND5x2_ASAP7_75t_R)
                                         _153621_ (net)
                 16.86    0.51 1294.60 ^ _217382_/A (OR3x2_ASAP7_75t_R)
     4    4.03   15.42   18.49 1313.09 ^ _217382_/Y (OR3x2_ASAP7_75t_R)
                                         _153623_ (net)
                 15.46    0.42 1313.51 ^ _217383_/B (OA21x2_ASAP7_75t_R)
     1    1.38    8.53   17.96 1331.47 ^ _217383_/Y (OA21x2_ASAP7_75t_R)
                                         _153624_ (net)
                  8.54    0.15 1331.62 ^ _217384_/B (XNOR2x2_ASAP7_75t_R)
     1    1.22    9.96   24.97 1356.60 v _217384_/Y (XNOR2x2_ASAP7_75t_R)
                                         _153625_ (net)
                  9.97    0.14 1356.74 v _217396_/B (AOI211x1_ASAP7_75t_R)
     2    2.32   27.31   16.57 1373.31 ^ _217396_/Y (AOI211x1_ASAP7_75t_R)
                                         _153637_ (net)
                 27.31    0.25 1373.56 ^ _217397_/B (XOR2x2_ASAP7_75t_R)
     4    3.83   15.69   27.31 1400.88 v _217397_/Y (XOR2x2_ASAP7_75t_R)
                                         _153638_ (net)
                 15.88    0.95 1401.83 v _217485_/A1 (AO21x1_ASAP7_75t_R)
     1    0.73    7.37   17.44 1419.27 v _217485_/Y (AO21x1_ASAP7_75t_R)
                                         _153726_ (net)
                  7.37    0.04 1419.31 v _217488_/A1 (AO21x1_ASAP7_75t_R)
     9    7.46   41.86   31.16 1450.47 v _217488_/Y (AO21x1_ASAP7_75t_R)
                                         _153729_ (net)
                 41.98    1.31 1451.78 v _217532_/A2 (OA211x2_ASAP7_75t_R)
     1    1.35   10.86   32.45 1484.23 v _217532_/Y (OA211x2_ASAP7_75t_R)
                                         _153773_ (net)
                 10.87    0.18 1484.41 v _217533_/A (XOR2x2_ASAP7_75t_R)
     2    2.48   11.33   22.29 1506.70 v _217533_/Y (XOR2x2_ASAP7_75t_R)
                                         _153774_ (net)
                 11.35    0.27 1506.97 v _217545_/C (MAJx2_ASAP7_75t_R)
     2    1.51   11.94   21.24 1528.22 v _217545_/Y (MAJx2_ASAP7_75t_R)
                                         _153786_ (net)
                 11.94    0.10 1528.32 v _217561_/B2 (AO32x1_ASAP7_75t_R)
     1    1.25   12.37   24.74 1553.07 v _217561_/Y (AO32x1_ASAP7_75t_R)
                                         _153802_ (net)
                 12.37    0.13 1553.19 v _217562_/C (MAJx2_ASAP7_75t_R)
     3    2.36   12.32   22.92 1576.11 v _217562_/Y (MAJx2_ASAP7_75t_R)
                                         _153803_ (net)
                 12.35    0.27 1576.38 v _217577_/A2 (OA21x2_ASAP7_75t_R)
     4    4.35   16.27   23.17 1599.55 v _217577_/Y (OA21x2_ASAP7_75t_R)
                                         _153818_ (net)
                 16.36    0.70 1600.25 v place65011/A (BUFx3_ASAP7_75t_R)
     2    2.34    7.60   16.70 1616.95 v place65011/Y (BUFx3_ASAP7_75t_R)
                                         net64569 (net)
                  7.60    0.11 1617.06 v _217612_/A (NOR2x1_ASAP7_75t_R)
     1    1.19   12.35    8.74 1625.80 ^ _217612_/Y (NOR2x1_ASAP7_75t_R)
                                         _153853_ (net)
                 12.35    0.13 1625.93 ^ _217613_/B (XNOR2x2_ASAP7_75t_R)
     4    4.67   19.23   26.77 1652.69 ^ _217613_/Y (XNOR2x2_ASAP7_75t_R)
                                         _153854_ (net)
                 19.29    0.63 1653.33 ^ _217620_/B (NOR2x1_ASAP7_75t_R)
     1    1.27   28.50   10.64 1663.96 v _217620_/Y (NOR2x1_ASAP7_75t_R)
                                         _153861_ (net)
                 28.50    0.07 1664.03 v _217622_/A1 (AOI22x1_ASAP7_75t_R)
     1    1.60   32.29   17.81 1681.85 ^ _217622_/Y (AOI22x1_ASAP7_75t_R)
                                         _153863_ (net)
                 32.29    0.22 1682.07 ^ _217623_/B (AOI21x1_ASAP7_75t_R)
     2    2.55   20.33   15.08 1697.15 v _217623_/Y (AOI21x1_ASAP7_75t_R)
                                         _153864_ (net)
                 20.34    0.32 1697.48 v _217624_/B (MAJx2_ASAP7_75t_R)
     4    3.10   14.24   27.68 1725.16 v _217624_/Y (MAJx2_ASAP7_75t_R)
                                         _153865_ (net)
                 14.26    0.31 1725.47 v _217669_/A3 (AO32x1_ASAP7_75t_R)
     2    1.91   14.66   27.77 1753.24 v _217669_/Y (AO32x1_ASAP7_75t_R)
                                         _153910_ (net)
                 14.67    0.14 1753.38 v _217723_/B (OR3x1_ASAP7_75t_R)
     2    1.92   14.89   25.20 1778.57 v _217723_/Y (OR3x1_ASAP7_75t_R)
                                         _153964_ (net)
                 14.89    0.19 1778.76 v _217732_/C (AO221x1_ASAP7_75t_R)
     1    1.83   16.08   26.81 1805.57 v _217732_/Y (AO221x1_ASAP7_75t_R)
                                         _153973_ (net)
                 16.10    0.27 1805.84 v _217733_/A (NAND3x1_ASAP7_75t_R)
     2    1.65   37.49   13.26 1819.10 ^ _217733_/Y (NAND3x1_ASAP7_75t_R)
                                         _153974_ (net)
                 37.49    0.12 1819.22 ^ _217734_/A (MAJx2_ASAP7_75t_R)
     2    2.43   13.76   26.41 1845.63 ^ _217734_/Y (MAJx2_ASAP7_75t_R)
                                         _153975_ (net)
                 13.77    0.18 1845.81 ^ _217735_/B (MAJx2_ASAP7_75t_R)
     2    2.10   13.57   21.96 1867.77 ^ _217735_/Y (MAJx2_ASAP7_75t_R)
                                         _153976_ (net)
                 13.58    0.15 1867.92 ^ _217740_/C (MAJx2_ASAP7_75t_R)
     3    2.62   15.35   20.94 1888.86 ^ _217740_/Y (MAJx2_ASAP7_75t_R)
                                         _153981_ (net)
                 15.36    0.16 1889.02 ^ _217741_/B1 (AO221x1_ASAP7_75t_R)
     2    2.27   18.84   24.84 1913.86 ^ _217741_/Y (AO221x1_ASAP7_75t_R)
                                         _153982_ (net)
                 18.86    0.30 1914.16 ^ _217755_/A3 (AO31x2_ASAP7_75t_R)
     8    7.35   28.16   26.18 1940.33 ^ _217755_/Y (AO31x2_ASAP7_75t_R)
                                         _153996_ (net)
                 28.37    1.38 1941.71 ^ place63067/A (BUFx3_ASAP7_75t_R)
     1    1.17    6.44   16.98 1958.69 ^ place63067/Y (BUFx3_ASAP7_75t_R)
                                         net62625 (net)
                  6.44    0.07 1958.76 ^ _217797_/A (NOR2x1_ASAP7_75t_R)
     1    0.80   10.43    7.59 1966.35 v _217797_/Y (NOR2x1_ASAP7_75t_R)
                                         _154038_ (net)
                 10.43    0.08 1966.43 v _217804_/A1 (OA21x2_ASAP7_75t_R)
     2    2.31   10.50   19.52 1985.95 v _217804_/Y (OA21x2_ASAP7_75t_R)
                                         _154045_ (net)
                 10.52    0.29 1986.25 v _217805_/B (MAJx2_ASAP7_75t_R)
     3    3.23   17.30   24.99 2011.23 v _217805_/Y (MAJx2_ASAP7_75t_R)
                                         _154046_ (net)
                 17.33    0.35 2011.58 v _217817_/A1 (AO211x2_ASAP7_75t_R)
     1    0.85    6.51   18.01 2029.59 v _217817_/Y (AO211x2_ASAP7_75t_R)
                                         _154058_ (net)
                  6.52    0.08 2029.66 v _217818_/A1 (AO32x2_ASAP7_75t_R)
     4    4.86   22.12   30.12 2059.78 v _217818_/Y (AO32x2_ASAP7_75t_R)
                                         _154059_ (net)
                 22.21    0.77 2060.55 v _217850_/A3 (AO31x2_ASAP7_75t_R)
     4    3.25   11.67   21.37 2081.92 v _217850_/Y (AO31x2_ASAP7_75t_R)
                                         _154091_ (net)
                 11.70    0.31 2082.23 v _217853_/B1 (AOI22x1_ASAP7_75t_R)
     9    8.38   57.31   29.94 2112.17 ^ _217853_/Y (AOI22x1_ASAP7_75t_R)
                                         _154094_ (net)
                 57.39    1.19 2113.36 ^ _217888_/A (AND2x2_ASAP7_75t_R)
     1    1.12    8.35   20.77 2134.13 ^ _217888_/Y (AND2x2_ASAP7_75t_R)
                                         _154129_ (net)
                  8.35    0.06 2134.19 ^ _217889_/B (XNOR2x2_ASAP7_75t_R)
     3    2.47   11.37   27.10 2161.30 v _217889_/Y (XNOR2x2_ASAP7_75t_R)
                                         _154130_ (net)
                 11.39    0.26 2161.55 v _217890_/B (OR2x2_ASAP7_75t_R)
     3    2.40   11.99   19.64 2181.20 v _217890_/Y (OR2x2_ASAP7_75t_R)
                                         _154131_ (net)
                 12.01    0.24 2181.44 v _217897_/A1 (AO21x1_ASAP7_75t_R)
     2    1.74   12.27   19.20 2200.64 v _217897_/Y (AO21x1_ASAP7_75t_R)
                                         _154138_ (net)
                 12.29    0.23 2200.87 v _217898_/B (AND2x2_ASAP7_75t_R)
     2    1.59    7.71   16.47 2217.34 v _217898_/Y (AND2x2_ASAP7_75t_R)
                                         _154139_ (net)
                  7.73    0.19 2217.53 v _217959_/A2 (OA211x2_ASAP7_75t_R)
     1    0.89    9.67   21.89 2239.42 v _217959_/Y (OA211x2_ASAP7_75t_R)
                                         _154200_ (net)
                  9.68    0.08 2239.50 v _217960_/A1 (OA21x2_ASAP7_75t_R)
     3    2.51   11.08   19.67 2259.17 v _217960_/Y (OA21x2_ASAP7_75t_R)
                                         _154201_ (net)
                 11.12    0.33 2259.50 v _218017_/A2 (OA211x2_ASAP7_75t_R)
     2    1.98   12.68   24.86 2284.35 v _218017_/Y (OA211x2_ASAP7_75t_R)
                                         _154258_ (net)
                 12.70    0.22 2284.58 v _218018_/A (XOR2x2_ASAP7_75t_R)
     2    1.47    8.60   21.18 2305.75 v _218018_/Y (XOR2x2_ASAP7_75t_R)
                                         _154259_ (net)
                  8.60    0.10 2305.85 v _218038_/B (OR4x1_ASAP7_75t_R)
     2    1.44   14.14   27.24 2333.09 v _218038_/Y (OR4x1_ASAP7_75t_R)
                                         _154279_ (net)
                 14.14    0.16 2333.25 v _218040_/B2 (AO221x1_ASAP7_75t_R)
     2    1.64   16.11   25.12 2358.37 v _218040_/Y (AO221x1_ASAP7_75t_R)
                                         _154281_ (net)
                 16.12    0.16 2358.53 v _218043_/B3 (AO33x2_ASAP7_75t_R)
     2    1.97   13.99   33.95 2392.48 v _218043_/Y (AO33x2_ASAP7_75t_R)
                                         _154284_ (net)
                 14.01    0.28 2392.76 v _218044_/A (MAJx2_ASAP7_75t_R)
     2    1.74   11.85   21.91 2414.67 v _218044_/Y (MAJx2_ASAP7_75t_R)
                                         _154285_ (net)
                 11.86    0.17 2414.84 v _218049_/A (MAJx3_ASAP7_75t_R)
     6    7.18   22.76   29.54 2444.38 v _218049_/Y (MAJx3_ASAP7_75t_R)
                                         _154290_ (net)
                 23.02    1.32 2445.70 v _218087_/A2 (OA21x2_ASAP7_75t_R)
     4    4.27   15.83   26.29 2472.00 v _218087_/Y (OA21x2_ASAP7_75t_R)
                                         _154328_ (net)
                 15.86    0.37 2472.37 v _218091_/B (AND2x4_ASAP7_75t_R)
     1    0.86    6.52   15.33 2487.70 v _218091_/Y (AND2x4_ASAP7_75t_R)
                                         _154332_ (net)
                  6.52    0.07 2487.77 v _218092_/A2 (OA21x2_ASAP7_75t_R)
     1    0.81    6.42   16.22 2503.98 v _218092_/Y (OA21x2_ASAP7_75t_R)
                                         _154333_ (net)
                  6.42    0.08 2504.07 v _218093_/C1 (OA222x2_ASAP7_75t_R)
     2    2.32   12.32   24.82 2528.88 v _218093_/Y (OA222x2_ASAP7_75t_R)
                                         _154334_ (net)
                 12.34    0.25 2529.14 v _218106_/C (MAJx2_ASAP7_75t_R)
     3    3.01   17.28   23.87 2553.01 v _218106_/Y (MAJx2_ASAP7_75t_R)
                                         _154347_ (net)
                 17.38    0.67 2553.68 v _218130_/A3 (AO32x2_ASAP7_75t_R)
     2    1.75   14.85   30.36 2584.04 v _218130_/Y (AO32x2_ASAP7_75t_R)
                                         _154371_ (net)
                 14.86    0.19 2584.23 v _218150_/A1 (OA21x2_ASAP7_75t_R)
     2    2.71   11.64   21.11 2605.34 v _218150_/Y (OA21x2_ASAP7_75t_R)
                                         _154391_ (net)
                 11.69    0.40 2605.73 v _218190_/A2 (OA211x2_ASAP7_75t_R)
     2    2.56   14.27   26.05 2631.78 v _218190_/Y (OA211x2_ASAP7_75t_R)
                                         _154431_ (net)
                 14.31    0.43 2632.21 v _218211_/A3 (OA31x2_ASAP7_75t_R)
     5    5.62   21.07   24.96 2657.16 v _218211_/Y (OA31x2_ASAP7_75t_R)
                                         _154452_ (net)
                 21.18    0.84 2658.00 v _218260_/A3 (AO32x1_ASAP7_75t_R)
     1    0.92    9.60   26.30 2684.30 v _218260_/Y (AO32x1_ASAP7_75t_R)
                                         _154501_ (net)
                  9.61    0.08 2684.38 v _218261_/A (OR3x1_ASAP7_75t_R)
     4    3.98   25.32   28.62 2713.00 v _218261_/Y (OR3x1_ASAP7_75t_R)
                                         _154502_ (net)
                 25.33    0.29 2713.29 v _218270_/B2 (OA22x2_ASAP7_75t_R)
     1    0.81   10.29   23.76 2737.05 v _218270_/Y (OA22x2_ASAP7_75t_R)
                                         _154511_ (net)
                 10.29    0.09 2737.13 v _218271_/B1 (AO22x2_ASAP7_75t_R)
     6    6.75   24.65   27.31 2764.44 v _218271_/Y (AO22x2_ASAP7_75t_R)
                                         _154512_ (net)
                 25.04    1.72 2766.16 v _218276_/B2 (AO22x2_ASAP7_75t_R)
     4    4.77   17.79   28.61 2794.77 v _218276_/Y (AO22x2_ASAP7_75t_R)
                                         _154517_ (net)
                 17.86    0.61 2795.38 v _218298_/A2 (AO21x2_ASAP7_75t_R)
     8    6.56   21.32   27.73 2823.11 v _218298_/Y (AO21x2_ASAP7_75t_R)
                                         _154539_ (net)
                 21.37    0.57 2823.68 v _218408_/C (OR3x1_ASAP7_75t_R)
     1    0.51    7.99   21.76 2845.44 v _218408_/Y (OR3x1_ASAP7_75t_R)
                                         _154649_ (net)
                  7.99    0.02 2845.47 v _218411_/C (OA211x2_ASAP7_75t_R)
     3    3.47   16.90   31.66 2877.13 v _218411_/Y (OA211x2_ASAP7_75t_R)
                                         _154652_ (net)
                 16.97    0.59 2877.72 v _218421_/A3 (OA31x2_ASAP7_75t_R)
     3    3.25   20.11   22.60 2900.31 v _218421_/Y (OA31x2_ASAP7_75t_R)
                                         _154662_ (net)
                 20.15    0.50 2900.81 v _218429_/A3 (OA31x2_ASAP7_75t_R)
     2    2.26   15.91   21.94 2922.75 v _218429_/Y (OA31x2_ASAP7_75t_R)
                                         _154670_ (net)
                 15.93    0.26 2923.01 v _218461_/A3 (OA31x2_ASAP7_75t_R)
     2    2.62   13.21   21.26 2944.27 v _218461_/Y (OA31x2_ASAP7_75t_R)
                                         _154702_ (net)
                 13.28    0.51 2944.78 v _218493_/A2 (OA21x2_ASAP7_75t_R)
     5    6.37   21.12   26.21 2971.00 v _218493_/Y (OA21x2_ASAP7_75t_R)
                                         _154734_ (net)
                 21.24    0.91 2971.91 v place60841/A (BUFx6f_ASAP7_75t_R)
     4    4.48    7.93   17.47 2989.38 v place60841/Y (BUFx6f_ASAP7_75t_R)
                                         net60399 (net)
                  8.02    0.44 2989.82 v _218699_/C (MAJx2_ASAP7_75t_R)
     1    1.06   12.99   19.60 3009.42 v _218699_/Y (MAJx2_ASAP7_75t_R)
                                         _154940_ (net)
                 12.99    0.10 3009.52 v _218700_/B (XNOR2x2_ASAP7_75t_R)
     2    2.22   12.56   23.64 3033.16 ^ _218700_/Y (XNOR2x2_ASAP7_75t_R)
                                         _154941_ (net)
                 12.58    0.28 3033.44 ^ _218724_/B (XNOR2x2_ASAP7_75t_R)
     1    0.68    6.93   24.88 3058.32 v _218724_/Y (XNOR2x2_ASAP7_75t_R)
                                         _154965_ (net)
                  6.93    0.04 3058.36 v _218725_/B (AND2x2_ASAP7_75t_R)
     1    1.36   10.48   14.40 3072.76 v _218725_/Y (AND2x2_ASAP7_75t_R)
                                         _154966_ (net)
                 10.48    0.13 3072.89 v _218726_/C (MAJx2_ASAP7_75t_R)
     1    0.82   11.63   19.84 3092.73 v _218726_/Y (MAJx2_ASAP7_75t_R)
                                         _154967_ (net)
                 11.63    0.08 3092.82 v _218730_/A2 (AO21x1_ASAP7_75t_R)
     2    2.73   17.51   20.69 3113.51 v _218730_/Y (AO21x1_ASAP7_75t_R)
                                         _154971_ (net)
                 17.54    0.36 3113.87 v _218731_/C (MAJx2_ASAP7_75t_R)
     2    2.13   12.60   23.83 3137.71 v _218731_/Y (MAJx2_ASAP7_75t_R)
                                         _154972_ (net)
                 12.61    0.13 3137.84 v _218761_/C (MAJx2_ASAP7_75t_R)
     1    1.02   10.42   20.69 3158.53 v _218761_/Y (MAJx2_ASAP7_75t_R)
                                         _155002_ (net)
                 10.43    0.13 3158.66 v _218762_/A2 (AO21x2_ASAP7_75t_R)
     6    5.73   19.93   23.96 3182.62 v _218762_/Y (AO21x2_ASAP7_75t_R)
                                         _155003_ (net)
                 20.01    0.73 3183.35 v _218763_/A (OR2x2_ASAP7_75t_R)
    10    9.52   30.53   30.23 3213.58 v _218763_/Y (OR2x2_ASAP7_75t_R)
                                         _155004_ (net)
                 31.25    2.56 3216.15 v _218830_/A (AND2x4_ASAP7_75t_R)
     2    1.93    6.60   21.37 3237.51 v _218830_/Y (AND2x4_ASAP7_75t_R)
                                         _155071_ (net)
                  6.61    0.10 3237.62 v _218831_/A (XNOR2x2_ASAP7_75t_R)
     3    2.74   12.83   23.01 3260.63 ^ _218831_/Y (XNOR2x2_ASAP7_75t_R)
                                         _155072_ (net)
                 12.86    0.36 3260.99 ^ _218881_/B (OA21x2_ASAP7_75t_R)
     2    1.65   11.15   17.98 3278.97 ^ _218881_/Y (OA21x2_ASAP7_75t_R)
                                         _155122_ (net)
                 11.15    0.12 3279.09 ^ _218882_/A (AND4x1_ASAP7_75t_R)
     1    1.19   13.50   22.35 3301.44 ^ _218882_/Y (AND4x1_ASAP7_75t_R)
                                         _155123_ (net)
                 13.50    0.11 3301.55 ^ _218885_/B2 (AOI221x1_ASAP7_75t_R)
     5    5.63   62.77   30.83 3332.38 v _218885_/Y (AOI221x1_ASAP7_75t_R)
                                         _155126_ (net)
                 62.95    1.91 3334.30 v _218968_/A2 (OAI21x1_ASAP7_75t_R)
     2    2.07   25.81   20.83 3355.13 ^ _218968_/Y (OAI21x1_ASAP7_75t_R)
                                         _155209_ (net)
                 25.81    0.11 3355.24 ^ _218974_/B (AND5x2_ASAP7_75t_R)
    10    8.51   35.31   39.97 3395.21 ^ _218974_/Y (AND5x2_ASAP7_75t_R)
                                         _155215_ (net)
                 35.43    1.21 3396.42 ^ _219045_/A (OR2x2_ASAP7_75t_R)
     7    6.54   24.12   29.35 3425.77 ^ _219045_/Y (OR2x2_ASAP7_75t_R)
                                         _155286_ (net)
                 24.18    0.67 3426.44 ^ place59825/A (BUFx6f_ASAP7_75t_R)
     5    5.63    9.73   17.38 3443.83 ^ place59825/Y (BUFx6f_ASAP7_75t_R)
                                         net59383 (net)
                  9.89    0.66 3444.48 ^ _219144_/B (AND3x1_ASAP7_75t_R)
     4    3.88   27.92   27.43 3471.91 ^ _219144_/Y (AND3x1_ASAP7_75t_R)
                                         _155385_ (net)
                 27.92    0.14 3472.05 ^ _219145_/A2 (OAI21x1_ASAP7_75t_R)
     1    1.09   29.29   10.06 3482.11 v _219145_/Y (OAI21x1_ASAP7_75t_R)
                                         _155386_ (net)
                 29.29    0.06 3482.17 v _219152_/B1 (AOI221x1_ASAP7_75t_R)
     3    3.61   46.97   25.85 3508.02 ^ _219152_/Y (AOI221x1_ASAP7_75t_R)
                                         _155393_ (net)
                 47.00    0.72 3508.74 ^ _219221_/A (AND2x2_ASAP7_75t_R)
     1    1.26    8.59   20.14 3528.88 ^ _219221_/Y (AND2x2_ASAP7_75t_R)
                                         _155462_ (net)
                  8.60    0.14 3529.02 ^ _219222_/E (AND5x2_ASAP7_75t_R)
     3    3.64   18.83   32.86 3561.88 ^ _219222_/Y (AND5x2_ASAP7_75t_R)
                                         _155463_ (net)
                 18.97    0.89 3562.77 ^ _219231_/A3 (OA31x2_ASAP7_75t_R)
    11   12.10   44.02   36.28 3599.05 ^ _219231_/Y (OA31x2_ASAP7_75t_R)
                                         _155472_ (net)
                 44.62    2.90 3601.95 ^ place59474/A (BUFx3_ASAP7_75t_R)
     7    5.79   15.88   24.44 3626.39 ^ place59474/Y (BUFx3_ASAP7_75t_R)
                                         net59032 (net)
                 15.94    0.55 3626.94 ^ _219398_/A (AND2x4_ASAP7_75t_R)
     2    2.20    7.46   15.49 3642.43 ^ _219398_/Y (AND2x4_ASAP7_75t_R)
                                         _155639_ (net)
                  7.49    0.25 3642.68 ^ _219399_/A (XNOR2x2_ASAP7_75t_R)
     2    1.64    9.21   25.40 3668.09 v _219399_/Y (XNOR2x2_ASAP7_75t_R)
                                         _155640_ (net)
                  9.23    0.18 3668.27 v _219451_/B1 (AO32x1_ASAP7_75t_R)
     1    0.82   12.12   21.85 3690.12 v _219451_/Y (AO32x1_ASAP7_75t_R)
                                         _155692_ (net)
                 12.13    0.09 3690.20 v _219459_/A1 (OA21x2_ASAP7_75t_R)
     1    1.24    7.56   18.14 3708.35 v _219459_/Y (OA21x2_ASAP7_75t_R)
                                         _155700_ (net)
                  7.57    0.14 3708.49 v _219485_/A2 (OA221x2_ASAP7_75t_R)
     6    7.90   28.92   35.91 3744.40 v _219485_/Y (OA221x2_ASAP7_75t_R)
                                         _155726_ (net)
                 30.04    3.11 3747.50 v _219486_/C (AO211x2_ASAP7_75t_R)
     4    3.77   14.49   25.69 3773.19 v _219486_/Y (AO211x2_ASAP7_75t_R)
                                         _155727_ (net)
                 14.53    0.42 3773.61 v _219589_/A1 (AO21x2_ASAP7_75t_R)
     2    2.36   11.61   21.72 3795.33 v _219589_/Y (AO21x2_ASAP7_75t_R)
                                         _155830_ (net)
                 11.65    0.37 3795.70 v _219622_/B (OA211x2_ASAP7_75t_R)
     1    1.28   10.67   27.32 3823.02 v _219622_/Y (OA211x2_ASAP7_75t_R)
                                         _155863_ (net)
                 10.68    0.16 3823.18 v _219623_/A (XOR2x2_ASAP7_75t_R)
     3    3.18   14.33   28.08 3851.26 ^ _219623_/Y (XOR2x2_ASAP7_75t_R)
                                         _155864_ (net)
                 14.36    0.36 3851.63 ^ _219647_/A2 (AO211x2_ASAP7_75t_R)
     2    1.68   13.83   22.44 3874.06 ^ _219647_/Y (AO211x2_ASAP7_75t_R)
                                         _155888_ (net)
                 13.84    0.18 3874.24 ^ _219653_/A1 (AO221x1_ASAP7_75t_R)
     1    1.49   14.15   25.04 3899.28 ^ _219653_/Y (AO221x1_ASAP7_75t_R)
                                         _155894_ (net)
                 14.16    0.18 3899.46 ^ _219666_/A1 (AO31x2_ASAP7_75t_R)
     2    3.28   15.67   20.62 3920.08 ^ _219666_/Y (AO31x2_ASAP7_75t_R)
                                         _155907_ (net)
                 15.84    0.89 3920.97 ^ _219763_/A2 (AO21x1_ASAP7_75t_R)
     2    1.67   13.45   17.92 3938.89 ^ _219763_/Y (AO21x1_ASAP7_75t_R)
                                         _156004_ (net)
                 13.46    0.20 3939.09 ^ place58969/A (BUFx3_ASAP7_75t_R)
    17   16.23   38.25   26.48 3965.57 ^ place58969/Y (BUFx3_ASAP7_75t_R)
                                         net58527 (net)
                 39.35    3.55 3969.12 ^ _219821_/B1 (AO221x1_ASAP7_75t_R)
     2    2.98   24.29   32.18 4001.31 ^ _219821_/Y (AO221x1_ASAP7_75t_R)
                                         _156062_ (net)
                 24.37    0.74 4002.05 ^ _219822_/C (AND3x1_ASAP7_75t_R)
     1    0.92   11.07   20.08 4022.12 ^ _219822_/Y (AND3x1_ASAP7_75t_R)
                                         _156063_ (net)
                 11.08    0.11 4022.23 ^ _219825_/A1 (OA21x2_ASAP7_75t_R)
     1    2.65   12.63   19.43 4041.66 ^ _219825_/Y (OA21x2_ASAP7_75t_R)
                                         _156066_ (net)
                 12.75    0.67 4042.33 ^ _219826_/B (XNOR2x1_ASAP7_75t_R)
     2    2.25   19.67   18.46 4060.80 ^ _219826_/Y (XNOR2x1_ASAP7_75t_R)
                                         _156067_ (net)
                 19.68    0.25 4061.05 ^ _220157_/B (XNOR2x2_ASAP7_75t_R)
     1    0.78    7.92   26.41 4087.46 v _220157_/Y (XNOR2x2_ASAP7_75t_R)
                                         _156398_ (net)
                  7.92    0.08 4087.54 v _220165_/C (OR5x1_ASAP7_75t_R)
     2    2.12   19.32   35.78 4123.32 v _220165_/Y (OR5x1_ASAP7_75t_R)
                                         _156406_ (net)
                 19.33    0.23 4123.55 v _220166_/B (AO31x2_ASAP7_75t_R)
     3    3.04   11.12   21.11 4144.67 v _220166_/Y (AO31x2_ASAP7_75t_R)
                                         _156407_ (net)
                 11.12    0.12 4144.79 v _220169_/A1 (AO21x2_ASAP7_75t_R)
    12   12.63   37.80   33.17 4177.96 v _220169_/Y (AO21x2_ASAP7_75t_R)
                                         _156410_ (net)
                 38.19    2.21 4180.16 v place58605/A (BUFx3_ASAP7_75t_R)
     4    4.85   13.12   24.36 4204.53 v place58605/Y (BUFx3_ASAP7_75t_R)
                                         net58163 (net)
                 13.17    0.45 4204.98 v _220318_/B (NOR3x1_ASAP7_75t_R)
     3    3.10   24.57   16.35 4221.33 ^ _220318_/Y (NOR3x1_ASAP7_75t_R)
                                         _156559_ (net)
                 24.60    0.51 4221.85 ^ _220345_/C (OR3x1_ASAP7_75t_R)
     4    4.27   29.30   25.05 4246.89 ^ _220345_/Y (OR3x1_ASAP7_75t_R)
                                         _156586_ (net)
                 29.32    0.40 4247.29 ^ _220395_/A1 (AO211x2_ASAP7_75t_R)
     2    2.43   12.87   29.05 4276.34 ^ _220395_/Y (AO211x2_ASAP7_75t_R)
                                         _156636_ (net)
                 12.90    0.35 4276.69 ^ _220397_/A2 (AOI22x1_ASAP7_75t_R)
     2    1.76   29.63   10.57 4287.26 v _220397_/Y (AOI22x1_ASAP7_75t_R)
                                         _156638_ (net)
                 29.63    0.18 4287.44 v _220465_/A (OR3x2_ASAP7_75t_R)
     6    5.74   22.11   36.62 4324.05 v _220465_/Y (OR3x2_ASAP7_75t_R)
                                         _156706_ (net)
                 22.26    0.98 4325.04 v place58407/A (BUFx6f_ASAP7_75t_R)
     9    9.20   12.89   19.49 4344.52 v place58407/Y (BUFx6f_ASAP7_75t_R)
                                         net57965 (net)
                 13.66    1.68 4346.20 v _220742_/B2 (AOI221x1_ASAP7_75t_R)
     3    3.08   34.27   20.84 4367.04 ^ _220742_/Y (AOI221x1_ASAP7_75t_R)
                                         _156983_ (net)
                 34.29    0.47 4367.51 ^ _220824_/A (XNOR2x2_ASAP7_75t_R)
     2    1.63   10.05   30.86 4398.38 v _220824_/Y (XNOR2x2_ASAP7_75t_R)
                                         _157065_ (net)
                 10.05    0.08 4398.46 v _220828_/A2 (AO21x1_ASAP7_75t_R)
     2    1.87   15.15   18.12 4416.57 v _220828_/Y (AO21x1_ASAP7_75t_R)
                                         _157069_ (net)
                 15.15    0.12 4416.70 v _220829_/B (AND2x2_ASAP7_75t_R)
     1    0.87    5.90   16.32 4433.01 v _220829_/Y (AND2x2_ASAP7_75t_R)
                                         _157070_ (net)
                  5.90    0.10 4433.11 v _220858_/B (OR4x1_ASAP7_75t_R)
     2    2.23   18.13   29.20 4462.31 v _220858_/Y (OR4x1_ASAP7_75t_R)
                                         _157099_ (net)
                 18.15    0.36 4462.67 v _220865_/A1 (AO32x1_ASAP7_75t_R)
     2    1.94   15.70   25.55 4488.21 v _220865_/Y (AO32x1_ASAP7_75t_R)
                                         _157106_ (net)
                 15.73    0.36 4488.57 v _220867_/B2 (AO221x1_ASAP7_75t_R)
     2    1.99   16.70   26.56 4515.13 v _220867_/Y (AO221x1_ASAP7_75t_R)
                                         _157108_ (net)
                 16.72    0.21 4515.34 v _220868_/B1 (AO32x1_ASAP7_75t_R)
     2    1.66   13.36   26.84 4542.18 v _220868_/Y (AO32x1_ASAP7_75t_R)
                                         _157109_ (net)
                 13.37    0.15 4542.33 v _220874_/A2 (OA21x2_ASAP7_75t_R)
     2    3.22   12.76   22.11 4564.44 v _220874_/Y (OA21x2_ASAP7_75t_R)
                                         _157115_ (net)
                 12.76    0.15 4564.59 v place58066/A (BUFx6f_ASAP7_75t_R)
     8    9.45   13.61   15.93 4580.51 v place58066/Y (BUFx6f_ASAP7_75t_R)
                                         net57624 (net)
                 14.08    1.41 4581.92 v _220947_/C (OA211x2_ASAP7_75t_R)
     1    1.22   10.49   29.54 4611.46 v _220947_/Y (OA211x2_ASAP7_75t_R)
                                         _157188_ (net)
                 10.50    0.10 4611.56 v _220948_/A (XOR2x2_ASAP7_75t_R)
     3    4.09   16.16   24.35 4635.92 v _220948_/Y (XOR2x2_ASAP7_75t_R)
                                         _157189_ (net)
                 16.33    0.92 4636.83 v place57987/A (BUFx3_ASAP7_75t_R)
     2    2.29    7.62   16.59 4653.42 v place57987/Y (BUFx3_ASAP7_75t_R)
                                         net57545 (net)
                  7.65    0.26 4653.69 v _220965_/B (NAND2x1_ASAP7_75t_R)
     3    3.16   50.53   13.78 4667.47 ^ _220965_/Y (NAND2x1_ASAP7_75t_R)
                                         _157206_ (net)
                 50.53    0.25 4667.72 ^ _220966_/B (OAI21x1_ASAP7_75t_R)
     2    1.57   19.69   16.20 4683.93 v _220966_/Y (OAI21x1_ASAP7_75t_R)
                                         _157207_ (net)
                 19.69    0.14 4684.07 v _221119_/A2 (AO21x1_ASAP7_75t_R)
     2    2.63   17.56   22.43 4706.50 v _221119_/Y (AO21x1_ASAP7_75t_R)
                                         _157360_ (net)
                 17.64    0.66 4707.17 v _221176_/A1 (OA21x2_ASAP7_75t_R)
     4    3.94   14.93   23.51 4730.67 v _221176_/Y (OA21x2_ASAP7_75t_R)
                                         _157417_ (net)
                 14.97    0.44 4731.11 v place57865/A (BUFx3_ASAP7_75t_R)
     2    1.93    6.83   15.84 4746.95 v place57865/Y (BUFx3_ASAP7_75t_R)
                                         net57423 (net)
                  6.83    0.09 4747.04 v _221222_/A2 (AOI21x1_ASAP7_75t_R)
     4    5.57   39.91   19.81 4766.84 ^ _221222_/Y (AOI21x1_ASAP7_75t_R)
                                         _157463_ (net)
                 40.19    1.82 4768.66 ^ place57844/A (BUFx3_ASAP7_75t_R)
     4    3.50   11.35   21.67 4790.34 ^ place57844/Y (BUFx3_ASAP7_75t_R)
                                         net57402 (net)
                 11.38    0.28 4790.61 ^ _221436_/B2 (AO221x1_ASAP7_75t_R)
     1    1.16   12.36   19.44 4810.05 ^ _221436_/Y (AO221x1_ASAP7_75t_R)
                                         _157677_ (net)
                 12.36    0.09 4810.14 ^ _221437_/C (AOI221x1_ASAP7_75t_R)
     2    2.74   53.35   17.36 4827.50 v _221437_/Y (AOI221x1_ASAP7_75t_R)
                                         _157678_ (net)
                 53.37    0.49 4827.99 v _221459_/B (NOR2x1_ASAP7_75t_R)
     3    2.89   30.41   22.84 4850.83 ^ _221459_/Y (NOR2x1_ASAP7_75t_R)
                                         _157700_ (net)
                 30.42    0.31 4851.14 ^ _221479_/A1 (AOI221x1_ASAP7_75t_R)
     2    3.04   48.61   29.46 4880.60 v _221479_/Y (AOI221x1_ASAP7_75t_R)
                                         _157720_ (net)
                 48.65    0.88 4881.49 v _221631_/B1 (OA31x2_ASAP7_75t_R)
     2    1.96   12.43   33.23 4914.72 v _221631_/Y (OA31x2_ASAP7_75t_R)
                                         _157872_ (net)
                 12.45    0.25 4914.96 v _221633_/C (OR4x2_ASAP7_75t_R)
     8    7.63   29.73   43.18 4958.14 v _221633_/Y (OR4x2_ASAP7_75t_R)
                                         _157874_ (net)
                 29.81    0.84 4958.99 v _221634_/B (AND3x4_ASAP7_75t_R)
    12   11.24   20.49   32.33 4991.31 v _221634_/Y (AND3x4_ASAP7_75t_R)
                                         _157875_ (net)
                 20.92    1.63 4992.94 v _221705_/D (OR4x1_ASAP7_75t_R)
     1    0.71   12.13   27.84 5020.79 v _221705_/Y (OR4x1_ASAP7_75t_R)
                                         _157946_ (net)
                 12.13    0.08 5020.86 v _221707_/B (OA211x2_ASAP7_75t_R)
     1    0.67    9.22   26.28 5047.14 v _221707_/Y (OA211x2_ASAP7_75t_R)
                                         _157948_ (net)
                  9.22    0.05 5047.20 v _221710_/B (OA211x2_ASAP7_75t_R)
     1    0.79   10.13   25.60 5072.80 v _221710_/Y (OA211x2_ASAP7_75t_R)
                                         _157951_ (net)
                 10.13    0.09 5072.88 v _221711_/B2 (AO221x1_ASAP7_75t_R)
     1    0.74   10.35   20.90 5093.79 v _221711_/Y (AO221x1_ASAP7_75t_R)
                                         _157952_ (net)
                 10.35    0.08 5093.87 v _221717_/B (OA211x2_ASAP7_75t_R)
     2    2.72   14.64   29.64 5123.50 v _221717_/Y (OA211x2_ASAP7_75t_R)
                                         _157958_ (net)
                 14.68    0.44 5123.94 v _221977_/A1 (OAI21x1_ASAP7_75t_R)
     2    3.09   24.41   16.69 5140.64 ^ _221977_/Y (OAI21x1_ASAP7_75t_R)
                                         _158218_ (net)
                 24.42    0.23 5140.87 ^ place57411/A (BUFx6f_ASAP7_75t_R)
     9    8.66   13.57   18.52 5159.39 ^ place57411/Y (BUFx6f_ASAP7_75t_R)
                                         net56969 (net)
                 13.97    1.28 5160.67 ^ place57409/A (BUFx6f_ASAP7_75t_R)
     5    3.88    7.57   14.21 5174.88 ^ place57409/Y (BUFx6f_ASAP7_75t_R)
                                         net56967 (net)
                  7.62    0.33 5175.22 ^ _222155_/A1 (OA21x2_ASAP7_75t_R)
     1    1.29    8.57   16.24 5191.46 ^ _222155_/Y (OA21x2_ASAP7_75t_R)
                                         _158396_ (net)
                  8.58    0.14 5191.60 ^ _222156_/A (XOR2x2_ASAP7_75t_R)
     2    2.51   12.30   26.35 5217.96 ^ _222156_/Y (XOR2x2_ASAP7_75t_R)
                                         _158397_ (net)
                 12.33    0.35 5218.30 ^ _222223_/B (XNOR2x2_ASAP7_75t_R)
     1    0.62    8.11   24.73 5243.04 v _222223_/Y (XNOR2x2_ASAP7_75t_R)
                                         _158464_ (net)
                  8.11    0.03 5243.07 v _222224_/C (AO221x1_ASAP7_75t_R)
     2    2.50   18.09   27.16 5270.23 v _222224_/Y (AO221x1_ASAP7_75t_R)
                                         _158465_ (net)
                 18.15    0.56 5270.79 v _222300_/A (OR5x1_ASAP7_75t_R)
     1    1.69   17.04   31.82 5302.61 v _222300_/Y (OR5x1_ASAP7_75t_R)
                                         _158541_ (net)
                 17.07    0.40 5303.01 v _222301_/A (OR5x1_ASAP7_75t_R)
     2    1.65   16.59   31.45 5334.46 v _222301_/Y (OR5x1_ASAP7_75t_R)
                                         _158542_ (net)
                 16.59    0.14 5334.61 v _222309_/A1 (OA21x2_ASAP7_75t_R)
     8    7.35   24.43   27.19 5361.80 v _222309_/Y (OA21x2_ASAP7_75t_R)
                                         _158550_ (net)
                 24.85    1.77 5363.57 v place57140/A (BUFx3_ASAP7_75t_R)
    10   10.30   22.00   25.61 5389.18 v place57140/Y (BUFx3_ASAP7_75t_R)
                                         net56698 (net)
                 22.04    0.60 5389.78 v _222334_/B (NAND2x2_ASAP7_75t_R)
     4    5.49   27.91   17.13 5406.91 ^ _222334_/Y (NAND2x2_ASAP7_75t_R)
                                         _158575_ (net)
                 28.09    1.19 5408.10 ^ place57055/A (BUFx3_ASAP7_75t_R)
    12   14.86   35.68   28.57 5436.67 ^ place57055/Y (BUFx3_ASAP7_75t_R)
                                         net56613 (net)
                 36.47    2.94 5439.60 ^ _222474_/B2 (OA22x2_ASAP7_75t_R)
     1    0.66    6.69   20.04 5459.64 ^ _222474_/Y (OA22x2_ASAP7_75t_R)
                                         _158715_ (net)
                  6.70    0.07 5459.71 ^ _222484_/B (OA211x2_ASAP7_75t_R)
     1    0.73    8.37   18.92 5478.63 ^ _222484_/Y (OA211x2_ASAP7_75t_R)
                                         _158725_ (net)
                  8.37    0.05 5478.68 ^ _222507_/A (AND5x1_ASAP7_75t_R)
     4    4.00   31.69   34.17 5512.85 ^ _222507_/Y (AND5x1_ASAP7_75t_R)
                                         _158748_ (net)
                 31.80    1.02 5513.87 ^ _222830_/C (AND5x1_ASAP7_75t_R)
     3    2.51   23.07   37.02 5550.89 ^ _222830_/Y (AND5x1_ASAP7_75t_R)
                                         _159071_ (net)
                 23.08    0.31 5551.21 ^ _222835_/A2 (AO21x1_ASAP7_75t_R)
     3    3.10   22.13   23.18 5574.39 ^ _222835_/Y (AO21x1_ASAP7_75t_R)
                                         _159076_ (net)
                 22.15    0.38 5574.77 ^ _222903_/B (AOI211x1_ASAP7_75t_R)
     4    4.06   47.73   19.42 5594.19 v _222903_/Y (AOI211x1_ASAP7_75t_R)
                                         _159144_ (net)
                 47.82    1.16 5595.35 v place56758/A (BUFx3_ASAP7_75t_R)
     9   11.93   26.47   30.64 5625.99 v place56758/Y (BUFx3_ASAP7_75t_R)
                                         net56316 (net)
                 28.16    3.59 5629.58 v _223153_/A (NOR2x1_ASAP7_75t_R)
     2    2.15   22.48   15.26 5644.84 ^ _223153_/Y (NOR2x1_ASAP7_75t_R)
                                         _159394_ (net)
                 22.49    0.19 5645.03 ^ _223233_/B (XNOR2x2_ASAP7_75t_R)
     1    0.85    7.00   26.92 5671.95 v _223233_/Y (XNOR2x2_ASAP7_75t_R)
                                         _159474_ (net)
                  7.00    0.10 5672.05 v _223235_/A3 (AO32x1_ASAP7_75t_R)
     1    0.61   10.12   21.89 5693.94 v _223235_/Y (AO32x1_ASAP7_75t_R)
                                         _159476_ (net)
                 10.12    0.03 5693.97 v _223236_/C (AO221x1_ASAP7_75t_R)
     2    2.40   19.39   27.42 5721.40 v _223236_/Y (AO221x1_ASAP7_75t_R)
                                         _159477_ (net)
                 19.40    0.25 5721.65 v _223238_/B (MAJx2_ASAP7_75t_R)
     1    1.24   11.67   24.36 5746.00 v _223238_/Y (MAJx2_ASAP7_75t_R)
                                         _159479_ (net)
                 11.68    0.09 5746.09 v _223239_/C (MAJx2_ASAP7_75t_R)
     3    2.28   13.32   22.65 5768.74 v _223239_/Y (MAJx2_ASAP7_75t_R)
                                         _159480_ (net)
                 13.34    0.21 5768.95 v _223256_/D (OR4x2_ASAP7_75t_R)
     2    1.64   12.41   33.31 5802.26 v _223256_/Y (OR4x2_ASAP7_75t_R)
                                         _159497_ (net)
                 12.42    0.14 5802.40 v place56430/A (BUFx3_ASAP7_75t_R)
     7    7.88   17.89   19.76 5822.15 v place56430/Y (BUFx3_ASAP7_75t_R)
                                         net55988 (net)
                 18.31    1.53 5823.68 v _223257_/A (NOR2x2_ASAP7_75t_R)
     3    4.04   16.88   13.20 5836.88 ^ _223257_/Y (NOR2x2_ASAP7_75t_R)
                                         _159498_ (net)
                 16.90    0.28 5837.15 ^ place56391/A (BUFx6f_ASAP7_75t_R)
    10   10.99   16.30   17.31 5854.46 ^ place56391/Y (BUFx6f_ASAP7_75t_R)
                                         net55949 (net)
                 19.75    3.88 5858.34 ^ _223487_/C (AOI211x1_ASAP7_75t_R)
     2    1.91   26.75   12.95 5871.29 v _223487_/Y (AOI211x1_ASAP7_75t_R)
                                         _159728_ (net)
                 26.76    0.21 5871.50 v _223500_/B1 (AO32x1_ASAP7_75t_R)
     2    4.05   25.91   35.74 5907.25 v _223500_/Y (AO32x1_ASAP7_75t_R)
                                         _159741_ (net)
                 26.08    1.16 5908.41 v _223632_/B (AND4x1_ASAP7_75t_R)
     1    0.54    6.26   16.00 5924.41 v _223632_/Y (AND4x1_ASAP7_75t_R)
                                         _159873_ (net)
                  6.26    0.03 5924.44 v _223633_/B (OA211x2_ASAP7_75t_R)
     2    2.60   15.13   28.08 5952.52 v _223633_/Y (OA211x2_ASAP7_75t_R)
                                         _159874_ (net)
                 15.20    0.56 5953.08 v _223634_/C (AO211x2_ASAP7_75t_R)
     3    2.99   12.17   21.35 5974.43 v _223634_/Y (AO211x2_ASAP7_75t_R)
                                         _159875_ (net)
                 12.20    0.31 5974.74 v _223635_/A (AND3x1_ASAP7_75t_R)
     2    2.63   15.78   17.08 5991.82 v _223635_/Y (AND3x1_ASAP7_75t_R)
                                         _159876_ (net)
                 15.78    0.18 5992.00 v _223637_/B (OR3x1_ASAP7_75t_R)
     5    4.62   29.05   32.42 6024.42 v _223637_/Y (OR3x1_ASAP7_75t_R)
                                         _159878_ (net)
                 29.11    0.75 6025.16 v place56120/A (BUFx3_ASAP7_75t_R)
    14   15.52   33.44   27.24 6052.41 v place56120/Y (BUFx3_ASAP7_75t_R)
                                         net55678 (net)
                 41.94    8.84 6061.24 v _223971_/C2 (AO222x2_ASAP7_75t_R)
     1    0.84   11.13   38.16 6099.40 v _223971_/Y (AO222x2_ASAP7_75t_R)
                                         _160212_ (net)
                 11.13    0.11 6099.51 v _223973_/A2 (AO22x1_ASAP7_75t_R)
     1    1.71   15.76   22.02 6121.53 v _223973_/Y (AO22x1_ASAP7_75t_R)
                                         _160214_ (net)
                 15.78    0.24 6121.77 v _223976_/A2 (AOI22x1_ASAP7_75t_R)
     2    3.02   25.68   17.41 6139.18 ^ _223976_/Y (AOI22x1_ASAP7_75t_R)
                                         _160217_ (net)
                 25.75    0.76 6139.94 ^ place55985/A (BUFx3_ASAP7_75t_R)
     4    4.91   14.08   20.20 6160.15 ^ place55985/Y (BUFx3_ASAP7_75t_R)
                                         net55543 (net)
                 14.18    0.66 6160.80 ^ _224087_/A1 (AO21x1_ASAP7_75t_R)
     2    1.64   13.14   16.56 6177.37 ^ _224087_/Y (AO21x1_ASAP7_75t_R)
                                         _160328_ (net)
                 13.15    0.18 6177.54 ^ _224400_/E (AND5x1_ASAP7_75t_R)
     1    1.28   15.70   31.81 6209.35 ^ _224400_/Y (AND5x1_ASAP7_75t_R)
                                         _160641_ (net)
                 15.71    0.13 6209.48 ^ _224406_/A1 (OA31x2_ASAP7_75t_R)
     2    2.65   13.69   26.14 6235.62 ^ _224406_/Y (OA31x2_ASAP7_75t_R)
                                         _160647_ (net)
                 13.80    0.68 6236.29 ^ _224411_/A2 (OA31x2_ASAP7_75t_R)
     2    2.48   15.23   23.74 6260.03 ^ _224411_/Y (OA31x2_ASAP7_75t_R)
                                         _160652_ (net)
                 15.24    0.23 6260.26 ^ _224414_/A1 (OA21x2_ASAP7_75t_R)
     3    2.76   15.26   20.87 6281.12 ^ _224414_/Y (OA21x2_ASAP7_75t_R)
                                         _160655_ (net)
                 15.32    0.47 6281.60 ^ _224416_/A1 (OA21x2_ASAP7_75t_R)
     2    2.37   12.18   20.33 6301.93 ^ _224416_/Y (OA21x2_ASAP7_75t_R)
                                         _160657_ (net)
                 12.19    0.14 6302.06 ^ _224417_/B (XNOR2x2_ASAP7_75t_R)
     1    1.25    8.03   25.81 6327.88 v _224417_/Y (XNOR2x2_ASAP7_75t_R)
                                         _160658_ (net)
                  8.04    0.11 6327.99 v _224432_/A2 (AOI211x1_ASAP7_75t_R)
     4    3.34   53.87   19.93 6347.92 ^ _224432_/Y (AOI211x1_ASAP7_75t_R)
                                         _160673_ (net)
                 53.88    0.44 6348.36 ^ _224453_/A (AND5x1_ASAP7_75t_R)
     3    3.14   26.72   41.07 6389.43 ^ _224453_/Y (AND5x1_ASAP7_75t_R)
                                         _160694_ (net)
                 26.74    0.38 6389.81 ^ _224454_/B (OA21x2_ASAP7_75t_R)
     7    8.05   30.23   28.87 6418.68 ^ _224454_/Y (OA21x2_ASAP7_75t_R)
                                         _160695_ (net)
                 30.54    1.72 6420.40 ^ _224494_/C (OR3x2_ASAP7_75t_R)
     6    7.00   25.39   25.90 6446.30 ^ _224494_/Y (OR3x2_ASAP7_75t_R)
                                         _160735_ (net)
                 25.43    0.59 6446.89 ^ place55645/A (BUFx3_ASAP7_75t_R)
    15   14.42   34.24   28.10 6474.99 ^ place55645/Y (BUFx3_ASAP7_75t_R)
                                         net55203 (net)
                 35.02    2.83 6477.82 ^ _224898_/B (OA21x2_ASAP7_75t_R)
     3    2.59   12.60   23.01 6500.83 ^ _224898_/Y (OA21x2_ASAP7_75t_R)
                                         _161139_ (net)
                 12.61    0.21 6501.04 ^ _224899_/C (AND3x1_ASAP7_75t_R)
     2    2.05   17.10   22.53 6523.57 ^ _224899_/Y (AND3x1_ASAP7_75t_R)
                                         _161140_ (net)
                 17.10    0.13 6523.70 ^ _224900_/B (XNOR2x2_ASAP7_75t_R)
     1    0.69    6.70   22.42 6546.13 ^ _224900_/Y (XNOR2x2_ASAP7_75t_R)
                                         _161141_ (net)
                  6.70    0.05 6546.18 ^ _224902_/B (OA211x2_ASAP7_75t_R)
     2    1.80   11.27   20.99 6567.17 ^ _224902_/Y (OA211x2_ASAP7_75t_R)
                                         _161143_ (net)
                 11.29    0.20 6567.37 ^ _224913_/B (AND3x1_ASAP7_75t_R)
     2    2.30   18.61   23.00 6590.37 ^ _224913_/Y (AND3x1_ASAP7_75t_R)
                                         _161154_ (net)
                 18.65    0.50 6590.87 ^ _224922_/A (AND3x1_ASAP7_75t_R)
     2    2.16   17.80   24.19 6615.06 ^ _224922_/Y (AND3x1_ASAP7_75t_R)
                                         _161163_ (net)
                 17.83    0.38 6615.44 ^ _224933_/B (AND3x1_ASAP7_75t_R)
     1    1.60   14.40   22.21 6637.65 ^ _224933_/Y (AND3x1_ASAP7_75t_R)
                                         _161174_ (net)
                 14.41    0.20 6637.85 ^ place55443/A (BUFx6f_ASAP7_75t_R)
    14   14.96   20.84   16.57 6654.42 ^ place55443/Y (BUFx6f_ASAP7_75t_R)
                                         net55001 (net)
                 26.43    5.42 6659.84 ^ place55441/A (BUFx3_ASAP7_75t_R)
     8    6.86   17.65   22.35 6682.19 ^ place55441/Y (BUFx3_ASAP7_75t_R)
                                         net54999 (net)
                 17.68    0.40 6682.59 ^ _225100_/A2 (AO21x1_ASAP7_75t_R)
     2    2.25   16.94   20.00 6702.59 ^ _225100_/Y (AO21x1_ASAP7_75t_R)
                                         _161341_ (net)
                 16.94    0.17 6702.75 ^ _225101_/B (XNOR2x2_ASAP7_75t_R)
     3    4.27   16.47   31.45 6734.20 v _225101_/Y (XNOR2x2_ASAP7_75t_R)
                                         _161342_ (net)
                 16.55    0.66 6734.87 v _225293_/B (NAND2x1_ASAP7_75t_R)
     1    1.00   33.07   10.24 6745.11 ^ _225293_/Y (NAND2x1_ASAP7_75t_R)
                                         _161534_ (net)
                 33.07    0.14 6745.25 ^ _225317_/A (AND5x1_ASAP7_75t_R)
     1    2.01   19.78   34.64 6779.89 ^ _225317_/Y (AND5x1_ASAP7_75t_R)
                                         _161558_ (net)
                 19.84    0.55 6780.44 ^ _225318_/D (AND4x1_ASAP7_75t_R)
     2    1.89   18.18   27.48 6807.93 ^ _225318_/Y (AND4x1_ASAP7_75t_R)
                                         _161559_ (net)
                 18.18    0.15 6808.08 ^ _225319_/E (AND5x1_ASAP7_75t_R)
     2    2.17   20.31   34.71 6842.79 ^ _225319_/Y (AND5x1_ASAP7_75t_R)
                                         _161560_ (net)
                 20.33    0.31 6843.10 ^ _225371_/A (OR4x2_ASAP7_75t_R)
     2    2.32   10.51   16.96 6860.06 ^ _225371_/Y (OR4x2_ASAP7_75t_R)
                                         _161612_ (net)
                 10.57    0.44 6860.50 ^ _225393_/B (AO21x1_ASAP7_75t_R)
     2    2.97   21.18   18.15 6878.65 ^ _225393_/Y (AO21x1_ASAP7_75t_R)
                                         _161634_ (net)
                 21.18    0.15 6878.80 ^ place55179/A (BUFx6f_ASAP7_75t_R)
    22   20.27   27.26   20.76 6899.55 ^ place55179/Y (BUFx6f_ASAP7_75t_R)
                                         net54737 (net)
                 34.74    7.44 6906.99 ^ _225569_/A (AND3x1_ASAP7_75t_R)
     2    2.13   18.00   27.10 6934.09 ^ _225569_/Y (AND3x1_ASAP7_75t_R)
                                         _161810_ (net)
                 18.01    0.19 6934.28 ^ _225574_/A2 (OA31x2_ASAP7_75t_R)
     1    1.33   11.51   22.88 6957.16 ^ _225574_/Y (OA31x2_ASAP7_75t_R)
                                         _161815_ (net)
                 11.52    0.18 6957.34 ^ _225585_/A2 (OA31x2_ASAP7_75t_R)
     2    2.95   14.64   23.73 6981.07 ^ _225585_/Y (OA31x2_ASAP7_75t_R)
                                         _161826_ (net)
                 14.81    0.87 6981.94 ^ _225597_/B (OR3x1_ASAP7_75t_R)
     3    3.17   21.75   19.61 7001.55 ^ _225597_/Y (OR3x1_ASAP7_75t_R)
                                         _161838_ (net)
                 21.76    0.35 7001.90 ^ _225616_/A1 (AO211x2_ASAP7_75t_R)
     2    2.18   11.84   26.66 7028.56 ^ _225616_/Y (AO211x2_ASAP7_75t_R)
                                         _161857_ (net)
                 11.86    0.24 7028.80 ^ _225664_/A2 (AO211x2_ASAP7_75t_R)
     3    4.05   18.04   25.74 7054.54 ^ _225664_/Y (AO211x2_ASAP7_75t_R)
                                         _161905_ (net)
                 18.15    0.79 7055.33 ^ _225676_/A (AND3x1_ASAP7_75t_R)
     3    2.06   17.43   23.80 7079.14 ^ _225676_/Y (AND3x1_ASAP7_75t_R)
                                         _161917_ (net)
                 17.44    0.18 7079.32 ^ _225721_/B (OA211x2_ASAP7_75t_R)
     7    9.49   36.25   34.60 7113.92 ^ _225721_/Y (OA211x2_ASAP7_75t_R)
                                         _161962_ (net)
                 36.59    1.96 7115.88 ^ _225732_/A2 (AO221x1_ASAP7_75t_R)
     2    2.15   18.43   30.02 7145.90 ^ _225732_/Y (AO221x1_ASAP7_75t_R)
                                         _161973_ (net)
                 18.45    0.30 7146.21 ^ _225983_/B (XNOR2x2_ASAP7_75t_R)
     2    1.66   10.72   27.71 7173.92 v _225983_/Y (XNOR2x2_ASAP7_75t_R)
                                         _162224_ (net)
                 10.73    0.18 7174.09 v _225996_/C (OR5x1_ASAP7_75t_R)
     2    2.39   20.83   37.26 7211.35 v _225996_/Y (OR5x1_ASAP7_75t_R)
                                         _162237_ (net)
                 20.84    0.27 7211.61 v _225997_/B (AOI211x1_ASAP7_75t_R)
     3    4.28   46.92   26.01 7237.62 ^ _225997_/Y (AOI211x1_ASAP7_75t_R)
                                         _162238_ (net)
                 47.09    1.61 7239.23 ^ _225998_/B (AND4x2_ASAP7_75t_R)
     5    6.43   28.72   42.01 7281.25 ^ _225998_/Y (AND4x2_ASAP7_75t_R)
                                         _162239_ (net)
                 28.98    1.49 7282.73 ^ _226127_/B (OAI21x1_ASAP7_75t_R)
     2    1.68   16.57   13.74 7296.48 v _226127_/Y (OAI21x1_ASAP7_75t_R)
                                         _162368_ (net)
                 16.57    0.14 7296.61 v _226147_/A (AND3x1_ASAP7_75t_R)
     3    5.33   29.94   24.30 7320.91 v _226147_/Y (AND3x1_ASAP7_75t_R)
                                         _162388_ (net)
                 30.01    0.81 7321.72 v place54715/A (BUFx6f_ASAP7_75t_R)
     6    8.13   12.74   20.21 7341.93 v place54715/Y (BUFx6f_ASAP7_75t_R)
                                         net54273 (net)
                 15.65    3.13 7345.06 v _226223_/B (AOI21x1_ASAP7_75t_R)
     2    2.62   23.40   15.66 7360.72 ^ _226223_/Y (AOI21x1_ASAP7_75t_R)
                                         _162464_ (net)
                 23.42    0.37 7361.08 ^ _226224_/B (XNOR2x2_ASAP7_75t_R)
     2    2.29   11.65   26.23 7387.32 ^ _226224_/Y (XNOR2x2_ASAP7_75t_R)
                                         _162465_ (net)
                 11.66    0.21 7387.52 ^ _226225_/B (XNOR2x2_ASAP7_75t_R)
     2    2.05   11.61   27.12 7414.65 v _226225_/Y (XNOR2x2_ASAP7_75t_R)
                                         _162466_ (net)
                 11.61    0.15 7414.79 v _226605_/B (AO21x1_ASAP7_75t_R)
     1    1.20   10.07   17.83 7432.62 v _226605_/Y (AO21x1_ASAP7_75t_R)
                                         _162846_ (net)
                 10.08    0.19 7432.81 v _226623_/B (OR4x1_ASAP7_75t_R)
     2    1.97   16.76   29.20 7462.02 v _226623_/Y (OR4x1_ASAP7_75t_R)
                                         _162864_ (net)
                 16.77    0.14 7462.16 v _226625_/B (OR3x1_ASAP7_75t_R)
     3    2.95   20.37   28.44 7490.60 v _226625_/Y (OR3x1_ASAP7_75t_R)
                                         _162866_ (net)
                 20.44    0.64 7491.24 v place54496/A (BUFx3_ASAP7_75t_R)
     1    1.65    6.62   17.14 7508.38 v place54496/Y (BUFx3_ASAP7_75t_R)
                                         net54054 (net)
                  6.65    0.23 7508.61 v _226626_/C (NAND3x1_ASAP7_75t_R)
     3    3.90   33.29   19.87 7528.48 ^ _226626_/Y (NAND3x1_ASAP7_75t_R)
                                         _162867_ (net)
                 33.39    1.03 7529.51 ^ _226633_/A2 (OA21x2_ASAP7_75t_R)
    12   13.38   47.00   37.60 7567.12 ^ _226633_/Y (OA21x2_ASAP7_75t_R)
                                         _162874_ (net)
                 47.34    2.27 7569.39 ^ _226945_/A1 (AOI21x1_ASAP7_75t_R)
     2    2.36   23.39   18.39 7587.78 v _226945_/Y (AOI21x1_ASAP7_75t_R)
                                         _163186_ (net)
                 23.41    0.32 7588.09 v _226946_/B (AO21x1_ASAP7_75t_R)
     1    1.32   10.36   20.54 7608.63 v _226946_/Y (AO21x1_ASAP7_75t_R)
                                         _163187_ (net)
                 10.37    0.15 7608.78 v _226947_/C (AOI221x1_ASAP7_75t_R)
     2    2.36   29.37   16.67 7625.45 ^ _226947_/Y (AOI221x1_ASAP7_75t_R)
                                         _163188_ (net)
                 29.40    0.57 7626.02 ^ _226983_/E (AND5x1_ASAP7_75t_R)
     3    4.14   32.36   40.83 7666.85 ^ _226983_/Y (AND5x1_ASAP7_75t_R)
                                         _163224_ (net)
                 32.38    0.34 7667.19 ^ _227262_/B1 (AOI221x1_ASAP7_75t_R)
     2    3.98   47.23   31.28 7698.48 v _227262_/Y (AOI221x1_ASAP7_75t_R)
                                         _163503_ (net)
                 47.30    1.05 7699.52 v _227275_/A2 (OA211x2_ASAP7_75t_R)
     3    3.82   17.97   37.75 7737.28 v _227275_/Y (OA211x2_ASAP7_75t_R)
                                         _163516_ (net)
                 18.13    0.93 7738.21 v _227284_/C (MAJx2_ASAP7_75t_R)
     1    1.90   11.95   23.55 7761.76 v _227284_/Y (MAJx2_ASAP7_75t_R)
                                         _163525_ (net)
                 11.96    0.21 7761.97 v _227285_/B (XNOR2x1_ASAP7_75t_R)
     2    2.39   35.31   13.49 7775.46 ^ _227285_/Y (XNOR2x1_ASAP7_75t_R)
                                         _163526_ (net)
                 35.32    0.22 7775.68 ^ _227287_/C (NAND3x1_ASAP7_75t_R)
     6    5.16   30.64   19.42 7795.10 v _227287_/Y (NAND3x1_ASAP7_75t_R)
                                         _163528_ (net)
                 30.64    0.28 7795.38 v place54132/A (BUFx3_ASAP7_75t_R)
     1    1.49    6.74   19.34 7814.72 v place54132/Y (BUFx3_ASAP7_75t_R)
                                         net53690 (net)
                  6.75    0.12 7814.83 v _227290_/C (NAND3x1_ASAP7_75t_R)
     1    1.33   30.40   13.16 7828.00 ^ _227290_/Y (NAND3x1_ASAP7_75t_R)
                                         _163531_ (net)
                 30.40    0.07 7828.07 ^ _227291_/B2 (AOI22x1_ASAP7_75t_R)
     2    2.38   22.77   17.26 7845.33 v _227291_/Y (AOI22x1_ASAP7_75t_R)
                                         _163532_ (net)
                 22.81    0.56 7845.89 v _227484_/B (OA211x2_ASAP7_75t_R)
     1    3.78   18.30   34.99 7880.88 v _227484_/Y (OA211x2_ASAP7_75t_R)
                                         _163725_ (net)
                 18.91    1.80 7882.68 v _227512_/A (AND5x2_ASAP7_75t_R)
     3    4.38   16.48   22.53 7905.21 v _227512_/Y (AND5x2_ASAP7_75t_R)
                                         _163753_ (net)
                 16.96    1.53 7906.73 v _227530_/B (OR3x1_ASAP7_75t_R)
     2    2.47   17.73   27.26 7933.99 v _227530_/Y (OR3x1_ASAP7_75t_R)
                                         _163771_ (net)
                 17.77    0.42 7934.42 v _227532_/C (OR3x1_ASAP7_75t_R)
     5    5.96   36.05   35.68 7970.09 v _227532_/Y (OR3x1_ASAP7_75t_R)
                                         _163773_ (net)
                 36.08    0.55 7970.64 v place53899/A (BUFx3_ASAP7_75t_R)
     5    5.17   13.93   23.85 7994.50 v place53899/Y (BUFx3_ASAP7_75t_R)
                                         net53457 (net)
                 14.60    1.64 7996.14 v place53898/A (BUFx3_ASAP7_75t_R)
    12   18.01   37.12   26.11 8022.24 v place53898/Y (BUFx3_ASAP7_75t_R)
                                         net53456 (net)
                 37.16    0.84 8023.09 v _227775_/B (AOI21x1_ASAP7_75t_R)
     1    1.30   19.59   16.60 8039.69 ^ _227775_/Y (AOI21x1_ASAP7_75t_R)
                                         _164016_ (net)
                 19.59    0.14 8039.83 ^ _227776_/B (NOR2x1_ASAP7_75t_R)
     1    0.99   10.99    9.67 8049.50 v _227776_/Y (NOR2x1_ASAP7_75t_R)
                                         _164017_ (net)
                 11.00    0.13 8049.63 v _227777_/A2 (AO21x1_ASAP7_75t_R)
     2    1.60   11.82   17.65 8067.27 v _227777_/Y (AO21x1_ASAP7_75t_R)
                                         _164018_ (net)
                 11.83    0.21 8067.49 v _227783_/A3 (AO32x1_ASAP7_75t_R)
     2    2.13   15.69   27.81 8095.29 v _227783_/Y (AO32x1_ASAP7_75t_R)
                                         _164024_ (net)
                 15.70    0.17 8095.46 v _227860_/A1 (OAI21x1_ASAP7_75t_R)
     2    3.26   25.95   17.24 8112.70 ^ _227860_/Y (OAI21x1_ASAP7_75t_R)
                                         _164101_ (net)
                 26.10    1.06 8113.76 ^ place53699/A (BUFx3_ASAP7_75t_R)
     4    3.65   11.14   19.29 8133.05 ^ place53699/Y (BUFx3_ASAP7_75t_R)
                                         net53257 (net)
                 11.17    0.26 8133.32 ^ _227861_/B (NAND2x1_ASAP7_75t_R)
     2    1.57   10.95    8.52 8141.83 v _227861_/Y (NAND2x1_ASAP7_75t_R)
                                         _164102_ (net)
                 10.95    0.11 8141.95 v _227862_/B (AND2x2_ASAP7_75t_R)
     9    9.00   27.88   24.81 8166.76 v _227862_/Y (AND2x2_ASAP7_75t_R)
                                         _164103_ (net)
                 28.46    2.23 8168.99 v place53639/A (BUFx3_ASAP7_75t_R)
     3    2.34    8.02   19.81 8188.80 v place53639/Y (BUFx3_ASAP7_75t_R)
                                         net53197 (net)
                  8.03    0.14 8188.94 v _228075_/B (OR4x1_ASAP7_75t_R)
     2    2.89   21.60   31.73 8220.67 v _228075_/Y (OR4x1_ASAP7_75t_R)
                                         _164316_ (net)
                 21.61    0.23 8220.90 v _228244_/A1 (AO22x1_ASAP7_75t_R)
     5    4.74   28.91   32.68 8253.58 v _228244_/Y (AO22x1_ASAP7_75t_R)
                                         _164485_ (net)
                 28.95    0.64 8254.22 v _228253_/A1 (OAI21x1_ASAP7_75t_R)
     2    2.02   36.01   17.56 8271.78 ^ _228253_/Y (OAI21x1_ASAP7_75t_R)
                                         _164494_ (net)
                 36.02    0.32 8272.09 ^ _228296_/A2 (AO221x1_ASAP7_75t_R)
     2    3.18   24.66   32.77 8304.87 ^ _228296_/Y (AO221x1_ASAP7_75t_R)
                                         _164537_ (net)
                 24.77    0.90 8305.77 ^ _228325_/A (NAND2x1_ASAP7_75t_R)
     3    4.13   24.18   15.82 8321.59 v _228325_/Y (NAND2x1_ASAP7_75t_R)
                                         _164566_ (net)
                 24.31    1.01 8322.60 v _228377_/A2 (AO221x2_ASAP7_75t_R)
     4    4.59   19.69   34.62 8357.22 v _228377_/Y (AO221x2_ASAP7_75t_R)
                                         _164618_ (net)
                 19.82    0.90 8358.11 v place53347/A (BUFx6f_ASAP7_75t_R)
     7    7.21   10.51   18.31 8376.42 v place53347/Y (BUFx6f_ASAP7_75t_R)
                                         net52905 (net)
                 10.77    0.89 8377.31 v _228782_/A2 (OA21x2_ASAP7_75t_R)
     1    0.98    8.84   17.71 8395.02 v _228782_/Y (OA21x2_ASAP7_75t_R)
                                         _165023_ (net)
                  8.85    0.12 8395.15 v _228783_/D (OR4x1_ASAP7_75t_R)
     1    0.56    9.36   25.44 8420.58 v _228783_/Y (OR4x1_ASAP7_75t_R)
                                         _165024_ (net)
                  9.36    0.03 8420.62 v _228784_/C (OA211x2_ASAP7_75t_R)
     1    1.42   11.05   28.39 8449.01 v _228784_/Y (OA211x2_ASAP7_75t_R)
                                         _165025_ (net)
                 11.07    0.19 8449.20 v _228785_/B (XNOR2x2_ASAP7_75t_R)
     4    4.68   19.67   24.54 8473.73 v _228785_/Y (XNOR2x2_ASAP7_75t_R)
                                         _165026_ (net)
                 19.89    1.17 8474.91 v _228788_/C (AND3x1_ASAP7_75t_R)
     3    3.01   17.89   21.60 8496.51 v _228788_/Y (AND3x1_ASAP7_75t_R)
                                         _165029_ (net)
                 17.90    0.29 8496.80 v _228858_/A2 (OA21x2_ASAP7_75t_R)
     2    1.62   11.44   20.92 8517.72 v _228858_/Y (OA21x2_ASAP7_75t_R)
                                         _165099_ (net)
                 11.44    0.11 8517.83 v _228873_/A (OR5x1_ASAP7_75t_R)
     2    2.27   20.06   32.22 8550.05 v _228873_/Y (OR5x1_ASAP7_75t_R)
                                         _165114_ (net)
                 20.07    0.21 8550.26 v _228933_/B (AND3x1_ASAP7_75t_R)
     4    4.00   23.37   22.85 8573.10 v _228933_/Y (AND3x1_ASAP7_75t_R)
                                         _165174_ (net)
                 23.48    0.96 8574.06 v _229024_/A2 (AO21x2_ASAP7_75t_R)
     4    4.32   16.30   26.06 8600.12 v _229024_/Y (AO21x2_ASAP7_75t_R)
                                         _165265_ (net)
                 16.40    0.72 8600.83 v place52977/A (BUFx6f_ASAP7_75t_R)
    26   24.05   27.42   19.97 8620.80 v place52977/Y (BUFx6f_ASAP7_75t_R)
                                         net52535 (net)
                 42.89   11.22 8632.03 v _229130_/B (OA211x2_ASAP7_75t_R)
     1    0.96   12.55   37.09 8669.12 v _229130_/Y (OA211x2_ASAP7_75t_R)
                                         _165371_ (net)
                 12.55    0.09 8669.21 v _229140_/A3 (OA33x2_ASAP7_75t_R)
     1    1.60   15.97   30.45 8699.66 v _229140_/Y (OA33x2_ASAP7_75t_R)
                                         _165381_ (net)
                 15.99    0.27 8699.93 v _229141_/C (MAJx2_ASAP7_75t_R)
     2    1.81   12.19   22.89 8722.81 v _229141_/Y (MAJx2_ASAP7_75t_R)
                                         _165382_ (net)
                 12.20    0.19 8723.00 v _229143_/A2 (OA21x2_ASAP7_75t_R)
     2    3.07   12.90   21.26 8744.26 v _229143_/Y (OA21x2_ASAP7_75t_R)
                                         _165384_ (net)
                 13.21    1.08 8745.34 v _229281_/A1 (AO21x2_ASAP7_75t_R)
     5    4.59   16.95   24.43 8769.77 v _229281_/Y (AO21x2_ASAP7_75t_R)
                                         _165522_ (net)
                 17.01    0.58 8770.34 v _229637_/A1 (AOI211x1_ASAP7_75t_R)
     3    3.58   39.70   22.56 8792.91 ^ _229637_/Y (AOI211x1_ASAP7_75t_R)
                                         _165878_ (net)
                 39.75    0.83 8793.73 ^ place52793/A (BUFx6f_ASAP7_75t_R)
    10   10.94   16.46   22.25 8815.99 ^ place52793/Y (BUFx6f_ASAP7_75t_R)
                                         net52351 (net)
                 16.64    1.00 8816.98 ^ _229740_/A2 (OA31x2_ASAP7_75t_R)
     2    2.21   12.33   24.06 8841.04 ^ _229740_/Y (OA31x2_ASAP7_75t_R)
                                         _165981_ (net)
                 12.35    0.28 8841.32 ^ _229741_/A (XNOR2x2_ASAP7_75t_R)
     2    2.20   11.29   23.45 8864.77 ^ _229741_/Y (XNOR2x2_ASAP7_75t_R)
                                         _165982_ (net)
                 11.32    0.28 8865.05 ^ _229742_/A (XNOR2x2_ASAP7_75t_R)
     1    0.77   10.71   24.94 8890.00 v _229742_/Y (XNOR2x2_ASAP7_75t_R)
                                         _165983_ (net)
                 10.71    0.08 8890.08 v _229743_/C (AO221x1_ASAP7_75t_R)
     2    2.84   19.54   28.87 8918.94 v _229743_/Y (AO221x1_ASAP7_75t_R)
                                         _165984_ (net)
                 19.56    0.27 8919.21 v _229749_/C (AOI211x1_ASAP7_75t_R)
     2    3.49   38.16   23.18 8942.39 ^ _229749_/Y (AOI211x1_ASAP7_75t_R)
                                         _165990_ (net)
                 38.19    0.59 8942.98 ^ _229763_/B (NOR2x2_ASAP7_75t_R)
     3    3.17   17.46   14.74 8957.72 v _229763_/Y (NOR2x2_ASAP7_75t_R)
                                         _166004_ (net)
                 17.49    0.42 8958.14 v _229817_/A1 (AO211x2_ASAP7_75t_R)
     2    1.61    8.39   19.29 8977.43 v _229817_/Y (AO211x2_ASAP7_75t_R)
                                         _166058_ (net)
                  8.40    0.17 8977.60 v _229943_/A1 (AO21x2_ASAP7_75t_R)
    10   11.10   34.55   30.13 9007.73 v _229943_/Y (AO21x2_ASAP7_75t_R)
                                         _166184_ (net)
                 35.03    2.32 9010.06 v place51879/A (BUFx3_ASAP7_75t_R)
     4    3.81   11.03   22.72 9032.78 v place51879/Y (BUFx3_ASAP7_75t_R)
                                         net51437 (net)
                 11.14    0.60 9033.38 v _230114_/B1 (AO221x1_ASAP7_75t_R)
     1    0.87   10.39   20.98 9054.36 v _230114_/Y (AO221x1_ASAP7_75t_R)
                                         _166355_ (net)
                 10.39    0.10 9054.46 v _230117_/B1 (AO221x1_ASAP7_75t_R)
     2    1.84   14.62   23.94 9078.40 v _230117_/Y (AO221x1_ASAP7_75t_R)
                                         _166358_ (net)
                 14.64    0.22 9078.62 v _230365_/B (AND2x2_ASAP7_75t_R)
     2    2.88   11.01   19.11 9097.73 v _230365_/Y (AND2x2_ASAP7_75t_R)
                                         _166606_ (net)
                 11.06    0.38 9098.11 v _230366_/B (XNOR2x1_ASAP7_75t_R)
     2    1.60   25.86   16.82 9114.93 v _230366_/Y (XNOR2x1_ASAP7_75t_R)
                                         _166607_ (net)
                 25.87    0.15 9115.08 v _230380_/B (OA211x2_ASAP7_75t_R)
     2    2.51   14.14   34.29 9149.37 v _230380_/Y (OA211x2_ASAP7_75t_R)
                                         _166621_ (net)
                 14.19    0.42 9149.79 v _230513_/A2 (AO31x2_ASAP7_75t_R)
     2    1.96    8.40   16.81 9166.60 v _230513_/Y (AO31x2_ASAP7_75t_R)
                                         _166754_ (net)
                  8.41    0.16 9166.76 v _230514_/C (AOI221x1_ASAP7_75t_R)
     3    3.28   39.41   19.60 9186.36 ^ _230514_/Y (AOI221x1_ASAP7_75t_R)
                                         _166755_ (net)
                 39.44    0.56 9186.92 ^ _230515_/B (OAI21x1_ASAP7_75t_R)
     1    1.55   17.99   15.03 9201.94 v _230515_/Y (OAI21x1_ASAP7_75t_R)
                                         _166756_ (net)
                 17.99    0.13 9202.07 v place51404/A (BUFx6f_ASAP7_75t_R)
    16   15.24   18.79   19.88 9221.95 v place51404/Y (BUFx6f_ASAP7_75t_R)
                                         net50962 (net)
                 19.06    1.36 9223.31 v place51402/A (BUFx6f_ASAP7_75t_R)
    14   12.83   15.42   20.56 9243.88 v place51402/Y (BUFx6f_ASAP7_75t_R)
                                         net50960 (net)
                 16.04    1.66 9245.54 v place51401/A (BUFx3_ASAP7_75t_R)
    13   12.13   25.02   24.34 9269.89 v place51401/Y (BUFx3_ASAP7_75t_R)
                                         net50959 (net)
                 25.47    1.87 9271.76 v _230875_/B (AND2x2_ASAP7_75t_R)
     2    2.23    9.67   21.23 9292.99 v _230875_/Y (AND2x2_ASAP7_75t_R)
                                         _167116_ (net)
                  9.69    0.23 9293.21 v _230881_/A3 (AO32x1_ASAP7_75t_R)
     1    0.96   13.01   23.69 9316.90 v _230881_/Y (AO32x1_ASAP7_75t_R)
                                         _167122_ (net)
                 13.02    0.13 9317.03 v _230889_/B1 (AO221x1_ASAP7_75t_R)
     2    1.63   13.45   24.04 9341.06 v _230889_/Y (AO221x1_ASAP7_75t_R)
                                         _167130_ (net)
                 13.46    0.21 9341.27 v _230897_/A2 (OA33x2_ASAP7_75t_R)
     1    0.73   12.81   29.40 9370.67 v _230897_/Y (OA33x2_ASAP7_75t_R)
                                         _167138_ (net)
                 12.81    0.04 9370.71 v _230898_/B (OA21x2_ASAP7_75t_R)
     1    0.59    6.99   13.77 9384.48 v _230898_/Y (OA21x2_ASAP7_75t_R)
                                         _167139_ (net)
                  6.99    0.06 9384.54 v _230906_/B (OA211x2_ASAP7_75t_R)
     4    4.55   19.79   31.52 9416.06 v _230906_/Y (OA211x2_ASAP7_75t_R)
                                         _167147_ (net)
                 19.84    0.52 9416.58 v _230940_/C (MAJx2_ASAP7_75t_R)
     2    2.40   13.73   24.82 9441.39 v _230940_/Y (MAJx2_ASAP7_75t_R)
                                         _167181_ (net)
                 13.74    0.22 9441.62 v place51122/A (BUFx3_ASAP7_75t_R)
     3    2.54    7.87   16.09 9457.70 v place51122/Y (BUFx3_ASAP7_75t_R)
                                         net50680 (net)
                  7.88    0.16 9457.87 v _230950_/B (XNOR2x2_ASAP7_75t_R)
     1    0.74    9.24   20.01 9477.88 ^ _230950_/Y (XNOR2x2_ASAP7_75t_R)
                                         _167191_ (net)
                  9.24    0.04 9477.92 ^ _230951_/C (AND3x1_ASAP7_75t_R)
     2    2.09   17.55   22.21 9500.13 ^ _230951_/Y (AND3x1_ASAP7_75t_R)
                                         _167192_ (net)
                 17.57    0.24 9500.37 ^ place51079/A (BUFx3_ASAP7_75t_R)
     1    1.36    6.44   15.04 9515.41 ^ place51079/Y (BUFx3_ASAP7_75t_R)
                                         net50637 (net)
                  6.46    0.18 9515.59 ^ _231188_/B (XNOR2x2_ASAP7_75t_R)
     2    2.31   10.98   26.38 9541.97 v _231188_/Y (XNOR2x2_ASAP7_75t_R)
                                         _167429_ (net)
                 11.00    0.25 9542.22 v _231259_/C (MAJx2_ASAP7_75t_R)
     1    1.33   11.48   20.83 9563.05 v _231259_/Y (MAJx2_ASAP7_75t_R)
                                         _167500_ (net)
                 11.49    0.15 9563.21 v _231260_/C (MAJx2_ASAP7_75t_R)
     1    1.33   10.59   20.95 9584.16 v _231260_/Y (MAJx2_ASAP7_75t_R)
                                         _167501_ (net)
                 10.60    0.16 9584.32 v _231261_/C (MAJx2_ASAP7_75t_R)
     3    3.02   14.83   23.52 9607.84 v _231261_/Y (MAJx2_ASAP7_75t_R)
                                         _167502_ (net)
                 14.89    0.52 9608.37 v _231262_/B (NAND2x1_ASAP7_75t_R)
     2    2.17   18.37   13.38 9621.75 ^ _231262_/Y (NAND2x1_ASAP7_75t_R)
                                         _167503_ (net)
                 18.38    0.24 9621.98 ^ _231371_/D (AND5x2_ASAP7_75t_R)
     7    7.15   30.58   39.46 9661.45 ^ _231371_/Y (AND5x2_ASAP7_75t_R)
                                         _167612_ (net)
                 30.94    1.83 9663.27 ^ _231376_/B (NAND2x1p5_ASAP7_75t_R)
     8    7.59   31.92   21.22 9684.49 v _231376_/Y (NAND2x1p5_ASAP7_75t_R)
                                         _167617_ (net)
                 31.97    0.71 9685.20 v place50895/A (BUFx3_ASAP7_75t_R)
     6    5.35   13.32   23.50 9708.70 v place50895/Y (BUFx3_ASAP7_75t_R)
                                         net50453 (net)
                 13.39    0.51 9709.21 v _231535_/A2 (OA211x2_ASAP7_75t_R)
     1    0.77    9.42   23.29 9732.51 v _231535_/Y (OA211x2_ASAP7_75t_R)
                                         _167776_ (net)
                  9.42    0.08 9732.59 v _231539_/A3 (AO32x1_ASAP7_75t_R)
     1    0.83   10.70   23.22 9755.81 v _231539_/Y (AO32x1_ASAP7_75t_R)
                                         _167780_ (net)
                 10.70    0.10 9755.90 v _231540_/C (AO221x1_ASAP7_75t_R)
     2    2.49   18.62   27.69 9783.59 v _231540_/Y (AO221x1_ASAP7_75t_R)
                                         _167781_ (net)
                 18.67    0.55 9784.14 v _231543_/A (NAND2x1_ASAP7_75t_R)
     1    1.30   15.09   13.77 9797.91 ^ _231543_/Y (NAND2x1_ASAP7_75t_R)
                                         _167784_ (net)
                 15.09    0.15 9798.06 ^ _231544_/C (MAJx2_ASAP7_75t_R)
     2    1.94   13.89   20.02 9818.07 ^ _231544_/Y (MAJx2_ASAP7_75t_R)
                                         _167785_ (net)
                 13.91    0.32 9818.39 ^ _231549_/A1 (OA21x2_ASAP7_75t_R)
     2    2.13   10.88   19.53 9837.92 ^ _231549_/Y (OA21x2_ASAP7_75t_R)
                                         _167790_ (net)
                 10.89    0.13 9838.05 ^ _231555_/A2 (OAI21x1_ASAP7_75t_R)
     2    2.04   13.99    9.90 9847.95 v _231555_/Y (OAI21x1_ASAP7_75t_R)
                                         _167796_ (net)
                 14.01    0.31 9848.26 v _231609_/A1 (AO21x2_ASAP7_75t_R)
     2    2.14   12.44   21.25 9869.50 v _231609_/Y (AO21x2_ASAP7_75t_R)
                                         _167850_ (net)
                 12.46    0.26 9869.77 v _231767_/A2 (AO211x2_ASAP7_75t_R)
     3    4.53   16.65   23.14 9892.91 v _231767_/Y (AO211x2_ASAP7_75t_R)
                                         _168008_ (net)
                 16.67    0.35 9893.26 v place50778/A (BUFx3_ASAP7_75t_R)
    24   27.21   54.55   31.76 9925.03 v place50778/Y (BUFx3_ASAP7_75t_R)
                                         net50336 (net)
                 56.54    5.74 9930.77 v _231845_/A (NAND2x1_ASAP7_75t_R)
     1    1.22   22.47   21.40 9952.17 ^ _231845_/Y (NAND2x1_ASAP7_75t_R)
                                         _168086_ (net)
                 22.47    0.10 9952.26 ^ _231846_/B (XNOR2x2_ASAP7_75t_R)
     2    1.49    9.14   24.86 9977.12 ^ _231846_/Y (XNOR2x2_ASAP7_75t_R)
                                         _168087_ (net)
                  9.14    0.12 9977.24 ^ _232011_/B (OA211x2_ASAP7_75t_R)
     1    1.14    9.34   20.19 9997.44 ^ _232011_/Y (OA211x2_ASAP7_75t_R)
                                         _168252_ (net)
                  9.36    0.19 9997.63 ^ _232012_/E (AND5x1_ASAP7_75t_R)
     1    1.05   13.91   30.79 10028.42 ^ _232012_/Y (AND5x1_ASAP7_75t_R)
                                         _168253_ (net)
                 13.91    0.13 10028.55 ^ _232061_/C (AND5x1_ASAP7_75t_R)
     1    1.28   15.16   31.06 10059.62 ^ _232061_/Y (AND5x1_ASAP7_75t_R)
                                         _168302_ (net)
                 15.17    0.22 10059.84 ^ _232067_/A (AND5x1_ASAP7_75t_R)
     2    1.68   17.40   29.83 10089.66 ^ _232067_/Y (AND5x1_ASAP7_75t_R)
                                         _168308_ (net)
                 17.40    0.14 10089.81 ^ _232096_/A (AND4x2_ASAP7_75t_R)
     4    9.06   40.14   36.99 10126.80 ^ _232096_/Y (AND4x2_ASAP7_75t_R)
                                         _168337_ (net)
                 46.95    8.56 10135.37 ^ place50665/A (BUFx6f_ASAP7_75t_R)
     4    3.53    8.17   19.88 10155.25 ^ place50665/Y (BUFx6f_ASAP7_75t_R)
                                         net50223 (net)
                  8.19    0.20 10155.45 ^ _232159_/A2 (AOI21x1_ASAP7_75t_R)
     3    3.12   18.57   11.47 10166.91 v _232159_/Y (AOI21x1_ASAP7_75t_R)
                                         _168400_ (net)
                 18.58    0.27 10167.18 v _232162_/B1 (AO221x1_ASAP7_75t_R)
     4    3.94   25.21   31.84 10199.03 v _232162_/Y (AO221x1_ASAP7_75t_R)
                                         _168403_ (net)
                 25.23    0.36 10199.39 v _232246_/B (AO21x1_ASAP7_75t_R)
     2    1.82   13.96   22.16 10221.55 v _232246_/Y (AO21x1_ASAP7_75t_R)
                                         _168487_ (net)
                 13.98    0.24 10221.78 v _232279_/A1 (AO21x1_ASAP7_75t_R)
     3    3.53   21.55   24.11 10245.89 v _232279_/Y (AO21x1_ASAP7_75t_R)
                                         _168520_ (net)
                 21.61    0.71 10246.60 v _232503_/A1 (AO22x2_ASAP7_75t_R)
     5    5.50   19.53   28.89 10275.49 v _232503_/Y (AO22x2_ASAP7_75t_R)
                                         _168744_ (net)
                 19.76    1.17 10276.65 v _232535_/B (MAJx2_ASAP7_75t_R)
     1    1.21    8.14   24.39 10301.04 v _232535_/Y (MAJx2_ASAP7_75t_R)
                                         _168776_ (net)
                  8.15    0.15 10301.19 v _232536_/B (XNOR2x2_ASAP7_75t_R)
     2    2.38   11.88   22.53 10323.72 ^ _232536_/Y (XNOR2x2_ASAP7_75t_R)
                                         _168777_ (net)
                 11.93    0.38 10324.10 ^ _232538_/C (AND3x2_ASAP7_75t_R)
     2    1.69   11.11   22.26 10346.36 ^ _232538_/Y (AND3x2_ASAP7_75t_R)
                                         _168779_ (net)
                 11.12    0.16 10346.52 ^ place50200/A (BUFx3_ASAP7_75t_R)
     4    5.24   14.19   17.20 10363.72 ^ place50200/Y (BUFx3_ASAP7_75t_R)
                                         net49758 (net)
                 14.25    0.51 10364.23 ^ _232627_/C (NOR3x2_ASAP7_75t_R)
     4    4.34   33.61   15.98 10380.21 v _232627_/Y (NOR3x2_ASAP7_75t_R)
                                         _168868_ (net)
                 33.65    0.60 10380.81 v _232628_/B (AO211x2_ASAP7_75t_R)
     3    3.90   16.52   26.19 10406.99 v _232628_/Y (AO211x2_ASAP7_75t_R)
                                         _168869_ (net)
                 16.74    1.04 10408.04 v place50007/A (BUFx3_ASAP7_75t_R)
     4    3.86   10.37   18.21 10426.25 v place50007/Y (BUFx3_ASAP7_75t_R)
                                         net49565 (net)
                 10.37    0.10 10426.34 v _232664_/A (OR3x1_ASAP7_75t_R)
     3    2.45   17.57   24.74 10451.09 v _232664_/Y (OR3x1_ASAP7_75t_R)
                                         _168905_ (net)
                 17.58    0.26 10451.35 v _232668_/B2 (AO221x1_ASAP7_75t_R)
     3    3.19   21.34   30.43 10481.79 v _232668_/Y (AO221x1_ASAP7_75t_R)
                                         _168909_ (net)
                 21.36    0.38 10482.16 v _232669_/B (AO31x2_ASAP7_75t_R)
     7    5.93   19.28   24.71 10506.88 v _232669_/Y (AO31x2_ASAP7_75t_R)
                                         _168910_ (net)
                 19.66    1.51 10508.39 v _232673_/B (OA211x2_ASAP7_75t_R)
     3    3.48   17.53   33.76 10542.15 v _232673_/Y (OA211x2_ASAP7_75t_R)
                                         _168914_ (net)
                 17.61    0.61 10542.76 v _232983_/B (AO21x2_ASAP7_75t_R)
     7    7.84   26.58   29.10 10571.86 v _232983_/Y (AO21x2_ASAP7_75t_R)
                                         _169224_ (net)
                 26.92    1.71 10573.57 v place49709/A (BUFx3_ASAP7_75t_R)
     7    8.34   19.40   23.89 10597.45 v place49709/Y (BUFx3_ASAP7_75t_R)
                                         net49267 (net)
                 20.35    2.32 10599.77 v _233645_/A (NAND2x1_ASAP7_75t_R)
     4    3.01   24.88   19.10 10618.87 ^ _233645_/Y (NAND2x1_ASAP7_75t_R)
                                         _169886_ (net)
                 24.89    0.28 10619.15 ^ _233647_/A2 (OA211x2_ASAP7_75t_R)
     1    0.90    8.75   22.88 10642.03 ^ _233647_/Y (OA211x2_ASAP7_75t_R)
                                         _169888_ (net)
                  8.75    0.10 10642.13 ^ _233652_/A2 (AO21x1_ASAP7_75t_R)
     1    0.84    8.53   13.80 10655.93 ^ _233652_/Y (AO21x1_ASAP7_75t_R)
                                         _169893_ (net)
                  8.53    0.06 10656.00 ^ _233719_/A2 (AO21x1_ASAP7_75t_R)
     2    2.74   19.89   19.06 10675.06 ^ _233719_/Y (AO21x1_ASAP7_75t_R)
                                         _169960_ (net)
                 19.93    0.59 10675.65 ^ _233721_/D (AND5x2_ASAP7_75t_R)
     2    2.06   13.98   32.44 10708.09 ^ _233721_/Y (AND5x2_ASAP7_75t_R)
                                         _169962_ (net)
                 13.99    0.16 10708.25 ^ _233967_/C (AND3x4_ASAP7_75t_R)
     2    2.11    9.21   21.39 10729.64 ^ _233967_/Y (AND3x4_ASAP7_75t_R)
                                         _170208_ (net)
                  9.24    0.22 10729.86 ^ _235036_/B (AND5x2_ASAP7_75t_R)
     2    2.15   14.05   27.40 10757.25 ^ _235036_/Y (AND5x2_ASAP7_75t_R)
                                         _171277_ (net)
                 14.09    0.36 10757.61 ^ place49466/A (BUFx3_ASAP7_75t_R)
     3    2.40    8.35   15.27 10772.88 ^ place49466/Y (BUFx3_ASAP7_75t_R)
                                         net49024 (net)
                  8.36    0.18 10773.06 ^ _235237_/B (AND5x1_ASAP7_75t_R)
     1    1.41   15.89   29.08 10802.15 ^ _235237_/Y (AND5x1_ASAP7_75t_R)
                                         _171478_ (net)
                 15.89    0.19 10802.33 ^ _235239_/C (AOI211x1_ASAP7_75t_R)
     2    2.26   31.92   12.83 10815.16 v _235239_/Y (AOI211x1_ASAP7_75t_R)
                                         _171480_ (net)
                 31.92    0.14 10815.31 v _235240_/A (NAND2x1_ASAP7_75t_R)
     3    2.48   24.75   20.93 10836.23 ^ _235240_/Y (NAND2x1_ASAP7_75t_R)
                                         _171481_ (net)
                 24.76    0.40 10836.63 ^ _235289_/A1 (OA211x2_ASAP7_75t_R)
     4    6.17   26.29   31.30 10867.93 ^ _235289_/Y (OA211x2_ASAP7_75t_R)
                                         _171530_ (net)
                 27.99    3.57 10871.50 ^ _255129_/A1 (AOI21x1_ASAP7_75t_R)
     6    5.67   33.70   22.55 10894.05 v _255129_/Y (AOI21x1_ASAP7_75t_R)
                                         _191369_ (net)
                 33.94    1.57 10895.62 v _285397_/E (OR5x1_ASAP7_75t_R)
     3    2.27   22.09   41.53 10937.15 v _285397_/Y (OR5x1_ASAP7_75t_R)
                                         _046137_ (net)
                 22.10    0.19 10937.33 v _286027_/A1 (OA211x2_ASAP7_75t_R)
     5   29.89   94.91   42.88 10980.21 v _286027_/Y (OA211x2_ASAP7_75t_R)
                                         _046766_ (net)
                117.70   24.12 11004.33 v place49078/A (BUFx6f_ASAP7_75t_R)
    29   30.37   35.87   36.97 11041.31 v place49078/Y (BUFx6f_ASAP7_75t_R)
                                         net48636 (net)
                 71.40   20.56 11061.87 v _373562_/A1 (AO21x1_ASAP7_75t_R)
     1    1.00    9.94   28.44 11090.30 v _373562_/Y (AO21x1_ASAP7_75t_R)
                                         _119105_ (net)
                  9.95    0.13 11090.44 v _373563_/B (OA21x2_ASAP7_75t_R)
     1    1.41   11.45   14.01 11104.45 v _373563_/Y (OA21x2_ASAP7_75t_R)
                                         _119106_ (net)
                 11.46    0.18 11104.63 v _373564_/B (NOR2x1_ASAP7_75t_R)
     1    1.01   21.79    8.46 11113.09 ^ _373564_/Y (NOR2x1_ASAP7_75t_R)
                                         u_fp_prf._00038_[28] (net)
                 21.79    0.11 11113.20 ^ _388327_/D (DFFHQNx1_ASAP7_75t_R)
                               11113.20   data arrival time

                       1000.00 1000.00   clock core_clk (rise edge)
                          0.00 1000.00   clock source latency
     1   23.35   20.00    0.00 1000.00 ^ clk (in)
                                         clk (net)
                 85.58   20.69 1020.69 ^ wire96739/A (BUFx12f_ASAP7_75t_R)
     1   21.05   13.50   24.61 1045.30 ^ wire96739/Y (BUFx12f_ASAP7_75t_R)
                                         net96297 (net)
                 65.43   20.27 1065.57 ^ clkbuf_0_clk/A (BUFx24_ASAP7_75t_R)
     2   17.69   14.52   31.48 1097.04 ^ clkbuf_0_clk/Y (BUFx24_ASAP7_75t_R)
                                         clknet_0_clk (net)
                 21.76    5.31 1102.35 ^ clkbuf_1_1_0_clk/A (BUFx24_ASAP7_75t_R)
     2   13.27   11.20   22.22 1124.57 ^ clkbuf_1_1_0_clk/Y (BUFx24_ASAP7_75t_R)
                                         clknet_1_1_0_clk (net)
                 14.00    2.71 1127.28 ^ clkbuf_2_3_0_clk/A (BUFx24_ASAP7_75t_R)
     2   14.70    9.58   19.51 1146.79 ^ clkbuf_2_3_0_clk/Y (BUFx24_ASAP7_75t_R)
                                         clknet_2_3_0_clk (net)
                 26.83    7.70 1154.49 ^ clkbuf_3_7_0_clk/A (BUFx24_ASAP7_75t_R)
     2   12.40   10.90   23.21 1177.70 ^ clkbuf_3_7_0_clk/Y (BUFx24_ASAP7_75t_R)
                                         clknet_3_7_0_clk (net)
                 16.00    3.81 1181.51 ^ clkbuf_4_15_0_clk/A (BUFx24_ASAP7_75t_R)
     4   20.64   15.15   21.35 1202.86 ^ clkbuf_4_15_0_clk/Y (BUFx24_ASAP7_75t_R)
                                         clknet_4_15_0_clk (net)
                 19.08    3.92 1206.78 ^ clkbuf_6_60_0_clk/A (BUFx24_ASAP7_75t_R)
     2    7.14    8.81   20.90 1227.68 ^ clkbuf_6_60_0_clk/Y (BUFx24_ASAP7_75t_R)
                                         clknet_6_60_0_clk (net)
                  9.49    1.26 1228.94 ^ clkbuf_7_121__f_clk/A (BUFx24_ASAP7_75t_R)
     5   14.05   11.79   19.15 1248.09 ^ clkbuf_7_121__f_clk/Y (BUFx24_ASAP7_75t_R)
                                         clknet_7_121__leaf_clk (net)
                 12.72    1.67 1249.76 ^ clkbuf_leaf_453_clk/A (BUFx24_ASAP7_75t_R)
    18   14.05   11.82   20.08 1269.85 ^ clkbuf_leaf_453_clk/Y (BUFx24_ASAP7_75t_R)
                                         clknet_leaf_453_clk (net)
                 12.76    1.67 1271.51 ^ _388327_/CLK (DFFHQNx1_ASAP7_75t_R)
                        -50.00 1221.51   clock uncertainty
                          4.39 1225.91   clock reconvergence pessimism
                        -10.91 1214.99   library setup time
                               1214.99   data required time
-----------------------------------------------------------------------------
                               1214.99   data required time
                               -11113.20   data arrival time
-----------------------------------------------------------------------------
                               -9898.20   slack (VIOLATED)



==========================================================================
finish report_checks -unconstrained
--------------------------------------------------------------------------
Startpoint: dmem_rsp_valid (input port clocked by core_clk)
Endpoint: dmem_req_addr[13] (output port clocked by core_clk)
Path Group: in2out
Path Type: max

Fanout     Cap    Slew   Delay    Time   Description
-----------------------------------------------------------------------------
                          0.00    0.00   clock core_clk (rise edge)
                          0.00    0.00   clock network delay (propagated)
                        200.00  200.00 ^ input external delay
     1   13.64   20.00    0.00  200.00 ^ dmem_rsp_valid (in)
                                         dmem_rsp_valid (net)
                 43.14    7.30  207.30 ^ input66/A (BUFx2_ASAP7_75t_R)
     2   10.17   36.76   31.91  239.20 ^ input66/Y (BUFx2_ASAP7_75t_R)
                                         net66 (net)
                 37.86    3.48  242.68 ^ _196676_/A (INVx11_ASAP7_75t_R)
     2    1.67    7.93    6.20  248.88 v _196676_/Y (INVx11_ASAP7_75t_R)
                                         _132950_ (net)
                  7.93    0.07  248.95 v _196677_/B (OR3x2_ASAP7_75t_R)
     7   15.74   52.50   39.33  288.28 v _196677_/Y (OR3x2_ASAP7_75t_R)
                                         _132951_ (net)
                 59.70   10.04  298.32 v place89085/A (BUFx3_ASAP7_75t_R)
     7    9.75   23.27   31.17  329.49 v place89085/Y (BUFx3_ASAP7_75t_R)
                                         net88643 (net)
                 25.66    3.92  333.41 v _197752_/C (OR3x1_ASAP7_75t_R)
     2    2.86   19.56   29.72  363.13 v _197752_/Y (OR3x1_ASAP7_75t_R)
                                         _134026_ (net)
                 19.57    0.25  363.39 v _197754_/A (NAND2x2_ASAP7_75t_R)
     2    2.24   14.49   13.35  376.73 ^ _197754_/Y (NAND2x2_ASAP7_75t_R)
                                         _134028_ (net)
                 14.53    0.39  377.12 ^ place87771/A (BUFx3_ASAP7_75t_R)
    21   33.31   77.94   30.00  407.12 ^ place87771/Y (BUFx3_ASAP7_75t_R)
                                         net87329 (net)
                 78.25    2.94  410.06 ^ _197755_/B (NAND2x1_ASAP7_75t_R)
     1    1.42   21.28   14.45  424.51 v _197755_/Y (NAND2x1_ASAP7_75t_R)
                                         _134029_ (net)
                 21.28    0.08  424.58 v place87272/A (BUFx6f_ASAP7_75t_R)
     3    8.55   12.11   18.71  443.29 v place87272/Y (BUFx6f_ASAP7_75t_R)
                                         net86830 (net)
                 12.13    0.34  443.63 v place87271/A (BUFx3_ASAP7_75t_R)
     8   18.62   39.07   23.14  466.78 v place87271/Y (BUFx3_ASAP7_75t_R)
                                         net86829 (net)
                 44.14    7.15  473.93 v _198492_/B (OR4x1_ASAP7_75t_R)
     1    0.74   10.55   31.38  505.30 v _198492_/Y (OR4x1_ASAP7_75t_R)
                                         _134766_ (net)
                 10.55    0.08  505.38 v _198494_/D (OR5x1_ASAP7_75t_R)
     1    3.31   26.03   41.15  546.53 v _198494_/Y (OR5x1_ASAP7_75t_R)
                                         _134768_ (net)
                 26.21    1.23  547.76 v place80559/A (BUFx6f_ASAP7_75t_R)
     3   13.74   17.67   20.51  568.28 v place80559/Y (BUFx6f_ASAP7_75t_R)
                                         net80117 (net)
                 25.70    6.22  574.49 v place80558/A (BUFx3_ASAP7_75t_R)
     7   17.79   36.69   29.57  604.06 v place80558/Y (BUFx3_ASAP7_75t_R)
                                         net80116 (net)
                 37.28    2.70  606.76 v place80557/A (BUFx6f_ASAP7_75t_R)
    19   31.19   35.52   26.20  632.96 v place80557/Y (BUFx6f_ASAP7_75t_R)
                                         net80115 (net)
                 55.96   14.86  647.82 v _202919_/A (AND2x2_ASAP7_75t_R)
     2    2.64   12.03   29.80  677.62 v _202919_/Y (AND2x2_ASAP7_75t_R)
                                         _139193_ (net)
                 12.18    0.73  678.35 v _207950_/B (OR3x1_ASAP7_75t_R)
     2    8.20   49.10   39.38  717.73 v _207950_/Y (OR3x1_ASAP7_75t_R)
                                         _144222_ (net)
                 49.97    3.62  721.36 v _207951_/A (MAJx2_ASAP7_75t_R)
     2    3.51   16.00   33.36  754.72 v _207951_/Y (MAJx2_ASAP7_75t_R)
                                         _144223_ (net)
                 16.28    1.16  755.87 v _208672_/B (MAJx2_ASAP7_75t_R)
     2    2.29   11.24   25.19  781.06 v _208672_/Y (MAJx2_ASAP7_75t_R)
                                         _144943_ (net)
                 11.26    0.29  781.35 v _208722_/B (MAJx2_ASAP7_75t_R)
     2    2.28   12.01   23.70  805.05 v _208722_/Y (MAJx2_ASAP7_75t_R)
                                         _144992_ (net)
                 12.03    0.29  805.34 v _208759_/B (MAJx2_ASAP7_75t_R)
     2    2.74   13.31   24.67  830.00 v _208759_/Y (MAJx2_ASAP7_75t_R)
                                         _145028_ (net)
                 13.36    0.44  830.44 v _208837_/B (MAJx2_ASAP7_75t_R)
     2    3.02   13.78   25.40  855.84 v _208837_/Y (MAJx2_ASAP7_75t_R)
                                         _145105_ (net)
                 13.92    0.76  856.60 v _208912_/B (MAJx2_ASAP7_75t_R)
     2    2.44   12.80   24.77  881.37 v _208912_/Y (MAJx2_ASAP7_75t_R)
                                         _145179_ (net)
                 12.81    0.23  881.60 v _208937_/B (MAJx2_ASAP7_75t_R)
     2    2.53   12.05   24.55  906.15 v _208937_/Y (MAJx2_ASAP7_75t_R)
                                         _145203_ (net)
                 12.09    0.38  906.53 v _209010_/B (MAJx2_ASAP7_75t_R)
     2    2.96   13.76   24.95  931.47 v _209010_/Y (MAJx2_ASAP7_75t_R)
                                         _145275_ (net)
                 13.86    0.65  932.12 v _209082_/B (MAJx2_ASAP7_75t_R)
     2    2.67   12.73   25.06  957.18 v _209082_/Y (MAJx2_ASAP7_75t_R)
                                         _145346_ (net)
                 12.79    0.47  957.65 v _209182_/B (MAJx2_ASAP7_75t_R)
     2    2.48   14.77   24.48  982.13 v _209182_/Y (MAJx2_ASAP7_75t_R)
                                         _145445_ (net)
                 14.80    0.32  982.45 v _209211_/B (MAJx2_ASAP7_75t_R)
     2    2.45   13.55   25.00 1007.45 v _209211_/Y (MAJx2_ASAP7_75t_R)
                                         _145473_ (net)
                 13.59    0.35 1007.80 v _209318_/B (MAJx2_ASAP7_75t_R)
     2    2.44   13.90   24.64 1032.44 v _209318_/Y (MAJx2_ASAP7_75t_R)
                                         _145579_ (net)
                 13.93    0.30 1032.74 v _209357_/B (MAJx2_ASAP7_75t_R)
     2    3.37   15.37   26.10 1058.85 v _209357_/Y (MAJx2_ASAP7_75t_R)
                                         _145617_ (net)
                 15.46    0.62 1059.46 v _209417_/B (MAJx2_ASAP7_75t_R)
     2    2.17   13.49   24.81 1084.27 v _209417_/Y (MAJx2_ASAP7_75t_R)
                                         _145676_ (net)
                 13.49    0.10 1084.38 v _209481_/B (MAJx2_ASAP7_75t_R)
     2    2.75   15.19   25.15 1109.53 v _209481_/Y (MAJx2_ASAP7_75t_R)
                                         _145739_ (net)
                 15.21    0.30 1109.82 v _209517_/B (MAJx2_ASAP7_75t_R)
     2    2.44   12.78   25.14 1134.96 v _209517_/Y (MAJx2_ASAP7_75t_R)
                                         _145774_ (net)
                 12.81    0.31 1135.27 v _209573_/B (MAJx2_ASAP7_75t_R)
     2    2.39   13.57   24.36 1159.63 v _209573_/Y (MAJx2_ASAP7_75t_R)
                                         _145829_ (net)
                 13.59    0.28 1159.91 v _209635_/B (MAJx2_ASAP7_75t_R)
     2    2.75   15.30   25.11 1185.01 v _209635_/Y (MAJx2_ASAP7_75t_R)
                                         _145890_ (net)
                 15.37    0.53 1185.55 v _209690_/B (MAJx2_ASAP7_75t_R)
     2    2.47   14.44   25.23 1210.78 v _209690_/Y (MAJx2_ASAP7_75t_R)
                                         _145944_ (net)
                 14.47    0.30 1211.07 v _209718_/B (MAJx2_ASAP7_75t_R)
     2    2.39   15.24   24.86 1235.93 v _209718_/Y (MAJx2_ASAP7_75t_R)
                                         _145971_ (net)
                 15.26    0.22 1236.15 v _209773_/B (MAJx2_ASAP7_75t_R)
     2    2.62   13.18   25.46 1261.61 v _209773_/Y (MAJx2_ASAP7_75t_R)
                                         _146025_ (net)
                 13.20    0.28 1261.89 v _209836_/B (MAJx2_ASAP7_75t_R)
     2    3.00   15.65   25.47 1287.36 v _209836_/Y (MAJx2_ASAP7_75t_R)
                                         _146087_ (net)
                 15.69    0.46 1287.82 v _209909_/B (MAJx2_ASAP7_75t_R)
     2    2.25   13.76   24.99 1312.81 v _209909_/Y (MAJx2_ASAP7_75t_R)
                                         _146159_ (net)
                 13.77    0.16 1312.97 v _209935_/B (MAJx2_ASAP7_75t_R)
     2    2.96   14.45   25.61 1338.58 v _209935_/Y (MAJx2_ASAP7_75t_R)
                                         _146184_ (net)
                 14.48    0.32 1338.90 v _209997_/B (MAJx2_ASAP7_75t_R)
     2    2.35   13.60   24.77 1363.67 v _209997_/Y (MAJx2_ASAP7_75t_R)
                                         _146245_ (net)
                 13.62    0.26 1363.93 v _210075_/B (MAJx2_ASAP7_75t_R)
     2    2.27   13.89   24.41 1388.34 v _210075_/Y (MAJx2_ASAP7_75t_R)
                                         _146322_ (net)
                 13.90    0.16 1388.50 v _210093_/B (MAJx2_ASAP7_75t_R)
     2    2.31   12.62   24.59 1413.09 v _210093_/Y (MAJx2_ASAP7_75t_R)
                                         _146339_ (net)
                 12.63    0.13 1413.22 v _210144_/B (MAJx2_ASAP7_75t_R)
     2    2.29   12.31   24.15 1437.37 v _210144_/Y (MAJx2_ASAP7_75t_R)
                                         _146389_ (net)
                 12.32    0.23 1437.60 v _210218_/B (MAJx2_ASAP7_75t_R)
     2    2.95   15.29   25.01 1462.61 v _210218_/Y (MAJx2_ASAP7_75t_R)
                                         _146462_ (net)
                 15.40    0.68 1463.29 v _210244_/B (MAJx2_ASAP7_75t_R)
     1    1.34   11.77   23.34 1486.63 v _210244_/Y (MAJx2_ASAP7_75t_R)
                                         _146487_ (net)
                 11.78    0.12 1486.75 v _210254_/A (XNOR2x2_ASAP7_75t_R)
     2    4.63   19.45   26.37 1513.12 ^ _210254_/Y (XNOR2x2_ASAP7_75t_R)
                                         _146497_ (net)
                 19.91    1.62 1514.74 ^ _313940_/B (XNOR2x2_ASAP7_75t_R)
     1    0.87    7.41   23.45 1538.19 ^ _313940_/Y (XNOR2x2_ASAP7_75t_R)
                                         _070561_ (net)
                  7.41    0.08 1538.27 ^ _314011_/A (AND5x1_ASAP7_75t_R)
     2   11.53   80.18   51.87 1590.14 ^ _314011_/Y (AND5x1_ASAP7_75t_R)
                                         _070632_ (net)
                 82.87    7.98 1598.12 ^ _314015_/A (NAND2x1_ASAP7_75t_R)
     2    2.99   26.18   19.00 1617.12 v _314015_/Y (NAND2x1_ASAP7_75t_R)
                                         _070636_ (net)
                 26.19    0.27 1617.39 v _314016_/B (OR2x2_ASAP7_75t_R)
     3    5.53   19.89   27.53 1644.92 v _314016_/Y (OR2x2_ASAP7_75t_R)
                                         _070637_ (net)
                 20.67    2.14 1647.05 v _314885_/B (NOR2x1_ASAP7_75t_R)
     2    1.85   17.49   13.20 1660.26 ^ _314885_/Y (NOR2x1_ASAP7_75t_R)
                                         _071506_ (net)
                 17.51    0.28 1660.54 ^ _314897_/A2 (AO21x1_ASAP7_75t_R)
     1    0.80    8.35   15.63 1676.17 ^ _314897_/Y (AO21x1_ASAP7_75t_R)
                                         _071518_ (net)
                  8.36    0.10 1676.26 ^ _314898_/B1 (AO22x1_ASAP7_75t_R)
     1    1.31   12.65   17.66 1693.92 ^ _314898_/Y (AO22x1_ASAP7_75t_R)
                                         _071519_ (net)
                 12.65    0.11 1694.03 ^ _314899_/B (NAND2x1_ASAP7_75t_R)
     1    1.51   11.12    8.64 1702.67 v _314899_/Y (NAND2x1_ASAP7_75t_R)
                                         _071520_ (net)
                 11.13    0.20 1702.87 v _314903_/A1 (AOI22x1_ASAP7_75t_R)
     2    2.49   22.86   15.34 1718.22 ^ _314903_/Y (AOI22x1_ASAP7_75t_R)
                                         _071524_ (net)
                 22.87    0.21 1718.43 ^ _314904_/B (OAI21x1_ASAP7_75t_R)
     1    0.55   10.98    9.51 1727.94 v _314904_/Y (OAI21x1_ASAP7_75t_R)
                                         _071525_ (net)
                 10.98    0.03 1727.97 v _314908_/B (OA211x2_ASAP7_75t_R)
     1    1.38   10.95   27.31 1755.27 v _314908_/Y (OA211x2_ASAP7_75t_R)
                                         _071529_ (net)
                 10.97    0.18 1755.45 v _314909_/C (MAJx2_ASAP7_75t_R)
     2    2.12   10.65   22.21 1777.66 v _314909_/Y (MAJx2_ASAP7_75t_R)
                                         _071530_ (net)
                 10.66    0.11 1777.76 v _314935_/B (NOR2x1_ASAP7_75t_R)
     1    0.92    9.96    8.04 1785.80 ^ _314935_/Y (NOR2x1_ASAP7_75t_R)
                                         _071556_ (net)
                  9.97    0.11 1785.91 ^ _314936_/B (AO21x1_ASAP7_75t_R)
     2    5.22   35.64   23.21 1809.13 ^ _314936_/Y (AO21x1_ASAP7_75t_R)
                                         _071557_ (net)
                 35.99    1.97 1811.10 ^ _314938_/A2 (AO21x1_ASAP7_75t_R)
     2    2.13   16.61   22.32 1833.42 ^ _314938_/Y (AO21x1_ASAP7_75t_R)
                                         _071559_ (net)
                 16.62    0.23 1833.65 ^ _314939_/B (NAND2x1_ASAP7_75t_R)
     1    2.68   17.14   12.16 1845.81 v _314939_/Y (NAND2x1_ASAP7_75t_R)
                                         _071560_ (net)
                 17.20    0.60 1846.41 v _314940_/B (NAND2x1_ASAP7_75t_R)
     3    5.12   38.31   21.23 1867.64 ^ _314940_/Y (NAND2x1_ASAP7_75t_R)
                                         _071561_ (net)
                 38.83    2.47 1870.11 ^ place62150/A (BUFx6f_ASAP7_75t_R)
     2    2.34    6.73   18.20 1888.31 ^ place62150/Y (BUFx6f_ASAP7_75t_R)
                                         net61708 (net)
                  6.75    0.17 1888.48 ^ _314956_/A2 (OAI22x1_ASAP7_75t_R)
     2    2.21   18.83   10.43 1898.91 v _314956_/Y (OAI22x1_ASAP7_75t_R)
                                         _071577_ (net)
                 18.85    0.43 1899.34 v _315004_/C (AND3x1_ASAP7_75t_R)
     1    1.29   10.36   17.14 1916.49 v _315004_/Y (AND3x1_ASAP7_75t_R)
                                         _071625_ (net)
                 10.37    0.14 1916.63 v _315005_/C (MAJx2_ASAP7_75t_R)
     1    1.13    7.96   20.36 1936.99 v _315005_/Y (MAJx2_ASAP7_75t_R)
                                         _071626_ (net)
                  7.96    0.05 1937.04 v _315006_/C (MAJx2_ASAP7_75t_R)
     1    1.25    8.63   19.92 1956.97 v _315006_/Y (MAJx2_ASAP7_75t_R)
                                         _071627_ (net)
                  8.63    0.09 1957.06 v _315007_/C (MAJx2_ASAP7_75t_R)
     1    1.27    8.63   20.13 1977.19 v _315007_/Y (MAJx2_ASAP7_75t_R)
                                         _071628_ (net)
                  8.63    0.10 1977.29 v _315008_/C (MAJx2_ASAP7_75t_R)
     1    1.47    8.93   20.46 1997.74 v _315008_/Y (MAJx2_ASAP7_75t_R)
                                         _071629_ (net)
                  8.95    0.21 1997.95 v _315009_/A2 (AOI21x1_ASAP7_75t_R)
     1    1.14   14.35    9.60 2007.54 ^ _315009_/Y (AOI21x1_ASAP7_75t_R)
                                         _071630_ (net)
                 14.35    0.06 2007.60 ^ _315012_/A (NOR2x1_ASAP7_75t_R)
     1    1.26   12.03   10.96 2018.57 v _315012_/Y (NOR2x1_ASAP7_75t_R)
                                         _071633_ (net)
                 12.03    0.10 2018.66 v _315013_/C (MAJx2_ASAP7_75t_R)
     1    1.24    8.22   20.96 2039.62 v _315013_/Y (MAJx2_ASAP7_75t_R)
                                         _071634_ (net)
                  8.22    0.09 2039.71 v _315014_/C (MAJx2_ASAP7_75t_R)
     1    1.23    8.36   19.94 2059.65 v _315014_/Y (MAJx2_ASAP7_75t_R)
                                         _071635_ (net)
                  8.37    0.12 2059.77 v _315015_/C (MAJx2_ASAP7_75t_R)
     2    1.62    9.38   20.67 2080.44 v _315015_/Y (MAJx2_ASAP7_75t_R)
                                         _071636_ (net)
                  9.39    0.11 2080.55 v _315016_/C (OR3x1_ASAP7_75t_R)
     2    1.73   13.84   23.85 2104.40 v _315016_/Y (OR3x1_ASAP7_75t_R)
                                         _071637_ (net)
                 13.86    0.27 2104.67 v _315025_/A (AND3x1_ASAP7_75t_R)
     2    2.06   13.14   16.11 2120.78 v _315025_/Y (AND3x1_ASAP7_75t_R)
                                         _071646_ (net)
                 13.16    0.31 2121.09 v _315027_/A2 (AO21x1_ASAP7_75t_R)
     2    3.32   20.50   22.41 2143.50 v _315027_/Y (AO21x1_ASAP7_75t_R)
                                         _071648_ (net)
                 20.53    0.41 2143.91 v _315028_/B (NOR2x1_ASAP7_75t_R)
     2    2.55   21.06   15.26 2159.16 ^ _315028_/Y (NOR2x1_ASAP7_75t_R)
                                         _071649_ (net)
                 21.09    0.48 2159.64 ^ _315070_/B1 (OAI22x1_ASAP7_75t_R)
     2    1.85   18.42   12.68 2172.32 v _315070_/Y (OAI22x1_ASAP7_75t_R)
                                         _071691_ (net)
                 18.43    0.20 2172.52 v _315071_/B (AND2x2_ASAP7_75t_R)
     2    2.23    9.44   19.43 2191.96 v _315071_/Y (AND2x2_ASAP7_75t_R)
                                         _071692_ (net)
                  9.44    0.10 2192.05 v _315101_/B (MAJx2_ASAP7_75t_R)
     1    1.36    8.58   21.63 2213.68 v _315101_/Y (MAJx2_ASAP7_75t_R)
                                         _071722_ (net)
                  8.59    0.17 2213.85 v _315102_/C (MAJx2_ASAP7_75t_R)
     1    1.39    8.66   20.31 2234.17 v _315102_/Y (MAJx2_ASAP7_75t_R)
                                         _071723_ (net)
                  8.67    0.14 2234.30 v _315103_/C (MAJx2_ASAP7_75t_R)
     1    1.32    8.87   20.22 2254.52 v _315103_/Y (MAJx2_ASAP7_75t_R)
                                         _071724_ (net)
                  8.88    0.15 2254.68 v _315104_/C (MAJx2_ASAP7_75t_R)
     1    1.24    8.23   20.16 2274.83 v _315104_/Y (MAJx2_ASAP7_75t_R)
                                         _071725_ (net)
                  8.23    0.09 2274.92 v _315105_/C (MAJx2_ASAP7_75t_R)
     1    1.24    8.27   19.96 2294.89 v _315105_/Y (MAJx2_ASAP7_75t_R)
                                         _071726_ (net)
                  8.28    0.13 2295.01 v _315106_/C (MAJx2_ASAP7_75t_R)
     1    0.75    7.27   19.13 2314.14 v _315106_/Y (MAJx2_ASAP7_75t_R)
                                         _071727_ (net)
                  7.27    0.04 2314.19 v _315107_/A2 (AO21x1_ASAP7_75t_R)
     1    1.26    9.83   15.71 2329.90 v _315107_/Y (AO21x1_ASAP7_75t_R)
                                         _071728_ (net)
                  9.84    0.14 2330.04 v _315111_/A (NAND2x1_ASAP7_75t_R)
     2    2.37   19.44   13.83 2343.87 ^ _315111_/Y (NAND2x1_ASAP7_75t_R)
                                         _071732_ (net)
                 19.44    0.11 2343.98 ^ _315112_/C (MAJx2_ASAP7_75t_R)
     1    0.77    7.01   18.85 2362.83 ^ _315112_/Y (MAJx2_ASAP7_75t_R)
                                         _071733_ (net)
                  7.01    0.05 2362.87 ^ _315113_/C (AND3x1_ASAP7_75t_R)
     1    1.21   11.92   19.12 2381.99 ^ _315113_/Y (AND3x1_ASAP7_75t_R)
                                         _071734_ (net)
                 11.93    0.19 2382.19 ^ _315120_/B (OR3x1_ASAP7_75t_R)
     2    1.37   10.70   14.21 2396.40 ^ _315120_/Y (OR3x1_ASAP7_75t_R)
                                         _071741_ (net)
                 10.70    0.05 2396.45 ^ _315123_/B (AND2x2_ASAP7_75t_R)
     6    6.47   23.98   23.62 2420.07 ^ _315123_/Y (AND2x2_ASAP7_75t_R)
                                         _071744_ (net)
                 24.06    0.83 2420.90 ^ _315178_/B (NAND2x1_ASAP7_75t_R)
     1    0.72    9.88    7.83 2428.73 v _315178_/Y (NAND2x1_ASAP7_75t_R)
                                         _071799_ (net)
                  9.88    0.04 2428.77 v _315179_/B (OA21x2_ASAP7_75t_R)
     2    1.31    7.87   13.87 2442.64 v _315179_/Y (OA21x2_ASAP7_75t_R)
                                         _071800_ (net)
                  7.88    0.14 2442.78 v _315181_/A2 (AO32x1_ASAP7_75t_R)
     2    2.57   18.14   26.28 2469.06 v _315181_/Y (AO32x1_ASAP7_75t_R)
                                         _071802_ (net)
                 18.21    0.62 2469.68 v _315182_/B (OA211x2_ASAP7_75t_R)
     1    0.70    9.28   28.24 2497.92 v _315182_/Y (OA211x2_ASAP7_75t_R)
                                         _071803_ (net)
                  9.28    0.03 2497.95 v _315183_/B (AO21x1_ASAP7_75t_R)
     1    1.21    9.75   17.39 2515.34 v _315183_/Y (AO21x1_ASAP7_75t_R)
                                         _071804_ (net)
                  9.75    0.08 2515.41 v _315184_/C (MAJx2_ASAP7_75t_R)
     1    1.22    8.23   20.35 2535.76 v _315184_/Y (MAJx2_ASAP7_75t_R)
                                         _071805_ (net)
                  8.24    0.12 2535.88 v _315185_/C (MAJx2_ASAP7_75t_R)
     1    1.37    8.61   20.17 2556.06 v _315185_/Y (MAJx2_ASAP7_75t_R)
                                         _071806_ (net)
                  8.62    0.17 2556.23 v _315186_/C (MAJx2_ASAP7_75t_R)
     1    1.16    7.99   19.95 2576.18 v _315186_/Y (MAJx2_ASAP7_75t_R)
                                         _071807_ (net)
                  8.00    0.06 2576.24 v _315187_/C (MAJx2_ASAP7_75t_R)
     1    1.21    8.30   19.86 2596.10 v _315187_/Y (MAJx2_ASAP7_75t_R)
                                         _071808_ (net)
                  8.31    0.08 2596.17 v _315188_/C (MAJx2_ASAP7_75t_R)
     1    0.93    7.38   19.45 2615.63 v _315188_/Y (MAJx2_ASAP7_75t_R)
                                         _071809_ (net)
                  7.39    0.11 2615.73 v _315198_/A2 (AO21x1_ASAP7_75t_R)
     1    1.39   10.49   16.13 2631.86 v _315198_/Y (AO21x1_ASAP7_75t_R)
                                         _071819_ (net)
                 10.50    0.19 2632.05 v _315205_/A (NAND2x1_ASAP7_75t_R)
     2    2.36   19.45   14.02 2646.07 ^ _315205_/Y (NAND2x1_ASAP7_75t_R)
                                         _071826_ (net)
                 19.45    0.15 2646.22 ^ _315206_/C (MAJx2_ASAP7_75t_R)
     1    0.81    7.23   18.93 2665.14 ^ _315206_/Y (MAJx2_ASAP7_75t_R)
                                         _071827_ (net)
                  7.24    0.06 2665.20 ^ _315233_/B (AND3x1_ASAP7_75t_R)
     2    1.72   15.03   20.58 2685.78 ^ _315233_/Y (AND3x1_ASAP7_75t_R)
                                         _071854_ (net)
                 15.05    0.24 2686.02 ^ _315236_/B (OR3x1_ASAP7_75t_R)
     2    1.73   12.98   15.84 2701.86 ^ _315236_/Y (OR3x1_ASAP7_75t_R)
                                         _071857_ (net)
                 13.00    0.22 2702.08 ^ _315238_/A2 (OA211x2_ASAP7_75t_R)
     5    8.60   33.09   31.84 2733.92 ^ _315238_/Y (OA211x2_ASAP7_75t_R)
                                         _071859_ (net)
                 33.18    1.02 2734.94 ^ _315247_/A2 (OA21x2_ASAP7_75t_R)
     4    3.78   18.16   25.42 2760.35 ^ _315247_/Y (OA21x2_ASAP7_75t_R)
                                         _071868_ (net)
                 18.28    0.80 2761.15 ^ _315320_/A2 (OA22x2_ASAP7_75t_R)
     2    2.22   11.30   21.10 2782.26 ^ _315320_/Y (OA22x2_ASAP7_75t_R)
                                         _071941_ (net)
                 11.37    0.49 2782.74 ^ _315335_/B1 (OA22x2_ASAP7_75t_R)
     1    1.46    8.71   18.12 2800.86 ^ _315335_/Y (OA22x2_ASAP7_75t_R)
                                         _071956_ (net)
                  8.72    0.17 2801.03 ^ _315336_/B (AOI21x1_ASAP7_75t_R)
     1    1.22   10.49    7.22 2808.25 v _315336_/Y (AOI21x1_ASAP7_75t_R)
                                         _071957_ (net)
                 10.49    0.08 2808.33 v _315337_/C (MAJx2_ASAP7_75t_R)
     1    1.22    8.19   20.54 2828.88 v _315337_/Y (MAJx2_ASAP7_75t_R)
                                         _071958_ (net)
                  8.20    0.08 2828.96 v _315338_/C (MAJx2_ASAP7_75t_R)
     1    1.28    8.35   20.03 2848.99 v _315338_/Y (MAJx2_ASAP7_75t_R)
                                         _071959_ (net)
                  8.36    0.10 2849.09 v _315339_/C (MAJx2_ASAP7_75t_R)
     1    0.89    7.37   19.39 2868.48 v _315339_/Y (MAJx2_ASAP7_75t_R)
                                         _071960_ (net)
                  7.37    0.10 2868.58 v _315340_/A2 (AO21x1_ASAP7_75t_R)
     1    1.30   10.06   15.85 2884.43 v _315340_/Y (AO21x1_ASAP7_75t_R)
                                         _071961_ (net)
                 10.07    0.16 2884.59 v _315346_/A (NAND2x1_ASAP7_75t_R)
     1    1.38   13.71   11.22 2895.81 ^ _315346_/Y (NAND2x1_ASAP7_75t_R)
                                         _071967_ (net)
                 13.72    0.18 2895.99 ^ _315347_/C (MAJx2_ASAP7_75t_R)
     1    1.42    9.06   18.88 2914.87 ^ _315347_/Y (MAJx2_ASAP7_75t_R)
                                         _071968_ (net)
                  9.07    0.19 2915.05 ^ _315348_/A2 (AOI21x1_ASAP7_75t_R)
     1    1.36   14.84    8.10 2923.16 v _315348_/Y (AOI21x1_ASAP7_75t_R)
                                         _071969_ (net)
                 14.85    0.16 2923.32 v _315349_/C (MAJx2_ASAP7_75t_R)
     2    1.57    9.15   22.21 2945.53 v _315349_/Y (MAJx2_ASAP7_75t_R)
                                         _071970_ (net)
                  9.15    0.09 2945.62 v _315350_/C (OR3x1_ASAP7_75t_R)
     1    1.27   11.33   22.40 2968.02 v _315350_/Y (OR3x1_ASAP7_75t_R)
                                         _071971_ (net)
                 11.34    0.11 2968.13 v _315352_/A (NAND2x1_ASAP7_75t_R)
     2    1.78   16.27   12.73 2980.86 ^ _315352_/Y (NAND2x1_ASAP7_75t_R)
                                         _071973_ (net)
                 16.27    0.16 2981.02 ^ _315353_/B (AOI211x1_ASAP7_75t_R)
     2    2.04   34.90   13.04 2994.06 v _315353_/Y (AOI211x1_ASAP7_75t_R)
                                         _071974_ (net)
                 34.91    0.36 2994.42 v _315386_/B (OR2x2_ASAP7_75t_R)
     2    1.44    8.69   24.17 3018.58 v _315386_/Y (OR2x2_ASAP7_75t_R)
                                         _072007_ (net)
                  8.69    0.07 3018.66 v _315417_/B1 (OA22x2_ASAP7_75t_R)
     1    0.72    7.01   18.46 3037.12 v _315417_/Y (OA22x2_ASAP7_75t_R)
                                         _072038_ (net)
                  7.02    0.07 3037.19 v _315418_/B1 (OA22x2_ASAP7_75t_R)
     2    2.17   10.91   20.46 3057.64 v _315418_/Y (OA22x2_ASAP7_75t_R)
                                         _072039_ (net)
                 10.95    0.34 3057.98 v _315419_/B (OR2x2_ASAP7_75t_R)
     1    1.26    7.50   17.66 3075.64 v _315419_/Y (OR2x2_ASAP7_75t_R)
                                         _072040_ (net)
                  7.51    0.13 3075.77 v _315420_/C (MAJx2_ASAP7_75t_R)
     1    1.36    8.57   19.96 3095.74 v _315420_/Y (MAJx2_ASAP7_75t_R)
                                         _072041_ (net)
                  8.58    0.16 3095.90 v _315421_/C (MAJx2_ASAP7_75t_R)
     2    1.69    9.51   20.85 3116.75 v _315421_/Y (MAJx2_ASAP7_75t_R)
                                         _072042_ (net)
                  9.52    0.11 3116.86 v _315423_/A2 (AO21x1_ASAP7_75t_R)
     1    1.75   12.37   17.63 3134.49 v _315423_/Y (AO21x1_ASAP7_75t_R)
                                         _072044_ (net)
                 12.39    0.25 3134.74 v _315424_/B (OAI21x1_ASAP7_75t_R)
     1    1.55   14.57    7.73 3142.46 ^ _315424_/Y (OAI21x1_ASAP7_75t_R)
                                         _072045_ (net)
                 14.58    0.24 3142.70 ^ _315425_/C (MAJx2_ASAP7_75t_R)
     1    1.18    8.37   18.64 3161.34 ^ _315425_/Y (MAJx2_ASAP7_75t_R)
                                         _072046_ (net)
                  8.38    0.07 3161.41 ^ _315426_/C (MAJx2_ASAP7_75t_R)
     1    1.21    8.46   17.46 3178.87 ^ _315426_/Y (MAJx2_ASAP7_75t_R)
                                         _072047_ (net)
                  8.47    0.08 3178.95 ^ _315427_/C (MAJx2_ASAP7_75t_R)
     1    0.78    7.15   16.72 3195.67 ^ _315427_/Y (MAJx2_ASAP7_75t_R)
                                         _072048_ (net)
                  7.16    0.08 3195.75 ^ _315439_/A2 (AO21x1_ASAP7_75t_R)
     1    0.88    8.67   13.46 3209.21 ^ _315439_/Y (AO21x1_ASAP7_75t_R)
                                         _072060_ (net)
                  8.68    0.10 3209.31 ^ _315442_/A (AND2x2_ASAP7_75t_R)
     1    1.15    7.42   14.86 3224.17 ^ _315442_/Y (AND2x2_ASAP7_75t_R)
                                         _072063_ (net)
                  7.43    0.06 3224.23 ^ _315443_/C (MAJx2_ASAP7_75t_R)
     2    2.45   12.52   19.35 3243.57 ^ _315443_/Y (MAJx2_ASAP7_75t_R)
                                         _072064_ (net)
                 12.55    0.38 3243.95 ^ _315456_/B (NOR3x1_ASAP7_75t_R)
     1    0.71   13.41   10.48 3254.43 v _315456_/Y (NOR3x1_ASAP7_75t_R)
                                         _072077_ (net)
                 13.41    0.04 3254.46 v _315457_/B (AO21x1_ASAP7_75t_R)
     1    0.83    7.69   17.13 3271.59 v _315457_/Y (AO21x1_ASAP7_75t_R)
                                         _072078_ (net)
                  7.69    0.06 3271.65 v _315458_/C (OR3x1_ASAP7_75t_R)
     5    5.46   34.60   33.15 3304.80 v _315458_/Y (OR3x1_ASAP7_75t_R)
                                         _072079_ (net)
                 34.70    1.07 3305.87 v _315461_/B (NAND2x1_ASAP7_75t_R)
     2    1.88   20.61   17.47 3323.33 ^ _315461_/Y (NAND2x1_ASAP7_75t_R)
                                         _072082_ (net)
                 20.62    0.21 3323.54 ^ _315504_/B1 (OA22x2_ASAP7_75t_R)
     1    0.77    6.75   18.72 3342.26 ^ _315504_/Y (OA22x2_ASAP7_75t_R)
                                         _072125_ (net)
                  6.75    0.07 3342.33 ^ _315505_/A2 (OA21x2_ASAP7_75t_R)
     1    0.83    8.07   14.62 3356.95 ^ _315505_/Y (OA21x2_ASAP7_75t_R)
                                         _072126_ (net)
                  8.07    0.06 3357.01 ^ _315506_/B (AO21x1_ASAP7_75t_R)
     1    0.83    8.36   11.55 3368.57 ^ _315506_/Y (AO21x1_ASAP7_75t_R)
                                         _072127_ (net)
                  8.36    0.08 3368.65 ^ _315507_/B (OA21x2_ASAP7_75t_R)
     2    2.11   10.89   17.90 3386.55 ^ _315507_/Y (OA21x2_ASAP7_75t_R)
                                         _072128_ (net)
                 10.92    0.31 3386.85 ^ _315508_/A (INVx1_ASAP7_75t_R)
     2    2.15   13.39    9.80 3396.66 v _315508_/Y (INVx1_ASAP7_75t_R)
                                         _072129_ (net)
                 13.39    0.12 3396.78 v _315513_/B (MAJx2_ASAP7_75t_R)
     1    1.29    8.42   22.67 3419.44 v _315513_/Y (MAJx2_ASAP7_75t_R)
                                         _072134_ (net)
                  8.43    0.14 3419.59 v _315514_/C (MAJx2_ASAP7_75t_R)
     1    1.83   10.15   21.00 3440.58 v _315514_/Y (MAJx2_ASAP7_75t_R)
                                         _072135_ (net)
                 10.18    0.28 3440.86 v _315519_/B (MAJx2_ASAP7_75t_R)
     1    1.45    8.85   21.99 3462.85 v _315519_/Y (MAJx2_ASAP7_75t_R)
                                         _072140_ (net)
                  8.86    0.16 3463.01 v _315526_/B (MAJx2_ASAP7_75t_R)
     1    1.31    8.56   21.40 3484.41 v _315526_/Y (MAJx2_ASAP7_75t_R)
                                         _072147_ (net)
                  8.58    0.15 3484.55 v _315527_/C (MAJx2_ASAP7_75t_R)
     1    1.29    8.41   20.15 3504.71 v _315527_/Y (MAJx2_ASAP7_75t_R)
                                         _072148_ (net)
                  8.41    0.10 3504.81 v _315528_/C (MAJx2_ASAP7_75t_R)
     1    1.26    8.28   20.04 3524.86 v _315528_/Y (MAJx2_ASAP7_75t_R)
                                         _072149_ (net)
                  8.29    0.13 3524.99 v _315529_/C (MAJx2_ASAP7_75t_R)
     1    1.20    8.11   19.93 3544.92 v _315529_/Y (MAJx2_ASAP7_75t_R)
                                         _072150_ (net)
                  8.12    0.08 3544.99 v _315530_/C (MAJx2_ASAP7_75t_R)
     1    1.31    8.37   20.06 3565.05 v _315530_/Y (MAJx2_ASAP7_75t_R)
                                         _072151_ (net)
                  8.38    0.11 3565.16 v _315531_/C (MAJx2_ASAP7_75t_R)
     4    2.97   12.83   22.98 3588.15 v _315531_/Y (MAJx2_ASAP7_75t_R)
                                         _072152_ (net)
                 12.84    0.19 3588.33 v _315553_/B (OR3x1_ASAP7_75t_R)
     1    1.42   12.20   23.31 3611.64 v _315553_/Y (OR3x1_ASAP7_75t_R)
                                         _072174_ (net)
                 12.21    0.19 3611.83 v _315554_/B (NAND2x1_ASAP7_75t_R)
     1    0.84   11.11    8.65 3620.48 ^ _315554_/Y (NAND2x1_ASAP7_75t_R)
                                         _072175_ (net)
                 11.11    0.09 3620.57 ^ _315555_/B2 (OA22x2_ASAP7_75t_R)
     1    0.85    6.87   16.46 3637.03 ^ _315555_/Y (OA22x2_ASAP7_75t_R)
                                         _072176_ (net)
                  6.87    0.07 3637.10 ^ _315556_/C (OR3x1_ASAP7_75t_R)
     2    1.49   13.39   13.67 3650.77 ^ _315556_/Y (OR3x1_ASAP7_75t_R)
                                         _072177_ (net)
                 13.39    0.06 3650.82 ^ _315558_/B (AND2x2_ASAP7_75t_R)
     4    4.08   16.74   21.00 3671.83 ^ _315558_/Y (AND2x2_ASAP7_75t_R)
                                         _072179_ (net)
                 16.80    0.58 3672.40 ^ _315593_/B (NAND2x1_ASAP7_75t_R)
     2    1.27   11.18    8.77 3681.18 v _315593_/Y (NAND2x1_ASAP7_75t_R)
                                         _072214_ (net)
                 11.18    0.14 3681.32 v _315594_/B (OA211x2_ASAP7_75t_R)
     2    1.93   16.77   28.42 3709.74 v _315594_/Y (OA211x2_ASAP7_75t_R)
                                         _072215_ (net)
                 16.78    0.22 3709.96 v _315595_/B (AND2x2_ASAP7_75t_R)
     1    1.42    7.80   17.66 3727.61 v _315595_/Y (AND2x2_ASAP7_75t_R)
                                         _072216_ (net)
                  7.82    0.19 3727.81 v _315596_/C (MAJx2_ASAP7_75t_R)
     1    1.52    9.68   20.31 3748.12 v _315596_/Y (MAJx2_ASAP7_75t_R)
                                         _072217_ (net)
                  9.70    0.23 3748.35 v _315597_/C (MAJx2_ASAP7_75t_R)
     1    1.40    9.59   20.62 3768.97 v _315597_/Y (MAJx2_ASAP7_75t_R)
                                         _072218_ (net)
                  9.60    0.19 3769.16 v _315598_/C (MAJx2_ASAP7_75t_R)
     1    0.98    8.06   19.89 3789.05 v _315598_/Y (MAJx2_ASAP7_75t_R)
                                         _072219_ (net)
                  8.07    0.13 3789.17 v _315599_/B (AO21x1_ASAP7_75t_R)
     1    0.63    7.16   15.38 3804.55 v _315599_/Y (AO21x1_ASAP7_75t_R)
                                         _072220_ (net)
                  7.16    0.06 3804.62 v _315601_/B (OA211x2_ASAP7_75t_R)
     1    1.06   10.10   25.47 3830.09 v _315601_/Y (OA211x2_ASAP7_75t_R)
                                         _072222_ (net)
                 10.11    0.14 3830.23 v _315605_/A2 (OA21x2_ASAP7_75t_R)
     1    1.23    7.49   17.93 3848.17 v _315605_/Y (OA21x2_ASAP7_75t_R)
                                         _072226_ (net)
                  7.50    0.08 3848.25 v _315606_/C (MAJx2_ASAP7_75t_R)
     1    1.40    8.68   20.03 3868.28 v _315606_/Y (MAJx2_ASAP7_75t_R)
                                         _072227_ (net)
                  8.70    0.19 3868.46 v _315607_/C (MAJx2_ASAP7_75t_R)
     2    1.73   10.49   20.95 3889.41 v _315607_/Y (MAJx2_ASAP7_75t_R)
                                         _072228_ (net)
                 10.49    0.12 3889.53 v _315626_/A (INVx1_ASAP7_75t_R)
     1    1.25   10.44    8.27 3897.80 ^ _315626_/Y (INVx1_ASAP7_75t_R)
                                         _072247_ (net)
                 10.44    0.13 3897.93 ^ _315637_/A (NAND2x1_ASAP7_75t_R)
     2    1.52   10.75    8.38 3906.31 v _315637_/Y (NAND2x1_ASAP7_75t_R)
                                         _072258_ (net)
                 10.75    0.14 3906.44 v _315638_/A2 (AO21x1_ASAP7_75t_R)
     1    0.63    7.51   14.80 3921.24 v _315638_/Y (AO21x1_ASAP7_75t_R)
                                         _072259_ (net)
                  7.51    0.06 3921.31 v _315639_/B (OA211x2_ASAP7_75t_R)
     1    0.69    9.24   24.87 3946.17 v _315639_/Y (OA211x2_ASAP7_75t_R)
                                         _072260_ (net)
                  9.24    0.04 3946.21 v _315641_/A2 (OA211x2_ASAP7_75t_R)
     2    1.54   15.73   23.53 3969.74 v _315641_/Y (OA211x2_ASAP7_75t_R)
                                         _072262_ (net)
                 15.73    0.10 3969.85 v _315643_/C (OR3x1_ASAP7_75t_R)
     2    1.49   13.19   24.28 3994.13 v _315643_/Y (OR3x1_ASAP7_75t_R)
                                         _072264_ (net)
                 13.19    0.05 3994.18 v _315699_/B (OR2x2_ASAP7_75t_R)
     2    1.49    8.17   18.72 4012.90 v _315699_/Y (OR2x2_ASAP7_75t_R)
                                         _072320_ (net)
                  8.18    0.13 4013.04 v _315701_/C (OA211x2_ASAP7_75t_R)
     1    0.94    9.79   27.08 4040.12 v _315701_/Y (OA211x2_ASAP7_75t_R)
                                         _072322_ (net)
                  9.80    0.11 4040.23 v _315702_/A2 (OA21x2_ASAP7_75t_R)
     2    2.16   12.85   19.28 4059.51 v _315702_/Y (OA21x2_ASAP7_75t_R)
                                         _072323_ (net)
                 12.91    0.43 4059.94 v _315703_/B (AND2x2_ASAP7_75t_R)
     1    1.19    6.69   16.09 4076.03 v _315703_/Y (AND2x2_ASAP7_75t_R)
                                         _072324_ (net)
                  6.69    0.07 4076.10 v _315704_/C (MAJx2_ASAP7_75t_R)
     1    1.24    8.64   19.54 4095.64 v _315704_/Y (MAJx2_ASAP7_75t_R)
                                         _072325_ (net)
                  8.65    0.13 4095.77 v _315705_/C (MAJx2_ASAP7_75t_R)
     1    1.27    8.37   20.13 4115.90 v _315705_/Y (MAJx2_ASAP7_75t_R)
                                         _072326_ (net)
                  8.38    0.14 4116.03 v _315706_/C (MAJx2_ASAP7_75t_R)
     1    1.86   10.20   21.00 4137.03 v _315706_/Y (MAJx2_ASAP7_75t_R)
                                         _072327_ (net)
                 10.25    0.39 4137.43 v _315707_/C (MAJx2_ASAP7_75t_R)
     1    1.45    8.86   20.85 4158.28 v _315707_/Y (MAJx2_ASAP7_75t_R)
                                         _072328_ (net)
                  8.88    0.20 4158.48 v _315708_/C (MAJx2_ASAP7_75t_R)
     1    1.27    8.33   20.19 4178.66 v _315708_/Y (MAJx2_ASAP7_75t_R)
                                         _072329_ (net)
                  8.34    0.13 4178.79 v _315709_/C (MAJx2_ASAP7_75t_R)
     1    1.36    8.57   20.19 4198.99 v _315709_/Y (MAJx2_ASAP7_75t_R)
                                         _072330_ (net)
                  8.59    0.17 4199.15 v _315710_/C (MAJx2_ASAP7_75t_R)
     1    1.25    8.19   20.08 4219.24 v _315710_/Y (MAJx2_ASAP7_75t_R)
                                         _072331_ (net)
                  8.20    0.09 4219.33 v _315711_/C (MAJx2_ASAP7_75t_R)
     1    1.24    8.25   19.96 4239.28 v _315711_/Y (MAJx2_ASAP7_75t_R)
                                         _072332_ (net)
                  8.26    0.13 4239.41 v _315712_/C (MAJx2_ASAP7_75t_R)
     1    0.78    7.09   19.19 4258.60 v _315712_/Y (MAJx2_ASAP7_75t_R)
                                         _072333_ (net)
                  7.10    0.04 4258.64 v _315713_/A (INVx1_ASAP7_75t_R)
     1    1.25    9.77    7.20 4265.85 ^ _315713_/Y (INVx1_ASAP7_75t_R)
                                         _072334_ (net)
                  9.77    0.13 4265.98 ^ _315714_/C (MAJx2_ASAP7_75t_R)
     2    2.20   11.55   19.50 4285.47 ^ _315714_/Y (MAJx2_ASAP7_75t_R)
                                         _072335_ (net)
                 11.56    0.20 4285.67 ^ _315735_/A (NAND3x1_ASAP7_75t_R)
     1    0.65    9.01    6.52 4292.19 v _315735_/Y (NAND3x1_ASAP7_75t_R)
                                         _072356_ (net)
                  9.01    0.07 4292.25 v _315737_/B (OA211x2_ASAP7_75t_R)
     5    4.08   18.35   31.45 4323.70 v _315737_/Y (OA211x2_ASAP7_75t_R)
                                         _072358_ (net)
                 18.37    0.33 4324.03 v _315738_/B (OR2x2_ASAP7_75t_R)
     2    1.53    8.36   20.36 4344.39 v _315738_/Y (OR2x2_ASAP7_75t_R)
                                         _072359_ (net)
                  8.37    0.15 4344.54 v _315800_/B (AND2x2_ASAP7_75t_R)
     1    0.84    5.75   14.09 4358.62 v _315800_/Y (AND2x2_ASAP7_75t_R)
                                         _072421_ (net)
                  5.76    0.09 4358.71 v _315801_/B (AO21x1_ASAP7_75t_R)
     2    1.96   13.46   18.59 4377.30 v _315801_/Y (AO21x1_ASAP7_75t_R)
                                         _072422_ (net)
                 13.48    0.20 4377.51 v _315817_/C (AND3x1_ASAP7_75t_R)
     1    1.23   11.74   15.45 4392.96 v _315817_/Y (AND3x1_ASAP7_75t_R)
                                         _072438_ (net)
                 11.74    0.08 4393.04 v _315818_/C (MAJx2_ASAP7_75t_R)
     1    1.41    8.73   21.14 4414.19 v _315818_/Y (MAJx2_ASAP7_75t_R)
                                         _072439_ (net)
                  8.74    0.19 4414.37 v _315819_/C (MAJx2_ASAP7_75t_R)
     1    1.65    9.53   20.78 4435.16 v _315819_/Y (MAJx2_ASAP7_75t_R)
                                         _072440_ (net)
                  9.55    0.24 4435.40 v _315820_/C (MAJx2_ASAP7_75t_R)
     1    1.37    8.61   20.54 4455.94 v _315820_/Y (MAJx2_ASAP7_75t_R)
                                         _072441_ (net)
                  8.62    0.17 4456.11 v _315821_/C (MAJx2_ASAP7_75t_R)
     1    1.27    8.37   20.11 4476.22 v _315821_/Y (MAJx2_ASAP7_75t_R)
                                         _072442_ (net)
                  8.37    0.14 4476.36 v _315822_/C (MAJx2_ASAP7_75t_R)
     1    1.55    9.15   20.51 4496.87 v _315822_/Y (MAJx2_ASAP7_75t_R)
                                         _072443_ (net)
                  9.18    0.24 4497.11 v _315823_/C (MAJx2_ASAP7_75t_R)
     1    1.31    8.39   20.33 4517.44 v _315823_/Y (MAJx2_ASAP7_75t_R)
                                         _072444_ (net)
                  8.41    0.15 4517.59 v _315824_/C (MAJx2_ASAP7_75t_R)
     1    1.24    8.20   20.01 4537.60 v _315824_/Y (MAJx2_ASAP7_75t_R)
                                         _072445_ (net)
                  8.21    0.13 4537.73 v _315825_/C (MAJx2_ASAP7_75t_R)
     1    1.36    8.51   20.16 4557.89 v _315825_/Y (MAJx2_ASAP7_75t_R)
                                         _072446_ (net)
                  8.52    0.13 4558.01 v _315826_/C (MAJx2_ASAP7_75t_R)
     1    1.26    8.25   20.07 4578.08 v _315826_/Y (MAJx2_ASAP7_75t_R)
                                         _072447_ (net)
                  8.26    0.13 4578.22 v _315827_/C (MAJx2_ASAP7_75t_R)
     1    1.01    7.59   19.60 4597.81 v _315827_/Y (MAJx2_ASAP7_75t_R)
                                         _072448_ (net)
                  7.59    0.06 4597.87 v _315828_/B (XNOR2x2_ASAP7_75t_R)
     1    1.52    9.10   21.10 4618.97 ^ _315828_/Y (XNOR2x2_ASAP7_75t_R)
                                         _072449_ (net)
                  9.11    0.19 4619.16 ^ _315830_/A2 (OAI21x1_ASAP7_75t_R)
     2    1.92   18.07    9.35 4628.51 v _315830_/Y (OAI21x1_ASAP7_75t_R)
                                         _072451_ (net)
                 18.08    0.20 4628.71 v _315832_/D (AND4x1_ASAP7_75t_R)
     2    1.71   12.95   18.71 4647.43 v _315832_/Y (AND4x1_ASAP7_75t_R)
                                         _072453_ (net)
                 12.96    0.21 4647.63 v _315885_/A2 (OA21x2_ASAP7_75t_R)
     1    0.81    6.47   18.10 4665.73 v _315885_/Y (OA21x2_ASAP7_75t_R)
                                         _072506_ (net)
                  6.47    0.08 4665.81 v _315886_/B (AO21x1_ASAP7_75t_R)
     1    0.69    7.03   15.19 4681.01 v _315886_/Y (AO21x1_ASAP7_75t_R)
                                         _072507_ (net)
                  7.03    0.07 4681.07 v _315887_/B1 (AO32x1_ASAP7_75t_R)
     2    2.59   20.50   26.41 4707.48 v _315887_/Y (AO32x1_ASAP7_75t_R)
                                         _072508_ (net)
                 20.57    0.62 4708.10 v _315892_/B (AND2x2_ASAP7_75t_R)
     1    1.24    6.87   18.55 4726.65 v _315892_/Y (AND2x2_ASAP7_75t_R)
                                         _072513_ (net)
                  6.87    0.12 4726.78 v _315893_/C (MAJx2_ASAP7_75t_R)
     1    1.12    7.83   19.40 4746.18 v _315893_/Y (MAJx2_ASAP7_75t_R)
                                         _072514_ (net)
                  7.83    0.05 4746.23 v _315894_/C (MAJx2_ASAP7_75t_R)
     1    1.23    8.25   19.84 4766.07 v _315894_/Y (MAJx2_ASAP7_75t_R)
                                         _072515_ (net)
                  8.26    0.12 4766.19 v _315895_/C (MAJx2_ASAP7_75t_R)
     1    1.14    7.90   19.81 4786.01 v _315895_/Y (MAJx2_ASAP7_75t_R)
                                         _072516_ (net)
                  7.90    0.06 4786.06 v _315896_/C (MAJx2_ASAP7_75t_R)
     1    1.21    8.13   19.83 4805.89 v _315896_/Y (MAJx2_ASAP7_75t_R)
                                         _072517_ (net)
                  8.14    0.12 4806.01 v _315897_/C (MAJx2_ASAP7_75t_R)
     1    1.29    8.33   20.03 4826.04 v _315897_/Y (MAJx2_ASAP7_75t_R)
                                         _072518_ (net)
                  8.33    0.10 4826.14 v _315898_/C (MAJx2_ASAP7_75t_R)
     1    1.28    8.42   20.07 4846.21 v _315898_/Y (MAJx2_ASAP7_75t_R)
                                         _072519_ (net)
                  8.42    0.10 4846.31 v _315899_/C (MAJx2_ASAP7_75t_R)
     1    1.25    8.21   20.05 4866.36 v _315899_/Y (MAJx2_ASAP7_75t_R)
                                         _072520_ (net)
                  8.21    0.09 4866.45 v _315900_/C (MAJx2_ASAP7_75t_R)
     1    1.22    8.11   19.94 4886.39 v _315900_/Y (MAJx2_ASAP7_75t_R)
                                         _072521_ (net)
                  8.12    0.08 4886.47 v _315901_/C (MAJx2_ASAP7_75t_R)
     2    2.61   11.92   22.28 4908.75 v _315901_/Y (MAJx2_ASAP7_75t_R)
                                         _072522_ (net)
                 11.93    0.23 4908.98 v _315908_/C (MAJx2_ASAP7_75t_R)
     1    0.69    6.83   19.98 4928.96 v _315908_/Y (MAJx2_ASAP7_75t_R)
                                         _072529_ (net)
                  6.83    0.04 4929.00 v _315909_/B (AND2x2_ASAP7_75t_R)
     1    0.70    5.42   13.37 4942.37 v _315909_/Y (AND2x2_ASAP7_75t_R)
                                         _072530_ (net)
                  5.42    0.03 4942.40 v _315910_/D (OR4x1_ASAP7_75t_R)
     4    3.39   25.20   34.40 4976.81 v _315910_/Y (OR4x1_ASAP7_75t_R)
                                         _072531_ (net)
                 25.21    0.17 4976.97 v _315911_/B (AND2x2_ASAP7_75t_R)
     6    4.82   16.74   24.45 5001.42 v _315911_/Y (AND2x2_ASAP7_75t_R)
                                         _072532_ (net)
                 16.89    0.88 5002.30 v _315960_/A2 (AO32x1_ASAP7_75t_R)
     2    2.05   15.75   27.00 5029.30 v _315960_/Y (AO32x1_ASAP7_75t_R)
                                         _072581_ (net)
                 15.77    0.33 5029.63 v _315964_/B (AND2x2_ASAP7_75t_R)
     1    1.17    6.67   16.97 5046.60 v _315964_/Y (AND2x2_ASAP7_75t_R)
                                         _072585_ (net)
                  6.67    0.06 5046.67 v _315965_/C (MAJx2_ASAP7_75t_R)
     1    1.28    8.39   19.60 5066.27 v _315965_/Y (MAJx2_ASAP7_75t_R)
                                         _072586_ (net)
                  8.40    0.14 5066.41 v _315966_/C (MAJx2_ASAP7_75t_R)
     1    1.22    8.80   19.98 5086.39 v _315966_/Y (MAJx2_ASAP7_75t_R)
                                         _072587_ (net)
                  8.80    0.08 5086.47 v _315967_/C (MAJx2_ASAP7_75t_R)
     1    1.27    9.07   20.17 5106.63 v _315967_/Y (MAJx2_ASAP7_75t_R)
                                         _072588_ (net)
                  9.08    0.14 5106.77 v _315968_/C (MAJx2_ASAP7_75t_R)
     1    1.16    8.24   20.06 5126.83 v _315968_/Y (MAJx2_ASAP7_75t_R)
                                         _072589_ (net)
                  8.24    0.06 5126.89 v _315969_/C (MAJx2_ASAP7_75t_R)
     1    1.42    9.57   20.26 5147.15 v _315969_/Y (MAJx2_ASAP7_75t_R)
                                         _072590_ (net)
                  9.58    0.19 5147.34 v _315970_/C (MAJx2_ASAP7_75t_R)
     1    1.31    8.39   20.44 5167.78 v _315970_/Y (MAJx2_ASAP7_75t_R)
                                         _072591_ (net)
                  8.40    0.15 5167.93 v _315971_/C (MAJx2_ASAP7_75t_R)
     1    1.39    8.69   20.25 5188.18 v _315971_/Y (MAJx2_ASAP7_75t_R)
                                         _072592_ (net)
                  8.70    0.18 5188.35 v _315972_/C (MAJx2_ASAP7_75t_R)
     1    0.95    7.43   19.59 5207.95 v _315972_/Y (MAJx2_ASAP7_75t_R)
                                         _072593_ (net)
                  7.43    0.11 5208.05 v _315973_/A (INVx1_ASAP7_75t_R)
     1    1.30   10.12    7.45 5215.50 ^ _315973_/Y (INVx1_ASAP7_75t_R)
                                         _072594_ (net)
                 10.13    0.15 5215.65 ^ _315974_/C (MAJx2_ASAP7_75t_R)
     1    0.81    7.15   17.14 5232.79 ^ _315974_/Y (MAJx2_ASAP7_75t_R)
                                         _072595_ (net)
                  7.15    0.05 5232.84 ^ _315975_/A (INVx1_ASAP7_75t_R)
     2    1.88   11.43    8.05 5240.89 v _315975_/Y (INVx1_ASAP7_75t_R)
                                         _072596_ (net)
                 11.43    0.08 5240.97 v _315976_/B (AO21x1_ASAP7_75t_R)
     1    1.31   10.08   18.15 5259.12 v _315976_/Y (AO21x1_ASAP7_75t_R)
                                         _072597_ (net)
                 10.09    0.11 5259.23 v _315977_/C (MAJx2_ASAP7_75t_R)
     1    0.77    7.01   19.66 5278.89 v _315977_/Y (MAJx2_ASAP7_75t_R)
                                         _072598_ (net)
                  7.01    0.05 5278.94 v _315980_/A2 (AO21x1_ASAP7_75t_R)
     2    1.54   11.15   16.45 5295.39 v _315980_/Y (AO21x1_ASAP7_75t_R)
                                         _072601_ (net)
                 11.16    0.11 5295.50 v _315984_/B (AND2x2_ASAP7_75t_R)
     2    1.67    7.91   16.24 5311.74 v _315984_/Y (AND2x2_ASAP7_75t_R)
                                         _072605_ (net)
                  7.93    0.18 5311.92 v _316013_/A2 (OA21x2_ASAP7_75t_R)
     2    1.48    8.19   17.74 5329.65 v _316013_/Y (OA21x2_ASAP7_75t_R)
                                         _072634_ (net)
                  8.20    0.15 5329.80 v _316014_/C (OR3x1_ASAP7_75t_R)
     1    0.71    8.34   20.25 5350.06 v _316014_/Y (OR3x1_ASAP7_75t_R)
                                         _072635_ (net)
                  8.35    0.07 5350.13 v _316015_/B1 (AO32x1_ASAP7_75t_R)
     1    0.83    9.13   21.67 5371.80 v _316015_/Y (AO32x1_ASAP7_75t_R)
                                         _072636_ (net)
                  9.14    0.08 5371.87 v _316016_/A3 (AO32x1_ASAP7_75t_R)
     2    2.96   21.18   29.34 5401.21 v _316016_/Y (AO32x1_ASAP7_75t_R)
                                         _072637_ (net)
                 21.23    0.59 5401.80 v _316052_/B (MAJx2_ASAP7_75t_R)
     1    1.44    8.79   25.16 5426.96 v _316052_/Y (MAJx2_ASAP7_75t_R)
                                         _072673_ (net)
                  8.81    0.20 5427.16 v _316053_/C (MAJx2_ASAP7_75t_R)
     1    1.40    8.68   20.39 5447.55 v _316053_/Y (MAJx2_ASAP7_75t_R)
                                         _072674_ (net)
                  8.70    0.18 5447.74 v _316054_/C (MAJx2_ASAP7_75t_R)
     1    1.23    8.17   20.08 5467.81 v _316054_/Y (MAJx2_ASAP7_75t_R)
                                         _072675_ (net)
                  8.18    0.12 5467.93 v _316055_/C (MAJx2_ASAP7_75t_R)
     1    1.41    8.71   20.23 5488.17 v _316055_/Y (MAJx2_ASAP7_75t_R)
                                         _072676_ (net)
                  8.72    0.19 5488.35 v _316056_/B (NAND2x1_ASAP7_75t_R)
     1    1.74   16.89   10.23 5498.58 ^ _316056_/Y (NAND2x1_ASAP7_75t_R)
                                         _072677_ (net)
                 16.90    0.25 5498.84 ^ _316060_/A2 (AOI22x1_ASAP7_75t_R)
     1    1.27   14.72   10.32 5509.16 v _316060_/Y (AOI22x1_ASAP7_75t_R)
                                         _072681_ (net)
                 14.72    0.14 5509.30 v _316061_/C (MAJx2_ASAP7_75t_R)
     1    1.33    8.48   21.75 5531.05 v _316061_/Y (MAJx2_ASAP7_75t_R)
                                         _072682_ (net)
                  8.49    0.16 5531.21 v _316062_/C (MAJx2_ASAP7_75t_R)
     2    2.32   11.34   21.88 5553.09 v _316062_/Y (MAJx2_ASAP7_75t_R)
                                         _072683_ (net)
                 11.35    0.21 5553.30 v _316063_/C (MAJx2_ASAP7_75t_R)
     1    0.70    6.81   19.84 5573.14 v _316063_/Y (MAJx2_ASAP7_75t_R)
                                         _072684_ (net)
                  6.81    0.04 5573.18 v _316068_/B (OR3x1_ASAP7_75t_R)
     1    1.55   12.80   22.43 5595.60 v _316068_/Y (OR3x1_ASAP7_75t_R)
                                         _072689_ (net)
                 12.81    0.13 5595.73 v _316071_/B (NAND3x1_ASAP7_75t_R)
     2    2.33   23.57   16.18 5611.91 ^ _316071_/Y (NAND3x1_ASAP7_75t_R)
                                         _072692_ (net)
                 23.59    0.34 5612.24 ^ _316079_/A2 (OAI21x1_ASAP7_75t_R)
     2    1.65   15.56   11.00 5623.24 v _316079_/Y (OAI21x1_ASAP7_75t_R)
                                         _072700_ (net)
                 15.56    0.10 5623.33 v _316082_/A1 (AO21x1_ASAP7_75t_R)
     2    1.88   13.44   20.60 5643.93 v _316082_/Y (AO21x1_ASAP7_75t_R)
                                         _072703_ (net)
                 13.46    0.28 5644.21 v _316087_/B1 (AO32x1_ASAP7_75t_R)
     2    2.15   15.93   27.09 5671.31 v _316087_/Y (AO32x1_ASAP7_75t_R)
                                         _072708_ (net)
                 15.97    0.43 5671.74 v _316124_/B (AND2x2_ASAP7_75t_R)
     1    1.24    6.71   17.14 5688.88 v _316124_/Y (AND2x2_ASAP7_75t_R)
                                         _072745_ (net)
                  6.72    0.09 5688.97 v _316125_/C (MAJx2_ASAP7_75t_R)
     1    1.19    8.02   19.48 5708.44 v _316125_/Y (MAJx2_ASAP7_75t_R)
                                         _072746_ (net)
                  8.03    0.07 5708.51 v _316126_/C (MAJx2_ASAP7_75t_R)
     1    1.59    9.25   20.48 5728.99 v _316126_/Y (MAJx2_ASAP7_75t_R)
                                         _072747_ (net)
                  9.28    0.26 5729.25 v _316127_/C (MAJx2_ASAP7_75t_R)
     1    1.70    9.61   21.00 5750.25 v _316127_/Y (MAJx2_ASAP7_75t_R)
                                         _072748_ (net)
                  9.64    0.30 5750.56 v _316128_/C (MAJx2_ASAP7_75t_R)
     1    1.25    8.23   20.36 5770.92 v _316128_/Y (MAJx2_ASAP7_75t_R)
                                         _072749_ (net)
                  8.24    0.13 5771.04 v _316129_/C (MAJx2_ASAP7_75t_R)
     1    1.32    8.40   20.10 5791.15 v _316129_/Y (MAJx2_ASAP7_75t_R)
                                         _072750_ (net)
                  8.40    0.11 5791.26 v _316130_/C (MAJx2_ASAP7_75t_R)
     1    1.32    8.41   20.15 5811.41 v _316130_/Y (MAJx2_ASAP7_75t_R)
                                         _072751_ (net)
                  8.41    0.11 5811.53 v _316131_/C (MAJx2_ASAP7_75t_R)
     1    1.29    8.33   20.09 5831.62 v _316131_/Y (MAJx2_ASAP7_75t_R)
                                         _072752_ (net)
                  8.34    0.14 5831.76 v _316132_/C (MAJx2_ASAP7_75t_R)
     1    1.45    8.96   20.33 5852.09 v _316132_/Y (MAJx2_ASAP7_75t_R)
                                         _072753_ (net)
                  8.98    0.20 5852.29 v _316133_/C (MAJx2_ASAP7_75t_R)
     2    2.25   11.06   21.88 5874.17 v _316133_/Y (MAJx2_ASAP7_75t_R)
                                         _072754_ (net)
                 11.08    0.25 5874.41 v _316134_/B (AO21x1_ASAP7_75t_R)
     1    1.37   10.37   18.23 5892.64 v _316134_/Y (AO21x1_ASAP7_75t_R)
                                         _072755_ (net)
                 10.38    0.17 5892.81 v _316135_/C (MAJx2_ASAP7_75t_R)
     1    0.76    6.96   19.72 5912.53 v _316135_/Y (MAJx2_ASAP7_75t_R)
                                         _072756_ (net)
                  6.96    0.05 5912.58 v _316144_/A1 (AO21x1_ASAP7_75t_R)
     2    1.70   12.02   17.63 5930.21 v _316144_/Y (AO21x1_ASAP7_75t_R)
                                         _072765_ (net)
                 12.03    0.16 5930.38 v _316347_/A2 (AO21x1_ASAP7_75t_R)
     2    1.79   12.66   18.42 5948.80 v _316347_/Y (AO21x1_ASAP7_75t_R)
                                         _072968_ (net)
                 12.67    0.19 5948.99 v _316364_/A2 (AO21x1_ASAP7_75t_R)
     4    3.60   21.87   22.95 5971.94 v _316364_/Y (AO21x1_ASAP7_75t_R)
                                         _072985_ (net)
                 21.92    0.66 5972.59 v _316394_/B1 (AO32x1_ASAP7_75t_R)
     2    2.46   17.60   30.49 6003.08 v _316394_/Y (AO32x1_ASAP7_75t_R)
                                         _073015_ (net)
                 17.65    0.55 6003.63 v _316395_/B (AND2x2_ASAP7_75t_R)
     1    1.38    7.22   17.87 6021.50 v _316395_/Y (AND2x2_ASAP7_75t_R)
                                         _073016_ (net)
                  7.24    0.18 6021.68 v _316396_/C (MAJx2_ASAP7_75t_R)
     1    1.32    8.40   19.83 6041.51 v _316396_/Y (MAJx2_ASAP7_75t_R)
                                         _073017_ (net)
                  8.41    0.11 6041.63 v _316397_/C (MAJx2_ASAP7_75t_R)
     1    1.30    8.39   20.12 6061.74 v _316397_/Y (MAJx2_ASAP7_75t_R)
                                         _073018_ (net)
                  8.40    0.15 6061.89 v _316398_/C (MAJx2_ASAP7_75t_R)
     1    1.40    8.69   20.28 6082.17 v _316398_/Y (MAJx2_ASAP7_75t_R)
                                         _073019_ (net)
                  8.70    0.19 6082.35 v _316399_/C (MAJx2_ASAP7_75t_R)
     1    1.53    9.08   20.57 6102.92 v _316399_/Y (MAJx2_ASAP7_75t_R)
                                         _073020_ (net)
                  9.10    0.24 6103.15 v _316400_/C (MAJx2_ASAP7_75t_R)
     1    1.39    8.66   20.45 6123.61 v _316400_/Y (MAJx2_ASAP7_75t_R)
                                         _073021_ (net)
                  8.68    0.18 6123.79 v _316401_/C (MAJx2_ASAP7_75t_R)
     1    1.30    8.35   20.19 6143.98 v _316401_/Y (MAJx2_ASAP7_75t_R)
                                         _073022_ (net)
                  8.36    0.11 6144.09 v _316402_/C (MAJx2_ASAP7_75t_R)
     1    1.37    8.65   20.21 6164.30 v _316402_/Y (MAJx2_ASAP7_75t_R)
                                         _073023_ (net)
                  8.66    0.17 6164.47 v _316403_/C (MAJx2_ASAP7_75t_R)
     1    1.32    8.43   20.20 6184.68 v _316403_/Y (MAJx2_ASAP7_75t_R)
                                         _073024_ (net)
                  8.44    0.15 6184.83 v _316404_/C (MAJx2_ASAP7_75t_R)
     2    2.10   10.68   21.48 6206.31 v _316404_/Y (MAJx2_ASAP7_75t_R)
                                         _073025_ (net)
                 10.70    0.22 6206.53 v _316424_/C (MAJx2_ASAP7_75t_R)
     1    1.06    7.69   20.31 6226.84 v _316424_/Y (MAJx2_ASAP7_75t_R)
                                         _073045_ (net)
                  7.69    0.06 6226.90 v _316425_/B (AOI211x1_ASAP7_75t_R)
     1    1.30   18.84   12.17 6239.07 ^ _316425_/Y (AOI211x1_ASAP7_75t_R)
                                         _073046_ (net)
                 18.84    0.17 6239.24 ^ _316431_/B (AOI211x1_ASAP7_75t_R)
     2    2.91   35.92   15.90 6255.14 v _316431_/Y (AOI211x1_ASAP7_75t_R)
                                         _073052_ (net)
                 35.98    0.89 6256.03 v _316514_/A (OR4x1_ASAP7_75t_R)
     1    0.87   11.02   29.94 6285.97 v _316514_/Y (OR4x1_ASAP7_75t_R)
                                         _073135_ (net)
                 11.02    0.09 6286.06 v _316515_/A (INVx1_ASAP7_75t_R)
     1    0.75    7.84    6.91 6292.97 ^ _316515_/Y (INVx1_ASAP7_75t_R)
                                         _073136_ (net)
                  7.84    0.04 6293.01 ^ _316517_/A2 (OA21x2_ASAP7_75t_R)
     2    3.71   18.51   19.27 6312.28 ^ _316517_/Y (OA21x2_ASAP7_75t_R)
                                         _073138_ (net)
                 18.95    1.52 6313.80 ^ place52799/A (BUFx3_ASAP7_75t_R)
     2    1.86    7.41   16.00 6329.80 ^ place52799/Y (BUFx3_ASAP7_75t_R)
                                         net52357 (net)
                  7.41    0.09 6329.90 ^ _316541_/A (NOR2x1_ASAP7_75t_R)
     2    1.71   12.89   10.08 6339.98 v _316541_/Y (NOR2x1_ASAP7_75t_R)
                                         _073162_ (net)
                 12.89    0.13 6340.11 v _316542_/D (OR4x1_ASAP7_75t_R)
     2    5.40   36.97   39.67 6379.77 v _316542_/Y (OR4x1_ASAP7_75t_R)
                                         _073163_ (net)
                 37.96    3.32 6383.09 v _321045_/A (INVx1_ASAP7_75t_R)
     1    2.21   23.02   17.94 6401.03 ^ _321045_/Y (INVx1_ASAP7_75t_R)
                                         _077491_ (net)
                 23.04    0.49 6401.52 ^ place52719/A (BUFx6f_ASAP7_75t_R)
     5   13.74   19.36   17.18 6418.71 ^ place52719/Y (BUFx6f_ASAP7_75t_R)
                                         net52277 (net)
                 34.42    9.27 6427.98 ^ place52717/A (BUFx6f_ASAP7_75t_R)
     9    7.34   12.26   19.80 6447.77 ^ place52717/Y (BUFx6f_ASAP7_75t_R)
                                         net52275 (net)
                 13.12    1.72 6449.49 ^ _321062_/A3 (AO32x1_ASAP7_75t_R)
     1    5.10   39.22   30.27 6479.76 ^ _321062_/Y (AO32x1_ASAP7_75t_R)
                                         u_lsu.dmem_req_addr[13] (net)
                 40.00    3.05 6482.81 ^ place52661/A (BUFx6f_ASAP7_75t_R)
     1    3.64    8.31   18.92 6501.73 ^ place52661/Y (BUFx6f_ASAP7_75t_R)
                                         net52219 (net)
                  9.54    1.62 6503.35 ^ output141/A (BUFx2_ASAP7_75t_R)
     1    4.81   18.59   18.63 6521.98 ^ output141/Y (BUFx2_ASAP7_75t_R)
                                         dmem_req_addr[13] (net)
                 19.01    1.54 6523.52 ^ dmem_req_addr[13] (out)
                               6523.52   data arrival time

                       1000.00 1000.00   clock core_clk (rise edge)
                          0.00 1000.00   clock network delay (propagated)
                        -50.00  950.00   clock uncertainty
                          0.00  950.00   clock reconvergence pessimism
                       -200.00  750.00   output external delay
                                750.00   data required time
-----------------------------------------------------------------------------
                                750.00   data required time
                               -6523.52   data arrival time
-----------------------------------------------------------------------------
                               -5773.52   slack (VIOLATED)


Startpoint: dmem_rsp_valid (input port clocked by core_clk)
Endpoint: _388327_ (rising edge-triggered flip-flop clocked by core_clk)
Path Group: in2reg
Path Type: max

Fanout     Cap    Slew   Delay    Time   Description
-----------------------------------------------------------------------------
                          0.00    0.00   clock core_clk (rise edge)
                          0.00    0.00   clock network delay (propagated)
                        200.00  200.00 ^ input external delay
     1   13.64   20.00    0.00  200.00 ^ dmem_rsp_valid (in)
                                         dmem_rsp_valid (net)
                 43.14    7.30  207.30 ^ input66/A (BUFx2_ASAP7_75t_R)
     2   10.17   36.76   31.91  239.20 ^ input66/Y (BUFx2_ASAP7_75t_R)
                                         net66 (net)
                 37.86    3.48  242.68 ^ _196676_/A (INVx11_ASAP7_75t_R)
     2    1.67    7.93    6.20  248.88 v _196676_/Y (INVx11_ASAP7_75t_R)
                                         _132950_ (net)
                  7.93    0.07  248.95 v _196677_/B (OR3x2_ASAP7_75t_R)
     7   15.74   52.50   39.33  288.28 v _196677_/Y (OR3x2_ASAP7_75t_R)
                                         _132951_ (net)
                 63.04   12.18  300.46 v _196851_/B (OA21x2_ASAP7_75t_R)
     2    1.82   10.13   25.97  326.42 v _196851_/Y (OA21x2_ASAP7_75t_R)
                                         _133125_ (net)
                 10.14    0.12  326.54 v _198207_/B (AO21x1_ASAP7_75t_R)
     2    1.69   12.89   18.93  345.47 v _198207_/Y (AO21x1_ASAP7_75t_R)
                                         _134481_ (net)
                 12.89    0.11  345.57 v _211352_/B (OR3x1_ASAP7_75t_R)
     2    2.57   18.04   26.67  372.24 v _211352_/Y (OR3x1_ASAP7_75t_R)
                                         _147593_ (net)
                 18.06    0.26  372.50 v place86899/A (BUFx3_ASAP7_75t_R)
     2    1.56    6.35   16.35  388.85 v place86899/Y (BUFx3_ASAP7_75t_R)
                                         net86457 (net)
                  6.37    0.19  389.04 v _211391_/B1 (AO222x2_ASAP7_75t_R)
     1    1.17   10.38   29.21  418.26 v _211391_/Y (AO222x2_ASAP7_75t_R)
                                         _147632_ (net)
                 10.39    0.17  418.43 v _211392_/A (OR4x1_ASAP7_75t_R)
     1    1.55   14.39   26.05  444.48 v _211392_/Y (OR4x1_ASAP7_75t_R)
                                         _147633_ (net)
                 14.40    0.13  444.61 v place84656/A (BUFx6f_ASAP7_75t_R)
     5   10.38   14.29   16.63  461.23 v place84656/Y (BUFx6f_ASAP7_75t_R)
                                         net84214 (net)
                 20.73    4.97  466.21 v _211893_/B (OR3x1_ASAP7_75t_R)
     3    3.86   24.69   31.72  497.93 v _211893_/Y (OR3x1_ASAP7_75t_R)
                                         _148134_ (net)
                 24.72    0.58  498.51 v _212512_/B (OR2x2_ASAP7_75t_R)
     2   13.96   44.40   33.29  531.80 v _212512_/Y (OR2x2_ASAP7_75t_R)
                                         _148753_ (net)
                 53.71   10.57  542.37 v _212545_/A (AND5x1_ASAP7_75t_R)
     1   12.93   73.02   50.35  592.72 v _212545_/Y (AND5x1_ASAP7_75t_R)
                                         _148786_ (net)
                 75.18    6.91  599.63 v _212546_/B2 (AO22x1_ASAP7_75t_R)
     2    3.25   22.43   39.37  639.00 v _212546_/Y (AO22x1_ASAP7_75t_R)
                                         _148787_ (net)
                 22.65    1.23  640.23 v _212547_/D (AND4x1_ASAP7_75t_R)
     2    1.65   11.18   19.74  659.97 v _212547_/Y (AND4x1_ASAP7_75t_R)
                                         _148788_ (net)
                 11.19    0.19  660.16 v _213111_/A (AND3x2_ASAP7_75t_R)
     2   10.64   32.65   23.27  683.43 v _213111_/Y (AND3x2_ASAP7_75t_R)
                                         _149352_ (net)
                 35.91    5.43  688.86 v _217083_/B (AND3x4_ASAP7_75t_R)
    11   11.02   22.28   32.13  720.98 v _217083_/Y (AND3x4_ASAP7_75t_R)
                                         _153324_ (net)
                 27.02    5.28  726.26 v place79705/A (BUFx3_ASAP7_75t_R)
     2    2.25    7.83   19.37  745.63 v place79705/Y (BUFx3_ASAP7_75t_R)
                                         net79263 (net)
                  7.84    0.11  745.74 v place79704/A (BUFx6f_ASAP7_75t_R)
    13   15.62   18.46   17.54  763.28 v place79704/Y (BUFx6f_ASAP7_75t_R)
                                         net79262 (net)
                 18.91    1.62  764.90 v _217117_/A (OR2x2_ASAP7_75t_R)
     2    1.72    9.98   20.20  785.10 v _217117_/Y (OR2x2_ASAP7_75t_R)
                                         _153358_ (net)
                  9.99    0.17  785.27 v _217215_/A (OR3x1_ASAP7_75t_R)
     2    1.91   14.79   23.07  808.34 v _217215_/Y (OR3x1_ASAP7_75t_R)
                                         _153456_ (net)
                 14.79    0.19  808.53 v _217218_/A2 (AOI211x1_ASAP7_75t_R)
     2    2.07   27.88   16.41  824.94 ^ _217218_/Y (AOI211x1_ASAP7_75t_R)
                                         _153459_ (net)
                 27.89    0.13  825.07 ^ _217219_/A2 (OAI21x1_ASAP7_75t_R)
     2    1.63   24.54   11.43  836.51 v _217219_/Y (OAI21x1_ASAP7_75t_R)
                                         _153460_ (net)
                 24.54    0.21  836.72 v _217238_/A2 (AO32x1_ASAP7_75t_R)
     7    7.07   41.21   40.70  877.42 v _217238_/Y (AO32x1_ASAP7_75t_R)
                                         _153479_ (net)
                 41.21    0.30  877.72 v _217273_/B2 (AO221x1_ASAP7_75t_R)
     2    2.45   18.25   34.23  911.95 v _217273_/Y (AO221x1_ASAP7_75t_R)
                                         _153514_ (net)
                 18.28    0.44  912.39 v _217286_/C (MAJx2_ASAP7_75t_R)
     8    7.52   25.61   31.05  943.44 v _217286_/Y (MAJx2_ASAP7_75t_R)
                                         _153527_ (net)
                 25.85    1.38  944.82 v _217359_/A (INVx1_ASAP7_75t_R)
     3    2.06   18.86   14.74  959.56 ^ _217359_/Y (INVx1_ASAP7_75t_R)
                                         _153600_ (net)
                 18.86    0.17  959.73 ^ _217379_/A2 (AO221x1_ASAP7_75t_R)
     1    1.22   12.63   24.13  983.86 ^ _217379_/Y (AO221x1_ASAP7_75t_R)
                                         _153620_ (net)
                 12.64    0.13  983.99 ^ _217380_/E (AND5x2_ASAP7_75t_R)
     3    3.03   16.81   32.58 1016.57 ^ _217380_/Y (AND5x2_ASAP7_75t_R)
                                         _153621_ (net)
                 16.86    0.51 1017.09 ^ _217382_/A (OR3x2_ASAP7_75t_R)
     4    4.03   15.42   18.49 1035.58 ^ _217382_/Y (OR3x2_ASAP7_75t_R)
                                         _153623_ (net)
                 15.46    0.42 1036.00 ^ _217383_/B (OA21x2_ASAP7_75t_R)
     1    1.38    8.53   17.96 1053.96 ^ _217383_/Y (OA21x2_ASAP7_75t_R)
                                         _153624_ (net)
                  8.54    0.15 1054.11 ^ _217384_/B (XNOR2x2_ASAP7_75t_R)
     1    1.22    9.96   24.97 1079.09 v _217384_/Y (XNOR2x2_ASAP7_75t_R)
                                         _153625_ (net)
                  9.97    0.14 1079.23 v _217396_/B (AOI211x1_ASAP7_75t_R)
     2    2.32   27.31   16.57 1095.80 ^ _217396_/Y (AOI211x1_ASAP7_75t_R)
                                         _153637_ (net)
                 27.31    0.25 1096.05 ^ _217397_/B (XOR2x2_ASAP7_75t_R)
     4    3.83   15.69   27.31 1123.37 v _217397_/Y (XOR2x2_ASAP7_75t_R)
                                         _153638_ (net)
                 15.88    0.95 1124.31 v _217485_/A1 (AO21x1_ASAP7_75t_R)
     1    0.73    7.37   17.44 1141.76 v _217485_/Y (AO21x1_ASAP7_75t_R)
                                         _153726_ (net)
                  7.37    0.04 1141.80 v _217488_/A1 (AO21x1_ASAP7_75t_R)
     9    7.46   41.86   31.16 1172.96 v _217488_/Y (AO21x1_ASAP7_75t_R)
                                         _153729_ (net)
                 41.98    1.31 1174.27 v _217532_/A2 (OA211x2_ASAP7_75t_R)
     1    1.35   10.86   32.45 1206.72 v _217532_/Y (OA211x2_ASAP7_75t_R)
                                         _153773_ (net)
                 10.87    0.18 1206.90 v _217533_/A (XOR2x2_ASAP7_75t_R)
     2    2.48   11.33   22.29 1229.19 v _217533_/Y (XOR2x2_ASAP7_75t_R)
                                         _153774_ (net)
                 11.35    0.27 1229.46 v _217545_/C (MAJx2_ASAP7_75t_R)
     2    1.51   11.94   21.24 1250.71 v _217545_/Y (MAJx2_ASAP7_75t_R)
                                         _153786_ (net)
                 11.94    0.10 1250.81 v _217561_/B2 (AO32x1_ASAP7_75t_R)
     1    1.25   12.37   24.74 1275.55 v _217561_/Y (AO32x1_ASAP7_75t_R)
                                         _153802_ (net)
                 12.37    0.13 1275.68 v _217562_/C (MAJx2_ASAP7_75t_R)
     3    2.36   12.32   22.92 1298.60 v _217562_/Y (MAJx2_ASAP7_75t_R)
                                         _153803_ (net)
                 12.35    0.27 1298.87 v _217577_/A2 (OA21x2_ASAP7_75t_R)
     4    4.35   16.27   23.17 1322.04 v _217577_/Y (OA21x2_ASAP7_75t_R)
                                         _153818_ (net)
                 16.36    0.70 1322.74 v place65011/A (BUFx3_ASAP7_75t_R)
     2    2.34    7.60   16.70 1339.44 v place65011/Y (BUFx3_ASAP7_75t_R)
                                         net64569 (net)
                  7.60    0.11 1339.55 v _217612_/A (NOR2x1_ASAP7_75t_R)
     1    1.19   12.35    8.74 1348.29 ^ _217612_/Y (NOR2x1_ASAP7_75t_R)
                                         _153853_ (net)
                 12.35    0.13 1348.41 ^ _217613_/B (XNOR2x2_ASAP7_75t_R)
     4    4.67   19.23   26.77 1375.18 ^ _217613_/Y (XNOR2x2_ASAP7_75t_R)
                                         _153854_ (net)
                 19.29    0.63 1375.81 ^ _217620_/B (NOR2x1_ASAP7_75t_R)
     1    1.27   28.50   10.64 1386.45 v _217620_/Y (NOR2x1_ASAP7_75t_R)
                                         _153861_ (net)
                 28.50    0.07 1386.52 v _217622_/A1 (AOI22x1_ASAP7_75t_R)
     1    1.60   32.29   17.81 1404.33 ^ _217622_/Y (AOI22x1_ASAP7_75t_R)
                                         _153863_ (net)
                 32.29    0.22 1404.56 ^ _217623_/B (AOI21x1_ASAP7_75t_R)
     2    2.55   20.33   15.08 1419.64 v _217623_/Y (AOI21x1_ASAP7_75t_R)
                                         _153864_ (net)
                 20.34    0.32 1419.96 v _217624_/B (MAJx2_ASAP7_75t_R)
     4    3.10   14.24   27.68 1447.65 v _217624_/Y (MAJx2_ASAP7_75t_R)
                                         _153865_ (net)
                 14.26    0.31 1447.96 v _217669_/A3 (AO32x1_ASAP7_75t_R)
     2    1.91   14.66   27.77 1475.73 v _217669_/Y (AO32x1_ASAP7_75t_R)
                                         _153910_ (net)
                 14.67    0.14 1475.86 v _217723_/B (OR3x1_ASAP7_75t_R)
     2    1.92   14.89   25.20 1501.06 v _217723_/Y (OR3x1_ASAP7_75t_R)
                                         _153964_ (net)
                 14.89    0.19 1501.25 v _217732_/C (AO221x1_ASAP7_75t_R)
     1    1.83   16.08   26.81 1528.06 v _217732_/Y (AO221x1_ASAP7_75t_R)
                                         _153973_ (net)
                 16.10    0.27 1528.33 v _217733_/A (NAND3x1_ASAP7_75t_R)
     2    1.65   37.49   13.26 1541.59 ^ _217733_/Y (NAND3x1_ASAP7_75t_R)
                                         _153974_ (net)
                 37.49    0.12 1541.71 ^ _217734_/A (MAJx2_ASAP7_75t_R)
     2    2.43   13.76   26.41 1568.12 ^ _217734_/Y (MAJx2_ASAP7_75t_R)
                                         _153975_ (net)
                 13.77    0.18 1568.30 ^ _217735_/B (MAJx2_ASAP7_75t_R)
     2    2.10   13.57   21.96 1590.26 ^ _217735_/Y (MAJx2_ASAP7_75t_R)
                                         _153976_ (net)
                 13.58    0.15 1590.41 ^ _217740_/C (MAJx2_ASAP7_75t_R)
     3    2.62   15.35   20.94 1611.35 ^ _217740_/Y (MAJx2_ASAP7_75t_R)
                                         _153981_ (net)
                 15.36    0.16 1611.51 ^ _217741_/B1 (AO221x1_ASAP7_75t_R)
     2    2.27   18.84   24.84 1636.34 ^ _217741_/Y (AO221x1_ASAP7_75t_R)
                                         _153982_ (net)
                 18.86    0.30 1636.64 ^ _217755_/A3 (AO31x2_ASAP7_75t_R)
     8    7.35   28.16   26.18 1662.82 ^ _217755_/Y (AO31x2_ASAP7_75t_R)
                                         _153996_ (net)
                 28.37    1.38 1664.20 ^ place63067/A (BUFx3_ASAP7_75t_R)
     1    1.17    6.44   16.98 1681.18 ^ place63067/Y (BUFx3_ASAP7_75t_R)
                                         net62625 (net)
                  6.44    0.07 1681.25 ^ _217797_/A (NOR2x1_ASAP7_75t_R)
     1    0.80   10.43    7.59 1688.84 v _217797_/Y (NOR2x1_ASAP7_75t_R)
                                         _154038_ (net)
                 10.43    0.08 1688.92 v _217804_/A1 (OA21x2_ASAP7_75t_R)
     2    2.31   10.50   19.52 1708.44 v _217804_/Y (OA21x2_ASAP7_75t_R)
                                         _154045_ (net)
                 10.52    0.29 1708.73 v _217805_/B (MAJx2_ASAP7_75t_R)
     3    3.23   17.30   24.99 1733.72 v _217805_/Y (MAJx2_ASAP7_75t_R)
                                         _154046_ (net)
                 17.33    0.35 1734.07 v _217817_/A1 (AO211x2_ASAP7_75t_R)
     1    0.85    6.51   18.01 1752.08 v _217817_/Y (AO211x2_ASAP7_75t_R)
                                         _154058_ (net)
                  6.52    0.08 1752.15 v _217818_/A1 (AO32x2_ASAP7_75t_R)
     4    4.86   22.12   30.12 1782.27 v _217818_/Y (AO32x2_ASAP7_75t_R)
                                         _154059_ (net)
                 22.21    0.77 1783.04 v _217850_/A3 (AO31x2_ASAP7_75t_R)
     4    3.25   11.67   21.37 1804.41 v _217850_/Y (AO31x2_ASAP7_75t_R)
                                         _154091_ (net)
                 11.70    0.31 1804.72 v _217853_/B1 (AOI22x1_ASAP7_75t_R)
     9    8.38   57.31   29.94 1834.66 ^ _217853_/Y (AOI22x1_ASAP7_75t_R)
                                         _154094_ (net)
                 57.39    1.19 1835.85 ^ _217888_/A (AND2x2_ASAP7_75t_R)
     1    1.12    8.35   20.77 1856.62 ^ _217888_/Y (AND2x2_ASAP7_75t_R)
                                         _154129_ (net)
                  8.35    0.06 1856.68 ^ _217889_/B (XNOR2x2_ASAP7_75t_R)
     3    2.47   11.37   27.10 1883.78 v _217889_/Y (XNOR2x2_ASAP7_75t_R)
                                         _154130_ (net)
                 11.39    0.26 1884.04 v _217890_/B (OR2x2_ASAP7_75t_R)
     3    2.40   11.99   19.64 1903.69 v _217890_/Y (OR2x2_ASAP7_75t_R)
                                         _154131_ (net)
                 12.01    0.24 1903.93 v _217897_/A1 (AO21x1_ASAP7_75t_R)
     2    1.74   12.27   19.20 1923.12 v _217897_/Y (AO21x1_ASAP7_75t_R)
                                         _154138_ (net)
                 12.29    0.23 1923.36 v _217898_/B (AND2x2_ASAP7_75t_R)
     2    1.59    7.71   16.47 1939.83 v _217898_/Y (AND2x2_ASAP7_75t_R)
                                         _154139_ (net)
                  7.73    0.19 1940.02 v _217959_/A2 (OA211x2_ASAP7_75t_R)
     1    0.89    9.67   21.89 1961.91 v _217959_/Y (OA211x2_ASAP7_75t_R)
                                         _154200_ (net)
                  9.68    0.08 1961.99 v _217960_/A1 (OA21x2_ASAP7_75t_R)
     3    2.51   11.08   19.67 1981.66 v _217960_/Y (OA21x2_ASAP7_75t_R)
                                         _154201_ (net)
                 11.12    0.33 1981.99 v _218017_/A2 (OA211x2_ASAP7_75t_R)
     2    1.98   12.68   24.86 2006.84 v _218017_/Y (OA211x2_ASAP7_75t_R)
                                         _154258_ (net)
                 12.70    0.22 2007.07 v _218018_/A (XOR2x2_ASAP7_75t_R)
     2    1.47    8.60   21.18 2028.24 v _218018_/Y (XOR2x2_ASAP7_75t_R)
                                         _154259_ (net)
                  8.60    0.10 2028.34 v _218038_/B (OR4x1_ASAP7_75t_R)
     2    1.44   14.14   27.24 2055.58 v _218038_/Y (OR4x1_ASAP7_75t_R)
                                         _154279_ (net)
                 14.14    0.16 2055.73 v _218040_/B2 (AO221x1_ASAP7_75t_R)
     2    1.64   16.11   25.12 2080.86 v _218040_/Y (AO221x1_ASAP7_75t_R)
                                         _154281_ (net)
                 16.12    0.16 2081.02 v _218043_/B3 (AO33x2_ASAP7_75t_R)
     2    1.97   13.99   33.95 2114.97 v _218043_/Y (AO33x2_ASAP7_75t_R)
                                         _154284_ (net)
                 14.01    0.28 2115.25 v _218044_/A (MAJx2_ASAP7_75t_R)
     2    1.74   11.85   21.91 2137.16 v _218044_/Y (MAJx2_ASAP7_75t_R)
                                         _154285_ (net)
                 11.86    0.17 2137.33 v _218049_/A (MAJx3_ASAP7_75t_R)
     6    7.18   22.76   29.54 2166.87 v _218049_/Y (MAJx3_ASAP7_75t_R)
                                         _154290_ (net)
                 23.02    1.32 2168.19 v _218087_/A2 (OA21x2_ASAP7_75t_R)
     4    4.27   15.83   26.29 2194.48 v _218087_/Y (OA21x2_ASAP7_75t_R)
                                         _154328_ (net)
                 15.86    0.37 2194.86 v _218091_/B (AND2x4_ASAP7_75t_R)
     1    0.86    6.52   15.33 2210.19 v _218091_/Y (AND2x4_ASAP7_75t_R)
                                         _154332_ (net)
                  6.52    0.07 2210.25 v _218092_/A2 (OA21x2_ASAP7_75t_R)
     1    0.81    6.42   16.22 2226.47 v _218092_/Y (OA21x2_ASAP7_75t_R)
                                         _154333_ (net)
                  6.42    0.08 2226.56 v _218093_/C1 (OA222x2_ASAP7_75t_R)
     2    2.32   12.32   24.82 2251.37 v _218093_/Y (OA222x2_ASAP7_75t_R)
                                         _154334_ (net)
                 12.34    0.25 2251.62 v _218106_/C (MAJx2_ASAP7_75t_R)
     3    3.01   17.28   23.87 2275.49 v _218106_/Y (MAJx2_ASAP7_75t_R)
                                         _154347_ (net)
                 17.38    0.67 2276.17 v _218130_/A3 (AO32x2_ASAP7_75t_R)
     2    1.75   14.85   30.36 2306.52 v _218130_/Y (AO32x2_ASAP7_75t_R)
                                         _154371_ (net)
                 14.86    0.19 2306.72 v _218150_/A1 (OA21x2_ASAP7_75t_R)
     2    2.71   11.64   21.11 2327.83 v _218150_/Y (OA21x2_ASAP7_75t_R)
                                         _154391_ (net)
                 11.69    0.40 2328.22 v _218190_/A2 (OA211x2_ASAP7_75t_R)
     2    2.56   14.27   26.05 2354.27 v _218190_/Y (OA211x2_ASAP7_75t_R)
                                         _154431_ (net)
                 14.31    0.43 2354.70 v _218211_/A3 (OA31x2_ASAP7_75t_R)
     5    5.62   21.07   24.96 2379.65 v _218211_/Y (OA31x2_ASAP7_75t_R)
                                         _154452_ (net)
                 21.18    0.84 2380.49 v _218260_/A3 (AO32x1_ASAP7_75t_R)
     1    0.92    9.60   26.30 2406.78 v _218260_/Y (AO32x1_ASAP7_75t_R)
                                         _154501_ (net)
                  9.61    0.08 2406.86 v _218261_/A (OR3x1_ASAP7_75t_R)
     4    3.98   25.32   28.62 2435.48 v _218261_/Y (OR3x1_ASAP7_75t_R)
                                         _154502_ (net)
                 25.33    0.29 2435.78 v _218270_/B2 (OA22x2_ASAP7_75t_R)
     1    0.81   10.29   23.76 2459.53 v _218270_/Y (OA22x2_ASAP7_75t_R)
                                         _154511_ (net)
                 10.29    0.09 2459.62 v _218271_/B1 (AO22x2_ASAP7_75t_R)
     6    6.75   24.65   27.31 2486.93 v _218271_/Y (AO22x2_ASAP7_75t_R)
                                         _154512_ (net)
                 25.04    1.72 2488.65 v _218276_/B2 (AO22x2_ASAP7_75t_R)
     4    4.77   17.79   28.61 2517.26 v _218276_/Y (AO22x2_ASAP7_75t_R)
                                         _154517_ (net)
                 17.86    0.61 2517.87 v _218298_/A2 (AO21x2_ASAP7_75t_R)
     8    6.56   21.32   27.73 2545.60 v _218298_/Y (AO21x2_ASAP7_75t_R)
                                         _154539_ (net)
                 21.37    0.57 2546.17 v _218408_/C (OR3x1_ASAP7_75t_R)
     1    0.51    7.99   21.76 2567.93 v _218408_/Y (OR3x1_ASAP7_75t_R)
                                         _154649_ (net)
                  7.99    0.02 2567.95 v _218411_/C (OA211x2_ASAP7_75t_R)
     3    3.47   16.90   31.66 2599.61 v _218411_/Y (OA211x2_ASAP7_75t_R)
                                         _154652_ (net)
                 16.97    0.59 2600.20 v _218421_/A3 (OA31x2_ASAP7_75t_R)
     3    3.25   20.11   22.60 2622.80 v _218421_/Y (OA31x2_ASAP7_75t_R)
                                         _154662_ (net)
                 20.15    0.50 2623.30 v _218429_/A3 (OA31x2_ASAP7_75t_R)
     2    2.26   15.91   21.94 2645.24 v _218429_/Y (OA31x2_ASAP7_75t_R)
                                         _154670_ (net)
                 15.93    0.26 2645.50 v _218461_/A3 (OA31x2_ASAP7_75t_R)
     2    2.62   13.21   21.26 2666.76 v _218461_/Y (OA31x2_ASAP7_75t_R)
                                         _154702_ (net)
                 13.28    0.51 2667.27 v _218493_/A2 (OA21x2_ASAP7_75t_R)
     5    6.37   21.12   26.21 2693.48 v _218493_/Y (OA21x2_ASAP7_75t_R)
                                         _154734_ (net)
                 21.24    0.91 2694.39 v place60841/A (BUFx6f_ASAP7_75t_R)
     4    4.48    7.93   17.47 2711.87 v place60841/Y (BUFx6f_ASAP7_75t_R)
                                         net60399 (net)
                  8.02    0.44 2712.31 v _218699_/C (MAJx2_ASAP7_75t_R)
     1    1.06   12.99   19.60 2731.90 v _218699_/Y (MAJx2_ASAP7_75t_R)
                                         _154940_ (net)
                 12.99    0.10 2732.01 v _218700_/B (XNOR2x2_ASAP7_75t_R)
     2    2.22   12.56   23.64 2755.65 ^ _218700_/Y (XNOR2x2_ASAP7_75t_R)
                                         _154941_ (net)
                 12.58    0.28 2755.93 ^ _218724_/B (XNOR2x2_ASAP7_75t_R)
     1    0.68    6.93   24.88 2780.81 v _218724_/Y (XNOR2x2_ASAP7_75t_R)
                                         _154965_ (net)
                  6.93    0.04 2780.85 v _218725_/B (AND2x2_ASAP7_75t_R)
     1    1.36   10.48   14.40 2795.25 v _218725_/Y (AND2x2_ASAP7_75t_R)
                                         _154966_ (net)
                 10.48    0.13 2795.38 v _218726_/C (MAJx2_ASAP7_75t_R)
     1    0.82   11.63   19.84 2815.22 v _218726_/Y (MAJx2_ASAP7_75t_R)
                                         _154967_ (net)
                 11.63    0.08 2815.31 v _218730_/A2 (AO21x1_ASAP7_75t_R)
     2    2.73   17.51   20.69 2836.00 v _218730_/Y (AO21x1_ASAP7_75t_R)
                                         _154971_ (net)
                 17.54    0.36 2836.36 v _218731_/C (MAJx2_ASAP7_75t_R)
     2    2.13   12.60   23.83 2860.20 v _218731_/Y (MAJx2_ASAP7_75t_R)
                                         _154972_ (net)
                 12.61    0.13 2860.33 v _218761_/C (MAJx2_ASAP7_75t_R)
     1    1.02   10.42   20.69 2881.02 v _218761_/Y (MAJx2_ASAP7_75t_R)
                                         _155002_ (net)
                 10.43    0.13 2881.15 v _218762_/A2 (AO21x2_ASAP7_75t_R)
     6    5.73   19.93   23.96 2905.11 v _218762_/Y (AO21x2_ASAP7_75t_R)
                                         _155003_ (net)
                 20.01    0.73 2905.84 v _218763_/A (OR2x2_ASAP7_75t_R)
    10    9.52   30.53   30.23 2936.07 v _218763_/Y (OR2x2_ASAP7_75t_R)
                                         _155004_ (net)
                 31.25    2.56 2938.63 v _218830_/A (AND2x4_ASAP7_75t_R)
     2    1.93    6.60   21.37 2960.00 v _218830_/Y (AND2x4_ASAP7_75t_R)
                                         _155071_ (net)
                  6.61    0.10 2960.11 v _218831_/A (XNOR2x2_ASAP7_75t_R)
     3    2.74   12.83   23.01 2983.11 ^ _218831_/Y (XNOR2x2_ASAP7_75t_R)
                                         _155072_ (net)
                 12.86    0.36 2983.47 ^ _218881_/B (OA21x2_ASAP7_75t_R)
     2    1.65   11.15   17.98 3001.46 ^ _218881_/Y (OA21x2_ASAP7_75t_R)
                                         _155122_ (net)
                 11.15    0.12 3001.58 ^ _218882_/A (AND4x1_ASAP7_75t_R)
     1    1.19   13.50   22.35 3023.93 ^ _218882_/Y (AND4x1_ASAP7_75t_R)
                                         _155123_ (net)
                 13.50    0.11 3024.04 ^ _218885_/B2 (AOI221x1_ASAP7_75t_R)
     5    5.63   62.77   30.83 3054.87 v _218885_/Y (AOI221x1_ASAP7_75t_R)
                                         _155126_ (net)
                 62.95    1.91 3056.79 v _218968_/A2 (OAI21x1_ASAP7_75t_R)
     2    2.07   25.81   20.83 3077.62 ^ _218968_/Y (OAI21x1_ASAP7_75t_R)
                                         _155209_ (net)
                 25.81    0.11 3077.72 ^ _218974_/B (AND5x2_ASAP7_75t_R)
    10    8.51   35.31   39.97 3117.70 ^ _218974_/Y (AND5x2_ASAP7_75t_R)
                                         _155215_ (net)
                 35.43    1.21 3118.91 ^ _219045_/A (OR2x2_ASAP7_75t_R)
     7    6.54   24.12   29.35 3148.26 ^ _219045_/Y (OR2x2_ASAP7_75t_R)
                                         _155286_ (net)
                 24.18    0.67 3148.93 ^ place59825/A (BUFx6f_ASAP7_75t_R)
     5    5.63    9.73   17.38 3166.31 ^ place59825/Y (BUFx6f_ASAP7_75t_R)
                                         net59383 (net)
                  9.89    0.66 3166.97 ^ _219144_/B (AND3x1_ASAP7_75t_R)
     4    3.88   27.92   27.43 3194.40 ^ _219144_/Y (AND3x1_ASAP7_75t_R)
                                         _155385_ (net)
                 27.92    0.14 3194.54 ^ _219145_/A2 (OAI21x1_ASAP7_75t_R)
     1    1.09   29.29   10.06 3204.60 v _219145_/Y (OAI21x1_ASAP7_75t_R)
                                         _155386_ (net)
                 29.29    0.06 3204.66 v _219152_/B1 (AOI221x1_ASAP7_75t_R)
     3    3.61   46.97   25.85 3230.51 ^ _219152_/Y (AOI221x1_ASAP7_75t_R)
                                         _155393_ (net)
                 47.00    0.72 3231.23 ^ _219221_/A (AND2x2_ASAP7_75t_R)
     1    1.26    8.59   20.14 3251.37 ^ _219221_/Y (AND2x2_ASAP7_75t_R)
                                         _155462_ (net)
                  8.60    0.14 3251.51 ^ _219222_/E (AND5x2_ASAP7_75t_R)
     3    3.64   18.83   32.86 3284.37 ^ _219222_/Y (AND5x2_ASAP7_75t_R)
                                         _155463_ (net)
                 18.97    0.89 3285.25 ^ _219231_/A3 (OA31x2_ASAP7_75t_R)
    11   12.10   44.02   36.28 3321.54 ^ _219231_/Y (OA31x2_ASAP7_75t_R)
                                         _155472_ (net)
                 44.62    2.90 3324.44 ^ place59474/A (BUFx3_ASAP7_75t_R)
     7    5.79   15.88   24.44 3348.88 ^ place59474/Y (BUFx3_ASAP7_75t_R)
                                         net59032 (net)
                 15.94    0.55 3349.43 ^ _219398_/A (AND2x4_ASAP7_75t_R)
     2    2.20    7.46   15.49 3364.92 ^ _219398_/Y (AND2x4_ASAP7_75t_R)
                                         _155639_ (net)
                  7.49    0.25 3365.17 ^ _219399_/A (XNOR2x2_ASAP7_75t_R)
     2    1.64    9.21   25.40 3390.57 v _219399_/Y (XNOR2x2_ASAP7_75t_R)
                                         _155640_ (net)
                  9.23    0.18 3390.76 v _219451_/B1 (AO32x1_ASAP7_75t_R)
     1    0.82   12.12   21.85 3412.61 v _219451_/Y (AO32x1_ASAP7_75t_R)
                                         _155692_ (net)
                 12.13    0.09 3412.69 v _219459_/A1 (OA21x2_ASAP7_75t_R)
     1    1.24    7.56   18.14 3430.84 v _219459_/Y (OA21x2_ASAP7_75t_R)
                                         _155700_ (net)
                  7.57    0.14 3430.98 v _219485_/A2 (OA221x2_ASAP7_75t_R)
     6    7.90   28.92   35.91 3466.88 v _219485_/Y (OA221x2_ASAP7_75t_R)
                                         _155726_ (net)
                 30.04    3.11 3469.99 v _219486_/C (AO211x2_ASAP7_75t_R)
     4    3.77   14.49   25.69 3495.68 v _219486_/Y (AO211x2_ASAP7_75t_R)
                                         _155727_ (net)
                 14.53    0.42 3496.10 v _219589_/A1 (AO21x2_ASAP7_75t_R)
     2    2.36   11.61   21.72 3517.82 v _219589_/Y (AO21x2_ASAP7_75t_R)
                                         _155830_ (net)
                 11.65    0.37 3518.19 v _219622_/B (OA211x2_ASAP7_75t_R)
     1    1.28   10.67   27.32 3545.51 v _219622_/Y (OA211x2_ASAP7_75t_R)
                                         _155863_ (net)
                 10.68    0.16 3545.67 v _219623_/A (XOR2x2_ASAP7_75t_R)
     3    3.18   14.33   28.08 3573.75 ^ _219623_/Y (XOR2x2_ASAP7_75t_R)
                                         _155864_ (net)
                 14.36    0.36 3574.12 ^ _219647_/A2 (AO211x2_ASAP7_75t_R)
     2    1.68   13.83   22.44 3596.55 ^ _219647_/Y (AO211x2_ASAP7_75t_R)
                                         _155888_ (net)
                 13.84    0.18 3596.73 ^ _219653_/A1 (AO221x1_ASAP7_75t_R)
     1    1.49   14.15   25.04 3621.77 ^ _219653_/Y (AO221x1_ASAP7_75t_R)
                                         _155894_ (net)
                 14.16    0.18 3621.95 ^ _219666_/A1 (AO31x2_ASAP7_75t_R)
     2    3.28   15.67   20.62 3642.57 ^ _219666_/Y (AO31x2_ASAP7_75t_R)
                                         _155907_ (net)
                 15.84    0.88 3643.46 ^ _219763_/A2 (AO21x1_ASAP7_75t_R)
     2    1.67   13.45   17.92 3661.38 ^ _219763_/Y (AO21x1_ASAP7_75t_R)
                                         _156004_ (net)
                 13.46    0.20 3661.58 ^ place58969/A (BUFx3_ASAP7_75t_R)
    17   16.23   38.25   26.48 3688.06 ^ place58969/Y (BUFx3_ASAP7_75t_R)
                                         net58527 (net)
                 39.35    3.55 3691.61 ^ _219821_/B1 (AO221x1_ASAP7_75t_R)
     2    2.98   24.29   32.18 3723.79 ^ _219821_/Y (AO221x1_ASAP7_75t_R)
                                         _156062_ (net)
                 24.37    0.74 3724.53 ^ _219822_/C (AND3x1_ASAP7_75t_R)
     1    0.92   11.07   20.08 3744.61 ^ _219822_/Y (AND3x1_ASAP7_75t_R)
                                         _156063_ (net)
                 11.08    0.11 3744.72 ^ _219825_/A1 (OA21x2_ASAP7_75t_R)
     1    2.65   12.63   19.43 3764.15 ^ _219825_/Y (OA21x2_ASAP7_75t_R)
                                         _156066_ (net)
                 12.75    0.67 3764.82 ^ _219826_/B (XNOR2x1_ASAP7_75t_R)
     2    2.25   19.67   18.46 3783.29 ^ _219826_/Y (XNOR2x1_ASAP7_75t_R)
                                         _156067_ (net)
                 19.68    0.25 3783.54 ^ _220157_/B (XNOR2x2_ASAP7_75t_R)
     1    0.78    7.92   26.41 3809.95 v _220157_/Y (XNOR2x2_ASAP7_75t_R)
                                         _156398_ (net)
                  7.92    0.08 3810.03 v _220165_/C (OR5x1_ASAP7_75t_R)
     2    2.12   19.32   35.78 3845.81 v _220165_/Y (OR5x1_ASAP7_75t_R)
                                         _156406_ (net)
                 19.33    0.23 3846.04 v _220166_/B (AO31x2_ASAP7_75t_R)
     3    3.04   11.12   21.11 3867.15 v _220166_/Y (AO31x2_ASAP7_75t_R)
                                         _156407_ (net)
                 11.12    0.12 3867.27 v _220169_/A1 (AO21x2_ASAP7_75t_R)
    12   12.63   37.80   33.17 3900.44 v _220169_/Y (AO21x2_ASAP7_75t_R)
                                         _156410_ (net)
                 38.19    2.21 3902.65 v place58605/A (BUFx3_ASAP7_75t_R)
     4    4.85   13.12   24.36 3927.01 v place58605/Y (BUFx3_ASAP7_75t_R)
                                         net58163 (net)
                 13.17    0.45 3927.47 v _220318_/B (NOR3x1_ASAP7_75t_R)
     3    3.10   24.57   16.35 3943.82 ^ _220318_/Y (NOR3x1_ASAP7_75t_R)
                                         _156559_ (net)
                 24.60    0.51 3944.33 ^ _220345_/C (OR3x1_ASAP7_75t_R)
     4    4.27   29.30   25.05 3969.38 ^ _220345_/Y (OR3x1_ASAP7_75t_R)
                                         _156586_ (net)
                 29.32    0.40 3969.78 ^ _220395_/A1 (AO211x2_ASAP7_75t_R)
     2    2.43   12.87   29.05 3998.83 ^ _220395_/Y (AO211x2_ASAP7_75t_R)
                                         _156636_ (net)
                 12.90    0.35 3999.18 ^ _220397_/A2 (AOI22x1_ASAP7_75t_R)
     2    1.76   29.63   10.57 4009.75 v _220397_/Y (AOI22x1_ASAP7_75t_R)
                                         _156638_ (net)
                 29.63    0.18 4009.93 v _220465_/A (OR3x2_ASAP7_75t_R)
     6    5.74   22.11   36.62 4046.54 v _220465_/Y (OR3x2_ASAP7_75t_R)
                                         _156706_ (net)
                 22.26    0.98 4047.52 v place58407/A (BUFx6f_ASAP7_75t_R)
     9    9.20   12.89   19.49 4067.01 v place58407/Y (BUFx6f_ASAP7_75t_R)
                                         net57965 (net)
                 13.66    1.68 4068.69 v _220742_/B2 (AOI221x1_ASAP7_75t_R)
     3    3.08   34.27   20.84 4089.53 ^ _220742_/Y (AOI221x1_ASAP7_75t_R)
                                         _156983_ (net)
                 34.29    0.47 4090.00 ^ _220824_/A (XNOR2x2_ASAP7_75t_R)
     2    1.63   10.05   30.86 4120.86 v _220824_/Y (XNOR2x2_ASAP7_75t_R)
                                         _157065_ (net)
                 10.05    0.08 4120.94 v _220828_/A2 (AO21x1_ASAP7_75t_R)
     2    1.87   15.15   18.12 4139.06 v _220828_/Y (AO21x1_ASAP7_75t_R)
                                         _157069_ (net)
                 15.15    0.12 4139.18 v _220829_/B (AND2x2_ASAP7_75t_R)
     1    0.87    5.90   16.32 4155.50 v _220829_/Y (AND2x2_ASAP7_75t_R)
                                         _157070_ (net)
                  5.90    0.10 4155.60 v _220858_/B (OR4x1_ASAP7_75t_R)
     2    2.23   18.13   29.20 4184.80 v _220858_/Y (OR4x1_ASAP7_75t_R)
                                         _157099_ (net)
                 18.15    0.36 4185.15 v _220865_/A1 (AO32x1_ASAP7_75t_R)
     2    1.94   15.70   25.55 4210.70 v _220865_/Y (AO32x1_ASAP7_75t_R)
                                         _157106_ (net)
                 15.73    0.36 4211.06 v _220867_/B2 (AO221x1_ASAP7_75t_R)
     2    1.99   16.70   26.56 4237.62 v _220867_/Y (AO221x1_ASAP7_75t_R)
                                         _157108_ (net)
                 16.72    0.21 4237.83 v _220868_/B1 (AO32x1_ASAP7_75t_R)
     2    1.66   13.36   26.84 4264.67 v _220868_/Y (AO32x1_ASAP7_75t_R)
                                         _157109_ (net)
                 13.37    0.15 4264.82 v _220874_/A2 (OA21x2_ASAP7_75t_R)
     2    3.22   12.76   22.11 4286.93 v _220874_/Y (OA21x2_ASAP7_75t_R)
                                         _157115_ (net)
                 12.76    0.15 4287.07 v place58066/A (BUFx6f_ASAP7_75t_R)
     8    9.45   13.61   15.93 4303.00 v place58066/Y (BUFx6f_ASAP7_75t_R)
                                         net57624 (net)
                 14.08    1.41 4304.41 v _220947_/C (OA211x2_ASAP7_75t_R)
     1    1.22   10.49   29.54 4333.95 v _220947_/Y (OA211x2_ASAP7_75t_R)
                                         _157188_ (net)
                 10.50    0.10 4334.05 v _220948_/A (XOR2x2_ASAP7_75t_R)
     3    4.09   16.16   24.35 4358.41 v _220948_/Y (XOR2x2_ASAP7_75t_R)
                                         _157189_ (net)
                 16.33    0.92 4359.32 v place57987/A (BUFx3_ASAP7_75t_R)
     2    2.29    7.62   16.59 4375.91 v place57987/Y (BUFx3_ASAP7_75t_R)
                                         net57545 (net)
                  7.65    0.26 4376.17 v _220965_/B (NAND2x1_ASAP7_75t_R)
     3    3.16   50.53   13.78 4389.96 ^ _220965_/Y (NAND2x1_ASAP7_75t_R)
                                         _157206_ (net)
                 50.53    0.25 4390.21 ^ _220966_/B (OAI21x1_ASAP7_75t_R)
     2    1.57   19.69   16.20 4406.42 v _220966_/Y (OAI21x1_ASAP7_75t_R)
                                         _157207_ (net)
                 19.69    0.14 4406.56 v _221119_/A2 (AO21x1_ASAP7_75t_R)
     2    2.63   17.56   22.43 4428.99 v _221119_/Y (AO21x1_ASAP7_75t_R)
                                         _157360_ (net)
                 17.64    0.66 4429.65 v _221176_/A1 (OA21x2_ASAP7_75t_R)
     4    3.94   14.93   23.51 4453.16 v _221176_/Y (OA21x2_ASAP7_75t_R)
                                         _157417_ (net)
                 14.97    0.44 4453.60 v place57865/A (BUFx3_ASAP7_75t_R)
     2    1.93    6.83   15.84 4469.44 v place57865/Y (BUFx3_ASAP7_75t_R)
                                         net57423 (net)
                  6.83    0.09 4469.53 v _221222_/A2 (AOI21x1_ASAP7_75t_R)
     4    5.57   39.91   19.81 4489.33 ^ _221222_/Y (AOI21x1_ASAP7_75t_R)
                                         _157463_ (net)
                 40.19    1.82 4491.15 ^ place57844/A (BUFx3_ASAP7_75t_R)
     4    3.50   11.35   21.67 4512.83 ^ place57844/Y (BUFx3_ASAP7_75t_R)
                                         net57402 (net)
                 11.38    0.28 4513.10 ^ _221436_/B2 (AO221x1_ASAP7_75t_R)
     1    1.16   12.36   19.44 4532.54 ^ _221436_/Y (AO221x1_ASAP7_75t_R)
                                         _157677_ (net)
                 12.36    0.09 4532.63 ^ _221437_/C (AOI221x1_ASAP7_75t_R)
     2    2.74   53.35   17.36 4549.99 v _221437_/Y (AOI221x1_ASAP7_75t_R)
                                         _157678_ (net)
                 53.37    0.49 4550.47 v _221459_/B (NOR2x1_ASAP7_75t_R)
     3    2.89   30.41   22.84 4573.31 ^ _221459_/Y (NOR2x1_ASAP7_75t_R)
                                         _157700_ (net)
                 30.42    0.31 4573.63 ^ _221479_/A1 (AOI221x1_ASAP7_75t_R)
     2    3.04   48.61   29.46 4603.09 v _221479_/Y (AOI221x1_ASAP7_75t_R)
                                         _157720_ (net)
                 48.65    0.88 4603.98 v _221631_/B1 (OA31x2_ASAP7_75t_R)
     2    1.96   12.43   33.23 4637.20 v _221631_/Y (OA31x2_ASAP7_75t_R)
                                         _157872_ (net)
                 12.45    0.25 4637.45 v _221633_/C (OR4x2_ASAP7_75t_R)
     8    7.63   29.73   43.18 4680.63 v _221633_/Y (OR4x2_ASAP7_75t_R)
                                         _157874_ (net)
                 29.81    0.84 4681.47 v _221634_/B (AND3x4_ASAP7_75t_R)
    12   11.24   20.49   32.33 4713.80 v _221634_/Y (AND3x4_ASAP7_75t_R)
                                         _157875_ (net)
                 20.92    1.63 4715.43 v _221705_/D (OR4x1_ASAP7_75t_R)
     1    0.71   12.13   27.84 4743.27 v _221705_/Y (OR4x1_ASAP7_75t_R)
                                         _157946_ (net)
                 12.13    0.08 4743.35 v _221707_/B (OA211x2_ASAP7_75t_R)
     1    0.67    9.22   26.28 4769.63 v _221707_/Y (OA211x2_ASAP7_75t_R)
                                         _157948_ (net)
                  9.22    0.05 4769.68 v _221710_/B (OA211x2_ASAP7_75t_R)
     1    0.79   10.13   25.60 4795.28 v _221710_/Y (OA211x2_ASAP7_75t_R)
                                         _157951_ (net)
                 10.13    0.09 4795.37 v _221711_/B2 (AO221x1_ASAP7_75t_R)
     1    0.74   10.35   20.90 4816.27 v _221711_/Y (AO221x1_ASAP7_75t_R)
                                         _157952_ (net)
                 10.35    0.08 4816.36 v _221717_/B (OA211x2_ASAP7_75t_R)
     2    2.72   14.64   29.64 4845.99 v _221717_/Y (OA211x2_ASAP7_75t_R)
                                         _157958_ (net)
                 14.68    0.44 4846.43 v _221977_/A1 (OAI21x1_ASAP7_75t_R)
     2    3.09   24.41   16.69 4863.13 ^ _221977_/Y (OAI21x1_ASAP7_75t_R)
                                         _158218_ (net)
                 24.42    0.23 4863.36 ^ place57411/A (BUFx6f_ASAP7_75t_R)
     9    8.66   13.57   18.52 4881.88 ^ place57411/Y (BUFx6f_ASAP7_75t_R)
                                         net56969 (net)
                 13.97    1.28 4883.16 ^ place57409/A (BUFx6f_ASAP7_75t_R)
     5    3.88    7.57   14.21 4897.37 ^ place57409/Y (BUFx6f_ASAP7_75t_R)
                                         net56967 (net)
                  7.62    0.33 4897.71 ^ _222155_/A1 (OA21x2_ASAP7_75t_R)
     1    1.29    8.57   16.24 4913.95 ^ _222155_/Y (OA21x2_ASAP7_75t_R)
                                         _158396_ (net)
                  8.58    0.14 4914.09 ^ _222156_/A (XOR2x2_ASAP7_75t_R)
     2    2.51   12.30   26.35 4940.44 ^ _222156_/Y (XOR2x2_ASAP7_75t_R)
                                         _158397_ (net)
                 12.33    0.35 4940.79 ^ _222223_/B (XNOR2x2_ASAP7_75t_R)
     1    0.62    8.11   24.73 4965.52 v _222223_/Y (XNOR2x2_ASAP7_75t_R)
                                         _158464_ (net)
                  8.11    0.03 4965.56 v _222224_/C (AO221x1_ASAP7_75t_R)
     2    2.50   18.09   27.16 4992.72 v _222224_/Y (AO221x1_ASAP7_75t_R)
                                         _158465_ (net)
                 18.15    0.56 4993.28 v _222300_/A (OR5x1_ASAP7_75t_R)
     1    1.69   17.04   31.82 5025.10 v _222300_/Y (OR5x1_ASAP7_75t_R)
                                         _158541_ (net)
                 17.07    0.40 5025.50 v _222301_/A (OR5x1_ASAP7_75t_R)
     2    1.65   16.59   31.45 5056.95 v _222301_/Y (OR5x1_ASAP7_75t_R)
                                         _158542_ (net)
                 16.59    0.14 5057.09 v _222309_/A1 (OA21x2_ASAP7_75t_R)
     8    7.35   24.43   27.19 5084.29 v _222309_/Y (OA21x2_ASAP7_75t_R)
                                         _158550_ (net)
                 24.85    1.77 5086.05 v place57140/A (BUFx3_ASAP7_75t_R)
    10   10.30   22.00   25.61 5111.67 v place57140/Y (BUFx3_ASAP7_75t_R)
                                         net56698 (net)
                 22.04    0.60 5112.27 v _222334_/B (NAND2x2_ASAP7_75t_R)
     4    5.49   27.91   17.13 5129.40 ^ _222334_/Y (NAND2x2_ASAP7_75t_R)
                                         _158575_ (net)
                 28.09    1.19 5130.59 ^ place57055/A (BUFx3_ASAP7_75t_R)
    12   14.86   35.68   28.57 5159.15 ^ place57055/Y (BUFx3_ASAP7_75t_R)
                                         net56613 (net)
                 36.47    2.94 5162.09 ^ _222474_/B2 (OA22x2_ASAP7_75t_R)
     1    0.66    6.69   20.04 5182.13 ^ _222474_/Y (OA22x2_ASAP7_75t_R)
                                         _158715_ (net)
                  6.70    0.07 5182.20 ^ _222484_/B (OA211x2_ASAP7_75t_R)
     1    0.73    8.37   18.92 5201.12 ^ _222484_/Y (OA211x2_ASAP7_75t_R)
                                         _158725_ (net)
                  8.37    0.05 5201.17 ^ _222507_/A (AND5x1_ASAP7_75t_R)
     4    4.00   31.69   34.17 5235.34 ^ _222507_/Y (AND5x1_ASAP7_75t_R)
                                         _158748_ (net)
                 31.80    1.02 5236.36 ^ _222830_/C (AND5x1_ASAP7_75t_R)
     3    2.51   23.07   37.02 5273.38 ^ _222830_/Y (AND5x1_ASAP7_75t_R)
                                         _159071_ (net)
                 23.08    0.31 5273.70 ^ _222835_/A2 (AO21x1_ASAP7_75t_R)
     3    3.10   22.13   23.18 5296.88 ^ _222835_/Y (AO21x1_ASAP7_75t_R)
                                         _159076_ (net)
                 22.15    0.38 5297.26 ^ _222903_/B (AOI211x1_ASAP7_75t_R)
     4    4.06   47.73   19.42 5316.68 v _222903_/Y (AOI211x1_ASAP7_75t_R)
                                         _159144_ (net)
                 47.82    1.16 5317.84 v place56758/A (BUFx3_ASAP7_75t_R)
     9   11.93   26.47   30.64 5348.48 v place56758/Y (BUFx3_ASAP7_75t_R)
                                         net56316 (net)
                 28.16    3.59 5352.07 v _223153_/A (NOR2x1_ASAP7_75t_R)
     2    2.15   22.48   15.26 5367.33 ^ _223153_/Y (NOR2x1_ASAP7_75t_R)
                                         _159394_ (net)
                 22.49    0.19 5367.52 ^ _223233_/B (XNOR2x2_ASAP7_75t_R)
     1    0.85    7.00   26.92 5394.44 v _223233_/Y (XNOR2x2_ASAP7_75t_R)
                                         _159474_ (net)
                  7.00    0.10 5394.54 v _223235_/A3 (AO32x1_ASAP7_75t_R)
     1    0.61   10.12   21.89 5416.43 v _223235_/Y (AO32x1_ASAP7_75t_R)
                                         _159476_ (net)
                 10.12    0.03 5416.46 v _223236_/C (AO221x1_ASAP7_75t_R)
     2    2.40   19.39   27.42 5443.88 v _223236_/Y (AO221x1_ASAP7_75t_R)
                                         _159477_ (net)
                 19.40    0.25 5444.13 v _223238_/B (MAJx2_ASAP7_75t_R)
     1    1.24   11.67   24.36 5468.49 v _223238_/Y (MAJx2_ASAP7_75t_R)
                                         _159479_ (net)
                 11.68    0.09 5468.58 v _223239_/C (MAJx2_ASAP7_75t_R)
     3    2.28   13.32   22.65 5491.23 v _223239_/Y (MAJx2_ASAP7_75t_R)
                                         _159480_ (net)
                 13.34    0.21 5491.44 v _223256_/D (OR4x2_ASAP7_75t_R)
     2    1.64   12.41   33.31 5524.75 v _223256_/Y (OR4x2_ASAP7_75t_R)
                                         _159497_ (net)
                 12.42    0.14 5524.88 v place56430/A (BUFx3_ASAP7_75t_R)
     7    7.88   17.89   19.76 5544.64 v place56430/Y (BUFx3_ASAP7_75t_R)
                                         net55988 (net)
                 18.31    1.53 5546.17 v _223257_/A (NOR2x2_ASAP7_75t_R)
     3    4.04   16.88   13.20 5559.37 ^ _223257_/Y (NOR2x2_ASAP7_75t_R)
                                         _159498_ (net)
                 16.90    0.28 5559.64 ^ place56391/A (BUFx6f_ASAP7_75t_R)
    10   10.99   16.30   17.31 5576.95 ^ place56391/Y (BUFx6f_ASAP7_75t_R)
                                         net55949 (net)
                 19.75    3.88 5580.83 ^ _223487_/C (AOI211x1_ASAP7_75t_R)
     2    1.91   26.75   12.95 5593.78 v _223487_/Y (AOI211x1_ASAP7_75t_R)
                                         _159728_ (net)
                 26.76    0.21 5593.99 v _223500_/B1 (AO32x1_ASAP7_75t_R)
     2    4.05   25.91   35.74 5629.73 v _223500_/Y (AO32x1_ASAP7_75t_R)
                                         _159741_ (net)
                 26.08    1.16 5630.90 v _223632_/B (AND4x1_ASAP7_75t_R)
     1    0.54    6.26   16.00 5646.90 v _223632_/Y (AND4x1_ASAP7_75t_R)
                                         _159873_ (net)
                  6.26    0.03 5646.93 v _223633_/B (OA211x2_ASAP7_75t_R)
     2    2.60   15.13   28.08 5675.01 v _223633_/Y (OA211x2_ASAP7_75t_R)
                                         _159874_ (net)
                 15.20    0.56 5675.57 v _223634_/C (AO211x2_ASAP7_75t_R)
     3    2.99   12.17   21.35 5696.92 v _223634_/Y (AO211x2_ASAP7_75t_R)
                                         _159875_ (net)
                 12.20    0.31 5697.23 v _223635_/A (AND3x1_ASAP7_75t_R)
     2    2.63   15.78   17.08 5714.31 v _223635_/Y (AND3x1_ASAP7_75t_R)
                                         _159876_ (net)
                 15.78    0.18 5714.49 v _223637_/B (OR3x1_ASAP7_75t_R)
     5    4.62   29.05   32.42 5746.90 v _223637_/Y (OR3x1_ASAP7_75t_R)
                                         _159878_ (net)
                 29.11    0.75 5747.65 v place56120/A (BUFx3_ASAP7_75t_R)
    14   15.52   33.44   27.24 5774.90 v place56120/Y (BUFx3_ASAP7_75t_R)
                                         net55678 (net)
                 41.94    8.84 5783.73 v _223971_/C2 (AO222x2_ASAP7_75t_R)
     1    0.84   11.13   38.16 5821.89 v _223971_/Y (AO222x2_ASAP7_75t_R)
                                         _160212_ (net)
                 11.13    0.11 5822.00 v _223973_/A2 (AO22x1_ASAP7_75t_R)
     1    1.71   15.76   22.02 5844.02 v _223973_/Y (AO22x1_ASAP7_75t_R)
                                         _160214_ (net)
                 15.78    0.24 5844.26 v _223976_/A2 (AOI22x1_ASAP7_75t_R)
     2    3.02   25.68   17.41 5861.67 ^ _223976_/Y (AOI22x1_ASAP7_75t_R)
                                         _160217_ (net)
                 25.75    0.76 5862.43 ^ place55985/A (BUFx3_ASAP7_75t_R)
     4    4.91   14.08   20.20 5882.63 ^ place55985/Y (BUFx3_ASAP7_75t_R)
                                         net55543 (net)
                 14.18    0.66 5883.29 ^ _224087_/A1 (AO21x1_ASAP7_75t_R)
     2    1.64   13.14   16.56 5899.85 ^ _224087_/Y (AO21x1_ASAP7_75t_R)
                                         _160328_ (net)
                 13.15    0.18 5900.03 ^ _224400_/E (AND5x1_ASAP7_75t_R)
     1    1.28   15.70   31.81 5931.84 ^ _224400_/Y (AND5x1_ASAP7_75t_R)
                                         _160641_ (net)
                 15.71    0.13 5931.97 ^ _224406_/A1 (OA31x2_ASAP7_75t_R)
     2    2.65   13.69   26.14 5958.11 ^ _224406_/Y (OA31x2_ASAP7_75t_R)
                                         _160647_ (net)
                 13.80    0.68 5958.78 ^ _224411_/A2 (OA31x2_ASAP7_75t_R)
     2    2.48   15.23   23.74 5982.52 ^ _224411_/Y (OA31x2_ASAP7_75t_R)
                                         _160652_ (net)
                 15.24    0.23 5982.75 ^ _224414_/A1 (OA21x2_ASAP7_75t_R)
     3    2.76   15.26   20.87 6003.61 ^ _224414_/Y (OA21x2_ASAP7_75t_R)
                                         _160655_ (net)
                 15.32    0.47 6004.08 ^ _224416_/A1 (OA21x2_ASAP7_75t_R)
     2    2.37   12.18   20.33 6024.42 ^ _224416_/Y (OA21x2_ASAP7_75t_R)
                                         _160657_ (net)
                 12.19    0.14 6024.55 ^ _224417_/B (XNOR2x2_ASAP7_75t_R)
     1    1.25    8.03   25.81 6050.36 v _224417_/Y (XNOR2x2_ASAP7_75t_R)
                                         _160658_ (net)
                  8.04    0.11 6050.48 v _224432_/A2 (AOI211x1_ASAP7_75t_R)
     4    3.34   53.87   19.93 6070.41 ^ _224432_/Y (AOI211x1_ASAP7_75t_R)
                                         _160673_ (net)
                 53.88    0.44 6070.85 ^ _224453_/A (AND5x1_ASAP7_75t_R)
     3    3.14   26.72   41.07 6111.92 ^ _224453_/Y (AND5x1_ASAP7_75t_R)
                                         _160694_ (net)
                 26.74    0.38 6112.30 ^ _224454_/B (OA21x2_ASAP7_75t_R)
     7    8.05   30.23   28.87 6141.16 ^ _224454_/Y (OA21x2_ASAP7_75t_R)
                                         _160695_ (net)
                 30.54    1.72 6142.89 ^ _224494_/C (OR3x2_ASAP7_75t_R)
     6    7.00   25.39   25.90 6168.79 ^ _224494_/Y (OR3x2_ASAP7_75t_R)
                                         _160735_ (net)
                 25.43    0.59 6169.38 ^ place55645/A (BUFx3_ASAP7_75t_R)
    15   14.42   34.24   28.10 6197.48 ^ place55645/Y (BUFx3_ASAP7_75t_R)
                                         net55203 (net)
                 35.02    2.83 6200.31 ^ _224898_/B (OA21x2_ASAP7_75t_R)
     3    2.59   12.60   23.01 6223.32 ^ _224898_/Y (OA21x2_ASAP7_75t_R)
                                         _161139_ (net)
                 12.61    0.21 6223.53 ^ _224899_/C (AND3x1_ASAP7_75t_R)
     2    2.05   17.10   22.53 6246.06 ^ _224899_/Y (AND3x1_ASAP7_75t_R)
                                         _161140_ (net)
                 17.10    0.13 6246.19 ^ _224900_/B (XNOR2x2_ASAP7_75t_R)
     1    0.69    6.70   22.42 6268.61 ^ _224900_/Y (XNOR2x2_ASAP7_75t_R)
                                         _161141_ (net)
                  6.70    0.05 6268.67 ^ _224902_/B (OA211x2_ASAP7_75t_R)
     2    1.80   11.27   20.99 6289.66 ^ _224902_/Y (OA211x2_ASAP7_75t_R)
                                         _161143_ (net)
                 11.29    0.20 6289.86 ^ _224913_/B (AND3x1_ASAP7_75t_R)
     2    2.30   18.61   23.00 6312.86 ^ _224913_/Y (AND3x1_ASAP7_75t_R)
                                         _161154_ (net)
                 18.65    0.50 6313.36 ^ _224922_/A (AND3x1_ASAP7_75t_R)
     2    2.16   17.80   24.19 6337.55 ^ _224922_/Y (AND3x1_ASAP7_75t_R)
                                         _161163_ (net)
                 17.83    0.38 6337.93 ^ _224933_/B (AND3x1_ASAP7_75t_R)
     1    1.60   14.40   22.21 6360.14 ^ _224933_/Y (AND3x1_ASAP7_75t_R)
                                         _161174_ (net)
                 14.41    0.20 6360.33 ^ place55443/A (BUFx6f_ASAP7_75t_R)
    14   14.96   20.84   16.57 6376.91 ^ place55443/Y (BUFx6f_ASAP7_75t_R)
                                         net55001 (net)
                 26.43    5.42 6382.32 ^ place55441/A (BUFx3_ASAP7_75t_R)
     8    6.86   17.65   22.35 6404.68 ^ place55441/Y (BUFx3_ASAP7_75t_R)
                                         net54999 (net)
                 17.68    0.40 6405.08 ^ _225100_/A2 (AO21x1_ASAP7_75t_R)
     2    2.25   16.94   20.00 6425.08 ^ _225100_/Y (AO21x1_ASAP7_75t_R)
                                         _161341_ (net)
                 16.94    0.17 6425.24 ^ _225101_/B (XNOR2x2_ASAP7_75t_R)
     3    4.27   16.47   31.45 6456.69 v _225101_/Y (XNOR2x2_ASAP7_75t_R)
                                         _161342_ (net)
                 16.55    0.66 6457.35 v _225293_/B (NAND2x1_ASAP7_75t_R)
     1    1.00   33.07   10.24 6467.60 ^ _225293_/Y (NAND2x1_ASAP7_75t_R)
                                         _161534_ (net)
                 33.07    0.14 6467.74 ^ _225317_/A (AND5x1_ASAP7_75t_R)
     1    2.01   19.78   34.64 6502.38 ^ _225317_/Y (AND5x1_ASAP7_75t_R)
                                         _161558_ (net)
                 19.84    0.55 6502.93 ^ _225318_/D (AND4x1_ASAP7_75t_R)
     2    1.89   18.18   27.48 6530.41 ^ _225318_/Y (AND4x1_ASAP7_75t_R)
                                         _161559_ (net)
                 18.18    0.15 6530.57 ^ _225319_/E (AND5x1_ASAP7_75t_R)
     2    2.17   20.31   34.71 6565.27 ^ _225319_/Y (AND5x1_ASAP7_75t_R)
                                         _161560_ (net)
                 20.33    0.31 6565.59 ^ _225371_/A (OR4x2_ASAP7_75t_R)
     2    2.32   10.51   16.96 6582.55 ^ _225371_/Y (OR4x2_ASAP7_75t_R)
                                         _161612_ (net)
                 10.57    0.44 6582.99 ^ _225393_/B (AO21x1_ASAP7_75t_R)
     2    2.97   21.18   18.15 6601.14 ^ _225393_/Y (AO21x1_ASAP7_75t_R)
                                         _161634_ (net)
                 21.18    0.15 6601.29 ^ place55179/A (BUFx6f_ASAP7_75t_R)
    22   20.27   27.26   20.76 6622.04 ^ place55179/Y (BUFx6f_ASAP7_75t_R)
                                         net54737 (net)
                 34.74    7.44 6629.48 ^ _225569_/A (AND3x1_ASAP7_75t_R)
     2    2.13   18.00   27.10 6656.58 ^ _225569_/Y (AND3x1_ASAP7_75t_R)
                                         _161810_ (net)
                 18.01    0.19 6656.77 ^ _225574_/A2 (OA31x2_ASAP7_75t_R)
     1    1.33   11.51   22.88 6679.65 ^ _225574_/Y (OA31x2_ASAP7_75t_R)
                                         _161815_ (net)
                 11.52    0.18 6679.83 ^ _225585_/A2 (OA31x2_ASAP7_75t_R)
     2    2.95   14.64   23.73 6703.56 ^ _225585_/Y (OA31x2_ASAP7_75t_R)
                                         _161826_ (net)
                 14.81    0.87 6704.43 ^ _225597_/B (OR3x1_ASAP7_75t_R)
     3    3.17   21.75   19.61 6724.04 ^ _225597_/Y (OR3x1_ASAP7_75t_R)
                                         _161838_ (net)
                 21.76    0.35 6724.39 ^ _225616_/A1 (AO211x2_ASAP7_75t_R)
     2    2.18   11.84   26.66 6751.05 ^ _225616_/Y (AO211x2_ASAP7_75t_R)
                                         _161857_ (net)
                 11.86    0.24 6751.29 ^ _225664_/A2 (AO211x2_ASAP7_75t_R)
     3    4.05   18.04   25.74 6777.03 ^ _225664_/Y (AO211x2_ASAP7_75t_R)
                                         _161905_ (net)
                 18.15    0.79 6777.82 ^ _225676_/A (AND3x1_ASAP7_75t_R)
     3    2.06   17.43   23.80 6801.62 ^ _225676_/Y (AND3x1_ASAP7_75t_R)
                                         _161917_ (net)
                 17.44    0.18 6801.81 ^ _225721_/B (OA211x2_ASAP7_75t_R)
     7    9.49   36.25   34.60 6836.41 ^ _225721_/Y (OA211x2_ASAP7_75t_R)
                                         _161962_ (net)
                 36.59    1.96 6838.37 ^ _225732_/A2 (AO221x1_ASAP7_75t_R)
     2    2.15   18.43   30.02 6868.39 ^ _225732_/Y (AO221x1_ASAP7_75t_R)
                                         _161973_ (net)
                 18.45    0.30 6868.69 ^ _225983_/B (XNOR2x2_ASAP7_75t_R)
     2    1.66   10.72   27.71 6896.40 v _225983_/Y (XNOR2x2_ASAP7_75t_R)
                                         _162224_ (net)
                 10.73    0.18 6896.58 v _225996_/C (OR5x1_ASAP7_75t_R)
     2    2.39   20.83   37.26 6933.84 v _225996_/Y (OR5x1_ASAP7_75t_R)
                                         _162237_ (net)
                 20.84    0.27 6934.10 v _225997_/B (AOI211x1_ASAP7_75t_R)
     3    4.28   46.92   26.01 6960.11 ^ _225997_/Y (AOI211x1_ASAP7_75t_R)
                                         _162238_ (net)
                 47.09    1.61 6961.72 ^ _225998_/B (AND4x2_ASAP7_75t_R)
     5    6.43   28.72   42.01 7003.73 ^ _225998_/Y (AND4x2_ASAP7_75t_R)
                                         _162239_ (net)
                 28.98    1.49 7005.22 ^ _226127_/B (OAI21x1_ASAP7_75t_R)
     2    1.68   16.57   13.74 7018.96 v _226127_/Y (OAI21x1_ASAP7_75t_R)
                                         _162368_ (net)
                 16.57    0.14 7019.10 v _226147_/A (AND3x1_ASAP7_75t_R)
     3    5.33   29.94   24.30 7043.40 v _226147_/Y (AND3x1_ASAP7_75t_R)
                                         _162388_ (net)
                 30.01    0.81 7044.21 v place54715/A (BUFx6f_ASAP7_75t_R)
     6    8.13   12.74   20.21 7064.42 v place54715/Y (BUFx6f_ASAP7_75t_R)
                                         net54273 (net)
                 15.65    3.13 7067.55 v _226223_/B (AOI21x1_ASAP7_75t_R)
     2    2.62   23.40   15.66 7083.21 ^ _226223_/Y (AOI21x1_ASAP7_75t_R)
                                         _162464_ (net)
                 23.42    0.37 7083.57 ^ _226224_/B (XNOR2x2_ASAP7_75t_R)
     2    2.29   11.65   26.23 7109.80 ^ _226224_/Y (XNOR2x2_ASAP7_75t_R)
                                         _162465_ (net)
                 11.66    0.21 7110.01 ^ _226225_/B (XNOR2x2_ASAP7_75t_R)
     2    2.05   11.61   27.12 7137.14 v _226225_/Y (XNOR2x2_ASAP7_75t_R)
                                         _162466_ (net)
                 11.61    0.15 7137.28 v _226605_/B (AO21x1_ASAP7_75t_R)
     1    1.20   10.07   17.83 7155.11 v _226605_/Y (AO21x1_ASAP7_75t_R)
                                         _162846_ (net)
                 10.08    0.19 7155.30 v _226623_/B (OR4x1_ASAP7_75t_R)
     2    1.97   16.76   29.20 7184.50 v _226623_/Y (OR4x1_ASAP7_75t_R)
                                         _162864_ (net)
                 16.77    0.14 7184.64 v _226625_/B (OR3x1_ASAP7_75t_R)
     3    2.95   20.37   28.44 7213.08 v _226625_/Y (OR3x1_ASAP7_75t_R)
                                         _162866_ (net)
                 20.44    0.64 7213.73 v place54496/A (BUFx3_ASAP7_75t_R)
     1    1.65    6.62   17.14 7230.86 v place54496/Y (BUFx3_ASAP7_75t_R)
                                         net54054 (net)
                  6.65    0.23 7231.09 v _226626_/C (NAND3x1_ASAP7_75t_R)
     3    3.90   33.29   19.87 7250.97 ^ _226626_/Y (NAND3x1_ASAP7_75t_R)
                                         _162867_ (net)
                 33.39    1.03 7252.00 ^ _226633_/A2 (OA21x2_ASAP7_75t_R)
    12   13.38   47.00   37.60 7289.60 ^ _226633_/Y (OA21x2_ASAP7_75t_R)
                                         _162874_ (net)
                 47.34    2.27 7291.87 ^ _226945_/A1 (AOI21x1_ASAP7_75t_R)
     2    2.36   23.39   18.39 7310.26 v _226945_/Y (AOI21x1_ASAP7_75t_R)
                                         _163186_ (net)
                 23.41    0.32 7310.58 v _226946_/B (AO21x1_ASAP7_75t_R)
     1    1.32   10.36   20.54 7331.12 v _226946_/Y (AO21x1_ASAP7_75t_R)
                                         _163187_ (net)
                 10.37    0.15 7331.26 v _226947_/C (AOI221x1_ASAP7_75t_R)
     2    2.36   29.37   16.67 7347.94 ^ _226947_/Y (AOI221x1_ASAP7_75t_R)
                                         _163188_ (net)
                 29.40    0.57 7348.51 ^ _226983_/E (AND5x1_ASAP7_75t_R)
     3    4.14   32.36   40.83 7389.34 ^ _226983_/Y (AND5x1_ASAP7_75t_R)
                                         _163224_ (net)
                 32.38    0.34 7389.68 ^ _227262_/B1 (AOI221x1_ASAP7_75t_R)
     2    3.98   47.23   31.28 7420.96 v _227262_/Y (AOI221x1_ASAP7_75t_R)
                                         _163503_ (net)
                 47.30    1.05 7422.01 v _227275_/A2 (OA211x2_ASAP7_75t_R)
     3    3.82   17.97   37.75 7459.76 v _227275_/Y (OA211x2_ASAP7_75t_R)
                                         _163516_ (net)
                 18.13    0.93 7460.69 v _227284_/C (MAJx2_ASAP7_75t_R)
     1    1.90   11.95   23.55 7484.24 v _227284_/Y (MAJx2_ASAP7_75t_R)
                                         _163525_ (net)
                 11.96    0.21 7484.46 v _227285_/B (XNOR2x1_ASAP7_75t_R)
     2    2.39   35.31   13.49 7497.94 ^ _227285_/Y (XNOR2x1_ASAP7_75t_R)
                                         _163526_ (net)
                 35.32    0.22 7498.16 ^ _227287_/C (NAND3x1_ASAP7_75t_R)
     6    5.16   30.64   19.42 7517.58 v _227287_/Y (NAND3x1_ASAP7_75t_R)
                                         _163528_ (net)
                 30.64    0.28 7517.87 v place54132/A (BUFx3_ASAP7_75t_R)
     1    1.49    6.74   19.34 7537.20 v place54132/Y (BUFx3_ASAP7_75t_R)
                                         net53690 (net)
                  6.75    0.12 7537.32 v _227290_/C (NAND3x1_ASAP7_75t_R)
     1    1.33   30.40   13.16 7550.48 ^ _227290_/Y (NAND3x1_ASAP7_75t_R)
                                         _163531_ (net)
                 30.40    0.07 7550.56 ^ _227291_/B2 (AOI22x1_ASAP7_75t_R)
     2    2.38   22.77   17.26 7567.81 v _227291_/Y (AOI22x1_ASAP7_75t_R)
                                         _163532_ (net)
                 22.81    0.56 7568.37 v _227484_/B (OA211x2_ASAP7_75t_R)
     1    3.78   18.30   34.99 7603.36 v _227484_/Y (OA211x2_ASAP7_75t_R)
                                         _163725_ (net)
                 18.91    1.80 7605.16 v _227512_/A (AND5x2_ASAP7_75t_R)
     3    4.38   16.48   22.53 7627.69 v _227512_/Y (AND5x2_ASAP7_75t_R)
                                         _163753_ (net)
                 16.96    1.53 7629.22 v _227530_/B (OR3x1_ASAP7_75t_R)
     2    2.47   17.73   27.26 7656.48 v _227530_/Y (OR3x1_ASAP7_75t_R)
                                         _163771_ (net)
                 17.77    0.42 7656.90 v _227532_/C (OR3x1_ASAP7_75t_R)
     5    5.96   36.05   35.68 7692.58 v _227532_/Y (OR3x1_ASAP7_75t_R)
                                         _163773_ (net)
                 36.08    0.55 7693.13 v place53899/A (BUFx3_ASAP7_75t_R)
     5    5.17   13.93   23.85 7716.98 v place53899/Y (BUFx3_ASAP7_75t_R)
                                         net53457 (net)
                 14.60    1.64 7718.62 v place53898/A (BUFx3_ASAP7_75t_R)
    12   18.01   37.12   26.11 7744.73 v place53898/Y (BUFx3_ASAP7_75t_R)
                                         net53456 (net)
                 37.16    0.84 7745.57 v _227775_/B (AOI21x1_ASAP7_75t_R)
     1    1.30   19.59   16.60 7762.18 ^ _227775_/Y (AOI21x1_ASAP7_75t_R)
                                         _164016_ (net)
                 19.59    0.14 7762.32 ^ _227776_/B (NOR2x1_ASAP7_75t_R)
     1    0.99   10.99    9.67 7771.99 v _227776_/Y (NOR2x1_ASAP7_75t_R)
                                         _164017_ (net)
                 11.00    0.13 7772.11 v _227777_/A2 (AO21x1_ASAP7_75t_R)
     2    1.60   11.82   17.65 7789.76 v _227777_/Y (AO21x1_ASAP7_75t_R)
                                         _164018_ (net)
                 11.83    0.21 7789.97 v _227783_/A3 (AO32x1_ASAP7_75t_R)
     2    2.13   15.69   27.81 7817.78 v _227783_/Y (AO32x1_ASAP7_75t_R)
                                         _164024_ (net)
                 15.70    0.17 7817.95 v _227860_/A1 (OAI21x1_ASAP7_75t_R)
     2    3.26   25.95   17.24 7835.18 ^ _227860_/Y (OAI21x1_ASAP7_75t_R)
                                         _164101_ (net)
                 26.10    1.06 7836.25 ^ place53699/A (BUFx3_ASAP7_75t_R)
     4    3.65   11.14   19.29 7855.54 ^ place53699/Y (BUFx3_ASAP7_75t_R)
                                         net53257 (net)
                 11.17    0.26 7855.80 ^ _227861_/B (NAND2x1_ASAP7_75t_R)
     2    1.57   10.95    8.52 7864.32 v _227861_/Y (NAND2x1_ASAP7_75t_R)
                                         _164102_ (net)
                 10.95    0.11 7864.43 v _227862_/B (AND2x2_ASAP7_75t_R)
     9    9.00   27.88   24.81 7889.24 v _227862_/Y (AND2x2_ASAP7_75t_R)
                                         _164103_ (net)
                 28.46    2.23 7891.47 v place53639/A (BUFx3_ASAP7_75t_R)
     3    2.34    8.02   19.81 7911.29 v place53639/Y (BUFx3_ASAP7_75t_R)
                                         net53197 (net)
                  8.03    0.14 7911.43 v _228075_/B (OR4x1_ASAP7_75t_R)
     2    2.89   21.60   31.73 7943.16 v _228075_/Y (OR4x1_ASAP7_75t_R)
                                         _164316_ (net)
                 21.61    0.23 7943.39 v _228244_/A1 (AO22x1_ASAP7_75t_R)
     5    4.74   28.91   32.68 7976.06 v _228244_/Y (AO22x1_ASAP7_75t_R)
                                         _164485_ (net)
                 28.95    0.64 7976.70 v _228253_/A1 (OAI21x1_ASAP7_75t_R)
     2    2.02   36.01   17.56 7994.26 ^ _228253_/Y (OAI21x1_ASAP7_75t_R)
                                         _164494_ (net)
                 36.02    0.32 7994.58 ^ _228296_/A2 (AO221x1_ASAP7_75t_R)
     2    3.18   24.66   32.77 8027.35 ^ _228296_/Y (AO221x1_ASAP7_75t_R)
                                         _164537_ (net)
                 24.77    0.90 8028.25 ^ _228325_/A (NAND2x1_ASAP7_75t_R)
     3    4.13   24.18   15.82 8044.07 v _228325_/Y (NAND2x1_ASAP7_75t_R)
                                         _164566_ (net)
                 24.31    1.01 8045.08 v _228377_/A2 (AO221x2_ASAP7_75t_R)
     4    4.59   19.69   34.62 8079.70 v _228377_/Y (AO221x2_ASAP7_75t_R)
                                         _164618_ (net)
                 19.82    0.90 8080.60 v place53347/A (BUFx6f_ASAP7_75t_R)
     7    7.21   10.51   18.31 8098.91 v place53347/Y (BUFx6f_ASAP7_75t_R)
                                         net52905 (net)
                 10.77    0.89 8099.80 v _228782_/A2 (OA21x2_ASAP7_75t_R)
     1    0.98    8.84   17.71 8117.51 v _228782_/Y (OA21x2_ASAP7_75t_R)
                                         _165023_ (net)
                  8.85    0.12 8117.63 v _228783_/D (OR4x1_ASAP7_75t_R)
     1    0.56    9.36   25.44 8143.07 v _228783_/Y (OR4x1_ASAP7_75t_R)
                                         _165024_ (net)
                  9.36    0.03 8143.10 v _228784_/C (OA211x2_ASAP7_75t_R)
     1    1.42   11.05   28.39 8171.49 v _228784_/Y (OA211x2_ASAP7_75t_R)
                                         _165025_ (net)
                 11.07    0.19 8171.68 v _228785_/B (XNOR2x2_ASAP7_75t_R)
     4    4.68   19.67   24.54 8196.22 v _228785_/Y (XNOR2x2_ASAP7_75t_R)
                                         _165026_ (net)
                 19.89    1.17 8197.39 v _228788_/C (AND3x1_ASAP7_75t_R)
     3    3.01   17.89   21.60 8219.00 v _228788_/Y (AND3x1_ASAP7_75t_R)
                                         _165029_ (net)
                 17.90    0.29 8219.28 v _228858_/A2 (OA21x2_ASAP7_75t_R)
     2    1.62   11.44   20.92 8240.20 v _228858_/Y (OA21x2_ASAP7_75t_R)
                                         _165099_ (net)
                 11.44    0.11 8240.31 v _228873_/A (OR5x1_ASAP7_75t_R)
     2    2.27   20.06   32.22 8272.54 v _228873_/Y (OR5x1_ASAP7_75t_R)
                                         _165114_ (net)
                 20.07    0.21 8272.74 v _228933_/B (AND3x1_ASAP7_75t_R)
     4    4.00   23.37   22.85 8295.59 v _228933_/Y (AND3x1_ASAP7_75t_R)
                                         _165174_ (net)
                 23.48    0.96 8296.54 v _229024_/A2 (AO21x2_ASAP7_75t_R)
     4    4.32   16.30   26.06 8322.60 v _229024_/Y (AO21x2_ASAP7_75t_R)
                                         _165265_ (net)
                 16.40    0.72 8323.32 v place52977/A (BUFx6f_ASAP7_75t_R)
    26   24.05   27.42   19.97 8343.29 v place52977/Y (BUFx6f_ASAP7_75t_R)
                                         net52535 (net)
                 42.89   11.22 8354.51 v _229130_/B (OA211x2_ASAP7_75t_R)
     1    0.96   12.55   37.09 8391.60 v _229130_/Y (OA211x2_ASAP7_75t_R)
                                         _165371_ (net)
                 12.55    0.09 8391.70 v _229140_/A3 (OA33x2_ASAP7_75t_R)
     1    1.60   15.97   30.45 8422.14 v _229140_/Y (OA33x2_ASAP7_75t_R)
                                         _165381_ (net)
                 15.99    0.27 8422.41 v _229141_/C (MAJx2_ASAP7_75t_R)
     2    1.81   12.19   22.89 8445.30 v _229141_/Y (MAJx2_ASAP7_75t_R)
                                         _165382_ (net)
                 12.20    0.19 8445.48 v _229143_/A2 (OA21x2_ASAP7_75t_R)
     2    3.07   12.90   21.26 8466.74 v _229143_/Y (OA21x2_ASAP7_75t_R)
                                         _165384_ (net)
                 13.21    1.08 8467.82 v _229281_/A1 (AO21x2_ASAP7_75t_R)
     5    4.59   16.95   24.43 8492.25 v _229281_/Y (AO21x2_ASAP7_75t_R)
                                         _165522_ (net)
                 17.01    0.58 8492.83 v _229637_/A1 (AOI211x1_ASAP7_75t_R)
     3    3.58   39.70   22.56 8515.39 ^ _229637_/Y (AOI211x1_ASAP7_75t_R)
                                         _165878_ (net)
                 39.75    0.83 8516.22 ^ place52793/A (BUFx6f_ASAP7_75t_R)
    10   10.94   16.46   22.25 8538.47 ^ place52793/Y (BUFx6f_ASAP7_75t_R)
                                         net52351 (net)
                 16.64    1.00 8539.47 ^ _229740_/A2 (OA31x2_ASAP7_75t_R)
     2    2.21   12.33   24.06 8563.53 ^ _229740_/Y (OA31x2_ASAP7_75t_R)
                                         _165981_ (net)
                 12.35    0.28 8563.80 ^ _229741_/A (XNOR2x2_ASAP7_75t_R)
     2    2.20   11.29   23.45 8587.26 ^ _229741_/Y (XNOR2x2_ASAP7_75t_R)
                                         _165982_ (net)
                 11.32    0.28 8587.54 ^ _229742_/A (XNOR2x2_ASAP7_75t_R)
     1    0.77   10.71   24.94 8612.48 v _229742_/Y (XNOR2x2_ASAP7_75t_R)
                                         _165983_ (net)
                 10.71    0.08 8612.56 v _229743_/C (AO221x1_ASAP7_75t_R)
     2    2.84   19.54   28.87 8641.43 v _229743_/Y (AO221x1_ASAP7_75t_R)
                                         _165984_ (net)
                 19.56    0.27 8641.69 v _229749_/C (AOI211x1_ASAP7_75t_R)
     2    3.49   38.16   23.18 8664.87 ^ _229749_/Y (AOI211x1_ASAP7_75t_R)
                                         _165990_ (net)
                 38.19    0.59 8665.46 ^ _229763_/B (NOR2x2_ASAP7_75t_R)
     3    3.17   17.46   14.74 8680.21 v _229763_/Y (NOR2x2_ASAP7_75t_R)
                                         _166004_ (net)
                 17.49    0.42 8680.62 v _229817_/A1 (AO211x2_ASAP7_75t_R)
     2    1.61    8.39   19.29 8699.92 v _229817_/Y (AO211x2_ASAP7_75t_R)
                                         _166058_ (net)
                  8.40    0.17 8700.09 v _229943_/A1 (AO21x2_ASAP7_75t_R)
    10   11.10   34.55   30.13 8730.22 v _229943_/Y (AO21x2_ASAP7_75t_R)
                                         _166184_ (net)
                 35.03    2.32 8732.54 v place51879/A (BUFx3_ASAP7_75t_R)
     4    3.81   11.03   22.72 8755.27 v place51879/Y (BUFx3_ASAP7_75t_R)
                                         net51437 (net)
                 11.14    0.60 8755.87 v _230114_/B1 (AO221x1_ASAP7_75t_R)
     1    0.87   10.39   20.98 8776.85 v _230114_/Y (AO221x1_ASAP7_75t_R)
                                         _166355_ (net)
                 10.39    0.10 8776.95 v _230117_/B1 (AO221x1_ASAP7_75t_R)
     2    1.84   14.62   23.94 8800.89 v _230117_/Y (AO221x1_ASAP7_75t_R)
                                         _166358_ (net)
                 14.64    0.22 8801.11 v _230365_/B (AND2x2_ASAP7_75t_R)
     2    2.88   11.01   19.11 8820.21 v _230365_/Y (AND2x2_ASAP7_75t_R)
                                         _166606_ (net)
                 11.06    0.38 8820.59 v _230366_/B (XNOR2x1_ASAP7_75t_R)
     2    1.60   25.86   16.82 8837.41 v _230366_/Y (XNOR2x1_ASAP7_75t_R)
                                         _166607_ (net)
                 25.87    0.15 8837.56 v _230380_/B (OA211x2_ASAP7_75t_R)
     2    2.51   14.14   34.29 8871.86 v _230380_/Y (OA211x2_ASAP7_75t_R)
                                         _166621_ (net)
                 14.19    0.42 8872.27 v _230513_/A2 (AO31x2_ASAP7_75t_R)
     2    1.96    8.40   16.81 8889.09 v _230513_/Y (AO31x2_ASAP7_75t_R)
                                         _166754_ (net)
                  8.41    0.16 8889.25 v _230514_/C (AOI221x1_ASAP7_75t_R)
     3    3.28   39.41   19.60 8908.85 ^ _230514_/Y (AOI221x1_ASAP7_75t_R)
                                         _166755_ (net)
                 39.44    0.56 8909.40 ^ _230515_/B (OAI21x1_ASAP7_75t_R)
     1    1.55   17.99   15.03 8924.43 v _230515_/Y (OAI21x1_ASAP7_75t_R)
                                         _166756_ (net)
                 17.99    0.13 8924.56 v place51404/A (BUFx6f_ASAP7_75t_R)
    16   15.24   18.79   19.88 8944.44 v place51404/Y (BUFx6f_ASAP7_75t_R)
                                         net50962 (net)
                 19.06    1.36 8945.80 v place51402/A (BUFx6f_ASAP7_75t_R)
    14   12.83   15.42   20.56 8966.36 v place51402/Y (BUFx6f_ASAP7_75t_R)
                                         net50960 (net)
                 16.04    1.66 8968.03 v place51401/A (BUFx3_ASAP7_75t_R)
    13   12.13   25.02   24.34 8992.37 v place51401/Y (BUFx3_ASAP7_75t_R)
                                         net50959 (net)
                 25.47    1.87 8994.24 v _230875_/B (AND2x2_ASAP7_75t_R)
     2    2.23    9.67   21.23 9015.47 v _230875_/Y (AND2x2_ASAP7_75t_R)
                                         _167116_ (net)
                  9.69    0.23 9015.70 v _230881_/A3 (AO32x1_ASAP7_75t_R)
     1    0.96   13.01   23.69 9039.38 v _230881_/Y (AO32x1_ASAP7_75t_R)
                                         _167122_ (net)
                 13.02    0.13 9039.51 v _230889_/B1 (AO221x1_ASAP7_75t_R)
     2    1.63   13.45   24.04 9063.55 v _230889_/Y (AO221x1_ASAP7_75t_R)
                                         _167130_ (net)
                 13.46    0.21 9063.76 v _230897_/A2 (OA33x2_ASAP7_75t_R)
     1    0.73   12.81   29.40 9093.16 v _230897_/Y (OA33x2_ASAP7_75t_R)
                                         _167138_ (net)
                 12.81    0.04 9093.20 v _230898_/B (OA21x2_ASAP7_75t_R)
     1    0.59    6.99   13.77 9106.97 v _230898_/Y (OA21x2_ASAP7_75t_R)
                                         _167139_ (net)
                  6.99    0.06 9107.02 v _230906_/B (OA211x2_ASAP7_75t_R)
     4    4.55   19.79   31.52 9138.54 v _230906_/Y (OA211x2_ASAP7_75t_R)
                                         _167147_ (net)
                 19.84    0.52 9139.06 v _230940_/C (MAJx2_ASAP7_75t_R)
     2    2.40   13.73   24.82 9163.88 v _230940_/Y (MAJx2_ASAP7_75t_R)
                                         _167181_ (net)
                 13.74    0.22 9164.10 v place51122/A (BUFx3_ASAP7_75t_R)
     3    2.54    7.87   16.09 9180.19 v place51122/Y (BUFx3_ASAP7_75t_R)
                                         net50680 (net)
                  7.88    0.16 9180.35 v _230950_/B (XNOR2x2_ASAP7_75t_R)
     1    0.74    9.24   20.01 9200.37 ^ _230950_/Y (XNOR2x2_ASAP7_75t_R)
                                         _167191_ (net)
                  9.24    0.04 9200.41 ^ _230951_/C (AND3x1_ASAP7_75t_R)
     2    2.09   17.55   22.21 9222.61 ^ _230951_/Y (AND3x1_ASAP7_75t_R)
                                         _167192_ (net)
                 17.57    0.24 9222.85 ^ place51079/A (BUFx3_ASAP7_75t_R)
     1    1.36    6.44   15.04 9237.89 ^ place51079/Y (BUFx3_ASAP7_75t_R)
                                         net50637 (net)
                  6.46    0.18 9238.07 ^ _231188_/B (XNOR2x2_ASAP7_75t_R)
     2    2.31   10.98   26.38 9264.45 v _231188_/Y (XNOR2x2_ASAP7_75t_R)
                                         _167429_ (net)
                 11.00    0.25 9264.70 v _231259_/C (MAJx2_ASAP7_75t_R)
     1    1.33   11.48   20.83 9285.54 v _231259_/Y (MAJx2_ASAP7_75t_R)
                                         _167500_ (net)
                 11.49    0.15 9285.69 v _231260_/C (MAJx2_ASAP7_75t_R)
     1    1.33   10.59   20.95 9306.65 v _231260_/Y (MAJx2_ASAP7_75t_R)
                                         _167501_ (net)
                 10.60    0.16 9306.81 v _231261_/C (MAJx2_ASAP7_75t_R)
     3    3.02   14.83   23.52 9330.33 v _231261_/Y (MAJx2_ASAP7_75t_R)
                                         _167502_ (net)
                 14.89    0.52 9330.85 v _231262_/B (NAND2x1_ASAP7_75t_R)
     2    2.17   18.37   13.38 9344.23 ^ _231262_/Y (NAND2x1_ASAP7_75t_R)
                                         _167503_ (net)
                 18.38    0.24 9344.47 ^ _231371_/D (AND5x2_ASAP7_75t_R)
     7    7.15   30.58   39.46 9383.93 ^ _231371_/Y (AND5x2_ASAP7_75t_R)
                                         _167612_ (net)
                 30.94    1.83 9385.75 ^ _231376_/B (NAND2x1p5_ASAP7_75t_R)
     8    7.59   31.92   21.22 9406.98 v _231376_/Y (NAND2x1p5_ASAP7_75t_R)
                                         _167617_ (net)
                 31.97    0.71 9407.69 v place50895/A (BUFx3_ASAP7_75t_R)
     6    5.35   13.32   23.50 9431.19 v place50895/Y (BUFx3_ASAP7_75t_R)
                                         net50453 (net)
                 13.39    0.51 9431.70 v _231535_/A2 (OA211x2_ASAP7_75t_R)
     1    0.77    9.42   23.29 9454.99 v _231535_/Y (OA211x2_ASAP7_75t_R)
                                         _167776_ (net)
                  9.42    0.08 9455.08 v _231539_/A3 (AO32x1_ASAP7_75t_R)
     1    0.83   10.70   23.22 9478.29 v _231539_/Y (AO32x1_ASAP7_75t_R)
                                         _167780_ (net)
                 10.70    0.10 9478.39 v _231540_/C (AO221x1_ASAP7_75t_R)
     2    2.49   18.62   27.69 9506.08 v _231540_/Y (AO221x1_ASAP7_75t_R)
                                         _167781_ (net)
                 18.67    0.55 9506.63 v _231543_/A (NAND2x1_ASAP7_75t_R)
     1    1.30   15.09   13.77 9520.39 ^ _231543_/Y (NAND2x1_ASAP7_75t_R)
                                         _167784_ (net)
                 15.09    0.15 9520.54 ^ _231544_/C (MAJx2_ASAP7_75t_R)
     2    1.94   13.89   20.02 9540.56 ^ _231544_/Y (MAJx2_ASAP7_75t_R)
                                         _167785_ (net)
                 13.91    0.32 9540.87 ^ _231549_/A1 (OA21x2_ASAP7_75t_R)
     2    2.13   10.88   19.53 9560.40 ^ _231549_/Y (OA21x2_ASAP7_75t_R)
                                         _167790_ (net)
                 10.89    0.13 9560.54 ^ _231555_/A2 (OAI21x1_ASAP7_75t_R)
     2    2.04   13.99    9.90 9570.43 v _231555_/Y (OAI21x1_ASAP7_75t_R)
                                         _167796_ (net)
                 14.01    0.31 9570.74 v _231609_/A1 (AO21x2_ASAP7_75t_R)
     2    2.14   12.44   21.25 9591.99 v _231609_/Y (AO21x2_ASAP7_75t_R)
                                         _167850_ (net)
                 12.46    0.26 9592.25 v _231767_/A2 (AO211x2_ASAP7_75t_R)
     3    4.53   16.65   23.14 9615.39 v _231767_/Y (AO211x2_ASAP7_75t_R)
                                         _168008_ (net)
                 16.67    0.35 9615.75 v place50778/A (BUFx3_ASAP7_75t_R)
    24   27.21   54.55   31.76 9647.51 v place50778/Y (BUFx3_ASAP7_75t_R)
                                         net50336 (net)
                 56.54    5.74 9653.25 v _231845_/A (NAND2x1_ASAP7_75t_R)
     1    1.22   22.47   21.40 9674.65 ^ _231845_/Y (NAND2x1_ASAP7_75t_R)
                                         _168086_ (net)
                 22.47    0.10 9674.75 ^ _231846_/B (XNOR2x2_ASAP7_75t_R)
     2    1.49    9.14   24.86 9699.61 ^ _231846_/Y (XNOR2x2_ASAP7_75t_R)
                                         _168087_ (net)
                  9.14    0.12 9699.73 ^ _232011_/B (OA211x2_ASAP7_75t_R)
     1    1.14    9.34   20.19 9719.92 ^ _232011_/Y (OA211x2_ASAP7_75t_R)
                                         _168252_ (net)
                  9.36    0.19 9720.11 ^ _232012_/E (AND5x1_ASAP7_75t_R)
     1    1.05   13.91   30.79 9750.90 ^ _232012_/Y (AND5x1_ASAP7_75t_R)
                                         _168253_ (net)
                 13.91    0.13 9751.04 ^ _232061_/C (AND5x1_ASAP7_75t_R)
     1    1.28   15.16   31.06 9782.10 ^ _232061_/Y (AND5x1_ASAP7_75t_R)
                                         _168302_ (net)
                 15.17    0.22 9782.32 ^ _232067_/A (AND5x1_ASAP7_75t_R)
     2    1.68   17.40   29.83 9812.15 ^ _232067_/Y (AND5x1_ASAP7_75t_R)
                                         _168308_ (net)
                 17.40    0.14 9812.29 ^ _232096_/A (AND4x2_ASAP7_75t_R)
     4    9.06   40.14   36.99 9849.29 ^ _232096_/Y (AND4x2_ASAP7_75t_R)
                                         _168337_ (net)
                 46.95    8.56 9857.85 ^ place50665/A (BUFx6f_ASAP7_75t_R)
     4    3.53    8.17   19.88 9877.73 ^ place50665/Y (BUFx6f_ASAP7_75t_R)
                                         net50223 (net)
                  8.19    0.20 9877.93 ^ _232159_/A2 (AOI21x1_ASAP7_75t_R)
     3    3.12   18.57   11.47 9889.40 v _232159_/Y (AOI21x1_ASAP7_75t_R)
                                         _168400_ (net)
                 18.58    0.27 9889.67 v _232162_/B1 (AO221x1_ASAP7_75t_R)
     4    3.94   25.21   31.84 9921.51 v _232162_/Y (AO221x1_ASAP7_75t_R)
                                         _168403_ (net)
                 25.23    0.36 9921.87 v _232246_/B (AO21x1_ASAP7_75t_R)
     2    1.82   13.96   22.16 9944.03 v _232246_/Y (AO21x1_ASAP7_75t_R)
                                         _168487_ (net)
                 13.98    0.24 9944.27 v _232279_/A1 (AO21x1_ASAP7_75t_R)
     3    3.53   21.55   24.11 9968.38 v _232279_/Y (AO21x1_ASAP7_75t_R)
                                         _168520_ (net)
                 21.61    0.71 9969.08 v _232503_/A1 (AO22x2_ASAP7_75t_R)
     5    5.50   19.53   28.89 9997.97 v _232503_/Y (AO22x2_ASAP7_75t_R)
                                         _168744_ (net)
                 19.76    1.17 9999.14 v _232535_/B (MAJx2_ASAP7_75t_R)
     1    1.21    8.14   24.39 10023.53 v _232535_/Y (MAJx2_ASAP7_75t_R)
                                         _168776_ (net)
                  8.15    0.15 10023.68 v _232536_/B (XNOR2x2_ASAP7_75t_R)
     2    2.38   11.88   22.53 10046.21 ^ _232536_/Y (XNOR2x2_ASAP7_75t_R)
                                         _168777_ (net)
                 11.93    0.38 10046.59 ^ _232538_/C (AND3x2_ASAP7_75t_R)
     2    1.69   11.11   22.26 10068.85 ^ _232538_/Y (AND3x2_ASAP7_75t_R)
                                         _168779_ (net)
                 11.12    0.16 10069.00 ^ place50200/A (BUFx3_ASAP7_75t_R)
     4    5.24   14.19   17.20 10086.20 ^ place50200/Y (BUFx3_ASAP7_75t_R)
                                         net49758 (net)
                 14.25    0.51 10086.71 ^ _232627_/C (NOR3x2_ASAP7_75t_R)
     4    4.34   33.61   15.98 10102.70 v _232627_/Y (NOR3x2_ASAP7_75t_R)
                                         _168868_ (net)
                 33.65    0.60 10103.29 v _232628_/B (AO211x2_ASAP7_75t_R)
     3    3.90   16.52   26.19 10129.48 v _232628_/Y (AO211x2_ASAP7_75t_R)
                                         _168869_ (net)
                 16.74    1.04 10130.52 v place50007/A (BUFx3_ASAP7_75t_R)
     4    3.86   10.37   18.21 10148.73 v place50007/Y (BUFx3_ASAP7_75t_R)
                                         net49565 (net)
                 10.37    0.10 10148.83 v _232664_/A (OR3x1_ASAP7_75t_R)
     3    2.45   17.57   24.74 10173.57 v _232664_/Y (OR3x1_ASAP7_75t_R)
                                         _168905_ (net)
                 17.58    0.26 10173.84 v _232668_/B2 (AO221x1_ASAP7_75t_R)
     3    3.19   21.34   30.43 10204.27 v _232668_/Y (AO221x1_ASAP7_75t_R)
                                         _168909_ (net)
                 21.36    0.38 10204.65 v _232669_/B (AO31x2_ASAP7_75t_R)
     7    5.93   19.28   24.71 10229.36 v _232669_/Y (AO31x2_ASAP7_75t_R)
                                         _168910_ (net)
                 19.66    1.51 10230.87 v _232673_/B (OA211x2_ASAP7_75t_R)
     3    3.48   17.53   33.76 10264.63 v _232673_/Y (OA211x2_ASAP7_75t_R)
                                         _168914_ (net)
                 17.61    0.61 10265.24 v _232983_/B (AO21x2_ASAP7_75t_R)
     7    7.84   26.58   29.10 10294.34 v _232983_/Y (AO21x2_ASAP7_75t_R)
                                         _169224_ (net)
                 26.92    1.71 10296.05 v place49709/A (BUFx3_ASAP7_75t_R)
     7    8.34   19.40   23.89 10319.94 v place49709/Y (BUFx3_ASAP7_75t_R)
                                         net49267 (net)
                 20.35    2.32 10322.26 v _233645_/A (NAND2x1_ASAP7_75t_R)
     4    3.01   24.88   19.10 10341.35 ^ _233645_/Y (NAND2x1_ASAP7_75t_R)
                                         _169886_ (net)
                 24.89    0.28 10341.63 ^ _233647_/A2 (OA211x2_ASAP7_75t_R)
     1    0.90    8.75   22.88 10364.52 ^ _233647_/Y (OA211x2_ASAP7_75t_R)
                                         _169888_ (net)
                  8.75    0.10 10364.62 ^ _233652_/A2 (AO21x1_ASAP7_75t_R)
     1    0.84    8.53   13.80 10378.42 ^ _233652_/Y (AO21x1_ASAP7_75t_R)
                                         _169893_ (net)
                  8.53    0.06 10378.48 ^ _233719_/A2 (AO21x1_ASAP7_75t_R)
     2    2.74   19.89   19.06 10397.54 ^ _233719_/Y (AO21x1_ASAP7_75t_R)
                                         _169960_ (net)
                 19.93    0.59 10398.13 ^ _233721_/D (AND5x2_ASAP7_75t_R)
     2    2.06   13.98   32.44 10430.57 ^ _233721_/Y (AND5x2_ASAP7_75t_R)
                                         _169962_ (net)
                 13.99    0.16 10430.73 ^ _233967_/C (AND3x4_ASAP7_75t_R)
     2    2.11    9.21   21.39 10452.12 ^ _233967_/Y (AND3x4_ASAP7_75t_R)
                                         _170208_ (net)
                  9.24    0.22 10452.34 ^ _235036_/B (AND5x2_ASAP7_75t_R)
     2    2.15   14.05   27.40 10479.74 ^ _235036_/Y (AND5x2_ASAP7_75t_R)
                                         _171277_ (net)
                 14.09    0.36 10480.10 ^ place49466/A (BUFx3_ASAP7_75t_R)
     3    2.40    8.35   15.27 10495.36 ^ place49466/Y (BUFx3_ASAP7_75t_R)
                                         net49024 (net)
                  8.36    0.18 10495.55 ^ _235237_/B (AND5x1_ASAP7_75t_R)
     1    1.41   15.89   29.08 10524.63 ^ _235237_/Y (AND5x1_ASAP7_75t_R)
                                         _171478_ (net)
                 15.89    0.19 10524.82 ^ _235239_/C (AOI211x1_ASAP7_75t_R)
     2    2.26   31.92   12.83 10537.65 v _235239_/Y (AOI211x1_ASAP7_75t_R)
                                         _171480_ (net)
                 31.92    0.14 10537.79 v _235240_/A (NAND2x1_ASAP7_75t_R)
     3    2.48   24.75   20.93 10558.72 ^ _235240_/Y (NAND2x1_ASAP7_75t_R)
                                         _171481_ (net)
                 24.76    0.40 10559.12 ^ _235289_/A1 (OA211x2_ASAP7_75t_R)
     4    6.17   26.29   31.30 10590.41 ^ _235289_/Y (OA211x2_ASAP7_75t_R)
                                         _171530_ (net)
                 27.99    3.57 10593.98 ^ _255129_/A1 (AOI21x1_ASAP7_75t_R)
     6    5.67   33.70   22.55 10616.53 v _255129_/Y (AOI21x1_ASAP7_75t_R)
                                         _191369_ (net)
                 33.94    1.57 10618.10 v _285397_/E (OR5x1_ASAP7_75t_R)
     3    2.27   22.09   41.53 10659.63 v _285397_/Y (OR5x1_ASAP7_75t_R)
                                         _046137_ (net)
                 22.10    0.19 10659.82 v _286027_/A1 (OA211x2_ASAP7_75t_R)
     5   29.89   94.91   42.88 10702.70 v _286027_/Y (OA211x2_ASAP7_75t_R)
                                         _046766_ (net)
                117.70   24.12 10726.82 v place49078/A (BUFx6f_ASAP7_75t_R)
    29   30.37   35.87   36.97 10763.79 v place49078/Y (BUFx6f_ASAP7_75t_R)
                                         net48636 (net)
                 71.40   20.56 10784.35 v _373562_/A1 (AO21x1_ASAP7_75t_R)
     1    1.00    9.94   28.44 10812.79 v _373562_/Y (AO21x1_ASAP7_75t_R)
                                         _119105_ (net)
                  9.95    0.13 10812.92 v _373563_/B (OA21x2_ASAP7_75t_R)
     1    1.41   11.45   14.01 10826.93 v _373563_/Y (OA21x2_ASAP7_75t_R)
                                         _119106_ (net)
                 11.46    0.18 10827.11 v _373564_/B (NOR2x1_ASAP7_75t_R)
     1    1.01   21.79    8.46 10835.57 ^ _373564_/Y (NOR2x1_ASAP7_75t_R)
                                         u_fp_prf._00038_[28] (net)
                 21.79    0.11 10835.68 ^ _388327_/D (DFFHQNx1_ASAP7_75t_R)
                               10835.68   data arrival time

                       1000.00 1000.00   clock core_clk (rise edge)
                          0.00 1000.00   clock source latency
     1   23.35   20.00    0.00 1000.00 ^ clk (in)
                                         clk (net)
                 85.58   20.69 1020.69 ^ wire96739/A (BUFx12f_ASAP7_75t_R)
     1   21.05   13.50   24.61 1045.30 ^ wire96739/Y (BUFx12f_ASAP7_75t_R)
                                         net96297 (net)
                 65.43   20.27 1065.57 ^ clkbuf_0_clk/A (BUFx24_ASAP7_75t_R)
     2   17.69   14.52   31.48 1097.04 ^ clkbuf_0_clk/Y (BUFx24_ASAP7_75t_R)
                                         clknet_0_clk (net)
                 21.76    5.31 1102.35 ^ clkbuf_1_1_0_clk/A (BUFx24_ASAP7_75t_R)
     2   13.27   11.20   22.22 1124.57 ^ clkbuf_1_1_0_clk/Y (BUFx24_ASAP7_75t_R)
                                         clknet_1_1_0_clk (net)
                 14.00    2.71 1127.28 ^ clkbuf_2_3_0_clk/A (BUFx24_ASAP7_75t_R)
     2   14.70    9.58   19.51 1146.79 ^ clkbuf_2_3_0_clk/Y (BUFx24_ASAP7_75t_R)
                                         clknet_2_3_0_clk (net)
                 26.83    7.70 1154.49 ^ clkbuf_3_7_0_clk/A (BUFx24_ASAP7_75t_R)
     2   12.40   10.90   23.21 1177.70 ^ clkbuf_3_7_0_clk/Y (BUFx24_ASAP7_75t_R)
                                         clknet_3_7_0_clk (net)
                 16.00    3.81 1181.51 ^ clkbuf_4_15_0_clk/A (BUFx24_ASAP7_75t_R)
     4   20.64   15.15   21.35 1202.86 ^ clkbuf_4_15_0_clk/Y (BUFx24_ASAP7_75t_R)
                                         clknet_4_15_0_clk (net)
                 19.08    3.92 1206.78 ^ clkbuf_6_60_0_clk/A (BUFx24_ASAP7_75t_R)
     2    7.14    8.81   20.90 1227.68 ^ clkbuf_6_60_0_clk/Y (BUFx24_ASAP7_75t_R)
                                         clknet_6_60_0_clk (net)
                  9.49    1.26 1228.94 ^ clkbuf_7_121__f_clk/A (BUFx24_ASAP7_75t_R)
     5   14.05   11.79   19.15 1248.09 ^ clkbuf_7_121__f_clk/Y (BUFx24_ASAP7_75t_R)
                                         clknet_7_121__leaf_clk (net)
                 12.72    1.67 1249.76 ^ clkbuf_leaf_453_clk/A (BUFx24_ASAP7_75t_R)
    18   14.05   11.82   20.08 1269.85 ^ clkbuf_leaf_453_clk/Y (BUFx24_ASAP7_75t_R)
                                         clknet_leaf_453_clk (net)
                 12.76    1.67 1271.51 ^ _388327_/CLK (DFFHQNx1_ASAP7_75t_R)
                        -50.00 1221.51   clock uncertainty
                          0.00 1221.51   clock reconvergence pessimism
                        -10.91 1210.60   library setup time
                               1210.60   data required time
-----------------------------------------------------------------------------
                               1210.60   data required time
                               -10835.68   data arrival time
-----------------------------------------------------------------------------
                               -9625.08   slack (VIOLATED)


Startpoint: _399544_ (rising edge-triggered flip-flop clocked by core_clk)
Endpoint: dmem_req_addr[13] (output port clocked by core_clk)
Path Group: reg2out
Path Type: max

Fanout     Cap    Slew   Delay    Time   Description
-----------------------------------------------------------------------------
                          0.00    0.00   clock core_clk (rise edge)
                          0.00    0.00   clock source latency
     1   23.89   20.00    0.00    0.00 ^ clk (in)
                                         clk (net)
                 88.45   21.59   21.59 ^ wire96739/A (BUFx12f_ASAP7_75t_R)
     1   21.65   13.49   24.83   46.42 ^ wire96739/Y (BUFx12f_ASAP7_75t_R)
                                         net96297 (net)
                 68.62   21.29   67.72 ^ clkbuf_0_clk/A (BUFx24_ASAP7_75t_R)
     2   18.89   15.14   32.09   99.81 ^ clkbuf_0_clk/Y (BUFx24_ASAP7_75t_R)
                                         clknet_0_clk (net)
                 23.33    5.77  105.58 ^ clkbuf_1_1_0_clk/A (BUFx24_ASAP7_75t_R)
     2   14.47   11.80   22.71  128.29 ^ clkbuf_1_1_0_clk/Y (BUFx24_ASAP7_75t_R)
                                         clknet_1_1_0_clk (net)
                 18.71    4.79  133.07 ^ clkbuf_2_2_0_clk/A (BUFx24_ASAP7_75t_R)
     2   15.47   10.01   20.98  154.05 ^ clkbuf_2_2_0_clk/Y (BUFx24_ASAP7_75t_R)
                                         clknet_2_2_0_clk (net)
                 27.19    7.77  161.82 ^ clkbuf_3_4_0_clk/A (BUFx24_ASAP7_75t_R)
     2   13.29   10.52   23.25  185.07 ^ clkbuf_3_4_0_clk/Y (BUFx24_ASAP7_75t_R)
                                         clknet_3_4_0_clk (net)
                 21.94    6.06  191.13 ^ clkbuf_4_9_0_clk/A (BUFx24_ASAP7_75t_R)
     4   24.32   16.92   23.04  214.16 ^ clkbuf_4_9_0_clk/Y (BUFx24_ASAP7_75t_R)
                                         clknet_4_9_0_clk (net)
                 26.38    6.59  220.76 ^ clkbuf_6_37_0_clk/A (BUFx24_ASAP7_75t_R)
     2    8.08    9.37   22.81  243.57 ^ clkbuf_6_37_0_clk/Y (BUFx24_ASAP7_75t_R)
                                         clknet_6_37_0_clk (net)
                 11.13    2.08  245.64 ^ clkbuf_7_74__f_clk/A (BUFx24_ASAP7_75t_R)
     6   20.37   14.87   20.51  266.15 ^ clkbuf_7_74__f_clk/Y (BUFx24_ASAP7_75t_R)
                                         clknet_7_74__leaf_clk (net)
                 15.94    2.07  268.22 ^ clkbuf_leaf_187_clk/A (BUFx24_ASAP7_75t_R)
    22   16.23   12.72   20.97  289.19 ^ clkbuf_leaf_187_clk/Y (BUFx24_ASAP7_75t_R)
                                         clknet_leaf_187_clk (net)
                 17.58    4.07  293.27 ^ _399544_/CLK (DFFHQNx1_ASAP7_75t_R)
     2    4.01   33.58   49.21  342.48 ^ _399544_/QN (DFFHQNx1_ASAP7_75t_R)
                                         _014429_ (net)
                 33.64    0.81  343.29 ^ _192395_/C (AND3x2_ASAP7_75t_R)
     4    8.81   35.62   34.60  377.89 ^ _192395_/Y (AND3x2_ASAP7_75t_R)
                                         _128669_ (net)
                 36.45    3.04  380.93 ^ place90017/A (BUFx3_ASAP7_75t_R)
     2    2.29    8.93   19.68  400.60 ^ place90017/Y (BUFx3_ASAP7_75t_R)
                                         net89575 (net)
                  8.98    0.35  400.95 ^ place90016/A (BUFx3_ASAP7_75t_R)
     7   30.23   70.60   22.95  423.91 ^ place90016/Y (BUFx3_ASAP7_75t_R)
                                         net89574 (net)
                127.19   36.33  460.23 ^ _192539_/A (NAND2x1_ASAP7_75t_R)
     2    1.76   24.90   15.27  475.50 v _192539_/Y (NAND2x1_ASAP7_75t_R)
                                         _128813_ (net)
                 24.90    0.22  475.72 v _192624_/A (OR3x4_ASAP7_75t_R)
     3    9.01   26.11   42.35  518.06 v _192624_/Y (OR3x4_ASAP7_75t_R)
                                         _128898_ (net)
                 26.38    1.62  519.68 v place88648/A (BUFx6f_ASAP7_75t_R)
    17   47.37   50.61   30.21  549.89 v place88648/Y (BUFx6f_ASAP7_75t_R)
                                         net88206 (net)
                 55.61    8.26  558.15 v place88646/A (BUFx6f_ASAP7_75t_R)
    14   22.41   27.74   28.42  586.57 v place88646/Y (BUFx6f_ASAP7_75t_R)
                                         net88204 (net)
                 33.39    6.32  592.89 v place88644/A (BUFx6f_ASAP7_75t_R)
    48   59.58   62.76   28.86  621.75 v place88644/Y (BUFx6f_ASAP7_75t_R)
                                         net88202 (net)
                123.64   36.97  658.72 v place88643/A (BUFx6f_ASAP7_75t_R)
    32   34.79   41.22   39.10  697.81 v place88643/Y (BUFx6f_ASAP7_75t_R)
                                         net88201 (net)
                 67.81   18.18  716.00 v _195759_/A2 (OA22x2_ASAP7_75t_R)
     2    1.83   11.85   32.40  748.39 v _195759_/Y (OA22x2_ASAP7_75t_R)
                                         _132033_ (net)
                 11.87    0.22  748.61 v _195763_/A2 (AO21x1_ASAP7_75t_R)
     2    4.25   26.24   24.07  772.68 v _195763_/Y (AO21x1_ASAP7_75t_R)
                                         _132037_ (net)
                 26.46    1.33  774.01 v place86504/A (BUFx3_ASAP7_75t_R)
     1    3.50   10.26   20.32  794.33 v place86504/Y (BUFx3_ASAP7_75t_R)
                                         net86062 (net)
                 10.58    0.99  795.32 v _195778_/A2 (AO221x1_ASAP7_75t_R)
     3    4.22   27.89   31.93  827.25 v _195778_/Y (AO221x1_ASAP7_75t_R)
                                         _132052_ (net)
                 28.08    1.30  828.55 v _197775_/B (AND2x2_ASAP7_75t_R)
     4    3.13   13.39   23.25  851.80 v _197775_/Y (AND2x2_ASAP7_75t_R)
                                         _134049_ (net)
                 13.40    0.22  852.02 v _197779_/B (OR4x1_ASAP7_75t_R)
     1    1.52   15.13   28.47  880.49 v _197779_/Y (OR4x1_ASAP7_75t_R)
                                         _134053_ (net)
                 15.14    0.16  880.65 v place83660/A (BUFx6f_ASAP7_75t_R)
     3   16.43   16.74   18.10  898.75 v place83660/Y (BUFx6f_ASAP7_75t_R)
                                         net83218 (net)
                 42.06   12.21  910.95 v _198023_/A1 (AO21x2_ASAP7_75t_R)
     5   14.02   45.01   38.21  949.16 v _198023_/Y (AO21x2_ASAP7_75t_R)
                                         _134297_ (net)
                 59.90   13.65  962.81 v place82814/A (BUFx3_ASAP7_75t_R)
     3    3.51   11.50   26.85  989.66 v place82814/Y (BUFx3_ASAP7_75t_R)
                                         net82372 (net)
                 11.69    0.79  990.45 v _198608_/A (OR3x1_ASAP7_75t_R)
     4    4.47   28.14   30.25 1020.70 v _198608_/Y (OR3x1_ASAP7_75t_R)
                                         _134882_ (net)
                 28.17    0.66 1021.36 v _198615_/C (OR3x1_ASAP7_75t_R)
     2    8.19   48.64   41.77 1063.13 v _198615_/Y (OR3x1_ASAP7_75t_R)
                                         _134889_ (net)
                 49.29    3.16 1066.29 v place81200/A (BUFx6f_ASAP7_75t_R)
     2    5.43   10.52   23.02 1089.31 v place81200/Y (BUFx6f_ASAP7_75t_R)
                                         net80758 (net)
                 12.97    2.62 1091.93 v place81199/A (BUFx6f_ASAP7_75t_R)
    10   25.74   26.60   16.10 1108.03 v place81199/Y (BUFx6f_ASAP7_75t_R)
                                         net80757 (net)
                 56.76   15.67 1123.70 v _203107_/A2 (OA222x2_ASAP7_75t_R)
     1    0.83    8.68   28.50 1152.20 v _203107_/Y (OA222x2_ASAP7_75t_R)
                                         _139381_ (net)
                  8.69    0.06 1152.25 v _203123_/A (AND4x1_ASAP7_75t_R)
     1    1.12    8.56   12.58 1164.83 v _203123_/Y (AND4x1_ASAP7_75t_R)
                                         _139397_ (net)
                  8.57    0.16 1164.99 v _203124_/D (AND4x1_ASAP7_75t_R)
     2    5.57   32.02   24.09 1189.08 v _203124_/Y (AND4x1_ASAP7_75t_R)
                                         _139398_ (net)
                 32.47    2.13 1191.21 v place79330/A (BUFx3_ASAP7_75t_R)
     1    0.99    6.06   19.18 1210.39 v place79330/Y (BUFx3_ASAP7_75t_R)
                                         net78888 (net)
                  6.07    0.13 1210.52 v _203126_/A2 (AO21x1_ASAP7_75t_R)
     2    4.75   28.20   23.69 1234.21 v _203126_/Y (AO21x1_ASAP7_75t_R)
                                         _139400_ (net)
                 28.32    1.07 1235.29 v _203127_/B (NOR2x2_ASAP7_75t_R)
     2    8.95   40.73   22.11 1257.39 ^ _203127_/Y (NOR2x2_ASAP7_75t_R)
                                         _139401_ (net)
                 41.43    2.94 1260.33 ^ _207903_/A (NAND2x1_ASAP7_75t_R)
     2    2.69   24.39   14.95 1275.29 v _207903_/Y (NAND2x1_ASAP7_75t_R)
                                         _144176_ (net)
                 24.40    0.26 1275.55 v _207951_/B (MAJx2_ASAP7_75t_R)
     2    3.51   16.00   29.08 1304.62 v _207951_/Y (MAJx2_ASAP7_75t_R)
                                         _144223_ (net)
                 16.28    1.16 1305.78 v _208672_/B (MAJx2_ASAP7_75t_R)
     2    2.29   11.24   25.19 1330.97 v _208672_/Y (MAJx2_ASAP7_75t_R)
                                         _144943_ (net)
                 11.26    0.29 1331.26 v _208722_/B (MAJx2_ASAP7_75t_R)
     2    2.28   12.01   23.70 1354.96 v _208722_/Y (MAJx2_ASAP7_75t_R)
                                         _144992_ (net)
                 12.03    0.29 1355.24 v _208759_/B (MAJx2_ASAP7_75t_R)
     2    2.74   13.31   24.67 1379.91 v _208759_/Y (MAJx2_ASAP7_75t_R)
                                         _145028_ (net)
                 13.36    0.44 1380.35 v _208837_/B (MAJx2_ASAP7_75t_R)
     2    3.02   13.78   25.40 1405.75 v _208837_/Y (MAJx2_ASAP7_75t_R)
                                         _145105_ (net)
                 13.92    0.76 1406.51 v _208912_/B (MAJx2_ASAP7_75t_R)
     2    2.44   12.80   24.77 1431.28 v _208912_/Y (MAJx2_ASAP7_75t_R)
                                         _145179_ (net)
                 12.81    0.23 1431.51 v _208937_/B (MAJx2_ASAP7_75t_R)
     2    2.53   12.05   24.55 1456.06 v _208937_/Y (MAJx2_ASAP7_75t_R)
                                         _145203_ (net)
                 12.09    0.38 1456.44 v _209010_/B (MAJx2_ASAP7_75t_R)
     2    2.96   13.76   24.95 1481.38 v _209010_/Y (MAJx2_ASAP7_75t_R)
                                         _145275_ (net)
                 13.86    0.65 1482.03 v _209082_/B (MAJx2_ASAP7_75t_R)
     2    2.67   12.73   25.06 1507.09 v _209082_/Y (MAJx2_ASAP7_75t_R)
                                         _145346_ (net)
                 12.79    0.47 1507.56 v _209182_/B (MAJx2_ASAP7_75t_R)
     2    2.48   14.77   24.48 1532.04 v _209182_/Y (MAJx2_ASAP7_75t_R)
                                         _145445_ (net)
                 14.80    0.32 1532.36 v _209211_/B (MAJx2_ASAP7_75t_R)
     2    2.45   13.55   25.00 1557.35 v _209211_/Y (MAJx2_ASAP7_75t_R)
                                         _145473_ (net)
                 13.59    0.35 1557.71 v _209318_/B (MAJx2_ASAP7_75t_R)
     2    2.44   13.90   24.64 1582.35 v _209318_/Y (MAJx2_ASAP7_75t_R)
                                         _145579_ (net)
                 13.93    0.30 1582.65 v _209357_/B (MAJx2_ASAP7_75t_R)
     2    3.37   15.37   26.10 1608.76 v _209357_/Y (MAJx2_ASAP7_75t_R)
                                         _145617_ (net)
                 15.46    0.62 1609.37 v _209417_/B (MAJx2_ASAP7_75t_R)
     2    2.17   13.49   24.81 1634.18 v _209417_/Y (MAJx2_ASAP7_75t_R)
                                         _145676_ (net)
                 13.49    0.10 1634.29 v _209481_/B (MAJx2_ASAP7_75t_R)
     2    2.75   15.19   25.15 1659.44 v _209481_/Y (MAJx2_ASAP7_75t_R)
                                         _145739_ (net)
                 15.21    0.30 1659.73 v _209517_/B (MAJx2_ASAP7_75t_R)
     2    2.44   12.78   25.14 1684.87 v _209517_/Y (MAJx2_ASAP7_75t_R)
                                         _145774_ (net)
                 12.81    0.31 1685.18 v _209573_/B (MAJx2_ASAP7_75t_R)
     2    2.39   13.57   24.36 1709.54 v _209573_/Y (MAJx2_ASAP7_75t_R)
                                         _145829_ (net)
                 13.59    0.28 1709.81 v _209635_/B (MAJx2_ASAP7_75t_R)
     2    2.75   15.30   25.11 1734.92 v _209635_/Y (MAJx2_ASAP7_75t_R)
                                         _145890_ (net)
                 15.37    0.53 1735.45 v _209690_/B (MAJx2_ASAP7_75t_R)
     2    2.47   14.44   25.23 1760.69 v _209690_/Y (MAJx2_ASAP7_75t_R)
                                         _145944_ (net)
                 14.47    0.30 1760.98 v _209718_/B (MAJx2_ASAP7_75t_R)
     2    2.39   15.24   24.86 1785.84 v _209718_/Y (MAJx2_ASAP7_75t_R)
                                         _145971_ (net)
                 15.26    0.22 1786.06 v _209773_/B (MAJx2_ASAP7_75t_R)
     2    2.62   13.18   25.46 1811.52 v _209773_/Y (MAJx2_ASAP7_75t_R)
                                         _146025_ (net)
                 13.20    0.28 1811.80 v _209836_/B (MAJx2_ASAP7_75t_R)
     2    3.00   15.65   25.47 1837.27 v _209836_/Y (MAJx2_ASAP7_75t_R)
                                         _146087_ (net)
                 15.69    0.46 1837.73 v _209909_/B (MAJx2_ASAP7_75t_R)
     2    2.25   13.76   24.99 1862.72 v _209909_/Y (MAJx2_ASAP7_75t_R)
                                         _146159_ (net)
                 13.77    0.16 1862.88 v _209935_/B (MAJx2_ASAP7_75t_R)
     2    2.96   14.45   25.61 1888.49 v _209935_/Y (MAJx2_ASAP7_75t_R)
                                         _146184_ (net)
                 14.48    0.32 1888.81 v _209997_/B (MAJx2_ASAP7_75t_R)
     2    2.35   13.60   24.77 1913.58 v _209997_/Y (MAJx2_ASAP7_75t_R)
                                         _146245_ (net)
                 13.62    0.26 1913.84 v _210075_/B (MAJx2_ASAP7_75t_R)
     2    2.27   13.89   24.41 1938.25 v _210075_/Y (MAJx2_ASAP7_75t_R)
                                         _146322_ (net)
                 13.90    0.16 1938.41 v _210093_/B (MAJx2_ASAP7_75t_R)
     2    2.31   12.62   24.59 1963.00 v _210093_/Y (MAJx2_ASAP7_75t_R)
                                         _146339_ (net)
                 12.63    0.13 1963.13 v _210144_/B (MAJx2_ASAP7_75t_R)
     2    2.29   12.31   24.15 1987.28 v _210144_/Y (MAJx2_ASAP7_75t_R)
                                         _146389_ (net)
                 12.32    0.23 1987.51 v _210218_/B (MAJx2_ASAP7_75t_R)
     2    2.95   15.29   25.01 2012.52 v _210218_/Y (MAJx2_ASAP7_75t_R)
                                         _146462_ (net)
                 15.40    0.68 2013.20 v _210244_/B (MAJx2_ASAP7_75t_R)
     1    1.34   11.77   23.34 2036.54 v _210244_/Y (MAJx2_ASAP7_75t_R)
                                         _146487_ (net)
                 11.78    0.12 2036.66 v _210254_/A (XNOR2x2_ASAP7_75t_R)
     2    4.63   19.45   26.37 2063.03 ^ _210254_/Y (XNOR2x2_ASAP7_75t_R)
                                         _146497_ (net)
                 19.91    1.62 2064.65 ^ _313940_/B (XNOR2x2_ASAP7_75t_R)
     1    0.87    7.41   23.45 2088.10 ^ _313940_/Y (XNOR2x2_ASAP7_75t_R)
                                         _070561_ (net)
                  7.41    0.08 2088.18 ^ _314011_/A (AND5x1_ASAP7_75t_R)
     2   11.53   80.18   51.87 2140.05 ^ _314011_/Y (AND5x1_ASAP7_75t_R)
                                         _070632_ (net)
                 82.87    7.98 2148.03 ^ _314015_/A (NAND2x1_ASAP7_75t_R)
     2    2.99   26.18   19.00 2167.03 v _314015_/Y (NAND2x1_ASAP7_75t_R)
                                         _070636_ (net)
                 26.19    0.27 2167.29 v _314016_/B (OR2x2_ASAP7_75t_R)
     3    5.53   19.89   27.53 2194.83 v _314016_/Y (OR2x2_ASAP7_75t_R)
                                         _070637_ (net)
                 20.67    2.14 2196.96 v _314885_/B (NOR2x1_ASAP7_75t_R)
     2    1.85   17.49   13.20 2210.17 ^ _314885_/Y (NOR2x1_ASAP7_75t_R)
                                         _071506_ (net)
                 17.51    0.28 2210.45 ^ _314897_/A2 (AO21x1_ASAP7_75t_R)
     1    0.80    8.35   15.63 2226.07 ^ _314897_/Y (AO21x1_ASAP7_75t_R)
                                         _071518_ (net)
                  8.36    0.10 2226.17 ^ _314898_/B1 (AO22x1_ASAP7_75t_R)
     1    1.31   12.65   17.66 2243.83 ^ _314898_/Y (AO22x1_ASAP7_75t_R)
                                         _071519_ (net)
                 12.65    0.11 2243.94 ^ _314899_/B (NAND2x1_ASAP7_75t_R)
     1    1.51   11.12    8.64 2252.58 v _314899_/Y (NAND2x1_ASAP7_75t_R)
                                         _071520_ (net)
                 11.13    0.20 2252.78 v _314903_/A1 (AOI22x1_ASAP7_75t_R)
     2    2.49   22.86   15.34 2268.12 ^ _314903_/Y (AOI22x1_ASAP7_75t_R)
                                         _071524_ (net)
                 22.87    0.21 2268.34 ^ _314904_/B (OAI21x1_ASAP7_75t_R)
     1    0.55   10.98    9.51 2277.85 v _314904_/Y (OAI21x1_ASAP7_75t_R)
                                         _071525_ (net)
                 10.98    0.03 2277.88 v _314908_/B (OA211x2_ASAP7_75t_R)
     1    1.38   10.95   27.31 2305.18 v _314908_/Y (OA211x2_ASAP7_75t_R)
                                         _071529_ (net)
                 10.97    0.18 2305.36 v _314909_/C (MAJx2_ASAP7_75t_R)
     2    2.12   10.65   22.21 2327.56 v _314909_/Y (MAJx2_ASAP7_75t_R)
                                         _071530_ (net)
                 10.66    0.11 2327.67 v _314935_/B (NOR2x1_ASAP7_75t_R)
     1    0.92    9.96    8.04 2335.71 ^ _314935_/Y (NOR2x1_ASAP7_75t_R)
                                         _071556_ (net)
                  9.97    0.11 2335.82 ^ _314936_/B (AO21x1_ASAP7_75t_R)
     2    5.22   35.64   23.21 2359.04 ^ _314936_/Y (AO21x1_ASAP7_75t_R)
                                         _071557_ (net)
                 35.99    1.97 2361.01 ^ _314938_/A2 (AO21x1_ASAP7_75t_R)
     2    2.13   16.61   22.32 2383.33 ^ _314938_/Y (AO21x1_ASAP7_75t_R)
                                         _071559_ (net)
                 16.62    0.23 2383.56 ^ _314939_/B (NAND2x1_ASAP7_75t_R)
     1    2.68   17.14   12.16 2395.72 v _314939_/Y (NAND2x1_ASAP7_75t_R)
                                         _071560_ (net)
                 17.20    0.60 2396.32 v _314940_/B (NAND2x1_ASAP7_75t_R)
     3    5.12   38.31   21.23 2417.55 ^ _314940_/Y (NAND2x1_ASAP7_75t_R)
                                         _071561_ (net)
                 38.83    2.47 2420.02 ^ place62150/A (BUFx6f_ASAP7_75t_R)
     2    2.34    6.73   18.20 2438.22 ^ place62150/Y (BUFx6f_ASAP7_75t_R)
                                         net61708 (net)
                  6.75    0.17 2438.39 ^ _314956_/A2 (OAI22x1_ASAP7_75t_R)
     2    2.21   18.83   10.43 2448.82 v _314956_/Y (OAI22x1_ASAP7_75t_R)
                                         _071577_ (net)
                 18.85    0.43 2449.25 v _315004_/C (AND3x1_ASAP7_75t_R)
     1    1.29   10.36   17.14 2466.40 v _315004_/Y (AND3x1_ASAP7_75t_R)
                                         _071625_ (net)
                 10.37    0.14 2466.54 v _315005_/C (MAJx2_ASAP7_75t_R)
     1    1.13    7.96   20.36 2486.90 v _315005_/Y (MAJx2_ASAP7_75t_R)
                                         _071626_ (net)
                  7.96    0.05 2486.95 v _315006_/C (MAJx2_ASAP7_75t_R)
     1    1.25    8.63   19.92 2506.88 v _315006_/Y (MAJx2_ASAP7_75t_R)
                                         _071627_ (net)
                  8.63    0.09 2506.97 v _315007_/C (MAJx2_ASAP7_75t_R)
     1    1.27    8.63   20.13 2527.10 v _315007_/Y (MAJx2_ASAP7_75t_R)
                                         _071628_ (net)
                  8.63    0.10 2527.20 v _315008_/C (MAJx2_ASAP7_75t_R)
     1    1.47    8.93   20.46 2547.65 v _315008_/Y (MAJx2_ASAP7_75t_R)
                                         _071629_ (net)
                  8.95    0.21 2547.86 v _315009_/A2 (AOI21x1_ASAP7_75t_R)
     1    1.14   14.35    9.60 2557.45 ^ _315009_/Y (AOI21x1_ASAP7_75t_R)
                                         _071630_ (net)
                 14.35    0.06 2557.51 ^ _315012_/A (NOR2x1_ASAP7_75t_R)
     1    1.26   12.03   10.96 2568.48 v _315012_/Y (NOR2x1_ASAP7_75t_R)
                                         _071633_ (net)
                 12.03    0.10 2568.57 v _315013_/C (MAJx2_ASAP7_75t_R)
     1    1.24    8.22   20.96 2589.53 v _315013_/Y (MAJx2_ASAP7_75t_R)
                                         _071634_ (net)
                  8.22    0.09 2589.62 v _315014_/C (MAJx2_ASAP7_75t_R)
     1    1.23    8.36   19.94 2609.56 v _315014_/Y (MAJx2_ASAP7_75t_R)
                                         _071635_ (net)
                  8.37    0.12 2609.68 v _315015_/C (MAJx2_ASAP7_75t_R)
     2    1.62    9.38   20.67 2630.35 v _315015_/Y (MAJx2_ASAP7_75t_R)
                                         _071636_ (net)
                  9.39    0.11 2630.46 v _315016_/C (OR3x1_ASAP7_75t_R)
     2    1.73   13.84   23.85 2654.31 v _315016_/Y (OR3x1_ASAP7_75t_R)
                                         _071637_ (net)
                 13.86    0.27 2654.58 v _315025_/A (AND3x1_ASAP7_75t_R)
     2    2.06   13.14   16.11 2670.69 v _315025_/Y (AND3x1_ASAP7_75t_R)
                                         _071646_ (net)
                 13.16    0.31 2671.00 v _315027_/A2 (AO21x1_ASAP7_75t_R)
     2    3.32   20.50   22.41 2693.41 v _315027_/Y (AO21x1_ASAP7_75t_R)
                                         _071648_ (net)
                 20.53    0.41 2693.82 v _315028_/B (NOR2x1_ASAP7_75t_R)
     2    2.55   21.06   15.26 2709.07 ^ _315028_/Y (NOR2x1_ASAP7_75t_R)
                                         _071649_ (net)
                 21.09    0.48 2709.55 ^ _315070_/B1 (OAI22x1_ASAP7_75t_R)
     2    1.85   18.42   12.68 2722.23 v _315070_/Y (OAI22x1_ASAP7_75t_R)
                                         _071691_ (net)
                 18.43    0.20 2722.43 v _315071_/B (AND2x2_ASAP7_75t_R)
     2    2.23    9.44   19.43 2741.87 v _315071_/Y (AND2x2_ASAP7_75t_R)
                                         _071692_ (net)
                  9.44    0.10 2741.96 v _315101_/B (MAJx2_ASAP7_75t_R)
     1    1.36    8.58   21.63 2763.59 v _315101_/Y (MAJx2_ASAP7_75t_R)
                                         _071722_ (net)
                  8.59    0.17 2763.76 v _315102_/C (MAJx2_ASAP7_75t_R)
     1    1.39    8.66   20.31 2784.08 v _315102_/Y (MAJx2_ASAP7_75t_R)
                                         _071723_ (net)
                  8.67    0.14 2784.21 v _315103_/C (MAJx2_ASAP7_75t_R)
     1    1.32    8.87   20.22 2804.43 v _315103_/Y (MAJx2_ASAP7_75t_R)
                                         _071724_ (net)
                  8.88    0.15 2804.59 v _315104_/C (MAJx2_ASAP7_75t_R)
     1    1.24    8.23   20.16 2824.74 v _315104_/Y (MAJx2_ASAP7_75t_R)
                                         _071725_ (net)
                  8.23    0.09 2824.83 v _315105_/C (MAJx2_ASAP7_75t_R)
     1    1.24    8.27   19.96 2844.80 v _315105_/Y (MAJx2_ASAP7_75t_R)
                                         _071726_ (net)
                  8.28    0.13 2844.92 v _315106_/C (MAJx2_ASAP7_75t_R)
     1    0.75    7.27   19.13 2864.05 v _315106_/Y (MAJx2_ASAP7_75t_R)
                                         _071727_ (net)
                  7.27    0.04 2864.10 v _315107_/A2 (AO21x1_ASAP7_75t_R)
     1    1.26    9.83   15.71 2879.81 v _315107_/Y (AO21x1_ASAP7_75t_R)
                                         _071728_ (net)
                  9.84    0.14 2879.95 v _315111_/A (NAND2x1_ASAP7_75t_R)
     2    2.37   19.44   13.83 2893.78 ^ _315111_/Y (NAND2x1_ASAP7_75t_R)
                                         _071732_ (net)
                 19.44    0.11 2893.89 ^ _315112_/C (MAJx2_ASAP7_75t_R)
     1    0.77    7.01   18.85 2912.74 ^ _315112_/Y (MAJx2_ASAP7_75t_R)
                                         _071733_ (net)
                  7.01    0.05 2912.78 ^ _315113_/C (AND3x1_ASAP7_75t_R)
     1    1.21   11.92   19.12 2931.90 ^ _315113_/Y (AND3x1_ASAP7_75t_R)
                                         _071734_ (net)
                 11.93    0.19 2932.10 ^ _315120_/B (OR3x1_ASAP7_75t_R)
     2    1.37   10.70   14.21 2946.31 ^ _315120_/Y (OR3x1_ASAP7_75t_R)
                                         _071741_ (net)
                 10.70    0.05 2946.36 ^ _315123_/B (AND2x2_ASAP7_75t_R)
     6    6.47   23.98   23.62 2969.98 ^ _315123_/Y (AND2x2_ASAP7_75t_R)
                                         _071744_ (net)
                 24.06    0.83 2970.81 ^ _315178_/B (NAND2x1_ASAP7_75t_R)
     1    0.72    9.88    7.83 2978.64 v _315178_/Y (NAND2x1_ASAP7_75t_R)
                                         _071799_ (net)
                  9.88    0.04 2978.68 v _315179_/B (OA21x2_ASAP7_75t_R)
     2    1.31    7.87   13.87 2992.55 v _315179_/Y (OA21x2_ASAP7_75t_R)
                                         _071800_ (net)
                  7.88    0.14 2992.69 v _315181_/A2 (AO32x1_ASAP7_75t_R)
     2    2.57   18.14   26.28 3018.97 v _315181_/Y (AO32x1_ASAP7_75t_R)
                                         _071802_ (net)
                 18.21    0.62 3019.59 v _315182_/B (OA211x2_ASAP7_75t_R)
     1    0.70    9.28   28.24 3047.83 v _315182_/Y (OA211x2_ASAP7_75t_R)
                                         _071803_ (net)
                  9.28    0.03 3047.86 v _315183_/B (AO21x1_ASAP7_75t_R)
     1    1.21    9.75   17.39 3065.25 v _315183_/Y (AO21x1_ASAP7_75t_R)
                                         _071804_ (net)
                  9.75    0.08 3065.32 v _315184_/C (MAJx2_ASAP7_75t_R)
     1    1.22    8.23   20.35 3085.67 v _315184_/Y (MAJx2_ASAP7_75t_R)
                                         _071805_ (net)
                  8.24    0.12 3085.79 v _315185_/C (MAJx2_ASAP7_75t_R)
     1    1.37    8.61   20.17 3105.97 v _315185_/Y (MAJx2_ASAP7_75t_R)
                                         _071806_ (net)
                  8.62    0.17 3106.14 v _315186_/C (MAJx2_ASAP7_75t_R)
     1    1.16    7.99   19.95 3126.09 v _315186_/Y (MAJx2_ASAP7_75t_R)
                                         _071807_ (net)
                  8.00    0.06 3126.15 v _315187_/C (MAJx2_ASAP7_75t_R)
     1    1.21    8.30   19.86 3146.01 v _315187_/Y (MAJx2_ASAP7_75t_R)
                                         _071808_ (net)
                  8.31    0.08 3146.08 v _315188_/C (MAJx2_ASAP7_75t_R)
     1    0.93    7.38   19.45 3165.54 v _315188_/Y (MAJx2_ASAP7_75t_R)
                                         _071809_ (net)
                  7.39    0.11 3165.64 v _315198_/A2 (AO21x1_ASAP7_75t_R)
     1    1.39   10.49   16.13 3181.77 v _315198_/Y (AO21x1_ASAP7_75t_R)
                                         _071819_ (net)
                 10.50    0.19 3181.96 v _315205_/A (NAND2x1_ASAP7_75t_R)
     2    2.36   19.45   14.02 3195.98 ^ _315205_/Y (NAND2x1_ASAP7_75t_R)
                                         _071826_ (net)
                 19.45    0.15 3196.13 ^ _315206_/C (MAJx2_ASAP7_75t_R)
     1    0.81    7.23   18.93 3215.05 ^ _315206_/Y (MAJx2_ASAP7_75t_R)
                                         _071827_ (net)
                  7.24    0.06 3215.11 ^ _315233_/B (AND3x1_ASAP7_75t_R)
     2    1.72   15.03   20.58 3235.69 ^ _315233_/Y (AND3x1_ASAP7_75t_R)
                                         _071854_ (net)
                 15.05    0.24 3235.93 ^ _315236_/B (OR3x1_ASAP7_75t_R)
     2    1.73   12.98   15.84 3251.77 ^ _315236_/Y (OR3x1_ASAP7_75t_R)
                                         _071857_ (net)
                 13.00    0.22 3251.99 ^ _315238_/A2 (OA211x2_ASAP7_75t_R)
     5    8.60   33.09   31.84 3283.83 ^ _315238_/Y (OA211x2_ASAP7_75t_R)
                                         _071859_ (net)
                 33.18    1.02 3284.85 ^ _315247_/A2 (OA21x2_ASAP7_75t_R)
     4    3.78   18.16   25.42 3310.26 ^ _315247_/Y (OA21x2_ASAP7_75t_R)
                                         _071868_ (net)
                 18.28    0.80 3311.06 ^ _315320_/A2 (OA22x2_ASAP7_75t_R)
     2    2.22   11.30   21.10 3332.17 ^ _315320_/Y (OA22x2_ASAP7_75t_R)
                                         _071941_ (net)
                 11.37    0.49 3332.65 ^ _315335_/B1 (OA22x2_ASAP7_75t_R)
     1    1.46    8.71   18.12 3350.77 ^ _315335_/Y (OA22x2_ASAP7_75t_R)
                                         _071956_ (net)
                  8.72    0.17 3350.94 ^ _315336_/B (AOI21x1_ASAP7_75t_R)
     1    1.22   10.49    7.22 3358.16 v _315336_/Y (AOI21x1_ASAP7_75t_R)
                                         _071957_ (net)
                 10.49    0.08 3358.24 v _315337_/C (MAJx2_ASAP7_75t_R)
     1    1.22    8.19   20.54 3378.79 v _315337_/Y (MAJx2_ASAP7_75t_R)
                                         _071958_ (net)
                  8.20    0.08 3378.87 v _315338_/C (MAJx2_ASAP7_75t_R)
     1    1.28    8.35   20.03 3398.90 v _315338_/Y (MAJx2_ASAP7_75t_R)
                                         _071959_ (net)
                  8.36    0.10 3399.00 v _315339_/C (MAJx2_ASAP7_75t_R)
     1    0.89    7.37   19.39 3418.39 v _315339_/Y (MAJx2_ASAP7_75t_R)
                                         _071960_ (net)
                  7.37    0.10 3418.49 v _315340_/A2 (AO21x1_ASAP7_75t_R)
     1    1.30   10.06   15.85 3434.34 v _315340_/Y (AO21x1_ASAP7_75t_R)
                                         _071961_ (net)
                 10.07    0.16 3434.50 v _315346_/A (NAND2x1_ASAP7_75t_R)
     1    1.38   13.71   11.22 3445.72 ^ _315346_/Y (NAND2x1_ASAP7_75t_R)
                                         _071967_ (net)
                 13.72    0.18 3445.90 ^ _315347_/C (MAJx2_ASAP7_75t_R)
     1    1.42    9.06   18.88 3464.78 ^ _315347_/Y (MAJx2_ASAP7_75t_R)
                                         _071968_ (net)
                  9.07    0.19 3464.96 ^ _315348_/A2 (AOI21x1_ASAP7_75t_R)
     1    1.36   14.84    8.10 3473.07 v _315348_/Y (AOI21x1_ASAP7_75t_R)
                                         _071969_ (net)
                 14.85    0.16 3473.23 v _315349_/C (MAJx2_ASAP7_75t_R)
     2    1.57    9.15   22.21 3495.44 v _315349_/Y (MAJx2_ASAP7_75t_R)
                                         _071970_ (net)
                  9.15    0.09 3495.53 v _315350_/C (OR3x1_ASAP7_75t_R)
     1    1.27   11.33   22.40 3517.93 v _315350_/Y (OR3x1_ASAP7_75t_R)
                                         _071971_ (net)
                 11.34    0.11 3518.04 v _315352_/A (NAND2x1_ASAP7_75t_R)
     2    1.78   16.27   12.73 3530.77 ^ _315352_/Y (NAND2x1_ASAP7_75t_R)
                                         _071973_ (net)
                 16.27    0.16 3530.93 ^ _315353_/B (AOI211x1_ASAP7_75t_R)
     2    2.04   34.90   13.04 3543.97 v _315353_/Y (AOI211x1_ASAP7_75t_R)
                                         _071974_ (net)
                 34.91    0.36 3544.33 v _315386_/B (OR2x2_ASAP7_75t_R)
     2    1.44    8.69   24.17 3568.49 v _315386_/Y (OR2x2_ASAP7_75t_R)
                                         _072007_ (net)
                  8.69    0.07 3568.57 v _315417_/B1 (OA22x2_ASAP7_75t_R)
     1    0.72    7.01   18.46 3587.03 v _315417_/Y (OA22x2_ASAP7_75t_R)
                                         _072038_ (net)
                  7.02    0.07 3587.10 v _315418_/B1 (OA22x2_ASAP7_75t_R)
     2    2.17   10.91   20.46 3607.55 v _315418_/Y (OA22x2_ASAP7_75t_R)
                                         _072039_ (net)
                 10.95    0.34 3607.89 v _315419_/B (OR2x2_ASAP7_75t_R)
     1    1.26    7.50   17.66 3625.55 v _315419_/Y (OR2x2_ASAP7_75t_R)
                                         _072040_ (net)
                  7.51    0.13 3625.68 v _315420_/C (MAJx2_ASAP7_75t_R)
     1    1.36    8.57   19.96 3645.65 v _315420_/Y (MAJx2_ASAP7_75t_R)
                                         _072041_ (net)
                  8.58    0.16 3645.81 v _315421_/C (MAJx2_ASAP7_75t_R)
     2    1.69    9.51   20.85 3666.66 v _315421_/Y (MAJx2_ASAP7_75t_R)
                                         _072042_ (net)
                  9.52    0.11 3666.77 v _315423_/A2 (AO21x1_ASAP7_75t_R)
     1    1.75   12.37   17.63 3684.40 v _315423_/Y (AO21x1_ASAP7_75t_R)
                                         _072044_ (net)
                 12.39    0.25 3684.65 v _315424_/B (OAI21x1_ASAP7_75t_R)
     1    1.55   14.57    7.73 3692.37 ^ _315424_/Y (OAI21x1_ASAP7_75t_R)
                                         _072045_ (net)
                 14.58    0.24 3692.61 ^ _315425_/C (MAJx2_ASAP7_75t_R)
     1    1.18    8.37   18.64 3711.25 ^ _315425_/Y (MAJx2_ASAP7_75t_R)
                                         _072046_ (net)
                  8.38    0.07 3711.32 ^ _315426_/C (MAJx2_ASAP7_75t_R)
     1    1.21    8.46   17.46 3728.78 ^ _315426_/Y (MAJx2_ASAP7_75t_R)
                                         _072047_ (net)
                  8.47    0.08 3728.86 ^ _315427_/C (MAJx2_ASAP7_75t_R)
     1    0.78    7.15   16.72 3745.58 ^ _315427_/Y (MAJx2_ASAP7_75t_R)
                                         _072048_ (net)
                  7.16    0.08 3745.66 ^ _315439_/A2 (AO21x1_ASAP7_75t_R)
     1    0.88    8.67   13.46 3759.12 ^ _315439_/Y (AO21x1_ASAP7_75t_R)
                                         _072060_ (net)
                  8.68    0.10 3759.22 ^ _315442_/A (AND2x2_ASAP7_75t_R)
     1    1.15    7.42   14.86 3774.08 ^ _315442_/Y (AND2x2_ASAP7_75t_R)
                                         _072063_ (net)
                  7.43    0.06 3774.14 ^ _315443_/C (MAJx2_ASAP7_75t_R)
     2    2.45   12.52   19.35 3793.48 ^ _315443_/Y (MAJx2_ASAP7_75t_R)
                                         _072064_ (net)
                 12.55    0.38 3793.86 ^ _315456_/B (NOR3x1_ASAP7_75t_R)
     1    0.71   13.41   10.48 3804.34 v _315456_/Y (NOR3x1_ASAP7_75t_R)
                                         _072077_ (net)
                 13.41    0.04 3804.37 v _315457_/B (AO21x1_ASAP7_75t_R)
     1    0.83    7.69   17.13 3821.50 v _315457_/Y (AO21x1_ASAP7_75t_R)
                                         _072078_ (net)
                  7.69    0.06 3821.56 v _315458_/C (OR3x1_ASAP7_75t_R)
     5    5.46   34.60   33.15 3854.71 v _315458_/Y (OR3x1_ASAP7_75t_R)
                                         _072079_ (net)
                 34.70    1.07 3855.78 v _315461_/B (NAND2x1_ASAP7_75t_R)
     2    1.88   20.61   17.47 3873.24 ^ _315461_/Y (NAND2x1_ASAP7_75t_R)
                                         _072082_ (net)
                 20.62    0.21 3873.45 ^ _315504_/B1 (OA22x2_ASAP7_75t_R)
     1    0.77    6.75   18.72 3892.17 ^ _315504_/Y (OA22x2_ASAP7_75t_R)
                                         _072125_ (net)
                  6.75    0.07 3892.24 ^ _315505_/A2 (OA21x2_ASAP7_75t_R)
     1    0.83    8.07   14.62 3906.86 ^ _315505_/Y (OA21x2_ASAP7_75t_R)
                                         _072126_ (net)
                  8.07    0.06 3906.92 ^ _315506_/B (AO21x1_ASAP7_75t_R)
     1    0.83    8.36   11.55 3918.48 ^ _315506_/Y (AO21x1_ASAP7_75t_R)
                                         _072127_ (net)
                  8.36    0.08 3918.56 ^ _315507_/B (OA21x2_ASAP7_75t_R)
     2    2.11   10.89   17.90 3936.46 ^ _315507_/Y (OA21x2_ASAP7_75t_R)
                                         _072128_ (net)
                 10.92    0.31 3936.76 ^ _315508_/A (INVx1_ASAP7_75t_R)
     2    2.15   13.39    9.80 3946.57 v _315508_/Y (INVx1_ASAP7_75t_R)
                                         _072129_ (net)
                 13.39    0.12 3946.69 v _315513_/B (MAJx2_ASAP7_75t_R)
     1    1.29    8.42   22.67 3969.35 v _315513_/Y (MAJx2_ASAP7_75t_R)
                                         _072134_ (net)
                  8.43    0.14 3969.50 v _315514_/C (MAJx2_ASAP7_75t_R)
     1    1.83   10.15   21.00 3990.49 v _315514_/Y (MAJx2_ASAP7_75t_R)
                                         _072135_ (net)
                 10.18    0.28 3990.77 v _315519_/B (MAJx2_ASAP7_75t_R)
     1    1.45    8.85   21.99 4012.76 v _315519_/Y (MAJx2_ASAP7_75t_R)
                                         _072140_ (net)
                  8.86    0.16 4012.92 v _315526_/B (MAJx2_ASAP7_75t_R)
     1    1.31    8.56   21.40 4034.32 v _315526_/Y (MAJx2_ASAP7_75t_R)
                                         _072147_ (net)
                  8.58    0.15 4034.46 v _315527_/C (MAJx2_ASAP7_75t_R)
     1    1.29    8.41   20.15 4054.62 v _315527_/Y (MAJx2_ASAP7_75t_R)
                                         _072148_ (net)
                  8.41    0.10 4054.72 v _315528_/C (MAJx2_ASAP7_75t_R)
     1    1.26    8.28   20.04 4074.77 v _315528_/Y (MAJx2_ASAP7_75t_R)
                                         _072149_ (net)
                  8.29    0.13 4074.90 v _315529_/C (MAJx2_ASAP7_75t_R)
     1    1.20    8.11   19.93 4094.83 v _315529_/Y (MAJx2_ASAP7_75t_R)
                                         _072150_ (net)
                  8.12    0.08 4094.90 v _315530_/C (MAJx2_ASAP7_75t_R)
     1    1.31    8.37   20.06 4114.96 v _315530_/Y (MAJx2_ASAP7_75t_R)
                                         _072151_ (net)
                  8.38    0.11 4115.07 v _315531_/C (MAJx2_ASAP7_75t_R)
     4    2.97   12.83   22.98 4138.06 v _315531_/Y (MAJx2_ASAP7_75t_R)
                                         _072152_ (net)
                 12.84    0.19 4138.24 v _315553_/B (OR3x1_ASAP7_75t_R)
     1    1.42   12.20   23.31 4161.55 v _315553_/Y (OR3x1_ASAP7_75t_R)
                                         _072174_ (net)
                 12.21    0.19 4161.74 v _315554_/B (NAND2x1_ASAP7_75t_R)
     1    0.84   11.11    8.65 4170.39 ^ _315554_/Y (NAND2x1_ASAP7_75t_R)
                                         _072175_ (net)
                 11.11    0.09 4170.48 ^ _315555_/B2 (OA22x2_ASAP7_75t_R)
     1    0.85    6.87   16.46 4186.94 ^ _315555_/Y (OA22x2_ASAP7_75t_R)
                                         _072176_ (net)
                  6.87    0.07 4187.01 ^ _315556_/C (OR3x1_ASAP7_75t_R)
     2    1.49   13.39   13.67 4200.67 ^ _315556_/Y (OR3x1_ASAP7_75t_R)
                                         _072177_ (net)
                 13.39    0.06 4200.73 ^ _315558_/B (AND2x2_ASAP7_75t_R)
     4    4.08   16.74   21.00 4221.74 ^ _315558_/Y (AND2x2_ASAP7_75t_R)
                                         _072179_ (net)
                 16.80    0.58 4222.31 ^ _315593_/B (NAND2x1_ASAP7_75t_R)
     2    1.27   11.18    8.77 4231.08 v _315593_/Y (NAND2x1_ASAP7_75t_R)
                                         _072214_ (net)
                 11.18    0.14 4231.23 v _315594_/B (OA211x2_ASAP7_75t_R)
     2    1.93   16.77   28.42 4259.65 v _315594_/Y (OA211x2_ASAP7_75t_R)
                                         _072215_ (net)
                 16.78    0.22 4259.87 v _315595_/B (AND2x2_ASAP7_75t_R)
     1    1.42    7.80   17.66 4277.52 v _315595_/Y (AND2x2_ASAP7_75t_R)
                                         _072216_ (net)
                  7.82    0.19 4277.71 v _315596_/C (MAJx2_ASAP7_75t_R)
     1    1.52    9.68   20.31 4298.03 v _315596_/Y (MAJx2_ASAP7_75t_R)
                                         _072217_ (net)
                  9.70    0.23 4298.26 v _315597_/C (MAJx2_ASAP7_75t_R)
     1    1.40    9.59   20.62 4318.88 v _315597_/Y (MAJx2_ASAP7_75t_R)
                                         _072218_ (net)
                  9.60    0.19 4319.07 v _315598_/C (MAJx2_ASAP7_75t_R)
     1    0.98    8.06   19.89 4338.95 v _315598_/Y (MAJx2_ASAP7_75t_R)
                                         _072219_ (net)
                  8.07    0.13 4339.08 v _315599_/B (AO21x1_ASAP7_75t_R)
     1    0.63    7.16   15.38 4354.46 v _315599_/Y (AO21x1_ASAP7_75t_R)
                                         _072220_ (net)
                  7.16    0.06 4354.53 v _315601_/B (OA211x2_ASAP7_75t_R)
     1    1.06   10.10   25.47 4380.00 v _315601_/Y (OA211x2_ASAP7_75t_R)
                                         _072222_ (net)
                 10.11    0.14 4380.14 v _315605_/A2 (OA21x2_ASAP7_75t_R)
     1    1.23    7.49   17.93 4398.07 v _315605_/Y (OA21x2_ASAP7_75t_R)
                                         _072226_ (net)
                  7.50    0.08 4398.16 v _315606_/C (MAJx2_ASAP7_75t_R)
     1    1.40    8.68   20.03 4418.19 v _315606_/Y (MAJx2_ASAP7_75t_R)
                                         _072227_ (net)
                  8.70    0.19 4418.37 v _315607_/C (MAJx2_ASAP7_75t_R)
     2    1.73   10.49   20.95 4439.32 v _315607_/Y (MAJx2_ASAP7_75t_R)
                                         _072228_ (net)
                 10.49    0.12 4439.43 v _315626_/A (INVx1_ASAP7_75t_R)
     1    1.25   10.44    8.27 4447.71 ^ _315626_/Y (INVx1_ASAP7_75t_R)
                                         _072247_ (net)
                 10.44    0.13 4447.84 ^ _315637_/A (NAND2x1_ASAP7_75t_R)
     2    1.52   10.75    8.38 4456.21 v _315637_/Y (NAND2x1_ASAP7_75t_R)
                                         _072258_ (net)
                 10.75    0.14 4456.35 v _315638_/A2 (AO21x1_ASAP7_75t_R)
     1    0.63    7.51   14.80 4471.15 v _315638_/Y (AO21x1_ASAP7_75t_R)
                                         _072259_ (net)
                  7.51    0.06 4471.22 v _315639_/B (OA211x2_ASAP7_75t_R)
     1    0.69    9.24   24.87 4496.08 v _315639_/Y (OA211x2_ASAP7_75t_R)
                                         _072260_ (net)
                  9.24    0.04 4496.12 v _315641_/A2 (OA211x2_ASAP7_75t_R)
     2    1.54   15.73   23.53 4519.65 v _315641_/Y (OA211x2_ASAP7_75t_R)
                                         _072262_ (net)
                 15.73    0.10 4519.75 v _315643_/C (OR3x1_ASAP7_75t_R)
     2    1.49   13.19   24.28 4544.04 v _315643_/Y (OR3x1_ASAP7_75t_R)
                                         _072264_ (net)
                 13.19    0.05 4544.09 v _315699_/B (OR2x2_ASAP7_75t_R)
     2    1.49    8.17   18.72 4562.81 v _315699_/Y (OR2x2_ASAP7_75t_R)
                                         _072320_ (net)
                  8.18    0.13 4562.95 v _315701_/C (OA211x2_ASAP7_75t_R)
     1    0.94    9.79   27.08 4590.02 v _315701_/Y (OA211x2_ASAP7_75t_R)
                                         _072322_ (net)
                  9.80    0.11 4590.13 v _315702_/A2 (OA21x2_ASAP7_75t_R)
     2    2.16   12.85   19.28 4609.42 v _315702_/Y (OA21x2_ASAP7_75t_R)
                                         _072323_ (net)
                 12.91    0.43 4609.85 v _315703_/B (AND2x2_ASAP7_75t_R)
     1    1.19    6.69   16.09 4625.94 v _315703_/Y (AND2x2_ASAP7_75t_R)
                                         _072324_ (net)
                  6.69    0.07 4626.01 v _315704_/C (MAJx2_ASAP7_75t_R)
     1    1.24    8.64   19.54 4645.55 v _315704_/Y (MAJx2_ASAP7_75t_R)
                                         _072325_ (net)
                  8.65    0.13 4645.68 v _315705_/C (MAJx2_ASAP7_75t_R)
     1    1.27    8.37   20.13 4665.81 v _315705_/Y (MAJx2_ASAP7_75t_R)
                                         _072326_ (net)
                  8.38    0.14 4665.94 v _315706_/C (MAJx2_ASAP7_75t_R)
     1    1.86   10.20   21.00 4686.94 v _315706_/Y (MAJx2_ASAP7_75t_R)
                                         _072327_ (net)
                 10.25    0.39 4687.34 v _315707_/C (MAJx2_ASAP7_75t_R)
     1    1.45    8.86   20.85 4708.18 v _315707_/Y (MAJx2_ASAP7_75t_R)
                                         _072328_ (net)
                  8.88    0.20 4708.38 v _315708_/C (MAJx2_ASAP7_75t_R)
     1    1.27    8.33   20.19 4728.57 v _315708_/Y (MAJx2_ASAP7_75t_R)
                                         _072329_ (net)
                  8.34    0.13 4728.70 v _315709_/C (MAJx2_ASAP7_75t_R)
     1    1.36    8.57   20.19 4748.89 v _315709_/Y (MAJx2_ASAP7_75t_R)
                                         _072330_ (net)
                  8.59    0.17 4749.06 v _315710_/C (MAJx2_ASAP7_75t_R)
     1    1.25    8.19   20.08 4769.15 v _315710_/Y (MAJx2_ASAP7_75t_R)
                                         _072331_ (net)
                  8.20    0.09 4769.23 v _315711_/C (MAJx2_ASAP7_75t_R)
     1    1.24    8.25   19.96 4789.19 v _315711_/Y (MAJx2_ASAP7_75t_R)
                                         _072332_ (net)
                  8.26    0.13 4789.32 v _315712_/C (MAJx2_ASAP7_75t_R)
     1    0.78    7.09   19.19 4808.51 v _315712_/Y (MAJx2_ASAP7_75t_R)
                                         _072333_ (net)
                  7.10    0.04 4808.55 v _315713_/A (INVx1_ASAP7_75t_R)
     1    1.25    9.77    7.20 4815.75 ^ _315713_/Y (INVx1_ASAP7_75t_R)
                                         _072334_ (net)
                  9.77    0.13 4815.88 ^ _315714_/C (MAJx2_ASAP7_75t_R)
     2    2.20   11.55   19.50 4835.38 ^ _315714_/Y (MAJx2_ASAP7_75t_R)
                                         _072335_ (net)
                 11.56    0.20 4835.58 ^ _315735_/A (NAND3x1_ASAP7_75t_R)
     1    0.65    9.01    6.52 4842.09 v _315735_/Y (NAND3x1_ASAP7_75t_R)
                                         _072356_ (net)
                  9.01    0.07 4842.16 v _315737_/B (OA211x2_ASAP7_75t_R)
     5    4.08   18.35   31.45 4873.61 v _315737_/Y (OA211x2_ASAP7_75t_R)
                                         _072358_ (net)
                 18.37    0.33 4873.94 v _315738_/B (OR2x2_ASAP7_75t_R)
     2    1.53    8.36   20.36 4894.30 v _315738_/Y (OR2x2_ASAP7_75t_R)
                                         _072359_ (net)
                  8.37    0.15 4894.45 v _315800_/B (AND2x2_ASAP7_75t_R)
     1    0.84    5.75   14.09 4908.53 v _315800_/Y (AND2x2_ASAP7_75t_R)
                                         _072421_ (net)
                  5.76    0.09 4908.62 v _315801_/B (AO21x1_ASAP7_75t_R)
     2    1.96   13.46   18.59 4927.21 v _315801_/Y (AO21x1_ASAP7_75t_R)
                                         _072422_ (net)
                 13.48    0.20 4927.42 v _315817_/C (AND3x1_ASAP7_75t_R)
     1    1.23   11.74   15.45 4942.87 v _315817_/Y (AND3x1_ASAP7_75t_R)
                                         _072438_ (net)
                 11.74    0.08 4942.95 v _315818_/C (MAJx2_ASAP7_75t_R)
     1    1.41    8.73   21.14 4964.09 v _315818_/Y (MAJx2_ASAP7_75t_R)
                                         _072439_ (net)
                  8.74    0.19 4964.28 v _315819_/C (MAJx2_ASAP7_75t_R)
     1    1.65    9.53   20.78 4985.07 v _315819_/Y (MAJx2_ASAP7_75t_R)
                                         _072440_ (net)
                  9.55    0.24 4985.31 v _315820_/C (MAJx2_ASAP7_75t_R)
     1    1.37    8.61   20.54 5005.85 v _315820_/Y (MAJx2_ASAP7_75t_R)
                                         _072441_ (net)
                  8.62    0.17 5006.02 v _315821_/C (MAJx2_ASAP7_75t_R)
     1    1.27    8.37   20.11 5026.13 v _315821_/Y (MAJx2_ASAP7_75t_R)
                                         _072442_ (net)
                  8.37    0.14 5026.27 v _315822_/C (MAJx2_ASAP7_75t_R)
     1    1.55    9.15   20.51 5046.78 v _315822_/Y (MAJx2_ASAP7_75t_R)
                                         _072443_ (net)
                  9.18    0.24 5047.02 v _315823_/C (MAJx2_ASAP7_75t_R)
     1    1.31    8.39   20.33 5067.35 v _315823_/Y (MAJx2_ASAP7_75t_R)
                                         _072444_ (net)
                  8.41    0.15 5067.50 v _315824_/C (MAJx2_ASAP7_75t_R)
     1    1.24    8.20   20.01 5087.51 v _315824_/Y (MAJx2_ASAP7_75t_R)
                                         _072445_ (net)
                  8.21    0.13 5087.63 v _315825_/C (MAJx2_ASAP7_75t_R)
     1    1.36    8.51   20.16 5107.79 v _315825_/Y (MAJx2_ASAP7_75t_R)
                                         _072446_ (net)
                  8.52    0.13 5107.92 v _315826_/C (MAJx2_ASAP7_75t_R)
     1    1.26    8.25   20.07 5127.99 v _315826_/Y (MAJx2_ASAP7_75t_R)
                                         _072447_ (net)
                  8.26    0.13 5128.12 v _315827_/C (MAJx2_ASAP7_75t_R)
     1    1.01    7.59   19.60 5147.72 v _315827_/Y (MAJx2_ASAP7_75t_R)
                                         _072448_ (net)
                  7.59    0.06 5147.78 v _315828_/B (XNOR2x2_ASAP7_75t_R)
     1    1.52    9.10   21.10 5168.88 ^ _315828_/Y (XNOR2x2_ASAP7_75t_R)
                                         _072449_ (net)
                  9.11    0.19 5169.07 ^ _315830_/A2 (OAI21x1_ASAP7_75t_R)
     2    1.92   18.07    9.35 5178.42 v _315830_/Y (OAI21x1_ASAP7_75t_R)
                                         _072451_ (net)
                 18.08    0.20 5178.62 v _315832_/D (AND4x1_ASAP7_75t_R)
     2    1.71   12.95   18.71 5197.34 v _315832_/Y (AND4x1_ASAP7_75t_R)
                                         _072453_ (net)
                 12.96    0.21 5197.54 v _315885_/A2 (OA21x2_ASAP7_75t_R)
     1    0.81    6.47   18.10 5215.64 v _315885_/Y (OA21x2_ASAP7_75t_R)
                                         _072506_ (net)
                  6.47    0.08 5215.72 v _315886_/B (AO21x1_ASAP7_75t_R)
     1    0.69    7.03   15.19 5230.91 v _315886_/Y (AO21x1_ASAP7_75t_R)
                                         _072507_ (net)
                  7.03    0.07 5230.98 v _315887_/B1 (AO32x1_ASAP7_75t_R)
     2    2.59   20.50   26.41 5257.39 v _315887_/Y (AO32x1_ASAP7_75t_R)
                                         _072508_ (net)
                 20.57    0.62 5258.01 v _315892_/B (AND2x2_ASAP7_75t_R)
     1    1.24    6.87   18.55 5276.56 v _315892_/Y (AND2x2_ASAP7_75t_R)
                                         _072513_ (net)
                  6.87    0.12 5276.69 v _315893_/C (MAJx2_ASAP7_75t_R)
     1    1.12    7.83   19.40 5296.09 v _315893_/Y (MAJx2_ASAP7_75t_R)
                                         _072514_ (net)
                  7.83    0.05 5296.14 v _315894_/C (MAJx2_ASAP7_75t_R)
     1    1.23    8.25   19.84 5315.98 v _315894_/Y (MAJx2_ASAP7_75t_R)
                                         _072515_ (net)
                  8.26    0.12 5316.10 v _315895_/C (MAJx2_ASAP7_75t_R)
     1    1.14    7.90   19.81 5335.92 v _315895_/Y (MAJx2_ASAP7_75t_R)
                                         _072516_ (net)
                  7.90    0.06 5335.97 v _315896_/C (MAJx2_ASAP7_75t_R)
     1    1.21    8.13   19.83 5355.80 v _315896_/Y (MAJx2_ASAP7_75t_R)
                                         _072517_ (net)
                  8.14    0.12 5355.92 v _315897_/C (MAJx2_ASAP7_75t_R)
     1    1.29    8.33   20.03 5375.95 v _315897_/Y (MAJx2_ASAP7_75t_R)
                                         _072518_ (net)
                  8.33    0.10 5376.05 v _315898_/C (MAJx2_ASAP7_75t_R)
     1    1.28    8.42   20.07 5396.12 v _315898_/Y (MAJx2_ASAP7_75t_R)
                                         _072519_ (net)
                  8.42    0.10 5396.22 v _315899_/C (MAJx2_ASAP7_75t_R)
     1    1.25    8.21   20.05 5416.27 v _315899_/Y (MAJx2_ASAP7_75t_R)
                                         _072520_ (net)
                  8.21    0.09 5416.36 v _315900_/C (MAJx2_ASAP7_75t_R)
     1    1.22    8.11   19.93 5436.29 v _315900_/Y (MAJx2_ASAP7_75t_R)
                                         _072521_ (net)
                  8.12    0.08 5436.37 v _315901_/C (MAJx2_ASAP7_75t_R)
     2    2.61   11.92   22.28 5458.66 v _315901_/Y (MAJx2_ASAP7_75t_R)
                                         _072522_ (net)
                 11.93    0.23 5458.89 v _315908_/C (MAJx2_ASAP7_75t_R)
     1    0.69    6.83   19.98 5478.87 v _315908_/Y (MAJx2_ASAP7_75t_R)
                                         _072529_ (net)
                  6.83    0.04 5478.91 v _315909_/B (AND2x2_ASAP7_75t_R)
     1    0.70    5.42   13.37 5492.28 v _315909_/Y (AND2x2_ASAP7_75t_R)
                                         _072530_ (net)
                  5.42    0.03 5492.31 v _315910_/D (OR4x1_ASAP7_75t_R)
     4    3.39   25.20   34.40 5526.72 v _315910_/Y (OR4x1_ASAP7_75t_R)
                                         _072531_ (net)
                 25.21    0.17 5526.88 v _315911_/B (AND2x2_ASAP7_75t_R)
     6    4.82   16.74   24.45 5551.33 v _315911_/Y (AND2x2_ASAP7_75t_R)
                                         _072532_ (net)
                 16.89    0.88 5552.21 v _315960_/A2 (AO32x1_ASAP7_75t_R)
     2    2.05   15.75   27.00 5579.21 v _315960_/Y (AO32x1_ASAP7_75t_R)
                                         _072581_ (net)
                 15.77    0.33 5579.54 v _315964_/B (AND2x2_ASAP7_75t_R)
     1    1.17    6.67   16.97 5596.51 v _315964_/Y (AND2x2_ASAP7_75t_R)
                                         _072585_ (net)
                  6.67    0.06 5596.57 v _315965_/C (MAJx2_ASAP7_75t_R)
     1    1.28    8.39   19.60 5616.18 v _315965_/Y (MAJx2_ASAP7_75t_R)
                                         _072586_ (net)
                  8.40    0.14 5616.32 v _315966_/C (MAJx2_ASAP7_75t_R)
     1    1.22    8.80   19.98 5636.30 v _315966_/Y (MAJx2_ASAP7_75t_R)
                                         _072587_ (net)
                  8.80    0.08 5636.38 v _315967_/C (MAJx2_ASAP7_75t_R)
     1    1.27    9.07   20.17 5656.54 v _315967_/Y (MAJx2_ASAP7_75t_R)
                                         _072588_ (net)
                  9.08    0.14 5656.68 v _315968_/C (MAJx2_ASAP7_75t_R)
     1    1.16    8.24   20.06 5676.74 v _315968_/Y (MAJx2_ASAP7_75t_R)
                                         _072589_ (net)
                  8.24    0.06 5676.80 v _315969_/C (MAJx2_ASAP7_75t_R)
     1    1.42    9.57   20.26 5697.06 v _315969_/Y (MAJx2_ASAP7_75t_R)
                                         _072590_ (net)
                  9.58    0.19 5697.25 v _315970_/C (MAJx2_ASAP7_75t_R)
     1    1.31    8.39   20.44 5717.69 v _315970_/Y (MAJx2_ASAP7_75t_R)
                                         _072591_ (net)
                  8.40    0.15 5717.83 v _315971_/C (MAJx2_ASAP7_75t_R)
     1    1.39    8.69   20.25 5738.08 v _315971_/Y (MAJx2_ASAP7_75t_R)
                                         _072592_ (net)
                  8.70    0.18 5738.26 v _315972_/C (MAJx2_ASAP7_75t_R)
     1    0.95    7.43   19.59 5757.85 v _315972_/Y (MAJx2_ASAP7_75t_R)
                                         _072593_ (net)
                  7.43    0.11 5757.96 v _315973_/A (INVx1_ASAP7_75t_R)
     1    1.30   10.12    7.45 5765.41 ^ _315973_/Y (INVx1_ASAP7_75t_R)
                                         _072594_ (net)
                 10.13    0.15 5765.56 ^ _315974_/C (MAJx2_ASAP7_75t_R)
     1    0.81    7.15   17.14 5782.70 ^ _315974_/Y (MAJx2_ASAP7_75t_R)
                                         _072595_ (net)
                  7.15    0.05 5782.75 ^ _315975_/A (INVx1_ASAP7_75t_R)
     2    1.88   11.43    8.05 5790.80 v _315975_/Y (INVx1_ASAP7_75t_R)
                                         _072596_ (net)
                 11.43    0.08 5790.88 v _315976_/B (AO21x1_ASAP7_75t_R)
     1    1.31   10.08   18.15 5809.03 v _315976_/Y (AO21x1_ASAP7_75t_R)
                                         _072597_ (net)
                 10.09    0.11 5809.14 v _315977_/C (MAJx2_ASAP7_75t_R)
     1    0.77    7.01   19.66 5828.80 v _315977_/Y (MAJx2_ASAP7_75t_R)
                                         _072598_ (net)
                  7.01    0.05 5828.85 v _315980_/A2 (AO21x1_ASAP7_75t_R)
     2    1.54   11.15   16.45 5845.30 v _315980_/Y (AO21x1_ASAP7_75t_R)
                                         _072601_ (net)
                 11.16    0.11 5845.41 v _315984_/B (AND2x2_ASAP7_75t_R)
     2    1.67    7.91   16.24 5861.64 v _315984_/Y (AND2x2_ASAP7_75t_R)
                                         _072605_ (net)
                  7.93    0.18 5861.82 v _316013_/A2 (OA21x2_ASAP7_75t_R)
     2    1.48    8.19   17.74 5879.56 v _316013_/Y (OA21x2_ASAP7_75t_R)
                                         _072634_ (net)
                  8.20    0.15 5879.71 v _316014_/C (OR3x1_ASAP7_75t_R)
     1    0.71    8.34   20.25 5899.96 v _316014_/Y (OR3x1_ASAP7_75t_R)
                                         _072635_ (net)
                  8.35    0.07 5900.04 v _316015_/B1 (AO32x1_ASAP7_75t_R)
     1    0.83    9.13   21.67 5921.70 v _316015_/Y (AO32x1_ASAP7_75t_R)
                                         _072636_ (net)
                  9.14    0.08 5921.78 v _316016_/A3 (AO32x1_ASAP7_75t_R)
     2    2.96   21.18   29.34 5951.12 v _316016_/Y (AO32x1_ASAP7_75t_R)
                                         _072637_ (net)
                 21.23    0.59 5951.71 v _316052_/B (MAJx2_ASAP7_75t_R)
     1    1.44    8.79   25.16 5976.87 v _316052_/Y (MAJx2_ASAP7_75t_R)
                                         _072673_ (net)
                  8.81    0.20 5977.07 v _316053_/C (MAJx2_ASAP7_75t_R)
     1    1.40    8.68   20.39 5997.46 v _316053_/Y (MAJx2_ASAP7_75t_R)
                                         _072674_ (net)
                  8.70    0.18 5997.64 v _316054_/C (MAJx2_ASAP7_75t_R)
     1    1.23    8.17   20.08 6017.72 v _316054_/Y (MAJx2_ASAP7_75t_R)
                                         _072675_ (net)
                  8.18    0.12 6017.84 v _316055_/C (MAJx2_ASAP7_75t_R)
     1    1.41    8.71   20.23 6038.07 v _316055_/Y (MAJx2_ASAP7_75t_R)
                                         _072676_ (net)
                  8.72    0.19 6038.26 v _316056_/B (NAND2x1_ASAP7_75t_R)
     1    1.74   16.89   10.23 6048.49 ^ _316056_/Y (NAND2x1_ASAP7_75t_R)
                                         _072677_ (net)
                 16.90    0.25 6048.75 ^ _316060_/A2 (AOI22x1_ASAP7_75t_R)
     1    1.27   14.72   10.32 6059.07 v _316060_/Y (AOI22x1_ASAP7_75t_R)
                                         _072681_ (net)
                 14.72    0.14 6059.21 v _316061_/C (MAJx2_ASAP7_75t_R)
     1    1.33    8.48   21.75 6080.96 v _316061_/Y (MAJx2_ASAP7_75t_R)
                                         _072682_ (net)
                  8.49    0.16 6081.11 v _316062_/C (MAJx2_ASAP7_75t_R)
     2    2.32   11.34   21.88 6103.00 v _316062_/Y (MAJx2_ASAP7_75t_R)
                                         _072683_ (net)
                 11.35    0.21 6103.20 v _316063_/C (MAJx2_ASAP7_75t_R)
     1    0.70    6.81   19.84 6123.05 v _316063_/Y (MAJx2_ASAP7_75t_R)
                                         _072684_ (net)
                  6.81    0.04 6123.08 v _316068_/B (OR3x1_ASAP7_75t_R)
     1    1.55   12.80   22.43 6145.51 v _316068_/Y (OR3x1_ASAP7_75t_R)
                                         _072689_ (net)
                 12.81    0.13 6145.63 v _316071_/B (NAND3x1_ASAP7_75t_R)
     2    2.33   23.57   16.18 6161.81 ^ _316071_/Y (NAND3x1_ASAP7_75t_R)
                                         _072692_ (net)
                 23.59    0.34 6162.15 ^ _316079_/A2 (OAI21x1_ASAP7_75t_R)
     2    1.65   15.56   11.00 6173.15 v _316079_/Y (OAI21x1_ASAP7_75t_R)
                                         _072700_ (net)
                 15.56    0.10 6173.24 v _316082_/A1 (AO21x1_ASAP7_75t_R)
     2    1.88   13.44   20.60 6193.84 v _316082_/Y (AO21x1_ASAP7_75t_R)
                                         _072703_ (net)
                 13.46    0.28 6194.12 v _316087_/B1 (AO32x1_ASAP7_75t_R)
     2    2.15   15.93   27.09 6221.22 v _316087_/Y (AO32x1_ASAP7_75t_R)
                                         _072708_ (net)
                 15.97    0.43 6221.65 v _316124_/B (AND2x2_ASAP7_75t_R)
     1    1.24    6.71   17.14 6238.79 v _316124_/Y (AND2x2_ASAP7_75t_R)
                                         _072745_ (net)
                  6.72    0.09 6238.87 v _316125_/C (MAJx2_ASAP7_75t_R)
     1    1.19    8.02   19.48 6258.35 v _316125_/Y (MAJx2_ASAP7_75t_R)
                                         _072746_ (net)
                  8.03    0.07 6258.42 v _316126_/C (MAJx2_ASAP7_75t_R)
     1    1.59    9.25   20.48 6278.90 v _316126_/Y (MAJx2_ASAP7_75t_R)
                                         _072747_ (net)
                  9.28    0.26 6279.16 v _316127_/C (MAJx2_ASAP7_75t_R)
     1    1.70    9.61   21.00 6300.16 v _316127_/Y (MAJx2_ASAP7_75t_R)
                                         _072748_ (net)
                  9.64    0.30 6300.46 v _316128_/C (MAJx2_ASAP7_75t_R)
     1    1.25    8.23   20.36 6320.82 v _316128_/Y (MAJx2_ASAP7_75t_R)
                                         _072749_ (net)
                  8.24    0.13 6320.95 v _316129_/C (MAJx2_ASAP7_75t_R)
     1    1.32    8.40   20.10 6341.05 v _316129_/Y (MAJx2_ASAP7_75t_R)
                                         _072750_ (net)
                  8.40    0.11 6341.17 v _316130_/C (MAJx2_ASAP7_75t_R)
     1    1.32    8.41   20.15 6361.32 v _316130_/Y (MAJx2_ASAP7_75t_R)
                                         _072751_ (net)
                  8.41    0.11 6361.44 v _316131_/C (MAJx2_ASAP7_75t_R)
     1    1.29    8.33   20.09 6381.52 v _316131_/Y (MAJx2_ASAP7_75t_R)
                                         _072752_ (net)
                  8.34    0.14 6381.67 v _316132_/C (MAJx2_ASAP7_75t_R)
     1    1.45    8.96   20.33 6402.00 v _316132_/Y (MAJx2_ASAP7_75t_R)
                                         _072753_ (net)
                  8.98    0.20 6402.20 v _316133_/C (MAJx2_ASAP7_75t_R)
     2    2.25   11.06   21.88 6424.08 v _316133_/Y (MAJx2_ASAP7_75t_R)
                                         _072754_ (net)
                 11.08    0.25 6424.32 v _316134_/B (AO21x1_ASAP7_75t_R)
     1    1.37   10.37   18.23 6442.55 v _316134_/Y (AO21x1_ASAP7_75t_R)
                                         _072755_ (net)
                 10.38    0.17 6442.72 v _316135_/C (MAJx2_ASAP7_75t_R)
     1    0.76    6.96   19.72 6462.44 v _316135_/Y (MAJx2_ASAP7_75t_R)
                                         _072756_ (net)
                  6.96    0.05 6462.49 v _316144_/A1 (AO21x1_ASAP7_75t_R)
     2    1.70   12.02   17.63 6480.12 v _316144_/Y (AO21x1_ASAP7_75t_R)
                                         _072765_ (net)
                 12.03    0.16 6480.28 v _316347_/A2 (AO21x1_ASAP7_75t_R)
     2    1.79   12.66   18.42 6498.70 v _316347_/Y (AO21x1_ASAP7_75t_R)
                                         _072968_ (net)
                 12.67    0.19 6498.89 v _316364_/A2 (AO21x1_ASAP7_75t_R)
     4    3.60   21.87   22.95 6521.85 v _316364_/Y (AO21x1_ASAP7_75t_R)
                                         _072985_ (net)
                 21.92    0.66 6522.50 v _316394_/B1 (AO32x1_ASAP7_75t_R)
     2    2.46   17.60   30.49 6552.99 v _316394_/Y (AO32x1_ASAP7_75t_R)
                                         _073015_ (net)
                 17.65    0.55 6553.54 v _316395_/B (AND2x2_ASAP7_75t_R)
     1    1.38    7.22   17.87 6571.41 v _316395_/Y (AND2x2_ASAP7_75t_R)
                                         _073016_ (net)
                  7.24    0.18 6571.59 v _316396_/C (MAJx2_ASAP7_75t_R)
     1    1.32    8.40   19.83 6591.42 v _316396_/Y (MAJx2_ASAP7_75t_R)
                                         _073017_ (net)
                  8.41    0.11 6591.53 v _316397_/C (MAJx2_ASAP7_75t_R)
     1    1.30    8.39   20.12 6611.65 v _316397_/Y (MAJx2_ASAP7_75t_R)
                                         _073018_ (net)
                  8.40    0.15 6611.80 v _316398_/C (MAJx2_ASAP7_75t_R)
     1    1.40    8.69   20.28 6632.07 v _316398_/Y (MAJx2_ASAP7_75t_R)
                                         _073019_ (net)
                  8.70    0.19 6632.26 v _316399_/C (MAJx2_ASAP7_75t_R)
     1    1.53    9.08   20.57 6652.83 v _316399_/Y (MAJx2_ASAP7_75t_R)
                                         _073020_ (net)
                  9.10    0.24 6653.06 v _316400_/C (MAJx2_ASAP7_75t_R)
     1    1.39    8.66   20.45 6673.52 v _316400_/Y (MAJx2_ASAP7_75t_R)
                                         _073021_ (net)
                  8.68    0.18 6673.69 v _316401_/C (MAJx2_ASAP7_75t_R)
     1    1.30    8.35   20.19 6693.89 v _316401_/Y (MAJx2_ASAP7_75t_R)
                                         _073022_ (net)
                  8.36    0.11 6694.00 v _316402_/C (MAJx2_ASAP7_75t_R)
     1    1.37    8.65   20.21 6714.21 v _316402_/Y (MAJx2_ASAP7_75t_R)
                                         _073023_ (net)
                  8.66    0.17 6714.38 v _316403_/C (MAJx2_ASAP7_75t_R)
     1    1.32    8.43   20.20 6734.58 v _316403_/Y (MAJx2_ASAP7_75t_R)
                                         _073024_ (net)
                  8.44    0.15 6734.74 v _316404_/C (MAJx2_ASAP7_75t_R)
     2    2.10   10.68   21.48 6756.22 v _316404_/Y (MAJx2_ASAP7_75t_R)
                                         _073025_ (net)
                 10.70    0.22 6756.44 v _316424_/C (MAJx2_ASAP7_75t_R)
     1    1.06    7.69   20.31 6776.75 v _316424_/Y (MAJx2_ASAP7_75t_R)
                                         _073045_ (net)
                  7.69    0.06 6776.81 v _316425_/B (AOI211x1_ASAP7_75t_R)
     1    1.30   18.84   12.17 6788.98 ^ _316425_/Y (AOI211x1_ASAP7_75t_R)
                                         _073046_ (net)
                 18.84    0.17 6789.15 ^ _316431_/B (AOI211x1_ASAP7_75t_R)
     2    2.91   35.92   15.90 6805.05 v _316431_/Y (AOI211x1_ASAP7_75t_R)
                                         _073052_ (net)
                 35.98    0.89 6805.94 v _316514_/A (OR4x1_ASAP7_75t_R)
     1    0.87   11.02   29.94 6835.88 v _316514_/Y (OR4x1_ASAP7_75t_R)
                                         _073135_ (net)
                 11.02    0.09 6835.97 v _316515_/A (INVx1_ASAP7_75t_R)
     1    0.75    7.84    6.91 6842.88 ^ _316515_/Y (INVx1_ASAP7_75t_R)
                                         _073136_ (net)
                  7.84    0.04 6842.92 ^ _316517_/A2 (OA21x2_ASAP7_75t_R)
     2    3.71   18.51   19.27 6862.19 ^ _316517_/Y (OA21x2_ASAP7_75t_R)
                                         _073138_ (net)
                 18.95    1.52 6863.71 ^ place52799/A (BUFx3_ASAP7_75t_R)
     2    1.86    7.41   16.00 6879.71 ^ place52799/Y (BUFx3_ASAP7_75t_R)
                                         net52357 (net)
                  7.41    0.09 6879.80 ^ _316541_/A (NOR2x1_ASAP7_75t_R)
     2    1.71   12.89   10.08 6889.89 v _316541_/Y (NOR2x1_ASAP7_75t_R)
                                         _073162_ (net)
                 12.89    0.13 6890.01 v _316542_/D (OR4x1_ASAP7_75t_R)
     2    5.40   36.97   39.67 6929.68 v _316542_/Y (OR4x1_ASAP7_75t_R)
                                         _073163_ (net)
                 37.96    3.32 6933.00 v _321045_/A (INVx1_ASAP7_75t_R)
     1    2.21   23.02   17.94 6950.94 ^ _321045_/Y (INVx1_ASAP7_75t_R)
                                         _077491_ (net)
                 23.04    0.49 6951.43 ^ place52719/A (BUFx6f_ASAP7_75t_R)
     5   13.74   19.36   17.18 6968.61 ^ place52719/Y (BUFx6f_ASAP7_75t_R)
                                         net52277 (net)
                 34.42    9.27 6977.88 ^ place52717/A (BUFx6f_ASAP7_75t_R)
     9    7.34   12.26   19.80 6997.68 ^ place52717/Y (BUFx6f_ASAP7_75t_R)
                                         net52275 (net)
                 13.12    1.72 6999.40 ^ _321062_/A3 (AO32x1_ASAP7_75t_R)
     1    5.10   39.22   30.27 7029.67 ^ _321062_/Y (AO32x1_ASAP7_75t_R)
                                         u_lsu.dmem_req_addr[13] (net)
                 40.00    3.05 7032.72 ^ place52661/A (BUFx6f_ASAP7_75t_R)
     1    3.64    8.31   18.92 7051.64 ^ place52661/Y (BUFx6f_ASAP7_75t_R)
                                         net52219 (net)
                  9.54    1.62 7053.26 ^ output141/A (BUFx2_ASAP7_75t_R)
     1    4.81   18.59   18.63 7071.89 ^ output141/Y (BUFx2_ASAP7_75t_R)
                                         dmem_req_addr[13] (net)
                 19.01    1.54 7073.43 ^ dmem_req_addr[13] (out)
                               7073.43   data arrival time

                       1000.00 1000.00   clock core_clk (rise edge)
                          0.00 1000.00   clock network delay (propagated)
                        -50.00  950.00   clock uncertainty
                          0.00  950.00   clock reconvergence pessimism
                       -200.00  750.00   output external delay
                                750.00   data required time
-----------------------------------------------------------------------------
                                750.00   data required time
                               -7073.43   data arrival time
-----------------------------------------------------------------------------
                               -6323.43   slack (VIOLATED)


Startpoint: _387041_ (rising edge-triggered flip-flop clocked by core_clk)
Endpoint: _388327_ (rising edge-triggered flip-flop clocked by core_clk)
Path Group: reg2reg
Path Type: max

Fanout     Cap    Slew   Delay    Time   Description
-----------------------------------------------------------------------------
                          0.00    0.00   clock core_clk (rise edge)
                          0.00    0.00   clock source latency
     1   23.89   20.00    0.00    0.00 ^ clk (in)
                                         clk (net)
                 88.45   21.59   21.59 ^ wire96739/A (BUFx12f_ASAP7_75t_R)
     1   21.65   13.49   24.83   46.42 ^ wire96739/Y (BUFx12f_ASAP7_75t_R)
                                         net96297 (net)
                 68.62   21.29   67.72 ^ clkbuf_0_clk/A (BUFx24_ASAP7_75t_R)
     2   18.89   15.14   32.09   99.81 ^ clkbuf_0_clk/Y (BUFx24_ASAP7_75t_R)
                                         clknet_0_clk (net)
                 23.33    5.77  105.58 ^ clkbuf_1_1_0_clk/A (BUFx24_ASAP7_75t_R)
     2   14.47   11.80   22.71  128.29 ^ clkbuf_1_1_0_clk/Y (BUFx24_ASAP7_75t_R)
                                         clknet_1_1_0_clk (net)
                 15.08    3.05  131.33 ^ clkbuf_2_3_0_clk/A (BUFx24_ASAP7_75t_R)
     2   15.90    9.53   19.85  151.18 ^ clkbuf_2_3_0_clk/Y (BUFx24_ASAP7_75t_R)
                                         clknet_2_3_0_clk (net)
                 30.08    8.78  159.96 ^ clkbuf_3_6_0_clk/A (BUFx24_ASAP7_75t_R)
     2   14.87   12.12   24.12  184.08 ^ clkbuf_3_6_0_clk/Y (BUFx24_ASAP7_75t_R)
                                         clknet_3_6_0_clk (net)
                 20.06    5.11  189.19 ^ clkbuf_4_12_0_clk/A (BUFx24_ASAP7_75t_R)
     4   22.66   16.17   22.87  212.06 ^ clkbuf_4_12_0_clk/Y (BUFx24_ASAP7_75t_R)
                                         clknet_4_12_0_clk (net)
                 21.22    4.66  216.72 ^ clkbuf_6_48_0_clk/A (BUFx24_ASAP7_75t_R)
     2    8.53    9.36   21.65  238.37 ^ clkbuf_6_48_0_clk/Y (BUFx24_ASAP7_75t_R)
                                         clknet_6_48_0_clk (net)
                 10.50    1.59  239.96 ^ clkbuf_7_97__f_clk/A (BUFx24_ASAP7_75t_R)
     6   24.28   16.95   20.13  260.09 ^ clkbuf_7_97__f_clk/Y (BUFx24_ASAP7_75t_R)
                                         clknet_7_97__leaf_clk (net)
                 22.64    5.05  265.14 ^ clkbuf_leaf_386_clk/A (BUFx24_ASAP7_75t_R)
    15   16.89   13.41   23.15  288.29 ^ clkbuf_leaf_386_clk/Y (BUFx24_ASAP7_75t_R)
                                         clknet_leaf_386_clk (net)
                 15.44    2.67  290.96 ^ _387041_/CLK (DFFHQNx1_ASAP7_75t_R)
     2    2.19   21.88   41.62  332.58 v _387041_/QN (DFFHQNx1_ASAP7_75t_R)
                                         _003736_ (net)
                 21.91    0.47  333.05 v _210675_/C (OR4x1_ASAP7_75t_R)
     6    9.15   54.16   50.93  383.98 v _210675_/Y (OR4x1_ASAP7_75t_R)
                                         _146916_ (net)
                 54.38    2.00  385.98 v place89701/A (BUFx6f_ASAP7_75t_R)
     6    7.96   12.43   25.62  411.60 v place89701/Y (BUFx6f_ASAP7_75t_R)
                                         net89259 (net)
                 12.61    0.83  412.43 v _210696_/B (NAND2x2_ASAP7_75t_R)
    12   16.64   58.29   28.07  440.50 ^ _210696_/Y (NAND2x2_ASAP7_75t_R)
                                         _146937_ (net)
                 58.43    1.64  442.14 ^ _210721_/B (AO21x1_ASAP7_75t_R)
     2    1.89   14.75   21.77  463.91 ^ _210721_/Y (AO21x1_ASAP7_75t_R)
                                         _146962_ (net)
                 14.77    0.31  464.22 ^ _210724_/B1 (AO22x1_ASAP7_75t_R)
     2    4.96   35.24   28.61  492.83 ^ _210724_/Y (AO22x1_ASAP7_75t_R)
                                         _146965_ (net)
                 35.44    1.51  494.34 ^ _210919_/A2 (AO32x2_ASAP7_75t_R)
     8   24.34   88.64   46.34  540.68 ^ _210919_/Y (AO32x2_ASAP7_75t_R)
                                         _147160_ (net)
                 98.97   15.52  556.21 ^ place87075/A (BUFx3_ASAP7_75t_R)
     7   21.40   52.14   40.02  596.23 ^ place87075/Y (BUFx3_ASAP7_75t_R)
                                         net86633 (net)
                 59.67   10.32  606.55 ^ _211304_/B (NOR2x2_ASAP7_75t_R)
     6   13.92   50.21   34.74  641.29 v _211304_/Y (NOR2x2_ASAP7_75t_R)
                                         _147545_ (net)
                 50.37    1.63  642.91 v _211330_/A (NAND2x1_ASAP7_75t_R)
     2    2.66   29.97   26.14  669.05 ^ _211330_/Y (NAND2x1_ASAP7_75t_R)
                                         _147571_ (net)
                 29.99    0.35  669.40 ^ place84666/A (BUFx3_ASAP7_75t_R)
     4   11.53   27.97   26.65  696.05 ^ place84666/Y (BUFx3_ASAP7_75t_R)
                                         net84224 (net)
                 28.46    2.04  698.09 ^ place84665/A (BUFx6f_ASAP7_75t_R)
     3   16.66   21.20   18.96  717.06 ^ place84665/Y (BUFx6f_ASAP7_75t_R)
                                         net84223 (net)
                 56.47   17.17  734.22 ^ _213205_/A2 (OA222x2_ASAP7_75t_R)
     1    0.83    9.82   36.16  770.38 ^ _213205_/Y (OA222x2_ASAP7_75t_R)
                                         _149446_ (net)
                  9.83    0.09  770.47 ^ _213206_/D (AND4x1_ASAP7_75t_R)
     1    9.84   68.11   46.86  817.33 ^ _213206_/Y (AND4x1_ASAP7_75t_R)
                                         _149447_ (net)
                 69.49    5.37  822.70 ^ _213238_/B (AND5x1_ASAP7_75t_R)
     2    2.61   23.96   41.81  864.51 ^ _213238_/Y (AND5x1_ASAP7_75t_R)
                                         _149479_ (net)
                 24.00    0.54  865.04 ^ _213289_/A1 (OA22x2_ASAP7_75t_R)
     3   11.98   43.32   33.86  898.91 ^ _213289_/Y (OA22x2_ASAP7_75t_R)
                                         _149530_ (net)
                 49.37    8.43  907.34 ^ _213487_/B (AND4x1_ASAP7_75t_R)
     2    1.80   17.75   31.53  938.86 ^ _213487_/Y (AND4x1_ASAP7_75t_R)
                                         _149728_ (net)
                 17.77    0.24  939.11 ^ _214553_/A (AND4x1_ASAP7_75t_R)
     2    3.01   24.87   29.97  969.08 ^ _214553_/Y (AND4x1_ASAP7_75t_R)
                                         _150794_ (net)
                 24.95    0.79  969.87 ^ _217083_/C (AND3x4_ASAP7_75t_R)
    11   10.99   26.76   28.28  998.15 ^ _217083_/Y (AND3x4_ASAP7_75t_R)
                                         _153324_ (net)
                 30.81    5.41 1003.56 ^ place79705/A (BUFx3_ASAP7_75t_R)
     2    2.25    8.56   18.68 1022.24 ^ place79705/Y (BUFx3_ASAP7_75t_R)
                                         net79263 (net)
                  8.57    0.11 1022.35 ^ place79704/A (BUFx6f_ASAP7_75t_R)
    13   15.63   20.71   17.68 1040.03 ^ place79704/Y (BUFx6f_ASAP7_75t_R)
                                         net79262 (net)
                 21.10    1.61 1041.64 ^ _217117_/A (OR2x2_ASAP7_75t_R)
     2    1.72   10.02   19.41 1061.06 ^ _217117_/Y (OR2x2_ASAP7_75t_R)
                                         _153358_ (net)
                 10.03    0.17 1061.22 ^ _217215_/A (OR3x1_ASAP7_75t_R)
     2    1.89   13.88   14.62 1075.84 ^ _217215_/Y (OR3x1_ASAP7_75t_R)
                                         _153456_ (net)
                 13.88    0.19 1076.03 ^ _217218_/A2 (AOI211x1_ASAP7_75t_R)
     2    2.07   29.67   19.70 1095.73 v _217218_/Y (AOI211x1_ASAP7_75t_R)
                                         _153459_ (net)
                 29.67    0.17 1095.91 v _217279_/A2 (OA21x2_ASAP7_75t_R)
     2    1.87    9.96   24.21 1120.12 v _217279_/Y (OA21x2_ASAP7_75t_R)
                                         _153520_ (net)
                  9.99    0.27 1120.39 v _217284_/A2 (OA211x2_ASAP7_75t_R)
     3    2.58   14.29   25.65 1146.04 v _217284_/Y (OA211x2_ASAP7_75t_R)
                                         _153525_ (net)
                 14.30    0.22 1146.26 v _217285_/E (OR5x1_ASAP7_75t_R)
     2    2.75   22.45   40.64 1186.90 v _217285_/Y (OR5x1_ASAP7_75t_R)
                                         _153526_ (net)
                 22.47    0.31 1187.21 v _217286_/B (MAJx2_ASAP7_75t_R)
     8    7.52   25.61   33.75 1220.95 v _217286_/Y (MAJx2_ASAP7_75t_R)
                                         _153527_ (net)
                 25.85    1.38 1222.33 v _217359_/A (INVx1_ASAP7_75t_R)
     3    2.06   18.86   14.74 1237.08 ^ _217359_/Y (INVx1_ASAP7_75t_R)
                                         _153600_ (net)
                 18.86    0.17 1237.25 ^ _217379_/A2 (AO221x1_ASAP7_75t_R)
     1    1.22   12.63   24.13 1261.38 ^ _217379_/Y (AO221x1_ASAP7_75t_R)
                                         _153620_ (net)
                 12.64    0.13 1261.51 ^ _217380_/E (AND5x2_ASAP7_75t_R)
     3    3.03   16.81   32.58 1294.08 ^ _217380_/Y (AND5x2_ASAP7_75t_R)
                                         _153621_ (net)
                 16.86    0.51 1294.60 ^ _217382_/A (OR3x2_ASAP7_75t_R)
     4    4.03   15.42   18.49 1313.09 ^ _217382_/Y (OR3x2_ASAP7_75t_R)
                                         _153623_ (net)
                 15.46    0.42 1313.51 ^ _217383_/B (OA21x2_ASAP7_75t_R)
     1    1.38    8.53   17.96 1331.47 ^ _217383_/Y (OA21x2_ASAP7_75t_R)
                                         _153624_ (net)
                  8.54    0.15 1331.62 ^ _217384_/B (XNOR2x2_ASAP7_75t_R)
     1    1.22    9.96   24.97 1356.60 v _217384_/Y (XNOR2x2_ASAP7_75t_R)
                                         _153625_ (net)
                  9.97    0.14 1356.74 v _217396_/B (AOI211x1_ASAP7_75t_R)
     2    2.32   27.31   16.57 1373.31 ^ _217396_/Y (AOI211x1_ASAP7_75t_R)
                                         _153637_ (net)
                 27.31    0.25 1373.56 ^ _217397_/B (XOR2x2_ASAP7_75t_R)
     4    3.83   15.69   27.31 1400.88 v _217397_/Y (XOR2x2_ASAP7_75t_R)
                                         _153638_ (net)
                 15.88    0.95 1401.83 v _217485_/A1 (AO21x1_ASAP7_75t_R)
     1    0.73    7.37   17.44 1419.27 v _217485_/Y (AO21x1_ASAP7_75t_R)
                                         _153726_ (net)
                  7.37    0.04 1419.31 v _217488_/A1 (AO21x1_ASAP7_75t_R)
     9    7.46   41.86   31.16 1450.47 v _217488_/Y (AO21x1_ASAP7_75t_R)
                                         _153729_ (net)
                 41.98    1.31 1451.78 v _217532_/A2 (OA211x2_ASAP7_75t_R)
     1    1.35   10.86   32.45 1484.23 v _217532_/Y (OA211x2_ASAP7_75t_R)
                                         _153773_ (net)
                 10.87    0.18 1484.41 v _217533_/A (XOR2x2_ASAP7_75t_R)
     2    2.48   11.33   22.29 1506.70 v _217533_/Y (XOR2x2_ASAP7_75t_R)
                                         _153774_ (net)
                 11.35    0.27 1506.97 v _217545_/C (MAJx2_ASAP7_75t_R)
     2    1.51   11.94   21.24 1528.22 v _217545_/Y (MAJx2_ASAP7_75t_R)
                                         _153786_ (net)
                 11.94    0.10 1528.32 v _217561_/B2 (AO32x1_ASAP7_75t_R)
     1    1.25   12.37   24.74 1553.07 v _217561_/Y (AO32x1_ASAP7_75t_R)
                                         _153802_ (net)
                 12.37    0.13 1553.19 v _217562_/C (MAJx2_ASAP7_75t_R)
     3    2.36   12.32   22.92 1576.11 v _217562_/Y (MAJx2_ASAP7_75t_R)
                                         _153803_ (net)
                 12.35    0.27 1576.38 v _217577_/A2 (OA21x2_ASAP7_75t_R)
     4    4.35   16.27   23.17 1599.55 v _217577_/Y (OA21x2_ASAP7_75t_R)
                                         _153818_ (net)
                 16.36    0.70 1600.25 v place65011/A (BUFx3_ASAP7_75t_R)
     2    2.34    7.60   16.70 1616.95 v place65011/Y (BUFx3_ASAP7_75t_R)
                                         net64569 (net)
                  7.60    0.11 1617.06 v _217612_/A (NOR2x1_ASAP7_75t_R)
     1    1.19   12.35    8.74 1625.80 ^ _217612_/Y (NOR2x1_ASAP7_75t_R)
                                         _153853_ (net)
                 12.35    0.13 1625.93 ^ _217613_/B (XNOR2x2_ASAP7_75t_R)
     4    4.67   19.23   26.77 1652.69 ^ _217613_/Y (XNOR2x2_ASAP7_75t_R)
                                         _153854_ (net)
                 19.29    0.63 1653.33 ^ _217620_/B (NOR2x1_ASAP7_75t_R)
     1    1.27   28.50   10.64 1663.96 v _217620_/Y (NOR2x1_ASAP7_75t_R)
                                         _153861_ (net)
                 28.50    0.07 1664.03 v _217622_/A1 (AOI22x1_ASAP7_75t_R)
     1    1.60   32.29   17.81 1681.85 ^ _217622_/Y (AOI22x1_ASAP7_75t_R)
                                         _153863_ (net)
                 32.29    0.22 1682.07 ^ _217623_/B (AOI21x1_ASAP7_75t_R)
     2    2.55   20.33   15.08 1697.15 v _217623_/Y (AOI21x1_ASAP7_75t_R)
                                         _153864_ (net)
                 20.34    0.32 1697.48 v _217624_/B (MAJx2_ASAP7_75t_R)
     4    3.10   14.24   27.68 1725.16 v _217624_/Y (MAJx2_ASAP7_75t_R)
                                         _153865_ (net)
                 14.26    0.31 1725.47 v _217669_/A3 (AO32x1_ASAP7_75t_R)
     2    1.91   14.66   27.77 1753.24 v _217669_/Y (AO32x1_ASAP7_75t_R)
                                         _153910_ (net)
                 14.67    0.14 1753.38 v _217723_/B (OR3x1_ASAP7_75t_R)
     2    1.92   14.89   25.20 1778.57 v _217723_/Y (OR3x1_ASAP7_75t_R)
                                         _153964_ (net)
                 14.89    0.19 1778.76 v _217732_/C (AO221x1_ASAP7_75t_R)
     1    1.83   16.08   26.81 1805.57 v _217732_/Y (AO221x1_ASAP7_75t_R)
                                         _153973_ (net)
                 16.10    0.27 1805.84 v _217733_/A (NAND3x1_ASAP7_75t_R)
     2    1.65   37.49   13.26 1819.10 ^ _217733_/Y (NAND3x1_ASAP7_75t_R)
                                         _153974_ (net)
                 37.49    0.12 1819.22 ^ _217734_/A (MAJx2_ASAP7_75t_R)
     2    2.43   13.76   26.41 1845.63 ^ _217734_/Y (MAJx2_ASAP7_75t_R)
                                         _153975_ (net)
                 13.77    0.18 1845.81 ^ _217735_/B (MAJx2_ASAP7_75t_R)
     2    2.10   13.57   21.96 1867.77 ^ _217735_/Y (MAJx2_ASAP7_75t_R)
                                         _153976_ (net)
                 13.58    0.15 1867.92 ^ _217740_/C (MAJx2_ASAP7_75t_R)
     3    2.62   15.35   20.94 1888.86 ^ _217740_/Y (MAJx2_ASAP7_75t_R)
                                         _153981_ (net)
                 15.36    0.16 1889.02 ^ _217741_/B1 (AO221x1_ASAP7_75t_R)
     2    2.27   18.84   24.84 1913.86 ^ _217741_/Y (AO221x1_ASAP7_75t_R)
                                         _153982_ (net)
                 18.86    0.30 1914.16 ^ _217755_/A3 (AO31x2_ASAP7_75t_R)
     8    7.35   28.16   26.18 1940.33 ^ _217755_/Y (AO31x2_ASAP7_75t_R)
                                         _153996_ (net)
                 28.37    1.38 1941.71 ^ place63067/A (BUFx3_ASAP7_75t_R)
     1    1.17    6.44   16.98 1958.69 ^ place63067/Y (BUFx3_ASAP7_75t_R)
                                         net62625 (net)
                  6.44    0.07 1958.76 ^ _217797_/A (NOR2x1_ASAP7_75t_R)
     1    0.80   10.43    7.59 1966.35 v _217797_/Y (NOR2x1_ASAP7_75t_R)
                                         _154038_ (net)
                 10.43    0.08 1966.43 v _217804_/A1 (OA21x2_ASAP7_75t_R)
     2    2.31   10.50   19.52 1985.95 v _217804_/Y (OA21x2_ASAP7_75t_R)
                                         _154045_ (net)
                 10.52    0.29 1986.25 v _217805_/B (MAJx2_ASAP7_75t_R)
     3    3.23   17.30   24.99 2011.23 v _217805_/Y (MAJx2_ASAP7_75t_R)
                                         _154046_ (net)
                 17.33    0.35 2011.58 v _217817_/A1 (AO211x2_ASAP7_75t_R)
     1    0.85    6.51   18.01 2029.59 v _217817_/Y (AO211x2_ASAP7_75t_R)
                                         _154058_ (net)
                  6.52    0.08 2029.66 v _217818_/A1 (AO32x2_ASAP7_75t_R)
     4    4.86   22.12   30.12 2059.78 v _217818_/Y (AO32x2_ASAP7_75t_R)
                                         _154059_ (net)
                 22.21    0.77 2060.55 v _217850_/A3 (AO31x2_ASAP7_75t_R)
     4    3.25   11.67   21.37 2081.92 v _217850_/Y (AO31x2_ASAP7_75t_R)
                                         _154091_ (net)
                 11.70    0.31 2082.23 v _217853_/B1 (AOI22x1_ASAP7_75t_R)
     9    8.38   57.31   29.94 2112.17 ^ _217853_/Y (AOI22x1_ASAP7_75t_R)
                                         _154094_ (net)
                 57.39    1.19 2113.36 ^ _217888_/A (AND2x2_ASAP7_75t_R)
     1    1.12    8.35   20.77 2134.13 ^ _217888_/Y (AND2x2_ASAP7_75t_R)
                                         _154129_ (net)
                  8.35    0.06 2134.19 ^ _217889_/B (XNOR2x2_ASAP7_75t_R)
     3    2.47   11.37   27.10 2161.30 v _217889_/Y (XNOR2x2_ASAP7_75t_R)
                                         _154130_ (net)
                 11.39    0.26 2161.55 v _217890_/B (OR2x2_ASAP7_75t_R)
     3    2.40   11.99   19.64 2181.20 v _217890_/Y (OR2x2_ASAP7_75t_R)
                                         _154131_ (net)
                 12.01    0.24 2181.44 v _217897_/A1 (AO21x1_ASAP7_75t_R)
     2    1.74   12.27   19.20 2200.64 v _217897_/Y (AO21x1_ASAP7_75t_R)
                                         _154138_ (net)
                 12.29    0.23 2200.87 v _217898_/B (AND2x2_ASAP7_75t_R)
     2    1.59    7.71   16.47 2217.34 v _217898_/Y (AND2x2_ASAP7_75t_R)
                                         _154139_ (net)
                  7.73    0.19 2217.53 v _217959_/A2 (OA211x2_ASAP7_75t_R)
     1    0.89    9.67   21.89 2239.42 v _217959_/Y (OA211x2_ASAP7_75t_R)
                                         _154200_ (net)
                  9.68    0.08 2239.50 v _217960_/A1 (OA21x2_ASAP7_75t_R)
     3    2.51   11.08   19.67 2259.17 v _217960_/Y (OA21x2_ASAP7_75t_R)
                                         _154201_ (net)
                 11.12    0.33 2259.50 v _218017_/A2 (OA211x2_ASAP7_75t_R)
     2    1.98   12.68   24.86 2284.35 v _218017_/Y (OA211x2_ASAP7_75t_R)
                                         _154258_ (net)
                 12.70    0.22 2284.58 v _218018_/A (XOR2x2_ASAP7_75t_R)
     2    1.47    8.60   21.18 2305.75 v _218018_/Y (XOR2x2_ASAP7_75t_R)
                                         _154259_ (net)
                  8.60    0.10 2305.85 v _218038_/B (OR4x1_ASAP7_75t_R)
     2    1.44   14.14   27.24 2333.09 v _218038_/Y (OR4x1_ASAP7_75t_R)
                                         _154279_ (net)
                 14.14    0.16 2333.25 v _218040_/B2 (AO221x1_ASAP7_75t_R)
     2    1.64   16.11   25.12 2358.37 v _218040_/Y (AO221x1_ASAP7_75t_R)
                                         _154281_ (net)
                 16.12    0.16 2358.53 v _218043_/B3 (AO33x2_ASAP7_75t_R)
     2    1.97   13.99   33.95 2392.48 v _218043_/Y (AO33x2_ASAP7_75t_R)
                                         _154284_ (net)
                 14.01    0.28 2392.76 v _218044_/A (MAJx2_ASAP7_75t_R)
     2    1.74   11.85   21.91 2414.67 v _218044_/Y (MAJx2_ASAP7_75t_R)
                                         _154285_ (net)
                 11.86    0.17 2414.84 v _218049_/A (MAJx3_ASAP7_75t_R)
     6    7.18   22.76   29.54 2444.38 v _218049_/Y (MAJx3_ASAP7_75t_R)
                                         _154290_ (net)
                 23.02    1.32 2445.70 v _218087_/A2 (OA21x2_ASAP7_75t_R)
     4    4.27   15.83   26.29 2472.00 v _218087_/Y (OA21x2_ASAP7_75t_R)
                                         _154328_ (net)
                 15.86    0.37 2472.37 v _218091_/B (AND2x4_ASAP7_75t_R)
     1    0.86    6.52   15.33 2487.70 v _218091_/Y (AND2x4_ASAP7_75t_R)
                                         _154332_ (net)
                  6.52    0.07 2487.77 v _218092_/A2 (OA21x2_ASAP7_75t_R)
     1    0.81    6.42   16.22 2503.98 v _218092_/Y (OA21x2_ASAP7_75t_R)
                                         _154333_ (net)
                  6.42    0.08 2504.07 v _218093_/C1 (OA222x2_ASAP7_75t_R)
     2    2.32   12.32   24.82 2528.88 v _218093_/Y (OA222x2_ASAP7_75t_R)
                                         _154334_ (net)
                 12.34    0.25 2529.14 v _218106_/C (MAJx2_ASAP7_75t_R)
     3    3.01   17.28   23.87 2553.01 v _218106_/Y (MAJx2_ASAP7_75t_R)
                                         _154347_ (net)
                 17.38    0.67 2553.68 v _218130_/A3 (AO32x2_ASAP7_75t_R)
     2    1.75   14.85   30.36 2584.04 v _218130_/Y (AO32x2_ASAP7_75t_R)
                                         _154371_ (net)
                 14.86    0.19 2584.23 v _218150_/A1 (OA21x2_ASAP7_75t_R)
     2    2.71   11.64   21.11 2605.34 v _218150_/Y (OA21x2_ASAP7_75t_R)
                                         _154391_ (net)
                 11.69    0.40 2605.73 v _218190_/A2 (OA211x2_ASAP7_75t_R)
     2    2.56   14.27   26.05 2631.78 v _218190_/Y (OA211x2_ASAP7_75t_R)
                                         _154431_ (net)
                 14.31    0.43 2632.21 v _218211_/A3 (OA31x2_ASAP7_75t_R)
     5    5.62   21.07   24.96 2657.16 v _218211_/Y (OA31x2_ASAP7_75t_R)
                                         _154452_ (net)
                 21.18    0.84 2658.00 v _218260_/A3 (AO32x1_ASAP7_75t_R)
     1    0.92    9.60   26.30 2684.30 v _218260_/Y (AO32x1_ASAP7_75t_R)
                                         _154501_ (net)
                  9.61    0.08 2684.38 v _218261_/A (OR3x1_ASAP7_75t_R)
     4    3.98   25.32   28.62 2713.00 v _218261_/Y (OR3x1_ASAP7_75t_R)
                                         _154502_ (net)
                 25.33    0.29 2713.29 v _218270_/B2 (OA22x2_ASAP7_75t_R)
     1    0.81   10.29   23.76 2737.05 v _218270_/Y (OA22x2_ASAP7_75t_R)
                                         _154511_ (net)
                 10.29    0.09 2737.13 v _218271_/B1 (AO22x2_ASAP7_75t_R)
     6    6.75   24.65   27.31 2764.44 v _218271_/Y (AO22x2_ASAP7_75t_R)
                                         _154512_ (net)
                 25.04    1.72 2766.16 v _218276_/B2 (AO22x2_ASAP7_75t_R)
     4    4.77   17.79   28.61 2794.77 v _218276_/Y (AO22x2_ASAP7_75t_R)
                                         _154517_ (net)
                 17.86    0.61 2795.38 v _218298_/A2 (AO21x2_ASAP7_75t_R)
     8    6.56   21.32   27.73 2823.11 v _218298_/Y (AO21x2_ASAP7_75t_R)
                                         _154539_ (net)
                 21.37    0.57 2823.68 v _218408_/C (OR3x1_ASAP7_75t_R)
     1    0.51    7.99   21.76 2845.44 v _218408_/Y (OR3x1_ASAP7_75t_R)
                                         _154649_ (net)
                  7.99    0.02 2845.47 v _218411_/C (OA211x2_ASAP7_75t_R)
     3    3.47   16.90   31.66 2877.13 v _218411_/Y (OA211x2_ASAP7_75t_R)
                                         _154652_ (net)
                 16.97    0.59 2877.72 v _218421_/A3 (OA31x2_ASAP7_75t_R)
     3    3.25   20.11   22.60 2900.31 v _218421_/Y (OA31x2_ASAP7_75t_R)
                                         _154662_ (net)
                 20.15    0.50 2900.81 v _218429_/A3 (OA31x2_ASAP7_75t_R)
     2    2.26   15.91   21.94 2922.75 v _218429_/Y (OA31x2_ASAP7_75t_R)
                                         _154670_ (net)
                 15.93    0.26 2923.01 v _218461_/A3 (OA31x2_ASAP7_75t_R)
     2    2.62   13.21   21.26 2944.27 v _218461_/Y (OA31x2_ASAP7_75t_R)
                                         _154702_ (net)
                 13.28    0.51 2944.78 v _218493_/A2 (OA21x2_ASAP7_75t_R)
     5    6.37   21.12   26.21 2971.00 v _218493_/Y (OA21x2_ASAP7_75t_R)
                                         _154734_ (net)
                 21.24    0.91 2971.91 v place60841/A (BUFx6f_ASAP7_75t_R)
     4    4.48    7.93   17.47 2989.38 v place60841/Y (BUFx6f_ASAP7_75t_R)
                                         net60399 (net)
                  8.02    0.44 2989.82 v _218699_/C (MAJx2_ASAP7_75t_R)
     1    1.06   12.99   19.60 3009.42 v _218699_/Y (MAJx2_ASAP7_75t_R)
                                         _154940_ (net)
                 12.99    0.10 3009.52 v _218700_/B (XNOR2x2_ASAP7_75t_R)
     2    2.22   12.56   23.64 3033.16 ^ _218700_/Y (XNOR2x2_ASAP7_75t_R)
                                         _154941_ (net)
                 12.58    0.28 3033.44 ^ _218724_/B (XNOR2x2_ASAP7_75t_R)
     1    0.68    6.93   24.88 3058.32 v _218724_/Y (XNOR2x2_ASAP7_75t_R)
                                         _154965_ (net)
                  6.93    0.04 3058.36 v _218725_/B (AND2x2_ASAP7_75t_R)
     1    1.36   10.48   14.40 3072.76 v _218725_/Y (AND2x2_ASAP7_75t_R)
                                         _154966_ (net)
                 10.48    0.13 3072.89 v _218726_/C (MAJx2_ASAP7_75t_R)
     1    0.82   11.63   19.84 3092.73 v _218726_/Y (MAJx2_ASAP7_75t_R)
                                         _154967_ (net)
                 11.63    0.08 3092.82 v _218730_/A2 (AO21x1_ASAP7_75t_R)
     2    2.73   17.51   20.69 3113.51 v _218730_/Y (AO21x1_ASAP7_75t_R)
                                         _154971_ (net)
                 17.54    0.36 3113.87 v _218731_/C (MAJx2_ASAP7_75t_R)
     2    2.13   12.60   23.83 3137.71 v _218731_/Y (MAJx2_ASAP7_75t_R)
                                         _154972_ (net)
                 12.61    0.13 3137.84 v _218761_/C (MAJx2_ASAP7_75t_R)
     1    1.02   10.42   20.69 3158.53 v _218761_/Y (MAJx2_ASAP7_75t_R)
                                         _155002_ (net)
                 10.43    0.13 3158.66 v _218762_/A2 (AO21x2_ASAP7_75t_R)
     6    5.73   19.93   23.96 3182.62 v _218762_/Y (AO21x2_ASAP7_75t_R)
                                         _155003_ (net)
                 20.01    0.73 3183.35 v _218763_/A (OR2x2_ASAP7_75t_R)
    10    9.52   30.53   30.23 3213.58 v _218763_/Y (OR2x2_ASAP7_75t_R)
                                         _155004_ (net)
                 31.25    2.56 3216.15 v _218830_/A (AND2x4_ASAP7_75t_R)
     2    1.93    6.60   21.37 3237.51 v _218830_/Y (AND2x4_ASAP7_75t_R)
                                         _155071_ (net)
                  6.61    0.10 3237.62 v _218831_/A (XNOR2x2_ASAP7_75t_R)
     3    2.74   12.83   23.01 3260.63 ^ _218831_/Y (XNOR2x2_ASAP7_75t_R)
                                         _155072_ (net)
                 12.86    0.36 3260.99 ^ _218881_/B (OA21x2_ASAP7_75t_R)
     2    1.65   11.15   17.98 3278.97 ^ _218881_/Y (OA21x2_ASAP7_75t_R)
                                         _155122_ (net)
                 11.15    0.12 3279.09 ^ _218882_/A (AND4x1_ASAP7_75t_R)
     1    1.19   13.50   22.35 3301.44 ^ _218882_/Y (AND4x1_ASAP7_75t_R)
                                         _155123_ (net)
                 13.50    0.11 3301.55 ^ _218885_/B2 (AOI221x1_ASAP7_75t_R)
     5    5.63   62.77   30.83 3332.38 v _218885_/Y (AOI221x1_ASAP7_75t_R)
                                         _155126_ (net)
                 62.95    1.91 3334.30 v _218968_/A2 (OAI21x1_ASAP7_75t_R)
     2    2.07   25.81   20.83 3355.13 ^ _218968_/Y (OAI21x1_ASAP7_75t_R)
                                         _155209_ (net)
                 25.81    0.11 3355.24 ^ _218974_/B (AND5x2_ASAP7_75t_R)
    10    8.51   35.31   39.97 3395.21 ^ _218974_/Y (AND5x2_ASAP7_75t_R)
                                         _155215_ (net)
                 35.43    1.21 3396.42 ^ _219045_/A (OR2x2_ASAP7_75t_R)
     7    6.54   24.12   29.35 3425.77 ^ _219045_/Y (OR2x2_ASAP7_75t_R)
                                         _155286_ (net)
                 24.18    0.67 3426.44 ^ place59825/A (BUFx6f_ASAP7_75t_R)
     5    5.63    9.73   17.38 3443.83 ^ place59825/Y (BUFx6f_ASAP7_75t_R)
                                         net59383 (net)
                  9.89    0.66 3444.48 ^ _219144_/B (AND3x1_ASAP7_75t_R)
     4    3.88   27.92   27.43 3471.91 ^ _219144_/Y (AND3x1_ASAP7_75t_R)
                                         _155385_ (net)
                 27.92    0.14 3472.05 ^ _219145_/A2 (OAI21x1_ASAP7_75t_R)
     1    1.09   29.29   10.06 3482.11 v _219145_/Y (OAI21x1_ASAP7_75t_R)
                                         _155386_ (net)
                 29.29    0.06 3482.17 v _219152_/B1 (AOI221x1_ASAP7_75t_R)
     3    3.61   46.97   25.85 3508.02 ^ _219152_/Y (AOI221x1_ASAP7_75t_R)
                                         _155393_ (net)
                 47.00    0.72 3508.74 ^ _219221_/A (AND2x2_ASAP7_75t_R)
     1    1.26    8.59   20.14 3528.88 ^ _219221_/Y (AND2x2_ASAP7_75t_R)
                                         _155462_ (net)
                  8.60    0.14 3529.02 ^ _219222_/E (AND5x2_ASAP7_75t_R)
     3    3.64   18.83   32.86 3561.88 ^ _219222_/Y (AND5x2_ASAP7_75t_R)
                                         _155463_ (net)
                 18.97    0.89 3562.77 ^ _219231_/A3 (OA31x2_ASAP7_75t_R)
    11   12.10   44.02   36.28 3599.05 ^ _219231_/Y (OA31x2_ASAP7_75t_R)
                                         _155472_ (net)
                 44.62    2.90 3601.95 ^ place59474/A (BUFx3_ASAP7_75t_R)
     7    5.79   15.88   24.44 3626.39 ^ place59474/Y (BUFx3_ASAP7_75t_R)
                                         net59032 (net)
                 15.94    0.55 3626.94 ^ _219398_/A (AND2x4_ASAP7_75t_R)
     2    2.20    7.46   15.49 3642.43 ^ _219398_/Y (AND2x4_ASAP7_75t_R)
                                         _155639_ (net)
                  7.49    0.25 3642.68 ^ _219399_/A (XNOR2x2_ASAP7_75t_R)
     2    1.64    9.21   25.40 3668.09 v _219399_/Y (XNOR2x2_ASAP7_75t_R)
                                         _155640_ (net)
                  9.23    0.18 3668.27 v _219451_/B1 (AO32x1_ASAP7_75t_R)
     1    0.82   12.12   21.85 3690.12 v _219451_/Y (AO32x1_ASAP7_75t_R)
                                         _155692_ (net)
                 12.13    0.09 3690.20 v _219459_/A1 (OA21x2_ASAP7_75t_R)
     1    1.24    7.56   18.14 3708.35 v _219459_/Y (OA21x2_ASAP7_75t_R)
                                         _155700_ (net)
                  7.57    0.14 3708.49 v _219485_/A2 (OA221x2_ASAP7_75t_R)
     6    7.90   28.92   35.91 3744.40 v _219485_/Y (OA221x2_ASAP7_75t_R)
                                         _155726_ (net)
                 30.04    3.11 3747.50 v _219486_/C (AO211x2_ASAP7_75t_R)
     4    3.77   14.49   25.69 3773.19 v _219486_/Y (AO211x2_ASAP7_75t_R)
                                         _155727_ (net)
                 14.53    0.42 3773.61 v _219589_/A1 (AO21x2_ASAP7_75t_R)
     2    2.36   11.61   21.72 3795.33 v _219589_/Y (AO21x2_ASAP7_75t_R)
                                         _155830_ (net)
                 11.65    0.37 3795.70 v _219622_/B (OA211x2_ASAP7_75t_R)
     1    1.28   10.67   27.32 3823.02 v _219622_/Y (OA211x2_ASAP7_75t_R)
                                         _155863_ (net)
                 10.68    0.16 3823.18 v _219623_/A (XOR2x2_ASAP7_75t_R)
     3    3.18   14.33   28.08 3851.26 ^ _219623_/Y (XOR2x2_ASAP7_75t_R)
                                         _155864_ (net)
                 14.36    0.36 3851.63 ^ _219647_/A2 (AO211x2_ASAP7_75t_R)
     2    1.68   13.83   22.44 3874.06 ^ _219647_/Y (AO211x2_ASAP7_75t_R)
                                         _155888_ (net)
                 13.84    0.18 3874.24 ^ _219653_/A1 (AO221x1_ASAP7_75t_R)
     1    1.49   14.15   25.04 3899.28 ^ _219653_/Y (AO221x1_ASAP7_75t_R)
                                         _155894_ (net)
                 14.16    0.18 3899.46 ^ _219666_/A1 (AO31x2_ASAP7_75t_R)
     2    3.28   15.67   20.62 3920.08 ^ _219666_/Y (AO31x2_ASAP7_75t_R)
                                         _155907_ (net)
                 15.84    0.89 3920.97 ^ _219763_/A2 (AO21x1_ASAP7_75t_R)
     2    1.67   13.45   17.92 3938.89 ^ _219763_/Y (AO21x1_ASAP7_75t_R)
                                         _156004_ (net)
                 13.46    0.20 3939.09 ^ place58969/A (BUFx3_ASAP7_75t_R)
    17   16.23   38.25   26.48 3965.57 ^ place58969/Y (BUFx3_ASAP7_75t_R)
                                         net58527 (net)
                 39.35    3.55 3969.12 ^ _219821_/B1 (AO221x1_ASAP7_75t_R)
     2    2.98   24.29   32.18 4001.31 ^ _219821_/Y (AO221x1_ASAP7_75t_R)
                                         _156062_ (net)
                 24.37    0.74 4002.05 ^ _219822_/C (AND3x1_ASAP7_75t_R)
     1    0.92   11.07   20.08 4022.12 ^ _219822_/Y (AND3x1_ASAP7_75t_R)
                                         _156063_ (net)
                 11.08    0.11 4022.23 ^ _219825_/A1 (OA21x2_ASAP7_75t_R)
     1    2.65   12.63   19.43 4041.66 ^ _219825_/Y (OA21x2_ASAP7_75t_R)
                                         _156066_ (net)
                 12.75    0.67 4042.33 ^ _219826_/B (XNOR2x1_ASAP7_75t_R)
     2    2.25   19.67   18.46 4060.80 ^ _219826_/Y (XNOR2x1_ASAP7_75t_R)
                                         _156067_ (net)
                 19.68    0.25 4061.05 ^ _220157_/B (XNOR2x2_ASAP7_75t_R)
     1    0.78    7.92   26.41 4087.46 v _220157_/Y (XNOR2x2_ASAP7_75t_R)
                                         _156398_ (net)
                  7.92    0.08 4087.54 v _220165_/C (OR5x1_ASAP7_75t_R)
     2    2.12   19.32   35.78 4123.32 v _220165_/Y (OR5x1_ASAP7_75t_R)
                                         _156406_ (net)
                 19.33    0.23 4123.55 v _220166_/B (AO31x2_ASAP7_75t_R)
     3    3.04   11.12   21.11 4144.67 v _220166_/Y (AO31x2_ASAP7_75t_R)
                                         _156407_ (net)
                 11.12    0.12 4144.79 v _220169_/A1 (AO21x2_ASAP7_75t_R)
    12   12.63   37.80   33.17 4177.96 v _220169_/Y (AO21x2_ASAP7_75t_R)
                                         _156410_ (net)
                 38.19    2.21 4180.16 v place58605/A (BUFx3_ASAP7_75t_R)
     4    4.85   13.12   24.36 4204.53 v place58605/Y (BUFx3_ASAP7_75t_R)
                                         net58163 (net)
                 13.17    0.45 4204.98 v _220318_/B (NOR3x1_ASAP7_75t_R)
     3    3.10   24.57   16.35 4221.33 ^ _220318_/Y (NOR3x1_ASAP7_75t_R)
                                         _156559_ (net)
                 24.60    0.51 4221.85 ^ _220345_/C (OR3x1_ASAP7_75t_R)
     4    4.27   29.30   25.05 4246.89 ^ _220345_/Y (OR3x1_ASAP7_75t_R)
                                         _156586_ (net)
                 29.32    0.40 4247.29 ^ _220395_/A1 (AO211x2_ASAP7_75t_R)
     2    2.43   12.87   29.05 4276.34 ^ _220395_/Y (AO211x2_ASAP7_75t_R)
                                         _156636_ (net)
                 12.90    0.35 4276.69 ^ _220397_/A2 (AOI22x1_ASAP7_75t_R)
     2    1.76   29.63   10.57 4287.26 v _220397_/Y (AOI22x1_ASAP7_75t_R)
                                         _156638_ (net)
                 29.63    0.18 4287.44 v _220465_/A (OR3x2_ASAP7_75t_R)
     6    5.74   22.11   36.62 4324.05 v _220465_/Y (OR3x2_ASAP7_75t_R)
                                         _156706_ (net)
                 22.26    0.98 4325.04 v place58407/A (BUFx6f_ASAP7_75t_R)
     9    9.20   12.89   19.49 4344.52 v place58407/Y (BUFx6f_ASAP7_75t_R)
                                         net57965 (net)
                 13.66    1.68 4346.20 v _220742_/B2 (AOI221x1_ASAP7_75t_R)
     3    3.08   34.27   20.84 4367.04 ^ _220742_/Y (AOI221x1_ASAP7_75t_R)
                                         _156983_ (net)
                 34.29    0.47 4367.51 ^ _220824_/A (XNOR2x2_ASAP7_75t_R)
     2    1.63   10.05   30.86 4398.38 v _220824_/Y (XNOR2x2_ASAP7_75t_R)
                                         _157065_ (net)
                 10.05    0.08 4398.46 v _220828_/A2 (AO21x1_ASAP7_75t_R)
     2    1.87   15.15   18.12 4416.57 v _220828_/Y (AO21x1_ASAP7_75t_R)
                                         _157069_ (net)
                 15.15    0.12 4416.70 v _220829_/B (AND2x2_ASAP7_75t_R)
     1    0.87    5.90   16.32 4433.01 v _220829_/Y (AND2x2_ASAP7_75t_R)
                                         _157070_ (net)
                  5.90    0.10 4433.11 v _220858_/B (OR4x1_ASAP7_75t_R)
     2    2.23   18.13   29.20 4462.31 v _220858_/Y (OR4x1_ASAP7_75t_R)
                                         _157099_ (net)
                 18.15    0.36 4462.67 v _220865_/A1 (AO32x1_ASAP7_75t_R)
     2    1.94   15.70   25.55 4488.21 v _220865_/Y (AO32x1_ASAP7_75t_R)
                                         _157106_ (net)
                 15.73    0.36 4488.57 v _220867_/B2 (AO221x1_ASAP7_75t_R)
     2    1.99   16.70   26.56 4515.13 v _220867_/Y (AO221x1_ASAP7_75t_R)
                                         _157108_ (net)
                 16.72    0.21 4515.34 v _220868_/B1 (AO32x1_ASAP7_75t_R)
     2    1.66   13.36   26.84 4542.18 v _220868_/Y (AO32x1_ASAP7_75t_R)
                                         _157109_ (net)
                 13.37    0.15 4542.33 v _220874_/A2 (OA21x2_ASAP7_75t_R)
     2    3.22   12.76   22.11 4564.44 v _220874_/Y (OA21x2_ASAP7_75t_R)
                                         _157115_ (net)
                 12.76    0.15 4564.59 v place58066/A (BUFx6f_ASAP7_75t_R)
     8    9.45   13.61   15.93 4580.51 v place58066/Y (BUFx6f_ASAP7_75t_R)
                                         net57624 (net)
                 14.08    1.41 4581.92 v _220947_/C (OA211x2_ASAP7_75t_R)
     1    1.22   10.49   29.54 4611.46 v _220947_/Y (OA211x2_ASAP7_75t_R)
                                         _157188_ (net)
                 10.50    0.10 4611.56 v _220948_/A (XOR2x2_ASAP7_75t_R)
     3    4.09   16.16   24.35 4635.92 v _220948_/Y (XOR2x2_ASAP7_75t_R)
                                         _157189_ (net)
                 16.33    0.92 4636.83 v place57987/A (BUFx3_ASAP7_75t_R)
     2    2.29    7.62   16.59 4653.42 v place57987/Y (BUFx3_ASAP7_75t_R)
                                         net57545 (net)
                  7.65    0.26 4653.69 v _220965_/B (NAND2x1_ASAP7_75t_R)
     3    3.16   50.53   13.78 4667.47 ^ _220965_/Y (NAND2x1_ASAP7_75t_R)
                                         _157206_ (net)
                 50.53    0.25 4667.72 ^ _220966_/B (OAI21x1_ASAP7_75t_R)
     2    1.57   19.69   16.20 4683.93 v _220966_/Y (OAI21x1_ASAP7_75t_R)
                                         _157207_ (net)
                 19.69    0.14 4684.07 v _221119_/A2 (AO21x1_ASAP7_75t_R)
     2    2.63   17.56   22.43 4706.50 v _221119_/Y (AO21x1_ASAP7_75t_R)
                                         _157360_ (net)
                 17.64    0.66 4707.17 v _221176_/A1 (OA21x2_ASAP7_75t_R)
     4    3.94   14.93   23.51 4730.67 v _221176_/Y (OA21x2_ASAP7_75t_R)
                                         _157417_ (net)
                 14.97    0.44 4731.11 v place57865/A (BUFx3_ASAP7_75t_R)
     2    1.93    6.83   15.84 4746.95 v place57865/Y (BUFx3_ASAP7_75t_R)
                                         net57423 (net)
                  6.83    0.09 4747.04 v _221222_/A2 (AOI21x1_ASAP7_75t_R)
     4    5.57   39.91   19.81 4766.84 ^ _221222_/Y (AOI21x1_ASAP7_75t_R)
                                         _157463_ (net)
                 40.19    1.82 4768.66 ^ place57844/A (BUFx3_ASAP7_75t_R)
     4    3.50   11.35   21.67 4790.34 ^ place57844/Y (BUFx3_ASAP7_75t_R)
                                         net57402 (net)
                 11.38    0.28 4790.61 ^ _221436_/B2 (AO221x1_ASAP7_75t_R)
     1    1.16   12.36   19.44 4810.05 ^ _221436_/Y (AO221x1_ASAP7_75t_R)
                                         _157677_ (net)
                 12.36    0.09 4810.14 ^ _221437_/C (AOI221x1_ASAP7_75t_R)
     2    2.74   53.35   17.36 4827.50 v _221437_/Y (AOI221x1_ASAP7_75t_R)
                                         _157678_ (net)
                 53.37    0.49 4827.99 v _221459_/B (NOR2x1_ASAP7_75t_R)
     3    2.89   30.41   22.84 4850.83 ^ _221459_/Y (NOR2x1_ASAP7_75t_R)
                                         _157700_ (net)
                 30.42    0.31 4851.14 ^ _221479_/A1 (AOI221x1_ASAP7_75t_R)
     2    3.04   48.61   29.46 4880.60 v _221479_/Y (AOI221x1_ASAP7_75t_R)
                                         _157720_ (net)
                 48.65    0.88 4881.49 v _221631_/B1 (OA31x2_ASAP7_75t_R)
     2    1.96   12.43   33.23 4914.72 v _221631_/Y (OA31x2_ASAP7_75t_R)
                                         _157872_ (net)
                 12.45    0.25 4914.96 v _221633_/C (OR4x2_ASAP7_75t_R)
     8    7.63   29.73   43.18 4958.14 v _221633_/Y (OR4x2_ASAP7_75t_R)
                                         _157874_ (net)
                 29.81    0.84 4958.99 v _221634_/B (AND3x4_ASAP7_75t_R)
    12   11.24   20.49   32.33 4991.31 v _221634_/Y (AND3x4_ASAP7_75t_R)
                                         _157875_ (net)
                 20.92    1.63 4992.94 v _221705_/D (OR4x1_ASAP7_75t_R)
     1    0.71   12.13   27.84 5020.79 v _221705_/Y (OR4x1_ASAP7_75t_R)
                                         _157946_ (net)
                 12.13    0.08 5020.86 v _221707_/B (OA211x2_ASAP7_75t_R)
     1    0.67    9.22   26.28 5047.14 v _221707_/Y (OA211x2_ASAP7_75t_R)
                                         _157948_ (net)
                  9.22    0.05 5047.20 v _221710_/B (OA211x2_ASAP7_75t_R)
     1    0.79   10.13   25.60 5072.80 v _221710_/Y (OA211x2_ASAP7_75t_R)
                                         _157951_ (net)
                 10.13    0.09 5072.88 v _221711_/B2 (AO221x1_ASAP7_75t_R)
     1    0.74   10.35   20.90 5093.79 v _221711_/Y (AO221x1_ASAP7_75t_R)
                                         _157952_ (net)
                 10.35    0.08 5093.87 v _221717_/B (OA211x2_ASAP7_75t_R)
     2    2.72   14.64   29.64 5123.50 v _221717_/Y (OA211x2_ASAP7_75t_R)
                                         _157958_ (net)
                 14.68    0.44 5123.94 v _221977_/A1 (OAI21x1_ASAP7_75t_R)
     2    3.09   24.41   16.69 5140.64 ^ _221977_/Y (OAI21x1_ASAP7_75t_R)
                                         _158218_ (net)
                 24.42    0.23 5140.87 ^ place57411/A (BUFx6f_ASAP7_75t_R)
     9    8.66   13.57   18.52 5159.39 ^ place57411/Y (BUFx6f_ASAP7_75t_R)
                                         net56969 (net)
                 13.97    1.28 5160.67 ^ place57409/A (BUFx6f_ASAP7_75t_R)
     5    3.88    7.57   14.21 5174.88 ^ place57409/Y (BUFx6f_ASAP7_75t_R)
                                         net56967 (net)
                  7.62    0.33 5175.22 ^ _222155_/A1 (OA21x2_ASAP7_75t_R)
     1    1.29    8.57   16.24 5191.46 ^ _222155_/Y (OA21x2_ASAP7_75t_R)
                                         _158396_ (net)
                  8.58    0.14 5191.60 ^ _222156_/A (XOR2x2_ASAP7_75t_R)
     2    2.51   12.30   26.35 5217.96 ^ _222156_/Y (XOR2x2_ASAP7_75t_R)
                                         _158397_ (net)
                 12.33    0.35 5218.30 ^ _222223_/B (XNOR2x2_ASAP7_75t_R)
     1    0.62    8.11   24.73 5243.04 v _222223_/Y (XNOR2x2_ASAP7_75t_R)
                                         _158464_ (net)
                  8.11    0.03 5243.07 v _222224_/C (AO221x1_ASAP7_75t_R)
     2    2.50   18.09   27.16 5270.23 v _222224_/Y (AO221x1_ASAP7_75t_R)
                                         _158465_ (net)
                 18.15    0.56 5270.79 v _222300_/A (OR5x1_ASAP7_75t_R)
     1    1.69   17.04   31.82 5302.61 v _222300_/Y (OR5x1_ASAP7_75t_R)
                                         _158541_ (net)
                 17.07    0.40 5303.01 v _222301_/A (OR5x1_ASAP7_75t_R)
     2    1.65   16.59   31.45 5334.46 v _222301_/Y (OR5x1_ASAP7_75t_R)
                                         _158542_ (net)
                 16.59    0.14 5334.61 v _222309_/A1 (OA21x2_ASAP7_75t_R)
     8    7.35   24.43   27.19 5361.80 v _222309_/Y (OA21x2_ASAP7_75t_R)
                                         _158550_ (net)
                 24.85    1.77 5363.57 v place57140/A (BUFx3_ASAP7_75t_R)
    10   10.30   22.00   25.61 5389.18 v place57140/Y (BUFx3_ASAP7_75t_R)
                                         net56698 (net)
                 22.04    0.60 5389.78 v _222334_/B (NAND2x2_ASAP7_75t_R)
     4    5.49   27.91   17.13 5406.91 ^ _222334_/Y (NAND2x2_ASAP7_75t_R)
                                         _158575_ (net)
                 28.09    1.19 5408.10 ^ place57055/A (BUFx3_ASAP7_75t_R)
    12   14.86   35.68   28.57 5436.67 ^ place57055/Y (BUFx3_ASAP7_75t_R)
                                         net56613 (net)
                 36.47    2.94 5439.60 ^ _222474_/B2 (OA22x2_ASAP7_75t_R)
     1    0.66    6.69   20.04 5459.64 ^ _222474_/Y (OA22x2_ASAP7_75t_R)
                                         _158715_ (net)
                  6.70    0.07 5459.71 ^ _222484_/B (OA211x2_ASAP7_75t_R)
     1    0.73    8.37   18.92 5478.63 ^ _222484_/Y (OA211x2_ASAP7_75t_R)
                                         _158725_ (net)
                  8.37    0.05 5478.68 ^ _222507_/A (AND5x1_ASAP7_75t_R)
     4    4.00   31.69   34.17 5512.85 ^ _222507_/Y (AND5x1_ASAP7_75t_R)
                                         _158748_ (net)
                 31.80    1.02 5513.87 ^ _222830_/C (AND5x1_ASAP7_75t_R)
     3    2.51   23.07   37.02 5550.89 ^ _222830_/Y (AND5x1_ASAP7_75t_R)
                                         _159071_ (net)
                 23.08    0.31 5551.21 ^ _222835_/A2 (AO21x1_ASAP7_75t_R)
     3    3.10   22.13   23.18 5574.39 ^ _222835_/Y (AO21x1_ASAP7_75t_R)
                                         _159076_ (net)
                 22.15    0.38 5574.77 ^ _222903_/B (AOI211x1_ASAP7_75t_R)
     4    4.06   47.73   19.42 5594.19 v _222903_/Y (AOI211x1_ASAP7_75t_R)
                                         _159144_ (net)
                 47.82    1.16 5595.35 v place56758/A (BUFx3_ASAP7_75t_R)
     9   11.93   26.47   30.64 5625.99 v place56758/Y (BUFx3_ASAP7_75t_R)
                                         net56316 (net)
                 28.16    3.59 5629.58 v _223153_/A (NOR2x1_ASAP7_75t_R)
     2    2.15   22.48   15.26 5644.84 ^ _223153_/Y (NOR2x1_ASAP7_75t_R)
                                         _159394_ (net)
                 22.49    0.19 5645.03 ^ _223233_/B (XNOR2x2_ASAP7_75t_R)
     1    0.85    7.00   26.92 5671.95 v _223233_/Y (XNOR2x2_ASAP7_75t_R)
                                         _159474_ (net)
                  7.00    0.10 5672.05 v _223235_/A3 (AO32x1_ASAP7_75t_R)
     1    0.61   10.12   21.89 5693.94 v _223235_/Y (AO32x1_ASAP7_75t_R)
                                         _159476_ (net)
                 10.12    0.03 5693.97 v _223236_/C (AO221x1_ASAP7_75t_R)
     2    2.40   19.39   27.42 5721.40 v _223236_/Y (AO221x1_ASAP7_75t_R)
                                         _159477_ (net)
                 19.40    0.25 5721.65 v _223238_/B (MAJx2_ASAP7_75t_R)
     1    1.24   11.67   24.36 5746.00 v _223238_/Y (MAJx2_ASAP7_75t_R)
                                         _159479_ (net)
                 11.68    0.09 5746.09 v _223239_/C (MAJx2_ASAP7_75t_R)
     3    2.28   13.32   22.65 5768.74 v _223239_/Y (MAJx2_ASAP7_75t_R)
                                         _159480_ (net)
                 13.34    0.21 5768.95 v _223256_/D (OR4x2_ASAP7_75t_R)
     2    1.64   12.41   33.31 5802.26 v _223256_/Y (OR4x2_ASAP7_75t_R)
                                         _159497_ (net)
                 12.42    0.14 5802.40 v place56430/A (BUFx3_ASAP7_75t_R)
     7    7.88   17.89   19.76 5822.15 v place56430/Y (BUFx3_ASAP7_75t_R)
                                         net55988 (net)
                 18.31    1.53 5823.68 v _223257_/A (NOR2x2_ASAP7_75t_R)
     3    4.04   16.88   13.20 5836.88 ^ _223257_/Y (NOR2x2_ASAP7_75t_R)
                                         _159498_ (net)
                 16.90    0.28 5837.15 ^ place56391/A (BUFx6f_ASAP7_75t_R)
    10   10.99   16.30   17.31 5854.46 ^ place56391/Y (BUFx6f_ASAP7_75t_R)
                                         net55949 (net)
                 19.75    3.88 5858.34 ^ _223487_/C (AOI211x1_ASAP7_75t_R)
     2    1.91   26.75   12.95 5871.29 v _223487_/Y (AOI211x1_ASAP7_75t_R)
                                         _159728_ (net)
                 26.76    0.21 5871.50 v _223500_/B1 (AO32x1_ASAP7_75t_R)
     2    4.05   25.91   35.74 5907.25 v _223500_/Y (AO32x1_ASAP7_75t_R)
                                         _159741_ (net)
                 26.08    1.16 5908.41 v _223632_/B (AND4x1_ASAP7_75t_R)
     1    0.54    6.26   16.00 5924.41 v _223632_/Y (AND4x1_ASAP7_75t_R)
                                         _159873_ (net)
                  6.26    0.03 5924.44 v _223633_/B (OA211x2_ASAP7_75t_R)
     2    2.60   15.13   28.08 5952.52 v _223633_/Y (OA211x2_ASAP7_75t_R)
                                         _159874_ (net)
                 15.20    0.56 5953.08 v _223634_/C (AO211x2_ASAP7_75t_R)
     3    2.99   12.17   21.35 5974.43 v _223634_/Y (AO211x2_ASAP7_75t_R)
                                         _159875_ (net)
                 12.20    0.31 5974.74 v _223635_/A (AND3x1_ASAP7_75t_R)
     2    2.63   15.78   17.08 5991.82 v _223635_/Y (AND3x1_ASAP7_75t_R)
                                         _159876_ (net)
                 15.78    0.18 5992.00 v _223637_/B (OR3x1_ASAP7_75t_R)
     5    4.62   29.05   32.42 6024.42 v _223637_/Y (OR3x1_ASAP7_75t_R)
                                         _159878_ (net)
                 29.11    0.75 6025.16 v place56120/A (BUFx3_ASAP7_75t_R)
    14   15.52   33.44   27.24 6052.41 v place56120/Y (BUFx3_ASAP7_75t_R)
                                         net55678 (net)
                 41.94    8.84 6061.24 v _223971_/C2 (AO222x2_ASAP7_75t_R)
     1    0.84   11.13   38.16 6099.40 v _223971_/Y (AO222x2_ASAP7_75t_R)
                                         _160212_ (net)
                 11.13    0.11 6099.51 v _223973_/A2 (AO22x1_ASAP7_75t_R)
     1    1.71   15.76   22.02 6121.53 v _223973_/Y (AO22x1_ASAP7_75t_R)
                                         _160214_ (net)
                 15.78    0.24 6121.77 v _223976_/A2 (AOI22x1_ASAP7_75t_R)
     2    3.02   25.68   17.41 6139.18 ^ _223976_/Y (AOI22x1_ASAP7_75t_R)
                                         _160217_ (net)
                 25.75    0.76 6139.94 ^ place55985/A (BUFx3_ASAP7_75t_R)
     4    4.91   14.08   20.20 6160.15 ^ place55985/Y (BUFx3_ASAP7_75t_R)
                                         net55543 (net)
                 14.18    0.66 6160.80 ^ _224087_/A1 (AO21x1_ASAP7_75t_R)
     2    1.64   13.14   16.56 6177.37 ^ _224087_/Y (AO21x1_ASAP7_75t_R)
                                         _160328_ (net)
                 13.15    0.18 6177.54 ^ _224400_/E (AND5x1_ASAP7_75t_R)
     1    1.28   15.70   31.81 6209.35 ^ _224400_/Y (AND5x1_ASAP7_75t_R)
                                         _160641_ (net)
                 15.71    0.13 6209.48 ^ _224406_/A1 (OA31x2_ASAP7_75t_R)
     2    2.65   13.69   26.14 6235.62 ^ _224406_/Y (OA31x2_ASAP7_75t_R)
                                         _160647_ (net)
                 13.80    0.68 6236.29 ^ _224411_/A2 (OA31x2_ASAP7_75t_R)
     2    2.48   15.23   23.74 6260.03 ^ _224411_/Y (OA31x2_ASAP7_75t_R)
                                         _160652_ (net)
                 15.24    0.23 6260.26 ^ _224414_/A1 (OA21x2_ASAP7_75t_R)
     3    2.76   15.26   20.87 6281.12 ^ _224414_/Y (OA21x2_ASAP7_75t_R)
                                         _160655_ (net)
                 15.32    0.47 6281.60 ^ _224416_/A1 (OA21x2_ASAP7_75t_R)
     2    2.37   12.18   20.33 6301.93 ^ _224416_/Y (OA21x2_ASAP7_75t_R)
                                         _160657_ (net)
                 12.19    0.14 6302.06 ^ _224417_/B (XNOR2x2_ASAP7_75t_R)
     1    1.25    8.03   25.81 6327.88 v _224417_/Y (XNOR2x2_ASAP7_75t_R)
                                         _160658_ (net)
                  8.04    0.11 6327.99 v _224432_/A2 (AOI211x1_ASAP7_75t_R)
     4    3.34   53.87   19.93 6347.92 ^ _224432_/Y (AOI211x1_ASAP7_75t_R)
                                         _160673_ (net)
                 53.88    0.44 6348.36 ^ _224453_/A (AND5x1_ASAP7_75t_R)
     3    3.14   26.72   41.07 6389.43 ^ _224453_/Y (AND5x1_ASAP7_75t_R)
                                         _160694_ (net)
                 26.74    0.38 6389.81 ^ _224454_/B (OA21x2_ASAP7_75t_R)
     7    8.05   30.23   28.87 6418.68 ^ _224454_/Y (OA21x2_ASAP7_75t_R)
                                         _160695_ (net)
                 30.54    1.72 6420.40 ^ _224494_/C (OR3x2_ASAP7_75t_R)
     6    7.00   25.39   25.90 6446.30 ^ _224494_/Y (OR3x2_ASAP7_75t_R)
                                         _160735_ (net)
                 25.43    0.59 6446.89 ^ place55645/A (BUFx3_ASAP7_75t_R)
    15   14.42   34.24   28.10 6474.99 ^ place55645/Y (BUFx3_ASAP7_75t_R)
                                         net55203 (net)
                 35.02    2.83 6477.82 ^ _224898_/B (OA21x2_ASAP7_75t_R)
     3    2.59   12.60   23.01 6500.83 ^ _224898_/Y (OA21x2_ASAP7_75t_R)
                                         _161139_ (net)
                 12.61    0.21 6501.04 ^ _224899_/C (AND3x1_ASAP7_75t_R)
     2    2.05   17.10   22.53 6523.57 ^ _224899_/Y (AND3x1_ASAP7_75t_R)
                                         _161140_ (net)
                 17.10    0.13 6523.70 ^ _224900_/B (XNOR2x2_ASAP7_75t_R)
     1    0.69    6.70   22.42 6546.13 ^ _224900_/Y (XNOR2x2_ASAP7_75t_R)
                                         _161141_ (net)
                  6.70    0.05 6546.18 ^ _224902_/B (OA211x2_ASAP7_75t_R)
     2    1.80   11.27   20.99 6567.17 ^ _224902_/Y (OA211x2_ASAP7_75t_R)
                                         _161143_ (net)
                 11.29    0.20 6567.37 ^ _224913_/B (AND3x1_ASAP7_75t_R)
     2    2.30   18.61   23.00 6590.37 ^ _224913_/Y (AND3x1_ASAP7_75t_R)
                                         _161154_ (net)
                 18.65    0.50 6590.87 ^ _224922_/A (AND3x1_ASAP7_75t_R)
     2    2.16   17.80   24.19 6615.06 ^ _224922_/Y (AND3x1_ASAP7_75t_R)
                                         _161163_ (net)
                 17.83    0.38 6615.44 ^ _224933_/B (AND3x1_ASAP7_75t_R)
     1    1.60   14.40   22.21 6637.65 ^ _224933_/Y (AND3x1_ASAP7_75t_R)
                                         _161174_ (net)
                 14.41    0.20 6637.85 ^ place55443/A (BUFx6f_ASAP7_75t_R)
    14   14.96   20.84   16.57 6654.42 ^ place55443/Y (BUFx6f_ASAP7_75t_R)
                                         net55001 (net)
                 26.43    5.42 6659.84 ^ place55441/A (BUFx3_ASAP7_75t_R)
     8    6.86   17.65   22.35 6682.19 ^ place55441/Y (BUFx3_ASAP7_75t_R)
                                         net54999 (net)
                 17.68    0.40 6682.59 ^ _225100_/A2 (AO21x1_ASAP7_75t_R)
     2    2.25   16.94   20.00 6702.59 ^ _225100_/Y (AO21x1_ASAP7_75t_R)
                                         _161341_ (net)
                 16.94    0.17 6702.75 ^ _225101_/B (XNOR2x2_ASAP7_75t_R)
     3    4.27   16.47   31.45 6734.20 v _225101_/Y (XNOR2x2_ASAP7_75t_R)
                                         _161342_ (net)
                 16.55    0.66 6734.87 v _225293_/B (NAND2x1_ASAP7_75t_R)
     1    1.00   33.07   10.24 6745.11 ^ _225293_/Y (NAND2x1_ASAP7_75t_R)
                                         _161534_ (net)
                 33.07    0.14 6745.25 ^ _225317_/A (AND5x1_ASAP7_75t_R)
     1    2.01   19.78   34.64 6779.89 ^ _225317_/Y (AND5x1_ASAP7_75t_R)
                                         _161558_ (net)
                 19.84    0.55 6780.44 ^ _225318_/D (AND4x1_ASAP7_75t_R)
     2    1.89   18.18   27.48 6807.93 ^ _225318_/Y (AND4x1_ASAP7_75t_R)
                                         _161559_ (net)
                 18.18    0.15 6808.08 ^ _225319_/E (AND5x1_ASAP7_75t_R)
     2    2.17   20.31   34.71 6842.79 ^ _225319_/Y (AND5x1_ASAP7_75t_R)
                                         _161560_ (net)
                 20.33    0.31 6843.10 ^ _225371_/A (OR4x2_ASAP7_75t_R)
     2    2.32   10.51   16.96 6860.06 ^ _225371_/Y (OR4x2_ASAP7_75t_R)
                                         _161612_ (net)
                 10.57    0.44 6860.50 ^ _225393_/B (AO21x1_ASAP7_75t_R)
     2    2.97   21.18   18.15 6878.65 ^ _225393_/Y (AO21x1_ASAP7_75t_R)
                                         _161634_ (net)
                 21.18    0.15 6878.80 ^ place55179/A (BUFx6f_ASAP7_75t_R)
    22   20.27   27.26   20.76 6899.55 ^ place55179/Y (BUFx6f_ASAP7_75t_R)
                                         net54737 (net)
                 34.74    7.44 6906.99 ^ _225569_/A (AND3x1_ASAP7_75t_R)
     2    2.13   18.00   27.10 6934.09 ^ _225569_/Y (AND3x1_ASAP7_75t_R)
                                         _161810_ (net)
                 18.01    0.19 6934.28 ^ _225574_/A2 (OA31x2_ASAP7_75t_R)
     1    1.33   11.51   22.88 6957.16 ^ _225574_/Y (OA31x2_ASAP7_75t_R)
                                         _161815_ (net)
                 11.52    0.18 6957.34 ^ _225585_/A2 (OA31x2_ASAP7_75t_R)
     2    2.95   14.64   23.73 6981.07 ^ _225585_/Y (OA31x2_ASAP7_75t_R)
                                         _161826_ (net)
                 14.81    0.87 6981.94 ^ _225597_/B (OR3x1_ASAP7_75t_R)
     3    3.17   21.75   19.61 7001.55 ^ _225597_/Y (OR3x1_ASAP7_75t_R)
                                         _161838_ (net)
                 21.76    0.35 7001.90 ^ _225616_/A1 (AO211x2_ASAP7_75t_R)
     2    2.18   11.84   26.66 7028.56 ^ _225616_/Y (AO211x2_ASAP7_75t_R)
                                         _161857_ (net)
                 11.86    0.24 7028.80 ^ _225664_/A2 (AO211x2_ASAP7_75t_R)
     3    4.05   18.04   25.74 7054.54 ^ _225664_/Y (AO211x2_ASAP7_75t_R)
                                         _161905_ (net)
                 18.15    0.79 7055.33 ^ _225676_/A (AND3x1_ASAP7_75t_R)
     3    2.06   17.43   23.80 7079.14 ^ _225676_/Y (AND3x1_ASAP7_75t_R)
                                         _161917_ (net)
                 17.44    0.18 7079.32 ^ _225721_/B (OA211x2_ASAP7_75t_R)
     7    9.49   36.25   34.60 7113.92 ^ _225721_/Y (OA211x2_ASAP7_75t_R)
                                         _161962_ (net)
                 36.59    1.96 7115.88 ^ _225732_/A2 (AO221x1_ASAP7_75t_R)
     2    2.15   18.43   30.02 7145.90 ^ _225732_/Y (AO221x1_ASAP7_75t_R)
                                         _161973_ (net)
                 18.45    0.30 7146.21 ^ _225983_/B (XNOR2x2_ASAP7_75t_R)
     2    1.66   10.72   27.71 7173.92 v _225983_/Y (XNOR2x2_ASAP7_75t_R)
                                         _162224_ (net)
                 10.73    0.18 7174.09 v _225996_/C (OR5x1_ASAP7_75t_R)
     2    2.39   20.83   37.26 7211.35 v _225996_/Y (OR5x1_ASAP7_75t_R)
                                         _162237_ (net)
                 20.84    0.27 7211.61 v _225997_/B (AOI211x1_ASAP7_75t_R)
     3    4.28   46.92   26.01 7237.62 ^ _225997_/Y (AOI211x1_ASAP7_75t_R)
                                         _162238_ (net)
                 47.09    1.61 7239.23 ^ _225998_/B (AND4x2_ASAP7_75t_R)
     5    6.43   28.72   42.01 7281.25 ^ _225998_/Y (AND4x2_ASAP7_75t_R)
                                         _162239_ (net)
                 28.98    1.49 7282.73 ^ _226127_/B (OAI21x1_ASAP7_75t_R)
     2    1.68   16.57   13.74 7296.48 v _226127_/Y (OAI21x1_ASAP7_75t_R)
                                         _162368_ (net)
                 16.57    0.14 7296.61 v _226147_/A (AND3x1_ASAP7_75t_R)
     3    5.33   29.94   24.30 7320.91 v _226147_/Y (AND3x1_ASAP7_75t_R)
                                         _162388_ (net)
                 30.01    0.81 7321.72 v place54715/A (BUFx6f_ASAP7_75t_R)
     6    8.13   12.74   20.21 7341.93 v place54715/Y (BUFx6f_ASAP7_75t_R)
                                         net54273 (net)
                 15.65    3.13 7345.06 v _226223_/B (AOI21x1_ASAP7_75t_R)
     2    2.62   23.40   15.66 7360.72 ^ _226223_/Y (AOI21x1_ASAP7_75t_R)
                                         _162464_ (net)
                 23.42    0.37 7361.08 ^ _226224_/B (XNOR2x2_ASAP7_75t_R)
     2    2.29   11.65   26.23 7387.32 ^ _226224_/Y (XNOR2x2_ASAP7_75t_R)
                                         _162465_ (net)
                 11.66    0.21 7387.52 ^ _226225_/B (XNOR2x2_ASAP7_75t_R)
     2    2.05   11.61   27.12 7414.65 v _226225_/Y (XNOR2x2_ASAP7_75t_R)
                                         _162466_ (net)
                 11.61    0.15 7414.79 v _226605_/B (AO21x1_ASAP7_75t_R)
     1    1.20   10.07   17.83 7432.62 v _226605_/Y (AO21x1_ASAP7_75t_R)
                                         _162846_ (net)
                 10.08    0.19 7432.81 v _226623_/B (OR4x1_ASAP7_75t_R)
     2    1.97   16.76   29.20 7462.02 v _226623_/Y (OR4x1_ASAP7_75t_R)
                                         _162864_ (net)
                 16.77    0.14 7462.16 v _226625_/B (OR3x1_ASAP7_75t_R)
     3    2.95   20.37   28.44 7490.60 v _226625_/Y (OR3x1_ASAP7_75t_R)
                                         _162866_ (net)
                 20.44    0.64 7491.24 v place54496/A (BUFx3_ASAP7_75t_R)
     1    1.65    6.62   17.14 7508.38 v place54496/Y (BUFx3_ASAP7_75t_R)
                                         net54054 (net)
                  6.65    0.23 7508.61 v _226626_/C (NAND3x1_ASAP7_75t_R)
     3    3.90   33.29   19.87 7528.48 ^ _226626_/Y (NAND3x1_ASAP7_75t_R)
                                         _162867_ (net)
                 33.39    1.03 7529.51 ^ _226633_/A2 (OA21x2_ASAP7_75t_R)
    12   13.38   47.00   37.60 7567.12 ^ _226633_/Y (OA21x2_ASAP7_75t_R)
                                         _162874_ (net)
                 47.34    2.27 7569.39 ^ _226945_/A1 (AOI21x1_ASAP7_75t_R)
     2    2.36   23.39   18.39 7587.78 v _226945_/Y (AOI21x1_ASAP7_75t_R)
                                         _163186_ (net)
                 23.41    0.32 7588.09 v _226946_/B (AO21x1_ASAP7_75t_R)
     1    1.32   10.36   20.54 7608.63 v _226946_/Y (AO21x1_ASAP7_75t_R)
                                         _163187_ (net)
                 10.37    0.15 7608.78 v _226947_/C (AOI221x1_ASAP7_75t_R)
     2    2.36   29.37   16.67 7625.45 ^ _226947_/Y (AOI221x1_ASAP7_75t_R)
                                         _163188_ (net)
                 29.40    0.57 7626.02 ^ _226983_/E (AND5x1_ASAP7_75t_R)
     3    4.14   32.36   40.83 7666.85 ^ _226983_/Y (AND5x1_ASAP7_75t_R)
                                         _163224_ (net)
                 32.38    0.34 7667.19 ^ _227262_/B1 (AOI221x1_ASAP7_75t_R)
     2    3.98   47.23   31.28 7698.48 v _227262_/Y (AOI221x1_ASAP7_75t_R)
                                         _163503_ (net)
                 47.30    1.05 7699.52 v _227275_/A2 (OA211x2_ASAP7_75t_R)
     3    3.82   17.97   37.75 7737.28 v _227275_/Y (OA211x2_ASAP7_75t_R)
                                         _163516_ (net)
                 18.13    0.93 7738.21 v _227284_/C (MAJx2_ASAP7_75t_R)
     1    1.90   11.95   23.55 7761.76 v _227284_/Y (MAJx2_ASAP7_75t_R)
                                         _163525_ (net)
                 11.96    0.21 7761.97 v _227285_/B (XNOR2x1_ASAP7_75t_R)
     2    2.39   35.31   13.49 7775.46 ^ _227285_/Y (XNOR2x1_ASAP7_75t_R)
                                         _163526_ (net)
                 35.32    0.22 7775.68 ^ _227287_/C (NAND3x1_ASAP7_75t_R)
     6    5.16   30.64   19.42 7795.10 v _227287_/Y (NAND3x1_ASAP7_75t_R)
                                         _163528_ (net)
                 30.64    0.28 7795.38 v place54132/A (BUFx3_ASAP7_75t_R)
     1    1.49    6.74   19.34 7814.72 v place54132/Y (BUFx3_ASAP7_75t_R)
                                         net53690 (net)
                  6.75    0.12 7814.83 v _227290_/C (NAND3x1_ASAP7_75t_R)
     1    1.33   30.40   13.16 7828.00 ^ _227290_/Y (NAND3x1_ASAP7_75t_R)
                                         _163531_ (net)
                 30.40    0.07 7828.07 ^ _227291_/B2 (AOI22x1_ASAP7_75t_R)
     2    2.38   22.77   17.26 7845.33 v _227291_/Y (AOI22x1_ASAP7_75t_R)
                                         _163532_ (net)
                 22.81    0.56 7845.89 v _227484_/B (OA211x2_ASAP7_75t_R)
     1    3.78   18.30   34.99 7880.88 v _227484_/Y (OA211x2_ASAP7_75t_R)
                                         _163725_ (net)
                 18.91    1.80 7882.68 v _227512_/A (AND5x2_ASAP7_75t_R)
     3    4.38   16.48   22.53 7905.21 v _227512_/Y (AND5x2_ASAP7_75t_R)
                                         _163753_ (net)
                 16.96    1.53 7906.73 v _227530_/B (OR3x1_ASAP7_75t_R)
     2    2.47   17.73   27.26 7933.99 v _227530_/Y (OR3x1_ASAP7_75t_R)
                                         _163771_ (net)
                 17.77    0.42 7934.42 v _227532_/C (OR3x1_ASAP7_75t_R)
     5    5.96   36.05   35.68 7970.09 v _227532_/Y (OR3x1_ASAP7_75t_R)
                                         _163773_ (net)
                 36.08    0.55 7970.64 v place53899/A (BUFx3_ASAP7_75t_R)
     5    5.17   13.93   23.85 7994.50 v place53899/Y (BUFx3_ASAP7_75t_R)
                                         net53457 (net)
                 14.60    1.64 7996.14 v place53898/A (BUFx3_ASAP7_75t_R)
    12   18.01   37.12   26.11 8022.24 v place53898/Y (BUFx3_ASAP7_75t_R)
                                         net53456 (net)
                 37.16    0.84 8023.09 v _227775_/B (AOI21x1_ASAP7_75t_R)
     1    1.30   19.59   16.60 8039.69 ^ _227775_/Y (AOI21x1_ASAP7_75t_R)
                                         _164016_ (net)
                 19.59    0.14 8039.83 ^ _227776_/B (NOR2x1_ASAP7_75t_R)
     1    0.99   10.99    9.67 8049.50 v _227776_/Y (NOR2x1_ASAP7_75t_R)
                                         _164017_ (net)
                 11.00    0.13 8049.63 v _227777_/A2 (AO21x1_ASAP7_75t_R)
     2    1.60   11.82   17.65 8067.27 v _227777_/Y (AO21x1_ASAP7_75t_R)
                                         _164018_ (net)
                 11.83    0.21 8067.49 v _227783_/A3 (AO32x1_ASAP7_75t_R)
     2    2.13   15.69   27.81 8095.29 v _227783_/Y (AO32x1_ASAP7_75t_R)
                                         _164024_ (net)
                 15.70    0.17 8095.46 v _227860_/A1 (OAI21x1_ASAP7_75t_R)
     2    3.26   25.95   17.24 8112.70 ^ _227860_/Y (OAI21x1_ASAP7_75t_R)
                                         _164101_ (net)
                 26.10    1.06 8113.76 ^ place53699/A (BUFx3_ASAP7_75t_R)
     4    3.65   11.14   19.29 8133.05 ^ place53699/Y (BUFx3_ASAP7_75t_R)
                                         net53257 (net)
                 11.17    0.26 8133.32 ^ _227861_/B (NAND2x1_ASAP7_75t_R)
     2    1.57   10.95    8.52 8141.83 v _227861_/Y (NAND2x1_ASAP7_75t_R)
                                         _164102_ (net)
                 10.95    0.11 8141.95 v _227862_/B (AND2x2_ASAP7_75t_R)
     9    9.00   27.88   24.81 8166.76 v _227862_/Y (AND2x2_ASAP7_75t_R)
                                         _164103_ (net)
                 28.46    2.23 8168.99 v place53639/A (BUFx3_ASAP7_75t_R)
     3    2.34    8.02   19.81 8188.80 v place53639/Y (BUFx3_ASAP7_75t_R)
                                         net53197 (net)
                  8.03    0.14 8188.94 v _228075_/B (OR4x1_ASAP7_75t_R)
     2    2.89   21.60   31.73 8220.67 v _228075_/Y (OR4x1_ASAP7_75t_R)
                                         _164316_ (net)
                 21.61    0.23 8220.90 v _228244_/A1 (AO22x1_ASAP7_75t_R)
     5    4.74   28.91   32.68 8253.58 v _228244_/Y (AO22x1_ASAP7_75t_R)
                                         _164485_ (net)
                 28.95    0.64 8254.22 v _228253_/A1 (OAI21x1_ASAP7_75t_R)
     2    2.02   36.01   17.56 8271.78 ^ _228253_/Y (OAI21x1_ASAP7_75t_R)
                                         _164494_ (net)
                 36.02    0.32 8272.09 ^ _228296_/A2 (AO221x1_ASAP7_75t_R)
     2    3.18   24.66   32.77 8304.87 ^ _228296_/Y (AO221x1_ASAP7_75t_R)
                                         _164537_ (net)
                 24.77    0.90 8305.77 ^ _228325_/A (NAND2x1_ASAP7_75t_R)
     3    4.13   24.18   15.82 8321.59 v _228325_/Y (NAND2x1_ASAP7_75t_R)
                                         _164566_ (net)
                 24.31    1.01 8322.60 v _228377_/A2 (AO221x2_ASAP7_75t_R)
     4    4.59   19.69   34.62 8357.22 v _228377_/Y (AO221x2_ASAP7_75t_R)
                                         _164618_ (net)
                 19.82    0.90 8358.11 v place53347/A (BUFx6f_ASAP7_75t_R)
     7    7.21   10.51   18.31 8376.42 v place53347/Y (BUFx6f_ASAP7_75t_R)
                                         net52905 (net)
                 10.77    0.89 8377.31 v _228782_/A2 (OA21x2_ASAP7_75t_R)
     1    0.98    8.84   17.71 8395.02 v _228782_/Y (OA21x2_ASAP7_75t_R)
                                         _165023_ (net)
                  8.85    0.12 8395.15 v _228783_/D (OR4x1_ASAP7_75t_R)
     1    0.56    9.36   25.44 8420.58 v _228783_/Y (OR4x1_ASAP7_75t_R)
                                         _165024_ (net)
                  9.36    0.03 8420.62 v _228784_/C (OA211x2_ASAP7_75t_R)
     1    1.42   11.05   28.39 8449.01 v _228784_/Y (OA211x2_ASAP7_75t_R)
                                         _165025_ (net)
                 11.07    0.19 8449.20 v _228785_/B (XNOR2x2_ASAP7_75t_R)
     4    4.68   19.67   24.54 8473.73 v _228785_/Y (XNOR2x2_ASAP7_75t_R)
                                         _165026_ (net)
                 19.89    1.17 8474.91 v _228788_/C (AND3x1_ASAP7_75t_R)
     3    3.01   17.89   21.60 8496.51 v _228788_/Y (AND3x1_ASAP7_75t_R)
                                         _165029_ (net)
                 17.90    0.29 8496.80 v _228858_/A2 (OA21x2_ASAP7_75t_R)
     2    1.62   11.44   20.92 8517.72 v _228858_/Y (OA21x2_ASAP7_75t_R)
                                         _165099_ (net)
                 11.44    0.11 8517.83 v _228873_/A (OR5x1_ASAP7_75t_R)
     2    2.27   20.06   32.22 8550.05 v _228873_/Y (OR5x1_ASAP7_75t_R)
                                         _165114_ (net)
                 20.07    0.21 8550.26 v _228933_/B (AND3x1_ASAP7_75t_R)
     4    4.00   23.37   22.85 8573.10 v _228933_/Y (AND3x1_ASAP7_75t_R)
                                         _165174_ (net)
                 23.48    0.96 8574.06 v _229024_/A2 (AO21x2_ASAP7_75t_R)
     4    4.32   16.30   26.06 8600.12 v _229024_/Y (AO21x2_ASAP7_75t_R)
                                         _165265_ (net)
                 16.40    0.72 8600.83 v place52977/A (BUFx6f_ASAP7_75t_R)
    26   24.05   27.42   19.97 8620.80 v place52977/Y (BUFx6f_ASAP7_75t_R)
                                         net52535 (net)
                 42.89   11.22 8632.03 v _229130_/B (OA211x2_ASAP7_75t_R)
     1    0.96   12.55   37.09 8669.12 v _229130_/Y (OA211x2_ASAP7_75t_R)
                                         _165371_ (net)
                 12.55    0.09 8669.21 v _229140_/A3 (OA33x2_ASAP7_75t_R)
     1    1.60   15.97   30.45 8699.66 v _229140_/Y (OA33x2_ASAP7_75t_R)
                                         _165381_ (net)
                 15.99    0.27 8699.93 v _229141_/C (MAJx2_ASAP7_75t_R)
     2    1.81   12.19   22.89 8722.81 v _229141_/Y (MAJx2_ASAP7_75t_R)
                                         _165382_ (net)
                 12.20    0.19 8723.00 v _229143_/A2 (OA21x2_ASAP7_75t_R)
     2    3.07   12.90   21.26 8744.26 v _229143_/Y (OA21x2_ASAP7_75t_R)
                                         _165384_ (net)
                 13.21    1.08 8745.34 v _229281_/A1 (AO21x2_ASAP7_75t_R)
     5    4.59   16.95   24.43 8769.77 v _229281_/Y (AO21x2_ASAP7_75t_R)
                                         _165522_ (net)
                 17.01    0.58 8770.34 v _229637_/A1 (AOI211x1_ASAP7_75t_R)
     3    3.58   39.70   22.56 8792.91 ^ _229637_/Y (AOI211x1_ASAP7_75t_R)
                                         _165878_ (net)
                 39.75    0.83 8793.73 ^ place52793/A (BUFx6f_ASAP7_75t_R)
    10   10.94   16.46   22.25 8815.99 ^ place52793/Y (BUFx6f_ASAP7_75t_R)
                                         net52351 (net)
                 16.64    1.00 8816.98 ^ _229740_/A2 (OA31x2_ASAP7_75t_R)
     2    2.21   12.33   24.06 8841.04 ^ _229740_/Y (OA31x2_ASAP7_75t_R)
                                         _165981_ (net)
                 12.35    0.28 8841.32 ^ _229741_/A (XNOR2x2_ASAP7_75t_R)
     2    2.20   11.29   23.45 8864.77 ^ _229741_/Y (XNOR2x2_ASAP7_75t_R)
                                         _165982_ (net)
                 11.32    0.28 8865.05 ^ _229742_/A (XNOR2x2_ASAP7_75t_R)
     1    0.77   10.71   24.94 8890.00 v _229742_/Y (XNOR2x2_ASAP7_75t_R)
                                         _165983_ (net)
                 10.71    0.08 8890.08 v _229743_/C (AO221x1_ASAP7_75t_R)
     2    2.84   19.54   28.87 8918.94 v _229743_/Y (AO221x1_ASAP7_75t_R)
                                         _165984_ (net)
                 19.56    0.27 8919.21 v _229749_/C (AOI211x1_ASAP7_75t_R)
     2    3.49   38.16   23.18 8942.39 ^ _229749_/Y (AOI211x1_ASAP7_75t_R)
                                         _165990_ (net)
                 38.19    0.59 8942.98 ^ _229763_/B (NOR2x2_ASAP7_75t_R)
     3    3.17   17.46   14.74 8957.72 v _229763_/Y (NOR2x2_ASAP7_75t_R)
                                         _166004_ (net)
                 17.49    0.42 8958.14 v _229817_/A1 (AO211x2_ASAP7_75t_R)
     2    1.61    8.39   19.29 8977.43 v _229817_/Y (AO211x2_ASAP7_75t_R)
                                         _166058_ (net)
                  8.40    0.17 8977.60 v _229943_/A1 (AO21x2_ASAP7_75t_R)
    10   11.10   34.55   30.13 9007.73 v _229943_/Y (AO21x2_ASAP7_75t_R)
                                         _166184_ (net)
                 35.03    2.32 9010.06 v place51879/A (BUFx3_ASAP7_75t_R)
     4    3.81   11.03   22.72 9032.78 v place51879/Y (BUFx3_ASAP7_75t_R)
                                         net51437 (net)
                 11.14    0.60 9033.38 v _230114_/B1 (AO221x1_ASAP7_75t_R)
     1    0.87   10.39   20.98 9054.36 v _230114_/Y (AO221x1_ASAP7_75t_R)
                                         _166355_ (net)
                 10.39    0.10 9054.46 v _230117_/B1 (AO221x1_ASAP7_75t_R)
     2    1.84   14.62   23.94 9078.40 v _230117_/Y (AO221x1_ASAP7_75t_R)
                                         _166358_ (net)
                 14.64    0.22 9078.62 v _230365_/B (AND2x2_ASAP7_75t_R)
     2    2.88   11.01   19.11 9097.73 v _230365_/Y (AND2x2_ASAP7_75t_R)
                                         _166606_ (net)
                 11.06    0.38 9098.11 v _230366_/B (XNOR2x1_ASAP7_75t_R)
     2    1.60   25.86   16.82 9114.93 v _230366_/Y (XNOR2x1_ASAP7_75t_R)
                                         _166607_ (net)
                 25.87    0.15 9115.08 v _230380_/B (OA211x2_ASAP7_75t_R)
     2    2.51   14.14   34.29 9149.37 v _230380_/Y (OA211x2_ASAP7_75t_R)
                                         _166621_ (net)
                 14.19    0.42 9149.79 v _230513_/A2 (AO31x2_ASAP7_75t_R)
     2    1.96    8.40   16.81 9166.60 v _230513_/Y (AO31x2_ASAP7_75t_R)
                                         _166754_ (net)
                  8.41    0.16 9166.76 v _230514_/C (AOI221x1_ASAP7_75t_R)
     3    3.28   39.41   19.60 9186.36 ^ _230514_/Y (AOI221x1_ASAP7_75t_R)
                                         _166755_ (net)
                 39.44    0.56 9186.92 ^ _230515_/B (OAI21x1_ASAP7_75t_R)
     1    1.55   17.99   15.03 9201.94 v _230515_/Y (OAI21x1_ASAP7_75t_R)
                                         _166756_ (net)
                 17.99    0.13 9202.07 v place51404/A (BUFx6f_ASAP7_75t_R)
    16   15.24   18.79   19.88 9221.95 v place51404/Y (BUFx6f_ASAP7_75t_R)
                                         net50962 (net)
                 19.06    1.36 9223.31 v place51402/A (BUFx6f_ASAP7_75t_R)
    14   12.83   15.42   20.56 9243.88 v place51402/Y (BUFx6f_ASAP7_75t_R)
                                         net50960 (net)
                 16.04    1.66 9245.54 v place51401/A (BUFx3_ASAP7_75t_R)
    13   12.13   25.02   24.34 9269.89 v place51401/Y (BUFx3_ASAP7_75t_R)
                                         net50959 (net)
                 25.47    1.87 9271.76 v _230875_/B (AND2x2_ASAP7_75t_R)
     2    2.23    9.67   21.23 9292.99 v _230875_/Y (AND2x2_ASAP7_75t_R)
                                         _167116_ (net)
                  9.69    0.23 9293.21 v _230881_/A3 (AO32x1_ASAP7_75t_R)
     1    0.96   13.01   23.69 9316.90 v _230881_/Y (AO32x1_ASAP7_75t_R)
                                         _167122_ (net)
                 13.02    0.13 9317.03 v _230889_/B1 (AO221x1_ASAP7_75t_R)
     2    1.63   13.45   24.04 9341.06 v _230889_/Y (AO221x1_ASAP7_75t_R)
                                         _167130_ (net)
                 13.46    0.21 9341.27 v _230897_/A2 (OA33x2_ASAP7_75t_R)
     1    0.73   12.81   29.40 9370.67 v _230897_/Y (OA33x2_ASAP7_75t_R)
                                         _167138_ (net)
                 12.81    0.04 9370.71 v _230898_/B (OA21x2_ASAP7_75t_R)
     1    0.59    6.99   13.77 9384.48 v _230898_/Y (OA21x2_ASAP7_75t_R)
                                         _167139_ (net)
                  6.99    0.06 9384.54 v _230906_/B (OA211x2_ASAP7_75t_R)
     4    4.55   19.79   31.52 9416.06 v _230906_/Y (OA211x2_ASAP7_75t_R)
                                         _167147_ (net)
                 19.84    0.52 9416.58 v _230940_/C (MAJx2_ASAP7_75t_R)
     2    2.40   13.73   24.82 9441.39 v _230940_/Y (MAJx2_ASAP7_75t_R)
                                         _167181_ (net)
                 13.74    0.22 9441.62 v place51122/A (BUFx3_ASAP7_75t_R)
     3    2.54    7.87   16.09 9457.70 v place51122/Y (BUFx3_ASAP7_75t_R)
                                         net50680 (net)
                  7.88    0.16 9457.87 v _230950_/B (XNOR2x2_ASAP7_75t_R)
     1    0.74    9.24   20.01 9477.88 ^ _230950_/Y (XNOR2x2_ASAP7_75t_R)
                                         _167191_ (net)
                  9.24    0.04 9477.92 ^ _230951_/C (AND3x1_ASAP7_75t_R)
     2    2.09   17.55   22.21 9500.13 ^ _230951_/Y (AND3x1_ASAP7_75t_R)
                                         _167192_ (net)
                 17.57    0.24 9500.37 ^ place51079/A (BUFx3_ASAP7_75t_R)
     1    1.36    6.44   15.04 9515.41 ^ place51079/Y (BUFx3_ASAP7_75t_R)
                                         net50637 (net)
                  6.46    0.18 9515.59 ^ _231188_/B (XNOR2x2_ASAP7_75t_R)
     2    2.31   10.98   26.38 9541.97 v _231188_/Y (XNOR2x2_ASAP7_75t_R)
                                         _167429_ (net)
                 11.00    0.25 9542.22 v _231259_/C (MAJx2_ASAP7_75t_R)
     1    1.33   11.48   20.83 9563.05 v _231259_/Y (MAJx2_ASAP7_75t_R)
                                         _167500_ (net)
                 11.49    0.15 9563.21 v _231260_/C (MAJx2_ASAP7_75t_R)
     1    1.33   10.59   20.95 9584.16 v _231260_/Y (MAJx2_ASAP7_75t_R)
                                         _167501_ (net)
                 10.60    0.16 9584.32 v _231261_/C (MAJx2_ASAP7_75t_R)
     3    3.02   14.83   23.52 9607.84 v _231261_/Y (MAJx2_ASAP7_75t_R)
                                         _167502_ (net)
                 14.89    0.52 9608.37 v _231262_/B (NAND2x1_ASAP7_75t_R)
     2    2.17   18.37   13.38 9621.75 ^ _231262_/Y (NAND2x1_ASAP7_75t_R)
                                         _167503_ (net)
                 18.38    0.24 9621.98 ^ _231371_/D (AND5x2_ASAP7_75t_R)
     7    7.15   30.58   39.46 9661.45 ^ _231371_/Y (AND5x2_ASAP7_75t_R)
                                         _167612_ (net)
                 30.94    1.83 9663.27 ^ _231376_/B (NAND2x1p5_ASAP7_75t_R)
     8    7.59   31.92   21.22 9684.49 v _231376_/Y (NAND2x1p5_ASAP7_75t_R)
                                         _167617_ (net)
                 31.97    0.71 9685.20 v place50895/A (BUFx3_ASAP7_75t_R)
     6    5.35   13.32   23.50 9708.70 v place50895/Y (BUFx3_ASAP7_75t_R)
                                         net50453 (net)
                 13.39    0.51 9709.21 v _231535_/A2 (OA211x2_ASAP7_75t_R)
     1    0.77    9.42   23.29 9732.51 v _231535_/Y (OA211x2_ASAP7_75t_R)
                                         _167776_ (net)
                  9.42    0.08 9732.59 v _231539_/A3 (AO32x1_ASAP7_75t_R)
     1    0.83   10.70   23.22 9755.81 v _231539_/Y (AO32x1_ASAP7_75t_R)
                                         _167780_ (net)
                 10.70    0.10 9755.90 v _231540_/C (AO221x1_ASAP7_75t_R)
     2    2.49   18.62   27.69 9783.59 v _231540_/Y (AO221x1_ASAP7_75t_R)
                                         _167781_ (net)
                 18.67    0.55 9784.14 v _231543_/A (NAND2x1_ASAP7_75t_R)
     1    1.30   15.09   13.77 9797.91 ^ _231543_/Y (NAND2x1_ASAP7_75t_R)
                                         _167784_ (net)
                 15.09    0.15 9798.06 ^ _231544_/C (MAJx2_ASAP7_75t_R)
     2    1.94   13.89   20.02 9818.07 ^ _231544_/Y (MAJx2_ASAP7_75t_R)
                                         _167785_ (net)
                 13.91    0.32 9818.39 ^ _231549_/A1 (OA21x2_ASAP7_75t_R)
     2    2.13   10.88   19.53 9837.92 ^ _231549_/Y (OA21x2_ASAP7_75t_R)
                                         _167790_ (net)
                 10.89    0.13 9838.05 ^ _231555_/A2 (OAI21x1_ASAP7_75t_R)
     2    2.04   13.99    9.90 9847.95 v _231555_/Y (OAI21x1_ASAP7_75t_R)
                                         _167796_ (net)
                 14.01    0.31 9848.26 v _231609_/A1 (AO21x2_ASAP7_75t_R)
     2    2.14   12.44   21.25 9869.50 v _231609_/Y (AO21x2_ASAP7_75t_R)
                                         _167850_ (net)
                 12.46    0.26 9869.77 v _231767_/A2 (AO211x2_ASAP7_75t_R)
     3    4.53   16.65   23.14 9892.91 v _231767_/Y (AO211x2_ASAP7_75t_R)
                                         _168008_ (net)
                 16.67    0.35 9893.26 v place50778/A (BUFx3_ASAP7_75t_R)
    24   27.21   54.55   31.76 9925.03 v place50778/Y (BUFx3_ASAP7_75t_R)
                                         net50336 (net)
                 56.54    5.74 9930.77 v _231845_/A (NAND2x1_ASAP7_75t_R)
     1    1.22   22.47   21.40 9952.17 ^ _231845_/Y (NAND2x1_ASAP7_75t_R)
                                         _168086_ (net)
                 22.47    0.10 9952.26 ^ _231846_/B (XNOR2x2_ASAP7_75t_R)
     2    1.49    9.14   24.86 9977.12 ^ _231846_/Y (XNOR2x2_ASAP7_75t_R)
                                         _168087_ (net)
                  9.14    0.12 9977.24 ^ _232011_/B (OA211x2_ASAP7_75t_R)
     1    1.14    9.34   20.19 9997.44 ^ _232011_/Y (OA211x2_ASAP7_75t_R)
                                         _168252_ (net)
                  9.36    0.19 9997.63 ^ _232012_/E (AND5x1_ASAP7_75t_R)
     1    1.05   13.91   30.79 10028.42 ^ _232012_/Y (AND5x1_ASAP7_75t_R)
                                         _168253_ (net)
                 13.91    0.13 10028.55 ^ _232061_/C (AND5x1_ASAP7_75t_R)
     1    1.28   15.16   31.06 10059.62 ^ _232061_/Y (AND5x1_ASAP7_75t_R)
                                         _168302_ (net)
                 15.17    0.22 10059.84 ^ _232067_/A (AND5x1_ASAP7_75t_R)
     2    1.68   17.40   29.83 10089.66 ^ _232067_/Y (AND5x1_ASAP7_75t_R)
                                         _168308_ (net)
                 17.40    0.14 10089.81 ^ _232096_/A (AND4x2_ASAP7_75t_R)
     4    9.06   40.14   36.99 10126.80 ^ _232096_/Y (AND4x2_ASAP7_75t_R)
                                         _168337_ (net)
                 46.95    8.56 10135.37 ^ place50665/A (BUFx6f_ASAP7_75t_R)
     4    3.53    8.17   19.88 10155.25 ^ place50665/Y (BUFx6f_ASAP7_75t_R)
                                         net50223 (net)
                  8.19    0.20 10155.45 ^ _232159_/A2 (AOI21x1_ASAP7_75t_R)
     3    3.12   18.57   11.47 10166.91 v _232159_/Y (AOI21x1_ASAP7_75t_R)
                                         _168400_ (net)
                 18.58    0.27 10167.18 v _232162_/B1 (AO221x1_ASAP7_75t_R)
     4    3.94   25.21   31.84 10199.03 v _232162_/Y (AO221x1_ASAP7_75t_R)
                                         _168403_ (net)
                 25.23    0.36 10199.39 v _232246_/B (AO21x1_ASAP7_75t_R)
     2    1.82   13.96   22.16 10221.55 v _232246_/Y (AO21x1_ASAP7_75t_R)
                                         _168487_ (net)
                 13.98    0.24 10221.78 v _232279_/A1 (AO21x1_ASAP7_75t_R)
     3    3.53   21.55   24.11 10245.89 v _232279_/Y (AO21x1_ASAP7_75t_R)
                                         _168520_ (net)
                 21.61    0.71 10246.60 v _232503_/A1 (AO22x2_ASAP7_75t_R)
     5    5.50   19.53   28.89 10275.49 v _232503_/Y (AO22x2_ASAP7_75t_R)
                                         _168744_ (net)
                 19.76    1.17 10276.65 v _232535_/B (MAJx2_ASAP7_75t_R)
     1    1.21    8.14   24.39 10301.04 v _232535_/Y (MAJx2_ASAP7_75t_R)
                                         _168776_ (net)
                  8.15    0.15 10301.19 v _232536_/B (XNOR2x2_ASAP7_75t_R)
     2    2.38   11.88   22.53 10323.72 ^ _232536_/Y (XNOR2x2_ASAP7_75t_R)
                                         _168777_ (net)
                 11.93    0.38 10324.10 ^ _232538_/C (AND3x2_ASAP7_75t_R)
     2    1.69   11.11   22.26 10346.36 ^ _232538_/Y (AND3x2_ASAP7_75t_R)
                                         _168779_ (net)
                 11.12    0.16 10346.52 ^ place50200/A (BUFx3_ASAP7_75t_R)
     4    5.24   14.19   17.20 10363.72 ^ place50200/Y (BUFx3_ASAP7_75t_R)
                                         net49758 (net)
                 14.25    0.51 10364.23 ^ _232627_/C (NOR3x2_ASAP7_75t_R)
     4    4.34   33.61   15.98 10380.21 v _232627_/Y (NOR3x2_ASAP7_75t_R)
                                         _168868_ (net)
                 33.65    0.60 10380.81 v _232628_/B (AO211x2_ASAP7_75t_R)
     3    3.90   16.52   26.19 10406.99 v _232628_/Y (AO211x2_ASAP7_75t_R)
                                         _168869_ (net)
                 16.74    1.04 10408.04 v place50007/A (BUFx3_ASAP7_75t_R)
     4    3.86   10.37   18.21 10426.25 v place50007/Y (BUFx3_ASAP7_75t_R)
                                         net49565 (net)
                 10.37    0.10 10426.34 v _232664_/A (OR3x1_ASAP7_75t_R)
     3    2.45   17.57   24.74 10451.09 v _232664_/Y (OR3x1_ASAP7_75t_R)
                                         _168905_ (net)
                 17.58    0.26 10451.35 v _232668_/B2 (AO221x1_ASAP7_75t_R)
     3    3.19   21.34   30.43 10481.79 v _232668_/Y (AO221x1_ASAP7_75t_R)
                                         _168909_ (net)
                 21.36    0.38 10482.16 v _232669_/B (AO31x2_ASAP7_75t_R)
     7    5.93   19.28   24.71 10506.88 v _232669_/Y (AO31x2_ASAP7_75t_R)
                                         _168910_ (net)
                 19.66    1.51 10508.39 v _232673_/B (OA211x2_ASAP7_75t_R)
     3    3.48   17.53   33.76 10542.15 v _232673_/Y (OA211x2_ASAP7_75t_R)
                                         _168914_ (net)
                 17.61    0.61 10542.76 v _232983_/B (AO21x2_ASAP7_75t_R)
     7    7.84   26.58   29.10 10571.86 v _232983_/Y (AO21x2_ASAP7_75t_R)
                                         _169224_ (net)
                 26.92    1.71 10573.57 v place49709/A (BUFx3_ASAP7_75t_R)
     7    8.34   19.40   23.89 10597.45 v place49709/Y (BUFx3_ASAP7_75t_R)
                                         net49267 (net)
                 20.35    2.32 10599.77 v _233645_/A (NAND2x1_ASAP7_75t_R)
     4    3.01   24.88   19.10 10618.87 ^ _233645_/Y (NAND2x1_ASAP7_75t_R)
                                         _169886_ (net)
                 24.89    0.28 10619.15 ^ _233647_/A2 (OA211x2_ASAP7_75t_R)
     1    0.90    8.75   22.88 10642.03 ^ _233647_/Y (OA211x2_ASAP7_75t_R)
                                         _169888_ (net)
                  8.75    0.10 10642.13 ^ _233652_/A2 (AO21x1_ASAP7_75t_R)
     1    0.84    8.53   13.80 10655.93 ^ _233652_/Y (AO21x1_ASAP7_75t_R)
                                         _169893_ (net)
                  8.53    0.06 10656.00 ^ _233719_/A2 (AO21x1_ASAP7_75t_R)
     2    2.74   19.89   19.06 10675.06 ^ _233719_/Y (AO21x1_ASAP7_75t_R)
                                         _169960_ (net)
                 19.93    0.59 10675.65 ^ _233721_/D (AND5x2_ASAP7_75t_R)
     2    2.06   13.98   32.44 10708.09 ^ _233721_/Y (AND5x2_ASAP7_75t_R)
                                         _169962_ (net)
                 13.99    0.16 10708.25 ^ _233967_/C (AND3x4_ASAP7_75t_R)
     2    2.11    9.21   21.39 10729.64 ^ _233967_/Y (AND3x4_ASAP7_75t_R)
                                         _170208_ (net)
                  9.24    0.22 10729.86 ^ _235036_/B (AND5x2_ASAP7_75t_R)
     2    2.15   14.05   27.40 10757.25 ^ _235036_/Y (AND5x2_ASAP7_75t_R)
                                         _171277_ (net)
                 14.09    0.36 10757.61 ^ place49466/A (BUFx3_ASAP7_75t_R)
     3    2.40    8.35   15.27 10772.88 ^ place49466/Y (BUFx3_ASAP7_75t_R)
                                         net49024 (net)
                  8.36    0.18 10773.06 ^ _235237_/B (AND5x1_ASAP7_75t_R)
     1    1.41   15.89   29.08 10802.15 ^ _235237_/Y (AND5x1_ASAP7_75t_R)
                                         _171478_ (net)
                 15.89    0.19 10802.33 ^ _235239_/C (AOI211x1_ASAP7_75t_R)
     2    2.26   31.92   12.83 10815.16 v _235239_/Y (AOI211x1_ASAP7_75t_R)
                                         _171480_ (net)
                 31.92    0.14 10815.31 v _235240_/A (NAND2x1_ASAP7_75t_R)
     3    2.48   24.75   20.93 10836.23 ^ _235240_/Y (NAND2x1_ASAP7_75t_R)
                                         _171481_ (net)
                 24.76    0.40 10836.63 ^ _235289_/A1 (OA211x2_ASAP7_75t_R)
     4    6.17   26.29   31.30 10867.93 ^ _235289_/Y (OA211x2_ASAP7_75t_R)
                                         _171530_ (net)
                 27.99    3.57 10871.50 ^ _255129_/A1 (AOI21x1_ASAP7_75t_R)
     6    5.67   33.70   22.55 10894.05 v _255129_/Y (AOI21x1_ASAP7_75t_R)
                                         _191369_ (net)
                 33.94    1.57 10895.62 v _285397_/E (OR5x1_ASAP7_75t_R)
     3    2.27   22.09   41.53 10937.15 v _285397_/Y (OR5x1_ASAP7_75t_R)
                                         _046137_ (net)
                 22.10    0.19 10937.33 v _286027_/A1 (OA211x2_ASAP7_75t_R)
     5   29.89   94.91   42.88 10980.21 v _286027_/Y (OA211x2_ASAP7_75t_R)
                                         _046766_ (net)
                117.70   24.12 11004.33 v place49078/A (BUFx6f_ASAP7_75t_R)
    29   30.37   35.87   36.97 11041.31 v place49078/Y (BUFx6f_ASAP7_75t_R)
                                         net48636 (net)
                 71.40   20.56 11061.87 v _373562_/A1 (AO21x1_ASAP7_75t_R)
     1    1.00    9.94   28.44 11090.30 v _373562_/Y (AO21x1_ASAP7_75t_R)
                                         _119105_ (net)
                  9.95    0.13 11090.44 v _373563_/B (OA21x2_ASAP7_75t_R)
     1    1.41   11.45   14.01 11104.45 v _373563_/Y (OA21x2_ASAP7_75t_R)
                                         _119106_ (net)
                 11.46    0.18 11104.63 v _373564_/B (NOR2x1_ASAP7_75t_R)
     1    1.01   21.79    8.46 11113.09 ^ _373564_/Y (NOR2x1_ASAP7_75t_R)
                                         u_fp_prf._00038_[28] (net)
                 21.79    0.11 11113.20 ^ _388327_/D (DFFHQNx1_ASAP7_75t_R)
                               11113.20   data arrival time

                       1000.00 1000.00   clock core_clk (rise edge)
                          0.00 1000.00   clock source latency
     1   23.35   20.00    0.00 1000.00 ^ clk (in)
                                         clk (net)
                 85.58   20.69 1020.69 ^ wire96739/A (BUFx12f_ASAP7_75t_R)
     1   21.05   13.50   24.61 1045.30 ^ wire96739/Y (BUFx12f_ASAP7_75t_R)
                                         net96297 (net)
                 65.43   20.27 1065.57 ^ clkbuf_0_clk/A (BUFx24_ASAP7_75t_R)
     2   17.69   14.52   31.48 1097.04 ^ clkbuf_0_clk/Y (BUFx24_ASAP7_75t_R)
                                         clknet_0_clk (net)
                 21.76    5.31 1102.35 ^ clkbuf_1_1_0_clk/A (BUFx24_ASAP7_75t_R)
     2   13.27   11.20   22.22 1124.57 ^ clkbuf_1_1_0_clk/Y (BUFx24_ASAP7_75t_R)
                                         clknet_1_1_0_clk (net)
                 14.00    2.71 1127.28 ^ clkbuf_2_3_0_clk/A (BUFx24_ASAP7_75t_R)
     2   14.70    9.58   19.51 1146.79 ^ clkbuf_2_3_0_clk/Y (BUFx24_ASAP7_75t_R)
                                         clknet_2_3_0_clk (net)
                 26.83    7.70 1154.49 ^ clkbuf_3_7_0_clk/A (BUFx24_ASAP7_75t_R)
     2   12.40   10.90   23.21 1177.70 ^ clkbuf_3_7_0_clk/Y (BUFx24_ASAP7_75t_R)
                                         clknet_3_7_0_clk (net)
                 16.00    3.81 1181.51 ^ clkbuf_4_15_0_clk/A (BUFx24_ASAP7_75t_R)
     4   20.64   15.15   21.35 1202.86 ^ clkbuf_4_15_0_clk/Y (BUFx24_ASAP7_75t_R)
                                         clknet_4_15_0_clk (net)
                 19.08    3.92 1206.78 ^ clkbuf_6_60_0_clk/A (BUFx24_ASAP7_75t_R)
     2    7.14    8.81   20.90 1227.68 ^ clkbuf_6_60_0_clk/Y (BUFx24_ASAP7_75t_R)
                                         clknet_6_60_0_clk (net)
                  9.49    1.26 1228.94 ^ clkbuf_7_121__f_clk/A (BUFx24_ASAP7_75t_R)
     5   14.05   11.79   19.15 1248.09 ^ clkbuf_7_121__f_clk/Y (BUFx24_ASAP7_75t_R)
                                         clknet_7_121__leaf_clk (net)
                 12.72    1.67 1249.76 ^ clkbuf_leaf_453_clk/A (BUFx24_ASAP7_75t_R)
    18   14.05   11.82   20.08 1269.85 ^ clkbuf_leaf_453_clk/Y (BUFx24_ASAP7_75t_R)
                                         clknet_leaf_453_clk (net)
                 12.76    1.67 1271.51 ^ _388327_/CLK (DFFHQNx1_ASAP7_75t_R)
                        -50.00 1221.51   clock uncertainty
                          4.39 1225.91   clock reconvergence pessimism
                        -10.91 1214.99   library setup time
                               1214.99   data required time
-----------------------------------------------------------------------------
                               1214.99   data required time
                               -11113.20   data arrival time
-----------------------------------------------------------------------------
                               -9898.20   slack (VIOLATED)



==========================================================================
finish report_check_types -max_slew -max_cap -max_fanout -violators
--------------------------------------------------------------------------
max slew

Pin                                    Limit    Slew   Slack
------------------------------------------------------------
_380774_/A2                           320.00  342.04  -22.04 (VIOLATED)
_380097_/A2                           320.00  341.87  -21.87 (VIOLATED)
_379997_/A2                           320.00  341.37  -21.37 (VIOLATED)
_380646_/A2                           320.00  340.92  -20.92 (VIOLATED)
_381037_/A2                           320.00  340.58  -20.58 (VIOLATED)
_381058_/A2                           320.00  340.57  -20.57 (VIOLATED)
_380659_/A2                           320.00  339.52  -19.52 (VIOLATED)
_381053_/A2                           320.00  338.01  -18.01 (VIOLATED)
_380102_/A2                           320.00  337.61  -17.61 (VIOLATED)
_379933_/A2                           320.00  337.59  -17.59 (VIOLATED)
_379956_/A2                           320.00  336.90  -16.90 (VIOLATED)
_380019_/A2                           320.00  335.04  -15.04 (VIOLATED)
_381068_/A2                           320.00  331.97  -11.97 (VIOLATED)
_380047_/A2                           320.00  331.05  -11.05 (VIOLATED)
_380107_/A2                           320.00  330.99  -10.99 (VIOLATED)
_379938_/A2                           320.00  330.66  -10.66 (VIOLATED)
_380042_/A2                           320.00  330.53  -10.53 (VIOLATED)
_379928_/A2                           320.00  323.45   -3.45 (VIOLATED)
_380793_/A2                           320.00  322.17   -2.17 (VIOLATED)


==========================================================================
finish max_slew_check_slack
--------------------------------------------------------------------------
-22.037067413330078

==========================================================================
finish max_slew_check_limit
--------------------------------------------------------------------------
320.0

==========================================================================
finish max_slew_check_slack_limit
--------------------------------------------------------------------------
-0.0689

==========================================================================
finish max_fanout_check_slack
--------------------------------------------------------------------------
1.0000000150474662e+30

==========================================================================
finish max_fanout_check_limit
--------------------------------------------------------------------------
1.0000000150474662e+30

==========================================================================
finish max_capacitance_check_slack
--------------------------------------------------------------------------
0.12605375051498413

==========================================================================
finish max_capacitance_check_limit
--------------------------------------------------------------------------
23.040000915527344

==========================================================================
finish max_capacitance_check_slack_limit
--------------------------------------------------------------------------
0.0055

==========================================================================
finish max_slew_violation_count
--------------------------------------------------------------------------
max slew violation count 19

==========================================================================
finish max_fanout_violation_count
--------------------------------------------------------------------------
max fanout violation count 0

==========================================================================
finish max_cap_violation_count
--------------------------------------------------------------------------
max cap violation count 0

==========================================================================
finish setup_violation_count
--------------------------------------------------------------------------
setup violation count 17389

==========================================================================
finish hold_violation_count
--------------------------------------------------------------------------
hold violation count 368

==========================================================================
finish report_checks -path_delay max reg to reg
--------------------------------------------------------------------------
Startpoint: _387041_ (rising edge-triggered flip-flop clocked by core_clk)
Endpoint: _388327_ (rising edge-triggered flip-flop clocked by core_clk)
Path Group: reg2reg
Path Type: max

  Delay    Time   Description
---------------------------------------------------------
   0.00    0.00   clock core_clk (rise edge)
   0.00    0.00   clock source latency
   0.00    0.00 ^ clk (in)
  46.42   46.42 ^ wire96739/Y (BUFx12f_ASAP7_75t_R)
  53.39   99.81 ^ clkbuf_0_clk/Y (BUFx24_ASAP7_75t_R)
  28.48  128.29 ^ clkbuf_1_1_0_clk/Y (BUFx24_ASAP7_75t_R)
  22.89  151.18 ^ clkbuf_2_3_0_clk/Y (BUFx24_ASAP7_75t_R)
  32.90  184.08 ^ clkbuf_3_6_0_clk/Y (BUFx24_ASAP7_75t_R)
  27.98  212.06 ^ clkbuf_4_12_0_clk/Y (BUFx24_ASAP7_75t_R)
  26.30  238.37 ^ clkbuf_6_48_0_clk/Y (BUFx24_ASAP7_75t_R)
  21.73  260.09 ^ clkbuf_7_97__f_clk/Y (BUFx24_ASAP7_75t_R)
  28.20  288.29 ^ clkbuf_leaf_386_clk/Y (BUFx24_ASAP7_75t_R)
   2.67  290.96 ^ _387041_/CLK (DFFHQNx1_ASAP7_75t_R)
  41.62  332.58 v _387041_/QN (DFFHQNx1_ASAP7_75t_R)
  51.40  383.98 v _210675_/Y (OR4x1_ASAP7_75t_R)
  27.62  411.60 v place89701/Y (BUFx6f_ASAP7_75t_R)
  28.91  440.50 ^ _210696_/Y (NAND2x2_ASAP7_75t_R)
  23.41  463.91 ^ _210721_/Y (AO21x1_ASAP7_75t_R)
  28.92  492.83 ^ _210724_/Y (AO22x1_ASAP7_75t_R)
  47.85  540.68 ^ _210919_/Y (AO32x2_ASAP7_75t_R)
  55.55  596.23 ^ place87075/Y (BUFx3_ASAP7_75t_R)
  45.06  641.29 v _211304_/Y (NOR2x2_ASAP7_75t_R)
  27.77  669.05 ^ _211330_/Y (NAND2x1_ASAP7_75t_R)
  27.00  696.05 ^ place84666/Y (BUFx3_ASAP7_75t_R)
  21.00  717.06 ^ place84665/Y (BUFx6f_ASAP7_75t_R)
  53.32  770.38 ^ _213205_/Y (OA222x2_ASAP7_75t_R)
  46.95  817.33 ^ _213206_/Y (AND4x1_ASAP7_75t_R)
  47.18  864.51 ^ _213238_/Y (AND5x1_ASAP7_75t_R)
  34.40  898.91 ^ _213289_/Y (OA22x2_ASAP7_75t_R)
  39.96  938.86 ^ _213487_/Y (AND4x1_ASAP7_75t_R)
  30.21  969.08 ^ _214553_/Y (AND4x1_ASAP7_75t_R)
  29.07  998.15 ^ _217083_/Y (AND3x4_ASAP7_75t_R)
  24.09 1022.24 ^ place79705/Y (BUFx3_ASAP7_75t_R)
  17.79 1040.03 ^ place79704/Y (BUFx6f_ASAP7_75t_R)
  21.02 1061.06 ^ _217117_/Y (OR2x2_ASAP7_75t_R)
  14.79 1075.84 ^ _217215_/Y (OR3x1_ASAP7_75t_R)
  19.89 1095.73 v _217218_/Y (AOI211x1_ASAP7_75t_R)
  24.38 1120.12 v _217279_/Y (OA21x2_ASAP7_75t_R)
  25.92 1146.04 v _217284_/Y (OA211x2_ASAP7_75t_R)
  40.86 1186.90 v _217285_/Y (OR5x1_ASAP7_75t_R)
  34.05 1220.95 v _217286_/Y (MAJx2_ASAP7_75t_R)
  16.12 1237.08 ^ _217359_/Y (INVx1_ASAP7_75t_R)
  24.30 1261.38 ^ _217379_/Y (AO221x1_ASAP7_75t_R)
  32.71 1294.08 ^ _217380_/Y (AND5x2_ASAP7_75t_R)
  19.01 1313.09 ^ _217382_/Y (OR3x2_ASAP7_75t_R)
  18.38 1331.47 ^ _217383_/Y (OA21x2_ASAP7_75t_R)
  25.12 1356.60 v _217384_/Y (XNOR2x2_ASAP7_75t_R)
  16.71 1373.31 ^ _217396_/Y (AOI211x1_ASAP7_75t_R)
  27.57 1400.88 v _217397_/Y (XOR2x2_ASAP7_75t_R)
  18.39 1419.27 v _217485_/Y (AO21x1_ASAP7_75t_R)
  31.21 1450.47 v _217488_/Y (AO21x1_ASAP7_75t_R)
  33.75 1484.23 v _217532_/Y (OA211x2_ASAP7_75t_R)
  22.47 1506.70 v _217533_/Y (XOR2x2_ASAP7_75t_R)
  21.52 1528.22 v _217545_/Y (MAJx2_ASAP7_75t_R)
  24.85 1553.07 v _217561_/Y (AO32x1_ASAP7_75t_R)
  23.05 1576.11 v _217562_/Y (MAJx2_ASAP7_75t_R)
  23.44 1599.55 v _217577_/Y (OA21x2_ASAP7_75t_R)
  17.40 1616.95 v place65011/Y (BUFx3_ASAP7_75t_R)
   8.85 1625.80 ^ _217612_/Y (NOR2x1_ASAP7_75t_R)
  26.89 1652.69 ^ _217613_/Y (XNOR2x2_ASAP7_75t_R)
  11.27 1663.96 v _217620_/Y (NOR2x1_ASAP7_75t_R)
  17.88 1681.85 ^ _217622_/Y (AOI22x1_ASAP7_75t_R)
  15.31 1697.15 v _217623_/Y (AOI21x1_ASAP7_75t_R)
  28.01 1725.16 v _217624_/Y (MAJx2_ASAP7_75t_R)
  28.08 1753.24 v _217669_/Y (AO32x1_ASAP7_75t_R)
  25.33 1778.57 v _217723_/Y (OR3x1_ASAP7_75t_R)
  27.00 1805.57 v _217732_/Y (AO221x1_ASAP7_75t_R)
  13.53 1819.10 ^ _217733_/Y (NAND3x1_ASAP7_75t_R)
  26.53 1845.63 ^ _217734_/Y (MAJx2_ASAP7_75t_R)
  22.14 1867.77 ^ _217735_/Y (MAJx2_ASAP7_75t_R)
  21.09 1888.86 ^ _217740_/Y (MAJx2_ASAP7_75t_R)
  25.00 1913.86 ^ _217741_/Y (AO221x1_ASAP7_75t_R)
  26.48 1940.33 ^ _217755_/Y (AO31x2_ASAP7_75t_R)
  18.36 1958.69 ^ place63067/Y (BUFx3_ASAP7_75t_R)
   7.66 1966.35 v _217797_/Y (NOR2x1_ASAP7_75t_R)
  19.60 1985.95 v _217804_/Y (OA21x2_ASAP7_75t_R)
  25.28 2011.23 v _217805_/Y (MAJx2_ASAP7_75t_R)
  18.36 2029.59 v _217817_/Y (AO211x2_ASAP7_75t_R)
  30.19 2059.78 v _217818_/Y (AO32x2_ASAP7_75t_R)
  22.14 2081.92 v _217850_/Y (AO31x2_ASAP7_75t_R)
  30.25 2112.17 ^ _217853_/Y (AOI22x1_ASAP7_75t_R)
  21.96 2134.13 ^ _217888_/Y (AND2x2_ASAP7_75t_R)
  27.17 2161.30 v _217889_/Y (XNOR2x2_ASAP7_75t_R)
  19.90 2181.20 v _217890_/Y (OR2x2_ASAP7_75t_R)
  19.44 2200.64 v _217897_/Y (AO21x1_ASAP7_75t_R)
  16.71 2217.34 v _217898_/Y (AND2x2_ASAP7_75t_R)
  22.08 2239.42 v _217959_/Y (OA211x2_ASAP7_75t_R)
  19.75 2259.17 v _217960_/Y (OA21x2_ASAP7_75t_R)
  25.18 2284.35 v _218017_/Y (OA211x2_ASAP7_75t_R)
  21.40 2305.75 v _218018_/Y (XOR2x2_ASAP7_75t_R)
  27.34 2333.09 v _218038_/Y (OR4x1_ASAP7_75t_R)
  25.28 2358.37 v _218040_/Y (AO221x1_ASAP7_75t_R)
  34.11 2392.48 v _218043_/Y (AO33x2_ASAP7_75t_R)
  22.19 2414.67 v _218044_/Y (MAJx2_ASAP7_75t_R)
  29.71 2444.38 v _218049_/Y (MAJx3_ASAP7_75t_R)
  27.61 2472.00 v _218087_/Y (OA21x2_ASAP7_75t_R)
  15.70 2487.70 v _218091_/Y (AND2x4_ASAP7_75t_R)
  16.28 2503.98 v _218092_/Y (OA21x2_ASAP7_75t_R)
  24.90 2528.88 v _218093_/Y (OA222x2_ASAP7_75t_R)
  24.12 2553.01 v _218106_/Y (MAJx2_ASAP7_75t_R)
  31.03 2584.04 v _218130_/Y (AO32x2_ASAP7_75t_R)
  21.30 2605.34 v _218150_/Y (OA21x2_ASAP7_75t_R)
  26.44 2631.78 v _218190_/Y (OA211x2_ASAP7_75t_R)
  25.38 2657.16 v _218211_/Y (OA31x2_ASAP7_75t_R)
  27.13 2684.30 v _218260_/Y (AO32x1_ASAP7_75t_R)
  28.70 2713.00 v _218261_/Y (OR3x1_ASAP7_75t_R)
  24.05 2737.05 v _218270_/Y (OA22x2_ASAP7_75t_R)
  27.40 2764.44 v _218271_/Y (AO22x2_ASAP7_75t_R)
  30.33 2794.77 v _218276_/Y (AO22x2_ASAP7_75t_R)
  28.34 2823.11 v _218298_/Y (AO21x2_ASAP7_75t_R)
  22.33 2845.44 v _218408_/Y (OR3x1_ASAP7_75t_R)
  31.68 2877.13 v _218411_/Y (OA211x2_ASAP7_75t_R)
  23.19 2900.31 v _218421_/Y (OA31x2_ASAP7_75t_R)
  22.44 2922.75 v _218429_/Y (OA31x2_ASAP7_75t_R)
  21.52 2944.27 v _218461_/Y (OA31x2_ASAP7_75t_R)
  26.73 2971.00 v _218493_/Y (OA21x2_ASAP7_75t_R)
  18.38 2989.38 v place60841/Y (BUFx6f_ASAP7_75t_R)
  20.04 3009.42 v _218699_/Y (MAJx2_ASAP7_75t_R)
  23.74 3033.16 ^ _218700_/Y (XNOR2x2_ASAP7_75t_R)
  25.17 3058.32 v _218724_/Y (XNOR2x2_ASAP7_75t_R)
  14.44 3072.76 v _218725_/Y (AND2x2_ASAP7_75t_R)
  19.97 3092.73 v _218726_/Y (MAJx2_ASAP7_75t_R)
  20.78 3113.51 v _218730_/Y (AO21x1_ASAP7_75t_R)
  24.20 3137.71 v _218731_/Y (MAJx2_ASAP7_75t_R)
  20.82 3158.53 v _218761_/Y (MAJx2_ASAP7_75t_R)
  24.09 3182.62 v _218762_/Y (AO21x2_ASAP7_75t_R)
  30.97 3213.58 v _218763_/Y (OR2x2_ASAP7_75t_R)
  23.93 3237.51 v _218830_/Y (AND2x4_ASAP7_75t_R)
  23.11 3260.63 ^ _218831_/Y (XNOR2x2_ASAP7_75t_R)
  18.34 3278.97 ^ _218881_/Y (OA21x2_ASAP7_75t_R)
  22.47 3301.44 ^ _218882_/Y (AND4x1_ASAP7_75t_R)
  30.94 3332.38 v _218885_/Y (AOI221x1_ASAP7_75t_R)
  22.75 3355.13 ^ _218968_/Y (OAI21x1_ASAP7_75t_R)
  40.08 3395.21 ^ _218974_/Y (AND5x2_ASAP7_75t_R)
  30.56 3425.77 ^ _219045_/Y (OR2x2_ASAP7_75t_R)
  18.05 3443.83 ^ place59825/Y (BUFx6f_ASAP7_75t_R)
  28.08 3471.91 ^ _219144_/Y (AND3x1_ASAP7_75t_R)
  10.20 3482.11 v _219145_/Y (OAI21x1_ASAP7_75t_R)
  25.92 3508.02 ^ _219152_/Y (AOI221x1_ASAP7_75t_R)
  20.86 3528.88 ^ _219221_/Y (AND2x2_ASAP7_75t_R)
  33.00 3561.88 ^ _219222_/Y (AND5x2_ASAP7_75t_R)
  37.17 3599.05 ^ _219231_/Y (OA31x2_ASAP7_75t_R)
  27.34 3626.39 ^ place59474/Y (BUFx3_ASAP7_75t_R)
  16.04 3642.43 ^ _219398_/Y (AND2x4_ASAP7_75t_R)
  25.66 3668.09 v _219399_/Y (XNOR2x2_ASAP7_75t_R)
  22.03 3690.12 v _219451_/Y (AO32x1_ASAP7_75t_R)
  18.23 3708.35 v _219459_/Y (OA21x2_ASAP7_75t_R)
  36.05 3744.40 v _219485_/Y (OA221x2_ASAP7_75t_R)
  28.80 3773.19 v _219486_/Y (AO211x2_ASAP7_75t_R)
  22.14 3795.33 v _219589_/Y (AO21x2_ASAP7_75t_R)
  27.69 3823.02 v _219622_/Y (OA211x2_ASAP7_75t_R)
  28.24 3851.26 ^ _219623_/Y (XOR2x2_ASAP7_75t_R)
  22.80 3874.06 ^ _219647_/Y (AO211x2_ASAP7_75t_R)
  25.22 3899.28 ^ _219653_/Y (AO221x1_ASAP7_75t_R)
  20.80 3920.08 ^ _219666_/Y (AO31x2_ASAP7_75t_R)
  18.81 3938.89 ^ _219763_/Y (AO21x1_ASAP7_75t_R)
  26.68 3965.57 ^ place58969/Y (BUFx3_ASAP7_75t_R)
  35.74 4001.31 ^ _219821_/Y (AO221x1_ASAP7_75t_R)
  20.82 4022.12 ^ _219822_/Y (AND3x1_ASAP7_75t_R)
  19.54 4041.66 ^ _219825_/Y (OA21x2_ASAP7_75t_R)
  19.13 4060.80 ^ _219826_/Y (XNOR2x1_ASAP7_75t_R)
  26.66 4087.46 v _220157_/Y (XNOR2x2_ASAP7_75t_R)
  35.86 4123.32 v _220165_/Y (OR5x1_ASAP7_75t_R)
  21.35 4144.67 v _220166_/Y (AO31x2_ASAP7_75t_R)
  33.29 4177.96 v _220169_/Y (AO21x2_ASAP7_75t_R)
  26.57 4204.53 v place58605/Y (BUFx3_ASAP7_75t_R)
  16.80 4221.33 ^ _220318_/Y (NOR3x1_ASAP7_75t_R)
  25.56 4246.89 ^ _220345_/Y (OR3x1_ASAP7_75t_R)
  29.45 4276.34 ^ _220395_/Y (AO211x2_ASAP7_75t_R)
  10.92 4287.26 v _220397_/Y (AOI22x1_ASAP7_75t_R)
  36.79 4324.05 v _220465_/Y (OR3x2_ASAP7_75t_R)
  20.47 4344.52 v place58407/Y (BUFx6f_ASAP7_75t_R)
  22.52 4367.04 ^ _220742_/Y (AOI221x1_ASAP7_75t_R)
  31.33 4398.38 v _220824_/Y (XNOR2x2_ASAP7_75t_R)
  18.20 4416.57 v _220828_/Y (AO21x1_ASAP7_75t_R)
  16.44 4433.01 v _220829_/Y (AND2x2_ASAP7_75t_R)
  29.30 4462.31 v _220858_/Y (OR4x1_ASAP7_75t_R)
  25.90 4488.21 v _220865_/Y (AO32x1_ASAP7_75t_R)
  26.92 4515.13 v _220867_/Y (AO221x1_ASAP7_75t_R)
  27.05 4542.18 v _220868_/Y (AO32x1_ASAP7_75t_R)
  22.26 4564.44 v _220874_/Y (OA21x2_ASAP7_75t_R)
  16.07 4580.51 v place58066/Y (BUFx6f_ASAP7_75t_R)
  30.95 4611.46 v _220947_/Y (OA211x2_ASAP7_75t_R)
  24.46 4635.92 v _220948_/Y (XOR2x2_ASAP7_75t_R)
  17.50 4653.42 v place57987/Y (BUFx3_ASAP7_75t_R)
  14.05 4667.47 ^ _220965_/Y (NAND2x1_ASAP7_75t_R)
  16.46 4683.93 v _220966_/Y (OAI21x1_ASAP7_75t_R)
  22.57 4706.50 v _221119_/Y (AO21x1_ASAP7_75t_R)
  24.17 4730.67 v _221176_/Y (OA21x2_ASAP7_75t_R)
  16.28 4746.95 v place57865/Y (BUFx3_ASAP7_75t_R)
  19.89 4766.84 ^ _221222_/Y (AOI21x1_ASAP7_75t_R)
  23.49 4790.34 ^ place57844/Y (BUFx3_ASAP7_75t_R)
  19.71 4810.05 ^ _221436_/Y (AO221x1_ASAP7_75t_R)
  17.45 4827.50 v _221437_/Y (AOI221x1_ASAP7_75t_R)
  23.33 4850.83 ^ _221459_/Y (NOR2x1_ASAP7_75t_R)
  29.78 4880.60 v _221479_/Y (AOI221x1_ASAP7_75t_R)
  34.11 4914.72 v _221631_/Y (OA31x2_ASAP7_75t_R)
  43.43 4958.14 v _221633_/Y (OR4x2_ASAP7_75t_R)
  33.17 4991.31 v _221634_/Y (AND3x4_ASAP7_75t_R)
  29.47 5020.79 v _221705_/Y (OR4x1_ASAP7_75t_R)
  26.36 5047.14 v _221707_/Y (OA211x2_ASAP7_75t_R)
  25.65 5072.80 v _221710_/Y (OA211x2_ASAP7_75t_R)
  20.99 5093.79 v _221711_/Y (AO221x1_ASAP7_75t_R)
  29.72 5123.50 v _221717_/Y (OA211x2_ASAP7_75t_R)
  17.13 5140.64 ^ _221977_/Y (OAI21x1_ASAP7_75t_R)
  18.75 5159.39 ^ place57411/Y (BUFx6f_ASAP7_75t_R)
  15.49 5174.88 ^ place57409/Y (BUFx6f_ASAP7_75t_R)
  16.58 5191.46 ^ _222155_/Y (OA21x2_ASAP7_75t_R)
  26.49 5217.96 ^ _222156_/Y (XOR2x2_ASAP7_75t_R)
  25.08 5243.04 v _222223_/Y (XNOR2x2_ASAP7_75t_R)
  27.20 5270.23 v _222224_/Y (AO221x1_ASAP7_75t_R)
  32.38 5302.61 v _222300_/Y (OR5x1_ASAP7_75t_R)
  31.85 5334.46 v _222301_/Y (OR5x1_ASAP7_75t_R)
  27.34 5361.80 v _222309_/Y (OA21x2_ASAP7_75t_R)
  27.38 5389.18 v place57140/Y (BUFx3_ASAP7_75t_R)
  17.73 5406.91 ^ _222334_/Y (NAND2x2_ASAP7_75t_R)
  29.76 5436.67 ^ place57055/Y (BUFx3_ASAP7_75t_R)
  22.98 5459.64 ^ _222474_/Y (OA22x2_ASAP7_75t_R)
  18.98 5478.63 ^ _222484_/Y (OA211x2_ASAP7_75t_R)
  34.22 5512.85 ^ _222507_/Y (AND5x1_ASAP7_75t_R)
  38.05 5550.89 ^ _222830_/Y (AND5x1_ASAP7_75t_R)
  23.50 5574.39 ^ _222835_/Y (AO21x1_ASAP7_75t_R)
  19.80 5594.19 v _222903_/Y (AOI211x1_ASAP7_75t_R)
  31.80 5625.99 v place56758/Y (BUFx3_ASAP7_75t_R)
  18.85 5644.84 ^ _223153_/Y (NOR2x1_ASAP7_75t_R)
  27.11 5671.95 v _223233_/Y (XNOR2x2_ASAP7_75t_R)
  21.99 5693.94 v _223235_/Y (AO32x1_ASAP7_75t_R)
  27.45 5721.40 v _223236_/Y (AO221x1_ASAP7_75t_R)
  24.61 5746.00 v _223238_/Y (MAJx2_ASAP7_75t_R)
  22.74 5768.74 v _223239_/Y (MAJx2_ASAP7_75t_R)
  33.52 5802.26 v _223256_/Y (OR4x2_ASAP7_75t_R)
  19.89 5822.15 v place56430/Y (BUFx3_ASAP7_75t_R)
  14.73 5836.88 ^ _223257_/Y (NOR2x2_ASAP7_75t_R)
  17.58 5854.46 ^ place56391/Y (BUFx6f_ASAP7_75t_R)
  16.83 5871.29 v _223487_/Y (AOI211x1_ASAP7_75t_R)
  35.95 5907.25 v _223500_/Y (AO32x1_ASAP7_75t_R)
  17.16 5924.41 v _223632_/Y (AND4x1_ASAP7_75t_R)
  28.11 5952.52 v _223633_/Y (OA211x2_ASAP7_75t_R)
  21.91 5974.43 v _223634_/Y (AO211x2_ASAP7_75t_R)
  17.39 5991.82 v _223635_/Y (AND3x1_ASAP7_75t_R)
  32.60 6024.42 v _223637_/Y (OR3x1_ASAP7_75t_R)
  27.99 6052.41 v place56120/Y (BUFx3_ASAP7_75t_R)
  47.00 6099.40 v _223971_/Y (AO222x2_ASAP7_75t_R)
  22.13 6121.53 v _223973_/Y (AO22x1_ASAP7_75t_R)
  17.65 6139.18 ^ _223976_/Y (AOI22x1_ASAP7_75t_R)
  20.96 6160.15 ^ place55985/Y (BUFx3_ASAP7_75t_R)
  17.22 6177.37 ^ _224087_/Y (AO21x1_ASAP7_75t_R)
  31.99 6209.35 ^ _224400_/Y (AND5x1_ASAP7_75t_R)
  26.27 6235.62 ^ _224406_/Y (OA31x2_ASAP7_75t_R)
  24.41 6260.03 ^ _224411_/Y (OA31x2_ASAP7_75t_R)
  21.09 6281.12 ^ _224414_/Y (OA21x2_ASAP7_75t_R)
  20.80 6301.93 ^ _224416_/Y (OA21x2_ASAP7_75t_R)
  25.95 6327.88 v _224417_/Y (XNOR2x2_ASAP7_75t_R)
  20.04 6347.92 ^ _224432_/Y (AOI211x1_ASAP7_75t_R)
  41.51 6389.43 ^ _224453_/Y (AND5x1_ASAP7_75t_R)
  29.25 6418.68 ^ _224454_/Y (OA21x2_ASAP7_75t_R)
  27.63 6446.30 ^ _224494_/Y (OR3x2_ASAP7_75t_R)
  28.69 6474.99 ^ place55645/Y (BUFx3_ASAP7_75t_R)
  25.84 6500.83 ^ _224898_/Y (OA21x2_ASAP7_75t_R)
  22.74 6523.57 ^ _224899_/Y (AND3x1_ASAP7_75t_R)
  22.55 6546.13 ^ _224900_/Y (XNOR2x2_ASAP7_75t_R)
  21.04 6567.17 ^ _224902_/Y (OA211x2_ASAP7_75t_R)
  23.20 6590.37 ^ _224913_/Y (AND3x1_ASAP7_75t_R)
  24.69 6615.06 ^ _224922_/Y (AND3x1_ASAP7_75t_R)
  22.59 6637.65 ^ _224933_/Y (AND3x1_ASAP7_75t_R)
  16.77 6654.42 ^ place55443/Y (BUFx6f_ASAP7_75t_R)
  27.77 6682.19 ^ place55441/Y (BUFx3_ASAP7_75t_R)
  20.40 6702.59 ^ _225100_/Y (AO21x1_ASAP7_75t_R)
  31.62 6734.20 v _225101_/Y (XNOR2x2_ASAP7_75t_R)
  10.91 6745.11 ^ _225293_/Y (NAND2x1_ASAP7_75t_R)
  34.78 6779.89 ^ _225317_/Y (AND5x1_ASAP7_75t_R)
  28.04 6807.93 ^ _225318_/Y (AND4x1_ASAP7_75t_R)
  34.86 6842.79 ^ _225319_/Y (AND5x1_ASAP7_75t_R)
  17.28 6860.06 ^ _225371_/Y (OR4x2_ASAP7_75t_R)
  18.59 6878.65 ^ _225393_/Y (AO21x1_ASAP7_75t_R)
  20.90 6899.55 ^ place55179/Y (BUFx6f_ASAP7_75t_R)
  34.54 6934.09 ^ _225569_/Y (AND3x1_ASAP7_75t_R)
  23.07 6957.16 ^ _225574_/Y (OA31x2_ASAP7_75t_R)
  23.92 6981.07 ^ _225585_/Y (OA31x2_ASAP7_75t_R)
  20.48 7001.55 ^ _225597_/Y (OR3x1_ASAP7_75t_R)
  27.01 7028.56 ^ _225616_/Y (AO211x2_ASAP7_75t_R)
  25.98 7054.54 ^ _225664_/Y (AO211x2_ASAP7_75t_R)
  24.59 7079.14 ^ _225676_/Y (AND3x1_ASAP7_75t_R)
  34.78 7113.92 ^ _225721_/Y (OA211x2_ASAP7_75t_R)
  31.98 7145.90 ^ _225732_/Y (AO221x1_ASAP7_75t_R)
  28.01 7173.92 v _225983_/Y (XNOR2x2_ASAP7_75t_R)
  37.43 7211.35 v _225996_/Y (OR5x1_ASAP7_75t_R)
  26.27 7237.62 ^ _225997_/Y (AOI211x1_ASAP7_75t_R)
  43.63 7281.25 ^ _225998_/Y (AND4x2_ASAP7_75t_R)
  15.23 7296.48 v _226127_/Y (OAI21x1_ASAP7_75t_R)
  24.44 7320.91 v _226147_/Y (AND3x1_ASAP7_75t_R)
  21.02 7341.93 v place54715/Y (BUFx6f_ASAP7_75t_R)
  18.79 7360.72 ^ _226223_/Y (AOI21x1_ASAP7_75t_R)
  26.60 7387.32 ^ _226224_/Y (XNOR2x2_ASAP7_75t_R)
  27.33 7414.65 v _226225_/Y (XNOR2x2_ASAP7_75t_R)
  17.97 7432.62 v _226605_/Y (AO21x1_ASAP7_75t_R)
  29.39 7462.02 v _226623_/Y (OR4x1_ASAP7_75t_R)
  28.58 7490.60 v _226625_/Y (OR3x1_ASAP7_75t_R)
  17.78 7508.38 v place54496/Y (BUFx3_ASAP7_75t_R)
  20.10 7528.48 ^ _226626_/Y (NAND3x1_ASAP7_75t_R)
  38.64 7567.12 ^ _226633_/Y (OA21x2_ASAP7_75t_R)
  20.66 7587.78 v _226945_/Y (AOI21x1_ASAP7_75t_R)
  20.86 7608.63 v _226946_/Y (AO21x1_ASAP7_75t_R)
  16.82 7625.45 ^ _226947_/Y (AOI221x1_ASAP7_75t_R)
  41.40 7666.85 ^ _226983_/Y (AND5x1_ASAP7_75t_R)
  31.62 7698.48 v _227262_/Y (AOI221x1_ASAP7_75t_R)
  38.80 7737.28 v _227275_/Y (OA211x2_ASAP7_75t_R)
  24.48 7761.76 v _227284_/Y (MAJx2_ASAP7_75t_R)
  13.70 7775.46 ^ _227285_/Y (XNOR2x1_ASAP7_75t_R)
  19.64 7795.10 v _227287_/Y (NAND3x1_ASAP7_75t_R)
  19.62 7814.72 v place54132/Y (BUFx3_ASAP7_75t_R)
  13.28 7828.00 ^ _227290_/Y (NAND3x1_ASAP7_75t_R)
  17.33 7845.33 v _227291_/Y (AOI22x1_ASAP7_75t_R)
  35.55 7880.88 v _227484_/Y (OA211x2_ASAP7_75t_R)
  24.33 7905.21 v _227512_/Y (AND5x2_ASAP7_75t_R)
  28.79 7933.99 v _227530_/Y (OR3x1_ASAP7_75t_R)
  36.10 7970.09 v _227532_/Y (OR3x1_ASAP7_75t_R)
  24.40 7994.50 v place53899/Y (BUFx3_ASAP7_75t_R)
  27.75 8022.24 v place53898/Y (BUFx3_ASAP7_75t_R)
  17.45 8039.69 ^ _227775_/Y (AOI21x1_ASAP7_75t_R)
   9.81 8049.50 v _227776_/Y (NOR2x1_ASAP7_75t_R)
  17.77 8067.27 v _227777_/Y (AO21x1_ASAP7_75t_R)
  28.02 8095.29 v _227783_/Y (AO32x1_ASAP7_75t_R)
  17.41 8112.70 ^ _227860_/Y (OAI21x1_ASAP7_75t_R)
  20.35 8133.05 ^ place53699/Y (BUFx3_ASAP7_75t_R)
   8.78 8141.83 v _227861_/Y (NAND2x1_ASAP7_75t_R)
  24.93 8166.76 v _227862_/Y (AND2x2_ASAP7_75t_R)
  22.04 8188.80 v place53639/Y (BUFx3_ASAP7_75t_R)
  31.87 8220.67 v _228075_/Y (OR4x1_ASAP7_75t_R)
  32.91 8253.58 v _228244_/Y (AO22x1_ASAP7_75t_R)
  18.20 8271.78 ^ _228253_/Y (OAI21x1_ASAP7_75t_R)
  33.09 8304.87 ^ _228296_/Y (AO221x1_ASAP7_75t_R)
  16.72 8321.59 v _228325_/Y (NAND2x1_ASAP7_75t_R)
  35.63 8357.22 v _228377_/Y (AO221x2_ASAP7_75t_R)
  19.21 8376.42 v place53347/Y (BUFx6f_ASAP7_75t_R)
  18.60 8395.02 v _228782_/Y (OA21x2_ASAP7_75t_R)
  25.56 8420.58 v _228783_/Y (OR4x1_ASAP7_75t_R)
  28.42 8449.01 v _228784_/Y (OA211x2_ASAP7_75t_R)
  24.72 8473.73 v _228785_/Y (XNOR2x2_ASAP7_75t_R)
  22.78 8496.51 v _228788_/Y (AND3x1_ASAP7_75t_R)
  21.21 8517.72 v _228858_/Y (OA21x2_ASAP7_75t_R)
  32.34 8550.05 v _228873_/Y (OR5x1_ASAP7_75t_R)
  23.05 8573.10 v _228933_/Y (AND3x1_ASAP7_75t_R)
  27.01 8600.12 v _229024_/Y (AO21x2_ASAP7_75t_R)
  20.69 8620.80 v place52977/Y (BUFx6f_ASAP7_75t_R)
  48.31 8669.12 v _229130_/Y (OA211x2_ASAP7_75t_R)
  30.54 8699.66 v _229140_/Y (OA33x2_ASAP7_75t_R)
  23.15 8722.81 v _229141_/Y (MAJx2_ASAP7_75t_R)
  21.44 8744.26 v _229143_/Y (OA21x2_ASAP7_75t_R)
  25.51 8769.77 v _229281_/Y (AO21x2_ASAP7_75t_R)
  23.14 8792.91 ^ _229637_/Y (AOI211x1_ASAP7_75t_R)
  23.08 8815.99 ^ place52793/Y (BUFx6f_ASAP7_75t_R)
  25.06 8841.04 ^ _229740_/Y (OA31x2_ASAP7_75t_R)
  23.73 8864.77 ^ _229741_/Y (XNOR2x2_ASAP7_75t_R)
  25.22 8890.00 v _229742_/Y (XNOR2x2_ASAP7_75t_R)
  28.95 8918.94 v _229743_/Y (AO221x1_ASAP7_75t_R)
  23.44 8942.39 ^ _229749_/Y (AOI211x1_ASAP7_75t_R)
  15.33 8957.72 v _229763_/Y (NOR2x2_ASAP7_75t_R)
  19.71 8977.43 v _229817_/Y (AO211x2_ASAP7_75t_R)
  30.30 9007.73 v _229943_/Y (AO21x2_ASAP7_75t_R)
  25.05 9032.78 v place51879/Y (BUFx3_ASAP7_75t_R)
  21.58 9054.36 v _230114_/Y (AO221x1_ASAP7_75t_R)
  24.04 9078.40 v _230117_/Y (AO221x1_ASAP7_75t_R)
  19.32 9097.73 v _230365_/Y (AND2x2_ASAP7_75t_R)
  17.20 9114.93 v _230366_/Y (XNOR2x1_ASAP7_75t_R)
  34.44 9149.37 v _230380_/Y (OA211x2_ASAP7_75t_R)
  17.23 9166.60 v _230513_/Y (AO31x2_ASAP7_75t_R)
  19.76 9186.36 ^ _230514_/Y (AOI221x1_ASAP7_75t_R)
  15.58 9201.94 v _230515_/Y (OAI21x1_ASAP7_75t_R)
  20.01 9221.95 v place51404/Y (BUFx6f_ASAP7_75t_R)
  21.93 9243.88 v place51402/Y (BUFx6f_ASAP7_75t_R)
  26.01 9269.89 v place51401/Y (BUFx3_ASAP7_75t_R)
  23.10 9292.99 v _230875_/Y (AND2x2_ASAP7_75t_R)
  23.91 9316.90 v _230881_/Y (AO32x1_ASAP7_75t_R)
  24.17 9341.06 v _230889_/Y (AO221x1_ASAP7_75t_R)
  29.61 9370.67 v _230897_/Y (OA33x2_ASAP7_75t_R)
  13.81 9384.48 v _230898_/Y (OA21x2_ASAP7_75t_R)
  31.57 9416.06 v _230906_/Y (OA211x2_ASAP7_75t_R)
  25.33 9441.39 v _230940_/Y (MAJx2_ASAP7_75t_R)
  16.31 9457.70 v place51122/Y (BUFx3_ASAP7_75t_R)
  20.18 9477.88 ^ _230950_/Y (XNOR2x2_ASAP7_75t_R)
  22.25 9500.13 ^ _230951_/Y (AND3x1_ASAP7_75t_R)
  15.28 9515.41 ^ place51079/Y (BUFx3_ASAP7_75t_R)
  26.56 9541.97 v _231188_/Y (XNOR2x2_ASAP7_75t_R)
  21.09 9563.05 v _231259_/Y (MAJx2_ASAP7_75t_R)
  21.11 9584.16 v _231260_/Y (MAJx2_ASAP7_75t_R)
  23.68 9607.84 v _231261_/Y (MAJx2_ASAP7_75t_R)
  13.90 9621.75 ^ _231262_/Y (NAND2x1_ASAP7_75t_R)
  39.70 9661.45 ^ _231371_/Y (AND5x2_ASAP7_75t_R)
  23.05 9684.49 v _231376_/Y (NAND2x1p5_ASAP7_75t_R)
  24.21 9708.70 v place50895/Y (BUFx3_ASAP7_75t_R)
  23.80 9732.51 v _231535_/Y (OA211x2_ASAP7_75t_R)
  23.30 9755.81 v _231539_/Y (AO32x1_ASAP7_75t_R)
  27.79 9783.59 v _231540_/Y (AO221x1_ASAP7_75t_R)
  14.31 9797.91 ^ _231543_/Y (NAND2x1_ASAP7_75t_R)
  20.17 9818.07 ^ _231544_/Y (MAJx2_ASAP7_75t_R)
  19.85 9837.92 ^ _231549_/Y (OA21x2_ASAP7_75t_R)
  10.03 9847.95 v _231555_/Y (OAI21x1_ASAP7_75t_R)
  21.55 9869.50 v _231609_/Y (AO21x2_ASAP7_75t_R)
  23.41 9892.91 v _231767_/Y (AO211x2_ASAP7_75t_R)
  32.12 9925.03 v place50778/Y (BUFx3_ASAP7_75t_R)
  27.14 9952.17 ^ _231845_/Y (NAND2x1_ASAP7_75t_R)
  24.95 9977.12 ^ _231846_/Y (XNOR2x2_ASAP7_75t_R)
  20.32 9997.44 ^ _232011_/Y (OA211x2_ASAP7_75t_R)
  30.98 10028.42 ^ _232012_/Y (AND5x1_ASAP7_75t_R)
  31.20 10059.62 ^ _232061_/Y (AND5x1_ASAP7_75t_R)
  30.05 10089.66 ^ _232067_/Y (AND5x1_ASAP7_75t_R)
  37.14 10126.80 ^ _232096_/Y (AND4x2_ASAP7_75t_R)
  28.44 10155.25 ^ place50665/Y (BUFx6f_ASAP7_75t_R)
  11.67 10166.91 v _232159_/Y (AOI21x1_ASAP7_75t_R)
  32.11 10199.03 v _232162_/Y (AO221x1_ASAP7_75t_R)
  22.52 10221.55 v _232246_/Y (AO21x1_ASAP7_75t_R)
  24.34 10245.89 v _232279_/Y (AO21x1_ASAP7_75t_R)
  29.60 10275.49 v _232503_/Y (AO22x2_ASAP7_75t_R)
  25.56 10301.04 v _232535_/Y (MAJx2_ASAP7_75t_R)
  22.68 10323.72 ^ _232536_/Y (XNOR2x2_ASAP7_75t_R)
  22.64 10346.36 ^ _232538_/Y (AND3x2_ASAP7_75t_R)
  17.36 10363.72 ^ place50200/Y (BUFx3_ASAP7_75t_R)
  16.49 10380.21 v _232627_/Y (NOR3x2_ASAP7_75t_R)
  26.78 10406.99 v _232628_/Y (AO211x2_ASAP7_75t_R)
  19.25 10426.25 v place50007/Y (BUFx3_ASAP7_75t_R)
  24.84 10451.09 v _232664_/Y (OR3x1_ASAP7_75t_R)
  30.70 10481.79 v _232668_/Y (AO221x1_ASAP7_75t_R)
  25.09 10506.88 v _232669_/Y (AO31x2_ASAP7_75t_R)
  35.27 10542.15 v _232673_/Y (OA211x2_ASAP7_75t_R)
  29.71 10571.86 v _232983_/Y (AO21x2_ASAP7_75t_R)
  25.60 10597.45 v place49709/Y (BUFx3_ASAP7_75t_R)
  21.41 10618.87 ^ _233645_/Y (NAND2x1_ASAP7_75t_R)
  23.17 10642.03 ^ _233647_/Y (OA211x2_ASAP7_75t_R)
  13.90 10655.93 ^ _233652_/Y (AO21x1_ASAP7_75t_R)
  19.13 10675.06 ^ _233719_/Y (AO21x1_ASAP7_75t_R)
  33.03 10708.09 ^ _233721_/Y (AND5x2_ASAP7_75t_R)
  21.55 10729.64 ^ _233967_/Y (AND3x4_ASAP7_75t_R)
  27.62 10757.25 ^ _235036_/Y (AND5x2_ASAP7_75t_R)
  15.62 10772.88 ^ place49466/Y (BUFx3_ASAP7_75t_R)
  29.27 10802.15 ^ _235237_/Y (AND5x1_ASAP7_75t_R)
  13.02 10815.16 v _235239_/Y (AOI211x1_ASAP7_75t_R)
  21.07 10836.23 ^ _235240_/Y (NAND2x1_ASAP7_75t_R)
  31.69 10867.93 ^ _235289_/Y (OA211x2_ASAP7_75t_R)
  26.12 10894.05 v _255129_/Y (AOI21x1_ASAP7_75t_R)
  43.10 10937.15 v _285397_/Y (OR5x1_ASAP7_75t_R)
  43.07 10980.21 v _286027_/Y (OA211x2_ASAP7_75t_R)
  61.09 11041.31 v place49078/Y (BUFx6f_ASAP7_75t_R)
  49.00 11090.30 v _373562_/Y (AO21x1_ASAP7_75t_R)
  14.14 11104.45 v _373563_/Y (OA21x2_ASAP7_75t_R)
   8.64 11113.09 ^ _373564_/Y (NOR2x1_ASAP7_75t_R)
   0.11 11113.20 ^ _388327_/D (DFFHQNx1_ASAP7_75t_R)
        11113.20   data arrival time

1000.00 1000.00   clock core_clk (rise edge)
   0.00 1000.00   clock source latency
   0.00 1000.00 ^ clk (in)
  45.30 1045.30 ^ wire96739/Y (BUFx12f_ASAP7_75t_R)
  51.74 1097.04 ^ clkbuf_0_clk/Y (BUFx24_ASAP7_75t_R)
  27.53 1124.57 ^ clkbuf_1_1_0_clk/Y (BUFx24_ASAP7_75t_R)
  22.22 1146.79 ^ clkbuf_2_3_0_clk/Y (BUFx24_ASAP7_75t_R)
  30.91 1177.70 ^ clkbuf_3_7_0_clk/Y (BUFx24_ASAP7_75t_R)
  25.16 1202.86 ^ clkbuf_4_15_0_clk/Y (BUFx24_ASAP7_75t_R)
  24.82 1227.68 ^ clkbuf_6_60_0_clk/Y (BUFx24_ASAP7_75t_R)
  20.41 1248.09 ^ clkbuf_7_121__f_clk/Y (BUFx24_ASAP7_75t_R)
  21.75 1269.85 ^ clkbuf_leaf_453_clk/Y (BUFx24_ASAP7_75t_R)
   1.67 1271.51 ^ _388327_/CLK (DFFHQNx1_ASAP7_75t_R)
 -50.00 1221.51   clock uncertainty
   4.39 1225.91   clock reconvergence pessimism
 -10.91 1214.99   library setup time
        1214.99   data required time
---------------------------------------------------------
        1214.99   data required time
        -11113.20   data arrival time
---------------------------------------------------------
        -9898.20   slack (VIOLATED)



==========================================================================
finish report_checks -path_delay min reg to reg
--------------------------------------------------------------------------
Startpoint: _399483_ (rising edge-triggered flip-flop clocked by core_clk)
Endpoint: _399577_ (rising edge-triggered flip-flop clocked by core_clk)
Path Group: reg2reg
Path Type: min

  Delay    Time   Description
---------------------------------------------------------
   0.00    0.00   clock core_clk (rise edge)
   0.00    0.00   clock source latency
   0.00    0.00 ^ clk (in)
  45.30   45.30 ^ wire96739/Y (BUFx12f_ASAP7_75t_R)
  51.74   97.04 ^ clkbuf_0_clk/Y (BUFx24_ASAP7_75t_R)
  27.53  124.57 ^ clkbuf_1_1_0_clk/Y (BUFx24_ASAP7_75t_R)
  24.86  149.43 ^ clkbuf_2_2_0_clk/Y (BUFx24_ASAP7_75t_R)
  30.01  179.44 ^ clkbuf_3_5_0_clk/Y (BUFx24_ASAP7_75t_R)
  27.70  207.14 ^ clkbuf_4_10_0_clk/Y (BUFx24_ASAP7_75t_R)
  25.83  232.97 ^ clkbuf_6_40_0_clk/Y (BUFx24_ASAP7_75t_R)
  22.08  255.05 ^ clkbuf_7_80__f_clk/Y (BUFx24_ASAP7_75t_R)
  30.42  285.46 ^ clkbuf_leaf_616_clk/Y (BUFx24_ASAP7_75t_R)
   1.25  286.71 ^ _399483_/CLK (DFFHQNx1_ASAP7_75t_R)
  47.84  334.56 ^ _399483_/QN (DFFHQNx1_ASAP7_75t_R)
  13.13  347.68 v _304638_/Y (NOR2x1_ASAP7_75t_R)
   0.08  347.76 v _399577_/D (DFFHQNx1_ASAP7_75t_R)
         347.76   data arrival time

   0.00    0.00   clock core_clk (rise edge)
   0.00    0.00   clock source latency
   0.00    0.00 ^ clk (in)
  46.42   46.42 ^ wire96739/Y (BUFx12f_ASAP7_75t_R)
  53.39   99.81 ^ clkbuf_0_clk/Y (BUFx24_ASAP7_75t_R)
  28.55  128.36 ^ clkbuf_1_0_0_clk/Y (BUFx24_ASAP7_75t_R)
  32.43  160.78 ^ clkbuf_2_0_0_clk/Y (BUFx24_ASAP7_75t_R)
  32.26  193.04 ^ clkbuf_3_1_0_clk/Y (BUFx24_ASAP7_75t_R)
  28.38  221.42 ^ clkbuf_4_2_0_clk/Y (BUFx24_ASAP7_75t_R)
  27.18  248.60 ^ clkbuf_6_10_0_clk/Y (BUFx24_ASAP7_75t_R)
  25.82  274.42 ^ clkbuf_7_21__f_clk/Y (BUFx24_ASAP7_75t_R)
  32.58  307.00 ^ clkbuf_leaf_777_clk/Y (BUFx24_ASAP7_75t_R)
   2.94  309.94 ^ _399577_/CLK (DFFHQNx1_ASAP7_75t_R)
  25.00  334.94   clock uncertainty
  -2.77  332.18   clock reconvergence pessimism
  12.27  344.45   library hold time
         344.45   data required time
---------------------------------------------------------
         344.45   data required time
        -347.76   data arrival time
---------------------------------------------------------
           3.31   slack (MET)



==========================================================================
finish critical path target clock latency max path
--------------------------------------------------------------------------
271.5134

==========================================================================
finish critical path target clock latency min path
--------------------------------------------------------------------------
313.9215

==========================================================================
finish critical path source clock latency min path
--------------------------------------------------------------------------
0.0000

==========================================================================
finish critical path delay
--------------------------------------------------------------------------
11113.1953

==========================================================================
finish critical path slack
--------------------------------------------------------------------------
-9898.2002

==========================================================================
finish slack div critical path delay
--------------------------------------------------------------------------
-89.067095

==========================================================================
finish report_power
--------------------------------------------------------------------------
Group                  Internal  Switching    Leakage      Total
                          Power      Power      Power      Power (Watts)
----------------------------------------------------------------
Sequential             2.75e-02   4.73e-04   2.86e-06   2.79e-02  31.0%
Combinational          1.33e-02   1.92e-02   2.26e-05   3.25e-02  36.1%
Clock                  1.80e-02   1.17e-02   6.30e-07   2.97e-02  32.9%
Macro                  0.00e+00   0.00e+00   0.00e+00   0.00e+00   0.0%
Pad                    0.00e+00   0.00e+00   0.00e+00   0.00e+00   0.0%
----------------------------------------------------------------
Total                  5.88e-02   3.14e-02   2.61e-05   9.02e-02 100.0%
                          65.2%      34.8%       0.0%
