
==========================================================================
resizer report_tns
--------------------------------------------------------------------------
tns max -2532256.25

==========================================================================
resizer report_wns
--------------------------------------------------------------------------
wns max -786.58

==========================================================================
resizer report_worst_slack
--------------------------------------------------------------------------
worst slack max -786.58

==========================================================================
resizer report_clock_min_period
--------------------------------------------------------------------------
core_clk period_min = 12786.58 fmax = 78.21

==========================================================================
resizer report_checks -path_delay min
--------------------------------------------------------------------------
Startpoint: rst (input port clocked by core_clk)
Endpoint: dmem_req_addr[31] (output port clocked by core_clk)
Path Group: in2out
Path Type: min

Fanout     Cap    Slew   Delay    Time   Description
-----------------------------------------------------------------------------
                  0.00    0.00    0.00   clock core_clk (rise edge)
                          0.00    0.00   clock network delay (ideal)
                       2400.00 2400.00 v input external delay
     1    1.94   20.00    0.00 2400.00 v rst (in)
                                         rst (net)
                 20.74    0.23 2400.23 v input102/A (BUFx8_ASAP7_75t_R)
    11   39.00   28.28   25.77 2426.00 v input102/Y (BUFx8_ASAP7_75t_R)
                                         net102 (net)
                 61.46   15.58 2441.58 v _313706_/A (NOR2x2_ASAP7_75t_R)
     4    3.24   20.72   17.12 2458.69 ^ _313706_/Y (NOR2x2_ASAP7_75t_R)
                                         net104 (net)
                 20.73    0.09 2458.78 ^ _321083_/B2 (AO32x1_ASAP7_75t_R)
     1    3.87   27.74   26.45 2485.23 ^ _321083_/Y (AO32x1_ASAP7_75t_R)
                                         u_lsu.dmem_req_addr[31] (net)
                 27.97    1.42 2486.65 ^ output160/A (BUFx2_ASAP7_75t_R)
     1    2.73   11.97   20.51 2507.16 ^ output160/Y (BUFx2_ASAP7_75t_R)
                                         dmem_req_addr[31] (net)
                 12.01    0.38 2507.54 ^ dmem_req_addr[31] (out)
                               2507.54   data arrival time

                  0.00    0.00    0.00   clock core_clk (rise edge)
                          0.00    0.00   clock network delay (ideal)
                         25.00   25.00   clock uncertainty
                          0.00   25.00   clock reconvergence pessimism
                       -2400.00 -2375.00   output external delay
                               -2375.00   data required time
-----------------------------------------------------------------------------
                               -2375.00   data required time
                               -2507.54   data arrival time
-----------------------------------------------------------------------------
                               4882.54   slack (MET)


Startpoint: imem_rsp_rdata[2] (input port clocked by core_clk)
Endpoint: _389547_ (rising edge-triggered flip-flop clocked by core_clk)
Path Group: in2reg
Path Type: min

Fanout     Cap    Slew   Delay    Time   Description
-----------------------------------------------------------------------------
                  0.00    0.00    0.00   clock core_clk (rise edge)
                          0.00    0.00   clock network delay (ideal)
                       2400.00 2400.00 v input external delay
     1    2.72   20.00    0.00 2400.00 v imem_rsp_rdata[2] (in)
                                         imem_rsp_rdata[2] (net)
                 21.57    0.50 2400.50 v input91/A (BUFx2_ASAP7_75t_R)
     5    2.94   11.04   20.77 2421.26 v input91/Y (BUFx2_ASAP7_75t_R)
                                         net91 (net)
                 11.05    0.09 2421.35 v _356827_/A1 (AO21x1_ASAP7_75t_R)
     1    0.58    5.88   15.63 2436.98 v _356827_/Y (AO21x1_ASAP7_75t_R)
                                         u_frontend._396242_ (net)
                  5.88    0.02 2437.00 v _389547_/D (DFFHQNx1_ASAP7_75t_R)
                               2437.00   data arrival time

                  0.00    0.00    0.00   clock core_clk (rise edge)
                          0.00    0.00   clock network delay (ideal)
                         25.00   25.00   clock uncertainty
                          0.00   25.00   clock reconvergence pessimism
                                 25.00 ^ _389547_/CLK (DFFHQNx1_ASAP7_75t_R)
                          8.66   33.66   library hold time
                                 33.66   data required time
-----------------------------------------------------------------------------
                                 33.66   data required time
                               -2437.00   data arrival time
-----------------------------------------------------------------------------
                               2403.34   slack (MET)


Startpoint: _399872_ (rising edge-triggered flip-flop clocked by core_clk)
Endpoint: commit_trace[42] (output port clocked by core_clk)
Path Group: reg2out
Path Type: min

Fanout     Cap    Slew   Delay    Time   Description
-----------------------------------------------------------------------------
                  0.00    0.00    0.00   clock core_clk (rise edge)
                          0.00    0.00   clock network delay (ideal)
                  0.00    0.00    0.00 ^ _399872_/CLK (DFFHQNx1_ASAP7_75t_R)
     1    0.52   11.34   29.69   29.69 v _399872_/QN (DFFHQNx1_ASAP7_75t_R)
                                         _000001_ (net)
                 11.34    0.01   29.70 v _192352_/A (INVx1_ASAP7_75t_R)
     1    0.46    6.40    6.07   35.77 ^ _192352_/Y (INVx1_ASAP7_75t_R)
                                         u_rob.commit_trace[42] (net)
                  6.40    0.01   35.79 ^ output484/A (BUFx2_ASAP7_75t_R)
     1    2.49   10.74   14.84   50.63 ^ output484/Y (BUFx2_ASAP7_75t_R)
                                         commit_trace[42] (net)
                 10.76    0.27   50.89 ^ commit_trace[42] (out)
                                 50.89   data arrival time

                  0.00    0.00    0.00   clock core_clk (rise edge)
                          0.00    0.00   clock network delay (ideal)
                         25.00   25.00   clock uncertainty
                          0.00   25.00   clock reconvergence pessimism
                       -2400.00 -2375.00   output external delay
                               -2375.00   data required time
-----------------------------------------------------------------------------
                               -2375.00   data required time
                                -50.89   data arrival time
-----------------------------------------------------------------------------
                               2425.89   slack (MET)


Startpoint: _385821_ (rising edge-triggered flip-flop clocked by core_clk)
Endpoint: _385821_ (rising edge-triggered flip-flop clocked by core_clk)
Path Group: reg2reg
Path Type: min

Fanout     Cap    Slew   Delay    Time   Description
-----------------------------------------------------------------------------
                  0.00    0.00    0.00   clock core_clk (rise edge)
                          0.00    0.00   clock network delay (ideal)
                  0.00    0.00    0.00 ^ _385821_/CLK (DFFHQNx1_ASAP7_75t_R)
     2    1.07   14.65   33.79   33.79 ^ _385821_/QN (DFFHQNx1_ASAP7_75t_R)
                                         _014379_ (net)
                 14.65    0.04   33.83 ^ _385039_/B (NOR2x1_ASAP7_75t_R)
     1    0.61    7.44    7.53   41.36 v _385039_/Y (NOR2x1_ASAP7_75t_R)
                                         u_csr._0005_[8] (net)
                  7.44    0.02   41.38 v _385821_/D (DFFHQNx1_ASAP7_75t_R)
                                 41.38   data arrival time

                  0.00    0.00    0.00   clock core_clk (rise edge)
                          0.00    0.00   clock network delay (ideal)
                         25.00   25.00   clock uncertainty
                          0.00   25.00   clock reconvergence pessimism
                                 25.00 ^ _385821_/CLK (DFFHQNx1_ASAP7_75t_R)
                          8.52   33.52   library hold time
                                 33.52   data required time
-----------------------------------------------------------------------------
                                 33.52   data required time
                                -41.38   data arrival time
-----------------------------------------------------------------------------
                                  7.86   slack (MET)



==========================================================================
resizer report_checks -path_delay max
--------------------------------------------------------------------------
Startpoint: dmem_rsp_valid (input port clocked by core_clk)
Endpoint: dmem_req_addr[3] (output port clocked by core_clk)
Path Group: in2out
Path Type: max

Fanout     Cap    Slew   Delay    Time   Description
-----------------------------------------------------------------------------
                  0.00    0.00    0.00   clock core_clk (rise edge)
                          0.00    0.00   clock network delay (ideal)
                       2400.00 2400.00 v input external delay
     1    8.07   20.00    0.00 2400.00 v dmem_rsp_valid (in)
                                         dmem_rsp_valid (net)
                 33.52    4.26 2404.26 v input66/A (BUFx2_ASAP7_75t_R)
     2   11.65   36.66   30.84 2435.10 v input66/Y (BUFx2_ASAP7_75t_R)
                                         net66 (net)
                 40.68    6.33 2441.43 v place32680/A (BUFx3_ASAP7_75t_R)
     1    1.35    6.96   21.43 2462.87 v place32680/Y (BUFx3_ASAP7_75t_R)
                                         net32238 (net)
                  6.97    0.10 2462.97 v _196680_/C (AND3x4_ASAP7_75t_R)
     2   12.58   20.55   24.65 2487.62 v _196680_/Y (AND3x4_ASAP7_75t_R)
                                         _132954_ (net)
                 42.56   11.77 2499.39 v place32301/A (BUFx6f_ASAP7_75t_R)
     9   11.67   15.95   23.94 2523.33 v place32301/Y (BUFx6f_ASAP7_75t_R)
                                         net31859 (net)
                 15.99    0.59 2523.92 v place32299/A (BUFx6f_ASAP7_75t_R)
    19   26.98   28.62   21.80 2545.72 v place32299/Y (BUFx6f_ASAP7_75t_R)
                                         net31857 (net)
                 30.25    3.58 2549.30 v _196813_/A2 (AOI21x1_ASAP7_75t_R)
     2    1.98   19.97   15.91 2565.22 ^ _196813_/Y (AOI21x1_ASAP7_75t_R)
                                         _133087_ (net)
                 19.98    0.10 2565.32 ^ place31748/A (BUFx3_ASAP7_75t_R)
     2    3.71   11.40   18.02 2583.34 ^ place31748/Y (BUFx3_ASAP7_75t_R)
                                         net31306 (net)
                 11.55    0.72 2584.05 ^ place31747/A (BUFx3_ASAP7_75t_R)
    25   41.50   95.35   42.32 2626.38 ^ place31747/Y (BUFx3_ASAP7_75t_R)
                                         net31305 (net)
                 95.69    3.61 2629.98 ^ _198174_/B (XNOR2x2_ASAP7_75t_R)
     3    2.72   13.43   37.18 2667.17 v _198174_/Y (XNOR2x2_ASAP7_75t_R)
                                         _134448_ (net)
                 13.43    0.07 2667.23 v _198492_/C (OR4x1_ASAP7_75t_R)
     1    0.61    9.13   26.06 2693.30 v _198492_/Y (OR4x1_ASAP7_75t_R)
                                         _134766_ (net)
                  9.13    0.02 2693.32 v _198494_/D (OR5x1_ASAP7_75t_R)
     3   17.71  107.42   66.44 2759.76 v _198494_/Y (OR5x1_ASAP7_75t_R)
                                         _134768_ (net)
                128.54   24.65 2784.41 v place29294/A (BUFx6f_ASAP7_75t_R)
    22   30.64   35.30   37.93 2822.34 v place29294/Y (BUFx6f_ASAP7_75t_R)
                                         net28852 (net)
                 81.37   24.14 2846.48 v _202919_/A (AND2x2_ASAP7_75t_R)
     2    3.70   15.14   36.36 2882.84 v _202919_/Y (AND2x2_ASAP7_75t_R)
                                         _139193_ (net)
                 15.15    0.21 2883.04 v _207950_/B (OR3x1_ASAP7_75t_R)
     2    7.76   47.41   38.24 2921.28 v _207950_/Y (OR3x1_ASAP7_75t_R)
                                         _144222_ (net)
                 49.22    5.03 2926.31 v _207951_/A (MAJx2_ASAP7_75t_R)
     3   10.26   36.21   40.02 2966.32 v _207951_/Y (MAJx2_ASAP7_75t_R)
                                         _144223_ (net)
                 37.75    4.08 2970.40 v _208672_/B (MAJx2_ASAP7_75t_R)
     2    2.67   13.93   31.77 3002.17 v _208672_/Y (MAJx2_ASAP7_75t_R)
                                         _144943_ (net)
                 13.94    0.13 3002.30 v _208722_/B (MAJx2_ASAP7_75t_R)
     2    2.43   11.96   24.83 3027.13 v _208722_/Y (MAJx2_ASAP7_75t_R)
                                         _144992_ (net)
                 11.96    0.07 3027.20 v _208759_/B (MAJx2_ASAP7_75t_R)
     2    4.13   18.08   26.48 3053.68 v _208759_/Y (MAJx2_ASAP7_75t_R)
                                         _145028_ (net)
                 18.25    0.97 3054.65 v _208837_/B (MAJx2_ASAP7_75t_R)
     2    2.65   12.88   26.45 3081.10 v _208837_/Y (MAJx2_ASAP7_75t_R)
                                         _145105_ (net)
                 12.89    0.11 3081.21 v _208912_/B (MAJx2_ASAP7_75t_R)
     2    5.00   19.40   28.04 3109.24 v _208912_/Y (MAJx2_ASAP7_75t_R)
                                         _145179_ (net)
                 19.69    1.32 3110.56 v _208937_/B (MAJx2_ASAP7_75t_R)
     2    3.66   18.39   28.36 3138.92 v _208937_/Y (MAJx2_ASAP7_75t_R)
                                         _145203_ (net)
                 18.41    0.32 3139.24 v _209010_/B (MAJx2_ASAP7_75t_R)
     2    3.53   15.04   27.80 3167.04 v _209010_/Y (MAJx2_ASAP7_75t_R)
                                         _145275_ (net)
                 15.04    0.08 3167.12 v _209082_/B (MAJx2_ASAP7_75t_R)
     2    4.27   19.25   27.61 3194.72 v _209082_/Y (MAJx2_ASAP7_75t_R)
                                         _145346_ (net)
                 19.32    0.66 3195.38 v _209182_/B (MAJx2_ASAP7_75t_R)
     2    3.32   15.21   27.76 3223.14 v _209182_/Y (MAJx2_ASAP7_75t_R)
                                         _145445_ (net)
                 15.21    0.12 3223.26 v _209211_/B (MAJx2_ASAP7_75t_R)
     2    2.56   13.08   25.40 3248.66 v _209211_/Y (MAJx2_ASAP7_75t_R)
                                         _145473_ (net)
                 13.08    0.13 3248.79 v _209318_/B (MAJx2_ASAP7_75t_R)
     2    3.03   14.39   25.51 3274.30 v _209318_/Y (MAJx2_ASAP7_75t_R)
                                         _145579_ (net)
                 14.42    0.32 3274.62 v _209357_/B (MAJx2_ASAP7_75t_R)
     2    3.92   17.58   27.03 3301.65 v _209357_/Y (MAJx2_ASAP7_75t_R)
                                         _145617_ (net)
                 17.64    0.57 3302.22 v _209417_/B (MAJx2_ASAP7_75t_R)
     2    2.70   13.83   26.33 3328.54 v _209417_/Y (MAJx2_ASAP7_75t_R)
                                         _145676_ (net)
                 13.84    0.18 3328.72 v _209481_/B (MAJx2_ASAP7_75t_R)
     2    5.73   24.75   28.69 3357.41 v _209481_/Y (MAJx2_ASAP7_75t_R)
                                         _145739_ (net)
                 25.68    2.55 3359.96 v _209517_/B (MAJx2_ASAP7_75t_R)
     2    2.48   13.14   28.21 3388.17 v _209517_/Y (MAJx2_ASAP7_75t_R)
                                         _145774_ (net)
                 13.14    0.07 3388.24 v _209573_/B (MAJx2_ASAP7_75t_R)
     2    2.55   13.53   24.80 3413.05 v _209573_/Y (MAJx2_ASAP7_75t_R)
                                         _145829_ (net)
                 13.53    0.07 3413.12 v _209635_/B (MAJx2_ASAP7_75t_R)
     2    2.52   12.54   24.85 3437.97 v _209635_/Y (MAJx2_ASAP7_75t_R)
                                         _145890_ (net)
                 12.55    0.11 3438.08 v _209690_/B (MAJx2_ASAP7_75t_R)
     2    3.09   14.66   25.39 3463.47 v _209690_/Y (MAJx2_ASAP7_75t_R)
                                         _145944_ (net)
                 14.70    0.42 3463.89 v _209718_/B (MAJx2_ASAP7_75t_R)
     2    2.48   12.35   25.14 3489.02 v _209718_/Y (MAJx2_ASAP7_75t_R)
                                         _145971_ (net)
                 12.36    0.09 3489.11 v _209773_/B (MAJx2_ASAP7_75t_R)
     2    4.75   20.18   27.21 3516.32 v _209773_/Y (MAJx2_ASAP7_75t_R)
                                         _146025_ (net)
                 20.62    1.64 3517.96 v _209836_/B (MAJx2_ASAP7_75t_R)
     2    2.46   15.73   26.83 3544.79 v _209836_/Y (MAJx2_ASAP7_75t_R)
                                         _146087_ (net)
                 15.73    0.07 3544.86 v _209909_/B (MAJx2_ASAP7_75t_R)
     2    2.52   12.98   25.49 3570.36 v _209909_/Y (MAJx2_ASAP7_75t_R)
                                         _146159_ (net)
                 12.98    0.13 3570.48 v _209935_/B (MAJx2_ASAP7_75t_R)
     2    3.32   15.70   25.81 3596.29 v _209935_/Y (MAJx2_ASAP7_75t_R)
                                         _146184_ (net)
                 15.76    0.52 3596.82 v _209997_/B (MAJx2_ASAP7_75t_R)
     2    2.60   13.99   25.66 3622.48 v _209997_/Y (MAJx2_ASAP7_75t_R)
                                         _146245_ (net)
                 13.99    0.08 3622.56 v _210075_/B (MAJx2_ASAP7_75t_R)
     2    2.46   13.52   24.90 3647.46 v _210075_/Y (MAJx2_ASAP7_75t_R)
                                         _146322_ (net)
                 13.52    0.07 3647.53 v _210093_/B (MAJx2_ASAP7_75t_R)
     2    3.72   16.87   26.48 3674.01 v _210093_/Y (MAJx2_ASAP7_75t_R)
                                         _146339_ (net)
                 16.97    0.72 3674.73 v _210144_/B (MAJx2_ASAP7_75t_R)
     2    2.51   13.42   25.84 3700.57 v _210144_/Y (MAJx2_ASAP7_75t_R)
                                         _146389_ (net)
                 13.43    0.10 3700.67 v _210218_/B (MAJx2_ASAP7_75t_R)
     2    2.53   12.29   24.83 3725.50 v _210218_/Y (MAJx2_ASAP7_75t_R)
                                         _146462_ (net)
                 12.30    0.11 3725.61 v _210244_/B (MAJx2_ASAP7_75t_R)
     1    1.13    9.62   22.08 3747.69 v _210244_/Y (MAJx2_ASAP7_75t_R)
                                         _146487_ (net)
                  9.62    0.04 3747.73 v _210254_/A (XNOR2x2_ASAP7_75t_R)
     2    2.87   13.31   23.84 3771.57 ^ _210254_/Y (XNOR2x2_ASAP7_75t_R)
                                         _146497_ (net)
                 13.38    0.53 3772.10 ^ _313940_/B (XNOR2x2_ASAP7_75t_R)
     1    0.66    7.16   21.41 3793.51 ^ _313940_/Y (XNOR2x2_ASAP7_75t_R)
                                         _070561_ (net)
                  7.16    0.03 3793.54 ^ _314011_/A (AND5x1_ASAP7_75t_R)
     3   13.87   95.52   55.34 3848.88 ^ _314011_/Y (AND5x1_ASAP7_75t_R)
                                         _070632_ (net)
                106.13   16.61 3865.48 ^ _314015_/A (NAND2x1_ASAP7_75t_R)
    10   11.59   70.77   42.00 3907.49 v _314015_/Y (NAND2x1_ASAP7_75t_R)
                                         _070636_ (net)
                 71.03    2.56 3910.05 v _314016_/B (OR2x2_ASAP7_75t_R)
    19   24.86   73.36   56.40 3966.45 v _314016_/Y (OR2x2_ASAP7_75t_R)
                                         _070637_ (net)
                 78.60   10.44 3976.89 v _314885_/B (NOR2x1_ASAP7_75t_R)
     2    1.42   25.05   19.04 3995.93 ^ _314885_/Y (NOR2x1_ASAP7_75t_R)
                                         _071506_ (net)
                 25.05    0.04 3995.96 ^ _314897_/A2 (AO21x1_ASAP7_75t_R)
     1    0.47    6.70   15.82 4011.78 ^ _314897_/Y (AO21x1_ASAP7_75t_R)
                                         _071518_ (net)
                  6.70    0.01 4011.80 ^ _314898_/B1 (AO22x1_ASAP7_75t_R)
     1    1.13   13.08   16.73 4028.53 ^ _314898_/Y (AO22x1_ASAP7_75t_R)
                                         _071519_ (net)
                 13.08    0.04 4028.57 ^ _314899_/B (NAND2x1_ASAP7_75t_R)
     1    1.36   17.02    8.37 4036.94 v _314899_/Y (NAND2x1_ASAP7_75t_R)
                                         _071520_ (net)
                 17.02    0.08 4037.02 v _314903_/A1 (AOI22x1_ASAP7_75t_R)
     2    2.42   27.82   17.04 4054.06 ^ _314903_/Y (AOI22x1_ASAP7_75t_R)
                                         _071524_ (net)
                 27.82    0.06 4054.12 ^ _314904_/B (OAI21x1_ASAP7_75t_R)
     1    0.46   15.57    9.78 4063.89 v _314904_/Y (OAI21x1_ASAP7_75t_R)
                                         _071525_ (net)
                 15.57    0.01 4063.91 v _314908_/B (OA211x2_ASAP7_75t_R)
     1    1.44   11.07   28.87 4092.78 v _314908_/Y (OA211x2_ASAP7_75t_R)
                                         _071529_ (net)
                 11.08    0.12 4092.90 v _314909_/C (MAJx2_ASAP7_75t_R)
     2    1.87   11.59   21.83 4114.72 v _314909_/Y (MAJx2_ASAP7_75t_R)
                                         _071530_ (net)
                 11.60    0.07 4114.79 v _314935_/B (NOR2x1_ASAP7_75t_R)
     1    0.67    8.93    7.47 4122.26 ^ _314935_/Y (NOR2x1_ASAP7_75t_R)
                                         _071556_ (net)
                  8.93    0.02 4122.29 ^ _314936_/B (AO21x1_ASAP7_75t_R)
     7   12.86   86.59   38.50 4160.78 ^ _314936_/Y (AO21x1_ASAP7_75t_R)
                                         _071557_ (net)
                 90.72   10.24 4171.02 ^ _314938_/A2 (AO21x1_ASAP7_75t_R)
     3    3.89   27.63   31.86 4202.88 ^ _314938_/Y (AO21x1_ASAP7_75t_R)
                                         _071559_ (net)
                 27.71    0.78 4203.66 ^ _314939_/B (NAND2x1_ASAP7_75t_R)
     1    1.38   15.21   10.57 4214.23 v _314939_/Y (NAND2x1_ASAP7_75t_R)
                                         _071560_ (net)
                 15.21    0.10 4214.33 v _314940_/B (NAND2x1_ASAP7_75t_R)
    12   16.82  115.38   48.20 4262.53 ^ _314940_/Y (NAND2x1_ASAP7_75t_R)
                                         _071561_ (net)
                116.91    7.52 4270.05 ^ _314953_/A2 (OA22x2_ASAP7_75t_R)
     2    2.20   13.13   34.31 4304.35 ^ _314953_/Y (OA22x2_ASAP7_75t_R)
                                         _071574_ (net)
                 13.14    0.17 4304.52 ^ _314954_/B (NOR2x1_ASAP7_75t_R)
     2    2.57   34.87   12.64 4317.17 v _314954_/Y (NOR2x1_ASAP7_75t_R)
                                         _071575_ (net)
                 34.87    0.14 4317.31 v _315005_/B (MAJx2_ASAP7_75t_R)
     1    1.17    9.12   28.33 4345.64 v _315005_/Y (MAJx2_ASAP7_75t_R)
                                         _071626_ (net)
                  9.12    0.05 4345.69 v _315006_/C (MAJx2_ASAP7_75t_R)
     1    1.16    9.26   20.09 4365.77 v _315006_/Y (MAJx2_ASAP7_75t_R)
                                         _071627_ (net)
                  9.26    0.05 4365.82 v _315007_/C (MAJx2_ASAP7_75t_R)
     1    1.14    8.99   20.09 4385.91 v _315007_/Y (MAJx2_ASAP7_75t_R)
                                         _071628_ (net)
                  8.99    0.04 4385.96 v _315008_/C (MAJx2_ASAP7_75t_R)
     1    1.48    9.90   20.59 4406.55 v _315008_/Y (MAJx2_ASAP7_75t_R)
                                         _071629_ (net)
                  9.91    0.13 4406.67 v _315009_/A2 (AOI21x1_ASAP7_75t_R)
     1    1.16   13.94    9.89 4416.56 ^ _315009_/Y (AOI21x1_ASAP7_75t_R)
                                         _071630_ (net)
                 13.94    0.05 4416.61 ^ _315012_/A (NOR2x1_ASAP7_75t_R)
     1    1.21   11.68   10.71 4427.33 v _315012_/Y (NOR2x1_ASAP7_75t_R)
                                         _071633_ (net)
                 11.68    0.06 4427.39 v _315013_/C (MAJx2_ASAP7_75t_R)
     1    1.15    9.13   20.73 4448.11 v _315013_/Y (MAJx2_ASAP7_75t_R)
                                         _071634_ (net)
                  9.13    0.05 4448.16 v _315014_/C (MAJx2_ASAP7_75t_R)
     1    1.42   10.32   20.53 4468.69 v _315014_/Y (MAJx2_ASAP7_75t_R)
                                         _071635_ (net)
                 10.33    0.11 4468.80 v _315015_/C (MAJx2_ASAP7_75t_R)
     2    1.91   11.61   21.70 4490.50 v _315015_/Y (MAJx2_ASAP7_75t_R)
                                         _071636_ (net)
                 11.62    0.08 4490.58 v _315016_/C (OR3x1_ASAP7_75t_R)
     2    1.32   11.52   23.00 4513.59 v _315016_/Y (OR3x1_ASAP7_75t_R)
                                         _071637_ (net)
                 11.52    0.05 4513.63 v _315025_/A (AND3x1_ASAP7_75t_R)
     6    5.46   30.34   23.51 4537.14 v _315025_/Y (AND3x1_ASAP7_75t_R)
                                         _071646_ (net)
                 30.35    0.31 4537.45 v _315027_/A2 (AO21x1_ASAP7_75t_R)
     3    6.55   37.68   33.41 4570.86 v _315027_/Y (AO21x1_ASAP7_75t_R)
                                         _071648_ (net)
                 37.69    0.20 4571.07 v _315028_/B (NOR2x1_ASAP7_75t_R)
     8    6.70   49.37   31.60 4602.67 ^ _315028_/Y (NOR2x1_ASAP7_75t_R)
                                         _071649_ (net)
                 49.38    0.57 4603.23 ^ _315070_/B1 (OAI22x1_ASAP7_75t_R)
     5    4.88   42.57   23.21 4626.44 v _315070_/Y (OAI22x1_ASAP7_75t_R)
                                         _071691_ (net)
                 42.61    0.70 4627.15 v _315071_/B (AND2x2_ASAP7_75t_R)
     2    2.06   10.40   25.01 4652.15 v _315071_/Y (AND2x2_ASAP7_75t_R)
                                         _071692_ (net)
                 10.41    0.10 4652.25 v _315101_/B (MAJx2_ASAP7_75t_R)
     1    1.19    9.15   21.64 4673.89 v _315101_/Y (MAJx2_ASAP7_75t_R)
                                         _071722_ (net)
                  9.15    0.05 4673.95 v _315102_/C (MAJx2_ASAP7_75t_R)
     1    1.19    9.34   20.15 4694.10 v _315102_/Y (MAJx2_ASAP7_75t_R)
                                         _071723_ (net)
                  9.34    0.06 4694.15 v _315103_/C (MAJx2_ASAP7_75t_R)
     1    1.13    8.98   20.10 4714.25 v _315103_/Y (MAJx2_ASAP7_75t_R)
                                         _071724_ (net)
                  8.98    0.04 4714.29 v _315104_/C (MAJx2_ASAP7_75t_R)
     1    1.19    9.11   20.11 4734.40 v _315104_/Y (MAJx2_ASAP7_75t_R)
                                         _071725_ (net)
                  9.11    0.06 4734.46 v _315105_/C (MAJx2_ASAP7_75t_R)
     1    1.15    9.32   20.07 4754.52 v _315105_/Y (MAJx2_ASAP7_75t_R)
                                         _071726_ (net)
                  9.32    0.04 4754.57 v _315106_/C (MAJx2_ASAP7_75t_R)
     1    0.79    7.95   19.49 4774.06 v _315106_/Y (MAJx2_ASAP7_75t_R)
                                         _071727_ (net)
                  7.95    0.04 4774.10 v _315107_/A2 (AO21x1_ASAP7_75t_R)
     1    1.17    9.30   15.65 4789.75 v _315107_/Y (AO21x1_ASAP7_75t_R)
                                         _071728_ (net)
                  9.30    0.05 4789.81 v _315111_/A (NAND2x1_ASAP7_75t_R)
     2    2.33   19.13   13.55 4803.35 ^ _315111_/Y (NAND2x1_ASAP7_75t_R)
                                         _071732_ (net)
                 19.13    0.11 4803.46 ^ _315112_/C (MAJx2_ASAP7_75t_R)
     1    0.66    7.29   18.60 4822.06 ^ _315112_/Y (MAJx2_ASAP7_75t_R)
                                         _071733_ (net)
                  7.29    0.02 4822.08 ^ _315113_/C (AND3x1_ASAP7_75t_R)
     1    0.69    8.75   17.33 4839.41 ^ _315113_/Y (AND3x1_ASAP7_75t_R)
                                         _071734_ (net)
                  8.75    0.03 4839.44 ^ _315120_/B (OR3x1_ASAP7_75t_R)
    12   13.31   85.92   43.45 4882.89 ^ _315120_/Y (OR3x1_ASAP7_75t_R)
                                         _071741_ (net)
                 86.03    1.95 4884.84 ^ _315161_/A (AND2x2_ASAP7_75t_R)
    26   30.57  105.22   57.07 4941.90 ^ _315161_/Y (AND2x2_ASAP7_75t_R)
                                         _071782_ (net)
                105.48    3.31 4945.22 ^ _315170_/A2 (OAI21x1_ASAP7_75t_R)
     8   13.46   84.00   46.14 4991.36 v _315170_/Y (OAI21x1_ASAP7_75t_R)
                                         _071791_ (net)
                 84.00    0.40 4991.76 v _315171_/B1 (AO32x1_ASAP7_75t_R)
     2    2.85   20.31   45.31 5037.07 v _315171_/Y (AO32x1_ASAP7_75t_R)
                                         _071792_ (net)
                 20.33    0.29 5037.36 v _315184_/B (MAJx2_ASAP7_75t_R)
     1    1.10    9.13   24.38 5061.75 v _315184_/Y (MAJx2_ASAP7_75t_R)
                                         _071805_ (net)
                  9.13    0.03 5061.78 v _315185_/C (MAJx2_ASAP7_75t_R)
     1    1.25    9.16   20.24 5082.02 v _315185_/Y (MAJx2_ASAP7_75t_R)
                                         _071806_ (net)
                  9.16    0.07 5082.09 v _315186_/C (MAJx2_ASAP7_75t_R)
     1    1.21    9.13   20.18 5102.27 v _315186_/Y (MAJx2_ASAP7_75t_R)
                                         _071807_ (net)
                  9.13    0.06 5102.33 v _315187_/C (MAJx2_ASAP7_75t_R)
     1    1.18    9.72   20.12 5122.45 v _315187_/Y (MAJx2_ASAP7_75t_R)
                                         _071808_ (net)
                  9.73    0.05 5122.50 v _315188_/C (MAJx2_ASAP7_75t_R)
     1    0.64    7.52   19.34 5141.84 v _315188_/Y (MAJx2_ASAP7_75t_R)
                                         _071809_ (net)
                  7.52    0.02 5141.86 v _315198_/A2 (AO21x1_ASAP7_75t_R)
     1    1.22    9.58   15.69 5157.55 v _315198_/Y (AO21x1_ASAP7_75t_R)
                                         _071819_ (net)
                  9.58    0.07 5157.61 v _315205_/A (NAND2x1_ASAP7_75t_R)
     2    2.21   18.44   13.35 5170.96 ^ _315205_/Y (NAND2x1_ASAP7_75t_R)
                                         _071826_ (net)
                 18.44    0.06 5171.02 ^ _315206_/C (MAJx2_ASAP7_75t_R)
     1    0.62    7.25   18.40 5189.42 ^ _315206_/Y (MAJx2_ASAP7_75t_R)
                                         _071827_ (net)
                  7.25    0.02 5189.44 ^ _315233_/B (AND3x1_ASAP7_75t_R)
     2    1.40   12.96   19.62 5209.06 ^ _315233_/Y (AND3x1_ASAP7_75t_R)
                                         _071854_ (net)
                 12.96    0.05 5209.11 ^ _315236_/B (OR3x1_ASAP7_75t_R)
     1    0.94    8.28   13.18 5222.29 ^ _315236_/Y (OR3x1_ASAP7_75t_R)
                                         _071857_ (net)
                  8.28    0.06 5222.35 ^ place25315/A (BUFx3_ASAP7_75t_R)
    18   20.94   50.38   25.77 5248.11 ^ place25315/Y (BUFx3_ASAP7_75t_R)
                                         net24873 (net)
                 52.01    5.05 5253.16 ^ _315238_/A2 (OA211x2_ASAP7_75t_R)
    10    9.18   35.50   40.55 5293.71 ^ _315238_/Y (OA211x2_ASAP7_75t_R)
                                         _071859_ (net)
                 35.98    2.30 5296.01 ^ _315247_/A2 (OA21x2_ASAP7_75t_R)
     8    7.43   28.02   31.43 5327.44 ^ _315247_/Y (OA21x2_ASAP7_75t_R)
                                         _071868_ (net)
                 28.07    0.61 5328.05 ^ _315320_/A2 (OA22x2_ASAP7_75t_R)
     5    6.04   23.93   28.58 5356.64 ^ _315320_/Y (OA22x2_ASAP7_75t_R)
                                         _071941_ (net)
                 24.35    1.74 5358.38 ^ _315335_/B1 (OA22x2_ASAP7_75t_R)
     1    1.28    8.27   20.20 5378.58 ^ _315335_/Y (OA22x2_ASAP7_75t_R)
                                         _071956_ (net)
                  8.27    0.04 5378.62 ^ _315336_/B (AOI21x1_ASAP7_75t_R)
     1    1.25   14.36    7.15 5385.77 v _315336_/Y (AOI21x1_ASAP7_75t_R)
                                         _071957_ (net)
                 14.36    0.07 5385.84 v _315337_/C (MAJx2_ASAP7_75t_R)
     1    1.17    9.41   21.41 5407.25 v _315337_/Y (MAJx2_ASAP7_75t_R)
                                         _071958_ (net)
                  9.41    0.05 5407.30 v _315338_/C (MAJx2_ASAP7_75t_R)
     1    1.15    9.26   20.14 5427.45 v _315338_/Y (MAJx2_ASAP7_75t_R)
                                         _071959_ (net)
                  9.26    0.04 5427.49 v _315339_/C (MAJx2_ASAP7_75t_R)
     1    0.96    9.10   19.77 5447.26 v _315339_/Y (MAJx2_ASAP7_75t_R)
                                         _071960_ (net)
                  9.10    0.07 5447.32 v _315340_/A2 (AO21x1_ASAP7_75t_R)
     1    1.24    9.67   16.17 5463.49 v _315340_/Y (AO21x1_ASAP7_75t_R)
                                         _071961_ (net)
                  9.68    0.07 5463.56 v _315346_/A (NAND2x1_ASAP7_75t_R)
     1    1.18   12.44   10.55 5474.11 ^ _315346_/Y (NAND2x1_ASAP7_75t_R)
                                         _071967_ (net)
                 12.44    0.05 5474.16 ^ _315347_/C (MAJx2_ASAP7_75t_R)
     1    1.37    9.16   18.57 5492.73 ^ _315347_/Y (MAJx2_ASAP7_75t_R)
                                         _071968_ (net)
                  9.17    0.10 5492.83 ^ _315348_/A2 (AOI21x1_ASAP7_75t_R)
     1    1.15   14.07    7.71 5500.54 v _315348_/Y (AOI21x1_ASAP7_75t_R)
                                         _071969_ (net)
                 14.07    0.04 5500.58 v _315349_/C (MAJx2_ASAP7_75t_R)
     2    1.80   10.94   22.45 5523.03 v _315349_/Y (MAJx2_ASAP7_75t_R)
                                         _071970_ (net)
                 10.94    0.04 5523.07 v _315350_/C (OR3x1_ASAP7_75t_R)
     1    1.11   10.42   22.15 5545.22 v _315350_/Y (OR3x1_ASAP7_75t_R)
                                         _071971_ (net)
                 10.42    0.04 5545.26 v _315352_/A (NAND2x1_ASAP7_75t_R)
     2    1.71   15.62   12.26 5557.52 ^ _315352_/Y (NAND2x1_ASAP7_75t_R)
                                         _071973_ (net)
                 15.62    0.07 5557.59 ^ _315353_/B (AOI211x1_ASAP7_75t_R)
     7    6.32   71.63   22.95 5580.54 v _315353_/Y (AOI211x1_ASAP7_75t_R)
                                         _071974_ (net)
                 71.64    0.37 5580.91 v _315386_/B (OR2x2_ASAP7_75t_R)
    10    8.65   28.06   40.77 5621.69 v _315386_/Y (OR2x2_ASAP7_75t_R)
                                         _072007_ (net)
                 28.08    0.46 5622.15 v _315417_/B1 (OA22x2_ASAP7_75t_R)
     1    0.64    9.31   22.59 5644.74 v _315417_/Y (OA22x2_ASAP7_75t_R)
                                         _072038_ (net)
                  9.31    0.02 5644.76 v _315418_/B1 (OA22x2_ASAP7_75t_R)
     5    5.16   20.51   25.35 5670.11 v _315418_/Y (OA22x2_ASAP7_75t_R)
                                         _072039_ (net)
                 20.53    0.39 5670.50 v _315419_/B (OR2x2_ASAP7_75t_R)
     1    1.14    7.30   20.34 5690.84 v _315419_/Y (OR2x2_ASAP7_75t_R)
                                         _072040_ (net)
                  7.30    0.04 5690.88 v _315420_/C (MAJx2_ASAP7_75t_R)
     1    1.09    7.84   19.48 5710.36 v _315420_/Y (MAJx2_ASAP7_75t_R)
                                         _072041_ (net)
                  7.84    0.03 5710.39 v _315421_/C (MAJx2_ASAP7_75t_R)
     2    1.77   10.11   20.81 5731.21 v _315421_/Y (MAJx2_ASAP7_75t_R)
                                         _072042_ (net)
                 10.11    0.04 5731.24 v _315423_/A2 (AO21x1_ASAP7_75t_R)
     1    1.39   10.59   16.92 5748.17 v _315423_/Y (AO21x1_ASAP7_75t_R)
                                         _072044_ (net)
                 10.59    0.04 5748.21 v _315424_/B (OAI21x1_ASAP7_75t_R)
     1    1.22   15.72    6.78 5754.98 ^ _315424_/Y (OAI21x1_ASAP7_75t_R)
                                         _072045_ (net)
                 15.72    0.06 5755.04 ^ _315425_/C (MAJx2_ASAP7_75t_R)
     1    1.11    8.92   18.75 5773.79 ^ _315425_/Y (MAJx2_ASAP7_75t_R)
                                         _072046_ (net)
                  8.92    0.04 5773.83 ^ _315426_/C (MAJx2_ASAP7_75t_R)
     1    1.29    9.87   17.73 5791.55 ^ _315426_/Y (MAJx2_ASAP7_75t_R)
                                         _072047_ (net)
                  9.87    0.08 5791.63 ^ _315427_/C (MAJx2_ASAP7_75t_R)
     1    0.64    7.71   16.79 5808.42 ^ _315427_/Y (MAJx2_ASAP7_75t_R)
                                         _072048_ (net)
                  7.71    0.02 5808.44 ^ _315439_/A2 (AO21x1_ASAP7_75t_R)
     1    0.60    7.13   12.75 5821.19 ^ _315439_/Y (AO21x1_ASAP7_75t_R)
                                         _072060_ (net)
                  7.13    0.02 5821.21 ^ _315442_/A (AND2x2_ASAP7_75t_R)
     1    1.32    7.96   14.84 5836.06 ^ _315442_/Y (AND2x2_ASAP7_75t_R)
                                         _072063_ (net)
                  7.96    0.09 5836.14 ^ _315443_/C (MAJx2_ASAP7_75t_R)
     2    2.06   12.17   18.90 5855.04 ^ _315443_/Y (MAJx2_ASAP7_75t_R)
                                         _072064_ (net)
                 12.17    0.06 5855.10 ^ _315456_/B (NOR3x1_ASAP7_75t_R)
     1    0.65   13.07   10.21 5865.31 v _315456_/Y (NOR3x1_ASAP7_75t_R)
                                         _072077_ (net)
                 13.07    0.02 5865.33 v _315457_/B (AO21x1_ASAP7_75t_R)
     1    0.74    7.21   16.78 5882.11 v _315457_/Y (AO21x1_ASAP7_75t_R)
                                         _072078_ (net)
                  7.21    0.03 5882.14 v _315458_/C (OR3x1_ASAP7_75t_R)
     2    1.93   16.28   24.12 5906.27 v _315458_/Y (OR3x1_ASAP7_75t_R)
                                         _072079_ (net)
                 16.28    0.08 5906.35 v _315461_/B (NAND2x1_ASAP7_75t_R)
    23   19.19  126.10   57.30 5963.65 ^ _315461_/Y (NAND2x1_ASAP7_75t_R)
                                         _072082_ (net)
                126.12    1.03 5964.68 ^ _315504_/B1 (OA22x2_ASAP7_75t_R)
     1    0.72    8.63   28.97 5993.65 ^ _315504_/Y (OA22x2_ASAP7_75t_R)
                                         _072125_ (net)
                  8.63    0.03 5993.68 ^ _315505_/A2 (OA21x2_ASAP7_75t_R)
     1    0.69    8.86   14.89 6008.58 ^ _315505_/Y (OA21x2_ASAP7_75t_R)
                                         _072126_ (net)
                  8.86    0.03 6008.60 ^ _315506_/B (AO21x1_ASAP7_75t_R)
     1    0.70    7.82   11.43 6020.04 ^ _315506_/Y (AO21x1_ASAP7_75t_R)
                                         _072127_ (net)
                  7.82    0.03 6020.06 ^ _315507_/B (OA21x2_ASAP7_75t_R)
     2    2.10   11.36   17.85 6037.91 ^ _315507_/Y (OA21x2_ASAP7_75t_R)
                                         _072128_ (net)
                 11.37    0.17 6038.08 ^ _315508_/A (INVx1_ASAP7_75t_R)
     2    1.82   11.89    9.15 6047.23 v _315508_/Y (INVx1_ASAP7_75t_R)
                                         _072129_ (net)
                 11.89    0.07 6047.30 v _315513_/B (MAJx2_ASAP7_75t_R)
     1    1.23    9.20   22.14 6069.43 v _315513_/Y (MAJx2_ASAP7_75t_R)
                                         _072134_ (net)
                  9.20    0.06 6069.50 v _315514_/C (MAJx2_ASAP7_75t_R)
     1    1.41   10.29   20.54 6090.04 v _315514_/Y (MAJx2_ASAP7_75t_R)
                                         _072135_ (net)
                 10.29    0.07 6090.11 v _315519_/B (MAJx2_ASAP7_75t_R)
     1    1.31    9.43   21.81 6111.92 v _315519_/Y (MAJx2_ASAP7_75t_R)
                                         _072140_ (net)
                  9.43    0.05 6111.97 v _315526_/B (MAJx2_ASAP7_75t_R)
     1    1.11    9.45   21.23 6133.19 v _315526_/Y (MAJx2_ASAP7_75t_R)
                                         _072147_ (net)
                  9.45    0.03 6133.23 v _315527_/C (MAJx2_ASAP7_75t_R)
     1    1.10    9.42   20.07 6153.30 v _315527_/Y (MAJx2_ASAP7_75t_R)
                                         _072148_ (net)
                  9.42    0.03 6153.33 v _315528_/C (MAJx2_ASAP7_75t_R)
     1    1.10    8.69   20.06 6173.39 v _315528_/Y (MAJx2_ASAP7_75t_R)
                                         _072149_ (net)
                  8.69    0.03 6173.43 v _315529_/C (MAJx2_ASAP7_75t_R)
     1    1.10    8.98   19.88 6193.30 v _315529_/Y (MAJx2_ASAP7_75t_R)
                                         _072150_ (net)
                  8.98    0.03 6193.34 v _315530_/C (MAJx2_ASAP7_75t_R)
     1    1.24    9.03   20.19 6213.53 v _315530_/Y (MAJx2_ASAP7_75t_R)
                                         _072151_ (net)
                  9.03    0.07 6213.59 v _315531_/C (MAJx2_ASAP7_75t_R)
     4    2.68   13.02   22.71 6236.30 v _315531_/Y (MAJx2_ASAP7_75t_R)
                                         _072152_ (net)
                 13.02    0.11 6236.42 v _315532_/A2 (OA21x2_ASAP7_75t_R)
     1    0.63    6.70   17.82 6254.24 v _315532_/Y (OA21x2_ASAP7_75t_R)
                                         _072153_ (net)
                  6.70    0.02 6254.26 v _315555_/A1 (OA22x2_ASAP7_75t_R)
     1    0.74    6.88   16.73 6270.99 v _315555_/Y (OA22x2_ASAP7_75t_R)
                                         _072176_ (net)
                  6.88    0.03 6271.02 v _315556_/C (OR3x1_ASAP7_75t_R)
     3    1.92   16.24   24.04 6295.06 v _315556_/Y (OR3x1_ASAP7_75t_R)
                                         _072177_ (net)
                 16.24    0.06 6295.13 v place24515/A (BUFx3_ASAP7_75t_R)
    24   21.73   42.86   31.02 6326.15 v place24515/Y (BUFx3_ASAP7_75t_R)
                                         net24073 (net)
                 43.11    1.94 6328.09 v _315573_/A (INVx1_ASAP7_75t_R)
    11   10.72   73.60   43.25 6371.34 ^ _315573_/Y (INVx1_ASAP7_75t_R)
                                         _072194_ (net)
                 73.62    0.79 6372.13 ^ _315574_/B (NOR2x1_ASAP7_75t_R)
    10    9.67   65.98   46.41 6418.54 v _315574_/Y (NOR2x1_ASAP7_75t_R)
                                         _072195_ (net)
                 65.98    0.21 6418.75 v _315576_/A2 (OAI21x1_ASAP7_75t_R)
     7    7.98   60.06   39.33 6458.08 ^ _315576_/Y (OAI21x1_ASAP7_75t_R)
                                         _072197_ (net)
                 60.07    0.55 6458.63 ^ _315580_/B1 (AO32x1_ASAP7_75t_R)
     5    4.44   33.22   39.69 6498.32 ^ _315580_/Y (AO32x1_ASAP7_75t_R)
                                         _072201_ (net)
                 33.26    0.80 6499.12 ^ _315581_/B (XNOR2x2_ASAP7_75t_R)
     1    0.55    6.90   27.83 6526.95 v _315581_/Y (XNOR2x2_ASAP7_75t_R)
                                         _072202_ (net)
                  6.90    0.02 6526.97 v _315582_/C (AO221x1_ASAP7_75t_R)
     2    1.58   13.56   24.35 6551.32 v _315582_/Y (AO221x1_ASAP7_75t_R)
                                         _072203_ (net)
                 13.56    0.06 6551.38 v _315605_/A1 (OA21x2_ASAP7_75t_R)
     1    1.23    7.51   18.46 6569.84 v _315605_/Y (OA21x2_ASAP7_75t_R)
                                         _072226_ (net)
                  7.51    0.06 6569.90 v _315606_/C (MAJx2_ASAP7_75t_R)
     1    1.21    8.96   19.74 6589.64 v _315606_/Y (MAJx2_ASAP7_75t_R)
                                         _072227_ (net)
                  8.96    0.06 6589.70 v _315607_/C (MAJx2_ASAP7_75t_R)
     3    2.48   12.50   22.32 6612.02 v _315607_/Y (MAJx2_ASAP7_75t_R)
                                         _072228_ (net)
                 12.51    0.10 6612.12 v _315626_/A (INVx1_ASAP7_75t_R)
     1    1.10   10.10    8.36 6620.48 ^ _315626_/Y (INVx1_ASAP7_75t_R)
                                         _072247_ (net)
                 10.10    0.03 6620.51 ^ _315637_/A (NAND2x1_ASAP7_75t_R)
     2    1.30    9.91    7.87 6628.38 v _315637_/Y (NAND2x1_ASAP7_75t_R)
                                         _072258_ (net)
                  9.92    0.05 6628.43 v _315638_/A2 (AO21x1_ASAP7_75t_R)
     1    0.45    6.88   14.05 6642.48 v _315638_/Y (AO21x1_ASAP7_75t_R)
                                         _072259_ (net)
                  6.88    0.01 6642.50 v _315639_/B (OA211x2_ASAP7_75t_R)
     1    0.60    9.03   24.48 6666.98 v _315639_/Y (OA211x2_ASAP7_75t_R)
                                         _072260_ (net)
                  9.03    0.02 6666.99 v _315641_/A2 (OA211x2_ASAP7_75t_R)
    19   15.51   48.11   42.23 6709.22 v _315641_/Y (OA211x2_ASAP7_75t_R)
                                         _072262_ (net)
                 48.14    0.66 6709.88 v _315643_/C (OR3x1_ASAP7_75t_R)
    12   11.62   65.49   53.29 6763.17 v _315643_/Y (OR3x1_ASAP7_75t_R)
                                         _072264_ (net)
                 65.49    0.24 6763.41 v _315699_/B (OR2x2_ASAP7_75t_R)
     7    8.83   29.69   39.21 6802.62 v _315699_/Y (OR2x2_ASAP7_75t_R)
                                         _072320_ (net)
                 29.70    0.32 6802.95 v _315701_/C (OA211x2_ASAP7_75t_R)
     1    0.71    9.44   33.91 6836.86 v _315701_/Y (OA211x2_ASAP7_75t_R)
                                         _072322_ (net)
                  9.44    0.03 6836.89 v _315702_/A2 (OA21x2_ASAP7_75t_R)
     3    3.66   14.36   21.38 6858.26 v _315702_/Y (OA21x2_ASAP7_75t_R)
                                         _072323_ (net)
                 14.48    0.74 6859.01 v _315703_/B (AND2x2_ASAP7_75t_R)
     1    1.12    7.65   16.49 6875.50 v _315703_/Y (AND2x2_ASAP7_75t_R)
                                         _072324_ (net)
                  7.65    0.04 6875.54 v _315704_/C (MAJx2_ASAP7_75t_R)
     1    1.11    9.00   19.61 6895.14 v _315704_/Y (MAJx2_ASAP7_75t_R)
                                         _072325_ (net)
                  9.01    0.04 6895.18 v _315705_/C (MAJx2_ASAP7_75t_R)
     1    1.19    9.46   20.10 6915.28 v _315705_/Y (MAJx2_ASAP7_75t_R)
                                         _072326_ (net)
                  9.46    0.05 6915.34 v _315706_/C (MAJx2_ASAP7_75t_R)
     1    1.16    8.78   20.18 6935.52 v _315706_/Y (MAJx2_ASAP7_75t_R)
                                         _072327_ (net)
                  8.79    0.05 6935.57 v _315707_/C (MAJx2_ASAP7_75t_R)
     1    1.13    9.00   19.94 6955.51 v _315707_/Y (MAJx2_ASAP7_75t_R)
                                         _072328_ (net)
                  9.00    0.04 6955.54 v _315708_/C (MAJx2_ASAP7_75t_R)
     1    1.10    8.98   19.96 6975.50 v _315708_/Y (MAJx2_ASAP7_75t_R)
                                         _072329_ (net)
                  8.98    0.03 6975.54 v _315709_/C (MAJx2_ASAP7_75t_R)
     1    1.10    8.70   19.96 6995.49 v _315709_/Y (MAJx2_ASAP7_75t_R)
                                         _072330_ (net)
                  8.70    0.03 6995.53 v _315710_/C (MAJx2_ASAP7_75t_R)
     1    1.13    8.69   19.91 7015.44 v _315710_/Y (MAJx2_ASAP7_75t_R)
                                         _072331_ (net)
                  8.69    0.04 7015.48 v _315711_/C (MAJx2_ASAP7_75t_R)
     1    1.20    8.99   20.04 7035.52 v _315711_/Y (MAJx2_ASAP7_75t_R)
                                         _072332_ (net)
                  9.00    0.06 7035.58 v _315712_/C (MAJx2_ASAP7_75t_R)
     1    0.72    8.33   19.28 7054.86 v _315712_/Y (MAJx2_ASAP7_75t_R)
                                         _072333_ (net)
                  8.33    0.02 7054.89 v _315713_/A (INVx1_ASAP7_75t_R)
     1    1.10    9.13    7.22 7062.11 ^ _315713_/Y (INVx1_ASAP7_75t_R)
                                         _072334_ (net)
                  9.13    0.03 7062.14 ^ _315714_/C (MAJx2_ASAP7_75t_R)
     2    2.00   11.05   19.03 7081.18 ^ _315714_/Y (MAJx2_ASAP7_75t_R)
                                         _072335_ (net)
                 11.05    0.04 7081.22 ^ _315737_/A1 (OA211x2_ASAP7_75t_R)
    39   35.52  120.49   62.31 7143.53 ^ _315737_/Y (OA211x2_ASAP7_75t_R)
                                         _072358_ (net)
                120.70    3.13 7146.66 ^ _315776_/A (INVx1_ASAP7_75t_R)
     8    7.70   66.50   47.02 7193.68 v _315776_/Y (INVx1_ASAP7_75t_R)
                                         _072397_ (net)
                 66.50    0.13 7193.81 v _315778_/A (AND2x2_ASAP7_75t_R)
     8   13.02   38.88   44.38 7238.20 v _315778_/Y (AND2x2_ASAP7_75t_R)
                                         _072399_ (net)
                 38.93    0.84 7239.04 v _315783_/A2 (AO32x1_ASAP7_75t_R)
     5    4.82   31.00   38.65 7277.69 v _315783_/Y (AO32x1_ASAP7_75t_R)
                                         _072404_ (net)
                 31.01    0.34 7278.03 v _315818_/B (MAJx2_ASAP7_75t_R)
     1    1.11    8.62   27.21 7305.24 v _315818_/Y (MAJx2_ASAP7_75t_R)
                                         _072439_ (net)
                  8.62    0.03 7305.27 v _315819_/C (MAJx2_ASAP7_75t_R)
     1    1.17    9.33   19.97 7325.25 v _315819_/Y (MAJx2_ASAP7_75t_R)
                                         _072440_ (net)
                  9.33    0.05 7325.30 v _315820_/C (MAJx2_ASAP7_75t_R)
     1    1.17    8.81   20.16 7345.46 v _315820_/Y (MAJx2_ASAP7_75t_R)
                                         _072441_ (net)
                  8.81    0.05 7345.51 v _315821_/C (MAJx2_ASAP7_75t_R)
     1    1.39    9.88   20.39 7365.90 v _315821_/Y (MAJx2_ASAP7_75t_R)
                                         _072442_ (net)
                  9.89    0.10 7366.00 v _315822_/C (MAJx2_ASAP7_75t_R)
     1    1.16    8.77   20.29 7386.29 v _315822_/Y (MAJx2_ASAP7_75t_R)
                                         _072443_ (net)
                  8.77    0.05 7386.33 v _315823_/C (MAJx2_ASAP7_75t_R)
     1    1.13    8.44   19.94 7406.27 v _315823_/Y (MAJx2_ASAP7_75t_R)
                                         _072444_ (net)
                  8.44    0.04 7406.31 v _315824_/C (MAJx2_ASAP7_75t_R)
     1    1.19    8.81   19.96 7426.27 v _315824_/Y (MAJx2_ASAP7_75t_R)
                                         _072445_ (net)
                  8.81    0.05 7426.33 v _315825_/C (MAJx2_ASAP7_75t_R)
     1    1.34    8.96   20.31 7446.63 v _315825_/Y (MAJx2_ASAP7_75t_R)
                                         _072446_ (net)
                  8.97    0.09 7446.73 v _315826_/C (MAJx2_ASAP7_75t_R)
     1    1.14    9.37   20.02 7466.74 v _315826_/Y (MAJx2_ASAP7_75t_R)
                                         _072447_ (net)
                  9.37    0.04 7466.78 v _315827_/C (MAJx2_ASAP7_75t_R)
     1    1.00    8.49   19.88 7486.67 v _315827_/Y (MAJx2_ASAP7_75t_R)
                                         _072448_ (net)
                  8.49    0.04 7486.71 v _315828_/B (XNOR2x2_ASAP7_75t_R)
     1    1.15    7.90   20.83 7507.54 ^ _315828_/Y (XNOR2x2_ASAP7_75t_R)
                                         _072449_ (net)
                  7.90    0.04 7507.58 ^ _315830_/A2 (OAI21x1_ASAP7_75t_R)
    14   15.66   78.54   36.03 7543.61 v _315830_/Y (OAI21x1_ASAP7_75t_R)
                                         _072451_ (net)
                 78.54    0.32 7543.93 v _315832_/D (AND4x1_ASAP7_75t_R)
     7    7.02   39.45   42.06 7585.99 v _315832_/Y (AND4x1_ASAP7_75t_R)
                                         _072453_ (net)
                 39.49    0.68 7586.67 v _315885_/A2 (OA21x2_ASAP7_75t_R)
     1    0.65    7.13   24.47 7611.14 v _315885_/Y (OA21x2_ASAP7_75t_R)
                                         _072506_ (net)
                  7.13    0.02 7611.16 v _315886_/B (AO21x1_ASAP7_75t_R)
     1    0.53    7.58   14.88 7626.04 v _315886_/Y (AO21x1_ASAP7_75t_R)
                                         _072507_ (net)
                  7.58    0.02 7626.06 v _315887_/B1 (AO32x1_ASAP7_75t_R)
     3    2.59   19.38   26.73 7652.79 v _315887_/Y (AO32x1_ASAP7_75t_R)
                                         _072508_ (net)
                 19.39    0.23 7653.02 v _315892_/B (AND2x2_ASAP7_75t_R)
     1    1.08    6.98   18.01 7671.03 v _315892_/Y (AND2x2_ASAP7_75t_R)
                                         _072513_ (net)
                  6.98    0.03 7671.06 v _315893_/C (MAJx2_ASAP7_75t_R)
     1    1.10    8.29   19.41 7690.47 v _315893_/Y (MAJx2_ASAP7_75t_R)
                                         _072514_ (net)
                  8.29    0.03 7690.51 v _315894_/C (MAJx2_ASAP7_75t_R)
     1    1.14    8.46   19.83 7710.33 v _315894_/Y (MAJx2_ASAP7_75t_R)
                                         _072515_ (net)
                  8.46    0.04 7710.38 v _315895_/C (MAJx2_ASAP7_75t_R)
     1    1.17    8.47   19.92 7730.30 v _315895_/Y (MAJx2_ASAP7_75t_R)
                                         _072516_ (net)
                  8.47    0.05 7730.35 v _315896_/C (MAJx2_ASAP7_75t_R)
     1    1.14    8.46   19.87 7750.22 v _315896_/Y (MAJx2_ASAP7_75t_R)
                                         _072517_ (net)
                  8.46    0.04 7750.26 v _315897_/C (MAJx2_ASAP7_75t_R)
     1    1.21    8.67   19.99 7770.25 v _315897_/Y (MAJx2_ASAP7_75t_R)
                                         _072518_ (net)
                  8.67    0.06 7770.31 v _315898_/C (MAJx2_ASAP7_75t_R)
     1    1.16    8.19   19.97 7790.27 v _315898_/Y (MAJx2_ASAP7_75t_R)
                                         _072519_ (net)
                  8.19    0.05 7790.32 v _315899_/C (MAJx2_ASAP7_75t_R)
     1    1.17    8.56   19.85 7810.17 v _315899_/Y (MAJx2_ASAP7_75t_R)
                                         _072520_ (net)
                  8.56    0.05 7810.21 v _315900_/C (MAJx2_ASAP7_75t_R)
     1    1.18    8.28   19.98 7830.19 v _315900_/Y (MAJx2_ASAP7_75t_R)
                                         _072521_ (net)
                  8.28    0.05 7830.24 v _315901_/C (MAJx2_ASAP7_75t_R)
     2    2.33   11.74   21.89 7852.13 v _315901_/Y (MAJx2_ASAP7_75t_R)
                                         _072522_ (net)
                 11.74    0.12 7852.25 v _315908_/C (MAJx2_ASAP7_75t_R)
     1    0.66    7.61   19.88 7872.13 v _315908_/Y (MAJx2_ASAP7_75t_R)
                                         _072529_ (net)
                  7.61    0.03 7872.16 v _315909_/B (AND2x2_ASAP7_75t_R)
     1    0.76    5.56   13.73 7885.88 v _315909_/Y (AND2x2_ASAP7_75t_R)
                                         _072530_ (net)
                  5.56    0.04 7885.92 v _315910_/D (OR4x1_ASAP7_75t_R)
     6    5.52   36.29   40.14 7926.06 v _315910_/Y (OR4x1_ASAP7_75t_R)
                                         _072531_ (net)
                 36.32    0.47 7926.53 v _315911_/B (AND2x2_ASAP7_75t_R)
    34   26.63   75.43   51.14 7977.66 v _315911_/Y (AND2x2_ASAP7_75t_R)
                                         _072532_ (net)
                 76.63    5.31 7982.97 v _315912_/B (NAND2x1_ASAP7_75t_R)
    19   19.53  134.38   79.81 8062.78 ^ _315912_/Y (NAND2x1_ASAP7_75t_R)
                                         _072533_ (net)
                134.87    4.73 8067.52 ^ _315937_/A2 (AO21x1_ASAP7_75t_R)
     2    2.26   18.57   30.14 8097.65 ^ _315937_/Y (AO21x1_ASAP7_75t_R)
                                         _072558_ (net)
                 18.59    0.33 8097.99 ^ _315938_/B (AND2x2_ASAP7_75t_R)
     2    2.39   13.11   19.92 8117.91 ^ _315938_/Y (AND2x2_ASAP7_75t_R)
                                         _072559_ (net)
                 13.11    0.06 8117.97 ^ _315966_/B (MAJx2_ASAP7_75t_R)
     1    1.17    9.56   20.16 8138.12 ^ _315966_/Y (MAJx2_ASAP7_75t_R)
                                         _072587_ (net)
                  9.56    0.05 8138.17 ^ _315967_/C (MAJx2_ASAP7_75t_R)
     1    1.12    9.51   17.56 8155.73 ^ _315967_/Y (MAJx2_ASAP7_75t_R)
                                         _072588_ (net)
                  9.51    0.04 8155.77 ^ _315968_/C (MAJx2_ASAP7_75t_R)
     1    1.16    9.56   17.63 8173.40 ^ _315968_/Y (MAJx2_ASAP7_75t_R)
                                         _072589_ (net)
                  9.56    0.05 8173.45 ^ _315969_/C (MAJx2_ASAP7_75t_R)
     1    1.08    9.27   17.50 8190.95 ^ _315969_/Y (MAJx2_ASAP7_75t_R)
                                         _072590_ (net)
                  9.27    0.03 8190.98 ^ _315970_/C (MAJx2_ASAP7_75t_R)
     1    1.10    8.64   17.46 8208.44 ^ _315970_/Y (MAJx2_ASAP7_75t_R)
                                         _072591_ (net)
                  8.64    0.03 8208.48 ^ _315971_/C (MAJx2_ASAP7_75t_R)
     1    1.11    9.39   17.35 8225.83 ^ _315971_/Y (MAJx2_ASAP7_75t_R)
                                         _072592_ (net)
                  9.40    0.04 8225.86 ^ _315972_/C (MAJx2_ASAP7_75t_R)
     1    0.75    7.80   16.88 8242.74 ^ _315972_/Y (MAJx2_ASAP7_75t_R)
                                         _072593_ (net)
                  7.81    0.03 8242.77 ^ _315973_/A (INVx1_ASAP7_75t_R)
     1    1.13    7.85    6.43 8249.19 v _315973_/Y (INVx1_ASAP7_75t_R)
                                         _072594_ (net)
                  7.85    0.04 8249.23 v _315974_/C (MAJx2_ASAP7_75t_R)
     1    0.74    7.56   19.00 8268.24 v _315974_/Y (MAJx2_ASAP7_75t_R)
                                         _072595_ (net)
                  7.56    0.03 8268.26 v _315975_/A (INVx1_ASAP7_75t_R)
     2    1.84   13.29    9.01 8277.27 ^ _315975_/Y (INVx1_ASAP7_75t_R)
                                         _072596_ (net)
                 13.29    0.05 8277.32 ^ _315976_/B (AO21x1_ASAP7_75t_R)
     1    1.17   10.32   13.84 8291.16 ^ _315976_/Y (AO21x1_ASAP7_75t_R)
                                         _072597_ (net)
                 10.32    0.05 8291.21 ^ _315977_/C (MAJx2_ASAP7_75t_R)
     1    0.78    8.13   17.11 8308.32 ^ _315977_/Y (MAJx2_ASAP7_75t_R)
                                         _072598_ (net)
                  8.13    0.04 8308.35 ^ _315980_/A2 (AO21x1_ASAP7_75t_R)
     3    1.93   14.75   16.87 8325.23 ^ _315980_/Y (AO21x1_ASAP7_75t_R)
                                         _072601_ (net)
                 14.75    0.05 8325.28 ^ _315984_/B (AND2x2_ASAP7_75t_R)
    33   30.45  101.57   53.96 8379.24 ^ _315984_/Y (AND2x2_ASAP7_75t_R)
                                         _072605_ (net)
                101.64    1.72 8380.97 ^ _315985_/A (INVx1_ASAP7_75t_R)
     9    7.50   60.65   43.64 8424.60 v _315985_/Y (INVx1_ASAP7_75t_R)
                                         _072606_ (net)
                 60.65    0.20 8424.81 v _315986_/C (AND3x1_ASAP7_75t_R)
    18   16.72   91.87   58.66 8483.47 v _315986_/Y (AND3x1_ASAP7_75t_R)
                                         _072607_ (net)
                 91.88    0.29 8483.76 v _316006_/A2 (OA21x2_ASAP7_75t_R)
     1    0.66    8.87   32.68 8516.44 v _316006_/Y (OA21x2_ASAP7_75t_R)
                                         _072627_ (net)
                  8.87    0.02 8516.46 v _316007_/B (AO21x1_ASAP7_75t_R)
     1    1.37   12.19   17.81 8534.26 v _316007_/Y (AO21x1_ASAP7_75t_R)
                                         _072628_ (net)
                 12.19    0.05 8534.31 v _316008_/A2 (AOI22x1_ASAP7_75t_R)
     2    2.18   30.93   14.24 8548.55 ^ _316008_/Y (AOI22x1_ASAP7_75t_R)
                                         _072629_ (net)
                 30.94    0.21 8548.76 ^ _316009_/B (XNOR2x2_ASAP7_75t_R)
     1    1.13    8.20   28.54 8577.30 v _316009_/Y (XNOR2x2_ASAP7_75t_R)
                                         _072630_ (net)
                  8.20    0.04 8577.35 v _316010_/C (AOI211x1_ASAP7_75t_R)
     2    2.13   26.99   14.97 8592.32 ^ _316010_/Y (AOI211x1_ASAP7_75t_R)
                                         _072631_ (net)
                 26.99    0.07 8592.39 ^ _316060_/A1 (AOI22x1_ASAP7_75t_R)
     1    1.09   15.01    9.63 8602.02 v _316060_/Y (AOI22x1_ASAP7_75t_R)
                                         _072681_ (net)
                 15.01    0.03 8602.05 v _316061_/C (MAJx2_ASAP7_75t_R)
     1    1.18    8.63   21.59 8623.64 v _316061_/Y (MAJx2_ASAP7_75t_R)
                                         _072682_ (net)
                  8.63    0.05 8623.69 v _316062_/C (MAJx2_ASAP7_75t_R)
     2    2.25   11.34   21.85 8645.54 v _316062_/Y (MAJx2_ASAP7_75t_R)
                                         _072683_ (net)
                 11.34    0.08 8645.62 v _316063_/C (MAJx2_ASAP7_75t_R)
     1    0.68    7.49   19.82 8665.43 v _316063_/Y (MAJx2_ASAP7_75t_R)
                                         _072684_ (net)
                  7.49    0.03 8665.46 v _316068_/B (OR3x1_ASAP7_75t_R)
     1    1.39   11.92   22.12 8687.58 v _316068_/Y (OR3x1_ASAP7_75t_R)
                                         _072689_ (net)
                 11.92    0.05 8687.63 v _316071_/B (NAND3x1_ASAP7_75t_R)
    21   18.13  122.72   57.30 8744.93 ^ _316071_/Y (NAND3x1_ASAP7_75t_R)
                                         _072692_ (net)
                122.75    1.26 8746.19 ^ _316079_/A2 (OAI21x1_ASAP7_75t_R)
     2    1.38   29.08   16.51 8762.70 v _316079_/Y (OAI21x1_ASAP7_75t_R)
                                         _072700_ (net)
                 29.08    0.04 8762.74 v _316082_/A1 (AO21x1_ASAP7_75t_R)
    11   10.20   56.32   43.37 8806.11 v _316082_/Y (AO21x1_ASAP7_75t_R)
                                         _072703_ (net)
                 56.38    1.09 8807.20 v _316087_/B1 (AO32x1_ASAP7_75t_R)
     3    2.46   18.48   38.95 8846.15 v _316087_/Y (AO32x1_ASAP7_75t_R)
                                         _072708_ (net)
                 18.49    0.24 8846.39 v _316124_/B (AND2x2_ASAP7_75t_R)
     1    1.13    7.03   17.80 8864.19 v _316124_/Y (AND2x2_ASAP7_75t_R)
                                         _072745_ (net)
                  7.03    0.04 8864.23 v _316125_/C (MAJx2_ASAP7_75t_R)
     1    1.16    8.58   19.51 8883.74 v _316125_/Y (MAJx2_ASAP7_75t_R)
                                         _072746_ (net)
                  8.58    0.05 8883.79 v _316126_/C (MAJx2_ASAP7_75t_R)
     1    1.26    8.77   20.12 8903.90 v _316126_/Y (MAJx2_ASAP7_75t_R)
                                         _072747_ (net)
                  8.78    0.07 8903.98 v _316127_/C (MAJx2_ASAP7_75t_R)
     1    1.22    8.62   20.09 8924.07 v _316127_/Y (MAJx2_ASAP7_75t_R)
                                         _072748_ (net)
                  8.62    0.06 8924.13 v _316128_/C (MAJx2_ASAP7_75t_R)
     1    1.17    8.65   19.97 8944.10 v _316128_/Y (MAJx2_ASAP7_75t_R)
                                         _072749_ (net)
                  8.65    0.05 8944.15 v _316129_/C (MAJx2_ASAP7_75t_R)
     1    1.26    8.83   20.13 8964.28 v _316129_/Y (MAJx2_ASAP7_75t_R)
                                         _072750_ (net)
                  8.83    0.07 8964.35 v _316130_/C (MAJx2_ASAP7_75t_R)
     1    1.13    8.43   19.95 8984.30 v _316130_/Y (MAJx2_ASAP7_75t_R)
                                         _072751_ (net)
                  8.43    0.04 8984.34 v _316131_/C (MAJx2_ASAP7_75t_R)
     1    1.10    8.46   19.80 9004.14 v _316131_/Y (MAJx2_ASAP7_75t_R)
                                         _072752_ (net)
                  8.46    0.03 9004.17 v _316132_/C (MAJx2_ASAP7_75t_R)
     1    1.18    8.41   19.94 9024.11 v _316132_/Y (MAJx2_ASAP7_75t_R)
                                         _072753_ (net)
                  8.41    0.05 9024.16 v _316133_/C (MAJx2_ASAP7_75t_R)
     2    2.00   10.96   21.35 9045.51 v _316133_/Y (MAJx2_ASAP7_75t_R)
                                         _072754_ (net)
                 10.96    0.09 9045.60 v _316134_/B (AO21x1_ASAP7_75t_R)
     1    1.23    9.60   17.81 9063.41 v _316134_/Y (AO21x1_ASAP7_75t_R)
                                         _072755_ (net)
                  9.60    0.06 9063.47 v _316135_/C (MAJx2_ASAP7_75t_R)
     1    0.68    7.67   19.38 9082.85 v _316135_/Y (MAJx2_ASAP7_75t_R)
                                         _072756_ (net)
                  7.67    0.02 9082.87 v _316144_/A1 (AO21x1_ASAP7_75t_R)
     4    2.70   16.89   20.52 9103.39 v _316144_/Y (AO21x1_ASAP7_75t_R)
                                         _072765_ (net)
                 16.89    0.07 9103.46 v _316347_/A2 (AO21x1_ASAP7_75t_R)
     6    6.05   35.57   29.60 9133.06 v _316347_/Y (AO21x1_ASAP7_75t_R)
                                         _072968_ (net)
                 35.58    0.28 9133.34 v _316364_/A2 (AO21x1_ASAP7_75t_R)
     8    9.54   53.26   41.40 9174.75 v _316364_/Y (AO21x1_ASAP7_75t_R)
                                         _072985_ (net)
                 53.37    1.42 9176.17 v _316394_/B1 (AO32x1_ASAP7_75t_R)
     2    2.93   20.23   39.54 9215.71 v _316394_/Y (AO32x1_ASAP7_75t_R)
                                         _073015_ (net)
                 20.29    0.57 9216.28 v _316395_/B (AND2x2_ASAP7_75t_R)
     1    1.13    7.59   18.35 9234.63 v _316395_/Y (AND2x2_ASAP7_75t_R)
                                         _073016_ (net)
                  7.59    0.04 9234.67 v _316396_/C (MAJx2_ASAP7_75t_R)
     1    1.20    8.56   19.73 9254.40 v _316396_/Y (MAJx2_ASAP7_75t_R)
                                         _073017_ (net)
                  8.56    0.06 9254.46 v _316397_/C (MAJx2_ASAP7_75t_R)
     1    1.24    8.66   20.06 9274.52 v _316397_/Y (MAJx2_ASAP7_75t_R)
                                         _073018_ (net)
                  8.66    0.06 9274.59 v _316398_/C (MAJx2_ASAP7_75t_R)
     1    1.15    8.40   19.95 9294.54 v _316398_/Y (MAJx2_ASAP7_75t_R)
                                         _073019_ (net)
                  8.40    0.05 9294.58 v _316399_/C (MAJx2_ASAP7_75t_R)
     1    1.30    9.17   20.14 9314.72 v _316399_/Y (MAJx2_ASAP7_75t_R)
                                         _073020_ (net)
                  9.18    0.08 9314.80 v _316400_/C (MAJx2_ASAP7_75t_R)
     1    1.13    8.65   20.05 9334.85 v _316400_/Y (MAJx2_ASAP7_75t_R)
                                         _073021_ (net)
                  8.65    0.04 9334.89 v _316401_/C (MAJx2_ASAP7_75t_R)
     1    1.15    8.37   19.94 9354.83 v _316401_/Y (MAJx2_ASAP7_75t_R)
                                         _073022_ (net)
                  8.37    0.04 9354.87 v _316402_/C (MAJx2_ASAP7_75t_R)
     1    1.15    9.19   19.86 9374.74 v _316402_/Y (MAJx2_ASAP7_75t_R)
                                         _073023_ (net)
                  9.19    0.04 9374.78 v _316403_/C (MAJx2_ASAP7_75t_R)
     1    1.18    8.55   20.15 9394.93 v _316403_/Y (MAJx2_ASAP7_75t_R)
                                         _073024_ (net)
                  8.55    0.05 9394.98 v _316404_/C (MAJx2_ASAP7_75t_R)
     2    2.28   11.78   21.89 9416.87 v _316404_/Y (MAJx2_ASAP7_75t_R)
                                         _073025_ (net)
                 11.79    0.10 9416.96 v _316424_/C (MAJx2_ASAP7_75t_R)
     1    1.00    8.27   20.48 9437.44 v _316424_/Y (MAJx2_ASAP7_75t_R)
                                         _073045_ (net)
                  8.27    0.03 9437.47 v _316425_/B (AOI211x1_ASAP7_75t_R)
     1    1.06   16.68   11.42 9448.89 ^ _316425_/Y (AOI211x1_ASAP7_75t_R)
                                         _073046_ (net)
                 16.68    0.05 9448.94 ^ _316431_/B (AOI211x1_ASAP7_75t_R)
     1    1.51   23.12   11.86 9460.80 v _316431_/Y (AOI211x1_ASAP7_75t_R)
                                         _073052_ (net)
                 23.12    0.20 9461.00 v place21759/A (BUFx3_ASAP7_75t_R)
    36   34.25   70.65   29.25 9490.25 v place21759/Y (BUFx3_ASAP7_75t_R)
                                         net21317 (net)
                 86.80   18.07 9508.32 v _316514_/A (OR4x1_ASAP7_75t_R)
     1    0.81   11.61   38.99 9547.31 v _316514_/Y (OR4x1_ASAP7_75t_R)
                                         _073135_ (net)
                 11.61    0.04 9547.35 v _316515_/A (INVx1_ASAP7_75t_R)
     1    2.25   16.49   11.28 9558.63 ^ _316515_/Y (INVx1_ASAP7_75t_R)
                                         _073136_ (net)
                 16.53    0.47 9559.10 ^ _316517_/A2 (OA21x2_ASAP7_75t_R)
     3    5.23   22.71   23.64 9582.74 ^ _316517_/Y (OA21x2_ASAP7_75t_R)
                                         _073138_ (net)
                 23.35    2.07 9584.81 ^ _316541_/A (NOR2x1_ASAP7_75t_R)
     3    2.76   21.24   17.33 9602.14 v _316541_/Y (NOR2x1_ASAP7_75t_R)
                                         _073162_ (net)
                 21.24    0.06 9602.21 v _316542_/D (OR4x1_ASAP7_75t_R)
     2    4.89   33.51   40.22 9642.43 v _316542_/Y (OR4x1_ASAP7_75t_R)
                                         _073163_ (net)
                 33.84    1.86 9644.28 v _321045_/A (INVx1_ASAP7_75t_R)
     1    0.77   12.70   10.91 9655.19 ^ _321045_/Y (INVx1_ASAP7_75t_R)
                                         _077491_ (net)
                 12.70    0.03 9655.22 ^ place21620/A (BUFx3_ASAP7_75t_R)
    34   38.09   88.54   39.75 9694.97 ^ place21620/Y (BUFx3_ASAP7_75t_R)
                                         net21178 (net)
                 94.37   12.14 9707.11 ^ _321049_/A3 (AO32x1_ASAP7_75t_R)
     1    9.19   64.03   46.43 9753.54 ^ _321049_/Y (AO32x1_ASAP7_75t_R)
                                         u_lsu.dmem_req_addr[3] (net)
                 67.29    7.72 9761.26 ^ output161/A (BUFx2_ASAP7_75t_R)
     1    2.50   12.31   25.79 9787.05 ^ output161/Y (BUFx2_ASAP7_75t_R)
                                         dmem_req_addr[3] (net)
                 12.33    0.27 9787.32 ^ dmem_req_addr[3] (out)
                               9787.32   data arrival time

                  0.00 12000.00 12000.00   clock core_clk (rise edge)
                          0.00 12000.00   clock network delay (ideal)
                        -50.00 11950.00   clock uncertainty
                          0.00 11950.00   clock reconvergence pessimism
                       -2400.00 9550.00   output external delay
                               9550.00   data required time
-----------------------------------------------------------------------------
                               9550.00   data required time
                               -9787.32   data arrival time
-----------------------------------------------------------------------------
                               -237.32   slack (VIOLATED)


Startpoint: dmem_rsp_valid (input port clocked by core_clk)
Endpoint: _395932_ (rising edge-triggered flip-flop clocked by core_clk)
Path Group: in2reg
Path Type: max

Fanout     Cap    Slew   Delay    Time   Description
-----------------------------------------------------------------------------
                  0.00    0.00    0.00   clock core_clk (rise edge)
                          0.00    0.00   clock network delay (ideal)
                       2400.00 2400.00 ^ input external delay
     1    8.07   20.00    0.00 2400.00 ^ dmem_rsp_valid (in)
                                         dmem_rsp_valid (net)
                 33.52    4.26 2404.26 ^ input66/A (BUFx2_ASAP7_75t_R)
     2   11.66   41.99   30.36 2434.63 ^ input66/Y (BUFx2_ASAP7_75t_R)
                                         net66 (net)
                 46.05    6.87 2441.50 ^ _196676_/A (INVx11_ASAP7_75t_R)
     2    1.53    8.72    6.40 2447.90 v _196676_/Y (INVx11_ASAP7_75t_R)
                                         _132950_ (net)
                  8.72    0.06 2447.96 v _196677_/B (OR3x2_ASAP7_75t_R)
     2    5.71   22.92   31.16 2479.12 v _196677_/Y (OR3x2_ASAP7_75t_R)
                                         _132951_ (net)
                 23.98    2.66 2481.78 v place32304/A (BUFx6f_ASAP7_75t_R)
     6   14.14   15.71   19.20 2500.98 v place32304/Y (BUFx6f_ASAP7_75t_R)
                                         net31862 (net)
                 43.14   12.90 2513.88 v place32303/A (BUFx3_ASAP7_75t_R)
     2    1.38    7.07   21.88 2535.76 v place32303/Y (BUFx3_ASAP7_75t_R)
                                         net31861 (net)
                  7.07    0.04 2535.80 v _196935_/B (OA21x2_ASAP7_75t_R)
     2    1.71   10.07   13.53 2549.33 v _196935_/Y (OA21x2_ASAP7_75t_R)
                                         _133209_ (net)
                 10.07    0.07 2549.40 v _196967_/B (AO21x1_ASAP7_75t_R)
     2    1.48   11.38   18.39 2567.80 v _196967_/Y (AO21x1_ASAP7_75t_R)
                                         _133241_ (net)
                 11.38    0.06 2567.85 v _211353_/B (AO21x1_ASAP7_75t_R)
     3    2.63   17.31   21.66 2589.51 v _211353_/Y (AO21x1_ASAP7_75t_R)
                                         _147594_ (net)
                 17.32    0.09 2589.61 v _211355_/B1 (AOI22x1_ASAP7_75t_R)
     1    0.94   17.00   12.71 2602.32 ^ _211355_/Y (AOI22x1_ASAP7_75t_R)
                                         _147596_ (net)
                 17.00    0.07 2602.39 ^ _211356_/E (AND5x1_ASAP7_75t_R)
     1    2.78   24.01   36.20 2638.60 ^ _211356_/Y (AND5x1_ASAP7_75t_R)
                                         _147597_ (net)
                 24.06    0.61 2639.21 ^ place30868/A (BUFx6f_ASAP7_75t_R)
     4    8.34   12.84   17.96 2657.17 ^ place30868/Y (BUFx6f_ASAP7_75t_R)
                                         net30426 (net)
                 17.35    3.88 2661.05 ^ _211386_/B1 (AO221x1_ASAP7_75t_R)
     2    2.50   20.77   26.13 2687.18 ^ _211386_/Y (AO221x1_ASAP7_75t_R)
                                         _147627_ (net)
                 20.78    0.18 2687.36 ^ place30334/A (BUFx3_ASAP7_75t_R)
     4    7.92   20.77   21.26 2708.62 ^ place30334/Y (BUFx3_ASAP7_75t_R)
                                         net29892 (net)
                 22.65    3.30 2711.91 ^ place30332/A (BUFx6f_ASAP7_75t_R)
     4    4.83    8.99   16.68 2728.60 ^ place30332/Y (BUFx6f_ASAP7_75t_R)
                                         net29890 (net)
                  9.26    0.82 2729.42 ^ place30331/A (BUFx3_ASAP7_75t_R)
     5    5.97   15.54   17.35 2746.77 ^ place30331/Y (BUFx3_ASAP7_75t_R)
                                         net29889 (net)
                 15.77    1.03 2747.81 ^ _212091_/B2 (AO32x1_ASAP7_75t_R)
     2    1.44   14.06   21.33 2769.13 ^ _212091_/Y (AO32x1_ASAP7_75t_R)
                                         _148332_ (net)
                 14.06    0.09 2769.22 ^ _212137_/C (OA211x2_ASAP7_75t_R)
     2    1.53   10.94   21.68 2790.90 ^ _212137_/Y (OA211x2_ASAP7_75t_R)
                                         _148378_ (net)
                 10.95    0.09 2790.99 ^ _212364_/A (AND4x1_ASAP7_75t_R)
     1    1.74   16.64   24.27 2815.26 ^ _212364_/Y (AND4x1_ASAP7_75t_R)
                                         _148605_ (net)
                 16.64    0.16 2815.41 ^ place29490/A (BUFx6f_ASAP7_75t_R)
     3    5.30    9.53   15.20 2830.62 ^ place29490/Y (BUFx6f_ASAP7_75t_R)
                                         net29048 (net)
                 11.41    2.18 2832.80 ^ _212365_/C (AND3x1_ASAP7_75t_R)
     2    7.38   50.80   35.55 2868.35 ^ _212365_/Y (AND3x1_ASAP7_75t_R)
                                         _148606_ (net)
                 52.25    4.70 2873.05 ^ _217083_/A (AND3x4_ASAP7_75t_R)
    11   10.22   24.89   34.23 2907.28 ^ _217083_/Y (AND3x4_ASAP7_75t_R)
                                         _153324_ (net)
                 25.94    2.77 2910.05 ^ place28993/A (BUFx3_ASAP7_75t_R)
     7   19.90   47.62   26.12 2936.17 ^ place28993/Y (BUFx3_ASAP7_75t_R)
                                         net28551 (net)
                 47.66    0.89 2937.06 ^ _217117_/A (OR2x2_ASAP7_75t_R)
     2    1.56    9.24   24.32 2961.38 ^ _217117_/Y (OR2x2_ASAP7_75t_R)
                                         _153358_ (net)
                  9.24    0.08 2961.46 ^ _217215_/A (OR3x1_ASAP7_75t_R)
     2    1.95   14.26   14.61 2976.06 ^ _217215_/Y (OR3x1_ASAP7_75t_R)
                                         _153456_ (net)
                 14.26    0.12 2976.18 ^ _217218_/A2 (AOI211x1_ASAP7_75t_R)
     2    1.90   26.89   19.15 2995.34 v _217218_/Y (AOI211x1_ASAP7_75t_R)
                                         _153459_ (net)
                 26.89    0.08 2995.42 v _217279_/A2 (OA21x2_ASAP7_75t_R)
     2    1.90    9.77   23.63 3019.05 v _217279_/Y (OA21x2_ASAP7_75t_R)
                                         _153520_ (net)
                  9.78    0.16 3019.22 v _217284_/A2 (OA211x2_ASAP7_75t_R)
     3    2.28   14.38   25.07 3044.29 v _217284_/Y (OA211x2_ASAP7_75t_R)
                                         _153525_ (net)
                 14.38    0.15 3044.43 v _217285_/E (OR5x1_ASAP7_75t_R)
     2    2.11   19.11   38.50 3082.93 v _217285_/Y (OR5x1_ASAP7_75t_R)
                                         _153526_ (net)
                 19.11    0.10 3083.03 v _217286_/B (MAJx2_ASAP7_75t_R)
     8    6.26   21.50   31.69 3114.72 v _217286_/Y (MAJx2_ASAP7_75t_R)
                                         _153527_ (net)
                 21.54    0.55 3115.27 v _217359_/A (INVx1_ASAP7_75t_R)
     3    1.86   16.59   13.17 3128.45 ^ _217359_/Y (INVx1_ASAP7_75t_R)
                                         _153600_ (net)
                 16.59    0.04 3128.49 ^ _217379_/A2 (AO221x1_ASAP7_75t_R)
     1    1.43   13.87   24.46 3152.95 ^ _217379_/Y (AO221x1_ASAP7_75t_R)
                                         _153620_ (net)
                 13.88    0.13 3153.08 ^ _217380_/E (AND5x2_ASAP7_75t_R)
     3    2.86   16.14   32.52 3185.60 ^ _217380_/Y (AND5x2_ASAP7_75t_R)
                                         _153621_ (net)
                 16.17    0.34 3185.94 ^ _217382_/A (OR3x2_ASAP7_75t_R)
     4    4.11   15.45   18.54 3204.48 ^ _217382_/Y (OR3x2_ASAP7_75t_R)
                                         _153623_ (net)
                 15.45    0.10 3204.58 ^ _217383_/B (OA21x2_ASAP7_75t_R)
     1    1.19    8.57   17.66 3222.24 ^ _217383_/Y (OA21x2_ASAP7_75t_R)
                                         _153624_ (net)
                  8.57    0.07 3222.30 ^ _217384_/B (XNOR2x2_ASAP7_75t_R)
     1    1.09    9.17   24.78 3247.08 v _217384_/Y (XNOR2x2_ASAP7_75t_R)
                                         _153625_ (net)
                  9.17    0.05 3247.14 v _217396_/B (AOI211x1_ASAP7_75t_R)
     2    2.15   25.42   15.76 3262.89 ^ _217396_/Y (AOI211x1_ASAP7_75t_R)
                                         _153637_ (net)
                 25.42    0.16 3263.05 ^ _217397_/B (XOR2x2_ASAP7_75t_R)
     4    4.00   15.69   27.40 3290.46 v _217397_/Y (XOR2x2_ASAP7_75t_R)
                                         _153638_ (net)
                 15.72    0.37 3290.82 v _217485_/A1 (AO21x1_ASAP7_75t_R)
     1    1.25    9.89   18.96 3309.78 v _217485_/Y (AO21x1_ASAP7_75t_R)
                                         _153726_ (net)
                  9.90    0.14 3309.91 v _217488_/A1 (AO21x1_ASAP7_75t_R)
     9    6.49   36.18   30.17 3340.09 v _217488_/Y (AO21x1_ASAP7_75t_R)
                                         _153729_ (net)
                 36.19    0.27 3340.35 v _217532_/A2 (OA211x2_ASAP7_75t_R)
     1    1.21   10.46   30.72 3371.08 v _217532_/Y (OA211x2_ASAP7_75t_R)
                                         _153773_ (net)
                 10.46    0.07 3371.15 v _217533_/A (XOR2x2_ASAP7_75t_R)
     2    1.95    9.88   21.31 3392.46 v _217533_/Y (XOR2x2_ASAP7_75t_R)
                                         _153774_ (net)
                  9.88    0.08 3392.54 v _217545_/C (MAJx2_ASAP7_75t_R)
     2    1.50    9.02   20.88 3413.42 v _217545_/Y (MAJx2_ASAP7_75t_R)
                                         _153786_ (net)
                  9.02    0.07 3413.49 v _217561_/B2 (AO32x1_ASAP7_75t_R)
     1    1.21   12.54   23.76 3437.25 v _217561_/Y (AO32x1_ASAP7_75t_R)
                                         _153802_ (net)
                 12.54    0.06 3437.30 v _217562_/C (MAJx2_ASAP7_75t_R)
     4    3.02   15.17   24.14 3461.44 v _217562_/Y (MAJx2_ASAP7_75t_R)
                                         _153803_ (net)
                 15.17    0.13 3461.57 v _217577_/A2 (OA21x2_ASAP7_75t_R)
     4    3.78   14.43   23.40 3484.97 v _217577_/Y (OA21x2_ASAP7_75t_R)
                                         _153818_ (net)
                 14.45    0.33 3485.30 v _217617_/A1 (OA211x2_ASAP7_75t_R)
     1    0.97   12.07   23.42 3508.72 v _217617_/Y (OA211x2_ASAP7_75t_R)
                                         _153858_ (net)
                 12.07    0.07 3508.79 v _217618_/A (OR4x1_ASAP7_75t_R)
     1    1.18   12.54   25.12 3533.91 v _217618_/Y (OR4x1_ASAP7_75t_R)
                                         _153859_ (net)
                 12.54    0.11 3534.03 v _217619_/A (MAJx2_ASAP7_75t_R)
     1    1.65    9.80   21.32 3555.35 v _217619_/Y (MAJx2_ASAP7_75t_R)
                                         _153860_ (net)
                  9.80    0.13 3555.47 v _217622_/A2 (AOI22x1_ASAP7_75t_R)
     1    1.64   26.84   12.13 3567.60 ^ _217622_/Y (AOI22x1_ASAP7_75t_R)
                                         _153863_ (net)
                 26.84    0.15 3567.75 ^ _217623_/B (AOI21x1_ASAP7_75t_R)
     2    2.16   18.45   13.13 3580.88 v _217623_/Y (AOI21x1_ASAP7_75t_R)
                                         _153864_ (net)
                 18.45    0.09 3580.96 v _217624_/B (MAJx2_ASAP7_75t_R)
     3    2.21   13.42   25.74 3606.70 v _217624_/Y (MAJx2_ASAP7_75t_R)
                                         _153865_ (net)
                 13.43    0.15 3606.85 v _217669_/A3 (AO32x1_ASAP7_75t_R)
     2    1.75   13.85   27.12 3633.97 v _217669_/Y (AO32x1_ASAP7_75t_R)
                                         _153910_ (net)
                 13.86    0.11 3634.08 v _217723_/B (OR3x1_ASAP7_75t_R)
     2    1.56   12.81   24.01 3658.09 v _217723_/Y (OR3x1_ASAP7_75t_R)
                                         _153964_ (net)
                 12.81    0.05 3658.14 v _217732_/C (AO221x1_ASAP7_75t_R)
     1    1.54   14.84   25.57 3683.71 v _217732_/Y (AO221x1_ASAP7_75t_R)
                                         _153973_ (net)
                 14.84    0.07 3683.78 v _217733_/A (NAND3x1_ASAP7_75t_R)
     2    1.70   35.48   13.01 3696.80 ^ _217733_/Y (NAND3x1_ASAP7_75t_R)
                                         _153974_ (net)
                 35.48    0.11 3696.91 ^ _217734_/A (MAJx2_ASAP7_75t_R)
     2    2.42   12.62   26.03 3722.93 ^ _217734_/Y (MAJx2_ASAP7_75t_R)
                                         _153975_ (net)
                 12.63    0.09 3723.03 ^ _217735_/B (MAJx2_ASAP7_75t_R)
     2    2.07   13.17   21.59 3744.61 ^ _217735_/Y (MAJx2_ASAP7_75t_R)
                                         _153976_ (net)
                 13.17    0.14 3744.75 ^ _217740_/C (MAJx2_ASAP7_75t_R)
     4    3.57   17.03   22.37 3767.12 ^ _217740_/Y (MAJx2_ASAP7_75t_R)
                                         _153981_ (net)
                 17.06    0.33 3767.46 ^ _217741_/B1 (AO221x1_ASAP7_75t_R)
     2    1.95   16.93   24.40 3791.86 ^ _217741_/Y (AO221x1_ASAP7_75t_R)
                                         _153982_ (net)
                 16.93    0.12 3791.97 ^ _217755_/A3 (AO31x2_ASAP7_75t_R)
     9    7.50   27.89   26.55 3818.52 ^ _217755_/Y (AO31x2_ASAP7_75t_R)
                                         _153996_ (net)
                 27.92    0.63 3819.15 ^ _217807_/B (AND3x1_ASAP7_75t_R)
     1    1.15   11.88   22.21 3841.36 ^ _217807_/Y (AND3x1_ASAP7_75t_R)
                                         _154048_ (net)
                 11.88    0.06 3841.42 ^ _217808_/B (XNOR2x2_ASAP7_75t_R)
     3    2.01   10.09   27.10 3868.52 v _217808_/Y (XNOR2x2_ASAP7_75t_R)
                                         _154049_ (net)
                 10.09    0.08 3868.60 v _217809_/B (OR2x2_ASAP7_75t_R)
     2    1.95   11.08   18.58 3887.18 v _217809_/Y (OR2x2_ASAP7_75t_R)
                                         _154050_ (net)
                 11.08    0.07 3887.25 v _217817_/A2 (AO211x2_ASAP7_75t_R)
     1    0.78    6.16   17.27 3904.52 v _217817_/Y (AO211x2_ASAP7_75t_R)
                                         _154058_ (net)
                  6.16    0.04 3904.56 v _217818_/A1 (AO32x2_ASAP7_75t_R)
     4    4.44   20.20   29.56 3934.13 v _217818_/Y (AO32x2_ASAP7_75t_R)
                                         _154059_ (net)
                 20.23    0.37 3934.50 v _217850_/A3 (AO31x2_ASAP7_75t_R)
     4    2.98   10.84   20.75 3955.26 v _217850_/Y (AO31x2_ASAP7_75t_R)
                                         _154091_ (net)
                 10.84    0.09 3955.35 v _217853_/B1 (AOI22x1_ASAP7_75t_R)
     9    7.21   49.92   27.15 3982.49 ^ _217853_/Y (AOI22x1_ASAP7_75t_R)
                                         _154094_ (net)
                 49.93    0.46 3982.95 ^ _217888_/A (AND2x2_ASAP7_75t_R)
     1    1.27    8.63   20.41 4003.35 ^ _217888_/Y (AND2x2_ASAP7_75t_R)
                                         _154129_ (net)
                  8.63    0.08 4003.44 ^ _217889_/B (XNOR2x2_ASAP7_75t_R)
     3    2.13   10.42   26.64 4030.08 v _217889_/Y (XNOR2x2_ASAP7_75t_R)
                                         _154130_ (net)
                 10.42    0.10 4030.17 v _217890_/B (OR2x2_ASAP7_75t_R)
     4    3.23   14.44   20.75 4050.93 v _217890_/Y (OR2x2_ASAP7_75t_R)
                                         _154131_ (net)
                 14.45    0.09 4051.01 v _217897_/A1 (AO21x1_ASAP7_75t_R)
     2    1.56   11.38   19.51 4070.52 v _217897_/Y (AO21x1_ASAP7_75t_R)
                                         _154138_ (net)
                 11.38    0.10 4070.62 v _217898_/B (AND2x2_ASAP7_75t_R)
     2    1.42    7.17   15.96 4086.58 v _217898_/Y (AND2x2_ASAP7_75t_R)
                                         _154139_ (net)
                  7.18    0.07 4086.64 v _217959_/A2 (OA211x2_ASAP7_75t_R)
     1    0.88    9.65   21.73 4108.38 v _217959_/Y (OA211x2_ASAP7_75t_R)
                                         _154200_ (net)
                  9.65    0.06 4108.43 v _217960_/A1 (OA21x2_ASAP7_75t_R)
     3    2.15   10.00   19.16 4127.60 v _217960_/Y (OA21x2_ASAP7_75t_R)
                                         _154201_ (net)
                 10.01    0.13 4127.73 v _218017_/A2 (OA211x2_ASAP7_75t_R)
     2    2.12   13.03   24.84 4152.57 v _218017_/Y (OA211x2_ASAP7_75t_R)
                                         _154258_ (net)
                 13.04    0.10 4152.66 v _218018_/A (XOR2x2_ASAP7_75t_R)
     2    1.40    8.36   21.17 4173.83 v _218018_/Y (XOR2x2_ASAP7_75t_R)
                                         _154259_ (net)
                  8.36    0.05 4173.89 v _218038_/B (OR4x1_ASAP7_75t_R)
     2    1.49   14.19   27.38 4201.26 v _218038_/Y (OR4x1_ASAP7_75t_R)
                                         _154279_ (net)
                 14.20    0.09 4201.36 v _218040_/B2 (AO221x1_ASAP7_75t_R)
     2    1.41   13.72   24.47 4225.83 v _218040_/Y (AO221x1_ASAP7_75t_R)
                                         _154281_ (net)
                 13.73    0.06 4225.90 v _218043_/B3 (AO33x2_ASAP7_75t_R)
     2    1.60   11.88   32.54 4258.44 v _218043_/Y (AO33x2_ASAP7_75t_R)
                                         _154284_ (net)
                 11.89    0.07 4258.52 v _218044_/A (MAJx2_ASAP7_75t_R)
     2    1.64    9.86   21.11 4279.63 v _218044_/Y (MAJx2_ASAP7_75t_R)
                                         _154285_ (net)
                  9.87    0.11 4279.74 v _218049_/A (MAJx3_ASAP7_75t_R)
     5    4.97   17.59   26.98 4306.72 v _218049_/Y (MAJx3_ASAP7_75t_R)
                                         _154290_ (net)
                 17.65    0.55 4307.27 v _218087_/A2 (OA21x2_ASAP7_75t_R)
     5    4.07   15.06   24.65 4331.92 v _218087_/Y (OA21x2_ASAP7_75t_R)
                                         _154328_ (net)
                 15.07    0.18 4332.09 v _218091_/B (AND2x4_ASAP7_75t_R)
     1    0.90    6.17   15.11 4347.21 v _218091_/Y (AND2x4_ASAP7_75t_R)
                                         _154332_ (net)
                  6.17    0.06 4347.26 v _218092_/A2 (OA21x2_ASAP7_75t_R)
     1    0.86    7.83   16.20 4363.47 v _218092_/Y (OA21x2_ASAP7_75t_R)
                                         _154333_ (net)
                  7.83    0.05 4363.52 v _218093_/C1 (OA222x2_ASAP7_75t_R)
     2    1.93   11.20   24.57 4388.08 v _218093_/Y (OA222x2_ASAP7_75t_R)
                                         _154334_ (net)
                 11.21    0.08 4388.17 v _218106_/C (MAJx2_ASAP7_75t_R)
     3    2.36   13.36   22.66 4410.82 v _218106_/Y (MAJx2_ASAP7_75t_R)
                                         _154347_ (net)
                 13.37    0.23 4411.05 v _218130_/A3 (AO32x2_ASAP7_75t_R)
     2    1.52   12.41   28.97 4440.02 v _218130_/Y (AO32x2_ASAP7_75t_R)
                                         _154371_ (net)
                 12.41    0.06 4440.08 v _218150_/A1 (OA21x2_ASAP7_75t_R)
     4    3.90   14.93   22.25 4462.33 v _218150_/Y (OA21x2_ASAP7_75t_R)
                                         _154391_ (net)
                 15.01    0.61 4462.94 v _218190_/A2 (OA211x2_ASAP7_75t_R)
     2    2.46   13.90   26.97 4489.91 v _218190_/Y (OA211x2_ASAP7_75t_R)
                                         _154431_ (net)
                 13.92    0.25 4490.16 v _218211_/A3 (OA31x2_ASAP7_75t_R)
     5    4.67   18.74   23.80 4513.96 v _218211_/Y (OA31x2_ASAP7_75t_R)
                                         _154452_ (net)
                 18.76    0.40 4514.36 v _218260_/A3 (AO32x1_ASAP7_75t_R)
     1    1.09   12.04   26.33 4540.70 v _218260_/Y (AO32x1_ASAP7_75t_R)
                                         _154501_ (net)
                 12.04    0.09 4540.79 v _218261_/A (OR3x1_ASAP7_75t_R)
     4    3.76   24.04   28.81 4569.60 v _218261_/Y (OR3x1_ASAP7_75t_R)
                                         _154502_ (net)
                 24.05    0.13 4569.74 v _218270_/B2 (OA22x2_ASAP7_75t_R)
     1    0.77    8.91   23.34 4593.07 v _218270_/Y (OA22x2_ASAP7_75t_R)
                                         _154511_ (net)
                  8.91    0.04 4593.11 v _218271_/B1 (AO22x2_ASAP7_75t_R)
     6    6.53   23.60   27.01 4620.12 v _218271_/Y (AO22x2_ASAP7_75t_R)
                                         _154512_ (net)
                 23.80    1.18 4621.31 v _218276_/B2 (AO22x2_ASAP7_75t_R)
     4    4.09   15.55   27.56 4648.86 v _218276_/Y (AO22x2_ASAP7_75t_R)
                                         _154517_ (net)
                 15.58    0.39 4649.25 v _218298_/A2 (AO21x2_ASAP7_75t_R)
     5    4.47   16.39   24.23 4673.48 v _218298_/Y (AO21x2_ASAP7_75t_R)
                                         _154539_ (net)
                 16.46    0.58 4674.06 v _218408_/C (OR3x1_ASAP7_75t_R)
     1    0.75    8.86   21.84 4695.90 v _218408_/Y (OR3x1_ASAP7_75t_R)
                                         _154649_ (net)
                  8.87    0.05 4695.95 v _218411_/C (OA211x2_ASAP7_75t_R)
     3    2.97   15.16   31.28 4727.23 v _218411_/Y (OA211x2_ASAP7_75t_R)
                                         _154652_ (net)
                 15.18    0.27 4727.50 v _218421_/A3 (OA31x2_ASAP7_75t_R)
     3    2.87   16.87   21.69 4749.19 v _218421_/Y (OA31x2_ASAP7_75t_R)
                                         _154662_ (net)
                 16.88    0.15 4749.34 v _218429_/A3 (OA31x2_ASAP7_75t_R)
     2    2.22   15.88   21.04 4770.38 v _218429_/Y (OA31x2_ASAP7_75t_R)
                                         _154670_ (net)
                 15.88    0.11 4770.49 v _218461_/A3 (OA31x2_ASAP7_75t_R)
     2    2.11   11.62   20.52 4791.00 v _218461_/Y (OA31x2_ASAP7_75t_R)
                                         _154702_ (net)
                 11.63    0.21 4791.22 v _218493_/A2 (OA21x2_ASAP7_75t_R)
     8    8.86   28.23   28.41 4819.63 v _218493_/Y (OA21x2_ASAP7_75t_R)
                                         _154734_ (net)
                 28.52    1.63 4821.26 v _218574_/A2 (AOI21x1_ASAP7_75t_R)
     4    3.73   29.37   20.58 4841.84 ^ _218574_/Y (AOI21x1_ASAP7_75t_R)
                                         _154815_ (net)
                 29.37    0.12 4841.96 ^ _218578_/B1 (OA222x2_ASAP7_75t_R)
     2    3.12   16.47   32.97 4874.93 ^ _218578_/Y (OA222x2_ASAP7_75t_R)
                                         _154819_ (net)
                 16.50    0.37 4875.30 ^ _218639_/B (XNOR2x1_ASAP7_75t_R)
     2    1.97   18.14   18.71 4894.00 ^ _218639_/Y (XNOR2x1_ASAP7_75t_R)
                                         _154880_ (net)
                 18.14    0.07 4894.08 ^ _218640_/A (XNOR2x2_ASAP7_75t_R)
     1    0.92    9.97   26.86 4920.93 v _218640_/Y (XNOR2x2_ASAP7_75t_R)
                                         _154881_ (net)
                  9.97    0.06 4921.00 v _218641_/B (AO21x1_ASAP7_75t_R)
     1    0.74    9.93   16.14 4937.14 v _218641_/Y (AO21x1_ASAP7_75t_R)
                                         _154882_ (net)
                  9.93    0.04 4937.18 v _218642_/B (OR5x1_ASAP7_75t_R)
     2    2.50   21.19   35.40 4972.58 v _218642_/Y (OR5x1_ASAP7_75t_R)
                                         _154883_ (net)
                 21.20    0.20 4972.78 v _218783_/B (OA21x2_ASAP7_75t_R)
     2    2.05   12.65   18.36 4991.14 v _218783_/Y (OA21x2_ASAP7_75t_R)
                                         _155024_ (net)
                 12.65    0.14 4991.28 v _218787_/A2 (AO31x2_ASAP7_75t_R)
     3    2.55   10.05   17.33 5008.62 v _218787_/Y (AO31x2_ASAP7_75t_R)
                                         _155028_ (net)
                 10.08    0.27 5008.89 v _218790_/C (AND3x1_ASAP7_75t_R)
     2    2.15   15.03   16.78 5025.67 v _218790_/Y (AND3x1_ASAP7_75t_R)
                                         _155031_ (net)
                 15.04    0.08 5025.75 v _218792_/A3 (OA31x2_ASAP7_75t_R)
     2    1.96   11.24   20.05 5045.80 v _218792_/Y (OA31x2_ASAP7_75t_R)
                                         _155033_ (net)
                 11.25    0.18 5045.98 v _218798_/C (OR4x1_ASAP7_75t_R)
     2    1.44   13.97   28.96 5074.94 v _218798_/Y (OR4x1_ASAP7_75t_R)
                                         _155039_ (net)
                 13.97    0.05 5074.99 v _218799_/C (OA211x2_ASAP7_75t_R)
     5    4.14   18.46   34.79 5109.78 v _218799_/Y (OA211x2_ASAP7_75t_R)
                                         _155040_ (net)
                 18.48    0.26 5110.04 v _218960_/B1 (AO32x1_ASAP7_75t_R)
     1    1.40   14.31   26.64 5136.68 v _218960_/Y (AO32x1_ASAP7_75t_R)
                                         _155201_ (net)
                 14.32    0.11 5136.78 v _218961_/B (NAND2x1_ASAP7_75t_R)
     2    1.96   17.99   12.66 5149.44 ^ _218961_/Y (NAND2x1_ASAP7_75t_R)
                                         _155202_ (net)
                 17.99    0.08 5149.52 ^ _218973_/D (AND5x2_ASAP7_75t_R)
     3    2.99   17.45   33.56 5183.08 ^ _218973_/Y (AND5x2_ASAP7_75t_R)
                                         _155214_ (net)
                 17.46    0.19 5183.28 ^ _218974_/D (AND5x2_ASAP7_75t_R)
    11    9.24   37.90   42.45 5225.72 ^ _218974_/Y (AND5x2_ASAP7_75t_R)
                                         _155215_ (net)
                 37.92    0.51 5226.24 ^ _219045_/A (OR2x2_ASAP7_75t_R)
     8    7.44   26.43   31.18 5257.42 ^ _219045_/Y (OR2x2_ASAP7_75t_R)
                                         _155286_ (net)
                 26.44    0.36 5257.77 ^ place25311/A (BUFx6f_ASAP7_75t_R)
     4    3.72    7.66   16.86 5274.64 ^ place25311/Y (BUFx6f_ASAP7_75t_R)
                                         net24869 (net)
                  7.67    0.19 5274.83 ^ _219048_/A (AND2x2_ASAP7_75t_R)
     2    2.23   10.75   16.51 5291.34 ^ _219048_/Y (AND2x2_ASAP7_75t_R)
                                         _155289_ (net)
                 10.76    0.11 5291.44 ^ _219049_/B (XNOR2x2_ASAP7_75t_R)
     2    2.32   10.93   27.43 5318.88 v _219049_/Y (XNOR2x2_ASAP7_75t_R)
                                         _155290_ (net)
                 10.94    0.15 5319.02 v _219062_/A2 (OAI22x1_ASAP7_75t_R)
     2    2.25   35.72   13.22 5332.25 ^ _219062_/Y (OAI22x1_ASAP7_75t_R)
                                         _155303_ (net)
                 35.73    0.17 5332.42 ^ _219217_/B (AO211x2_ASAP7_75t_R)
     2    3.63   16.53   29.39 5361.81 ^ _219217_/Y (AO211x2_ASAP7_75t_R)
                                         _155458_ (net)
                 16.54    0.30 5362.12 ^ _219222_/A (AND5x2_ASAP7_75t_R)
     3    3.69   18.86   28.39 5390.51 ^ _219222_/Y (AND5x2_ASAP7_75t_R)
                                         _155463_ (net)
                 18.94    0.64 5391.15 ^ place25237/A (BUFx3_ASAP7_75t_R)
     2    2.06    7.80   16.22 5407.37 ^ place25237/Y (BUFx3_ASAP7_75t_R)
                                         net24795 (net)
                  7.81    0.10 5407.47 ^ _219332_/A1 (OA31x2_ASAP7_75t_R)
     2    1.79   10.74   22.45 5429.92 ^ _219332_/Y (OA31x2_ASAP7_75t_R)
                                         _155573_ (net)
                 10.74    0.06 5429.98 ^ _219337_/A (XNOR2x2_ASAP7_75t_R)
     2    1.57    8.84   26.23 5456.20 v _219337_/Y (XNOR2x2_ASAP7_75t_R)
                                         _155578_ (net)
                  8.84    0.06 5456.27 v _219341_/B (OR3x1_ASAP7_75t_R)
     4    3.29   21.85   27.66 5483.93 v _219341_/Y (OR3x1_ASAP7_75t_R)
                                         _155582_ (net)
                 21.88    0.43 5484.36 v _219371_/B1 (AO221x1_ASAP7_75t_R)
     2    1.69   16.18   26.63 5510.99 v _219371_/Y (AO221x1_ASAP7_75t_R)
                                         _155612_ (net)
                 16.18    0.15 5511.15 v _219393_/A1 (OA211x2_ASAP7_75t_R)
     3    4.21   18.84   29.39 5540.54 v _219393_/Y (OA211x2_ASAP7_75t_R)
                                         _155634_ (net)
                 18.88    0.45 5540.99 v _219675_/A2 (AO21x1_ASAP7_75t_R)
     2    1.41   11.11   19.26 5560.25 v _219675_/Y (AO21x1_ASAP7_75t_R)
                                         _155916_ (net)
                 11.11    0.05 5560.30 v _219676_/B1 (AO32x1_ASAP7_75t_R)
     5    5.88   35.60   35.43 5595.73 v _219676_/Y (AO32x1_ASAP7_75t_R)
                                         _155917_ (net)
                 35.73    1.31 5597.05 v place25121/A (BUFx6f_ASAP7_75t_R)
     4    3.73    7.60   20.38 5617.43 v place25121/Y (BUFx6f_ASAP7_75t_R)
                                         net24679 (net)
                  7.62    0.15 5617.58 v _219726_/B (XNOR2x2_ASAP7_75t_R)
     1    0.75    9.69   19.95 5637.53 ^ _219726_/Y (XNOR2x2_ASAP7_75t_R)
                                         _155967_ (net)
                  9.69    0.04 5637.57 ^ _219727_/B (AND2x2_ASAP7_75t_R)
     1    1.29    8.31   15.64 5653.21 ^ _219727_/Y (AND2x2_ASAP7_75t_R)
                                         _155968_ (net)
                  8.31    0.09 5653.30 ^ _219728_/B (XNOR2x2_ASAP7_75t_R)
     2    1.75    9.36   25.90 5679.19 v _219728_/Y (XNOR2x2_ASAP7_75t_R)
                                         _155969_ (net)
                  9.36    0.04 5679.24 v _219729_/B (XNOR2x2_ASAP7_75t_R)
     1    0.79    9.94   20.53 5699.76 ^ _219729_/Y (XNOR2x2_ASAP7_75t_R)
                                         _155970_ (net)
                  9.94    0.04 5699.80 ^ _219730_/C (AND3x2_ASAP7_75t_R)
     2    2.34   13.28   23.25 5723.05 ^ _219730_/Y (AND3x2_ASAP7_75t_R)
                                         _155971_ (net)
                 13.31    0.38 5723.43 ^ _219859_/B (AND5x1_ASAP7_75t_R)
     2    2.11   20.37   32.01 5755.45 ^ _219859_/Y (AND5x1_ASAP7_75t_R)
                                         _156100_ (net)
                 20.37    0.07 5755.52 ^ _219929_/A2 (AO211x2_ASAP7_75t_R)
     4    4.77   20.01   28.68 5784.20 ^ _219929_/Y (AO211x2_ASAP7_75t_R)
                                         _156170_ (net)
                 20.05    0.49 5784.69 ^ _219930_/B (AND2x2_ASAP7_75t_R)
     2    2.18   11.13   19.95 5804.63 ^ _219930_/Y (AND2x2_ASAP7_75t_R)
                                         _156171_ (net)
                 11.13    0.06 5804.70 ^ _219935_/A1 (AO21x1_ASAP7_75t_R)
     4    3.59   24.89   21.49 5826.19 ^ _219935_/Y (AO21x1_ASAP7_75t_R)
                                         _156176_ (net)
                 24.90    0.26 5826.45 ^ _220135_/A (AND2x2_ASAP7_75t_R)
     3    3.04   13.67   20.71 5847.16 ^ _220135_/Y (AND2x2_ASAP7_75t_R)
                                         _156376_ (net)
                 13.68    0.15 5847.31 ^ _220136_/B (XNOR2x2_ASAP7_75t_R)
     1    0.92    9.44   25.52 5872.83 v _220136_/Y (XNOR2x2_ASAP7_75t_R)
                                         _156377_ (net)
                  9.44    0.07 5872.91 v _220141_/D (OR5x1_ASAP7_75t_R)
     1    1.30   14.72   34.36 5907.27 v _220141_/Y (OR5x1_ASAP7_75t_R)
                                         _156382_ (net)
                 14.72    0.10 5907.37 v _220143_/C (AO211x2_ASAP7_75t_R)
     2    2.73   11.40   20.75 5928.12 v _220143_/Y (AO211x2_ASAP7_75t_R)
                                         _156384_ (net)
                 11.44    0.39 5928.51 v _220166_/A3 (AO31x2_ASAP7_75t_R)
     3    2.81   10.50   18.50 5947.00 v _220166_/Y (AO31x2_ASAP7_75t_R)
                                         _156407_ (net)
                 10.51    0.22 5947.22 v _220179_/A2 (AOI21x1_ASAP7_75t_R)
     8    9.07   61.79   29.85 5977.06 ^ _220179_/Y (AOI21x1_ASAP7_75t_R)
                                         _156420_ (net)
                 61.80    0.33 5977.39 ^ _220248_/B (OA211x2_ASAP7_75t_R)
     1    1.38   10.80   28.89 6006.28 ^ _220248_/Y (OA211x2_ASAP7_75t_R)
                                         _156489_ (net)
                 10.80    0.11 6006.39 ^ _220249_/B (XNOR2x2_ASAP7_75t_R)
     2    3.13   13.03   28.75 6035.14 v _220249_/Y (XNOR2x2_ASAP7_75t_R)
                                         _156490_ (net)
                 13.04    0.24 6035.38 v _220304_/A2 (AOI22x1_ASAP7_75t_R)
     2    3.11   35.09   16.83 6052.21 ^ _220304_/Y (AOI22x1_ASAP7_75t_R)
                                         _156545_ (net)
                 35.13    0.73 6052.94 ^ _220487_/B (AND5x1_ASAP7_75t_R)
     2    2.21   20.89   36.34 6089.28 ^ _220487_/Y (AND5x1_ASAP7_75t_R)
                                         _156728_ (net)
                 20.90    0.21 6089.49 ^ _220507_/C (AND4x1_ASAP7_75t_R)
     1    2.06   18.70   28.38 6117.88 ^ _220507_/Y (AND4x1_ASAP7_75t_R)
                                         _156748_ (net)
                 18.72    0.32 6118.19 ^ _220511_/A3 (AO31x2_ASAP7_75t_R)
     3    2.66   13.33   19.76 6137.96 ^ _220511_/Y (AO31x2_ASAP7_75t_R)
                                         _156752_ (net)
                 13.34    0.13 6138.09 ^ _220512_/B1 (AOI22x1_ASAP7_75t_R)
     9    7.08   40.35   21.52 6159.61 v _220512_/Y (AOI22x1_ASAP7_75t_R)
                                         _156753_ (net)
                 40.36    0.37 6159.98 v place24801/A (BUFx3_ASAP7_75t_R)
     4    3.79   11.12   23.99 6183.96 v place24801/Y (BUFx3_ASAP7_75t_R)
                                         net24359 (net)
                 11.18    0.42 6184.39 v _220540_/A2 (AO22x1_ASAP7_75t_R)
     2    1.65   12.94   21.94 6206.33 v _220540_/Y (AO22x1_ASAP7_75t_R)
                                         _156781_ (net)
                 12.94    0.07 6206.40 v _220857_/A2 (AO33x2_ASAP7_75t_R)
     2    1.70   13.05   31.36 6237.76 v _220857_/Y (AO33x2_ASAP7_75t_R)
                                         _157098_ (net)
                 13.05    0.05 6237.81 v _220863_/C (AO211x2_ASAP7_75t_R)
     1    1.22    7.15   17.85 6255.67 v _220863_/Y (AO211x2_ASAP7_75t_R)
                                         _157104_ (net)
                  7.16    0.09 6255.75 v _220864_/C (AO211x2_ASAP7_75t_R)
     1    0.73    5.90   15.41 6271.17 v _220864_/Y (AO211x2_ASAP7_75t_R)
                                         _157105_ (net)
                  5.90    0.04 6271.21 v _220865_/B1 (AO32x1_ASAP7_75t_R)
     2    2.05   17.65   24.72 6295.93 v _220865_/Y (AO32x1_ASAP7_75t_R)
                                         _157106_ (net)
                 17.66    0.26 6296.20 v _220867_/B2 (AO221x1_ASAP7_75t_R)
     2    1.87   15.58   26.81 6323.00 v _220867_/Y (AO221x1_ASAP7_75t_R)
                                         _157108_ (net)
                 15.59    0.18 6323.19 v _220868_/B1 (AO32x1_ASAP7_75t_R)
     2    1.80   14.08   26.89 6350.08 v _220868_/Y (AO32x1_ASAP7_75t_R)
                                         _157109_ (net)
                 14.09    0.16 6350.23 v _220874_/A2 (OA21x2_ASAP7_75t_R)
     3    3.43   13.32   22.67 6372.90 v _220874_/Y (OA21x2_ASAP7_75t_R)
                                         _157115_ (net)
                 13.34    0.27 6373.17 v place24679/A (BUFx3_ASAP7_75t_R)
     2    2.56    7.84   16.01 6389.18 v place24679/Y (BUFx3_ASAP7_75t_R)
                                         net24237 (net)
                  7.85    0.16 6389.34 v place24678/A (BUFx6f_ASAP7_75t_R)
     5    5.89    8.82   14.02 6403.36 v place24678/Y (BUFx6f_ASAP7_75t_R)
                                         net24236 (net)
                  8.88    0.42 6403.78 v _221020_/B (OA21x2_ASAP7_75t_R)
     3    3.02   12.34   16.05 6419.83 v _221020_/Y (OA21x2_ASAP7_75t_R)
                                         _157261_ (net)
                 12.35    0.11 6419.94 v _221023_/A (XNOR2x2_ASAP7_75t_R)
     2    3.51   15.12   25.44 6445.38 ^ _221023_/Y (XNOR2x2_ASAP7_75t_R)
                                         _157264_ (net)
                 15.12    0.14 6445.52 ^ _221141_/D (AND5x1_ASAP7_75t_R)
     1    1.31   15.62   32.03 6477.55 ^ _221141_/Y (AND5x1_ASAP7_75t_R)
                                         _157382_ (net)
                 15.62    0.15 6477.70 ^ _221142_/B (OA21x2_ASAP7_75t_R)
     1    1.33    8.38   17.92 6495.62 ^ _221142_/Y (OA21x2_ASAP7_75t_R)
                                         _157383_ (net)
                  8.39    0.15 6495.77 ^ _221143_/A2 (OA21x2_ASAP7_75t_R)
     2    2.07   10.72   17.17 6512.94 ^ _221143_/Y (OA21x2_ASAP7_75t_R)
                                         _157384_ (net)
                 10.74    0.25 6513.19 ^ _221176_/A2 (OA21x2_ASAP7_75t_R)
     3    2.32   11.37   18.28 6531.47 ^ _221176_/Y (OA21x2_ASAP7_75t_R)
                                         _157417_ (net)
                 11.38    0.14 6531.61 ^ _221286_/A1 (OA21x2_ASAP7_75t_R)
     4    3.96   16.81   21.53 6553.14 ^ _221286_/Y (OA21x2_ASAP7_75t_R)
                                         _157527_ (net)
                 16.91    0.74 6553.88 ^ _221342_/A2 (OA21x2_ASAP7_75t_R)
     2    1.99   10.50   19.39 6573.27 ^ _221342_/Y (OA21x2_ASAP7_75t_R)
                                         _157583_ (net)
                 10.51    0.13 6573.40 ^ _221343_/B (XNOR2x2_ASAP7_75t_R)
     4    2.43   11.17   27.58 6600.99 v _221343_/Y (XNOR2x2_ASAP7_75t_R)
                                         _157584_ (net)
                 11.17    0.08 6601.06 v _221375_/B (OA211x2_ASAP7_75t_R)
     1    1.22   14.91   27.06 6628.12 v _221375_/Y (OA211x2_ASAP7_75t_R)
                                         _157616_ (net)
                 14.91    0.08 6628.20 v _221376_/B (AOI211x1_ASAP7_75t_R)
     3    3.60   48.02   22.59 6650.79 ^ _221376_/Y (AOI211x1_ASAP7_75t_R)
                                         _157617_ (net)
                 48.02    0.25 6651.03 ^ _221592_/B (AO211x2_ASAP7_75t_R)
     4    3.99   17.72   32.43 6683.46 ^ _221592_/Y (AO211x2_ASAP7_75t_R)
                                         _157833_ (net)
                 17.79    0.58 6684.04 ^ _221600_/A1 (AO31x2_ASAP7_75t_R)
     3    3.05   14.68   21.35 6705.39 ^ _221600_/Y (AO31x2_ASAP7_75t_R)
                                         _157841_ (net)
                 14.72    0.43 6705.82 ^ _221602_/A (AND5x2_ASAP7_75t_R)
     6    6.05   26.34   31.61 6737.42 ^ _221602_/Y (AND5x2_ASAP7_75t_R)
                                         _157843_ (net)
                 26.39    0.61 6738.04 ^ place24445/A (BUFx3_ASAP7_75t_R)
     1    1.32    6.64   16.81 6754.85 ^ place24445/Y (BUFx3_ASAP7_75t_R)
                                         net24003 (net)
                  6.64    0.07 6754.92 ^ _221804_/A3 (OA31x2_ASAP7_75t_R)
     1    1.29    9.18   18.51 6773.42 ^ _221804_/Y (OA31x2_ASAP7_75t_R)
                                         _158045_ (net)
                  9.18    0.09 6773.51 ^ _221805_/B (XNOR2x2_ASAP7_75t_R)
     5    4.25   16.23   30.00 6803.51 v _221805_/Y (XNOR2x2_ASAP7_75t_R)
                                         _158046_ (net)
                 16.26    0.36 6803.87 v _221841_/B (OR2x2_ASAP7_75t_R)
     2    1.92   10.70   20.40 6824.27 v _221841_/Y (OR2x2_ASAP7_75t_R)
                                         _158082_ (net)
                 10.70    0.07 6824.34 v _221842_/C (MAJx2_ASAP7_75t_R)
     1    1.62   11.48   21.28 6845.62 v _221842_/Y (MAJx2_ASAP7_75t_R)
                                         _158083_ (net)
                 11.49    0.14 6845.76 v _221846_/B (MAJx2_ASAP7_75t_R)
     2    1.33   11.75   22.21 6867.96 v _221846_/Y (MAJx2_ASAP7_75t_R)
                                         _158087_ (net)
                 11.75    0.04 6868.00 v _221882_/B (AND5x1_ASAP7_75t_R)
     2    2.07   13.58   19.94 6887.94 v _221882_/Y (AND5x1_ASAP7_75t_R)
                                         _158123_ (net)
                 13.58    0.13 6888.07 v _221926_/A2 (OAI21x1_ASAP7_75t_R)
     4    4.84   34.56   19.91 6907.98 ^ _221926_/Y (OAI21x1_ASAP7_75t_R)
                                         _158167_ (net)
                 34.64    0.95 6908.93 ^ place24326/A (BUFx3_ASAP7_75t_R)
     3    3.01   10.07   20.24 6929.18 ^ place24326/Y (BUFx3_ASAP7_75t_R)
                                         net23884 (net)
                 10.08    0.12 6929.30 ^ _222073_/A2 (AOI211x1_ASAP7_75t_R)
     2    2.20   28.96   19.05 6948.36 v _222073_/Y (AOI211x1_ASAP7_75t_R)
                                         _158314_ (net)
                 28.97    0.26 6948.61 v _222155_/A2 (OA21x2_ASAP7_75t_R)
     1    1.07    7.58   22.74 6971.35 v _222155_/Y (OA21x2_ASAP7_75t_R)
                                         _158396_ (net)
                  7.58    0.04 6971.39 v _222156_/A (XOR2x2_ASAP7_75t_R)
     2    2.53   12.36   26.09 6997.48 ^ _222156_/Y (XOR2x2_ASAP7_75t_R)
                                         _158397_ (net)
                 12.39    0.34 6997.83 ^ place24271/A (BUFx3_ASAP7_75t_R)
     9    8.76   22.03   20.31 7018.14 ^ place24271/Y (BUFx3_ASAP7_75t_R)
                                         net23829 (net)
                 22.16    0.99 7019.13 ^ _222157_/A (INVx1_ASAP7_75t_R)
     2    2.58   17.97   13.77 7032.90 v _222157_/Y (INVx1_ASAP7_75t_R)
                                         _158398_ (net)
                 17.99    0.28 7033.19 v _222163_/B (MAJx2_ASAP7_75t_R)
     1    1.42   11.14   24.25 7057.44 v _222163_/Y (MAJx2_ASAP7_75t_R)
                                         _158404_ (net)
                 11.14    0.08 7057.52 v _222164_/B (AOI21x1_ASAP7_75t_R)
     2    2.52   20.37   14.02 7071.54 ^ _222164_/Y (AOI21x1_ASAP7_75t_R)
                                         _158405_ (net)
                 20.39    0.28 7071.82 ^ _222322_/A (NOR2x1_ASAP7_75t_R)
     6    4.77   34.41   21.27 7093.09 v _222322_/Y (NOR2x1_ASAP7_75t_R)
                                         _158563_ (net)
                 34.43    0.49 7093.58 v _222326_/A2 (AO22x2_ASAP7_75t_R)
     4    3.31   13.60   27.74 7121.32 v _222326_/Y (AO22x2_ASAP7_75t_R)
                                         _158567_ (net)
                 13.64    0.41 7121.73 v _222333_/B2 (AO221x2_ASAP7_75t_R)
     6    7.57   26.70   36.34 7158.08 v _222333_/Y (AO221x2_ASAP7_75t_R)
                                         _158574_ (net)
                 26.74    0.65 7158.73 v place24142/A (BUFx6f_ASAP7_75t_R)
     7    7.97   11.43   20.30 7179.03 v place24142/Y (BUFx6f_ASAP7_75t_R)
                                         net23700 (net)
                 11.70    0.94 7179.98 v _222673_/A1 (AO21x1_ASAP7_75t_R)
     1    0.87    8.00   16.67 7196.64 v _222673_/Y (AO21x1_ASAP7_75t_R)
                                         _158914_ (net)
                  8.00    0.05 7196.70 v _222675_/A2 (AO22x2_ASAP7_75t_R)
     2    1.99   10.23   20.24 7216.94 v _222675_/Y (AO22x2_ASAP7_75t_R)
                                         _158916_ (net)
                 10.23    0.09 7217.03 v place24098/A (BUFx3_ASAP7_75t_R)
     5    6.17   14.13   18.22 7235.25 v place24098/Y (BUFx3_ASAP7_75t_R)
                                         net23656 (net)
                 14.14    0.23 7235.47 v _222776_/B (MAJx2_ASAP7_75t_R)
     2    1.56   11.63   23.37 7258.85 v _222776_/Y (MAJx2_ASAP7_75t_R)
                                         _159017_ (net)
                 11.64    0.06 7258.90 v _222872_/B (OA21x2_ASAP7_75t_R)
     2    1.58   10.24   14.81 7273.71 v _222872_/Y (OA21x2_ASAP7_75t_R)
                                         _159113_ (net)
                 10.24    0.09 7273.80 v _222915_/C (OR4x1_ASAP7_75t_R)
     1    0.75   10.13   26.06 7299.86 v _222915_/Y (OR4x1_ASAP7_75t_R)
                                         _159156_ (net)
                 10.13    0.04 7299.90 v _222917_/A1 (OA211x2_ASAP7_75t_R)
     8    7.04   25.59   32.22 7332.12 v _222917_/Y (OA211x2_ASAP7_75t_R)
                                         _159158_ (net)
                 25.63    0.52 7332.65 v _222939_/B2 (AO221x1_ASAP7_75t_R)
     2    2.26   16.81   30.05 7362.70 v _222939_/Y (AO221x1_ASAP7_75t_R)
                                         _159180_ (net)
                 16.82    0.15 7362.84 v _222940_/A2 (AO211x2_ASAP7_75t_R)
     7    8.40   26.35   28.88 7391.72 v _222940_/Y (AO211x2_ASAP7_75t_R)
                                         _159181_ (net)
                 26.49    1.13 7392.85 v place23985/A (BUFx6f_ASAP7_75t_R)
     8    7.64   10.74   20.31 7413.16 v place23985/Y (BUFx6f_ASAP7_75t_R)
                                         net23543 (net)
                 10.77    0.30 7413.46 v _223248_/A1 (AO21x1_ASAP7_75t_R)
     3    2.74   17.10   21.52 7434.98 v _223248_/Y (AO21x1_ASAP7_75t_R)
                                         _159489_ (net)
                 17.10    0.08 7435.06 v _223251_/A1 (AOI21x1_ASAP7_75t_R)
     1    0.87   23.39    9.55 7444.61 ^ _223251_/Y (AOI21x1_ASAP7_75t_R)
                                         _159492_ (net)
                 23.39    0.06 7444.67 ^ _223252_/A2 (OA211x2_ASAP7_75t_R)
     1    0.89    8.42   22.55 7467.21 ^ _223252_/Y (OA211x2_ASAP7_75t_R)
                                         _159493_ (net)
                  8.42    0.06 7467.27 ^ _223253_/C (AND3x1_ASAP7_75t_R)
     1    1.37   13.86   19.89 7487.16 ^ _223253_/Y (AND3x1_ASAP7_75t_R)
                                         _159494_ (net)
                 13.86    0.17 7487.33 ^ _223254_/E (AND5x1_ASAP7_75t_R)
     1    0.85   13.36   30.72 7518.05 ^ _223254_/Y (AND5x1_ASAP7_75t_R)
                                         _159495_ (net)
                 13.36    0.06 7518.11 ^ _223255_/A (AND5x1_ASAP7_75t_R)
     2    2.10   20.34   30.50 7548.60 ^ _223255_/Y (AND5x1_ASAP7_75t_R)
                                         _159496_ (net)
                 20.35    0.27 7548.87 ^ _223256_/B (OR4x2_ASAP7_75t_R)
     2    1.48    7.63   16.46 7565.33 ^ _223256_/Y (OR4x2_ASAP7_75t_R)
                                         _159497_ (net)
                  7.63    0.06 7565.39 ^ place23853/A (BUFx3_ASAP7_75t_R)
    12   10.43   24.89   20.95 7586.35 ^ place23853/Y (BUFx3_ASAP7_75t_R)
                                         net23411 (net)
                 24.93    0.56 7586.91 ^ _223257_/A (NOR2x2_ASAP7_75t_R)
     3    3.57   16.76   14.92 7601.82 v _223257_/Y (NOR2x2_ASAP7_75t_R)
                                         _159498_ (net)
                 16.76    0.09 7601.91 v place23846/A (BUFx6f_ASAP7_75t_R)
     5    4.38    7.64   16.16 7618.07 v place23846/Y (BUFx6f_ASAP7_75t_R)
                                         net23404 (net)
                  7.69    0.32 7618.38 v _223373_/D (OR4x1_ASAP7_75t_R)
     1    0.95   12.32   26.79 7645.17 v _223373_/Y (OR4x1_ASAP7_75t_R)
                                         _159614_ (net)
                 12.32    0.07 7645.24 v _223375_/C (AND4x1_ASAP7_75t_R)
     2    2.33   14.43   17.91 7663.16 v _223375_/Y (AND4x1_ASAP7_75t_R)
                                         _159616_ (net)
                 14.44    0.29 7663.45 v _223376_/B (XNOR2x2_ASAP7_75t_R)
     1    0.73    8.74   21.80 7685.24 ^ _223376_/Y (XNOR2x2_ASAP7_75t_R)
                                         _159617_ (net)
                  8.74    0.04 7685.28 ^ _223377_/B (AND2x2_ASAP7_75t_R)
     2    2.25   10.84   17.00 7702.28 ^ _223377_/Y (AND2x2_ASAP7_75t_R)
                                         _159618_ (net)
                 10.84    0.14 7702.41 ^ _223439_/D (AND5x1_ASAP7_75t_R)
     2    2.54   22.61   34.81 7737.22 ^ _223439_/Y (AND5x1_ASAP7_75t_R)
                                         _159680_ (net)
                 22.63    0.28 7737.50 ^ place23753/A (BUFx6f_ASAP7_75t_R)
     3    2.82    6.58   15.69 7753.20 ^ place23753/Y (BUFx6f_ASAP7_75t_R)
                                         net23311 (net)
                  6.59    0.08 7753.28 ^ _223668_/A (NAND3x1_ASAP7_75t_R)
     5    4.17   23.59   12.61 7765.88 v _223668_/Y (NAND3x1_ASAP7_75t_R)
                                         _159909_ (net)
                 23.61    0.44 7766.32 v place23730/A (BUFx3_ASAP7_75t_R)
    10    9.53   20.48   24.75 7791.08 v place23730/Y (BUFx3_ASAP7_75t_R)
                                         net23288 (net)
                 20.62    0.94 7792.01 v _223817_/A3 (AO32x1_ASAP7_75t_R)
     2    2.09   15.48   29.82 7821.83 v _223817_/Y (AO32x1_ASAP7_75t_R)
                                         _160058_ (net)
                 15.49    0.08 7821.91 v _223977_/B (XOR2x2_ASAP7_75t_R)
     2    1.99   10.04   22.18 7844.10 v _223977_/Y (XOR2x2_ASAP7_75t_R)
                                         _160218_ (net)
                 10.05    0.10 7844.20 v _223993_/C (MAJx2_ASAP7_75t_R)
     2    1.96   12.35   21.69 7865.89 v _223993_/Y (MAJx2_ASAP7_75t_R)
                                         _160234_ (net)
                 12.36    0.20 7866.09 v _223994_/D (OR4x2_ASAP7_75t_R)
     3    4.09   19.67   38.13 7904.22 v _223994_/Y (OR4x2_ASAP7_75t_R)
                                         _160235_ (net)
                 19.67    0.16 7904.38 v _223995_/A1 (AOI21x1_ASAP7_75t_R)
     1    1.62   16.52   12.31 7916.69 ^ _223995_/Y (AOI21x1_ASAP7_75t_R)
                                         _160236_ (net)
                 16.53    0.16 7916.85 ^ _224023_/A3 (OA31x2_ASAP7_75t_R)
     2    1.79   10.78   22.07 7938.92 ^ _224023_/Y (OA31x2_ASAP7_75t_R)
                                         _160264_ (net)
                 10.79    0.15 7939.07 ^ _224027_/A2 (AO21x2_ASAP7_75t_R)
     2    1.89   10.10   17.52 7956.58 ^ _224027_/Y (AO21x2_ASAP7_75t_R)
                                         _160268_ (net)
                 10.11    0.10 7956.68 ^ _224028_/B (AO211x2_ASAP7_75t_R)
     4    4.51   18.97   23.63 7980.31 ^ _224028_/Y (AO211x2_ASAP7_75t_R)
                                         _160269_ (net)
                 19.00    0.41 7980.72 ^ place23565/A (BUFx6f_ASAP7_75t_R)
     4    4.10    8.09   15.56 7996.28 ^ place23565/Y (BUFx6f_ASAP7_75t_R)
                                         net23123 (net)
                  8.25    0.61 7996.89 ^ _224375_/B (NAND2x1_ASAP7_75t_R)
     2    1.37    9.95    7.35 8004.24 v _224375_/Y (NAND2x1_ASAP7_75t_R)
                                         _160616_ (net)
                  9.95    0.07 8004.31 v _224386_/E (OR5x1_ASAP7_75t_R)
     1    1.00   12.76   33.56 8037.86 v _224386_/Y (OR5x1_ASAP7_75t_R)
                                         _160627_ (net)
                 12.76    0.08 8037.94 v _224387_/D (AND4x1_ASAP7_75t_R)
     2    1.34    9.41   16.19 8054.14 v _224387_/Y (AND4x1_ASAP7_75t_R)
                                         _160628_ (net)
                  9.41    0.06 8054.19 v _224397_/C (OR5x1_ASAP7_75t_R)
     3    4.74   34.16   43.73 8097.92 v _224397_/Y (OR5x1_ASAP7_75t_R)
                                         _160638_ (net)
                 34.30    1.33 8099.25 v place23468/A (BUFx3_ASAP7_75t_R)
     1    1.14    6.35   19.79 8119.04 v place23468/Y (BUFx3_ASAP7_75t_R)
                                         net23026 (net)
                  6.36    0.06 8119.10 v _224398_/B (AOI211x1_ASAP7_75t_R)
     1    0.94   18.64   10.49 8129.59 ^ _224398_/Y (AOI211x1_ASAP7_75t_R)
                                         _160639_ (net)
                 18.64    0.06 8129.66 ^ _224454_/A2 (OA21x2_ASAP7_75t_R)
     7    8.01   29.69   28.09 8157.74 ^ _224454_/Y (OA21x2_ASAP7_75t_R)
                                         _160695_ (net)
                 29.76    0.84 8158.58 ^ _224494_/C (OR3x2_ASAP7_75t_R)
     9    8.01   27.56   27.78 8186.36 ^ _224494_/Y (OR3x2_ASAP7_75t_R)
                                         _160735_ (net)
                 27.60    0.72 8187.08 ^ place23434/A (BUFx3_ASAP7_75t_R)
     2    1.61    7.22   17.36 8204.44 ^ place23434/Y (BUFx3_ASAP7_75t_R)
                                         net22992 (net)
                  7.22    0.10 8204.54 ^ _224616_/A (AND2x2_ASAP7_75t_R)
     2    2.21   10.71   16.39 8220.93 ^ _224616_/Y (AND2x2_ASAP7_75t_R)
                                         _160857_ (net)
                 10.71    0.10 8221.02 ^ _224617_/B (XNOR2x2_ASAP7_75t_R)
     4    5.12   18.65   31.43 8252.45 v _224617_/Y (XNOR2x2_ASAP7_75t_R)
                                         _160858_ (net)
                 18.74    0.74 8253.19 v _224737_/B (MAJx2_ASAP7_75t_R)
     2    1.31   11.90   24.30 8277.48 v _224737_/Y (MAJx2_ASAP7_75t_R)
                                         _160978_ (net)
                 11.90    0.05 8277.53 v _224738_/B (AND2x2_ASAP7_75t_R)
     2    1.49    9.85   16.24 8293.77 v _224738_/Y (AND2x2_ASAP7_75t_R)
                                         _160979_ (net)
                  9.85    0.06 8293.83 v _224744_/B1 (OA22x2_ASAP7_75t_R)
     2    2.60   14.12   21.85 8315.68 v _224744_/Y (OA22x2_ASAP7_75t_R)
                                         _160985_ (net)
                 14.16    0.43 8316.10 v _224814_/A1 (OA211x2_ASAP7_75t_R)
     2    1.46   11.11   24.30 8340.40 v _224814_/Y (OA211x2_ASAP7_75t_R)
                                         _161055_ (net)
                 11.11    0.07 8340.47 v _224859_/A2 (AO221x1_ASAP7_75t_R)
     1    1.51   12.73   25.08 8365.55 v _224859_/Y (AO221x1_ASAP7_75t_R)
                                         _161100_ (net)
                 12.74    0.08 8365.63 v place23293/A (BUFx6f_ASAP7_75t_R)
    16   16.47   19.57   19.24 8384.88 v place23293/Y (BUFx6f_ASAP7_75t_R)
                                         net22851 (net)
                 19.60    0.50 8385.38 v place23292/A (BUFx3_ASAP7_75t_R)
     9    7.79   17.02   22.51 8407.89 v place23292/Y (BUFx3_ASAP7_75t_R)
                                         net22850 (net)
                 17.11    0.70 8408.59 v _225339_/A (AND3x1_ASAP7_75t_R)
     2    1.39    9.45   15.37 8423.96 v _225339_/Y (AND3x1_ASAP7_75t_R)
                                         _161580_ (net)
                  9.46    0.07 8424.03 v _225346_/B (OA211x2_ASAP7_75t_R)
     2    1.98   12.56   28.03 8452.06 v _225346_/Y (OA211x2_ASAP7_75t_R)
                                         _161587_ (net)
                 12.56    0.08 8452.14 v _225347_/B (XOR2x2_ASAP7_75t_R)
     2    1.40    8.77   26.08 8478.22 ^ _225347_/Y (XOR2x2_ASAP7_75t_R)
                                         _161588_ (net)
                  8.77    0.04 8478.25 ^ _225350_/A (AND2x2_ASAP7_75t_R)
     3    2.10   10.34   16.51 8494.76 ^ _225350_/Y (AND2x2_ASAP7_75t_R)
                                         _161591_ (net)
                 10.34    0.07 8494.84 ^ _225351_/C (AND3x1_ASAP7_75t_R)
     2    2.54   19.83   23.75 8518.59 ^ _225351_/Y (AND3x1_ASAP7_75t_R)
                                         _161592_ (net)
                 19.83    0.20 8518.79 ^ _225364_/A (NAND3x1_ASAP7_75t_R)
     3    2.84   19.72   13.48 8532.26 v _225364_/Y (NAND3x1_ASAP7_75t_R)
                                         _161605_ (net)
                 19.75    0.48 8532.74 v _225371_/C (OR4x2_ASAP7_75t_R)
     2    2.02   13.59   34.96 8567.71 v _225371_/Y (OR4x2_ASAP7_75t_R)
                                         _161612_ (net)
                 13.60    0.21 8567.91 v _225393_/B (AO21x1_ASAP7_75t_R)
     2    2.32   15.16   21.32 8589.23 v _225393_/Y (AO21x1_ASAP7_75t_R)
                                         _161634_ (net)
                 15.16    0.11 8589.34 v place23178/A (BUFx3_ASAP7_75t_R)
    21   18.26   35.56   29.04 8618.38 v place23178/Y (BUFx3_ASAP7_75t_R)
                                         net22736 (net)
                 35.58    0.48 8618.87 v _225419_/A (NAND2x1_ASAP7_75t_R)
     1    1.11   17.98   17.14 8636.01 ^ _225419_/Y (NAND2x1_ASAP7_75t_R)
                                         _161660_ (net)
                 17.98    0.05 8636.06 ^ _225420_/B (XNOR2x2_ASAP7_75t_R)
     3    3.66   14.69   30.81 8666.87 v _225420_/Y (XNOR2x2_ASAP7_75t_R)
                                         _161661_ (net)
                 14.75    0.53 8667.39 v _225421_/B (NAND2x1_ASAP7_75t_R)
     2    2.03   45.73   12.99 8680.38 ^ _225421_/Y (NAND2x1_ASAP7_75t_R)
                                         _161662_ (net)
                 45.73    0.10 8680.48 ^ _225422_/C (MAJx2_ASAP7_75t_R)
     3    4.66   20.03   28.98 8709.46 ^ _225422_/Y (MAJx2_ASAP7_75t_R)
                                         _161663_ (net)
                 20.05    0.29 8709.74 ^ _225430_/A2 (AOI211x1_ASAP7_75t_R)
     2    1.87   27.40   20.75 8730.49 v _225430_/Y (AOI211x1_ASAP7_75t_R)
                                         _161671_ (net)
                 27.40    0.11 8730.60 v _225436_/B (AO21x1_ASAP7_75t_R)
     2    1.42   11.06   21.53 8752.13 v _225436_/Y (AO21x1_ASAP7_75t_R)
                                         _161677_ (net)
                 11.06    0.05 8752.18 v _225736_/B1 (AO22x1_ASAP7_75t_R)
     1    1.09   10.85   20.83 8773.01 v _225736_/Y (AO22x1_ASAP7_75t_R)
                                         _161977_ (net)
                 10.86    0.05 8773.06 v _225738_/A2 (AO211x2_ASAP7_75t_R)
     8    8.58   27.28   27.71 8800.77 v _225738_/Y (AO211x2_ASAP7_75t_R)
                                         _161979_ (net)
                 27.31    0.50 8801.27 v place23062/A (BUFx3_ASAP7_75t_R)
    14   13.66   27.39   29.01 8830.28 v place23062/Y (BUFx3_ASAP7_75t_R)
                                         net22620 (net)
                 27.59    1.33 8831.60 v _225938_/A1 (AO21x2_ASAP7_75t_R)
     4    3.54   13.81   27.39 8859.00 v _225938_/Y (AO21x2_ASAP7_75t_R)
                                         _162179_ (net)
                 13.81    0.12 8859.12 v _225941_/A1 (AO21x1_ASAP7_75t_R)
     1    0.93    9.09   17.47 8876.59 v _225941_/Y (AO21x1_ASAP7_75t_R)
                                         _162182_ (net)
                  9.09    0.07 8876.66 v _225962_/A2 (AO222x2_ASAP7_75t_R)
     3    3.82   17.95   36.74 8913.40 v _225962_/Y (AO222x2_ASAP7_75t_R)
                                         _162203_ (net)
                 17.98    0.37 8913.77 v _225997_/C (AOI211x1_ASAP7_75t_R)
     3    2.74   32.76   20.01 8933.77 ^ _225997_/Y (AOI211x1_ASAP7_75t_R)
                                         _162238_ (net)
                 32.76    0.26 8934.03 ^ _225998_/B (AND4x2_ASAP7_75t_R)
     5    5.37   24.85   38.11 8972.14 ^ _225998_/Y (AND4x2_ASAP7_75t_R)
                                         _162239_ (net)
                 24.91    0.67 8972.80 ^ _225999_/B (OA21x2_ASAP7_75t_R)
     3    2.54   12.16   21.51 8994.31 ^ _225999_/Y (OA21x2_ASAP7_75t_R)
                                         _162240_ (net)
                 12.16    0.12 8994.43 ^ _226099_/B (OR3x2_ASAP7_75t_R)
     5    7.29   25.66   21.94 9016.38 ^ _226099_/Y (OR3x2_ASAP7_75t_R)
                                         _162340_ (net)
                 25.78    1.02 9017.40 ^ place22882/A (BUFx3_ASAP7_75t_R)
    18   15.85   37.21   29.47 9046.87 ^ place22882/Y (BUFx3_ASAP7_75t_R)
                                         net22440 (net)
                 37.82    2.65 9049.51 ^ _226610_/A (NAND2x1_ASAP7_75t_R)
     1    1.12   11.81   10.10 9059.61 v _226610_/Y (NAND2x1_ASAP7_75t_R)
                                         _162851_ (net)
                 11.81    0.06 9059.68 v _226611_/B (XNOR2x2_ASAP7_75t_R)
     1    0.69    6.70   21.04 9080.71 ^ _226611_/Y (XNOR2x2_ASAP7_75t_R)
                                         _162852_ (net)
                  6.70    0.04 9080.75 ^ _226620_/A3 (AO32x1_ASAP7_75t_R)
     2    2.23   20.11   22.31 9103.06 ^ _226620_/Y (AO32x1_ASAP7_75t_R)
                                         _162861_ (net)
                 20.11    0.08 9103.14 ^ _226621_/C (NOR3x1_ASAP7_75t_R)
     1    1.42   17.41   15.89 9119.03 v _226621_/Y (NOR3x1_ASAP7_75t_R)
                                         _162862_ (net)
                 17.42    0.18 9119.21 v _226623_/C (OR4x1_ASAP7_75t_R)
     2    1.67   15.00   30.80 9150.01 v _226623_/Y (OR4x1_ASAP7_75t_R)
                                         _162864_ (net)
                 15.01    0.06 9150.07 v _226625_/B (OR3x1_ASAP7_75t_R)
     3    2.27   17.04   26.30 9176.37 v _226625_/Y (OR3x1_ASAP7_75t_R)
                                         _162866_ (net)
                 17.05    0.18 9176.55 v place22757/A (BUFx3_ASAP7_75t_R)
     1    1.53    6.23   16.04 9192.59 v place22757/Y (BUFx3_ASAP7_75t_R)
                                         net22315 (net)
                  6.24    0.10 9192.69 v _226626_/C (NAND3x1_ASAP7_75t_R)
     3    3.37   29.72   18.48 9211.18 ^ _226626_/Y (NAND3x1_ASAP7_75t_R)
                                         _162867_ (net)
                 29.74    0.44 9211.62 ^ _226717_/A1 (OAI21x1_ASAP7_75t_R)
     6    6.35   34.51   21.64 9233.26 v _226717_/Y (OAI21x1_ASAP7_75t_R)
                                         _162958_ (net)
                 34.55    0.64 9233.90 v place22721/A (BUFx3_ASAP7_75t_R)
     6    6.44   14.95   25.16 9259.06 v place22721/Y (BUFx3_ASAP7_75t_R)
                                         net22279 (net)
                 14.97    0.28 9259.34 v _226955_/B (AOI21x1_ASAP7_75t_R)
     2    1.87   17.93   13.53 9272.88 ^ _226955_/Y (AOI21x1_ASAP7_75t_R)
                                         _163196_ (net)
                 17.93    0.06 9272.94 ^ _226956_/B (XNOR2x2_ASAP7_75t_R)
     2    2.15   10.49   28.51 9301.45 v _226956_/Y (XNOR2x2_ASAP7_75t_R)
                                         _163197_ (net)
                 10.50    0.11 9301.57 v _226960_/B (MAJx2_ASAP7_75t_R)
     1    0.88   10.15   21.12 9322.69 v _226960_/Y (MAJx2_ASAP7_75t_R)
                                         _163201_ (net)
                 10.15    0.06 9322.75 v _226961_/B (AO21x1_ASAP7_75t_R)
     2    2.28   14.98   20.41 9343.16 v _226961_/Y (AO21x1_ASAP7_75t_R)
                                         _163202_ (net)
                 14.99    0.26 9343.42 v _226962_/B (AO21x1_ASAP7_75t_R)
     2    2.83   17.88   22.72 9366.14 v _226962_/Y (AO21x1_ASAP7_75t_R)
                                         _163203_ (net)
                 17.94    0.61 9366.75 v place22586/A (BUFx3_ASAP7_75t_R)
     2    3.17    8.96   18.07 9384.82 v place22586/Y (BUFx3_ASAP7_75t_R)
                                         net22144 (net)
                  8.97    0.12 9384.94 v _227103_/B (NAND3x1_ASAP7_75t_R)
     2    1.80   20.34   13.54 9398.47 ^ _227103_/Y (NAND3x1_ASAP7_75t_R)
                                         _163344_ (net)
                 20.34    0.11 9398.58 ^ _227110_/B (AND4x1_ASAP7_75t_R)
     2    2.38   20.45   29.23 9427.82 ^ _227110_/Y (AND4x1_ASAP7_75t_R)
                                         _163351_ (net)
                 20.46    0.16 9427.97 ^ place22551/A (BUFx6f_ASAP7_75t_R)
    10   10.06   14.52   18.85 9446.82 ^ place22551/Y (BUFx6f_ASAP7_75t_R)
                                         net22109 (net)
                 14.86    1.21 9448.03 ^ place22549/A (BUFx3_ASAP7_75t_R)
     3    3.21    9.87   16.39 9464.42 ^ place22549/Y (BUFx3_ASAP7_75t_R)
                                         net22107 (net)
                  9.88    0.10 9464.53 ^ place22548/A (BUFx3_ASAP7_75t_R)
    10   12.73   30.31   22.95 9487.48 ^ place22548/Y (BUFx3_ASAP7_75t_R)
                                         net22106 (net)
                 30.33    0.44 9487.92 ^ _227493_/A1 (AO21x1_ASAP7_75t_R)
     1    0.87    8.96   16.16 9504.07 ^ _227493_/Y (AO21x1_ASAP7_75t_R)
                                         _163734_ (net)
                  8.96    0.05 9504.12 ^ _227494_/A (AND3x1_ASAP7_75t_R)
     1    1.72   15.00   20.41 9524.54 ^ _227494_/Y (AND3x1_ASAP7_75t_R)
                                         _163735_ (net)
                 15.01    0.27 9524.81 ^ _227510_/A (AND5x1_ASAP7_75t_R)
     1    1.53   16.57   29.38 9554.19 ^ _227510_/Y (AND5x1_ASAP7_75t_R)
                                         _163751_ (net)
                 16.57    0.15 9554.34 ^ _227512_/D (AND5x2_ASAP7_75t_R)
     3    4.07   20.14   34.81 9589.15 ^ _227512_/Y (AND5x2_ASAP7_75t_R)
                                         _163753_ (net)
                 20.26    0.85 9590.00 ^ _227530_/B (OR3x1_ASAP7_75t_R)
     2    1.97   14.55   17.64 9607.64 ^ _227530_/Y (OR3x1_ASAP7_75t_R)
                                         _163771_ (net)
                 14.55    0.16 9607.80 ^ _227532_/C (OR3x1_ASAP7_75t_R)
     4    4.47   30.19   23.26 9631.07 ^ _227532_/Y (OR3x1_ASAP7_75t_R)
                                         _163773_ (net)
                 30.29    1.03 9632.09 ^ place22396/A (BUFx3_ASAP7_75t_R)
     7    7.62   19.12   23.85 9655.94 ^ place22396/Y (BUFx3_ASAP7_75t_R)
                                         net21954 (net)
                 19.18    0.61 9656.55 ^ place22395/A (BUFx3_ASAP7_75t_R)
     6    6.60   17.54   20.24 9676.80 ^ place22395/Y (BUFx3_ASAP7_75t_R)
                                         net21953 (net)
                 18.16    1.78 9678.58 ^ _227733_/A (AND2x2_ASAP7_75t_R)
     1    1.09    8.06   16.44 9695.02 ^ _227733_/Y (AND2x2_ASAP7_75t_R)
                                         _163974_ (net)
                  8.06    0.04 9695.07 ^ _227734_/B (XNOR2x2_ASAP7_75t_R)
     2    1.38    8.38   25.16 9720.23 v _227734_/Y (XNOR2x2_ASAP7_75t_R)
                                         _163975_ (net)
                  8.38    0.06 9720.28 v _227763_/A2 (AO221x1_ASAP7_75t_R)
     2    1.17   12.13   23.37 9743.65 v _227763_/Y (AO221x1_ASAP7_75t_R)
                                         _164004_ (net)
                 12.13    0.04 9743.70 v _227783_/A2 (AO32x1_ASAP7_75t_R)
     2    2.14   15.74   26.23 9769.93 v _227783_/Y (AO32x1_ASAP7_75t_R)
                                         _164024_ (net)
                 15.75    0.16 9770.08 v _227860_/A1 (OAI21x1_ASAP7_75t_R)
     2    3.73   28.60   18.43 9788.52 ^ _227860_/Y (OAI21x1_ASAP7_75t_R)
                                         _164101_ (net)
                 28.72    0.98 9789.50 ^ place22249/A (BUFx6f_ASAP7_75t_R)
     4    3.31    7.32   17.01 9806.51 ^ place22249/Y (BUFx6f_ASAP7_75t_R)
                                         net21807 (net)
                  7.33    0.14 9806.64 ^ _227861_/B (NAND2x1_ASAP7_75t_R)
     2    1.56   10.10    7.51 9814.16 v _227861_/Y (NAND2x1_ASAP7_75t_R)
                                         _164102_ (net)
                 10.10    0.04 9814.20 v _227862_/B (AND2x2_ASAP7_75t_R)
     8    7.13   22.32   22.81 9837.01 v _227862_/Y (AND2x2_ASAP7_75t_R)
                                         _164103_ (net)
                 22.43    0.89 9837.90 v place22223/A (BUFx3_ASAP7_75t_R)
     4    2.80    8.52   18.90 9856.80 v place22223/Y (BUFx3_ASAP7_75t_R)
                                         net21781 (net)
                  8.53    0.17 9856.97 v _228259_/D (OR5x1_ASAP7_75t_R)
     2    1.93   19.50   36.50 9893.47 v _228259_/Y (OR5x1_ASAP7_75t_R)
                                         _164500_ (net)
                 19.51    0.21 9893.68 v _228294_/D (AND5x1_ASAP7_75t_R)
     2    1.51   10.70   23.17 9916.85 v _228294_/Y (AND5x1_ASAP7_75t_R)
                                         _164535_ (net)
                 10.70    0.07 9916.92 v _228295_/C (AO221x1_ASAP7_75t_R)
     1    0.86   11.17   22.75 9939.68 v _228295_/Y (AO221x1_ASAP7_75t_R)
                                         _164536_ (net)
                 11.17    0.06 9939.74 v _228296_/C (AO221x1_ASAP7_75t_R)
     2    2.45   17.82   27.79 9967.53 v _228296_/Y (AO221x1_ASAP7_75t_R)
                                         _164537_ (net)
                 17.84    0.29 9967.82 v _228325_/A (NAND2x1_ASAP7_75t_R)
     4    4.27   32.00   21.52 9989.34 ^ _228325_/Y (NAND2x1_ASAP7_75t_R)
                                         _164566_ (net)
                 32.04    0.62 9989.95 ^ _228377_/A2 (AO221x2_ASAP7_75t_R)
     5    4.38   20.27   34.05 10024.01 ^ _228377_/Y (AO221x2_ASAP7_75t_R)
                                         _164618_ (net)
                 20.29    0.39 10024.40 ^ _228378_/B (NAND2x1_ASAP7_75t_R)
     6    6.52   34.35   21.37 10045.77 v _228378_/Y (NAND2x1_ASAP7_75t_R)
                                         _164619_ (net)
                 34.37    0.49 10046.26 v place22046/A (BUFx6f_ASAP7_75t_R)
     6    4.23    8.11   20.32 10066.58 v place22046/Y (BUFx6f_ASAP7_75t_R)
                                         net21604 (net)
                  8.15    0.32 10066.90 v place22045/A (BUFx3_ASAP7_75t_R)
     3    2.07    6.91   13.86 10080.77 v place22045/Y (BUFx3_ASAP7_75t_R)
                                         net21603 (net)
                  6.91    0.10 10080.86 v _228626_/A1 (AO21x2_ASAP7_75t_R)
     3    2.13   10.00   19.15 10100.01 v _228626_/Y (AO21x2_ASAP7_75t_R)
                                         _164867_ (net)
                 10.00    0.10 10100.11 v _228633_/A2 (AO21x1_ASAP7_75t_R)
     4    3.52   22.61   22.26 10122.37 v _228633_/Y (AO21x1_ASAP7_75t_R)
                                         _164874_ (net)
                 22.61    0.19 10122.57 v place22005/A (BUFx3_ASAP7_75t_R)
     4    4.20   10.90   20.30 10142.86 v place22005/Y (BUFx3_ASAP7_75t_R)
                                         net21563 (net)
                 10.90    0.08 10142.94 v _229076_/A2 (AO21x1_ASAP7_75t_R)
     1    0.60    8.26   14.75 10157.69 v _229076_/Y (AO21x1_ASAP7_75t_R)
                                         _165317_ (net)
                  8.26    0.02 10157.72 v _229081_/A2 (AO221x1_ASAP7_75t_R)
     2    2.42   17.45   27.09 10184.81 v _229081_/Y (AO221x1_ASAP7_75t_R)
                                         _165322_ (net)
                 17.47    0.30 10185.11 v _229083_/A2 (AO21x1_ASAP7_75t_R)
     1    0.90    8.10   17.36 10202.47 v _229083_/Y (AO21x1_ASAP7_75t_R)
                                         _165324_ (net)
                  8.11    0.06 10202.53 v _229086_/A1 (AO21x1_ASAP7_75t_R)
     3    4.53   27.01   24.56 10227.09 v _229086_/Y (AO21x1_ASAP7_75t_R)
                                         _165327_ (net)
                 27.12    1.04 10228.14 v _229308_/A2 (AOI221x1_ASAP7_75t_R)
     2    2.42   31.57   21.12 10249.25 ^ _229308_/Y (AOI221x1_ASAP7_75t_R)
                                         _165549_ (net)
                 31.58    0.27 10249.52 ^ _229309_/B (AOI211x1_ASAP7_75t_R)
     1    1.61   24.58   15.35 10264.87 v _229309_/Y (AOI211x1_ASAP7_75t_R)
                                         _165550_ (net)
                 24.59    0.12 10264.98 v place21840/A (BUFx6f_ASAP7_75t_R)
    12   12.22   14.81   21.79 10286.77 v place21840/Y (BUFx6f_ASAP7_75t_R)
                                         net21398 (net)
                 14.86    0.47 10287.24 v _229315_/D (OR4x1_ASAP7_75t_R)
     1    0.96   12.56   27.95 10315.20 v _229315_/Y (OR4x1_ASAP7_75t_R)
                                         _165556_ (net)
                 12.56    0.07 10315.27 v _229320_/C (AND4x1_ASAP7_75t_R)
     1    0.98    7.66   14.65 10329.92 v _229320_/Y (AND4x1_ASAP7_75t_R)
                                         _165561_ (net)
                  7.66    0.08 10329.99 v _229325_/A1 (AO21x1_ASAP7_75t_R)
     2    2.15   14.28   19.03 10349.02 v _229325_/Y (AO21x1_ASAP7_75t_R)
                                         _165566_ (net)
                 14.28    0.12 10349.14 v _229353_/A1 (AOI221x1_ASAP7_75t_R)
     4    4.99   51.21   27.94 10377.08 ^ _229353_/Y (AOI221x1_ASAP7_75t_R)
                                         _165594_ (net)
                 51.29    1.19 10378.27 ^ _229638_/A (AND5x1_ASAP7_75t_R)
     2    1.77   18.58   37.01 10415.28 ^ _229638_/Y (AND5x1_ASAP7_75t_R)
                                         _165879_ (net)
                 18.59    0.16 10415.44 ^ _229640_/B2 (AO221x1_ASAP7_75t_R)
     1    1.73   15.61   22.60 10438.03 ^ _229640_/Y (AO221x1_ASAP7_75t_R)
                                         _165881_ (net)
                 15.61    0.15 10438.19 ^ place21684/A (BUFx6f_ASAP7_75t_R)
     9   11.72   16.52   17.85 10456.04 ^ place21684/Y (BUFx6f_ASAP7_75t_R)
                                         net21242 (net)
                 17.54    2.20 10458.23 ^ _229740_/A3 (OA31x2_ASAP7_75t_R)
     2    2.06   11.59   22.88 10481.11 ^ _229740_/Y (OA31x2_ASAP7_75t_R)
                                         _165981_ (net)
                 11.59    0.08 10481.20 ^ _229741_/A (XNOR2x2_ASAP7_75t_R)
     2    1.94   10.42   22.98 10504.17 ^ _229741_/Y (XNOR2x2_ASAP7_75t_R)
                                         _165982_ (net)
                 10.42    0.09 10504.26 ^ _229742_/A (XNOR2x2_ASAP7_75t_R)
     1    0.93    9.35   25.02 10529.28 v _229742_/Y (XNOR2x2_ASAP7_75t_R)
                                         _165983_ (net)
                  9.35    0.07 10529.35 v _229743_/C (AO221x1_ASAP7_75t_R)
     2    2.82   19.31   28.50 10557.85 v _229743_/Y (AO221x1_ASAP7_75t_R)
                                         _165984_ (net)
                 19.31    0.18 10558.04 v _229749_/C (AOI211x1_ASAP7_75t_R)
     2    4.23   44.41   25.81 10583.84 ^ _229749_/Y (AOI211x1_ASAP7_75t_R)
                                         _165990_ (net)
                 44.47    0.89 10584.73 ^ _229763_/B (NOR2x2_ASAP7_75t_R)
     3    3.28   18.76   15.78 10600.52 v _229763_/Y (NOR2x2_ASAP7_75t_R)
                                         _166004_ (net)
                 18.78    0.34 10600.85 v _230125_/A1 (AOI211x1_ASAP7_75t_R)
     4    2.89   32.37   20.53 10621.38 ^ _230125_/Y (AOI211x1_ASAP7_75t_R)
                                         _166366_ (net)
                 32.37    0.10 10621.48 ^ _230181_/A2 (OA21x2_ASAP7_75t_R)
    11    9.99   36.07   33.57 10655.05 ^ _230181_/Y (OA21x2_ASAP7_75t_R)
                                         _166422_ (net)
                 36.55    2.30 10657.35 ^ _230419_/A1 (OA21x2_ASAP7_75t_R)
     2    1.88   10.58   24.28 10681.63 ^ _230419_/Y (OA21x2_ASAP7_75t_R)
                                         _166660_ (net)
                 10.58    0.07 10681.70 ^ _230420_/B (XNOR2x2_ASAP7_75t_R)
     2    1.86    9.72   26.60 10708.30 v _230420_/Y (XNOR2x2_ASAP7_75t_R)
                                         _166661_ (net)
                  9.72    0.09 10708.39 v _230421_/B (XNOR2x2_ASAP7_75t_R)
     1    0.85    8.77   20.72 10729.11 ^ _230421_/Y (XNOR2x2_ASAP7_75t_R)
                                         _166662_ (net)
                  8.77    0.06 10729.17 ^ _230422_/E (AND5x1_ASAP7_75t_R)
     1    2.29   21.69   34.04 10763.21 ^ _230422_/Y (AND5x1_ASAP7_75t_R)
                                         _166663_ (net)
                 21.73    0.50 10763.71 ^ _230446_/D (AND5x1_ASAP7_75t_R)
     2    2.11   19.92   35.08 10798.79 ^ _230446_/Y (AND5x1_ASAP7_75t_R)
                                         _166687_ (net)
                 19.93    0.12 10798.91 ^ _230513_/A3 (AO31x2_ASAP7_75t_R)
     2    1.92   11.25   18.62 10817.53 ^ _230513_/Y (AO31x2_ASAP7_75t_R)
                                         _166754_ (net)
                 11.25    0.08 10817.61 ^ _230514_/C (AOI221x1_ASAP7_75t_R)
     3    3.09   39.51   18.35 10835.96 v _230514_/Y (AOI221x1_ASAP7_75t_R)
                                         _166755_ (net)
                 39.52    0.34 10836.29 v _230515_/B (OAI21x1_ASAP7_75t_R)
     1    1.41   15.30   12.10 10848.39 ^ _230515_/Y (OAI21x1_ASAP7_75t_R)
                                         _166756_ (net)
                 15.31    0.06 10848.45 ^ place21065/A (BUFx6f_ASAP7_75t_R)
    13   11.41   15.81   18.06 10866.51 ^ place21065/Y (BUFx6f_ASAP7_75t_R)
                                         net20623 (net)
                 15.83    0.31 10866.82 ^ place21062/A (BUFx6f_ASAP7_75t_R)
    20   17.06   22.29   20.50 10887.31 ^ place21062/Y (BUFx6f_ASAP7_75t_R)
                                         net20620 (net)
                 22.75    1.78 10889.09 ^ _230817_/A (AND2x2_ASAP7_75t_R)
     2    1.99   10.29   18.65 10907.74 ^ _230817_/Y (AND2x2_ASAP7_75t_R)
                                         _167058_ (net)
                 10.30    0.11 10907.86 ^ _230818_/B (XNOR2x2_ASAP7_75t_R)
     2    1.85   10.11   22.44 10930.30 ^ _230818_/Y (XNOR2x2_ASAP7_75t_R)
                                         _167059_ (net)
                 10.11    0.07 10930.37 ^ _230819_/B (XNOR2x2_ASAP7_75t_R)
     2    1.68   10.85   26.17 10956.54 v _230819_/Y (XNOR2x2_ASAP7_75t_R)
                                         _167060_ (net)
                 10.85    0.11 10956.65 v _230872_/A (OR2x2_ASAP7_75t_R)
     2    1.73    8.80   18.44 10975.09 v _230872_/Y (OR2x2_ASAP7_75t_R)
                                         _167113_ (net)
                  8.81    0.15 10975.24 v _230897_/B2 (OA33x2_ASAP7_75t_R)
     1    0.74   12.39   24.87 11000.11 v _230897_/Y (OA33x2_ASAP7_75t_R)
                                         _167138_ (net)
                 12.39    0.03 11000.14 v _230898_/B (OA21x2_ASAP7_75t_R)
     1    0.62    7.41   13.68 11013.83 v _230898_/Y (OA21x2_ASAP7_75t_R)
                                         _167139_ (net)
                  7.41    0.03 11013.86 v _230906_/B (OA211x2_ASAP7_75t_R)
     4    4.37   19.18   31.43 11045.29 v _230906_/Y (OA211x2_ASAP7_75t_R)
                                         _167147_ (net)
                 19.19    0.25 11045.54 v _230918_/A1 (OAI21x1_ASAP7_75t_R)
     2    1.48   16.71   13.83 11059.37 ^ _230918_/Y (OAI21x1_ASAP7_75t_R)
                                         _167159_ (net)
                 16.71    0.03 11059.40 ^ _230936_/A1 (AO21x2_ASAP7_75t_R)
     9    9.44   34.45   27.84 11087.24 ^ _230936_/Y (AO21x2_ASAP7_75t_R)
                                         _167177_ (net)
                 34.94    2.29 11089.54 ^ place20920/A (BUFx3_ASAP7_75t_R)
     8    7.55   19.26   24.58 11114.12 ^ place20920/Y (BUFx3_ASAP7_75t_R)
                                         net20478 (net)
                 19.29    0.44 11114.56 ^ _230992_/B (AND3x2_ASAP7_75t_R)
     2    2.15   12.51   24.74 11139.29 ^ _230992_/Y (AND3x2_ASAP7_75t_R)
                                         _167233_ (net)
                 12.52    0.07 11139.37 ^ _231175_/B (XNOR2x2_ASAP7_75t_R)
     2    1.77    9.42   26.80 11166.17 v _231175_/Y (XNOR2x2_ASAP7_75t_R)
                                         _167416_ (net)
                  9.42    0.07 11166.24 v _231176_/B (XNOR2x2_ASAP7_75t_R)
     1    0.73    8.43   20.45 11186.69 ^ _231176_/Y (XNOR2x2_ASAP7_75t_R)
                                         _167417_ (net)
                  8.43    0.03 11186.72 ^ _231180_/A (AND4x1_ASAP7_75t_R)
     3    3.57   27.59   29.45 11216.17 ^ _231180_/Y (AND4x1_ASAP7_75t_R)
                                         _167421_ (net)
                 27.60    0.23 11216.40 ^ _231314_/A (NAND3x1_ASAP7_75t_R)
     1    0.71   12.02    8.27 11224.67 v _231314_/Y (NAND3x1_ASAP7_75t_R)
                                         _167555_ (net)
                 12.02    0.03 11224.70 v _231315_/E (OR5x1_ASAP7_75t_R)
     2    2.11   19.23   38.09 11262.79 v _231315_/Y (OR5x1_ASAP7_75t_R)
                                         _167556_ (net)
                 19.24    0.21 11263.01 v _231371_/A (AND5x2_ASAP7_75t_R)
     7    6.52   21.54   25.60 11288.61 v _231371_/Y (AND5x2_ASAP7_75t_R)
                                         _167612_ (net)
                 21.62    0.73 11289.33 v _231376_/B (NAND2x1p5_ASAP7_75t_R)
     7    7.49   33.41   21.71 11311.05 ^ _231376_/Y (NAND2x1p5_ASAP7_75t_R)
                                         _167617_ (net)
                 33.48    0.87 11311.92 ^ place20787/A (BUFx6f_ASAP7_75t_R)
    11    9.75   14.37   21.14 11333.06 ^ place20787/Y (BUFx6f_ASAP7_75t_R)
                                         net20345 (net)
                 14.39    0.32 11333.38 ^ _231559_/A (AND2x2_ASAP7_75t_R)
     1    1.22    7.74   16.00 11349.38 ^ _231559_/Y (AND2x2_ASAP7_75t_R)
                                         _167800_ (net)
                  7.74    0.06 11349.45 ^ _231560_/A (XNOR2x2_ASAP7_75t_R)
     5    5.34   19.28   30.92 11380.36 v _231560_/Y (XNOR2x2_ASAP7_75t_R)
                                         _167801_ (net)
                 19.42    0.92 11381.28 v _231561_/B (NAND2x1_ASAP7_75t_R)
     1    1.23   28.37   11.83 11393.12 ^ _231561_/Y (NAND2x1_ASAP7_75t_R)
                                         _167802_ (net)
                 28.37    0.07 11393.19 ^ _231575_/B (AND5x2_ASAP7_75t_R)
     2    1.53   12.49   30.23 11423.42 ^ _231575_/Y (AND5x2_ASAP7_75t_R)
                                         _167816_ (net)
                 12.49    0.09 11423.50 ^ _231624_/A (AND5x1_ASAP7_75t_R)
     1    0.74   12.89   26.58 11450.09 ^ _231624_/Y (AND5x1_ASAP7_75t_R)
                                         _167865_ (net)
                 12.89    0.05 11450.13 ^ _231625_/B (OA211x2_ASAP7_75t_R)
     3    3.20   15.61   24.90 11475.04 ^ _231625_/Y (OA211x2_ASAP7_75t_R)
                                         _167866_ (net)
                 15.64    0.39 11475.43 ^ _231626_/B (AND2x4_ASAP7_75t_R)
     2    1.84    6.90   16.05 11491.48 ^ _231626_/Y (AND2x4_ASAP7_75t_R)
                                         _167867_ (net)
                  6.90    0.05 11491.53 ^ _231767_/A1 (AO211x2_ASAP7_75t_R)
     3    4.27   18.42   25.84 11517.37 ^ _231767_/Y (AO211x2_ASAP7_75t_R)
                                         _168008_ (net)
                 18.48    0.61 11517.98 ^ place20676/A (BUFx6f_ASAP7_75t_R)
     7    6.64   10.61   16.79 11534.76 ^ place20676/Y (BUFx6f_ASAP7_75t_R)
                                         net20234 (net)
                 10.67    0.44 11535.21 ^ _231912_/A (AND2x2_ASAP7_75t_R)
     2    1.99   10.07   16.68 11551.89 ^ _231912_/Y (AND2x2_ASAP7_75t_R)
                                         _168153_ (net)
                 10.07    0.08 11551.97 ^ _231913_/B (XNOR2x2_ASAP7_75t_R)
     2    1.98   10.04   26.71 11578.68 v _231913_/Y (XNOR2x2_ASAP7_75t_R)
                                         _168154_ (net)
                 10.04    0.09 11578.77 v _231919_/B1 (AO221x1_ASAP7_75t_R)
     2    1.61   14.94   23.20 11601.96 v _231919_/Y (AO221x1_ASAP7_75t_R)
                                         _168160_ (net)
                 14.95    0.14 11602.11 v _231938_/A (OR5x1_ASAP7_75t_R)
     1    1.05   13.08   28.49 11630.59 v _231938_/Y (OR5x1_ASAP7_75t_R)
                                         _168179_ (net)
                 13.08    0.10 11630.69 v _231957_/A1 (AO32x1_ASAP7_75t_R)
     1    1.34   11.68   22.81 11653.50 v _231957_/Y (AO32x1_ASAP7_75t_R)
                                         _168198_ (net)
                 11.68    0.11 11653.60 v _232004_/B2 (OA221x2_ASAP7_75t_R)
     1    1.13    9.09   24.02 11677.62 v _232004_/Y (OA221x2_ASAP7_75t_R)
                                         _168245_ (net)
                  9.10    0.11 11677.73 v _232005_/D (OR4x1_ASAP7_75t_R)
     1    3.51   24.84   35.19 11712.92 v _232005_/Y (OR4x1_ASAP7_75t_R)
                                         _168246_ (net)
                 24.87    0.54 11713.46 v _232006_/B (NAND3x2_ASAP7_75t_R)
     7   10.99   46.16   27.19 11740.65 ^ _232006_/Y (NAND3x2_ASAP7_75t_R)
                                         _168247_ (net)
                 49.69    6.71 11747.36 ^ _232185_/A2 (AO22x1_ASAP7_75t_R)
     1    0.79   10.14   26.04 11773.40 ^ _232185_/Y (AO22x1_ASAP7_75t_R)
                                         _168426_ (net)
                 10.14    0.04 11773.44 ^ _232187_/A1 (AO21x1_ASAP7_75t_R)
     2    1.93   15.01   16.82 11790.27 ^ _232187_/Y (AO21x1_ASAP7_75t_R)
                                         _168428_ (net)
                 15.01    0.09 11790.36 ^ _232190_/A2 (AOI21x1_ASAP7_75t_R)
     9    7.87   41.06   22.14 11812.49 v _232190_/Y (AOI21x1_ASAP7_75t_R)
                                         _168431_ (net)
                 41.07    0.49 11812.98 v _232248_/B (OR3x1_ASAP7_75t_R)
     2    1.54   14.17   29.05 11842.03 v _232248_/Y (OR3x1_ASAP7_75t_R)
                                         _168489_ (net)
                 14.17    0.05 11842.08 v _232279_/A2 (AO21x1_ASAP7_75t_R)
     3    3.32   20.20   22.83 11864.91 v _232279_/Y (AO21x1_ASAP7_75t_R)
                                         _168520_ (net)
                 20.21    0.36 11865.27 v _232503_/A1 (AO22x2_ASAP7_75t_R)
     5    4.79   18.05   27.98 11893.25 v _232503_/Y (AO22x2_ASAP7_75t_R)
                                         _168744_ (net)
                 18.07    0.30 11893.54 v _232540_/B (XNOR2x2_ASAP7_75t_R)
     3    2.61   12.51   25.68 11919.22 ^ _232540_/Y (XNOR2x2_ASAP7_75t_R)
                                         _168781_ (net)
                 12.51    0.09 11919.31 ^ _232542_/C (AND3x2_ASAP7_75t_R)
     2    1.51   11.65   22.02 11941.32 ^ _232542_/Y (AND3x2_ASAP7_75t_R)
                                         _168783_ (net)
                 11.65    0.04 11941.36 ^ _232543_/C (OR3x2_ASAP7_75t_R)
     5    5.10   20.44   19.60 11960.96 ^ _232543_/Y (OR3x2_ASAP7_75t_R)
                                         _168784_ (net)
                 20.48    0.46 11961.42 ^ place20232/A (BUFx3_ASAP7_75t_R)
     2    2.01    7.74   16.54 11977.96 ^ place20232/Y (BUFx3_ASAP7_75t_R)
                                         net19790 (net)
                  7.74    0.08 11978.04 ^ _232615_/B (AO31x2_ASAP7_75t_R)
     1    0.71    7.53   16.65 11994.69 ^ _232615_/Y (AO31x2_ASAP7_75t_R)
                                         _168856_ (net)
                  7.53    0.04 11994.73 ^ _232625_/B2 (OA222x2_ASAP7_75t_R)
     6    4.32   20.41   31.56 12026.29 ^ _232625_/Y (OA222x2_ASAP7_75t_R)
                                         _168866_ (net)
                 20.44    0.43 12026.71 ^ _232638_/A (MAJx2_ASAP7_75t_R)
     1    0.65    6.99   19.75 12046.46 ^ _232638_/Y (MAJx2_ASAP7_75t_R)
                                         _168879_ (net)
                  6.99    0.03 12046.49 ^ _232640_/B2 (AO221x2_ASAP7_75t_R)
     3    2.59   14.42   23.36 12069.85 ^ _232640_/Y (AO221x2_ASAP7_75t_R)
                                         _168881_ (net)
                 14.43    0.21 12070.06 ^ place19938/A (BUFx3_ASAP7_75t_R)
     1    1.27    6.11   14.12 12084.19 ^ place19938/Y (BUFx3_ASAP7_75t_R)
                                         net19496 (net)
                  6.11    0.05 12084.23 ^ _232669_/A1 (AO31x2_ASAP7_75t_R)
     8    5.63   22.36   22.13 12106.37 ^ _232669_/Y (AO31x2_ASAP7_75t_R)
                                         _168910_ (net)
                 22.41    0.58 12106.95 ^ _232670_/B (OAI21x1_ASAP7_75t_R)
     5    4.07   26.02   18.20 12125.15 v _232670_/Y (OAI21x1_ASAP7_75t_R)
                                         _168911_ (net)
                 26.03    0.11 12125.26 v place19853/A (BUFx3_ASAP7_75t_R)
    15   12.09   24.53   27.51 12152.77 v place19853/Y (BUFx3_ASAP7_75t_R)
                                         net19411 (net)
                 24.54    0.21 12152.99 v _233618_/A1 (AO21x1_ASAP7_75t_R)
     3    3.14   19.63   26.00 12178.99 v _233618_/Y (AO21x1_ASAP7_75t_R)
                                         _169859_ (net)
                 19.65    0.31 12179.31 v _233619_/C (OA211x2_ASAP7_75t_R)
     1    0.80    9.47   30.53 12209.83 v _233619_/Y (OA211x2_ASAP7_75t_R)
                                         _169860_ (net)
                  9.47    0.04 12209.88 v _233626_/C (OR4x1_ASAP7_75t_R)
     3    3.02   22.19   33.53 12243.41 v _233626_/Y (OR4x1_ASAP7_75t_R)
                                         _169867_ (net)
                 22.24    0.59 12244.00 v _233632_/A2 (OA211x2_ASAP7_75t_R)
     1    0.74    9.34   25.89 12269.89 v _233632_/Y (OA211x2_ASAP7_75t_R)
                                         _169873_ (net)
                  9.34    0.03 12269.93 v _233633_/B2 (OA22x2_ASAP7_75t_R)
     2    2.04   10.32   21.03 12290.96 v _233633_/Y (OA22x2_ASAP7_75t_R)
                                         _169874_ (net)
                 10.33    0.14 12291.10 v _233721_/C (AND5x2_ASAP7_75t_R)
     2    1.97    9.50   21.21 12312.31 v _233721_/Y (AND5x2_ASAP7_75t_R)
                                         _169962_ (net)
                  9.51    0.08 12312.40 v _233967_/C (AND3x4_ASAP7_75t_R)
     2    2.05    7.70   20.83 12333.23 v _233967_/Y (AND3x4_ASAP7_75t_R)
                                         _170208_ (net)
                  7.71    0.15 12333.38 v _235036_/B (AND5x2_ASAP7_75t_R)
     5    5.50   18.97   22.48 12355.86 v _235036_/Y (AND5x2_ASAP7_75t_R)
                                         _171277_ (net)
                 19.05    0.67 12356.53 v _235186_/B (AND4x1_ASAP7_75t_R)
     2    1.63   10.91   17.52 12374.05 v _235186_/Y (AND4x1_ASAP7_75t_R)
                                         _171427_ (net)
                 10.92    0.08 12374.14 v _235297_/B (AND3x2_ASAP7_75t_R)
     2    2.26   11.01   15.66 12389.79 v _235297_/Y (AND3x2_ASAP7_75t_R)
                                         _171538_ (net)
                 11.03    0.25 12390.05 v _235300_/B (OR5x2_ASAP7_75t_R)
     2    5.26   26.25   43.47 12433.52 v _235300_/Y (OR5x2_ASAP7_75t_R)
                                         _171541_ (net)
                 26.94    2.31 12435.83 v place19574/A (BUFx3_ASAP7_75t_R)
     3    3.76   10.35   20.87 12456.70 v place19574/Y (BUFx3_ASAP7_75t_R)
                                         net19132 (net)
                 10.38    0.26 12456.96 v _276097_/A (INVx1_ASAP7_75t_R)
     1    0.65    7.15    6.48 12463.43 ^ _276097_/Y (INVx1_ASAP7_75t_R)
                                         _036859_ (net)
                  7.15    0.03 12463.46 ^ _276098_/B1 (AO32x2_ASAP7_75t_R)
     6    5.66   24.35   29.13 12492.60 ^ _276098_/Y (AO32x2_ASAP7_75t_R)
                                         _036860_ (net)
                 24.47    0.97 12493.57 ^ _279914_/A1 (AOI21x1_ASAP7_75t_R)
     2    5.21   31.51   20.37 12513.94 v _279914_/Y (AOI21x1_ASAP7_75t_R)
                                         _040668_ (net)
                 32.04    2.23 12516.17 v _280017_/A1 (OAI21x1_ASAP7_75t_R)
     3   24.36  163.94   55.23 12571.41 ^ _280017_/Y (OAI21x1_ASAP7_75t_R)
                                         _040771_ (net)
                204.22   42.40 12613.81 ^ _326596_/B1 (AOI22x1_ASAP7_75t_R)
     1    1.41   43.81   22.04 12635.85 v _326596_/Y (AOI22x1_ASAP7_75t_R)
                                         _081463_ (net)
                 43.81    0.06 12635.90 v place19240/A (BUFx6f_ASAP7_75t_R)
     2    7.40   12.02   22.81 12658.71 v place19240/Y (BUFx6f_ASAP7_75t_R)
                                         net18798 (net)
                 16.66    3.82 12662.53 v place19238/A (BUFx6f_ASAP7_75t_R)
    26   23.64   27.42   20.09 12682.62 v place19238/Y (BUFx6f_ASAP7_75t_R)
                                         net18796 (net)
                 38.16    9.18 12691.80 v _326605_/A2 (OA21x2_ASAP7_75t_R)
     1    1.29    9.75   25.26 12717.06 v _326605_/Y (OA21x2_ASAP7_75t_R)
                                         _081472_ (net)
                  9.75    0.07 12717.13 v _326606_/B (NOR2x1_ASAP7_75t_R)
     1    0.77   22.55    7.41 12724.54 ^ _326606_/Y (NOR2x1_ASAP7_75t_R)
                                         u_int_prf._00044_[13] (net)
                 22.55    0.04 12724.57 ^ _395932_/D (DFFHQNx1_ASAP7_75t_R)
                               12724.57   data arrival time

                  0.00 12000.00 12000.00   clock core_clk (rise edge)
                          0.00 12000.00   clock network delay (ideal)
                        -50.00 11950.00   clock uncertainty
                          0.00 11950.00   clock reconvergence pessimism
                               11950.00 ^ _395932_/CLK (DFFHQNx1_ASAP7_75t_R)
                        -12.00 11938.00   library setup time
                               11938.00   data required time
-----------------------------------------------------------------------------
                               11938.00   data required time
                               -12724.57   data arrival time
-----------------------------------------------------------------------------
                               -786.58   slack (VIOLATED)


Startpoint: _393618_ (rising edge-triggered flip-flop clocked by core_clk)
Endpoint: dmem_req_addr[3] (output port clocked by core_clk)
Path Group: reg2out
Path Type: max

Fanout     Cap    Slew   Delay    Time   Description
-----------------------------------------------------------------------------
                  0.00    0.00    0.00   clock core_clk (rise edge)
                          0.00    0.00   clock network delay (ideal)
                  0.00    0.00    0.00 ^ _393618_/CLK (DFFHQNx1_ASAP7_75t_R)
    14   19.22  107.98   80.85   80.85 v _393618_/QN (DFFHQNx1_ASAP7_75t_R)
                                         _010748_ (net)
                108.10    2.19   83.04 v _192422_/A1 (OA33x2_ASAP7_75t_R)
    14   29.17   88.77   77.24  160.28 v _192422_/Y (OA33x2_ASAP7_75t_R)
                                         _128696_ (net)
                 88.83    1.50  161.78 v place32461/A (BUFx3_ASAP7_75t_R)
    25   44.32   88.80   52.79  214.57 v place32461/Y (BUFx3_ASAP7_75t_R)
                                         net32019 (net)
                 90.36    6.65  221.22 v _192464_/A (AND2x6_ASAP7_75t_R)
     2    6.99   13.82   39.08  260.30 v _192464_/Y (AND2x6_ASAP7_75t_R)
                                         _128738_ (net)
                 13.83    0.27  260.57 v place32371/A (BUFx3_ASAP7_75t_R)
    21   26.88   52.56   33.20  293.77 v place32371/Y (BUFx3_ASAP7_75t_R)
                                         net31929 (net)
                 55.66    6.83  300.60 v _192624_/B (OR3x4_ASAP7_75t_R)
    33   58.12   96.80   70.82  371.42 v _192624_/Y (OR3x4_ASAP7_75t_R)
                                         _128898_ (net)
                141.47   35.84  407.26 v place32110/A (BUFx3_ASAP7_75t_R)
    29   37.13   72.45   62.29  469.55 v place32110/Y (BUFx3_ASAP7_75t_R)
                                         net31668 (net)
                 77.47   10.15  479.70 v place32106/A (BUFx6f_ASAP7_75t_R)
    30   37.86   44.10   34.31  514.01 v place32106/Y (BUFx6f_ASAP7_75t_R)
                                         net31664 (net)
                 52.52    9.85  523.86 v place32105/A (BUFx3_ASAP7_75t_R)
    41   51.49  105.32   33.71  557.57 v place32105/Y (BUFx3_ASAP7_75t_R)
                                         net31663 (net)
                195.91   58.99  616.56 v _194530_/A2 (OA22x2_ASAP7_75t_R)
     1    1.48   13.42   46.84  663.40 v _194530_/Y (OA22x2_ASAP7_75t_R)
                                         _130804_ (net)
                 13.42    0.10  663.50 v _194531_/B2 (OAI22x1_ASAP7_75t_R)
     1    1.45   24.83   13.52  677.02 ^ _194531_/Y (OAI22x1_ASAP7_75t_R)
                                         _130805_ (net)
                 24.84    0.07  677.09 ^ _194532_/C (NOR3x1_ASAP7_75t_R)
     3    7.51   49.94   30.61  707.71 v _194532_/Y (NOR3x1_ASAP7_75t_R)
                                         _130806_ (net)
                 51.40    4.62  712.33 v _194533_/B (AND2x2_ASAP7_75t_R)
     2    1.52    9.55   25.62  737.95 v _194533_/Y (AND2x2_ASAP7_75t_R)
                                         _130807_ (net)
                  9.55    0.08  738.03 v _196804_/B (OR4x1_ASAP7_75t_R)
     3   16.77  101.29   55.88  793.92 v _196804_/Y (OR4x1_ASAP7_75t_R)
                                         _133078_ (net)
                113.98   18.57  812.49 v _197357_/B (NAND2x1_ASAP7_75t_R)
     5   16.95  128.97   81.49  893.98 ^ _197357_/Y (NAND2x1_ASAP7_75t_R)
                                         _133631_ (net)
                129.00    1.29  895.27 ^ _197862_/B2 (AOI221x1_ASAP7_75t_R)
     3   13.79  152.18   80.88  976.15 v _197862_/Y (AOI221x1_ASAP7_75t_R)
                                         _134136_ (net)
                158.15   16.30  992.45 v place30089/A (BUFx3_ASAP7_75t_R)
    19   33.73   69.49   49.17 1041.62 v place30089/Y (BUFx3_ASAP7_75t_R)
                                         net29647 (net)
                143.03   42.40 1084.02 v place30088/A (BUFx3_ASAP7_75t_R)
    30   36.72   75.50   54.55 1138.57 v place30088/Y (BUFx3_ASAP7_75t_R)
                                         net29646 (net)
                 98.24   21.99 1160.56 v _197864_/B (AND2x2_ASAP7_75t_R)
    11   26.39   76.84   60.18 1220.75 v _197864_/Y (AND2x2_ASAP7_75t_R)
                                         _134138_ (net)
                 81.71   10.32 1231.07 v _198490_/A (XNOR2x2_ASAP7_75t_R)
     2    1.24    9.62   31.97 1263.03 v _198490_/Y (XNOR2x2_ASAP7_75t_R)
                                         _134764_ (net)
                  9.62    0.04 1263.07 v _198494_/A (OR5x1_ASAP7_75t_R)
     3   17.71  107.42   60.42 1323.49 v _198494_/Y (OR5x1_ASAP7_75t_R)
                                         _134768_ (net)
                128.54   24.65 1348.14 v place29294/A (BUFx6f_ASAP7_75t_R)
    22   30.64   35.30   37.93 1386.07 v place29294/Y (BUFx6f_ASAP7_75t_R)
                                         net28852 (net)
                 81.37   24.14 1410.21 v _202919_/A (AND2x2_ASAP7_75t_R)
     2    3.70   15.14   36.36 1446.57 v _202919_/Y (AND2x2_ASAP7_75t_R)
                                         _139193_ (net)
                 15.15    0.21 1446.78 v _207950_/B (OR3x1_ASAP7_75t_R)
     2    7.76   47.41   38.24 1485.01 v _207950_/Y (OR3x1_ASAP7_75t_R)
                                         _144222_ (net)
                 49.22    5.03 1490.04 v _207951_/A (MAJx2_ASAP7_75t_R)
     3   10.26   36.21   40.02 1530.06 v _207951_/Y (MAJx2_ASAP7_75t_R)
                                         _144223_ (net)
                 37.75    4.08 1534.14 v _208672_/B (MAJx2_ASAP7_75t_R)
     2    2.67   13.93   31.77 1565.91 v _208672_/Y (MAJx2_ASAP7_75t_R)
                                         _144943_ (net)
                 13.94    0.13 1566.04 v _208722_/B (MAJx2_ASAP7_75t_R)
     2    2.43   11.96   24.83 1590.87 v _208722_/Y (MAJx2_ASAP7_75t_R)
                                         _144992_ (net)
                 11.96    0.07 1590.94 v _208759_/B (MAJx2_ASAP7_75t_R)
     2    4.13   18.08   26.48 1617.42 v _208759_/Y (MAJx2_ASAP7_75t_R)
                                         _145028_ (net)
                 18.25    0.97 1618.39 v _208837_/B (MAJx2_ASAP7_75t_R)
     2    2.65   12.88   26.45 1644.83 v _208837_/Y (MAJx2_ASAP7_75t_R)
                                         _145105_ (net)
                 12.89    0.11 1644.94 v _208912_/B (MAJx2_ASAP7_75t_R)
     2    5.00   19.40   28.04 1672.98 v _208912_/Y (MAJx2_ASAP7_75t_R)
                                         _145179_ (net)
                 19.69    1.32 1674.29 v _208937_/B (MAJx2_ASAP7_75t_R)
     2    3.66   18.39   28.36 1702.65 v _208937_/Y (MAJx2_ASAP7_75t_R)
                                         _145203_ (net)
                 18.41    0.32 1702.97 v _209010_/B (MAJx2_ASAP7_75t_R)
     2    3.53   15.04   27.80 1730.78 v _209010_/Y (MAJx2_ASAP7_75t_R)
                                         _145275_ (net)
                 15.04    0.08 1730.85 v _209082_/B (MAJx2_ASAP7_75t_R)
     2    4.27   19.25   27.61 1758.46 v _209082_/Y (MAJx2_ASAP7_75t_R)
                                         _145346_ (net)
                 19.32    0.66 1759.12 v _209182_/B (MAJx2_ASAP7_75t_R)
     2    3.32   15.21   27.76 1786.88 v _209182_/Y (MAJx2_ASAP7_75t_R)
                                         _145445_ (net)
                 15.21    0.12 1786.99 v _209211_/B (MAJx2_ASAP7_75t_R)
     2    2.56   13.08   25.40 1812.40 v _209211_/Y (MAJx2_ASAP7_75t_R)
                                         _145473_ (net)
                 13.08    0.13 1812.53 v _209318_/B (MAJx2_ASAP7_75t_R)
     2    3.03   14.39   25.51 1838.03 v _209318_/Y (MAJx2_ASAP7_75t_R)
                                         _145579_ (net)
                 14.42    0.32 1838.35 v _209357_/B (MAJx2_ASAP7_75t_R)
     2    3.92   17.58   27.03 1865.39 v _209357_/Y (MAJx2_ASAP7_75t_R)
                                         _145617_ (net)
                 17.64    0.57 1865.95 v _209417_/B (MAJx2_ASAP7_75t_R)
     2    2.70   13.83   26.33 1892.28 v _209417_/Y (MAJx2_ASAP7_75t_R)
                                         _145676_ (net)
                 13.84    0.18 1892.46 v _209481_/B (MAJx2_ASAP7_75t_R)
     2    5.73   24.75   28.69 1921.15 v _209481_/Y (MAJx2_ASAP7_75t_R)
                                         _145739_ (net)
                 25.68    2.55 1923.70 v _209517_/B (MAJx2_ASAP7_75t_R)
     2    2.48   13.14   28.21 1951.91 v _209517_/Y (MAJx2_ASAP7_75t_R)
                                         _145774_ (net)
                 13.14    0.07 1951.98 v _209573_/B (MAJx2_ASAP7_75t_R)
     2    2.55   13.53   24.80 1976.78 v _209573_/Y (MAJx2_ASAP7_75t_R)
                                         _145829_ (net)
                 13.53    0.07 1976.85 v _209635_/B (MAJx2_ASAP7_75t_R)
     2    2.52   12.54   24.85 2001.71 v _209635_/Y (MAJx2_ASAP7_75t_R)
                                         _145890_ (net)
                 12.55    0.11 2001.82 v _209690_/B (MAJx2_ASAP7_75t_R)
     2    3.09   14.66   25.39 2027.21 v _209690_/Y (MAJx2_ASAP7_75t_R)
                                         _145944_ (net)
                 14.70    0.42 2027.62 v _209718_/B (MAJx2_ASAP7_75t_R)
     2    2.48   12.35   25.14 2052.76 v _209718_/Y (MAJx2_ASAP7_75t_R)
                                         _145971_ (net)
                 12.36    0.09 2052.85 v _209773_/B (MAJx2_ASAP7_75t_R)
     2    4.75   20.18   27.21 2080.06 v _209773_/Y (MAJx2_ASAP7_75t_R)
                                         _146025_ (net)
                 20.62    1.64 2081.70 v _209836_/B (MAJx2_ASAP7_75t_R)
     2    2.46   15.73   26.83 2108.53 v _209836_/Y (MAJx2_ASAP7_75t_R)
                                         _146087_ (net)
                 15.73    0.07 2108.60 v _209909_/B (MAJx2_ASAP7_75t_R)
     2    2.52   12.98   25.49 2134.09 v _209909_/Y (MAJx2_ASAP7_75t_R)
                                         _146159_ (net)
                 12.98    0.13 2134.22 v _209935_/B (MAJx2_ASAP7_75t_R)
     2    3.32   15.70   25.81 2160.03 v _209935_/Y (MAJx2_ASAP7_75t_R)
                                         _146184_ (net)
                 15.76    0.52 2160.55 v _209997_/B (MAJx2_ASAP7_75t_R)
     2    2.60   13.99   25.66 2186.21 v _209997_/Y (MAJx2_ASAP7_75t_R)
                                         _146245_ (net)
                 13.99    0.08 2186.30 v _210075_/B (MAJx2_ASAP7_75t_R)
     2    2.46   13.52   24.90 2211.19 v _210075_/Y (MAJx2_ASAP7_75t_R)
                                         _146322_ (net)
                 13.52    0.07 2211.27 v _210093_/B (MAJx2_ASAP7_75t_R)
     2    3.72   16.87   26.48 2237.75 v _210093_/Y (MAJx2_ASAP7_75t_R)
                                         _146339_ (net)
                 16.97    0.72 2238.46 v _210144_/B (MAJx2_ASAP7_75t_R)
     2    2.51   13.42   25.84 2264.30 v _210144_/Y (MAJx2_ASAP7_75t_R)
                                         _146389_ (net)
                 13.43    0.10 2264.40 v _210218_/B (MAJx2_ASAP7_75t_R)
     2    2.53   12.29   24.83 2289.24 v _210218_/Y (MAJx2_ASAP7_75t_R)
                                         _146462_ (net)
                 12.30    0.11 2289.34 v _210244_/B (MAJx2_ASAP7_75t_R)
     1    1.13    9.62   22.08 2311.43 v _210244_/Y (MAJx2_ASAP7_75t_R)
                                         _146487_ (net)
                  9.62    0.04 2311.47 v _210254_/A (XNOR2x2_ASAP7_75t_R)
     2    2.87   13.31   23.84 2335.31 ^ _210254_/Y (XNOR2x2_ASAP7_75t_R)
                                         _146497_ (net)
                 13.38    0.53 2335.84 ^ _313940_/B (XNOR2x2_ASAP7_75t_R)
     1    0.66    7.16   21.41 2357.24 ^ _313940_/Y (XNOR2x2_ASAP7_75t_R)
                                         _070561_ (net)
                  7.16    0.03 2357.27 ^ _314011_/A (AND5x1_ASAP7_75t_R)
     3   13.87   95.52   55.34 2412.61 ^ _314011_/Y (AND5x1_ASAP7_75t_R)
                                         _070632_ (net)
                106.13   16.61 2429.22 ^ _314015_/A (NAND2x1_ASAP7_75t_R)
    10   11.59   70.77   42.00 2471.22 v _314015_/Y (NAND2x1_ASAP7_75t_R)
                                         _070636_ (net)
                 71.03    2.56 2473.78 v _314016_/B (OR2x2_ASAP7_75t_R)
    19   24.86   73.36   56.40 2530.18 v _314016_/Y (OR2x2_ASAP7_75t_R)
                                         _070637_ (net)
                 78.60   10.44 2540.62 v _314885_/B (NOR2x1_ASAP7_75t_R)
     2    1.42   25.05   19.04 2559.66 ^ _314885_/Y (NOR2x1_ASAP7_75t_R)
                                         _071506_ (net)
                 25.05    0.04 2559.70 ^ _314897_/A2 (AO21x1_ASAP7_75t_R)
     1    0.47    6.70   15.82 2575.52 ^ _314897_/Y (AO21x1_ASAP7_75t_R)
                                         _071518_ (net)
                  6.70    0.01 2575.54 ^ _314898_/B1 (AO22x1_ASAP7_75t_R)
     1    1.13   13.08   16.73 2592.27 ^ _314898_/Y (AO22x1_ASAP7_75t_R)
                                         _071519_ (net)
                 13.08    0.04 2592.30 ^ _314899_/B (NAND2x1_ASAP7_75t_R)
     1    1.36   17.02    8.37 2600.68 v _314899_/Y (NAND2x1_ASAP7_75t_R)
                                         _071520_ (net)
                 17.02    0.08 2600.75 v _314903_/A1 (AOI22x1_ASAP7_75t_R)
     2    2.42   27.82   17.04 2617.80 ^ _314903_/Y (AOI22x1_ASAP7_75t_R)
                                         _071524_ (net)
                 27.82    0.06 2617.85 ^ _314904_/B (OAI21x1_ASAP7_75t_R)
     1    0.46   15.57    9.78 2627.63 v _314904_/Y (OAI21x1_ASAP7_75t_R)
                                         _071525_ (net)
                 15.57    0.01 2627.64 v _314908_/B (OA211x2_ASAP7_75t_R)
     1    1.44   11.07   28.87 2656.51 v _314908_/Y (OA211x2_ASAP7_75t_R)
                                         _071529_ (net)
                 11.08    0.12 2656.63 v _314909_/C (MAJx2_ASAP7_75t_R)
     2    1.87   11.59   21.83 2678.46 v _314909_/Y (MAJx2_ASAP7_75t_R)
                                         _071530_ (net)
                 11.60    0.07 2678.53 v _314935_/B (NOR2x1_ASAP7_75t_R)
     1    0.67    8.93    7.47 2686.00 ^ _314935_/Y (NOR2x1_ASAP7_75t_R)
                                         _071556_ (net)
                  8.93    0.02 2686.02 ^ _314936_/B (AO21x1_ASAP7_75t_R)
     7   12.86   86.59   38.50 2724.52 ^ _314936_/Y (AO21x1_ASAP7_75t_R)
                                         _071557_ (net)
                 90.72   10.24 2734.76 ^ _314938_/A2 (AO21x1_ASAP7_75t_R)
     3    3.89   27.63   31.86 2766.62 ^ _314938_/Y (AO21x1_ASAP7_75t_R)
                                         _071559_ (net)
                 27.71    0.78 2767.40 ^ _314939_/B (NAND2x1_ASAP7_75t_R)
     1    1.38   15.21   10.57 2777.97 v _314939_/Y (NAND2x1_ASAP7_75t_R)
                                         _071560_ (net)
                 15.21    0.10 2778.07 v _314940_/B (NAND2x1_ASAP7_75t_R)
    12   16.82  115.38   48.20 2826.27 ^ _314940_/Y (NAND2x1_ASAP7_75t_R)
                                         _071561_ (net)
                116.91    7.52 2833.78 ^ _314953_/A2 (OA22x2_ASAP7_75t_R)
     2    2.20   13.13   34.30 2868.09 ^ _314953_/Y (OA22x2_ASAP7_75t_R)
                                         _071574_ (net)
                 13.14    0.17 2868.26 ^ _314954_/B (NOR2x1_ASAP7_75t_R)
     2    2.57   34.87   12.64 2880.90 v _314954_/Y (NOR2x1_ASAP7_75t_R)
                                         _071575_ (net)
                 34.87    0.14 2881.04 v _315005_/B (MAJx2_ASAP7_75t_R)
     1    1.17    9.12   28.33 2909.38 v _315005_/Y (MAJx2_ASAP7_75t_R)
                                         _071626_ (net)
                  9.12    0.05 2909.43 v _315006_/C (MAJx2_ASAP7_75t_R)
     1    1.16    9.26   20.09 2929.51 v _315006_/Y (MAJx2_ASAP7_75t_R)
                                         _071627_ (net)
                  9.26    0.05 2929.56 v _315007_/C (MAJx2_ASAP7_75t_R)
     1    1.14    8.99   20.09 2949.65 v _315007_/Y (MAJx2_ASAP7_75t_R)
                                         _071628_ (net)
                  8.99    0.04 2949.69 v _315008_/C (MAJx2_ASAP7_75t_R)
     1    1.48    9.90   20.59 2970.28 v _315008_/Y (MAJx2_ASAP7_75t_R)
                                         _071629_ (net)
                  9.91    0.13 2970.41 v _315009_/A2 (AOI21x1_ASAP7_75t_R)
     1    1.16   13.94    9.89 2980.30 ^ _315009_/Y (AOI21x1_ASAP7_75t_R)
                                         _071630_ (net)
                 13.94    0.05 2980.35 ^ _315012_/A (NOR2x1_ASAP7_75t_R)
     1    1.21   11.68   10.72 2991.06 v _315012_/Y (NOR2x1_ASAP7_75t_R)
                                         _071633_ (net)
                 11.68    0.06 2991.12 v _315013_/C (MAJx2_ASAP7_75t_R)
     1    1.15    9.13   20.73 3011.85 v _315013_/Y (MAJx2_ASAP7_75t_R)
                                         _071634_ (net)
                  9.13    0.05 3011.90 v _315014_/C (MAJx2_ASAP7_75t_R)
     1    1.42   10.32   20.53 3032.42 v _315014_/Y (MAJx2_ASAP7_75t_R)
                                         _071635_ (net)
                 10.33    0.11 3032.54 v _315015_/C (MAJx2_ASAP7_75t_R)
     2    1.91   11.61   21.70 3054.24 v _315015_/Y (MAJx2_ASAP7_75t_R)
                                         _071636_ (net)
                 11.62    0.08 3054.32 v _315016_/C (OR3x1_ASAP7_75t_R)
     2    1.32   11.52   23.00 3077.32 v _315016_/Y (OR3x1_ASAP7_75t_R)
                                         _071637_ (net)
                 11.52    0.05 3077.37 v _315025_/A (AND3x1_ASAP7_75t_R)
     6    5.46   30.34   23.51 3100.88 v _315025_/Y (AND3x1_ASAP7_75t_R)
                                         _071646_ (net)
                 30.35    0.31 3101.19 v _315027_/A2 (AO21x1_ASAP7_75t_R)
     3    6.55   37.68   33.41 3134.60 v _315027_/Y (AO21x1_ASAP7_75t_R)
                                         _071648_ (net)
                 37.69    0.20 3134.80 v _315028_/B (NOR2x1_ASAP7_75t_R)
     8    6.70   49.37   31.60 3166.40 ^ _315028_/Y (NOR2x1_ASAP7_75t_R)
                                         _071649_ (net)
                 49.38    0.57 3166.97 ^ _315070_/B1 (OAI22x1_ASAP7_75t_R)
     5    4.88   42.57   23.21 3190.18 v _315070_/Y (OAI22x1_ASAP7_75t_R)
                                         _071691_ (net)
                 42.61    0.70 3190.88 v _315071_/B (AND2x2_ASAP7_75t_R)
     2    2.06   10.40   25.01 3215.89 v _315071_/Y (AND2x2_ASAP7_75t_R)
                                         _071692_ (net)
                 10.41    0.10 3215.98 v _315101_/B (MAJx2_ASAP7_75t_R)
     1    1.19    9.15   21.64 3237.63 v _315101_/Y (MAJx2_ASAP7_75t_R)
                                         _071722_ (net)
                  9.15    0.05 3237.68 v _315102_/C (MAJx2_ASAP7_75t_R)
     1    1.19    9.34   20.15 3257.84 v _315102_/Y (MAJx2_ASAP7_75t_R)
                                         _071723_ (net)
                  9.34    0.05 3257.89 v _315103_/C (MAJx2_ASAP7_75t_R)
     1    1.13    8.98   20.10 3277.99 v _315103_/Y (MAJx2_ASAP7_75t_R)
                                         _071724_ (net)
                  8.98    0.04 3278.03 v _315104_/C (MAJx2_ASAP7_75t_R)
     1    1.19    9.11   20.11 3298.14 v _315104_/Y (MAJx2_ASAP7_75t_R)
                                         _071725_ (net)
                  9.11    0.05 3298.19 v _315105_/C (MAJx2_ASAP7_75t_R)
     1    1.15    9.32   20.07 3318.26 v _315105_/Y (MAJx2_ASAP7_75t_R)
                                         _071726_ (net)
                  9.32    0.04 3318.30 v _315106_/C (MAJx2_ASAP7_75t_R)
     1    0.79    7.95   19.49 3337.80 v _315106_/Y (MAJx2_ASAP7_75t_R)
                                         _071727_ (net)
                  7.95    0.04 3337.84 v _315107_/A2 (AO21x1_ASAP7_75t_R)
     1    1.17    9.30   15.65 3353.49 v _315107_/Y (AO21x1_ASAP7_75t_R)
                                         _071728_ (net)
                  9.30    0.05 3353.54 v _315111_/A (NAND2x1_ASAP7_75t_R)
     2    2.33   19.13   13.55 3367.09 ^ _315111_/Y (NAND2x1_ASAP7_75t_R)
                                         _071732_ (net)
                 19.13    0.11 3367.20 ^ _315112_/C (MAJx2_ASAP7_75t_R)
     1    0.66    7.29   18.60 3385.80 ^ _315112_/Y (MAJx2_ASAP7_75t_R)
                                         _071733_ (net)
                  7.29    0.02 3385.82 ^ _315113_/C (AND3x1_ASAP7_75t_R)
     1    0.69    8.75   17.33 3403.15 ^ _315113_/Y (AND3x1_ASAP7_75t_R)
                                         _071734_ (net)
                  8.75    0.03 3403.18 ^ _315120_/B (OR3x1_ASAP7_75t_R)
    12   13.31   85.92   43.45 3446.62 ^ _315120_/Y (OR3x1_ASAP7_75t_R)
                                         _071741_ (net)
                 86.03    1.95 3448.57 ^ _315161_/A (AND2x2_ASAP7_75t_R)
    26   30.57  105.22   57.07 3505.64 ^ _315161_/Y (AND2x2_ASAP7_75t_R)
                                         _071782_ (net)
                105.48    3.31 3508.95 ^ _315170_/A2 (OAI21x1_ASAP7_75t_R)
     8   13.46   84.00   46.14 3555.09 v _315170_/Y (OAI21x1_ASAP7_75t_R)
                                         _071791_ (net)
                 84.00    0.40 3555.50 v _315171_/B1 (AO32x1_ASAP7_75t_R)
     2    2.85   20.31   45.31 3600.81 v _315171_/Y (AO32x1_ASAP7_75t_R)
                                         _071792_ (net)
                 20.33    0.29 3601.10 v _315184_/B (MAJx2_ASAP7_75t_R)
     1    1.10    9.13   24.38 3625.48 v _315184_/Y (MAJx2_ASAP7_75t_R)
                                         _071805_ (net)
                  9.13    0.03 3625.52 v _315185_/C (MAJx2_ASAP7_75t_R)
     1    1.25    9.16   20.24 3645.76 v _315185_/Y (MAJx2_ASAP7_75t_R)
                                         _071806_ (net)
                  9.16    0.07 3645.83 v _315186_/C (MAJx2_ASAP7_75t_R)
     1    1.21    9.13   20.18 3666.01 v _315186_/Y (MAJx2_ASAP7_75t_R)
                                         _071807_ (net)
                  9.13    0.06 3666.07 v _315187_/C (MAJx2_ASAP7_75t_R)
     1    1.18    9.72   20.12 3686.19 v _315187_/Y (MAJx2_ASAP7_75t_R)
                                         _071808_ (net)
                  9.73    0.05 3686.24 v _315188_/C (MAJx2_ASAP7_75t_R)
     1    0.64    7.52   19.34 3705.58 v _315188_/Y (MAJx2_ASAP7_75t_R)
                                         _071809_ (net)
                  7.52    0.02 3705.60 v _315198_/A2 (AO21x1_ASAP7_75t_R)
     1    1.22    9.58   15.69 3721.28 v _315198_/Y (AO21x1_ASAP7_75t_R)
                                         _071819_ (net)
                  9.58    0.07 3721.35 v _315205_/A (NAND2x1_ASAP7_75t_R)
     2    2.21   18.44   13.35 3734.70 ^ _315205_/Y (NAND2x1_ASAP7_75t_R)
                                         _071826_ (net)
                 18.44    0.06 3734.76 ^ _315206_/C (MAJx2_ASAP7_75t_R)
     1    0.62    7.25   18.40 3753.16 ^ _315206_/Y (MAJx2_ASAP7_75t_R)
                                         _071827_ (net)
                  7.25    0.02 3753.17 ^ _315233_/B (AND3x1_ASAP7_75t_R)
     2    1.40   12.96   19.62 3772.79 ^ _315233_/Y (AND3x1_ASAP7_75t_R)
                                         _071854_ (net)
                 12.96    0.05 3772.85 ^ _315236_/B (OR3x1_ASAP7_75t_R)
     1    0.94    8.28   13.18 3786.02 ^ _315236_/Y (OR3x1_ASAP7_75t_R)
                                         _071857_ (net)
                  8.28    0.06 3786.08 ^ place25315/A (BUFx3_ASAP7_75t_R)
    18   20.94   50.38   25.77 3811.85 ^ place25315/Y (BUFx3_ASAP7_75t_R)
                                         net24873 (net)
                 52.01    5.05 3816.89 ^ _315238_/A2 (OA211x2_ASAP7_75t_R)
    10    9.18   35.50   40.55 3857.44 ^ _315238_/Y (OA211x2_ASAP7_75t_R)
                                         _071859_ (net)
                 35.98    2.30 3859.74 ^ _315247_/A2 (OA21x2_ASAP7_75t_R)
     8    7.43   28.02   31.43 3891.18 ^ _315247_/Y (OA21x2_ASAP7_75t_R)
                                         _071868_ (net)
                 28.07    0.61 3891.79 ^ _315320_/A2 (OA22x2_ASAP7_75t_R)
     5    6.04   23.93   28.58 3920.37 ^ _315320_/Y (OA22x2_ASAP7_75t_R)
                                         _071941_ (net)
                 24.35    1.74 3922.11 ^ _315335_/B1 (OA22x2_ASAP7_75t_R)
     1    1.28    8.27   20.20 3942.31 ^ _315335_/Y (OA22x2_ASAP7_75t_R)
                                         _071956_ (net)
                  8.27    0.04 3942.36 ^ _315336_/B (AOI21x1_ASAP7_75t_R)
     1    1.25   14.36    7.15 3949.51 v _315336_/Y (AOI21x1_ASAP7_75t_R)
                                         _071957_ (net)
                 14.36    0.07 3949.57 v _315337_/C (MAJx2_ASAP7_75t_R)
     1    1.17    9.41   21.41 3970.99 v _315337_/Y (MAJx2_ASAP7_75t_R)
                                         _071958_ (net)
                  9.41    0.05 3971.04 v _315338_/C (MAJx2_ASAP7_75t_R)
     1    1.15    9.26   20.14 3991.18 v _315338_/Y (MAJx2_ASAP7_75t_R)
                                         _071959_ (net)
                  9.26    0.04 3991.23 v _315339_/C (MAJx2_ASAP7_75t_R)
     1    0.96    9.10   19.77 4010.99 v _315339_/Y (MAJx2_ASAP7_75t_R)
                                         _071960_ (net)
                  9.10    0.07 4011.06 v _315340_/A2 (AO21x1_ASAP7_75t_R)
     1    1.24    9.67   16.17 4027.23 v _315340_/Y (AO21x1_ASAP7_75t_R)
                                         _071961_ (net)
                  9.68    0.07 4027.30 v _315346_/A (NAND2x1_ASAP7_75t_R)
     1    1.18   12.44   10.55 4037.85 ^ _315346_/Y (NAND2x1_ASAP7_75t_R)
                                         _071967_ (net)
                 12.44    0.05 4037.90 ^ _315347_/C (MAJx2_ASAP7_75t_R)
     1    1.37    9.16   18.57 4056.47 ^ _315347_/Y (MAJx2_ASAP7_75t_R)
                                         _071968_ (net)
                  9.17    0.10 4056.56 ^ _315348_/A2 (AOI21x1_ASAP7_75t_R)
     1    1.15   14.07    7.71 4064.27 v _315348_/Y (AOI21x1_ASAP7_75t_R)
                                         _071969_ (net)
                 14.07    0.04 4064.32 v _315349_/C (MAJx2_ASAP7_75t_R)
     2    1.80   10.94   22.45 4086.77 v _315349_/Y (MAJx2_ASAP7_75t_R)
                                         _071970_ (net)
                 10.94    0.04 4086.81 v _315350_/C (OR3x1_ASAP7_75t_R)
     1    1.11   10.42   22.15 4108.96 v _315350_/Y (OR3x1_ASAP7_75t_R)
                                         _071971_ (net)
                 10.42    0.04 4109.00 v _315352_/A (NAND2x1_ASAP7_75t_R)
     2    1.71   15.62   12.26 4121.26 ^ _315352_/Y (NAND2x1_ASAP7_75t_R)
                                         _071973_ (net)
                 15.62    0.07 4121.33 ^ _315353_/B (AOI211x1_ASAP7_75t_R)
     7    6.32   71.63   22.95 4144.28 v _315353_/Y (AOI211x1_ASAP7_75t_R)
                                         _071974_ (net)
                 71.64    0.37 4144.65 v _315386_/B (OR2x2_ASAP7_75t_R)
    10    8.65   28.06   40.77 4185.42 v _315386_/Y (OR2x2_ASAP7_75t_R)
                                         _072007_ (net)
                 28.08    0.46 4185.89 v _315417_/B1 (OA22x2_ASAP7_75t_R)
     1    0.64    9.31   22.59 4208.47 v _315417_/Y (OA22x2_ASAP7_75t_R)
                                         _072038_ (net)
                  9.31    0.02 4208.50 v _315418_/B1 (OA22x2_ASAP7_75t_R)
     5    5.16   20.51   25.35 4233.85 v _315418_/Y (OA22x2_ASAP7_75t_R)
                                         _072039_ (net)
                 20.53    0.39 4234.24 v _315419_/B (OR2x2_ASAP7_75t_R)
     1    1.14    7.30   20.34 4254.58 v _315419_/Y (OR2x2_ASAP7_75t_R)
                                         _072040_ (net)
                  7.30    0.04 4254.62 v _315420_/C (MAJx2_ASAP7_75t_R)
     1    1.09    7.84   19.48 4274.10 v _315420_/Y (MAJx2_ASAP7_75t_R)
                                         _072041_ (net)
                  7.84    0.03 4274.13 v _315421_/C (MAJx2_ASAP7_75t_R)
     2    1.77   10.11   20.81 4294.94 v _315421_/Y (MAJx2_ASAP7_75t_R)
                                         _072042_ (net)
                 10.11    0.04 4294.98 v _315423_/A2 (AO21x1_ASAP7_75t_R)
     1    1.39   10.59   16.92 4311.90 v _315423_/Y (AO21x1_ASAP7_75t_R)
                                         _072044_ (net)
                 10.59    0.04 4311.94 v _315424_/B (OAI21x1_ASAP7_75t_R)
     1    1.22   15.72    6.78 4318.72 ^ _315424_/Y (OAI21x1_ASAP7_75t_R)
                                         _072045_ (net)
                 15.72    0.06 4318.78 ^ _315425_/C (MAJx2_ASAP7_75t_R)
     1    1.11    8.92   18.75 4337.53 ^ _315425_/Y (MAJx2_ASAP7_75t_R)
                                         _072046_ (net)
                  8.92    0.04 4337.56 ^ _315426_/C (MAJx2_ASAP7_75t_R)
     1    1.29    9.87   17.73 4355.29 ^ _315426_/Y (MAJx2_ASAP7_75t_R)
                                         _072047_ (net)
                  9.87    0.08 4355.37 ^ _315427_/C (MAJx2_ASAP7_75t_R)
     1    0.64    7.71   16.79 4372.16 ^ _315427_/Y (MAJx2_ASAP7_75t_R)
                                         _072048_ (net)
                  7.71    0.02 4372.18 ^ _315439_/A2 (AO21x1_ASAP7_75t_R)
     1    0.60    7.13   12.75 4384.93 ^ _315439_/Y (AO21x1_ASAP7_75t_R)
                                         _072060_ (net)
                  7.13    0.02 4384.95 ^ _315442_/A (AND2x2_ASAP7_75t_R)
     1    1.32    7.96   14.84 4399.79 ^ _315442_/Y (AND2x2_ASAP7_75t_R)
                                         _072063_ (net)
                  7.96    0.09 4399.88 ^ _315443_/C (MAJx2_ASAP7_75t_R)
     2    2.06   12.17   18.90 4418.78 ^ _315443_/Y (MAJx2_ASAP7_75t_R)
                                         _072064_ (net)
                 12.17    0.06 4418.84 ^ _315456_/B (NOR3x1_ASAP7_75t_R)
     1    0.65   13.07   10.21 4429.05 v _315456_/Y (NOR3x1_ASAP7_75t_R)
                                         _072077_ (net)
                 13.07    0.02 4429.07 v _315457_/B (AO21x1_ASAP7_75t_R)
     1    0.74    7.21   16.78 4445.85 v _315457_/Y (AO21x1_ASAP7_75t_R)
                                         _072078_ (net)
                  7.21    0.03 4445.88 v _315458_/C (OR3x1_ASAP7_75t_R)
     2    1.93   16.28   24.12 4470.00 v _315458_/Y (OR3x1_ASAP7_75t_R)
                                         _072079_ (net)
                 16.28    0.08 4470.08 v _315461_/B (NAND2x1_ASAP7_75t_R)
    23   19.19  126.10   57.30 4527.39 ^ _315461_/Y (NAND2x1_ASAP7_75t_R)
                                         _072082_ (net)
                126.12    1.03 4528.42 ^ _315504_/B1 (OA22x2_ASAP7_75t_R)
     1    0.72    8.63   28.97 4557.39 ^ _315504_/Y (OA22x2_ASAP7_75t_R)
                                         _072125_ (net)
                  8.63    0.03 4557.42 ^ _315505_/A2 (OA21x2_ASAP7_75t_R)
     1    0.69    8.86   14.89 4572.31 ^ _315505_/Y (OA21x2_ASAP7_75t_R)
                                         _072126_ (net)
                  8.86    0.03 4572.34 ^ _315506_/B (AO21x1_ASAP7_75t_R)
     1    0.70    7.82   11.43 4583.77 ^ _315506_/Y (AO21x1_ASAP7_75t_R)
                                         _072127_ (net)
                  7.82    0.03 4583.80 ^ _315507_/B (OA21x2_ASAP7_75t_R)
     2    2.10   11.36   17.85 4601.65 ^ _315507_/Y (OA21x2_ASAP7_75t_R)
                                         _072128_ (net)
                 11.37    0.17 4601.82 ^ _315508_/A (INVx1_ASAP7_75t_R)
     2    1.82   11.89    9.15 4610.96 v _315508_/Y (INVx1_ASAP7_75t_R)
                                         _072129_ (net)
                 11.89    0.07 4611.03 v _315513_/B (MAJx2_ASAP7_75t_R)
     1    1.23    9.20   22.14 4633.17 v _315513_/Y (MAJx2_ASAP7_75t_R)
                                         _072134_ (net)
                  9.20    0.06 4633.23 v _315514_/C (MAJx2_ASAP7_75t_R)
     1    1.41   10.29   20.54 4653.77 v _315514_/Y (MAJx2_ASAP7_75t_R)
                                         _072135_ (net)
                 10.29    0.07 4653.85 v _315519_/B (MAJx2_ASAP7_75t_R)
     1    1.31    9.43   21.81 4675.66 v _315519_/Y (MAJx2_ASAP7_75t_R)
                                         _072140_ (net)
                  9.43    0.05 4675.70 v _315526_/B (MAJx2_ASAP7_75t_R)
     1    1.11    9.45   21.23 4696.93 v _315526_/Y (MAJx2_ASAP7_75t_R)
                                         _072147_ (net)
                  9.45    0.03 4696.96 v _315527_/C (MAJx2_ASAP7_75t_R)
     1    1.10    9.42   20.07 4717.03 v _315527_/Y (MAJx2_ASAP7_75t_R)
                                         _072148_ (net)
                  9.42    0.03 4717.07 v _315528_/C (MAJx2_ASAP7_75t_R)
     1    1.10    8.69   20.06 4737.13 v _315528_/Y (MAJx2_ASAP7_75t_R)
                                         _072149_ (net)
                  8.69    0.03 4737.16 v _315529_/C (MAJx2_ASAP7_75t_R)
     1    1.10    8.98   19.88 4757.04 v _315529_/Y (MAJx2_ASAP7_75t_R)
                                         _072150_ (net)
                  8.98    0.03 4757.07 v _315530_/C (MAJx2_ASAP7_75t_R)
     1    1.24    9.03   20.19 4777.26 v _315530_/Y (MAJx2_ASAP7_75t_R)
                                         _072151_ (net)
                  9.03    0.07 4777.33 v _315531_/C (MAJx2_ASAP7_75t_R)
     4    2.68   13.02   22.71 4800.04 v _315531_/Y (MAJx2_ASAP7_75t_R)
                                         _072152_ (net)
                 13.02    0.11 4800.15 v _315532_/A2 (OA21x2_ASAP7_75t_R)
     1    0.63    6.70   17.82 4817.98 v _315532_/Y (OA21x2_ASAP7_75t_R)
                                         _072153_ (net)
                  6.70    0.02 4818.00 v _315555_/A1 (OA22x2_ASAP7_75t_R)
     1    0.74    6.88   16.73 4834.73 v _315555_/Y (OA22x2_ASAP7_75t_R)
                                         _072176_ (net)
                  6.88    0.03 4834.76 v _315556_/C (OR3x1_ASAP7_75t_R)
     3    1.92   16.24   24.04 4858.80 v _315556_/Y (OR3x1_ASAP7_75t_R)
                                         _072177_ (net)
                 16.24    0.06 4858.86 v place24515/A (BUFx3_ASAP7_75t_R)
    24   21.73   42.86   31.02 4889.88 v place24515/Y (BUFx3_ASAP7_75t_R)
                                         net24073 (net)
                 43.11    1.94 4891.82 v _315573_/A (INVx1_ASAP7_75t_R)
    11   10.72   73.60   43.25 4935.07 ^ _315573_/Y (INVx1_ASAP7_75t_R)
                                         _072194_ (net)
                 73.62    0.79 4935.87 ^ _315574_/B (NOR2x1_ASAP7_75t_R)
    10    9.67   65.98   46.41 4982.28 v _315574_/Y (NOR2x1_ASAP7_75t_R)
                                         _072195_ (net)
                 65.98    0.21 4982.49 v _315576_/A2 (OAI21x1_ASAP7_75t_R)
     7    7.98   60.06   39.33 5021.82 ^ _315576_/Y (OAI21x1_ASAP7_75t_R)
                                         _072197_ (net)
                 60.07    0.55 5022.37 ^ _315580_/B1 (AO32x1_ASAP7_75t_R)
     5    4.44   33.22   39.69 5062.06 ^ _315580_/Y (AO32x1_ASAP7_75t_R)
                                         _072201_ (net)
                 33.26    0.80 5062.86 ^ _315581_/B (XNOR2x2_ASAP7_75t_R)
     1    0.55    6.90   27.83 5090.69 v _315581_/Y (XNOR2x2_ASAP7_75t_R)
                                         _072202_ (net)
                  6.90    0.02 5090.70 v _315582_/C (AO221x1_ASAP7_75t_R)
     2    1.58   13.56   24.35 5115.05 v _315582_/Y (AO221x1_ASAP7_75t_R)
                                         _072203_ (net)
                 13.56    0.06 5115.11 v _315605_/A1 (OA21x2_ASAP7_75t_R)
     1    1.23    7.51   18.46 5133.57 v _315605_/Y (OA21x2_ASAP7_75t_R)
                                         _072226_ (net)
                  7.51    0.06 5133.64 v _315606_/C (MAJx2_ASAP7_75t_R)
     1    1.21    8.96   19.74 5153.38 v _315606_/Y (MAJx2_ASAP7_75t_R)
                                         _072227_ (net)
                  8.96    0.06 5153.44 v _315607_/C (MAJx2_ASAP7_75t_R)
     3    2.48   12.50   22.32 5175.76 v _315607_/Y (MAJx2_ASAP7_75t_R)
                                         _072228_ (net)
                 12.51    0.10 5175.86 v _315626_/A (INVx1_ASAP7_75t_R)
     1    1.10   10.10    8.36 5184.22 ^ _315626_/Y (INVx1_ASAP7_75t_R)
                                         _072247_ (net)
                 10.10    0.03 5184.25 ^ _315637_/A (NAND2x1_ASAP7_75t_R)
     2    1.30    9.91    7.87 5192.12 v _315637_/Y (NAND2x1_ASAP7_75t_R)
                                         _072258_ (net)
                  9.92    0.05 5192.17 v _315638_/A2 (AO21x1_ASAP7_75t_R)
     1    0.45    6.88   14.05 5206.22 v _315638_/Y (AO21x1_ASAP7_75t_R)
                                         _072259_ (net)
                  6.88    0.01 5206.23 v _315639_/B (OA211x2_ASAP7_75t_R)
     1    0.60    9.03   24.48 5230.71 v _315639_/Y (OA211x2_ASAP7_75t_R)
                                         _072260_ (net)
                  9.03    0.02 5230.73 v _315641_/A2 (OA211x2_ASAP7_75t_R)
    19   15.51   48.11   42.23 5272.96 v _315641_/Y (OA211x2_ASAP7_75t_R)
                                         _072262_ (net)
                 48.14    0.66 5273.62 v _315643_/C (OR3x1_ASAP7_75t_R)
    12   11.62   65.49   53.29 5326.91 v _315643_/Y (OR3x1_ASAP7_75t_R)
                                         _072264_ (net)
                 65.49    0.24 5327.15 v _315699_/B (OR2x2_ASAP7_75t_R)
     7    8.83   29.69   39.21 5366.36 v _315699_/Y (OR2x2_ASAP7_75t_R)
                                         _072320_ (net)
                 29.70    0.32 5366.68 v _315701_/C (OA211x2_ASAP7_75t_R)
     1    0.71    9.44   33.91 5400.60 v _315701_/Y (OA211x2_ASAP7_75t_R)
                                         _072322_ (net)
                  9.44    0.03 5400.62 v _315702_/A2 (OA21x2_ASAP7_75t_R)
     3    3.66   14.36   21.38 5422.00 v _315702_/Y (OA21x2_ASAP7_75t_R)
                                         _072323_ (net)
                 14.48    0.74 5422.74 v _315703_/B (AND2x2_ASAP7_75t_R)
     1    1.12    7.65   16.49 5439.24 v _315703_/Y (AND2x2_ASAP7_75t_R)
                                         _072324_ (net)
                  7.65    0.04 5439.27 v _315704_/C (MAJx2_ASAP7_75t_R)
     1    1.11    9.00   19.61 5458.88 v _315704_/Y (MAJx2_ASAP7_75t_R)
                                         _072325_ (net)
                  9.01    0.04 5458.92 v _315705_/C (MAJx2_ASAP7_75t_R)
     1    1.19    9.46   20.10 5479.02 v _315705_/Y (MAJx2_ASAP7_75t_R)
                                         _072326_ (net)
                  9.46    0.05 5479.07 v _315706_/C (MAJx2_ASAP7_75t_R)
     1    1.16    8.78   20.18 5499.25 v _315706_/Y (MAJx2_ASAP7_75t_R)
                                         _072327_ (net)
                  8.79    0.05 5499.30 v _315707_/C (MAJx2_ASAP7_75t_R)
     1    1.13    9.00   19.94 5519.24 v _315707_/Y (MAJx2_ASAP7_75t_R)
                                         _072328_ (net)
                  9.00    0.04 5519.28 v _315708_/C (MAJx2_ASAP7_75t_R)
     1    1.10    8.98   19.96 5539.24 v _315708_/Y (MAJx2_ASAP7_75t_R)
                                         _072329_ (net)
                  8.98    0.03 5539.27 v _315709_/C (MAJx2_ASAP7_75t_R)
     1    1.10    8.70   19.96 5559.23 v _315709_/Y (MAJx2_ASAP7_75t_R)
                                         _072330_ (net)
                  8.70    0.03 5559.27 v _315710_/C (MAJx2_ASAP7_75t_R)
     1    1.13    8.69   19.91 5579.18 v _315710_/Y (MAJx2_ASAP7_75t_R)
                                         _072331_ (net)
                  8.69    0.04 5579.22 v _315711_/C (MAJx2_ASAP7_75t_R)
     1    1.20    8.99   20.04 5599.26 v _315711_/Y (MAJx2_ASAP7_75t_R)
                                         _072332_ (net)
                  9.00    0.06 5599.32 v _315712_/C (MAJx2_ASAP7_75t_R)
     1    0.72    8.33   19.28 5618.60 v _315712_/Y (MAJx2_ASAP7_75t_R)
                                         _072333_ (net)
                  8.33    0.02 5618.62 v _315713_/A (INVx1_ASAP7_75t_R)
     1    1.10    9.13    7.22 5625.84 ^ _315713_/Y (INVx1_ASAP7_75t_R)
                                         _072334_ (net)
                  9.13    0.03 5625.88 ^ _315714_/C (MAJx2_ASAP7_75t_R)
     2    2.00   11.05   19.03 5644.91 ^ _315714_/Y (MAJx2_ASAP7_75t_R)
                                         _072335_ (net)
                 11.05    0.04 5644.95 ^ _315737_/A1 (OA211x2_ASAP7_75t_R)
    39   35.52  120.49   62.31 5707.27 ^ _315737_/Y (OA211x2_ASAP7_75t_R)
                                         _072358_ (net)
                120.70    3.13 5710.40 ^ _315776_/A (INVx1_ASAP7_75t_R)
     8    7.70   66.50   47.02 5757.42 v _315776_/Y (INVx1_ASAP7_75t_R)
                                         _072397_ (net)
                 66.50    0.13 5757.55 v _315778_/A (AND2x2_ASAP7_75t_R)
     8   13.02   38.88   44.38 5801.93 v _315778_/Y (AND2x2_ASAP7_75t_R)
                                         _072399_ (net)
                 38.93    0.84 5802.78 v _315783_/A2 (AO32x1_ASAP7_75t_R)
     5    4.82   31.00   38.65 5841.43 v _315783_/Y (AO32x1_ASAP7_75t_R)
                                         _072404_ (net)
                 31.01    0.34 5841.77 v _315818_/B (MAJx2_ASAP7_75t_R)
     1    1.11    8.62   27.21 5868.98 v _315818_/Y (MAJx2_ASAP7_75t_R)
                                         _072439_ (net)
                  8.62    0.03 5869.01 v _315819_/C (MAJx2_ASAP7_75t_R)
     1    1.17    9.33   19.97 5888.98 v _315819_/Y (MAJx2_ASAP7_75t_R)
                                         _072440_ (net)
                  9.33    0.05 5889.03 v _315820_/C (MAJx2_ASAP7_75t_R)
     1    1.17    8.81   20.16 5909.19 v _315820_/Y (MAJx2_ASAP7_75t_R)
                                         _072441_ (net)
                  8.81    0.05 5909.24 v _315821_/C (MAJx2_ASAP7_75t_R)
     1    1.39    9.88   20.39 5929.63 v _315821_/Y (MAJx2_ASAP7_75t_R)
                                         _072442_ (net)
                  9.89    0.10 5929.74 v _315822_/C (MAJx2_ASAP7_75t_R)
     1    1.16    8.77   20.29 5950.02 v _315822_/Y (MAJx2_ASAP7_75t_R)
                                         _072443_ (net)
                  8.77    0.05 5950.07 v _315823_/C (MAJx2_ASAP7_75t_R)
     1    1.13    8.44   19.94 5970.01 v _315823_/Y (MAJx2_ASAP7_75t_R)
                                         _072444_ (net)
                  8.44    0.04 5970.05 v _315824_/C (MAJx2_ASAP7_75t_R)
     1    1.19    8.81   19.96 5990.01 v _315824_/Y (MAJx2_ASAP7_75t_R)
                                         _072445_ (net)
                  8.81    0.05 5990.06 v _315825_/C (MAJx2_ASAP7_75t_R)
     1    1.34    8.96   20.31 6010.37 v _315825_/Y (MAJx2_ASAP7_75t_R)
                                         _072446_ (net)
                  8.97    0.09 6010.46 v _315826_/C (MAJx2_ASAP7_75t_R)
     1    1.14    9.37   20.02 6030.48 v _315826_/Y (MAJx2_ASAP7_75t_R)
                                         _072447_ (net)
                  9.37    0.04 6030.52 v _315827_/C (MAJx2_ASAP7_75t_R)
     1    1.00    8.49   19.88 6050.40 v _315827_/Y (MAJx2_ASAP7_75t_R)
                                         _072448_ (net)
                  8.49    0.04 6050.44 v _315828_/B (XNOR2x2_ASAP7_75t_R)
     1    1.15    7.90   20.83 6071.28 ^ _315828_/Y (XNOR2x2_ASAP7_75t_R)
                                         _072449_ (net)
                  7.90    0.04 6071.32 ^ _315830_/A2 (OAI21x1_ASAP7_75t_R)
    14   15.66   78.54   36.03 6107.35 v _315830_/Y (OAI21x1_ASAP7_75t_R)
                                         _072451_ (net)
                 78.54    0.32 6107.67 v _315832_/D (AND4x1_ASAP7_75t_R)
     7    7.02   39.45   42.06 6149.73 v _315832_/Y (AND4x1_ASAP7_75t_R)
                                         _072453_ (net)
                 39.49    0.68 6150.41 v _315885_/A2 (OA21x2_ASAP7_75t_R)
     1    0.65    7.13   24.47 6174.88 v _315885_/Y (OA21x2_ASAP7_75t_R)
                                         _072506_ (net)
                  7.13    0.02 6174.90 v _315886_/B (AO21x1_ASAP7_75t_R)
     1    0.53    7.58   14.88 6189.78 v _315886_/Y (AO21x1_ASAP7_75t_R)
                                         _072507_ (net)
                  7.58    0.02 6189.79 v _315887_/B1 (AO32x1_ASAP7_75t_R)
     3    2.59   19.38   26.73 6216.53 v _315887_/Y (AO32x1_ASAP7_75t_R)
                                         _072508_ (net)
                 19.39    0.23 6216.76 v _315892_/B (AND2x2_ASAP7_75t_R)
     1    1.08    6.98   18.01 6234.77 v _315892_/Y (AND2x2_ASAP7_75t_R)
                                         _072513_ (net)
                  6.98    0.03 6234.80 v _315893_/C (MAJx2_ASAP7_75t_R)
     1    1.10    8.29   19.41 6254.21 v _315893_/Y (MAJx2_ASAP7_75t_R)
                                         _072514_ (net)
                  8.29    0.03 6254.24 v _315894_/C (MAJx2_ASAP7_75t_R)
     1    1.14    8.46   19.83 6274.07 v _315894_/Y (MAJx2_ASAP7_75t_R)
                                         _072515_ (net)
                  8.46    0.04 6274.11 v _315895_/C (MAJx2_ASAP7_75t_R)
     1    1.17    8.47   19.92 6294.04 v _315895_/Y (MAJx2_ASAP7_75t_R)
                                         _072516_ (net)
                  8.47    0.05 6294.08 v _315896_/C (MAJx2_ASAP7_75t_R)
     1    1.14    8.46   19.87 6313.96 v _315896_/Y (MAJx2_ASAP7_75t_R)
                                         _072517_ (net)
                  8.46    0.04 6314.00 v _315897_/C (MAJx2_ASAP7_75t_R)
     1    1.21    8.67   19.99 6333.99 v _315897_/Y (MAJx2_ASAP7_75t_R)
                                         _072518_ (net)
                  8.67    0.06 6334.04 v _315898_/C (MAJx2_ASAP7_75t_R)
     1    1.16    8.19   19.97 6354.01 v _315898_/Y (MAJx2_ASAP7_75t_R)
                                         _072519_ (net)
                  8.19    0.05 6354.06 v _315899_/C (MAJx2_ASAP7_75t_R)
     1    1.17    8.56   19.85 6373.90 v _315899_/Y (MAJx2_ASAP7_75t_R)
                                         _072520_ (net)
                  8.56    0.05 6373.95 v _315900_/C (MAJx2_ASAP7_75t_R)
     1    1.18    8.28   19.98 6393.93 v _315900_/Y (MAJx2_ASAP7_75t_R)
                                         _072521_ (net)
                  8.28    0.05 6393.98 v _315901_/C (MAJx2_ASAP7_75t_R)
     2    2.33   11.74   21.89 6415.87 v _315901_/Y (MAJx2_ASAP7_75t_R)
                                         _072522_ (net)
                 11.74    0.12 6415.98 v _315908_/C (MAJx2_ASAP7_75t_R)
     1    0.66    7.61   19.88 6435.87 v _315908_/Y (MAJx2_ASAP7_75t_R)
                                         _072529_ (net)
                  7.61    0.03 6435.89 v _315909_/B (AND2x2_ASAP7_75t_R)
     1    0.76    5.56   13.72 6449.62 v _315909_/Y (AND2x2_ASAP7_75t_R)
                                         _072530_ (net)
                  5.56    0.04 6449.65 v _315910_/D (OR4x1_ASAP7_75t_R)
     6    5.52   36.29   40.14 6489.80 v _315910_/Y (OR4x1_ASAP7_75t_R)
                                         _072531_ (net)
                 36.32    0.47 6490.26 v _315911_/B (AND2x2_ASAP7_75t_R)
    34   26.63   75.43   51.14 6541.40 v _315911_/Y (AND2x2_ASAP7_75t_R)
                                         _072532_ (net)
                 76.63    5.31 6546.71 v _315912_/B (NAND2x1_ASAP7_75t_R)
    19   19.53  134.38   79.81 6626.52 ^ _315912_/Y (NAND2x1_ASAP7_75t_R)
                                         _072533_ (net)
                134.87    4.73 6631.26 ^ _315937_/A2 (AO21x1_ASAP7_75t_R)
     2    2.26   18.57   30.14 6661.39 ^ _315937_/Y (AO21x1_ASAP7_75t_R)
                                         _072558_ (net)
                 18.59    0.33 6661.73 ^ _315938_/B (AND2x2_ASAP7_75t_R)
     2    2.39   13.11   19.92 6681.65 ^ _315938_/Y (AND2x2_ASAP7_75t_R)
                                         _072559_ (net)
                 13.11    0.06 6681.71 ^ _315966_/B (MAJx2_ASAP7_75t_R)
     1    1.17    9.56   20.15 6701.86 ^ _315966_/Y (MAJx2_ASAP7_75t_R)
                                         _072587_ (net)
                  9.56    0.05 6701.91 ^ _315967_/C (MAJx2_ASAP7_75t_R)
     1    1.12    9.51   17.56 6719.47 ^ _315967_/Y (MAJx2_ASAP7_75t_R)
                                         _072588_ (net)
                  9.51    0.04 6719.51 ^ _315968_/C (MAJx2_ASAP7_75t_R)
     1    1.16    9.56   17.63 6737.14 ^ _315968_/Y (MAJx2_ASAP7_75t_R)
                                         _072589_ (net)
                  9.56    0.05 6737.19 ^ _315969_/C (MAJx2_ASAP7_75t_R)
     1    1.08    9.27   17.50 6754.69 ^ _315969_/Y (MAJx2_ASAP7_75t_R)
                                         _072590_ (net)
                  9.27    0.03 6754.72 ^ _315970_/C (MAJx2_ASAP7_75t_R)
     1    1.10    8.64   17.46 6772.18 ^ _315970_/Y (MAJx2_ASAP7_75t_R)
                                         _072591_ (net)
                  8.64    0.03 6772.22 ^ _315971_/C (MAJx2_ASAP7_75t_R)
     1    1.11    9.39   17.35 6789.57 ^ _315971_/Y (MAJx2_ASAP7_75t_R)
                                         _072592_ (net)
                  9.40    0.04 6789.60 ^ _315972_/C (MAJx2_ASAP7_75t_R)
     1    0.75    7.80   16.88 6806.48 ^ _315972_/Y (MAJx2_ASAP7_75t_R)
                                         _072593_ (net)
                  7.81    0.03 6806.51 ^ _315973_/A (INVx1_ASAP7_75t_R)
     1    1.13    7.85    6.43 6812.93 v _315973_/Y (INVx1_ASAP7_75t_R)
                                         _072594_ (net)
                  7.85    0.04 6812.97 v _315974_/C (MAJx2_ASAP7_75t_R)
     1    0.74    7.56   19.00 6831.98 v _315974_/Y (MAJx2_ASAP7_75t_R)
                                         _072595_ (net)
                  7.56    0.03 6832.00 v _315975_/A (INVx1_ASAP7_75t_R)
     2    1.84   13.29    9.01 6841.01 ^ _315975_/Y (INVx1_ASAP7_75t_R)
                                         _072596_ (net)
                 13.29    0.05 6841.06 ^ _315976_/B (AO21x1_ASAP7_75t_R)
     1    1.17   10.32   13.84 6854.90 ^ _315976_/Y (AO21x1_ASAP7_75t_R)
                                         _072597_ (net)
                 10.32    0.05 6854.95 ^ _315977_/C (MAJx2_ASAP7_75t_R)
     1    0.78    8.13   17.11 6872.06 ^ _315977_/Y (MAJx2_ASAP7_75t_R)
                                         _072598_ (net)
                  8.13    0.04 6872.10 ^ _315980_/A2 (AO21x1_ASAP7_75t_R)
     3    1.93   14.75   16.87 6888.97 ^ _315980_/Y (AO21x1_ASAP7_75t_R)
                                         _072601_ (net)
                 14.75    0.05 6889.02 ^ _315984_/B (AND2x2_ASAP7_75t_R)
    33   30.45  101.57   53.96 6942.98 ^ _315984_/Y (AND2x2_ASAP7_75t_R)
                                         _072605_ (net)
                101.64    1.72 6944.71 ^ _315985_/A (INVx1_ASAP7_75t_R)
     9    7.50   60.65   43.64 6988.34 v _315985_/Y (INVx1_ASAP7_75t_R)
                                         _072606_ (net)
                 60.65    0.20 6988.55 v _315986_/C (AND3x1_ASAP7_75t_R)
    18   16.72   91.87   58.66 7047.21 v _315986_/Y (AND3x1_ASAP7_75t_R)
                                         _072607_ (net)
                 91.88    0.29 7047.50 v _316006_/A2 (OA21x2_ASAP7_75t_R)
     1    0.66    8.87   32.68 7080.18 v _316006_/Y (OA21x2_ASAP7_75t_R)
                                         _072627_ (net)
                  8.87    0.02 7080.20 v _316007_/B (AO21x1_ASAP7_75t_R)
     1    1.37   12.19   17.81 7098.00 v _316007_/Y (AO21x1_ASAP7_75t_R)
                                         _072628_ (net)
                 12.19    0.05 7098.05 v _316008_/A2 (AOI22x1_ASAP7_75t_R)
     2    2.18   30.93   14.24 7112.29 ^ _316008_/Y (AOI22x1_ASAP7_75t_R)
                                         _072629_ (net)
                 30.94    0.21 7112.50 ^ _316009_/B (XNOR2x2_ASAP7_75t_R)
     1    1.13    8.20   28.54 7141.04 v _316009_/Y (XNOR2x2_ASAP7_75t_R)
                                         _072630_ (net)
                  8.20    0.04 7141.09 v _316010_/C (AOI211x1_ASAP7_75t_R)
     2    2.13   26.99   14.97 7156.06 ^ _316010_/Y (AOI211x1_ASAP7_75t_R)
                                         _072631_ (net)
                 26.99    0.07 7156.13 ^ _316060_/A1 (AOI22x1_ASAP7_75t_R)
     1    1.09   15.01    9.63 7165.76 v _316060_/Y (AOI22x1_ASAP7_75t_R)
                                         _072681_ (net)
                 15.01    0.03 7165.79 v _316061_/C (MAJx2_ASAP7_75t_R)
     1    1.18    8.63   21.59 7187.38 v _316061_/Y (MAJx2_ASAP7_75t_R)
                                         _072682_ (net)
                  8.63    0.05 7187.43 v _316062_/C (MAJx2_ASAP7_75t_R)
     2    2.25   11.34   21.85 7209.28 v _316062_/Y (MAJx2_ASAP7_75t_R)
                                         _072683_ (net)
                 11.34    0.08 7209.36 v _316063_/C (MAJx2_ASAP7_75t_R)
     1    0.68    7.49   19.82 7229.17 v _316063_/Y (MAJx2_ASAP7_75t_R)
                                         _072684_ (net)
                  7.49    0.03 7229.20 v _316068_/B (OR3x1_ASAP7_75t_R)
     1    1.39   11.92   22.12 7251.32 v _316068_/Y (OR3x1_ASAP7_75t_R)
                                         _072689_ (net)
                 11.92    0.05 7251.37 v _316071_/B (NAND3x1_ASAP7_75t_R)
    21   18.13  122.72   57.30 7308.67 ^ _316071_/Y (NAND3x1_ASAP7_75t_R)
                                         _072692_ (net)
                122.75    1.26 7309.93 ^ _316079_/A2 (OAI21x1_ASAP7_75t_R)
     2    1.38   29.08   16.51 7326.44 v _316079_/Y (OAI21x1_ASAP7_75t_R)
                                         _072700_ (net)
                 29.08    0.04 7326.48 v _316082_/A1 (AO21x1_ASAP7_75t_R)
    11   10.20   56.32   43.37 7369.85 v _316082_/Y (AO21x1_ASAP7_75t_R)
                                         _072703_ (net)
                 56.38    1.09 7370.94 v _316087_/B1 (AO32x1_ASAP7_75t_R)
     3    2.46   18.48   38.95 7409.89 v _316087_/Y (AO32x1_ASAP7_75t_R)
                                         _072708_ (net)
                 18.49    0.24 7410.13 v _316124_/B (AND2x2_ASAP7_75t_R)
     1    1.13    7.03   17.80 7427.93 v _316124_/Y (AND2x2_ASAP7_75t_R)
                                         _072745_ (net)
                  7.03    0.04 7427.97 v _316125_/C (MAJx2_ASAP7_75t_R)
     1    1.16    8.58   19.51 7447.48 v _316125_/Y (MAJx2_ASAP7_75t_R)
                                         _072746_ (net)
                  8.58    0.05 7447.53 v _316126_/C (MAJx2_ASAP7_75t_R)
     1    1.26    8.77   20.12 7467.64 v _316126_/Y (MAJx2_ASAP7_75t_R)
                                         _072747_ (net)
                  8.78    0.07 7467.72 v _316127_/C (MAJx2_ASAP7_75t_R)
     1    1.22    8.62   20.09 7487.81 v _316127_/Y (MAJx2_ASAP7_75t_R)
                                         _072748_ (net)
                  8.62    0.06 7487.87 v _316128_/C (MAJx2_ASAP7_75t_R)
     1    1.17    8.65   19.97 7507.84 v _316128_/Y (MAJx2_ASAP7_75t_R)
                                         _072749_ (net)
                  8.65    0.05 7507.89 v _316129_/C (MAJx2_ASAP7_75t_R)
     1    1.26    8.83   20.13 7528.02 v _316129_/Y (MAJx2_ASAP7_75t_R)
                                         _072750_ (net)
                  8.83    0.07 7528.09 v _316130_/C (MAJx2_ASAP7_75t_R)
     1    1.13    8.43   19.95 7548.04 v _316130_/Y (MAJx2_ASAP7_75t_R)
                                         _072751_ (net)
                  8.43    0.04 7548.08 v _316131_/C (MAJx2_ASAP7_75t_R)
     1    1.10    8.46   19.80 7567.88 v _316131_/Y (MAJx2_ASAP7_75t_R)
                                         _072752_ (net)
                  8.46    0.03 7567.91 v _316132_/C (MAJx2_ASAP7_75t_R)
     1    1.18    8.41   19.94 7587.85 v _316132_/Y (MAJx2_ASAP7_75t_R)
                                         _072753_ (net)
                  8.41    0.05 7587.90 v _316133_/C (MAJx2_ASAP7_75t_R)
     2    2.00   10.96   21.35 7609.25 v _316133_/Y (MAJx2_ASAP7_75t_R)
                                         _072754_ (net)
                 10.96    0.09 7609.34 v _316134_/B (AO21x1_ASAP7_75t_R)
     1    1.23    9.60   17.81 7627.15 v _316134_/Y (AO21x1_ASAP7_75t_R)
                                         _072755_ (net)
                  9.60    0.06 7627.21 v _316135_/C (MAJx2_ASAP7_75t_R)
     1    0.68    7.67   19.38 7646.59 v _316135_/Y (MAJx2_ASAP7_75t_R)
                                         _072756_ (net)
                  7.67    0.02 7646.61 v _316144_/A1 (AO21x1_ASAP7_75t_R)
     4    2.70   16.89   20.52 7667.13 v _316144_/Y (AO21x1_ASAP7_75t_R)
                                         _072765_ (net)
                 16.89    0.07 7667.20 v _316347_/A2 (AO21x1_ASAP7_75t_R)
     6    6.05   35.57   29.60 7696.80 v _316347_/Y (AO21x1_ASAP7_75t_R)
                                         _072968_ (net)
                 35.58    0.28 7697.08 v _316364_/A2 (AO21x1_ASAP7_75t_R)
     8    9.54   53.26   41.40 7738.49 v _316364_/Y (AO21x1_ASAP7_75t_R)
                                         _072985_ (net)
                 53.37    1.42 7739.91 v _316394_/B1 (AO32x1_ASAP7_75t_R)
     2    2.93   20.23   39.54 7779.45 v _316394_/Y (AO32x1_ASAP7_75t_R)
                                         _073015_ (net)
                 20.29    0.57 7780.02 v _316395_/B (AND2x2_ASAP7_75t_R)
     1    1.13    7.59   18.35 7798.37 v _316395_/Y (AND2x2_ASAP7_75t_R)
                                         _073016_ (net)
                  7.59    0.04 7798.41 v _316396_/C (MAJx2_ASAP7_75t_R)
     1    1.20    8.56   19.73 7818.14 v _316396_/Y (MAJx2_ASAP7_75t_R)
                                         _073017_ (net)
                  8.56    0.06 7818.20 v _316397_/C (MAJx2_ASAP7_75t_R)
     1    1.24    8.66   20.06 7838.26 v _316397_/Y (MAJx2_ASAP7_75t_R)
                                         _073018_ (net)
                  8.66    0.06 7838.33 v _316398_/C (MAJx2_ASAP7_75t_R)
     1    1.15    8.40   19.95 7858.28 v _316398_/Y (MAJx2_ASAP7_75t_R)
                                         _073019_ (net)
                  8.40    0.05 7858.32 v _316399_/C (MAJx2_ASAP7_75t_R)
     1    1.30    9.17   20.14 7878.46 v _316399_/Y (MAJx2_ASAP7_75t_R)
                                         _073020_ (net)
                  9.18    0.08 7878.54 v _316400_/C (MAJx2_ASAP7_75t_R)
     1    1.13    8.65   20.05 7898.59 v _316400_/Y (MAJx2_ASAP7_75t_R)
                                         _073021_ (net)
                  8.65    0.04 7898.63 v _316401_/C (MAJx2_ASAP7_75t_R)
     1    1.15    8.37   19.94 7918.57 v _316401_/Y (MAJx2_ASAP7_75t_R)
                                         _073022_ (net)
                  8.37    0.04 7918.61 v _316402_/C (MAJx2_ASAP7_75t_R)
     1    1.15    9.19   19.86 7938.48 v _316402_/Y (MAJx2_ASAP7_75t_R)
                                         _073023_ (net)
                  9.19    0.04 7938.52 v _316403_/C (MAJx2_ASAP7_75t_R)
     1    1.18    8.55   20.15 7958.67 v _316403_/Y (MAJx2_ASAP7_75t_R)
                                         _073024_ (net)
                  8.55    0.05 7958.72 v _316404_/C (MAJx2_ASAP7_75t_R)
     2    2.28   11.78   21.89 7980.61 v _316404_/Y (MAJx2_ASAP7_75t_R)
                                         _073025_ (net)
                 11.79    0.10 7980.71 v _316424_/C (MAJx2_ASAP7_75t_R)
     1    1.00    8.27   20.48 8001.18 v _316424_/Y (MAJx2_ASAP7_75t_R)
                                         _073045_ (net)
                  8.27    0.03 8001.21 v _316425_/B (AOI211x1_ASAP7_75t_R)
     1    1.06   16.68   11.42 8012.63 ^ _316425_/Y (AOI211x1_ASAP7_75t_R)
                                         _073046_ (net)
                 16.68    0.05 8012.68 ^ _316431_/B (AOI211x1_ASAP7_75t_R)
     1    1.51   23.12   11.86 8024.54 v _316431_/Y (AOI211x1_ASAP7_75t_R)
                                         _073052_ (net)
                 23.12    0.20 8024.74 v place21759/A (BUFx3_ASAP7_75t_R)
    36   34.25   70.65   29.25 8053.99 v place21759/Y (BUFx3_ASAP7_75t_R)
                                         net21317 (net)
                 86.80   18.07 8072.06 v _316514_/A (OR4x1_ASAP7_75t_R)
     1    0.81   11.61   38.99 8111.05 v _316514_/Y (OR4x1_ASAP7_75t_R)
                                         _073135_ (net)
                 11.61    0.04 8111.09 v _316515_/A (INVx1_ASAP7_75t_R)
     1    2.25   16.49   11.28 8122.37 ^ _316515_/Y (INVx1_ASAP7_75t_R)
                                         _073136_ (net)
                 16.53    0.47 8122.84 ^ _316517_/A2 (OA21x2_ASAP7_75t_R)
     3    5.23   22.71   23.64 8146.48 ^ _316517_/Y (OA21x2_ASAP7_75t_R)
                                         _073138_ (net)
                 23.35    2.07 8148.55 ^ _316541_/A (NOR2x1_ASAP7_75t_R)
     3    2.76   21.24   17.33 8165.88 v _316541_/Y (NOR2x1_ASAP7_75t_R)
                                         _073162_ (net)
                 21.24    0.06 8165.95 v _316542_/D (OR4x1_ASAP7_75t_R)
     2    4.89   33.51   40.22 8206.17 v _316542_/Y (OR4x1_ASAP7_75t_R)
                                         _073163_ (net)
                 33.84    1.86 8208.02 v _321045_/A (INVx1_ASAP7_75t_R)
     1    0.77   12.70   10.91 8218.93 ^ _321045_/Y (INVx1_ASAP7_75t_R)
                                         _077491_ (net)
                 12.70    0.03 8218.96 ^ place21620/A (BUFx3_ASAP7_75t_R)
    34   38.09   88.54   39.75 8258.71 ^ place21620/Y (BUFx3_ASAP7_75t_R)
                                         net21178 (net)
                 94.37   12.14 8270.85 ^ _321049_/A3 (AO32x1_ASAP7_75t_R)
     1    9.19   64.03   46.43 8317.28 ^ _321049_/Y (AO32x1_ASAP7_75t_R)
                                         u_lsu.dmem_req_addr[3] (net)
                 67.29    7.72 8325.00 ^ output161/A (BUFx2_ASAP7_75t_R)
     1    2.50   12.31   25.79 8350.79 ^ output161/Y (BUFx2_ASAP7_75t_R)
                                         dmem_req_addr[3] (net)
                 12.33    0.27 8351.06 ^ dmem_req_addr[3] (out)
                               8351.06   data arrival time

                  0.00 12000.00 12000.00   clock core_clk (rise edge)
                          0.00 12000.00   clock network delay (ideal)
                        -50.00 11950.00   clock uncertainty
                          0.00 11950.00   clock reconvergence pessimism
                       -2400.00 9550.00   output external delay
                               9550.00   data required time
-----------------------------------------------------------------------------
                               9550.00   data required time
                               -8351.06   data arrival time
-----------------------------------------------------------------------------
                               1198.94   slack (MET)


Startpoint: _386861_ (rising edge-triggered flip-flop clocked by core_clk)
Endpoint: _395932_ (rising edge-triggered flip-flop clocked by core_clk)
Path Group: reg2reg
Path Type: max

Fanout     Cap    Slew   Delay    Time   Description
-----------------------------------------------------------------------------
                  0.00    0.00    0.00   clock core_clk (rise edge)
                          0.00    0.00   clock network delay (ideal)
                  0.00    0.00    0.00 ^ _386861_/CLK (DFFHQNx1_ASAP7_75t_R)
    15   15.13  100.86   73.69   73.69 ^ _386861_/QN (DFFHQNx1_ASAP7_75t_R)
                                         u_fp_iq._00165_[0] (net)
                100.90    1.11   74.80 ^ _210675_/D (OR4x1_ASAP7_75t_R)
     6    9.52   61.66   47.20  122.00 ^ _210675_/Y (OR4x1_ASAP7_75t_R)
                                         _146916_ (net)
                 61.76    1.45  123.44 ^ place32434/A (BUFx3_ASAP7_75t_R)
    22   34.88   80.95   47.20  170.64 ^ place32434/Y (BUFx3_ASAP7_75t_R)
                                         net31992 (net)
                 80.97    0.95  171.59 ^ _210696_/B (NAND2x2_ASAP7_75t_R)
    21   21.02   70.92   44.52  216.11 v _210696_/Y (NAND2x2_ASAP7_75t_R)
                                         _146937_ (net)
                 71.44    3.51  219.62 v place32246/A (BUFx6f_ASAP7_75t_R)
    49   57.25   62.42   33.91  253.52 v place32246/Y (BUFx6f_ASAP7_75t_R)
                                         net31804 (net)
                 89.69   21.80  275.32 v _210788_/B (OR3x1_ASAP7_75t_R)
     2    1.25   12.79   34.56  309.89 v _210788_/Y (OR3x1_ASAP7_75t_R)
                                         _147029_ (net)
                 12.79    0.06  309.95 v _210797_/A1 (AO32x1_ASAP7_75t_R)
    17   17.08   97.89   55.73  365.68 v _210797_/Y (AO32x1_ASAP7_75t_R)
                                         _147038_ (net)
                100.31    8.55  374.24 v _210958_/A1 (AO21x1_ASAP7_75t_R)
     7   13.51   74.96   61.15  435.39 v _210958_/Y (AO21x1_ASAP7_75t_R)
                                         _147199_ (net)
                 75.43    3.38  438.77 v place31429/A (BUFx3_ASAP7_75t_R)
    14   28.97   60.75   39.16  477.93 v place31429/Y (BUFx3_ASAP7_75t_R)
                                         net30987 (net)
                 70.59   12.34  490.27 v _211114_/A (AND3x1_ASAP7_75t_R)
     3    4.32   26.25   29.62  519.89 v _211114_/Y (AND3x1_ASAP7_75t_R)
                                         _147355_ (net)
                 26.43    1.21  521.10 v place31160/A (BUFx3_ASAP7_75t_R)
    11   24.78   49.91   24.25  545.35 v place31160/Y (BUFx3_ASAP7_75t_R)
                                         net30718 (net)
                121.77   37.47  582.83 v _211119_/A (NAND2x1_ASAP7_75t_R)
     5   25.08  177.72  108.76  691.59 ^ _211119_/Y (NAND2x1_ASAP7_75t_R)
                                         _147360_ (net)
                182.51   15.78  707.37 ^ place30880/A (BUFx3_ASAP7_75t_R)
    11   24.95   60.15   48.11  755.48 ^ place30880/Y (BUFx3_ASAP7_75t_R)
                                         net30438 (net)
                 65.78    9.64  765.12 ^ _213097_/A2 (OA22x2_ASAP7_75t_R)
     1    0.66    7.72   26.50  791.62 ^ _213097_/Y (OA22x2_ASAP7_75t_R)
                                         _149338_ (net)
                  7.72    0.02  791.65 ^ _213098_/D (AND4x1_ASAP7_75t_R)
     1   11.58   78.98   49.61  841.26 ^ _213098_/Y (AND4x1_ASAP7_75t_R)
                                         _149339_ (net)
                 85.55   11.99  853.24 ^ _213108_/A2 (AO31x2_ASAP7_75t_R)
     2    1.38    9.42   25.77  879.01 ^ _213108_/Y (AO31x2_ASAP7_75t_R)
                                         _149349_ (net)
                  9.43    0.06  879.07 ^ _213109_/D (AND4x1_ASAP7_75t_R)
     2    2.52   21.30   28.42  907.49 ^ _213109_/Y (AND4x1_ASAP7_75t_R)
                                         _149350_ (net)
                 21.33    0.42  907.91 ^ _213110_/E (AND5x1_ASAP7_75t_R)
     1    1.64   17.20   33.61  941.52 ^ _213110_/Y (AND5x1_ASAP7_75t_R)
                                         _149351_ (net)
                 17.21    0.13  941.64 ^ place29487/A (BUFx6f_ASAP7_75t_R)
     2    1.62    5.25   13.82  955.47 ^ place29487/Y (BUFx6f_ASAP7_75t_R)
                                         net29045 (net)
                  5.25    0.08  955.55 ^ _213111_/C (AND3x2_ASAP7_75t_R)
     2    9.33   37.06   31.30  986.85 ^ _213111_/Y (AND3x2_ASAP7_75t_R)
                                         _149352_ (net)
                 42.46    7.32  994.18 ^ _217083_/B (AND3x4_ASAP7_75t_R)
    11   10.22   24.89   32.59 1026.77 ^ _217083_/Y (AND3x4_ASAP7_75t_R)
                                         _153324_ (net)
                 25.94    2.77 1029.54 ^ place28993/A (BUFx3_ASAP7_75t_R)
     7   19.90   47.62   26.12 1055.66 ^ place28993/Y (BUFx3_ASAP7_75t_R)
                                         net28551 (net)
                 47.66    0.89 1056.54 ^ _217117_/A (OR2x2_ASAP7_75t_R)
     2    1.56    9.24   24.32 1080.87 ^ _217117_/Y (OR2x2_ASAP7_75t_R)
                                         _153358_ (net)
                  9.24    0.08 1080.94 ^ _217215_/A (OR3x1_ASAP7_75t_R)
     2    1.95   14.26   14.61 1095.55 ^ _217215_/Y (OR3x1_ASAP7_75t_R)
                                         _153456_ (net)
                 14.26    0.12 1095.67 ^ _217218_/A2 (AOI211x1_ASAP7_75t_R)
     2    1.90   26.89   19.15 1114.82 v _217218_/Y (AOI211x1_ASAP7_75t_R)
                                         _153459_ (net)
                 26.89    0.08 1114.91 v _217279_/A2 (OA21x2_ASAP7_75t_R)
     2    1.90    9.77   23.63 1138.54 v _217279_/Y (OA21x2_ASAP7_75t_R)
                                         _153520_ (net)
                  9.78    0.16 1138.70 v _217284_/A2 (OA211x2_ASAP7_75t_R)
     3    2.28   14.38   25.07 1163.77 v _217284_/Y (OA211x2_ASAP7_75t_R)
                                         _153525_ (net)
                 14.38    0.15 1163.92 v _217285_/E (OR5x1_ASAP7_75t_R)
     2    2.11   19.11   38.50 1202.42 v _217285_/Y (OR5x1_ASAP7_75t_R)
                                         _153526_ (net)
                 19.11    0.10 1202.52 v _217286_/B (MAJx2_ASAP7_75t_R)
     8    6.26   21.50   31.69 1234.21 v _217286_/Y (MAJx2_ASAP7_75t_R)
                                         _153527_ (net)
                 21.54    0.55 1234.76 v _217359_/A (INVx1_ASAP7_75t_R)
     3    1.86   16.59   13.17 1247.93 ^ _217359_/Y (INVx1_ASAP7_75t_R)
                                         _153600_ (net)
                 16.59    0.04 1247.98 ^ _217379_/A2 (AO221x1_ASAP7_75t_R)
     1    1.43   13.87   24.46 1272.44 ^ _217379_/Y (AO221x1_ASAP7_75t_R)
                                         _153620_ (net)
                 13.88    0.13 1272.57 ^ _217380_/E (AND5x2_ASAP7_75t_R)
     3    2.86   16.14   32.52 1305.08 ^ _217380_/Y (AND5x2_ASAP7_75t_R)
                                         _153621_ (net)
                 16.17    0.34 1305.42 ^ _217382_/A (OR3x2_ASAP7_75t_R)
     4    4.11   15.45   18.54 1323.96 ^ _217382_/Y (OR3x2_ASAP7_75t_R)
                                         _153623_ (net)
                 15.45    0.10 1324.07 ^ _217383_/B (OA21x2_ASAP7_75t_R)
     1    1.19    8.57   17.66 1341.72 ^ _217383_/Y (OA21x2_ASAP7_75t_R)
                                         _153624_ (net)
                  8.57    0.07 1341.79 ^ _217384_/B (XNOR2x2_ASAP7_75t_R)
     1    1.09    9.17   24.78 1366.57 v _217384_/Y (XNOR2x2_ASAP7_75t_R)
                                         _153625_ (net)
                  9.17    0.05 1366.62 v _217396_/B (AOI211x1_ASAP7_75t_R)
     2    2.15   25.42   15.76 1382.38 ^ _217396_/Y (AOI211x1_ASAP7_75t_R)
                                         _153637_ (net)
                 25.42    0.16 1382.54 ^ _217397_/B (XOR2x2_ASAP7_75t_R)
     4    4.00   15.69   27.40 1409.94 v _217397_/Y (XOR2x2_ASAP7_75t_R)
                                         _153638_ (net)
                 15.72    0.37 1410.31 v _217485_/A1 (AO21x1_ASAP7_75t_R)
     1    1.25    9.89   18.96 1429.27 v _217485_/Y (AO21x1_ASAP7_75t_R)
                                         _153726_ (net)
                  9.90    0.14 1429.40 v _217488_/A1 (AO21x1_ASAP7_75t_R)
     9    6.49   36.18   30.17 1459.57 v _217488_/Y (AO21x1_ASAP7_75t_R)
                                         _153729_ (net)
                 36.19    0.27 1459.84 v _217532_/A2 (OA211x2_ASAP7_75t_R)
     1    1.21   10.46   30.72 1490.56 v _217532_/Y (OA211x2_ASAP7_75t_R)
                                         _153773_ (net)
                 10.46    0.07 1490.64 v _217533_/A (XOR2x2_ASAP7_75t_R)
     2    1.95    9.88   21.31 1511.95 v _217533_/Y (XOR2x2_ASAP7_75t_R)
                                         _153774_ (net)
                  9.88    0.08 1512.02 v _217545_/C (MAJx2_ASAP7_75t_R)
     2    1.50    9.02   20.88 1532.90 v _217545_/Y (MAJx2_ASAP7_75t_R)
                                         _153786_ (net)
                  9.02    0.07 1532.97 v _217561_/B2 (AO32x1_ASAP7_75t_R)
     1    1.21   12.54   23.76 1556.73 v _217561_/Y (AO32x1_ASAP7_75t_R)
                                         _153802_ (net)
                 12.54    0.06 1556.79 v _217562_/C (MAJx2_ASAP7_75t_R)
     4    3.02   15.17   24.14 1580.93 v _217562_/Y (MAJx2_ASAP7_75t_R)
                                         _153803_ (net)
                 15.17    0.13 1581.05 v _217577_/A2 (OA21x2_ASAP7_75t_R)
     4    3.78   14.43   23.40 1604.46 v _217577_/Y (OA21x2_ASAP7_75t_R)
                                         _153818_ (net)
                 14.45    0.33 1604.78 v _217617_/A1 (OA211x2_ASAP7_75t_R)
     1    0.97   12.07   23.42 1628.20 v _217617_/Y (OA211x2_ASAP7_75t_R)
                                         _153858_ (net)
                 12.07    0.07 1628.27 v _217618_/A (OR4x1_ASAP7_75t_R)
     1    1.18   12.54   25.12 1653.40 v _217618_/Y (OR4x1_ASAP7_75t_R)
                                         _153859_ (net)
                 12.54    0.11 1653.51 v _217619_/A (MAJx2_ASAP7_75t_R)
     1    1.65    9.80   21.32 1674.83 v _217619_/Y (MAJx2_ASAP7_75t_R)
                                         _153860_ (net)
                  9.80    0.13 1674.96 v _217622_/A2 (AOI22x1_ASAP7_75t_R)
     1    1.64   26.84   12.13 1687.09 ^ _217622_/Y (AOI22x1_ASAP7_75t_R)
                                         _153863_ (net)
                 26.84    0.15 1687.23 ^ _217623_/B (AOI21x1_ASAP7_75t_R)
     2    2.16   18.45   13.13 1700.36 v _217623_/Y (AOI21x1_ASAP7_75t_R)
                                         _153864_ (net)
                 18.45    0.09 1700.45 v _217624_/B (MAJx2_ASAP7_75t_R)
     3    2.21   13.42   25.74 1726.19 v _217624_/Y (MAJx2_ASAP7_75t_R)
                                         _153865_ (net)
                 13.43    0.15 1726.34 v _217669_/A3 (AO32x1_ASAP7_75t_R)
     2    1.75   13.85   27.12 1753.45 v _217669_/Y (AO32x1_ASAP7_75t_R)
                                         _153910_ (net)
                 13.86    0.11 1753.56 v _217723_/B (OR3x1_ASAP7_75t_R)
     2    1.56   12.81   24.01 1777.57 v _217723_/Y (OR3x1_ASAP7_75t_R)
                                         _153964_ (net)
                 12.81    0.05 1777.62 v _217732_/C (AO221x1_ASAP7_75t_R)
     1    1.54   14.84   25.57 1803.20 v _217732_/Y (AO221x1_ASAP7_75t_R)
                                         _153973_ (net)
                 14.84    0.07 1803.27 v _217733_/A (NAND3x1_ASAP7_75t_R)
     2    1.70   35.48   13.01 1816.28 ^ _217733_/Y (NAND3x1_ASAP7_75t_R)
                                         _153974_ (net)
                 35.48    0.11 1816.39 ^ _217734_/A (MAJx2_ASAP7_75t_R)
     2    2.42   12.62   26.03 1842.42 ^ _217734_/Y (MAJx2_ASAP7_75t_R)
                                         _153975_ (net)
                 12.63    0.09 1842.51 ^ _217735_/B (MAJx2_ASAP7_75t_R)
     2    2.07   13.17   21.59 1864.10 ^ _217735_/Y (MAJx2_ASAP7_75t_R)
                                         _153976_ (net)
                 13.17    0.14 1864.24 ^ _217740_/C (MAJx2_ASAP7_75t_R)
     4    3.57   17.03   22.37 1886.61 ^ _217740_/Y (MAJx2_ASAP7_75t_R)
                                         _153981_ (net)
                 17.06    0.33 1886.94 ^ _217741_/B1 (AO221x1_ASAP7_75t_R)
     2    1.95   16.93   24.40 1911.34 ^ _217741_/Y (AO221x1_ASAP7_75t_R)
                                         _153982_ (net)
                 16.93    0.12 1911.46 ^ _217755_/A3 (AO31x2_ASAP7_75t_R)
     9    7.50   27.89   26.55 1938.01 ^ _217755_/Y (AO31x2_ASAP7_75t_R)
                                         _153996_ (net)
                 27.92    0.63 1938.63 ^ _217807_/B (AND3x1_ASAP7_75t_R)
     1    1.15   11.88   22.21 1960.84 ^ _217807_/Y (AND3x1_ASAP7_75t_R)
                                         _154048_ (net)
                 11.88    0.06 1960.90 ^ _217808_/B (XNOR2x2_ASAP7_75t_R)
     3    2.01   10.09   27.10 1988.00 v _217808_/Y (XNOR2x2_ASAP7_75t_R)
                                         _154049_ (net)
                 10.09    0.08 1988.08 v _217809_/B (OR2x2_ASAP7_75t_R)
     2    1.95   11.08   18.58 2006.67 v _217809_/Y (OR2x2_ASAP7_75t_R)
                                         _154050_ (net)
                 11.08    0.07 2006.73 v _217817_/A2 (AO211x2_ASAP7_75t_R)
     1    0.78    6.16   17.27 2024.00 v _217817_/Y (AO211x2_ASAP7_75t_R)
                                         _154058_ (net)
                  6.16    0.04 2024.05 v _217818_/A1 (AO32x2_ASAP7_75t_R)
     4    4.44   20.20   29.56 2053.61 v _217818_/Y (AO32x2_ASAP7_75t_R)
                                         _154059_ (net)
                 20.23    0.37 2053.99 v _217850_/A3 (AO31x2_ASAP7_75t_R)
     4    2.98   10.84   20.75 2074.74 v _217850_/Y (AO31x2_ASAP7_75t_R)
                                         _154091_ (net)
                 10.84    0.09 2074.83 v _217853_/B1 (AOI22x1_ASAP7_75t_R)
     9    7.21   49.92   27.15 2101.98 ^ _217853_/Y (AOI22x1_ASAP7_75t_R)
                                         _154094_ (net)
                 49.93    0.46 2102.43 ^ _217888_/A (AND2x2_ASAP7_75t_R)
     1    1.27    8.63   20.40 2122.84 ^ _217888_/Y (AND2x2_ASAP7_75t_R)
                                         _154129_ (net)
                  8.63    0.08 2122.92 ^ _217889_/B (XNOR2x2_ASAP7_75t_R)
     3    2.13   10.42   26.64 2149.56 v _217889_/Y (XNOR2x2_ASAP7_75t_R)
                                         _154130_ (net)
                 10.42    0.10 2149.66 v _217890_/B (OR2x2_ASAP7_75t_R)
     4    3.23   14.44   20.75 2170.41 v _217890_/Y (OR2x2_ASAP7_75t_R)
                                         _154131_ (net)
                 14.45    0.09 2170.49 v _217897_/A1 (AO21x1_ASAP7_75t_R)
     2    1.56   11.38   19.51 2190.00 v _217897_/Y (AO21x1_ASAP7_75t_R)
                                         _154138_ (net)
                 11.38    0.10 2190.10 v _217898_/B (AND2x2_ASAP7_75t_R)
     2    1.42    7.17   15.96 2206.06 v _217898_/Y (AND2x2_ASAP7_75t_R)
                                         _154139_ (net)
                  7.18    0.07 2206.13 v _217959_/A2 (OA211x2_ASAP7_75t_R)
     1    0.88    9.65   21.73 2227.86 v _217959_/Y (OA211x2_ASAP7_75t_R)
                                         _154200_ (net)
                  9.65    0.06 2227.92 v _217960_/A1 (OA21x2_ASAP7_75t_R)
     3    2.15   10.00   19.16 2247.08 v _217960_/Y (OA21x2_ASAP7_75t_R)
                                         _154201_ (net)
                 10.01    0.13 2247.21 v _218017_/A2 (OA211x2_ASAP7_75t_R)
     2    2.12   13.03   24.84 2272.05 v _218017_/Y (OA211x2_ASAP7_75t_R)
                                         _154258_ (net)
                 13.04    0.10 2272.15 v _218018_/A (XOR2x2_ASAP7_75t_R)
     2    1.40    8.36   21.17 2293.32 v _218018_/Y (XOR2x2_ASAP7_75t_R)
                                         _154259_ (net)
                  8.36    0.05 2293.37 v _218038_/B (OR4x1_ASAP7_75t_R)
     2    1.49   14.19   27.38 2320.75 v _218038_/Y (OR4x1_ASAP7_75t_R)
                                         _154279_ (net)
                 14.20    0.09 2320.84 v _218040_/B2 (AO221x1_ASAP7_75t_R)
     2    1.41   13.72   24.47 2345.32 v _218040_/Y (AO221x1_ASAP7_75t_R)
                                         _154281_ (net)
                 13.73    0.06 2345.38 v _218043_/B3 (AO33x2_ASAP7_75t_R)
     2    1.60   11.88   32.54 2377.93 v _218043_/Y (AO33x2_ASAP7_75t_R)
                                         _154284_ (net)
                 11.89    0.07 2378.00 v _218044_/A (MAJx2_ASAP7_75t_R)
     2    1.64    9.86   21.11 2399.11 v _218044_/Y (MAJx2_ASAP7_75t_R)
                                         _154285_ (net)
                  9.87    0.11 2399.22 v _218049_/A (MAJx3_ASAP7_75t_R)
     5    4.97   17.59   26.98 2426.20 v _218049_/Y (MAJx3_ASAP7_75t_R)
                                         _154290_ (net)
                 17.65    0.55 2426.75 v _218087_/A2 (OA21x2_ASAP7_75t_R)
     5    4.07   15.06   24.65 2451.40 v _218087_/Y (OA21x2_ASAP7_75t_R)
                                         _154328_ (net)
                 15.07    0.18 2451.58 v _218091_/B (AND2x4_ASAP7_75t_R)
     1    0.90    6.17   15.11 2466.69 v _218091_/Y (AND2x4_ASAP7_75t_R)
                                         _154332_ (net)
                  6.17    0.06 2466.75 v _218092_/A2 (OA21x2_ASAP7_75t_R)
     1    0.86    7.83   16.20 2482.95 v _218092_/Y (OA21x2_ASAP7_75t_R)
                                         _154333_ (net)
                  7.83    0.05 2483.00 v _218093_/C1 (OA222x2_ASAP7_75t_R)
     2    1.93   11.20   24.57 2507.57 v _218093_/Y (OA222x2_ASAP7_75t_R)
                                         _154334_ (net)
                 11.21    0.08 2507.65 v _218106_/C (MAJx2_ASAP7_75t_R)
     3    2.36   13.36   22.66 2530.31 v _218106_/Y (MAJx2_ASAP7_75t_R)
                                         _154347_ (net)
                 13.37    0.23 2530.53 v _218130_/A3 (AO32x2_ASAP7_75t_R)
     2    1.52   12.41   28.97 2559.50 v _218130_/Y (AO32x2_ASAP7_75t_R)
                                         _154371_ (net)
                 12.41    0.06 2559.56 v _218150_/A1 (OA21x2_ASAP7_75t_R)
     4    3.90   14.93   22.25 2581.81 v _218150_/Y (OA21x2_ASAP7_75t_R)
                                         _154391_ (net)
                 15.01    0.61 2582.43 v _218190_/A2 (OA211x2_ASAP7_75t_R)
     2    2.46   13.90   26.97 2609.39 v _218190_/Y (OA211x2_ASAP7_75t_R)
                                         _154431_ (net)
                 13.92    0.25 2609.64 v _218211_/A3 (OA31x2_ASAP7_75t_R)
     5    4.67   18.74   23.80 2633.44 v _218211_/Y (OA31x2_ASAP7_75t_R)
                                         _154452_ (net)
                 18.76    0.40 2633.85 v _218260_/A3 (AO32x1_ASAP7_75t_R)
     1    1.09   12.04   26.33 2660.18 v _218260_/Y (AO32x1_ASAP7_75t_R)
                                         _154501_ (net)
                 12.04    0.09 2660.27 v _218261_/A (OR3x1_ASAP7_75t_R)
     4    3.76   24.04   28.81 2689.09 v _218261_/Y (OR3x1_ASAP7_75t_R)
                                         _154502_ (net)
                 24.05    0.13 2689.22 v _218270_/B2 (OA22x2_ASAP7_75t_R)
     1    0.77    8.91   23.34 2712.56 v _218270_/Y (OA22x2_ASAP7_75t_R)
                                         _154511_ (net)
                  8.91    0.04 2712.60 v _218271_/B1 (AO22x2_ASAP7_75t_R)
     6    6.53   23.60   27.01 2739.60 v _218271_/Y (AO22x2_ASAP7_75t_R)
                                         _154512_ (net)
                 23.80    1.18 2740.79 v _218276_/B2 (AO22x2_ASAP7_75t_R)
     4    4.09   15.55   27.56 2768.35 v _218276_/Y (AO22x2_ASAP7_75t_R)
                                         _154517_ (net)
                 15.58    0.39 2768.73 v _218298_/A2 (AO21x2_ASAP7_75t_R)
     5    4.47   16.39   24.23 2792.97 v _218298_/Y (AO21x2_ASAP7_75t_R)
                                         _154539_ (net)
                 16.46    0.58 2793.54 v _218408_/C (OR3x1_ASAP7_75t_R)
     1    0.75    8.86   21.84 2815.38 v _218408_/Y (OR3x1_ASAP7_75t_R)
                                         _154649_ (net)
                  8.87    0.05 2815.43 v _218411_/C (OA211x2_ASAP7_75t_R)
     3    2.97   15.16   31.28 2846.71 v _218411_/Y (OA211x2_ASAP7_75t_R)
                                         _154652_ (net)
                 15.18    0.27 2846.98 v _218421_/A3 (OA31x2_ASAP7_75t_R)
     3    2.87   16.87   21.69 2868.68 v _218421_/Y (OA31x2_ASAP7_75t_R)
                                         _154662_ (net)
                 16.88    0.15 2868.82 v _218429_/A3 (OA31x2_ASAP7_75t_R)
     2    2.22   15.88   21.04 2889.86 v _218429_/Y (OA31x2_ASAP7_75t_R)
                                         _154670_ (net)
                 15.88    0.11 2889.97 v _218461_/A3 (OA31x2_ASAP7_75t_R)
     2    2.11   11.62   20.52 2910.49 v _218461_/Y (OA31x2_ASAP7_75t_R)
                                         _154702_ (net)
                 11.63    0.21 2910.70 v _218493_/A2 (OA21x2_ASAP7_75t_R)
     8    8.86   28.23   28.41 2939.11 v _218493_/Y (OA21x2_ASAP7_75t_R)
                                         _154734_ (net)
                 28.52    1.63 2940.74 v _218574_/A2 (AOI21x1_ASAP7_75t_R)
     4    3.73   29.37   20.58 2961.32 ^ _218574_/Y (AOI21x1_ASAP7_75t_R)
                                         _154815_ (net)
                 29.37    0.12 2961.44 ^ _218578_/B1 (OA222x2_ASAP7_75t_R)
     2    3.12   16.47   32.97 2994.41 ^ _218578_/Y (OA222x2_ASAP7_75t_R)
                                         _154819_ (net)
                 16.50    0.37 2994.78 ^ _218639_/B (XNOR2x1_ASAP7_75t_R)
     2    1.97   18.14   18.71 3013.49 ^ _218639_/Y (XNOR2x1_ASAP7_75t_R)
                                         _154880_ (net)
                 18.14    0.07 3013.56 ^ _218640_/A (XNOR2x2_ASAP7_75t_R)
     1    0.92    9.97   26.86 3040.42 v _218640_/Y (XNOR2x2_ASAP7_75t_R)
                                         _154881_ (net)
                  9.97    0.06 3040.48 v _218641_/B (AO21x1_ASAP7_75t_R)
     1    0.74    9.93   16.14 3056.62 v _218641_/Y (AO21x1_ASAP7_75t_R)
                                         _154882_ (net)
                  9.93    0.04 3056.67 v _218642_/B (OR5x1_ASAP7_75t_R)
     2    2.50   21.19   35.40 3092.06 v _218642_/Y (OR5x1_ASAP7_75t_R)
                                         _154883_ (net)
                 21.20    0.20 3092.27 v _218783_/B (OA21x2_ASAP7_75t_R)
     2    2.05   12.65   18.36 3110.63 v _218783_/Y (OA21x2_ASAP7_75t_R)
                                         _155024_ (net)
                 12.65    0.14 3110.77 v _218787_/A2 (AO31x2_ASAP7_75t_R)
     3    2.55   10.05   17.33 3128.10 v _218787_/Y (AO31x2_ASAP7_75t_R)
                                         _155028_ (net)
                 10.08    0.27 3128.37 v _218790_/C (AND3x1_ASAP7_75t_R)
     2    2.15   15.03   16.78 3145.15 v _218790_/Y (AND3x1_ASAP7_75t_R)
                                         _155031_ (net)
                 15.04    0.08 3145.23 v _218792_/A3 (OA31x2_ASAP7_75t_R)
     2    1.96   11.24   20.05 3165.28 v _218792_/Y (OA31x2_ASAP7_75t_R)
                                         _155033_ (net)
                 11.25    0.18 3165.46 v _218798_/C (OR4x1_ASAP7_75t_R)
     2    1.44   13.97   28.96 3194.43 v _218798_/Y (OR4x1_ASAP7_75t_R)
                                         _155039_ (net)
                 13.97    0.05 3194.48 v _218799_/C (OA211x2_ASAP7_75t_R)
     5    4.14   18.46   34.79 3229.26 v _218799_/Y (OA211x2_ASAP7_75t_R)
                                         _155040_ (net)
                 18.48    0.26 3229.53 v _218960_/B1 (AO32x1_ASAP7_75t_R)
     1    1.40   14.31   26.63 3256.16 v _218960_/Y (AO32x1_ASAP7_75t_R)
                                         _155201_ (net)
                 14.32    0.11 3256.27 v _218961_/B (NAND2x1_ASAP7_75t_R)
     2    1.96   17.99   12.66 3268.93 ^ _218961_/Y (NAND2x1_ASAP7_75t_R)
                                         _155202_ (net)
                 17.99    0.08 3269.00 ^ _218973_/D (AND5x2_ASAP7_75t_R)
     3    2.99   17.45   33.56 3302.57 ^ _218973_/Y (AND5x2_ASAP7_75t_R)
                                         _155214_ (net)
                 17.46    0.19 3302.76 ^ _218974_/D (AND5x2_ASAP7_75t_R)
    11    9.24   37.90   42.45 3345.21 ^ _218974_/Y (AND5x2_ASAP7_75t_R)
                                         _155215_ (net)
                 37.92    0.51 3345.72 ^ _219045_/A (OR2x2_ASAP7_75t_R)
     8    7.44   26.43   31.18 3376.90 ^ _219045_/Y (OR2x2_ASAP7_75t_R)
                                         _155286_ (net)
                 26.44    0.36 3377.26 ^ place25311/A (BUFx6f_ASAP7_75t_R)
     4    3.72    7.66   16.86 3394.12 ^ place25311/Y (BUFx6f_ASAP7_75t_R)
                                         net24869 (net)
                  7.67    0.19 3394.31 ^ _219048_/A (AND2x2_ASAP7_75t_R)
     2    2.23   10.75   16.51 3410.82 ^ _219048_/Y (AND2x2_ASAP7_75t_R)
                                         _155289_ (net)
                 10.76    0.11 3410.93 ^ _219049_/B (XNOR2x2_ASAP7_75t_R)
     2    2.32   10.93   27.43 3438.36 v _219049_/Y (XNOR2x2_ASAP7_75t_R)
                                         _155290_ (net)
                 10.94    0.15 3438.51 v _219062_/A2 (OAI22x1_ASAP7_75t_R)
     2    2.25   35.72   13.22 3451.73 ^ _219062_/Y (OAI22x1_ASAP7_75t_R)
                                         _155303_ (net)
                 35.73    0.17 3451.91 ^ _219217_/B (AO211x2_ASAP7_75t_R)
     2    3.63   16.53   29.39 3481.30 ^ _219217_/Y (AO211x2_ASAP7_75t_R)
                                         _155458_ (net)
                 16.54    0.30 3481.60 ^ _219222_/A (AND5x2_ASAP7_75t_R)
     3    3.69   18.86   28.39 3509.99 ^ _219222_/Y (AND5x2_ASAP7_75t_R)
                                         _155463_ (net)
                 18.94    0.64 3510.63 ^ place25237/A (BUFx3_ASAP7_75t_R)
     2    2.06    7.80   16.22 3526.85 ^ place25237/Y (BUFx3_ASAP7_75t_R)
                                         net24795 (net)
                  7.81    0.10 3526.95 ^ _219332_/A1 (OA31x2_ASAP7_75t_R)
     2    1.79   10.74   22.45 3549.40 ^ _219332_/Y (OA31x2_ASAP7_75t_R)
                                         _155573_ (net)
                 10.74    0.06 3549.46 ^ _219337_/A (XNOR2x2_ASAP7_75t_R)
     2    1.57    8.84   26.23 3575.69 v _219337_/Y (XNOR2x2_ASAP7_75t_R)
                                         _155578_ (net)
                  8.84    0.06 3575.75 v _219341_/B (OR3x1_ASAP7_75t_R)
     4    3.29   21.85   27.66 3603.41 v _219341_/Y (OR3x1_ASAP7_75t_R)
                                         _155582_ (net)
                 21.88    0.43 3603.85 v _219371_/B1 (AO221x1_ASAP7_75t_R)
     2    1.69   16.18   26.63 3630.48 v _219371_/Y (AO221x1_ASAP7_75t_R)
                                         _155612_ (net)
                 16.18    0.15 3630.63 v _219393_/A1 (OA211x2_ASAP7_75t_R)
     3    4.21   18.84   29.39 3660.02 v _219393_/Y (OA211x2_ASAP7_75t_R)
                                         _155634_ (net)
                 18.88    0.45 3660.48 v _219675_/A2 (AO21x1_ASAP7_75t_R)
     2    1.41   11.11   19.26 3679.73 v _219675_/Y (AO21x1_ASAP7_75t_R)
                                         _155916_ (net)
                 11.11    0.05 3679.78 v _219676_/B1 (AO32x1_ASAP7_75t_R)
     5    5.88   35.60   35.43 3715.22 v _219676_/Y (AO32x1_ASAP7_75t_R)
                                         _155917_ (net)
                 35.73    1.31 3716.53 v place25121/A (BUFx6f_ASAP7_75t_R)
     4    3.73    7.60   20.38 3736.91 v place25121/Y (BUFx6f_ASAP7_75t_R)
                                         net24679 (net)
                  7.62    0.15 3737.07 v _219726_/B (XNOR2x2_ASAP7_75t_R)
     1    0.75    9.69   19.95 3757.01 ^ _219726_/Y (XNOR2x2_ASAP7_75t_R)
                                         _155967_ (net)
                  9.69    0.04 3757.05 ^ _219727_/B (AND2x2_ASAP7_75t_R)
     1    1.29    8.31   15.64 3772.69 ^ _219727_/Y (AND2x2_ASAP7_75t_R)
                                         _155968_ (net)
                  8.31    0.09 3772.78 ^ _219728_/B (XNOR2x2_ASAP7_75t_R)
     2    1.75    9.36   25.90 3798.68 v _219728_/Y (XNOR2x2_ASAP7_75t_R)
                                         _155969_ (net)
                  9.36    0.04 3798.72 v _219729_/B (XNOR2x2_ASAP7_75t_R)
     1    0.79    9.94   20.53 3819.25 ^ _219729_/Y (XNOR2x2_ASAP7_75t_R)
                                         _155970_ (net)
                  9.94    0.04 3819.29 ^ _219730_/C (AND3x2_ASAP7_75t_R)
     2    2.34   13.28   23.25 3842.53 ^ _219730_/Y (AND3x2_ASAP7_75t_R)
                                         _155971_ (net)
                 13.31    0.38 3842.92 ^ _219859_/B (AND5x1_ASAP7_75t_R)
     2    2.11   20.37   32.01 3874.93 ^ _219859_/Y (AND5x1_ASAP7_75t_R)
                                         _156100_ (net)
                 20.37    0.07 3875.00 ^ _219929_/A2 (AO211x2_ASAP7_75t_R)
     4    4.77   20.01   28.68 3903.68 ^ _219929_/Y (AO211x2_ASAP7_75t_R)
                                         _156170_ (net)
                 20.05    0.49 3904.17 ^ _219930_/B (AND2x2_ASAP7_75t_R)
     2    2.18   11.13   19.95 3924.12 ^ _219930_/Y (AND2x2_ASAP7_75t_R)
                                         _156171_ (net)
                 11.13    0.06 3924.18 ^ _219935_/A1 (AO21x1_ASAP7_75t_R)
     4    3.59   24.89   21.49 3945.67 ^ _219935_/Y (AO21x1_ASAP7_75t_R)
                                         _156176_ (net)
                 24.90    0.26 3945.94 ^ _220135_/A (AND2x2_ASAP7_75t_R)
     3    3.04   13.67   20.71 3966.64 ^ _220135_/Y (AND2x2_ASAP7_75t_R)
                                         _156376_ (net)
                 13.68    0.15 3966.80 ^ _220136_/B (XNOR2x2_ASAP7_75t_R)
     1    0.92    9.44   25.52 3992.32 v _220136_/Y (XNOR2x2_ASAP7_75t_R)
                                         _156377_ (net)
                  9.44    0.07 3992.39 v _220141_/D (OR5x1_ASAP7_75t_R)
     1    1.30   14.72   34.36 4026.75 v _220141_/Y (OR5x1_ASAP7_75t_R)
                                         _156382_ (net)
                 14.72    0.10 4026.85 v _220143_/C (AO211x2_ASAP7_75t_R)
     2    2.73   11.40   20.75 4047.60 v _220143_/Y (AO211x2_ASAP7_75t_R)
                                         _156384_ (net)
                 11.44    0.39 4047.99 v _220166_/A3 (AO31x2_ASAP7_75t_R)
     3    2.81   10.50   18.50 4066.49 v _220166_/Y (AO31x2_ASAP7_75t_R)
                                         _156407_ (net)
                 10.51    0.22 4066.70 v _220179_/A2 (AOI21x1_ASAP7_75t_R)
     8    9.07   61.79   29.85 4096.55 ^ _220179_/Y (AOI21x1_ASAP7_75t_R)
                                         _156420_ (net)
                 61.80    0.33 4096.87 ^ _220248_/B (OA211x2_ASAP7_75t_R)
     1    1.38   10.80   28.89 4125.76 ^ _220248_/Y (OA211x2_ASAP7_75t_R)
                                         _156489_ (net)
                 10.80    0.11 4125.88 ^ _220249_/B (XNOR2x2_ASAP7_75t_R)
     2    3.13   13.03   28.75 4154.62 v _220249_/Y (XNOR2x2_ASAP7_75t_R)
                                         _156490_ (net)
                 13.04    0.24 4154.87 v _220304_/A2 (AOI22x1_ASAP7_75t_R)
     2    3.11   35.09   16.83 4171.69 ^ _220304_/Y (AOI22x1_ASAP7_75t_R)
                                         _156545_ (net)
                 35.13    0.73 4172.42 ^ _220487_/B (AND5x1_ASAP7_75t_R)
     2    2.21   20.89   36.34 4208.77 ^ _220487_/Y (AND5x1_ASAP7_75t_R)
                                         _156728_ (net)
                 20.90    0.21 4208.98 ^ _220507_/C (AND4x1_ASAP7_75t_R)
     1    2.06   18.70   28.38 4237.36 ^ _220507_/Y (AND4x1_ASAP7_75t_R)
                                         _156748_ (net)
                 18.72    0.32 4237.68 ^ _220511_/A3 (AO31x2_ASAP7_75t_R)
     3    2.66   13.33   19.76 4257.44 ^ _220511_/Y (AO31x2_ASAP7_75t_R)
                                         _156752_ (net)
                 13.34    0.13 4257.58 ^ _220512_/B1 (AOI22x1_ASAP7_75t_R)
     9    7.08   40.35   21.52 4279.09 v _220512_/Y (AOI22x1_ASAP7_75t_R)
                                         _156753_ (net)
                 40.36    0.37 4279.46 v place24801/A (BUFx3_ASAP7_75t_R)
     4    3.79   11.12   23.99 4303.45 v place24801/Y (BUFx3_ASAP7_75t_R)
                                         net24359 (net)
                 11.18    0.42 4303.87 v _220540_/A2 (AO22x1_ASAP7_75t_R)
     2    1.65   12.94   21.94 4325.81 v _220540_/Y (AO22x1_ASAP7_75t_R)
                                         _156781_ (net)
                 12.94    0.07 4325.88 v _220857_/A2 (AO33x2_ASAP7_75t_R)
     2    1.70   13.05   31.36 4357.24 v _220857_/Y (AO33x2_ASAP7_75t_R)
                                         _157098_ (net)
                 13.05    0.05 4357.30 v _220863_/C (AO211x2_ASAP7_75t_R)
     1    1.22    7.15   17.85 4375.15 v _220863_/Y (AO211x2_ASAP7_75t_R)
                                         _157104_ (net)
                  7.16    0.09 4375.24 v _220864_/C (AO211x2_ASAP7_75t_R)
     1    0.73    5.90   15.41 4390.65 v _220864_/Y (AO211x2_ASAP7_75t_R)
                                         _157105_ (net)
                  5.90    0.04 4390.69 v _220865_/B1 (AO32x1_ASAP7_75t_R)
     2    2.05   17.65   24.72 4415.42 v _220865_/Y (AO32x1_ASAP7_75t_R)
                                         _157106_ (net)
                 17.66    0.26 4415.68 v _220867_/B2 (AO221x1_ASAP7_75t_R)
     2    1.87   15.58   26.81 4442.49 v _220867_/Y (AO221x1_ASAP7_75t_R)
                                         _157108_ (net)
                 15.59    0.18 4442.67 v _220868_/B1 (AO32x1_ASAP7_75t_R)
     2    1.80   14.08   26.89 4469.56 v _220868_/Y (AO32x1_ASAP7_75t_R)
                                         _157109_ (net)
                 14.09    0.16 4469.72 v _220874_/A2 (OA21x2_ASAP7_75t_R)
     3    3.43   13.32   22.67 4492.38 v _220874_/Y (OA21x2_ASAP7_75t_R)
                                         _157115_ (net)
                 13.34    0.27 4492.65 v place24679/A (BUFx3_ASAP7_75t_R)
     2    2.56    7.84   16.01 4508.67 v place24679/Y (BUFx3_ASAP7_75t_R)
                                         net24237 (net)
                  7.85    0.16 4508.83 v place24678/A (BUFx6f_ASAP7_75t_R)
     5    5.89    8.82   14.02 4522.84 v place24678/Y (BUFx6f_ASAP7_75t_R)
                                         net24236 (net)
                  8.88    0.42 4523.26 v _221020_/B (OA21x2_ASAP7_75t_R)
     3    3.02   12.34   16.05 4539.31 v _221020_/Y (OA21x2_ASAP7_75t_R)
                                         _157261_ (net)
                 12.35    0.11 4539.43 v _221023_/A (XNOR2x2_ASAP7_75t_R)
     2    3.51   15.12   25.44 4564.87 ^ _221023_/Y (XNOR2x2_ASAP7_75t_R)
                                         _157264_ (net)
                 15.12    0.14 4565.01 ^ _221141_/D (AND5x1_ASAP7_75t_R)
     1    1.31   15.62   32.03 4597.03 ^ _221141_/Y (AND5x1_ASAP7_75t_R)
                                         _157382_ (net)
                 15.62    0.15 4597.18 ^ _221142_/B (OA21x2_ASAP7_75t_R)
     1    1.33    8.38   17.92 4615.10 ^ _221142_/Y (OA21x2_ASAP7_75t_R)
                                         _157383_ (net)
                  8.39    0.15 4615.25 ^ _221143_/A2 (OA21x2_ASAP7_75t_R)
     2    2.07   10.72   17.17 4632.42 ^ _221143_/Y (OA21x2_ASAP7_75t_R)
                                         _157384_ (net)
                 10.74    0.25 4632.67 ^ _221176_/A2 (OA21x2_ASAP7_75t_R)
     3    2.32   11.37   18.28 4650.95 ^ _221176_/Y (OA21x2_ASAP7_75t_R)
                                         _157417_ (net)
                 11.38    0.14 4651.09 ^ _221286_/A1 (OA21x2_ASAP7_75t_R)
     4    3.96   16.81   21.53 4672.62 ^ _221286_/Y (OA21x2_ASAP7_75t_R)
                                         _157527_ (net)
                 16.91    0.74 4673.36 ^ _221342_/A2 (OA21x2_ASAP7_75t_R)
     2    1.99   10.50   19.39 4692.76 ^ _221342_/Y (OA21x2_ASAP7_75t_R)
                                         _157583_ (net)
                 10.51    0.13 4692.88 ^ _221343_/B (XNOR2x2_ASAP7_75t_R)
     4    2.43   11.17   27.58 4720.47 v _221343_/Y (XNOR2x2_ASAP7_75t_R)
                                         _157584_ (net)
                 11.17    0.08 4720.55 v _221375_/B (OA211x2_ASAP7_75t_R)
     1    1.22   14.91   27.06 4747.60 v _221375_/Y (OA211x2_ASAP7_75t_R)
                                         _157616_ (net)
                 14.91    0.08 4747.68 v _221376_/B (AOI211x1_ASAP7_75t_R)
     3    3.60   48.02   22.59 4770.27 ^ _221376_/Y (AOI211x1_ASAP7_75t_R)
                                         _157617_ (net)
                 48.02    0.25 4770.52 ^ _221592_/B (AO211x2_ASAP7_75t_R)
     4    3.99   17.72   32.43 4802.94 ^ _221592_/Y (AO211x2_ASAP7_75t_R)
                                         _157833_ (net)
                 17.79    0.58 4803.52 ^ _221600_/A1 (AO31x2_ASAP7_75t_R)
     3    3.05   14.68   21.35 4824.87 ^ _221600_/Y (AO31x2_ASAP7_75t_R)
                                         _157841_ (net)
                 14.72    0.43 4825.30 ^ _221602_/A (AND5x2_ASAP7_75t_R)
     6    6.05   26.34   31.61 4856.91 ^ _221602_/Y (AND5x2_ASAP7_75t_R)
                                         _157843_ (net)
                 26.39    0.61 4857.52 ^ place24445/A (BUFx3_ASAP7_75t_R)
     1    1.32    6.64   16.81 4874.33 ^ place24445/Y (BUFx3_ASAP7_75t_R)
                                         net24003 (net)
                  6.64    0.07 4874.40 ^ _221804_/A3 (OA31x2_ASAP7_75t_R)
     1    1.29    9.18   18.51 4892.91 ^ _221804_/Y (OA31x2_ASAP7_75t_R)
                                         _158045_ (net)
                  9.18    0.09 4893.00 ^ _221805_/B (XNOR2x2_ASAP7_75t_R)
     5    4.25   16.23   30.00 4923.00 v _221805_/Y (XNOR2x2_ASAP7_75t_R)
                                         _158046_ (net)
                 16.26    0.36 4923.35 v _221841_/B (OR2x2_ASAP7_75t_R)
     2    1.92   10.70   20.40 4943.75 v _221841_/Y (OR2x2_ASAP7_75t_R)
                                         _158082_ (net)
                 10.70    0.07 4943.82 v _221842_/C (MAJx2_ASAP7_75t_R)
     1    1.62   11.48   21.28 4965.10 v _221842_/Y (MAJx2_ASAP7_75t_R)
                                         _158083_ (net)
                 11.49    0.14 4965.24 v _221846_/B (MAJx2_ASAP7_75t_R)
     2    1.33   11.75   22.21 4987.45 v _221846_/Y (MAJx2_ASAP7_75t_R)
                                         _158087_ (net)
                 11.75    0.04 4987.48 v _221882_/B (AND5x1_ASAP7_75t_R)
     2    2.07   13.58   19.94 5007.42 v _221882_/Y (AND5x1_ASAP7_75t_R)
                                         _158123_ (net)
                 13.58    0.13 5007.55 v _221926_/A2 (OAI21x1_ASAP7_75t_R)
     4    4.84   34.56   19.91 5027.47 ^ _221926_/Y (OAI21x1_ASAP7_75t_R)
                                         _158167_ (net)
                 34.64    0.95 5028.42 ^ place24326/A (BUFx3_ASAP7_75t_R)
     3    3.01   10.07   20.24 5048.66 ^ place24326/Y (BUFx3_ASAP7_75t_R)
                                         net23884 (net)
                 10.08    0.12 5048.79 ^ _222073_/A2 (AOI211x1_ASAP7_75t_R)
     2    2.20   28.96   19.05 5067.84 v _222073_/Y (AOI211x1_ASAP7_75t_R)
                                         _158314_ (net)
                 28.97    0.26 5068.10 v _222155_/A2 (OA21x2_ASAP7_75t_R)
     1    1.07    7.58   22.74 5090.83 v _222155_/Y (OA21x2_ASAP7_75t_R)
                                         _158396_ (net)
                  7.58    0.04 5090.87 v _222156_/A (XOR2x2_ASAP7_75t_R)
     2    2.53   12.36   26.09 5116.97 ^ _222156_/Y (XOR2x2_ASAP7_75t_R)
                                         _158397_ (net)
                 12.39    0.34 5117.31 ^ place24271/A (BUFx3_ASAP7_75t_R)
     9    8.76   22.03   20.31 5137.62 ^ place24271/Y (BUFx3_ASAP7_75t_R)
                                         net23829 (net)
                 22.16    0.99 5138.61 ^ _222157_/A (INVx1_ASAP7_75t_R)
     2    2.58   17.97   13.77 5152.39 v _222157_/Y (INVx1_ASAP7_75t_R)
                                         _158398_ (net)
                 17.99    0.28 5152.67 v _222163_/B (MAJx2_ASAP7_75t_R)
     1    1.42   11.14   24.25 5176.92 v _222163_/Y (MAJx2_ASAP7_75t_R)
                                         _158404_ (net)
                 11.14    0.08 5177.00 v _222164_/B (AOI21x1_ASAP7_75t_R)
     2    2.52   20.37   14.02 5191.02 ^ _222164_/Y (AOI21x1_ASAP7_75t_R)
                                         _158405_ (net)
                 20.39    0.28 5191.31 ^ _222322_/A (NOR2x1_ASAP7_75t_R)
     6    4.77   34.41   21.27 5212.57 v _222322_/Y (NOR2x1_ASAP7_75t_R)
                                         _158563_ (net)
                 34.43    0.49 5213.07 v _222326_/A2 (AO22x2_ASAP7_75t_R)
     4    3.31   13.60   27.74 5240.80 v _222326_/Y (AO22x2_ASAP7_75t_R)
                                         _158567_ (net)
                 13.64    0.41 5241.21 v _222333_/B2 (AO221x2_ASAP7_75t_R)
     6    7.57   26.70   36.34 5277.56 v _222333_/Y (AO221x2_ASAP7_75t_R)
                                         _158574_ (net)
                 26.74    0.65 5278.21 v place24142/A (BUFx6f_ASAP7_75t_R)
     7    7.97   11.43   20.30 5298.52 v place24142/Y (BUFx6f_ASAP7_75t_R)
                                         net23700 (net)
                 11.70    0.94 5299.46 v _222673_/A1 (AO21x1_ASAP7_75t_R)
     1    0.87    8.00   16.67 5316.13 v _222673_/Y (AO21x1_ASAP7_75t_R)
                                         _158914_ (net)
                  8.00    0.05 5316.18 v _222675_/A2 (AO22x2_ASAP7_75t_R)
     2    1.99   10.23   20.24 5336.42 v _222675_/Y (AO22x2_ASAP7_75t_R)
                                         _158916_ (net)
                 10.23    0.09 5336.51 v place24098/A (BUFx3_ASAP7_75t_R)
     5    6.17   14.13   18.22 5354.73 v place24098/Y (BUFx3_ASAP7_75t_R)
                                         net23656 (net)
                 14.14    0.23 5354.96 v _222776_/B (MAJx2_ASAP7_75t_R)
     2    1.56   11.63   23.37 5378.33 v _222776_/Y (MAJx2_ASAP7_75t_R)
                                         _159017_ (net)
                 11.64    0.06 5378.39 v _222872_/B (OA21x2_ASAP7_75t_R)
     2    1.58   10.24   14.81 5393.20 v _222872_/Y (OA21x2_ASAP7_75t_R)
                                         _159113_ (net)
                 10.24    0.09 5393.28 v _222915_/C (OR4x1_ASAP7_75t_R)
     1    0.75   10.13   26.06 5419.34 v _222915_/Y (OR4x1_ASAP7_75t_R)
                                         _159156_ (net)
                 10.13    0.04 5419.38 v _222917_/A1 (OA211x2_ASAP7_75t_R)
     8    7.04   25.59   32.22 5451.61 v _222917_/Y (OA211x2_ASAP7_75t_R)
                                         _159158_ (net)
                 25.63    0.52 5452.13 v _222939_/B2 (AO221x1_ASAP7_75t_R)
     2    2.26   16.81   30.05 5482.18 v _222939_/Y (AO221x1_ASAP7_75t_R)
                                         _159180_ (net)
                 16.82    0.15 5482.33 v _222940_/A2 (AO211x2_ASAP7_75t_R)
     7    8.40   26.35   28.88 5511.21 v _222940_/Y (AO211x2_ASAP7_75t_R)
                                         _159181_ (net)
                 26.49    1.13 5512.33 v place23985/A (BUFx6f_ASAP7_75t_R)
     8    7.64   10.74   20.31 5532.64 v place23985/Y (BUFx6f_ASAP7_75t_R)
                                         net23543 (net)
                 10.77    0.30 5532.94 v _223248_/A1 (AO21x1_ASAP7_75t_R)
     3    2.74   17.10   21.52 5554.46 v _223248_/Y (AO21x1_ASAP7_75t_R)
                                         _159489_ (net)
                 17.10    0.08 5554.54 v _223251_/A1 (AOI21x1_ASAP7_75t_R)
     1    0.87   23.39    9.55 5564.09 ^ _223251_/Y (AOI21x1_ASAP7_75t_R)
                                         _159492_ (net)
                 23.39    0.06 5564.15 ^ _223252_/A2 (OA211x2_ASAP7_75t_R)
     1    0.89    8.42   22.55 5586.70 ^ _223252_/Y (OA211x2_ASAP7_75t_R)
                                         _159493_ (net)
                  8.42    0.05 5586.75 ^ _223253_/C (AND3x1_ASAP7_75t_R)
     1    1.37   13.86   19.89 5606.64 ^ _223253_/Y (AND3x1_ASAP7_75t_R)
                                         _159494_ (net)
                 13.86    0.17 5606.81 ^ _223254_/E (AND5x1_ASAP7_75t_R)
     1    0.85   13.36   30.72 5637.53 ^ _223254_/Y (AND5x1_ASAP7_75t_R)
                                         _159495_ (net)
                 13.36    0.06 5637.59 ^ _223255_/A (AND5x1_ASAP7_75t_R)
     2    2.10   20.34   30.50 5668.09 ^ _223255_/Y (AND5x1_ASAP7_75t_R)
                                         _159496_ (net)
                 20.35    0.27 5668.35 ^ _223256_/B (OR4x2_ASAP7_75t_R)
     2    1.48    7.63   16.46 5684.81 ^ _223256_/Y (OR4x2_ASAP7_75t_R)
                                         _159497_ (net)
                  7.63    0.06 5684.88 ^ place23853/A (BUFx3_ASAP7_75t_R)
    12   10.43   24.89   20.96 5705.83 ^ place23853/Y (BUFx3_ASAP7_75t_R)
                                         net23411 (net)
                 24.93    0.56 5706.39 ^ _223257_/A (NOR2x2_ASAP7_75t_R)
     3    3.57   16.76   14.92 5721.31 v _223257_/Y (NOR2x2_ASAP7_75t_R)
                                         _159498_ (net)
                 16.76    0.09 5721.40 v place23846/A (BUFx6f_ASAP7_75t_R)
     5    4.38    7.64   16.16 5737.55 v place23846/Y (BUFx6f_ASAP7_75t_R)
                                         net23404 (net)
                  7.69    0.32 5737.87 v _223373_/D (OR4x1_ASAP7_75t_R)
     1    0.95   12.32   26.79 5764.66 v _223373_/Y (OR4x1_ASAP7_75t_R)
                                         _159614_ (net)
                 12.32    0.07 5764.73 v _223375_/C (AND4x1_ASAP7_75t_R)
     2    2.33   14.43   17.91 5782.64 v _223375_/Y (AND4x1_ASAP7_75t_R)
                                         _159616_ (net)
                 14.44    0.29 5782.93 v _223376_/B (XNOR2x2_ASAP7_75t_R)
     1    0.73    8.74   21.80 5804.73 ^ _223376_/Y (XNOR2x2_ASAP7_75t_R)
                                         _159617_ (net)
                  8.74    0.04 5804.76 ^ _223377_/B (AND2x2_ASAP7_75t_R)
     2    2.25   10.84   17.00 5821.76 ^ _223377_/Y (AND2x2_ASAP7_75t_R)
                                         _159618_ (net)
                 10.84    0.14 5821.90 ^ _223439_/D (AND5x1_ASAP7_75t_R)
     2    2.54   22.61   34.81 5856.71 ^ _223439_/Y (AND5x1_ASAP7_75t_R)
                                         _159680_ (net)
                 22.63    0.28 5856.99 ^ place23753/A (BUFx6f_ASAP7_75t_R)
     3    2.82    6.58   15.69 5872.68 ^ place23753/Y (BUFx6f_ASAP7_75t_R)
                                         net23311 (net)
                  6.59    0.08 5872.76 ^ _223668_/A (NAND3x1_ASAP7_75t_R)
     5    4.17   23.59   12.61 5885.37 v _223668_/Y (NAND3x1_ASAP7_75t_R)
                                         _159909_ (net)
                 23.61    0.44 5885.81 v place23730/A (BUFx3_ASAP7_75t_R)
    10    9.53   20.48   24.75 5910.56 v place23730/Y (BUFx3_ASAP7_75t_R)
                                         net23288 (net)
                 20.62    0.94 5911.49 v _223817_/A3 (AO32x1_ASAP7_75t_R)
     2    2.09   15.48   29.82 5941.31 v _223817_/Y (AO32x1_ASAP7_75t_R)
                                         _160058_ (net)
                 15.49    0.08 5941.40 v _223977_/B (XOR2x2_ASAP7_75t_R)
     2    1.99   10.04   22.18 5963.58 v _223977_/Y (XOR2x2_ASAP7_75t_R)
                                         _160218_ (net)
                 10.05    0.10 5963.69 v _223993_/C (MAJx2_ASAP7_75t_R)
     2    1.96   12.35   21.69 5985.37 v _223993_/Y (MAJx2_ASAP7_75t_R)
                                         _160234_ (net)
                 12.36    0.20 5985.57 v _223994_/D (OR4x2_ASAP7_75t_R)
     3    4.09   19.67   38.13 6023.70 v _223994_/Y (OR4x2_ASAP7_75t_R)
                                         _160235_ (net)
                 19.67    0.16 6023.86 v _223995_/A1 (AOI21x1_ASAP7_75t_R)
     1    1.62   16.52   12.31 6036.17 ^ _223995_/Y (AOI21x1_ASAP7_75t_R)
                                         _160236_ (net)
                 16.53    0.16 6036.33 ^ _224023_/A3 (OA31x2_ASAP7_75t_R)
     2    1.79   10.78   22.07 6058.40 ^ _224023_/Y (OA31x2_ASAP7_75t_R)
                                         _160264_ (net)
                 10.79    0.15 6058.55 ^ _224027_/A2 (AO21x2_ASAP7_75t_R)
     2    1.89   10.10   17.52 6076.07 ^ _224027_/Y (AO21x2_ASAP7_75t_R)
                                         _160268_ (net)
                 10.11    0.10 6076.16 ^ _224028_/B (AO211x2_ASAP7_75t_R)
     4    4.51   18.97   23.63 6099.79 ^ _224028_/Y (AO211x2_ASAP7_75t_R)
                                         _160269_ (net)
                 19.00    0.41 6100.20 ^ place23565/A (BUFx6f_ASAP7_75t_R)
     4    4.10    8.09   15.56 6115.76 ^ place23565/Y (BUFx6f_ASAP7_75t_R)
                                         net23123 (net)
                  8.25    0.61 6116.37 ^ _224375_/B (NAND2x1_ASAP7_75t_R)
     2    1.37    9.95    7.35 6123.72 v _224375_/Y (NAND2x1_ASAP7_75t_R)
                                         _160616_ (net)
                  9.95    0.07 6123.79 v _224386_/E (OR5x1_ASAP7_75t_R)
     1    1.00   12.76   33.56 6157.35 v _224386_/Y (OR5x1_ASAP7_75t_R)
                                         _160627_ (net)
                 12.76    0.08 6157.43 v _224387_/D (AND4x1_ASAP7_75t_R)
     2    1.34    9.41   16.19 6173.62 v _224387_/Y (AND4x1_ASAP7_75t_R)
                                         _160628_ (net)
                  9.41    0.06 6173.67 v _224397_/C (OR5x1_ASAP7_75t_R)
     3    4.74   34.16   43.73 6217.40 v _224397_/Y (OR5x1_ASAP7_75t_R)
                                         _160638_ (net)
                 34.30    1.33 6218.73 v place23468/A (BUFx3_ASAP7_75t_R)
     1    1.14    6.35   19.79 6238.52 v place23468/Y (BUFx3_ASAP7_75t_R)
                                         net23026 (net)
                  6.36    0.06 6238.58 v _224398_/B (AOI211x1_ASAP7_75t_R)
     1    0.94   18.64   10.49 6249.07 ^ _224398_/Y (AOI211x1_ASAP7_75t_R)
                                         _160639_ (net)
                 18.64    0.06 6249.14 ^ _224454_/A2 (OA21x2_ASAP7_75t_R)
     7    8.01   29.69   28.09 6277.22 ^ _224454_/Y (OA21x2_ASAP7_75t_R)
                                         _160695_ (net)
                 29.76    0.84 6278.06 ^ _224494_/C (OR3x2_ASAP7_75t_R)
     9    8.01   27.56   27.79 6305.85 ^ _224494_/Y (OR3x2_ASAP7_75t_R)
                                         _160735_ (net)
                 27.60    0.72 6306.56 ^ place23434/A (BUFx3_ASAP7_75t_R)
     2    1.61    7.22   17.36 6323.92 ^ place23434/Y (BUFx3_ASAP7_75t_R)
                                         net22992 (net)
                  7.22    0.10 6324.02 ^ _224616_/A (AND2x2_ASAP7_75t_R)
     2    2.21   10.71   16.39 6340.41 ^ _224616_/Y (AND2x2_ASAP7_75t_R)
                                         _160857_ (net)
                 10.71    0.10 6340.51 ^ _224617_/B (XNOR2x2_ASAP7_75t_R)
     4    5.12   18.65   31.43 6371.93 v _224617_/Y (XNOR2x2_ASAP7_75t_R)
                                         _160858_ (net)
                 18.74    0.74 6372.67 v _224737_/B (MAJx2_ASAP7_75t_R)
     2    1.31   11.90   24.30 6396.97 v _224737_/Y (MAJx2_ASAP7_75t_R)
                                         _160978_ (net)
                 11.90    0.05 6397.01 v _224738_/B (AND2x2_ASAP7_75t_R)
     2    1.49    9.85   16.24 6413.25 v _224738_/Y (AND2x2_ASAP7_75t_R)
                                         _160979_ (net)
                  9.85    0.06 6413.31 v _224744_/B1 (OA22x2_ASAP7_75t_R)
     2    2.60   14.12   21.85 6435.16 v _224744_/Y (OA22x2_ASAP7_75t_R)
                                         _160985_ (net)
                 14.16    0.43 6435.59 v _224814_/A1 (OA211x2_ASAP7_75t_R)
     2    1.46   11.11   24.30 6459.89 v _224814_/Y (OA211x2_ASAP7_75t_R)
                                         _161055_ (net)
                 11.11    0.07 6459.96 v _224859_/A2 (AO221x1_ASAP7_75t_R)
     1    1.51   12.73   25.08 6485.03 v _224859_/Y (AO221x1_ASAP7_75t_R)
                                         _161100_ (net)
                 12.74    0.08 6485.12 v place23293/A (BUFx6f_ASAP7_75t_R)
    16   16.47   19.57   19.24 6504.36 v place23293/Y (BUFx6f_ASAP7_75t_R)
                                         net22851 (net)
                 19.60    0.50 6504.86 v place23292/A (BUFx3_ASAP7_75t_R)
     9    7.79   17.02   22.51 6527.37 v place23292/Y (BUFx3_ASAP7_75t_R)
                                         net22850 (net)
                 17.11    0.70 6528.08 v _225339_/A (AND3x1_ASAP7_75t_R)
     2    1.39    9.45   15.37 6543.45 v _225339_/Y (AND3x1_ASAP7_75t_R)
                                         _161580_ (net)
                  9.46    0.07 6543.52 v _225346_/B (OA211x2_ASAP7_75t_R)
     2    1.98   12.56   28.03 6571.54 v _225346_/Y (OA211x2_ASAP7_75t_R)
                                         _161587_ (net)
                 12.56    0.08 6571.62 v _225347_/B (XOR2x2_ASAP7_75t_R)
     2    1.40    8.77   26.07 6597.70 ^ _225347_/Y (XOR2x2_ASAP7_75t_R)
                                         _161588_ (net)
                  8.77    0.04 6597.73 ^ _225350_/A (AND2x2_ASAP7_75t_R)
     3    2.10   10.34   16.51 6614.25 ^ _225350_/Y (AND2x2_ASAP7_75t_R)
                                         _161591_ (net)
                 10.34    0.08 6614.32 ^ _225351_/C (AND3x1_ASAP7_75t_R)
     2    2.54   19.83   23.75 6638.07 ^ _225351_/Y (AND3x1_ASAP7_75t_R)
                                         _161592_ (net)
                 19.83    0.20 6638.27 ^ _225364_/A (NAND3x1_ASAP7_75t_R)
     3    2.84   19.72   13.48 6651.75 v _225364_/Y (NAND3x1_ASAP7_75t_R)
                                         _161605_ (net)
                 19.75    0.48 6652.22 v _225371_/C (OR4x2_ASAP7_75t_R)
     2    2.02   13.59   34.96 6687.19 v _225371_/Y (OR4x2_ASAP7_75t_R)
                                         _161612_ (net)
                 13.60    0.21 6687.39 v _225393_/B (AO21x1_ASAP7_75t_R)
     2    2.32   15.16   21.32 6708.71 v _225393_/Y (AO21x1_ASAP7_75t_R)
                                         _161634_ (net)
                 15.16    0.11 6708.83 v place23178/A (BUFx3_ASAP7_75t_R)
    21   18.26   35.56   29.04 6737.87 v place23178/Y (BUFx3_ASAP7_75t_R)
                                         net22736 (net)
                 35.58    0.48 6738.35 v _225419_/A (NAND2x1_ASAP7_75t_R)
     1    1.11   17.98   17.14 6755.49 ^ _225419_/Y (NAND2x1_ASAP7_75t_R)
                                         _161660_ (net)
                 17.98    0.05 6755.54 ^ _225420_/B (XNOR2x2_ASAP7_75t_R)
     3    3.66   14.69   30.81 6786.35 v _225420_/Y (XNOR2x2_ASAP7_75t_R)
                                         _161661_ (net)
                 14.75    0.53 6786.88 v _225421_/B (NAND2x1_ASAP7_75t_R)
     2    2.03   45.73   12.99 6799.86 ^ _225421_/Y (NAND2x1_ASAP7_75t_R)
                                         _161662_ (net)
                 45.73    0.10 6799.97 ^ _225422_/C (MAJx2_ASAP7_75t_R)
     3    4.66   20.03   28.97 6828.94 ^ _225422_/Y (MAJx2_ASAP7_75t_R)
                                         _161663_ (net)
                 20.05    0.29 6829.23 ^ _225430_/A2 (AOI211x1_ASAP7_75t_R)
     2    1.87   27.40   20.75 6849.97 v _225430_/Y (AOI211x1_ASAP7_75t_R)
                                         _161671_ (net)
                 27.40    0.11 6850.08 v _225436_/B (AO21x1_ASAP7_75t_R)
     2    1.42   11.06   21.53 6871.61 v _225436_/Y (AO21x1_ASAP7_75t_R)
                                         _161677_ (net)
                 11.06    0.05 6871.66 v _225736_/B1 (AO22x1_ASAP7_75t_R)
     1    1.09   10.85   20.83 6892.49 v _225736_/Y (AO22x1_ASAP7_75t_R)
                                         _161977_ (net)
                 10.86    0.05 6892.54 v _225738_/A2 (AO211x2_ASAP7_75t_R)
     8    8.58   27.28   27.71 6920.25 v _225738_/Y (AO211x2_ASAP7_75t_R)
                                         _161979_ (net)
                 27.31    0.50 6920.75 v place23062/A (BUFx3_ASAP7_75t_R)
    14   13.66   27.39   29.01 6949.76 v place23062/Y (BUFx3_ASAP7_75t_R)
                                         net22620 (net)
                 27.59    1.33 6951.09 v _225938_/A1 (AO21x2_ASAP7_75t_R)
     4    3.54   13.81   27.39 6978.48 v _225938_/Y (AO21x2_ASAP7_75t_R)
                                         _162179_ (net)
                 13.81    0.12 6978.60 v _225941_/A1 (AO21x1_ASAP7_75t_R)
     1    0.93    9.09   17.47 6996.07 v _225941_/Y (AO21x1_ASAP7_75t_R)
                                         _162182_ (net)
                  9.09    0.07 6996.14 v _225962_/A2 (AO222x2_ASAP7_75t_R)
     3    3.82   17.95   36.74 7032.88 v _225962_/Y (AO222x2_ASAP7_75t_R)
                                         _162203_ (net)
                 17.98    0.37 7033.25 v _225997_/C (AOI211x1_ASAP7_75t_R)
     3    2.74   32.76   20.01 7053.25 ^ _225997_/Y (AOI211x1_ASAP7_75t_R)
                                         _162238_ (net)
                 32.76    0.26 7053.51 ^ _225998_/B (AND4x2_ASAP7_75t_R)
     5    5.37   24.85   38.11 7091.62 ^ _225998_/Y (AND4x2_ASAP7_75t_R)
                                         _162239_ (net)
                 24.91    0.66 7092.28 ^ _225999_/B (OA21x2_ASAP7_75t_R)
     3    2.54   12.16   21.51 7113.79 ^ _225999_/Y (OA21x2_ASAP7_75t_R)
                                         _162240_ (net)
                 12.16    0.12 7113.91 ^ _226099_/B (OR3x2_ASAP7_75t_R)
     5    7.29   25.66   21.94 7135.86 ^ _226099_/Y (OR3x2_ASAP7_75t_R)
                                         _162340_ (net)
                 25.78    1.02 7136.88 ^ place22882/A (BUFx3_ASAP7_75t_R)
    18   15.85   37.21   29.47 7166.35 ^ place22882/Y (BUFx3_ASAP7_75t_R)
                                         net22440 (net)
                 37.82    2.65 7168.99 ^ _226610_/A (NAND2x1_ASAP7_75t_R)
     1    1.12   11.81   10.10 7179.09 v _226610_/Y (NAND2x1_ASAP7_75t_R)
                                         _162851_ (net)
                 11.81    0.06 7179.16 v _226611_/B (XNOR2x2_ASAP7_75t_R)
     1    0.69    6.70   21.04 7200.19 ^ _226611_/Y (XNOR2x2_ASAP7_75t_R)
                                         _162852_ (net)
                  6.70    0.04 7200.23 ^ _226620_/A3 (AO32x1_ASAP7_75t_R)
     2    2.23   20.11   22.31 7222.54 ^ _226620_/Y (AO32x1_ASAP7_75t_R)
                                         _162861_ (net)
                 20.11    0.08 7222.62 ^ _226621_/C (NOR3x1_ASAP7_75t_R)
     1    1.42   17.41   15.89 7238.51 v _226621_/Y (NOR3x1_ASAP7_75t_R)
                                         _162862_ (net)
                 17.42    0.18 7238.69 v _226623_/C (OR4x1_ASAP7_75t_R)
     2    1.67   15.00   30.80 7269.49 v _226623_/Y (OR4x1_ASAP7_75t_R)
                                         _162864_ (net)
                 15.01    0.06 7269.55 v _226625_/B (OR3x1_ASAP7_75t_R)
     3    2.27   17.04   26.30 7295.85 v _226625_/Y (OR3x1_ASAP7_75t_R)
                                         _162866_ (net)
                 17.05    0.19 7296.03 v place22757/A (BUFx3_ASAP7_75t_R)
     1    1.53    6.23   16.04 7312.07 v place22757/Y (BUFx3_ASAP7_75t_R)
                                         net22315 (net)
                  6.24    0.10 7312.17 v _226626_/C (NAND3x1_ASAP7_75t_R)
     3    3.37   29.72   18.48 7330.66 ^ _226626_/Y (NAND3x1_ASAP7_75t_R)
                                         _162867_ (net)
                 29.74    0.44 7331.10 ^ _226717_/A1 (OAI21x1_ASAP7_75t_R)
     6    6.35   34.51   21.65 7352.74 v _226717_/Y (OAI21x1_ASAP7_75t_R)
                                         _162958_ (net)
                 34.55    0.64 7353.38 v place22721/A (BUFx3_ASAP7_75t_R)
     6    6.44   14.95   25.16 7378.54 v place22721/Y (BUFx3_ASAP7_75t_R)
                                         net22279 (net)
                 14.97    0.28 7378.82 v _226955_/B (AOI21x1_ASAP7_75t_R)
     2    1.87   17.93   13.53 7392.36 ^ _226955_/Y (AOI21x1_ASAP7_75t_R)
                                         _163196_ (net)
                 17.93    0.06 7392.42 ^ _226956_/B (XNOR2x2_ASAP7_75t_R)
     2    2.15   10.49   28.51 7420.93 v _226956_/Y (XNOR2x2_ASAP7_75t_R)
                                         _163197_ (net)
                 10.50    0.11 7421.05 v _226960_/B (MAJx2_ASAP7_75t_R)
     1    0.88   10.15   21.12 7442.17 v _226960_/Y (MAJx2_ASAP7_75t_R)
                                         _163201_ (net)
                 10.15    0.05 7442.22 v _226961_/B (AO21x1_ASAP7_75t_R)
     2    2.28   14.98   20.41 7462.63 v _226961_/Y (AO21x1_ASAP7_75t_R)
                                         _163202_ (net)
                 14.99    0.26 7462.90 v _226962_/B (AO21x1_ASAP7_75t_R)
     2    2.83   17.88   22.72 7485.62 v _226962_/Y (AO21x1_ASAP7_75t_R)
                                         _163203_ (net)
                 17.94    0.61 7486.23 v place22586/A (BUFx3_ASAP7_75t_R)
     2    3.17    8.96   18.07 7504.30 v place22586/Y (BUFx3_ASAP7_75t_R)
                                         net22144 (net)
                  8.97    0.12 7504.42 v _227103_/B (NAND3x1_ASAP7_75t_R)
     2    1.80   20.34   13.54 7517.95 ^ _227103_/Y (NAND3x1_ASAP7_75t_R)
                                         _163344_ (net)
                 20.34    0.11 7518.06 ^ _227110_/B (AND4x1_ASAP7_75t_R)
     2    2.38   20.45   29.23 7547.29 ^ _227110_/Y (AND4x1_ASAP7_75t_R)
                                         _163351_ (net)
                 20.46    0.16 7547.45 ^ place22551/A (BUFx6f_ASAP7_75t_R)
    10   10.06   14.52   18.85 7566.30 ^ place22551/Y (BUFx6f_ASAP7_75t_R)
                                         net22109 (net)
                 14.86    1.21 7567.51 ^ place22549/A (BUFx3_ASAP7_75t_R)
     3    3.21    9.87   16.39 7583.90 ^ place22549/Y (BUFx3_ASAP7_75t_R)
                                         net22107 (net)
                  9.88    0.10 7584.00 ^ place22548/A (BUFx3_ASAP7_75t_R)
    10   12.73   30.31   22.95 7606.96 ^ place22548/Y (BUFx3_ASAP7_75t_R)
                                         net22106 (net)
                 30.33    0.44 7607.40 ^ _227493_/A1 (AO21x1_ASAP7_75t_R)
     1    0.87    8.96   16.16 7623.55 ^ _227493_/Y (AO21x1_ASAP7_75t_R)
                                         _163734_ (net)
                  8.96    0.05 7623.60 ^ _227494_/A (AND3x1_ASAP7_75t_R)
     1    1.72   15.00   20.41 7644.01 ^ _227494_/Y (AND3x1_ASAP7_75t_R)
                                         _163735_ (net)
                 15.01    0.27 7644.29 ^ _227510_/A (AND5x1_ASAP7_75t_R)
     1    1.53   16.57   29.38 7673.67 ^ _227510_/Y (AND5x1_ASAP7_75t_R)
                                         _163751_ (net)
                 16.57    0.15 7673.82 ^ _227512_/D (AND5x2_ASAP7_75t_R)
     3    4.07   20.14   34.81 7708.63 ^ _227512_/Y (AND5x2_ASAP7_75t_R)
                                         _163753_ (net)
                 20.26    0.85 7709.48 ^ _227530_/B (OR3x1_ASAP7_75t_R)
     2    1.97   14.55   17.64 7727.12 ^ _227530_/Y (OR3x1_ASAP7_75t_R)
                                         _163771_ (net)
                 14.55    0.16 7727.28 ^ _227532_/C (OR3x1_ASAP7_75t_R)
     4    4.47   30.19   23.26 7750.54 ^ _227532_/Y (OR3x1_ASAP7_75t_R)
                                         _163773_ (net)
                 30.29    1.03 7751.57 ^ place22396/A (BUFx3_ASAP7_75t_R)
     7    7.62   19.12   23.85 7775.42 ^ place22396/Y (BUFx3_ASAP7_75t_R)
                                         net21954 (net)
                 19.18    0.61 7776.03 ^ place22395/A (BUFx3_ASAP7_75t_R)
     6    6.60   17.54   20.24 7796.28 ^ place22395/Y (BUFx3_ASAP7_75t_R)
                                         net21953 (net)
                 18.16    1.78 7798.06 ^ _227733_/A (AND2x2_ASAP7_75t_R)
     1    1.09    8.06   16.44 7814.50 ^ _227733_/Y (AND2x2_ASAP7_75t_R)
                                         _163974_ (net)
                  8.06    0.04 7814.55 ^ _227734_/B (XNOR2x2_ASAP7_75t_R)
     2    1.38    8.38   25.16 7839.71 v _227734_/Y (XNOR2x2_ASAP7_75t_R)
                                         _163975_ (net)
                  8.38    0.06 7839.76 v _227763_/A2 (AO221x1_ASAP7_75t_R)
     2    1.17   12.13   23.37 7863.13 v _227763_/Y (AO221x1_ASAP7_75t_R)
                                         _164004_ (net)
                 12.13    0.04 7863.18 v _227783_/A2 (AO32x1_ASAP7_75t_R)
     2    2.14   15.74   26.23 7889.40 v _227783_/Y (AO32x1_ASAP7_75t_R)
                                         _164024_ (net)
                 15.75    0.16 7889.56 v _227860_/A1 (OAI21x1_ASAP7_75t_R)
     2    3.73   28.60   18.43 7908.00 ^ _227860_/Y (OAI21x1_ASAP7_75t_R)
                                         _164101_ (net)
                 28.72    0.98 7908.98 ^ place22249/A (BUFx6f_ASAP7_75t_R)
     4    3.31    7.32   17.01 7925.99 ^ place22249/Y (BUFx6f_ASAP7_75t_R)
                                         net21807 (net)
                  7.33    0.14 7926.12 ^ _227861_/B (NAND2x1_ASAP7_75t_R)
     2    1.56   10.10    7.51 7933.64 v _227861_/Y (NAND2x1_ASAP7_75t_R)
                                         _164102_ (net)
                 10.10    0.04 7933.68 v _227862_/B (AND2x2_ASAP7_75t_R)
     8    7.13   22.32   22.81 7956.49 v _227862_/Y (AND2x2_ASAP7_75t_R)
                                         _164103_ (net)
                 22.43    0.89 7957.38 v place22223/A (BUFx3_ASAP7_75t_R)
     4    2.80    8.52   18.90 7976.28 v place22223/Y (BUFx3_ASAP7_75t_R)
                                         net21781 (net)
                  8.53    0.17 7976.45 v _228259_/D (OR5x1_ASAP7_75t_R)
     2    1.93   19.50   36.50 8012.95 v _228259_/Y (OR5x1_ASAP7_75t_R)
                                         _164500_ (net)
                 19.51    0.21 8013.16 v _228294_/D (AND5x1_ASAP7_75t_R)
     2    1.51   10.70   23.17 8036.33 v _228294_/Y (AND5x1_ASAP7_75t_R)
                                         _164535_ (net)
                 10.70    0.07 8036.40 v _228295_/C (AO221x1_ASAP7_75t_R)
     1    0.86   11.17   22.75 8059.16 v _228295_/Y (AO221x1_ASAP7_75t_R)
                                         _164536_ (net)
                 11.17    0.06 8059.22 v _228296_/C (AO221x1_ASAP7_75t_R)
     2    2.45   17.82   27.79 8087.01 v _228296_/Y (AO221x1_ASAP7_75t_R)
                                         _164537_ (net)
                 17.84    0.29 8087.30 v _228325_/A (NAND2x1_ASAP7_75t_R)
     4    4.27   32.00   21.52 8108.81 ^ _228325_/Y (NAND2x1_ASAP7_75t_R)
                                         _164566_ (net)
                 32.04    0.62 8109.43 ^ _228377_/A2 (AO221x2_ASAP7_75t_R)
     5    4.38   20.27   34.05 8143.49 ^ _228377_/Y (AO221x2_ASAP7_75t_R)
                                         _164618_ (net)
                 20.29    0.39 8143.88 ^ _228378_/B (NAND2x1_ASAP7_75t_R)
     6    6.52   34.35   21.37 8165.25 v _228378_/Y (NAND2x1_ASAP7_75t_R)
                                         _164619_ (net)
                 34.37    0.49 8165.74 v place22046/A (BUFx6f_ASAP7_75t_R)
     6    4.23    8.11   20.32 8186.06 v place22046/Y (BUFx6f_ASAP7_75t_R)
                                         net21604 (net)
                  8.15    0.32 8186.38 v place22045/A (BUFx3_ASAP7_75t_R)
     3    2.07    6.91   13.86 8200.25 v place22045/Y (BUFx3_ASAP7_75t_R)
                                         net21603 (net)
                  6.91    0.10 8200.34 v _228626_/A1 (AO21x2_ASAP7_75t_R)
     3    2.13   10.00   19.15 8219.49 v _228626_/Y (AO21x2_ASAP7_75t_R)
                                         _164867_ (net)
                 10.00    0.10 8219.59 v _228633_/A2 (AO21x1_ASAP7_75t_R)
     4    3.52   22.61   22.26 8241.85 v _228633_/Y (AO21x1_ASAP7_75t_R)
                                         _164874_ (net)
                 22.61    0.19 8242.04 v place22005/A (BUFx3_ASAP7_75t_R)
     4    4.20   10.90   20.30 8262.34 v place22005/Y (BUFx3_ASAP7_75t_R)
                                         net21563 (net)
                 10.90    0.08 8262.42 v _229076_/A2 (AO21x1_ASAP7_75t_R)
     1    0.60    8.26   14.75 8277.17 v _229076_/Y (AO21x1_ASAP7_75t_R)
                                         _165317_ (net)
                  8.26    0.02 8277.20 v _229081_/A2 (AO221x1_ASAP7_75t_R)
     2    2.42   17.45   27.09 8304.29 v _229081_/Y (AO221x1_ASAP7_75t_R)
                                         _165322_ (net)
                 17.47    0.30 8304.59 v _229083_/A2 (AO21x1_ASAP7_75t_R)
     1    0.90    8.10   17.36 8321.95 v _229083_/Y (AO21x1_ASAP7_75t_R)
                                         _165324_ (net)
                  8.11    0.06 8322.01 v _229086_/A1 (AO21x1_ASAP7_75t_R)
     3    4.53   27.01   24.56 8346.57 v _229086_/Y (AO21x1_ASAP7_75t_R)
                                         _165327_ (net)
                 27.12    1.04 8347.62 v _229308_/A2 (AOI221x1_ASAP7_75t_R)
     2    2.42   31.57   21.12 8368.73 ^ _229308_/Y (AOI221x1_ASAP7_75t_R)
                                         _165549_ (net)
                 31.58    0.27 8369.00 ^ _229309_/B (AOI211x1_ASAP7_75t_R)
     1    1.61   24.58   15.35 8384.35 v _229309_/Y (AOI211x1_ASAP7_75t_R)
                                         _165550_ (net)
                 24.59    0.12 8384.46 v place21840/A (BUFx6f_ASAP7_75t_R)
    12   12.22   14.81   21.79 8406.25 v place21840/Y (BUFx6f_ASAP7_75t_R)
                                         net21398 (net)
                 14.86    0.47 8406.72 v _229315_/D (OR4x1_ASAP7_75t_R)
     1    0.96   12.56   27.95 8434.67 v _229315_/Y (OR4x1_ASAP7_75t_R)
                                         _165556_ (net)
                 12.56    0.07 8434.75 v _229320_/C (AND4x1_ASAP7_75t_R)
     1    0.98    7.66   14.65 8449.40 v _229320_/Y (AND4x1_ASAP7_75t_R)
                                         _165561_ (net)
                  7.66    0.08 8449.47 v _229325_/A1 (AO21x1_ASAP7_75t_R)
     2    2.15   14.28   19.03 8468.50 v _229325_/Y (AO21x1_ASAP7_75t_R)
                                         _165566_ (net)
                 14.28    0.12 8468.62 v _229353_/A1 (AOI221x1_ASAP7_75t_R)
     4    4.99   51.21   27.94 8496.56 ^ _229353_/Y (AOI221x1_ASAP7_75t_R)
                                         _165594_ (net)
                 51.29    1.19 8497.75 ^ _229638_/A (AND5x1_ASAP7_75t_R)
     2    1.77   18.58   37.01 8534.75 ^ _229638_/Y (AND5x1_ASAP7_75t_R)
                                         _165879_ (net)
                 18.59    0.16 8534.92 ^ _229640_/B2 (AO221x1_ASAP7_75t_R)
     1    1.73   15.61   22.60 8557.51 ^ _229640_/Y (AO221x1_ASAP7_75t_R)
                                         _165881_ (net)
                 15.61    0.15 8557.67 ^ place21684/A (BUFx6f_ASAP7_75t_R)
     9   11.72   16.52   17.85 8575.52 ^ place21684/Y (BUFx6f_ASAP7_75t_R)
                                         net21242 (net)
                 17.54    2.20 8577.71 ^ _229740_/A3 (OA31x2_ASAP7_75t_R)
     2    2.06   11.59   22.88 8600.59 ^ _229740_/Y (OA31x2_ASAP7_75t_R)
                                         _165981_ (net)
                 11.59    0.08 8600.67 ^ _229741_/A (XNOR2x2_ASAP7_75t_R)
     2    1.94   10.42   22.98 8623.65 ^ _229741_/Y (XNOR2x2_ASAP7_75t_R)
                                         _165982_ (net)
                 10.42    0.09 8623.74 ^ _229742_/A (XNOR2x2_ASAP7_75t_R)
     1    0.93    9.35   25.02 8648.76 v _229742_/Y (XNOR2x2_ASAP7_75t_R)
                                         _165983_ (net)
                  9.35    0.07 8648.83 v _229743_/C (AO221x1_ASAP7_75t_R)
     2    2.82   19.31   28.50 8677.33 v _229743_/Y (AO221x1_ASAP7_75t_R)
                                         _165984_ (net)
                 19.31    0.18 8677.52 v _229749_/C (AOI211x1_ASAP7_75t_R)
     2    4.23   44.41   25.81 8703.32 ^ _229749_/Y (AOI211x1_ASAP7_75t_R)
                                         _165990_ (net)
                 44.47    0.89 8704.21 ^ _229763_/B (NOR2x2_ASAP7_75t_R)
     3    3.28   18.76   15.78 8720.00 v _229763_/Y (NOR2x2_ASAP7_75t_R)
                                         _166004_ (net)
                 18.78    0.34 8720.33 v _230125_/A1 (AOI211x1_ASAP7_75t_R)
     4    2.89   32.37   20.53 8740.86 ^ _230125_/Y (AOI211x1_ASAP7_75t_R)
                                         _166366_ (net)
                 32.37    0.10 8740.96 ^ _230181_/A2 (OA21x2_ASAP7_75t_R)
    11    9.99   36.07   33.57 8774.53 ^ _230181_/Y (OA21x2_ASAP7_75t_R)
                                         _166422_ (net)
                 36.55    2.30 8776.83 ^ _230419_/A1 (OA21x2_ASAP7_75t_R)
     2    1.88   10.58   24.28 8801.11 ^ _230419_/Y (OA21x2_ASAP7_75t_R)
                                         _166660_ (net)
                 10.58    0.07 8801.18 ^ _230420_/B (XNOR2x2_ASAP7_75t_R)
     2    1.86    9.72   26.60 8827.78 v _230420_/Y (XNOR2x2_ASAP7_75t_R)
                                         _166661_ (net)
                  9.72    0.09 8827.87 v _230421_/B (XNOR2x2_ASAP7_75t_R)
     1    0.85    8.77   20.72 8848.59 ^ _230421_/Y (XNOR2x2_ASAP7_75t_R)
                                         _166662_ (net)
                  8.77    0.06 8848.65 ^ _230422_/E (AND5x1_ASAP7_75t_R)
     1    2.29   21.69   34.04 8882.69 ^ _230422_/Y (AND5x1_ASAP7_75t_R)
                                         _166663_ (net)
                 21.73    0.50 8883.19 ^ _230446_/D (AND5x1_ASAP7_75t_R)
     2    2.11   19.92   35.08 8918.27 ^ _230446_/Y (AND5x1_ASAP7_75t_R)
                                         _166687_ (net)
                 19.93    0.12 8918.39 ^ _230513_/A3 (AO31x2_ASAP7_75t_R)
     2    1.92   11.25   18.62 8937.01 ^ _230513_/Y (AO31x2_ASAP7_75t_R)
                                         _166754_ (net)
                 11.25    0.08 8937.09 ^ _230514_/C (AOI221x1_ASAP7_75t_R)
     3    3.09   39.51   18.35 8955.44 v _230514_/Y (AOI221x1_ASAP7_75t_R)
                                         _166755_ (net)
                 39.52    0.34 8955.77 v _230515_/B (OAI21x1_ASAP7_75t_R)
     1    1.41   15.30   12.10 8967.87 ^ _230515_/Y (OAI21x1_ASAP7_75t_R)
                                         _166756_ (net)
                 15.31    0.06 8967.92 ^ place21065/A (BUFx6f_ASAP7_75t_R)
    13   11.41   15.81   18.06 8985.99 ^ place21065/Y (BUFx6f_ASAP7_75t_R)
                                         net20623 (net)
                 15.83    0.31 8986.29 ^ place21062/A (BUFx6f_ASAP7_75t_R)
    20   17.06   22.29   20.50 9006.79 ^ place21062/Y (BUFx6f_ASAP7_75t_R)
                                         net20620 (net)
                 22.75    1.78 9008.57 ^ _230817_/A (AND2x2_ASAP7_75t_R)
     2    1.99   10.29   18.65 9027.22 ^ _230817_/Y (AND2x2_ASAP7_75t_R)
                                         _167058_ (net)
                 10.30    0.11 9027.34 ^ _230818_/B (XNOR2x2_ASAP7_75t_R)
     2    1.85   10.11   22.44 9049.78 ^ _230818_/Y (XNOR2x2_ASAP7_75t_R)
                                         _167059_ (net)
                 10.11    0.07 9049.85 ^ _230819_/B (XNOR2x2_ASAP7_75t_R)
     2    1.68   10.85   26.17 9076.02 v _230819_/Y (XNOR2x2_ASAP7_75t_R)
                                         _167060_ (net)
                 10.85    0.11 9076.13 v _230872_/A (OR2x2_ASAP7_75t_R)
     2    1.73    8.80   18.44 9094.57 v _230872_/Y (OR2x2_ASAP7_75t_R)
                                         _167113_ (net)
                  8.81    0.15 9094.72 v _230897_/B2 (OA33x2_ASAP7_75t_R)
     1    0.74   12.39   24.87 9119.59 v _230897_/Y (OA33x2_ASAP7_75t_R)
                                         _167138_ (net)
                 12.39    0.03 9119.62 v _230898_/B (OA21x2_ASAP7_75t_R)
     1    0.62    7.41   13.68 9133.31 v _230898_/Y (OA21x2_ASAP7_75t_R)
                                         _167139_ (net)
                  7.41    0.03 9133.34 v _230906_/B (OA211x2_ASAP7_75t_R)
     4    4.37   19.18   31.43 9164.77 v _230906_/Y (OA211x2_ASAP7_75t_R)
                                         _167147_ (net)
                 19.19    0.25 9165.02 v _230918_/A1 (OAI21x1_ASAP7_75t_R)
     2    1.48   16.71   13.83 9178.85 ^ _230918_/Y (OAI21x1_ASAP7_75t_R)
                                         _167159_ (net)
                 16.71    0.03 9178.88 ^ _230936_/A1 (AO21x2_ASAP7_75t_R)
     9    9.44   34.45   27.84 9206.72 ^ _230936_/Y (AO21x2_ASAP7_75t_R)
                                         _167177_ (net)
                 34.94    2.29 9209.01 ^ place20920/A (BUFx3_ASAP7_75t_R)
     8    7.55   19.26   24.58 9233.60 ^ place20920/Y (BUFx3_ASAP7_75t_R)
                                         net20478 (net)
                 19.29    0.44 9234.04 ^ _230992_/B (AND3x2_ASAP7_75t_R)
     2    2.15   12.51   24.74 9258.77 ^ _230992_/Y (AND3x2_ASAP7_75t_R)
                                         _167233_ (net)
                 12.52    0.07 9258.85 ^ _231175_/B (XNOR2x2_ASAP7_75t_R)
     2    1.77    9.42   26.80 9285.65 v _231175_/Y (XNOR2x2_ASAP7_75t_R)
                                         _167416_ (net)
                  9.42    0.07 9285.72 v _231176_/B (XNOR2x2_ASAP7_75t_R)
     1    0.73    8.43   20.45 9306.17 ^ _231176_/Y (XNOR2x2_ASAP7_75t_R)
                                         _167417_ (net)
                  8.43    0.03 9306.20 ^ _231180_/A (AND4x1_ASAP7_75t_R)
     3    3.57   27.59   29.45 9335.65 ^ _231180_/Y (AND4x1_ASAP7_75t_R)
                                         _167421_ (net)
                 27.60    0.23 9335.88 ^ _231314_/A (NAND3x1_ASAP7_75t_R)
     1    0.71   12.02    8.27 9344.15 v _231314_/Y (NAND3x1_ASAP7_75t_R)
                                         _167555_ (net)
                 12.02    0.03 9344.18 v _231315_/E (OR5x1_ASAP7_75t_R)
     2    2.11   19.23   38.09 9382.27 v _231315_/Y (OR5x1_ASAP7_75t_R)
                                         _167556_ (net)
                 19.24    0.21 9382.49 v _231371_/A (AND5x2_ASAP7_75t_R)
     7    6.52   21.54   25.60 9408.09 v _231371_/Y (AND5x2_ASAP7_75t_R)
                                         _167612_ (net)
                 21.62    0.73 9408.81 v _231376_/B (NAND2x1p5_ASAP7_75t_R)
     7    7.49   33.41   21.71 9430.53 ^ _231376_/Y (NAND2x1p5_ASAP7_75t_R)
                                         _167617_ (net)
                 33.48    0.87 9431.40 ^ place20787/A (BUFx6f_ASAP7_75t_R)
    11    9.75   14.37   21.14 9452.54 ^ place20787/Y (BUFx6f_ASAP7_75t_R)
                                         net20345 (net)
                 14.39    0.32 9452.86 ^ _231559_/A (AND2x2_ASAP7_75t_R)
     1    1.22    7.74   16.00 9468.86 ^ _231559_/Y (AND2x2_ASAP7_75t_R)
                                         _167800_ (net)
                  7.74    0.06 9468.92 ^ _231560_/A (XNOR2x2_ASAP7_75t_R)
     5    5.34   19.28   30.92 9499.84 v _231560_/Y (XNOR2x2_ASAP7_75t_R)
                                         _167801_ (net)
                 19.42    0.92 9500.76 v _231561_/B (NAND2x1_ASAP7_75t_R)
     1    1.23   28.37   11.83 9512.59 ^ _231561_/Y (NAND2x1_ASAP7_75t_R)
                                         _167802_ (net)
                 28.37    0.07 9512.66 ^ _231575_/B (AND5x2_ASAP7_75t_R)
     2    1.53   12.49   30.23 9542.90 ^ _231575_/Y (AND5x2_ASAP7_75t_R)
                                         _167816_ (net)
                 12.49    0.09 9542.98 ^ _231624_/A (AND5x1_ASAP7_75t_R)
     1    0.74   12.89   26.58 9569.57 ^ _231624_/Y (AND5x1_ASAP7_75t_R)
                                         _167865_ (net)
                 12.89    0.05 9569.61 ^ _231625_/B (OA211x2_ASAP7_75t_R)
     3    3.20   15.61   24.90 9594.52 ^ _231625_/Y (OA211x2_ASAP7_75t_R)
                                         _167866_ (net)
                 15.64    0.39 9594.91 ^ _231626_/B (AND2x4_ASAP7_75t_R)
     2    1.84    6.90   16.05 9610.96 ^ _231626_/Y (AND2x4_ASAP7_75t_R)
                                         _167867_ (net)
                  6.90    0.05 9611.01 ^ _231767_/A1 (AO211x2_ASAP7_75t_R)
     3    4.27   18.42   25.84 9636.85 ^ _231767_/Y (AO211x2_ASAP7_75t_R)
                                         _168008_ (net)
                 18.48    0.61 9637.46 ^ place20676/A (BUFx6f_ASAP7_75t_R)
     7    6.64   10.61   16.79 9654.24 ^ place20676/Y (BUFx6f_ASAP7_75t_R)
                                         net20234 (net)
                 10.67    0.44 9654.68 ^ _231912_/A (AND2x2_ASAP7_75t_R)
     2    1.99   10.07   16.68 9671.37 ^ _231912_/Y (AND2x2_ASAP7_75t_R)
                                         _168153_ (net)
                 10.07    0.08 9671.45 ^ _231913_/B (XNOR2x2_ASAP7_75t_R)
     2    1.98   10.04   26.71 9698.16 v _231913_/Y (XNOR2x2_ASAP7_75t_R)
                                         _168154_ (net)
                 10.04    0.09 9698.25 v _231919_/B1 (AO221x1_ASAP7_75t_R)
     2    1.61   14.94   23.20 9721.44 v _231919_/Y (AO221x1_ASAP7_75t_R)
                                         _168160_ (net)
                 14.95    0.14 9721.58 v _231938_/A (OR5x1_ASAP7_75t_R)
     1    1.05   13.08   28.49 9750.07 v _231938_/Y (OR5x1_ASAP7_75t_R)
                                         _168179_ (net)
                 13.08    0.10 9750.17 v _231957_/A1 (AO32x1_ASAP7_75t_R)
     1    1.34   11.68   22.81 9772.98 v _231957_/Y (AO32x1_ASAP7_75t_R)
                                         _168198_ (net)
                 11.68    0.11 9773.08 v _232004_/B2 (OA221x2_ASAP7_75t_R)
     1    1.13    9.09   24.02 9797.10 v _232004_/Y (OA221x2_ASAP7_75t_R)
                                         _168245_ (net)
                  9.10    0.11 9797.21 v _232005_/D (OR4x1_ASAP7_75t_R)
     1    3.51   24.84   35.19 9832.40 v _232005_/Y (OR4x1_ASAP7_75t_R)
                                         _168246_ (net)
                 24.87    0.54 9832.94 v _232006_/B (NAND3x2_ASAP7_75t_R)
     7   10.99   46.16   27.19 9860.12 ^ _232006_/Y (NAND3x2_ASAP7_75t_R)
                                         _168247_ (net)
                 49.69    6.71 9866.84 ^ _232185_/A2 (AO22x1_ASAP7_75t_R)
     1    0.79   10.14   26.04 9892.88 ^ _232185_/Y (AO22x1_ASAP7_75t_R)
                                         _168426_ (net)
                 10.14    0.04 9892.92 ^ _232187_/A1 (AO21x1_ASAP7_75t_R)
     2    1.93   15.01   16.82 9909.75 ^ _232187_/Y (AO21x1_ASAP7_75t_R)
                                         _168428_ (net)
                 15.01    0.09 9909.84 ^ _232190_/A2 (AOI21x1_ASAP7_75t_R)
     9    7.87   41.06   22.14 9931.97 v _232190_/Y (AOI21x1_ASAP7_75t_R)
                                         _168431_ (net)
                 41.07    0.49 9932.46 v _232248_/B (OR3x1_ASAP7_75t_R)
     2    1.54   14.17   29.05 9961.51 v _232248_/Y (OR3x1_ASAP7_75t_R)
                                         _168489_ (net)
                 14.17    0.05 9961.56 v _232279_/A2 (AO21x1_ASAP7_75t_R)
     3    3.32   20.20   22.83 9984.39 v _232279_/Y (AO21x1_ASAP7_75t_R)
                                         _168520_ (net)
                 20.21    0.36 9984.75 v _232503_/A1 (AO22x2_ASAP7_75t_R)
     5    4.79   18.05   27.98 10012.72 v _232503_/Y (AO22x2_ASAP7_75t_R)
                                         _168744_ (net)
                 18.07    0.30 10013.02 v _232540_/B (XNOR2x2_ASAP7_75t_R)
     3    2.61   12.51   25.68 10038.70 ^ _232540_/Y (XNOR2x2_ASAP7_75t_R)
                                         _168781_ (net)
                 12.51    0.09 10038.79 ^ _232542_/C (AND3x2_ASAP7_75t_R)
     2    1.51   11.65   22.02 10060.80 ^ _232542_/Y (AND3x2_ASAP7_75t_R)
                                         _168783_ (net)
                 11.65    0.04 10060.84 ^ _232543_/C (OR3x2_ASAP7_75t_R)
     5    5.10   20.44   19.60 10080.44 ^ _232543_/Y (OR3x2_ASAP7_75t_R)
                                         _168784_ (net)
                 20.48    0.46 10080.90 ^ place20232/A (BUFx3_ASAP7_75t_R)
     2    2.01    7.74   16.54 10097.44 ^ place20232/Y (BUFx3_ASAP7_75t_R)
                                         net19790 (net)
                  7.74    0.08 10097.52 ^ _232615_/B (AO31x2_ASAP7_75t_R)
     1    0.71    7.53   16.65 10114.17 ^ _232615_/Y (AO31x2_ASAP7_75t_R)
                                         _168856_ (net)
                  7.53    0.04 10114.21 ^ _232625_/B2 (OA222x2_ASAP7_75t_R)
     6    4.32   20.41   31.56 10145.76 ^ _232625_/Y (OA222x2_ASAP7_75t_R)
                                         _168866_ (net)
                 20.44    0.43 10146.19 ^ _232638_/A (MAJx2_ASAP7_75t_R)
     1    0.65    6.99   19.75 10165.94 ^ _232638_/Y (MAJx2_ASAP7_75t_R)
                                         _168879_ (net)
                  6.99    0.03 10165.97 ^ _232640_/B2 (AO221x2_ASAP7_75t_R)
     3    2.59   14.42   23.36 10189.33 ^ _232640_/Y (AO221x2_ASAP7_75t_R)
                                         _168881_ (net)
                 14.43    0.21 10189.54 ^ place19938/A (BUFx3_ASAP7_75t_R)
     1    1.27    6.11   14.12 10203.67 ^ place19938/Y (BUFx3_ASAP7_75t_R)
                                         net19496 (net)
                  6.11    0.05 10203.71 ^ _232669_/A1 (AO31x2_ASAP7_75t_R)
     8    5.63   22.36   22.13 10225.84 ^ _232669_/Y (AO31x2_ASAP7_75t_R)
                                         _168910_ (net)
                 22.41    0.58 10226.43 ^ _232670_/B (OAI21x1_ASAP7_75t_R)
     5    4.07   26.02   18.20 10244.63 v _232670_/Y (OAI21x1_ASAP7_75t_R)
                                         _168911_ (net)
                 26.03    0.11 10244.74 v place19853/A (BUFx3_ASAP7_75t_R)
    15   12.09   24.53   27.51 10272.25 v place19853/Y (BUFx3_ASAP7_75t_R)
                                         net19411 (net)
                 24.54    0.21 10272.47 v _233618_/A1 (AO21x1_ASAP7_75t_R)
     3    3.14   19.63   26.00 10298.47 v _233618_/Y (AO21x1_ASAP7_75t_R)
                                         _169859_ (net)
                 19.65    0.31 10298.79 v _233619_/C (OA211x2_ASAP7_75t_R)
     1    0.80    9.47   30.53 10329.31 v _233619_/Y (OA211x2_ASAP7_75t_R)
                                         _169860_ (net)
                  9.47    0.04 10329.36 v _233626_/C (OR4x1_ASAP7_75t_R)
     3    3.02   22.19   33.53 10362.89 v _233626_/Y (OR4x1_ASAP7_75t_R)
                                         _169867_ (net)
                 22.24    0.59 10363.48 v _233632_/A2 (OA211x2_ASAP7_75t_R)
     1    0.74    9.34   25.89 10389.37 v _233632_/Y (OA211x2_ASAP7_75t_R)
                                         _169873_ (net)
                  9.34    0.03 10389.41 v _233633_/B2 (OA22x2_ASAP7_75t_R)
     2    2.04   10.32   21.03 10410.44 v _233633_/Y (OA22x2_ASAP7_75t_R)
                                         _169874_ (net)
                 10.33    0.14 10410.58 v _233721_/C (AND5x2_ASAP7_75t_R)
     2    1.97    9.50   21.21 10431.79 v _233721_/Y (AND5x2_ASAP7_75t_R)
                                         _169962_ (net)
                  9.51    0.08 10431.88 v _233967_/C (AND3x4_ASAP7_75t_R)
     2    2.05    7.70   20.83 10452.71 v _233967_/Y (AND3x4_ASAP7_75t_R)
                                         _170208_ (net)
                  7.71    0.15 10452.86 v _235036_/B (AND5x2_ASAP7_75t_R)
     5    5.50   18.97   22.48 10475.34 v _235036_/Y (AND5x2_ASAP7_75t_R)
                                         _171277_ (net)
                 19.05    0.67 10476.01 v _235186_/B (AND4x1_ASAP7_75t_R)
     2    1.63   10.91   17.52 10493.53 v _235186_/Y (AND4x1_ASAP7_75t_R)
                                         _171427_ (net)
                 10.92    0.08 10493.62 v _235297_/B (AND3x2_ASAP7_75t_R)
     2    2.26   11.01   15.66 10509.27 v _235297_/Y (AND3x2_ASAP7_75t_R)
                                         _171538_ (net)
                 11.03    0.25 10509.53 v _235300_/B (OR5x2_ASAP7_75t_R)
     2    5.26   26.25   43.47 10553.00 v _235300_/Y (OR5x2_ASAP7_75t_R)
                                         _171541_ (net)
                 26.94    2.31 10555.31 v place19574/A (BUFx3_ASAP7_75t_R)
     3    3.76   10.35   20.87 10576.18 v place19574/Y (BUFx3_ASAP7_75t_R)
                                         net19132 (net)
                 10.38    0.26 10576.43 v _276097_/A (INVx1_ASAP7_75t_R)
     1    0.65    7.15    6.48 10582.91 ^ _276097_/Y (INVx1_ASAP7_75t_R)
                                         _036859_ (net)
                  7.15    0.03 10582.94 ^ _276098_/B1 (AO32x2_ASAP7_75t_R)
     6    5.66   24.35   29.13 10612.08 ^ _276098_/Y (AO32x2_ASAP7_75t_R)
                                         _036860_ (net)
                 24.47    0.97 10613.05 ^ _279914_/A1 (AOI21x1_ASAP7_75t_R)
     2    5.21   31.51   20.37 10633.42 v _279914_/Y (AOI21x1_ASAP7_75t_R)
                                         _040668_ (net)
                 32.04    2.23 10635.65 v _280017_/A1 (OAI21x1_ASAP7_75t_R)
     3   24.36  163.94   55.23 10690.89 ^ _280017_/Y (OAI21x1_ASAP7_75t_R)
                                         _040771_ (net)
                204.22   42.40 10733.29 ^ _326596_/B1 (AOI22x1_ASAP7_75t_R)
     1    1.41   43.81   22.04 10755.32 v _326596_/Y (AOI22x1_ASAP7_75t_R)
                                         _081463_ (net)
                 43.81    0.06 10755.38 v place19240/A (BUFx6f_ASAP7_75t_R)
     2    7.40   12.02   22.81 10778.19 v place19240/Y (BUFx6f_ASAP7_75t_R)
                                         net18798 (net)
                 16.66    3.82 10782.01 v place19238/A (BUFx6f_ASAP7_75t_R)
    26   23.64   27.42   20.09 10802.10 v place19238/Y (BUFx6f_ASAP7_75t_R)
                                         net18796 (net)
                 38.16    9.18 10811.28 v _326605_/A2 (OA21x2_ASAP7_75t_R)
     1    1.29    9.75   25.26 10836.54 v _326605_/Y (OA21x2_ASAP7_75t_R)
                                         _081472_ (net)
                  9.75    0.07 10836.61 v _326606_/B (NOR2x1_ASAP7_75t_R)
     1    0.77   22.55    7.41 10844.01 ^ _326606_/Y (NOR2x1_ASAP7_75t_R)
                                         u_int_prf._00044_[13] (net)
                 22.55    0.04 10844.05 ^ _395932_/D (DFFHQNx1_ASAP7_75t_R)
                               10844.05   data arrival time

                  0.00 12000.00 12000.00   clock core_clk (rise edge)
                          0.00 12000.00   clock network delay (ideal)
                        -50.00 11950.00   clock uncertainty
                          0.00 11950.00   clock reconvergence pessimism
                               11950.00 ^ _395932_/CLK (DFFHQNx1_ASAP7_75t_R)
                        -12.00 11938.00   library setup time
                               11938.00   data required time
-----------------------------------------------------------------------------
                               11938.00   data required time
                               -10844.05   data arrival time
-----------------------------------------------------------------------------
                               1093.95   slack (MET)



==========================================================================
resizer report_checks -unconstrained
--------------------------------------------------------------------------
Startpoint: dmem_rsp_valid (input port clocked by core_clk)
Endpoint: dmem_req_addr[3] (output port clocked by core_clk)
Path Group: in2out
Path Type: max

Fanout     Cap    Slew   Delay    Time   Description
-----------------------------------------------------------------------------
                  0.00    0.00    0.00   clock core_clk (rise edge)
                          0.00    0.00   clock network delay (ideal)
                       2400.00 2400.00 v input external delay
     1    8.07   20.00    0.00 2400.00 v dmem_rsp_valid (in)
                                         dmem_rsp_valid (net)
                 33.52    4.26 2404.26 v input66/A (BUFx2_ASAP7_75t_R)
     2   11.65   36.66   30.84 2435.10 v input66/Y (BUFx2_ASAP7_75t_R)
                                         net66 (net)
                 40.68    6.33 2441.43 v place32680/A (BUFx3_ASAP7_75t_R)
     1    1.35    6.96   21.43 2462.87 v place32680/Y (BUFx3_ASAP7_75t_R)
                                         net32238 (net)
                  6.97    0.10 2462.97 v _196680_/C (AND3x4_ASAP7_75t_R)
     2   12.58   20.55   24.65 2487.62 v _196680_/Y (AND3x4_ASAP7_75t_R)
                                         _132954_ (net)
                 42.56   11.77 2499.39 v place32301/A (BUFx6f_ASAP7_75t_R)
     9   11.67   15.95   23.94 2523.33 v place32301/Y (BUFx6f_ASAP7_75t_R)
                                         net31859 (net)
                 15.99    0.59 2523.92 v place32299/A (BUFx6f_ASAP7_75t_R)
    19   26.98   28.62   21.80 2545.72 v place32299/Y (BUFx6f_ASAP7_75t_R)
                                         net31857 (net)
                 30.25    3.58 2549.30 v _196813_/A2 (AOI21x1_ASAP7_75t_R)
     2    1.98   19.97   15.91 2565.22 ^ _196813_/Y (AOI21x1_ASAP7_75t_R)
                                         _133087_ (net)
                 19.98    0.10 2565.32 ^ place31748/A (BUFx3_ASAP7_75t_R)
     2    3.71   11.40   18.02 2583.34 ^ place31748/Y (BUFx3_ASAP7_75t_R)
                                         net31306 (net)
                 11.55    0.72 2584.05 ^ place31747/A (BUFx3_ASAP7_75t_R)
    25   41.50   95.35   42.32 2626.38 ^ place31747/Y (BUFx3_ASAP7_75t_R)
                                         net31305 (net)
                 95.69    3.61 2629.98 ^ _198174_/B (XNOR2x2_ASAP7_75t_R)
     3    2.72   13.43   37.18 2667.17 v _198174_/Y (XNOR2x2_ASAP7_75t_R)
                                         _134448_ (net)
                 13.43    0.07 2667.23 v _198492_/C (OR4x1_ASAP7_75t_R)
     1    0.61    9.13   26.06 2693.30 v _198492_/Y (OR4x1_ASAP7_75t_R)
                                         _134766_ (net)
                  9.13    0.02 2693.32 v _198494_/D (OR5x1_ASAP7_75t_R)
     3   17.71  107.42   66.44 2759.76 v _198494_/Y (OR5x1_ASAP7_75t_R)
                                         _134768_ (net)
                128.54   24.65 2784.41 v place29294/A (BUFx6f_ASAP7_75t_R)
    22   30.64   35.30   37.93 2822.34 v place29294/Y (BUFx6f_ASAP7_75t_R)
                                         net28852 (net)
                 81.37   24.14 2846.48 v _202919_/A (AND2x2_ASAP7_75t_R)
     2    3.70   15.14   36.36 2882.84 v _202919_/Y (AND2x2_ASAP7_75t_R)
                                         _139193_ (net)
                 15.15    0.21 2883.04 v _207950_/B (OR3x1_ASAP7_75t_R)
     2    7.76   47.41   38.24 2921.28 v _207950_/Y (OR3x1_ASAP7_75t_R)
                                         _144222_ (net)
                 49.22    5.03 2926.31 v _207951_/A (MAJx2_ASAP7_75t_R)
     3   10.26   36.21   40.02 2966.32 v _207951_/Y (MAJx2_ASAP7_75t_R)
                                         _144223_ (net)
                 37.75    4.08 2970.40 v _208672_/B (MAJx2_ASAP7_75t_R)
     2    2.67   13.93   31.77 3002.17 v _208672_/Y (MAJx2_ASAP7_75t_R)
                                         _144943_ (net)
                 13.94    0.13 3002.30 v _208722_/B (MAJx2_ASAP7_75t_R)
     2    2.43   11.96   24.83 3027.13 v _208722_/Y (MAJx2_ASAP7_75t_R)
                                         _144992_ (net)
                 11.96    0.07 3027.20 v _208759_/B (MAJx2_ASAP7_75t_R)
     2    4.13   18.08   26.48 3053.68 v _208759_/Y (MAJx2_ASAP7_75t_R)
                                         _145028_ (net)
                 18.25    0.97 3054.65 v _208837_/B (MAJx2_ASAP7_75t_R)
     2    2.65   12.88   26.45 3081.10 v _208837_/Y (MAJx2_ASAP7_75t_R)
                                         _145105_ (net)
                 12.89    0.11 3081.21 v _208912_/B (MAJx2_ASAP7_75t_R)
     2    5.00   19.40   28.04 3109.24 v _208912_/Y (MAJx2_ASAP7_75t_R)
                                         _145179_ (net)
                 19.69    1.32 3110.56 v _208937_/B (MAJx2_ASAP7_75t_R)
     2    3.66   18.39   28.36 3138.92 v _208937_/Y (MAJx2_ASAP7_75t_R)
                                         _145203_ (net)
                 18.41    0.32 3139.24 v _209010_/B (MAJx2_ASAP7_75t_R)
     2    3.53   15.04   27.80 3167.04 v _209010_/Y (MAJx2_ASAP7_75t_R)
                                         _145275_ (net)
                 15.04    0.08 3167.12 v _209082_/B (MAJx2_ASAP7_75t_R)
     2    4.27   19.25   27.61 3194.72 v _209082_/Y (MAJx2_ASAP7_75t_R)
                                         _145346_ (net)
                 19.32    0.66 3195.38 v _209182_/B (MAJx2_ASAP7_75t_R)
     2    3.32   15.21   27.76 3223.14 v _209182_/Y (MAJx2_ASAP7_75t_R)
                                         _145445_ (net)
                 15.21    0.12 3223.26 v _209211_/B (MAJx2_ASAP7_75t_R)
     2    2.56   13.08   25.40 3248.66 v _209211_/Y (MAJx2_ASAP7_75t_R)
                                         _145473_ (net)
                 13.08    0.13 3248.79 v _209318_/B (MAJx2_ASAP7_75t_R)
     2    3.03   14.39   25.51 3274.30 v _209318_/Y (MAJx2_ASAP7_75t_R)
                                         _145579_ (net)
                 14.42    0.32 3274.62 v _209357_/B (MAJx2_ASAP7_75t_R)
     2    3.92   17.58   27.03 3301.65 v _209357_/Y (MAJx2_ASAP7_75t_R)
                                         _145617_ (net)
                 17.64    0.57 3302.22 v _209417_/B (MAJx2_ASAP7_75t_R)
     2    2.70   13.83   26.33 3328.54 v _209417_/Y (MAJx2_ASAP7_75t_R)
                                         _145676_ (net)
                 13.84    0.18 3328.72 v _209481_/B (MAJx2_ASAP7_75t_R)
     2    5.73   24.75   28.69 3357.41 v _209481_/Y (MAJx2_ASAP7_75t_R)
                                         _145739_ (net)
                 25.68    2.55 3359.96 v _209517_/B (MAJx2_ASAP7_75t_R)
     2    2.48   13.14   28.21 3388.17 v _209517_/Y (MAJx2_ASAP7_75t_R)
                                         _145774_ (net)
                 13.14    0.07 3388.24 v _209573_/B (MAJx2_ASAP7_75t_R)
     2    2.55   13.53   24.80 3413.05 v _209573_/Y (MAJx2_ASAP7_75t_R)
                                         _145829_ (net)
                 13.53    0.07 3413.12 v _209635_/B (MAJx2_ASAP7_75t_R)
     2    2.52   12.54   24.85 3437.97 v _209635_/Y (MAJx2_ASAP7_75t_R)
                                         _145890_ (net)
                 12.55    0.11 3438.08 v _209690_/B (MAJx2_ASAP7_75t_R)
     2    3.09   14.66   25.39 3463.47 v _209690_/Y (MAJx2_ASAP7_75t_R)
                                         _145944_ (net)
                 14.70    0.42 3463.89 v _209718_/B (MAJx2_ASAP7_75t_R)
     2    2.48   12.35   25.14 3489.02 v _209718_/Y (MAJx2_ASAP7_75t_R)
                                         _145971_ (net)
                 12.36    0.09 3489.11 v _209773_/B (MAJx2_ASAP7_75t_R)
     2    4.75   20.18   27.21 3516.32 v _209773_/Y (MAJx2_ASAP7_75t_R)
                                         _146025_ (net)
                 20.62    1.64 3517.96 v _209836_/B (MAJx2_ASAP7_75t_R)
     2    2.46   15.73   26.83 3544.79 v _209836_/Y (MAJx2_ASAP7_75t_R)
                                         _146087_ (net)
                 15.73    0.07 3544.86 v _209909_/B (MAJx2_ASAP7_75t_R)
     2    2.52   12.98   25.49 3570.36 v _209909_/Y (MAJx2_ASAP7_75t_R)
                                         _146159_ (net)
                 12.98    0.13 3570.48 v _209935_/B (MAJx2_ASAP7_75t_R)
     2    3.32   15.70   25.81 3596.29 v _209935_/Y (MAJx2_ASAP7_75t_R)
                                         _146184_ (net)
                 15.76    0.52 3596.82 v _209997_/B (MAJx2_ASAP7_75t_R)
     2    2.60   13.99   25.66 3622.48 v _209997_/Y (MAJx2_ASAP7_75t_R)
                                         _146245_ (net)
                 13.99    0.08 3622.56 v _210075_/B (MAJx2_ASAP7_75t_R)
     2    2.46   13.52   24.90 3647.46 v _210075_/Y (MAJx2_ASAP7_75t_R)
                                         _146322_ (net)
                 13.52    0.07 3647.53 v _210093_/B (MAJx2_ASAP7_75t_R)
     2    3.72   16.87   26.48 3674.01 v _210093_/Y (MAJx2_ASAP7_75t_R)
                                         _146339_ (net)
                 16.97    0.72 3674.73 v _210144_/B (MAJx2_ASAP7_75t_R)
     2    2.51   13.42   25.84 3700.57 v _210144_/Y (MAJx2_ASAP7_75t_R)
                                         _146389_ (net)
                 13.43    0.10 3700.67 v _210218_/B (MAJx2_ASAP7_75t_R)
     2    2.53   12.29   24.83 3725.50 v _210218_/Y (MAJx2_ASAP7_75t_R)
                                         _146462_ (net)
                 12.30    0.11 3725.61 v _210244_/B (MAJx2_ASAP7_75t_R)
     1    1.13    9.62   22.08 3747.69 v _210244_/Y (MAJx2_ASAP7_75t_R)
                                         _146487_ (net)
                  9.62    0.04 3747.73 v _210254_/A (XNOR2x2_ASAP7_75t_R)
     2    2.87   13.31   23.84 3771.57 ^ _210254_/Y (XNOR2x2_ASAP7_75t_R)
                                         _146497_ (net)
                 13.38    0.53 3772.10 ^ _313940_/B (XNOR2x2_ASAP7_75t_R)
     1    0.66    7.16   21.41 3793.51 ^ _313940_/Y (XNOR2x2_ASAP7_75t_R)
                                         _070561_ (net)
                  7.16    0.03 3793.54 ^ _314011_/A (AND5x1_ASAP7_75t_R)
     3   13.87   95.52   55.34 3848.88 ^ _314011_/Y (AND5x1_ASAP7_75t_R)
                                         _070632_ (net)
                106.13   16.61 3865.48 ^ _314015_/A (NAND2x1_ASAP7_75t_R)
    10   11.59   70.77   42.00 3907.49 v _314015_/Y (NAND2x1_ASAP7_75t_R)
                                         _070636_ (net)
                 71.03    2.56 3910.05 v _314016_/B (OR2x2_ASAP7_75t_R)
    19   24.86   73.36   56.40 3966.45 v _314016_/Y (OR2x2_ASAP7_75t_R)
                                         _070637_ (net)
                 78.60   10.44 3976.89 v _314885_/B (NOR2x1_ASAP7_75t_R)
     2    1.42   25.05   19.04 3995.93 ^ _314885_/Y (NOR2x1_ASAP7_75t_R)
                                         _071506_ (net)
                 25.05    0.04 3995.96 ^ _314897_/A2 (AO21x1_ASAP7_75t_R)
     1    0.47    6.70   15.82 4011.78 ^ _314897_/Y (AO21x1_ASAP7_75t_R)
                                         _071518_ (net)
                  6.70    0.01 4011.80 ^ _314898_/B1 (AO22x1_ASAP7_75t_R)
     1    1.13   13.08   16.73 4028.53 ^ _314898_/Y (AO22x1_ASAP7_75t_R)
                                         _071519_ (net)
                 13.08    0.04 4028.57 ^ _314899_/B (NAND2x1_ASAP7_75t_R)
     1    1.36   17.02    8.37 4036.94 v _314899_/Y (NAND2x1_ASAP7_75t_R)
                                         _071520_ (net)
                 17.02    0.08 4037.02 v _314903_/A1 (AOI22x1_ASAP7_75t_R)
     2    2.42   27.82   17.04 4054.06 ^ _314903_/Y (AOI22x1_ASAP7_75t_R)
                                         _071524_ (net)
                 27.82    0.06 4054.12 ^ _314904_/B (OAI21x1_ASAP7_75t_R)
     1    0.46   15.57    9.78 4063.89 v _314904_/Y (OAI21x1_ASAP7_75t_R)
                                         _071525_ (net)
                 15.57    0.01 4063.91 v _314908_/B (OA211x2_ASAP7_75t_R)
     1    1.44   11.07   28.87 4092.78 v _314908_/Y (OA211x2_ASAP7_75t_R)
                                         _071529_ (net)
                 11.08    0.12 4092.90 v _314909_/C (MAJx2_ASAP7_75t_R)
     2    1.87   11.59   21.83 4114.72 v _314909_/Y (MAJx2_ASAP7_75t_R)
                                         _071530_ (net)
                 11.60    0.07 4114.79 v _314935_/B (NOR2x1_ASAP7_75t_R)
     1    0.67    8.93    7.47 4122.26 ^ _314935_/Y (NOR2x1_ASAP7_75t_R)
                                         _071556_ (net)
                  8.93    0.02 4122.29 ^ _314936_/B (AO21x1_ASAP7_75t_R)
     7   12.86   86.59   38.50 4160.78 ^ _314936_/Y (AO21x1_ASAP7_75t_R)
                                         _071557_ (net)
                 90.72   10.24 4171.02 ^ _314938_/A2 (AO21x1_ASAP7_75t_R)
     3    3.89   27.63   31.86 4202.88 ^ _314938_/Y (AO21x1_ASAP7_75t_R)
                                         _071559_ (net)
                 27.71    0.78 4203.66 ^ _314939_/B (NAND2x1_ASAP7_75t_R)
     1    1.38   15.21   10.57 4214.23 v _314939_/Y (NAND2x1_ASAP7_75t_R)
                                         _071560_ (net)
                 15.21    0.10 4214.33 v _314940_/B (NAND2x1_ASAP7_75t_R)
    12   16.82  115.38   48.20 4262.53 ^ _314940_/Y (NAND2x1_ASAP7_75t_R)
                                         _071561_ (net)
                116.91    7.52 4270.05 ^ _314953_/A2 (OA22x2_ASAP7_75t_R)
     2    2.20   13.13   34.31 4304.35 ^ _314953_/Y (OA22x2_ASAP7_75t_R)
                                         _071574_ (net)
                 13.14    0.17 4304.52 ^ _314954_/B (NOR2x1_ASAP7_75t_R)
     2    2.57   34.87   12.64 4317.17 v _314954_/Y (NOR2x1_ASAP7_75t_R)
                                         _071575_ (net)
                 34.87    0.14 4317.31 v _315005_/B (MAJx2_ASAP7_75t_R)
     1    1.17    9.12   28.33 4345.64 v _315005_/Y (MAJx2_ASAP7_75t_R)
                                         _071626_ (net)
                  9.12    0.05 4345.69 v _315006_/C (MAJx2_ASAP7_75t_R)
     1    1.16    9.26   20.09 4365.77 v _315006_/Y (MAJx2_ASAP7_75t_R)
                                         _071627_ (net)
                  9.26    0.05 4365.82 v _315007_/C (MAJx2_ASAP7_75t_R)
     1    1.14    8.99   20.09 4385.91 v _315007_/Y (MAJx2_ASAP7_75t_R)
                                         _071628_ (net)
                  8.99    0.04 4385.96 v _315008_/C (MAJx2_ASAP7_75t_R)
     1    1.48    9.90   20.59 4406.55 v _315008_/Y (MAJx2_ASAP7_75t_R)
                                         _071629_ (net)
                  9.91    0.13 4406.67 v _315009_/A2 (AOI21x1_ASAP7_75t_R)
     1    1.16   13.94    9.89 4416.56 ^ _315009_/Y (AOI21x1_ASAP7_75t_R)
                                         _071630_ (net)
                 13.94    0.05 4416.61 ^ _315012_/A (NOR2x1_ASAP7_75t_R)
     1    1.21   11.68   10.71 4427.33 v _315012_/Y (NOR2x1_ASAP7_75t_R)
                                         _071633_ (net)
                 11.68    0.06 4427.39 v _315013_/C (MAJx2_ASAP7_75t_R)
     1    1.15    9.13   20.73 4448.11 v _315013_/Y (MAJx2_ASAP7_75t_R)
                                         _071634_ (net)
                  9.13    0.05 4448.16 v _315014_/C (MAJx2_ASAP7_75t_R)
     1    1.42   10.32   20.53 4468.69 v _315014_/Y (MAJx2_ASAP7_75t_R)
                                         _071635_ (net)
                 10.33    0.11 4468.80 v _315015_/C (MAJx2_ASAP7_75t_R)
     2    1.91   11.61   21.70 4490.50 v _315015_/Y (MAJx2_ASAP7_75t_R)
                                         _071636_ (net)
                 11.62    0.08 4490.58 v _315016_/C (OR3x1_ASAP7_75t_R)
     2    1.32   11.52   23.00 4513.59 v _315016_/Y (OR3x1_ASAP7_75t_R)
                                         _071637_ (net)
                 11.52    0.05 4513.63 v _315025_/A (AND3x1_ASAP7_75t_R)
     6    5.46   30.34   23.51 4537.14 v _315025_/Y (AND3x1_ASAP7_75t_R)
                                         _071646_ (net)
                 30.35    0.31 4537.45 v _315027_/A2 (AO21x1_ASAP7_75t_R)
     3    6.55   37.68   33.41 4570.86 v _315027_/Y (AO21x1_ASAP7_75t_R)
                                         _071648_ (net)
                 37.69    0.20 4571.07 v _315028_/B (NOR2x1_ASAP7_75t_R)
     8    6.70   49.37   31.60 4602.67 ^ _315028_/Y (NOR2x1_ASAP7_75t_R)
                                         _071649_ (net)
                 49.38    0.57 4603.23 ^ _315070_/B1 (OAI22x1_ASAP7_75t_R)
     5    4.88   42.57   23.21 4626.44 v _315070_/Y (OAI22x1_ASAP7_75t_R)
                                         _071691_ (net)
                 42.61    0.70 4627.15 v _315071_/B (AND2x2_ASAP7_75t_R)
     2    2.06   10.40   25.01 4652.15 v _315071_/Y (AND2x2_ASAP7_75t_R)
                                         _071692_ (net)
                 10.41    0.10 4652.25 v _315101_/B (MAJx2_ASAP7_75t_R)
     1    1.19    9.15   21.64 4673.89 v _315101_/Y (MAJx2_ASAP7_75t_R)
                                         _071722_ (net)
                  9.15    0.05 4673.95 v _315102_/C (MAJx2_ASAP7_75t_R)
     1    1.19    9.34   20.15 4694.10 v _315102_/Y (MAJx2_ASAP7_75t_R)
                                         _071723_ (net)
                  9.34    0.06 4694.15 v _315103_/C (MAJx2_ASAP7_75t_R)
     1    1.13    8.98   20.10 4714.25 v _315103_/Y (MAJx2_ASAP7_75t_R)
                                         _071724_ (net)
                  8.98    0.04 4714.29 v _315104_/C (MAJx2_ASAP7_75t_R)
     1    1.19    9.11   20.11 4734.40 v _315104_/Y (MAJx2_ASAP7_75t_R)
                                         _071725_ (net)
                  9.11    0.06 4734.46 v _315105_/C (MAJx2_ASAP7_75t_R)
     1    1.15    9.32   20.07 4754.52 v _315105_/Y (MAJx2_ASAP7_75t_R)
                                         _071726_ (net)
                  9.32    0.04 4754.57 v _315106_/C (MAJx2_ASAP7_75t_R)
     1    0.79    7.95   19.49 4774.06 v _315106_/Y (MAJx2_ASAP7_75t_R)
                                         _071727_ (net)
                  7.95    0.04 4774.10 v _315107_/A2 (AO21x1_ASAP7_75t_R)
     1    1.17    9.30   15.65 4789.75 v _315107_/Y (AO21x1_ASAP7_75t_R)
                                         _071728_ (net)
                  9.30    0.05 4789.81 v _315111_/A (NAND2x1_ASAP7_75t_R)
     2    2.33   19.13   13.55 4803.35 ^ _315111_/Y (NAND2x1_ASAP7_75t_R)
                                         _071732_ (net)
                 19.13    0.11 4803.46 ^ _315112_/C (MAJx2_ASAP7_75t_R)
     1    0.66    7.29   18.60 4822.06 ^ _315112_/Y (MAJx2_ASAP7_75t_R)
                                         _071733_ (net)
                  7.29    0.02 4822.08 ^ _315113_/C (AND3x1_ASAP7_75t_R)
     1    0.69    8.75   17.33 4839.41 ^ _315113_/Y (AND3x1_ASAP7_75t_R)
                                         _071734_ (net)
                  8.75    0.03 4839.44 ^ _315120_/B (OR3x1_ASAP7_75t_R)
    12   13.31   85.92   43.45 4882.89 ^ _315120_/Y (OR3x1_ASAP7_75t_R)
                                         _071741_ (net)
                 86.03    1.95 4884.84 ^ _315161_/A (AND2x2_ASAP7_75t_R)
    26   30.57  105.22   57.07 4941.90 ^ _315161_/Y (AND2x2_ASAP7_75t_R)
                                         _071782_ (net)
                105.48    3.31 4945.22 ^ _315170_/A2 (OAI21x1_ASAP7_75t_R)
     8   13.46   84.00   46.14 4991.36 v _315170_/Y (OAI21x1_ASAP7_75t_R)
                                         _071791_ (net)
                 84.00    0.40 4991.76 v _315171_/B1 (AO32x1_ASAP7_75t_R)
     2    2.85   20.31   45.31 5037.07 v _315171_/Y (AO32x1_ASAP7_75t_R)
                                         _071792_ (net)
                 20.33    0.29 5037.36 v _315184_/B (MAJx2_ASAP7_75t_R)
     1    1.10    9.13   24.38 5061.75 v _315184_/Y (MAJx2_ASAP7_75t_R)
                                         _071805_ (net)
                  9.13    0.03 5061.78 v _315185_/C (MAJx2_ASAP7_75t_R)
     1    1.25    9.16   20.24 5082.02 v _315185_/Y (MAJx2_ASAP7_75t_R)
                                         _071806_ (net)
                  9.16    0.07 5082.09 v _315186_/C (MAJx2_ASAP7_75t_R)
     1    1.21    9.13   20.18 5102.27 v _315186_/Y (MAJx2_ASAP7_75t_R)
                                         _071807_ (net)
                  9.13    0.06 5102.33 v _315187_/C (MAJx2_ASAP7_75t_R)
     1    1.18    9.72   20.12 5122.45 v _315187_/Y (MAJx2_ASAP7_75t_R)
                                         _071808_ (net)
                  9.73    0.05 5122.50 v _315188_/C (MAJx2_ASAP7_75t_R)
     1    0.64    7.52   19.34 5141.84 v _315188_/Y (MAJx2_ASAP7_75t_R)
                                         _071809_ (net)
                  7.52    0.02 5141.86 v _315198_/A2 (AO21x1_ASAP7_75t_R)
     1    1.22    9.58   15.69 5157.55 v _315198_/Y (AO21x1_ASAP7_75t_R)
                                         _071819_ (net)
                  9.58    0.07 5157.61 v _315205_/A (NAND2x1_ASAP7_75t_R)
     2    2.21   18.44   13.35 5170.96 ^ _315205_/Y (NAND2x1_ASAP7_75t_R)
                                         _071826_ (net)
                 18.44    0.06 5171.02 ^ _315206_/C (MAJx2_ASAP7_75t_R)
     1    0.62    7.25   18.40 5189.42 ^ _315206_/Y (MAJx2_ASAP7_75t_R)
                                         _071827_ (net)
                  7.25    0.02 5189.44 ^ _315233_/B (AND3x1_ASAP7_75t_R)
     2    1.40   12.96   19.62 5209.06 ^ _315233_/Y (AND3x1_ASAP7_75t_R)
                                         _071854_ (net)
                 12.96    0.05 5209.11 ^ _315236_/B (OR3x1_ASAP7_75t_R)
     1    0.94    8.28   13.18 5222.29 ^ _315236_/Y (OR3x1_ASAP7_75t_R)
                                         _071857_ (net)
                  8.28    0.06 5222.35 ^ place25315/A (BUFx3_ASAP7_75t_R)
    18   20.94   50.38   25.77 5248.11 ^ place25315/Y (BUFx3_ASAP7_75t_R)
                                         net24873 (net)
                 52.01    5.05 5253.16 ^ _315238_/A2 (OA211x2_ASAP7_75t_R)
    10    9.18   35.50   40.55 5293.71 ^ _315238_/Y (OA211x2_ASAP7_75t_R)
                                         _071859_ (net)
                 35.98    2.30 5296.01 ^ _315247_/A2 (OA21x2_ASAP7_75t_R)
     8    7.43   28.02   31.43 5327.44 ^ _315247_/Y (OA21x2_ASAP7_75t_R)
                                         _071868_ (net)
                 28.07    0.61 5328.05 ^ _315320_/A2 (OA22x2_ASAP7_75t_R)
     5    6.04   23.93   28.58 5356.64 ^ _315320_/Y (OA22x2_ASAP7_75t_R)
                                         _071941_ (net)
                 24.35    1.74 5358.38 ^ _315335_/B1 (OA22x2_ASAP7_75t_R)
     1    1.28    8.27   20.20 5378.58 ^ _315335_/Y (OA22x2_ASAP7_75t_R)
                                         _071956_ (net)
                  8.27    0.04 5378.62 ^ _315336_/B (AOI21x1_ASAP7_75t_R)
     1    1.25   14.36    7.15 5385.77 v _315336_/Y (AOI21x1_ASAP7_75t_R)
                                         _071957_ (net)
                 14.36    0.07 5385.84 v _315337_/C (MAJx2_ASAP7_75t_R)
     1    1.17    9.41   21.41 5407.25 v _315337_/Y (MAJx2_ASAP7_75t_R)
                                         _071958_ (net)
                  9.41    0.05 5407.30 v _315338_/C (MAJx2_ASAP7_75t_R)
     1    1.15    9.26   20.14 5427.45 v _315338_/Y (MAJx2_ASAP7_75t_R)
                                         _071959_ (net)
                  9.26    0.04 5427.49 v _315339_/C (MAJx2_ASAP7_75t_R)
     1    0.96    9.10   19.77 5447.26 v _315339_/Y (MAJx2_ASAP7_75t_R)
                                         _071960_ (net)
                  9.10    0.07 5447.32 v _315340_/A2 (AO21x1_ASAP7_75t_R)
     1    1.24    9.67   16.17 5463.49 v _315340_/Y (AO21x1_ASAP7_75t_R)
                                         _071961_ (net)
                  9.68    0.07 5463.56 v _315346_/A (NAND2x1_ASAP7_75t_R)
     1    1.18   12.44   10.55 5474.11 ^ _315346_/Y (NAND2x1_ASAP7_75t_R)
                                         _071967_ (net)
                 12.44    0.05 5474.16 ^ _315347_/C (MAJx2_ASAP7_75t_R)
     1    1.37    9.16   18.57 5492.73 ^ _315347_/Y (MAJx2_ASAP7_75t_R)
                                         _071968_ (net)
                  9.17    0.10 5492.83 ^ _315348_/A2 (AOI21x1_ASAP7_75t_R)
     1    1.15   14.07    7.71 5500.54 v _315348_/Y (AOI21x1_ASAP7_75t_R)
                                         _071969_ (net)
                 14.07    0.04 5500.58 v _315349_/C (MAJx2_ASAP7_75t_R)
     2    1.80   10.94   22.45 5523.03 v _315349_/Y (MAJx2_ASAP7_75t_R)
                                         _071970_ (net)
                 10.94    0.04 5523.07 v _315350_/C (OR3x1_ASAP7_75t_R)
     1    1.11   10.42   22.15 5545.22 v _315350_/Y (OR3x1_ASAP7_75t_R)
                                         _071971_ (net)
                 10.42    0.04 5545.26 v _315352_/A (NAND2x1_ASAP7_75t_R)
     2    1.71   15.62   12.26 5557.52 ^ _315352_/Y (NAND2x1_ASAP7_75t_R)
                                         _071973_ (net)
                 15.62    0.07 5557.59 ^ _315353_/B (AOI211x1_ASAP7_75t_R)
     7    6.32   71.63   22.95 5580.54 v _315353_/Y (AOI211x1_ASAP7_75t_R)
                                         _071974_ (net)
                 71.64    0.37 5580.91 v _315386_/B (OR2x2_ASAP7_75t_R)
    10    8.65   28.06   40.77 5621.69 v _315386_/Y (OR2x2_ASAP7_75t_R)
                                         _072007_ (net)
                 28.08    0.46 5622.15 v _315417_/B1 (OA22x2_ASAP7_75t_R)
     1    0.64    9.31   22.59 5644.74 v _315417_/Y (OA22x2_ASAP7_75t_R)
                                         _072038_ (net)
                  9.31    0.02 5644.76 v _315418_/B1 (OA22x2_ASAP7_75t_R)
     5    5.16   20.51   25.35 5670.11 v _315418_/Y (OA22x2_ASAP7_75t_R)
                                         _072039_ (net)
                 20.53    0.39 5670.50 v _315419_/B (OR2x2_ASAP7_75t_R)
     1    1.14    7.30   20.34 5690.84 v _315419_/Y (OR2x2_ASAP7_75t_R)
                                         _072040_ (net)
                  7.30    0.04 5690.88 v _315420_/C (MAJx2_ASAP7_75t_R)
     1    1.09    7.84   19.48 5710.36 v _315420_/Y (MAJx2_ASAP7_75t_R)
                                         _072041_ (net)
                  7.84    0.03 5710.39 v _315421_/C (MAJx2_ASAP7_75t_R)
     2    1.77   10.11   20.81 5731.21 v _315421_/Y (MAJx2_ASAP7_75t_R)
                                         _072042_ (net)
                 10.11    0.04 5731.24 v _315423_/A2 (AO21x1_ASAP7_75t_R)
     1    1.39   10.59   16.92 5748.17 v _315423_/Y (AO21x1_ASAP7_75t_R)
                                         _072044_ (net)
                 10.59    0.04 5748.21 v _315424_/B (OAI21x1_ASAP7_75t_R)
     1    1.22   15.72    6.78 5754.98 ^ _315424_/Y (OAI21x1_ASAP7_75t_R)
                                         _072045_ (net)
                 15.72    0.06 5755.04 ^ _315425_/C (MAJx2_ASAP7_75t_R)
     1    1.11    8.92   18.75 5773.79 ^ _315425_/Y (MAJx2_ASAP7_75t_R)
                                         _072046_ (net)
                  8.92    0.04 5773.83 ^ _315426_/C (MAJx2_ASAP7_75t_R)
     1    1.29    9.87   17.73 5791.55 ^ _315426_/Y (MAJx2_ASAP7_75t_R)
                                         _072047_ (net)
                  9.87    0.08 5791.63 ^ _315427_/C (MAJx2_ASAP7_75t_R)
     1    0.64    7.71   16.79 5808.42 ^ _315427_/Y (MAJx2_ASAP7_75t_R)
                                         _072048_ (net)
                  7.71    0.02 5808.44 ^ _315439_/A2 (AO21x1_ASAP7_75t_R)
     1    0.60    7.13   12.75 5821.19 ^ _315439_/Y (AO21x1_ASAP7_75t_R)
                                         _072060_ (net)
                  7.13    0.02 5821.21 ^ _315442_/A (AND2x2_ASAP7_75t_R)
     1    1.32    7.96   14.84 5836.06 ^ _315442_/Y (AND2x2_ASAP7_75t_R)
                                         _072063_ (net)
                  7.96    0.09 5836.14 ^ _315443_/C (MAJx2_ASAP7_75t_R)
     2    2.06   12.17   18.90 5855.04 ^ _315443_/Y (MAJx2_ASAP7_75t_R)
                                         _072064_ (net)
                 12.17    0.06 5855.10 ^ _315456_/B (NOR3x1_ASAP7_75t_R)
     1    0.65   13.07   10.21 5865.31 v _315456_/Y (NOR3x1_ASAP7_75t_R)
                                         _072077_ (net)
                 13.07    0.02 5865.33 v _315457_/B (AO21x1_ASAP7_75t_R)
     1    0.74    7.21   16.78 5882.11 v _315457_/Y (AO21x1_ASAP7_75t_R)
                                         _072078_ (net)
                  7.21    0.03 5882.14 v _315458_/C (OR3x1_ASAP7_75t_R)
     2    1.93   16.28   24.12 5906.27 v _315458_/Y (OR3x1_ASAP7_75t_R)
                                         _072079_ (net)
                 16.28    0.08 5906.35 v _315461_/B (NAND2x1_ASAP7_75t_R)
    23   19.19  126.10   57.30 5963.65 ^ _315461_/Y (NAND2x1_ASAP7_75t_R)
                                         _072082_ (net)
                126.12    1.03 5964.68 ^ _315504_/B1 (OA22x2_ASAP7_75t_R)
     1    0.72    8.63   28.97 5993.65 ^ _315504_/Y (OA22x2_ASAP7_75t_R)
                                         _072125_ (net)
                  8.63    0.03 5993.68 ^ _315505_/A2 (OA21x2_ASAP7_75t_R)
     1    0.69    8.86   14.89 6008.58 ^ _315505_/Y (OA21x2_ASAP7_75t_R)
                                         _072126_ (net)
                  8.86    0.03 6008.60 ^ _315506_/B (AO21x1_ASAP7_75t_R)
     1    0.70    7.82   11.43 6020.04 ^ _315506_/Y (AO21x1_ASAP7_75t_R)
                                         _072127_ (net)
                  7.82    0.03 6020.06 ^ _315507_/B (OA21x2_ASAP7_75t_R)
     2    2.10   11.36   17.85 6037.91 ^ _315507_/Y (OA21x2_ASAP7_75t_R)
                                         _072128_ (net)
                 11.37    0.17 6038.08 ^ _315508_/A (INVx1_ASAP7_75t_R)
     2    1.82   11.89    9.15 6047.23 v _315508_/Y (INVx1_ASAP7_75t_R)
                                         _072129_ (net)
                 11.89    0.07 6047.30 v _315513_/B (MAJx2_ASAP7_75t_R)
     1    1.23    9.20   22.14 6069.43 v _315513_/Y (MAJx2_ASAP7_75t_R)
                                         _072134_ (net)
                  9.20    0.06 6069.50 v _315514_/C (MAJx2_ASAP7_75t_R)
     1    1.41   10.29   20.54 6090.04 v _315514_/Y (MAJx2_ASAP7_75t_R)
                                         _072135_ (net)
                 10.29    0.07 6090.11 v _315519_/B (MAJx2_ASAP7_75t_R)
     1    1.31    9.43   21.81 6111.92 v _315519_/Y (MAJx2_ASAP7_75t_R)
                                         _072140_ (net)
                  9.43    0.05 6111.97 v _315526_/B (MAJx2_ASAP7_75t_R)
     1    1.11    9.45   21.23 6133.19 v _315526_/Y (MAJx2_ASAP7_75t_R)
                                         _072147_ (net)
                  9.45    0.03 6133.23 v _315527_/C (MAJx2_ASAP7_75t_R)
     1    1.10    9.42   20.07 6153.30 v _315527_/Y (MAJx2_ASAP7_75t_R)
                                         _072148_ (net)
                  9.42    0.03 6153.33 v _315528_/C (MAJx2_ASAP7_75t_R)
     1    1.10    8.69   20.06 6173.39 v _315528_/Y (MAJx2_ASAP7_75t_R)
                                         _072149_ (net)
                  8.69    0.03 6173.43 v _315529_/C (MAJx2_ASAP7_75t_R)
     1    1.10    8.98   19.88 6193.30 v _315529_/Y (MAJx2_ASAP7_75t_R)
                                         _072150_ (net)
                  8.98    0.03 6193.34 v _315530_/C (MAJx2_ASAP7_75t_R)
     1    1.24    9.03   20.19 6213.53 v _315530_/Y (MAJx2_ASAP7_75t_R)
                                         _072151_ (net)
                  9.03    0.07 6213.59 v _315531_/C (MAJx2_ASAP7_75t_R)
     4    2.68   13.02   22.71 6236.30 v _315531_/Y (MAJx2_ASAP7_75t_R)
                                         _072152_ (net)
                 13.02    0.11 6236.42 v _315532_/A2 (OA21x2_ASAP7_75t_R)
     1    0.63    6.70   17.82 6254.24 v _315532_/Y (OA21x2_ASAP7_75t_R)
                                         _072153_ (net)
                  6.70    0.02 6254.26 v _315555_/A1 (OA22x2_ASAP7_75t_R)
     1    0.74    6.88   16.73 6270.99 v _315555_/Y (OA22x2_ASAP7_75t_R)
                                         _072176_ (net)
                  6.88    0.03 6271.02 v _315556_/C (OR3x1_ASAP7_75t_R)
     3    1.92   16.24   24.04 6295.06 v _315556_/Y (OR3x1_ASAP7_75t_R)
                                         _072177_ (net)
                 16.24    0.06 6295.13 v place24515/A (BUFx3_ASAP7_75t_R)
    24   21.73   42.86   31.02 6326.15 v place24515/Y (BUFx3_ASAP7_75t_R)
                                         net24073 (net)
                 43.11    1.94 6328.09 v _315573_/A (INVx1_ASAP7_75t_R)
    11   10.72   73.60   43.25 6371.34 ^ _315573_/Y (INVx1_ASAP7_75t_R)
                                         _072194_ (net)
                 73.62    0.79 6372.13 ^ _315574_/B (NOR2x1_ASAP7_75t_R)
    10    9.67   65.98   46.41 6418.54 v _315574_/Y (NOR2x1_ASAP7_75t_R)
                                         _072195_ (net)
                 65.98    0.21 6418.75 v _315576_/A2 (OAI21x1_ASAP7_75t_R)
     7    7.98   60.06   39.33 6458.08 ^ _315576_/Y (OAI21x1_ASAP7_75t_R)
                                         _072197_ (net)
                 60.07    0.55 6458.63 ^ _315580_/B1 (AO32x1_ASAP7_75t_R)
     5    4.44   33.22   39.69 6498.32 ^ _315580_/Y (AO32x1_ASAP7_75t_R)
                                         _072201_ (net)
                 33.26    0.80 6499.12 ^ _315581_/B (XNOR2x2_ASAP7_75t_R)
     1    0.55    6.90   27.83 6526.95 v _315581_/Y (XNOR2x2_ASAP7_75t_R)
                                         _072202_ (net)
                  6.90    0.02 6526.97 v _315582_/C (AO221x1_ASAP7_75t_R)
     2    1.58   13.56   24.35 6551.32 v _315582_/Y (AO221x1_ASAP7_75t_R)
                                         _072203_ (net)
                 13.56    0.06 6551.38 v _315605_/A1 (OA21x2_ASAP7_75t_R)
     1    1.23    7.51   18.46 6569.84 v _315605_/Y (OA21x2_ASAP7_75t_R)
                                         _072226_ (net)
                  7.51    0.06 6569.90 v _315606_/C (MAJx2_ASAP7_75t_R)
     1    1.21    8.96   19.74 6589.64 v _315606_/Y (MAJx2_ASAP7_75t_R)
                                         _072227_ (net)
                  8.96    0.06 6589.70 v _315607_/C (MAJx2_ASAP7_75t_R)
     3    2.48   12.50   22.32 6612.02 v _315607_/Y (MAJx2_ASAP7_75t_R)
                                         _072228_ (net)
                 12.51    0.10 6612.12 v _315626_/A (INVx1_ASAP7_75t_R)
     1    1.10   10.10    8.36 6620.48 ^ _315626_/Y (INVx1_ASAP7_75t_R)
                                         _072247_ (net)
                 10.10    0.03 6620.51 ^ _315637_/A (NAND2x1_ASAP7_75t_R)
     2    1.30    9.91    7.87 6628.38 v _315637_/Y (NAND2x1_ASAP7_75t_R)
                                         _072258_ (net)
                  9.92    0.05 6628.43 v _315638_/A2 (AO21x1_ASAP7_75t_R)
     1    0.45    6.88   14.05 6642.48 v _315638_/Y (AO21x1_ASAP7_75t_R)
                                         _072259_ (net)
                  6.88    0.01 6642.50 v _315639_/B (OA211x2_ASAP7_75t_R)
     1    0.60    9.03   24.48 6666.98 v _315639_/Y (OA211x2_ASAP7_75t_R)
                                         _072260_ (net)
                  9.03    0.02 6666.99 v _315641_/A2 (OA211x2_ASAP7_75t_R)
    19   15.51   48.11   42.23 6709.22 v _315641_/Y (OA211x2_ASAP7_75t_R)
                                         _072262_ (net)
                 48.14    0.66 6709.88 v _315643_/C (OR3x1_ASAP7_75t_R)
    12   11.62   65.49   53.29 6763.17 v _315643_/Y (OR3x1_ASAP7_75t_R)
                                         _072264_ (net)
                 65.49    0.24 6763.41 v _315699_/B (OR2x2_ASAP7_75t_R)
     7    8.83   29.69   39.21 6802.62 v _315699_/Y (OR2x2_ASAP7_75t_R)
                                         _072320_ (net)
                 29.70    0.32 6802.95 v _315701_/C (OA211x2_ASAP7_75t_R)
     1    0.71    9.44   33.91 6836.86 v _315701_/Y (OA211x2_ASAP7_75t_R)
                                         _072322_ (net)
                  9.44    0.03 6836.89 v _315702_/A2 (OA21x2_ASAP7_75t_R)
     3    3.66   14.36   21.38 6858.26 v _315702_/Y (OA21x2_ASAP7_75t_R)
                                         _072323_ (net)
                 14.48    0.74 6859.01 v _315703_/B (AND2x2_ASAP7_75t_R)
     1    1.12    7.65   16.49 6875.50 v _315703_/Y (AND2x2_ASAP7_75t_R)
                                         _072324_ (net)
                  7.65    0.04 6875.54 v _315704_/C (MAJx2_ASAP7_75t_R)
     1    1.11    9.00   19.61 6895.14 v _315704_/Y (MAJx2_ASAP7_75t_R)
                                         _072325_ (net)
                  9.01    0.04 6895.18 v _315705_/C (MAJx2_ASAP7_75t_R)
     1    1.19    9.46   20.10 6915.28 v _315705_/Y (MAJx2_ASAP7_75t_R)
                                         _072326_ (net)
                  9.46    0.05 6915.34 v _315706_/C (MAJx2_ASAP7_75t_R)
     1    1.16    8.78   20.18 6935.52 v _315706_/Y (MAJx2_ASAP7_75t_R)
                                         _072327_ (net)
                  8.79    0.05 6935.57 v _315707_/C (MAJx2_ASAP7_75t_R)
     1    1.13    9.00   19.94 6955.51 v _315707_/Y (MAJx2_ASAP7_75t_R)
                                         _072328_ (net)
                  9.00    0.04 6955.54 v _315708_/C (MAJx2_ASAP7_75t_R)
     1    1.10    8.98   19.96 6975.50 v _315708_/Y (MAJx2_ASAP7_75t_R)
                                         _072329_ (net)
                  8.98    0.03 6975.54 v _315709_/C (MAJx2_ASAP7_75t_R)
     1    1.10    8.70   19.96 6995.49 v _315709_/Y (MAJx2_ASAP7_75t_R)
                                         _072330_ (net)
                  8.70    0.03 6995.53 v _315710_/C (MAJx2_ASAP7_75t_R)
     1    1.13    8.69   19.91 7015.44 v _315710_/Y (MAJx2_ASAP7_75t_R)
                                         _072331_ (net)
                  8.69    0.04 7015.48 v _315711_/C (MAJx2_ASAP7_75t_R)
     1    1.20    8.99   20.04 7035.52 v _315711_/Y (MAJx2_ASAP7_75t_R)
                                         _072332_ (net)
                  9.00    0.06 7035.58 v _315712_/C (MAJx2_ASAP7_75t_R)
     1    0.72    8.33   19.28 7054.86 v _315712_/Y (MAJx2_ASAP7_75t_R)
                                         _072333_ (net)
                  8.33    0.02 7054.89 v _315713_/A (INVx1_ASAP7_75t_R)
     1    1.10    9.13    7.22 7062.11 ^ _315713_/Y (INVx1_ASAP7_75t_R)
                                         _072334_ (net)
                  9.13    0.03 7062.14 ^ _315714_/C (MAJx2_ASAP7_75t_R)
     2    2.00   11.05   19.03 7081.18 ^ _315714_/Y (MAJx2_ASAP7_75t_R)
                                         _072335_ (net)
                 11.05    0.04 7081.22 ^ _315737_/A1 (OA211x2_ASAP7_75t_R)
    39   35.52  120.49   62.31 7143.53 ^ _315737_/Y (OA211x2_ASAP7_75t_R)
                                         _072358_ (net)
                120.70    3.13 7146.66 ^ _315776_/A (INVx1_ASAP7_75t_R)
     8    7.70   66.50   47.02 7193.68 v _315776_/Y (INVx1_ASAP7_75t_R)
                                         _072397_ (net)
                 66.50    0.13 7193.81 v _315778_/A (AND2x2_ASAP7_75t_R)
     8   13.02   38.88   44.38 7238.20 v _315778_/Y (AND2x2_ASAP7_75t_R)
                                         _072399_ (net)
                 38.93    0.84 7239.04 v _315783_/A2 (AO32x1_ASAP7_75t_R)
     5    4.82   31.00   38.65 7277.69 v _315783_/Y (AO32x1_ASAP7_75t_R)
                                         _072404_ (net)
                 31.01    0.34 7278.03 v _315818_/B (MAJx2_ASAP7_75t_R)
     1    1.11    8.62   27.21 7305.24 v _315818_/Y (MAJx2_ASAP7_75t_R)
                                         _072439_ (net)
                  8.62    0.03 7305.27 v _315819_/C (MAJx2_ASAP7_75t_R)
     1    1.17    9.33   19.97 7325.25 v _315819_/Y (MAJx2_ASAP7_75t_R)
                                         _072440_ (net)
                  9.33    0.05 7325.30 v _315820_/C (MAJx2_ASAP7_75t_R)
     1    1.17    8.81   20.16 7345.46 v _315820_/Y (MAJx2_ASAP7_75t_R)
                                         _072441_ (net)
                  8.81    0.05 7345.51 v _315821_/C (MAJx2_ASAP7_75t_R)
     1    1.39    9.88   20.39 7365.90 v _315821_/Y (MAJx2_ASAP7_75t_R)
                                         _072442_ (net)
                  9.89    0.10 7366.00 v _315822_/C (MAJx2_ASAP7_75t_R)
     1    1.16    8.77   20.29 7386.29 v _315822_/Y (MAJx2_ASAP7_75t_R)
                                         _072443_ (net)
                  8.77    0.05 7386.33 v _315823_/C (MAJx2_ASAP7_75t_R)
     1    1.13    8.44   19.94 7406.27 v _315823_/Y (MAJx2_ASAP7_75t_R)
                                         _072444_ (net)
                  8.44    0.04 7406.31 v _315824_/C (MAJx2_ASAP7_75t_R)
     1    1.19    8.81   19.96 7426.27 v _315824_/Y (MAJx2_ASAP7_75t_R)
                                         _072445_ (net)
                  8.81    0.05 7426.33 v _315825_/C (MAJx2_ASAP7_75t_R)
     1    1.34    8.96   20.31 7446.63 v _315825_/Y (MAJx2_ASAP7_75t_R)
                                         _072446_ (net)
                  8.97    0.09 7446.73 v _315826_/C (MAJx2_ASAP7_75t_R)
     1    1.14    9.37   20.02 7466.74 v _315826_/Y (MAJx2_ASAP7_75t_R)
                                         _072447_ (net)
                  9.37    0.04 7466.78 v _315827_/C (MAJx2_ASAP7_75t_R)
     1    1.00    8.49   19.88 7486.67 v _315827_/Y (MAJx2_ASAP7_75t_R)
                                         _072448_ (net)
                  8.49    0.04 7486.71 v _315828_/B (XNOR2x2_ASAP7_75t_R)
     1    1.15    7.90   20.83 7507.54 ^ _315828_/Y (XNOR2x2_ASAP7_75t_R)
                                         _072449_ (net)
                  7.90    0.04 7507.58 ^ _315830_/A2 (OAI21x1_ASAP7_75t_R)
    14   15.66   78.54   36.03 7543.61 v _315830_/Y (OAI21x1_ASAP7_75t_R)
                                         _072451_ (net)
                 78.54    0.32 7543.93 v _315832_/D (AND4x1_ASAP7_75t_R)
     7    7.02   39.45   42.06 7585.99 v _315832_/Y (AND4x1_ASAP7_75t_R)
                                         _072453_ (net)
                 39.49    0.68 7586.67 v _315885_/A2 (OA21x2_ASAP7_75t_R)
     1    0.65    7.13   24.47 7611.14 v _315885_/Y (OA21x2_ASAP7_75t_R)
                                         _072506_ (net)
                  7.13    0.02 7611.16 v _315886_/B (AO21x1_ASAP7_75t_R)
     1    0.53    7.58   14.88 7626.04 v _315886_/Y (AO21x1_ASAP7_75t_R)
                                         _072507_ (net)
                  7.58    0.02 7626.06 v _315887_/B1 (AO32x1_ASAP7_75t_R)
     3    2.59   19.38   26.73 7652.79 v _315887_/Y (AO32x1_ASAP7_75t_R)
                                         _072508_ (net)
                 19.39    0.23 7653.02 v _315892_/B (AND2x2_ASAP7_75t_R)
     1    1.08    6.98   18.01 7671.03 v _315892_/Y (AND2x2_ASAP7_75t_R)
                                         _072513_ (net)
                  6.98    0.03 7671.06 v _315893_/C (MAJx2_ASAP7_75t_R)
     1    1.10    8.29   19.41 7690.47 v _315893_/Y (MAJx2_ASAP7_75t_R)
                                         _072514_ (net)
                  8.29    0.03 7690.51 v _315894_/C (MAJx2_ASAP7_75t_R)
     1    1.14    8.46   19.83 7710.33 v _315894_/Y (MAJx2_ASAP7_75t_R)
                                         _072515_ (net)
                  8.46    0.04 7710.38 v _315895_/C (MAJx2_ASAP7_75t_R)
     1    1.17    8.47   19.92 7730.30 v _315895_/Y (MAJx2_ASAP7_75t_R)
                                         _072516_ (net)
                  8.47    0.05 7730.35 v _315896_/C (MAJx2_ASAP7_75t_R)
     1    1.14    8.46   19.87 7750.22 v _315896_/Y (MAJx2_ASAP7_75t_R)
                                         _072517_ (net)
                  8.46    0.04 7750.26 v _315897_/C (MAJx2_ASAP7_75t_R)
     1    1.21    8.67   19.99 7770.25 v _315897_/Y (MAJx2_ASAP7_75t_R)
                                         _072518_ (net)
                  8.67    0.06 7770.31 v _315898_/C (MAJx2_ASAP7_75t_R)
     1    1.16    8.19   19.97 7790.27 v _315898_/Y (MAJx2_ASAP7_75t_R)
                                         _072519_ (net)
                  8.19    0.05 7790.32 v _315899_/C (MAJx2_ASAP7_75t_R)
     1    1.17    8.56   19.85 7810.17 v _315899_/Y (MAJx2_ASAP7_75t_R)
                                         _072520_ (net)
                  8.56    0.05 7810.21 v _315900_/C (MAJx2_ASAP7_75t_R)
     1    1.18    8.28   19.98 7830.19 v _315900_/Y (MAJx2_ASAP7_75t_R)
                                         _072521_ (net)
                  8.28    0.05 7830.24 v _315901_/C (MAJx2_ASAP7_75t_R)
     2    2.33   11.74   21.89 7852.13 v _315901_/Y (MAJx2_ASAP7_75t_R)
                                         _072522_ (net)
                 11.74    0.12 7852.25 v _315908_/C (MAJx2_ASAP7_75t_R)
     1    0.66    7.61   19.88 7872.13 v _315908_/Y (MAJx2_ASAP7_75t_R)
                                         _072529_ (net)
                  7.61    0.03 7872.16 v _315909_/B (AND2x2_ASAP7_75t_R)
     1    0.76    5.56   13.73 7885.88 v _315909_/Y (AND2x2_ASAP7_75t_R)
                                         _072530_ (net)
                  5.56    0.04 7885.92 v _315910_/D (OR4x1_ASAP7_75t_R)
     6    5.52   36.29   40.14 7926.06 v _315910_/Y (OR4x1_ASAP7_75t_R)
                                         _072531_ (net)
                 36.32    0.47 7926.53 v _315911_/B (AND2x2_ASAP7_75t_R)
    34   26.63   75.43   51.14 7977.66 v _315911_/Y (AND2x2_ASAP7_75t_R)
                                         _072532_ (net)
                 76.63    5.31 7982.97 v _315912_/B (NAND2x1_ASAP7_75t_R)
    19   19.53  134.38   79.81 8062.78 ^ _315912_/Y (NAND2x1_ASAP7_75t_R)
                                         _072533_ (net)
                134.87    4.73 8067.52 ^ _315937_/A2 (AO21x1_ASAP7_75t_R)
     2    2.26   18.57   30.14 8097.65 ^ _315937_/Y (AO21x1_ASAP7_75t_R)
                                         _072558_ (net)
                 18.59    0.33 8097.99 ^ _315938_/B (AND2x2_ASAP7_75t_R)
     2    2.39   13.11   19.92 8117.91 ^ _315938_/Y (AND2x2_ASAP7_75t_R)
                                         _072559_ (net)
                 13.11    0.06 8117.97 ^ _315966_/B (MAJx2_ASAP7_75t_R)
     1    1.17    9.56   20.16 8138.12 ^ _315966_/Y (MAJx2_ASAP7_75t_R)
                                         _072587_ (net)
                  9.56    0.05 8138.17 ^ _315967_/C (MAJx2_ASAP7_75t_R)
     1    1.12    9.51   17.56 8155.73 ^ _315967_/Y (MAJx2_ASAP7_75t_R)
                                         _072588_ (net)
                  9.51    0.04 8155.77 ^ _315968_/C (MAJx2_ASAP7_75t_R)
     1    1.16    9.56   17.63 8173.40 ^ _315968_/Y (MAJx2_ASAP7_75t_R)
                                         _072589_ (net)
                  9.56    0.05 8173.45 ^ _315969_/C (MAJx2_ASAP7_75t_R)
     1    1.08    9.27   17.50 8190.95 ^ _315969_/Y (MAJx2_ASAP7_75t_R)
                                         _072590_ (net)
                  9.27    0.03 8190.98 ^ _315970_/C (MAJx2_ASAP7_75t_R)
     1    1.10    8.64   17.46 8208.44 ^ _315970_/Y (MAJx2_ASAP7_75t_R)
                                         _072591_ (net)
                  8.64    0.03 8208.48 ^ _315971_/C (MAJx2_ASAP7_75t_R)
     1    1.11    9.39   17.35 8225.83 ^ _315971_/Y (MAJx2_ASAP7_75t_R)
                                         _072592_ (net)
                  9.40    0.04 8225.86 ^ _315972_/C (MAJx2_ASAP7_75t_R)
     1    0.75    7.80   16.88 8242.74 ^ _315972_/Y (MAJx2_ASAP7_75t_R)
                                         _072593_ (net)
                  7.81    0.03 8242.77 ^ _315973_/A (INVx1_ASAP7_75t_R)
     1    1.13    7.85    6.43 8249.19 v _315973_/Y (INVx1_ASAP7_75t_R)
                                         _072594_ (net)
                  7.85    0.04 8249.23 v _315974_/C (MAJx2_ASAP7_75t_R)
     1    0.74    7.56   19.00 8268.24 v _315974_/Y (MAJx2_ASAP7_75t_R)
                                         _072595_ (net)
                  7.56    0.03 8268.26 v _315975_/A (INVx1_ASAP7_75t_R)
     2    1.84   13.29    9.01 8277.27 ^ _315975_/Y (INVx1_ASAP7_75t_R)
                                         _072596_ (net)
                 13.29    0.05 8277.32 ^ _315976_/B (AO21x1_ASAP7_75t_R)
     1    1.17   10.32   13.84 8291.16 ^ _315976_/Y (AO21x1_ASAP7_75t_R)
                                         _072597_ (net)
                 10.32    0.05 8291.21 ^ _315977_/C (MAJx2_ASAP7_75t_R)
     1    0.78    8.13   17.11 8308.32 ^ _315977_/Y (MAJx2_ASAP7_75t_R)
                                         _072598_ (net)
                  8.13    0.04 8308.35 ^ _315980_/A2 (AO21x1_ASAP7_75t_R)
     3    1.93   14.75   16.87 8325.23 ^ _315980_/Y (AO21x1_ASAP7_75t_R)
                                         _072601_ (net)
                 14.75    0.05 8325.28 ^ _315984_/B (AND2x2_ASAP7_75t_R)
    33   30.45  101.57   53.96 8379.24 ^ _315984_/Y (AND2x2_ASAP7_75t_R)
                                         _072605_ (net)
                101.64    1.72 8380.97 ^ _315985_/A (INVx1_ASAP7_75t_R)
     9    7.50   60.65   43.64 8424.60 v _315985_/Y (INVx1_ASAP7_75t_R)
                                         _072606_ (net)
                 60.65    0.20 8424.81 v _315986_/C (AND3x1_ASAP7_75t_R)
    18   16.72   91.87   58.66 8483.47 v _315986_/Y (AND3x1_ASAP7_75t_R)
                                         _072607_ (net)
                 91.88    0.29 8483.76 v _316006_/A2 (OA21x2_ASAP7_75t_R)
     1    0.66    8.87   32.68 8516.44 v _316006_/Y (OA21x2_ASAP7_75t_R)
                                         _072627_ (net)
                  8.87    0.02 8516.46 v _316007_/B (AO21x1_ASAP7_75t_R)
     1    1.37   12.19   17.81 8534.26 v _316007_/Y (AO21x1_ASAP7_75t_R)
                                         _072628_ (net)
                 12.19    0.05 8534.31 v _316008_/A2 (AOI22x1_ASAP7_75t_R)
     2    2.18   30.93   14.24 8548.55 ^ _316008_/Y (AOI22x1_ASAP7_75t_R)
                                         _072629_ (net)
                 30.94    0.21 8548.76 ^ _316009_/B (XNOR2x2_ASAP7_75t_R)
     1    1.13    8.20   28.54 8577.30 v _316009_/Y (XNOR2x2_ASAP7_75t_R)
                                         _072630_ (net)
                  8.20    0.04 8577.35 v _316010_/C (AOI211x1_ASAP7_75t_R)
     2    2.13   26.99   14.97 8592.32 ^ _316010_/Y (AOI211x1_ASAP7_75t_R)
                                         _072631_ (net)
                 26.99    0.07 8592.39 ^ _316060_/A1 (AOI22x1_ASAP7_75t_R)
     1    1.09   15.01    9.63 8602.02 v _316060_/Y (AOI22x1_ASAP7_75t_R)
                                         _072681_ (net)
                 15.01    0.03 8602.05 v _316061_/C (MAJx2_ASAP7_75t_R)
     1    1.18    8.63   21.59 8623.64 v _316061_/Y (MAJx2_ASAP7_75t_R)
                                         _072682_ (net)
                  8.63    0.05 8623.69 v _316062_/C (MAJx2_ASAP7_75t_R)
     2    2.25   11.34   21.85 8645.54 v _316062_/Y (MAJx2_ASAP7_75t_R)
                                         _072683_ (net)
                 11.34    0.08 8645.62 v _316063_/C (MAJx2_ASAP7_75t_R)
     1    0.68    7.49   19.82 8665.43 v _316063_/Y (MAJx2_ASAP7_75t_R)
                                         _072684_ (net)
                  7.49    0.03 8665.46 v _316068_/B (OR3x1_ASAP7_75t_R)
     1    1.39   11.92   22.12 8687.58 v _316068_/Y (OR3x1_ASAP7_75t_R)
                                         _072689_ (net)
                 11.92    0.05 8687.63 v _316071_/B (NAND3x1_ASAP7_75t_R)
    21   18.13  122.72   57.30 8744.93 ^ _316071_/Y (NAND3x1_ASAP7_75t_R)
                                         _072692_ (net)
                122.75    1.26 8746.19 ^ _316079_/A2 (OAI21x1_ASAP7_75t_R)
     2    1.38   29.08   16.51 8762.70 v _316079_/Y (OAI21x1_ASAP7_75t_R)
                                         _072700_ (net)
                 29.08    0.04 8762.74 v _316082_/A1 (AO21x1_ASAP7_75t_R)
    11   10.20   56.32   43.37 8806.11 v _316082_/Y (AO21x1_ASAP7_75t_R)
                                         _072703_ (net)
                 56.38    1.09 8807.20 v _316087_/B1 (AO32x1_ASAP7_75t_R)
     3    2.46   18.48   38.95 8846.15 v _316087_/Y (AO32x1_ASAP7_75t_R)
                                         _072708_ (net)
                 18.49    0.24 8846.39 v _316124_/B (AND2x2_ASAP7_75t_R)
     1    1.13    7.03   17.80 8864.19 v _316124_/Y (AND2x2_ASAP7_75t_R)
                                         _072745_ (net)
                  7.03    0.04 8864.23 v _316125_/C (MAJx2_ASAP7_75t_R)
     1    1.16    8.58   19.51 8883.74 v _316125_/Y (MAJx2_ASAP7_75t_R)
                                         _072746_ (net)
                  8.58    0.05 8883.79 v _316126_/C (MAJx2_ASAP7_75t_R)
     1    1.26    8.77   20.12 8903.90 v _316126_/Y (MAJx2_ASAP7_75t_R)
                                         _072747_ (net)
                  8.78    0.07 8903.98 v _316127_/C (MAJx2_ASAP7_75t_R)
     1    1.22    8.62   20.09 8924.07 v _316127_/Y (MAJx2_ASAP7_75t_R)
                                         _072748_ (net)
                  8.62    0.06 8924.13 v _316128_/C (MAJx2_ASAP7_75t_R)
     1    1.17    8.65   19.97 8944.10 v _316128_/Y (MAJx2_ASAP7_75t_R)
                                         _072749_ (net)
                  8.65    0.05 8944.15 v _316129_/C (MAJx2_ASAP7_75t_R)
     1    1.26    8.83   20.13 8964.28 v _316129_/Y (MAJx2_ASAP7_75t_R)
                                         _072750_ (net)
                  8.83    0.07 8964.35 v _316130_/C (MAJx2_ASAP7_75t_R)
     1    1.13    8.43   19.95 8984.30 v _316130_/Y (MAJx2_ASAP7_75t_R)
                                         _072751_ (net)
                  8.43    0.04 8984.34 v _316131_/C (MAJx2_ASAP7_75t_R)
     1    1.10    8.46   19.80 9004.14 v _316131_/Y (MAJx2_ASAP7_75t_R)
                                         _072752_ (net)
                  8.46    0.03 9004.17 v _316132_/C (MAJx2_ASAP7_75t_R)
     1    1.18    8.41   19.94 9024.11 v _316132_/Y (MAJx2_ASAP7_75t_R)
                                         _072753_ (net)
                  8.41    0.05 9024.16 v _316133_/C (MAJx2_ASAP7_75t_R)
     2    2.00   10.96   21.35 9045.51 v _316133_/Y (MAJx2_ASAP7_75t_R)
                                         _072754_ (net)
                 10.96    0.09 9045.60 v _316134_/B (AO21x1_ASAP7_75t_R)
     1    1.23    9.60   17.81 9063.41 v _316134_/Y (AO21x1_ASAP7_75t_R)
                                         _072755_ (net)
                  9.60    0.06 9063.47 v _316135_/C (MAJx2_ASAP7_75t_R)
     1    0.68    7.67   19.38 9082.85 v _316135_/Y (MAJx2_ASAP7_75t_R)
                                         _072756_ (net)
                  7.67    0.02 9082.87 v _316144_/A1 (AO21x1_ASAP7_75t_R)
     4    2.70   16.89   20.52 9103.39 v _316144_/Y (AO21x1_ASAP7_75t_R)
                                         _072765_ (net)
                 16.89    0.07 9103.46 v _316347_/A2 (AO21x1_ASAP7_75t_R)
     6    6.05   35.57   29.60 9133.06 v _316347_/Y (AO21x1_ASAP7_75t_R)
                                         _072968_ (net)
                 35.58    0.28 9133.34 v _316364_/A2 (AO21x1_ASAP7_75t_R)
     8    9.54   53.26   41.40 9174.75 v _316364_/Y (AO21x1_ASAP7_75t_R)
                                         _072985_ (net)
                 53.37    1.42 9176.17 v _316394_/B1 (AO32x1_ASAP7_75t_R)
     2    2.93   20.23   39.54 9215.71 v _316394_/Y (AO32x1_ASAP7_75t_R)
                                         _073015_ (net)
                 20.29    0.57 9216.28 v _316395_/B (AND2x2_ASAP7_75t_R)
     1    1.13    7.59   18.35 9234.63 v _316395_/Y (AND2x2_ASAP7_75t_R)
                                         _073016_ (net)
                  7.59    0.04 9234.67 v _316396_/C (MAJx2_ASAP7_75t_R)
     1    1.20    8.56   19.73 9254.40 v _316396_/Y (MAJx2_ASAP7_75t_R)
                                         _073017_ (net)
                  8.56    0.06 9254.46 v _316397_/C (MAJx2_ASAP7_75t_R)
     1    1.24    8.66   20.06 9274.52 v _316397_/Y (MAJx2_ASAP7_75t_R)
                                         _073018_ (net)
                  8.66    0.06 9274.59 v _316398_/C (MAJx2_ASAP7_75t_R)
     1    1.15    8.40   19.95 9294.54 v _316398_/Y (MAJx2_ASAP7_75t_R)
                                         _073019_ (net)
                  8.40    0.05 9294.58 v _316399_/C (MAJx2_ASAP7_75t_R)
     1    1.30    9.17   20.14 9314.72 v _316399_/Y (MAJx2_ASAP7_75t_R)
                                         _073020_ (net)
                  9.18    0.08 9314.80 v _316400_/C (MAJx2_ASAP7_75t_R)
     1    1.13    8.65   20.05 9334.85 v _316400_/Y (MAJx2_ASAP7_75t_R)
                                         _073021_ (net)
                  8.65    0.04 9334.89 v _316401_/C (MAJx2_ASAP7_75t_R)
     1    1.15    8.37   19.94 9354.83 v _316401_/Y (MAJx2_ASAP7_75t_R)
                                         _073022_ (net)
                  8.37    0.04 9354.87 v _316402_/C (MAJx2_ASAP7_75t_R)
     1    1.15    9.19   19.86 9374.74 v _316402_/Y (MAJx2_ASAP7_75t_R)
                                         _073023_ (net)
                  9.19    0.04 9374.78 v _316403_/C (MAJx2_ASAP7_75t_R)
     1    1.18    8.55   20.15 9394.93 v _316403_/Y (MAJx2_ASAP7_75t_R)
                                         _073024_ (net)
                  8.55    0.05 9394.98 v _316404_/C (MAJx2_ASAP7_75t_R)
     2    2.28   11.78   21.89 9416.87 v _316404_/Y (MAJx2_ASAP7_75t_R)
                                         _073025_ (net)
                 11.79    0.10 9416.96 v _316424_/C (MAJx2_ASAP7_75t_R)
     1    1.00    8.27   20.48 9437.44 v _316424_/Y (MAJx2_ASAP7_75t_R)
                                         _073045_ (net)
                  8.27    0.03 9437.47 v _316425_/B (AOI211x1_ASAP7_75t_R)
     1    1.06   16.68   11.42 9448.89 ^ _316425_/Y (AOI211x1_ASAP7_75t_R)
                                         _073046_ (net)
                 16.68    0.05 9448.94 ^ _316431_/B (AOI211x1_ASAP7_75t_R)
     1    1.51   23.12   11.86 9460.80 v _316431_/Y (AOI211x1_ASAP7_75t_R)
                                         _073052_ (net)
                 23.12    0.20 9461.00 v place21759/A (BUFx3_ASAP7_75t_R)
    36   34.25   70.65   29.25 9490.25 v place21759/Y (BUFx3_ASAP7_75t_R)
                                         net21317 (net)
                 86.80   18.07 9508.32 v _316514_/A (OR4x1_ASAP7_75t_R)
     1    0.81   11.61   38.99 9547.31 v _316514_/Y (OR4x1_ASAP7_75t_R)
                                         _073135_ (net)
                 11.61    0.04 9547.35 v _316515_/A (INVx1_ASAP7_75t_R)
     1    2.25   16.49   11.28 9558.63 ^ _316515_/Y (INVx1_ASAP7_75t_R)
                                         _073136_ (net)
                 16.53    0.47 9559.10 ^ _316517_/A2 (OA21x2_ASAP7_75t_R)
     3    5.23   22.71   23.64 9582.74 ^ _316517_/Y (OA21x2_ASAP7_75t_R)
                                         _073138_ (net)
                 23.35    2.07 9584.81 ^ _316541_/A (NOR2x1_ASAP7_75t_R)
     3    2.76   21.24   17.33 9602.14 v _316541_/Y (NOR2x1_ASAP7_75t_R)
                                         _073162_ (net)
                 21.24    0.06 9602.21 v _316542_/D (OR4x1_ASAP7_75t_R)
     2    4.89   33.51   40.22 9642.43 v _316542_/Y (OR4x1_ASAP7_75t_R)
                                         _073163_ (net)
                 33.84    1.86 9644.28 v _321045_/A (INVx1_ASAP7_75t_R)
     1    0.77   12.70   10.91 9655.19 ^ _321045_/Y (INVx1_ASAP7_75t_R)
                                         _077491_ (net)
                 12.70    0.03 9655.22 ^ place21620/A (BUFx3_ASAP7_75t_R)
    34   38.09   88.54   39.75 9694.97 ^ place21620/Y (BUFx3_ASAP7_75t_R)
                                         net21178 (net)
                 94.37   12.14 9707.11 ^ _321049_/A3 (AO32x1_ASAP7_75t_R)
     1    9.19   64.03   46.43 9753.54 ^ _321049_/Y (AO32x1_ASAP7_75t_R)
                                         u_lsu.dmem_req_addr[3] (net)
                 67.29    7.72 9761.26 ^ output161/A (BUFx2_ASAP7_75t_R)
     1    2.50   12.31   25.79 9787.05 ^ output161/Y (BUFx2_ASAP7_75t_R)
                                         dmem_req_addr[3] (net)
                 12.33    0.27 9787.32 ^ dmem_req_addr[3] (out)
                               9787.32   data arrival time

                  0.00 12000.00 12000.00   clock core_clk (rise edge)
                          0.00 12000.00   clock network delay (ideal)
                        -50.00 11950.00   clock uncertainty
                          0.00 11950.00   clock reconvergence pessimism
                       -2400.00 9550.00   output external delay
                               9550.00   data required time
-----------------------------------------------------------------------------
                               9550.00   data required time
                               -9787.32   data arrival time
-----------------------------------------------------------------------------
                               -237.32   slack (VIOLATED)


Startpoint: dmem_rsp_valid (input port clocked by core_clk)
Endpoint: _395932_ (rising edge-triggered flip-flop clocked by core_clk)
Path Group: in2reg
Path Type: max

Fanout     Cap    Slew   Delay    Time   Description
-----------------------------------------------------------------------------
                  0.00    0.00    0.00   clock core_clk (rise edge)
                          0.00    0.00   clock network delay (ideal)
                       2400.00 2400.00 ^ input external delay
     1    8.07   20.00    0.00 2400.00 ^ dmem_rsp_valid (in)
                                         dmem_rsp_valid (net)
                 33.52    4.26 2404.26 ^ input66/A (BUFx2_ASAP7_75t_R)
     2   11.66   41.99   30.36 2434.63 ^ input66/Y (BUFx2_ASAP7_75t_R)
                                         net66 (net)
                 46.05    6.87 2441.50 ^ _196676_/A (INVx11_ASAP7_75t_R)
     2    1.53    8.72    6.40 2447.90 v _196676_/Y (INVx11_ASAP7_75t_R)
                                         _132950_ (net)
                  8.72    0.06 2447.96 v _196677_/B (OR3x2_ASAP7_75t_R)
     2    5.71   22.92   31.16 2479.12 v _196677_/Y (OR3x2_ASAP7_75t_R)
                                         _132951_ (net)
                 23.98    2.66 2481.78 v place32304/A (BUFx6f_ASAP7_75t_R)
     6   14.14   15.71   19.20 2500.98 v place32304/Y (BUFx6f_ASAP7_75t_R)
                                         net31862 (net)
                 43.14   12.90 2513.88 v place32303/A (BUFx3_ASAP7_75t_R)
     2    1.38    7.07   21.88 2535.76 v place32303/Y (BUFx3_ASAP7_75t_R)
                                         net31861 (net)
                  7.07    0.04 2535.80 v _196935_/B (OA21x2_ASAP7_75t_R)
     2    1.71   10.07   13.53 2549.33 v _196935_/Y (OA21x2_ASAP7_75t_R)
                                         _133209_ (net)
                 10.07    0.07 2549.40 v _196967_/B (AO21x1_ASAP7_75t_R)
     2    1.48   11.38   18.39 2567.80 v _196967_/Y (AO21x1_ASAP7_75t_R)
                                         _133241_ (net)
                 11.38    0.06 2567.85 v _211353_/B (AO21x1_ASAP7_75t_R)
     3    2.63   17.31   21.66 2589.51 v _211353_/Y (AO21x1_ASAP7_75t_R)
                                         _147594_ (net)
                 17.32    0.09 2589.61 v _211355_/B1 (AOI22x1_ASAP7_75t_R)
     1    0.94   17.00   12.71 2602.32 ^ _211355_/Y (AOI22x1_ASAP7_75t_R)
                                         _147596_ (net)
                 17.00    0.07 2602.39 ^ _211356_/E (AND5x1_ASAP7_75t_R)
     1    2.78   24.01   36.20 2638.60 ^ _211356_/Y (AND5x1_ASAP7_75t_R)
                                         _147597_ (net)
                 24.06    0.61 2639.21 ^ place30868/A (BUFx6f_ASAP7_75t_R)
     4    8.34   12.84   17.96 2657.17 ^ place30868/Y (BUFx6f_ASAP7_75t_R)
                                         net30426 (net)
                 17.35    3.88 2661.05 ^ _211386_/B1 (AO221x1_ASAP7_75t_R)
     2    2.50   20.77   26.13 2687.18 ^ _211386_/Y (AO221x1_ASAP7_75t_R)
                                         _147627_ (net)
                 20.78    0.18 2687.36 ^ place30334/A (BUFx3_ASAP7_75t_R)
     4    7.92   20.77   21.26 2708.62 ^ place30334/Y (BUFx3_ASAP7_75t_R)
                                         net29892 (net)
                 22.65    3.30 2711.91 ^ place30332/A (BUFx6f_ASAP7_75t_R)
     4    4.83    8.99   16.68 2728.60 ^ place30332/Y (BUFx6f_ASAP7_75t_R)
                                         net29890 (net)
                  9.26    0.82 2729.42 ^ place30331/A (BUFx3_ASAP7_75t_R)
     5    5.97   15.54   17.35 2746.77 ^ place30331/Y (BUFx3_ASAP7_75t_R)
                                         net29889 (net)
                 15.77    1.03 2747.81 ^ _212091_/B2 (AO32x1_ASAP7_75t_R)
     2    1.44   14.06   21.33 2769.13 ^ _212091_/Y (AO32x1_ASAP7_75t_R)
                                         _148332_ (net)
                 14.06    0.09 2769.22 ^ _212137_/C (OA211x2_ASAP7_75t_R)
     2    1.53   10.94   21.68 2790.90 ^ _212137_/Y (OA211x2_ASAP7_75t_R)
                                         _148378_ (net)
                 10.95    0.09 2790.99 ^ _212364_/A (AND4x1_ASAP7_75t_R)
     1    1.74   16.64   24.27 2815.26 ^ _212364_/Y (AND4x1_ASAP7_75t_R)
                                         _148605_ (net)
                 16.64    0.16 2815.41 ^ place29490/A (BUFx6f_ASAP7_75t_R)
     3    5.30    9.53   15.20 2830.62 ^ place29490/Y (BUFx6f_ASAP7_75t_R)
                                         net29048 (net)
                 11.41    2.18 2832.80 ^ _212365_/C (AND3x1_ASAP7_75t_R)
     2    7.38   50.80   35.55 2868.35 ^ _212365_/Y (AND3x1_ASAP7_75t_R)
                                         _148606_ (net)
                 52.25    4.70 2873.05 ^ _217083_/A (AND3x4_ASAP7_75t_R)
    11   10.22   24.89   34.23 2907.28 ^ _217083_/Y (AND3x4_ASAP7_75t_R)
                                         _153324_ (net)
                 25.94    2.77 2910.05 ^ place28993/A (BUFx3_ASAP7_75t_R)
     7   19.90   47.62   26.12 2936.17 ^ place28993/Y (BUFx3_ASAP7_75t_R)
                                         net28551 (net)
                 47.66    0.89 2937.06 ^ _217117_/A (OR2x2_ASAP7_75t_R)
     2    1.56    9.24   24.32 2961.38 ^ _217117_/Y (OR2x2_ASAP7_75t_R)
                                         _153358_ (net)
                  9.24    0.08 2961.46 ^ _217215_/A (OR3x1_ASAP7_75t_R)
     2    1.95   14.26   14.61 2976.06 ^ _217215_/Y (OR3x1_ASAP7_75t_R)
                                         _153456_ (net)
                 14.26    0.12 2976.18 ^ _217218_/A2 (AOI211x1_ASAP7_75t_R)
     2    1.90   26.89   19.15 2995.34 v _217218_/Y (AOI211x1_ASAP7_75t_R)
                                         _153459_ (net)
                 26.89    0.08 2995.42 v _217279_/A2 (OA21x2_ASAP7_75t_R)
     2    1.90    9.77   23.63 3019.05 v _217279_/Y (OA21x2_ASAP7_75t_R)
                                         _153520_ (net)
                  9.78    0.16 3019.22 v _217284_/A2 (OA211x2_ASAP7_75t_R)
     3    2.28   14.38   25.07 3044.29 v _217284_/Y (OA211x2_ASAP7_75t_R)
                                         _153525_ (net)
                 14.38    0.15 3044.43 v _217285_/E (OR5x1_ASAP7_75t_R)
     2    2.11   19.11   38.50 3082.93 v _217285_/Y (OR5x1_ASAP7_75t_R)
                                         _153526_ (net)
                 19.11    0.10 3083.03 v _217286_/B (MAJx2_ASAP7_75t_R)
     8    6.26   21.50   31.69 3114.72 v _217286_/Y (MAJx2_ASAP7_75t_R)
                                         _153527_ (net)
                 21.54    0.55 3115.27 v _217359_/A (INVx1_ASAP7_75t_R)
     3    1.86   16.59   13.17 3128.45 ^ _217359_/Y (INVx1_ASAP7_75t_R)
                                         _153600_ (net)
                 16.59    0.04 3128.49 ^ _217379_/A2 (AO221x1_ASAP7_75t_R)
     1    1.43   13.87   24.46 3152.95 ^ _217379_/Y (AO221x1_ASAP7_75t_R)
                                         _153620_ (net)
                 13.88    0.13 3153.08 ^ _217380_/E (AND5x2_ASAP7_75t_R)
     3    2.86   16.14   32.52 3185.60 ^ _217380_/Y (AND5x2_ASAP7_75t_R)
                                         _153621_ (net)
                 16.17    0.34 3185.94 ^ _217382_/A (OR3x2_ASAP7_75t_R)
     4    4.11   15.45   18.54 3204.48 ^ _217382_/Y (OR3x2_ASAP7_75t_R)
                                         _153623_ (net)
                 15.45    0.10 3204.58 ^ _217383_/B (OA21x2_ASAP7_75t_R)
     1    1.19    8.57   17.66 3222.24 ^ _217383_/Y (OA21x2_ASAP7_75t_R)
                                         _153624_ (net)
                  8.57    0.07 3222.30 ^ _217384_/B (XNOR2x2_ASAP7_75t_R)
     1    1.09    9.17   24.78 3247.08 v _217384_/Y (XNOR2x2_ASAP7_75t_R)
                                         _153625_ (net)
                  9.17    0.05 3247.14 v _217396_/B (AOI211x1_ASAP7_75t_R)
     2    2.15   25.42   15.76 3262.89 ^ _217396_/Y (AOI211x1_ASAP7_75t_R)
                                         _153637_ (net)
                 25.42    0.16 3263.05 ^ _217397_/B (XOR2x2_ASAP7_75t_R)
     4    4.00   15.69   27.40 3290.46 v _217397_/Y (XOR2x2_ASAP7_75t_R)
                                         _153638_ (net)
                 15.72    0.37 3290.82 v _217485_/A1 (AO21x1_ASAP7_75t_R)
     1    1.25    9.89   18.96 3309.78 v _217485_/Y (AO21x1_ASAP7_75t_R)
                                         _153726_ (net)
                  9.90    0.14 3309.91 v _217488_/A1 (AO21x1_ASAP7_75t_R)
     9    6.49   36.18   30.17 3340.09 v _217488_/Y (AO21x1_ASAP7_75t_R)
                                         _153729_ (net)
                 36.19    0.27 3340.35 v _217532_/A2 (OA211x2_ASAP7_75t_R)
     1    1.21   10.46   30.72 3371.08 v _217532_/Y (OA211x2_ASAP7_75t_R)
                                         _153773_ (net)
                 10.46    0.07 3371.15 v _217533_/A (XOR2x2_ASAP7_75t_R)
     2    1.95    9.88   21.31 3392.46 v _217533_/Y (XOR2x2_ASAP7_75t_R)
                                         _153774_ (net)
                  9.88    0.08 3392.54 v _217545_/C (MAJx2_ASAP7_75t_R)
     2    1.50    9.02   20.88 3413.42 v _217545_/Y (MAJx2_ASAP7_75t_R)
                                         _153786_ (net)
                  9.02    0.07 3413.49 v _217561_/B2 (AO32x1_ASAP7_75t_R)
     1    1.21   12.54   23.76 3437.25 v _217561_/Y (AO32x1_ASAP7_75t_R)
                                         _153802_ (net)
                 12.54    0.06 3437.30 v _217562_/C (MAJx2_ASAP7_75t_R)
     4    3.02   15.17   24.14 3461.44 v _217562_/Y (MAJx2_ASAP7_75t_R)
                                         _153803_ (net)
                 15.17    0.13 3461.57 v _217577_/A2 (OA21x2_ASAP7_75t_R)
     4    3.78   14.43   23.40 3484.97 v _217577_/Y (OA21x2_ASAP7_75t_R)
                                         _153818_ (net)
                 14.45    0.33 3485.30 v _217617_/A1 (OA211x2_ASAP7_75t_R)
     1    0.97   12.07   23.42 3508.72 v _217617_/Y (OA211x2_ASAP7_75t_R)
                                         _153858_ (net)
                 12.07    0.07 3508.79 v _217618_/A (OR4x1_ASAP7_75t_R)
     1    1.18   12.54   25.12 3533.91 v _217618_/Y (OR4x1_ASAP7_75t_R)
                                         _153859_ (net)
                 12.54    0.11 3534.03 v _217619_/A (MAJx2_ASAP7_75t_R)
     1    1.65    9.80   21.32 3555.35 v _217619_/Y (MAJx2_ASAP7_75t_R)
                                         _153860_ (net)
                  9.80    0.13 3555.47 v _217622_/A2 (AOI22x1_ASAP7_75t_R)
     1    1.64   26.84   12.13 3567.60 ^ _217622_/Y (AOI22x1_ASAP7_75t_R)
                                         _153863_ (net)
                 26.84    0.15 3567.75 ^ _217623_/B (AOI21x1_ASAP7_75t_R)
     2    2.16   18.45   13.13 3580.88 v _217623_/Y (AOI21x1_ASAP7_75t_R)
                                         _153864_ (net)
                 18.45    0.09 3580.96 v _217624_/B (MAJx2_ASAP7_75t_R)
     3    2.21   13.42   25.74 3606.70 v _217624_/Y (MAJx2_ASAP7_75t_R)
                                         _153865_ (net)
                 13.43    0.15 3606.85 v _217669_/A3 (AO32x1_ASAP7_75t_R)
     2    1.75   13.85   27.12 3633.97 v _217669_/Y (AO32x1_ASAP7_75t_R)
                                         _153910_ (net)
                 13.86    0.11 3634.08 v _217723_/B (OR3x1_ASAP7_75t_R)
     2    1.56   12.81   24.01 3658.09 v _217723_/Y (OR3x1_ASAP7_75t_R)
                                         _153964_ (net)
                 12.81    0.05 3658.14 v _217732_/C (AO221x1_ASAP7_75t_R)
     1    1.54   14.84   25.57 3683.71 v _217732_/Y (AO221x1_ASAP7_75t_R)
                                         _153973_ (net)
                 14.84    0.07 3683.78 v _217733_/A (NAND3x1_ASAP7_75t_R)
     2    1.70   35.48   13.01 3696.80 ^ _217733_/Y (NAND3x1_ASAP7_75t_R)
                                         _153974_ (net)
                 35.48    0.11 3696.91 ^ _217734_/A (MAJx2_ASAP7_75t_R)
     2    2.42   12.62   26.03 3722.93 ^ _217734_/Y (MAJx2_ASAP7_75t_R)
                                         _153975_ (net)
                 12.63    0.09 3723.03 ^ _217735_/B (MAJx2_ASAP7_75t_R)
     2    2.07   13.17   21.59 3744.61 ^ _217735_/Y (MAJx2_ASAP7_75t_R)
                                         _153976_ (net)
                 13.17    0.14 3744.75 ^ _217740_/C (MAJx2_ASAP7_75t_R)
     4    3.57   17.03   22.37 3767.12 ^ _217740_/Y (MAJx2_ASAP7_75t_R)
                                         _153981_ (net)
                 17.06    0.33 3767.46 ^ _217741_/B1 (AO221x1_ASAP7_75t_R)
     2    1.95   16.93   24.40 3791.86 ^ _217741_/Y (AO221x1_ASAP7_75t_R)
                                         _153982_ (net)
                 16.93    0.12 3791.97 ^ _217755_/A3 (AO31x2_ASAP7_75t_R)
     9    7.50   27.89   26.55 3818.52 ^ _217755_/Y (AO31x2_ASAP7_75t_R)
                                         _153996_ (net)
                 27.92    0.63 3819.15 ^ _217807_/B (AND3x1_ASAP7_75t_R)
     1    1.15   11.88   22.21 3841.36 ^ _217807_/Y (AND3x1_ASAP7_75t_R)
                                         _154048_ (net)
                 11.88    0.06 3841.42 ^ _217808_/B (XNOR2x2_ASAP7_75t_R)
     3    2.01   10.09   27.10 3868.52 v _217808_/Y (XNOR2x2_ASAP7_75t_R)
                                         _154049_ (net)
                 10.09    0.08 3868.60 v _217809_/B (OR2x2_ASAP7_75t_R)
     2    1.95   11.08   18.58 3887.18 v _217809_/Y (OR2x2_ASAP7_75t_R)
                                         _154050_ (net)
                 11.08    0.07 3887.25 v _217817_/A2 (AO211x2_ASAP7_75t_R)
     1    0.78    6.16   17.27 3904.52 v _217817_/Y (AO211x2_ASAP7_75t_R)
                                         _154058_ (net)
                  6.16    0.04 3904.56 v _217818_/A1 (AO32x2_ASAP7_75t_R)
     4    4.44   20.20   29.56 3934.13 v _217818_/Y (AO32x2_ASAP7_75t_R)
                                         _154059_ (net)
                 20.23    0.37 3934.50 v _217850_/A3 (AO31x2_ASAP7_75t_R)
     4    2.98   10.84   20.75 3955.26 v _217850_/Y (AO31x2_ASAP7_75t_R)
                                         _154091_ (net)
                 10.84    0.09 3955.35 v _217853_/B1 (AOI22x1_ASAP7_75t_R)
     9    7.21   49.92   27.15 3982.49 ^ _217853_/Y (AOI22x1_ASAP7_75t_R)
                                         _154094_ (net)
                 49.93    0.46 3982.95 ^ _217888_/A (AND2x2_ASAP7_75t_R)
     1    1.27    8.63   20.41 4003.35 ^ _217888_/Y (AND2x2_ASAP7_75t_R)
                                         _154129_ (net)
                  8.63    0.08 4003.44 ^ _217889_/B (XNOR2x2_ASAP7_75t_R)
     3    2.13   10.42   26.64 4030.08 v _217889_/Y (XNOR2x2_ASAP7_75t_R)
                                         _154130_ (net)
                 10.42    0.10 4030.17 v _217890_/B (OR2x2_ASAP7_75t_R)
     4    3.23   14.44   20.75 4050.93 v _217890_/Y (OR2x2_ASAP7_75t_R)
                                         _154131_ (net)
                 14.45    0.09 4051.01 v _217897_/A1 (AO21x1_ASAP7_75t_R)
     2    1.56   11.38   19.51 4070.52 v _217897_/Y (AO21x1_ASAP7_75t_R)
                                         _154138_ (net)
                 11.38    0.10 4070.62 v _217898_/B (AND2x2_ASAP7_75t_R)
     2    1.42    7.17   15.96 4086.58 v _217898_/Y (AND2x2_ASAP7_75t_R)
                                         _154139_ (net)
                  7.18    0.07 4086.64 v _217959_/A2 (OA211x2_ASAP7_75t_R)
     1    0.88    9.65   21.73 4108.38 v _217959_/Y (OA211x2_ASAP7_75t_R)
                                         _154200_ (net)
                  9.65    0.06 4108.43 v _217960_/A1 (OA21x2_ASAP7_75t_R)
     3    2.15   10.00   19.16 4127.60 v _217960_/Y (OA21x2_ASAP7_75t_R)
                                         _154201_ (net)
                 10.01    0.13 4127.73 v _218017_/A2 (OA211x2_ASAP7_75t_R)
     2    2.12   13.03   24.84 4152.57 v _218017_/Y (OA211x2_ASAP7_75t_R)
                                         _154258_ (net)
                 13.04    0.10 4152.66 v _218018_/A (XOR2x2_ASAP7_75t_R)
     2    1.40    8.36   21.17 4173.83 v _218018_/Y (XOR2x2_ASAP7_75t_R)
                                         _154259_ (net)
                  8.36    0.05 4173.89 v _218038_/B (OR4x1_ASAP7_75t_R)
     2    1.49   14.19   27.38 4201.26 v _218038_/Y (OR4x1_ASAP7_75t_R)
                                         _154279_ (net)
                 14.20    0.09 4201.36 v _218040_/B2 (AO221x1_ASAP7_75t_R)
     2    1.41   13.72   24.47 4225.83 v _218040_/Y (AO221x1_ASAP7_75t_R)
                                         _154281_ (net)
                 13.73    0.06 4225.90 v _218043_/B3 (AO33x2_ASAP7_75t_R)
     2    1.60   11.88   32.54 4258.44 v _218043_/Y (AO33x2_ASAP7_75t_R)
                                         _154284_ (net)
                 11.89    0.07 4258.52 v _218044_/A (MAJx2_ASAP7_75t_R)
     2    1.64    9.86   21.11 4279.63 v _218044_/Y (MAJx2_ASAP7_75t_R)
                                         _154285_ (net)
                  9.87    0.11 4279.74 v _218049_/A (MAJx3_ASAP7_75t_R)
     5    4.97   17.59   26.98 4306.72 v _218049_/Y (MAJx3_ASAP7_75t_R)
                                         _154290_ (net)
                 17.65    0.55 4307.27 v _218087_/A2 (OA21x2_ASAP7_75t_R)
     5    4.07   15.06   24.65 4331.92 v _218087_/Y (OA21x2_ASAP7_75t_R)
                                         _154328_ (net)
                 15.07    0.18 4332.09 v _218091_/B (AND2x4_ASAP7_75t_R)
     1    0.90    6.17   15.11 4347.21 v _218091_/Y (AND2x4_ASAP7_75t_R)
                                         _154332_ (net)
                  6.17    0.06 4347.26 v _218092_/A2 (OA21x2_ASAP7_75t_R)
     1    0.86    7.83   16.20 4363.47 v _218092_/Y (OA21x2_ASAP7_75t_R)
                                         _154333_ (net)
                  7.83    0.05 4363.52 v _218093_/C1 (OA222x2_ASAP7_75t_R)
     2    1.93   11.20   24.57 4388.08 v _218093_/Y (OA222x2_ASAP7_75t_R)
                                         _154334_ (net)
                 11.21    0.08 4388.17 v _218106_/C (MAJx2_ASAP7_75t_R)
     3    2.36   13.36   22.66 4410.82 v _218106_/Y (MAJx2_ASAP7_75t_R)
                                         _154347_ (net)
                 13.37    0.23 4411.05 v _218130_/A3 (AO32x2_ASAP7_75t_R)
     2    1.52   12.41   28.97 4440.02 v _218130_/Y (AO32x2_ASAP7_75t_R)
                                         _154371_ (net)
                 12.41    0.06 4440.08 v _218150_/A1 (OA21x2_ASAP7_75t_R)
     4    3.90   14.93   22.25 4462.33 v _218150_/Y (OA21x2_ASAP7_75t_R)
                                         _154391_ (net)
                 15.01    0.61 4462.94 v _218190_/A2 (OA211x2_ASAP7_75t_R)
     2    2.46   13.90   26.97 4489.91 v _218190_/Y (OA211x2_ASAP7_75t_R)
                                         _154431_ (net)
                 13.92    0.25 4490.16 v _218211_/A3 (OA31x2_ASAP7_75t_R)
     5    4.67   18.74   23.80 4513.96 v _218211_/Y (OA31x2_ASAP7_75t_R)
                                         _154452_ (net)
                 18.76    0.40 4514.36 v _218260_/A3 (AO32x1_ASAP7_75t_R)
     1    1.09   12.04   26.33 4540.70 v _218260_/Y (AO32x1_ASAP7_75t_R)
                                         _154501_ (net)
                 12.04    0.09 4540.79 v _218261_/A (OR3x1_ASAP7_75t_R)
     4    3.76   24.04   28.81 4569.60 v _218261_/Y (OR3x1_ASAP7_75t_R)
                                         _154502_ (net)
                 24.05    0.13 4569.74 v _218270_/B2 (OA22x2_ASAP7_75t_R)
     1    0.77    8.91   23.34 4593.07 v _218270_/Y (OA22x2_ASAP7_75t_R)
                                         _154511_ (net)
                  8.91    0.04 4593.11 v _218271_/B1 (AO22x2_ASAP7_75t_R)
     6    6.53   23.60   27.01 4620.12 v _218271_/Y (AO22x2_ASAP7_75t_R)
                                         _154512_ (net)
                 23.80    1.18 4621.31 v _218276_/B2 (AO22x2_ASAP7_75t_R)
     4    4.09   15.55   27.56 4648.86 v _218276_/Y (AO22x2_ASAP7_75t_R)
                                         _154517_ (net)
                 15.58    0.39 4649.25 v _218298_/A2 (AO21x2_ASAP7_75t_R)
     5    4.47   16.39   24.23 4673.48 v _218298_/Y (AO21x2_ASAP7_75t_R)
                                         _154539_ (net)
                 16.46    0.58 4674.06 v _218408_/C (OR3x1_ASAP7_75t_R)
     1    0.75    8.86   21.84 4695.90 v _218408_/Y (OR3x1_ASAP7_75t_R)
                                         _154649_ (net)
                  8.87    0.05 4695.95 v _218411_/C (OA211x2_ASAP7_75t_R)
     3    2.97   15.16   31.28 4727.23 v _218411_/Y (OA211x2_ASAP7_75t_R)
                                         _154652_ (net)
                 15.18    0.27 4727.50 v _218421_/A3 (OA31x2_ASAP7_75t_R)
     3    2.87   16.87   21.69 4749.19 v _218421_/Y (OA31x2_ASAP7_75t_R)
                                         _154662_ (net)
                 16.88    0.15 4749.34 v _218429_/A3 (OA31x2_ASAP7_75t_R)
     2    2.22   15.88   21.04 4770.38 v _218429_/Y (OA31x2_ASAP7_75t_R)
                                         _154670_ (net)
                 15.88    0.11 4770.49 v _218461_/A3 (OA31x2_ASAP7_75t_R)
     2    2.11   11.62   20.52 4791.00 v _218461_/Y (OA31x2_ASAP7_75t_R)
                                         _154702_ (net)
                 11.63    0.21 4791.22 v _218493_/A2 (OA21x2_ASAP7_75t_R)
     8    8.86   28.23   28.41 4819.63 v _218493_/Y (OA21x2_ASAP7_75t_R)
                                         _154734_ (net)
                 28.52    1.63 4821.26 v _218574_/A2 (AOI21x1_ASAP7_75t_R)
     4    3.73   29.37   20.58 4841.84 ^ _218574_/Y (AOI21x1_ASAP7_75t_R)
                                         _154815_ (net)
                 29.37    0.12 4841.96 ^ _218578_/B1 (OA222x2_ASAP7_75t_R)
     2    3.12   16.47   32.97 4874.93 ^ _218578_/Y (OA222x2_ASAP7_75t_R)
                                         _154819_ (net)
                 16.50    0.37 4875.30 ^ _218639_/B (XNOR2x1_ASAP7_75t_R)
     2    1.97   18.14   18.71 4894.00 ^ _218639_/Y (XNOR2x1_ASAP7_75t_R)
                                         _154880_ (net)
                 18.14    0.07 4894.08 ^ _218640_/A (XNOR2x2_ASAP7_75t_R)
     1    0.92    9.97   26.86 4920.93 v _218640_/Y (XNOR2x2_ASAP7_75t_R)
                                         _154881_ (net)
                  9.97    0.06 4921.00 v _218641_/B (AO21x1_ASAP7_75t_R)
     1    0.74    9.93   16.14 4937.14 v _218641_/Y (AO21x1_ASAP7_75t_R)
                                         _154882_ (net)
                  9.93    0.04 4937.18 v _218642_/B (OR5x1_ASAP7_75t_R)
     2    2.50   21.19   35.40 4972.58 v _218642_/Y (OR5x1_ASAP7_75t_R)
                                         _154883_ (net)
                 21.20    0.20 4972.78 v _218783_/B (OA21x2_ASAP7_75t_R)
     2    2.05   12.65   18.36 4991.14 v _218783_/Y (OA21x2_ASAP7_75t_R)
                                         _155024_ (net)
                 12.65    0.14 4991.28 v _218787_/A2 (AO31x2_ASAP7_75t_R)
     3    2.55   10.05   17.33 5008.62 v _218787_/Y (AO31x2_ASAP7_75t_R)
                                         _155028_ (net)
                 10.08    0.27 5008.89 v _218790_/C (AND3x1_ASAP7_75t_R)
     2    2.15   15.03   16.78 5025.67 v _218790_/Y (AND3x1_ASAP7_75t_R)
                                         _155031_ (net)
                 15.04    0.08 5025.75 v _218792_/A3 (OA31x2_ASAP7_75t_R)
     2    1.96   11.24   20.05 5045.80 v _218792_/Y (OA31x2_ASAP7_75t_R)
                                         _155033_ (net)
                 11.25    0.18 5045.98 v _218798_/C (OR4x1_ASAP7_75t_R)
     2    1.44   13.97   28.96 5074.94 v _218798_/Y (OR4x1_ASAP7_75t_R)
                                         _155039_ (net)
                 13.97    0.05 5074.99 v _218799_/C (OA211x2_ASAP7_75t_R)
     5    4.14   18.46   34.79 5109.78 v _218799_/Y (OA211x2_ASAP7_75t_R)
                                         _155040_ (net)
                 18.48    0.26 5110.04 v _218960_/B1 (AO32x1_ASAP7_75t_R)
     1    1.40   14.31   26.64 5136.68 v _218960_/Y (AO32x1_ASAP7_75t_R)
                                         _155201_ (net)
                 14.32    0.11 5136.78 v _218961_/B (NAND2x1_ASAP7_75t_R)
     2    1.96   17.99   12.66 5149.44 ^ _218961_/Y (NAND2x1_ASAP7_75t_R)
                                         _155202_ (net)
                 17.99    0.08 5149.52 ^ _218973_/D (AND5x2_ASAP7_75t_R)
     3    2.99   17.45   33.56 5183.08 ^ _218973_/Y (AND5x2_ASAP7_75t_R)
                                         _155214_ (net)
                 17.46    0.19 5183.28 ^ _218974_/D (AND5x2_ASAP7_75t_R)
    11    9.24   37.90   42.45 5225.72 ^ _218974_/Y (AND5x2_ASAP7_75t_R)
                                         _155215_ (net)
                 37.92    0.51 5226.24 ^ _219045_/A (OR2x2_ASAP7_75t_R)
     8    7.44   26.43   31.18 5257.42 ^ _219045_/Y (OR2x2_ASAP7_75t_R)
                                         _155286_ (net)
                 26.44    0.36 5257.77 ^ place25311/A (BUFx6f_ASAP7_75t_R)
     4    3.72    7.66   16.86 5274.64 ^ place25311/Y (BUFx6f_ASAP7_75t_R)
                                         net24869 (net)
                  7.67    0.19 5274.83 ^ _219048_/A (AND2x2_ASAP7_75t_R)
     2    2.23   10.75   16.51 5291.34 ^ _219048_/Y (AND2x2_ASAP7_75t_R)
                                         _155289_ (net)
                 10.76    0.11 5291.44 ^ _219049_/B (XNOR2x2_ASAP7_75t_R)
     2    2.32   10.93   27.43 5318.88 v _219049_/Y (XNOR2x2_ASAP7_75t_R)
                                         _155290_ (net)
                 10.94    0.15 5319.02 v _219062_/A2 (OAI22x1_ASAP7_75t_R)
     2    2.25   35.72   13.22 5332.25 ^ _219062_/Y (OAI22x1_ASAP7_75t_R)
                                         _155303_ (net)
                 35.73    0.17 5332.42 ^ _219217_/B (AO211x2_ASAP7_75t_R)
     2    3.63   16.53   29.39 5361.81 ^ _219217_/Y (AO211x2_ASAP7_75t_R)
                                         _155458_ (net)
                 16.54    0.30 5362.12 ^ _219222_/A (AND5x2_ASAP7_75t_R)
     3    3.69   18.86   28.39 5390.51 ^ _219222_/Y (AND5x2_ASAP7_75t_R)
                                         _155463_ (net)
                 18.94    0.64 5391.15 ^ place25237/A (BUFx3_ASAP7_75t_R)
     2    2.06    7.80   16.22 5407.37 ^ place25237/Y (BUFx3_ASAP7_75t_R)
                                         net24795 (net)
                  7.81    0.10 5407.47 ^ _219332_/A1 (OA31x2_ASAP7_75t_R)
     2    1.79   10.74   22.45 5429.92 ^ _219332_/Y (OA31x2_ASAP7_75t_R)
                                         _155573_ (net)
                 10.74    0.06 5429.98 ^ _219337_/A (XNOR2x2_ASAP7_75t_R)
     2    1.57    8.84   26.23 5456.20 v _219337_/Y (XNOR2x2_ASAP7_75t_R)
                                         _155578_ (net)
                  8.84    0.06 5456.27 v _219341_/B (OR3x1_ASAP7_75t_R)
     4    3.29   21.85   27.66 5483.93 v _219341_/Y (OR3x1_ASAP7_75t_R)
                                         _155582_ (net)
                 21.88    0.43 5484.36 v _219371_/B1 (AO221x1_ASAP7_75t_R)
     2    1.69   16.18   26.63 5510.99 v _219371_/Y (AO221x1_ASAP7_75t_R)
                                         _155612_ (net)
                 16.18    0.15 5511.15 v _219393_/A1 (OA211x2_ASAP7_75t_R)
     3    4.21   18.84   29.39 5540.54 v _219393_/Y (OA211x2_ASAP7_75t_R)
                                         _155634_ (net)
                 18.88    0.45 5540.99 v _219675_/A2 (AO21x1_ASAP7_75t_R)
     2    1.41   11.11   19.26 5560.25 v _219675_/Y (AO21x1_ASAP7_75t_R)
                                         _155916_ (net)
                 11.11    0.05 5560.30 v _219676_/B1 (AO32x1_ASAP7_75t_R)
     5    5.88   35.60   35.43 5595.73 v _219676_/Y (AO32x1_ASAP7_75t_R)
                                         _155917_ (net)
                 35.73    1.31 5597.05 v place25121/A (BUFx6f_ASAP7_75t_R)
     4    3.73    7.60   20.38 5617.43 v place25121/Y (BUFx6f_ASAP7_75t_R)
                                         net24679 (net)
                  7.62    0.15 5617.58 v _219726_/B (XNOR2x2_ASAP7_75t_R)
     1    0.75    9.69   19.95 5637.53 ^ _219726_/Y (XNOR2x2_ASAP7_75t_R)
                                         _155967_ (net)
                  9.69    0.04 5637.57 ^ _219727_/B (AND2x2_ASAP7_75t_R)
     1    1.29    8.31   15.64 5653.21 ^ _219727_/Y (AND2x2_ASAP7_75t_R)
                                         _155968_ (net)
                  8.31    0.09 5653.30 ^ _219728_/B (XNOR2x2_ASAP7_75t_R)
     2    1.75    9.36   25.90 5679.19 v _219728_/Y (XNOR2x2_ASAP7_75t_R)
                                         _155969_ (net)
                  9.36    0.04 5679.24 v _219729_/B (XNOR2x2_ASAP7_75t_R)
     1    0.79    9.94   20.53 5699.76 ^ _219729_/Y (XNOR2x2_ASAP7_75t_R)
                                         _155970_ (net)
                  9.94    0.04 5699.80 ^ _219730_/C (AND3x2_ASAP7_75t_R)
     2    2.34   13.28   23.25 5723.05 ^ _219730_/Y (AND3x2_ASAP7_75t_R)
                                         _155971_ (net)
                 13.31    0.38 5723.43 ^ _219859_/B (AND5x1_ASAP7_75t_R)
     2    2.11   20.37   32.01 5755.45 ^ _219859_/Y (AND5x1_ASAP7_75t_R)
                                         _156100_ (net)
                 20.37    0.07 5755.52 ^ _219929_/A2 (AO211x2_ASAP7_75t_R)
     4    4.77   20.01   28.68 5784.20 ^ _219929_/Y (AO211x2_ASAP7_75t_R)
                                         _156170_ (net)
                 20.05    0.49 5784.69 ^ _219930_/B (AND2x2_ASAP7_75t_R)
     2    2.18   11.13   19.95 5804.63 ^ _219930_/Y (AND2x2_ASAP7_75t_R)
                                         _156171_ (net)
                 11.13    0.06 5804.70 ^ _219935_/A1 (AO21x1_ASAP7_75t_R)
     4    3.59   24.89   21.49 5826.19 ^ _219935_/Y (AO21x1_ASAP7_75t_R)
                                         _156176_ (net)
                 24.90    0.26 5826.45 ^ _220135_/A (AND2x2_ASAP7_75t_R)
     3    3.04   13.67   20.71 5847.16 ^ _220135_/Y (AND2x2_ASAP7_75t_R)
                                         _156376_ (net)
                 13.68    0.15 5847.31 ^ _220136_/B (XNOR2x2_ASAP7_75t_R)
     1    0.92    9.44   25.52 5872.83 v _220136_/Y (XNOR2x2_ASAP7_75t_R)
                                         _156377_ (net)
                  9.44    0.07 5872.91 v _220141_/D (OR5x1_ASAP7_75t_R)
     1    1.30   14.72   34.36 5907.27 v _220141_/Y (OR5x1_ASAP7_75t_R)
                                         _156382_ (net)
                 14.72    0.10 5907.37 v _220143_/C (AO211x2_ASAP7_75t_R)
     2    2.73   11.40   20.75 5928.12 v _220143_/Y (AO211x2_ASAP7_75t_R)
                                         _156384_ (net)
                 11.44    0.39 5928.51 v _220166_/A3 (AO31x2_ASAP7_75t_R)
     3    2.81   10.50   18.50 5947.00 v _220166_/Y (AO31x2_ASAP7_75t_R)
                                         _156407_ (net)
                 10.51    0.22 5947.22 v _220179_/A2 (AOI21x1_ASAP7_75t_R)
     8    9.07   61.79   29.85 5977.06 ^ _220179_/Y (AOI21x1_ASAP7_75t_R)
                                         _156420_ (net)
                 61.80    0.33 5977.39 ^ _220248_/B (OA211x2_ASAP7_75t_R)
     1    1.38   10.80   28.89 6006.28 ^ _220248_/Y (OA211x2_ASAP7_75t_R)
                                         _156489_ (net)
                 10.80    0.11 6006.39 ^ _220249_/B (XNOR2x2_ASAP7_75t_R)
     2    3.13   13.03   28.75 6035.14 v _220249_/Y (XNOR2x2_ASAP7_75t_R)
                                         _156490_ (net)
                 13.04    0.24 6035.38 v _220304_/A2 (AOI22x1_ASAP7_75t_R)
     2    3.11   35.09   16.83 6052.21 ^ _220304_/Y (AOI22x1_ASAP7_75t_R)
                                         _156545_ (net)
                 35.13    0.73 6052.94 ^ _220487_/B (AND5x1_ASAP7_75t_R)
     2    2.21   20.89   36.34 6089.28 ^ _220487_/Y (AND5x1_ASAP7_75t_R)
                                         _156728_ (net)
                 20.90    0.21 6089.49 ^ _220507_/C (AND4x1_ASAP7_75t_R)
     1    2.06   18.70   28.38 6117.88 ^ _220507_/Y (AND4x1_ASAP7_75t_R)
                                         _156748_ (net)
                 18.72    0.32 6118.19 ^ _220511_/A3 (AO31x2_ASAP7_75t_R)
     3    2.66   13.33   19.76 6137.96 ^ _220511_/Y (AO31x2_ASAP7_75t_R)
                                         _156752_ (net)
                 13.34    0.13 6138.09 ^ _220512_/B1 (AOI22x1_ASAP7_75t_R)
     9    7.08   40.35   21.52 6159.61 v _220512_/Y (AOI22x1_ASAP7_75t_R)
                                         _156753_ (net)
                 40.36    0.37 6159.98 v place24801/A (BUFx3_ASAP7_75t_R)
     4    3.79   11.12   23.99 6183.96 v place24801/Y (BUFx3_ASAP7_75t_R)
                                         net24359 (net)
                 11.18    0.42 6184.39 v _220540_/A2 (AO22x1_ASAP7_75t_R)
     2    1.65   12.94   21.94 6206.33 v _220540_/Y (AO22x1_ASAP7_75t_R)
                                         _156781_ (net)
                 12.94    0.07 6206.40 v _220857_/A2 (AO33x2_ASAP7_75t_R)
     2    1.70   13.05   31.36 6237.76 v _220857_/Y (AO33x2_ASAP7_75t_R)
                                         _157098_ (net)
                 13.05    0.05 6237.81 v _220863_/C (AO211x2_ASAP7_75t_R)
     1    1.22    7.15   17.85 6255.67 v _220863_/Y (AO211x2_ASAP7_75t_R)
                                         _157104_ (net)
                  7.16    0.09 6255.75 v _220864_/C (AO211x2_ASAP7_75t_R)
     1    0.73    5.90   15.41 6271.17 v _220864_/Y (AO211x2_ASAP7_75t_R)
                                         _157105_ (net)
                  5.90    0.04 6271.21 v _220865_/B1 (AO32x1_ASAP7_75t_R)
     2    2.05   17.65   24.72 6295.93 v _220865_/Y (AO32x1_ASAP7_75t_R)
                                         _157106_ (net)
                 17.66    0.26 6296.20 v _220867_/B2 (AO221x1_ASAP7_75t_R)
     2    1.87   15.58   26.81 6323.00 v _220867_/Y (AO221x1_ASAP7_75t_R)
                                         _157108_ (net)
                 15.59    0.18 6323.19 v _220868_/B1 (AO32x1_ASAP7_75t_R)
     2    1.80   14.08   26.89 6350.08 v _220868_/Y (AO32x1_ASAP7_75t_R)
                                         _157109_ (net)
                 14.09    0.16 6350.23 v _220874_/A2 (OA21x2_ASAP7_75t_R)
     3    3.43   13.32   22.67 6372.90 v _220874_/Y (OA21x2_ASAP7_75t_R)
                                         _157115_ (net)
                 13.34    0.27 6373.17 v place24679/A (BUFx3_ASAP7_75t_R)
     2    2.56    7.84   16.01 6389.18 v place24679/Y (BUFx3_ASAP7_75t_R)
                                         net24237 (net)
                  7.85    0.16 6389.34 v place24678/A (BUFx6f_ASAP7_75t_R)
     5    5.89    8.82   14.02 6403.36 v place24678/Y (BUFx6f_ASAP7_75t_R)
                                         net24236 (net)
                  8.88    0.42 6403.78 v _221020_/B (OA21x2_ASAP7_75t_R)
     3    3.02   12.34   16.05 6419.83 v _221020_/Y (OA21x2_ASAP7_75t_R)
                                         _157261_ (net)
                 12.35    0.11 6419.94 v _221023_/A (XNOR2x2_ASAP7_75t_R)
     2    3.51   15.12   25.44 6445.38 ^ _221023_/Y (XNOR2x2_ASAP7_75t_R)
                                         _157264_ (net)
                 15.12    0.14 6445.52 ^ _221141_/D (AND5x1_ASAP7_75t_R)
     1    1.31   15.62   32.03 6477.55 ^ _221141_/Y (AND5x1_ASAP7_75t_R)
                                         _157382_ (net)
                 15.62    0.15 6477.70 ^ _221142_/B (OA21x2_ASAP7_75t_R)
     1    1.33    8.38   17.92 6495.62 ^ _221142_/Y (OA21x2_ASAP7_75t_R)
                                         _157383_ (net)
                  8.39    0.15 6495.77 ^ _221143_/A2 (OA21x2_ASAP7_75t_R)
     2    2.07   10.72   17.17 6512.94 ^ _221143_/Y (OA21x2_ASAP7_75t_R)
                                         _157384_ (net)
                 10.74    0.25 6513.19 ^ _221176_/A2 (OA21x2_ASAP7_75t_R)
     3    2.32   11.37   18.28 6531.47 ^ _221176_/Y (OA21x2_ASAP7_75t_R)
                                         _157417_ (net)
                 11.38    0.14 6531.61 ^ _221286_/A1 (OA21x2_ASAP7_75t_R)
     4    3.96   16.81   21.53 6553.14 ^ _221286_/Y (OA21x2_ASAP7_75t_R)
                                         _157527_ (net)
                 16.91    0.74 6553.88 ^ _221342_/A2 (OA21x2_ASAP7_75t_R)
     2    1.99   10.50   19.39 6573.27 ^ _221342_/Y (OA21x2_ASAP7_75t_R)
                                         _157583_ (net)
                 10.51    0.13 6573.40 ^ _221343_/B (XNOR2x2_ASAP7_75t_R)
     4    2.43   11.17   27.58 6600.99 v _221343_/Y (XNOR2x2_ASAP7_75t_R)
                                         _157584_ (net)
                 11.17    0.08 6601.06 v _221375_/B (OA211x2_ASAP7_75t_R)
     1    1.22   14.91   27.06 6628.12 v _221375_/Y (OA211x2_ASAP7_75t_R)
                                         _157616_ (net)
                 14.91    0.08 6628.20 v _221376_/B (AOI211x1_ASAP7_75t_R)
     3    3.60   48.02   22.59 6650.79 ^ _221376_/Y (AOI211x1_ASAP7_75t_R)
                                         _157617_ (net)
                 48.02    0.25 6651.03 ^ _221592_/B (AO211x2_ASAP7_75t_R)
     4    3.99   17.72   32.43 6683.46 ^ _221592_/Y (AO211x2_ASAP7_75t_R)
                                         _157833_ (net)
                 17.79    0.58 6684.04 ^ _221600_/A1 (AO31x2_ASAP7_75t_R)
     3    3.05   14.68   21.35 6705.39 ^ _221600_/Y (AO31x2_ASAP7_75t_R)
                                         _157841_ (net)
                 14.72    0.43 6705.82 ^ _221602_/A (AND5x2_ASAP7_75t_R)
     6    6.05   26.34   31.61 6737.42 ^ _221602_/Y (AND5x2_ASAP7_75t_R)
                                         _157843_ (net)
                 26.39    0.61 6738.04 ^ place24445/A (BUFx3_ASAP7_75t_R)
     1    1.32    6.64   16.81 6754.85 ^ place24445/Y (BUFx3_ASAP7_75t_R)
                                         net24003 (net)
                  6.64    0.07 6754.92 ^ _221804_/A3 (OA31x2_ASAP7_75t_R)
     1    1.29    9.18   18.51 6773.42 ^ _221804_/Y (OA31x2_ASAP7_75t_R)
                                         _158045_ (net)
                  9.18    0.09 6773.51 ^ _221805_/B (XNOR2x2_ASAP7_75t_R)
     5    4.25   16.23   30.00 6803.51 v _221805_/Y (XNOR2x2_ASAP7_75t_R)
                                         _158046_ (net)
                 16.26    0.36 6803.87 v _221841_/B (OR2x2_ASAP7_75t_R)
     2    1.92   10.70   20.40 6824.27 v _221841_/Y (OR2x2_ASAP7_75t_R)
                                         _158082_ (net)
                 10.70    0.07 6824.34 v _221842_/C (MAJx2_ASAP7_75t_R)
     1    1.62   11.48   21.28 6845.62 v _221842_/Y (MAJx2_ASAP7_75t_R)
                                         _158083_ (net)
                 11.49    0.14 6845.76 v _221846_/B (MAJx2_ASAP7_75t_R)
     2    1.33   11.75   22.21 6867.96 v _221846_/Y (MAJx2_ASAP7_75t_R)
                                         _158087_ (net)
                 11.75    0.04 6868.00 v _221882_/B (AND5x1_ASAP7_75t_R)
     2    2.07   13.58   19.94 6887.94 v _221882_/Y (AND5x1_ASAP7_75t_R)
                                         _158123_ (net)
                 13.58    0.13 6888.07 v _221926_/A2 (OAI21x1_ASAP7_75t_R)
     4    4.84   34.56   19.91 6907.98 ^ _221926_/Y (OAI21x1_ASAP7_75t_R)
                                         _158167_ (net)
                 34.64    0.95 6908.93 ^ place24326/A (BUFx3_ASAP7_75t_R)
     3    3.01   10.07   20.24 6929.18 ^ place24326/Y (BUFx3_ASAP7_75t_R)
                                         net23884 (net)
                 10.08    0.12 6929.30 ^ _222073_/A2 (AOI211x1_ASAP7_75t_R)
     2    2.20   28.96   19.05 6948.36 v _222073_/Y (AOI211x1_ASAP7_75t_R)
                                         _158314_ (net)
                 28.97    0.26 6948.61 v _222155_/A2 (OA21x2_ASAP7_75t_R)
     1    1.07    7.58   22.74 6971.35 v _222155_/Y (OA21x2_ASAP7_75t_R)
                                         _158396_ (net)
                  7.58    0.04 6971.39 v _222156_/A (XOR2x2_ASAP7_75t_R)
     2    2.53   12.36   26.09 6997.48 ^ _222156_/Y (XOR2x2_ASAP7_75t_R)
                                         _158397_ (net)
                 12.39    0.34 6997.83 ^ place24271/A (BUFx3_ASAP7_75t_R)
     9    8.76   22.03   20.31 7018.14 ^ place24271/Y (BUFx3_ASAP7_75t_R)
                                         net23829 (net)
                 22.16    0.99 7019.13 ^ _222157_/A (INVx1_ASAP7_75t_R)
     2    2.58   17.97   13.77 7032.90 v _222157_/Y (INVx1_ASAP7_75t_R)
                                         _158398_ (net)
                 17.99    0.28 7033.19 v _222163_/B (MAJx2_ASAP7_75t_R)
     1    1.42   11.14   24.25 7057.44 v _222163_/Y (MAJx2_ASAP7_75t_R)
                                         _158404_ (net)
                 11.14    0.08 7057.52 v _222164_/B (AOI21x1_ASAP7_75t_R)
     2    2.52   20.37   14.02 7071.54 ^ _222164_/Y (AOI21x1_ASAP7_75t_R)
                                         _158405_ (net)
                 20.39    0.28 7071.82 ^ _222322_/A (NOR2x1_ASAP7_75t_R)
     6    4.77   34.41   21.27 7093.09 v _222322_/Y (NOR2x1_ASAP7_75t_R)
                                         _158563_ (net)
                 34.43    0.49 7093.58 v _222326_/A2 (AO22x2_ASAP7_75t_R)
     4    3.31   13.60   27.74 7121.32 v _222326_/Y (AO22x2_ASAP7_75t_R)
                                         _158567_ (net)
                 13.64    0.41 7121.73 v _222333_/B2 (AO221x2_ASAP7_75t_R)
     6    7.57   26.70   36.34 7158.08 v _222333_/Y (AO221x2_ASAP7_75t_R)
                                         _158574_ (net)
                 26.74    0.65 7158.73 v place24142/A (BUFx6f_ASAP7_75t_R)
     7    7.97   11.43   20.30 7179.03 v place24142/Y (BUFx6f_ASAP7_75t_R)
                                         net23700 (net)
                 11.70    0.94 7179.98 v _222673_/A1 (AO21x1_ASAP7_75t_R)
     1    0.87    8.00   16.67 7196.64 v _222673_/Y (AO21x1_ASAP7_75t_R)
                                         _158914_ (net)
                  8.00    0.05 7196.70 v _222675_/A2 (AO22x2_ASAP7_75t_R)
     2    1.99   10.23   20.24 7216.94 v _222675_/Y (AO22x2_ASAP7_75t_R)
                                         _158916_ (net)
                 10.23    0.09 7217.03 v place24098/A (BUFx3_ASAP7_75t_R)
     5    6.17   14.13   18.22 7235.25 v place24098/Y (BUFx3_ASAP7_75t_R)
                                         net23656 (net)
                 14.14    0.23 7235.47 v _222776_/B (MAJx2_ASAP7_75t_R)
     2    1.56   11.63   23.37 7258.85 v _222776_/Y (MAJx2_ASAP7_75t_R)
                                         _159017_ (net)
                 11.64    0.06 7258.90 v _222872_/B (OA21x2_ASAP7_75t_R)
     2    1.58   10.24   14.81 7273.71 v _222872_/Y (OA21x2_ASAP7_75t_R)
                                         _159113_ (net)
                 10.24    0.09 7273.80 v _222915_/C (OR4x1_ASAP7_75t_R)
     1    0.75   10.13   26.06 7299.86 v _222915_/Y (OR4x1_ASAP7_75t_R)
                                         _159156_ (net)
                 10.13    0.04 7299.90 v _222917_/A1 (OA211x2_ASAP7_75t_R)
     8    7.04   25.59   32.22 7332.12 v _222917_/Y (OA211x2_ASAP7_75t_R)
                                         _159158_ (net)
                 25.63    0.52 7332.65 v _222939_/B2 (AO221x1_ASAP7_75t_R)
     2    2.26   16.81   30.05 7362.70 v _222939_/Y (AO221x1_ASAP7_75t_R)
                                         _159180_ (net)
                 16.82    0.15 7362.84 v _222940_/A2 (AO211x2_ASAP7_75t_R)
     7    8.40   26.35   28.88 7391.72 v _222940_/Y (AO211x2_ASAP7_75t_R)
                                         _159181_ (net)
                 26.49    1.13 7392.85 v place23985/A (BUFx6f_ASAP7_75t_R)
     8    7.64   10.74   20.31 7413.16 v place23985/Y (BUFx6f_ASAP7_75t_R)
                                         net23543 (net)
                 10.77    0.30 7413.46 v _223248_/A1 (AO21x1_ASAP7_75t_R)
     3    2.74   17.10   21.52 7434.98 v _223248_/Y (AO21x1_ASAP7_75t_R)
                                         _159489_ (net)
                 17.10    0.08 7435.06 v _223251_/A1 (AOI21x1_ASAP7_75t_R)
     1    0.87   23.39    9.55 7444.61 ^ _223251_/Y (AOI21x1_ASAP7_75t_R)
                                         _159492_ (net)
                 23.39    0.06 7444.67 ^ _223252_/A2 (OA211x2_ASAP7_75t_R)
     1    0.89    8.42   22.55 7467.21 ^ _223252_/Y (OA211x2_ASAP7_75t_R)
                                         _159493_ (net)
                  8.42    0.06 7467.27 ^ _223253_/C (AND3x1_ASAP7_75t_R)
     1    1.37   13.86   19.89 7487.16 ^ _223253_/Y (AND3x1_ASAP7_75t_R)
                                         _159494_ (net)
                 13.86    0.17 7487.33 ^ _223254_/E (AND5x1_ASAP7_75t_R)
     1    0.85   13.36   30.72 7518.05 ^ _223254_/Y (AND5x1_ASAP7_75t_R)
                                         _159495_ (net)
                 13.36    0.06 7518.11 ^ _223255_/A (AND5x1_ASAP7_75t_R)
     2    2.10   20.34   30.50 7548.60 ^ _223255_/Y (AND5x1_ASAP7_75t_R)
                                         _159496_ (net)
                 20.35    0.27 7548.87 ^ _223256_/B (OR4x2_ASAP7_75t_R)
     2    1.48    7.63   16.46 7565.33 ^ _223256_/Y (OR4x2_ASAP7_75t_R)
                                         _159497_ (net)
                  7.63    0.06 7565.39 ^ place23853/A (BUFx3_ASAP7_75t_R)
    12   10.43   24.89   20.95 7586.35 ^ place23853/Y (BUFx3_ASAP7_75t_R)
                                         net23411 (net)
                 24.93    0.56 7586.91 ^ _223257_/A (NOR2x2_ASAP7_75t_R)
     3    3.57   16.76   14.92 7601.82 v _223257_/Y (NOR2x2_ASAP7_75t_R)
                                         _159498_ (net)
                 16.76    0.09 7601.91 v place23846/A (BUFx6f_ASAP7_75t_R)
     5    4.38    7.64   16.16 7618.07 v place23846/Y (BUFx6f_ASAP7_75t_R)
                                         net23404 (net)
                  7.69    0.32 7618.38 v _223373_/D (OR4x1_ASAP7_75t_R)
     1    0.95   12.32   26.79 7645.17 v _223373_/Y (OR4x1_ASAP7_75t_R)
                                         _159614_ (net)
                 12.32    0.07 7645.24 v _223375_/C (AND4x1_ASAP7_75t_R)
     2    2.33   14.43   17.91 7663.16 v _223375_/Y (AND4x1_ASAP7_75t_R)
                                         _159616_ (net)
                 14.44    0.29 7663.45 v _223376_/B (XNOR2x2_ASAP7_75t_R)
     1    0.73    8.74   21.80 7685.24 ^ _223376_/Y (XNOR2x2_ASAP7_75t_R)
                                         _159617_ (net)
                  8.74    0.04 7685.28 ^ _223377_/B (AND2x2_ASAP7_75t_R)
     2    2.25   10.84   17.00 7702.28 ^ _223377_/Y (AND2x2_ASAP7_75t_R)
                                         _159618_ (net)
                 10.84    0.14 7702.41 ^ _223439_/D (AND5x1_ASAP7_75t_R)
     2    2.54   22.61   34.81 7737.22 ^ _223439_/Y (AND5x1_ASAP7_75t_R)
                                         _159680_ (net)
                 22.63    0.28 7737.50 ^ place23753/A (BUFx6f_ASAP7_75t_R)
     3    2.82    6.58   15.69 7753.20 ^ place23753/Y (BUFx6f_ASAP7_75t_R)
                                         net23311 (net)
                  6.59    0.08 7753.28 ^ _223668_/A (NAND3x1_ASAP7_75t_R)
     5    4.17   23.59   12.61 7765.88 v _223668_/Y (NAND3x1_ASAP7_75t_R)
                                         _159909_ (net)
                 23.61    0.44 7766.32 v place23730/A (BUFx3_ASAP7_75t_R)
    10    9.53   20.48   24.75 7791.08 v place23730/Y (BUFx3_ASAP7_75t_R)
                                         net23288 (net)
                 20.62    0.94 7792.01 v _223817_/A3 (AO32x1_ASAP7_75t_R)
     2    2.09   15.48   29.82 7821.83 v _223817_/Y (AO32x1_ASAP7_75t_R)
                                         _160058_ (net)
                 15.49    0.08 7821.91 v _223977_/B (XOR2x2_ASAP7_75t_R)
     2    1.99   10.04   22.18 7844.10 v _223977_/Y (XOR2x2_ASAP7_75t_R)
                                         _160218_ (net)
                 10.05    0.10 7844.20 v _223993_/C (MAJx2_ASAP7_75t_R)
     2    1.96   12.35   21.69 7865.89 v _223993_/Y (MAJx2_ASAP7_75t_R)
                                         _160234_ (net)
                 12.36    0.20 7866.09 v _223994_/D (OR4x2_ASAP7_75t_R)
     3    4.09   19.67   38.13 7904.22 v _223994_/Y (OR4x2_ASAP7_75t_R)
                                         _160235_ (net)
                 19.67    0.16 7904.38 v _223995_/A1 (AOI21x1_ASAP7_75t_R)
     1    1.62   16.52   12.31 7916.69 ^ _223995_/Y (AOI21x1_ASAP7_75t_R)
                                         _160236_ (net)
                 16.53    0.16 7916.85 ^ _224023_/A3 (OA31x2_ASAP7_75t_R)
     2    1.79   10.78   22.07 7938.92 ^ _224023_/Y (OA31x2_ASAP7_75t_R)
                                         _160264_ (net)
                 10.79    0.15 7939.07 ^ _224027_/A2 (AO21x2_ASAP7_75t_R)
     2    1.89   10.10   17.52 7956.58 ^ _224027_/Y (AO21x2_ASAP7_75t_R)
                                         _160268_ (net)
                 10.11    0.10 7956.68 ^ _224028_/B (AO211x2_ASAP7_75t_R)
     4    4.51   18.97   23.63 7980.31 ^ _224028_/Y (AO211x2_ASAP7_75t_R)
                                         _160269_ (net)
                 19.00    0.41 7980.72 ^ place23565/A (BUFx6f_ASAP7_75t_R)
     4    4.10    8.09   15.56 7996.28 ^ place23565/Y (BUFx6f_ASAP7_75t_R)
                                         net23123 (net)
                  8.25    0.61 7996.89 ^ _224375_/B (NAND2x1_ASAP7_75t_R)
     2    1.37    9.95    7.35 8004.24 v _224375_/Y (NAND2x1_ASAP7_75t_R)
                                         _160616_ (net)
                  9.95    0.07 8004.31 v _224386_/E (OR5x1_ASAP7_75t_R)
     1    1.00   12.76   33.56 8037.86 v _224386_/Y (OR5x1_ASAP7_75t_R)
                                         _160627_ (net)
                 12.76    0.08 8037.94 v _224387_/D (AND4x1_ASAP7_75t_R)
     2    1.34    9.41   16.19 8054.14 v _224387_/Y (AND4x1_ASAP7_75t_R)
                                         _160628_ (net)
                  9.41    0.06 8054.19 v _224397_/C (OR5x1_ASAP7_75t_R)
     3    4.74   34.16   43.73 8097.92 v _224397_/Y (OR5x1_ASAP7_75t_R)
                                         _160638_ (net)
                 34.30    1.33 8099.25 v place23468/A (BUFx3_ASAP7_75t_R)
     1    1.14    6.35   19.79 8119.04 v place23468/Y (BUFx3_ASAP7_75t_R)
                                         net23026 (net)
                  6.36    0.06 8119.10 v _224398_/B (AOI211x1_ASAP7_75t_R)
     1    0.94   18.64   10.49 8129.59 ^ _224398_/Y (AOI211x1_ASAP7_75t_R)
                                         _160639_ (net)
                 18.64    0.06 8129.66 ^ _224454_/A2 (OA21x2_ASAP7_75t_R)
     7    8.01   29.69   28.09 8157.74 ^ _224454_/Y (OA21x2_ASAP7_75t_R)
                                         _160695_ (net)
                 29.76    0.84 8158.58 ^ _224494_/C (OR3x2_ASAP7_75t_R)
     9    8.01   27.56   27.78 8186.36 ^ _224494_/Y (OR3x2_ASAP7_75t_R)
                                         _160735_ (net)
                 27.60    0.72 8187.08 ^ place23434/A (BUFx3_ASAP7_75t_R)
     2    1.61    7.22   17.36 8204.44 ^ place23434/Y (BUFx3_ASAP7_75t_R)
                                         net22992 (net)
                  7.22    0.10 8204.54 ^ _224616_/A (AND2x2_ASAP7_75t_R)
     2    2.21   10.71   16.39 8220.93 ^ _224616_/Y (AND2x2_ASAP7_75t_R)
                                         _160857_ (net)
                 10.71    0.10 8221.02 ^ _224617_/B (XNOR2x2_ASAP7_75t_R)
     4    5.12   18.65   31.43 8252.45 v _224617_/Y (XNOR2x2_ASAP7_75t_R)
                                         _160858_ (net)
                 18.74    0.74 8253.19 v _224737_/B (MAJx2_ASAP7_75t_R)
     2    1.31   11.90   24.30 8277.48 v _224737_/Y (MAJx2_ASAP7_75t_R)
                                         _160978_ (net)
                 11.90    0.05 8277.53 v _224738_/B (AND2x2_ASAP7_75t_R)
     2    1.49    9.85   16.24 8293.77 v _224738_/Y (AND2x2_ASAP7_75t_R)
                                         _160979_ (net)
                  9.85    0.06 8293.83 v _224744_/B1 (OA22x2_ASAP7_75t_R)
     2    2.60   14.12   21.85 8315.68 v _224744_/Y (OA22x2_ASAP7_75t_R)
                                         _160985_ (net)
                 14.16    0.43 8316.10 v _224814_/A1 (OA211x2_ASAP7_75t_R)
     2    1.46   11.11   24.30 8340.40 v _224814_/Y (OA211x2_ASAP7_75t_R)
                                         _161055_ (net)
                 11.11    0.07 8340.47 v _224859_/A2 (AO221x1_ASAP7_75t_R)
     1    1.51   12.73   25.08 8365.55 v _224859_/Y (AO221x1_ASAP7_75t_R)
                                         _161100_ (net)
                 12.74    0.08 8365.63 v place23293/A (BUFx6f_ASAP7_75t_R)
    16   16.47   19.57   19.24 8384.88 v place23293/Y (BUFx6f_ASAP7_75t_R)
                                         net22851 (net)
                 19.60    0.50 8385.38 v place23292/A (BUFx3_ASAP7_75t_R)
     9    7.79   17.02   22.51 8407.89 v place23292/Y (BUFx3_ASAP7_75t_R)
                                         net22850 (net)
                 17.11    0.70 8408.59 v _225339_/A (AND3x1_ASAP7_75t_R)
     2    1.39    9.45   15.37 8423.96 v _225339_/Y (AND3x1_ASAP7_75t_R)
                                         _161580_ (net)
                  9.46    0.07 8424.03 v _225346_/B (OA211x2_ASAP7_75t_R)
     2    1.98   12.56   28.03 8452.06 v _225346_/Y (OA211x2_ASAP7_75t_R)
                                         _161587_ (net)
                 12.56    0.08 8452.14 v _225347_/B (XOR2x2_ASAP7_75t_R)
     2    1.40    8.77   26.08 8478.22 ^ _225347_/Y (XOR2x2_ASAP7_75t_R)
                                         _161588_ (net)
                  8.77    0.04 8478.25 ^ _225350_/A (AND2x2_ASAP7_75t_R)
     3    2.10   10.34   16.51 8494.76 ^ _225350_/Y (AND2x2_ASAP7_75t_R)
                                         _161591_ (net)
                 10.34    0.07 8494.84 ^ _225351_/C (AND3x1_ASAP7_75t_R)
     2    2.54   19.83   23.75 8518.59 ^ _225351_/Y (AND3x1_ASAP7_75t_R)
                                         _161592_ (net)
                 19.83    0.20 8518.79 ^ _225364_/A (NAND3x1_ASAP7_75t_R)
     3    2.84   19.72   13.48 8532.26 v _225364_/Y (NAND3x1_ASAP7_75t_R)
                                         _161605_ (net)
                 19.75    0.48 8532.74 v _225371_/C (OR4x2_ASAP7_75t_R)
     2    2.02   13.59   34.96 8567.71 v _225371_/Y (OR4x2_ASAP7_75t_R)
                                         _161612_ (net)
                 13.60    0.21 8567.91 v _225393_/B (AO21x1_ASAP7_75t_R)
     2    2.32   15.16   21.32 8589.23 v _225393_/Y (AO21x1_ASAP7_75t_R)
                                         _161634_ (net)
                 15.16    0.11 8589.34 v place23178/A (BUFx3_ASAP7_75t_R)
    21   18.26   35.56   29.04 8618.38 v place23178/Y (BUFx3_ASAP7_75t_R)
                                         net22736 (net)
                 35.58    0.48 8618.87 v _225419_/A (NAND2x1_ASAP7_75t_R)
     1    1.11   17.98   17.14 8636.01 ^ _225419_/Y (NAND2x1_ASAP7_75t_R)
                                         _161660_ (net)
                 17.98    0.05 8636.06 ^ _225420_/B (XNOR2x2_ASAP7_75t_R)
     3    3.66   14.69   30.81 8666.87 v _225420_/Y (XNOR2x2_ASAP7_75t_R)
                                         _161661_ (net)
                 14.75    0.53 8667.39 v _225421_/B (NAND2x1_ASAP7_75t_R)
     2    2.03   45.73   12.99 8680.38 ^ _225421_/Y (NAND2x1_ASAP7_75t_R)
                                         _161662_ (net)
                 45.73    0.10 8680.48 ^ _225422_/C (MAJx2_ASAP7_75t_R)
     3    4.66   20.03   28.98 8709.46 ^ _225422_/Y (MAJx2_ASAP7_75t_R)
                                         _161663_ (net)
                 20.05    0.29 8709.74 ^ _225430_/A2 (AOI211x1_ASAP7_75t_R)
     2    1.87   27.40   20.75 8730.49 v _225430_/Y (AOI211x1_ASAP7_75t_R)
                                         _161671_ (net)
                 27.40    0.11 8730.60 v _225436_/B (AO21x1_ASAP7_75t_R)
     2    1.42   11.06   21.53 8752.13 v _225436_/Y (AO21x1_ASAP7_75t_R)
                                         _161677_ (net)
                 11.06    0.05 8752.18 v _225736_/B1 (AO22x1_ASAP7_75t_R)
     1    1.09   10.85   20.83 8773.01 v _225736_/Y (AO22x1_ASAP7_75t_R)
                                         _161977_ (net)
                 10.86    0.05 8773.06 v _225738_/A2 (AO211x2_ASAP7_75t_R)
     8    8.58   27.28   27.71 8800.77 v _225738_/Y (AO211x2_ASAP7_75t_R)
                                         _161979_ (net)
                 27.31    0.50 8801.27 v place23062/A (BUFx3_ASAP7_75t_R)
    14   13.66   27.39   29.01 8830.28 v place23062/Y (BUFx3_ASAP7_75t_R)
                                         net22620 (net)
                 27.59    1.33 8831.60 v _225938_/A1 (AO21x2_ASAP7_75t_R)
     4    3.54   13.81   27.39 8859.00 v _225938_/Y (AO21x2_ASAP7_75t_R)
                                         _162179_ (net)
                 13.81    0.12 8859.12 v _225941_/A1 (AO21x1_ASAP7_75t_R)
     1    0.93    9.09   17.47 8876.59 v _225941_/Y (AO21x1_ASAP7_75t_R)
                                         _162182_ (net)
                  9.09    0.07 8876.66 v _225962_/A2 (AO222x2_ASAP7_75t_R)
     3    3.82   17.95   36.74 8913.40 v _225962_/Y (AO222x2_ASAP7_75t_R)
                                         _162203_ (net)
                 17.98    0.37 8913.77 v _225997_/C (AOI211x1_ASAP7_75t_R)
     3    2.74   32.76   20.01 8933.77 ^ _225997_/Y (AOI211x1_ASAP7_75t_R)
                                         _162238_ (net)
                 32.76    0.26 8934.03 ^ _225998_/B (AND4x2_ASAP7_75t_R)
     5    5.37   24.85   38.11 8972.14 ^ _225998_/Y (AND4x2_ASAP7_75t_R)
                                         _162239_ (net)
                 24.91    0.67 8972.80 ^ _225999_/B (OA21x2_ASAP7_75t_R)
     3    2.54   12.16   21.51 8994.31 ^ _225999_/Y (OA21x2_ASAP7_75t_R)
                                         _162240_ (net)
                 12.16    0.12 8994.43 ^ _226099_/B (OR3x2_ASAP7_75t_R)
     5    7.29   25.66   21.94 9016.38 ^ _226099_/Y (OR3x2_ASAP7_75t_R)
                                         _162340_ (net)
                 25.78    1.02 9017.40 ^ place22882/A (BUFx3_ASAP7_75t_R)
    18   15.85   37.21   29.47 9046.87 ^ place22882/Y (BUFx3_ASAP7_75t_R)
                                         net22440 (net)
                 37.82    2.65 9049.51 ^ _226610_/A (NAND2x1_ASAP7_75t_R)
     1    1.12   11.81   10.10 9059.61 v _226610_/Y (NAND2x1_ASAP7_75t_R)
                                         _162851_ (net)
                 11.81    0.06 9059.68 v _226611_/B (XNOR2x2_ASAP7_75t_R)
     1    0.69    6.70   21.04 9080.71 ^ _226611_/Y (XNOR2x2_ASAP7_75t_R)
                                         _162852_ (net)
                  6.70    0.04 9080.75 ^ _226620_/A3 (AO32x1_ASAP7_75t_R)
     2    2.23   20.11   22.31 9103.06 ^ _226620_/Y (AO32x1_ASAP7_75t_R)
                                         _162861_ (net)
                 20.11    0.08 9103.14 ^ _226621_/C (NOR3x1_ASAP7_75t_R)
     1    1.42   17.41   15.89 9119.03 v _226621_/Y (NOR3x1_ASAP7_75t_R)
                                         _162862_ (net)
                 17.42    0.18 9119.21 v _226623_/C (OR4x1_ASAP7_75t_R)
     2    1.67   15.00   30.80 9150.01 v _226623_/Y (OR4x1_ASAP7_75t_R)
                                         _162864_ (net)
                 15.01    0.06 9150.07 v _226625_/B (OR3x1_ASAP7_75t_R)
     3    2.27   17.04   26.30 9176.37 v _226625_/Y (OR3x1_ASAP7_75t_R)
                                         _162866_ (net)
                 17.05    0.18 9176.55 v place22757/A (BUFx3_ASAP7_75t_R)
     1    1.53    6.23   16.04 9192.59 v place22757/Y (BUFx3_ASAP7_75t_R)
                                         net22315 (net)
                  6.24    0.10 9192.69 v _226626_/C (NAND3x1_ASAP7_75t_R)
     3    3.37   29.72   18.48 9211.18 ^ _226626_/Y (NAND3x1_ASAP7_75t_R)
                                         _162867_ (net)
                 29.74    0.44 9211.62 ^ _226717_/A1 (OAI21x1_ASAP7_75t_R)
     6    6.35   34.51   21.64 9233.26 v _226717_/Y (OAI21x1_ASAP7_75t_R)
                                         _162958_ (net)
                 34.55    0.64 9233.90 v place22721/A (BUFx3_ASAP7_75t_R)
     6    6.44   14.95   25.16 9259.06 v place22721/Y (BUFx3_ASAP7_75t_R)
                                         net22279 (net)
                 14.97    0.28 9259.34 v _226955_/B (AOI21x1_ASAP7_75t_R)
     2    1.87   17.93   13.53 9272.88 ^ _226955_/Y (AOI21x1_ASAP7_75t_R)
                                         _163196_ (net)
                 17.93    0.06 9272.94 ^ _226956_/B (XNOR2x2_ASAP7_75t_R)
     2    2.15   10.49   28.51 9301.45 v _226956_/Y (XNOR2x2_ASAP7_75t_R)
                                         _163197_ (net)
                 10.50    0.11 9301.57 v _226960_/B (MAJx2_ASAP7_75t_R)
     1    0.88   10.15   21.12 9322.69 v _226960_/Y (MAJx2_ASAP7_75t_R)
                                         _163201_ (net)
                 10.15    0.06 9322.75 v _226961_/B (AO21x1_ASAP7_75t_R)
     2    2.28   14.98   20.41 9343.16 v _226961_/Y (AO21x1_ASAP7_75t_R)
                                         _163202_ (net)
                 14.99    0.26 9343.42 v _226962_/B (AO21x1_ASAP7_75t_R)
     2    2.83   17.88   22.72 9366.14 v _226962_/Y (AO21x1_ASAP7_75t_R)
                                         _163203_ (net)
                 17.94    0.61 9366.75 v place22586/A (BUFx3_ASAP7_75t_R)
     2    3.17    8.96   18.07 9384.82 v place22586/Y (BUFx3_ASAP7_75t_R)
                                         net22144 (net)
                  8.97    0.12 9384.94 v _227103_/B (NAND3x1_ASAP7_75t_R)
     2    1.80   20.34   13.54 9398.47 ^ _227103_/Y (NAND3x1_ASAP7_75t_R)
                                         _163344_ (net)
                 20.34    0.11 9398.58 ^ _227110_/B (AND4x1_ASAP7_75t_R)
     2    2.38   20.45   29.23 9427.82 ^ _227110_/Y (AND4x1_ASAP7_75t_R)
                                         _163351_ (net)
                 20.46    0.16 9427.97 ^ place22551/A (BUFx6f_ASAP7_75t_R)
    10   10.06   14.52   18.85 9446.82 ^ place22551/Y (BUFx6f_ASAP7_75t_R)
                                         net22109 (net)
                 14.86    1.21 9448.03 ^ place22549/A (BUFx3_ASAP7_75t_R)
     3    3.21    9.87   16.39 9464.42 ^ place22549/Y (BUFx3_ASAP7_75t_R)
                                         net22107 (net)
                  9.88    0.10 9464.53 ^ place22548/A (BUFx3_ASAP7_75t_R)
    10   12.73   30.31   22.95 9487.48 ^ place22548/Y (BUFx3_ASAP7_75t_R)
                                         net22106 (net)
                 30.33    0.44 9487.92 ^ _227493_/A1 (AO21x1_ASAP7_75t_R)
     1    0.87    8.96   16.16 9504.07 ^ _227493_/Y (AO21x1_ASAP7_75t_R)
                                         _163734_ (net)
                  8.96    0.05 9504.12 ^ _227494_/A (AND3x1_ASAP7_75t_R)
     1    1.72   15.00   20.41 9524.54 ^ _227494_/Y (AND3x1_ASAP7_75t_R)
                                         _163735_ (net)
                 15.01    0.27 9524.81 ^ _227510_/A (AND5x1_ASAP7_75t_R)
     1    1.53   16.57   29.38 9554.19 ^ _227510_/Y (AND5x1_ASAP7_75t_R)
                                         _163751_ (net)
                 16.57    0.15 9554.34 ^ _227512_/D (AND5x2_ASAP7_75t_R)
     3    4.07   20.14   34.81 9589.15 ^ _227512_/Y (AND5x2_ASAP7_75t_R)
                                         _163753_ (net)
                 20.26    0.85 9590.00 ^ _227530_/B (OR3x1_ASAP7_75t_R)
     2    1.97   14.55   17.64 9607.64 ^ _227530_/Y (OR3x1_ASAP7_75t_R)
                                         _163771_ (net)
                 14.55    0.16 9607.80 ^ _227532_/C (OR3x1_ASAP7_75t_R)
     4    4.47   30.19   23.26 9631.07 ^ _227532_/Y (OR3x1_ASAP7_75t_R)
                                         _163773_ (net)
                 30.29    1.03 9632.09 ^ place22396/A (BUFx3_ASAP7_75t_R)
     7    7.62   19.12   23.85 9655.94 ^ place22396/Y (BUFx3_ASAP7_75t_R)
                                         net21954 (net)
                 19.18    0.61 9656.55 ^ place22395/A (BUFx3_ASAP7_75t_R)
     6    6.60   17.54   20.24 9676.80 ^ place22395/Y (BUFx3_ASAP7_75t_R)
                                         net21953 (net)
                 18.16    1.78 9678.58 ^ _227733_/A (AND2x2_ASAP7_75t_R)
     1    1.09    8.06   16.44 9695.02 ^ _227733_/Y (AND2x2_ASAP7_75t_R)
                                         _163974_ (net)
                  8.06    0.04 9695.07 ^ _227734_/B (XNOR2x2_ASAP7_75t_R)
     2    1.38    8.38   25.16 9720.23 v _227734_/Y (XNOR2x2_ASAP7_75t_R)
                                         _163975_ (net)
                  8.38    0.06 9720.28 v _227763_/A2 (AO221x1_ASAP7_75t_R)
     2    1.17   12.13   23.37 9743.65 v _227763_/Y (AO221x1_ASAP7_75t_R)
                                         _164004_ (net)
                 12.13    0.04 9743.70 v _227783_/A2 (AO32x1_ASAP7_75t_R)
     2    2.14   15.74   26.23 9769.93 v _227783_/Y (AO32x1_ASAP7_75t_R)
                                         _164024_ (net)
                 15.75    0.16 9770.08 v _227860_/A1 (OAI21x1_ASAP7_75t_R)
     2    3.73   28.60   18.43 9788.52 ^ _227860_/Y (OAI21x1_ASAP7_75t_R)
                                         _164101_ (net)
                 28.72    0.98 9789.50 ^ place22249/A (BUFx6f_ASAP7_75t_R)
     4    3.31    7.32   17.01 9806.51 ^ place22249/Y (BUFx6f_ASAP7_75t_R)
                                         net21807 (net)
                  7.33    0.14 9806.64 ^ _227861_/B (NAND2x1_ASAP7_75t_R)
     2    1.56   10.10    7.51 9814.16 v _227861_/Y (NAND2x1_ASAP7_75t_R)
                                         _164102_ (net)
                 10.10    0.04 9814.20 v _227862_/B (AND2x2_ASAP7_75t_R)
     8    7.13   22.32   22.81 9837.01 v _227862_/Y (AND2x2_ASAP7_75t_R)
                                         _164103_ (net)
                 22.43    0.89 9837.90 v place22223/A (BUFx3_ASAP7_75t_R)
     4    2.80    8.52   18.90 9856.80 v place22223/Y (BUFx3_ASAP7_75t_R)
                                         net21781 (net)
                  8.53    0.17 9856.97 v _228259_/D (OR5x1_ASAP7_75t_R)
     2    1.93   19.50   36.50 9893.47 v _228259_/Y (OR5x1_ASAP7_75t_R)
                                         _164500_ (net)
                 19.51    0.21 9893.68 v _228294_/D (AND5x1_ASAP7_75t_R)
     2    1.51   10.70   23.17 9916.85 v _228294_/Y (AND5x1_ASAP7_75t_R)
                                         _164535_ (net)
                 10.70    0.07 9916.92 v _228295_/C (AO221x1_ASAP7_75t_R)
     1    0.86   11.17   22.75 9939.68 v _228295_/Y (AO221x1_ASAP7_75t_R)
                                         _164536_ (net)
                 11.17    0.06 9939.74 v _228296_/C (AO221x1_ASAP7_75t_R)
     2    2.45   17.82   27.79 9967.53 v _228296_/Y (AO221x1_ASAP7_75t_R)
                                         _164537_ (net)
                 17.84    0.29 9967.82 v _228325_/A (NAND2x1_ASAP7_75t_R)
     4    4.27   32.00   21.52 9989.34 ^ _228325_/Y (NAND2x1_ASAP7_75t_R)
                                         _164566_ (net)
                 32.04    0.62 9989.95 ^ _228377_/A2 (AO221x2_ASAP7_75t_R)
     5    4.38   20.27   34.05 10024.01 ^ _228377_/Y (AO221x2_ASAP7_75t_R)
                                         _164618_ (net)
                 20.29    0.39 10024.40 ^ _228378_/B (NAND2x1_ASAP7_75t_R)
     6    6.52   34.35   21.37 10045.77 v _228378_/Y (NAND2x1_ASAP7_75t_R)
                                         _164619_ (net)
                 34.37    0.49 10046.26 v place22046/A (BUFx6f_ASAP7_75t_R)
     6    4.23    8.11   20.32 10066.58 v place22046/Y (BUFx6f_ASAP7_75t_R)
                                         net21604 (net)
                  8.15    0.32 10066.90 v place22045/A (BUFx3_ASAP7_75t_R)
     3    2.07    6.91   13.86 10080.77 v place22045/Y (BUFx3_ASAP7_75t_R)
                                         net21603 (net)
                  6.91    0.10 10080.86 v _228626_/A1 (AO21x2_ASAP7_75t_R)
     3    2.13   10.00   19.15 10100.01 v _228626_/Y (AO21x2_ASAP7_75t_R)
                                         _164867_ (net)
                 10.00    0.10 10100.11 v _228633_/A2 (AO21x1_ASAP7_75t_R)
     4    3.52   22.61   22.26 10122.37 v _228633_/Y (AO21x1_ASAP7_75t_R)
                                         _164874_ (net)
                 22.61    0.19 10122.57 v place22005/A (BUFx3_ASAP7_75t_R)
     4    4.20   10.90   20.30 10142.86 v place22005/Y (BUFx3_ASAP7_75t_R)
                                         net21563 (net)
                 10.90    0.08 10142.94 v _229076_/A2 (AO21x1_ASAP7_75t_R)
     1    0.60    8.26   14.75 10157.69 v _229076_/Y (AO21x1_ASAP7_75t_R)
                                         _165317_ (net)
                  8.26    0.02 10157.72 v _229081_/A2 (AO221x1_ASAP7_75t_R)
     2    2.42   17.45   27.09 10184.81 v _229081_/Y (AO221x1_ASAP7_75t_R)
                                         _165322_ (net)
                 17.47    0.30 10185.11 v _229083_/A2 (AO21x1_ASAP7_75t_R)
     1    0.90    8.10   17.36 10202.47 v _229083_/Y (AO21x1_ASAP7_75t_R)
                                         _165324_ (net)
                  8.11    0.06 10202.53 v _229086_/A1 (AO21x1_ASAP7_75t_R)
     3    4.53   27.01   24.56 10227.09 v _229086_/Y (AO21x1_ASAP7_75t_R)
                                         _165327_ (net)
                 27.12    1.04 10228.14 v _229308_/A2 (AOI221x1_ASAP7_75t_R)
     2    2.42   31.57   21.12 10249.25 ^ _229308_/Y (AOI221x1_ASAP7_75t_R)
                                         _165549_ (net)
                 31.58    0.27 10249.52 ^ _229309_/B (AOI211x1_ASAP7_75t_R)
     1    1.61   24.58   15.35 10264.87 v _229309_/Y (AOI211x1_ASAP7_75t_R)
                                         _165550_ (net)
                 24.59    0.12 10264.98 v place21840/A (BUFx6f_ASAP7_75t_R)
    12   12.22   14.81   21.79 10286.77 v place21840/Y (BUFx6f_ASAP7_75t_R)
                                         net21398 (net)
                 14.86    0.47 10287.24 v _229315_/D (OR4x1_ASAP7_75t_R)
     1    0.96   12.56   27.95 10315.20 v _229315_/Y (OR4x1_ASAP7_75t_R)
                                         _165556_ (net)
                 12.56    0.07 10315.27 v _229320_/C (AND4x1_ASAP7_75t_R)
     1    0.98    7.66   14.65 10329.92 v _229320_/Y (AND4x1_ASAP7_75t_R)
                                         _165561_ (net)
                  7.66    0.08 10329.99 v _229325_/A1 (AO21x1_ASAP7_75t_R)
     2    2.15   14.28   19.03 10349.02 v _229325_/Y (AO21x1_ASAP7_75t_R)
                                         _165566_ (net)
                 14.28    0.12 10349.14 v _229353_/A1 (AOI221x1_ASAP7_75t_R)
     4    4.99   51.21   27.94 10377.08 ^ _229353_/Y (AOI221x1_ASAP7_75t_R)
                                         _165594_ (net)
                 51.29    1.19 10378.27 ^ _229638_/A (AND5x1_ASAP7_75t_R)
     2    1.77   18.58   37.01 10415.28 ^ _229638_/Y (AND5x1_ASAP7_75t_R)
                                         _165879_ (net)
                 18.59    0.16 10415.44 ^ _229640_/B2 (AO221x1_ASAP7_75t_R)
     1    1.73   15.61   22.60 10438.03 ^ _229640_/Y (AO221x1_ASAP7_75t_R)
                                         _165881_ (net)
                 15.61    0.15 10438.19 ^ place21684/A (BUFx6f_ASAP7_75t_R)
     9   11.72   16.52   17.85 10456.04 ^ place21684/Y (BUFx6f_ASAP7_75t_R)
                                         net21242 (net)
                 17.54    2.20 10458.23 ^ _229740_/A3 (OA31x2_ASAP7_75t_R)
     2    2.06   11.59   22.88 10481.11 ^ _229740_/Y (OA31x2_ASAP7_75t_R)
                                         _165981_ (net)
                 11.59    0.08 10481.20 ^ _229741_/A (XNOR2x2_ASAP7_75t_R)
     2    1.94   10.42   22.98 10504.17 ^ _229741_/Y (XNOR2x2_ASAP7_75t_R)
                                         _165982_ (net)
                 10.42    0.09 10504.26 ^ _229742_/A (XNOR2x2_ASAP7_75t_R)
     1    0.93    9.35   25.02 10529.28 v _229742_/Y (XNOR2x2_ASAP7_75t_R)
                                         _165983_ (net)
                  9.35    0.07 10529.35 v _229743_/C (AO221x1_ASAP7_75t_R)
     2    2.82   19.31   28.50 10557.85 v _229743_/Y (AO221x1_ASAP7_75t_R)
                                         _165984_ (net)
                 19.31    0.18 10558.04 v _229749_/C (AOI211x1_ASAP7_75t_R)
     2    4.23   44.41   25.81 10583.84 ^ _229749_/Y (AOI211x1_ASAP7_75t_R)
                                         _165990_ (net)
                 44.47    0.89 10584.73 ^ _229763_/B (NOR2x2_ASAP7_75t_R)
     3    3.28   18.76   15.78 10600.52 v _229763_/Y (NOR2x2_ASAP7_75t_R)
                                         _166004_ (net)
                 18.78    0.34 10600.85 v _230125_/A1 (AOI211x1_ASAP7_75t_R)
     4    2.89   32.37   20.53 10621.38 ^ _230125_/Y (AOI211x1_ASAP7_75t_R)
                                         _166366_ (net)
                 32.37    0.10 10621.48 ^ _230181_/A2 (OA21x2_ASAP7_75t_R)
    11    9.99   36.07   33.57 10655.05 ^ _230181_/Y (OA21x2_ASAP7_75t_R)
                                         _166422_ (net)
                 36.55    2.30 10657.35 ^ _230419_/A1 (OA21x2_ASAP7_75t_R)
     2    1.88   10.58   24.28 10681.63 ^ _230419_/Y (OA21x2_ASAP7_75t_R)
                                         _166660_ (net)
                 10.58    0.07 10681.70 ^ _230420_/B (XNOR2x2_ASAP7_75t_R)
     2    1.86    9.72   26.60 10708.30 v _230420_/Y (XNOR2x2_ASAP7_75t_R)
                                         _166661_ (net)
                  9.72    0.09 10708.39 v _230421_/B (XNOR2x2_ASAP7_75t_R)
     1    0.85    8.77   20.72 10729.11 ^ _230421_/Y (XNOR2x2_ASAP7_75t_R)
                                         _166662_ (net)
                  8.77    0.06 10729.17 ^ _230422_/E (AND5x1_ASAP7_75t_R)
     1    2.29   21.69   34.04 10763.21 ^ _230422_/Y (AND5x1_ASAP7_75t_R)
                                         _166663_ (net)
                 21.73    0.50 10763.71 ^ _230446_/D (AND5x1_ASAP7_75t_R)
     2    2.11   19.92   35.08 10798.79 ^ _230446_/Y (AND5x1_ASAP7_75t_R)
                                         _166687_ (net)
                 19.93    0.12 10798.91 ^ _230513_/A3 (AO31x2_ASAP7_75t_R)
     2    1.92   11.25   18.62 10817.53 ^ _230513_/Y (AO31x2_ASAP7_75t_R)
                                         _166754_ (net)
                 11.25    0.08 10817.61 ^ _230514_/C (AOI221x1_ASAP7_75t_R)
     3    3.09   39.51   18.35 10835.96 v _230514_/Y (AOI221x1_ASAP7_75t_R)
                                         _166755_ (net)
                 39.52    0.34 10836.29 v _230515_/B (OAI21x1_ASAP7_75t_R)
     1    1.41   15.30   12.10 10848.39 ^ _230515_/Y (OAI21x1_ASAP7_75t_R)
                                         _166756_ (net)
                 15.31    0.06 10848.45 ^ place21065/A (BUFx6f_ASAP7_75t_R)
    13   11.41   15.81   18.06 10866.51 ^ place21065/Y (BUFx6f_ASAP7_75t_R)
                                         net20623 (net)
                 15.83    0.31 10866.82 ^ place21062/A (BUFx6f_ASAP7_75t_R)
    20   17.06   22.29   20.50 10887.31 ^ place21062/Y (BUFx6f_ASAP7_75t_R)
                                         net20620 (net)
                 22.75    1.78 10889.09 ^ _230817_/A (AND2x2_ASAP7_75t_R)
     2    1.99   10.29   18.65 10907.74 ^ _230817_/Y (AND2x2_ASAP7_75t_R)
                                         _167058_ (net)
                 10.30    0.11 10907.86 ^ _230818_/B (XNOR2x2_ASAP7_75t_R)
     2    1.85   10.11   22.44 10930.30 ^ _230818_/Y (XNOR2x2_ASAP7_75t_R)
                                         _167059_ (net)
                 10.11    0.07 10930.37 ^ _230819_/B (XNOR2x2_ASAP7_75t_R)
     2    1.68   10.85   26.17 10956.54 v _230819_/Y (XNOR2x2_ASAP7_75t_R)
                                         _167060_ (net)
                 10.85    0.11 10956.65 v _230872_/A (OR2x2_ASAP7_75t_R)
     2    1.73    8.80   18.44 10975.09 v _230872_/Y (OR2x2_ASAP7_75t_R)
                                         _167113_ (net)
                  8.81    0.15 10975.24 v _230897_/B2 (OA33x2_ASAP7_75t_R)
     1    0.74   12.39   24.87 11000.11 v _230897_/Y (OA33x2_ASAP7_75t_R)
                                         _167138_ (net)
                 12.39    0.03 11000.14 v _230898_/B (OA21x2_ASAP7_75t_R)
     1    0.62    7.41   13.68 11013.83 v _230898_/Y (OA21x2_ASAP7_75t_R)
                                         _167139_ (net)
                  7.41    0.03 11013.86 v _230906_/B (OA211x2_ASAP7_75t_R)
     4    4.37   19.18   31.43 11045.29 v _230906_/Y (OA211x2_ASAP7_75t_R)
                                         _167147_ (net)
                 19.19    0.25 11045.54 v _230918_/A1 (OAI21x1_ASAP7_75t_R)
     2    1.48   16.71   13.83 11059.37 ^ _230918_/Y (OAI21x1_ASAP7_75t_R)
                                         _167159_ (net)
                 16.71    0.03 11059.40 ^ _230936_/A1 (AO21x2_ASAP7_75t_R)
     9    9.44   34.45   27.84 11087.24 ^ _230936_/Y (AO21x2_ASAP7_75t_R)
                                         _167177_ (net)
                 34.94    2.29 11089.54 ^ place20920/A (BUFx3_ASAP7_75t_R)
     8    7.55   19.26   24.58 11114.12 ^ place20920/Y (BUFx3_ASAP7_75t_R)
                                         net20478 (net)
                 19.29    0.44 11114.56 ^ _230992_/B (AND3x2_ASAP7_75t_R)
     2    2.15   12.51   24.74 11139.29 ^ _230992_/Y (AND3x2_ASAP7_75t_R)
                                         _167233_ (net)
                 12.52    0.07 11139.37 ^ _231175_/B (XNOR2x2_ASAP7_75t_R)
     2    1.77    9.42   26.80 11166.17 v _231175_/Y (XNOR2x2_ASAP7_75t_R)
                                         _167416_ (net)
                  9.42    0.07 11166.24 v _231176_/B (XNOR2x2_ASAP7_75t_R)
     1    0.73    8.43   20.45 11186.69 ^ _231176_/Y (XNOR2x2_ASAP7_75t_R)
                                         _167417_ (net)
                  8.43    0.03 11186.72 ^ _231180_/A (AND4x1_ASAP7_75t_R)
     3    3.57   27.59   29.45 11216.17 ^ _231180_/Y (AND4x1_ASAP7_75t_R)
                                         _167421_ (net)
                 27.60    0.23 11216.40 ^ _231314_/A (NAND3x1_ASAP7_75t_R)
     1    0.71   12.02    8.27 11224.67 v _231314_/Y (NAND3x1_ASAP7_75t_R)
                                         _167555_ (net)
                 12.02    0.03 11224.70 v _231315_/E (OR5x1_ASAP7_75t_R)
     2    2.11   19.23   38.09 11262.79 v _231315_/Y (OR5x1_ASAP7_75t_R)
                                         _167556_ (net)
                 19.24    0.21 11263.01 v _231371_/A (AND5x2_ASAP7_75t_R)
     7    6.52   21.54   25.60 11288.61 v _231371_/Y (AND5x2_ASAP7_75t_R)
                                         _167612_ (net)
                 21.62    0.73 11289.33 v _231376_/B (NAND2x1p5_ASAP7_75t_R)
     7    7.49   33.41   21.71 11311.05 ^ _231376_/Y (NAND2x1p5_ASAP7_75t_R)
                                         _167617_ (net)
                 33.48    0.87 11311.92 ^ place20787/A (BUFx6f_ASAP7_75t_R)
    11    9.75   14.37   21.14 11333.06 ^ place20787/Y (BUFx6f_ASAP7_75t_R)
                                         net20345 (net)
                 14.39    0.32 11333.38 ^ _231559_/A (AND2x2_ASAP7_75t_R)
     1    1.22    7.74   16.00 11349.38 ^ _231559_/Y (AND2x2_ASAP7_75t_R)
                                         _167800_ (net)
                  7.74    0.06 11349.45 ^ _231560_/A (XNOR2x2_ASAP7_75t_R)
     5    5.34   19.28   30.92 11380.36 v _231560_/Y (XNOR2x2_ASAP7_75t_R)
                                         _167801_ (net)
                 19.42    0.92 11381.28 v _231561_/B (NAND2x1_ASAP7_75t_R)
     1    1.23   28.37   11.83 11393.12 ^ _231561_/Y (NAND2x1_ASAP7_75t_R)
                                         _167802_ (net)
                 28.37    0.07 11393.19 ^ _231575_/B (AND5x2_ASAP7_75t_R)
     2    1.53   12.49   30.23 11423.42 ^ _231575_/Y (AND5x2_ASAP7_75t_R)
                                         _167816_ (net)
                 12.49    0.09 11423.50 ^ _231624_/A (AND5x1_ASAP7_75t_R)
     1    0.74   12.89   26.58 11450.09 ^ _231624_/Y (AND5x1_ASAP7_75t_R)
                                         _167865_ (net)
                 12.89    0.05 11450.13 ^ _231625_/B (OA211x2_ASAP7_75t_R)
     3    3.20   15.61   24.90 11475.04 ^ _231625_/Y (OA211x2_ASAP7_75t_R)
                                         _167866_ (net)
                 15.64    0.39 11475.43 ^ _231626_/B (AND2x4_ASAP7_75t_R)
     2    1.84    6.90   16.05 11491.48 ^ _231626_/Y (AND2x4_ASAP7_75t_R)
                                         _167867_ (net)
                  6.90    0.05 11491.53 ^ _231767_/A1 (AO211x2_ASAP7_75t_R)
     3    4.27   18.42   25.84 11517.37 ^ _231767_/Y (AO211x2_ASAP7_75t_R)
                                         _168008_ (net)
                 18.48    0.61 11517.98 ^ place20676/A (BUFx6f_ASAP7_75t_R)
     7    6.64   10.61   16.79 11534.76 ^ place20676/Y (BUFx6f_ASAP7_75t_R)
                                         net20234 (net)
                 10.67    0.44 11535.21 ^ _231912_/A (AND2x2_ASAP7_75t_R)
     2    1.99   10.07   16.68 11551.89 ^ _231912_/Y (AND2x2_ASAP7_75t_R)
                                         _168153_ (net)
                 10.07    0.08 11551.97 ^ _231913_/B (XNOR2x2_ASAP7_75t_R)
     2    1.98   10.04   26.71 11578.68 v _231913_/Y (XNOR2x2_ASAP7_75t_R)
                                         _168154_ (net)
                 10.04    0.09 11578.77 v _231919_/B1 (AO221x1_ASAP7_75t_R)
     2    1.61   14.94   23.20 11601.96 v _231919_/Y (AO221x1_ASAP7_75t_R)
                                         _168160_ (net)
                 14.95    0.14 11602.11 v _231938_/A (OR5x1_ASAP7_75t_R)
     1    1.05   13.08   28.49 11630.59 v _231938_/Y (OR5x1_ASAP7_75t_R)
                                         _168179_ (net)
                 13.08    0.10 11630.69 v _231957_/A1 (AO32x1_ASAP7_75t_R)
     1    1.34   11.68   22.81 11653.50 v _231957_/Y (AO32x1_ASAP7_75t_R)
                                         _168198_ (net)
                 11.68    0.11 11653.60 v _232004_/B2 (OA221x2_ASAP7_75t_R)
     1    1.13    9.09   24.02 11677.62 v _232004_/Y (OA221x2_ASAP7_75t_R)
                                         _168245_ (net)
                  9.10    0.11 11677.73 v _232005_/D (OR4x1_ASAP7_75t_R)
     1    3.51   24.84   35.19 11712.92 v _232005_/Y (OR4x1_ASAP7_75t_R)
                                         _168246_ (net)
                 24.87    0.54 11713.46 v _232006_/B (NAND3x2_ASAP7_75t_R)
     7   10.99   46.16   27.19 11740.65 ^ _232006_/Y (NAND3x2_ASAP7_75t_R)
                                         _168247_ (net)
                 49.69    6.71 11747.36 ^ _232185_/A2 (AO22x1_ASAP7_75t_R)
     1    0.79   10.14   26.04 11773.40 ^ _232185_/Y (AO22x1_ASAP7_75t_R)
                                         _168426_ (net)
                 10.14    0.04 11773.44 ^ _232187_/A1 (AO21x1_ASAP7_75t_R)
     2    1.93   15.01   16.82 11790.27 ^ _232187_/Y (AO21x1_ASAP7_75t_R)
                                         _168428_ (net)
                 15.01    0.09 11790.36 ^ _232190_/A2 (AOI21x1_ASAP7_75t_R)
     9    7.87   41.06   22.14 11812.49 v _232190_/Y (AOI21x1_ASAP7_75t_R)
                                         _168431_ (net)
                 41.07    0.49 11812.98 v _232248_/B (OR3x1_ASAP7_75t_R)
     2    1.54   14.17   29.05 11842.03 v _232248_/Y (OR3x1_ASAP7_75t_R)
                                         _168489_ (net)
                 14.17    0.05 11842.08 v _232279_/A2 (AO21x1_ASAP7_75t_R)
     3    3.32   20.20   22.83 11864.91 v _232279_/Y (AO21x1_ASAP7_75t_R)
                                         _168520_ (net)
                 20.21    0.36 11865.27 v _232503_/A1 (AO22x2_ASAP7_75t_R)
     5    4.79   18.05   27.98 11893.25 v _232503_/Y (AO22x2_ASAP7_75t_R)
                                         _168744_ (net)
                 18.07    0.30 11893.54 v _232540_/B (XNOR2x2_ASAP7_75t_R)
     3    2.61   12.51   25.68 11919.22 ^ _232540_/Y (XNOR2x2_ASAP7_75t_R)
                                         _168781_ (net)
                 12.51    0.09 11919.31 ^ _232542_/C (AND3x2_ASAP7_75t_R)
     2    1.51   11.65   22.02 11941.32 ^ _232542_/Y (AND3x2_ASAP7_75t_R)
                                         _168783_ (net)
                 11.65    0.04 11941.36 ^ _232543_/C (OR3x2_ASAP7_75t_R)
     5    5.10   20.44   19.60 11960.96 ^ _232543_/Y (OR3x2_ASAP7_75t_R)
                                         _168784_ (net)
                 20.48    0.46 11961.42 ^ place20232/A (BUFx3_ASAP7_75t_R)
     2    2.01    7.74   16.54 11977.96 ^ place20232/Y (BUFx3_ASAP7_75t_R)
                                         net19790 (net)
                  7.74    0.08 11978.04 ^ _232615_/B (AO31x2_ASAP7_75t_R)
     1    0.71    7.53   16.65 11994.69 ^ _232615_/Y (AO31x2_ASAP7_75t_R)
                                         _168856_ (net)
                  7.53    0.04 11994.73 ^ _232625_/B2 (OA222x2_ASAP7_75t_R)
     6    4.32   20.41   31.56 12026.29 ^ _232625_/Y (OA222x2_ASAP7_75t_R)
                                         _168866_ (net)
                 20.44    0.43 12026.71 ^ _232638_/A (MAJx2_ASAP7_75t_R)
     1    0.65    6.99   19.75 12046.46 ^ _232638_/Y (MAJx2_ASAP7_75t_R)
                                         _168879_ (net)
                  6.99    0.03 12046.49 ^ _232640_/B2 (AO221x2_ASAP7_75t_R)
     3    2.59   14.42   23.36 12069.85 ^ _232640_/Y (AO221x2_ASAP7_75t_R)
                                         _168881_ (net)
                 14.43    0.21 12070.06 ^ place19938/A (BUFx3_ASAP7_75t_R)
     1    1.27    6.11   14.12 12084.19 ^ place19938/Y (BUFx3_ASAP7_75t_R)
                                         net19496 (net)
                  6.11    0.05 12084.23 ^ _232669_/A1 (AO31x2_ASAP7_75t_R)
     8    5.63   22.36   22.13 12106.37 ^ _232669_/Y (AO31x2_ASAP7_75t_R)
                                         _168910_ (net)
                 22.41    0.58 12106.95 ^ _232670_/B (OAI21x1_ASAP7_75t_R)
     5    4.07   26.02   18.20 12125.15 v _232670_/Y (OAI21x1_ASAP7_75t_R)
                                         _168911_ (net)
                 26.03    0.11 12125.26 v place19853/A (BUFx3_ASAP7_75t_R)
    15   12.09   24.53   27.51 12152.77 v place19853/Y (BUFx3_ASAP7_75t_R)
                                         net19411 (net)
                 24.54    0.21 12152.99 v _233618_/A1 (AO21x1_ASAP7_75t_R)
     3    3.14   19.63   26.00 12178.99 v _233618_/Y (AO21x1_ASAP7_75t_R)
                                         _169859_ (net)
                 19.65    0.31 12179.31 v _233619_/C (OA211x2_ASAP7_75t_R)
     1    0.80    9.47   30.53 12209.83 v _233619_/Y (OA211x2_ASAP7_75t_R)
                                         _169860_ (net)
                  9.47    0.04 12209.88 v _233626_/C (OR4x1_ASAP7_75t_R)
     3    3.02   22.19   33.53 12243.41 v _233626_/Y (OR4x1_ASAP7_75t_R)
                                         _169867_ (net)
                 22.24    0.59 12244.00 v _233632_/A2 (OA211x2_ASAP7_75t_R)
     1    0.74    9.34   25.89 12269.89 v _233632_/Y (OA211x2_ASAP7_75t_R)
                                         _169873_ (net)
                  9.34    0.03 12269.93 v _233633_/B2 (OA22x2_ASAP7_75t_R)
     2    2.04   10.32   21.03 12290.96 v _233633_/Y (OA22x2_ASAP7_75t_R)
                                         _169874_ (net)
                 10.33    0.14 12291.10 v _233721_/C (AND5x2_ASAP7_75t_R)
     2    1.97    9.50   21.21 12312.31 v _233721_/Y (AND5x2_ASAP7_75t_R)
                                         _169962_ (net)
                  9.51    0.08 12312.40 v _233967_/C (AND3x4_ASAP7_75t_R)
     2    2.05    7.70   20.83 12333.23 v _233967_/Y (AND3x4_ASAP7_75t_R)
                                         _170208_ (net)
                  7.71    0.15 12333.38 v _235036_/B (AND5x2_ASAP7_75t_R)
     5    5.50   18.97   22.48 12355.86 v _235036_/Y (AND5x2_ASAP7_75t_R)
                                         _171277_ (net)
                 19.05    0.67 12356.53 v _235186_/B (AND4x1_ASAP7_75t_R)
     2    1.63   10.91   17.52 12374.05 v _235186_/Y (AND4x1_ASAP7_75t_R)
                                         _171427_ (net)
                 10.92    0.08 12374.14 v _235297_/B (AND3x2_ASAP7_75t_R)
     2    2.26   11.01   15.66 12389.79 v _235297_/Y (AND3x2_ASAP7_75t_R)
                                         _171538_ (net)
                 11.03    0.25 12390.05 v _235300_/B (OR5x2_ASAP7_75t_R)
     2    5.26   26.25   43.47 12433.52 v _235300_/Y (OR5x2_ASAP7_75t_R)
                                         _171541_ (net)
                 26.94    2.31 12435.83 v place19574/A (BUFx3_ASAP7_75t_R)
     3    3.76   10.35   20.87 12456.70 v place19574/Y (BUFx3_ASAP7_75t_R)
                                         net19132 (net)
                 10.38    0.26 12456.96 v _276097_/A (INVx1_ASAP7_75t_R)
     1    0.65    7.15    6.48 12463.43 ^ _276097_/Y (INVx1_ASAP7_75t_R)
                                         _036859_ (net)
                  7.15    0.03 12463.46 ^ _276098_/B1 (AO32x2_ASAP7_75t_R)
     6    5.66   24.35   29.13 12492.60 ^ _276098_/Y (AO32x2_ASAP7_75t_R)
                                         _036860_ (net)
                 24.47    0.97 12493.57 ^ _279914_/A1 (AOI21x1_ASAP7_75t_R)
     2    5.21   31.51   20.37 12513.94 v _279914_/Y (AOI21x1_ASAP7_75t_R)
                                         _040668_ (net)
                 32.04    2.23 12516.17 v _280017_/A1 (OAI21x1_ASAP7_75t_R)
     3   24.36  163.94   55.23 12571.41 ^ _280017_/Y (OAI21x1_ASAP7_75t_R)
                                         _040771_ (net)
                204.22   42.40 12613.81 ^ _326596_/B1 (AOI22x1_ASAP7_75t_R)
     1    1.41   43.81   22.04 12635.85 v _326596_/Y (AOI22x1_ASAP7_75t_R)
                                         _081463_ (net)
                 43.81    0.06 12635.90 v place19240/A (BUFx6f_ASAP7_75t_R)
     2    7.40   12.02   22.81 12658.71 v place19240/Y (BUFx6f_ASAP7_75t_R)
                                         net18798 (net)
                 16.66    3.82 12662.53 v place19238/A (BUFx6f_ASAP7_75t_R)
    26   23.64   27.42   20.09 12682.62 v place19238/Y (BUFx6f_ASAP7_75t_R)
                                         net18796 (net)
                 38.16    9.18 12691.80 v _326605_/A2 (OA21x2_ASAP7_75t_R)
     1    1.29    9.75   25.26 12717.06 v _326605_/Y (OA21x2_ASAP7_75t_R)
                                         _081472_ (net)
                  9.75    0.07 12717.13 v _326606_/B (NOR2x1_ASAP7_75t_R)
     1    0.77   22.55    7.41 12724.54 ^ _326606_/Y (NOR2x1_ASAP7_75t_R)
                                         u_int_prf._00044_[13] (net)
                 22.55    0.04 12724.57 ^ _395932_/D (DFFHQNx1_ASAP7_75t_R)
                               12724.57   data arrival time

                  0.00 12000.00 12000.00   clock core_clk (rise edge)
                          0.00 12000.00   clock network delay (ideal)
                        -50.00 11950.00   clock uncertainty
                          0.00 11950.00   clock reconvergence pessimism
                               11950.00 ^ _395932_/CLK (DFFHQNx1_ASAP7_75t_R)
                        -12.00 11938.00   library setup time
                               11938.00   data required time
-----------------------------------------------------------------------------
                               11938.00   data required time
                               -12724.57   data arrival time
-----------------------------------------------------------------------------
                               -786.58   slack (VIOLATED)


Startpoint: _393618_ (rising edge-triggered flip-flop clocked by core_clk)
Endpoint: dmem_req_addr[3] (output port clocked by core_clk)
Path Group: reg2out
Path Type: max

Fanout     Cap    Slew   Delay    Time   Description
-----------------------------------------------------------------------------
                  0.00    0.00    0.00   clock core_clk (rise edge)
                          0.00    0.00   clock network delay (ideal)
                  0.00    0.00    0.00 ^ _393618_/CLK (DFFHQNx1_ASAP7_75t_R)
    14   19.22  107.98   80.85   80.85 v _393618_/QN (DFFHQNx1_ASAP7_75t_R)
                                         _010748_ (net)
                108.10    2.19   83.04 v _192422_/A1 (OA33x2_ASAP7_75t_R)
    14   29.17   88.77   77.24  160.28 v _192422_/Y (OA33x2_ASAP7_75t_R)
                                         _128696_ (net)
                 88.83    1.50  161.78 v place32461/A (BUFx3_ASAP7_75t_R)
    25   44.32   88.80   52.79  214.57 v place32461/Y (BUFx3_ASAP7_75t_R)
                                         net32019 (net)
                 90.36    6.65  221.22 v _192464_/A (AND2x6_ASAP7_75t_R)
     2    6.99   13.82   39.08  260.30 v _192464_/Y (AND2x6_ASAP7_75t_R)
                                         _128738_ (net)
                 13.83    0.27  260.57 v place32371/A (BUFx3_ASAP7_75t_R)
    21   26.88   52.56   33.20  293.77 v place32371/Y (BUFx3_ASAP7_75t_R)
                                         net31929 (net)
                 55.66    6.83  300.60 v _192624_/B (OR3x4_ASAP7_75t_R)
    33   58.12   96.80   70.82  371.42 v _192624_/Y (OR3x4_ASAP7_75t_R)
                                         _128898_ (net)
                141.47   35.84  407.26 v place32110/A (BUFx3_ASAP7_75t_R)
    29   37.13   72.45   62.29  469.55 v place32110/Y (BUFx3_ASAP7_75t_R)
                                         net31668 (net)
                 77.47   10.15  479.70 v place32106/A (BUFx6f_ASAP7_75t_R)
    30   37.86   44.10   34.31  514.01 v place32106/Y (BUFx6f_ASAP7_75t_R)
                                         net31664 (net)
                 52.52    9.85  523.86 v place32105/A (BUFx3_ASAP7_75t_R)
    41   51.49  105.32   33.71  557.57 v place32105/Y (BUFx3_ASAP7_75t_R)
                                         net31663 (net)
                195.91   58.99  616.56 v _194530_/A2 (OA22x2_ASAP7_75t_R)
     1    1.48   13.42   46.84  663.40 v _194530_/Y (OA22x2_ASAP7_75t_R)
                                         _130804_ (net)
                 13.42    0.10  663.50 v _194531_/B2 (OAI22x1_ASAP7_75t_R)
     1    1.45   24.83   13.52  677.02 ^ _194531_/Y (OAI22x1_ASAP7_75t_R)
                                         _130805_ (net)
                 24.84    0.07  677.09 ^ _194532_/C (NOR3x1_ASAP7_75t_R)
     3    7.51   49.94   30.61  707.71 v _194532_/Y (NOR3x1_ASAP7_75t_R)
                                         _130806_ (net)
                 51.40    4.62  712.33 v _194533_/B (AND2x2_ASAP7_75t_R)
     2    1.52    9.55   25.62  737.95 v _194533_/Y (AND2x2_ASAP7_75t_R)
                                         _130807_ (net)
                  9.55    0.08  738.03 v _196804_/B (OR4x1_ASAP7_75t_R)
     3   16.77  101.29   55.88  793.92 v _196804_/Y (OR4x1_ASAP7_75t_R)
                                         _133078_ (net)
                113.98   18.57  812.49 v _197357_/B (NAND2x1_ASAP7_75t_R)
     5   16.95  128.97   81.49  893.98 ^ _197357_/Y (NAND2x1_ASAP7_75t_R)
                                         _133631_ (net)
                129.00    1.29  895.27 ^ _197862_/B2 (AOI221x1_ASAP7_75t_R)
     3   13.79  152.18   80.88  976.15 v _197862_/Y (AOI221x1_ASAP7_75t_R)
                                         _134136_ (net)
                158.15   16.30  992.45 v place30089/A (BUFx3_ASAP7_75t_R)
    19   33.73   69.49   49.17 1041.62 v place30089/Y (BUFx3_ASAP7_75t_R)
                                         net29647 (net)
                143.03   42.40 1084.02 v place30088/A (BUFx3_ASAP7_75t_R)
    30   36.72   75.50   54.55 1138.57 v place30088/Y (BUFx3_ASAP7_75t_R)
                                         net29646 (net)
                 98.24   21.99 1160.56 v _197864_/B (AND2x2_ASAP7_75t_R)
    11   26.39   76.84   60.18 1220.75 v _197864_/Y (AND2x2_ASAP7_75t_R)
                                         _134138_ (net)
                 81.71   10.32 1231.07 v _198490_/A (XNOR2x2_ASAP7_75t_R)
     2    1.24    9.62   31.97 1263.03 v _198490_/Y (XNOR2x2_ASAP7_75t_R)
                                         _134764_ (net)
                  9.62    0.04 1263.07 v _198494_/A (OR5x1_ASAP7_75t_R)
     3   17.71  107.42   60.42 1323.49 v _198494_/Y (OR5x1_ASAP7_75t_R)
                                         _134768_ (net)
                128.54   24.65 1348.14 v place29294/A (BUFx6f_ASAP7_75t_R)
    22   30.64   35.30   37.93 1386.07 v place29294/Y (BUFx6f_ASAP7_75t_R)
                                         net28852 (net)
                 81.37   24.14 1410.21 v _202919_/A (AND2x2_ASAP7_75t_R)
     2    3.70   15.14   36.36 1446.57 v _202919_/Y (AND2x2_ASAP7_75t_R)
                                         _139193_ (net)
                 15.15    0.21 1446.78 v _207950_/B (OR3x1_ASAP7_75t_R)
     2    7.76   47.41   38.24 1485.01 v _207950_/Y (OR3x1_ASAP7_75t_R)
                                         _144222_ (net)
                 49.22    5.03 1490.04 v _207951_/A (MAJx2_ASAP7_75t_R)
     3   10.26   36.21   40.02 1530.06 v _207951_/Y (MAJx2_ASAP7_75t_R)
                                         _144223_ (net)
                 37.75    4.08 1534.14 v _208672_/B (MAJx2_ASAP7_75t_R)
     2    2.67   13.93   31.77 1565.91 v _208672_/Y (MAJx2_ASAP7_75t_R)
                                         _144943_ (net)
                 13.94    0.13 1566.04 v _208722_/B (MAJx2_ASAP7_75t_R)
     2    2.43   11.96   24.83 1590.87 v _208722_/Y (MAJx2_ASAP7_75t_R)
                                         _144992_ (net)
                 11.96    0.07 1590.94 v _208759_/B (MAJx2_ASAP7_75t_R)
     2    4.13   18.08   26.48 1617.42 v _208759_/Y (MAJx2_ASAP7_75t_R)
                                         _145028_ (net)
                 18.25    0.97 1618.39 v _208837_/B (MAJx2_ASAP7_75t_R)
     2    2.65   12.88   26.45 1644.83 v _208837_/Y (MAJx2_ASAP7_75t_R)
                                         _145105_ (net)
                 12.89    0.11 1644.94 v _208912_/B (MAJx2_ASAP7_75t_R)
     2    5.00   19.40   28.04 1672.98 v _208912_/Y (MAJx2_ASAP7_75t_R)
                                         _145179_ (net)
                 19.69    1.32 1674.29 v _208937_/B (MAJx2_ASAP7_75t_R)
     2    3.66   18.39   28.36 1702.65 v _208937_/Y (MAJx2_ASAP7_75t_R)
                                         _145203_ (net)
                 18.41    0.32 1702.97 v _209010_/B (MAJx2_ASAP7_75t_R)
     2    3.53   15.04   27.80 1730.78 v _209010_/Y (MAJx2_ASAP7_75t_R)
                                         _145275_ (net)
                 15.04    0.08 1730.85 v _209082_/B (MAJx2_ASAP7_75t_R)
     2    4.27   19.25   27.61 1758.46 v _209082_/Y (MAJx2_ASAP7_75t_R)
                                         _145346_ (net)
                 19.32    0.66 1759.12 v _209182_/B (MAJx2_ASAP7_75t_R)
     2    3.32   15.21   27.76 1786.88 v _209182_/Y (MAJx2_ASAP7_75t_R)
                                         _145445_ (net)
                 15.21    0.12 1786.99 v _209211_/B (MAJx2_ASAP7_75t_R)
     2    2.56   13.08   25.40 1812.40 v _209211_/Y (MAJx2_ASAP7_75t_R)
                                         _145473_ (net)
                 13.08    0.13 1812.53 v _209318_/B (MAJx2_ASAP7_75t_R)
     2    3.03   14.39   25.51 1838.03 v _209318_/Y (MAJx2_ASAP7_75t_R)
                                         _145579_ (net)
                 14.42    0.32 1838.35 v _209357_/B (MAJx2_ASAP7_75t_R)
     2    3.92   17.58   27.03 1865.39 v _209357_/Y (MAJx2_ASAP7_75t_R)
                                         _145617_ (net)
                 17.64    0.57 1865.95 v _209417_/B (MAJx2_ASAP7_75t_R)
     2    2.70   13.83   26.33 1892.28 v _209417_/Y (MAJx2_ASAP7_75t_R)
                                         _145676_ (net)
                 13.84    0.18 1892.46 v _209481_/B (MAJx2_ASAP7_75t_R)
     2    5.73   24.75   28.69 1921.15 v _209481_/Y (MAJx2_ASAP7_75t_R)
                                         _145739_ (net)
                 25.68    2.55 1923.70 v _209517_/B (MAJx2_ASAP7_75t_R)
     2    2.48   13.14   28.21 1951.91 v _209517_/Y (MAJx2_ASAP7_75t_R)
                                         _145774_ (net)
                 13.14    0.07 1951.98 v _209573_/B (MAJx2_ASAP7_75t_R)
     2    2.55   13.53   24.80 1976.78 v _209573_/Y (MAJx2_ASAP7_75t_R)
                                         _145829_ (net)
                 13.53    0.07 1976.85 v _209635_/B (MAJx2_ASAP7_75t_R)
     2    2.52   12.54   24.85 2001.71 v _209635_/Y (MAJx2_ASAP7_75t_R)
                                         _145890_ (net)
                 12.55    0.11 2001.82 v _209690_/B (MAJx2_ASAP7_75t_R)
     2    3.09   14.66   25.39 2027.21 v _209690_/Y (MAJx2_ASAP7_75t_R)
                                         _145944_ (net)
                 14.70    0.42 2027.62 v _209718_/B (MAJx2_ASAP7_75t_R)
     2    2.48   12.35   25.14 2052.76 v _209718_/Y (MAJx2_ASAP7_75t_R)
                                         _145971_ (net)
                 12.36    0.09 2052.85 v _209773_/B (MAJx2_ASAP7_75t_R)
     2    4.75   20.18   27.21 2080.06 v _209773_/Y (MAJx2_ASAP7_75t_R)
                                         _146025_ (net)
                 20.62    1.64 2081.70 v _209836_/B (MAJx2_ASAP7_75t_R)
     2    2.46   15.73   26.83 2108.53 v _209836_/Y (MAJx2_ASAP7_75t_R)
                                         _146087_ (net)
                 15.73    0.07 2108.60 v _209909_/B (MAJx2_ASAP7_75t_R)
     2    2.52   12.98   25.49 2134.09 v _209909_/Y (MAJx2_ASAP7_75t_R)
                                         _146159_ (net)
                 12.98    0.13 2134.22 v _209935_/B (MAJx2_ASAP7_75t_R)
     2    3.32   15.70   25.81 2160.03 v _209935_/Y (MAJx2_ASAP7_75t_R)
                                         _146184_ (net)
                 15.76    0.52 2160.55 v _209997_/B (MAJx2_ASAP7_75t_R)
     2    2.60   13.99   25.66 2186.21 v _209997_/Y (MAJx2_ASAP7_75t_R)
                                         _146245_ (net)
                 13.99    0.08 2186.30 v _210075_/B (MAJx2_ASAP7_75t_R)
     2    2.46   13.52   24.90 2211.19 v _210075_/Y (MAJx2_ASAP7_75t_R)
                                         _146322_ (net)
                 13.52    0.07 2211.27 v _210093_/B (MAJx2_ASAP7_75t_R)
     2    3.72   16.87   26.48 2237.75 v _210093_/Y (MAJx2_ASAP7_75t_R)
                                         _146339_ (net)
                 16.97    0.72 2238.46 v _210144_/B (MAJx2_ASAP7_75t_R)
     2    2.51   13.42   25.84 2264.30 v _210144_/Y (MAJx2_ASAP7_75t_R)
                                         _146389_ (net)
                 13.43    0.10 2264.40 v _210218_/B (MAJx2_ASAP7_75t_R)
     2    2.53   12.29   24.83 2289.24 v _210218_/Y (MAJx2_ASAP7_75t_R)
                                         _146462_ (net)
                 12.30    0.11 2289.34 v _210244_/B (MAJx2_ASAP7_75t_R)
     1    1.13    9.62   22.08 2311.43 v _210244_/Y (MAJx2_ASAP7_75t_R)
                                         _146487_ (net)
                  9.62    0.04 2311.47 v _210254_/A (XNOR2x2_ASAP7_75t_R)
     2    2.87   13.31   23.84 2335.31 ^ _210254_/Y (XNOR2x2_ASAP7_75t_R)
                                         _146497_ (net)
                 13.38    0.53 2335.84 ^ _313940_/B (XNOR2x2_ASAP7_75t_R)
     1    0.66    7.16   21.41 2357.24 ^ _313940_/Y (XNOR2x2_ASAP7_75t_R)
                                         _070561_ (net)
                  7.16    0.03 2357.27 ^ _314011_/A (AND5x1_ASAP7_75t_R)
     3   13.87   95.52   55.34 2412.61 ^ _314011_/Y (AND5x1_ASAP7_75t_R)
                                         _070632_ (net)
                106.13   16.61 2429.22 ^ _314015_/A (NAND2x1_ASAP7_75t_R)
    10   11.59   70.77   42.00 2471.22 v _314015_/Y (NAND2x1_ASAP7_75t_R)
                                         _070636_ (net)
                 71.03    2.56 2473.78 v _314016_/B (OR2x2_ASAP7_75t_R)
    19   24.86   73.36   56.40 2530.18 v _314016_/Y (OR2x2_ASAP7_75t_R)
                                         _070637_ (net)
                 78.60   10.44 2540.62 v _314885_/B (NOR2x1_ASAP7_75t_R)
     2    1.42   25.05   19.04 2559.66 ^ _314885_/Y (NOR2x1_ASAP7_75t_R)
                                         _071506_ (net)
                 25.05    0.04 2559.70 ^ _314897_/A2 (AO21x1_ASAP7_75t_R)
     1    0.47    6.70   15.82 2575.52 ^ _314897_/Y (AO21x1_ASAP7_75t_R)
                                         _071518_ (net)
                  6.70    0.01 2575.54 ^ _314898_/B1 (AO22x1_ASAP7_75t_R)
     1    1.13   13.08   16.73 2592.27 ^ _314898_/Y (AO22x1_ASAP7_75t_R)
                                         _071519_ (net)
                 13.08    0.04 2592.30 ^ _314899_/B (NAND2x1_ASAP7_75t_R)
     1    1.36   17.02    8.37 2600.68 v _314899_/Y (NAND2x1_ASAP7_75t_R)
                                         _071520_ (net)
                 17.02    0.08 2600.75 v _314903_/A1 (AOI22x1_ASAP7_75t_R)
     2    2.42   27.82   17.04 2617.80 ^ _314903_/Y (AOI22x1_ASAP7_75t_R)
                                         _071524_ (net)
                 27.82    0.06 2617.85 ^ _314904_/B (OAI21x1_ASAP7_75t_R)
     1    0.46   15.57    9.78 2627.63 v _314904_/Y (OAI21x1_ASAP7_75t_R)
                                         _071525_ (net)
                 15.57    0.01 2627.64 v _314908_/B (OA211x2_ASAP7_75t_R)
     1    1.44   11.07   28.87 2656.51 v _314908_/Y (OA211x2_ASAP7_75t_R)
                                         _071529_ (net)
                 11.08    0.12 2656.63 v _314909_/C (MAJx2_ASAP7_75t_R)
     2    1.87   11.59   21.83 2678.46 v _314909_/Y (MAJx2_ASAP7_75t_R)
                                         _071530_ (net)
                 11.60    0.07 2678.53 v _314935_/B (NOR2x1_ASAP7_75t_R)
     1    0.67    8.93    7.47 2686.00 ^ _314935_/Y (NOR2x1_ASAP7_75t_R)
                                         _071556_ (net)
                  8.93    0.02 2686.02 ^ _314936_/B (AO21x1_ASAP7_75t_R)
     7   12.86   86.59   38.50 2724.52 ^ _314936_/Y (AO21x1_ASAP7_75t_R)
                                         _071557_ (net)
                 90.72   10.24 2734.76 ^ _314938_/A2 (AO21x1_ASAP7_75t_R)
     3    3.89   27.63   31.86 2766.62 ^ _314938_/Y (AO21x1_ASAP7_75t_R)
                                         _071559_ (net)
                 27.71    0.78 2767.40 ^ _314939_/B (NAND2x1_ASAP7_75t_R)
     1    1.38   15.21   10.57 2777.97 v _314939_/Y (NAND2x1_ASAP7_75t_R)
                                         _071560_ (net)
                 15.21    0.10 2778.07 v _314940_/B (NAND2x1_ASAP7_75t_R)
    12   16.82  115.38   48.20 2826.27 ^ _314940_/Y (NAND2x1_ASAP7_75t_R)
                                         _071561_ (net)
                116.91    7.52 2833.78 ^ _314953_/A2 (OA22x2_ASAP7_75t_R)
     2    2.20   13.13   34.30 2868.09 ^ _314953_/Y (OA22x2_ASAP7_75t_R)
                                         _071574_ (net)
                 13.14    0.17 2868.26 ^ _314954_/B (NOR2x1_ASAP7_75t_R)
     2    2.57   34.87   12.64 2880.90 v _314954_/Y (NOR2x1_ASAP7_75t_R)
                                         _071575_ (net)
                 34.87    0.14 2881.04 v _315005_/B (MAJx2_ASAP7_75t_R)
     1    1.17    9.12   28.33 2909.38 v _315005_/Y (MAJx2_ASAP7_75t_R)
                                         _071626_ (net)
                  9.12    0.05 2909.43 v _315006_/C (MAJx2_ASAP7_75t_R)
     1    1.16    9.26   20.09 2929.51 v _315006_/Y (MAJx2_ASAP7_75t_R)
                                         _071627_ (net)
                  9.26    0.05 2929.56 v _315007_/C (MAJx2_ASAP7_75t_R)
     1    1.14    8.99   20.09 2949.65 v _315007_/Y (MAJx2_ASAP7_75t_R)
                                         _071628_ (net)
                  8.99    0.04 2949.69 v _315008_/C (MAJx2_ASAP7_75t_R)
     1    1.48    9.90   20.59 2970.28 v _315008_/Y (MAJx2_ASAP7_75t_R)
                                         _071629_ (net)
                  9.91    0.13 2970.41 v _315009_/A2 (AOI21x1_ASAP7_75t_R)
     1    1.16   13.94    9.89 2980.30 ^ _315009_/Y (AOI21x1_ASAP7_75t_R)
                                         _071630_ (net)
                 13.94    0.05 2980.35 ^ _315012_/A (NOR2x1_ASAP7_75t_R)
     1    1.21   11.68   10.72 2991.06 v _315012_/Y (NOR2x1_ASAP7_75t_R)
                                         _071633_ (net)
                 11.68    0.06 2991.12 v _315013_/C (MAJx2_ASAP7_75t_R)
     1    1.15    9.13   20.73 3011.85 v _315013_/Y (MAJx2_ASAP7_75t_R)
                                         _071634_ (net)
                  9.13    0.05 3011.90 v _315014_/C (MAJx2_ASAP7_75t_R)
     1    1.42   10.32   20.53 3032.42 v _315014_/Y (MAJx2_ASAP7_75t_R)
                                         _071635_ (net)
                 10.33    0.11 3032.54 v _315015_/C (MAJx2_ASAP7_75t_R)
     2    1.91   11.61   21.70 3054.24 v _315015_/Y (MAJx2_ASAP7_75t_R)
                                         _071636_ (net)
                 11.62    0.08 3054.32 v _315016_/C (OR3x1_ASAP7_75t_R)
     2    1.32   11.52   23.00 3077.32 v _315016_/Y (OR3x1_ASAP7_75t_R)
                                         _071637_ (net)
                 11.52    0.05 3077.37 v _315025_/A (AND3x1_ASAP7_75t_R)
     6    5.46   30.34   23.51 3100.88 v _315025_/Y (AND3x1_ASAP7_75t_R)
                                         _071646_ (net)
                 30.35    0.31 3101.19 v _315027_/A2 (AO21x1_ASAP7_75t_R)
     3    6.55   37.68   33.41 3134.60 v _315027_/Y (AO21x1_ASAP7_75t_R)
                                         _071648_ (net)
                 37.69    0.20 3134.80 v _315028_/B (NOR2x1_ASAP7_75t_R)
     8    6.70   49.37   31.60 3166.40 ^ _315028_/Y (NOR2x1_ASAP7_75t_R)
                                         _071649_ (net)
                 49.38    0.57 3166.97 ^ _315070_/B1 (OAI22x1_ASAP7_75t_R)
     5    4.88   42.57   23.21 3190.18 v _315070_/Y (OAI22x1_ASAP7_75t_R)
                                         _071691_ (net)
                 42.61    0.70 3190.88 v _315071_/B (AND2x2_ASAP7_75t_R)
     2    2.06   10.40   25.01 3215.89 v _315071_/Y (AND2x2_ASAP7_75t_R)
                                         _071692_ (net)
                 10.41    0.10 3215.98 v _315101_/B (MAJx2_ASAP7_75t_R)
     1    1.19    9.15   21.64 3237.63 v _315101_/Y (MAJx2_ASAP7_75t_R)
                                         _071722_ (net)
                  9.15    0.05 3237.68 v _315102_/C (MAJx2_ASAP7_75t_R)
     1    1.19    9.34   20.15 3257.84 v _315102_/Y (MAJx2_ASAP7_75t_R)
                                         _071723_ (net)
                  9.34    0.05 3257.89 v _315103_/C (MAJx2_ASAP7_75t_R)
     1    1.13    8.98   20.10 3277.99 v _315103_/Y (MAJx2_ASAP7_75t_R)
                                         _071724_ (net)
                  8.98    0.04 3278.03 v _315104_/C (MAJx2_ASAP7_75t_R)
     1    1.19    9.11   20.11 3298.14 v _315104_/Y (MAJx2_ASAP7_75t_R)
                                         _071725_ (net)
                  9.11    0.05 3298.19 v _315105_/C (MAJx2_ASAP7_75t_R)
     1    1.15    9.32   20.07 3318.26 v _315105_/Y (MAJx2_ASAP7_75t_R)
                                         _071726_ (net)
                  9.32    0.04 3318.30 v _315106_/C (MAJx2_ASAP7_75t_R)
     1    0.79    7.95   19.49 3337.80 v _315106_/Y (MAJx2_ASAP7_75t_R)
                                         _071727_ (net)
                  7.95    0.04 3337.84 v _315107_/A2 (AO21x1_ASAP7_75t_R)
     1    1.17    9.30   15.65 3353.49 v _315107_/Y (AO21x1_ASAP7_75t_R)
                                         _071728_ (net)
                  9.30    0.05 3353.54 v _315111_/A (NAND2x1_ASAP7_75t_R)
     2    2.33   19.13   13.55 3367.09 ^ _315111_/Y (NAND2x1_ASAP7_75t_R)
                                         _071732_ (net)
                 19.13    0.11 3367.20 ^ _315112_/C (MAJx2_ASAP7_75t_R)
     1    0.66    7.29   18.60 3385.80 ^ _315112_/Y (MAJx2_ASAP7_75t_R)
                                         _071733_ (net)
                  7.29    0.02 3385.82 ^ _315113_/C (AND3x1_ASAP7_75t_R)
     1    0.69    8.75   17.33 3403.15 ^ _315113_/Y (AND3x1_ASAP7_75t_R)
                                         _071734_ (net)
                  8.75    0.03 3403.18 ^ _315120_/B (OR3x1_ASAP7_75t_R)
    12   13.31   85.92   43.45 3446.62 ^ _315120_/Y (OR3x1_ASAP7_75t_R)
                                         _071741_ (net)
                 86.03    1.95 3448.57 ^ _315161_/A (AND2x2_ASAP7_75t_R)
    26   30.57  105.22   57.07 3505.64 ^ _315161_/Y (AND2x2_ASAP7_75t_R)
                                         _071782_ (net)
                105.48    3.31 3508.95 ^ _315170_/A2 (OAI21x1_ASAP7_75t_R)
     8   13.46   84.00   46.14 3555.09 v _315170_/Y (OAI21x1_ASAP7_75t_R)
                                         _071791_ (net)
                 84.00    0.40 3555.50 v _315171_/B1 (AO32x1_ASAP7_75t_R)
     2    2.85   20.31   45.31 3600.81 v _315171_/Y (AO32x1_ASAP7_75t_R)
                                         _071792_ (net)
                 20.33    0.29 3601.10 v _315184_/B (MAJx2_ASAP7_75t_R)
     1    1.10    9.13   24.38 3625.48 v _315184_/Y (MAJx2_ASAP7_75t_R)
                                         _071805_ (net)
                  9.13    0.03 3625.52 v _315185_/C (MAJx2_ASAP7_75t_R)
     1    1.25    9.16   20.24 3645.76 v _315185_/Y (MAJx2_ASAP7_75t_R)
                                         _071806_ (net)
                  9.16    0.07 3645.83 v _315186_/C (MAJx2_ASAP7_75t_R)
     1    1.21    9.13   20.18 3666.01 v _315186_/Y (MAJx2_ASAP7_75t_R)
                                         _071807_ (net)
                  9.13    0.06 3666.07 v _315187_/C (MAJx2_ASAP7_75t_R)
     1    1.18    9.72   20.12 3686.19 v _315187_/Y (MAJx2_ASAP7_75t_R)
                                         _071808_ (net)
                  9.73    0.05 3686.24 v _315188_/C (MAJx2_ASAP7_75t_R)
     1    0.64    7.52   19.34 3705.58 v _315188_/Y (MAJx2_ASAP7_75t_R)
                                         _071809_ (net)
                  7.52    0.02 3705.60 v _315198_/A2 (AO21x1_ASAP7_75t_R)
     1    1.22    9.58   15.69 3721.28 v _315198_/Y (AO21x1_ASAP7_75t_R)
                                         _071819_ (net)
                  9.58    0.07 3721.35 v _315205_/A (NAND2x1_ASAP7_75t_R)
     2    2.21   18.44   13.35 3734.70 ^ _315205_/Y (NAND2x1_ASAP7_75t_R)
                                         _071826_ (net)
                 18.44    0.06 3734.76 ^ _315206_/C (MAJx2_ASAP7_75t_R)
     1    0.62    7.25   18.40 3753.16 ^ _315206_/Y (MAJx2_ASAP7_75t_R)
                                         _071827_ (net)
                  7.25    0.02 3753.17 ^ _315233_/B (AND3x1_ASAP7_75t_R)
     2    1.40   12.96   19.62 3772.79 ^ _315233_/Y (AND3x1_ASAP7_75t_R)
                                         _071854_ (net)
                 12.96    0.05 3772.85 ^ _315236_/B (OR3x1_ASAP7_75t_R)
     1    0.94    8.28   13.18 3786.02 ^ _315236_/Y (OR3x1_ASAP7_75t_R)
                                         _071857_ (net)
                  8.28    0.06 3786.08 ^ place25315/A (BUFx3_ASAP7_75t_R)
    18   20.94   50.38   25.77 3811.85 ^ place25315/Y (BUFx3_ASAP7_75t_R)
                                         net24873 (net)
                 52.01    5.05 3816.89 ^ _315238_/A2 (OA211x2_ASAP7_75t_R)
    10    9.18   35.50   40.55 3857.44 ^ _315238_/Y (OA211x2_ASAP7_75t_R)
                                         _071859_ (net)
                 35.98    2.30 3859.74 ^ _315247_/A2 (OA21x2_ASAP7_75t_R)
     8    7.43   28.02   31.43 3891.18 ^ _315247_/Y (OA21x2_ASAP7_75t_R)
                                         _071868_ (net)
                 28.07    0.61 3891.79 ^ _315320_/A2 (OA22x2_ASAP7_75t_R)
     5    6.04   23.93   28.58 3920.37 ^ _315320_/Y (OA22x2_ASAP7_75t_R)
                                         _071941_ (net)
                 24.35    1.74 3922.11 ^ _315335_/B1 (OA22x2_ASAP7_75t_R)
     1    1.28    8.27   20.20 3942.31 ^ _315335_/Y (OA22x2_ASAP7_75t_R)
                                         _071956_ (net)
                  8.27    0.04 3942.36 ^ _315336_/B (AOI21x1_ASAP7_75t_R)
     1    1.25   14.36    7.15 3949.51 v _315336_/Y (AOI21x1_ASAP7_75t_R)
                                         _071957_ (net)
                 14.36    0.07 3949.57 v _315337_/C (MAJx2_ASAP7_75t_R)
     1    1.17    9.41   21.41 3970.99 v _315337_/Y (MAJx2_ASAP7_75t_R)
                                         _071958_ (net)
                  9.41    0.05 3971.04 v _315338_/C (MAJx2_ASAP7_75t_R)
     1    1.15    9.26   20.14 3991.18 v _315338_/Y (MAJx2_ASAP7_75t_R)
                                         _071959_ (net)
                  9.26    0.04 3991.23 v _315339_/C (MAJx2_ASAP7_75t_R)
     1    0.96    9.10   19.77 4010.99 v _315339_/Y (MAJx2_ASAP7_75t_R)
                                         _071960_ (net)
                  9.10    0.07 4011.06 v _315340_/A2 (AO21x1_ASAP7_75t_R)
     1    1.24    9.67   16.17 4027.23 v _315340_/Y (AO21x1_ASAP7_75t_R)
                                         _071961_ (net)
                  9.68    0.07 4027.30 v _315346_/A (NAND2x1_ASAP7_75t_R)
     1    1.18   12.44   10.55 4037.85 ^ _315346_/Y (NAND2x1_ASAP7_75t_R)
                                         _071967_ (net)
                 12.44    0.05 4037.90 ^ _315347_/C (MAJx2_ASAP7_75t_R)
     1    1.37    9.16   18.57 4056.47 ^ _315347_/Y (MAJx2_ASAP7_75t_R)
                                         _071968_ (net)
                  9.17    0.10 4056.56 ^ _315348_/A2 (AOI21x1_ASAP7_75t_R)
     1    1.15   14.07    7.71 4064.27 v _315348_/Y (AOI21x1_ASAP7_75t_R)
                                         _071969_ (net)
                 14.07    0.04 4064.32 v _315349_/C (MAJx2_ASAP7_75t_R)
     2    1.80   10.94   22.45 4086.77 v _315349_/Y (MAJx2_ASAP7_75t_R)
                                         _071970_ (net)
                 10.94    0.04 4086.81 v _315350_/C (OR3x1_ASAP7_75t_R)
     1    1.11   10.42   22.15 4108.96 v _315350_/Y (OR3x1_ASAP7_75t_R)
                                         _071971_ (net)
                 10.42    0.04 4109.00 v _315352_/A (NAND2x1_ASAP7_75t_R)
     2    1.71   15.62   12.26 4121.26 ^ _315352_/Y (NAND2x1_ASAP7_75t_R)
                                         _071973_ (net)
                 15.62    0.07 4121.33 ^ _315353_/B (AOI211x1_ASAP7_75t_R)
     7    6.32   71.63   22.95 4144.28 v _315353_/Y (AOI211x1_ASAP7_75t_R)
                                         _071974_ (net)
                 71.64    0.37 4144.65 v _315386_/B (OR2x2_ASAP7_75t_R)
    10    8.65   28.06   40.77 4185.42 v _315386_/Y (OR2x2_ASAP7_75t_R)
                                         _072007_ (net)
                 28.08    0.46 4185.89 v _315417_/B1 (OA22x2_ASAP7_75t_R)
     1    0.64    9.31   22.59 4208.47 v _315417_/Y (OA22x2_ASAP7_75t_R)
                                         _072038_ (net)
                  9.31    0.02 4208.50 v _315418_/B1 (OA22x2_ASAP7_75t_R)
     5    5.16   20.51   25.35 4233.85 v _315418_/Y (OA22x2_ASAP7_75t_R)
                                         _072039_ (net)
                 20.53    0.39 4234.24 v _315419_/B (OR2x2_ASAP7_75t_R)
     1    1.14    7.30   20.34 4254.58 v _315419_/Y (OR2x2_ASAP7_75t_R)
                                         _072040_ (net)
                  7.30    0.04 4254.62 v _315420_/C (MAJx2_ASAP7_75t_R)
     1    1.09    7.84   19.48 4274.10 v _315420_/Y (MAJx2_ASAP7_75t_R)
                                         _072041_ (net)
                  7.84    0.03 4274.13 v _315421_/C (MAJx2_ASAP7_75t_R)
     2    1.77   10.11   20.81 4294.94 v _315421_/Y (MAJx2_ASAP7_75t_R)
                                         _072042_ (net)
                 10.11    0.04 4294.98 v _315423_/A2 (AO21x1_ASAP7_75t_R)
     1    1.39   10.59   16.92 4311.90 v _315423_/Y (AO21x1_ASAP7_75t_R)
                                         _072044_ (net)
                 10.59    0.04 4311.94 v _315424_/B (OAI21x1_ASAP7_75t_R)
     1    1.22   15.72    6.78 4318.72 ^ _315424_/Y (OAI21x1_ASAP7_75t_R)
                                         _072045_ (net)
                 15.72    0.06 4318.78 ^ _315425_/C (MAJx2_ASAP7_75t_R)
     1    1.11    8.92   18.75 4337.53 ^ _315425_/Y (MAJx2_ASAP7_75t_R)
                                         _072046_ (net)
                  8.92    0.04 4337.56 ^ _315426_/C (MAJx2_ASAP7_75t_R)
     1    1.29    9.87   17.73 4355.29 ^ _315426_/Y (MAJx2_ASAP7_75t_R)
                                         _072047_ (net)
                  9.87    0.08 4355.37 ^ _315427_/C (MAJx2_ASAP7_75t_R)
     1    0.64    7.71   16.79 4372.16 ^ _315427_/Y (MAJx2_ASAP7_75t_R)
                                         _072048_ (net)
                  7.71    0.02 4372.18 ^ _315439_/A2 (AO21x1_ASAP7_75t_R)
     1    0.60    7.13   12.75 4384.93 ^ _315439_/Y (AO21x1_ASAP7_75t_R)
                                         _072060_ (net)
                  7.13    0.02 4384.95 ^ _315442_/A (AND2x2_ASAP7_75t_R)
     1    1.32    7.96   14.84 4399.79 ^ _315442_/Y (AND2x2_ASAP7_75t_R)
                                         _072063_ (net)
                  7.96    0.09 4399.88 ^ _315443_/C (MAJx2_ASAP7_75t_R)
     2    2.06   12.17   18.90 4418.78 ^ _315443_/Y (MAJx2_ASAP7_75t_R)
                                         _072064_ (net)
                 12.17    0.06 4418.84 ^ _315456_/B (NOR3x1_ASAP7_75t_R)
     1    0.65   13.07   10.21 4429.05 v _315456_/Y (NOR3x1_ASAP7_75t_R)
                                         _072077_ (net)
                 13.07    0.02 4429.07 v _315457_/B (AO21x1_ASAP7_75t_R)
     1    0.74    7.21   16.78 4445.85 v _315457_/Y (AO21x1_ASAP7_75t_R)
                                         _072078_ (net)
                  7.21    0.03 4445.88 v _315458_/C (OR3x1_ASAP7_75t_R)
     2    1.93   16.28   24.12 4470.00 v _315458_/Y (OR3x1_ASAP7_75t_R)
                                         _072079_ (net)
                 16.28    0.08 4470.08 v _315461_/B (NAND2x1_ASAP7_75t_R)
    23   19.19  126.10   57.30 4527.39 ^ _315461_/Y (NAND2x1_ASAP7_75t_R)
                                         _072082_ (net)
                126.12    1.03 4528.42 ^ _315504_/B1 (OA22x2_ASAP7_75t_R)
     1    0.72    8.63   28.97 4557.39 ^ _315504_/Y (OA22x2_ASAP7_75t_R)
                                         _072125_ (net)
                  8.63    0.03 4557.42 ^ _315505_/A2 (OA21x2_ASAP7_75t_R)
     1    0.69    8.86   14.89 4572.31 ^ _315505_/Y (OA21x2_ASAP7_75t_R)
                                         _072126_ (net)
                  8.86    0.03 4572.34 ^ _315506_/B (AO21x1_ASAP7_75t_R)
     1    0.70    7.82   11.43 4583.77 ^ _315506_/Y (AO21x1_ASAP7_75t_R)
                                         _072127_ (net)
                  7.82    0.03 4583.80 ^ _315507_/B (OA21x2_ASAP7_75t_R)
     2    2.10   11.36   17.85 4601.65 ^ _315507_/Y (OA21x2_ASAP7_75t_R)
                                         _072128_ (net)
                 11.37    0.17 4601.82 ^ _315508_/A (INVx1_ASAP7_75t_R)
     2    1.82   11.89    9.15 4610.96 v _315508_/Y (INVx1_ASAP7_75t_R)
                                         _072129_ (net)
                 11.89    0.07 4611.03 v _315513_/B (MAJx2_ASAP7_75t_R)
     1    1.23    9.20   22.14 4633.17 v _315513_/Y (MAJx2_ASAP7_75t_R)
                                         _072134_ (net)
                  9.20    0.06 4633.23 v _315514_/C (MAJx2_ASAP7_75t_R)
     1    1.41   10.29   20.54 4653.77 v _315514_/Y (MAJx2_ASAP7_75t_R)
                                         _072135_ (net)
                 10.29    0.07 4653.85 v _315519_/B (MAJx2_ASAP7_75t_R)
     1    1.31    9.43   21.81 4675.66 v _315519_/Y (MAJx2_ASAP7_75t_R)
                                         _072140_ (net)
                  9.43    0.05 4675.70 v _315526_/B (MAJx2_ASAP7_75t_R)
     1    1.11    9.45   21.23 4696.93 v _315526_/Y (MAJx2_ASAP7_75t_R)
                                         _072147_ (net)
                  9.45    0.03 4696.96 v _315527_/C (MAJx2_ASAP7_75t_R)
     1    1.10    9.42   20.07 4717.03 v _315527_/Y (MAJx2_ASAP7_75t_R)
                                         _072148_ (net)
                  9.42    0.03 4717.07 v _315528_/C (MAJx2_ASAP7_75t_R)
     1    1.10    8.69   20.06 4737.13 v _315528_/Y (MAJx2_ASAP7_75t_R)
                                         _072149_ (net)
                  8.69    0.03 4737.16 v _315529_/C (MAJx2_ASAP7_75t_R)
     1    1.10    8.98   19.88 4757.04 v _315529_/Y (MAJx2_ASAP7_75t_R)
                                         _072150_ (net)
                  8.98    0.03 4757.07 v _315530_/C (MAJx2_ASAP7_75t_R)
     1    1.24    9.03   20.19 4777.26 v _315530_/Y (MAJx2_ASAP7_75t_R)
                                         _072151_ (net)
                  9.03    0.07 4777.33 v _315531_/C (MAJx2_ASAP7_75t_R)
     4    2.68   13.02   22.71 4800.04 v _315531_/Y (MAJx2_ASAP7_75t_R)
                                         _072152_ (net)
                 13.02    0.11 4800.15 v _315532_/A2 (OA21x2_ASAP7_75t_R)
     1    0.63    6.70   17.82 4817.98 v _315532_/Y (OA21x2_ASAP7_75t_R)
                                         _072153_ (net)
                  6.70    0.02 4818.00 v _315555_/A1 (OA22x2_ASAP7_75t_R)
     1    0.74    6.88   16.73 4834.73 v _315555_/Y (OA22x2_ASAP7_75t_R)
                                         _072176_ (net)
                  6.88    0.03 4834.76 v _315556_/C (OR3x1_ASAP7_75t_R)
     3    1.92   16.24   24.04 4858.80 v _315556_/Y (OR3x1_ASAP7_75t_R)
                                         _072177_ (net)
                 16.24    0.06 4858.86 v place24515/A (BUFx3_ASAP7_75t_R)
    24   21.73   42.86   31.02 4889.88 v place24515/Y (BUFx3_ASAP7_75t_R)
                                         net24073 (net)
                 43.11    1.94 4891.82 v _315573_/A (INVx1_ASAP7_75t_R)
    11   10.72   73.60   43.25 4935.07 ^ _315573_/Y (INVx1_ASAP7_75t_R)
                                         _072194_ (net)
                 73.62    0.79 4935.87 ^ _315574_/B (NOR2x1_ASAP7_75t_R)
    10    9.67   65.98   46.41 4982.28 v _315574_/Y (NOR2x1_ASAP7_75t_R)
                                         _072195_ (net)
                 65.98    0.21 4982.49 v _315576_/A2 (OAI21x1_ASAP7_75t_R)
     7    7.98   60.06   39.33 5021.82 ^ _315576_/Y (OAI21x1_ASAP7_75t_R)
                                         _072197_ (net)
                 60.07    0.55 5022.37 ^ _315580_/B1 (AO32x1_ASAP7_75t_R)
     5    4.44   33.22   39.69 5062.06 ^ _315580_/Y (AO32x1_ASAP7_75t_R)
                                         _072201_ (net)
                 33.26    0.80 5062.86 ^ _315581_/B (XNOR2x2_ASAP7_75t_R)
     1    0.55    6.90   27.83 5090.69 v _315581_/Y (XNOR2x2_ASAP7_75t_R)
                                         _072202_ (net)
                  6.90    0.02 5090.70 v _315582_/C (AO221x1_ASAP7_75t_R)
     2    1.58   13.56   24.35 5115.05 v _315582_/Y (AO221x1_ASAP7_75t_R)
                                         _072203_ (net)
                 13.56    0.06 5115.11 v _315605_/A1 (OA21x2_ASAP7_75t_R)
     1    1.23    7.51   18.46 5133.57 v _315605_/Y (OA21x2_ASAP7_75t_R)
                                         _072226_ (net)
                  7.51    0.06 5133.64 v _315606_/C (MAJx2_ASAP7_75t_R)
     1    1.21    8.96   19.74 5153.38 v _315606_/Y (MAJx2_ASAP7_75t_R)
                                         _072227_ (net)
                  8.96    0.06 5153.44 v _315607_/C (MAJx2_ASAP7_75t_R)
     3    2.48   12.50   22.32 5175.76 v _315607_/Y (MAJx2_ASAP7_75t_R)
                                         _072228_ (net)
                 12.51    0.10 5175.86 v _315626_/A (INVx1_ASAP7_75t_R)
     1    1.10   10.10    8.36 5184.22 ^ _315626_/Y (INVx1_ASAP7_75t_R)
                                         _072247_ (net)
                 10.10    0.03 5184.25 ^ _315637_/A (NAND2x1_ASAP7_75t_R)
     2    1.30    9.91    7.87 5192.12 v _315637_/Y (NAND2x1_ASAP7_75t_R)
                                         _072258_ (net)
                  9.92    0.05 5192.17 v _315638_/A2 (AO21x1_ASAP7_75t_R)
     1    0.45    6.88   14.05 5206.22 v _315638_/Y (AO21x1_ASAP7_75t_R)
                                         _072259_ (net)
                  6.88    0.01 5206.23 v _315639_/B (OA211x2_ASAP7_75t_R)
     1    0.60    9.03   24.48 5230.71 v _315639_/Y (OA211x2_ASAP7_75t_R)
                                         _072260_ (net)
                  9.03    0.02 5230.73 v _315641_/A2 (OA211x2_ASAP7_75t_R)
    19   15.51   48.11   42.23 5272.96 v _315641_/Y (OA211x2_ASAP7_75t_R)
                                         _072262_ (net)
                 48.14    0.66 5273.62 v _315643_/C (OR3x1_ASAP7_75t_R)
    12   11.62   65.49   53.29 5326.91 v _315643_/Y (OR3x1_ASAP7_75t_R)
                                         _072264_ (net)
                 65.49    0.24 5327.15 v _315699_/B (OR2x2_ASAP7_75t_R)
     7    8.83   29.69   39.21 5366.36 v _315699_/Y (OR2x2_ASAP7_75t_R)
                                         _072320_ (net)
                 29.70    0.32 5366.68 v _315701_/C (OA211x2_ASAP7_75t_R)
     1    0.71    9.44   33.91 5400.60 v _315701_/Y (OA211x2_ASAP7_75t_R)
                                         _072322_ (net)
                  9.44    0.03 5400.62 v _315702_/A2 (OA21x2_ASAP7_75t_R)
     3    3.66   14.36   21.38 5422.00 v _315702_/Y (OA21x2_ASAP7_75t_R)
                                         _072323_ (net)
                 14.48    0.74 5422.74 v _315703_/B (AND2x2_ASAP7_75t_R)
     1    1.12    7.65   16.49 5439.24 v _315703_/Y (AND2x2_ASAP7_75t_R)
                                         _072324_ (net)
                  7.65    0.04 5439.27 v _315704_/C (MAJx2_ASAP7_75t_R)
     1    1.11    9.00   19.61 5458.88 v _315704_/Y (MAJx2_ASAP7_75t_R)
                                         _072325_ (net)
                  9.01    0.04 5458.92 v _315705_/C (MAJx2_ASAP7_75t_R)
     1    1.19    9.46   20.10 5479.02 v _315705_/Y (MAJx2_ASAP7_75t_R)
                                         _072326_ (net)
                  9.46    0.05 5479.07 v _315706_/C (MAJx2_ASAP7_75t_R)
     1    1.16    8.78   20.18 5499.25 v _315706_/Y (MAJx2_ASAP7_75t_R)
                                         _072327_ (net)
                  8.79    0.05 5499.30 v _315707_/C (MAJx2_ASAP7_75t_R)
     1    1.13    9.00   19.94 5519.24 v _315707_/Y (MAJx2_ASAP7_75t_R)
                                         _072328_ (net)
                  9.00    0.04 5519.28 v _315708_/C (MAJx2_ASAP7_75t_R)
     1    1.10    8.98   19.96 5539.24 v _315708_/Y (MAJx2_ASAP7_75t_R)
                                         _072329_ (net)
                  8.98    0.03 5539.27 v _315709_/C (MAJx2_ASAP7_75t_R)
     1    1.10    8.70   19.96 5559.23 v _315709_/Y (MAJx2_ASAP7_75t_R)
                                         _072330_ (net)
                  8.70    0.03 5559.27 v _315710_/C (MAJx2_ASAP7_75t_R)
     1    1.13    8.69   19.91 5579.18 v _315710_/Y (MAJx2_ASAP7_75t_R)
                                         _072331_ (net)
                  8.69    0.04 5579.22 v _315711_/C (MAJx2_ASAP7_75t_R)
     1    1.20    8.99   20.04 5599.26 v _315711_/Y (MAJx2_ASAP7_75t_R)
                                         _072332_ (net)
                  9.00    0.06 5599.32 v _315712_/C (MAJx2_ASAP7_75t_R)
     1    0.72    8.33   19.28 5618.60 v _315712_/Y (MAJx2_ASAP7_75t_R)
                                         _072333_ (net)
                  8.33    0.02 5618.62 v _315713_/A (INVx1_ASAP7_75t_R)
     1    1.10    9.13    7.22 5625.84 ^ _315713_/Y (INVx1_ASAP7_75t_R)
                                         _072334_ (net)
                  9.13    0.03 5625.88 ^ _315714_/C (MAJx2_ASAP7_75t_R)
     2    2.00   11.05   19.03 5644.91 ^ _315714_/Y (MAJx2_ASAP7_75t_R)
                                         _072335_ (net)
                 11.05    0.04 5644.95 ^ _315737_/A1 (OA211x2_ASAP7_75t_R)
    39   35.52  120.49   62.31 5707.27 ^ _315737_/Y (OA211x2_ASAP7_75t_R)
                                         _072358_ (net)
                120.70    3.13 5710.40 ^ _315776_/A (INVx1_ASAP7_75t_R)
     8    7.70   66.50   47.02 5757.42 v _315776_/Y (INVx1_ASAP7_75t_R)
                                         _072397_ (net)
                 66.50    0.13 5757.55 v _315778_/A (AND2x2_ASAP7_75t_R)
     8   13.02   38.88   44.38 5801.93 v _315778_/Y (AND2x2_ASAP7_75t_R)
                                         _072399_ (net)
                 38.93    0.84 5802.78 v _315783_/A2 (AO32x1_ASAP7_75t_R)
     5    4.82   31.00   38.65 5841.43 v _315783_/Y (AO32x1_ASAP7_75t_R)
                                         _072404_ (net)
                 31.01    0.34 5841.77 v _315818_/B (MAJx2_ASAP7_75t_R)
     1    1.11    8.62   27.21 5868.98 v _315818_/Y (MAJx2_ASAP7_75t_R)
                                         _072439_ (net)
                  8.62    0.03 5869.01 v _315819_/C (MAJx2_ASAP7_75t_R)
     1    1.17    9.33   19.97 5888.98 v _315819_/Y (MAJx2_ASAP7_75t_R)
                                         _072440_ (net)
                  9.33    0.05 5889.03 v _315820_/C (MAJx2_ASAP7_75t_R)
     1    1.17    8.81   20.16 5909.19 v _315820_/Y (MAJx2_ASAP7_75t_R)
                                         _072441_ (net)
                  8.81    0.05 5909.24 v _315821_/C (MAJx2_ASAP7_75t_R)
     1    1.39    9.88   20.39 5929.63 v _315821_/Y (MAJx2_ASAP7_75t_R)
                                         _072442_ (net)
                  9.89    0.10 5929.74 v _315822_/C (MAJx2_ASAP7_75t_R)
     1    1.16    8.77   20.29 5950.02 v _315822_/Y (MAJx2_ASAP7_75t_R)
                                         _072443_ (net)
                  8.77    0.05 5950.07 v _315823_/C (MAJx2_ASAP7_75t_R)
     1    1.13    8.44   19.94 5970.01 v _315823_/Y (MAJx2_ASAP7_75t_R)
                                         _072444_ (net)
                  8.44    0.04 5970.05 v _315824_/C (MAJx2_ASAP7_75t_R)
     1    1.19    8.81   19.96 5990.01 v _315824_/Y (MAJx2_ASAP7_75t_R)
                                         _072445_ (net)
                  8.81    0.05 5990.06 v _315825_/C (MAJx2_ASAP7_75t_R)
     1    1.34    8.96   20.31 6010.37 v _315825_/Y (MAJx2_ASAP7_75t_R)
                                         _072446_ (net)
                  8.97    0.09 6010.46 v _315826_/C (MAJx2_ASAP7_75t_R)
     1    1.14    9.37   20.02 6030.48 v _315826_/Y (MAJx2_ASAP7_75t_R)
                                         _072447_ (net)
                  9.37    0.04 6030.52 v _315827_/C (MAJx2_ASAP7_75t_R)
     1    1.00    8.49   19.88 6050.40 v _315827_/Y (MAJx2_ASAP7_75t_R)
                                         _072448_ (net)
                  8.49    0.04 6050.44 v _315828_/B (XNOR2x2_ASAP7_75t_R)
     1    1.15    7.90   20.83 6071.28 ^ _315828_/Y (XNOR2x2_ASAP7_75t_R)
                                         _072449_ (net)
                  7.90    0.04 6071.32 ^ _315830_/A2 (OAI21x1_ASAP7_75t_R)
    14   15.66   78.54   36.03 6107.35 v _315830_/Y (OAI21x1_ASAP7_75t_R)
                                         _072451_ (net)
                 78.54    0.32 6107.67 v _315832_/D (AND4x1_ASAP7_75t_R)
     7    7.02   39.45   42.06 6149.73 v _315832_/Y (AND4x1_ASAP7_75t_R)
                                         _072453_ (net)
                 39.49    0.68 6150.41 v _315885_/A2 (OA21x2_ASAP7_75t_R)
     1    0.65    7.13   24.47 6174.88 v _315885_/Y (OA21x2_ASAP7_75t_R)
                                         _072506_ (net)
                  7.13    0.02 6174.90 v _315886_/B (AO21x1_ASAP7_75t_R)
     1    0.53    7.58   14.88 6189.78 v _315886_/Y (AO21x1_ASAP7_75t_R)
                                         _072507_ (net)
                  7.58    0.02 6189.79 v _315887_/B1 (AO32x1_ASAP7_75t_R)
     3    2.59   19.38   26.73 6216.53 v _315887_/Y (AO32x1_ASAP7_75t_R)
                                         _072508_ (net)
                 19.39    0.23 6216.76 v _315892_/B (AND2x2_ASAP7_75t_R)
     1    1.08    6.98   18.01 6234.77 v _315892_/Y (AND2x2_ASAP7_75t_R)
                                         _072513_ (net)
                  6.98    0.03 6234.80 v _315893_/C (MAJx2_ASAP7_75t_R)
     1    1.10    8.29   19.41 6254.21 v _315893_/Y (MAJx2_ASAP7_75t_R)
                                         _072514_ (net)
                  8.29    0.03 6254.24 v _315894_/C (MAJx2_ASAP7_75t_R)
     1    1.14    8.46   19.83 6274.07 v _315894_/Y (MAJx2_ASAP7_75t_R)
                                         _072515_ (net)
                  8.46    0.04 6274.11 v _315895_/C (MAJx2_ASAP7_75t_R)
     1    1.17    8.47   19.92 6294.04 v _315895_/Y (MAJx2_ASAP7_75t_R)
                                         _072516_ (net)
                  8.47    0.05 6294.08 v _315896_/C (MAJx2_ASAP7_75t_R)
     1    1.14    8.46   19.87 6313.96 v _315896_/Y (MAJx2_ASAP7_75t_R)
                                         _072517_ (net)
                  8.46    0.04 6314.00 v _315897_/C (MAJx2_ASAP7_75t_R)
     1    1.21    8.67   19.99 6333.99 v _315897_/Y (MAJx2_ASAP7_75t_R)
                                         _072518_ (net)
                  8.67    0.06 6334.04 v _315898_/C (MAJx2_ASAP7_75t_R)
     1    1.16    8.19   19.97 6354.01 v _315898_/Y (MAJx2_ASAP7_75t_R)
                                         _072519_ (net)
                  8.19    0.05 6354.06 v _315899_/C (MAJx2_ASAP7_75t_R)
     1    1.17    8.56   19.85 6373.90 v _315899_/Y (MAJx2_ASAP7_75t_R)
                                         _072520_ (net)
                  8.56    0.05 6373.95 v _315900_/C (MAJx2_ASAP7_75t_R)
     1    1.18    8.28   19.98 6393.93 v _315900_/Y (MAJx2_ASAP7_75t_R)
                                         _072521_ (net)
                  8.28    0.05 6393.98 v _315901_/C (MAJx2_ASAP7_75t_R)
     2    2.33   11.74   21.89 6415.87 v _315901_/Y (MAJx2_ASAP7_75t_R)
                                         _072522_ (net)
                 11.74    0.12 6415.98 v _315908_/C (MAJx2_ASAP7_75t_R)
     1    0.66    7.61   19.88 6435.87 v _315908_/Y (MAJx2_ASAP7_75t_R)
                                         _072529_ (net)
                  7.61    0.03 6435.89 v _315909_/B (AND2x2_ASAP7_75t_R)
     1    0.76    5.56   13.72 6449.62 v _315909_/Y (AND2x2_ASAP7_75t_R)
                                         _072530_ (net)
                  5.56    0.04 6449.65 v _315910_/D (OR4x1_ASAP7_75t_R)
     6    5.52   36.29   40.14 6489.80 v _315910_/Y (OR4x1_ASAP7_75t_R)
                                         _072531_ (net)
                 36.32    0.47 6490.26 v _315911_/B (AND2x2_ASAP7_75t_R)
    34   26.63   75.43   51.14 6541.40 v _315911_/Y (AND2x2_ASAP7_75t_R)
                                         _072532_ (net)
                 76.63    5.31 6546.71 v _315912_/B (NAND2x1_ASAP7_75t_R)
    19   19.53  134.38   79.81 6626.52 ^ _315912_/Y (NAND2x1_ASAP7_75t_R)
                                         _072533_ (net)
                134.87    4.73 6631.26 ^ _315937_/A2 (AO21x1_ASAP7_75t_R)
     2    2.26   18.57   30.14 6661.39 ^ _315937_/Y (AO21x1_ASAP7_75t_R)
                                         _072558_ (net)
                 18.59    0.33 6661.73 ^ _315938_/B (AND2x2_ASAP7_75t_R)
     2    2.39   13.11   19.92 6681.65 ^ _315938_/Y (AND2x2_ASAP7_75t_R)
                                         _072559_ (net)
                 13.11    0.06 6681.71 ^ _315966_/B (MAJx2_ASAP7_75t_R)
     1    1.17    9.56   20.15 6701.86 ^ _315966_/Y (MAJx2_ASAP7_75t_R)
                                         _072587_ (net)
                  9.56    0.05 6701.91 ^ _315967_/C (MAJx2_ASAP7_75t_R)
     1    1.12    9.51   17.56 6719.47 ^ _315967_/Y (MAJx2_ASAP7_75t_R)
                                         _072588_ (net)
                  9.51    0.04 6719.51 ^ _315968_/C (MAJx2_ASAP7_75t_R)
     1    1.16    9.56   17.63 6737.14 ^ _315968_/Y (MAJx2_ASAP7_75t_R)
                                         _072589_ (net)
                  9.56    0.05 6737.19 ^ _315969_/C (MAJx2_ASAP7_75t_R)
     1    1.08    9.27   17.50 6754.69 ^ _315969_/Y (MAJx2_ASAP7_75t_R)
                                         _072590_ (net)
                  9.27    0.03 6754.72 ^ _315970_/C (MAJx2_ASAP7_75t_R)
     1    1.10    8.64   17.46 6772.18 ^ _315970_/Y (MAJx2_ASAP7_75t_R)
                                         _072591_ (net)
                  8.64    0.03 6772.22 ^ _315971_/C (MAJx2_ASAP7_75t_R)
     1    1.11    9.39   17.35 6789.57 ^ _315971_/Y (MAJx2_ASAP7_75t_R)
                                         _072592_ (net)
                  9.40    0.04 6789.60 ^ _315972_/C (MAJx2_ASAP7_75t_R)
     1    0.75    7.80   16.88 6806.48 ^ _315972_/Y (MAJx2_ASAP7_75t_R)
                                         _072593_ (net)
                  7.81    0.03 6806.51 ^ _315973_/A (INVx1_ASAP7_75t_R)
     1    1.13    7.85    6.43 6812.93 v _315973_/Y (INVx1_ASAP7_75t_R)
                                         _072594_ (net)
                  7.85    0.04 6812.97 v _315974_/C (MAJx2_ASAP7_75t_R)
     1    0.74    7.56   19.00 6831.98 v _315974_/Y (MAJx2_ASAP7_75t_R)
                                         _072595_ (net)
                  7.56    0.03 6832.00 v _315975_/A (INVx1_ASAP7_75t_R)
     2    1.84   13.29    9.01 6841.01 ^ _315975_/Y (INVx1_ASAP7_75t_R)
                                         _072596_ (net)
                 13.29    0.05 6841.06 ^ _315976_/B (AO21x1_ASAP7_75t_R)
     1    1.17   10.32   13.84 6854.90 ^ _315976_/Y (AO21x1_ASAP7_75t_R)
                                         _072597_ (net)
                 10.32    0.05 6854.95 ^ _315977_/C (MAJx2_ASAP7_75t_R)
     1    0.78    8.13   17.11 6872.06 ^ _315977_/Y (MAJx2_ASAP7_75t_R)
                                         _072598_ (net)
                  8.13    0.04 6872.10 ^ _315980_/A2 (AO21x1_ASAP7_75t_R)
     3    1.93   14.75   16.87 6888.97 ^ _315980_/Y (AO21x1_ASAP7_75t_R)
                                         _072601_ (net)
                 14.75    0.05 6889.02 ^ _315984_/B (AND2x2_ASAP7_75t_R)
    33   30.45  101.57   53.96 6942.98 ^ _315984_/Y (AND2x2_ASAP7_75t_R)
                                         _072605_ (net)
                101.64    1.72 6944.71 ^ _315985_/A (INVx1_ASAP7_75t_R)
     9    7.50   60.65   43.64 6988.34 v _315985_/Y (INVx1_ASAP7_75t_R)
                                         _072606_ (net)
                 60.65    0.20 6988.55 v _315986_/C (AND3x1_ASAP7_75t_R)
    18   16.72   91.87   58.66 7047.21 v _315986_/Y (AND3x1_ASAP7_75t_R)
                                         _072607_ (net)
                 91.88    0.29 7047.50 v _316006_/A2 (OA21x2_ASAP7_75t_R)
     1    0.66    8.87   32.68 7080.18 v _316006_/Y (OA21x2_ASAP7_75t_R)
                                         _072627_ (net)
                  8.87    0.02 7080.20 v _316007_/B (AO21x1_ASAP7_75t_R)
     1    1.37   12.19   17.81 7098.00 v _316007_/Y (AO21x1_ASAP7_75t_R)
                                         _072628_ (net)
                 12.19    0.05 7098.05 v _316008_/A2 (AOI22x1_ASAP7_75t_R)
     2    2.18   30.93   14.24 7112.29 ^ _316008_/Y (AOI22x1_ASAP7_75t_R)
                                         _072629_ (net)
                 30.94    0.21 7112.50 ^ _316009_/B (XNOR2x2_ASAP7_75t_R)
     1    1.13    8.20   28.54 7141.04 v _316009_/Y (XNOR2x2_ASAP7_75t_R)
                                         _072630_ (net)
                  8.20    0.04 7141.09 v _316010_/C (AOI211x1_ASAP7_75t_R)
     2    2.13   26.99   14.97 7156.06 ^ _316010_/Y (AOI211x1_ASAP7_75t_R)
                                         _072631_ (net)
                 26.99    0.07 7156.13 ^ _316060_/A1 (AOI22x1_ASAP7_75t_R)
     1    1.09   15.01    9.63 7165.76 v _316060_/Y (AOI22x1_ASAP7_75t_R)
                                         _072681_ (net)
                 15.01    0.03 7165.79 v _316061_/C (MAJx2_ASAP7_75t_R)
     1    1.18    8.63   21.59 7187.38 v _316061_/Y (MAJx2_ASAP7_75t_R)
                                         _072682_ (net)
                  8.63    0.05 7187.43 v _316062_/C (MAJx2_ASAP7_75t_R)
     2    2.25   11.34   21.85 7209.28 v _316062_/Y (MAJx2_ASAP7_75t_R)
                                         _072683_ (net)
                 11.34    0.08 7209.36 v _316063_/C (MAJx2_ASAP7_75t_R)
     1    0.68    7.49   19.82 7229.17 v _316063_/Y (MAJx2_ASAP7_75t_R)
                                         _072684_ (net)
                  7.49    0.03 7229.20 v _316068_/B (OR3x1_ASAP7_75t_R)
     1    1.39   11.92   22.12 7251.32 v _316068_/Y (OR3x1_ASAP7_75t_R)
                                         _072689_ (net)
                 11.92    0.05 7251.37 v _316071_/B (NAND3x1_ASAP7_75t_R)
    21   18.13  122.72   57.30 7308.67 ^ _316071_/Y (NAND3x1_ASAP7_75t_R)
                                         _072692_ (net)
                122.75    1.26 7309.93 ^ _316079_/A2 (OAI21x1_ASAP7_75t_R)
     2    1.38   29.08   16.51 7326.44 v _316079_/Y (OAI21x1_ASAP7_75t_R)
                                         _072700_ (net)
                 29.08    0.04 7326.48 v _316082_/A1 (AO21x1_ASAP7_75t_R)
    11   10.20   56.32   43.37 7369.85 v _316082_/Y (AO21x1_ASAP7_75t_R)
                                         _072703_ (net)
                 56.38    1.09 7370.94 v _316087_/B1 (AO32x1_ASAP7_75t_R)
     3    2.46   18.48   38.95 7409.89 v _316087_/Y (AO32x1_ASAP7_75t_R)
                                         _072708_ (net)
                 18.49    0.24 7410.13 v _316124_/B (AND2x2_ASAP7_75t_R)
     1    1.13    7.03   17.80 7427.93 v _316124_/Y (AND2x2_ASAP7_75t_R)
                                         _072745_ (net)
                  7.03    0.04 7427.97 v _316125_/C (MAJx2_ASAP7_75t_R)
     1    1.16    8.58   19.51 7447.48 v _316125_/Y (MAJx2_ASAP7_75t_R)
                                         _072746_ (net)
                  8.58    0.05 7447.53 v _316126_/C (MAJx2_ASAP7_75t_R)
     1    1.26    8.77   20.12 7467.64 v _316126_/Y (MAJx2_ASAP7_75t_R)
                                         _072747_ (net)
                  8.78    0.07 7467.72 v _316127_/C (MAJx2_ASAP7_75t_R)
     1    1.22    8.62   20.09 7487.81 v _316127_/Y (MAJx2_ASAP7_75t_R)
                                         _072748_ (net)
                  8.62    0.06 7487.87 v _316128_/C (MAJx2_ASAP7_75t_R)
     1    1.17    8.65   19.97 7507.84 v _316128_/Y (MAJx2_ASAP7_75t_R)
                                         _072749_ (net)
                  8.65    0.05 7507.89 v _316129_/C (MAJx2_ASAP7_75t_R)
     1    1.26    8.83   20.13 7528.02 v _316129_/Y (MAJx2_ASAP7_75t_R)
                                         _072750_ (net)
                  8.83    0.07 7528.09 v _316130_/C (MAJx2_ASAP7_75t_R)
     1    1.13    8.43   19.95 7548.04 v _316130_/Y (MAJx2_ASAP7_75t_R)
                                         _072751_ (net)
                  8.43    0.04 7548.08 v _316131_/C (MAJx2_ASAP7_75t_R)
     1    1.10    8.46   19.80 7567.88 v _316131_/Y (MAJx2_ASAP7_75t_R)
                                         _072752_ (net)
                  8.46    0.03 7567.91 v _316132_/C (MAJx2_ASAP7_75t_R)
     1    1.18    8.41   19.94 7587.85 v _316132_/Y (MAJx2_ASAP7_75t_R)
                                         _072753_ (net)
                  8.41    0.05 7587.90 v _316133_/C (MAJx2_ASAP7_75t_R)
     2    2.00   10.96   21.35 7609.25 v _316133_/Y (MAJx2_ASAP7_75t_R)
                                         _072754_ (net)
                 10.96    0.09 7609.34 v _316134_/B (AO21x1_ASAP7_75t_R)
     1    1.23    9.60   17.81 7627.15 v _316134_/Y (AO21x1_ASAP7_75t_R)
                                         _072755_ (net)
                  9.60    0.06 7627.21 v _316135_/C (MAJx2_ASAP7_75t_R)
     1    0.68    7.67   19.38 7646.59 v _316135_/Y (MAJx2_ASAP7_75t_R)
                                         _072756_ (net)
                  7.67    0.02 7646.61 v _316144_/A1 (AO21x1_ASAP7_75t_R)
     4    2.70   16.89   20.52 7667.13 v _316144_/Y (AO21x1_ASAP7_75t_R)
                                         _072765_ (net)
                 16.89    0.07 7667.20 v _316347_/A2 (AO21x1_ASAP7_75t_R)
     6    6.05   35.57   29.60 7696.80 v _316347_/Y (AO21x1_ASAP7_75t_R)
                                         _072968_ (net)
                 35.58    0.28 7697.08 v _316364_/A2 (AO21x1_ASAP7_75t_R)
     8    9.54   53.26   41.40 7738.49 v _316364_/Y (AO21x1_ASAP7_75t_R)
                                         _072985_ (net)
                 53.37    1.42 7739.91 v _316394_/B1 (AO32x1_ASAP7_75t_R)
     2    2.93   20.23   39.54 7779.45 v _316394_/Y (AO32x1_ASAP7_75t_R)
                                         _073015_ (net)
                 20.29    0.57 7780.02 v _316395_/B (AND2x2_ASAP7_75t_R)
     1    1.13    7.59   18.35 7798.37 v _316395_/Y (AND2x2_ASAP7_75t_R)
                                         _073016_ (net)
                  7.59    0.04 7798.41 v _316396_/C (MAJx2_ASAP7_75t_R)
     1    1.20    8.56   19.73 7818.14 v _316396_/Y (MAJx2_ASAP7_75t_R)
                                         _073017_ (net)
                  8.56    0.06 7818.20 v _316397_/C (MAJx2_ASAP7_75t_R)
     1    1.24    8.66   20.06 7838.26 v _316397_/Y (MAJx2_ASAP7_75t_R)
                                         _073018_ (net)
                  8.66    0.06 7838.33 v _316398_/C (MAJx2_ASAP7_75t_R)
     1    1.15    8.40   19.95 7858.28 v _316398_/Y (MAJx2_ASAP7_75t_R)
                                         _073019_ (net)
                  8.40    0.05 7858.32 v _316399_/C (MAJx2_ASAP7_75t_R)
     1    1.30    9.17   20.14 7878.46 v _316399_/Y (MAJx2_ASAP7_75t_R)
                                         _073020_ (net)
                  9.18    0.08 7878.54 v _316400_/C (MAJx2_ASAP7_75t_R)
     1    1.13    8.65   20.05 7898.59 v _316400_/Y (MAJx2_ASAP7_75t_R)
                                         _073021_ (net)
                  8.65    0.04 7898.63 v _316401_/C (MAJx2_ASAP7_75t_R)
     1    1.15    8.37   19.94 7918.57 v _316401_/Y (MAJx2_ASAP7_75t_R)
                                         _073022_ (net)
                  8.37    0.04 7918.61 v _316402_/C (MAJx2_ASAP7_75t_R)
     1    1.15    9.19   19.86 7938.48 v _316402_/Y (MAJx2_ASAP7_75t_R)
                                         _073023_ (net)
                  9.19    0.04 7938.52 v _316403_/C (MAJx2_ASAP7_75t_R)
     1    1.18    8.55   20.15 7958.67 v _316403_/Y (MAJx2_ASAP7_75t_R)
                                         _073024_ (net)
                  8.55    0.05 7958.72 v _316404_/C (MAJx2_ASAP7_75t_R)
     2    2.28   11.78   21.89 7980.61 v _316404_/Y (MAJx2_ASAP7_75t_R)
                                         _073025_ (net)
                 11.79    0.10 7980.71 v _316424_/C (MAJx2_ASAP7_75t_R)
     1    1.00    8.27   20.48 8001.18 v _316424_/Y (MAJx2_ASAP7_75t_R)
                                         _073045_ (net)
                  8.27    0.03 8001.21 v _316425_/B (AOI211x1_ASAP7_75t_R)
     1    1.06   16.68   11.42 8012.63 ^ _316425_/Y (AOI211x1_ASAP7_75t_R)
                                         _073046_ (net)
                 16.68    0.05 8012.68 ^ _316431_/B (AOI211x1_ASAP7_75t_R)
     1    1.51   23.12   11.86 8024.54 v _316431_/Y (AOI211x1_ASAP7_75t_R)
                                         _073052_ (net)
                 23.12    0.20 8024.74 v place21759/A (BUFx3_ASAP7_75t_R)
    36   34.25   70.65   29.25 8053.99 v place21759/Y (BUFx3_ASAP7_75t_R)
                                         net21317 (net)
                 86.80   18.07 8072.06 v _316514_/A (OR4x1_ASAP7_75t_R)
     1    0.81   11.61   38.99 8111.05 v _316514_/Y (OR4x1_ASAP7_75t_R)
                                         _073135_ (net)
                 11.61    0.04 8111.09 v _316515_/A (INVx1_ASAP7_75t_R)
     1    2.25   16.49   11.28 8122.37 ^ _316515_/Y (INVx1_ASAP7_75t_R)
                                         _073136_ (net)
                 16.53    0.47 8122.84 ^ _316517_/A2 (OA21x2_ASAP7_75t_R)
     3    5.23   22.71   23.64 8146.48 ^ _316517_/Y (OA21x2_ASAP7_75t_R)
                                         _073138_ (net)
                 23.35    2.07 8148.55 ^ _316541_/A (NOR2x1_ASAP7_75t_R)
     3    2.76   21.24   17.33 8165.88 v _316541_/Y (NOR2x1_ASAP7_75t_R)
                                         _073162_ (net)
                 21.24    0.06 8165.95 v _316542_/D (OR4x1_ASAP7_75t_R)
     2    4.89   33.51   40.22 8206.17 v _316542_/Y (OR4x1_ASAP7_75t_R)
                                         _073163_ (net)
                 33.84    1.86 8208.02 v _321045_/A (INVx1_ASAP7_75t_R)
     1    0.77   12.70   10.91 8218.93 ^ _321045_/Y (INVx1_ASAP7_75t_R)
                                         _077491_ (net)
                 12.70    0.03 8218.96 ^ place21620/A (BUFx3_ASAP7_75t_R)
    34   38.09   88.54   39.75 8258.71 ^ place21620/Y (BUFx3_ASAP7_75t_R)
                                         net21178 (net)
                 94.37   12.14 8270.85 ^ _321049_/A3 (AO32x1_ASAP7_75t_R)
     1    9.19   64.03   46.43 8317.28 ^ _321049_/Y (AO32x1_ASAP7_75t_R)
                                         u_lsu.dmem_req_addr[3] (net)
                 67.29    7.72 8325.00 ^ output161/A (BUFx2_ASAP7_75t_R)
     1    2.50   12.31   25.79 8350.79 ^ output161/Y (BUFx2_ASAP7_75t_R)
                                         dmem_req_addr[3] (net)
                 12.33    0.27 8351.06 ^ dmem_req_addr[3] (out)
                               8351.06   data arrival time

                  0.00 12000.00 12000.00   clock core_clk (rise edge)
                          0.00 12000.00   clock network delay (ideal)
                        -50.00 11950.00   clock uncertainty
                          0.00 11950.00   clock reconvergence pessimism
                       -2400.00 9550.00   output external delay
                               9550.00   data required time
-----------------------------------------------------------------------------
                               9550.00   data required time
                               -8351.06   data arrival time
-----------------------------------------------------------------------------
                               1198.94   slack (MET)


Startpoint: _386861_ (rising edge-triggered flip-flop clocked by core_clk)
Endpoint: _395932_ (rising edge-triggered flip-flop clocked by core_clk)
Path Group: reg2reg
Path Type: max

Fanout     Cap    Slew   Delay    Time   Description
-----------------------------------------------------------------------------
                  0.00    0.00    0.00   clock core_clk (rise edge)
                          0.00    0.00   clock network delay (ideal)
                  0.00    0.00    0.00 ^ _386861_/CLK (DFFHQNx1_ASAP7_75t_R)
    15   15.13  100.86   73.69   73.69 ^ _386861_/QN (DFFHQNx1_ASAP7_75t_R)
                                         u_fp_iq._00165_[0] (net)
                100.90    1.11   74.80 ^ _210675_/D (OR4x1_ASAP7_75t_R)
     6    9.52   61.66   47.20  122.00 ^ _210675_/Y (OR4x1_ASAP7_75t_R)
                                         _146916_ (net)
                 61.76    1.45  123.44 ^ place32434/A (BUFx3_ASAP7_75t_R)
    22   34.88   80.95   47.20  170.64 ^ place32434/Y (BUFx3_ASAP7_75t_R)
                                         net31992 (net)
                 80.97    0.95  171.59 ^ _210696_/B (NAND2x2_ASAP7_75t_R)
    21   21.02   70.92   44.52  216.11 v _210696_/Y (NAND2x2_ASAP7_75t_R)
                                         _146937_ (net)
                 71.44    3.51  219.62 v place32246/A (BUFx6f_ASAP7_75t_R)
    49   57.25   62.42   33.91  253.52 v place32246/Y (BUFx6f_ASAP7_75t_R)
                                         net31804 (net)
                 89.69   21.80  275.32 v _210788_/B (OR3x1_ASAP7_75t_R)
     2    1.25   12.79   34.56  309.89 v _210788_/Y (OR3x1_ASAP7_75t_R)
                                         _147029_ (net)
                 12.79    0.06  309.95 v _210797_/A1 (AO32x1_ASAP7_75t_R)
    17   17.08   97.89   55.73  365.68 v _210797_/Y (AO32x1_ASAP7_75t_R)
                                         _147038_ (net)
                100.31    8.55  374.24 v _210958_/A1 (AO21x1_ASAP7_75t_R)
     7   13.51   74.96   61.15  435.39 v _210958_/Y (AO21x1_ASAP7_75t_R)
                                         _147199_ (net)
                 75.43    3.38  438.77 v place31429/A (BUFx3_ASAP7_75t_R)
    14   28.97   60.75   39.16  477.93 v place31429/Y (BUFx3_ASAP7_75t_R)
                                         net30987 (net)
                 70.59   12.34  490.27 v _211114_/A (AND3x1_ASAP7_75t_R)
     3    4.32   26.25   29.62  519.89 v _211114_/Y (AND3x1_ASAP7_75t_R)
                                         _147355_ (net)
                 26.43    1.21  521.10 v place31160/A (BUFx3_ASAP7_75t_R)
    11   24.78   49.91   24.25  545.35 v place31160/Y (BUFx3_ASAP7_75t_R)
                                         net30718 (net)
                121.77   37.47  582.83 v _211119_/A (NAND2x1_ASAP7_75t_R)
     5   25.08  177.72  108.76  691.59 ^ _211119_/Y (NAND2x1_ASAP7_75t_R)
                                         _147360_ (net)
                182.51   15.78  707.37 ^ place30880/A (BUFx3_ASAP7_75t_R)
    11   24.95   60.15   48.11  755.48 ^ place30880/Y (BUFx3_ASAP7_75t_R)
                                         net30438 (net)
                 65.78    9.64  765.12 ^ _213097_/A2 (OA22x2_ASAP7_75t_R)
     1    0.66    7.72   26.50  791.62 ^ _213097_/Y (OA22x2_ASAP7_75t_R)
                                         _149338_ (net)
                  7.72    0.02  791.65 ^ _213098_/D (AND4x1_ASAP7_75t_R)
     1   11.58   78.98   49.61  841.26 ^ _213098_/Y (AND4x1_ASAP7_75t_R)
                                         _149339_ (net)
                 85.55   11.99  853.24 ^ _213108_/A2 (AO31x2_ASAP7_75t_R)
     2    1.38    9.42   25.77  879.01 ^ _213108_/Y (AO31x2_ASAP7_75t_R)
                                         _149349_ (net)
                  9.43    0.06  879.07 ^ _213109_/D (AND4x1_ASAP7_75t_R)
     2    2.52   21.30   28.42  907.49 ^ _213109_/Y (AND4x1_ASAP7_75t_R)
                                         _149350_ (net)
                 21.33    0.42  907.91 ^ _213110_/E (AND5x1_ASAP7_75t_R)
     1    1.64   17.20   33.61  941.52 ^ _213110_/Y (AND5x1_ASAP7_75t_R)
                                         _149351_ (net)
                 17.21    0.13  941.64 ^ place29487/A (BUFx6f_ASAP7_75t_R)
     2    1.62    5.25   13.82  955.47 ^ place29487/Y (BUFx6f_ASAP7_75t_R)
                                         net29045 (net)
                  5.25    0.08  955.55 ^ _213111_/C (AND3x2_ASAP7_75t_R)
     2    9.33   37.06   31.30  986.85 ^ _213111_/Y (AND3x2_ASAP7_75t_R)
                                         _149352_ (net)
                 42.46    7.32  994.18 ^ _217083_/B (AND3x4_ASAP7_75t_R)
    11   10.22   24.89   32.59 1026.77 ^ _217083_/Y (AND3x4_ASAP7_75t_R)
                                         _153324_ (net)
                 25.94    2.77 1029.54 ^ place28993/A (BUFx3_ASAP7_75t_R)
     7   19.90   47.62   26.12 1055.66 ^ place28993/Y (BUFx3_ASAP7_75t_R)
                                         net28551 (net)
                 47.66    0.89 1056.54 ^ _217117_/A (OR2x2_ASAP7_75t_R)
     2    1.56    9.24   24.32 1080.87 ^ _217117_/Y (OR2x2_ASAP7_75t_R)
                                         _153358_ (net)
                  9.24    0.08 1080.94 ^ _217215_/A (OR3x1_ASAP7_75t_R)
     2    1.95   14.26   14.61 1095.55 ^ _217215_/Y (OR3x1_ASAP7_75t_R)
                                         _153456_ (net)
                 14.26    0.12 1095.67 ^ _217218_/A2 (AOI211x1_ASAP7_75t_R)
     2    1.90   26.89   19.15 1114.82 v _217218_/Y (AOI211x1_ASAP7_75t_R)
                                         _153459_ (net)
                 26.89    0.08 1114.91 v _217279_/A2 (OA21x2_ASAP7_75t_R)
     2    1.90    9.77   23.63 1138.54 v _217279_/Y (OA21x2_ASAP7_75t_R)
                                         _153520_ (net)
                  9.78    0.16 1138.70 v _217284_/A2 (OA211x2_ASAP7_75t_R)
     3    2.28   14.38   25.07 1163.77 v _217284_/Y (OA211x2_ASAP7_75t_R)
                                         _153525_ (net)
                 14.38    0.15 1163.92 v _217285_/E (OR5x1_ASAP7_75t_R)
     2    2.11   19.11   38.50 1202.42 v _217285_/Y (OR5x1_ASAP7_75t_R)
                                         _153526_ (net)
                 19.11    0.10 1202.52 v _217286_/B (MAJx2_ASAP7_75t_R)
     8    6.26   21.50   31.69 1234.21 v _217286_/Y (MAJx2_ASAP7_75t_R)
                                         _153527_ (net)
                 21.54    0.55 1234.76 v _217359_/A (INVx1_ASAP7_75t_R)
     3    1.86   16.59   13.17 1247.93 ^ _217359_/Y (INVx1_ASAP7_75t_R)
                                         _153600_ (net)
                 16.59    0.04 1247.98 ^ _217379_/A2 (AO221x1_ASAP7_75t_R)
     1    1.43   13.87   24.46 1272.44 ^ _217379_/Y (AO221x1_ASAP7_75t_R)
                                         _153620_ (net)
                 13.88    0.13 1272.57 ^ _217380_/E (AND5x2_ASAP7_75t_R)
     3    2.86   16.14   32.52 1305.08 ^ _217380_/Y (AND5x2_ASAP7_75t_R)
                                         _153621_ (net)
                 16.17    0.34 1305.42 ^ _217382_/A (OR3x2_ASAP7_75t_R)
     4    4.11   15.45   18.54 1323.96 ^ _217382_/Y (OR3x2_ASAP7_75t_R)
                                         _153623_ (net)
                 15.45    0.10 1324.07 ^ _217383_/B (OA21x2_ASAP7_75t_R)
     1    1.19    8.57   17.66 1341.72 ^ _217383_/Y (OA21x2_ASAP7_75t_R)
                                         _153624_ (net)
                  8.57    0.07 1341.79 ^ _217384_/B (XNOR2x2_ASAP7_75t_R)
     1    1.09    9.17   24.78 1366.57 v _217384_/Y (XNOR2x2_ASAP7_75t_R)
                                         _153625_ (net)
                  9.17    0.05 1366.62 v _217396_/B (AOI211x1_ASAP7_75t_R)
     2    2.15   25.42   15.76 1382.38 ^ _217396_/Y (AOI211x1_ASAP7_75t_R)
                                         _153637_ (net)
                 25.42    0.16 1382.54 ^ _217397_/B (XOR2x2_ASAP7_75t_R)
     4    4.00   15.69   27.40 1409.94 v _217397_/Y (XOR2x2_ASAP7_75t_R)
                                         _153638_ (net)
                 15.72    0.37 1410.31 v _217485_/A1 (AO21x1_ASAP7_75t_R)
     1    1.25    9.89   18.96 1429.27 v _217485_/Y (AO21x1_ASAP7_75t_R)
                                         _153726_ (net)
                  9.90    0.14 1429.40 v _217488_/A1 (AO21x1_ASAP7_75t_R)
     9    6.49   36.18   30.17 1459.57 v _217488_/Y (AO21x1_ASAP7_75t_R)
                                         _153729_ (net)
                 36.19    0.27 1459.84 v _217532_/A2 (OA211x2_ASAP7_75t_R)
     1    1.21   10.46   30.72 1490.56 v _217532_/Y (OA211x2_ASAP7_75t_R)
                                         _153773_ (net)
                 10.46    0.07 1490.64 v _217533_/A (XOR2x2_ASAP7_75t_R)
     2    1.95    9.88   21.31 1511.95 v _217533_/Y (XOR2x2_ASAP7_75t_R)
                                         _153774_ (net)
                  9.88    0.08 1512.02 v _217545_/C (MAJx2_ASAP7_75t_R)
     2    1.50    9.02   20.88 1532.90 v _217545_/Y (MAJx2_ASAP7_75t_R)
                                         _153786_ (net)
                  9.02    0.07 1532.97 v _217561_/B2 (AO32x1_ASAP7_75t_R)
     1    1.21   12.54   23.76 1556.73 v _217561_/Y (AO32x1_ASAP7_75t_R)
                                         _153802_ (net)
                 12.54    0.06 1556.79 v _217562_/C (MAJx2_ASAP7_75t_R)
     4    3.02   15.17   24.14 1580.93 v _217562_/Y (MAJx2_ASAP7_75t_R)
                                         _153803_ (net)
                 15.17    0.13 1581.05 v _217577_/A2 (OA21x2_ASAP7_75t_R)
     4    3.78   14.43   23.40 1604.46 v _217577_/Y (OA21x2_ASAP7_75t_R)
                                         _153818_ (net)
                 14.45    0.33 1604.78 v _217617_/A1 (OA211x2_ASAP7_75t_R)
     1    0.97   12.07   23.42 1628.20 v _217617_/Y (OA211x2_ASAP7_75t_R)
                                         _153858_ (net)
                 12.07    0.07 1628.27 v _217618_/A (OR4x1_ASAP7_75t_R)
     1    1.18   12.54   25.12 1653.40 v _217618_/Y (OR4x1_ASAP7_75t_R)
                                         _153859_ (net)
                 12.54    0.11 1653.51 v _217619_/A (MAJx2_ASAP7_75t_R)
     1    1.65    9.80   21.32 1674.83 v _217619_/Y (MAJx2_ASAP7_75t_R)
                                         _153860_ (net)
                  9.80    0.13 1674.96 v _217622_/A2 (AOI22x1_ASAP7_75t_R)
     1    1.64   26.84   12.13 1687.09 ^ _217622_/Y (AOI22x1_ASAP7_75t_R)
                                         _153863_ (net)
                 26.84    0.15 1687.23 ^ _217623_/B (AOI21x1_ASAP7_75t_R)
     2    2.16   18.45   13.13 1700.36 v _217623_/Y (AOI21x1_ASAP7_75t_R)
                                         _153864_ (net)
                 18.45    0.09 1700.45 v _217624_/B (MAJx2_ASAP7_75t_R)
     3    2.21   13.42   25.74 1726.19 v _217624_/Y (MAJx2_ASAP7_75t_R)
                                         _153865_ (net)
                 13.43    0.15 1726.34 v _217669_/A3 (AO32x1_ASAP7_75t_R)
     2    1.75   13.85   27.12 1753.45 v _217669_/Y (AO32x1_ASAP7_75t_R)
                                         _153910_ (net)
                 13.86    0.11 1753.56 v _217723_/B (OR3x1_ASAP7_75t_R)
     2    1.56   12.81   24.01 1777.57 v _217723_/Y (OR3x1_ASAP7_75t_R)
                                         _153964_ (net)
                 12.81    0.05 1777.62 v _217732_/C (AO221x1_ASAP7_75t_R)
     1    1.54   14.84   25.57 1803.20 v _217732_/Y (AO221x1_ASAP7_75t_R)
                                         _153973_ (net)
                 14.84    0.07 1803.27 v _217733_/A (NAND3x1_ASAP7_75t_R)
     2    1.70   35.48   13.01 1816.28 ^ _217733_/Y (NAND3x1_ASAP7_75t_R)
                                         _153974_ (net)
                 35.48    0.11 1816.39 ^ _217734_/A (MAJx2_ASAP7_75t_R)
     2    2.42   12.62   26.03 1842.42 ^ _217734_/Y (MAJx2_ASAP7_75t_R)
                                         _153975_ (net)
                 12.63    0.09 1842.51 ^ _217735_/B (MAJx2_ASAP7_75t_R)
     2    2.07   13.17   21.59 1864.10 ^ _217735_/Y (MAJx2_ASAP7_75t_R)
                                         _153976_ (net)
                 13.17    0.14 1864.24 ^ _217740_/C (MAJx2_ASAP7_75t_R)
     4    3.57   17.03   22.37 1886.61 ^ _217740_/Y (MAJx2_ASAP7_75t_R)
                                         _153981_ (net)
                 17.06    0.33 1886.94 ^ _217741_/B1 (AO221x1_ASAP7_75t_R)
     2    1.95   16.93   24.40 1911.34 ^ _217741_/Y (AO221x1_ASAP7_75t_R)
                                         _153982_ (net)
                 16.93    0.12 1911.46 ^ _217755_/A3 (AO31x2_ASAP7_75t_R)
     9    7.50   27.89   26.55 1938.01 ^ _217755_/Y (AO31x2_ASAP7_75t_R)
                                         _153996_ (net)
                 27.92    0.63 1938.63 ^ _217807_/B (AND3x1_ASAP7_75t_R)
     1    1.15   11.88   22.21 1960.84 ^ _217807_/Y (AND3x1_ASAP7_75t_R)
                                         _154048_ (net)
                 11.88    0.06 1960.90 ^ _217808_/B (XNOR2x2_ASAP7_75t_R)
     3    2.01   10.09   27.10 1988.00 v _217808_/Y (XNOR2x2_ASAP7_75t_R)
                                         _154049_ (net)
                 10.09    0.08 1988.08 v _217809_/B (OR2x2_ASAP7_75t_R)
     2    1.95   11.08   18.58 2006.67 v _217809_/Y (OR2x2_ASAP7_75t_R)
                                         _154050_ (net)
                 11.08    0.07 2006.73 v _217817_/A2 (AO211x2_ASAP7_75t_R)
     1    0.78    6.16   17.27 2024.00 v _217817_/Y (AO211x2_ASAP7_75t_R)
                                         _154058_ (net)
                  6.16    0.04 2024.05 v _217818_/A1 (AO32x2_ASAP7_75t_R)
     4    4.44   20.20   29.56 2053.61 v _217818_/Y (AO32x2_ASAP7_75t_R)
                                         _154059_ (net)
                 20.23    0.37 2053.99 v _217850_/A3 (AO31x2_ASAP7_75t_R)
     4    2.98   10.84   20.75 2074.74 v _217850_/Y (AO31x2_ASAP7_75t_R)
                                         _154091_ (net)
                 10.84    0.09 2074.83 v _217853_/B1 (AOI22x1_ASAP7_75t_R)
     9    7.21   49.92   27.15 2101.98 ^ _217853_/Y (AOI22x1_ASAP7_75t_R)
                                         _154094_ (net)
                 49.93    0.46 2102.43 ^ _217888_/A (AND2x2_ASAP7_75t_R)
     1    1.27    8.63   20.40 2122.84 ^ _217888_/Y (AND2x2_ASAP7_75t_R)
                                         _154129_ (net)
                  8.63    0.08 2122.92 ^ _217889_/B (XNOR2x2_ASAP7_75t_R)
     3    2.13   10.42   26.64 2149.56 v _217889_/Y (XNOR2x2_ASAP7_75t_R)
                                         _154130_ (net)
                 10.42    0.10 2149.66 v _217890_/B (OR2x2_ASAP7_75t_R)
     4    3.23   14.44   20.75 2170.41 v _217890_/Y (OR2x2_ASAP7_75t_R)
                                         _154131_ (net)
                 14.45    0.09 2170.49 v _217897_/A1 (AO21x1_ASAP7_75t_R)
     2    1.56   11.38   19.51 2190.00 v _217897_/Y (AO21x1_ASAP7_75t_R)
                                         _154138_ (net)
                 11.38    0.10 2190.10 v _217898_/B (AND2x2_ASAP7_75t_R)
     2    1.42    7.17   15.96 2206.06 v _217898_/Y (AND2x2_ASAP7_75t_R)
                                         _154139_ (net)
                  7.18    0.07 2206.13 v _217959_/A2 (OA211x2_ASAP7_75t_R)
     1    0.88    9.65   21.73 2227.86 v _217959_/Y (OA211x2_ASAP7_75t_R)
                                         _154200_ (net)
                  9.65    0.06 2227.92 v _217960_/A1 (OA21x2_ASAP7_75t_R)
     3    2.15   10.00   19.16 2247.08 v _217960_/Y (OA21x2_ASAP7_75t_R)
                                         _154201_ (net)
                 10.01    0.13 2247.21 v _218017_/A2 (OA211x2_ASAP7_75t_R)
     2    2.12   13.03   24.84 2272.05 v _218017_/Y (OA211x2_ASAP7_75t_R)
                                         _154258_ (net)
                 13.04    0.10 2272.15 v _218018_/A (XOR2x2_ASAP7_75t_R)
     2    1.40    8.36   21.17 2293.32 v _218018_/Y (XOR2x2_ASAP7_75t_R)
                                         _154259_ (net)
                  8.36    0.05 2293.37 v _218038_/B (OR4x1_ASAP7_75t_R)
     2    1.49   14.19   27.38 2320.75 v _218038_/Y (OR4x1_ASAP7_75t_R)
                                         _154279_ (net)
                 14.20    0.09 2320.84 v _218040_/B2 (AO221x1_ASAP7_75t_R)
     2    1.41   13.72   24.47 2345.32 v _218040_/Y (AO221x1_ASAP7_75t_R)
                                         _154281_ (net)
                 13.73    0.06 2345.38 v _218043_/B3 (AO33x2_ASAP7_75t_R)
     2    1.60   11.88   32.54 2377.93 v _218043_/Y (AO33x2_ASAP7_75t_R)
                                         _154284_ (net)
                 11.89    0.07 2378.00 v _218044_/A (MAJx2_ASAP7_75t_R)
     2    1.64    9.86   21.11 2399.11 v _218044_/Y (MAJx2_ASAP7_75t_R)
                                         _154285_ (net)
                  9.87    0.11 2399.22 v _218049_/A (MAJx3_ASAP7_75t_R)
     5    4.97   17.59   26.98 2426.20 v _218049_/Y (MAJx3_ASAP7_75t_R)
                                         _154290_ (net)
                 17.65    0.55 2426.75 v _218087_/A2 (OA21x2_ASAP7_75t_R)
     5    4.07   15.06   24.65 2451.40 v _218087_/Y (OA21x2_ASAP7_75t_R)
                                         _154328_ (net)
                 15.07    0.18 2451.58 v _218091_/B (AND2x4_ASAP7_75t_R)
     1    0.90    6.17   15.11 2466.69 v _218091_/Y (AND2x4_ASAP7_75t_R)
                                         _154332_ (net)
                  6.17    0.06 2466.75 v _218092_/A2 (OA21x2_ASAP7_75t_R)
     1    0.86    7.83   16.20 2482.95 v _218092_/Y (OA21x2_ASAP7_75t_R)
                                         _154333_ (net)
                  7.83    0.05 2483.00 v _218093_/C1 (OA222x2_ASAP7_75t_R)
     2    1.93   11.20   24.57 2507.57 v _218093_/Y (OA222x2_ASAP7_75t_R)
                                         _154334_ (net)
                 11.21    0.08 2507.65 v _218106_/C (MAJx2_ASAP7_75t_R)
     3    2.36   13.36   22.66 2530.31 v _218106_/Y (MAJx2_ASAP7_75t_R)
                                         _154347_ (net)
                 13.37    0.23 2530.53 v _218130_/A3 (AO32x2_ASAP7_75t_R)
     2    1.52   12.41   28.97 2559.50 v _218130_/Y (AO32x2_ASAP7_75t_R)
                                         _154371_ (net)
                 12.41    0.06 2559.56 v _218150_/A1 (OA21x2_ASAP7_75t_R)
     4    3.90   14.93   22.25 2581.81 v _218150_/Y (OA21x2_ASAP7_75t_R)
                                         _154391_ (net)
                 15.01    0.61 2582.43 v _218190_/A2 (OA211x2_ASAP7_75t_R)
     2    2.46   13.90   26.97 2609.39 v _218190_/Y (OA211x2_ASAP7_75t_R)
                                         _154431_ (net)
                 13.92    0.25 2609.64 v _218211_/A3 (OA31x2_ASAP7_75t_R)
     5    4.67   18.74   23.80 2633.44 v _218211_/Y (OA31x2_ASAP7_75t_R)
                                         _154452_ (net)
                 18.76    0.40 2633.85 v _218260_/A3 (AO32x1_ASAP7_75t_R)
     1    1.09   12.04   26.33 2660.18 v _218260_/Y (AO32x1_ASAP7_75t_R)
                                         _154501_ (net)
                 12.04    0.09 2660.27 v _218261_/A (OR3x1_ASAP7_75t_R)
     4    3.76   24.04   28.81 2689.09 v _218261_/Y (OR3x1_ASAP7_75t_R)
                                         _154502_ (net)
                 24.05    0.13 2689.22 v _218270_/B2 (OA22x2_ASAP7_75t_R)
     1    0.77    8.91   23.34 2712.56 v _218270_/Y (OA22x2_ASAP7_75t_R)
                                         _154511_ (net)
                  8.91    0.04 2712.60 v _218271_/B1 (AO22x2_ASAP7_75t_R)
     6    6.53   23.60   27.01 2739.60 v _218271_/Y (AO22x2_ASAP7_75t_R)
                                         _154512_ (net)
                 23.80    1.18 2740.79 v _218276_/B2 (AO22x2_ASAP7_75t_R)
     4    4.09   15.55   27.56 2768.35 v _218276_/Y (AO22x2_ASAP7_75t_R)
                                         _154517_ (net)
                 15.58    0.39 2768.73 v _218298_/A2 (AO21x2_ASAP7_75t_R)
     5    4.47   16.39   24.23 2792.97 v _218298_/Y (AO21x2_ASAP7_75t_R)
                                         _154539_ (net)
                 16.46    0.58 2793.54 v _218408_/C (OR3x1_ASAP7_75t_R)
     1    0.75    8.86   21.84 2815.38 v _218408_/Y (OR3x1_ASAP7_75t_R)
                                         _154649_ (net)
                  8.87    0.05 2815.43 v _218411_/C (OA211x2_ASAP7_75t_R)
     3    2.97   15.16   31.28 2846.71 v _218411_/Y (OA211x2_ASAP7_75t_R)
                                         _154652_ (net)
                 15.18    0.27 2846.98 v _218421_/A3 (OA31x2_ASAP7_75t_R)
     3    2.87   16.87   21.69 2868.68 v _218421_/Y (OA31x2_ASAP7_75t_R)
                                         _154662_ (net)
                 16.88    0.15 2868.82 v _218429_/A3 (OA31x2_ASAP7_75t_R)
     2    2.22   15.88   21.04 2889.86 v _218429_/Y (OA31x2_ASAP7_75t_R)
                                         _154670_ (net)
                 15.88    0.11 2889.97 v _218461_/A3 (OA31x2_ASAP7_75t_R)
     2    2.11   11.62   20.52 2910.49 v _218461_/Y (OA31x2_ASAP7_75t_R)
                                         _154702_ (net)
                 11.63    0.21 2910.70 v _218493_/A2 (OA21x2_ASAP7_75t_R)
     8    8.86   28.23   28.41 2939.11 v _218493_/Y (OA21x2_ASAP7_75t_R)
                                         _154734_ (net)
                 28.52    1.63 2940.74 v _218574_/A2 (AOI21x1_ASAP7_75t_R)
     4    3.73   29.37   20.58 2961.32 ^ _218574_/Y (AOI21x1_ASAP7_75t_R)
                                         _154815_ (net)
                 29.37    0.12 2961.44 ^ _218578_/B1 (OA222x2_ASAP7_75t_R)
     2    3.12   16.47   32.97 2994.41 ^ _218578_/Y (OA222x2_ASAP7_75t_R)
                                         _154819_ (net)
                 16.50    0.37 2994.78 ^ _218639_/B (XNOR2x1_ASAP7_75t_R)
     2    1.97   18.14   18.71 3013.49 ^ _218639_/Y (XNOR2x1_ASAP7_75t_R)
                                         _154880_ (net)
                 18.14    0.07 3013.56 ^ _218640_/A (XNOR2x2_ASAP7_75t_R)
     1    0.92    9.97   26.86 3040.42 v _218640_/Y (XNOR2x2_ASAP7_75t_R)
                                         _154881_ (net)
                  9.97    0.06 3040.48 v _218641_/B (AO21x1_ASAP7_75t_R)
     1    0.74    9.93   16.14 3056.62 v _218641_/Y (AO21x1_ASAP7_75t_R)
                                         _154882_ (net)
                  9.93    0.04 3056.67 v _218642_/B (OR5x1_ASAP7_75t_R)
     2    2.50   21.19   35.40 3092.06 v _218642_/Y (OR5x1_ASAP7_75t_R)
                                         _154883_ (net)
                 21.20    0.20 3092.27 v _218783_/B (OA21x2_ASAP7_75t_R)
     2    2.05   12.65   18.36 3110.63 v _218783_/Y (OA21x2_ASAP7_75t_R)
                                         _155024_ (net)
                 12.65    0.14 3110.77 v _218787_/A2 (AO31x2_ASAP7_75t_R)
     3    2.55   10.05   17.33 3128.10 v _218787_/Y (AO31x2_ASAP7_75t_R)
                                         _155028_ (net)
                 10.08    0.27 3128.37 v _218790_/C (AND3x1_ASAP7_75t_R)
     2    2.15   15.03   16.78 3145.15 v _218790_/Y (AND3x1_ASAP7_75t_R)
                                         _155031_ (net)
                 15.04    0.08 3145.23 v _218792_/A3 (OA31x2_ASAP7_75t_R)
     2    1.96   11.24   20.05 3165.28 v _218792_/Y (OA31x2_ASAP7_75t_R)
                                         _155033_ (net)
                 11.25    0.18 3165.46 v _218798_/C (OR4x1_ASAP7_75t_R)
     2    1.44   13.97   28.96 3194.43 v _218798_/Y (OR4x1_ASAP7_75t_R)
                                         _155039_ (net)
                 13.97    0.05 3194.48 v _218799_/C (OA211x2_ASAP7_75t_R)
     5    4.14   18.46   34.79 3229.26 v _218799_/Y (OA211x2_ASAP7_75t_R)
                                         _155040_ (net)
                 18.48    0.26 3229.53 v _218960_/B1 (AO32x1_ASAP7_75t_R)
     1    1.40   14.31   26.63 3256.16 v _218960_/Y (AO32x1_ASAP7_75t_R)
                                         _155201_ (net)
                 14.32    0.11 3256.27 v _218961_/B (NAND2x1_ASAP7_75t_R)
     2    1.96   17.99   12.66 3268.93 ^ _218961_/Y (NAND2x1_ASAP7_75t_R)
                                         _155202_ (net)
                 17.99    0.08 3269.00 ^ _218973_/D (AND5x2_ASAP7_75t_R)
     3    2.99   17.45   33.56 3302.57 ^ _218973_/Y (AND5x2_ASAP7_75t_R)
                                         _155214_ (net)
                 17.46    0.19 3302.76 ^ _218974_/D (AND5x2_ASAP7_75t_R)
    11    9.24   37.90   42.45 3345.21 ^ _218974_/Y (AND5x2_ASAP7_75t_R)
                                         _155215_ (net)
                 37.92    0.51 3345.72 ^ _219045_/A (OR2x2_ASAP7_75t_R)
     8    7.44   26.43   31.18 3376.90 ^ _219045_/Y (OR2x2_ASAP7_75t_R)
                                         _155286_ (net)
                 26.44    0.36 3377.26 ^ place25311/A (BUFx6f_ASAP7_75t_R)
     4    3.72    7.66   16.86 3394.12 ^ place25311/Y (BUFx6f_ASAP7_75t_R)
                                         net24869 (net)
                  7.67    0.19 3394.31 ^ _219048_/A (AND2x2_ASAP7_75t_R)
     2    2.23   10.75   16.51 3410.82 ^ _219048_/Y (AND2x2_ASAP7_75t_R)
                                         _155289_ (net)
                 10.76    0.11 3410.93 ^ _219049_/B (XNOR2x2_ASAP7_75t_R)
     2    2.32   10.93   27.43 3438.36 v _219049_/Y (XNOR2x2_ASAP7_75t_R)
                                         _155290_ (net)
                 10.94    0.15 3438.51 v _219062_/A2 (OAI22x1_ASAP7_75t_R)
     2    2.25   35.72   13.22 3451.73 ^ _219062_/Y (OAI22x1_ASAP7_75t_R)
                                         _155303_ (net)
                 35.73    0.17 3451.91 ^ _219217_/B (AO211x2_ASAP7_75t_R)
     2    3.63   16.53   29.39 3481.30 ^ _219217_/Y (AO211x2_ASAP7_75t_R)
                                         _155458_ (net)
                 16.54    0.30 3481.60 ^ _219222_/A (AND5x2_ASAP7_75t_R)
     3    3.69   18.86   28.39 3509.99 ^ _219222_/Y (AND5x2_ASAP7_75t_R)
                                         _155463_ (net)
                 18.94    0.64 3510.63 ^ place25237/A (BUFx3_ASAP7_75t_R)
     2    2.06    7.80   16.22 3526.85 ^ place25237/Y (BUFx3_ASAP7_75t_R)
                                         net24795 (net)
                  7.81    0.10 3526.95 ^ _219332_/A1 (OA31x2_ASAP7_75t_R)
     2    1.79   10.74   22.45 3549.40 ^ _219332_/Y (OA31x2_ASAP7_75t_R)
                                         _155573_ (net)
                 10.74    0.06 3549.46 ^ _219337_/A (XNOR2x2_ASAP7_75t_R)
     2    1.57    8.84   26.23 3575.69 v _219337_/Y (XNOR2x2_ASAP7_75t_R)
                                         _155578_ (net)
                  8.84    0.06 3575.75 v _219341_/B (OR3x1_ASAP7_75t_R)
     4    3.29   21.85   27.66 3603.41 v _219341_/Y (OR3x1_ASAP7_75t_R)
                                         _155582_ (net)
                 21.88    0.43 3603.85 v _219371_/B1 (AO221x1_ASAP7_75t_R)
     2    1.69   16.18   26.63 3630.48 v _219371_/Y (AO221x1_ASAP7_75t_R)
                                         _155612_ (net)
                 16.18    0.15 3630.63 v _219393_/A1 (OA211x2_ASAP7_75t_R)
     3    4.21   18.84   29.39 3660.02 v _219393_/Y (OA211x2_ASAP7_75t_R)
                                         _155634_ (net)
                 18.88    0.45 3660.48 v _219675_/A2 (AO21x1_ASAP7_75t_R)
     2    1.41   11.11   19.26 3679.73 v _219675_/Y (AO21x1_ASAP7_75t_R)
                                         _155916_ (net)
                 11.11    0.05 3679.78 v _219676_/B1 (AO32x1_ASAP7_75t_R)
     5    5.88   35.60   35.43 3715.22 v _219676_/Y (AO32x1_ASAP7_75t_R)
                                         _155917_ (net)
                 35.73    1.31 3716.53 v place25121/A (BUFx6f_ASAP7_75t_R)
     4    3.73    7.60   20.38 3736.91 v place25121/Y (BUFx6f_ASAP7_75t_R)
                                         net24679 (net)
                  7.62    0.15 3737.07 v _219726_/B (XNOR2x2_ASAP7_75t_R)
     1    0.75    9.69   19.95 3757.01 ^ _219726_/Y (XNOR2x2_ASAP7_75t_R)
                                         _155967_ (net)
                  9.69    0.04 3757.05 ^ _219727_/B (AND2x2_ASAP7_75t_R)
     1    1.29    8.31   15.64 3772.69 ^ _219727_/Y (AND2x2_ASAP7_75t_R)
                                         _155968_ (net)
                  8.31    0.09 3772.78 ^ _219728_/B (XNOR2x2_ASAP7_75t_R)
     2    1.75    9.36   25.90 3798.68 v _219728_/Y (XNOR2x2_ASAP7_75t_R)
                                         _155969_ (net)
                  9.36    0.04 3798.72 v _219729_/B (XNOR2x2_ASAP7_75t_R)
     1    0.79    9.94   20.53 3819.25 ^ _219729_/Y (XNOR2x2_ASAP7_75t_R)
                                         _155970_ (net)
                  9.94    0.04 3819.29 ^ _219730_/C (AND3x2_ASAP7_75t_R)
     2    2.34   13.28   23.25 3842.53 ^ _219730_/Y (AND3x2_ASAP7_75t_R)
                                         _155971_ (net)
                 13.31    0.38 3842.92 ^ _219859_/B (AND5x1_ASAP7_75t_R)
     2    2.11   20.37   32.01 3874.93 ^ _219859_/Y (AND5x1_ASAP7_75t_R)
                                         _156100_ (net)
                 20.37    0.07 3875.00 ^ _219929_/A2 (AO211x2_ASAP7_75t_R)
     4    4.77   20.01   28.68 3903.68 ^ _219929_/Y (AO211x2_ASAP7_75t_R)
                                         _156170_ (net)
                 20.05    0.49 3904.17 ^ _219930_/B (AND2x2_ASAP7_75t_R)
     2    2.18   11.13   19.95 3924.12 ^ _219930_/Y (AND2x2_ASAP7_75t_R)
                                         _156171_ (net)
                 11.13    0.06 3924.18 ^ _219935_/A1 (AO21x1_ASAP7_75t_R)
     4    3.59   24.89   21.49 3945.67 ^ _219935_/Y (AO21x1_ASAP7_75t_R)
                                         _156176_ (net)
                 24.90    0.26 3945.94 ^ _220135_/A (AND2x2_ASAP7_75t_R)
     3    3.04   13.67   20.71 3966.64 ^ _220135_/Y (AND2x2_ASAP7_75t_R)
                                         _156376_ (net)
                 13.68    0.15 3966.80 ^ _220136_/B (XNOR2x2_ASAP7_75t_R)
     1    0.92    9.44   25.52 3992.32 v _220136_/Y (XNOR2x2_ASAP7_75t_R)
                                         _156377_ (net)
                  9.44    0.07 3992.39 v _220141_/D (OR5x1_ASAP7_75t_R)
     1    1.30   14.72   34.36 4026.75 v _220141_/Y (OR5x1_ASAP7_75t_R)
                                         _156382_ (net)
                 14.72    0.10 4026.85 v _220143_/C (AO211x2_ASAP7_75t_R)
     2    2.73   11.40   20.75 4047.60 v _220143_/Y (AO211x2_ASAP7_75t_R)
                                         _156384_ (net)
                 11.44    0.39 4047.99 v _220166_/A3 (AO31x2_ASAP7_75t_R)
     3    2.81   10.50   18.50 4066.49 v _220166_/Y (AO31x2_ASAP7_75t_R)
                                         _156407_ (net)
                 10.51    0.22 4066.70 v _220179_/A2 (AOI21x1_ASAP7_75t_R)
     8    9.07   61.79   29.85 4096.55 ^ _220179_/Y (AOI21x1_ASAP7_75t_R)
                                         _156420_ (net)
                 61.80    0.33 4096.87 ^ _220248_/B (OA211x2_ASAP7_75t_R)
     1    1.38   10.80   28.89 4125.76 ^ _220248_/Y (OA211x2_ASAP7_75t_R)
                                         _156489_ (net)
                 10.80    0.11 4125.88 ^ _220249_/B (XNOR2x2_ASAP7_75t_R)
     2    3.13   13.03   28.75 4154.62 v _220249_/Y (XNOR2x2_ASAP7_75t_R)
                                         _156490_ (net)
                 13.04    0.24 4154.87 v _220304_/A2 (AOI22x1_ASAP7_75t_R)
     2    3.11   35.09   16.83 4171.69 ^ _220304_/Y (AOI22x1_ASAP7_75t_R)
                                         _156545_ (net)
                 35.13    0.73 4172.42 ^ _220487_/B (AND5x1_ASAP7_75t_R)
     2    2.21   20.89   36.34 4208.77 ^ _220487_/Y (AND5x1_ASAP7_75t_R)
                                         _156728_ (net)
                 20.90    0.21 4208.98 ^ _220507_/C (AND4x1_ASAP7_75t_R)
     1    2.06   18.70   28.38 4237.36 ^ _220507_/Y (AND4x1_ASAP7_75t_R)
                                         _156748_ (net)
                 18.72    0.32 4237.68 ^ _220511_/A3 (AO31x2_ASAP7_75t_R)
     3    2.66   13.33   19.76 4257.44 ^ _220511_/Y (AO31x2_ASAP7_75t_R)
                                         _156752_ (net)
                 13.34    0.13 4257.58 ^ _220512_/B1 (AOI22x1_ASAP7_75t_R)
     9    7.08   40.35   21.52 4279.09 v _220512_/Y (AOI22x1_ASAP7_75t_R)
                                         _156753_ (net)
                 40.36    0.37 4279.46 v place24801/A (BUFx3_ASAP7_75t_R)
     4    3.79   11.12   23.99 4303.45 v place24801/Y (BUFx3_ASAP7_75t_R)
                                         net24359 (net)
                 11.18    0.42 4303.87 v _220540_/A2 (AO22x1_ASAP7_75t_R)
     2    1.65   12.94   21.94 4325.81 v _220540_/Y (AO22x1_ASAP7_75t_R)
                                         _156781_ (net)
                 12.94    0.07 4325.88 v _220857_/A2 (AO33x2_ASAP7_75t_R)
     2    1.70   13.05   31.36 4357.24 v _220857_/Y (AO33x2_ASAP7_75t_R)
                                         _157098_ (net)
                 13.05    0.05 4357.30 v _220863_/C (AO211x2_ASAP7_75t_R)
     1    1.22    7.15   17.85 4375.15 v _220863_/Y (AO211x2_ASAP7_75t_R)
                                         _157104_ (net)
                  7.16    0.09 4375.24 v _220864_/C (AO211x2_ASAP7_75t_R)
     1    0.73    5.90   15.41 4390.65 v _220864_/Y (AO211x2_ASAP7_75t_R)
                                         _157105_ (net)
                  5.90    0.04 4390.69 v _220865_/B1 (AO32x1_ASAP7_75t_R)
     2    2.05   17.65   24.72 4415.42 v _220865_/Y (AO32x1_ASAP7_75t_R)
                                         _157106_ (net)
                 17.66    0.26 4415.68 v _220867_/B2 (AO221x1_ASAP7_75t_R)
     2    1.87   15.58   26.81 4442.49 v _220867_/Y (AO221x1_ASAP7_75t_R)
                                         _157108_ (net)
                 15.59    0.18 4442.67 v _220868_/B1 (AO32x1_ASAP7_75t_R)
     2    1.80   14.08   26.89 4469.56 v _220868_/Y (AO32x1_ASAP7_75t_R)
                                         _157109_ (net)
                 14.09    0.16 4469.72 v _220874_/A2 (OA21x2_ASAP7_75t_R)
     3    3.43   13.32   22.67 4492.38 v _220874_/Y (OA21x2_ASAP7_75t_R)
                                         _157115_ (net)
                 13.34    0.27 4492.65 v place24679/A (BUFx3_ASAP7_75t_R)
     2    2.56    7.84   16.01 4508.67 v place24679/Y (BUFx3_ASAP7_75t_R)
                                         net24237 (net)
                  7.85    0.16 4508.83 v place24678/A (BUFx6f_ASAP7_75t_R)
     5    5.89    8.82   14.02 4522.84 v place24678/Y (BUFx6f_ASAP7_75t_R)
                                         net24236 (net)
                  8.88    0.42 4523.26 v _221020_/B (OA21x2_ASAP7_75t_R)
     3    3.02   12.34   16.05 4539.31 v _221020_/Y (OA21x2_ASAP7_75t_R)
                                         _157261_ (net)
                 12.35    0.11 4539.43 v _221023_/A (XNOR2x2_ASAP7_75t_R)
     2    3.51   15.12   25.44 4564.87 ^ _221023_/Y (XNOR2x2_ASAP7_75t_R)
                                         _157264_ (net)
                 15.12    0.14 4565.01 ^ _221141_/D (AND5x1_ASAP7_75t_R)
     1    1.31   15.62   32.03 4597.03 ^ _221141_/Y (AND5x1_ASAP7_75t_R)
                                         _157382_ (net)
                 15.62    0.15 4597.18 ^ _221142_/B (OA21x2_ASAP7_75t_R)
     1    1.33    8.38   17.92 4615.10 ^ _221142_/Y (OA21x2_ASAP7_75t_R)
                                         _157383_ (net)
                  8.39    0.15 4615.25 ^ _221143_/A2 (OA21x2_ASAP7_75t_R)
     2    2.07   10.72   17.17 4632.42 ^ _221143_/Y (OA21x2_ASAP7_75t_R)
                                         _157384_ (net)
                 10.74    0.25 4632.67 ^ _221176_/A2 (OA21x2_ASAP7_75t_R)
     3    2.32   11.37   18.28 4650.95 ^ _221176_/Y (OA21x2_ASAP7_75t_R)
                                         _157417_ (net)
                 11.38    0.14 4651.09 ^ _221286_/A1 (OA21x2_ASAP7_75t_R)
     4    3.96   16.81   21.53 4672.62 ^ _221286_/Y (OA21x2_ASAP7_75t_R)
                                         _157527_ (net)
                 16.91    0.74 4673.36 ^ _221342_/A2 (OA21x2_ASAP7_75t_R)
     2    1.99   10.50   19.39 4692.76 ^ _221342_/Y (OA21x2_ASAP7_75t_R)
                                         _157583_ (net)
                 10.51    0.13 4692.88 ^ _221343_/B (XNOR2x2_ASAP7_75t_R)
     4    2.43   11.17   27.58 4720.47 v _221343_/Y (XNOR2x2_ASAP7_75t_R)
                                         _157584_ (net)
                 11.17    0.08 4720.55 v _221375_/B (OA211x2_ASAP7_75t_R)
     1    1.22   14.91   27.06 4747.60 v _221375_/Y (OA211x2_ASAP7_75t_R)
                                         _157616_ (net)
                 14.91    0.08 4747.68 v _221376_/B (AOI211x1_ASAP7_75t_R)
     3    3.60   48.02   22.59 4770.27 ^ _221376_/Y (AOI211x1_ASAP7_75t_R)
                                         _157617_ (net)
                 48.02    0.25 4770.52 ^ _221592_/B (AO211x2_ASAP7_75t_R)
     4    3.99   17.72   32.43 4802.94 ^ _221592_/Y (AO211x2_ASAP7_75t_R)
                                         _157833_ (net)
                 17.79    0.58 4803.52 ^ _221600_/A1 (AO31x2_ASAP7_75t_R)
     3    3.05   14.68   21.35 4824.87 ^ _221600_/Y (AO31x2_ASAP7_75t_R)
                                         _157841_ (net)
                 14.72    0.43 4825.30 ^ _221602_/A (AND5x2_ASAP7_75t_R)
     6    6.05   26.34   31.61 4856.91 ^ _221602_/Y (AND5x2_ASAP7_75t_R)
                                         _157843_ (net)
                 26.39    0.61 4857.52 ^ place24445/A (BUFx3_ASAP7_75t_R)
     1    1.32    6.64   16.81 4874.33 ^ place24445/Y (BUFx3_ASAP7_75t_R)
                                         net24003 (net)
                  6.64    0.07 4874.40 ^ _221804_/A3 (OA31x2_ASAP7_75t_R)
     1    1.29    9.18   18.51 4892.91 ^ _221804_/Y (OA31x2_ASAP7_75t_R)
                                         _158045_ (net)
                  9.18    0.09 4893.00 ^ _221805_/B (XNOR2x2_ASAP7_75t_R)
     5    4.25   16.23   30.00 4923.00 v _221805_/Y (XNOR2x2_ASAP7_75t_R)
                                         _158046_ (net)
                 16.26    0.36 4923.35 v _221841_/B (OR2x2_ASAP7_75t_R)
     2    1.92   10.70   20.40 4943.75 v _221841_/Y (OR2x2_ASAP7_75t_R)
                                         _158082_ (net)
                 10.70    0.07 4943.82 v _221842_/C (MAJx2_ASAP7_75t_R)
     1    1.62   11.48   21.28 4965.10 v _221842_/Y (MAJx2_ASAP7_75t_R)
                                         _158083_ (net)
                 11.49    0.14 4965.24 v _221846_/B (MAJx2_ASAP7_75t_R)
     2    1.33   11.75   22.21 4987.45 v _221846_/Y (MAJx2_ASAP7_75t_R)
                                         _158087_ (net)
                 11.75    0.04 4987.48 v _221882_/B (AND5x1_ASAP7_75t_R)
     2    2.07   13.58   19.94 5007.42 v _221882_/Y (AND5x1_ASAP7_75t_R)
                                         _158123_ (net)
                 13.58    0.13 5007.55 v _221926_/A2 (OAI21x1_ASAP7_75t_R)
     4    4.84   34.56   19.91 5027.47 ^ _221926_/Y (OAI21x1_ASAP7_75t_R)
                                         _158167_ (net)
                 34.64    0.95 5028.42 ^ place24326/A (BUFx3_ASAP7_75t_R)
     3    3.01   10.07   20.24 5048.66 ^ place24326/Y (BUFx3_ASAP7_75t_R)
                                         net23884 (net)
                 10.08    0.12 5048.79 ^ _222073_/A2 (AOI211x1_ASAP7_75t_R)
     2    2.20   28.96   19.05 5067.84 v _222073_/Y (AOI211x1_ASAP7_75t_R)
                                         _158314_ (net)
                 28.97    0.26 5068.10 v _222155_/A2 (OA21x2_ASAP7_75t_R)
     1    1.07    7.58   22.74 5090.83 v _222155_/Y (OA21x2_ASAP7_75t_R)
                                         _158396_ (net)
                  7.58    0.04 5090.87 v _222156_/A (XOR2x2_ASAP7_75t_R)
     2    2.53   12.36   26.09 5116.97 ^ _222156_/Y (XOR2x2_ASAP7_75t_R)
                                         _158397_ (net)
                 12.39    0.34 5117.31 ^ place24271/A (BUFx3_ASAP7_75t_R)
     9    8.76   22.03   20.31 5137.62 ^ place24271/Y (BUFx3_ASAP7_75t_R)
                                         net23829 (net)
                 22.16    0.99 5138.61 ^ _222157_/A (INVx1_ASAP7_75t_R)
     2    2.58   17.97   13.77 5152.39 v _222157_/Y (INVx1_ASAP7_75t_R)
                                         _158398_ (net)
                 17.99    0.28 5152.67 v _222163_/B (MAJx2_ASAP7_75t_R)
     1    1.42   11.14   24.25 5176.92 v _222163_/Y (MAJx2_ASAP7_75t_R)
                                         _158404_ (net)
                 11.14    0.08 5177.00 v _222164_/B (AOI21x1_ASAP7_75t_R)
     2    2.52   20.37   14.02 5191.02 ^ _222164_/Y (AOI21x1_ASAP7_75t_R)
                                         _158405_ (net)
                 20.39    0.28 5191.31 ^ _222322_/A (NOR2x1_ASAP7_75t_R)
     6    4.77   34.41   21.27 5212.57 v _222322_/Y (NOR2x1_ASAP7_75t_R)
                                         _158563_ (net)
                 34.43    0.49 5213.07 v _222326_/A2 (AO22x2_ASAP7_75t_R)
     4    3.31   13.60   27.74 5240.80 v _222326_/Y (AO22x2_ASAP7_75t_R)
                                         _158567_ (net)
                 13.64    0.41 5241.21 v _222333_/B2 (AO221x2_ASAP7_75t_R)
     6    7.57   26.70   36.34 5277.56 v _222333_/Y (AO221x2_ASAP7_75t_R)
                                         _158574_ (net)
                 26.74    0.65 5278.21 v place24142/A (BUFx6f_ASAP7_75t_R)
     7    7.97   11.43   20.30 5298.52 v place24142/Y (BUFx6f_ASAP7_75t_R)
                                         net23700 (net)
                 11.70    0.94 5299.46 v _222673_/A1 (AO21x1_ASAP7_75t_R)
     1    0.87    8.00   16.67 5316.13 v _222673_/Y (AO21x1_ASAP7_75t_R)
                                         _158914_ (net)
                  8.00    0.05 5316.18 v _222675_/A2 (AO22x2_ASAP7_75t_R)
     2    1.99   10.23   20.24 5336.42 v _222675_/Y (AO22x2_ASAP7_75t_R)
                                         _158916_ (net)
                 10.23    0.09 5336.51 v place24098/A (BUFx3_ASAP7_75t_R)
     5    6.17   14.13   18.22 5354.73 v place24098/Y (BUFx3_ASAP7_75t_R)
                                         net23656 (net)
                 14.14    0.23 5354.96 v _222776_/B (MAJx2_ASAP7_75t_R)
     2    1.56   11.63   23.37 5378.33 v _222776_/Y (MAJx2_ASAP7_75t_R)
                                         _159017_ (net)
                 11.64    0.06 5378.39 v _222872_/B (OA21x2_ASAP7_75t_R)
     2    1.58   10.24   14.81 5393.20 v _222872_/Y (OA21x2_ASAP7_75t_R)
                                         _159113_ (net)
                 10.24    0.09 5393.28 v _222915_/C (OR4x1_ASAP7_75t_R)
     1    0.75   10.13   26.06 5419.34 v _222915_/Y (OR4x1_ASAP7_75t_R)
                                         _159156_ (net)
                 10.13    0.04 5419.38 v _222917_/A1 (OA211x2_ASAP7_75t_R)
     8    7.04   25.59   32.22 5451.61 v _222917_/Y (OA211x2_ASAP7_75t_R)
                                         _159158_ (net)
                 25.63    0.52 5452.13 v _222939_/B2 (AO221x1_ASAP7_75t_R)
     2    2.26   16.81   30.05 5482.18 v _222939_/Y (AO221x1_ASAP7_75t_R)
                                         _159180_ (net)
                 16.82    0.15 5482.33 v _222940_/A2 (AO211x2_ASAP7_75t_R)
     7    8.40   26.35   28.88 5511.21 v _222940_/Y (AO211x2_ASAP7_75t_R)
                                         _159181_ (net)
                 26.49    1.13 5512.33 v place23985/A (BUFx6f_ASAP7_75t_R)
     8    7.64   10.74   20.31 5532.64 v place23985/Y (BUFx6f_ASAP7_75t_R)
                                         net23543 (net)
                 10.77    0.30 5532.94 v _223248_/A1 (AO21x1_ASAP7_75t_R)
     3    2.74   17.10   21.52 5554.46 v _223248_/Y (AO21x1_ASAP7_75t_R)
                                         _159489_ (net)
                 17.10    0.08 5554.54 v _223251_/A1 (AOI21x1_ASAP7_75t_R)
     1    0.87   23.39    9.55 5564.09 ^ _223251_/Y (AOI21x1_ASAP7_75t_R)
                                         _159492_ (net)
                 23.39    0.06 5564.15 ^ _223252_/A2 (OA211x2_ASAP7_75t_R)
     1    0.89    8.42   22.55 5586.70 ^ _223252_/Y (OA211x2_ASAP7_75t_R)
                                         _159493_ (net)
                  8.42    0.05 5586.75 ^ _223253_/C (AND3x1_ASAP7_75t_R)
     1    1.37   13.86   19.89 5606.64 ^ _223253_/Y (AND3x1_ASAP7_75t_R)
                                         _159494_ (net)
                 13.86    0.17 5606.81 ^ _223254_/E (AND5x1_ASAP7_75t_R)
     1    0.85   13.36   30.72 5637.53 ^ _223254_/Y (AND5x1_ASAP7_75t_R)
                                         _159495_ (net)
                 13.36    0.06 5637.59 ^ _223255_/A (AND5x1_ASAP7_75t_R)
     2    2.10   20.34   30.50 5668.09 ^ _223255_/Y (AND5x1_ASAP7_75t_R)
                                         _159496_ (net)
                 20.35    0.27 5668.35 ^ _223256_/B (OR4x2_ASAP7_75t_R)
     2    1.48    7.63   16.46 5684.81 ^ _223256_/Y (OR4x2_ASAP7_75t_R)
                                         _159497_ (net)
                  7.63    0.06 5684.88 ^ place23853/A (BUFx3_ASAP7_75t_R)
    12   10.43   24.89   20.96 5705.83 ^ place23853/Y (BUFx3_ASAP7_75t_R)
                                         net23411 (net)
                 24.93    0.56 5706.39 ^ _223257_/A (NOR2x2_ASAP7_75t_R)
     3    3.57   16.76   14.92 5721.31 v _223257_/Y (NOR2x2_ASAP7_75t_R)
                                         _159498_ (net)
                 16.76    0.09 5721.40 v place23846/A (BUFx6f_ASAP7_75t_R)
     5    4.38    7.64   16.16 5737.55 v place23846/Y (BUFx6f_ASAP7_75t_R)
                                         net23404 (net)
                  7.69    0.32 5737.87 v _223373_/D (OR4x1_ASAP7_75t_R)
     1    0.95   12.32   26.79 5764.66 v _223373_/Y (OR4x1_ASAP7_75t_R)
                                         _159614_ (net)
                 12.32    0.07 5764.73 v _223375_/C (AND4x1_ASAP7_75t_R)
     2    2.33   14.43   17.91 5782.64 v _223375_/Y (AND4x1_ASAP7_75t_R)
                                         _159616_ (net)
                 14.44    0.29 5782.93 v _223376_/B (XNOR2x2_ASAP7_75t_R)
     1    0.73    8.74   21.80 5804.73 ^ _223376_/Y (XNOR2x2_ASAP7_75t_R)
                                         _159617_ (net)
                  8.74    0.04 5804.76 ^ _223377_/B (AND2x2_ASAP7_75t_R)
     2    2.25   10.84   17.00 5821.76 ^ _223377_/Y (AND2x2_ASAP7_75t_R)
                                         _159618_ (net)
                 10.84    0.14 5821.90 ^ _223439_/D (AND5x1_ASAP7_75t_R)
     2    2.54   22.61   34.81 5856.71 ^ _223439_/Y (AND5x1_ASAP7_75t_R)
                                         _159680_ (net)
                 22.63    0.28 5856.99 ^ place23753/A (BUFx6f_ASAP7_75t_R)
     3    2.82    6.58   15.69 5872.68 ^ place23753/Y (BUFx6f_ASAP7_75t_R)
                                         net23311 (net)
                  6.59    0.08 5872.76 ^ _223668_/A (NAND3x1_ASAP7_75t_R)
     5    4.17   23.59   12.61 5885.37 v _223668_/Y (NAND3x1_ASAP7_75t_R)
                                         _159909_ (net)
                 23.61    0.44 5885.81 v place23730/A (BUFx3_ASAP7_75t_R)
    10    9.53   20.48   24.75 5910.56 v place23730/Y (BUFx3_ASAP7_75t_R)
                                         net23288 (net)
                 20.62    0.94 5911.49 v _223817_/A3 (AO32x1_ASAP7_75t_R)
     2    2.09   15.48   29.82 5941.31 v _223817_/Y (AO32x1_ASAP7_75t_R)
                                         _160058_ (net)
                 15.49    0.08 5941.40 v _223977_/B (XOR2x2_ASAP7_75t_R)
     2    1.99   10.04   22.18 5963.58 v _223977_/Y (XOR2x2_ASAP7_75t_R)
                                         _160218_ (net)
                 10.05    0.10 5963.69 v _223993_/C (MAJx2_ASAP7_75t_R)
     2    1.96   12.35   21.69 5985.37 v _223993_/Y (MAJx2_ASAP7_75t_R)
                                         _160234_ (net)
                 12.36    0.20 5985.57 v _223994_/D (OR4x2_ASAP7_75t_R)
     3    4.09   19.67   38.13 6023.70 v _223994_/Y (OR4x2_ASAP7_75t_R)
                                         _160235_ (net)
                 19.67    0.16 6023.86 v _223995_/A1 (AOI21x1_ASAP7_75t_R)
     1    1.62   16.52   12.31 6036.17 ^ _223995_/Y (AOI21x1_ASAP7_75t_R)
                                         _160236_ (net)
                 16.53    0.16 6036.33 ^ _224023_/A3 (OA31x2_ASAP7_75t_R)
     2    1.79   10.78   22.07 6058.40 ^ _224023_/Y (OA31x2_ASAP7_75t_R)
                                         _160264_ (net)
                 10.79    0.15 6058.55 ^ _224027_/A2 (AO21x2_ASAP7_75t_R)
     2    1.89   10.10   17.52 6076.07 ^ _224027_/Y (AO21x2_ASAP7_75t_R)
                                         _160268_ (net)
                 10.11    0.10 6076.16 ^ _224028_/B (AO211x2_ASAP7_75t_R)
     4    4.51   18.97   23.63 6099.79 ^ _224028_/Y (AO211x2_ASAP7_75t_R)
                                         _160269_ (net)
                 19.00    0.41 6100.20 ^ place23565/A (BUFx6f_ASAP7_75t_R)
     4    4.10    8.09   15.56 6115.76 ^ place23565/Y (BUFx6f_ASAP7_75t_R)
                                         net23123 (net)
                  8.25    0.61 6116.37 ^ _224375_/B (NAND2x1_ASAP7_75t_R)
     2    1.37    9.95    7.35 6123.72 v _224375_/Y (NAND2x1_ASAP7_75t_R)
                                         _160616_ (net)
                  9.95    0.07 6123.79 v _224386_/E (OR5x1_ASAP7_75t_R)
     1    1.00   12.76   33.56 6157.35 v _224386_/Y (OR5x1_ASAP7_75t_R)
                                         _160627_ (net)
                 12.76    0.08 6157.43 v _224387_/D (AND4x1_ASAP7_75t_R)
     2    1.34    9.41   16.19 6173.62 v _224387_/Y (AND4x1_ASAP7_75t_R)
                                         _160628_ (net)
                  9.41    0.06 6173.67 v _224397_/C (OR5x1_ASAP7_75t_R)
     3    4.74   34.16   43.73 6217.40 v _224397_/Y (OR5x1_ASAP7_75t_R)
                                         _160638_ (net)
                 34.30    1.33 6218.73 v place23468/A (BUFx3_ASAP7_75t_R)
     1    1.14    6.35   19.79 6238.52 v place23468/Y (BUFx3_ASAP7_75t_R)
                                         net23026 (net)
                  6.36    0.06 6238.58 v _224398_/B (AOI211x1_ASAP7_75t_R)
     1    0.94   18.64   10.49 6249.07 ^ _224398_/Y (AOI211x1_ASAP7_75t_R)
                                         _160639_ (net)
                 18.64    0.06 6249.14 ^ _224454_/A2 (OA21x2_ASAP7_75t_R)
     7    8.01   29.69   28.09 6277.22 ^ _224454_/Y (OA21x2_ASAP7_75t_R)
                                         _160695_ (net)
                 29.76    0.84 6278.06 ^ _224494_/C (OR3x2_ASAP7_75t_R)
     9    8.01   27.56   27.79 6305.85 ^ _224494_/Y (OR3x2_ASAP7_75t_R)
                                         _160735_ (net)
                 27.60    0.72 6306.56 ^ place23434/A (BUFx3_ASAP7_75t_R)
     2    1.61    7.22   17.36 6323.92 ^ place23434/Y (BUFx3_ASAP7_75t_R)
                                         net22992 (net)
                  7.22    0.10 6324.02 ^ _224616_/A (AND2x2_ASAP7_75t_R)
     2    2.21   10.71   16.39 6340.41 ^ _224616_/Y (AND2x2_ASAP7_75t_R)
                                         _160857_ (net)
                 10.71    0.10 6340.51 ^ _224617_/B (XNOR2x2_ASAP7_75t_R)
     4    5.12   18.65   31.43 6371.93 v _224617_/Y (XNOR2x2_ASAP7_75t_R)
                                         _160858_ (net)
                 18.74    0.74 6372.67 v _224737_/B (MAJx2_ASAP7_75t_R)
     2    1.31   11.90   24.30 6396.97 v _224737_/Y (MAJx2_ASAP7_75t_R)
                                         _160978_ (net)
                 11.90    0.05 6397.01 v _224738_/B (AND2x2_ASAP7_75t_R)
     2    1.49    9.85   16.24 6413.25 v _224738_/Y (AND2x2_ASAP7_75t_R)
                                         _160979_ (net)
                  9.85    0.06 6413.31 v _224744_/B1 (OA22x2_ASAP7_75t_R)
     2    2.60   14.12   21.85 6435.16 v _224744_/Y (OA22x2_ASAP7_75t_R)
                                         _160985_ (net)
                 14.16    0.43 6435.59 v _224814_/A1 (OA211x2_ASAP7_75t_R)
     2    1.46   11.11   24.30 6459.89 v _224814_/Y (OA211x2_ASAP7_75t_R)
                                         _161055_ (net)
                 11.11    0.07 6459.96 v _224859_/A2 (AO221x1_ASAP7_75t_R)
     1    1.51   12.73   25.08 6485.03 v _224859_/Y (AO221x1_ASAP7_75t_R)
                                         _161100_ (net)
                 12.74    0.08 6485.12 v place23293/A (BUFx6f_ASAP7_75t_R)
    16   16.47   19.57   19.24 6504.36 v place23293/Y (BUFx6f_ASAP7_75t_R)
                                         net22851 (net)
                 19.60    0.50 6504.86 v place23292/A (BUFx3_ASAP7_75t_R)
     9    7.79   17.02   22.51 6527.37 v place23292/Y (BUFx3_ASAP7_75t_R)
                                         net22850 (net)
                 17.11    0.70 6528.08 v _225339_/A (AND3x1_ASAP7_75t_R)
     2    1.39    9.45   15.37 6543.45 v _225339_/Y (AND3x1_ASAP7_75t_R)
                                         _161580_ (net)
                  9.46    0.07 6543.52 v _225346_/B (OA211x2_ASAP7_75t_R)
     2    1.98   12.56   28.03 6571.54 v _225346_/Y (OA211x2_ASAP7_75t_R)
                                         _161587_ (net)
                 12.56    0.08 6571.62 v _225347_/B (XOR2x2_ASAP7_75t_R)
     2    1.40    8.77   26.07 6597.70 ^ _225347_/Y (XOR2x2_ASAP7_75t_R)
                                         _161588_ (net)
                  8.77    0.04 6597.73 ^ _225350_/A (AND2x2_ASAP7_75t_R)
     3    2.10   10.34   16.51 6614.25 ^ _225350_/Y (AND2x2_ASAP7_75t_R)
                                         _161591_ (net)
                 10.34    0.08 6614.32 ^ _225351_/C (AND3x1_ASAP7_75t_R)
     2    2.54   19.83   23.75 6638.07 ^ _225351_/Y (AND3x1_ASAP7_75t_R)
                                         _161592_ (net)
                 19.83    0.20 6638.27 ^ _225364_/A (NAND3x1_ASAP7_75t_R)
     3    2.84   19.72   13.48 6651.75 v _225364_/Y (NAND3x1_ASAP7_75t_R)
                                         _161605_ (net)
                 19.75    0.48 6652.22 v _225371_/C (OR4x2_ASAP7_75t_R)
     2    2.02   13.59   34.96 6687.19 v _225371_/Y (OR4x2_ASAP7_75t_R)
                                         _161612_ (net)
                 13.60    0.21 6687.39 v _225393_/B (AO21x1_ASAP7_75t_R)
     2    2.32   15.16   21.32 6708.71 v _225393_/Y (AO21x1_ASAP7_75t_R)
                                         _161634_ (net)
                 15.16    0.11 6708.83 v place23178/A (BUFx3_ASAP7_75t_R)
    21   18.26   35.56   29.04 6737.87 v place23178/Y (BUFx3_ASAP7_75t_R)
                                         net22736 (net)
                 35.58    0.48 6738.35 v _225419_/A (NAND2x1_ASAP7_75t_R)
     1    1.11   17.98   17.14 6755.49 ^ _225419_/Y (NAND2x1_ASAP7_75t_R)
                                         _161660_ (net)
                 17.98    0.05 6755.54 ^ _225420_/B (XNOR2x2_ASAP7_75t_R)
     3    3.66   14.69   30.81 6786.35 v _225420_/Y (XNOR2x2_ASAP7_75t_R)
                                         _161661_ (net)
                 14.75    0.53 6786.88 v _225421_/B (NAND2x1_ASAP7_75t_R)
     2    2.03   45.73   12.99 6799.86 ^ _225421_/Y (NAND2x1_ASAP7_75t_R)
                                         _161662_ (net)
                 45.73    0.10 6799.97 ^ _225422_/C (MAJx2_ASAP7_75t_R)
     3    4.66   20.03   28.97 6828.94 ^ _225422_/Y (MAJx2_ASAP7_75t_R)
                                         _161663_ (net)
                 20.05    0.29 6829.23 ^ _225430_/A2 (AOI211x1_ASAP7_75t_R)
     2    1.87   27.40   20.75 6849.97 v _225430_/Y (AOI211x1_ASAP7_75t_R)
                                         _161671_ (net)
                 27.40    0.11 6850.08 v _225436_/B (AO21x1_ASAP7_75t_R)
     2    1.42   11.06   21.53 6871.61 v _225436_/Y (AO21x1_ASAP7_75t_R)
                                         _161677_ (net)
                 11.06    0.05 6871.66 v _225736_/B1 (AO22x1_ASAP7_75t_R)
     1    1.09   10.85   20.83 6892.49 v _225736_/Y (AO22x1_ASAP7_75t_R)
                                         _161977_ (net)
                 10.86    0.05 6892.54 v _225738_/A2 (AO211x2_ASAP7_75t_R)
     8    8.58   27.28   27.71 6920.25 v _225738_/Y (AO211x2_ASAP7_75t_R)
                                         _161979_ (net)
                 27.31    0.50 6920.75 v place23062/A (BUFx3_ASAP7_75t_R)
    14   13.66   27.39   29.01 6949.76 v place23062/Y (BUFx3_ASAP7_75t_R)
                                         net22620 (net)
                 27.59    1.33 6951.09 v _225938_/A1 (AO21x2_ASAP7_75t_R)
     4    3.54   13.81   27.39 6978.48 v _225938_/Y (AO21x2_ASAP7_75t_R)
                                         _162179_ (net)
                 13.81    0.12 6978.60 v _225941_/A1 (AO21x1_ASAP7_75t_R)
     1    0.93    9.09   17.47 6996.07 v _225941_/Y (AO21x1_ASAP7_75t_R)
                                         _162182_ (net)
                  9.09    0.07 6996.14 v _225962_/A2 (AO222x2_ASAP7_75t_R)
     3    3.82   17.95   36.74 7032.88 v _225962_/Y (AO222x2_ASAP7_75t_R)
                                         _162203_ (net)
                 17.98    0.37 7033.25 v _225997_/C (AOI211x1_ASAP7_75t_R)
     3    2.74   32.76   20.01 7053.25 ^ _225997_/Y (AOI211x1_ASAP7_75t_R)
                                         _162238_ (net)
                 32.76    0.26 7053.51 ^ _225998_/B (AND4x2_ASAP7_75t_R)
     5    5.37   24.85   38.11 7091.62 ^ _225998_/Y (AND4x2_ASAP7_75t_R)
                                         _162239_ (net)
                 24.91    0.66 7092.28 ^ _225999_/B (OA21x2_ASAP7_75t_R)
     3    2.54   12.16   21.51 7113.79 ^ _225999_/Y (OA21x2_ASAP7_75t_R)
                                         _162240_ (net)
                 12.16    0.12 7113.91 ^ _226099_/B (OR3x2_ASAP7_75t_R)
     5    7.29   25.66   21.94 7135.86 ^ _226099_/Y (OR3x2_ASAP7_75t_R)
                                         _162340_ (net)
                 25.78    1.02 7136.88 ^ place22882/A (BUFx3_ASAP7_75t_R)
    18   15.85   37.21   29.47 7166.35 ^ place22882/Y (BUFx3_ASAP7_75t_R)
                                         net22440 (net)
                 37.82    2.65 7168.99 ^ _226610_/A (NAND2x1_ASAP7_75t_R)
     1    1.12   11.81   10.10 7179.09 v _226610_/Y (NAND2x1_ASAP7_75t_R)
                                         _162851_ (net)
                 11.81    0.06 7179.16 v _226611_/B (XNOR2x2_ASAP7_75t_R)
     1    0.69    6.70   21.04 7200.19 ^ _226611_/Y (XNOR2x2_ASAP7_75t_R)
                                         _162852_ (net)
                  6.70    0.04 7200.23 ^ _226620_/A3 (AO32x1_ASAP7_75t_R)
     2    2.23   20.11   22.31 7222.54 ^ _226620_/Y (AO32x1_ASAP7_75t_R)
                                         _162861_ (net)
                 20.11    0.08 7222.62 ^ _226621_/C (NOR3x1_ASAP7_75t_R)
     1    1.42   17.41   15.89 7238.51 v _226621_/Y (NOR3x1_ASAP7_75t_R)
                                         _162862_ (net)
                 17.42    0.18 7238.69 v _226623_/C (OR4x1_ASAP7_75t_R)
     2    1.67   15.00   30.80 7269.49 v _226623_/Y (OR4x1_ASAP7_75t_R)
                                         _162864_ (net)
                 15.01    0.06 7269.55 v _226625_/B (OR3x1_ASAP7_75t_R)
     3    2.27   17.04   26.30 7295.85 v _226625_/Y (OR3x1_ASAP7_75t_R)
                                         _162866_ (net)
                 17.05    0.19 7296.03 v place22757/A (BUFx3_ASAP7_75t_R)
     1    1.53    6.23   16.04 7312.07 v place22757/Y (BUFx3_ASAP7_75t_R)
                                         net22315 (net)
                  6.24    0.10 7312.17 v _226626_/C (NAND3x1_ASAP7_75t_R)
     3    3.37   29.72   18.48 7330.66 ^ _226626_/Y (NAND3x1_ASAP7_75t_R)
                                         _162867_ (net)
                 29.74    0.44 7331.10 ^ _226717_/A1 (OAI21x1_ASAP7_75t_R)
     6    6.35   34.51   21.65 7352.74 v _226717_/Y (OAI21x1_ASAP7_75t_R)
                                         _162958_ (net)
                 34.55    0.64 7353.38 v place22721/A (BUFx3_ASAP7_75t_R)
     6    6.44   14.95   25.16 7378.54 v place22721/Y (BUFx3_ASAP7_75t_R)
                                         net22279 (net)
                 14.97    0.28 7378.82 v _226955_/B (AOI21x1_ASAP7_75t_R)
     2    1.87   17.93   13.53 7392.36 ^ _226955_/Y (AOI21x1_ASAP7_75t_R)
                                         _163196_ (net)
                 17.93    0.06 7392.42 ^ _226956_/B (XNOR2x2_ASAP7_75t_R)
     2    2.15   10.49   28.51 7420.93 v _226956_/Y (XNOR2x2_ASAP7_75t_R)
                                         _163197_ (net)
                 10.50    0.11 7421.05 v _226960_/B (MAJx2_ASAP7_75t_R)
     1    0.88   10.15   21.12 7442.17 v _226960_/Y (MAJx2_ASAP7_75t_R)
                                         _163201_ (net)
                 10.15    0.05 7442.22 v _226961_/B (AO21x1_ASAP7_75t_R)
     2    2.28   14.98   20.41 7462.63 v _226961_/Y (AO21x1_ASAP7_75t_R)
                                         _163202_ (net)
                 14.99    0.26 7462.90 v _226962_/B (AO21x1_ASAP7_75t_R)
     2    2.83   17.88   22.72 7485.62 v _226962_/Y (AO21x1_ASAP7_75t_R)
                                         _163203_ (net)
                 17.94    0.61 7486.23 v place22586/A (BUFx3_ASAP7_75t_R)
     2    3.17    8.96   18.07 7504.30 v place22586/Y (BUFx3_ASAP7_75t_R)
                                         net22144 (net)
                  8.97    0.12 7504.42 v _227103_/B (NAND3x1_ASAP7_75t_R)
     2    1.80   20.34   13.54 7517.95 ^ _227103_/Y (NAND3x1_ASAP7_75t_R)
                                         _163344_ (net)
                 20.34    0.11 7518.06 ^ _227110_/B (AND4x1_ASAP7_75t_R)
     2    2.38   20.45   29.23 7547.29 ^ _227110_/Y (AND4x1_ASAP7_75t_R)
                                         _163351_ (net)
                 20.46    0.16 7547.45 ^ place22551/A (BUFx6f_ASAP7_75t_R)
    10   10.06   14.52   18.85 7566.30 ^ place22551/Y (BUFx6f_ASAP7_75t_R)
                                         net22109 (net)
                 14.86    1.21 7567.51 ^ place22549/A (BUFx3_ASAP7_75t_R)
     3    3.21    9.87   16.39 7583.90 ^ place22549/Y (BUFx3_ASAP7_75t_R)
                                         net22107 (net)
                  9.88    0.10 7584.00 ^ place22548/A (BUFx3_ASAP7_75t_R)
    10   12.73   30.31   22.95 7606.96 ^ place22548/Y (BUFx3_ASAP7_75t_R)
                                         net22106 (net)
                 30.33    0.44 7607.40 ^ _227493_/A1 (AO21x1_ASAP7_75t_R)
     1    0.87    8.96   16.16 7623.55 ^ _227493_/Y (AO21x1_ASAP7_75t_R)
                                         _163734_ (net)
                  8.96    0.05 7623.60 ^ _227494_/A (AND3x1_ASAP7_75t_R)
     1    1.72   15.00   20.41 7644.01 ^ _227494_/Y (AND3x1_ASAP7_75t_R)
                                         _163735_ (net)
                 15.01    0.27 7644.29 ^ _227510_/A (AND5x1_ASAP7_75t_R)
     1    1.53   16.57   29.38 7673.67 ^ _227510_/Y (AND5x1_ASAP7_75t_R)
                                         _163751_ (net)
                 16.57    0.15 7673.82 ^ _227512_/D (AND5x2_ASAP7_75t_R)
     3    4.07   20.14   34.81 7708.63 ^ _227512_/Y (AND5x2_ASAP7_75t_R)
                                         _163753_ (net)
                 20.26    0.85 7709.48 ^ _227530_/B (OR3x1_ASAP7_75t_R)
     2    1.97   14.55   17.64 7727.12 ^ _227530_/Y (OR3x1_ASAP7_75t_R)
                                         _163771_ (net)
                 14.55    0.16 7727.28 ^ _227532_/C (OR3x1_ASAP7_75t_R)
     4    4.47   30.19   23.26 7750.54 ^ _227532_/Y (OR3x1_ASAP7_75t_R)
                                         _163773_ (net)
                 30.29    1.03 7751.57 ^ place22396/A (BUFx3_ASAP7_75t_R)
     7    7.62   19.12   23.85 7775.42 ^ place22396/Y (BUFx3_ASAP7_75t_R)
                                         net21954 (net)
                 19.18    0.61 7776.03 ^ place22395/A (BUFx3_ASAP7_75t_R)
     6    6.60   17.54   20.24 7796.28 ^ place22395/Y (BUFx3_ASAP7_75t_R)
                                         net21953 (net)
                 18.16    1.78 7798.06 ^ _227733_/A (AND2x2_ASAP7_75t_R)
     1    1.09    8.06   16.44 7814.50 ^ _227733_/Y (AND2x2_ASAP7_75t_R)
                                         _163974_ (net)
                  8.06    0.04 7814.55 ^ _227734_/B (XNOR2x2_ASAP7_75t_R)
     2    1.38    8.38   25.16 7839.71 v _227734_/Y (XNOR2x2_ASAP7_75t_R)
                                         _163975_ (net)
                  8.38    0.06 7839.76 v _227763_/A2 (AO221x1_ASAP7_75t_R)
     2    1.17   12.13   23.37 7863.13 v _227763_/Y (AO221x1_ASAP7_75t_R)
                                         _164004_ (net)
                 12.13    0.04 7863.18 v _227783_/A2 (AO32x1_ASAP7_75t_R)
     2    2.14   15.74   26.23 7889.40 v _227783_/Y (AO32x1_ASAP7_75t_R)
                                         _164024_ (net)
                 15.75    0.16 7889.56 v _227860_/A1 (OAI21x1_ASAP7_75t_R)
     2    3.73   28.60   18.43 7908.00 ^ _227860_/Y (OAI21x1_ASAP7_75t_R)
                                         _164101_ (net)
                 28.72    0.98 7908.98 ^ place22249/A (BUFx6f_ASAP7_75t_R)
     4    3.31    7.32   17.01 7925.99 ^ place22249/Y (BUFx6f_ASAP7_75t_R)
                                         net21807 (net)
                  7.33    0.14 7926.12 ^ _227861_/B (NAND2x1_ASAP7_75t_R)
     2    1.56   10.10    7.51 7933.64 v _227861_/Y (NAND2x1_ASAP7_75t_R)
                                         _164102_ (net)
                 10.10    0.04 7933.68 v _227862_/B (AND2x2_ASAP7_75t_R)
     8    7.13   22.32   22.81 7956.49 v _227862_/Y (AND2x2_ASAP7_75t_R)
                                         _164103_ (net)
                 22.43    0.89 7957.38 v place22223/A (BUFx3_ASAP7_75t_R)
     4    2.80    8.52   18.90 7976.28 v place22223/Y (BUFx3_ASAP7_75t_R)
                                         net21781 (net)
                  8.53    0.17 7976.45 v _228259_/D (OR5x1_ASAP7_75t_R)
     2    1.93   19.50   36.50 8012.95 v _228259_/Y (OR5x1_ASAP7_75t_R)
                                         _164500_ (net)
                 19.51    0.21 8013.16 v _228294_/D (AND5x1_ASAP7_75t_R)
     2    1.51   10.70   23.17 8036.33 v _228294_/Y (AND5x1_ASAP7_75t_R)
                                         _164535_ (net)
                 10.70    0.07 8036.40 v _228295_/C (AO221x1_ASAP7_75t_R)
     1    0.86   11.17   22.75 8059.16 v _228295_/Y (AO221x1_ASAP7_75t_R)
                                         _164536_ (net)
                 11.17    0.06 8059.22 v _228296_/C (AO221x1_ASAP7_75t_R)
     2    2.45   17.82   27.79 8087.01 v _228296_/Y (AO221x1_ASAP7_75t_R)
                                         _164537_ (net)
                 17.84    0.29 8087.30 v _228325_/A (NAND2x1_ASAP7_75t_R)
     4    4.27   32.00   21.52 8108.81 ^ _228325_/Y (NAND2x1_ASAP7_75t_R)
                                         _164566_ (net)
                 32.04    0.62 8109.43 ^ _228377_/A2 (AO221x2_ASAP7_75t_R)
     5    4.38   20.27   34.05 8143.49 ^ _228377_/Y (AO221x2_ASAP7_75t_R)
                                         _164618_ (net)
                 20.29    0.39 8143.88 ^ _228378_/B (NAND2x1_ASAP7_75t_R)
     6    6.52   34.35   21.37 8165.25 v _228378_/Y (NAND2x1_ASAP7_75t_R)
                                         _164619_ (net)
                 34.37    0.49 8165.74 v place22046/A (BUFx6f_ASAP7_75t_R)
     6    4.23    8.11   20.32 8186.06 v place22046/Y (BUFx6f_ASAP7_75t_R)
                                         net21604 (net)
                  8.15    0.32 8186.38 v place22045/A (BUFx3_ASAP7_75t_R)
     3    2.07    6.91   13.86 8200.25 v place22045/Y (BUFx3_ASAP7_75t_R)
                                         net21603 (net)
                  6.91    0.10 8200.34 v _228626_/A1 (AO21x2_ASAP7_75t_R)
     3    2.13   10.00   19.15 8219.49 v _228626_/Y (AO21x2_ASAP7_75t_R)
                                         _164867_ (net)
                 10.00    0.10 8219.59 v _228633_/A2 (AO21x1_ASAP7_75t_R)
     4    3.52   22.61   22.26 8241.85 v _228633_/Y (AO21x1_ASAP7_75t_R)
                                         _164874_ (net)
                 22.61    0.19 8242.04 v place22005/A (BUFx3_ASAP7_75t_R)
     4    4.20   10.90   20.30 8262.34 v place22005/Y (BUFx3_ASAP7_75t_R)
                                         net21563 (net)
                 10.90    0.08 8262.42 v _229076_/A2 (AO21x1_ASAP7_75t_R)
     1    0.60    8.26   14.75 8277.17 v _229076_/Y (AO21x1_ASAP7_75t_R)
                                         _165317_ (net)
                  8.26    0.02 8277.20 v _229081_/A2 (AO221x1_ASAP7_75t_R)
     2    2.42   17.45   27.09 8304.29 v _229081_/Y (AO221x1_ASAP7_75t_R)
                                         _165322_ (net)
                 17.47    0.30 8304.59 v _229083_/A2 (AO21x1_ASAP7_75t_R)
     1    0.90    8.10   17.36 8321.95 v _229083_/Y (AO21x1_ASAP7_75t_R)
                                         _165324_ (net)
                  8.11    0.06 8322.01 v _229086_/A1 (AO21x1_ASAP7_75t_R)
     3    4.53   27.01   24.56 8346.57 v _229086_/Y (AO21x1_ASAP7_75t_R)
                                         _165327_ (net)
                 27.12    1.04 8347.62 v _229308_/A2 (AOI221x1_ASAP7_75t_R)
     2    2.42   31.57   21.12 8368.73 ^ _229308_/Y (AOI221x1_ASAP7_75t_R)
                                         _165549_ (net)
                 31.58    0.27 8369.00 ^ _229309_/B (AOI211x1_ASAP7_75t_R)
     1    1.61   24.58   15.35 8384.35 v _229309_/Y (AOI211x1_ASAP7_75t_R)
                                         _165550_ (net)
                 24.59    0.12 8384.46 v place21840/A (BUFx6f_ASAP7_75t_R)
    12   12.22   14.81   21.79 8406.25 v place21840/Y (BUFx6f_ASAP7_75t_R)
                                         net21398 (net)
                 14.86    0.47 8406.72 v _229315_/D (OR4x1_ASAP7_75t_R)
     1    0.96   12.56   27.95 8434.67 v _229315_/Y (OR4x1_ASAP7_75t_R)
                                         _165556_ (net)
                 12.56    0.07 8434.75 v _229320_/C (AND4x1_ASAP7_75t_R)
     1    0.98    7.66   14.65 8449.40 v _229320_/Y (AND4x1_ASAP7_75t_R)
                                         _165561_ (net)
                  7.66    0.08 8449.47 v _229325_/A1 (AO21x1_ASAP7_75t_R)
     2    2.15   14.28   19.03 8468.50 v _229325_/Y (AO21x1_ASAP7_75t_R)
                                         _165566_ (net)
                 14.28    0.12 8468.62 v _229353_/A1 (AOI221x1_ASAP7_75t_R)
     4    4.99   51.21   27.94 8496.56 ^ _229353_/Y (AOI221x1_ASAP7_75t_R)
                                         _165594_ (net)
                 51.29    1.19 8497.75 ^ _229638_/A (AND5x1_ASAP7_75t_R)
     2    1.77   18.58   37.01 8534.75 ^ _229638_/Y (AND5x1_ASAP7_75t_R)
                                         _165879_ (net)
                 18.59    0.16 8534.92 ^ _229640_/B2 (AO221x1_ASAP7_75t_R)
     1    1.73   15.61   22.60 8557.51 ^ _229640_/Y (AO221x1_ASAP7_75t_R)
                                         _165881_ (net)
                 15.61    0.15 8557.67 ^ place21684/A (BUFx6f_ASAP7_75t_R)
     9   11.72   16.52   17.85 8575.52 ^ place21684/Y (BUFx6f_ASAP7_75t_R)
                                         net21242 (net)
                 17.54    2.20 8577.71 ^ _229740_/A3 (OA31x2_ASAP7_75t_R)
     2    2.06   11.59   22.88 8600.59 ^ _229740_/Y (OA31x2_ASAP7_75t_R)
                                         _165981_ (net)
                 11.59    0.08 8600.67 ^ _229741_/A (XNOR2x2_ASAP7_75t_R)
     2    1.94   10.42   22.98 8623.65 ^ _229741_/Y (XNOR2x2_ASAP7_75t_R)
                                         _165982_ (net)
                 10.42    0.09 8623.74 ^ _229742_/A (XNOR2x2_ASAP7_75t_R)
     1    0.93    9.35   25.02 8648.76 v _229742_/Y (XNOR2x2_ASAP7_75t_R)
                                         _165983_ (net)
                  9.35    0.07 8648.83 v _229743_/C (AO221x1_ASAP7_75t_R)
     2    2.82   19.31   28.50 8677.33 v _229743_/Y (AO221x1_ASAP7_75t_R)
                                         _165984_ (net)
                 19.31    0.18 8677.52 v _229749_/C (AOI211x1_ASAP7_75t_R)
     2    4.23   44.41   25.81 8703.32 ^ _229749_/Y (AOI211x1_ASAP7_75t_R)
                                         _165990_ (net)
                 44.47    0.89 8704.21 ^ _229763_/B (NOR2x2_ASAP7_75t_R)
     3    3.28   18.76   15.78 8720.00 v _229763_/Y (NOR2x2_ASAP7_75t_R)
                                         _166004_ (net)
                 18.78    0.34 8720.33 v _230125_/A1 (AOI211x1_ASAP7_75t_R)
     4    2.89   32.37   20.53 8740.86 ^ _230125_/Y (AOI211x1_ASAP7_75t_R)
                                         _166366_ (net)
                 32.37    0.10 8740.96 ^ _230181_/A2 (OA21x2_ASAP7_75t_R)
    11    9.99   36.07   33.57 8774.53 ^ _230181_/Y (OA21x2_ASAP7_75t_R)
                                         _166422_ (net)
                 36.55    2.30 8776.83 ^ _230419_/A1 (OA21x2_ASAP7_75t_R)
     2    1.88   10.58   24.28 8801.11 ^ _230419_/Y (OA21x2_ASAP7_75t_R)
                                         _166660_ (net)
                 10.58    0.07 8801.18 ^ _230420_/B (XNOR2x2_ASAP7_75t_R)
     2    1.86    9.72   26.60 8827.78 v _230420_/Y (XNOR2x2_ASAP7_75t_R)
                                         _166661_ (net)
                  9.72    0.09 8827.87 v _230421_/B (XNOR2x2_ASAP7_75t_R)
     1    0.85    8.77   20.72 8848.59 ^ _230421_/Y (XNOR2x2_ASAP7_75t_R)
                                         _166662_ (net)
                  8.77    0.06 8848.65 ^ _230422_/E (AND5x1_ASAP7_75t_R)
     1    2.29   21.69   34.04 8882.69 ^ _230422_/Y (AND5x1_ASAP7_75t_R)
                                         _166663_ (net)
                 21.73    0.50 8883.19 ^ _230446_/D (AND5x1_ASAP7_75t_R)
     2    2.11   19.92   35.08 8918.27 ^ _230446_/Y (AND5x1_ASAP7_75t_R)
                                         _166687_ (net)
                 19.93    0.12 8918.39 ^ _230513_/A3 (AO31x2_ASAP7_75t_R)
     2    1.92   11.25   18.62 8937.01 ^ _230513_/Y (AO31x2_ASAP7_75t_R)
                                         _166754_ (net)
                 11.25    0.08 8937.09 ^ _230514_/C (AOI221x1_ASAP7_75t_R)
     3    3.09   39.51   18.35 8955.44 v _230514_/Y (AOI221x1_ASAP7_75t_R)
                                         _166755_ (net)
                 39.52    0.34 8955.77 v _230515_/B (OAI21x1_ASAP7_75t_R)
     1    1.41   15.30   12.10 8967.87 ^ _230515_/Y (OAI21x1_ASAP7_75t_R)
                                         _166756_ (net)
                 15.31    0.06 8967.92 ^ place21065/A (BUFx6f_ASAP7_75t_R)
    13   11.41   15.81   18.06 8985.99 ^ place21065/Y (BUFx6f_ASAP7_75t_R)
                                         net20623 (net)
                 15.83    0.31 8986.29 ^ place21062/A (BUFx6f_ASAP7_75t_R)
    20   17.06   22.29   20.50 9006.79 ^ place21062/Y (BUFx6f_ASAP7_75t_R)
                                         net20620 (net)
                 22.75    1.78 9008.57 ^ _230817_/A (AND2x2_ASAP7_75t_R)
     2    1.99   10.29   18.65 9027.22 ^ _230817_/Y (AND2x2_ASAP7_75t_R)
                                         _167058_ (net)
                 10.30    0.11 9027.34 ^ _230818_/B (XNOR2x2_ASAP7_75t_R)
     2    1.85   10.11   22.44 9049.78 ^ _230818_/Y (XNOR2x2_ASAP7_75t_R)
                                         _167059_ (net)
                 10.11    0.07 9049.85 ^ _230819_/B (XNOR2x2_ASAP7_75t_R)
     2    1.68   10.85   26.17 9076.02 v _230819_/Y (XNOR2x2_ASAP7_75t_R)
                                         _167060_ (net)
                 10.85    0.11 9076.13 v _230872_/A (OR2x2_ASAP7_75t_R)
     2    1.73    8.80   18.44 9094.57 v _230872_/Y (OR2x2_ASAP7_75t_R)
                                         _167113_ (net)
                  8.81    0.15 9094.72 v _230897_/B2 (OA33x2_ASAP7_75t_R)
     1    0.74   12.39   24.87 9119.59 v _230897_/Y (OA33x2_ASAP7_75t_R)
                                         _167138_ (net)
                 12.39    0.03 9119.62 v _230898_/B (OA21x2_ASAP7_75t_R)
     1    0.62    7.41   13.68 9133.31 v _230898_/Y (OA21x2_ASAP7_75t_R)
                                         _167139_ (net)
                  7.41    0.03 9133.34 v _230906_/B (OA211x2_ASAP7_75t_R)
     4    4.37   19.18   31.43 9164.77 v _230906_/Y (OA211x2_ASAP7_75t_R)
                                         _167147_ (net)
                 19.19    0.25 9165.02 v _230918_/A1 (OAI21x1_ASAP7_75t_R)
     2    1.48   16.71   13.83 9178.85 ^ _230918_/Y (OAI21x1_ASAP7_75t_R)
                                         _167159_ (net)
                 16.71    0.03 9178.88 ^ _230936_/A1 (AO21x2_ASAP7_75t_R)
     9    9.44   34.45   27.84 9206.72 ^ _230936_/Y (AO21x2_ASAP7_75t_R)
                                         _167177_ (net)
                 34.94    2.29 9209.01 ^ place20920/A (BUFx3_ASAP7_75t_R)
     8    7.55   19.26   24.58 9233.60 ^ place20920/Y (BUFx3_ASAP7_75t_R)
                                         net20478 (net)
                 19.29    0.44 9234.04 ^ _230992_/B (AND3x2_ASAP7_75t_R)
     2    2.15   12.51   24.74 9258.77 ^ _230992_/Y (AND3x2_ASAP7_75t_R)
                                         _167233_ (net)
                 12.52    0.07 9258.85 ^ _231175_/B (XNOR2x2_ASAP7_75t_R)
     2    1.77    9.42   26.80 9285.65 v _231175_/Y (XNOR2x2_ASAP7_75t_R)
                                         _167416_ (net)
                  9.42    0.07 9285.72 v _231176_/B (XNOR2x2_ASAP7_75t_R)
     1    0.73    8.43   20.45 9306.17 ^ _231176_/Y (XNOR2x2_ASAP7_75t_R)
                                         _167417_ (net)
                  8.43    0.03 9306.20 ^ _231180_/A (AND4x1_ASAP7_75t_R)
     3    3.57   27.59   29.45 9335.65 ^ _231180_/Y (AND4x1_ASAP7_75t_R)
                                         _167421_ (net)
                 27.60    0.23 9335.88 ^ _231314_/A (NAND3x1_ASAP7_75t_R)
     1    0.71   12.02    8.27 9344.15 v _231314_/Y (NAND3x1_ASAP7_75t_R)
                                         _167555_ (net)
                 12.02    0.03 9344.18 v _231315_/E (OR5x1_ASAP7_75t_R)
     2    2.11   19.23   38.09 9382.27 v _231315_/Y (OR5x1_ASAP7_75t_R)
                                         _167556_ (net)
                 19.24    0.21 9382.49 v _231371_/A (AND5x2_ASAP7_75t_R)
     7    6.52   21.54   25.60 9408.09 v _231371_/Y (AND5x2_ASAP7_75t_R)
                                         _167612_ (net)
                 21.62    0.73 9408.81 v _231376_/B (NAND2x1p5_ASAP7_75t_R)
     7    7.49   33.41   21.71 9430.53 ^ _231376_/Y (NAND2x1p5_ASAP7_75t_R)
                                         _167617_ (net)
                 33.48    0.87 9431.40 ^ place20787/A (BUFx6f_ASAP7_75t_R)
    11    9.75   14.37   21.14 9452.54 ^ place20787/Y (BUFx6f_ASAP7_75t_R)
                                         net20345 (net)
                 14.39    0.32 9452.86 ^ _231559_/A (AND2x2_ASAP7_75t_R)
     1    1.22    7.74   16.00 9468.86 ^ _231559_/Y (AND2x2_ASAP7_75t_R)
                                         _167800_ (net)
                  7.74    0.06 9468.92 ^ _231560_/A (XNOR2x2_ASAP7_75t_R)
     5    5.34   19.28   30.92 9499.84 v _231560_/Y (XNOR2x2_ASAP7_75t_R)
                                         _167801_ (net)
                 19.42    0.92 9500.76 v _231561_/B (NAND2x1_ASAP7_75t_R)
     1    1.23   28.37   11.83 9512.59 ^ _231561_/Y (NAND2x1_ASAP7_75t_R)
                                         _167802_ (net)
                 28.37    0.07 9512.66 ^ _231575_/B (AND5x2_ASAP7_75t_R)
     2    1.53   12.49   30.23 9542.90 ^ _231575_/Y (AND5x2_ASAP7_75t_R)
                                         _167816_ (net)
                 12.49    0.09 9542.98 ^ _231624_/A (AND5x1_ASAP7_75t_R)
     1    0.74   12.89   26.58 9569.57 ^ _231624_/Y (AND5x1_ASAP7_75t_R)
                                         _167865_ (net)
                 12.89    0.05 9569.61 ^ _231625_/B (OA211x2_ASAP7_75t_R)
     3    3.20   15.61   24.90 9594.52 ^ _231625_/Y (OA211x2_ASAP7_75t_R)
                                         _167866_ (net)
                 15.64    0.39 9594.91 ^ _231626_/B (AND2x4_ASAP7_75t_R)
     2    1.84    6.90   16.05 9610.96 ^ _231626_/Y (AND2x4_ASAP7_75t_R)
                                         _167867_ (net)
                  6.90    0.05 9611.01 ^ _231767_/A1 (AO211x2_ASAP7_75t_R)
     3    4.27   18.42   25.84 9636.85 ^ _231767_/Y (AO211x2_ASAP7_75t_R)
                                         _168008_ (net)
                 18.48    0.61 9637.46 ^ place20676/A (BUFx6f_ASAP7_75t_R)
     7    6.64   10.61   16.79 9654.24 ^ place20676/Y (BUFx6f_ASAP7_75t_R)
                                         net20234 (net)
                 10.67    0.44 9654.68 ^ _231912_/A (AND2x2_ASAP7_75t_R)
     2    1.99   10.07   16.68 9671.37 ^ _231912_/Y (AND2x2_ASAP7_75t_R)
                                         _168153_ (net)
                 10.07    0.08 9671.45 ^ _231913_/B (XNOR2x2_ASAP7_75t_R)
     2    1.98   10.04   26.71 9698.16 v _231913_/Y (XNOR2x2_ASAP7_75t_R)
                                         _168154_ (net)
                 10.04    0.09 9698.25 v _231919_/B1 (AO221x1_ASAP7_75t_R)
     2    1.61   14.94   23.20 9721.44 v _231919_/Y (AO221x1_ASAP7_75t_R)
                                         _168160_ (net)
                 14.95    0.14 9721.58 v _231938_/A (OR5x1_ASAP7_75t_R)
     1    1.05   13.08   28.49 9750.07 v _231938_/Y (OR5x1_ASAP7_75t_R)
                                         _168179_ (net)
                 13.08    0.10 9750.17 v _231957_/A1 (AO32x1_ASAP7_75t_R)
     1    1.34   11.68   22.81 9772.98 v _231957_/Y (AO32x1_ASAP7_75t_R)
                                         _168198_ (net)
                 11.68    0.11 9773.08 v _232004_/B2 (OA221x2_ASAP7_75t_R)
     1    1.13    9.09   24.02 9797.10 v _232004_/Y (OA221x2_ASAP7_75t_R)
                                         _168245_ (net)
                  9.10    0.11 9797.21 v _232005_/D (OR4x1_ASAP7_75t_R)
     1    3.51   24.84   35.19 9832.40 v _232005_/Y (OR4x1_ASAP7_75t_R)
                                         _168246_ (net)
                 24.87    0.54 9832.94 v _232006_/B (NAND3x2_ASAP7_75t_R)
     7   10.99   46.16   27.19 9860.12 ^ _232006_/Y (NAND3x2_ASAP7_75t_R)
                                         _168247_ (net)
                 49.69    6.71 9866.84 ^ _232185_/A2 (AO22x1_ASAP7_75t_R)
     1    0.79   10.14   26.04 9892.88 ^ _232185_/Y (AO22x1_ASAP7_75t_R)
                                         _168426_ (net)
                 10.14    0.04 9892.92 ^ _232187_/A1 (AO21x1_ASAP7_75t_R)
     2    1.93   15.01   16.82 9909.75 ^ _232187_/Y (AO21x1_ASAP7_75t_R)
                                         _168428_ (net)
                 15.01    0.09 9909.84 ^ _232190_/A2 (AOI21x1_ASAP7_75t_R)
     9    7.87   41.06   22.14 9931.97 v _232190_/Y (AOI21x1_ASAP7_75t_R)
                                         _168431_ (net)
                 41.07    0.49 9932.46 v _232248_/B (OR3x1_ASAP7_75t_R)
     2    1.54   14.17   29.05 9961.51 v _232248_/Y (OR3x1_ASAP7_75t_R)
                                         _168489_ (net)
                 14.17    0.05 9961.56 v _232279_/A2 (AO21x1_ASAP7_75t_R)
     3    3.32   20.20   22.83 9984.39 v _232279_/Y (AO21x1_ASAP7_75t_R)
                                         _168520_ (net)
                 20.21    0.36 9984.75 v _232503_/A1 (AO22x2_ASAP7_75t_R)
     5    4.79   18.05   27.98 10012.72 v _232503_/Y (AO22x2_ASAP7_75t_R)
                                         _168744_ (net)
                 18.07    0.30 10013.02 v _232540_/B (XNOR2x2_ASAP7_75t_R)
     3    2.61   12.51   25.68 10038.70 ^ _232540_/Y (XNOR2x2_ASAP7_75t_R)
                                         _168781_ (net)
                 12.51    0.09 10038.79 ^ _232542_/C (AND3x2_ASAP7_75t_R)
     2    1.51   11.65   22.02 10060.80 ^ _232542_/Y (AND3x2_ASAP7_75t_R)
                                         _168783_ (net)
                 11.65    0.04 10060.84 ^ _232543_/C (OR3x2_ASAP7_75t_R)
     5    5.10   20.44   19.60 10080.44 ^ _232543_/Y (OR3x2_ASAP7_75t_R)
                                         _168784_ (net)
                 20.48    0.46 10080.90 ^ place20232/A (BUFx3_ASAP7_75t_R)
     2    2.01    7.74   16.54 10097.44 ^ place20232/Y (BUFx3_ASAP7_75t_R)
                                         net19790 (net)
                  7.74    0.08 10097.52 ^ _232615_/B (AO31x2_ASAP7_75t_R)
     1    0.71    7.53   16.65 10114.17 ^ _232615_/Y (AO31x2_ASAP7_75t_R)
                                         _168856_ (net)
                  7.53    0.04 10114.21 ^ _232625_/B2 (OA222x2_ASAP7_75t_R)
     6    4.32   20.41   31.56 10145.76 ^ _232625_/Y (OA222x2_ASAP7_75t_R)
                                         _168866_ (net)
                 20.44    0.43 10146.19 ^ _232638_/A (MAJx2_ASAP7_75t_R)
     1    0.65    6.99   19.75 10165.94 ^ _232638_/Y (MAJx2_ASAP7_75t_R)
                                         _168879_ (net)
                  6.99    0.03 10165.97 ^ _232640_/B2 (AO221x2_ASAP7_75t_R)
     3    2.59   14.42   23.36 10189.33 ^ _232640_/Y (AO221x2_ASAP7_75t_R)
                                         _168881_ (net)
                 14.43    0.21 10189.54 ^ place19938/A (BUFx3_ASAP7_75t_R)
     1    1.27    6.11   14.12 10203.67 ^ place19938/Y (BUFx3_ASAP7_75t_R)
                                         net19496 (net)
                  6.11    0.05 10203.71 ^ _232669_/A1 (AO31x2_ASAP7_75t_R)
     8    5.63   22.36   22.13 10225.84 ^ _232669_/Y (AO31x2_ASAP7_75t_R)
                                         _168910_ (net)
                 22.41    0.58 10226.43 ^ _232670_/B (OAI21x1_ASAP7_75t_R)
     5    4.07   26.02   18.20 10244.63 v _232670_/Y (OAI21x1_ASAP7_75t_R)
                                         _168911_ (net)
                 26.03    0.11 10244.74 v place19853/A (BUFx3_ASAP7_75t_R)
    15   12.09   24.53   27.51 10272.25 v place19853/Y (BUFx3_ASAP7_75t_R)
                                         net19411 (net)
                 24.54    0.21 10272.47 v _233618_/A1 (AO21x1_ASAP7_75t_R)
     3    3.14   19.63   26.00 10298.47 v _233618_/Y (AO21x1_ASAP7_75t_R)
                                         _169859_ (net)
                 19.65    0.31 10298.79 v _233619_/C (OA211x2_ASAP7_75t_R)
     1    0.80    9.47   30.53 10329.31 v _233619_/Y (OA211x2_ASAP7_75t_R)
                                         _169860_ (net)
                  9.47    0.04 10329.36 v _233626_/C (OR4x1_ASAP7_75t_R)
     3    3.02   22.19   33.53 10362.89 v _233626_/Y (OR4x1_ASAP7_75t_R)
                                         _169867_ (net)
                 22.24    0.59 10363.48 v _233632_/A2 (OA211x2_ASAP7_75t_R)
     1    0.74    9.34   25.89 10389.37 v _233632_/Y (OA211x2_ASAP7_75t_R)
                                         _169873_ (net)
                  9.34    0.03 10389.41 v _233633_/B2 (OA22x2_ASAP7_75t_R)
     2    2.04   10.32   21.03 10410.44 v _233633_/Y (OA22x2_ASAP7_75t_R)
                                         _169874_ (net)
                 10.33    0.14 10410.58 v _233721_/C (AND5x2_ASAP7_75t_R)
     2    1.97    9.50   21.21 10431.79 v _233721_/Y (AND5x2_ASAP7_75t_R)
                                         _169962_ (net)
                  9.51    0.08 10431.88 v _233967_/C (AND3x4_ASAP7_75t_R)
     2    2.05    7.70   20.83 10452.71 v _233967_/Y (AND3x4_ASAP7_75t_R)
                                         _170208_ (net)
                  7.71    0.15 10452.86 v _235036_/B (AND5x2_ASAP7_75t_R)
     5    5.50   18.97   22.48 10475.34 v _235036_/Y (AND5x2_ASAP7_75t_R)
                                         _171277_ (net)
                 19.05    0.67 10476.01 v _235186_/B (AND4x1_ASAP7_75t_R)
     2    1.63   10.91   17.52 10493.53 v _235186_/Y (AND4x1_ASAP7_75t_R)
                                         _171427_ (net)
                 10.92    0.08 10493.62 v _235297_/B (AND3x2_ASAP7_75t_R)
     2    2.26   11.01   15.66 10509.27 v _235297_/Y (AND3x2_ASAP7_75t_R)
                                         _171538_ (net)
                 11.03    0.25 10509.53 v _235300_/B (OR5x2_ASAP7_75t_R)
     2    5.26   26.25   43.47 10553.00 v _235300_/Y (OR5x2_ASAP7_75t_R)
                                         _171541_ (net)
                 26.94    2.31 10555.31 v place19574/A (BUFx3_ASAP7_75t_R)
     3    3.76   10.35   20.87 10576.18 v place19574/Y (BUFx3_ASAP7_75t_R)
                                         net19132 (net)
                 10.38    0.26 10576.43 v _276097_/A (INVx1_ASAP7_75t_R)
     1    0.65    7.15    6.48 10582.91 ^ _276097_/Y (INVx1_ASAP7_75t_R)
                                         _036859_ (net)
                  7.15    0.03 10582.94 ^ _276098_/B1 (AO32x2_ASAP7_75t_R)
     6    5.66   24.35   29.13 10612.08 ^ _276098_/Y (AO32x2_ASAP7_75t_R)
                                         _036860_ (net)
                 24.47    0.97 10613.05 ^ _279914_/A1 (AOI21x1_ASAP7_75t_R)
     2    5.21   31.51   20.37 10633.42 v _279914_/Y (AOI21x1_ASAP7_75t_R)
                                         _040668_ (net)
                 32.04    2.23 10635.65 v _280017_/A1 (OAI21x1_ASAP7_75t_R)
     3   24.36  163.94   55.23 10690.89 ^ _280017_/Y (OAI21x1_ASAP7_75t_R)
                                         _040771_ (net)
                204.22   42.40 10733.29 ^ _326596_/B1 (AOI22x1_ASAP7_75t_R)
     1    1.41   43.81   22.04 10755.32 v _326596_/Y (AOI22x1_ASAP7_75t_R)
                                         _081463_ (net)
                 43.81    0.06 10755.38 v place19240/A (BUFx6f_ASAP7_75t_R)
     2    7.40   12.02   22.81 10778.19 v place19240/Y (BUFx6f_ASAP7_75t_R)
                                         net18798 (net)
                 16.66    3.82 10782.01 v place19238/A (BUFx6f_ASAP7_75t_R)
    26   23.64   27.42   20.09 10802.10 v place19238/Y (BUFx6f_ASAP7_75t_R)
                                         net18796 (net)
                 38.16    9.18 10811.28 v _326605_/A2 (OA21x2_ASAP7_75t_R)
     1    1.29    9.75   25.26 10836.54 v _326605_/Y (OA21x2_ASAP7_75t_R)
                                         _081472_ (net)
                  9.75    0.07 10836.61 v _326606_/B (NOR2x1_ASAP7_75t_R)
     1    0.77   22.55    7.41 10844.01 ^ _326606_/Y (NOR2x1_ASAP7_75t_R)
                                         u_int_prf._00044_[13] (net)
                 22.55    0.04 10844.05 ^ _395932_/D (DFFHQNx1_ASAP7_75t_R)
                               10844.05   data arrival time

                  0.00 12000.00 12000.00   clock core_clk (rise edge)
                          0.00 12000.00   clock network delay (ideal)
                        -50.00 11950.00   clock uncertainty
                          0.00 11950.00   clock reconvergence pessimism
                               11950.00 ^ _395932_/CLK (DFFHQNx1_ASAP7_75t_R)
                        -12.00 11938.00   library setup time
                               11938.00   data required time
-----------------------------------------------------------------------------
                               11938.00   data required time
                               -10844.05   data arrival time
-----------------------------------------------------------------------------
                               1093.95   slack (MET)



==========================================================================
resizer report_check_types -max_slew -max_cap -max_fanout -violators
--------------------------------------------------------------------------

==========================================================================
resizer max_slew_check_slack
--------------------------------------------------------------------------
29.619945526123047

==========================================================================
resizer max_slew_check_limit
--------------------------------------------------------------------------
320.0

==========================================================================
resizer max_slew_check_slack_limit
--------------------------------------------------------------------------
0.0926

==========================================================================
resizer max_fanout_check_slack
--------------------------------------------------------------------------
1.0000000150474662e+30

==========================================================================
resizer max_fanout_check_limit
--------------------------------------------------------------------------
1.0000000150474662e+30

==========================================================================
resizer max_capacitance_check_slack
--------------------------------------------------------------------------
0.24940545856952667

==========================================================================
resizer max_capacitance_check_limit
--------------------------------------------------------------------------
23.040000915527344

==========================================================================
resizer max_capacitance_check_slack_limit
--------------------------------------------------------------------------
0.0108

==========================================================================
resizer max_slew_violation_count
--------------------------------------------------------------------------
max slew violation count 0

==========================================================================
resizer max_fanout_violation_count
--------------------------------------------------------------------------
max fanout violation count 0

==========================================================================
resizer max_cap_violation_count
--------------------------------------------------------------------------
max cap violation count 0

==========================================================================
resizer setup_violation_count
--------------------------------------------------------------------------
setup violation count 3636

==========================================================================
resizer hold_violation_count
--------------------------------------------------------------------------
hold violation count 0

==========================================================================
resizer report_checks -path_delay max reg to reg
--------------------------------------------------------------------------
Startpoint: _386861_ (rising edge-triggered flip-flop clocked by core_clk)
Endpoint: _395932_ (rising edge-triggered flip-flop clocked by core_clk)
Path Group: reg2reg
Path Type: max

  Delay    Time   Description
---------------------------------------------------------
   0.00    0.00   clock core_clk (rise edge)
   0.00    0.00   clock network delay (ideal)
   0.00    0.00 ^ _386861_/CLK (DFFHQNx1_ASAP7_75t_R)
  73.69   73.69 ^ _386861_/QN (DFFHQNx1_ASAP7_75t_R)
  48.31  122.00 ^ _210675_/Y (OR4x1_ASAP7_75t_R)
  48.64  170.64 ^ place32434/Y (BUFx3_ASAP7_75t_R)
  45.47  216.11 v _210696_/Y (NAND2x2_ASAP7_75t_R)
  37.41  253.52 v place32246/Y (BUFx6f_ASAP7_75t_R)
  56.36  309.89 v _210788_/Y (OR3x1_ASAP7_75t_R)
  55.80  365.68 v _210797_/Y (AO32x1_ASAP7_75t_R)
  69.70  435.39 v _210958_/Y (AO21x1_ASAP7_75t_R)
  42.54  477.93 v place31429/Y (BUFx3_ASAP7_75t_R)
  41.96  519.89 v _211114_/Y (AND3x1_ASAP7_75t_R)
  25.47  545.35 v place31160/Y (BUFx3_ASAP7_75t_R)
 146.24  691.59 ^ _211119_/Y (NAND2x1_ASAP7_75t_R)
  63.89  755.48 ^ place30880/Y (BUFx3_ASAP7_75t_R)
  36.15  791.62 ^ _213097_/Y (OA22x2_ASAP7_75t_R)
  49.63  841.26 ^ _213098_/Y (AND4x1_ASAP7_75t_R)
  37.75  879.01 ^ _213108_/Y (AO31x2_ASAP7_75t_R)
  28.48  907.49 ^ _213109_/Y (AND4x1_ASAP7_75t_R)
  34.03  941.52 ^ _213110_/Y (AND5x1_ASAP7_75t_R)
  13.95  955.47 ^ place29487/Y (BUFx6f_ASAP7_75t_R)
  31.39  986.85 ^ _213111_/Y (AND3x2_ASAP7_75t_R)
  39.92 1026.77 ^ _217083_/Y (AND3x4_ASAP7_75t_R)
  28.88 1055.66 ^ place28993/Y (BUFx3_ASAP7_75t_R)
  25.21 1080.87 ^ _217117_/Y (OR2x2_ASAP7_75t_R)
  14.68 1095.55 ^ _217215_/Y (OR3x1_ASAP7_75t_R)
  19.27 1114.82 v _217218_/Y (AOI211x1_ASAP7_75t_R)
  23.72 1138.54 v _217279_/Y (OA21x2_ASAP7_75t_R)
  25.23 1163.77 v _217284_/Y (OA211x2_ASAP7_75t_R)
  38.65 1202.42 v _217285_/Y (OR5x1_ASAP7_75t_R)
  31.79 1234.21 v _217286_/Y (MAJx2_ASAP7_75t_R)
  13.73 1247.93 ^ _217359_/Y (INVx1_ASAP7_75t_R)
  24.51 1272.44 ^ _217379_/Y (AO221x1_ASAP7_75t_R)
  32.64 1305.08 ^ _217380_/Y (AND5x2_ASAP7_75t_R)
  18.88 1323.96 ^ _217382_/Y (OR3x2_ASAP7_75t_R)
  17.76 1341.72 ^ _217383_/Y (OA21x2_ASAP7_75t_R)
  24.85 1366.57 v _217384_/Y (XNOR2x2_ASAP7_75t_R)
  15.81 1382.38 ^ _217396_/Y (AOI211x1_ASAP7_75t_R)
  27.56 1409.94 v _217397_/Y (XOR2x2_ASAP7_75t_R)
  19.32 1429.27 v _217485_/Y (AO21x1_ASAP7_75t_R)
  30.31 1459.57 v _217488_/Y (AO21x1_ASAP7_75t_R)
  30.99 1490.56 v _217532_/Y (OA211x2_ASAP7_75t_R)
  21.38 1511.95 v _217533_/Y (XOR2x2_ASAP7_75t_R)
  20.96 1532.90 v _217545_/Y (MAJx2_ASAP7_75t_R)
  23.83 1556.73 v _217561_/Y (AO32x1_ASAP7_75t_R)
  24.19 1580.93 v _217562_/Y (MAJx2_ASAP7_75t_R)
  23.53 1604.46 v _217577_/Y (OA21x2_ASAP7_75t_R)
  23.74 1628.20 v _217617_/Y (OA211x2_ASAP7_75t_R)
  25.19 1653.40 v _217618_/Y (OR4x1_ASAP7_75t_R)
  21.44 1674.83 v _217619_/Y (MAJx2_ASAP7_75t_R)
  12.26 1687.09 ^ _217622_/Y (AOI22x1_ASAP7_75t_R)
  13.27 1700.36 v _217623_/Y (AOI21x1_ASAP7_75t_R)
  25.82 1726.19 v _217624_/Y (MAJx2_ASAP7_75t_R)
  27.27 1753.45 v _217669_/Y (AO32x1_ASAP7_75t_R)
  24.12 1777.57 v _217723_/Y (OR3x1_ASAP7_75t_R)
  25.62 1803.20 v _217732_/Y (AO221x1_ASAP7_75t_R)
  13.09 1816.28 ^ _217733_/Y (NAND3x1_ASAP7_75t_R)
  26.14 1842.42 ^ _217734_/Y (MAJx2_ASAP7_75t_R)
  21.68 1864.10 ^ _217735_/Y (MAJx2_ASAP7_75t_R)
  22.51 1886.61 ^ _217740_/Y (MAJx2_ASAP7_75t_R)
  24.73 1911.34 ^ _217741_/Y (AO221x1_ASAP7_75t_R)
  26.67 1938.01 ^ _217755_/Y (AO31x2_ASAP7_75t_R)
  22.84 1960.84 ^ _217807_/Y (AND3x1_ASAP7_75t_R)
  27.16 1988.00 v _217808_/Y (XNOR2x2_ASAP7_75t_R)
  18.66 2006.67 v _217809_/Y (OR2x2_ASAP7_75t_R)
  17.34 2024.00 v _217817_/Y (AO211x2_ASAP7_75t_R)
  29.61 2053.61 v _217818_/Y (AO32x2_ASAP7_75t_R)
  21.13 2074.74 v _217850_/Y (AO31x2_ASAP7_75t_R)
  27.24 2101.98 ^ _217853_/Y (AOI22x1_ASAP7_75t_R)
  20.86 2122.84 ^ _217888_/Y (AND2x2_ASAP7_75t_R)
  26.72 2149.56 v _217889_/Y (XNOR2x2_ASAP7_75t_R)
  20.85 2170.41 v _217890_/Y (OR2x2_ASAP7_75t_R)
  19.59 2190.00 v _217897_/Y (AO21x1_ASAP7_75t_R)
  16.06 2206.06 v _217898_/Y (AND2x2_ASAP7_75t_R)
  21.80 2227.86 v _217959_/Y (OA211x2_ASAP7_75t_R)
  19.22 2247.08 v _217960_/Y (OA21x2_ASAP7_75t_R)
  24.97 2272.05 v _218017_/Y (OA211x2_ASAP7_75t_R)
  21.27 2293.32 v _218018_/Y (XOR2x2_ASAP7_75t_R)
  27.43 2320.75 v _218038_/Y (OR4x1_ASAP7_75t_R)
  24.57 2345.32 v _218040_/Y (AO221x1_ASAP7_75t_R)
  32.61 2377.93 v _218043_/Y (AO33x2_ASAP7_75t_R)
  21.19 2399.11 v _218044_/Y (MAJx2_ASAP7_75t_R)
  27.09 2426.20 v _218049_/Y (MAJx3_ASAP7_75t_R)
  25.20 2451.40 v _218087_/Y (OA21x2_ASAP7_75t_R)
  15.29 2466.69 v _218091_/Y (AND2x4_ASAP7_75t_R)
  16.26 2482.95 v _218092_/Y (OA21x2_ASAP7_75t_R)
  24.62 2507.57 v _218093_/Y (OA222x2_ASAP7_75t_R)
  22.74 2530.31 v _218106_/Y (MAJx2_ASAP7_75t_R)
  29.19 2559.50 v _218130_/Y (AO32x2_ASAP7_75t_R)
  22.31 2581.81 v _218150_/Y (OA21x2_ASAP7_75t_R)
  27.58 2609.39 v _218190_/Y (OA211x2_ASAP7_75t_R)
  24.05 2633.44 v _218211_/Y (OA31x2_ASAP7_75t_R)
  26.74 2660.18 v _218260_/Y (AO32x1_ASAP7_75t_R)
  28.91 2689.09 v _218261_/Y (OR3x1_ASAP7_75t_R)
  23.47 2712.56 v _218270_/Y (OA22x2_ASAP7_75t_R)
  27.05 2739.60 v _218271_/Y (AO22x2_ASAP7_75t_R)
  28.74 2768.35 v _218276_/Y (AO22x2_ASAP7_75t_R)
  24.62 2792.97 v _218298_/Y (AO21x2_ASAP7_75t_R)
  22.41 2815.38 v _218408_/Y (OR3x1_ASAP7_75t_R)
  31.33 2846.71 v _218411_/Y (OA211x2_ASAP7_75t_R)
  21.96 2868.68 v _218421_/Y (OA31x2_ASAP7_75t_R)
  21.18 2889.86 v _218429_/Y (OA31x2_ASAP7_75t_R)
  20.63 2910.49 v _218461_/Y (OA31x2_ASAP7_75t_R)
  28.63 2939.11 v _218493_/Y (OA21x2_ASAP7_75t_R)
  22.21 2961.32 ^ _218574_/Y (AOI21x1_ASAP7_75t_R)
  33.09 2994.41 ^ _218578_/Y (OA222x2_ASAP7_75t_R)
  19.07 3013.49 ^ _218639_/Y (XNOR2x1_ASAP7_75t_R)
  26.93 3040.42 v _218640_/Y (XNOR2x2_ASAP7_75t_R)
  16.21 3056.62 v _218641_/Y (AO21x1_ASAP7_75t_R)
  35.44 3092.06 v _218642_/Y (OR5x1_ASAP7_75t_R)
  18.56 3110.63 v _218783_/Y (OA21x2_ASAP7_75t_R)
  17.47 3128.10 v _218787_/Y (AO31x2_ASAP7_75t_R)
  17.05 3145.15 v _218790_/Y (AND3x1_ASAP7_75t_R)
  20.13 3165.28 v _218792_/Y (OA31x2_ASAP7_75t_R)
  29.15 3194.43 v _218798_/Y (OR4x1_ASAP7_75t_R)
  34.84 3229.26 v _218799_/Y (OA211x2_ASAP7_75t_R)
  26.90 3256.16 v _218960_/Y (AO32x1_ASAP7_75t_R)
  12.77 3268.93 ^ _218961_/Y (NAND2x1_ASAP7_75t_R)
  33.64 3302.57 ^ _218973_/Y (AND5x2_ASAP7_75t_R)
  42.64 3345.21 ^ _218974_/Y (AND5x2_ASAP7_75t_R)
  31.69 3376.90 ^ _219045_/Y (OR2x2_ASAP7_75t_R)
  17.22 3394.12 ^ place25311/Y (BUFx6f_ASAP7_75t_R)
  16.70 3410.82 ^ _219048_/Y (AND2x2_ASAP7_75t_R)
  27.54 3438.36 v _219049_/Y (XNOR2x2_ASAP7_75t_R)
  13.37 3451.73 ^ _219062_/Y (OAI22x1_ASAP7_75t_R)
  29.57 3481.30 ^ _219217_/Y (AO211x2_ASAP7_75t_R)
  28.69 3509.99 ^ _219222_/Y (AND5x2_ASAP7_75t_R)
  16.86 3526.85 ^ place25237/Y (BUFx3_ASAP7_75t_R)
  22.55 3549.40 ^ _219332_/Y (OA31x2_ASAP7_75t_R)
  26.28 3575.69 v _219337_/Y (XNOR2x2_ASAP7_75t_R)
  27.73 3603.41 v _219341_/Y (OR3x1_ASAP7_75t_R)
  27.06 3630.48 v _219371_/Y (AO221x1_ASAP7_75t_R)
  29.55 3660.02 v _219393_/Y (OA211x2_ASAP7_75t_R)
  19.71 3679.73 v _219675_/Y (AO21x1_ASAP7_75t_R)
  35.49 3715.22 v _219676_/Y (AO32x1_ASAP7_75t_R)
  21.69 3736.91 v place25121/Y (BUFx6f_ASAP7_75t_R)
  20.10 3757.01 ^ _219726_/Y (XNOR2x2_ASAP7_75t_R)
  15.67 3772.69 ^ _219727_/Y (AND2x2_ASAP7_75t_R)
  25.99 3798.68 v _219728_/Y (XNOR2x2_ASAP7_75t_R)
  20.57 3819.25 ^ _219729_/Y (XNOR2x2_ASAP7_75t_R)
  23.29 3842.53 ^ _219730_/Y (AND3x2_ASAP7_75t_R)
  32.40 3874.93 ^ _219859_/Y (AND5x1_ASAP7_75t_R)
  28.75 3903.68 ^ _219929_/Y (AO211x2_ASAP7_75t_R)
  20.44 3924.12 ^ _219930_/Y (AND2x2_ASAP7_75t_R)
  21.55 3945.67 ^ _219935_/Y (AO21x1_ASAP7_75t_R)
  20.97 3966.64 ^ _220135_/Y (AND2x2_ASAP7_75t_R)
  25.67 3992.32 v _220136_/Y (XNOR2x2_ASAP7_75t_R)
  34.43 4026.75 v _220141_/Y (OR5x1_ASAP7_75t_R)
  20.85 4047.60 v _220143_/Y (AO211x2_ASAP7_75t_R)
  18.88 4066.49 v _220166_/Y (AO31x2_ASAP7_75t_R)
  30.06 4096.55 ^ _220179_/Y (AOI21x1_ASAP7_75t_R)
  29.21 4125.76 ^ _220248_/Y (OA211x2_ASAP7_75t_R)
  28.86 4154.62 v _220249_/Y (XNOR2x2_ASAP7_75t_R)
  17.07 4171.69 ^ _220304_/Y (AOI22x1_ASAP7_75t_R)
  37.08 4208.77 ^ _220487_/Y (AND5x1_ASAP7_75t_R)
  28.59 4237.36 ^ _220507_/Y (AND4x1_ASAP7_75t_R)
  20.08 4257.44 ^ _220511_/Y (AO31x2_ASAP7_75t_R)
  21.65 4279.09 v _220512_/Y (AOI22x1_ASAP7_75t_R)
  24.36 4303.45 v place24801/Y (BUFx3_ASAP7_75t_R)
  22.36 4325.81 v _220540_/Y (AO22x1_ASAP7_75t_R)
  31.43 4357.24 v _220857_/Y (AO33x2_ASAP7_75t_R)
  17.91 4375.15 v _220863_/Y (AO211x2_ASAP7_75t_R)
  15.50 4390.65 v _220864_/Y (AO211x2_ASAP7_75t_R)
  24.77 4415.42 v _220865_/Y (AO32x1_ASAP7_75t_R)
  27.07 4442.49 v _220867_/Y (AO221x1_ASAP7_75t_R)
  27.07 4469.56 v _220868_/Y (AO32x1_ASAP7_75t_R)
  22.82 4492.38 v _220874_/Y (OA21x2_ASAP7_75t_R)
  16.28 4508.67 v place24679/Y (BUFx3_ASAP7_75t_R)
  14.18 4522.84 v place24678/Y (BUFx6f_ASAP7_75t_R)
  16.47 4539.31 v _221020_/Y (OA21x2_ASAP7_75t_R)
  25.56 4564.87 ^ _221023_/Y (XNOR2x2_ASAP7_75t_R)
  32.17 4597.03 ^ _221141_/Y (AND5x1_ASAP7_75t_R)
  18.07 4615.10 ^ _221142_/Y (OA21x2_ASAP7_75t_R)
  17.32 4632.42 ^ _221143_/Y (OA21x2_ASAP7_75t_R)
  18.53 4650.95 ^ _221176_/Y (OA21x2_ASAP7_75t_R)
  21.67 4672.62 ^ _221286_/Y (OA21x2_ASAP7_75t_R)
  20.13 4692.76 ^ _221342_/Y (OA21x2_ASAP7_75t_R)
  27.71 4720.47 v _221343_/Y (XNOR2x2_ASAP7_75t_R)
  27.13 4747.60 v _221375_/Y (OA211x2_ASAP7_75t_R)
  22.67 4770.27 ^ _221376_/Y (AOI211x1_ASAP7_75t_R)
  32.67 4802.94 ^ _221592_/Y (AO211x2_ASAP7_75t_R)
  21.93 4824.87 ^ _221600_/Y (AO31x2_ASAP7_75t_R)
  32.03 4856.91 ^ _221602_/Y (AND5x2_ASAP7_75t_R)
  17.42 4874.33 ^ place24445/Y (BUFx3_ASAP7_75t_R)
  18.57 4892.91 ^ _221804_/Y (OA31x2_ASAP7_75t_R)
  30.09 4923.00 v _221805_/Y (XNOR2x2_ASAP7_75t_R)
  20.76 4943.75 v _221841_/Y (OR2x2_ASAP7_75t_R)
  21.35 4965.10 v _221842_/Y (MAJx2_ASAP7_75t_R)
  22.35 4987.45 v _221846_/Y (MAJx2_ASAP7_75t_R)
  19.98 5007.42 v _221882_/Y (AND5x1_ASAP7_75t_R)
  20.04 5027.47 ^ _221926_/Y (OAI21x1_ASAP7_75t_R)
  21.20 5048.66 ^ place24326/Y (BUFx3_ASAP7_75t_R)
  19.18 5067.84 v _222073_/Y (AOI211x1_ASAP7_75t_R)
  22.99 5090.83 v _222155_/Y (OA21x2_ASAP7_75t_R)
  26.14 5116.97 ^ _222156_/Y (XOR2x2_ASAP7_75t_R)
  20.65 5137.62 ^ place24271/Y (BUFx3_ASAP7_75t_R)
  14.76 5152.39 v _222157_/Y (INVx1_ASAP7_75t_R)
  24.53 5176.92 v _222163_/Y (MAJx2_ASAP7_75t_R)
  14.10 5191.02 ^ _222164_/Y (AOI21x1_ASAP7_75t_R)
  21.55 5212.57 v _222322_/Y (NOR2x1_ASAP7_75t_R)
  28.23 5240.80 v _222326_/Y (AO22x2_ASAP7_75t_R)
  36.76 5277.56 v _222333_/Y (AO221x2_ASAP7_75t_R)
  20.96 5298.52 v place24142/Y (BUFx6f_ASAP7_75t_R)
  17.61 5316.13 v _222673_/Y (AO21x1_ASAP7_75t_R)
  20.29 5336.42 v _222675_/Y (AO22x2_ASAP7_75t_R)
  18.31 5354.73 v place24098/Y (BUFx3_ASAP7_75t_R)
  23.60 5378.33 v _222776_/Y (MAJx2_ASAP7_75t_R)
  14.87 5393.20 v _222872_/Y (OA21x2_ASAP7_75t_R)
  26.14 5419.34 v _222915_/Y (OR4x1_ASAP7_75t_R)
  32.27 5451.61 v _222917_/Y (OA211x2_ASAP7_75t_R)
  30.57 5482.18 v _222939_/Y (AO221x1_ASAP7_75t_R)
  29.02 5511.21 v _222940_/Y (AO211x2_ASAP7_75t_R)
  21.43 5532.64 v place23985/Y (BUFx6f_ASAP7_75t_R)
  21.82 5554.46 v _223248_/Y (AO21x1_ASAP7_75t_R)
   9.63 5564.09 ^ _223251_/Y (AOI21x1_ASAP7_75t_R)
  22.60 5586.70 ^ _223252_/Y (OA211x2_ASAP7_75t_R)
  19.95 5606.64 ^ _223253_/Y (AND3x1_ASAP7_75t_R)
  30.89 5637.53 ^ _223254_/Y (AND5x1_ASAP7_75t_R)
  30.55 5668.09 ^ _223255_/Y (AND5x1_ASAP7_75t_R)
  16.73 5684.81 ^ _223256_/Y (OR4x2_ASAP7_75t_R)
  21.02 5705.83 ^ place23853/Y (BUFx3_ASAP7_75t_R)
  15.48 5721.31 v _223257_/Y (NOR2x2_ASAP7_75t_R)
  16.24 5737.55 v place23846/Y (BUFx6f_ASAP7_75t_R)
  27.11 5764.66 v _223373_/Y (OR4x1_ASAP7_75t_R)
  17.98 5782.64 v _223375_/Y (AND4x1_ASAP7_75t_R)
  22.09 5804.73 ^ _223376_/Y (XNOR2x2_ASAP7_75t_R)
  17.03 5821.76 ^ _223377_/Y (AND2x2_ASAP7_75t_R)
  34.95 5856.71 ^ _223439_/Y (AND5x1_ASAP7_75t_R)
  15.98 5872.68 ^ place23753/Y (BUFx6f_ASAP7_75t_R)
  12.69 5885.37 v _223668_/Y (NAND3x1_ASAP7_75t_R)
  25.19 5910.56 v place23730/Y (BUFx3_ASAP7_75t_R)
  30.75 5941.31 v _223817_/Y (AO32x1_ASAP7_75t_R)
  22.27 5963.58 v _223977_/Y (XOR2x2_ASAP7_75t_R)
  21.79 5985.37 v _223993_/Y (MAJx2_ASAP7_75t_R)
  38.33 6023.70 v _223994_/Y (OR4x2_ASAP7_75t_R)
  12.47 6036.17 ^ _223995_/Y (AOI21x1_ASAP7_75t_R)
  22.23 6058.40 ^ _224023_/Y (OA31x2_ASAP7_75t_R)
  17.67 6076.07 ^ _224027_/Y (AO21x2_ASAP7_75t_R)
  23.73 6099.79 ^ _224028_/Y (AO211x2_ASAP7_75t_R)
  15.96 6115.76 ^ place23565/Y (BUFx6f_ASAP7_75t_R)
   7.96 6123.72 v _224375_/Y (NAND2x1_ASAP7_75t_R)
  33.62 6157.35 v _224386_/Y (OR5x1_ASAP7_75t_R)
  16.27 6173.62 v _224387_/Y (AND4x1_ASAP7_75t_R)
  43.78 6217.40 v _224397_/Y (OR5x1_ASAP7_75t_R)
  21.12 6238.52 v place23468/Y (BUFx3_ASAP7_75t_R)
  10.56 6249.07 ^ _224398_/Y (AOI211x1_ASAP7_75t_R)
  28.15 6277.22 ^ _224454_/Y (OA21x2_ASAP7_75t_R)
  28.62 6305.85 ^ _224494_/Y (OR3x2_ASAP7_75t_R)
  18.08 6323.92 ^ place23434/Y (BUFx3_ASAP7_75t_R)
  16.49 6340.41 ^ _224616_/Y (AND2x2_ASAP7_75t_R)
  31.52 6371.93 v _224617_/Y (XNOR2x2_ASAP7_75t_R)
  25.03 6396.97 v _224737_/Y (MAJx2_ASAP7_75t_R)
  16.28 6413.25 v _224738_/Y (AND2x2_ASAP7_75t_R)
  21.91 6435.16 v _224744_/Y (OA22x2_ASAP7_75t_R)
  24.72 6459.89 v _224814_/Y (OA211x2_ASAP7_75t_R)
  25.14 6485.03 v _224859_/Y (AO221x1_ASAP7_75t_R)
  19.33 6504.36 v place23293/Y (BUFx6f_ASAP7_75t_R)
  23.01 6527.37 v place23292/Y (BUFx3_ASAP7_75t_R)
  16.08 6543.45 v _225339_/Y (AND3x1_ASAP7_75t_R)
  28.09 6571.54 v _225346_/Y (OA211x2_ASAP7_75t_R)
  26.16 6597.70 ^ _225347_/Y (XOR2x2_ASAP7_75t_R)
  16.55 6614.25 ^ _225350_/Y (AND2x2_ASAP7_75t_R)
  23.83 6638.07 ^ _225351_/Y (AND3x1_ASAP7_75t_R)
  13.67 6651.75 v _225364_/Y (NAND3x1_ASAP7_75t_R)
  35.44 6687.19 v _225371_/Y (OR4x2_ASAP7_75t_R)
  21.53 6708.71 v _225393_/Y (AO21x1_ASAP7_75t_R)
  29.15 6737.87 v place23178/Y (BUFx3_ASAP7_75t_R)
  17.63 6755.49 ^ _225419_/Y (NAND2x1_ASAP7_75t_R)
  30.85 6786.35 v _225420_/Y (XNOR2x2_ASAP7_75t_R)
  13.52 6799.86 ^ _225421_/Y (NAND2x1_ASAP7_75t_R)
  29.08 6828.94 ^ _225422_/Y (MAJx2_ASAP7_75t_R)
  21.03 6849.97 v _225430_/Y (AOI211x1_ASAP7_75t_R)
  21.64 6871.61 v _225436_/Y (AO21x1_ASAP7_75t_R)
  20.87 6892.49 v _225736_/Y (AO22x1_ASAP7_75t_R)
  27.76 6920.25 v _225738_/Y (AO211x2_ASAP7_75t_R)
  29.51 6949.76 v place23062/Y (BUFx3_ASAP7_75t_R)
  28.72 6978.48 v _225938_/Y (AO21x2_ASAP7_75t_R)
  17.59 6996.07 v _225941_/Y (AO21x1_ASAP7_75t_R)
  36.81 7032.88 v _225962_/Y (AO222x2_ASAP7_75t_R)
  20.38 7053.25 ^ _225997_/Y (AOI211x1_ASAP7_75t_R)
  38.36 7091.62 ^ _225998_/Y (AND4x2_ASAP7_75t_R)
  22.18 7113.79 ^ _225999_/Y (OA21x2_ASAP7_75t_R)
  22.07 7135.86 ^ _226099_/Y (OR3x2_ASAP7_75t_R)
  30.49 7166.35 ^ place22882/Y (BUFx3_ASAP7_75t_R)
  12.74 7179.09 v _226610_/Y (NAND2x1_ASAP7_75t_R)
  21.10 7200.19 ^ _226611_/Y (XNOR2x2_ASAP7_75t_R)
  22.35 7222.54 ^ _226620_/Y (AO32x1_ASAP7_75t_R)
  15.97 7238.51 v _226621_/Y (NOR3x1_ASAP7_75t_R)
  30.98 7269.49 v _226623_/Y (OR4x1_ASAP7_75t_R)
  26.36 7295.85 v _226625_/Y (OR3x1_ASAP7_75t_R)
  16.22 7312.07 v place22757/Y (BUFx3_ASAP7_75t_R)
  18.59 7330.66 ^ _226626_/Y (NAND3x1_ASAP7_75t_R)
  22.09 7352.74 v _226717_/Y (OAI21x1_ASAP7_75t_R)
  25.79 7378.54 v place22721/Y (BUFx3_ASAP7_75t_R)
  13.82 7392.36 ^ _226955_/Y (AOI21x1_ASAP7_75t_R)
  28.57 7420.93 v _226956_/Y (XNOR2x2_ASAP7_75t_R)
  21.24 7442.17 v _226960_/Y (MAJx2_ASAP7_75t_R)
  20.46 7462.63 v _226961_/Y (AO21x1_ASAP7_75t_R)
  22.99 7485.62 v _226962_/Y (AO21x1_ASAP7_75t_R)
  18.68 7504.30 v place22586/Y (BUFx3_ASAP7_75t_R)
  13.65 7517.95 ^ _227103_/Y (NAND3x1_ASAP7_75t_R)
  29.34 7547.29 ^ _227110_/Y (AND4x1_ASAP7_75t_R)
  19.01 7566.30 ^ place22551/Y (BUFx6f_ASAP7_75t_R)
  17.60 7583.90 ^ place22549/Y (BUFx3_ASAP7_75t_R)
  23.05 7606.96 ^ place22548/Y (BUFx3_ASAP7_75t_R)
  16.59 7623.55 ^ _227493_/Y (AO21x1_ASAP7_75t_R)
  20.46 7644.01 ^ _227494_/Y (AND3x1_ASAP7_75t_R)
  29.65 7673.67 ^ _227510_/Y (AND5x1_ASAP7_75t_R)
  34.96 7708.63 ^ _227512_/Y (AND5x2_ASAP7_75t_R)
  18.49 7727.12 ^ _227530_/Y (OR3x1_ASAP7_75t_R)
  23.42 7750.54 ^ _227532_/Y (OR3x1_ASAP7_75t_R)
  24.88 7775.42 ^ place22396/Y (BUFx3_ASAP7_75t_R)
  20.86 7796.28 ^ place22395/Y (BUFx3_ASAP7_75t_R)
  18.23 7814.50 ^ _227733_/Y (AND2x2_ASAP7_75t_R)
  25.20 7839.71 v _227734_/Y (XNOR2x2_ASAP7_75t_R)
  23.43 7863.13 v _227763_/Y (AO221x1_ASAP7_75t_R)
  26.27 7889.40 v _227783_/Y (AO32x1_ASAP7_75t_R)
  18.59 7908.00 ^ _227860_/Y (OAI21x1_ASAP7_75t_R)
  17.99 7925.99 ^ place22249/Y (BUFx6f_ASAP7_75t_R)
   7.65 7933.64 v _227861_/Y (NAND2x1_ASAP7_75t_R)
  22.85 7956.49 v _227862_/Y (AND2x2_ASAP7_75t_R)
  19.80 7976.28 v place22223/Y (BUFx3_ASAP7_75t_R)
  36.67 8012.95 v _228259_/Y (OR5x1_ASAP7_75t_R)
  23.38 8036.33 v _228294_/Y (AND5x1_ASAP7_75t_R)
  22.83 8059.16 v _228295_/Y (AO221x1_ASAP7_75t_R)
  27.85 8087.01 v _228296_/Y (AO221x1_ASAP7_75t_R)
  21.81 8108.81 ^ _228325_/Y (NAND2x1_ASAP7_75t_R)
  34.67 8143.49 ^ _228377_/Y (AO221x2_ASAP7_75t_R)
  21.76 8165.25 v _228378_/Y (NAND2x1_ASAP7_75t_R)
  20.81 8186.06 v place22046/Y (BUFx6f_ASAP7_75t_R)
  14.19 8200.25 v place22045/Y (BUFx3_ASAP7_75t_R)
  19.24 8219.49 v _228626_/Y (AO21x2_ASAP7_75t_R)
  22.36 8241.85 v _228633_/Y (AO21x1_ASAP7_75t_R)
  20.49 8262.34 v place22005/Y (BUFx3_ASAP7_75t_R)
  14.83 8277.17 v _229076_/Y (AO21x1_ASAP7_75t_R)
  27.12 8304.29 v _229081_/Y (AO221x1_ASAP7_75t_R)
  17.66 8321.95 v _229083_/Y (AO21x1_ASAP7_75t_R)
  24.62 8346.57 v _229086_/Y (AO21x1_ASAP7_75t_R)
  22.16 8368.73 ^ _229308_/Y (AOI221x1_ASAP7_75t_R)
  15.61 8384.35 v _229309_/Y (AOI211x1_ASAP7_75t_R)
  21.90 8406.25 v place21840/Y (BUFx6f_ASAP7_75t_R)
  28.43 8434.67 v _229315_/Y (OR4x1_ASAP7_75t_R)
  14.72 8449.40 v _229320_/Y (AND4x1_ASAP7_75t_R)
  19.10 8468.50 v _229325_/Y (AO21x1_ASAP7_75t_R)
  28.06 8496.56 ^ _229353_/Y (AOI221x1_ASAP7_75t_R)
  38.19 8534.75 ^ _229638_/Y (AND5x1_ASAP7_75t_R)
  22.76 8557.51 ^ _229640_/Y (AO221x1_ASAP7_75t_R)
  18.00 8575.52 ^ place21684/Y (BUFx6f_ASAP7_75t_R)
  25.08 8600.59 ^ _229740_/Y (OA31x2_ASAP7_75t_R)
  23.06 8623.65 ^ _229741_/Y (XNOR2x2_ASAP7_75t_R)
  25.11 8648.76 v _229742_/Y (XNOR2x2_ASAP7_75t_R)
  28.58 8677.33 v _229743_/Y (AO221x1_ASAP7_75t_R)
  25.99 8703.32 ^ _229749_/Y (AOI211x1_ASAP7_75t_R)
  16.67 8720.00 v _229763_/Y (NOR2x2_ASAP7_75t_R)
  20.87 8740.86 ^ _230125_/Y (AOI211x1_ASAP7_75t_R)
  33.66 8774.53 ^ _230181_/Y (OA21x2_ASAP7_75t_R)
  26.58 8801.11 ^ _230419_/Y (OA21x2_ASAP7_75t_R)
  26.67 8827.78 v _230420_/Y (XNOR2x2_ASAP7_75t_R)
  20.81 8848.59 ^ _230421_/Y (XNOR2x2_ASAP7_75t_R)
  34.10 8882.69 ^ _230422_/Y (AND5x1_ASAP7_75t_R)
  35.58 8918.27 ^ _230446_/Y (AND5x1_ASAP7_75t_R)
  18.74 8937.01 ^ _230513_/Y (AO31x2_ASAP7_75t_R)
  18.43 8955.44 v _230514_/Y (AOI221x1_ASAP7_75t_R)
  12.43 8967.87 ^ _230515_/Y (OAI21x1_ASAP7_75t_R)
  18.12 8985.99 ^ place21065/Y (BUFx6f_ASAP7_75t_R)
  20.81 9006.79 ^ place21062/Y (BUFx6f_ASAP7_75t_R)
  20.43 9027.22 ^ _230817_/Y (AND2x2_ASAP7_75t_R)
  22.55 9049.78 ^ _230818_/Y (XNOR2x2_ASAP7_75t_R)
  26.24 9076.02 v _230819_/Y (XNOR2x2_ASAP7_75t_R)
  18.55 9094.57 v _230872_/Y (OR2x2_ASAP7_75t_R)
  25.02 9119.59 v _230897_/Y (OA33x2_ASAP7_75t_R)
  13.72 9133.31 v _230898_/Y (OA21x2_ASAP7_75t_R)
  31.46 9164.77 v _230906_/Y (OA211x2_ASAP7_75t_R)
  14.08 9178.85 ^ _230918_/Y (OAI21x1_ASAP7_75t_R)
  27.87 9206.72 ^ _230936_/Y (AO21x2_ASAP7_75t_R)
  26.88 9233.60 ^ place20920/Y (BUFx3_ASAP7_75t_R)
  25.18 9258.77 ^ _230992_/Y (AND3x2_ASAP7_75t_R)
  26.87 9285.65 v _231175_/Y (XNOR2x2_ASAP7_75t_R)
  20.52 9306.17 ^ _231176_/Y (XNOR2x2_ASAP7_75t_R)
  29.48 9335.65 ^ _231180_/Y (AND4x1_ASAP7_75t_R)
   8.50 9344.15 v _231314_/Y (NAND3x1_ASAP7_75t_R)
  38.12 9382.27 v _231315_/Y (OR5x1_ASAP7_75t_R)
  25.81 9408.09 v _231371_/Y (AND5x2_ASAP7_75t_R)
  22.44 9430.53 ^ _231376_/Y (NAND2x1p5_ASAP7_75t_R)
  22.01 9452.54 ^ place20787/Y (BUFx6f_ASAP7_75t_R)
  16.33 9468.86 ^ _231559_/Y (AND2x2_ASAP7_75t_R)
  30.98 9499.84 v _231560_/Y (XNOR2x2_ASAP7_75t_R)
  12.75 9512.59 ^ _231561_/Y (NAND2x1_ASAP7_75t_R)
  30.30 9542.90 ^ _231575_/Y (AND5x2_ASAP7_75t_R)
  26.67 9569.57 ^ _231624_/Y (AND5x1_ASAP7_75t_R)
  24.95 9594.52 ^ _231625_/Y (OA211x2_ASAP7_75t_R)
  16.44 9610.96 ^ _231626_/Y (AND2x4_ASAP7_75t_R)
  25.89 9636.85 ^ _231767_/Y (AO211x2_ASAP7_75t_R)
  17.40 9654.24 ^ place20676/Y (BUFx6f_ASAP7_75t_R)
  17.12 9671.37 ^ _231912_/Y (AND2x2_ASAP7_75t_R)
  26.79 9698.16 v _231913_/Y (XNOR2x2_ASAP7_75t_R)
  23.29 9721.44 v _231919_/Y (AO221x1_ASAP7_75t_R)
  28.63 9750.07 v _231938_/Y (OR5x1_ASAP7_75t_R)
  22.90 9772.98 v _231957_/Y (AO32x1_ASAP7_75t_R)
  24.12 9797.10 v _232004_/Y (OA221x2_ASAP7_75t_R)
  35.30 9832.40 v _232005_/Y (OR4x1_ASAP7_75t_R)
  27.73 9860.12 ^ _232006_/Y (NAND3x2_ASAP7_75t_R)
  32.76 9892.88 ^ _232185_/Y (AO22x1_ASAP7_75t_R)
  16.86 9909.75 ^ _232187_/Y (AO21x1_ASAP7_75t_R)
  22.22 9931.97 v _232190_/Y (AOI21x1_ASAP7_75t_R)
  29.54 9961.51 v _232248_/Y (OR3x1_ASAP7_75t_R)
  22.88 9984.39 v _232279_/Y (AO21x1_ASAP7_75t_R)
  28.34 10012.72 v _232503_/Y (AO22x2_ASAP7_75t_R)
  25.97 10038.70 ^ _232540_/Y (XNOR2x2_ASAP7_75t_R)
  22.10 10060.80 ^ _232542_/Y (AND3x2_ASAP7_75t_R)
  19.64 10080.44 ^ _232543_/Y (OR3x2_ASAP7_75t_R)
  17.01 10097.44 ^ place20232/Y (BUFx3_ASAP7_75t_R)
  16.73 10114.17 ^ _232615_/Y (AO31x2_ASAP7_75t_R)
  31.59 10145.76 ^ _232625_/Y (OA222x2_ASAP7_75t_R)
  20.18 10165.94 ^ _232638_/Y (MAJx2_ASAP7_75t_R)
  23.39 10189.33 ^ _232640_/Y (AO221x2_ASAP7_75t_R)
  14.33 10203.67 ^ place19938/Y (BUFx3_ASAP7_75t_R)
  22.18 10225.84 ^ _232669_/Y (AO31x2_ASAP7_75t_R)
  18.78 10244.63 v _232670_/Y (OAI21x1_ASAP7_75t_R)
  27.63 10272.25 v place19853/Y (BUFx3_ASAP7_75t_R)
  26.22 10298.47 v _233618_/Y (AO21x1_ASAP7_75t_R)
  30.84 10329.31 v _233619_/Y (OA211x2_ASAP7_75t_R)
  33.58 10362.89 v _233626_/Y (OR4x1_ASAP7_75t_R)
  26.48 10389.37 v _233632_/Y (OA211x2_ASAP7_75t_R)
  21.07 10410.44 v _233633_/Y (OA22x2_ASAP7_75t_R)
  21.35 10431.79 v _233721_/Y (AND5x2_ASAP7_75t_R)
  20.92 10452.71 v _233967_/Y (AND3x4_ASAP7_75t_R)
  22.63 10475.34 v _235036_/Y (AND5x2_ASAP7_75t_R)
  18.19 10493.53 v _235186_/Y (AND4x1_ASAP7_75t_R)
  15.74 10509.27 v _235297_/Y (AND3x2_ASAP7_75t_R)
  43.73 10553.00 v _235300_/Y (OR5x2_ASAP7_75t_R)
  23.17 10576.18 v place19574/Y (BUFx3_ASAP7_75t_R)
   6.74 10582.91 ^ _276097_/Y (INVx1_ASAP7_75t_R)
  29.17 10612.08 ^ _276098_/Y (AO32x2_ASAP7_75t_R)
  21.34 10633.42 v _279914_/Y (AOI21x1_ASAP7_75t_R)
  57.47 10690.89 ^ _280017_/Y (OAI21x1_ASAP7_75t_R)
  64.44 10755.32 v _326596_/Y (AOI22x1_ASAP7_75t_R)
  22.87 10778.19 v place19240/Y (BUFx6f_ASAP7_75t_R)
  23.91 10802.10 v place19238/Y (BUFx6f_ASAP7_75t_R)
  34.44 10836.54 v _326605_/Y (OA21x2_ASAP7_75t_R)
   7.48 10844.01 ^ _326606_/Y (NOR2x1_ASAP7_75t_R)
   0.04 10844.05 ^ _395932_/D (DFFHQNx1_ASAP7_75t_R)
        10844.05   data arrival time

12000.00 12000.00   clock core_clk (rise edge)
   0.00 12000.00   clock network delay (ideal)
 -50.00 11950.00   clock uncertainty
   0.00 11950.00   clock reconvergence pessimism
        11950.00 ^ _395932_/CLK (DFFHQNx1_ASAP7_75t_R)
 -12.00 11938.00   library setup time
        11938.00   data required time
---------------------------------------------------------
        11938.00   data required time
        -10844.05   data arrival time
---------------------------------------------------------
        1093.95   slack (MET)



==========================================================================
resizer report_checks -path_delay min reg to reg
--------------------------------------------------------------------------
Startpoint: _385821_ (rising edge-triggered flip-flop clocked by core_clk)
Endpoint: _385821_ (rising edge-triggered flip-flop clocked by core_clk)
Path Group: reg2reg
Path Type: min

  Delay    Time   Description
---------------------------------------------------------
   0.00    0.00   clock core_clk (rise edge)
   0.00    0.00   clock network delay (ideal)
   0.00    0.00 ^ _385821_/CLK (DFFHQNx1_ASAP7_75t_R)
  33.79   33.79 ^ _385821_/QN (DFFHQNx1_ASAP7_75t_R)
   7.57   41.36 v _385039_/Y (NOR2x1_ASAP7_75t_R)
   0.02   41.38 v _385821_/D (DFFHQNx1_ASAP7_75t_R)
          41.38   data arrival time

   0.00    0.00   clock core_clk (rise edge)
   0.00    0.00   clock network delay (ideal)
  25.00   25.00   clock uncertainty
   0.00   25.00   clock reconvergence pessimism
          25.00 ^ _385821_/CLK (DFFHQNx1_ASAP7_75t_R)
   8.52   33.52   library hold time
          33.52   data required time
---------------------------------------------------------
          33.52   data required time
         -41.38   data arrival time
---------------------------------------------------------
           7.86   slack (MET)



==========================================================================
resizer critical path target clock latency max path
--------------------------------------------------------------------------
0.0000

==========================================================================
resizer critical path target clock latency min path
--------------------------------------------------------------------------
0.0000

==========================================================================
resizer critical path source clock latency min path
--------------------------------------------------------------------------
0.0000

==========================================================================
resizer critical path delay
--------------------------------------------------------------------------
12724.5723

==========================================================================
resizer critical path slack
--------------------------------------------------------------------------
-786.5753

==========================================================================
resizer slack div critical path delay
--------------------------------------------------------------------------
-6.181546

==========================================================================
resizer report_power
--------------------------------------------------------------------------
Group                  Internal  Switching    Leakage      Total
                          Power      Power      Power      Power (Watts)
----------------------------------------------------------------
Sequential             2.37e-03   4.11e-05   2.86e-06   2.41e-03  51.1%
Combinational          8.61e-04   1.43e-03   1.73e-05   2.31e-03  48.9%
Clock                  0.00e+00   0.00e+00   0.00e+00   0.00e+00   0.0%
Macro                  0.00e+00   0.00e+00   0.00e+00   0.00e+00   0.0%
Pad                    0.00e+00   0.00e+00   0.00e+00   0.00e+00   0.0%
----------------------------------------------------------------
Total                  3.23e-03   1.47e-03   2.01e-05   4.72e-03 100.0%
                          68.4%      31.2%       0.4%
