[WARNING STA-0502] report_checks -endpoint_count is deprecated. Use -endpoint_path_count instead.
Startpoint: _386358_ (rising edge-triggered flip-flop clocked by core_clk)
Endpoint: _395836_ (rising edge-triggered flip-flop clocked by core_clk)
Path Group: reg2reg
Path Type: max

  Delay    Time   Description
---------------------------------------------------------
   0.00    0.00   clock core_clk (rise edge)
   0.00    0.00   clock source latency
   0.00    0.00 ^ clk (in)
  46.36   46.36 ^ wire32813/Y (BUFx12f_ASAP7_75t_R)
  53.38   99.75 ^ clkbuf_0_clk/Y (BUFx24_ASAP7_75t_R)
  28.51  128.26 ^ clkbuf_1_1_0_clk/Y (BUFx24_ASAP7_75t_R)
  23.70  151.96 ^ clkbuf_2_3_0_clk/Y (BUFx24_ASAP7_75t_R)
  32.83  184.79 ^ clkbuf_3_6_0_clk/Y (BUFx24_ASAP7_75t_R)
  26.85  211.64 ^ clkbuf_4_12_0_clk/Y (BUFx24_ASAP7_75t_R)
  27.58  239.22 ^ clkbuf_6_48_0_clk/Y (BUFx24_ASAP7_75t_R)
  22.29  261.50 ^ clkbuf_7_96__f_clk/Y (BUFx24_ASAP7_75t_R)
  24.98  286.48 ^ clkbuf_leaf_385_clk/Y (BUFx24_ASAP7_75t_R)
   2.87  289.35 ^ _386358_/CLK (DFFHQNx1_ASAP7_75t_R)
  78.73  368.08 v _386358_/QN (DFFHQNx1_ASAP7_75t_R)
  72.17  440.25 v _210677_/Y (OR4x2_ASAP7_75t_R)
  57.30  497.55 v place32433/Y (BUFx3_ASAP7_75t_R)
  66.16  563.70 v _210741_/Y (AND4x1_ASAP7_75t_R)
  34.66  598.36 v _210744_/Y (OA21x2_ASAP7_75t_R)
  54.90  653.26 v _210745_/Y (AND2x2_ASAP7_75t_R)
 123.11  776.37 v place31673/Y (BUFx3_ASAP7_75t_R)
  84.48  860.85 v _211121_/Y (OR3x2_ASAP7_75t_R)
  63.46  924.30 v _211124_/Y (OR2x2_ASAP7_75t_R)
 184.30 1108.60 v place30877/Y (BUFx3_ASAP7_75t_R)
  36.89 1145.49 v _214083_/Y (OA22x2_ASAP7_75t_R)
  14.64 1160.12 v _214088_/Y (AND4x1_ASAP7_75t_R)
  41.58 1201.70 ^ _214089_/Y (NAND3x1_ASAP7_75t_R)
  38.34 1240.04 v _214126_/Y (AOI221x1_ASAP7_75t_R)
  42.21 1282.25 v _214127_/Y (AND5x1_ASAP7_75t_R)
  29.72 1311.97 v _214553_/Y (AND4x1_ASAP7_75t_R)
  18.77 1330.74 v place29280/Y (BUFx3_ASAP7_75t_R)
  24.65 1355.40 ^ _214554_/Y (NAND3x1_ASAP7_75t_R)
  27.93 1383.33 ^ _217167_/Y (AND4x1_ASAP7_75t_R)
  27.87 1411.20 ^ _217174_/Y (AO221x1_ASAP7_75t_R)
  21.95 1433.15 ^ _217198_/Y (AO31x2_ASAP7_75t_R)
  20.25 1453.40 ^ place27934/Y (BUFx3_ASAP7_75t_R)
  10.70 1464.09 v _217278_/Y (OAI21x1_ASAP7_75t_R)
  25.57 1489.67 v _217284_/Y (OA211x2_ASAP7_75t_R)
  40.05 1529.72 v _217285_/Y (OR5x1_ASAP7_75t_R)
  33.32 1563.03 v _217286_/Y (MAJx2_ASAP7_75t_R)
  22.44 1585.48 v _217372_/Y (OA21x2_ASAP7_75t_R)
  24.83 1610.31 v _217375_/Y (OA222x2_ASAP7_75t_R)
  19.50 1629.81 v _217380_/Y (AND5x2_ASAP7_75t_R)
  30.66 1660.47 v _217382_/Y (OR3x2_ASAP7_75t_R)
  16.39 1676.87 ^ _217409_/Y (AOI21x1_ASAP7_75t_R)
  18.55 1695.42 ^ place26693/Y (BUFx3_ASAP7_75t_R)
   8.11 1703.53 v _217416_/Y (AOI211x1_ASAP7_75t_R)
  25.15 1728.67 ^ _217417_/Y (AOI221x1_ASAP7_75t_R)
  16.16 1744.84 v _217423_/Y (INVx1_ASAP7_75t_R)
  19.75 1764.59 v _217485_/Y (AO21x1_ASAP7_75t_R)
  32.05 1796.64 v _217488_/Y (AO21x1_ASAP7_75t_R)
  32.36 1829.00 v _217532_/Y (OA211x2_ASAP7_75t_R)
  21.82 1850.82 v _217533_/Y (XOR2x2_ASAP7_75t_R)
  21.19 1872.02 v _217545_/Y (MAJx2_ASAP7_75t_R)
  24.09 1896.11 v _217561_/Y (AO32x1_ASAP7_75t_R)
  24.73 1920.85 v _217562_/Y (MAJx2_ASAP7_75t_R)
  24.59 1945.43 v _217577_/Y (OA21x2_ASAP7_75t_R)
  16.90 1962.33 v place26187/Y (BUFx3_ASAP7_75t_R)
   8.47 1970.80 ^ _217612_/Y (NOR2x1_ASAP7_75t_R)
  27.24 1998.03 ^ _217613_/Y (XNOR2x2_ASAP7_75t_R)
  12.03 2010.07 v _217620_/Y (NOR2x1_ASAP7_75t_R)
  18.03 2028.09 ^ _217622_/Y (AOI22x1_ASAP7_75t_R)
  14.20 2042.29 v _217623_/Y (AOI21x1_ASAP7_75t_R)
  26.81 2069.11 v _217624_/Y (MAJx2_ASAP7_75t_R)
  28.30 2097.41 v _217669_/Y (AO32x1_ASAP7_75t_R)
  24.62 2122.03 v _217723_/Y (OR3x1_ASAP7_75t_R)
  26.03 2148.07 v _217732_/Y (AO221x1_ASAP7_75t_R)
  13.78 2161.85 ^ _217733_/Y (NAND3x1_ASAP7_75t_R)
  26.69 2188.54 ^ _217734_/Y (MAJx2_ASAP7_75t_R)
  21.78 2210.32 ^ _217735_/Y (MAJx2_ASAP7_75t_R)
  23.07 2233.39 ^ _217740_/Y (MAJx2_ASAP7_75t_R)
  25.63 2259.02 ^ _217741_/Y (AO221x1_ASAP7_75t_R)
  27.32 2286.34 ^ _217755_/Y (AO31x2_ASAP7_75t_R)
  23.88 2310.22 ^ _217807_/Y (AND3x1_ASAP7_75t_R)
  27.67 2337.89 v _217808_/Y (XNOR2x2_ASAP7_75t_R)
  18.85 2356.74 v _217809_/Y (OR2x2_ASAP7_75t_R)
  17.53 2374.28 v _217817_/Y (AO211x2_ASAP7_75t_R)
  30.10 2404.38 v _217818_/Y (AO32x2_ASAP7_75t_R)
  22.30 2426.68 v _217848_/Y (AO31x2_ASAP7_75t_R)
  28.77 2455.44 ^ _217853_/Y (AOI22x1_ASAP7_75t_R)
  21.88 2477.33 ^ _217888_/Y (AND2x2_ASAP7_75t_R)
  26.93 2504.26 v _217889_/Y (XNOR2x2_ASAP7_75t_R)
  21.61 2525.87 v _217890_/Y (OR2x2_ASAP7_75t_R)
  21.01 2546.88 v _217897_/Y (AO21x1_ASAP7_75t_R)
  16.97 2563.85 v _217898_/Y (AND2x2_ASAP7_75t_R)
  21.77 2585.62 v _217959_/Y (OA211x2_ASAP7_75t_R)
  19.67 2605.30 v _217960_/Y (OA21x2_ASAP7_75t_R)
  25.79 2631.08 v _218017_/Y (OA211x2_ASAP7_75t_R)
  21.46 2652.55 v _218018_/Y (XOR2x2_ASAP7_75t_R)
  27.77 2680.32 v _218038_/Y (OR4x1_ASAP7_75t_R)
  25.54 2705.86 v _218040_/Y (AO221x1_ASAP7_75t_R)
  33.42 2739.28 v _218043_/Y (AO33x2_ASAP7_75t_R)
  21.51 2760.79 v _218044_/Y (MAJx2_ASAP7_75t_R)
  27.13 2787.92 v _218049_/Y (MAJx3_ASAP7_75t_R)
  26.90 2814.82 v _218087_/Y (OA21x2_ASAP7_75t_R)
  16.18 2831.00 v _218091_/Y (AND2x4_ASAP7_75t_R)
  16.33 2847.33 v _218092_/Y (OA21x2_ASAP7_75t_R)
  25.31 2872.64 v _218093_/Y (OA222x2_ASAP7_75t_R)
  23.48 2896.12 v _218106_/Y (MAJx2_ASAP7_75t_R)
  29.73 2925.85 v _218130_/Y (AO32x2_ASAP7_75t_R)
  22.65 2948.50 v _218150_/Y (OA21x2_ASAP7_75t_R)
  28.49 2976.99 v _218190_/Y (OA211x2_ASAP7_75t_R)
  24.86 3001.85 v _218211_/Y (OA31x2_ASAP7_75t_R)
  27.47 3029.33 v _218260_/Y (AO32x1_ASAP7_75t_R)
  29.59 3058.92 v _218261_/Y (OR3x1_ASAP7_75t_R)
  24.00 3082.93 v _218270_/Y (OA22x2_ASAP7_75t_R)
  27.43 3110.35 v _218271_/Y (AO22x2_ASAP7_75t_R)
  30.15 3140.50 v _218276_/Y (AO22x2_ASAP7_75t_R)
  25.72 3166.22 v _218298_/Y (AO21x2_ASAP7_75t_R)
  16.65 3182.86 v place25618/Y (BUFx3_ASAP7_75t_R)
  15.38 3198.24 v _218449_/Y (AO21x1_ASAP7_75t_R)
   9.59 3207.83 ^ _218451_/Y (NAND2x1_ASAP7_75t_R)
  26.58 3234.41 ^ _218457_/Y (AO221x1_ASAP7_75t_R)
  24.62 3259.03 ^ _218458_/Y (AO32x1_ASAP7_75t_R)
  23.32 3282.35 ^ _218461_/Y (OA31x2_ASAP7_75t_R)
  28.12 3310.47 ^ _218493_/Y (OA21x2_ASAP7_75t_R)
  20.67 3331.14 v _218574_/Y (AOI21x1_ASAP7_75t_R)
  22.37 3353.51 v _218632_/Y (OA21x2_ASAP7_75t_R)
  26.08 3379.59 v _218633_/Y (OR4x1_ASAP7_75t_R)
  31.56 3411.15 v _218634_/Y (OA211x2_ASAP7_75t_R)
  27.87 3439.02 v _218635_/Y (MAJx2_ASAP7_75t_R)
  36.50 3475.52 v _218642_/Y (OR5x1_ASAP7_75t_R)
  11.72 3487.23 ^ _218643_/Y (OAI21x1_ASAP7_75t_R)
  15.75 3502.99 v _218664_/Y (OAI21x1_ASAP7_75t_R)
  20.23 3523.21 ^ _218760_/Y (AOI211x1_ASAP7_75t_R)
  27.31 3550.52 ^ _218763_/Y (OR2x2_ASAP7_75t_R)
  17.02 3567.55 ^ place25429/Y (BUFx6f_ASAP7_75t_R)
  13.87 3581.42 ^ place25427/Y (BUFx3_ASAP7_75t_R)
  18.86 3600.27 ^ _218821_/Y (OA21x2_ASAP7_75t_R)
  27.59 3627.86 v _218822_/Y (XNOR2x2_ASAP7_75t_R)
  16.50 3644.36 v _218823_/Y (AND2x2_ASAP7_75t_R)
  22.67 3667.03 v _218824_/Y (MAJx2_ASAP7_75t_R)
  23.76 3690.79 v _218825_/Y (MAJx2_ASAP7_75t_R)
  19.55 3710.34 ^ _218826_/Y (AOI221x1_ASAP7_75t_R)
  15.68 3726.03 v _218981_/Y (OAI21x1_ASAP7_75t_R)
  19.58 3745.61 v place25318/Y (BUFx6f_ASAP7_75t_R)
  26.00 3771.61 ^ _218987_/Y (NOR2x1_ASAP7_75t_R)
  26.36 3797.97 ^ _218995_/Y (OA22x2_ASAP7_75t_R)
  16.88 3814.85 ^ _219001_/Y (AO31x2_ASAP7_75t_R)
  35.48 3850.33 ^ _219008_/Y (AO221x1_ASAP7_75t_R)
  31.33 3881.67 ^ _219217_/Y (AO211x2_ASAP7_75t_R)
  28.93 3910.60 ^ _219222_/Y (AND5x2_ASAP7_75t_R)
  38.18 3948.78 ^ _219231_/Y (OA31x2_ASAP7_75t_R)
  23.43 3972.21 ^ place25226/Y (BUFx6f_ASAP7_75t_R)
  16.81 3989.02 ^ _219398_/Y (AND2x4_ASAP7_75t_R)
  25.68 4014.70 v _219399_/Y (XNOR2x2_ASAP7_75t_R)
  22.75 4037.45 v _219451_/Y (AO32x1_ASAP7_75t_R)
  18.59 4056.04 v _219459_/Y (OA21x2_ASAP7_75t_R)
  33.16 4089.20 v _219485_/Y (OA221x2_ASAP7_75t_R)
  18.78 4107.99 v place25136/Y (BUFx6f_ASAP7_75t_R)
  14.01 4121.99 ^ _219494_/Y (AOI21x1_ASAP7_75t_R)
  25.52 4147.51 ^ _219611_/Y (AND4x1_ASAP7_75t_R)
  22.18 4169.69 v _219612_/Y (AOI221x1_ASAP7_75t_R)
  18.86 4188.55 ^ _219633_/Y (AOI22x1_ASAP7_75t_R)
  28.58 4217.13 ^ _219634_/Y (OA31x2_ASAP7_75t_R)
  24.23 4241.36 ^ _219653_/Y (AO221x1_ASAP7_75t_R)
  28.26 4269.62 ^ _219666_/Y (AO31x2_ASAP7_75t_R)
  29.11 4298.74 ^ _219763_/Y (AO21x1_ASAP7_75t_R)
  17.66 4316.40 ^ place25012/Y (BUFx6f_ASAP7_75t_R)
  23.60 4339.99 ^ _220048_/Y (AO31x2_ASAP7_75t_R)
  20.05 4360.04 ^ _220050_/Y (AND2x2_ASAP7_75t_R)
  29.07 4389.11 v _220051_/Y (XNOR2x2_ASAP7_75t_R)
  18.96 4408.07 v _220065_/Y (OA31x2_ASAP7_75t_R)
  35.45 4443.52 v _220113_/Y (OR5x1_ASAP7_75t_R)
  22.72 4466.24 v _220143_/Y (AO211x2_ASAP7_75t_R)
  19.49 4485.73 v _220166_/Y (AO31x2_ASAP7_75t_R)
  30.48 4516.21 ^ _220179_/Y (AOI21x1_ASAP7_75t_R)
  24.05 4540.26 ^ place24895/Y (BUFx6f_ASAP7_75t_R)
  16.95 4557.22 ^ _220392_/Y (OA21x2_ASAP7_75t_R)
  27.86 4585.08 ^ _220393_/Y (AO22x1_ASAP7_75t_R)
  21.01 4606.09 ^ _220394_/Y (OR2x2_ASAP7_75t_R)
  17.94 4624.03 ^ _220395_/Y (AO211x2_ASAP7_75t_R)
  11.10 4635.14 v _220397_/Y (AOI22x1_ASAP7_75t_R)
  40.25 4675.38 v _220465_/Y (OR3x2_ASAP7_75t_R)
  29.50 4704.89 v _220567_/Y (AO21x1_ASAP7_75t_R)
  29.10 4733.99 v _220642_/Y (OA211x2_ASAP7_75t_R)
  23.82 4757.81 v _220643_/Y (XOR2x2_ASAP7_75t_R)
  22.52 4780.32 v _220786_/Y (AO22x2_ASAP7_75t_R)
  29.95 4810.27 v _220802_/Y (OR4x1_ASAP7_75t_R)
  34.92 4845.19 v _220811_/Y (AO32x1_ASAP7_75t_R)
  23.17 4868.36 v place24708/Y (BUFx3_ASAP7_75t_R)
  27.19 4895.55 v _220958_/Y (AO221x1_ASAP7_75t_R)
  29.28 4924.83 v _220959_/Y (OA211x2_ASAP7_75t_R)
  25.77 4950.60 v _221039_/Y (OA211x2_ASAP7_75t_R)
  23.26 4973.86 v _221040_/Y (XNOR2x2_ASAP7_75t_R)
  28.48 5002.33 v _221138_/Y (OA221x2_ASAP7_75t_R)
  27.81 5030.14 v _221139_/Y (OA211x2_ASAP7_75t_R)
  18.14 5048.28 v _221142_/Y (OA21x2_ASAP7_75t_R)
  19.05 5067.33 v _221143_/Y (OA21x2_ASAP7_75t_R)
  20.53 5087.86 v _221176_/Y (OA21x2_ASAP7_75t_R)
  26.41 5114.27 v _221217_/Y (AO21x2_ASAP7_75t_R)
  23.48 5137.75 v _221338_/Y (AND2x2_ASAP7_75t_R)
  24.63 5162.38 v _221339_/Y (XOR2x2_ASAP7_75t_R)
  25.50 5187.88 v _221375_/Y (OA211x2_ASAP7_75t_R)
  23.13 5211.01 ^ _221376_/Y (AOI211x1_ASAP7_75t_R)
  34.01 5245.02 ^ _221592_/Y (AO211x2_ASAP7_75t_R)
  22.74 5267.77 ^ _221600_/Y (AO31x2_ASAP7_75t_R)
  33.20 5300.97 ^ _221602_/Y (AND5x2_ASAP7_75t_R)
  18.34 5319.30 ^ place24445/Y (BUFx3_ASAP7_75t_R)
  18.45 5337.75 ^ _221804_/Y (OA31x2_ASAP7_75t_R)
  30.50 5368.25 v _221805_/Y (XNOR2x2_ASAP7_75t_R)
  21.55 5389.80 v _221841_/Y (OR2x2_ASAP7_75t_R)
  21.05 5410.85 v _221842_/Y (MAJx2_ASAP7_75t_R)
  22.37 5433.22 v _221846_/Y (MAJx2_ASAP7_75t_R)
  21.24 5454.46 v _221882_/Y (AND5x1_ASAP7_75t_R)
  22.01 5476.48 ^ _221926_/Y (OAI21x1_ASAP7_75t_R)
  22.89 5499.37 ^ place24326/Y (BUFx3_ASAP7_75t_R)
  20.13 5519.50 v _222073_/Y (AOI211x1_ASAP7_75t_R)
  23.73 5543.23 v _222155_/Y (OA21x2_ASAP7_75t_R)
  26.49 5569.73 ^ _222156_/Y (XOR2x2_ASAP7_75t_R)
  20.86 5590.59 ^ place24271/Y (BUFx3_ASAP7_75t_R)
  14.54 5605.13 v _222157_/Y (INVx1_ASAP7_75t_R)
  24.51 5629.64 v _222163_/Y (MAJx2_ASAP7_75t_R)
  14.56 5644.20 ^ _222164_/Y (AOI21x1_ASAP7_75t_R)
  22.53 5666.73 v _222322_/Y (NOR2x1_ASAP7_75t_R)
  29.06 5695.79 v _222326_/Y (AO22x2_ASAP7_75t_R)
  38.00 5733.79 v _222333_/Y (AO221x2_ASAP7_75t_R)
  22.34 5756.13 v place24142/Y (BUFx6f_ASAP7_75t_R)
  18.29 5774.42 v _222673_/Y (AO21x1_ASAP7_75t_R)
  20.52 5794.94 v _222675_/Y (AO22x2_ASAP7_75t_R)
  18.78 5813.72 v place24098/Y (BUFx3_ASAP7_75t_R)
  23.76 5837.47 v _222776_/Y (MAJx2_ASAP7_75t_R)
  15.23 5852.70 v _222872_/Y (OA21x2_ASAP7_75t_R)
  27.16 5879.86 v _222915_/Y (OR4x1_ASAP7_75t_R)
  32.98 5912.84 v _222917_/Y (OA211x2_ASAP7_75t_R)
  32.44 5945.28 v _222939_/Y (AO221x1_ASAP7_75t_R)
  28.98 5974.26 v _222940_/Y (AO211x2_ASAP7_75t_R)
  22.37 5996.64 v place23985/Y (BUFx6f_ASAP7_75t_R)
  15.90 6012.54 ^ _223249_/Y (NAND3x1_ASAP7_75t_R)
  20.47 6033.01 ^ _223250_/Y (AND3x1_ASAP7_75t_R)
  20.05 6053.07 ^ _223252_/Y (OA211x2_ASAP7_75t_R)
  20.56 6073.63 ^ _223253_/Y (AND3x1_ASAP7_75t_R)
  31.59 6105.22 ^ _223254_/Y (AND5x1_ASAP7_75t_R)
  30.44 6135.66 ^ _223255_/Y (AND5x1_ASAP7_75t_R)
  16.83 6152.49 ^ _223256_/Y (OR4x2_ASAP7_75t_R)
  20.81 6173.30 ^ place23853/Y (BUFx3_ASAP7_75t_R)
  19.61 6192.91 v _223257_/Y (NOR2x2_ASAP7_75t_R)
  16.90 6209.81 v place23846/Y (BUFx6f_ASAP7_75t_R)
  27.25 6237.06 v _223374_/Y (OR4x1_ASAP7_75t_R)
  19.72 6256.78 v _223375_/Y (AND4x1_ASAP7_75t_R)
  23.41 6280.19 ^ _223376_/Y (XNOR2x2_ASAP7_75t_R)
  17.46 6297.65 ^ _223377_/Y (AND2x2_ASAP7_75t_R)
  35.53 6333.18 ^ _223439_/Y (AND5x1_ASAP7_75t_R)
  16.52 6349.70 ^ place23753/Y (BUFx6f_ASAP7_75t_R)
  13.24 6362.94 v _223668_/Y (NAND3x1_ASAP7_75t_R)
  25.71 6388.65 v place23730/Y (BUFx3_ASAP7_75t_R)
  32.27 6420.92 v _223817_/Y (AO32x1_ASAP7_75t_R)
  22.94 6443.86 v _223977_/Y (XOR2x2_ASAP7_75t_R)
  22.04 6465.90 v _223993_/Y (MAJx2_ASAP7_75t_R)
  39.30 6505.20 v _223994_/Y (OR4x2_ASAP7_75t_R)
  13.94 6519.14 ^ _223995_/Y (AOI21x1_ASAP7_75t_R)
  23.10 6542.24 ^ _224023_/Y (OA31x2_ASAP7_75t_R)
  18.18 6560.42 ^ _224027_/Y (AO21x2_ASAP7_75t_R)
  24.24 6584.66 ^ _224028_/Y (AO211x2_ASAP7_75t_R)
  16.81 6601.47 ^ place23565/Y (BUFx6f_ASAP7_75t_R)
   9.06 6610.53 v _224375_/Y (NAND2x1_ASAP7_75t_R)
  33.83 6644.37 v _224386_/Y (OR5x1_ASAP7_75t_R)
  17.14 6661.51 v _224387_/Y (AND4x1_ASAP7_75t_R)
  44.16 6705.67 v _224397_/Y (OR5x1_ASAP7_75t_R)
  22.25 6727.92 v place23468/Y (BUFx3_ASAP7_75t_R)
  10.24 6738.16 ^ _224398_/Y (AOI211x1_ASAP7_75t_R)
  28.30 6766.46 ^ _224454_/Y (OA21x2_ASAP7_75t_R)
  30.34 6796.79 ^ _224494_/Y (OR3x2_ASAP7_75t_R)
  21.40 6818.19 ^ place23431/Y (BUFx3_ASAP7_75t_R)
  19.94 6838.12 ^ _224898_/Y (OA21x2_ASAP7_75t_R)
  22.56 6860.69 ^ _224899_/Y (AND3x1_ASAP7_75t_R)
  22.55 6883.24 ^ _224900_/Y (XNOR2x2_ASAP7_75t_R)
  21.37 6904.61 ^ _224902_/Y (OA211x2_ASAP7_75t_R)
  23.62 6928.22 ^ _224913_/Y (AND3x1_ASAP7_75t_R)
  23.48 6951.70 ^ _224922_/Y (AND3x1_ASAP7_75t_R)
  25.19 6976.89 ^ _224933_/Y (AND3x1_ASAP7_75t_R)
  19.12 6996.02 ^ place23290/Y (BUFx6f_ASAP7_75t_R)
  30.94 7026.96 ^ place23289/Y (BUFx3_ASAP7_75t_R)
  19.71 7046.66 ^ _225100_/Y (AO21x1_ASAP7_75t_R)
  29.90 7076.56 v _225101_/Y (XNOR2x2_ASAP7_75t_R)
  11.40 7087.96 ^ _225293_/Y (NAND2x1_ASAP7_75t_R)
  30.99 7118.96 ^ _225317_/Y (AND5x1_ASAP7_75t_R)
  28.10 7147.06 ^ _225318_/Y (AND4x1_ASAP7_75t_R)
  36.48 7183.54 ^ _225319_/Y (AND5x1_ASAP7_75t_R)
  17.73 7201.27 ^ _225371_/Y (OR4x2_ASAP7_75t_R)
  16.77 7218.04 ^ _225393_/Y (AO21x1_ASAP7_75t_R)
  29.53 7247.57 ^ place23178/Y (BUFx3_ASAP7_75t_R)
  37.73 7285.29 ^ _225573_/Y (AO211x2_ASAP7_75t_R)
  19.49 7304.79 ^ _225574_/Y (OA31x2_ASAP7_75t_R)
  23.24 7328.02 ^ _225585_/Y (OA31x2_ASAP7_75t_R)
  18.00 7346.02 ^ _225597_/Y (OR3x1_ASAP7_75t_R)
  25.88 7371.90 ^ _225616_/Y (AO211x2_ASAP7_75t_R)
  26.10 7397.99 ^ _225664_/Y (AO211x2_ASAP7_75t_R)
  23.95 7421.94 ^ _225676_/Y (AND3x1_ASAP7_75t_R)
  27.71 7449.65 ^ _225721_/Y (OA211x2_ASAP7_75t_R)
  31.24 7480.89 ^ _225732_/Y (AO221x1_ASAP7_75t_R)
  30.11 7511.00 v _225983_/Y (XNOR2x2_ASAP7_75t_R)
  41.29 7552.29 v _225996_/Y (OR5x1_ASAP7_75t_R)
  25.29 7577.58 ^ _225997_/Y (AOI211x1_ASAP7_75t_R)
  40.21 7617.78 ^ _225998_/Y (AND4x2_ASAP7_75t_R)
  15.06 7632.85 v _226127_/Y (OAI21x1_ASAP7_75t_R)
  23.71 7656.56 v _226147_/Y (AND3x1_ASAP7_75t_R)
  26.74 7683.30 v place22877/Y (BUFx3_ASAP7_75t_R)
  28.56 7711.86 v _226283_/Y (OR3x1_ASAP7_75t_R)
  19.74 7731.60 v _226345_/Y (AO21x1_ASAP7_75t_R)
  18.15 7749.75 v _226349_/Y (AND2x2_ASAP7_75t_R)
  20.83 7770.59 v _226351_/Y (OR3x1_ASAP7_75t_R)
  16.86 7787.45 v _226353_/Y (AND4x1_ASAP7_75t_R)
  27.94 7815.39 ^ _226637_/Y (AOI221x1_ASAP7_75t_R)
  28.07 7843.45 ^ place22754/Y (BUFx3_ASAP7_75t_R)
  24.02 7867.48 ^ _226639_/Y (OA21x2_ASAP7_75t_R)
  20.84 7888.32 ^ _226653_/Y (OA21x2_ASAP7_75t_R)
  20.50 7908.82 ^ _226654_/Y (MAJx2_ASAP7_75t_R)
  18.99 7927.81 ^ _226655_/Y (MAJx2_ASAP7_75t_R)
  26.89 7954.70 v _226656_/Y (XNOR2x2_ASAP7_75t_R)
  22.19 7976.89 v _226657_/Y (AO21x1_ASAP7_75t_R)
  24.53 8001.41 ^ _226660_/Y (NAND3x1_ASAP7_75t_R)
  32.37 8033.79 ^ _226751_/Y (AO221x1_ASAP7_75t_R)
  13.43 8047.22 v _226798_/Y (AOI21x1_ASAP7_75t_R)
  38.64 8085.87 v _227061_/Y (OR4x2_ASAP7_75t_R)
  20.06 8105.93 v place22557/Y (BUFx6f_ASAP7_75t_R)
  26.15 8132.08 v place22554/Y (BUFx6f_ASAP7_75t_R)
  15.23 8147.30 v _227302_/Y (AND3x1_ASAP7_75t_R)
  22.08 8169.38 v _227309_/Y (OA22x2_ASAP7_75t_R)
  15.20 8184.58 v _227329_/Y (AND4x1_ASAP7_75t_R)
  32.89 8217.48 v _227484_/Y (OA211x2_ASAP7_75t_R)
  24.19 8241.66 v _227512_/Y (AND5x2_ASAP7_75t_R)
  28.22 8269.88 v _227530_/Y (OR3x1_ASAP7_75t_R)
  32.68 8302.56 v _227532_/Y (OR3x1_ASAP7_75t_R)
  26.40 8328.96 v place22396/Y (BUFx3_ASAP7_75t_R)
  20.79 8349.76 v place22395/Y (BUFx3_ASAP7_75t_R)
  21.30 8371.06 v _227733_/Y (AND2x2_ASAP7_75t_R)
  19.67 8390.73 v _227734_/Y (XNOR2x2_ASAP7_75t_R)
  24.47 8415.20 v _227763_/Y (AO221x1_ASAP7_75t_R)
  26.71 8441.92 v _227783_/Y (AO32x1_ASAP7_75t_R)
  19.06 8460.98 ^ _227860_/Y (OAI21x1_ASAP7_75t_R)
  19.06 8480.03 ^ place22249/Y (BUFx6f_ASAP7_75t_R)
   7.84 8487.87 v _227861_/Y (NAND2x1_ASAP7_75t_R)
  23.29 8511.16 v _227862_/Y (AND2x2_ASAP7_75t_R)
  20.46 8531.62 v place22223/Y (BUFx3_ASAP7_75t_R)
  37.01 8568.63 v _228259_/Y (OR5x1_ASAP7_75t_R)
  24.78 8593.42 v _228294_/Y (AND5x1_ASAP7_75t_R)
  23.63 8617.05 v _228295_/Y (AO221x1_ASAP7_75t_R)
  28.78 8645.83 v _228296_/Y (AO221x1_ASAP7_75t_R)
  23.44 8669.28 ^ _228325_/Y (NAND2x1_ASAP7_75t_R)
  36.12 8705.40 ^ _228377_/Y (AO221x2_ASAP7_75t_R)
  23.48 8728.87 v _228378_/Y (NAND2x1_ASAP7_75t_R)
  21.80 8750.67 v place22046/Y (BUFx6f_ASAP7_75t_R)
  15.34 8766.02 v place22045/Y (BUFx3_ASAP7_75t_R)
  24.33 8790.34 v _228623_/Y (AO21x1_ASAP7_75t_R)
  20.06 8810.41 v _228624_/Y (AND2x4_ASAP7_75t_R)
  22.30 8832.71 ^ _228937_/Y (XNOR2x2_ASAP7_75t_R)
  25.26 8857.97 ^ _228939_/Y (AND4x1_ASAP7_75t_R)
   9.81 8867.78 v _228940_/Y (NAND2x1_ASAP7_75t_R)
  38.59 8906.36 v _228953_/Y (OR4x1_ASAP7_75t_R)
  23.52 8929.89 v _229055_/Y (OA21x2_ASAP7_75t_R)
  19.63 8949.52 v _229056_/Y (OA21x2_ASAP7_75t_R)
  21.98 8971.50 v place21843/Y (BUFx3_ASAP7_75t_R)
  21.32 8992.82 v place21842/Y (BUFx3_ASAP7_75t_R)
  27.69 9020.50 v _229327_/Y (OR4x1_ASAP7_75t_R)
   8.34 9028.85 ^ _229328_/Y (OAI21x1_ASAP7_75t_R)
  10.79 9039.64 v _229333_/Y (AOI22x1_ASAP7_75t_R)
  30.11 9069.75 ^ _229353_/Y (AOI221x1_ASAP7_75t_R)
  39.81 9109.56 ^ _229638_/Y (AND5x1_ASAP7_75t_R)
  23.05 9132.61 ^ _229640_/Y (AO221x1_ASAP7_75t_R)
  18.12 9150.72 ^ place21684/Y (BUFx6f_ASAP7_75t_R)
  26.72 9177.44 ^ _229740_/Y (OA31x2_ASAP7_75t_R)
  23.79 9201.23 ^ _229741_/Y (XNOR2x2_ASAP7_75t_R)
  24.88 9226.11 v _229742_/Y (XNOR2x2_ASAP7_75t_R)
  28.23 9254.34 v _229743_/Y (AO221x1_ASAP7_75t_R)
  25.69 9280.03 ^ _229749_/Y (AOI211x1_ASAP7_75t_R)
  17.42 9297.45 v _229763_/Y (NOR2x2_ASAP7_75t_R)
  23.50 9320.94 ^ _230125_/Y (AOI211x1_ASAP7_75t_R)
  35.15 9356.10 ^ _230181_/Y (OA21x2_ASAP7_75t_R)
  29.06 9385.16 ^ _230419_/Y (OA21x2_ASAP7_75t_R)
  26.80 9411.96 v _230420_/Y (XNOR2x2_ASAP7_75t_R)
  20.59 9432.55 ^ _230421_/Y (XNOR2x2_ASAP7_75t_R)
  33.20 9465.75 ^ _230422_/Y (AND5x1_ASAP7_75t_R)
  36.61 9502.36 ^ _230446_/Y (AND5x1_ASAP7_75t_R)
  19.22 9521.58 ^ _230513_/Y (AO31x2_ASAP7_75t_R)
  18.91 9540.49 v _230514_/Y (AOI221x1_ASAP7_75t_R)
  13.14 9553.62 ^ _230515_/Y (OAI21x1_ASAP7_75t_R)
  18.11 9571.73 ^ place21065/Y (BUFx6f_ASAP7_75t_R)
  20.70 9592.43 ^ place21062/Y (BUFx6f_ASAP7_75t_R)
  24.09 9616.52 ^ _230817_/Y (AND2x2_ASAP7_75t_R)
  22.87 9639.39 ^ _230818_/Y (XNOR2x2_ASAP7_75t_R)
  26.37 9665.76 v _230819_/Y (XNOR2x2_ASAP7_75t_R)
  18.67 9684.43 v _230872_/Y (OR2x2_ASAP7_75t_R)
  24.96 9709.39 v _230897_/Y (OA33x2_ASAP7_75t_R)
  14.09 9723.48 v _230898_/Y (OA21x2_ASAP7_75t_R)
  31.91 9755.39 v _230906_/Y (OA211x2_ASAP7_75t_R)
  14.92 9770.30 ^ _230918_/Y (OAI21x1_ASAP7_75t_R)
  28.29 9798.60 ^ _230936_/Y (AO21x2_ASAP7_75t_R)
  27.78 9826.38 ^ place20920/Y (BUFx3_ASAP7_75t_R)
  26.68 9853.06 ^ _230992_/Y (AND3x2_ASAP7_75t_R)
  27.70 9880.76 v _231175_/Y (XNOR2x2_ASAP7_75t_R)
  21.05 9901.81 ^ _231176_/Y (XNOR2x2_ASAP7_75t_R)
  30.20 9932.01 ^ _231180_/Y (AND4x1_ASAP7_75t_R)
   9.20 9941.21 v _231314_/Y (NAND3x1_ASAP7_75t_R)
  38.39 9979.59 v _231315_/Y (OR5x1_ASAP7_75t_R)
  26.97 10006.56 v _231371_/Y (AND5x2_ASAP7_75t_R)
  24.26 10030.82 ^ _231376_/Y (NAND2x1p5_ASAP7_75t_R)
  22.71 10053.53 ^ place20787/Y (BUFx6f_ASAP7_75t_R)
  17.49 10071.02 ^ _231559_/Y (AND2x2_ASAP7_75t_R)
  31.16 10102.19 v _231560_/Y (XNOR2x2_ASAP7_75t_R)
  13.09 10115.27 ^ _231561_/Y (NAND2x1_ASAP7_75t_R)
  31.86 10147.13 ^ _231575_/Y (AND5x2_ASAP7_75t_R)
  26.94 10174.07 ^ _231624_/Y (AND5x1_ASAP7_75t_R)
  25.61 10199.68 ^ _231625_/Y (OA211x2_ASAP7_75t_R)
  17.32 10217.00 ^ _231626_/Y (AND2x4_ASAP7_75t_R)
  26.23 10243.23 ^ _231767_/Y (AO211x2_ASAP7_75t_R)
  21.11 10264.34 ^ place20675/Y (BUFx6f_ASAP7_75t_R)
  21.03 10285.37 ^ _231908_/Y (AND2x2_ASAP7_75t_R)
  19.64 10305.02 v _231909_/Y (XOR2x2_ASAP7_75t_R)
  24.34 10329.36 v _231919_/Y (AO221x1_ASAP7_75t_R)
  28.15 10357.51 v _231938_/Y (OR5x1_ASAP7_75t_R)
  22.79 10380.30 v _231957_/Y (AO32x1_ASAP7_75t_R)
  24.61 10404.91 v _232004_/Y (OA221x2_ASAP7_75t_R)
  36.17 10441.08 v _232005_/Y (OR4x1_ASAP7_75t_R)
  30.54 10471.62 ^ _232006_/Y (NAND3x2_ASAP7_75t_R)
  32.90 10504.52 ^ _232185_/Y (AO22x1_ASAP7_75t_R)
  16.77 10521.29 ^ _232187_/Y (AO21x1_ASAP7_75t_R)
  24.18 10545.47 v _232190_/Y (AOI21x1_ASAP7_75t_R)
  31.91 10577.37 v _232248_/Y (OR3x1_ASAP7_75t_R)
  23.89 10601.26 v _232279_/Y (AO21x1_ASAP7_75t_R)
  29.13 10630.39 v _232503_/Y (AO22x2_ASAP7_75t_R)
  26.85 10657.23 ^ _232540_/Y (XNOR2x2_ASAP7_75t_R)
  22.11 10679.35 ^ _232542_/Y (AND3x2_ASAP7_75t_R)
  19.75 10699.10 ^ _232543_/Y (OR3x2_ASAP7_75t_R)
  17.79 10716.89 ^ place20232/Y (BUFx3_ASAP7_75t_R)
  17.03 10733.92 ^ _232615_/Y (AO31x2_ASAP7_75t_R)
  32.25 10766.17 ^ _232625_/Y (OA222x2_ASAP7_75t_R)
  21.07 10787.24 ^ _232638_/Y (MAJx2_ASAP7_75t_R)
  23.73 10810.97 ^ _232640_/Y (AO221x2_ASAP7_75t_R)
  14.66 10825.62 ^ place19938/Y (BUFx3_ASAP7_75t_R)
  22.91 10848.53 ^ _232669_/Y (AO31x2_ASAP7_75t_R)
  21.11 10869.64 v _232670_/Y (OAI21x1_ASAP7_75t_R)
  28.40 10898.05 v place19853/Y (BUFx3_ASAP7_75t_R)
  28.27 10926.32 v _233618_/Y (AO21x1_ASAP7_75t_R)
  31.54 10957.86 v _233619_/Y (OA211x2_ASAP7_75t_R)
  33.94 10991.80 v _233626_/Y (OR4x1_ASAP7_75t_R)
  27.61 11019.40 v _233632_/Y (OA211x2_ASAP7_75t_R)
  21.90 11041.31 v _233633_/Y (OA22x2_ASAP7_75t_R)
  22.25 11063.55 v _233721_/Y (AND5x2_ASAP7_75t_R)
  21.18 11084.73 v _233967_/Y (AND3x4_ASAP7_75t_R)
  22.92 11107.65 v _235036_/Y (AND5x2_ASAP7_75t_R)
  19.43 11127.08 v _235186_/Y (AND4x1_ASAP7_75t_R)
  16.80 11143.88 v _235297_/Y (AND3x2_ASAP7_75t_R)
  44.36 11188.25 v _235300_/Y (OR5x2_ASAP7_75t_R)
  24.88 11213.12 v place19574/Y (BUFx3_ASAP7_75t_R)
   7.50 11220.62 ^ _276097_/Y (INVx1_ASAP7_75t_R)
  29.56 11250.19 ^ _276098_/Y (AO32x2_ASAP7_75t_R)
  21.64 11271.83 v _279914_/Y (AOI21x1_ASAP7_75t_R)
  63.81 11335.64 ^ _280017_/Y (OAI21x1_ASAP7_75t_R)
  50.67 11386.31 v _326596_/Y (AOI22x1_ASAP7_75t_R)
  23.53 11409.84 v place19240/Y (BUFx6f_ASAP7_75t_R)
  20.37 11430.21 v place19238/Y (BUFx6f_ASAP7_75t_R)
  45.05 11475.26 v _334388_/Y (OA21x2_ASAP7_75t_R)
   8.07 11483.33 ^ _334389_/Y (NOR2x1_ASAP7_75t_R)
   0.12 11483.45 ^ _395836_/D (DFFHQNx1_ASAP7_75t_R)
        11483.45   data arrival time

12000.00 12000.00   clock core_clk (rise edge)
   0.00 12000.00   clock source latency
   0.00 12000.00 ^ clk (in)
  45.24 12045.24 ^ wire32813/Y (BUFx12f_ASAP7_75t_R)
  51.74 12096.99 ^ clkbuf_0_clk/Y (BUFx24_ASAP7_75t_R)
  27.57 12124.55 ^ clkbuf_1_1_0_clk/Y (BUFx24_ASAP7_75t_R)
  22.94 12147.50 ^ clkbuf_2_3_0_clk/Y (BUFx24_ASAP7_75t_R)
  30.79 12178.29 ^ clkbuf_3_7_0_clk/Y (BUFx24_ASAP7_75t_R)
  26.19 12204.48 ^ clkbuf_4_14_0_clk/Y (BUFx24_ASAP7_75t_R)
  26.10 12230.58 ^ clkbuf_6_58_0_clk/Y (BUFx24_ASAP7_75t_R)
  21.09 12251.67 ^ clkbuf_7_116__f_clk/Y (BUFx24_ASAP7_75t_R)
  23.01 12274.67 ^ clkbuf_leaf_591_clk/Y (BUFx24_ASAP7_75t_R)
   1.96 12276.63 ^ _395836_/CLK (DFFHQNx1_ASAP7_75t_R)
 -50.00 12226.63   clock uncertainty
   4.46 12231.09   clock reconvergence pessimism
 -10.99 12220.11   library setup time
        12220.11   data required time
---------------------------------------------------------
        12220.11   data required time
        -11483.45   data arrival time
---------------------------------------------------------
         736.65   slack (MET)


Startpoint: _386358_ (rising edge-triggered flip-flop clocked by core_clk)
Endpoint: _395836_ (rising edge-triggered flip-flop clocked by core_clk)
Path Group: reg2reg
Path Type: max

  Delay    Time   Description
---------------------------------------------------------
   0.00    0.00   clock core_clk (rise edge)
   0.00    0.00   clock source latency
   0.00    0.00 ^ clk (in)
  46.36   46.36 ^ wire32813/Y (BUFx12f_ASAP7_75t_R)
  53.38   99.75 ^ clkbuf_0_clk/Y (BUFx24_ASAP7_75t_R)
  28.51  128.26 ^ clkbuf_1_1_0_clk/Y (BUFx24_ASAP7_75t_R)
  23.70  151.96 ^ clkbuf_2_3_0_clk/Y (BUFx24_ASAP7_75t_R)
  32.83  184.79 ^ clkbuf_3_6_0_clk/Y (BUFx24_ASAP7_75t_R)
  26.85  211.64 ^ clkbuf_4_12_0_clk/Y (BUFx24_ASAP7_75t_R)
  27.58  239.22 ^ clkbuf_6_48_0_clk/Y (BUFx24_ASAP7_75t_R)
  22.29  261.50 ^ clkbuf_7_96__f_clk/Y (BUFx24_ASAP7_75t_R)
  24.98  286.48 ^ clkbuf_leaf_385_clk/Y (BUFx24_ASAP7_75t_R)
   2.87  289.35 ^ _386358_/CLK (DFFHQNx1_ASAP7_75t_R)
  78.73  368.08 v _386358_/QN (DFFHQNx1_ASAP7_75t_R)
  72.17  440.25 v _210677_/Y (OR4x2_ASAP7_75t_R)
  57.30  497.55 v place32433/Y (BUFx3_ASAP7_75t_R)
  66.16  563.70 v _210741_/Y (AND4x1_ASAP7_75t_R)
  34.66  598.36 v _210744_/Y (OA21x2_ASAP7_75t_R)
  54.90  653.26 v _210745_/Y (AND2x2_ASAP7_75t_R)
 123.11  776.37 v place31673/Y (BUFx3_ASAP7_75t_R)
  84.48  860.85 v _211121_/Y (OR3x2_ASAP7_75t_R)
  63.46  924.30 v _211124_/Y (OR2x2_ASAP7_75t_R)
 184.30 1108.60 v place30877/Y (BUFx3_ASAP7_75t_R)
  36.89 1145.49 v _214083_/Y (OA22x2_ASAP7_75t_R)
  14.64 1160.12 v _214088_/Y (AND4x1_ASAP7_75t_R)
  41.58 1201.70 ^ _214089_/Y (NAND3x1_ASAP7_75t_R)
  38.34 1240.04 v _214126_/Y (AOI221x1_ASAP7_75t_R)
  42.21 1282.25 v _214127_/Y (AND5x1_ASAP7_75t_R)
  29.72 1311.97 v _214553_/Y (AND4x1_ASAP7_75t_R)
  18.77 1330.74 v place29280/Y (BUFx3_ASAP7_75t_R)
  24.65 1355.40 ^ _214554_/Y (NAND3x1_ASAP7_75t_R)
  27.93 1383.33 ^ _217167_/Y (AND4x1_ASAP7_75t_R)
  27.87 1411.20 ^ _217174_/Y (AO221x1_ASAP7_75t_R)
  21.95 1433.15 ^ _217198_/Y (AO31x2_ASAP7_75t_R)
  20.25 1453.40 ^ place27934/Y (BUFx3_ASAP7_75t_R)
  10.70 1464.09 v _217278_/Y (OAI21x1_ASAP7_75t_R)
  25.57 1489.67 v _217284_/Y (OA211x2_ASAP7_75t_R)
  40.05 1529.72 v _217285_/Y (OR5x1_ASAP7_75t_R)
  33.32 1563.03 v _217286_/Y (MAJx2_ASAP7_75t_R)
  22.44 1585.48 v _217372_/Y (OA21x2_ASAP7_75t_R)
  24.83 1610.31 v _217375_/Y (OA222x2_ASAP7_75t_R)
  19.50 1629.81 v _217380_/Y (AND5x2_ASAP7_75t_R)
  30.66 1660.47 v _217382_/Y (OR3x2_ASAP7_75t_R)
  16.39 1676.87 ^ _217409_/Y (AOI21x1_ASAP7_75t_R)
  18.55 1695.42 ^ place26693/Y (BUFx3_ASAP7_75t_R)
   8.11 1703.53 v _217416_/Y (AOI211x1_ASAP7_75t_R)
  25.15 1728.67 ^ _217417_/Y (AOI221x1_ASAP7_75t_R)
  16.16 1744.84 v _217423_/Y (INVx1_ASAP7_75t_R)
  19.75 1764.59 v _217485_/Y (AO21x1_ASAP7_75t_R)
  32.05 1796.64 v _217488_/Y (AO21x1_ASAP7_75t_R)
  32.36 1829.00 v _217532_/Y (OA211x2_ASAP7_75t_R)
  21.82 1850.82 v _217533_/Y (XOR2x2_ASAP7_75t_R)
  21.19 1872.02 v _217545_/Y (MAJx2_ASAP7_75t_R)
  24.09 1896.11 v _217561_/Y (AO32x1_ASAP7_75t_R)
  24.73 1920.85 v _217562_/Y (MAJx2_ASAP7_75t_R)
  24.59 1945.43 v _217577_/Y (OA21x2_ASAP7_75t_R)
  16.90 1962.33 v place26187/Y (BUFx3_ASAP7_75t_R)
   8.47 1970.80 ^ _217612_/Y (NOR2x1_ASAP7_75t_R)
  27.24 1998.03 ^ _217613_/Y (XNOR2x2_ASAP7_75t_R)
  12.03 2010.07 v _217620_/Y (NOR2x1_ASAP7_75t_R)
  18.03 2028.09 ^ _217622_/Y (AOI22x1_ASAP7_75t_R)
  14.20 2042.29 v _217623_/Y (AOI21x1_ASAP7_75t_R)
  26.81 2069.11 v _217624_/Y (MAJx2_ASAP7_75t_R)
  28.30 2097.41 v _217669_/Y (AO32x1_ASAP7_75t_R)
  24.62 2122.03 v _217723_/Y (OR3x1_ASAP7_75t_R)
  26.03 2148.07 v _217732_/Y (AO221x1_ASAP7_75t_R)
  13.78 2161.85 ^ _217733_/Y (NAND3x1_ASAP7_75t_R)
  26.69 2188.54 ^ _217734_/Y (MAJx2_ASAP7_75t_R)
  21.78 2210.32 ^ _217735_/Y (MAJx2_ASAP7_75t_R)
  23.07 2233.39 ^ _217740_/Y (MAJx2_ASAP7_75t_R)
  25.63 2259.02 ^ _217741_/Y (AO221x1_ASAP7_75t_R)
  27.32 2286.34 ^ _217755_/Y (AO31x2_ASAP7_75t_R)
  23.88 2310.22 ^ _217807_/Y (AND3x1_ASAP7_75t_R)
  27.67 2337.89 v _217808_/Y (XNOR2x2_ASAP7_75t_R)
  18.85 2356.74 v _217809_/Y (OR2x2_ASAP7_75t_R)
  17.53 2374.28 v _217817_/Y (AO211x2_ASAP7_75t_R)
  30.10 2404.38 v _217818_/Y (AO32x2_ASAP7_75t_R)
  22.30 2426.68 v _217848_/Y (AO31x2_ASAP7_75t_R)
  28.77 2455.44 ^ _217853_/Y (AOI22x1_ASAP7_75t_R)
  21.88 2477.33 ^ _217888_/Y (AND2x2_ASAP7_75t_R)
  26.93 2504.26 v _217889_/Y (XNOR2x2_ASAP7_75t_R)
  21.61 2525.87 v _217890_/Y (OR2x2_ASAP7_75t_R)
  21.01 2546.88 v _217897_/Y (AO21x1_ASAP7_75t_R)
  16.97 2563.85 v _217898_/Y (AND2x2_ASAP7_75t_R)
  21.77 2585.62 v _217959_/Y (OA211x2_ASAP7_75t_R)
  19.67 2605.30 v _217960_/Y (OA21x2_ASAP7_75t_R)
  25.79 2631.08 v _218017_/Y (OA211x2_ASAP7_75t_R)
  21.46 2652.55 v _218018_/Y (XOR2x2_ASAP7_75t_R)
  27.77 2680.32 v _218038_/Y (OR4x1_ASAP7_75t_R)
  25.54 2705.86 v _218040_/Y (AO221x1_ASAP7_75t_R)
  33.42 2739.28 v _218043_/Y (AO33x2_ASAP7_75t_R)
  21.51 2760.79 v _218044_/Y (MAJx2_ASAP7_75t_R)
  27.13 2787.92 v _218049_/Y (MAJx3_ASAP7_75t_R)
  26.90 2814.82 v _218087_/Y (OA21x2_ASAP7_75t_R)
  16.18 2831.00 v _218091_/Y (AND2x4_ASAP7_75t_R)
  16.33 2847.33 v _218092_/Y (OA21x2_ASAP7_75t_R)
  25.31 2872.64 v _218093_/Y (OA222x2_ASAP7_75t_R)
  23.48 2896.12 v _218106_/Y (MAJx2_ASAP7_75t_R)
  29.73 2925.85 v _218130_/Y (AO32x2_ASAP7_75t_R)
  22.65 2948.50 v _218150_/Y (OA21x2_ASAP7_75t_R)
  28.49 2976.99 v _218190_/Y (OA211x2_ASAP7_75t_R)
  24.86 3001.85 v _218211_/Y (OA31x2_ASAP7_75t_R)
  27.47 3029.33 v _218260_/Y (AO32x1_ASAP7_75t_R)
  29.59 3058.92 v _218261_/Y (OR3x1_ASAP7_75t_R)
  24.00 3082.93 v _218270_/Y (OA22x2_ASAP7_75t_R)
  27.43 3110.35 v _218271_/Y (AO22x2_ASAP7_75t_R)
  30.15 3140.50 v _218276_/Y (AO22x2_ASAP7_75t_R)
  25.72 3166.22 v _218298_/Y (AO21x2_ASAP7_75t_R)
  16.65 3182.86 v place25618/Y (BUFx3_ASAP7_75t_R)
  15.38 3198.24 v _218449_/Y (AO21x1_ASAP7_75t_R)
   9.59 3207.83 ^ _218451_/Y (NAND2x1_ASAP7_75t_R)
  26.58 3234.41 ^ _218457_/Y (AO221x1_ASAP7_75t_R)
  24.62 3259.03 ^ _218458_/Y (AO32x1_ASAP7_75t_R)
  23.32 3282.35 ^ _218461_/Y (OA31x2_ASAP7_75t_R)
  28.12 3310.47 ^ _218493_/Y (OA21x2_ASAP7_75t_R)
  20.67 3331.14 v _218574_/Y (AOI21x1_ASAP7_75t_R)
  22.37 3353.51 v _218632_/Y (OA21x2_ASAP7_75t_R)
  26.08 3379.59 v _218633_/Y (OR4x1_ASAP7_75t_R)
  31.56 3411.15 v _218634_/Y (OA211x2_ASAP7_75t_R)
  27.87 3439.02 v _218635_/Y (MAJx2_ASAP7_75t_R)
  36.50 3475.52 v _218642_/Y (OR5x1_ASAP7_75t_R)
  11.72 3487.23 ^ _218643_/Y (OAI21x1_ASAP7_75t_R)
  15.75 3502.99 v _218664_/Y (OAI21x1_ASAP7_75t_R)
  20.23 3523.21 ^ _218760_/Y (AOI211x1_ASAP7_75t_R)
  27.31 3550.52 ^ _218763_/Y (OR2x2_ASAP7_75t_R)
  17.02 3567.55 ^ place25429/Y (BUFx6f_ASAP7_75t_R)
  13.87 3581.42 ^ place25427/Y (BUFx3_ASAP7_75t_R)
  18.86 3600.27 ^ _218821_/Y (OA21x2_ASAP7_75t_R)
  27.59 3627.86 v _218822_/Y (XNOR2x2_ASAP7_75t_R)
  16.50 3644.36 v _218823_/Y (AND2x2_ASAP7_75t_R)
  22.67 3667.03 v _218824_/Y (MAJx2_ASAP7_75t_R)
  23.76 3690.79 v _218825_/Y (MAJx2_ASAP7_75t_R)
  19.55 3710.34 ^ _218826_/Y (AOI221x1_ASAP7_75t_R)
  15.68 3726.03 v _218981_/Y (OAI21x1_ASAP7_75t_R)
  19.58 3745.61 v place25318/Y (BUFx6f_ASAP7_75t_R)
  26.00 3771.61 ^ _218987_/Y (NOR2x1_ASAP7_75t_R)
  26.36 3797.97 ^ _218995_/Y (OA22x2_ASAP7_75t_R)
  16.88 3814.85 ^ _219001_/Y (AO31x2_ASAP7_75t_R)
  35.48 3850.33 ^ _219008_/Y (AO221x1_ASAP7_75t_R)
  31.33 3881.67 ^ _219217_/Y (AO211x2_ASAP7_75t_R)
  28.93 3910.60 ^ _219222_/Y (AND5x2_ASAP7_75t_R)
  38.18 3948.78 ^ _219231_/Y (OA31x2_ASAP7_75t_R)
  23.43 3972.21 ^ place25226/Y (BUFx6f_ASAP7_75t_R)
  16.81 3989.02 ^ _219398_/Y (AND2x4_ASAP7_75t_R)
  25.68 4014.70 v _219399_/Y (XNOR2x2_ASAP7_75t_R)
  22.75 4037.45 v _219451_/Y (AO32x1_ASAP7_75t_R)
  18.59 4056.04 v _219459_/Y (OA21x2_ASAP7_75t_R)
  33.16 4089.20 v _219485_/Y (OA221x2_ASAP7_75t_R)
  18.78 4107.99 v place25136/Y (BUFx6f_ASAP7_75t_R)
  14.01 4121.99 ^ _219494_/Y (AOI21x1_ASAP7_75t_R)
  25.52 4147.51 ^ _219611_/Y (AND4x1_ASAP7_75t_R)
  22.18 4169.69 v _219612_/Y (AOI221x1_ASAP7_75t_R)
  18.86 4188.55 ^ _219633_/Y (AOI22x1_ASAP7_75t_R)
  28.58 4217.13 ^ _219634_/Y (OA31x2_ASAP7_75t_R)
  24.23 4241.36 ^ _219653_/Y (AO221x1_ASAP7_75t_R)
  28.26 4269.62 ^ _219666_/Y (AO31x2_ASAP7_75t_R)
  29.11 4298.74 ^ _219763_/Y (AO21x1_ASAP7_75t_R)
  17.66 4316.40 ^ place25012/Y (BUFx6f_ASAP7_75t_R)
  23.60 4339.99 ^ _220048_/Y (AO31x2_ASAP7_75t_R)
  20.05 4360.04 ^ _220050_/Y (AND2x2_ASAP7_75t_R)
  29.07 4389.11 v _220051_/Y (XNOR2x2_ASAP7_75t_R)
  18.96 4408.07 v _220065_/Y (OA31x2_ASAP7_75t_R)
  35.45 4443.52 v _220113_/Y (OR5x1_ASAP7_75t_R)
  22.72 4466.24 v _220143_/Y (AO211x2_ASAP7_75t_R)
  19.49 4485.73 v _220166_/Y (AO31x2_ASAP7_75t_R)
  30.48 4516.21 ^ _220179_/Y (AOI21x1_ASAP7_75t_R)
  24.05 4540.26 ^ place24895/Y (BUFx6f_ASAP7_75t_R)
  16.95 4557.22 ^ _220392_/Y (OA21x2_ASAP7_75t_R)
  27.86 4585.08 ^ _220393_/Y (AO22x1_ASAP7_75t_R)
  21.01 4606.09 ^ _220394_/Y (OR2x2_ASAP7_75t_R)
  17.94 4624.03 ^ _220395_/Y (AO211x2_ASAP7_75t_R)
  11.10 4635.14 v _220397_/Y (AOI22x1_ASAP7_75t_R)
  40.25 4675.38 v _220465_/Y (OR3x2_ASAP7_75t_R)
  29.50 4704.89 v _220567_/Y (AO21x1_ASAP7_75t_R)
  29.10 4733.99 v _220642_/Y (OA211x2_ASAP7_75t_R)
  23.82 4757.81 v _220643_/Y (XOR2x2_ASAP7_75t_R)
  22.52 4780.32 v _220786_/Y (AO22x2_ASAP7_75t_R)
  29.95 4810.27 v _220802_/Y (OR4x1_ASAP7_75t_R)
  34.92 4845.19 v _220811_/Y (AO32x1_ASAP7_75t_R)
  23.17 4868.36 v place24708/Y (BUFx3_ASAP7_75t_R)
  27.19 4895.55 v _220958_/Y (AO221x1_ASAP7_75t_R)
  29.28 4924.83 v _220959_/Y (OA211x2_ASAP7_75t_R)
  25.77 4950.60 v _221039_/Y (OA211x2_ASAP7_75t_R)
  23.26 4973.86 v _221040_/Y (XNOR2x2_ASAP7_75t_R)
  28.48 5002.33 v _221138_/Y (OA221x2_ASAP7_75t_R)
  27.81 5030.14 v _221139_/Y (OA211x2_ASAP7_75t_R)
  18.14 5048.28 v _221142_/Y (OA21x2_ASAP7_75t_R)
  19.05 5067.33 v _221143_/Y (OA21x2_ASAP7_75t_R)
  20.53 5087.86 v _221176_/Y (OA21x2_ASAP7_75t_R)
  26.41 5114.27 v _221217_/Y (AO21x2_ASAP7_75t_R)
  23.48 5137.75 v _221338_/Y (AND2x2_ASAP7_75t_R)
  24.63 5162.38 v _221339_/Y (XOR2x2_ASAP7_75t_R)
  25.50 5187.88 v _221375_/Y (OA211x2_ASAP7_75t_R)
  23.13 5211.01 ^ _221376_/Y (AOI211x1_ASAP7_75t_R)
  34.01 5245.02 ^ _221592_/Y (AO211x2_ASAP7_75t_R)
  22.74 5267.77 ^ _221600_/Y (AO31x2_ASAP7_75t_R)
  33.20 5300.97 ^ _221602_/Y (AND5x2_ASAP7_75t_R)
  18.34 5319.30 ^ place24445/Y (BUFx3_ASAP7_75t_R)
  18.45 5337.75 ^ _221804_/Y (OA31x2_ASAP7_75t_R)
  30.50 5368.25 v _221805_/Y (XNOR2x2_ASAP7_75t_R)
  21.55 5389.80 v _221841_/Y (OR2x2_ASAP7_75t_R)
  21.05 5410.85 v _221842_/Y (MAJx2_ASAP7_75t_R)
  22.37 5433.22 v _221846_/Y (MAJx2_ASAP7_75t_R)
  21.24 5454.46 v _221882_/Y (AND5x1_ASAP7_75t_R)
  22.01 5476.48 ^ _221926_/Y (OAI21x1_ASAP7_75t_R)
  22.89 5499.37 ^ place24326/Y (BUFx3_ASAP7_75t_R)
  20.13 5519.50 v _222073_/Y (AOI211x1_ASAP7_75t_R)
  23.73 5543.23 v _222155_/Y (OA21x2_ASAP7_75t_R)
  26.49 5569.73 ^ _222156_/Y (XOR2x2_ASAP7_75t_R)
  20.86 5590.59 ^ place24271/Y (BUFx3_ASAP7_75t_R)
  14.54 5605.13 v _222157_/Y (INVx1_ASAP7_75t_R)
  24.51 5629.64 v _222163_/Y (MAJx2_ASAP7_75t_R)
  14.56 5644.20 ^ _222164_/Y (AOI21x1_ASAP7_75t_R)
  22.53 5666.73 v _222322_/Y (NOR2x1_ASAP7_75t_R)
  29.06 5695.79 v _222326_/Y (AO22x2_ASAP7_75t_R)
  38.00 5733.79 v _222333_/Y (AO221x2_ASAP7_75t_R)
  22.34 5756.13 v place24142/Y (BUFx6f_ASAP7_75t_R)
  18.29 5774.42 v _222673_/Y (AO21x1_ASAP7_75t_R)
  20.52 5794.94 v _222675_/Y (AO22x2_ASAP7_75t_R)
  18.78 5813.72 v place24098/Y (BUFx3_ASAP7_75t_R)
  23.76 5837.47 v _222776_/Y (MAJx2_ASAP7_75t_R)
  15.23 5852.70 v _222872_/Y (OA21x2_ASAP7_75t_R)
  27.16 5879.86 v _222915_/Y (OR4x1_ASAP7_75t_R)
  32.98 5912.84 v _222917_/Y (OA211x2_ASAP7_75t_R)
  32.44 5945.28 v _222939_/Y (AO221x1_ASAP7_75t_R)
  28.98 5974.26 v _222940_/Y (AO211x2_ASAP7_75t_R)
  22.37 5996.64 v place23985/Y (BUFx6f_ASAP7_75t_R)
  15.90 6012.54 ^ _223249_/Y (NAND3x1_ASAP7_75t_R)
  20.47 6033.01 ^ _223250_/Y (AND3x1_ASAP7_75t_R)
  20.05 6053.07 ^ _223252_/Y (OA211x2_ASAP7_75t_R)
  20.56 6073.63 ^ _223253_/Y (AND3x1_ASAP7_75t_R)
  31.59 6105.22 ^ _223254_/Y (AND5x1_ASAP7_75t_R)
  30.44 6135.66 ^ _223255_/Y (AND5x1_ASAP7_75t_R)
  16.83 6152.49 ^ _223256_/Y (OR4x2_ASAP7_75t_R)
  20.81 6173.30 ^ place23853/Y (BUFx3_ASAP7_75t_R)
  19.61 6192.91 v _223257_/Y (NOR2x2_ASAP7_75t_R)
  16.90 6209.81 v place23846/Y (BUFx6f_ASAP7_75t_R)
  27.25 6237.06 v _223374_/Y (OR4x1_ASAP7_75t_R)
  19.72 6256.78 v _223375_/Y (AND4x1_ASAP7_75t_R)
  23.41 6280.19 ^ _223376_/Y (XNOR2x2_ASAP7_75t_R)
  17.46 6297.65 ^ _223377_/Y (AND2x2_ASAP7_75t_R)
  35.53 6333.18 ^ _223439_/Y (AND5x1_ASAP7_75t_R)
  16.52 6349.70 ^ place23753/Y (BUFx6f_ASAP7_75t_R)
  13.24 6362.94 v _223668_/Y (NAND3x1_ASAP7_75t_R)
  25.71 6388.65 v place23730/Y (BUFx3_ASAP7_75t_R)
  32.27 6420.92 v _223817_/Y (AO32x1_ASAP7_75t_R)
  22.94 6443.86 v _223977_/Y (XOR2x2_ASAP7_75t_R)
  22.04 6465.90 v _223993_/Y (MAJx2_ASAP7_75t_R)
  39.30 6505.20 v _223994_/Y (OR4x2_ASAP7_75t_R)
  13.94 6519.14 ^ _223995_/Y (AOI21x1_ASAP7_75t_R)
  23.10 6542.24 ^ _224023_/Y (OA31x2_ASAP7_75t_R)
  18.18 6560.42 ^ _224027_/Y (AO21x2_ASAP7_75t_R)
  24.24 6584.66 ^ _224028_/Y (AO211x2_ASAP7_75t_R)
  16.81 6601.47 ^ place23565/Y (BUFx6f_ASAP7_75t_R)
   9.06 6610.53 v _224375_/Y (NAND2x1_ASAP7_75t_R)
  33.83 6644.37 v _224386_/Y (OR5x1_ASAP7_75t_R)
  17.14 6661.51 v _224387_/Y (AND4x1_ASAP7_75t_R)
  44.16 6705.67 v _224397_/Y (OR5x1_ASAP7_75t_R)
  22.25 6727.92 v place23468/Y (BUFx3_ASAP7_75t_R)
  10.24 6738.16 ^ _224398_/Y (AOI211x1_ASAP7_75t_R)
  28.30 6766.46 ^ _224454_/Y (OA21x2_ASAP7_75t_R)
  30.34 6796.79 ^ _224494_/Y (OR3x2_ASAP7_75t_R)
  21.40 6818.19 ^ place23431/Y (BUFx3_ASAP7_75t_R)
  19.94 6838.12 ^ _224898_/Y (OA21x2_ASAP7_75t_R)
  22.56 6860.69 ^ _224899_/Y (AND3x1_ASAP7_75t_R)
  22.55 6883.24 ^ _224900_/Y (XNOR2x2_ASAP7_75t_R)
  21.37 6904.61 ^ _224902_/Y (OA211x2_ASAP7_75t_R)
  23.62 6928.22 ^ _224913_/Y (AND3x1_ASAP7_75t_R)
  23.48 6951.70 ^ _224922_/Y (AND3x1_ASAP7_75t_R)
  25.19 6976.89 ^ _224933_/Y (AND3x1_ASAP7_75t_R)
  19.12 6996.02 ^ place23290/Y (BUFx6f_ASAP7_75t_R)
  30.94 7026.96 ^ place23289/Y (BUFx3_ASAP7_75t_R)
  19.71 7046.66 ^ _225100_/Y (AO21x1_ASAP7_75t_R)
  29.90 7076.56 v _225101_/Y (XNOR2x2_ASAP7_75t_R)
  11.40 7087.96 ^ _225293_/Y (NAND2x1_ASAP7_75t_R)
  30.99 7118.96 ^ _225317_/Y (AND5x1_ASAP7_75t_R)
  28.10 7147.06 ^ _225318_/Y (AND4x1_ASAP7_75t_R)
  36.48 7183.54 ^ _225319_/Y (AND5x1_ASAP7_75t_R)
  17.73 7201.27 ^ _225371_/Y (OR4x2_ASAP7_75t_R)
  16.77 7218.04 ^ _225393_/Y (AO21x1_ASAP7_75t_R)
  29.53 7247.57 ^ place23178/Y (BUFx3_ASAP7_75t_R)
  37.73 7285.29 ^ _225573_/Y (AO211x2_ASAP7_75t_R)
  19.49 7304.79 ^ _225574_/Y (OA31x2_ASAP7_75t_R)
  23.24 7328.02 ^ _225585_/Y (OA31x2_ASAP7_75t_R)
  18.00 7346.02 ^ _225597_/Y (OR3x1_ASAP7_75t_R)
  25.88 7371.90 ^ _225616_/Y (AO211x2_ASAP7_75t_R)
  26.10 7397.99 ^ _225664_/Y (AO211x2_ASAP7_75t_R)
  23.95 7421.94 ^ _225676_/Y (AND3x1_ASAP7_75t_R)
  27.71 7449.65 ^ _225721_/Y (OA211x2_ASAP7_75t_R)
  31.24 7480.89 ^ _225732_/Y (AO221x1_ASAP7_75t_R)
  30.11 7511.00 v _225983_/Y (XNOR2x2_ASAP7_75t_R)
  41.29 7552.29 v _225996_/Y (OR5x1_ASAP7_75t_R)
  25.29 7577.58 ^ _225997_/Y (AOI211x1_ASAP7_75t_R)
  40.21 7617.78 ^ _225998_/Y (AND4x2_ASAP7_75t_R)
  15.06 7632.85 v _226127_/Y (OAI21x1_ASAP7_75t_R)
  23.71 7656.56 v _226147_/Y (AND3x1_ASAP7_75t_R)
  26.74 7683.30 v place22877/Y (BUFx3_ASAP7_75t_R)
  28.56 7711.86 v _226283_/Y (OR3x1_ASAP7_75t_R)
  19.74 7731.60 v _226345_/Y (AO21x1_ASAP7_75t_R)
  18.15 7749.75 v _226349_/Y (AND2x2_ASAP7_75t_R)
  20.83 7770.59 v _226351_/Y (OR3x1_ASAP7_75t_R)
  16.86 7787.45 v _226353_/Y (AND4x1_ASAP7_75t_R)
  27.94 7815.39 ^ _226637_/Y (AOI221x1_ASAP7_75t_R)
  28.07 7843.45 ^ place22754/Y (BUFx3_ASAP7_75t_R)
  24.02 7867.48 ^ _226639_/Y (OA21x2_ASAP7_75t_R)
  20.84 7888.32 ^ _226653_/Y (OA21x2_ASAP7_75t_R)
  20.50 7908.82 ^ _226654_/Y (MAJx2_ASAP7_75t_R)
  18.99 7927.81 ^ _226655_/Y (MAJx2_ASAP7_75t_R)
  26.89 7954.70 v _226656_/Y (XNOR2x2_ASAP7_75t_R)
  22.19 7976.89 v _226657_/Y (AO21x1_ASAP7_75t_R)
  24.53 8001.41 ^ _226660_/Y (NAND3x1_ASAP7_75t_R)
  32.37 8033.79 ^ _226751_/Y (AO221x1_ASAP7_75t_R)
  13.43 8047.22 v _226798_/Y (AOI21x1_ASAP7_75t_R)
  38.64 8085.87 v _227061_/Y (OR4x2_ASAP7_75t_R)
  20.06 8105.93 v place22557/Y (BUFx6f_ASAP7_75t_R)
  26.15 8132.08 v place22554/Y (BUFx6f_ASAP7_75t_R)
  15.23 8147.30 v _227302_/Y (AND3x1_ASAP7_75t_R)
  22.08 8169.38 v _227309_/Y (OA22x2_ASAP7_75t_R)
  15.20 8184.58 v _227329_/Y (AND4x1_ASAP7_75t_R)
  32.89 8217.48 v _227484_/Y (OA211x2_ASAP7_75t_R)
  24.19 8241.66 v _227512_/Y (AND5x2_ASAP7_75t_R)
  28.22 8269.88 v _227530_/Y (OR3x1_ASAP7_75t_R)
  32.68 8302.56 v _227532_/Y (OR3x1_ASAP7_75t_R)
  26.40 8328.96 v place22396/Y (BUFx3_ASAP7_75t_R)
  20.79 8349.76 v place22395/Y (BUFx3_ASAP7_75t_R)
  21.30 8371.06 v _227733_/Y (AND2x2_ASAP7_75t_R)
  19.67 8390.73 v _227734_/Y (XNOR2x2_ASAP7_75t_R)
  24.47 8415.20 v _227763_/Y (AO221x1_ASAP7_75t_R)
  26.71 8441.92 v _227783_/Y (AO32x1_ASAP7_75t_R)
  19.06 8460.98 ^ _227860_/Y (OAI21x1_ASAP7_75t_R)
  19.06 8480.03 ^ place22249/Y (BUFx6f_ASAP7_75t_R)
   7.84 8487.87 v _227861_/Y (NAND2x1_ASAP7_75t_R)
  23.29 8511.16 v _227862_/Y (AND2x2_ASAP7_75t_R)
  20.46 8531.62 v place22223/Y (BUFx3_ASAP7_75t_R)
  37.01 8568.63 v _228259_/Y (OR5x1_ASAP7_75t_R)
  24.78 8593.42 v _228294_/Y (AND5x1_ASAP7_75t_R)
  23.63 8617.05 v _228295_/Y (AO221x1_ASAP7_75t_R)
  28.78 8645.83 v _228296_/Y (AO221x1_ASAP7_75t_R)
  23.44 8669.28 ^ _228325_/Y (NAND2x1_ASAP7_75t_R)
  36.12 8705.40 ^ _228377_/Y (AO221x2_ASAP7_75t_R)
  23.48 8728.87 v _228378_/Y (NAND2x1_ASAP7_75t_R)
  21.80 8750.67 v place22046/Y (BUFx6f_ASAP7_75t_R)
  15.34 8766.02 v place22045/Y (BUFx3_ASAP7_75t_R)
  24.33 8790.34 v _228623_/Y (AO21x1_ASAP7_75t_R)
  20.06 8810.41 v _228624_/Y (AND2x4_ASAP7_75t_R)
  22.30 8832.71 ^ _228937_/Y (XNOR2x2_ASAP7_75t_R)
  25.26 8857.97 ^ _228939_/Y (AND4x1_ASAP7_75t_R)
   9.81 8867.78 v _228940_/Y (NAND2x1_ASAP7_75t_R)
  38.59 8906.36 v _228953_/Y (OR4x1_ASAP7_75t_R)
  23.52 8929.89 v _229055_/Y (OA21x2_ASAP7_75t_R)
  19.63 8949.52 v _229056_/Y (OA21x2_ASAP7_75t_R)
  21.98 8971.50 v place21843/Y (BUFx3_ASAP7_75t_R)
  21.32 8992.82 v place21842/Y (BUFx3_ASAP7_75t_R)
  27.69 9020.50 v _229327_/Y (OR4x1_ASAP7_75t_R)
   8.34 9028.85 ^ _229328_/Y (OAI21x1_ASAP7_75t_R)
  10.79 9039.64 v _229333_/Y (AOI22x1_ASAP7_75t_R)
  30.11 9069.75 ^ _229353_/Y (AOI221x1_ASAP7_75t_R)
  39.81 9109.56 ^ _229638_/Y (AND5x1_ASAP7_75t_R)
  23.05 9132.61 ^ _229640_/Y (AO221x1_ASAP7_75t_R)
  18.12 9150.72 ^ place21684/Y (BUFx6f_ASAP7_75t_R)
  26.72 9177.44 ^ _229740_/Y (OA31x2_ASAP7_75t_R)
  23.79 9201.23 ^ _229741_/Y (XNOR2x2_ASAP7_75t_R)
  24.88 9226.11 v _229742_/Y (XNOR2x2_ASAP7_75t_R)
  28.23 9254.34 v _229743_/Y (AO221x1_ASAP7_75t_R)
  25.69 9280.03 ^ _229749_/Y (AOI211x1_ASAP7_75t_R)
  17.42 9297.45 v _229763_/Y (NOR2x2_ASAP7_75t_R)
  23.50 9320.94 ^ _230125_/Y (AOI211x1_ASAP7_75t_R)
  35.15 9356.10 ^ _230181_/Y (OA21x2_ASAP7_75t_R)
  29.06 9385.16 ^ _230419_/Y (OA21x2_ASAP7_75t_R)
  26.80 9411.96 v _230420_/Y (XNOR2x2_ASAP7_75t_R)
  20.59 9432.55 ^ _230421_/Y (XNOR2x2_ASAP7_75t_R)
  33.20 9465.75 ^ _230422_/Y (AND5x1_ASAP7_75t_R)
  36.61 9502.36 ^ _230446_/Y (AND5x1_ASAP7_75t_R)
  19.22 9521.58 ^ _230513_/Y (AO31x2_ASAP7_75t_R)
  18.91 9540.49 v _230514_/Y (AOI221x1_ASAP7_75t_R)
  13.14 9553.62 ^ _230515_/Y (OAI21x1_ASAP7_75t_R)
  18.11 9571.73 ^ place21065/Y (BUFx6f_ASAP7_75t_R)
  20.70 9592.43 ^ place21062/Y (BUFx6f_ASAP7_75t_R)
  24.09 9616.52 ^ _230817_/Y (AND2x2_ASAP7_75t_R)
  22.87 9639.39 ^ _230818_/Y (XNOR2x2_ASAP7_75t_R)
  26.37 9665.76 v _230819_/Y (XNOR2x2_ASAP7_75t_R)
  18.67 9684.43 v _230872_/Y (OR2x2_ASAP7_75t_R)
  24.96 9709.39 v _230897_/Y (OA33x2_ASAP7_75t_R)
  14.09 9723.48 v _230898_/Y (OA21x2_ASAP7_75t_R)
  31.91 9755.39 v _230906_/Y (OA211x2_ASAP7_75t_R)
  14.92 9770.30 ^ _230918_/Y (OAI21x1_ASAP7_75t_R)
  28.29 9798.60 ^ _230936_/Y (AO21x2_ASAP7_75t_R)
  27.78 9826.38 ^ place20920/Y (BUFx3_ASAP7_75t_R)
  26.68 9853.06 ^ _230992_/Y (AND3x2_ASAP7_75t_R)
  27.70 9880.76 v _231175_/Y (XNOR2x2_ASAP7_75t_R)
  21.05 9901.81 ^ _231176_/Y (XNOR2x2_ASAP7_75t_R)
  30.20 9932.01 ^ _231180_/Y (AND4x1_ASAP7_75t_R)
   9.20 9941.21 v _231314_/Y (NAND3x1_ASAP7_75t_R)
  38.39 9979.59 v _231315_/Y (OR5x1_ASAP7_75t_R)
  26.97 10006.56 v _231371_/Y (AND5x2_ASAP7_75t_R)
  24.26 10030.82 ^ _231376_/Y (NAND2x1p5_ASAP7_75t_R)
  22.71 10053.53 ^ place20787/Y (BUFx6f_ASAP7_75t_R)
  17.49 10071.02 ^ _231559_/Y (AND2x2_ASAP7_75t_R)
  31.16 10102.19 v _231560_/Y (XNOR2x2_ASAP7_75t_R)
  13.09 10115.27 ^ _231561_/Y (NAND2x1_ASAP7_75t_R)
  31.86 10147.13 ^ _231575_/Y (AND5x2_ASAP7_75t_R)
  26.94 10174.07 ^ _231624_/Y (AND5x1_ASAP7_75t_R)
  25.61 10199.68 ^ _231625_/Y (OA211x2_ASAP7_75t_R)
  17.32 10217.00 ^ _231626_/Y (AND2x4_ASAP7_75t_R)
  26.23 10243.23 ^ _231767_/Y (AO211x2_ASAP7_75t_R)
  21.11 10264.34 ^ place20675/Y (BUFx6f_ASAP7_75t_R)
  21.03 10285.37 ^ _231908_/Y (AND2x2_ASAP7_75t_R)
  19.64 10305.02 v _231909_/Y (XOR2x2_ASAP7_75t_R)
  24.34 10329.36 v _231919_/Y (AO221x1_ASAP7_75t_R)
  28.15 10357.51 v _231938_/Y (OR5x1_ASAP7_75t_R)
  22.79 10380.30 v _231957_/Y (AO32x1_ASAP7_75t_R)
  24.61 10404.91 v _232004_/Y (OA221x2_ASAP7_75t_R)
  36.17 10441.08 v _232005_/Y (OR4x1_ASAP7_75t_R)
  30.54 10471.62 ^ _232006_/Y (NAND3x2_ASAP7_75t_R)
  32.90 10504.52 ^ _232185_/Y (AO22x1_ASAP7_75t_R)
  16.77 10521.29 ^ _232187_/Y (AO21x1_ASAP7_75t_R)
  24.18 10545.47 v _232190_/Y (AOI21x1_ASAP7_75t_R)
  31.91 10577.37 v _232248_/Y (OR3x1_ASAP7_75t_R)
  23.89 10601.26 v _232279_/Y (AO21x1_ASAP7_75t_R)
  29.13 10630.39 v _232503_/Y (AO22x2_ASAP7_75t_R)
  26.85 10657.23 ^ _232540_/Y (XNOR2x2_ASAP7_75t_R)
  22.11 10679.35 ^ _232542_/Y (AND3x2_ASAP7_75t_R)
  19.75 10699.10 ^ _232543_/Y (OR3x2_ASAP7_75t_R)
  17.79 10716.89 ^ place20232/Y (BUFx3_ASAP7_75t_R)
  17.03 10733.92 ^ _232615_/Y (AO31x2_ASAP7_75t_R)
  32.25 10766.17 ^ _232625_/Y (OA222x2_ASAP7_75t_R)
  21.07 10787.24 ^ _232638_/Y (MAJx2_ASAP7_75t_R)
  23.73 10810.97 ^ _232640_/Y (AO221x2_ASAP7_75t_R)
  14.66 10825.62 ^ place19938/Y (BUFx3_ASAP7_75t_R)
  22.91 10848.53 ^ _232669_/Y (AO31x2_ASAP7_75t_R)
  21.11 10869.64 v _232670_/Y (OAI21x1_ASAP7_75t_R)
  28.40 10898.05 v place19853/Y (BUFx3_ASAP7_75t_R)
  28.27 10926.32 v _233618_/Y (AO21x1_ASAP7_75t_R)
  31.54 10957.86 v _233619_/Y (OA211x2_ASAP7_75t_R)
  33.94 10991.80 v _233626_/Y (OR4x1_ASAP7_75t_R)
  27.61 11019.40 v _233632_/Y (OA211x2_ASAP7_75t_R)
  21.90 11041.31 v _233633_/Y (OA22x2_ASAP7_75t_R)
  22.25 11063.55 v _233721_/Y (AND5x2_ASAP7_75t_R)
  21.18 11084.73 v _233967_/Y (AND3x4_ASAP7_75t_R)
  22.92 11107.65 v _235036_/Y (AND5x2_ASAP7_75t_R)
  19.43 11127.08 v _235186_/Y (AND4x1_ASAP7_75t_R)
  16.80 11143.88 v _235297_/Y (AND3x2_ASAP7_75t_R)
  44.36 11188.25 v _235300_/Y (OR5x2_ASAP7_75t_R)
  24.88 11213.12 v place19574/Y (BUFx3_ASAP7_75t_R)
   7.50 11220.62 ^ _276097_/Y (INVx1_ASAP7_75t_R)
  29.56 11250.19 ^ _276098_/Y (AO32x2_ASAP7_75t_R)
  21.64 11271.83 v _279914_/Y (AOI21x1_ASAP7_75t_R)
  63.81 11335.64 ^ _280017_/Y (OAI21x1_ASAP7_75t_R)
  50.67 11386.31 v _326596_/Y (AOI22x1_ASAP7_75t_R)
  23.53 11409.84 v place19240/Y (BUFx6f_ASAP7_75t_R)
  20.37 11430.21 v place19238/Y (BUFx6f_ASAP7_75t_R)
  45.05 11475.26 v _334388_/Y (OA21x2_ASAP7_75t_R)
   8.07 11483.33 ^ _334389_/Y (NOR2x1_ASAP7_75t_R)
   0.12 11483.45 ^ _395836_/D (DFFHQNx1_ASAP7_75t_R)
        11483.45   data arrival time

12000.00 12000.00   clock core_clk (rise edge)
   0.00 12000.00   clock source latency
   0.00 12000.00 ^ clk (in)
  45.24 12045.24 ^ wire32813/Y (BUFx12f_ASAP7_75t_R)
  51.74 12096.99 ^ clkbuf_0_clk/Y (BUFx24_ASAP7_75t_R)
  27.57 12124.55 ^ clkbuf_1_1_0_clk/Y (BUFx24_ASAP7_75t_R)
  22.94 12147.50 ^ clkbuf_2_3_0_clk/Y (BUFx24_ASAP7_75t_R)
  30.79 12178.29 ^ clkbuf_3_7_0_clk/Y (BUFx24_ASAP7_75t_R)
  26.19 12204.48 ^ clkbuf_4_14_0_clk/Y (BUFx24_ASAP7_75t_R)
  26.10 12230.58 ^ clkbuf_6_58_0_clk/Y (BUFx24_ASAP7_75t_R)
  21.09 12251.67 ^ clkbuf_7_116__f_clk/Y (BUFx24_ASAP7_75t_R)
  23.01 12274.67 ^ clkbuf_leaf_591_clk/Y (BUFx24_ASAP7_75t_R)
   1.96 12276.63 ^ _395836_/CLK (DFFHQNx1_ASAP7_75t_R)
 -50.00 12226.63   clock uncertainty
   4.46 12231.09   clock reconvergence pessimism
 -10.99 12220.11   library setup time
        12220.11   data required time
---------------------------------------------------------
        12220.11   data required time
        -11483.45   data arrival time
---------------------------------------------------------
         736.65   slack (MET)


Startpoint: _386358_ (rising edge-triggered flip-flop clocked by core_clk)
Endpoint: _395836_ (rising edge-triggered flip-flop clocked by core_clk)
Path Group: reg2reg
Path Type: max

  Delay    Time   Description
---------------------------------------------------------
   0.00    0.00   clock core_clk (rise edge)
   0.00    0.00   clock source latency
   0.00    0.00 ^ clk (in)
  46.36   46.36 ^ wire32813/Y (BUFx12f_ASAP7_75t_R)
  53.38   99.75 ^ clkbuf_0_clk/Y (BUFx24_ASAP7_75t_R)
  28.51  128.26 ^ clkbuf_1_1_0_clk/Y (BUFx24_ASAP7_75t_R)
  23.70  151.96 ^ clkbuf_2_3_0_clk/Y (BUFx24_ASAP7_75t_R)
  32.83  184.79 ^ clkbuf_3_6_0_clk/Y (BUFx24_ASAP7_75t_R)
  26.85  211.64 ^ clkbuf_4_12_0_clk/Y (BUFx24_ASAP7_75t_R)
  27.58  239.22 ^ clkbuf_6_48_0_clk/Y (BUFx24_ASAP7_75t_R)
  22.29  261.50 ^ clkbuf_7_96__f_clk/Y (BUFx24_ASAP7_75t_R)
  24.98  286.48 ^ clkbuf_leaf_385_clk/Y (BUFx24_ASAP7_75t_R)
   2.87  289.35 ^ _386358_/CLK (DFFHQNx1_ASAP7_75t_R)
  78.73  368.08 v _386358_/QN (DFFHQNx1_ASAP7_75t_R)
  72.17  440.25 v _210677_/Y (OR4x2_ASAP7_75t_R)
  57.30  497.55 v place32433/Y (BUFx3_ASAP7_75t_R)
  66.16  563.70 v _210741_/Y (AND4x1_ASAP7_75t_R)
  34.66  598.36 v _210744_/Y (OA21x2_ASAP7_75t_R)
  54.90  653.26 v _210745_/Y (AND2x2_ASAP7_75t_R)
 123.11  776.37 v place31673/Y (BUFx3_ASAP7_75t_R)
  84.48  860.85 v _211121_/Y (OR3x2_ASAP7_75t_R)
  63.46  924.30 v _211124_/Y (OR2x2_ASAP7_75t_R)
 184.30 1108.60 v place30877/Y (BUFx3_ASAP7_75t_R)
  36.89 1145.49 v _214083_/Y (OA22x2_ASAP7_75t_R)
  14.64 1160.12 v _214088_/Y (AND4x1_ASAP7_75t_R)
  41.58 1201.70 ^ _214089_/Y (NAND3x1_ASAP7_75t_R)
  38.34 1240.04 v _214126_/Y (AOI221x1_ASAP7_75t_R)
  42.21 1282.25 v _214127_/Y (AND5x1_ASAP7_75t_R)
  29.72 1311.97 v _214553_/Y (AND4x1_ASAP7_75t_R)
  18.77 1330.74 v place29280/Y (BUFx3_ASAP7_75t_R)
  24.65 1355.40 ^ _214554_/Y (NAND3x1_ASAP7_75t_R)
  27.93 1383.33 ^ _217167_/Y (AND4x1_ASAP7_75t_R)
  27.87 1411.20 ^ _217174_/Y (AO221x1_ASAP7_75t_R)
  21.95 1433.15 ^ _217198_/Y (AO31x2_ASAP7_75t_R)
  20.25 1453.40 ^ place27934/Y (BUFx3_ASAP7_75t_R)
  10.70 1464.09 v _217278_/Y (OAI21x1_ASAP7_75t_R)
  25.57 1489.67 v _217284_/Y (OA211x2_ASAP7_75t_R)
  40.05 1529.72 v _217285_/Y (OR5x1_ASAP7_75t_R)
  33.32 1563.03 v _217286_/Y (MAJx2_ASAP7_75t_R)
  22.44 1585.48 v _217372_/Y (OA21x2_ASAP7_75t_R)
  24.83 1610.31 v _217375_/Y (OA222x2_ASAP7_75t_R)
  19.50 1629.81 v _217380_/Y (AND5x2_ASAP7_75t_R)
  30.66 1660.47 v _217382_/Y (OR3x2_ASAP7_75t_R)
  16.39 1676.87 ^ _217409_/Y (AOI21x1_ASAP7_75t_R)
  18.55 1695.42 ^ place26693/Y (BUFx3_ASAP7_75t_R)
   8.11 1703.53 v _217416_/Y (AOI211x1_ASAP7_75t_R)
  25.15 1728.67 ^ _217417_/Y (AOI221x1_ASAP7_75t_R)
  16.16 1744.84 v _217423_/Y (INVx1_ASAP7_75t_R)
  19.75 1764.59 v _217485_/Y (AO21x1_ASAP7_75t_R)
  32.05 1796.64 v _217488_/Y (AO21x1_ASAP7_75t_R)
  32.36 1829.00 v _217532_/Y (OA211x2_ASAP7_75t_R)
  21.82 1850.82 v _217533_/Y (XOR2x2_ASAP7_75t_R)
  21.19 1872.02 v _217545_/Y (MAJx2_ASAP7_75t_R)
  24.09 1896.11 v _217561_/Y (AO32x1_ASAP7_75t_R)
  24.73 1920.85 v _217562_/Y (MAJx2_ASAP7_75t_R)
  24.59 1945.43 v _217577_/Y (OA21x2_ASAP7_75t_R)
  16.90 1962.33 v place26187/Y (BUFx3_ASAP7_75t_R)
   8.47 1970.80 ^ _217612_/Y (NOR2x1_ASAP7_75t_R)
  27.24 1998.03 ^ _217613_/Y (XNOR2x2_ASAP7_75t_R)
  12.03 2010.07 v _217620_/Y (NOR2x1_ASAP7_75t_R)
  18.03 2028.09 ^ _217622_/Y (AOI22x1_ASAP7_75t_R)
  14.20 2042.29 v _217623_/Y (AOI21x1_ASAP7_75t_R)
  26.81 2069.11 v _217624_/Y (MAJx2_ASAP7_75t_R)
  28.30 2097.41 v _217669_/Y (AO32x1_ASAP7_75t_R)
  24.62 2122.03 v _217723_/Y (OR3x1_ASAP7_75t_R)
  26.03 2148.07 v _217732_/Y (AO221x1_ASAP7_75t_R)
  13.78 2161.85 ^ _217733_/Y (NAND3x1_ASAP7_75t_R)
  26.69 2188.54 ^ _217734_/Y (MAJx2_ASAP7_75t_R)
  21.78 2210.32 ^ _217735_/Y (MAJx2_ASAP7_75t_R)
  23.07 2233.39 ^ _217740_/Y (MAJx2_ASAP7_75t_R)
  25.63 2259.02 ^ _217741_/Y (AO221x1_ASAP7_75t_R)
  27.32 2286.34 ^ _217755_/Y (AO31x2_ASAP7_75t_R)
  23.88 2310.22 ^ _217807_/Y (AND3x1_ASAP7_75t_R)
  27.67 2337.89 v _217808_/Y (XNOR2x2_ASAP7_75t_R)
  18.85 2356.74 v _217809_/Y (OR2x2_ASAP7_75t_R)
  17.53 2374.28 v _217817_/Y (AO211x2_ASAP7_75t_R)
  30.10 2404.38 v _217818_/Y (AO32x2_ASAP7_75t_R)
  22.30 2426.68 v _217848_/Y (AO31x2_ASAP7_75t_R)
  28.77 2455.44 ^ _217853_/Y (AOI22x1_ASAP7_75t_R)
  21.88 2477.33 ^ _217888_/Y (AND2x2_ASAP7_75t_R)
  26.93 2504.26 v _217889_/Y (XNOR2x2_ASAP7_75t_R)
  21.61 2525.87 v _217890_/Y (OR2x2_ASAP7_75t_R)
  21.01 2546.88 v _217897_/Y (AO21x1_ASAP7_75t_R)
  16.97 2563.85 v _217898_/Y (AND2x2_ASAP7_75t_R)
  21.77 2585.62 v _217959_/Y (OA211x2_ASAP7_75t_R)
  19.67 2605.30 v _217960_/Y (OA21x2_ASAP7_75t_R)
  25.79 2631.08 v _218017_/Y (OA211x2_ASAP7_75t_R)
  21.46 2652.55 v _218018_/Y (XOR2x2_ASAP7_75t_R)
  27.77 2680.32 v _218038_/Y (OR4x1_ASAP7_75t_R)
  25.54 2705.86 v _218040_/Y (AO221x1_ASAP7_75t_R)
  33.42 2739.28 v _218043_/Y (AO33x2_ASAP7_75t_R)
  21.51 2760.79 v _218044_/Y (MAJx2_ASAP7_75t_R)
  27.13 2787.92 v _218049_/Y (MAJx3_ASAP7_75t_R)
  26.90 2814.82 v _218087_/Y (OA21x2_ASAP7_75t_R)
  16.18 2831.00 v _218091_/Y (AND2x4_ASAP7_75t_R)
  16.33 2847.33 v _218092_/Y (OA21x2_ASAP7_75t_R)
  25.31 2872.64 v _218093_/Y (OA222x2_ASAP7_75t_R)
  23.48 2896.12 v _218106_/Y (MAJx2_ASAP7_75t_R)
  29.73 2925.85 v _218130_/Y (AO32x2_ASAP7_75t_R)
  22.65 2948.50 v _218150_/Y (OA21x2_ASAP7_75t_R)
  28.49 2976.99 v _218190_/Y (OA211x2_ASAP7_75t_R)
  24.86 3001.85 v _218211_/Y (OA31x2_ASAP7_75t_R)
  27.47 3029.33 v _218260_/Y (AO32x1_ASAP7_75t_R)
  29.59 3058.92 v _218261_/Y (OR3x1_ASAP7_75t_R)
  24.00 3082.93 v _218270_/Y (OA22x2_ASAP7_75t_R)
  27.43 3110.35 v _218271_/Y (AO22x2_ASAP7_75t_R)
  30.15 3140.50 v _218276_/Y (AO22x2_ASAP7_75t_R)
  25.72 3166.22 v _218298_/Y (AO21x2_ASAP7_75t_R)
  16.65 3182.86 v place25618/Y (BUFx3_ASAP7_75t_R)
  15.38 3198.24 v _218449_/Y (AO21x1_ASAP7_75t_R)
   9.59 3207.83 ^ _218451_/Y (NAND2x1_ASAP7_75t_R)
  26.58 3234.41 ^ _218457_/Y (AO221x1_ASAP7_75t_R)
  24.62 3259.03 ^ _218458_/Y (AO32x1_ASAP7_75t_R)
  23.32 3282.35 ^ _218461_/Y (OA31x2_ASAP7_75t_R)
  28.12 3310.47 ^ _218493_/Y (OA21x2_ASAP7_75t_R)
  20.67 3331.14 v _218574_/Y (AOI21x1_ASAP7_75t_R)
  22.37 3353.51 v _218632_/Y (OA21x2_ASAP7_75t_R)
  26.08 3379.59 v _218633_/Y (OR4x1_ASAP7_75t_R)
  31.56 3411.15 v _218634_/Y (OA211x2_ASAP7_75t_R)
  27.87 3439.02 v _218635_/Y (MAJx2_ASAP7_75t_R)
  36.50 3475.52 v _218642_/Y (OR5x1_ASAP7_75t_R)
  11.72 3487.23 ^ _218643_/Y (OAI21x1_ASAP7_75t_R)
  15.75 3502.99 v _218664_/Y (OAI21x1_ASAP7_75t_R)
  20.23 3523.21 ^ _218760_/Y (AOI211x1_ASAP7_75t_R)
  27.31 3550.52 ^ _218763_/Y (OR2x2_ASAP7_75t_R)
  17.02 3567.55 ^ place25429/Y (BUFx6f_ASAP7_75t_R)
  13.87 3581.42 ^ place25427/Y (BUFx3_ASAP7_75t_R)
  18.86 3600.27 ^ _218821_/Y (OA21x2_ASAP7_75t_R)
  27.59 3627.86 v _218822_/Y (XNOR2x2_ASAP7_75t_R)
  16.50 3644.36 v _218823_/Y (AND2x2_ASAP7_75t_R)
  22.67 3667.03 v _218824_/Y (MAJx2_ASAP7_75t_R)
  23.76 3690.79 v _218825_/Y (MAJx2_ASAP7_75t_R)
  19.55 3710.34 ^ _218826_/Y (AOI221x1_ASAP7_75t_R)
  15.68 3726.03 v _218981_/Y (OAI21x1_ASAP7_75t_R)
  19.58 3745.61 v place25318/Y (BUFx6f_ASAP7_75t_R)
  26.00 3771.61 ^ _218987_/Y (NOR2x1_ASAP7_75t_R)
  26.36 3797.97 ^ _218995_/Y (OA22x2_ASAP7_75t_R)
  16.88 3814.85 ^ _219001_/Y (AO31x2_ASAP7_75t_R)
  35.48 3850.33 ^ _219008_/Y (AO221x1_ASAP7_75t_R)
  31.33 3881.67 ^ _219217_/Y (AO211x2_ASAP7_75t_R)
  28.93 3910.60 ^ _219222_/Y (AND5x2_ASAP7_75t_R)
  38.18 3948.78 ^ _219231_/Y (OA31x2_ASAP7_75t_R)
  23.43 3972.21 ^ place25226/Y (BUFx6f_ASAP7_75t_R)
  16.81 3989.02 ^ _219398_/Y (AND2x4_ASAP7_75t_R)
  25.68 4014.70 v _219399_/Y (XNOR2x2_ASAP7_75t_R)
  22.75 4037.45 v _219451_/Y (AO32x1_ASAP7_75t_R)
  18.59 4056.04 v _219459_/Y (OA21x2_ASAP7_75t_R)
  33.16 4089.20 v _219485_/Y (OA221x2_ASAP7_75t_R)
  18.78 4107.99 v place25136/Y (BUFx6f_ASAP7_75t_R)
  14.01 4121.99 ^ _219494_/Y (AOI21x1_ASAP7_75t_R)
  25.52 4147.51 ^ _219611_/Y (AND4x1_ASAP7_75t_R)
  22.18 4169.69 v _219612_/Y (AOI221x1_ASAP7_75t_R)
  18.86 4188.55 ^ _219633_/Y (AOI22x1_ASAP7_75t_R)
  28.58 4217.13 ^ _219634_/Y (OA31x2_ASAP7_75t_R)
  24.23 4241.36 ^ _219653_/Y (AO221x1_ASAP7_75t_R)
  28.26 4269.62 ^ _219666_/Y (AO31x2_ASAP7_75t_R)
  29.11 4298.74 ^ _219763_/Y (AO21x1_ASAP7_75t_R)
  17.66 4316.40 ^ place25012/Y (BUFx6f_ASAP7_75t_R)
  23.60 4339.99 ^ _220048_/Y (AO31x2_ASAP7_75t_R)
  20.05 4360.04 ^ _220050_/Y (AND2x2_ASAP7_75t_R)
  29.07 4389.11 v _220051_/Y (XNOR2x2_ASAP7_75t_R)
  18.96 4408.07 v _220065_/Y (OA31x2_ASAP7_75t_R)
  35.45 4443.52 v _220113_/Y (OR5x1_ASAP7_75t_R)
  22.72 4466.24 v _220143_/Y (AO211x2_ASAP7_75t_R)
  19.49 4485.73 v _220166_/Y (AO31x2_ASAP7_75t_R)
  30.48 4516.21 ^ _220179_/Y (AOI21x1_ASAP7_75t_R)
  24.05 4540.26 ^ place24895/Y (BUFx6f_ASAP7_75t_R)
  16.95 4557.22 ^ _220392_/Y (OA21x2_ASAP7_75t_R)
  27.86 4585.08 ^ _220393_/Y (AO22x1_ASAP7_75t_R)
  21.01 4606.09 ^ _220394_/Y (OR2x2_ASAP7_75t_R)
  17.94 4624.03 ^ _220395_/Y (AO211x2_ASAP7_75t_R)
  11.10 4635.14 v _220397_/Y (AOI22x1_ASAP7_75t_R)
  40.25 4675.38 v _220465_/Y (OR3x2_ASAP7_75t_R)
  29.50 4704.89 v _220567_/Y (AO21x1_ASAP7_75t_R)
  29.10 4733.99 v _220642_/Y (OA211x2_ASAP7_75t_R)
  23.82 4757.81 v _220643_/Y (XOR2x2_ASAP7_75t_R)
  22.52 4780.32 v _220786_/Y (AO22x2_ASAP7_75t_R)
  29.95 4810.27 v _220802_/Y (OR4x1_ASAP7_75t_R)
  34.92 4845.19 v _220811_/Y (AO32x1_ASAP7_75t_R)
  23.17 4868.36 v place24708/Y (BUFx3_ASAP7_75t_R)
  27.19 4895.55 v _220958_/Y (AO221x1_ASAP7_75t_R)
  29.28 4924.83 v _220959_/Y (OA211x2_ASAP7_75t_R)
  25.77 4950.60 v _221039_/Y (OA211x2_ASAP7_75t_R)
  23.26 4973.86 v _221040_/Y (XNOR2x2_ASAP7_75t_R)
  28.48 5002.33 v _221138_/Y (OA221x2_ASAP7_75t_R)
  27.81 5030.14 v _221139_/Y (OA211x2_ASAP7_75t_R)
  18.14 5048.28 v _221142_/Y (OA21x2_ASAP7_75t_R)
  19.05 5067.33 v _221143_/Y (OA21x2_ASAP7_75t_R)
  20.53 5087.86 v _221176_/Y (OA21x2_ASAP7_75t_R)
  26.41 5114.27 v _221217_/Y (AO21x2_ASAP7_75t_R)
  23.48 5137.75 v _221338_/Y (AND2x2_ASAP7_75t_R)
  24.63 5162.38 v _221339_/Y (XOR2x2_ASAP7_75t_R)
  25.50 5187.88 v _221375_/Y (OA211x2_ASAP7_75t_R)
  23.13 5211.01 ^ _221376_/Y (AOI211x1_ASAP7_75t_R)
  34.01 5245.02 ^ _221592_/Y (AO211x2_ASAP7_75t_R)
  22.74 5267.77 ^ _221600_/Y (AO31x2_ASAP7_75t_R)
  33.20 5300.97 ^ _221602_/Y (AND5x2_ASAP7_75t_R)
  18.34 5319.30 ^ place24445/Y (BUFx3_ASAP7_75t_R)
  18.45 5337.75 ^ _221804_/Y (OA31x2_ASAP7_75t_R)
  30.50 5368.25 v _221805_/Y (XNOR2x2_ASAP7_75t_R)
  21.55 5389.80 v _221841_/Y (OR2x2_ASAP7_75t_R)
  21.05 5410.85 v _221842_/Y (MAJx2_ASAP7_75t_R)
  22.37 5433.22 v _221846_/Y (MAJx2_ASAP7_75t_R)
  21.24 5454.46 v _221882_/Y (AND5x1_ASAP7_75t_R)
  22.01 5476.48 ^ _221926_/Y (OAI21x1_ASAP7_75t_R)
  22.89 5499.37 ^ place24326/Y (BUFx3_ASAP7_75t_R)
  20.13 5519.50 v _222073_/Y (AOI211x1_ASAP7_75t_R)
  23.73 5543.23 v _222155_/Y (OA21x2_ASAP7_75t_R)
  26.49 5569.73 ^ _222156_/Y (XOR2x2_ASAP7_75t_R)
  20.86 5590.59 ^ place24271/Y (BUFx3_ASAP7_75t_R)
  14.54 5605.13 v _222157_/Y (INVx1_ASAP7_75t_R)
  24.51 5629.64 v _222163_/Y (MAJx2_ASAP7_75t_R)
  14.56 5644.20 ^ _222164_/Y (AOI21x1_ASAP7_75t_R)
  22.53 5666.73 v _222322_/Y (NOR2x1_ASAP7_75t_R)
  29.06 5695.79 v _222326_/Y (AO22x2_ASAP7_75t_R)
  38.00 5733.79 v _222333_/Y (AO221x2_ASAP7_75t_R)
  22.34 5756.13 v place24142/Y (BUFx6f_ASAP7_75t_R)
  18.29 5774.42 v _222673_/Y (AO21x1_ASAP7_75t_R)
  20.52 5794.94 v _222675_/Y (AO22x2_ASAP7_75t_R)
  18.78 5813.72 v place24098/Y (BUFx3_ASAP7_75t_R)
  23.76 5837.47 v _222776_/Y (MAJx2_ASAP7_75t_R)
  15.23 5852.70 v _222872_/Y (OA21x2_ASAP7_75t_R)
  27.16 5879.86 v _222915_/Y (OR4x1_ASAP7_75t_R)
  32.98 5912.84 v _222917_/Y (OA211x2_ASAP7_75t_R)
  32.44 5945.28 v _222939_/Y (AO221x1_ASAP7_75t_R)
  28.98 5974.26 v _222940_/Y (AO211x2_ASAP7_75t_R)
  22.37 5996.64 v place23985/Y (BUFx6f_ASAP7_75t_R)
  15.90 6012.54 ^ _223249_/Y (NAND3x1_ASAP7_75t_R)
  20.47 6033.01 ^ _223250_/Y (AND3x1_ASAP7_75t_R)
  20.05 6053.07 ^ _223252_/Y (OA211x2_ASAP7_75t_R)
  20.56 6073.63 ^ _223253_/Y (AND3x1_ASAP7_75t_R)
  31.59 6105.22 ^ _223254_/Y (AND5x1_ASAP7_75t_R)
  30.44 6135.66 ^ _223255_/Y (AND5x1_ASAP7_75t_R)
  16.83 6152.49 ^ _223256_/Y (OR4x2_ASAP7_75t_R)
  20.81 6173.30 ^ place23853/Y (BUFx3_ASAP7_75t_R)
  19.61 6192.91 v _223257_/Y (NOR2x2_ASAP7_75t_R)
  16.90 6209.81 v place23846/Y (BUFx6f_ASAP7_75t_R)
  27.25 6237.06 v _223374_/Y (OR4x1_ASAP7_75t_R)
  19.72 6256.78 v _223375_/Y (AND4x1_ASAP7_75t_R)
  23.41 6280.19 ^ _223376_/Y (XNOR2x2_ASAP7_75t_R)
  17.46 6297.65 ^ _223377_/Y (AND2x2_ASAP7_75t_R)
  35.53 6333.18 ^ _223439_/Y (AND5x1_ASAP7_75t_R)
  16.52 6349.70 ^ place23753/Y (BUFx6f_ASAP7_75t_R)
  13.24 6362.94 v _223668_/Y (NAND3x1_ASAP7_75t_R)
  25.71 6388.65 v place23730/Y (BUFx3_ASAP7_75t_R)
  32.27 6420.92 v _223817_/Y (AO32x1_ASAP7_75t_R)
  22.94 6443.86 v _223977_/Y (XOR2x2_ASAP7_75t_R)
  22.04 6465.90 v _223993_/Y (MAJx2_ASAP7_75t_R)
  39.30 6505.20 v _223994_/Y (OR4x2_ASAP7_75t_R)
  13.94 6519.14 ^ _223995_/Y (AOI21x1_ASAP7_75t_R)
  23.10 6542.24 ^ _224023_/Y (OA31x2_ASAP7_75t_R)
  18.18 6560.42 ^ _224027_/Y (AO21x2_ASAP7_75t_R)
  24.24 6584.66 ^ _224028_/Y (AO211x2_ASAP7_75t_R)
  16.81 6601.47 ^ place23565/Y (BUFx6f_ASAP7_75t_R)
   9.06 6610.53 v _224375_/Y (NAND2x1_ASAP7_75t_R)
  33.83 6644.37 v _224386_/Y (OR5x1_ASAP7_75t_R)
  17.14 6661.51 v _224387_/Y (AND4x1_ASAP7_75t_R)
  44.16 6705.67 v _224397_/Y (OR5x1_ASAP7_75t_R)
  22.25 6727.92 v place23468/Y (BUFx3_ASAP7_75t_R)
  10.24 6738.16 ^ _224398_/Y (AOI211x1_ASAP7_75t_R)
  28.30 6766.46 ^ _224454_/Y (OA21x2_ASAP7_75t_R)
  30.34 6796.79 ^ _224494_/Y (OR3x2_ASAP7_75t_R)
  21.40 6818.19 ^ place23431/Y (BUFx3_ASAP7_75t_R)
  19.94 6838.12 ^ _224898_/Y (OA21x2_ASAP7_75t_R)
  22.56 6860.69 ^ _224899_/Y (AND3x1_ASAP7_75t_R)
  22.55 6883.24 ^ _224900_/Y (XNOR2x2_ASAP7_75t_R)
  21.37 6904.61 ^ _224902_/Y (OA211x2_ASAP7_75t_R)
  23.62 6928.22 ^ _224913_/Y (AND3x1_ASAP7_75t_R)
  23.48 6951.70 ^ _224922_/Y (AND3x1_ASAP7_75t_R)
  25.19 6976.89 ^ _224933_/Y (AND3x1_ASAP7_75t_R)
  19.12 6996.02 ^ place23290/Y (BUFx6f_ASAP7_75t_R)
  30.94 7026.96 ^ place23289/Y (BUFx3_ASAP7_75t_R)
  19.71 7046.66 ^ _225100_/Y (AO21x1_ASAP7_75t_R)
  29.90 7076.56 v _225101_/Y (XNOR2x2_ASAP7_75t_R)
  11.40 7087.96 ^ _225293_/Y (NAND2x1_ASAP7_75t_R)
  30.99 7118.96 ^ _225317_/Y (AND5x1_ASAP7_75t_R)
  28.10 7147.06 ^ _225318_/Y (AND4x1_ASAP7_75t_R)
  36.48 7183.54 ^ _225319_/Y (AND5x1_ASAP7_75t_R)
  17.73 7201.27 ^ _225371_/Y (OR4x2_ASAP7_75t_R)
  16.77 7218.04 ^ _225393_/Y (AO21x1_ASAP7_75t_R)
  29.53 7247.57 ^ place23178/Y (BUFx3_ASAP7_75t_R)
  37.73 7285.29 ^ _225573_/Y (AO211x2_ASAP7_75t_R)
  19.49 7304.79 ^ _225574_/Y (OA31x2_ASAP7_75t_R)
  23.24 7328.02 ^ _225585_/Y (OA31x2_ASAP7_75t_R)
  18.00 7346.02 ^ _225597_/Y (OR3x1_ASAP7_75t_R)
  25.88 7371.90 ^ _225616_/Y (AO211x2_ASAP7_75t_R)
  26.10 7397.99 ^ _225664_/Y (AO211x2_ASAP7_75t_R)
  23.95 7421.94 ^ _225676_/Y (AND3x1_ASAP7_75t_R)
  27.71 7449.65 ^ _225721_/Y (OA211x2_ASAP7_75t_R)
  31.24 7480.89 ^ _225732_/Y (AO221x1_ASAP7_75t_R)
  30.11 7511.00 v _225983_/Y (XNOR2x2_ASAP7_75t_R)
  41.29 7552.29 v _225996_/Y (OR5x1_ASAP7_75t_R)
  25.29 7577.58 ^ _225997_/Y (AOI211x1_ASAP7_75t_R)
  40.21 7617.78 ^ _225998_/Y (AND4x2_ASAP7_75t_R)
  15.06 7632.85 v _226127_/Y (OAI21x1_ASAP7_75t_R)
  23.71 7656.56 v _226147_/Y (AND3x1_ASAP7_75t_R)
  26.74 7683.30 v place22877/Y (BUFx3_ASAP7_75t_R)
  28.56 7711.86 v _226283_/Y (OR3x1_ASAP7_75t_R)
  19.74 7731.60 v _226345_/Y (AO21x1_ASAP7_75t_R)
  18.15 7749.75 v _226349_/Y (AND2x2_ASAP7_75t_R)
  20.83 7770.59 v _226351_/Y (OR3x1_ASAP7_75t_R)
  16.86 7787.45 v _226353_/Y (AND4x1_ASAP7_75t_R)
  27.94 7815.39 ^ _226637_/Y (AOI221x1_ASAP7_75t_R)
  28.07 7843.45 ^ place22754/Y (BUFx3_ASAP7_75t_R)
  24.02 7867.48 ^ _226639_/Y (OA21x2_ASAP7_75t_R)
  20.84 7888.32 ^ _226653_/Y (OA21x2_ASAP7_75t_R)
  20.50 7908.82 ^ _226654_/Y (MAJx2_ASAP7_75t_R)
  18.99 7927.81 ^ _226655_/Y (MAJx2_ASAP7_75t_R)
  26.89 7954.70 v _226656_/Y (XNOR2x2_ASAP7_75t_R)
  22.19 7976.89 v _226657_/Y (AO21x1_ASAP7_75t_R)
  24.53 8001.41 ^ _226660_/Y (NAND3x1_ASAP7_75t_R)
  32.37 8033.79 ^ _226751_/Y (AO221x1_ASAP7_75t_R)
  13.43 8047.22 v _226798_/Y (AOI21x1_ASAP7_75t_R)
  38.64 8085.87 v _227061_/Y (OR4x2_ASAP7_75t_R)
  20.06 8105.93 v place22557/Y (BUFx6f_ASAP7_75t_R)
  26.15 8132.08 v place22554/Y (BUFx6f_ASAP7_75t_R)
  15.23 8147.30 v _227302_/Y (AND3x1_ASAP7_75t_R)
  22.08 8169.38 v _227309_/Y (OA22x2_ASAP7_75t_R)
  15.20 8184.58 v _227329_/Y (AND4x1_ASAP7_75t_R)
  32.89 8217.48 v _227484_/Y (OA211x2_ASAP7_75t_R)
  24.19 8241.66 v _227512_/Y (AND5x2_ASAP7_75t_R)
  28.22 8269.88 v _227530_/Y (OR3x1_ASAP7_75t_R)
  32.68 8302.56 v _227532_/Y (OR3x1_ASAP7_75t_R)
  26.40 8328.96 v place22396/Y (BUFx3_ASAP7_75t_R)
  20.79 8349.76 v place22395/Y (BUFx3_ASAP7_75t_R)
  21.30 8371.06 v _227733_/Y (AND2x2_ASAP7_75t_R)
  19.67 8390.73 v _227734_/Y (XNOR2x2_ASAP7_75t_R)
  24.47 8415.20 v _227763_/Y (AO221x1_ASAP7_75t_R)
  26.71 8441.92 v _227783_/Y (AO32x1_ASAP7_75t_R)
  19.06 8460.98 ^ _227860_/Y (OAI21x1_ASAP7_75t_R)
  19.06 8480.03 ^ place22249/Y (BUFx6f_ASAP7_75t_R)
   7.84 8487.87 v _227861_/Y (NAND2x1_ASAP7_75t_R)
  23.29 8511.16 v _227862_/Y (AND2x2_ASAP7_75t_R)
  20.46 8531.62 v place22223/Y (BUFx3_ASAP7_75t_R)
  37.01 8568.63 v _228259_/Y (OR5x1_ASAP7_75t_R)
  24.78 8593.42 v _228294_/Y (AND5x1_ASAP7_75t_R)
  23.63 8617.05 v _228295_/Y (AO221x1_ASAP7_75t_R)
  28.78 8645.83 v _228296_/Y (AO221x1_ASAP7_75t_R)
  23.44 8669.28 ^ _228325_/Y (NAND2x1_ASAP7_75t_R)
  36.12 8705.40 ^ _228377_/Y (AO221x2_ASAP7_75t_R)
  23.48 8728.87 v _228378_/Y (NAND2x1_ASAP7_75t_R)
  21.80 8750.67 v place22046/Y (BUFx6f_ASAP7_75t_R)
  15.34 8766.02 v place22045/Y (BUFx3_ASAP7_75t_R)
  24.33 8790.34 v _228623_/Y (AO21x1_ASAP7_75t_R)
  20.06 8810.41 v _228624_/Y (AND2x4_ASAP7_75t_R)
  22.30 8832.71 ^ _228937_/Y (XNOR2x2_ASAP7_75t_R)
  25.26 8857.97 ^ _228939_/Y (AND4x1_ASAP7_75t_R)
   9.81 8867.78 v _228940_/Y (NAND2x1_ASAP7_75t_R)
  38.59 8906.36 v _228953_/Y (OR4x1_ASAP7_75t_R)
  23.52 8929.89 v _229055_/Y (OA21x2_ASAP7_75t_R)
  19.63 8949.52 v _229056_/Y (OA21x2_ASAP7_75t_R)
  21.98 8971.50 v place21843/Y (BUFx3_ASAP7_75t_R)
  21.32 8992.82 v place21842/Y (BUFx3_ASAP7_75t_R)
  27.69 9020.50 v _229327_/Y (OR4x1_ASAP7_75t_R)
   8.34 9028.85 ^ _229328_/Y (OAI21x1_ASAP7_75t_R)
  10.79 9039.64 v _229333_/Y (AOI22x1_ASAP7_75t_R)
  30.11 9069.75 ^ _229353_/Y (AOI221x1_ASAP7_75t_R)
  39.81 9109.56 ^ _229638_/Y (AND5x1_ASAP7_75t_R)
  23.05 9132.61 ^ _229640_/Y (AO221x1_ASAP7_75t_R)
  18.12 9150.72 ^ place21684/Y (BUFx6f_ASAP7_75t_R)
  26.72 9177.44 ^ _229740_/Y (OA31x2_ASAP7_75t_R)
  23.79 9201.23 ^ _229741_/Y (XNOR2x2_ASAP7_75t_R)
  24.88 9226.11 v _229742_/Y (XNOR2x2_ASAP7_75t_R)
  28.23 9254.34 v _229743_/Y (AO221x1_ASAP7_75t_R)
  25.69 9280.03 ^ _229749_/Y (AOI211x1_ASAP7_75t_R)
  17.42 9297.45 v _229763_/Y (NOR2x2_ASAP7_75t_R)
  23.50 9320.94 ^ _230125_/Y (AOI211x1_ASAP7_75t_R)
  35.15 9356.10 ^ _230181_/Y (OA21x2_ASAP7_75t_R)
  29.06 9385.16 ^ _230419_/Y (OA21x2_ASAP7_75t_R)
  26.80 9411.96 v _230420_/Y (XNOR2x2_ASAP7_75t_R)
  20.59 9432.55 ^ _230421_/Y (XNOR2x2_ASAP7_75t_R)
  33.20 9465.75 ^ _230422_/Y (AND5x1_ASAP7_75t_R)
  36.61 9502.36 ^ _230446_/Y (AND5x1_ASAP7_75t_R)
  19.22 9521.58 ^ _230513_/Y (AO31x2_ASAP7_75t_R)
  18.91 9540.49 v _230514_/Y (AOI221x1_ASAP7_75t_R)
  13.14 9553.62 ^ _230515_/Y (OAI21x1_ASAP7_75t_R)
  18.11 9571.73 ^ place21065/Y (BUFx6f_ASAP7_75t_R)
  20.70 9592.43 ^ place21062/Y (BUFx6f_ASAP7_75t_R)
  24.09 9616.52 ^ _230817_/Y (AND2x2_ASAP7_75t_R)
  22.87 9639.39 ^ _230818_/Y (XNOR2x2_ASAP7_75t_R)
  26.37 9665.76 v _230819_/Y (XNOR2x2_ASAP7_75t_R)
  18.67 9684.43 v _230872_/Y (OR2x2_ASAP7_75t_R)
  24.96 9709.39 v _230897_/Y (OA33x2_ASAP7_75t_R)
  14.09 9723.48 v _230898_/Y (OA21x2_ASAP7_75t_R)
  31.91 9755.39 v _230906_/Y (OA211x2_ASAP7_75t_R)
  14.92 9770.30 ^ _230918_/Y (OAI21x1_ASAP7_75t_R)
  28.29 9798.60 ^ _230936_/Y (AO21x2_ASAP7_75t_R)
  27.78 9826.38 ^ place20920/Y (BUFx3_ASAP7_75t_R)
  26.68 9853.06 ^ _230992_/Y (AND3x2_ASAP7_75t_R)
  27.70 9880.76 v _231175_/Y (XNOR2x2_ASAP7_75t_R)
  21.05 9901.81 ^ _231176_/Y (XNOR2x2_ASAP7_75t_R)
  30.20 9932.01 ^ _231180_/Y (AND4x1_ASAP7_75t_R)
   9.20 9941.21 v _231314_/Y (NAND3x1_ASAP7_75t_R)
  38.39 9979.59 v _231315_/Y (OR5x1_ASAP7_75t_R)
  26.97 10006.56 v _231371_/Y (AND5x2_ASAP7_75t_R)
  24.26 10030.82 ^ _231376_/Y (NAND2x1p5_ASAP7_75t_R)
  22.71 10053.53 ^ place20787/Y (BUFx6f_ASAP7_75t_R)
  17.49 10071.02 ^ _231559_/Y (AND2x2_ASAP7_75t_R)
  31.16 10102.19 v _231560_/Y (XNOR2x2_ASAP7_75t_R)
  13.09 10115.27 ^ _231561_/Y (NAND2x1_ASAP7_75t_R)
  31.86 10147.13 ^ _231575_/Y (AND5x2_ASAP7_75t_R)
  26.94 10174.07 ^ _231624_/Y (AND5x1_ASAP7_75t_R)
  25.61 10199.68 ^ _231625_/Y (OA211x2_ASAP7_75t_R)
  17.32 10217.00 ^ _231626_/Y (AND2x4_ASAP7_75t_R)
  26.23 10243.23 ^ _231767_/Y (AO211x2_ASAP7_75t_R)
  21.11 10264.34 ^ place20675/Y (BUFx6f_ASAP7_75t_R)
  21.03 10285.37 ^ _231908_/Y (AND2x2_ASAP7_75t_R)
  19.64 10305.02 v _231909_/Y (XOR2x2_ASAP7_75t_R)
  24.34 10329.36 v _231919_/Y (AO221x1_ASAP7_75t_R)
  28.15 10357.51 v _231938_/Y (OR5x1_ASAP7_75t_R)
  22.79 10380.30 v _231957_/Y (AO32x1_ASAP7_75t_R)
  24.61 10404.91 v _232004_/Y (OA221x2_ASAP7_75t_R)
  36.17 10441.08 v _232005_/Y (OR4x1_ASAP7_75t_R)
  30.54 10471.62 ^ _232006_/Y (NAND3x2_ASAP7_75t_R)
  32.90 10504.52 ^ _232185_/Y (AO22x1_ASAP7_75t_R)
  16.77 10521.29 ^ _232187_/Y (AO21x1_ASAP7_75t_R)
  24.18 10545.47 v _232190_/Y (AOI21x1_ASAP7_75t_R)
  31.91 10577.37 v _232248_/Y (OR3x1_ASAP7_75t_R)
  23.89 10601.26 v _232279_/Y (AO21x1_ASAP7_75t_R)
  29.13 10630.39 v _232503_/Y (AO22x2_ASAP7_75t_R)
  26.85 10657.23 ^ _232540_/Y (XNOR2x2_ASAP7_75t_R)
  22.11 10679.35 ^ _232542_/Y (AND3x2_ASAP7_75t_R)
  19.75 10699.10 ^ _232543_/Y (OR3x2_ASAP7_75t_R)
  17.79 10716.89 ^ place20232/Y (BUFx3_ASAP7_75t_R)
  17.03 10733.92 ^ _232615_/Y (AO31x2_ASAP7_75t_R)
  32.25 10766.17 ^ _232625_/Y (OA222x2_ASAP7_75t_R)
  21.07 10787.24 ^ _232638_/Y (MAJx2_ASAP7_75t_R)
  23.73 10810.97 ^ _232640_/Y (AO221x2_ASAP7_75t_R)
  14.66 10825.62 ^ place19938/Y (BUFx3_ASAP7_75t_R)
  22.91 10848.53 ^ _232669_/Y (AO31x2_ASAP7_75t_R)
  21.11 10869.64 v _232670_/Y (OAI21x1_ASAP7_75t_R)
  28.40 10898.05 v place19853/Y (BUFx3_ASAP7_75t_R)
  28.27 10926.32 v _233618_/Y (AO21x1_ASAP7_75t_R)
  31.54 10957.86 v _233619_/Y (OA211x2_ASAP7_75t_R)
  33.94 10991.80 v _233626_/Y (OR4x1_ASAP7_75t_R)
  27.61 11019.40 v _233632_/Y (OA211x2_ASAP7_75t_R)
  21.90 11041.31 v _233633_/Y (OA22x2_ASAP7_75t_R)
  22.25 11063.55 v _233721_/Y (AND5x2_ASAP7_75t_R)
  21.18 11084.73 v _233967_/Y (AND3x4_ASAP7_75t_R)
  22.92 11107.65 v _235036_/Y (AND5x2_ASAP7_75t_R)
  19.43 11127.08 v _235186_/Y (AND4x1_ASAP7_75t_R)
  16.80 11143.88 v _235297_/Y (AND3x2_ASAP7_75t_R)
  44.36 11188.25 v _235300_/Y (OR5x2_ASAP7_75t_R)
  24.88 11213.12 v place19574/Y (BUFx3_ASAP7_75t_R)
   7.50 11220.62 ^ _276097_/Y (INVx1_ASAP7_75t_R)
  29.56 11250.19 ^ _276098_/Y (AO32x2_ASAP7_75t_R)
  21.64 11271.83 v _279914_/Y (AOI21x1_ASAP7_75t_R)
  63.81 11335.64 ^ _280017_/Y (OAI21x1_ASAP7_75t_R)
  50.67 11386.31 v _326596_/Y (AOI22x1_ASAP7_75t_R)
  23.53 11409.84 v place19240/Y (BUFx6f_ASAP7_75t_R)
  20.37 11430.21 v place19238/Y (BUFx6f_ASAP7_75t_R)
  45.05 11475.26 v _334388_/Y (OA21x2_ASAP7_75t_R)
   8.07 11483.33 ^ _334389_/Y (NOR2x1_ASAP7_75t_R)
   0.12 11483.45 ^ _395836_/D (DFFHQNx1_ASAP7_75t_R)
        11483.45   data arrival time

12000.00 12000.00   clock core_clk (rise edge)
   0.00 12000.00   clock source latency
   0.00 12000.00 ^ clk (in)
  45.24 12045.24 ^ wire32813/Y (BUFx12f_ASAP7_75t_R)
  51.74 12096.99 ^ clkbuf_0_clk/Y (BUFx24_ASAP7_75t_R)
  27.57 12124.55 ^ clkbuf_1_1_0_clk/Y (BUFx24_ASAP7_75t_R)
  22.94 12147.50 ^ clkbuf_2_3_0_clk/Y (BUFx24_ASAP7_75t_R)
  30.79 12178.29 ^ clkbuf_3_7_0_clk/Y (BUFx24_ASAP7_75t_R)
  26.19 12204.48 ^ clkbuf_4_14_0_clk/Y (BUFx24_ASAP7_75t_R)
  26.10 12230.58 ^ clkbuf_6_58_0_clk/Y (BUFx24_ASAP7_75t_R)
  21.09 12251.67 ^ clkbuf_7_116__f_clk/Y (BUFx24_ASAP7_75t_R)
  23.01 12274.67 ^ clkbuf_leaf_591_clk/Y (BUFx24_ASAP7_75t_R)
   1.96 12276.63 ^ _395836_/CLK (DFFHQNx1_ASAP7_75t_R)
 -50.00 12226.63   clock uncertainty
   4.46 12231.09   clock reconvergence pessimism
 -10.99 12220.11   library setup time
        12220.11   data required time
---------------------------------------------------------
        12220.11   data required time
        -11483.45   data arrival time
---------------------------------------------------------
         736.65   slack (MET)


Startpoint: _386358_ (rising edge-triggered flip-flop clocked by core_clk)
Endpoint: _395836_ (rising edge-triggered flip-flop clocked by core_clk)
Path Group: reg2reg
Path Type: max

  Delay    Time   Description
---------------------------------------------------------
   0.00    0.00   clock core_clk (rise edge)
   0.00    0.00   clock source latency
   0.00    0.00 ^ clk (in)
  46.36   46.36 ^ wire32813/Y (BUFx12f_ASAP7_75t_R)
  53.38   99.75 ^ clkbuf_0_clk/Y (BUFx24_ASAP7_75t_R)
  28.51  128.26 ^ clkbuf_1_1_0_clk/Y (BUFx24_ASAP7_75t_R)
  23.70  151.96 ^ clkbuf_2_3_0_clk/Y (BUFx24_ASAP7_75t_R)
  32.83  184.79 ^ clkbuf_3_6_0_clk/Y (BUFx24_ASAP7_75t_R)
  26.85  211.64 ^ clkbuf_4_12_0_clk/Y (BUFx24_ASAP7_75t_R)
  27.58  239.22 ^ clkbuf_6_48_0_clk/Y (BUFx24_ASAP7_75t_R)
  22.29  261.50 ^ clkbuf_7_96__f_clk/Y (BUFx24_ASAP7_75t_R)
  24.98  286.48 ^ clkbuf_leaf_385_clk/Y (BUFx24_ASAP7_75t_R)
   2.87  289.35 ^ _386358_/CLK (DFFHQNx1_ASAP7_75t_R)
  78.73  368.08 v _386358_/QN (DFFHQNx1_ASAP7_75t_R)
  72.17  440.25 v _210677_/Y (OR4x2_ASAP7_75t_R)
  57.30  497.55 v place32433/Y (BUFx3_ASAP7_75t_R)
  66.16  563.70 v _210741_/Y (AND4x1_ASAP7_75t_R)
  34.66  598.36 v _210744_/Y (OA21x2_ASAP7_75t_R)
  54.90  653.26 v _210745_/Y (AND2x2_ASAP7_75t_R)
 123.11  776.37 v place31673/Y (BUFx3_ASAP7_75t_R)
  84.48  860.85 v _211121_/Y (OR3x2_ASAP7_75t_R)
  63.46  924.30 v _211124_/Y (OR2x2_ASAP7_75t_R)
 184.30 1108.60 v place30877/Y (BUFx3_ASAP7_75t_R)
  36.89 1145.49 v _214083_/Y (OA22x2_ASAP7_75t_R)
  14.64 1160.12 v _214088_/Y (AND4x1_ASAP7_75t_R)
  41.58 1201.70 ^ _214089_/Y (NAND3x1_ASAP7_75t_R)
  38.34 1240.04 v _214126_/Y (AOI221x1_ASAP7_75t_R)
  42.21 1282.25 v _214127_/Y (AND5x1_ASAP7_75t_R)
  29.72 1311.97 v _214553_/Y (AND4x1_ASAP7_75t_R)
  18.77 1330.74 v place29280/Y (BUFx3_ASAP7_75t_R)
  24.65 1355.40 ^ _214554_/Y (NAND3x1_ASAP7_75t_R)
  27.93 1383.33 ^ _217167_/Y (AND4x1_ASAP7_75t_R)
  27.87 1411.20 ^ _217174_/Y (AO221x1_ASAP7_75t_R)
  21.95 1433.15 ^ _217198_/Y (AO31x2_ASAP7_75t_R)
  20.25 1453.40 ^ place27934/Y (BUFx3_ASAP7_75t_R)
  10.70 1464.09 v _217278_/Y (OAI21x1_ASAP7_75t_R)
  25.57 1489.67 v _217284_/Y (OA211x2_ASAP7_75t_R)
  40.05 1529.72 v _217285_/Y (OR5x1_ASAP7_75t_R)
  33.32 1563.03 v _217286_/Y (MAJx2_ASAP7_75t_R)
  22.44 1585.48 v _217372_/Y (OA21x2_ASAP7_75t_R)
  24.83 1610.31 v _217375_/Y (OA222x2_ASAP7_75t_R)
  19.50 1629.81 v _217380_/Y (AND5x2_ASAP7_75t_R)
  30.66 1660.47 v _217382_/Y (OR3x2_ASAP7_75t_R)
  16.39 1676.87 ^ _217409_/Y (AOI21x1_ASAP7_75t_R)
  18.55 1695.42 ^ place26693/Y (BUFx3_ASAP7_75t_R)
   8.11 1703.53 v _217416_/Y (AOI211x1_ASAP7_75t_R)
  25.15 1728.67 ^ _217417_/Y (AOI221x1_ASAP7_75t_R)
  16.16 1744.84 v _217423_/Y (INVx1_ASAP7_75t_R)
  19.75 1764.59 v _217485_/Y (AO21x1_ASAP7_75t_R)
  32.05 1796.64 v _217488_/Y (AO21x1_ASAP7_75t_R)
  32.36 1829.00 v _217532_/Y (OA211x2_ASAP7_75t_R)
  21.82 1850.82 v _217533_/Y (XOR2x2_ASAP7_75t_R)
  21.19 1872.02 v _217545_/Y (MAJx2_ASAP7_75t_R)
  24.09 1896.11 v _217561_/Y (AO32x1_ASAP7_75t_R)
  24.73 1920.85 v _217562_/Y (MAJx2_ASAP7_75t_R)
  24.59 1945.43 v _217577_/Y (OA21x2_ASAP7_75t_R)
  16.90 1962.33 v place26187/Y (BUFx3_ASAP7_75t_R)
   8.47 1970.80 ^ _217612_/Y (NOR2x1_ASAP7_75t_R)
  27.24 1998.03 ^ _217613_/Y (XNOR2x2_ASAP7_75t_R)
  12.03 2010.07 v _217620_/Y (NOR2x1_ASAP7_75t_R)
  18.03 2028.09 ^ _217622_/Y (AOI22x1_ASAP7_75t_R)
  14.20 2042.29 v _217623_/Y (AOI21x1_ASAP7_75t_R)
  26.81 2069.11 v _217624_/Y (MAJx2_ASAP7_75t_R)
  28.30 2097.41 v _217669_/Y (AO32x1_ASAP7_75t_R)
  24.62 2122.03 v _217723_/Y (OR3x1_ASAP7_75t_R)
  26.03 2148.07 v _217732_/Y (AO221x1_ASAP7_75t_R)
  13.78 2161.85 ^ _217733_/Y (NAND3x1_ASAP7_75t_R)
  26.69 2188.54 ^ _217734_/Y (MAJx2_ASAP7_75t_R)
  21.78 2210.32 ^ _217735_/Y (MAJx2_ASAP7_75t_R)
  23.07 2233.39 ^ _217740_/Y (MAJx2_ASAP7_75t_R)
  25.63 2259.02 ^ _217741_/Y (AO221x1_ASAP7_75t_R)
  27.32 2286.34 ^ _217755_/Y (AO31x2_ASAP7_75t_R)
  23.88 2310.22 ^ _217807_/Y (AND3x1_ASAP7_75t_R)
  27.67 2337.89 v _217808_/Y (XNOR2x2_ASAP7_75t_R)
  18.85 2356.74 v _217809_/Y (OR2x2_ASAP7_75t_R)
  17.53 2374.28 v _217817_/Y (AO211x2_ASAP7_75t_R)
  30.10 2404.38 v _217818_/Y (AO32x2_ASAP7_75t_R)
  22.30 2426.68 v _217848_/Y (AO31x2_ASAP7_75t_R)
  28.77 2455.44 ^ _217853_/Y (AOI22x1_ASAP7_75t_R)
  21.88 2477.33 ^ _217888_/Y (AND2x2_ASAP7_75t_R)
  26.93 2504.26 v _217889_/Y (XNOR2x2_ASAP7_75t_R)
  21.61 2525.87 v _217890_/Y (OR2x2_ASAP7_75t_R)
  21.01 2546.88 v _217897_/Y (AO21x1_ASAP7_75t_R)
  16.97 2563.85 v _217898_/Y (AND2x2_ASAP7_75t_R)
  21.77 2585.62 v _217959_/Y (OA211x2_ASAP7_75t_R)
  19.67 2605.30 v _217960_/Y (OA21x2_ASAP7_75t_R)
  25.79 2631.08 v _218017_/Y (OA211x2_ASAP7_75t_R)
  21.46 2652.55 v _218018_/Y (XOR2x2_ASAP7_75t_R)
  27.77 2680.32 v _218038_/Y (OR4x1_ASAP7_75t_R)
  25.54 2705.86 v _218040_/Y (AO221x1_ASAP7_75t_R)
  33.42 2739.28 v _218043_/Y (AO33x2_ASAP7_75t_R)
  21.51 2760.79 v _218044_/Y (MAJx2_ASAP7_75t_R)
  27.13 2787.92 v _218049_/Y (MAJx3_ASAP7_75t_R)
  26.90 2814.82 v _218087_/Y (OA21x2_ASAP7_75t_R)
  16.18 2831.00 v _218091_/Y (AND2x4_ASAP7_75t_R)
  16.33 2847.33 v _218092_/Y (OA21x2_ASAP7_75t_R)
  25.31 2872.64 v _218093_/Y (OA222x2_ASAP7_75t_R)
  23.48 2896.12 v _218106_/Y (MAJx2_ASAP7_75t_R)
  29.73 2925.85 v _218130_/Y (AO32x2_ASAP7_75t_R)
  22.65 2948.50 v _218150_/Y (OA21x2_ASAP7_75t_R)
  28.49 2976.99 v _218190_/Y (OA211x2_ASAP7_75t_R)
  24.86 3001.85 v _218211_/Y (OA31x2_ASAP7_75t_R)
  27.47 3029.33 v _218260_/Y (AO32x1_ASAP7_75t_R)
  29.59 3058.92 v _218261_/Y (OR3x1_ASAP7_75t_R)
  24.00 3082.93 v _218270_/Y (OA22x2_ASAP7_75t_R)
  27.43 3110.35 v _218271_/Y (AO22x2_ASAP7_75t_R)
  30.15 3140.50 v _218276_/Y (AO22x2_ASAP7_75t_R)
  25.72 3166.22 v _218298_/Y (AO21x2_ASAP7_75t_R)
  16.65 3182.86 v place25618/Y (BUFx3_ASAP7_75t_R)
  15.38 3198.24 v _218449_/Y (AO21x1_ASAP7_75t_R)
   9.59 3207.83 ^ _218451_/Y (NAND2x1_ASAP7_75t_R)
  26.58 3234.41 ^ _218457_/Y (AO221x1_ASAP7_75t_R)
  24.62 3259.03 ^ _218458_/Y (AO32x1_ASAP7_75t_R)
  23.32 3282.35 ^ _218461_/Y (OA31x2_ASAP7_75t_R)
  28.12 3310.47 ^ _218493_/Y (OA21x2_ASAP7_75t_R)
  20.67 3331.14 v _218574_/Y (AOI21x1_ASAP7_75t_R)
  22.37 3353.51 v _218632_/Y (OA21x2_ASAP7_75t_R)
  26.08 3379.59 v _218633_/Y (OR4x1_ASAP7_75t_R)
  31.56 3411.15 v _218634_/Y (OA211x2_ASAP7_75t_R)
  27.87 3439.02 v _218635_/Y (MAJx2_ASAP7_75t_R)
  36.50 3475.52 v _218642_/Y (OR5x1_ASAP7_75t_R)
  11.72 3487.23 ^ _218643_/Y (OAI21x1_ASAP7_75t_R)
  15.75 3502.99 v _218664_/Y (OAI21x1_ASAP7_75t_R)
  20.23 3523.21 ^ _218760_/Y (AOI211x1_ASAP7_75t_R)
  27.31 3550.52 ^ _218763_/Y (OR2x2_ASAP7_75t_R)
  17.02 3567.55 ^ place25429/Y (BUFx6f_ASAP7_75t_R)
  13.87 3581.42 ^ place25427/Y (BUFx3_ASAP7_75t_R)
  18.86 3600.27 ^ _218821_/Y (OA21x2_ASAP7_75t_R)
  27.59 3627.86 v _218822_/Y (XNOR2x2_ASAP7_75t_R)
  16.50 3644.36 v _218823_/Y (AND2x2_ASAP7_75t_R)
  22.67 3667.03 v _218824_/Y (MAJx2_ASAP7_75t_R)
  23.76 3690.79 v _218825_/Y (MAJx2_ASAP7_75t_R)
  19.55 3710.34 ^ _218826_/Y (AOI221x1_ASAP7_75t_R)
  15.68 3726.03 v _218981_/Y (OAI21x1_ASAP7_75t_R)
  19.58 3745.61 v place25318/Y (BUFx6f_ASAP7_75t_R)
  26.00 3771.61 ^ _218987_/Y (NOR2x1_ASAP7_75t_R)
  26.36 3797.97 ^ _218995_/Y (OA22x2_ASAP7_75t_R)
  16.88 3814.85 ^ _219001_/Y (AO31x2_ASAP7_75t_R)
  35.48 3850.33 ^ _219008_/Y (AO221x1_ASAP7_75t_R)
  31.33 3881.67 ^ _219217_/Y (AO211x2_ASAP7_75t_R)
  28.93 3910.60 ^ _219222_/Y (AND5x2_ASAP7_75t_R)
  38.18 3948.78 ^ _219231_/Y (OA31x2_ASAP7_75t_R)
  23.43 3972.21 ^ place25226/Y (BUFx6f_ASAP7_75t_R)
  16.81 3989.02 ^ _219398_/Y (AND2x4_ASAP7_75t_R)
  25.68 4014.70 v _219399_/Y (XNOR2x2_ASAP7_75t_R)
  22.75 4037.45 v _219451_/Y (AO32x1_ASAP7_75t_R)
  18.59 4056.04 v _219459_/Y (OA21x2_ASAP7_75t_R)
  33.16 4089.20 v _219485_/Y (OA221x2_ASAP7_75t_R)
  18.78 4107.99 v place25136/Y (BUFx6f_ASAP7_75t_R)
  14.01 4121.99 ^ _219494_/Y (AOI21x1_ASAP7_75t_R)
  25.52 4147.51 ^ _219611_/Y (AND4x1_ASAP7_75t_R)
  22.18 4169.69 v _219612_/Y (AOI221x1_ASAP7_75t_R)
  18.86 4188.55 ^ _219633_/Y (AOI22x1_ASAP7_75t_R)
  28.58 4217.13 ^ _219634_/Y (OA31x2_ASAP7_75t_R)
  24.23 4241.36 ^ _219653_/Y (AO221x1_ASAP7_75t_R)
  28.26 4269.62 ^ _219666_/Y (AO31x2_ASAP7_75t_R)
  29.11 4298.74 ^ _219763_/Y (AO21x1_ASAP7_75t_R)
  17.66 4316.40 ^ place25012/Y (BUFx6f_ASAP7_75t_R)
  23.60 4339.99 ^ _220048_/Y (AO31x2_ASAP7_75t_R)
  20.05 4360.04 ^ _220050_/Y (AND2x2_ASAP7_75t_R)
  29.07 4389.11 v _220051_/Y (XNOR2x2_ASAP7_75t_R)
  18.96 4408.07 v _220065_/Y (OA31x2_ASAP7_75t_R)
  35.45 4443.52 v _220113_/Y (OR5x1_ASAP7_75t_R)
  22.72 4466.24 v _220143_/Y (AO211x2_ASAP7_75t_R)
  19.49 4485.73 v _220166_/Y (AO31x2_ASAP7_75t_R)
  30.48 4516.21 ^ _220179_/Y (AOI21x1_ASAP7_75t_R)
  24.05 4540.26 ^ place24895/Y (BUFx6f_ASAP7_75t_R)
  16.95 4557.22 ^ _220392_/Y (OA21x2_ASAP7_75t_R)
  27.86 4585.08 ^ _220393_/Y (AO22x1_ASAP7_75t_R)
  21.01 4606.09 ^ _220394_/Y (OR2x2_ASAP7_75t_R)
  17.94 4624.03 ^ _220395_/Y (AO211x2_ASAP7_75t_R)
  11.10 4635.14 v _220397_/Y (AOI22x1_ASAP7_75t_R)
  40.25 4675.38 v _220465_/Y (OR3x2_ASAP7_75t_R)
  29.50 4704.89 v _220567_/Y (AO21x1_ASAP7_75t_R)
  29.10 4733.99 v _220642_/Y (OA211x2_ASAP7_75t_R)
  23.82 4757.81 v _220643_/Y (XOR2x2_ASAP7_75t_R)
  22.52 4780.32 v _220786_/Y (AO22x2_ASAP7_75t_R)
  29.95 4810.27 v _220802_/Y (OR4x1_ASAP7_75t_R)
  34.92 4845.19 v _220811_/Y (AO32x1_ASAP7_75t_R)
  23.17 4868.36 v place24708/Y (BUFx3_ASAP7_75t_R)
  27.19 4895.55 v _220958_/Y (AO221x1_ASAP7_75t_R)
  29.28 4924.83 v _220959_/Y (OA211x2_ASAP7_75t_R)
  25.77 4950.60 v _221039_/Y (OA211x2_ASAP7_75t_R)
  23.26 4973.86 v _221040_/Y (XNOR2x2_ASAP7_75t_R)
  28.48 5002.33 v _221138_/Y (OA221x2_ASAP7_75t_R)
  27.81 5030.14 v _221139_/Y (OA211x2_ASAP7_75t_R)
  18.14 5048.28 v _221142_/Y (OA21x2_ASAP7_75t_R)
  19.05 5067.33 v _221143_/Y (OA21x2_ASAP7_75t_R)
  20.53 5087.86 v _221176_/Y (OA21x2_ASAP7_75t_R)
  26.41 5114.27 v _221217_/Y (AO21x2_ASAP7_75t_R)
  23.48 5137.75 v _221338_/Y (AND2x2_ASAP7_75t_R)
  24.63 5162.38 v _221339_/Y (XOR2x2_ASAP7_75t_R)
  25.50 5187.88 v _221375_/Y (OA211x2_ASAP7_75t_R)
  23.13 5211.01 ^ _221376_/Y (AOI211x1_ASAP7_75t_R)
  34.01 5245.02 ^ _221592_/Y (AO211x2_ASAP7_75t_R)
  22.74 5267.77 ^ _221600_/Y (AO31x2_ASAP7_75t_R)
  33.20 5300.97 ^ _221602_/Y (AND5x2_ASAP7_75t_R)
  18.34 5319.30 ^ place24445/Y (BUFx3_ASAP7_75t_R)
  18.45 5337.75 ^ _221804_/Y (OA31x2_ASAP7_75t_R)
  30.50 5368.25 v _221805_/Y (XNOR2x2_ASAP7_75t_R)
  21.55 5389.80 v _221841_/Y (OR2x2_ASAP7_75t_R)
  21.05 5410.85 v _221842_/Y (MAJx2_ASAP7_75t_R)
  22.37 5433.22 v _221846_/Y (MAJx2_ASAP7_75t_R)
  21.24 5454.46 v _221882_/Y (AND5x1_ASAP7_75t_R)
  22.01 5476.48 ^ _221926_/Y (OAI21x1_ASAP7_75t_R)
  22.89 5499.37 ^ place24326/Y (BUFx3_ASAP7_75t_R)
  20.13 5519.50 v _222073_/Y (AOI211x1_ASAP7_75t_R)
  23.73 5543.23 v _222155_/Y (OA21x2_ASAP7_75t_R)
  26.49 5569.73 ^ _222156_/Y (XOR2x2_ASAP7_75t_R)
  20.86 5590.59 ^ place24271/Y (BUFx3_ASAP7_75t_R)
  14.54 5605.13 v _222157_/Y (INVx1_ASAP7_75t_R)
  24.51 5629.64 v _222163_/Y (MAJx2_ASAP7_75t_R)
  14.56 5644.20 ^ _222164_/Y (AOI21x1_ASAP7_75t_R)
  22.53 5666.73 v _222322_/Y (NOR2x1_ASAP7_75t_R)
  29.06 5695.79 v _222326_/Y (AO22x2_ASAP7_75t_R)
  38.00 5733.79 v _222333_/Y (AO221x2_ASAP7_75t_R)
  22.34 5756.13 v place24142/Y (BUFx6f_ASAP7_75t_R)
  18.29 5774.42 v _222673_/Y (AO21x1_ASAP7_75t_R)
  20.52 5794.94 v _222675_/Y (AO22x2_ASAP7_75t_R)
  18.78 5813.72 v place24098/Y (BUFx3_ASAP7_75t_R)
  23.76 5837.47 v _222776_/Y (MAJx2_ASAP7_75t_R)
  15.23 5852.70 v _222872_/Y (OA21x2_ASAP7_75t_R)
  27.16 5879.86 v _222915_/Y (OR4x1_ASAP7_75t_R)
  32.98 5912.84 v _222917_/Y (OA211x2_ASAP7_75t_R)
  32.44 5945.28 v _222939_/Y (AO221x1_ASAP7_75t_R)
  28.98 5974.26 v _222940_/Y (AO211x2_ASAP7_75t_R)
  22.37 5996.64 v place23985/Y (BUFx6f_ASAP7_75t_R)
  15.90 6012.54 ^ _223249_/Y (NAND3x1_ASAP7_75t_R)
  20.47 6033.01 ^ _223250_/Y (AND3x1_ASAP7_75t_R)
  20.05 6053.07 ^ _223252_/Y (OA211x2_ASAP7_75t_R)
  20.56 6073.63 ^ _223253_/Y (AND3x1_ASAP7_75t_R)
  31.59 6105.22 ^ _223254_/Y (AND5x1_ASAP7_75t_R)
  30.44 6135.66 ^ _223255_/Y (AND5x1_ASAP7_75t_R)
  16.83 6152.49 ^ _223256_/Y (OR4x2_ASAP7_75t_R)
  20.81 6173.30 ^ place23853/Y (BUFx3_ASAP7_75t_R)
  19.61 6192.91 v _223257_/Y (NOR2x2_ASAP7_75t_R)
  16.90 6209.81 v place23846/Y (BUFx6f_ASAP7_75t_R)
  27.25 6237.06 v _223374_/Y (OR4x1_ASAP7_75t_R)
  19.72 6256.78 v _223375_/Y (AND4x1_ASAP7_75t_R)
  23.41 6280.19 ^ _223376_/Y (XNOR2x2_ASAP7_75t_R)
  17.46 6297.65 ^ _223377_/Y (AND2x2_ASAP7_75t_R)
  35.53 6333.18 ^ _223439_/Y (AND5x1_ASAP7_75t_R)
  16.52 6349.70 ^ place23753/Y (BUFx6f_ASAP7_75t_R)
  13.24 6362.94 v _223668_/Y (NAND3x1_ASAP7_75t_R)
  25.71 6388.65 v place23730/Y (BUFx3_ASAP7_75t_R)
  32.27 6420.92 v _223817_/Y (AO32x1_ASAP7_75t_R)
  22.94 6443.86 v _223977_/Y (XOR2x2_ASAP7_75t_R)
  22.04 6465.90 v _223993_/Y (MAJx2_ASAP7_75t_R)
  39.30 6505.20 v _223994_/Y (OR4x2_ASAP7_75t_R)
  13.94 6519.14 ^ _223995_/Y (AOI21x1_ASAP7_75t_R)
  23.10 6542.24 ^ _224023_/Y (OA31x2_ASAP7_75t_R)
  18.18 6560.42 ^ _224027_/Y (AO21x2_ASAP7_75t_R)
  24.24 6584.66 ^ _224028_/Y (AO211x2_ASAP7_75t_R)
  16.81 6601.47 ^ place23565/Y (BUFx6f_ASAP7_75t_R)
   9.06 6610.53 v _224375_/Y (NAND2x1_ASAP7_75t_R)
  33.83 6644.37 v _224386_/Y (OR5x1_ASAP7_75t_R)
  17.14 6661.51 v _224387_/Y (AND4x1_ASAP7_75t_R)
  44.16 6705.67 v _224397_/Y (OR5x1_ASAP7_75t_R)
  22.25 6727.92 v place23468/Y (BUFx3_ASAP7_75t_R)
  10.24 6738.16 ^ _224398_/Y (AOI211x1_ASAP7_75t_R)
  28.30 6766.46 ^ _224454_/Y (OA21x2_ASAP7_75t_R)
  30.34 6796.79 ^ _224494_/Y (OR3x2_ASAP7_75t_R)
  21.40 6818.19 ^ place23431/Y (BUFx3_ASAP7_75t_R)
  19.94 6838.12 ^ _224898_/Y (OA21x2_ASAP7_75t_R)
  22.56 6860.69 ^ _224899_/Y (AND3x1_ASAP7_75t_R)
  22.55 6883.24 ^ _224900_/Y (XNOR2x2_ASAP7_75t_R)
  21.37 6904.61 ^ _224902_/Y (OA211x2_ASAP7_75t_R)
  23.62 6928.22 ^ _224913_/Y (AND3x1_ASAP7_75t_R)
  23.48 6951.70 ^ _224922_/Y (AND3x1_ASAP7_75t_R)
  25.19 6976.89 ^ _224933_/Y (AND3x1_ASAP7_75t_R)
  19.12 6996.02 ^ place23290/Y (BUFx6f_ASAP7_75t_R)
  30.94 7026.96 ^ place23289/Y (BUFx3_ASAP7_75t_R)
  19.71 7046.66 ^ _225100_/Y (AO21x1_ASAP7_75t_R)
  29.90 7076.56 v _225101_/Y (XNOR2x2_ASAP7_75t_R)
  11.40 7087.96 ^ _225293_/Y (NAND2x1_ASAP7_75t_R)
  30.99 7118.96 ^ _225317_/Y (AND5x1_ASAP7_75t_R)
  28.10 7147.06 ^ _225318_/Y (AND4x1_ASAP7_75t_R)
  36.48 7183.54 ^ _225319_/Y (AND5x1_ASAP7_75t_R)
  17.73 7201.27 ^ _225371_/Y (OR4x2_ASAP7_75t_R)
  16.77 7218.04 ^ _225393_/Y (AO21x1_ASAP7_75t_R)
  29.53 7247.57 ^ place23178/Y (BUFx3_ASAP7_75t_R)
  37.73 7285.29 ^ _225573_/Y (AO211x2_ASAP7_75t_R)
  19.49 7304.79 ^ _225574_/Y (OA31x2_ASAP7_75t_R)
  23.24 7328.02 ^ _225585_/Y (OA31x2_ASAP7_75t_R)
  18.00 7346.02 ^ _225597_/Y (OR3x1_ASAP7_75t_R)
  25.88 7371.90 ^ _225616_/Y (AO211x2_ASAP7_75t_R)
  26.10 7397.99 ^ _225664_/Y (AO211x2_ASAP7_75t_R)
  23.95 7421.94 ^ _225676_/Y (AND3x1_ASAP7_75t_R)
  27.71 7449.65 ^ _225721_/Y (OA211x2_ASAP7_75t_R)
  31.24 7480.89 ^ _225732_/Y (AO221x1_ASAP7_75t_R)
  30.11 7511.00 v _225983_/Y (XNOR2x2_ASAP7_75t_R)
  41.29 7552.29 v _225996_/Y (OR5x1_ASAP7_75t_R)
  25.29 7577.58 ^ _225997_/Y (AOI211x1_ASAP7_75t_R)
  40.21 7617.78 ^ _225998_/Y (AND4x2_ASAP7_75t_R)
  15.06 7632.85 v _226127_/Y (OAI21x1_ASAP7_75t_R)
  23.71 7656.56 v _226147_/Y (AND3x1_ASAP7_75t_R)
  26.74 7683.30 v place22877/Y (BUFx3_ASAP7_75t_R)
  28.56 7711.86 v _226283_/Y (OR3x1_ASAP7_75t_R)
  19.74 7731.60 v _226345_/Y (AO21x1_ASAP7_75t_R)
  18.15 7749.75 v _226349_/Y (AND2x2_ASAP7_75t_R)
  20.83 7770.59 v _226351_/Y (OR3x1_ASAP7_75t_R)
  16.86 7787.45 v _226353_/Y (AND4x1_ASAP7_75t_R)
  27.94 7815.39 ^ _226637_/Y (AOI221x1_ASAP7_75t_R)
  28.07 7843.45 ^ place22754/Y (BUFx3_ASAP7_75t_R)
  24.02 7867.48 ^ _226639_/Y (OA21x2_ASAP7_75t_R)
  20.84 7888.32 ^ _226653_/Y (OA21x2_ASAP7_75t_R)
  20.50 7908.82 ^ _226654_/Y (MAJx2_ASAP7_75t_R)
  18.99 7927.81 ^ _226655_/Y (MAJx2_ASAP7_75t_R)
  26.89 7954.70 v _226656_/Y (XNOR2x2_ASAP7_75t_R)
  22.19 7976.89 v _226657_/Y (AO21x1_ASAP7_75t_R)
  24.53 8001.41 ^ _226660_/Y (NAND3x1_ASAP7_75t_R)
  32.37 8033.79 ^ _226751_/Y (AO221x1_ASAP7_75t_R)
  13.43 8047.22 v _226798_/Y (AOI21x1_ASAP7_75t_R)
  38.64 8085.87 v _227061_/Y (OR4x2_ASAP7_75t_R)
  20.06 8105.93 v place22557/Y (BUFx6f_ASAP7_75t_R)
  26.15 8132.08 v place22554/Y (BUFx6f_ASAP7_75t_R)
  15.23 8147.30 v _227302_/Y (AND3x1_ASAP7_75t_R)
  22.08 8169.38 v _227309_/Y (OA22x2_ASAP7_75t_R)
  15.20 8184.58 v _227329_/Y (AND4x1_ASAP7_75t_R)
  32.89 8217.48 v _227484_/Y (OA211x2_ASAP7_75t_R)
  24.19 8241.66 v _227512_/Y (AND5x2_ASAP7_75t_R)
  28.22 8269.88 v _227530_/Y (OR3x1_ASAP7_75t_R)
  32.68 8302.56 v _227532_/Y (OR3x1_ASAP7_75t_R)
  26.40 8328.96 v place22396/Y (BUFx3_ASAP7_75t_R)
  20.79 8349.76 v place22395/Y (BUFx3_ASAP7_75t_R)
  21.30 8371.06 v _227733_/Y (AND2x2_ASAP7_75t_R)
  19.67 8390.73 v _227734_/Y (XNOR2x2_ASAP7_75t_R)
  24.47 8415.20 v _227763_/Y (AO221x1_ASAP7_75t_R)
  26.71 8441.92 v _227783_/Y (AO32x1_ASAP7_75t_R)
  19.06 8460.98 ^ _227860_/Y (OAI21x1_ASAP7_75t_R)
  19.06 8480.03 ^ place22249/Y (BUFx6f_ASAP7_75t_R)
   7.84 8487.87 v _227861_/Y (NAND2x1_ASAP7_75t_R)
  23.29 8511.16 v _227862_/Y (AND2x2_ASAP7_75t_R)
  20.46 8531.62 v place22223/Y (BUFx3_ASAP7_75t_R)
  37.01 8568.63 v _228259_/Y (OR5x1_ASAP7_75t_R)
  24.78 8593.42 v _228294_/Y (AND5x1_ASAP7_75t_R)
  23.63 8617.05 v _228295_/Y (AO221x1_ASAP7_75t_R)
  28.78 8645.83 v _228296_/Y (AO221x1_ASAP7_75t_R)
  23.44 8669.28 ^ _228325_/Y (NAND2x1_ASAP7_75t_R)
  36.12 8705.40 ^ _228377_/Y (AO221x2_ASAP7_75t_R)
  23.48 8728.87 v _228378_/Y (NAND2x1_ASAP7_75t_R)
  21.80 8750.67 v place22046/Y (BUFx6f_ASAP7_75t_R)
  15.34 8766.02 v place22045/Y (BUFx3_ASAP7_75t_R)
  24.33 8790.34 v _228623_/Y (AO21x1_ASAP7_75t_R)
  20.06 8810.41 v _228624_/Y (AND2x4_ASAP7_75t_R)
  22.30 8832.71 ^ _228937_/Y (XNOR2x2_ASAP7_75t_R)
  25.26 8857.97 ^ _228939_/Y (AND4x1_ASAP7_75t_R)
   9.81 8867.78 v _228940_/Y (NAND2x1_ASAP7_75t_R)
  38.59 8906.36 v _228953_/Y (OR4x1_ASAP7_75t_R)
  23.52 8929.89 v _229055_/Y (OA21x2_ASAP7_75t_R)
  19.63 8949.52 v _229056_/Y (OA21x2_ASAP7_75t_R)
  21.98 8971.50 v place21843/Y (BUFx3_ASAP7_75t_R)
  21.32 8992.82 v place21842/Y (BUFx3_ASAP7_75t_R)
  27.69 9020.50 v _229327_/Y (OR4x1_ASAP7_75t_R)
   8.34 9028.85 ^ _229328_/Y (OAI21x1_ASAP7_75t_R)
  10.79 9039.64 v _229333_/Y (AOI22x1_ASAP7_75t_R)
  30.11 9069.75 ^ _229353_/Y (AOI221x1_ASAP7_75t_R)
  39.81 9109.56 ^ _229638_/Y (AND5x1_ASAP7_75t_R)
  23.05 9132.61 ^ _229640_/Y (AO221x1_ASAP7_75t_R)
  18.12 9150.72 ^ place21684/Y (BUFx6f_ASAP7_75t_R)
  26.72 9177.44 ^ _229740_/Y (OA31x2_ASAP7_75t_R)
  23.79 9201.23 ^ _229741_/Y (XNOR2x2_ASAP7_75t_R)
  24.88 9226.11 v _229742_/Y (XNOR2x2_ASAP7_75t_R)
  28.23 9254.34 v _229743_/Y (AO221x1_ASAP7_75t_R)
  25.69 9280.03 ^ _229749_/Y (AOI211x1_ASAP7_75t_R)
  17.42 9297.45 v _229763_/Y (NOR2x2_ASAP7_75t_R)
  23.50 9320.94 ^ _230125_/Y (AOI211x1_ASAP7_75t_R)
  35.15 9356.10 ^ _230181_/Y (OA21x2_ASAP7_75t_R)
  29.06 9385.16 ^ _230419_/Y (OA21x2_ASAP7_75t_R)
  26.80 9411.96 v _230420_/Y (XNOR2x2_ASAP7_75t_R)
  20.59 9432.55 ^ _230421_/Y (XNOR2x2_ASAP7_75t_R)
  33.20 9465.75 ^ _230422_/Y (AND5x1_ASAP7_75t_R)
  36.61 9502.36 ^ _230446_/Y (AND5x1_ASAP7_75t_R)
  19.22 9521.58 ^ _230513_/Y (AO31x2_ASAP7_75t_R)
  18.91 9540.49 v _230514_/Y (AOI221x1_ASAP7_75t_R)
  13.14 9553.62 ^ _230515_/Y (OAI21x1_ASAP7_75t_R)
  18.11 9571.73 ^ place21065/Y (BUFx6f_ASAP7_75t_R)
  20.70 9592.43 ^ place21062/Y (BUFx6f_ASAP7_75t_R)
  24.09 9616.52 ^ _230817_/Y (AND2x2_ASAP7_75t_R)
  22.87 9639.39 ^ _230818_/Y (XNOR2x2_ASAP7_75t_R)
  26.37 9665.76 v _230819_/Y (XNOR2x2_ASAP7_75t_R)
  18.67 9684.43 v _230872_/Y (OR2x2_ASAP7_75t_R)
  24.96 9709.39 v _230897_/Y (OA33x2_ASAP7_75t_R)
  14.09 9723.48 v _230898_/Y (OA21x2_ASAP7_75t_R)
  31.91 9755.39 v _230906_/Y (OA211x2_ASAP7_75t_R)
  14.92 9770.30 ^ _230918_/Y (OAI21x1_ASAP7_75t_R)
  28.29 9798.60 ^ _230936_/Y (AO21x2_ASAP7_75t_R)
  27.78 9826.38 ^ place20920/Y (BUFx3_ASAP7_75t_R)
  26.68 9853.06 ^ _230992_/Y (AND3x2_ASAP7_75t_R)
  27.70 9880.76 v _231175_/Y (XNOR2x2_ASAP7_75t_R)
  21.05 9901.81 ^ _231176_/Y (XNOR2x2_ASAP7_75t_R)
  30.20 9932.01 ^ _231180_/Y (AND4x1_ASAP7_75t_R)
   9.20 9941.21 v _231314_/Y (NAND3x1_ASAP7_75t_R)
  38.39 9979.59 v _231315_/Y (OR5x1_ASAP7_75t_R)
  26.97 10006.56 v _231371_/Y (AND5x2_ASAP7_75t_R)
  24.26 10030.82 ^ _231376_/Y (NAND2x1p5_ASAP7_75t_R)
  22.71 10053.53 ^ place20787/Y (BUFx6f_ASAP7_75t_R)
  17.49 10071.02 ^ _231559_/Y (AND2x2_ASAP7_75t_R)
  31.16 10102.19 v _231560_/Y (XNOR2x2_ASAP7_75t_R)
  13.09 10115.27 ^ _231561_/Y (NAND2x1_ASAP7_75t_R)
  31.86 10147.13 ^ _231575_/Y (AND5x2_ASAP7_75t_R)
  26.94 10174.07 ^ _231624_/Y (AND5x1_ASAP7_75t_R)
  25.61 10199.68 ^ _231625_/Y (OA211x2_ASAP7_75t_R)
  17.32 10217.00 ^ _231626_/Y (AND2x4_ASAP7_75t_R)
  26.23 10243.23 ^ _231767_/Y (AO211x2_ASAP7_75t_R)
  21.11 10264.34 ^ place20675/Y (BUFx6f_ASAP7_75t_R)
  21.03 10285.37 ^ _231908_/Y (AND2x2_ASAP7_75t_R)
  19.64 10305.02 v _231909_/Y (XOR2x2_ASAP7_75t_R)
  24.34 10329.36 v _231919_/Y (AO221x1_ASAP7_75t_R)
  28.15 10357.51 v _231938_/Y (OR5x1_ASAP7_75t_R)
  22.79 10380.30 v _231957_/Y (AO32x1_ASAP7_75t_R)
  24.61 10404.91 v _232004_/Y (OA221x2_ASAP7_75t_R)
  36.17 10441.08 v _232005_/Y (OR4x1_ASAP7_75t_R)
  30.54 10471.62 ^ _232006_/Y (NAND3x2_ASAP7_75t_R)
  32.90 10504.52 ^ _232185_/Y (AO22x1_ASAP7_75t_R)
  16.77 10521.29 ^ _232187_/Y (AO21x1_ASAP7_75t_R)
  24.18 10545.47 v _232190_/Y (AOI21x1_ASAP7_75t_R)
  31.91 10577.37 v _232248_/Y (OR3x1_ASAP7_75t_R)
  23.89 10601.26 v _232279_/Y (AO21x1_ASAP7_75t_R)
  29.13 10630.39 v _232503_/Y (AO22x2_ASAP7_75t_R)
  26.85 10657.23 ^ _232540_/Y (XNOR2x2_ASAP7_75t_R)
  22.11 10679.35 ^ _232542_/Y (AND3x2_ASAP7_75t_R)
  19.75 10699.10 ^ _232543_/Y (OR3x2_ASAP7_75t_R)
  17.79 10716.89 ^ place20232/Y (BUFx3_ASAP7_75t_R)
  17.03 10733.92 ^ _232615_/Y (AO31x2_ASAP7_75t_R)
  32.25 10766.17 ^ _232625_/Y (OA222x2_ASAP7_75t_R)
  21.07 10787.24 ^ _232638_/Y (MAJx2_ASAP7_75t_R)
  23.73 10810.97 ^ _232640_/Y (AO221x2_ASAP7_75t_R)
  14.66 10825.62 ^ place19938/Y (BUFx3_ASAP7_75t_R)
  22.91 10848.53 ^ _232669_/Y (AO31x2_ASAP7_75t_R)
  21.11 10869.64 v _232670_/Y (OAI21x1_ASAP7_75t_R)
  28.40 10898.05 v place19853/Y (BUFx3_ASAP7_75t_R)
  28.27 10926.32 v _233618_/Y (AO21x1_ASAP7_75t_R)
  31.54 10957.86 v _233619_/Y (OA211x2_ASAP7_75t_R)
  33.94 10991.80 v _233626_/Y (OR4x1_ASAP7_75t_R)
  27.61 11019.40 v _233632_/Y (OA211x2_ASAP7_75t_R)
  21.90 11041.31 v _233633_/Y (OA22x2_ASAP7_75t_R)
  22.25 11063.55 v _233721_/Y (AND5x2_ASAP7_75t_R)
  21.18 11084.73 v _233967_/Y (AND3x4_ASAP7_75t_R)
  22.92 11107.65 v _235036_/Y (AND5x2_ASAP7_75t_R)
  19.43 11127.08 v _235186_/Y (AND4x1_ASAP7_75t_R)
  16.80 11143.88 v _235297_/Y (AND3x2_ASAP7_75t_R)
  44.36 11188.25 v _235300_/Y (OR5x2_ASAP7_75t_R)
  24.88 11213.12 v place19574/Y (BUFx3_ASAP7_75t_R)
   7.50 11220.62 ^ _276097_/Y (INVx1_ASAP7_75t_R)
  29.56 11250.19 ^ _276098_/Y (AO32x2_ASAP7_75t_R)
  21.64 11271.83 v _279914_/Y (AOI21x1_ASAP7_75t_R)
  63.81 11335.64 ^ _280017_/Y (OAI21x1_ASAP7_75t_R)
  50.67 11386.31 v _326596_/Y (AOI22x1_ASAP7_75t_R)
  23.53 11409.84 v place19240/Y (BUFx6f_ASAP7_75t_R)
  20.37 11430.21 v place19238/Y (BUFx6f_ASAP7_75t_R)
  45.05 11475.26 v _334388_/Y (OA21x2_ASAP7_75t_R)
   8.07 11483.33 ^ _334389_/Y (NOR2x1_ASAP7_75t_R)
   0.12 11483.45 ^ _395836_/D (DFFHQNx1_ASAP7_75t_R)
        11483.45   data arrival time

12000.00 12000.00   clock core_clk (rise edge)
   0.00 12000.00   clock source latency
   0.00 12000.00 ^ clk (in)
  45.24 12045.24 ^ wire32813/Y (BUFx12f_ASAP7_75t_R)
  51.74 12096.99 ^ clkbuf_0_clk/Y (BUFx24_ASAP7_75t_R)
  27.57 12124.55 ^ clkbuf_1_1_0_clk/Y (BUFx24_ASAP7_75t_R)
  22.94 12147.50 ^ clkbuf_2_3_0_clk/Y (BUFx24_ASAP7_75t_R)
  30.79 12178.29 ^ clkbuf_3_7_0_clk/Y (BUFx24_ASAP7_75t_R)
  26.19 12204.48 ^ clkbuf_4_14_0_clk/Y (BUFx24_ASAP7_75t_R)
  26.10 12230.58 ^ clkbuf_6_58_0_clk/Y (BUFx24_ASAP7_75t_R)
  21.09 12251.67 ^ clkbuf_7_116__f_clk/Y (BUFx24_ASAP7_75t_R)
  23.01 12274.67 ^ clkbuf_leaf_591_clk/Y (BUFx24_ASAP7_75t_R)
   1.96 12276.63 ^ _395836_/CLK (DFFHQNx1_ASAP7_75t_R)
 -50.00 12226.63   clock uncertainty
   4.46 12231.09   clock reconvergence pessimism
 -10.99 12220.11   library setup time
        12220.11   data required time
---------------------------------------------------------
        12220.11   data required time
        -11483.45   data arrival time
---------------------------------------------------------
         736.65   slack (MET)


Startpoint: _386358_ (rising edge-triggered flip-flop clocked by core_clk)
Endpoint: _395836_ (rising edge-triggered flip-flop clocked by core_clk)
Path Group: reg2reg
Path Type: max

  Delay    Time   Description
---------------------------------------------------------
   0.00    0.00   clock core_clk (rise edge)
   0.00    0.00   clock source latency
   0.00    0.00 ^ clk (in)
  46.36   46.36 ^ wire32813/Y (BUFx12f_ASAP7_75t_R)
  53.38   99.75 ^ clkbuf_0_clk/Y (BUFx24_ASAP7_75t_R)
  28.51  128.26 ^ clkbuf_1_1_0_clk/Y (BUFx24_ASAP7_75t_R)
  23.70  151.96 ^ clkbuf_2_3_0_clk/Y (BUFx24_ASAP7_75t_R)
  32.83  184.79 ^ clkbuf_3_6_0_clk/Y (BUFx24_ASAP7_75t_R)
  26.85  211.64 ^ clkbuf_4_12_0_clk/Y (BUFx24_ASAP7_75t_R)
  27.58  239.22 ^ clkbuf_6_48_0_clk/Y (BUFx24_ASAP7_75t_R)
  22.29  261.50 ^ clkbuf_7_96__f_clk/Y (BUFx24_ASAP7_75t_R)
  24.98  286.48 ^ clkbuf_leaf_385_clk/Y (BUFx24_ASAP7_75t_R)
   2.87  289.35 ^ _386358_/CLK (DFFHQNx1_ASAP7_75t_R)
  78.73  368.08 v _386358_/QN (DFFHQNx1_ASAP7_75t_R)
  72.17  440.25 v _210677_/Y (OR4x2_ASAP7_75t_R)
  57.30  497.55 v place32433/Y (BUFx3_ASAP7_75t_R)
  66.16  563.70 v _210741_/Y (AND4x1_ASAP7_75t_R)
  34.66  598.36 v _210744_/Y (OA21x2_ASAP7_75t_R)
  54.90  653.26 v _210745_/Y (AND2x2_ASAP7_75t_R)
 123.11  776.37 v place31673/Y (BUFx3_ASAP7_75t_R)
  84.48  860.85 v _211121_/Y (OR3x2_ASAP7_75t_R)
  63.46  924.30 v _211124_/Y (OR2x2_ASAP7_75t_R)
 184.30 1108.60 v place30877/Y (BUFx3_ASAP7_75t_R)
  36.89 1145.49 v _214083_/Y (OA22x2_ASAP7_75t_R)
  14.64 1160.12 v _214088_/Y (AND4x1_ASAP7_75t_R)
  41.58 1201.70 ^ _214089_/Y (NAND3x1_ASAP7_75t_R)
  38.34 1240.04 v _214126_/Y (AOI221x1_ASAP7_75t_R)
  42.21 1282.25 v _214127_/Y (AND5x1_ASAP7_75t_R)
  29.72 1311.97 v _214553_/Y (AND4x1_ASAP7_75t_R)
  18.77 1330.74 v place29280/Y (BUFx3_ASAP7_75t_R)
  24.65 1355.40 ^ _214554_/Y (NAND3x1_ASAP7_75t_R)
  27.93 1383.33 ^ _217167_/Y (AND4x1_ASAP7_75t_R)
  27.87 1411.20 ^ _217174_/Y (AO221x1_ASAP7_75t_R)
  21.95 1433.15 ^ _217198_/Y (AO31x2_ASAP7_75t_R)
  20.25 1453.40 ^ place27934/Y (BUFx3_ASAP7_75t_R)
  10.70 1464.09 v _217278_/Y (OAI21x1_ASAP7_75t_R)
  25.57 1489.67 v _217284_/Y (OA211x2_ASAP7_75t_R)
  40.05 1529.72 v _217285_/Y (OR5x1_ASAP7_75t_R)
  33.32 1563.03 v _217286_/Y (MAJx2_ASAP7_75t_R)
  22.44 1585.48 v _217372_/Y (OA21x2_ASAP7_75t_R)
  24.83 1610.31 v _217375_/Y (OA222x2_ASAP7_75t_R)
  19.50 1629.81 v _217380_/Y (AND5x2_ASAP7_75t_R)
  30.66 1660.47 v _217382_/Y (OR3x2_ASAP7_75t_R)
  16.39 1676.87 ^ _217409_/Y (AOI21x1_ASAP7_75t_R)
  18.55 1695.42 ^ place26693/Y (BUFx3_ASAP7_75t_R)
   8.11 1703.53 v _217416_/Y (AOI211x1_ASAP7_75t_R)
  25.15 1728.67 ^ _217417_/Y (AOI221x1_ASAP7_75t_R)
  16.16 1744.84 v _217423_/Y (INVx1_ASAP7_75t_R)
  19.75 1764.59 v _217485_/Y (AO21x1_ASAP7_75t_R)
  32.05 1796.64 v _217488_/Y (AO21x1_ASAP7_75t_R)
  32.36 1829.00 v _217532_/Y (OA211x2_ASAP7_75t_R)
  21.82 1850.82 v _217533_/Y (XOR2x2_ASAP7_75t_R)
  21.19 1872.02 v _217545_/Y (MAJx2_ASAP7_75t_R)
  24.09 1896.11 v _217561_/Y (AO32x1_ASAP7_75t_R)
  24.73 1920.85 v _217562_/Y (MAJx2_ASAP7_75t_R)
  24.59 1945.43 v _217577_/Y (OA21x2_ASAP7_75t_R)
  16.90 1962.33 v place26187/Y (BUFx3_ASAP7_75t_R)
   8.47 1970.80 ^ _217612_/Y (NOR2x1_ASAP7_75t_R)
  27.24 1998.03 ^ _217613_/Y (XNOR2x2_ASAP7_75t_R)
  12.03 2010.07 v _217620_/Y (NOR2x1_ASAP7_75t_R)
  18.03 2028.09 ^ _217622_/Y (AOI22x1_ASAP7_75t_R)
  14.20 2042.29 v _217623_/Y (AOI21x1_ASAP7_75t_R)
  26.81 2069.11 v _217624_/Y (MAJx2_ASAP7_75t_R)
  28.30 2097.41 v _217669_/Y (AO32x1_ASAP7_75t_R)
  24.62 2122.03 v _217723_/Y (OR3x1_ASAP7_75t_R)
  26.03 2148.07 v _217732_/Y (AO221x1_ASAP7_75t_R)
  13.78 2161.85 ^ _217733_/Y (NAND3x1_ASAP7_75t_R)
  26.69 2188.54 ^ _217734_/Y (MAJx2_ASAP7_75t_R)
  21.78 2210.32 ^ _217735_/Y (MAJx2_ASAP7_75t_R)
  23.07 2233.39 ^ _217740_/Y (MAJx2_ASAP7_75t_R)
  25.63 2259.02 ^ _217741_/Y (AO221x1_ASAP7_75t_R)
  27.32 2286.34 ^ _217755_/Y (AO31x2_ASAP7_75t_R)
  23.88 2310.22 ^ _217807_/Y (AND3x1_ASAP7_75t_R)
  27.67 2337.89 v _217808_/Y (XNOR2x2_ASAP7_75t_R)
  18.85 2356.74 v _217809_/Y (OR2x2_ASAP7_75t_R)
  17.53 2374.28 v _217817_/Y (AO211x2_ASAP7_75t_R)
  30.10 2404.38 v _217818_/Y (AO32x2_ASAP7_75t_R)
  22.30 2426.68 v _217848_/Y (AO31x2_ASAP7_75t_R)
  28.77 2455.44 ^ _217853_/Y (AOI22x1_ASAP7_75t_R)
  21.88 2477.33 ^ _217888_/Y (AND2x2_ASAP7_75t_R)
  26.93 2504.26 v _217889_/Y (XNOR2x2_ASAP7_75t_R)
  21.61 2525.87 v _217890_/Y (OR2x2_ASAP7_75t_R)
  21.01 2546.88 v _217897_/Y (AO21x1_ASAP7_75t_R)
  16.97 2563.85 v _217898_/Y (AND2x2_ASAP7_75t_R)
  21.77 2585.62 v _217959_/Y (OA211x2_ASAP7_75t_R)
  19.67 2605.30 v _217960_/Y (OA21x2_ASAP7_75t_R)
  25.79 2631.08 v _218017_/Y (OA211x2_ASAP7_75t_R)
  21.46 2652.55 v _218018_/Y (XOR2x2_ASAP7_75t_R)
  27.77 2680.32 v _218038_/Y (OR4x1_ASAP7_75t_R)
  25.54 2705.86 v _218040_/Y (AO221x1_ASAP7_75t_R)
  33.42 2739.28 v _218043_/Y (AO33x2_ASAP7_75t_R)
  21.51 2760.79 v _218044_/Y (MAJx2_ASAP7_75t_R)
  27.13 2787.92 v _218049_/Y (MAJx3_ASAP7_75t_R)
  26.90 2814.82 v _218087_/Y (OA21x2_ASAP7_75t_R)
  16.18 2831.00 v _218091_/Y (AND2x4_ASAP7_75t_R)
  16.33 2847.33 v _218092_/Y (OA21x2_ASAP7_75t_R)
  25.31 2872.64 v _218093_/Y (OA222x2_ASAP7_75t_R)
  23.48 2896.12 v _218106_/Y (MAJx2_ASAP7_75t_R)
  29.73 2925.85 v _218130_/Y (AO32x2_ASAP7_75t_R)
  22.65 2948.50 v _218150_/Y (OA21x2_ASAP7_75t_R)
  28.49 2976.99 v _218190_/Y (OA211x2_ASAP7_75t_R)
  24.86 3001.85 v _218211_/Y (OA31x2_ASAP7_75t_R)
  27.47 3029.33 v _218260_/Y (AO32x1_ASAP7_75t_R)
  29.59 3058.92 v _218261_/Y (OR3x1_ASAP7_75t_R)
  24.00 3082.93 v _218270_/Y (OA22x2_ASAP7_75t_R)
  27.43 3110.35 v _218271_/Y (AO22x2_ASAP7_75t_R)
  30.15 3140.50 v _218276_/Y (AO22x2_ASAP7_75t_R)
  25.72 3166.22 v _218298_/Y (AO21x2_ASAP7_75t_R)
  16.65 3182.86 v place25618/Y (BUFx3_ASAP7_75t_R)
  15.38 3198.24 v _218449_/Y (AO21x1_ASAP7_75t_R)
   9.59 3207.83 ^ _218451_/Y (NAND2x1_ASAP7_75t_R)
  26.58 3234.41 ^ _218457_/Y (AO221x1_ASAP7_75t_R)
  24.62 3259.03 ^ _218458_/Y (AO32x1_ASAP7_75t_R)
  23.32 3282.35 ^ _218461_/Y (OA31x2_ASAP7_75t_R)
  28.12 3310.47 ^ _218493_/Y (OA21x2_ASAP7_75t_R)
  20.67 3331.14 v _218574_/Y (AOI21x1_ASAP7_75t_R)
  22.37 3353.51 v _218632_/Y (OA21x2_ASAP7_75t_R)
  26.08 3379.59 v _218633_/Y (OR4x1_ASAP7_75t_R)
  31.56 3411.15 v _218634_/Y (OA211x2_ASAP7_75t_R)
  27.87 3439.02 v _218635_/Y (MAJx2_ASAP7_75t_R)
  36.50 3475.52 v _218642_/Y (OR5x1_ASAP7_75t_R)
  11.72 3487.23 ^ _218643_/Y (OAI21x1_ASAP7_75t_R)
  15.75 3502.99 v _218664_/Y (OAI21x1_ASAP7_75t_R)
  20.23 3523.21 ^ _218760_/Y (AOI211x1_ASAP7_75t_R)
  27.31 3550.52 ^ _218763_/Y (OR2x2_ASAP7_75t_R)
  17.02 3567.55 ^ place25429/Y (BUFx6f_ASAP7_75t_R)
  13.87 3581.42 ^ place25427/Y (BUFx3_ASAP7_75t_R)
  18.86 3600.27 ^ _218821_/Y (OA21x2_ASAP7_75t_R)
  27.59 3627.86 v _218822_/Y (XNOR2x2_ASAP7_75t_R)
  16.50 3644.36 v _218823_/Y (AND2x2_ASAP7_75t_R)
  22.67 3667.03 v _218824_/Y (MAJx2_ASAP7_75t_R)
  23.76 3690.79 v _218825_/Y (MAJx2_ASAP7_75t_R)
  19.55 3710.34 ^ _218826_/Y (AOI221x1_ASAP7_75t_R)
  15.68 3726.03 v _218981_/Y (OAI21x1_ASAP7_75t_R)
  19.58 3745.61 v place25318/Y (BUFx6f_ASAP7_75t_R)
  26.00 3771.61 ^ _218987_/Y (NOR2x1_ASAP7_75t_R)
  26.36 3797.97 ^ _218995_/Y (OA22x2_ASAP7_75t_R)
  16.88 3814.85 ^ _219001_/Y (AO31x2_ASAP7_75t_R)
  35.48 3850.33 ^ _219008_/Y (AO221x1_ASAP7_75t_R)
  31.33 3881.67 ^ _219217_/Y (AO211x2_ASAP7_75t_R)
  28.93 3910.60 ^ _219222_/Y (AND5x2_ASAP7_75t_R)
  38.18 3948.78 ^ _219231_/Y (OA31x2_ASAP7_75t_R)
  23.43 3972.21 ^ place25226/Y (BUFx6f_ASAP7_75t_R)
  16.81 3989.02 ^ _219398_/Y (AND2x4_ASAP7_75t_R)
  25.68 4014.70 v _219399_/Y (XNOR2x2_ASAP7_75t_R)
  22.75 4037.45 v _219451_/Y (AO32x1_ASAP7_75t_R)
  18.59 4056.04 v _219459_/Y (OA21x2_ASAP7_75t_R)
  33.16 4089.20 v _219485_/Y (OA221x2_ASAP7_75t_R)
  18.78 4107.99 v place25136/Y (BUFx6f_ASAP7_75t_R)
  14.01 4121.99 ^ _219494_/Y (AOI21x1_ASAP7_75t_R)
  25.52 4147.51 ^ _219611_/Y (AND4x1_ASAP7_75t_R)
  22.18 4169.69 v _219612_/Y (AOI221x1_ASAP7_75t_R)
  18.86 4188.55 ^ _219633_/Y (AOI22x1_ASAP7_75t_R)
  28.58 4217.13 ^ _219634_/Y (OA31x2_ASAP7_75t_R)
  24.23 4241.36 ^ _219653_/Y (AO221x1_ASAP7_75t_R)
  28.26 4269.62 ^ _219666_/Y (AO31x2_ASAP7_75t_R)
  29.11 4298.74 ^ _219763_/Y (AO21x1_ASAP7_75t_R)
  17.66 4316.40 ^ place25012/Y (BUFx6f_ASAP7_75t_R)
  23.60 4339.99 ^ _220048_/Y (AO31x2_ASAP7_75t_R)
  20.05 4360.04 ^ _220050_/Y (AND2x2_ASAP7_75t_R)
  29.07 4389.11 v _220051_/Y (XNOR2x2_ASAP7_75t_R)
  18.96 4408.07 v _220065_/Y (OA31x2_ASAP7_75t_R)
  35.45 4443.52 v _220113_/Y (OR5x1_ASAP7_75t_R)
  22.72 4466.24 v _220143_/Y (AO211x2_ASAP7_75t_R)
  19.49 4485.73 v _220166_/Y (AO31x2_ASAP7_75t_R)
  30.48 4516.21 ^ _220179_/Y (AOI21x1_ASAP7_75t_R)
  24.05 4540.26 ^ place24895/Y (BUFx6f_ASAP7_75t_R)
  16.95 4557.22 ^ _220392_/Y (OA21x2_ASAP7_75t_R)
  27.86 4585.08 ^ _220393_/Y (AO22x1_ASAP7_75t_R)
  21.01 4606.09 ^ _220394_/Y (OR2x2_ASAP7_75t_R)
  17.94 4624.03 ^ _220395_/Y (AO211x2_ASAP7_75t_R)
  11.10 4635.14 v _220397_/Y (AOI22x1_ASAP7_75t_R)
  40.25 4675.38 v _220465_/Y (OR3x2_ASAP7_75t_R)
  29.50 4704.89 v _220567_/Y (AO21x1_ASAP7_75t_R)
  29.10 4733.99 v _220642_/Y (OA211x2_ASAP7_75t_R)
  23.82 4757.81 v _220643_/Y (XOR2x2_ASAP7_75t_R)
  22.52 4780.32 v _220786_/Y (AO22x2_ASAP7_75t_R)
  29.95 4810.27 v _220802_/Y (OR4x1_ASAP7_75t_R)
  34.92 4845.19 v _220811_/Y (AO32x1_ASAP7_75t_R)
  23.17 4868.36 v place24708/Y (BUFx3_ASAP7_75t_R)
  27.19 4895.55 v _220958_/Y (AO221x1_ASAP7_75t_R)
  29.28 4924.83 v _220959_/Y (OA211x2_ASAP7_75t_R)
  25.77 4950.60 v _221039_/Y (OA211x2_ASAP7_75t_R)
  23.26 4973.86 v _221040_/Y (XNOR2x2_ASAP7_75t_R)
  28.48 5002.33 v _221138_/Y (OA221x2_ASAP7_75t_R)
  27.81 5030.14 v _221139_/Y (OA211x2_ASAP7_75t_R)
  18.14 5048.28 v _221142_/Y (OA21x2_ASAP7_75t_R)
  19.05 5067.33 v _221143_/Y (OA21x2_ASAP7_75t_R)
  20.53 5087.86 v _221176_/Y (OA21x2_ASAP7_75t_R)
  26.41 5114.27 v _221217_/Y (AO21x2_ASAP7_75t_R)
  23.48 5137.75 v _221338_/Y (AND2x2_ASAP7_75t_R)
  24.63 5162.38 v _221339_/Y (XOR2x2_ASAP7_75t_R)
  25.50 5187.88 v _221375_/Y (OA211x2_ASAP7_75t_R)
  23.13 5211.01 ^ _221376_/Y (AOI211x1_ASAP7_75t_R)
  34.01 5245.02 ^ _221592_/Y (AO211x2_ASAP7_75t_R)
  22.74 5267.77 ^ _221600_/Y (AO31x2_ASAP7_75t_R)
  33.20 5300.97 ^ _221602_/Y (AND5x2_ASAP7_75t_R)
  18.34 5319.30 ^ place24445/Y (BUFx3_ASAP7_75t_R)
  18.45 5337.75 ^ _221804_/Y (OA31x2_ASAP7_75t_R)
  30.50 5368.25 v _221805_/Y (XNOR2x2_ASAP7_75t_R)
  21.55 5389.80 v _221841_/Y (OR2x2_ASAP7_75t_R)
  21.05 5410.85 v _221842_/Y (MAJx2_ASAP7_75t_R)
  22.37 5433.22 v _221846_/Y (MAJx2_ASAP7_75t_R)
  21.24 5454.46 v _221882_/Y (AND5x1_ASAP7_75t_R)
  22.01 5476.48 ^ _221926_/Y (OAI21x1_ASAP7_75t_R)
  22.89 5499.37 ^ place24326/Y (BUFx3_ASAP7_75t_R)
  20.13 5519.50 v _222073_/Y (AOI211x1_ASAP7_75t_R)
  23.73 5543.23 v _222155_/Y (OA21x2_ASAP7_75t_R)
  26.49 5569.73 ^ _222156_/Y (XOR2x2_ASAP7_75t_R)
  20.86 5590.59 ^ place24271/Y (BUFx3_ASAP7_75t_R)
  14.54 5605.13 v _222157_/Y (INVx1_ASAP7_75t_R)
  24.51 5629.64 v _222163_/Y (MAJx2_ASAP7_75t_R)
  14.56 5644.20 ^ _222164_/Y (AOI21x1_ASAP7_75t_R)
  22.53 5666.73 v _222322_/Y (NOR2x1_ASAP7_75t_R)
  29.06 5695.79 v _222326_/Y (AO22x2_ASAP7_75t_R)
  38.00 5733.79 v _222333_/Y (AO221x2_ASAP7_75t_R)
  22.34 5756.13 v place24142/Y (BUFx6f_ASAP7_75t_R)
  18.29 5774.42 v _222673_/Y (AO21x1_ASAP7_75t_R)
  20.52 5794.94 v _222675_/Y (AO22x2_ASAP7_75t_R)
  18.78 5813.72 v place24098/Y (BUFx3_ASAP7_75t_R)
  23.76 5837.47 v _222776_/Y (MAJx2_ASAP7_75t_R)
  15.23 5852.70 v _222872_/Y (OA21x2_ASAP7_75t_R)
  27.16 5879.86 v _222915_/Y (OR4x1_ASAP7_75t_R)
  32.98 5912.84 v _222917_/Y (OA211x2_ASAP7_75t_R)
  32.44 5945.28 v _222939_/Y (AO221x1_ASAP7_75t_R)
  28.98 5974.26 v _222940_/Y (AO211x2_ASAP7_75t_R)
  22.37 5996.64 v place23985/Y (BUFx6f_ASAP7_75t_R)
  15.90 6012.54 ^ _223249_/Y (NAND3x1_ASAP7_75t_R)
  20.47 6033.01 ^ _223250_/Y (AND3x1_ASAP7_75t_R)
  20.05 6053.07 ^ _223252_/Y (OA211x2_ASAP7_75t_R)
  20.56 6073.63 ^ _223253_/Y (AND3x1_ASAP7_75t_R)
  31.59 6105.22 ^ _223254_/Y (AND5x1_ASAP7_75t_R)
  30.44 6135.66 ^ _223255_/Y (AND5x1_ASAP7_75t_R)
  16.83 6152.49 ^ _223256_/Y (OR4x2_ASAP7_75t_R)
  20.81 6173.30 ^ place23853/Y (BUFx3_ASAP7_75t_R)
  19.61 6192.91 v _223257_/Y (NOR2x2_ASAP7_75t_R)
  16.90 6209.81 v place23846/Y (BUFx6f_ASAP7_75t_R)
  27.25 6237.06 v _223374_/Y (OR4x1_ASAP7_75t_R)
  19.72 6256.78 v _223375_/Y (AND4x1_ASAP7_75t_R)
  23.41 6280.19 ^ _223376_/Y (XNOR2x2_ASAP7_75t_R)
  17.46 6297.65 ^ _223377_/Y (AND2x2_ASAP7_75t_R)
  35.53 6333.18 ^ _223439_/Y (AND5x1_ASAP7_75t_R)
  16.52 6349.70 ^ place23753/Y (BUFx6f_ASAP7_75t_R)
  13.24 6362.94 v _223668_/Y (NAND3x1_ASAP7_75t_R)
  25.71 6388.65 v place23730/Y (BUFx3_ASAP7_75t_R)
  32.27 6420.92 v _223817_/Y (AO32x1_ASAP7_75t_R)
  22.94 6443.86 v _223977_/Y (XOR2x2_ASAP7_75t_R)
  22.04 6465.90 v _223993_/Y (MAJx2_ASAP7_75t_R)
  39.30 6505.20 v _223994_/Y (OR4x2_ASAP7_75t_R)
  13.94 6519.14 ^ _223995_/Y (AOI21x1_ASAP7_75t_R)
  23.10 6542.24 ^ _224023_/Y (OA31x2_ASAP7_75t_R)
  18.18 6560.42 ^ _224027_/Y (AO21x2_ASAP7_75t_R)
  24.24 6584.66 ^ _224028_/Y (AO211x2_ASAP7_75t_R)
  16.81 6601.47 ^ place23565/Y (BUFx6f_ASAP7_75t_R)
   9.06 6610.53 v _224375_/Y (NAND2x1_ASAP7_75t_R)
  33.83 6644.37 v _224386_/Y (OR5x1_ASAP7_75t_R)
  17.14 6661.51 v _224387_/Y (AND4x1_ASAP7_75t_R)
  44.16 6705.67 v _224397_/Y (OR5x1_ASAP7_75t_R)
  22.25 6727.92 v place23468/Y (BUFx3_ASAP7_75t_R)
  10.24 6738.16 ^ _224398_/Y (AOI211x1_ASAP7_75t_R)
  28.30 6766.46 ^ _224454_/Y (OA21x2_ASAP7_75t_R)
  30.34 6796.79 ^ _224494_/Y (OR3x2_ASAP7_75t_R)
  21.40 6818.19 ^ place23431/Y (BUFx3_ASAP7_75t_R)
  19.94 6838.12 ^ _224898_/Y (OA21x2_ASAP7_75t_R)
  22.56 6860.69 ^ _224899_/Y (AND3x1_ASAP7_75t_R)
  22.55 6883.24 ^ _224900_/Y (XNOR2x2_ASAP7_75t_R)
  21.37 6904.61 ^ _224902_/Y (OA211x2_ASAP7_75t_R)
  23.62 6928.22 ^ _224913_/Y (AND3x1_ASAP7_75t_R)
  23.48 6951.70 ^ _224922_/Y (AND3x1_ASAP7_75t_R)
  25.19 6976.89 ^ _224933_/Y (AND3x1_ASAP7_75t_R)
  19.12 6996.02 ^ place23290/Y (BUFx6f_ASAP7_75t_R)
  30.94 7026.96 ^ place23289/Y (BUFx3_ASAP7_75t_R)
  19.71 7046.66 ^ _225100_/Y (AO21x1_ASAP7_75t_R)
  29.90 7076.56 v _225101_/Y (XNOR2x2_ASAP7_75t_R)
  11.40 7087.96 ^ _225293_/Y (NAND2x1_ASAP7_75t_R)
  30.99 7118.96 ^ _225317_/Y (AND5x1_ASAP7_75t_R)
  28.10 7147.06 ^ _225318_/Y (AND4x1_ASAP7_75t_R)
  36.48 7183.54 ^ _225319_/Y (AND5x1_ASAP7_75t_R)
  17.73 7201.27 ^ _225371_/Y (OR4x2_ASAP7_75t_R)
  16.77 7218.04 ^ _225393_/Y (AO21x1_ASAP7_75t_R)
  29.53 7247.57 ^ place23178/Y (BUFx3_ASAP7_75t_R)
  37.73 7285.29 ^ _225573_/Y (AO211x2_ASAP7_75t_R)
  19.49 7304.79 ^ _225574_/Y (OA31x2_ASAP7_75t_R)
  23.24 7328.02 ^ _225585_/Y (OA31x2_ASAP7_75t_R)
  18.00 7346.02 ^ _225597_/Y (OR3x1_ASAP7_75t_R)
  25.88 7371.90 ^ _225616_/Y (AO211x2_ASAP7_75t_R)
  26.10 7397.99 ^ _225664_/Y (AO211x2_ASAP7_75t_R)
  23.95 7421.94 ^ _225676_/Y (AND3x1_ASAP7_75t_R)
  27.71 7449.65 ^ _225721_/Y (OA211x2_ASAP7_75t_R)
  31.24 7480.89 ^ _225732_/Y (AO221x1_ASAP7_75t_R)
  30.11 7511.00 v _225983_/Y (XNOR2x2_ASAP7_75t_R)
  41.29 7552.29 v _225996_/Y (OR5x1_ASAP7_75t_R)
  25.29 7577.58 ^ _225997_/Y (AOI211x1_ASAP7_75t_R)
  40.21 7617.78 ^ _225998_/Y (AND4x2_ASAP7_75t_R)
  15.06 7632.85 v _226127_/Y (OAI21x1_ASAP7_75t_R)
  23.71 7656.56 v _226147_/Y (AND3x1_ASAP7_75t_R)
  26.74 7683.30 v place22877/Y (BUFx3_ASAP7_75t_R)
  28.56 7711.86 v _226283_/Y (OR3x1_ASAP7_75t_R)
  19.74 7731.60 v _226345_/Y (AO21x1_ASAP7_75t_R)
  18.15 7749.75 v _226349_/Y (AND2x2_ASAP7_75t_R)
  20.83 7770.59 v _226351_/Y (OR3x1_ASAP7_75t_R)
  16.86 7787.45 v _226353_/Y (AND4x1_ASAP7_75t_R)
  27.94 7815.39 ^ _226637_/Y (AOI221x1_ASAP7_75t_R)
  28.07 7843.45 ^ place22754/Y (BUFx3_ASAP7_75t_R)
  24.02 7867.48 ^ _226639_/Y (OA21x2_ASAP7_75t_R)
  20.84 7888.32 ^ _226653_/Y (OA21x2_ASAP7_75t_R)
  20.50 7908.82 ^ _226654_/Y (MAJx2_ASAP7_75t_R)
  18.99 7927.81 ^ _226655_/Y (MAJx2_ASAP7_75t_R)
  26.89 7954.70 v _226656_/Y (XNOR2x2_ASAP7_75t_R)
  22.19 7976.89 v _226657_/Y (AO21x1_ASAP7_75t_R)
  24.53 8001.41 ^ _226660_/Y (NAND3x1_ASAP7_75t_R)
  32.37 8033.79 ^ _226751_/Y (AO221x1_ASAP7_75t_R)
  13.43 8047.22 v _226798_/Y (AOI21x1_ASAP7_75t_R)
  38.64 8085.87 v _227061_/Y (OR4x2_ASAP7_75t_R)
  20.06 8105.93 v place22557/Y (BUFx6f_ASAP7_75t_R)
  26.15 8132.08 v place22554/Y (BUFx6f_ASAP7_75t_R)
  15.23 8147.30 v _227302_/Y (AND3x1_ASAP7_75t_R)
  22.08 8169.38 v _227309_/Y (OA22x2_ASAP7_75t_R)
  15.20 8184.58 v _227329_/Y (AND4x1_ASAP7_75t_R)
  32.89 8217.48 v _227484_/Y (OA211x2_ASAP7_75t_R)
  24.19 8241.66 v _227512_/Y (AND5x2_ASAP7_75t_R)
  28.22 8269.88 v _227530_/Y (OR3x1_ASAP7_75t_R)
  32.68 8302.56 v _227532_/Y (OR3x1_ASAP7_75t_R)
  26.40 8328.96 v place22396/Y (BUFx3_ASAP7_75t_R)
  20.79 8349.76 v place22395/Y (BUFx3_ASAP7_75t_R)
  21.30 8371.06 v _227733_/Y (AND2x2_ASAP7_75t_R)
  19.67 8390.73 v _227734_/Y (XNOR2x2_ASAP7_75t_R)
  24.47 8415.20 v _227763_/Y (AO221x1_ASAP7_75t_R)
  26.71 8441.92 v _227783_/Y (AO32x1_ASAP7_75t_R)
  19.06 8460.98 ^ _227860_/Y (OAI21x1_ASAP7_75t_R)
  19.06 8480.03 ^ place22249/Y (BUFx6f_ASAP7_75t_R)
   7.84 8487.87 v _227861_/Y (NAND2x1_ASAP7_75t_R)
  23.29 8511.16 v _227862_/Y (AND2x2_ASAP7_75t_R)
  20.46 8531.62 v place22223/Y (BUFx3_ASAP7_75t_R)
  37.01 8568.63 v _228259_/Y (OR5x1_ASAP7_75t_R)
  24.78 8593.42 v _228294_/Y (AND5x1_ASAP7_75t_R)
  23.63 8617.05 v _228295_/Y (AO221x1_ASAP7_75t_R)
  28.78 8645.83 v _228296_/Y (AO221x1_ASAP7_75t_R)
  23.44 8669.28 ^ _228325_/Y (NAND2x1_ASAP7_75t_R)
  36.12 8705.40 ^ _228377_/Y (AO221x2_ASAP7_75t_R)
  23.48 8728.87 v _228378_/Y (NAND2x1_ASAP7_75t_R)
  21.80 8750.67 v place22046/Y (BUFx6f_ASAP7_75t_R)
  15.34 8766.02 v place22045/Y (BUFx3_ASAP7_75t_R)
  24.33 8790.34 v _228623_/Y (AO21x1_ASAP7_75t_R)
  20.06 8810.41 v _228624_/Y (AND2x4_ASAP7_75t_R)
  22.30 8832.71 ^ _228937_/Y (XNOR2x2_ASAP7_75t_R)
  25.26 8857.97 ^ _228939_/Y (AND4x1_ASAP7_75t_R)
   9.81 8867.78 v _228940_/Y (NAND2x1_ASAP7_75t_R)
  38.59 8906.36 v _228953_/Y (OR4x1_ASAP7_75t_R)
  23.52 8929.89 v _229055_/Y (OA21x2_ASAP7_75t_R)
  19.63 8949.52 v _229056_/Y (OA21x2_ASAP7_75t_R)
  21.98 8971.50 v place21843/Y (BUFx3_ASAP7_75t_R)
  21.32 8992.82 v place21842/Y (BUFx3_ASAP7_75t_R)
  27.69 9020.50 v _229327_/Y (OR4x1_ASAP7_75t_R)
   8.34 9028.85 ^ _229328_/Y (OAI21x1_ASAP7_75t_R)
  10.79 9039.64 v _229333_/Y (AOI22x1_ASAP7_75t_R)
  30.11 9069.75 ^ _229353_/Y (AOI221x1_ASAP7_75t_R)
  39.81 9109.56 ^ _229638_/Y (AND5x1_ASAP7_75t_R)
  23.05 9132.61 ^ _229640_/Y (AO221x1_ASAP7_75t_R)
  18.12 9150.72 ^ place21684/Y (BUFx6f_ASAP7_75t_R)
  26.72 9177.44 ^ _229740_/Y (OA31x2_ASAP7_75t_R)
  23.79 9201.23 ^ _229741_/Y (XNOR2x2_ASAP7_75t_R)
  24.88 9226.11 v _229742_/Y (XNOR2x2_ASAP7_75t_R)
  28.23 9254.34 v _229743_/Y (AO221x1_ASAP7_75t_R)
  25.69 9280.03 ^ _229749_/Y (AOI211x1_ASAP7_75t_R)
  17.42 9297.45 v _229763_/Y (NOR2x2_ASAP7_75t_R)
  23.50 9320.94 ^ _230125_/Y (AOI211x1_ASAP7_75t_R)
  35.15 9356.10 ^ _230181_/Y (OA21x2_ASAP7_75t_R)
  29.06 9385.16 ^ _230419_/Y (OA21x2_ASAP7_75t_R)
  26.80 9411.96 v _230420_/Y (XNOR2x2_ASAP7_75t_R)
  20.59 9432.55 ^ _230421_/Y (XNOR2x2_ASAP7_75t_R)
  33.20 9465.75 ^ _230422_/Y (AND5x1_ASAP7_75t_R)
  36.61 9502.36 ^ _230446_/Y (AND5x1_ASAP7_75t_R)
  19.22 9521.58 ^ _230513_/Y (AO31x2_ASAP7_75t_R)
  18.91 9540.49 v _230514_/Y (AOI221x1_ASAP7_75t_R)
  13.14 9553.62 ^ _230515_/Y (OAI21x1_ASAP7_75t_R)
  18.11 9571.73 ^ place21065/Y (BUFx6f_ASAP7_75t_R)
  20.70 9592.43 ^ place21062/Y (BUFx6f_ASAP7_75t_R)
  24.09 9616.52 ^ _230817_/Y (AND2x2_ASAP7_75t_R)
  22.87 9639.39 ^ _230818_/Y (XNOR2x2_ASAP7_75t_R)
  26.37 9665.76 v _230819_/Y (XNOR2x2_ASAP7_75t_R)
  18.67 9684.43 v _230872_/Y (OR2x2_ASAP7_75t_R)
  24.96 9709.39 v _230897_/Y (OA33x2_ASAP7_75t_R)
  14.09 9723.48 v _230898_/Y (OA21x2_ASAP7_75t_R)
  31.91 9755.39 v _230906_/Y (OA211x2_ASAP7_75t_R)
  14.92 9770.30 ^ _230918_/Y (OAI21x1_ASAP7_75t_R)
  28.29 9798.60 ^ _230936_/Y (AO21x2_ASAP7_75t_R)
  27.78 9826.38 ^ place20920/Y (BUFx3_ASAP7_75t_R)
  26.68 9853.06 ^ _230992_/Y (AND3x2_ASAP7_75t_R)
  27.70 9880.76 v _231175_/Y (XNOR2x2_ASAP7_75t_R)
  21.05 9901.81 ^ _231176_/Y (XNOR2x2_ASAP7_75t_R)
  30.20 9932.01 ^ _231180_/Y (AND4x1_ASAP7_75t_R)
   9.20 9941.21 v _231314_/Y (NAND3x1_ASAP7_75t_R)
  38.39 9979.59 v _231315_/Y (OR5x1_ASAP7_75t_R)
  26.97 10006.56 v _231371_/Y (AND5x2_ASAP7_75t_R)
  24.26 10030.82 ^ _231376_/Y (NAND2x1p5_ASAP7_75t_R)
  22.71 10053.53 ^ place20787/Y (BUFx6f_ASAP7_75t_R)
  17.49 10071.02 ^ _231559_/Y (AND2x2_ASAP7_75t_R)
  31.16 10102.19 v _231560_/Y (XNOR2x2_ASAP7_75t_R)
  13.09 10115.27 ^ _231561_/Y (NAND2x1_ASAP7_75t_R)
  31.86 10147.13 ^ _231575_/Y (AND5x2_ASAP7_75t_R)
  26.94 10174.07 ^ _231624_/Y (AND5x1_ASAP7_75t_R)
  25.61 10199.68 ^ _231625_/Y (OA211x2_ASAP7_75t_R)
  17.32 10217.00 ^ _231626_/Y (AND2x4_ASAP7_75t_R)
  26.23 10243.23 ^ _231767_/Y (AO211x2_ASAP7_75t_R)
  21.11 10264.34 ^ place20675/Y (BUFx6f_ASAP7_75t_R)
  21.03 10285.37 ^ _231908_/Y (AND2x2_ASAP7_75t_R)
  19.64 10305.02 v _231909_/Y (XOR2x2_ASAP7_75t_R)
  24.34 10329.36 v _231919_/Y (AO221x1_ASAP7_75t_R)
  28.15 10357.51 v _231938_/Y (OR5x1_ASAP7_75t_R)
  22.79 10380.30 v _231957_/Y (AO32x1_ASAP7_75t_R)
  24.61 10404.91 v _232004_/Y (OA221x2_ASAP7_75t_R)
  36.17 10441.08 v _232005_/Y (OR4x1_ASAP7_75t_R)
  30.54 10471.62 ^ _232006_/Y (NAND3x2_ASAP7_75t_R)
  32.90 10504.52 ^ _232185_/Y (AO22x1_ASAP7_75t_R)
  16.77 10521.29 ^ _232187_/Y (AO21x1_ASAP7_75t_R)
  24.18 10545.47 v _232190_/Y (AOI21x1_ASAP7_75t_R)
  31.91 10577.37 v _232248_/Y (OR3x1_ASAP7_75t_R)
  23.89 10601.26 v _232279_/Y (AO21x1_ASAP7_75t_R)
  29.13 10630.39 v _232503_/Y (AO22x2_ASAP7_75t_R)
  26.85 10657.23 ^ _232540_/Y (XNOR2x2_ASAP7_75t_R)
  22.11 10679.35 ^ _232542_/Y (AND3x2_ASAP7_75t_R)
  19.75 10699.10 ^ _232543_/Y (OR3x2_ASAP7_75t_R)
  17.79 10716.89 ^ place20232/Y (BUFx3_ASAP7_75t_R)
  17.03 10733.92 ^ _232615_/Y (AO31x2_ASAP7_75t_R)
  32.25 10766.17 ^ _232625_/Y (OA222x2_ASAP7_75t_R)
  21.07 10787.24 ^ _232638_/Y (MAJx2_ASAP7_75t_R)
  23.73 10810.97 ^ _232640_/Y (AO221x2_ASAP7_75t_R)
  14.66 10825.62 ^ place19938/Y (BUFx3_ASAP7_75t_R)
  22.91 10848.53 ^ _232669_/Y (AO31x2_ASAP7_75t_R)
  21.11 10869.64 v _232670_/Y (OAI21x1_ASAP7_75t_R)
  28.40 10898.05 v place19853/Y (BUFx3_ASAP7_75t_R)
  28.27 10926.32 v _233618_/Y (AO21x1_ASAP7_75t_R)
  31.54 10957.86 v _233619_/Y (OA211x2_ASAP7_75t_R)
  33.94 10991.80 v _233626_/Y (OR4x1_ASAP7_75t_R)
  27.61 11019.40 v _233632_/Y (OA211x2_ASAP7_75t_R)
  21.90 11041.31 v _233633_/Y (OA22x2_ASAP7_75t_R)
  22.25 11063.55 v _233721_/Y (AND5x2_ASAP7_75t_R)
  21.18 11084.73 v _233967_/Y (AND3x4_ASAP7_75t_R)
  22.92 11107.65 v _235036_/Y (AND5x2_ASAP7_75t_R)
  19.43 11127.08 v _235186_/Y (AND4x1_ASAP7_75t_R)
  16.80 11143.88 v _235297_/Y (AND3x2_ASAP7_75t_R)
  44.36 11188.25 v _235300_/Y (OR5x2_ASAP7_75t_R)
  24.88 11213.12 v place19574/Y (BUFx3_ASAP7_75t_R)
   7.50 11220.62 ^ _276097_/Y (INVx1_ASAP7_75t_R)
  29.56 11250.19 ^ _276098_/Y (AO32x2_ASAP7_75t_R)
  21.64 11271.83 v _279914_/Y (AOI21x1_ASAP7_75t_R)
  63.81 11335.64 ^ _280017_/Y (OAI21x1_ASAP7_75t_R)
  50.67 11386.31 v _326596_/Y (AOI22x1_ASAP7_75t_R)
  23.53 11409.84 v place19240/Y (BUFx6f_ASAP7_75t_R)
  20.37 11430.21 v place19238/Y (BUFx6f_ASAP7_75t_R)
  45.05 11475.26 v _334388_/Y (OA21x2_ASAP7_75t_R)
   8.07 11483.33 ^ _334389_/Y (NOR2x1_ASAP7_75t_R)
   0.12 11483.45 ^ _395836_/D (DFFHQNx1_ASAP7_75t_R)
        11483.45   data arrival time

12000.00 12000.00   clock core_clk (rise edge)
   0.00 12000.00   clock source latency
   0.00 12000.00 ^ clk (in)
  45.24 12045.24 ^ wire32813/Y (BUFx12f_ASAP7_75t_R)
  51.74 12096.99 ^ clkbuf_0_clk/Y (BUFx24_ASAP7_75t_R)
  27.57 12124.55 ^ clkbuf_1_1_0_clk/Y (BUFx24_ASAP7_75t_R)
  22.94 12147.50 ^ clkbuf_2_3_0_clk/Y (BUFx24_ASAP7_75t_R)
  30.79 12178.29 ^ clkbuf_3_7_0_clk/Y (BUFx24_ASAP7_75t_R)
  26.19 12204.48 ^ clkbuf_4_14_0_clk/Y (BUFx24_ASAP7_75t_R)
  26.10 12230.58 ^ clkbuf_6_58_0_clk/Y (BUFx24_ASAP7_75t_R)
  21.09 12251.67 ^ clkbuf_7_116__f_clk/Y (BUFx24_ASAP7_75t_R)
  23.01 12274.67 ^ clkbuf_leaf_591_clk/Y (BUFx24_ASAP7_75t_R)
   1.96 12276.63 ^ _395836_/CLK (DFFHQNx1_ASAP7_75t_R)
 -50.00 12226.63   clock uncertainty
   4.46 12231.09   clock reconvergence pessimism
 -10.99 12220.11   library setup time
        12220.11   data required time
---------------------------------------------------------
        12220.11   data required time
        -11483.45   data arrival time
---------------------------------------------------------
         736.65   slack (MET)


Startpoint: _386358_ (rising edge-triggered flip-flop clocked by core_clk)
Endpoint: _395836_ (rising edge-triggered flip-flop clocked by core_clk)
Path Group: reg2reg
Path Type: max

  Delay    Time   Description
---------------------------------------------------------
   0.00    0.00   clock core_clk (rise edge)
   0.00    0.00   clock source latency
   0.00    0.00 ^ clk (in)
  46.36   46.36 ^ wire32813/Y (BUFx12f_ASAP7_75t_R)
  53.38   99.75 ^ clkbuf_0_clk/Y (BUFx24_ASAP7_75t_R)
  28.51  128.26 ^ clkbuf_1_1_0_clk/Y (BUFx24_ASAP7_75t_R)
  23.70  151.96 ^ clkbuf_2_3_0_clk/Y (BUFx24_ASAP7_75t_R)
  32.83  184.79 ^ clkbuf_3_6_0_clk/Y (BUFx24_ASAP7_75t_R)
  26.85  211.64 ^ clkbuf_4_12_0_clk/Y (BUFx24_ASAP7_75t_R)
  27.58  239.22 ^ clkbuf_6_48_0_clk/Y (BUFx24_ASAP7_75t_R)
  22.29  261.50 ^ clkbuf_7_96__f_clk/Y (BUFx24_ASAP7_75t_R)
  24.98  286.48 ^ clkbuf_leaf_385_clk/Y (BUFx24_ASAP7_75t_R)
   2.87  289.35 ^ _386358_/CLK (DFFHQNx1_ASAP7_75t_R)
  78.73  368.08 v _386358_/QN (DFFHQNx1_ASAP7_75t_R)
  72.17  440.25 v _210677_/Y (OR4x2_ASAP7_75t_R)
  57.30  497.55 v place32433/Y (BUFx3_ASAP7_75t_R)
  66.16  563.70 v _210741_/Y (AND4x1_ASAP7_75t_R)
  34.66  598.36 v _210744_/Y (OA21x2_ASAP7_75t_R)
  54.90  653.26 v _210745_/Y (AND2x2_ASAP7_75t_R)
 123.11  776.37 v place31673/Y (BUFx3_ASAP7_75t_R)
  84.48  860.85 v _211121_/Y (OR3x2_ASAP7_75t_R)
  63.46  924.30 v _211124_/Y (OR2x2_ASAP7_75t_R)
 184.30 1108.60 v place30877/Y (BUFx3_ASAP7_75t_R)
  36.89 1145.49 v _214083_/Y (OA22x2_ASAP7_75t_R)
  14.64 1160.12 v _214088_/Y (AND4x1_ASAP7_75t_R)
  41.58 1201.70 ^ _214089_/Y (NAND3x1_ASAP7_75t_R)
  38.34 1240.04 v _214126_/Y (AOI221x1_ASAP7_75t_R)
  42.21 1282.25 v _214127_/Y (AND5x1_ASAP7_75t_R)
  29.72 1311.97 v _214553_/Y (AND4x1_ASAP7_75t_R)
  18.77 1330.74 v place29280/Y (BUFx3_ASAP7_75t_R)
  24.65 1355.40 ^ _214554_/Y (NAND3x1_ASAP7_75t_R)
  27.93 1383.33 ^ _217167_/Y (AND4x1_ASAP7_75t_R)
  27.87 1411.20 ^ _217174_/Y (AO221x1_ASAP7_75t_R)
  21.95 1433.15 ^ _217198_/Y (AO31x2_ASAP7_75t_R)
  20.25 1453.40 ^ place27934/Y (BUFx3_ASAP7_75t_R)
  10.70 1464.09 v _217278_/Y (OAI21x1_ASAP7_75t_R)
  25.57 1489.67 v _217284_/Y (OA211x2_ASAP7_75t_R)
  40.05 1529.72 v _217285_/Y (OR5x1_ASAP7_75t_R)
  33.32 1563.03 v _217286_/Y (MAJx2_ASAP7_75t_R)
  22.44 1585.48 v _217372_/Y (OA21x2_ASAP7_75t_R)
  24.83 1610.31 v _217375_/Y (OA222x2_ASAP7_75t_R)
  19.50 1629.81 v _217380_/Y (AND5x2_ASAP7_75t_R)
  30.66 1660.47 v _217382_/Y (OR3x2_ASAP7_75t_R)
  16.39 1676.87 ^ _217409_/Y (AOI21x1_ASAP7_75t_R)
  18.55 1695.42 ^ place26693/Y (BUFx3_ASAP7_75t_R)
   8.11 1703.53 v _217416_/Y (AOI211x1_ASAP7_75t_R)
  25.15 1728.67 ^ _217417_/Y (AOI221x1_ASAP7_75t_R)
  16.16 1744.84 v _217423_/Y (INVx1_ASAP7_75t_R)
  19.75 1764.59 v _217485_/Y (AO21x1_ASAP7_75t_R)
  32.05 1796.64 v _217488_/Y (AO21x1_ASAP7_75t_R)
  32.36 1829.00 v _217532_/Y (OA211x2_ASAP7_75t_R)
  21.82 1850.82 v _217533_/Y (XOR2x2_ASAP7_75t_R)
  21.19 1872.02 v _217545_/Y (MAJx2_ASAP7_75t_R)
  24.09 1896.11 v _217561_/Y (AO32x1_ASAP7_75t_R)
  24.73 1920.85 v _217562_/Y (MAJx2_ASAP7_75t_R)
  24.59 1945.43 v _217577_/Y (OA21x2_ASAP7_75t_R)
  16.90 1962.33 v place26187/Y (BUFx3_ASAP7_75t_R)
   8.47 1970.80 ^ _217612_/Y (NOR2x1_ASAP7_75t_R)
  27.24 1998.03 ^ _217613_/Y (XNOR2x2_ASAP7_75t_R)
  12.03 2010.07 v _217620_/Y (NOR2x1_ASAP7_75t_R)
  18.03 2028.09 ^ _217622_/Y (AOI22x1_ASAP7_75t_R)
  14.20 2042.29 v _217623_/Y (AOI21x1_ASAP7_75t_R)
  26.81 2069.11 v _217624_/Y (MAJx2_ASAP7_75t_R)
  28.30 2097.41 v _217669_/Y (AO32x1_ASAP7_75t_R)
  24.62 2122.03 v _217723_/Y (OR3x1_ASAP7_75t_R)
  26.03 2148.07 v _217732_/Y (AO221x1_ASAP7_75t_R)
  13.78 2161.85 ^ _217733_/Y (NAND3x1_ASAP7_75t_R)
  26.69 2188.54 ^ _217734_/Y (MAJx2_ASAP7_75t_R)
  21.78 2210.32 ^ _217735_/Y (MAJx2_ASAP7_75t_R)
  23.07 2233.39 ^ _217740_/Y (MAJx2_ASAP7_75t_R)
  25.63 2259.02 ^ _217741_/Y (AO221x1_ASAP7_75t_R)
  27.32 2286.34 ^ _217755_/Y (AO31x2_ASAP7_75t_R)
  23.88 2310.22 ^ _217807_/Y (AND3x1_ASAP7_75t_R)
  27.67 2337.89 v _217808_/Y (XNOR2x2_ASAP7_75t_R)
  18.85 2356.74 v _217809_/Y (OR2x2_ASAP7_75t_R)
  17.53 2374.28 v _217817_/Y (AO211x2_ASAP7_75t_R)
  30.10 2404.38 v _217818_/Y (AO32x2_ASAP7_75t_R)
  22.30 2426.68 v _217848_/Y (AO31x2_ASAP7_75t_R)
  28.77 2455.44 ^ _217853_/Y (AOI22x1_ASAP7_75t_R)
  21.88 2477.33 ^ _217888_/Y (AND2x2_ASAP7_75t_R)
  26.93 2504.26 v _217889_/Y (XNOR2x2_ASAP7_75t_R)
  21.61 2525.87 v _217890_/Y (OR2x2_ASAP7_75t_R)
  21.01 2546.88 v _217897_/Y (AO21x1_ASAP7_75t_R)
  16.97 2563.85 v _217898_/Y (AND2x2_ASAP7_75t_R)
  21.77 2585.62 v _217959_/Y (OA211x2_ASAP7_75t_R)
  19.67 2605.30 v _217960_/Y (OA21x2_ASAP7_75t_R)
  25.79 2631.08 v _218017_/Y (OA211x2_ASAP7_75t_R)
  21.46 2652.55 v _218018_/Y (XOR2x2_ASAP7_75t_R)
  27.77 2680.32 v _218038_/Y (OR4x1_ASAP7_75t_R)
  25.54 2705.86 v _218040_/Y (AO221x1_ASAP7_75t_R)
  33.42 2739.28 v _218043_/Y (AO33x2_ASAP7_75t_R)
  21.51 2760.79 v _218044_/Y (MAJx2_ASAP7_75t_R)
  27.13 2787.92 v _218049_/Y (MAJx3_ASAP7_75t_R)
  26.90 2814.82 v _218087_/Y (OA21x2_ASAP7_75t_R)
  16.18 2831.00 v _218091_/Y (AND2x4_ASAP7_75t_R)
  16.33 2847.33 v _218092_/Y (OA21x2_ASAP7_75t_R)
  25.31 2872.64 v _218093_/Y (OA222x2_ASAP7_75t_R)
  23.48 2896.12 v _218106_/Y (MAJx2_ASAP7_75t_R)
  29.73 2925.85 v _218130_/Y (AO32x2_ASAP7_75t_R)
  22.65 2948.50 v _218150_/Y (OA21x2_ASAP7_75t_R)
  28.49 2976.99 v _218190_/Y (OA211x2_ASAP7_75t_R)
  24.86 3001.85 v _218211_/Y (OA31x2_ASAP7_75t_R)
  27.47 3029.33 v _218260_/Y (AO32x1_ASAP7_75t_R)
  29.59 3058.92 v _218261_/Y (OR3x1_ASAP7_75t_R)
  24.00 3082.93 v _218270_/Y (OA22x2_ASAP7_75t_R)
  27.43 3110.35 v _218271_/Y (AO22x2_ASAP7_75t_R)
  30.15 3140.50 v _218276_/Y (AO22x2_ASAP7_75t_R)
  25.72 3166.22 v _218298_/Y (AO21x2_ASAP7_75t_R)
  16.65 3182.86 v place25618/Y (BUFx3_ASAP7_75t_R)
  15.38 3198.24 v _218449_/Y (AO21x1_ASAP7_75t_R)
   9.59 3207.83 ^ _218451_/Y (NAND2x1_ASAP7_75t_R)
  26.58 3234.41 ^ _218457_/Y (AO221x1_ASAP7_75t_R)
  24.62 3259.03 ^ _218458_/Y (AO32x1_ASAP7_75t_R)
  23.32 3282.35 ^ _218461_/Y (OA31x2_ASAP7_75t_R)
  28.12 3310.47 ^ _218493_/Y (OA21x2_ASAP7_75t_R)
  20.67 3331.14 v _218574_/Y (AOI21x1_ASAP7_75t_R)
  22.37 3353.51 v _218632_/Y (OA21x2_ASAP7_75t_R)
  26.08 3379.59 v _218633_/Y (OR4x1_ASAP7_75t_R)
  31.56 3411.15 v _218634_/Y (OA211x2_ASAP7_75t_R)
  27.87 3439.02 v _218635_/Y (MAJx2_ASAP7_75t_R)
  36.50 3475.52 v _218642_/Y (OR5x1_ASAP7_75t_R)
  11.72 3487.23 ^ _218643_/Y (OAI21x1_ASAP7_75t_R)
  15.75 3502.99 v _218664_/Y (OAI21x1_ASAP7_75t_R)
  20.23 3523.21 ^ _218760_/Y (AOI211x1_ASAP7_75t_R)
  27.31 3550.52 ^ _218763_/Y (OR2x2_ASAP7_75t_R)
  17.02 3567.55 ^ place25429/Y (BUFx6f_ASAP7_75t_R)
  13.87 3581.42 ^ place25427/Y (BUFx3_ASAP7_75t_R)
  18.86 3600.27 ^ _218821_/Y (OA21x2_ASAP7_75t_R)
  27.59 3627.86 v _218822_/Y (XNOR2x2_ASAP7_75t_R)
  16.50 3644.36 v _218823_/Y (AND2x2_ASAP7_75t_R)
  22.67 3667.03 v _218824_/Y (MAJx2_ASAP7_75t_R)
  23.76 3690.79 v _218825_/Y (MAJx2_ASAP7_75t_R)
  19.55 3710.34 ^ _218826_/Y (AOI221x1_ASAP7_75t_R)
  15.68 3726.03 v _218981_/Y (OAI21x1_ASAP7_75t_R)
  19.58 3745.61 v place25318/Y (BUFx6f_ASAP7_75t_R)
  26.00 3771.61 ^ _218987_/Y (NOR2x1_ASAP7_75t_R)
  26.36 3797.97 ^ _218995_/Y (OA22x2_ASAP7_75t_R)
  16.88 3814.85 ^ _219001_/Y (AO31x2_ASAP7_75t_R)
  35.48 3850.33 ^ _219008_/Y (AO221x1_ASAP7_75t_R)
  31.33 3881.67 ^ _219217_/Y (AO211x2_ASAP7_75t_R)
  28.93 3910.60 ^ _219222_/Y (AND5x2_ASAP7_75t_R)
  38.18 3948.78 ^ _219231_/Y (OA31x2_ASAP7_75t_R)
  23.43 3972.21 ^ place25226/Y (BUFx6f_ASAP7_75t_R)
  16.81 3989.02 ^ _219398_/Y (AND2x4_ASAP7_75t_R)
  25.68 4014.70 v _219399_/Y (XNOR2x2_ASAP7_75t_R)
  22.75 4037.45 v _219451_/Y (AO32x1_ASAP7_75t_R)
  18.59 4056.04 v _219459_/Y (OA21x2_ASAP7_75t_R)
  33.16 4089.20 v _219485_/Y (OA221x2_ASAP7_75t_R)
  18.78 4107.99 v place25136/Y (BUFx6f_ASAP7_75t_R)
  14.01 4121.99 ^ _219494_/Y (AOI21x1_ASAP7_75t_R)
  25.52 4147.51 ^ _219611_/Y (AND4x1_ASAP7_75t_R)
  22.18 4169.69 v _219612_/Y (AOI221x1_ASAP7_75t_R)
  18.86 4188.55 ^ _219633_/Y (AOI22x1_ASAP7_75t_R)
  28.58 4217.13 ^ _219634_/Y (OA31x2_ASAP7_75t_R)
  24.23 4241.36 ^ _219653_/Y (AO221x1_ASAP7_75t_R)
  28.26 4269.62 ^ _219666_/Y (AO31x2_ASAP7_75t_R)
  29.11 4298.74 ^ _219763_/Y (AO21x1_ASAP7_75t_R)
  17.66 4316.40 ^ place25012/Y (BUFx6f_ASAP7_75t_R)
  23.60 4339.99 ^ _220048_/Y (AO31x2_ASAP7_75t_R)
  20.05 4360.04 ^ _220050_/Y (AND2x2_ASAP7_75t_R)
  29.07 4389.11 v _220051_/Y (XNOR2x2_ASAP7_75t_R)
  18.96 4408.07 v _220065_/Y (OA31x2_ASAP7_75t_R)
  35.45 4443.52 v _220113_/Y (OR5x1_ASAP7_75t_R)
  22.72 4466.24 v _220143_/Y (AO211x2_ASAP7_75t_R)
  19.49 4485.73 v _220166_/Y (AO31x2_ASAP7_75t_R)
  30.48 4516.21 ^ _220179_/Y (AOI21x1_ASAP7_75t_R)
  24.05 4540.26 ^ place24895/Y (BUFx6f_ASAP7_75t_R)
  16.95 4557.22 ^ _220392_/Y (OA21x2_ASAP7_75t_R)
  27.86 4585.08 ^ _220393_/Y (AO22x1_ASAP7_75t_R)
  21.01 4606.09 ^ _220394_/Y (OR2x2_ASAP7_75t_R)
  17.94 4624.03 ^ _220395_/Y (AO211x2_ASAP7_75t_R)
  11.10 4635.14 v _220397_/Y (AOI22x1_ASAP7_75t_R)
  40.25 4675.38 v _220465_/Y (OR3x2_ASAP7_75t_R)
  29.50 4704.89 v _220567_/Y (AO21x1_ASAP7_75t_R)
  29.10 4733.99 v _220642_/Y (OA211x2_ASAP7_75t_R)
  23.82 4757.81 v _220643_/Y (XOR2x2_ASAP7_75t_R)
  22.52 4780.32 v _220786_/Y (AO22x2_ASAP7_75t_R)
  29.95 4810.27 v _220802_/Y (OR4x1_ASAP7_75t_R)
  34.92 4845.19 v _220811_/Y (AO32x1_ASAP7_75t_R)
  23.17 4868.36 v place24708/Y (BUFx3_ASAP7_75t_R)
  27.19 4895.55 v _220958_/Y (AO221x1_ASAP7_75t_R)
  29.28 4924.83 v _220959_/Y (OA211x2_ASAP7_75t_R)
  25.77 4950.60 v _221039_/Y (OA211x2_ASAP7_75t_R)
  23.26 4973.86 v _221040_/Y (XNOR2x2_ASAP7_75t_R)
  28.48 5002.33 v _221138_/Y (OA221x2_ASAP7_75t_R)
  27.81 5030.14 v _221139_/Y (OA211x2_ASAP7_75t_R)
  18.14 5048.28 v _221142_/Y (OA21x2_ASAP7_75t_R)
  19.05 5067.33 v _221143_/Y (OA21x2_ASAP7_75t_R)
  20.53 5087.86 v _221176_/Y (OA21x2_ASAP7_75t_R)
  26.41 5114.27 v _221217_/Y (AO21x2_ASAP7_75t_R)
  23.48 5137.75 v _221338_/Y (AND2x2_ASAP7_75t_R)
  24.63 5162.38 v _221339_/Y (XOR2x2_ASAP7_75t_R)
  25.50 5187.88 v _221375_/Y (OA211x2_ASAP7_75t_R)
  23.13 5211.01 ^ _221376_/Y (AOI211x1_ASAP7_75t_R)
  34.01 5245.02 ^ _221592_/Y (AO211x2_ASAP7_75t_R)
  22.74 5267.77 ^ _221600_/Y (AO31x2_ASAP7_75t_R)
  33.20 5300.97 ^ _221602_/Y (AND5x2_ASAP7_75t_R)
  18.34 5319.30 ^ place24445/Y (BUFx3_ASAP7_75t_R)
  18.45 5337.75 ^ _221804_/Y (OA31x2_ASAP7_75t_R)
  30.50 5368.25 v _221805_/Y (XNOR2x2_ASAP7_75t_R)
  21.55 5389.80 v _221841_/Y (OR2x2_ASAP7_75t_R)
  21.05 5410.85 v _221842_/Y (MAJx2_ASAP7_75t_R)
  22.37 5433.22 v _221846_/Y (MAJx2_ASAP7_75t_R)
  21.24 5454.46 v _221882_/Y (AND5x1_ASAP7_75t_R)
  22.01 5476.48 ^ _221926_/Y (OAI21x1_ASAP7_75t_R)
  22.89 5499.37 ^ place24326/Y (BUFx3_ASAP7_75t_R)
  20.13 5519.50 v _222073_/Y (AOI211x1_ASAP7_75t_R)
  23.73 5543.23 v _222155_/Y (OA21x2_ASAP7_75t_R)
  26.49 5569.73 ^ _222156_/Y (XOR2x2_ASAP7_75t_R)
  20.86 5590.59 ^ place24271/Y (BUFx3_ASAP7_75t_R)
  14.54 5605.13 v _222157_/Y (INVx1_ASAP7_75t_R)
  24.51 5629.64 v _222163_/Y (MAJx2_ASAP7_75t_R)
  14.56 5644.20 ^ _222164_/Y (AOI21x1_ASAP7_75t_R)
  22.53 5666.73 v _222322_/Y (NOR2x1_ASAP7_75t_R)
  29.06 5695.79 v _222326_/Y (AO22x2_ASAP7_75t_R)
  38.00 5733.79 v _222333_/Y (AO221x2_ASAP7_75t_R)
  22.34 5756.13 v place24142/Y (BUFx6f_ASAP7_75t_R)
  18.29 5774.42 v _222673_/Y (AO21x1_ASAP7_75t_R)
  20.52 5794.94 v _222675_/Y (AO22x2_ASAP7_75t_R)
  18.78 5813.72 v place24098/Y (BUFx3_ASAP7_75t_R)
  23.76 5837.47 v _222776_/Y (MAJx2_ASAP7_75t_R)
  15.23 5852.70 v _222872_/Y (OA21x2_ASAP7_75t_R)
  27.16 5879.86 v _222915_/Y (OR4x1_ASAP7_75t_R)
  32.98 5912.84 v _222917_/Y (OA211x2_ASAP7_75t_R)
  32.44 5945.28 v _222939_/Y (AO221x1_ASAP7_75t_R)
  28.98 5974.26 v _222940_/Y (AO211x2_ASAP7_75t_R)
  22.37 5996.64 v place23985/Y (BUFx6f_ASAP7_75t_R)
  15.90 6012.54 ^ _223249_/Y (NAND3x1_ASAP7_75t_R)
  20.47 6033.01 ^ _223250_/Y (AND3x1_ASAP7_75t_R)
  20.05 6053.07 ^ _223252_/Y (OA211x2_ASAP7_75t_R)
  20.56 6073.63 ^ _223253_/Y (AND3x1_ASAP7_75t_R)
  31.59 6105.22 ^ _223254_/Y (AND5x1_ASAP7_75t_R)
  30.44 6135.66 ^ _223255_/Y (AND5x1_ASAP7_75t_R)
  16.83 6152.49 ^ _223256_/Y (OR4x2_ASAP7_75t_R)
  20.81 6173.30 ^ place23853/Y (BUFx3_ASAP7_75t_R)
  19.61 6192.91 v _223257_/Y (NOR2x2_ASAP7_75t_R)
  16.90 6209.81 v place23846/Y (BUFx6f_ASAP7_75t_R)
  27.25 6237.06 v _223374_/Y (OR4x1_ASAP7_75t_R)
  19.72 6256.78 v _223375_/Y (AND4x1_ASAP7_75t_R)
  23.41 6280.19 ^ _223376_/Y (XNOR2x2_ASAP7_75t_R)
  17.46 6297.65 ^ _223377_/Y (AND2x2_ASAP7_75t_R)
  35.53 6333.18 ^ _223439_/Y (AND5x1_ASAP7_75t_R)
  16.52 6349.70 ^ place23753/Y (BUFx6f_ASAP7_75t_R)
  13.24 6362.94 v _223668_/Y (NAND3x1_ASAP7_75t_R)
  25.71 6388.65 v place23730/Y (BUFx3_ASAP7_75t_R)
  32.27 6420.92 v _223817_/Y (AO32x1_ASAP7_75t_R)
  22.94 6443.86 v _223977_/Y (XOR2x2_ASAP7_75t_R)
  22.04 6465.90 v _223993_/Y (MAJx2_ASAP7_75t_R)
  39.30 6505.20 v _223994_/Y (OR4x2_ASAP7_75t_R)
  13.94 6519.14 ^ _223995_/Y (AOI21x1_ASAP7_75t_R)
  23.10 6542.24 ^ _224023_/Y (OA31x2_ASAP7_75t_R)
  18.18 6560.42 ^ _224027_/Y (AO21x2_ASAP7_75t_R)
  24.24 6584.66 ^ _224028_/Y (AO211x2_ASAP7_75t_R)
  16.81 6601.47 ^ place23565/Y (BUFx6f_ASAP7_75t_R)
   9.06 6610.53 v _224375_/Y (NAND2x1_ASAP7_75t_R)
  33.83 6644.37 v _224386_/Y (OR5x1_ASAP7_75t_R)
  17.14 6661.51 v _224387_/Y (AND4x1_ASAP7_75t_R)
  44.16 6705.67 v _224397_/Y (OR5x1_ASAP7_75t_R)
  22.25 6727.92 v place23468/Y (BUFx3_ASAP7_75t_R)
  10.24 6738.16 ^ _224398_/Y (AOI211x1_ASAP7_75t_R)
  28.30 6766.46 ^ _224454_/Y (OA21x2_ASAP7_75t_R)
  30.34 6796.79 ^ _224494_/Y (OR3x2_ASAP7_75t_R)
  21.40 6818.19 ^ place23431/Y (BUFx3_ASAP7_75t_R)
  19.94 6838.12 ^ _224898_/Y (OA21x2_ASAP7_75t_R)
  22.56 6860.69 ^ _224899_/Y (AND3x1_ASAP7_75t_R)
  22.55 6883.24 ^ _224900_/Y (XNOR2x2_ASAP7_75t_R)
  21.37 6904.61 ^ _224902_/Y (OA211x2_ASAP7_75t_R)
  23.62 6928.22 ^ _224913_/Y (AND3x1_ASAP7_75t_R)
  23.48 6951.70 ^ _224922_/Y (AND3x1_ASAP7_75t_R)
  25.19 6976.89 ^ _224933_/Y (AND3x1_ASAP7_75t_R)
  19.12 6996.02 ^ place23290/Y (BUFx6f_ASAP7_75t_R)
  30.94 7026.96 ^ place23289/Y (BUFx3_ASAP7_75t_R)
  19.71 7046.66 ^ _225100_/Y (AO21x1_ASAP7_75t_R)
  29.90 7076.56 v _225101_/Y (XNOR2x2_ASAP7_75t_R)
  11.40 7087.96 ^ _225293_/Y (NAND2x1_ASAP7_75t_R)
  30.99 7118.96 ^ _225317_/Y (AND5x1_ASAP7_75t_R)
  28.10 7147.06 ^ _225318_/Y (AND4x1_ASAP7_75t_R)
  36.48 7183.54 ^ _225319_/Y (AND5x1_ASAP7_75t_R)
  17.73 7201.27 ^ _225371_/Y (OR4x2_ASAP7_75t_R)
  16.77 7218.04 ^ _225393_/Y (AO21x1_ASAP7_75t_R)
  29.53 7247.57 ^ place23178/Y (BUFx3_ASAP7_75t_R)
  37.73 7285.29 ^ _225573_/Y (AO211x2_ASAP7_75t_R)
  19.49 7304.79 ^ _225574_/Y (OA31x2_ASAP7_75t_R)
  23.24 7328.02 ^ _225585_/Y (OA31x2_ASAP7_75t_R)
  18.00 7346.02 ^ _225597_/Y (OR3x1_ASAP7_75t_R)
  25.88 7371.90 ^ _225616_/Y (AO211x2_ASAP7_75t_R)
  26.10 7397.99 ^ _225664_/Y (AO211x2_ASAP7_75t_R)
  23.95 7421.94 ^ _225676_/Y (AND3x1_ASAP7_75t_R)
  27.71 7449.65 ^ _225721_/Y (OA211x2_ASAP7_75t_R)
  31.24 7480.89 ^ _225732_/Y (AO221x1_ASAP7_75t_R)
  30.11 7511.00 v _225983_/Y (XNOR2x2_ASAP7_75t_R)
  41.29 7552.29 v _225996_/Y (OR5x1_ASAP7_75t_R)
  25.29 7577.58 ^ _225997_/Y (AOI211x1_ASAP7_75t_R)
  40.21 7617.78 ^ _225998_/Y (AND4x2_ASAP7_75t_R)
  15.06 7632.85 v _226127_/Y (OAI21x1_ASAP7_75t_R)
  23.71 7656.56 v _226147_/Y (AND3x1_ASAP7_75t_R)
  26.74 7683.30 v place22877/Y (BUFx3_ASAP7_75t_R)
  28.56 7711.86 v _226283_/Y (OR3x1_ASAP7_75t_R)
  19.74 7731.60 v _226345_/Y (AO21x1_ASAP7_75t_R)
  18.15 7749.75 v _226349_/Y (AND2x2_ASAP7_75t_R)
  20.83 7770.59 v _226351_/Y (OR3x1_ASAP7_75t_R)
  16.86 7787.45 v _226353_/Y (AND4x1_ASAP7_75t_R)
  27.94 7815.39 ^ _226637_/Y (AOI221x1_ASAP7_75t_R)
  28.07 7843.45 ^ place22754/Y (BUFx3_ASAP7_75t_R)
  24.02 7867.48 ^ _226639_/Y (OA21x2_ASAP7_75t_R)
  20.84 7888.32 ^ _226653_/Y (OA21x2_ASAP7_75t_R)
  20.50 7908.82 ^ _226654_/Y (MAJx2_ASAP7_75t_R)
  18.99 7927.81 ^ _226655_/Y (MAJx2_ASAP7_75t_R)
  26.89 7954.70 v _226656_/Y (XNOR2x2_ASAP7_75t_R)
  22.19 7976.89 v _226657_/Y (AO21x1_ASAP7_75t_R)
  24.53 8001.41 ^ _226660_/Y (NAND3x1_ASAP7_75t_R)
  32.37 8033.79 ^ _226751_/Y (AO221x1_ASAP7_75t_R)
  13.43 8047.22 v _226798_/Y (AOI21x1_ASAP7_75t_R)
  38.64 8085.87 v _227061_/Y (OR4x2_ASAP7_75t_R)
  20.06 8105.93 v place22557/Y (BUFx6f_ASAP7_75t_R)
  26.15 8132.08 v place22554/Y (BUFx6f_ASAP7_75t_R)
  15.23 8147.30 v _227302_/Y (AND3x1_ASAP7_75t_R)
  22.08 8169.38 v _227309_/Y (OA22x2_ASAP7_75t_R)
  15.20 8184.58 v _227329_/Y (AND4x1_ASAP7_75t_R)
  32.89 8217.48 v _227484_/Y (OA211x2_ASAP7_75t_R)
  24.19 8241.66 v _227512_/Y (AND5x2_ASAP7_75t_R)
  28.22 8269.88 v _227530_/Y (OR3x1_ASAP7_75t_R)
  32.68 8302.56 v _227532_/Y (OR3x1_ASAP7_75t_R)
  26.40 8328.96 v place22396/Y (BUFx3_ASAP7_75t_R)
  20.79 8349.76 v place22395/Y (BUFx3_ASAP7_75t_R)
  21.30 8371.06 v _227733_/Y (AND2x2_ASAP7_75t_R)
  19.67 8390.73 v _227734_/Y (XNOR2x2_ASAP7_75t_R)
  24.47 8415.20 v _227763_/Y (AO221x1_ASAP7_75t_R)
  26.71 8441.92 v _227783_/Y (AO32x1_ASAP7_75t_R)
  19.06 8460.98 ^ _227860_/Y (OAI21x1_ASAP7_75t_R)
  19.06 8480.03 ^ place22249/Y (BUFx6f_ASAP7_75t_R)
   7.84 8487.87 v _227861_/Y (NAND2x1_ASAP7_75t_R)
  23.29 8511.16 v _227862_/Y (AND2x2_ASAP7_75t_R)
  20.46 8531.62 v place22223/Y (BUFx3_ASAP7_75t_R)
  37.01 8568.63 v _228259_/Y (OR5x1_ASAP7_75t_R)
  24.78 8593.42 v _228294_/Y (AND5x1_ASAP7_75t_R)
  23.63 8617.05 v _228295_/Y (AO221x1_ASAP7_75t_R)
  28.78 8645.83 v _228296_/Y (AO221x1_ASAP7_75t_R)
  23.44 8669.28 ^ _228325_/Y (NAND2x1_ASAP7_75t_R)
  36.12 8705.40 ^ _228377_/Y (AO221x2_ASAP7_75t_R)
  23.48 8728.87 v _228378_/Y (NAND2x1_ASAP7_75t_R)
  21.80 8750.67 v place22046/Y (BUFx6f_ASAP7_75t_R)
  15.34 8766.02 v place22045/Y (BUFx3_ASAP7_75t_R)
  24.33 8790.34 v _228623_/Y (AO21x1_ASAP7_75t_R)
  20.06 8810.41 v _228624_/Y (AND2x4_ASAP7_75t_R)
  22.30 8832.71 ^ _228937_/Y (XNOR2x2_ASAP7_75t_R)
  25.26 8857.97 ^ _228939_/Y (AND4x1_ASAP7_75t_R)
   9.81 8867.78 v _228940_/Y (NAND2x1_ASAP7_75t_R)
  38.59 8906.36 v _228953_/Y (OR4x1_ASAP7_75t_R)
  23.52 8929.89 v _229055_/Y (OA21x2_ASAP7_75t_R)
  19.63 8949.52 v _229056_/Y (OA21x2_ASAP7_75t_R)
  21.98 8971.50 v place21843/Y (BUFx3_ASAP7_75t_R)
  21.32 8992.82 v place21842/Y (BUFx3_ASAP7_75t_R)
  27.69 9020.50 v _229327_/Y (OR4x1_ASAP7_75t_R)
   8.34 9028.85 ^ _229328_/Y (OAI21x1_ASAP7_75t_R)
  10.79 9039.64 v _229333_/Y (AOI22x1_ASAP7_75t_R)
  30.11 9069.75 ^ _229353_/Y (AOI221x1_ASAP7_75t_R)
  39.81 9109.56 ^ _229638_/Y (AND5x1_ASAP7_75t_R)
  23.05 9132.61 ^ _229640_/Y (AO221x1_ASAP7_75t_R)
  18.12 9150.72 ^ place21684/Y (BUFx6f_ASAP7_75t_R)
  26.72 9177.44 ^ _229740_/Y (OA31x2_ASAP7_75t_R)
  23.79 9201.23 ^ _229741_/Y (XNOR2x2_ASAP7_75t_R)
  24.88 9226.11 v _229742_/Y (XNOR2x2_ASAP7_75t_R)
  28.23 9254.34 v _229743_/Y (AO221x1_ASAP7_75t_R)
  25.69 9280.03 ^ _229749_/Y (AOI211x1_ASAP7_75t_R)
  17.42 9297.45 v _229763_/Y (NOR2x2_ASAP7_75t_R)
  23.50 9320.94 ^ _230125_/Y (AOI211x1_ASAP7_75t_R)
  35.15 9356.10 ^ _230181_/Y (OA21x2_ASAP7_75t_R)
  29.06 9385.16 ^ _230419_/Y (OA21x2_ASAP7_75t_R)
  26.80 9411.96 v _230420_/Y (XNOR2x2_ASAP7_75t_R)
  20.59 9432.55 ^ _230421_/Y (XNOR2x2_ASAP7_75t_R)
  33.20 9465.75 ^ _230422_/Y (AND5x1_ASAP7_75t_R)
  36.61 9502.36 ^ _230446_/Y (AND5x1_ASAP7_75t_R)
  19.22 9521.58 ^ _230513_/Y (AO31x2_ASAP7_75t_R)
  18.91 9540.49 v _230514_/Y (AOI221x1_ASAP7_75t_R)
  13.14 9553.62 ^ _230515_/Y (OAI21x1_ASAP7_75t_R)
  18.11 9571.73 ^ place21065/Y (BUFx6f_ASAP7_75t_R)
  20.70 9592.43 ^ place21062/Y (BUFx6f_ASAP7_75t_R)
  24.09 9616.52 ^ _230817_/Y (AND2x2_ASAP7_75t_R)
  22.87 9639.39 ^ _230818_/Y (XNOR2x2_ASAP7_75t_R)
  26.37 9665.76 v _230819_/Y (XNOR2x2_ASAP7_75t_R)
  18.67 9684.43 v _230872_/Y (OR2x2_ASAP7_75t_R)
  24.96 9709.39 v _230897_/Y (OA33x2_ASAP7_75t_R)
  14.09 9723.48 v _230898_/Y (OA21x2_ASAP7_75t_R)
  31.91 9755.39 v _230906_/Y (OA211x2_ASAP7_75t_R)
  14.92 9770.30 ^ _230918_/Y (OAI21x1_ASAP7_75t_R)
  28.29 9798.60 ^ _230936_/Y (AO21x2_ASAP7_75t_R)
  27.78 9826.38 ^ place20920/Y (BUFx3_ASAP7_75t_R)
  26.68 9853.06 ^ _230992_/Y (AND3x2_ASAP7_75t_R)
  27.70 9880.76 v _231175_/Y (XNOR2x2_ASAP7_75t_R)
  21.05 9901.81 ^ _231176_/Y (XNOR2x2_ASAP7_75t_R)
  30.20 9932.01 ^ _231180_/Y (AND4x1_ASAP7_75t_R)
   9.20 9941.21 v _231314_/Y (NAND3x1_ASAP7_75t_R)
  38.39 9979.59 v _231315_/Y (OR5x1_ASAP7_75t_R)
  26.97 10006.56 v _231371_/Y (AND5x2_ASAP7_75t_R)
  24.26 10030.82 ^ _231376_/Y (NAND2x1p5_ASAP7_75t_R)
  22.71 10053.53 ^ place20787/Y (BUFx6f_ASAP7_75t_R)
  17.49 10071.02 ^ _231559_/Y (AND2x2_ASAP7_75t_R)
  31.16 10102.19 v _231560_/Y (XNOR2x2_ASAP7_75t_R)
  13.09 10115.27 ^ _231561_/Y (NAND2x1_ASAP7_75t_R)
  31.86 10147.13 ^ _231575_/Y (AND5x2_ASAP7_75t_R)
  26.94 10174.07 ^ _231624_/Y (AND5x1_ASAP7_75t_R)
  25.61 10199.68 ^ _231625_/Y (OA211x2_ASAP7_75t_R)
  17.32 10217.00 ^ _231626_/Y (AND2x4_ASAP7_75t_R)
  26.23 10243.23 ^ _231767_/Y (AO211x2_ASAP7_75t_R)
  21.11 10264.34 ^ place20675/Y (BUFx6f_ASAP7_75t_R)
  21.03 10285.37 ^ _231908_/Y (AND2x2_ASAP7_75t_R)
  19.64 10305.02 v _231909_/Y (XOR2x2_ASAP7_75t_R)
  24.34 10329.36 v _231919_/Y (AO221x1_ASAP7_75t_R)
  28.15 10357.51 v _231938_/Y (OR5x1_ASAP7_75t_R)
  22.79 10380.30 v _231957_/Y (AO32x1_ASAP7_75t_R)
  24.61 10404.91 v _232004_/Y (OA221x2_ASAP7_75t_R)
  36.17 10441.08 v _232005_/Y (OR4x1_ASAP7_75t_R)
  30.54 10471.62 ^ _232006_/Y (NAND3x2_ASAP7_75t_R)
  32.90 10504.52 ^ _232185_/Y (AO22x1_ASAP7_75t_R)
  16.77 10521.29 ^ _232187_/Y (AO21x1_ASAP7_75t_R)
  24.18 10545.47 v _232190_/Y (AOI21x1_ASAP7_75t_R)
  31.91 10577.37 v _232248_/Y (OR3x1_ASAP7_75t_R)
  23.89 10601.26 v _232279_/Y (AO21x1_ASAP7_75t_R)
  29.13 10630.39 v _232503_/Y (AO22x2_ASAP7_75t_R)
  26.85 10657.23 ^ _232540_/Y (XNOR2x2_ASAP7_75t_R)
  22.11 10679.35 ^ _232542_/Y (AND3x2_ASAP7_75t_R)
  19.75 10699.10 ^ _232543_/Y (OR3x2_ASAP7_75t_R)
  17.79 10716.89 ^ place20232/Y (BUFx3_ASAP7_75t_R)
  17.03 10733.92 ^ _232615_/Y (AO31x2_ASAP7_75t_R)
  32.25 10766.17 ^ _232625_/Y (OA222x2_ASAP7_75t_R)
  21.07 10787.24 ^ _232638_/Y (MAJx2_ASAP7_75t_R)
  23.73 10810.97 ^ _232640_/Y (AO221x2_ASAP7_75t_R)
  14.66 10825.62 ^ place19938/Y (BUFx3_ASAP7_75t_R)
  22.91 10848.53 ^ _232669_/Y (AO31x2_ASAP7_75t_R)
  21.11 10869.64 v _232670_/Y (OAI21x1_ASAP7_75t_R)
  28.40 10898.05 v place19853/Y (BUFx3_ASAP7_75t_R)
  28.27 10926.32 v _233618_/Y (AO21x1_ASAP7_75t_R)
  31.54 10957.86 v _233619_/Y (OA211x2_ASAP7_75t_R)
  33.94 10991.80 v _233626_/Y (OR4x1_ASAP7_75t_R)
  27.61 11019.40 v _233632_/Y (OA211x2_ASAP7_75t_R)
  21.90 11041.31 v _233633_/Y (OA22x2_ASAP7_75t_R)
  22.25 11063.55 v _233721_/Y (AND5x2_ASAP7_75t_R)
  21.18 11084.73 v _233967_/Y (AND3x4_ASAP7_75t_R)
  22.92 11107.65 v _235036_/Y (AND5x2_ASAP7_75t_R)
  19.43 11127.08 v _235186_/Y (AND4x1_ASAP7_75t_R)
  16.80 11143.88 v _235297_/Y (AND3x2_ASAP7_75t_R)
  44.36 11188.25 v _235300_/Y (OR5x2_ASAP7_75t_R)
  24.88 11213.12 v place19574/Y (BUFx3_ASAP7_75t_R)
   7.50 11220.62 ^ _276097_/Y (INVx1_ASAP7_75t_R)
  29.56 11250.19 ^ _276098_/Y (AO32x2_ASAP7_75t_R)
  21.64 11271.83 v _279914_/Y (AOI21x1_ASAP7_75t_R)
  63.81 11335.64 ^ _280017_/Y (OAI21x1_ASAP7_75t_R)
  50.67 11386.31 v _326596_/Y (AOI22x1_ASAP7_75t_R)
  23.53 11409.84 v place19240/Y (BUFx6f_ASAP7_75t_R)
  20.37 11430.21 v place19238/Y (BUFx6f_ASAP7_75t_R)
  45.05 11475.26 v _334388_/Y (OA21x2_ASAP7_75t_R)
   8.07 11483.33 ^ _334389_/Y (NOR2x1_ASAP7_75t_R)
   0.12 11483.45 ^ _395836_/D (DFFHQNx1_ASAP7_75t_R)
        11483.45   data arrival time

12000.00 12000.00   clock core_clk (rise edge)
   0.00 12000.00   clock source latency
   0.00 12000.00 ^ clk (in)
  45.24 12045.24 ^ wire32813/Y (BUFx12f_ASAP7_75t_R)
  51.74 12096.99 ^ clkbuf_0_clk/Y (BUFx24_ASAP7_75t_R)
  27.57 12124.55 ^ clkbuf_1_1_0_clk/Y (BUFx24_ASAP7_75t_R)
  22.94 12147.50 ^ clkbuf_2_3_0_clk/Y (BUFx24_ASAP7_75t_R)
  30.79 12178.29 ^ clkbuf_3_7_0_clk/Y (BUFx24_ASAP7_75t_R)
  26.19 12204.48 ^ clkbuf_4_14_0_clk/Y (BUFx24_ASAP7_75t_R)
  26.10 12230.58 ^ clkbuf_6_58_0_clk/Y (BUFx24_ASAP7_75t_R)
  21.09 12251.67 ^ clkbuf_7_116__f_clk/Y (BUFx24_ASAP7_75t_R)
  23.01 12274.67 ^ clkbuf_leaf_591_clk/Y (BUFx24_ASAP7_75t_R)
   1.96 12276.63 ^ _395836_/CLK (DFFHQNx1_ASAP7_75t_R)
 -50.00 12226.63   clock uncertainty
   4.46 12231.09   clock reconvergence pessimism
 -10.99 12220.11   library setup time
        12220.11   data required time
---------------------------------------------------------
        12220.11   data required time
        -11483.45   data arrival time
---------------------------------------------------------
         736.65   slack (MET)


Startpoint: _386358_ (rising edge-triggered flip-flop clocked by core_clk)
Endpoint: _395836_ (rising edge-triggered flip-flop clocked by core_clk)
Path Group: reg2reg
Path Type: max

  Delay    Time   Description
---------------------------------------------------------
   0.00    0.00   clock core_clk (rise edge)
   0.00    0.00   clock source latency
   0.00    0.00 ^ clk (in)
  46.36   46.36 ^ wire32813/Y (BUFx12f_ASAP7_75t_R)
  53.38   99.75 ^ clkbuf_0_clk/Y (BUFx24_ASAP7_75t_R)
  28.51  128.26 ^ clkbuf_1_1_0_clk/Y (BUFx24_ASAP7_75t_R)
  23.70  151.96 ^ clkbuf_2_3_0_clk/Y (BUFx24_ASAP7_75t_R)
  32.83  184.79 ^ clkbuf_3_6_0_clk/Y (BUFx24_ASAP7_75t_R)
  26.85  211.64 ^ clkbuf_4_12_0_clk/Y (BUFx24_ASAP7_75t_R)
  27.58  239.22 ^ clkbuf_6_48_0_clk/Y (BUFx24_ASAP7_75t_R)
  22.29  261.50 ^ clkbuf_7_96__f_clk/Y (BUFx24_ASAP7_75t_R)
  24.98  286.48 ^ clkbuf_leaf_385_clk/Y (BUFx24_ASAP7_75t_R)
   2.87  289.35 ^ _386358_/CLK (DFFHQNx1_ASAP7_75t_R)
  78.73  368.08 v _386358_/QN (DFFHQNx1_ASAP7_75t_R)
  72.17  440.25 v _210677_/Y (OR4x2_ASAP7_75t_R)
  57.30  497.55 v place32433/Y (BUFx3_ASAP7_75t_R)
  66.16  563.70 v _210741_/Y (AND4x1_ASAP7_75t_R)
  34.66  598.36 v _210744_/Y (OA21x2_ASAP7_75t_R)
  54.90  653.26 v _210745_/Y (AND2x2_ASAP7_75t_R)
 123.11  776.37 v place31673/Y (BUFx3_ASAP7_75t_R)
  84.48  860.85 v _211121_/Y (OR3x2_ASAP7_75t_R)
  63.46  924.30 v _211124_/Y (OR2x2_ASAP7_75t_R)
 184.30 1108.60 v place30877/Y (BUFx3_ASAP7_75t_R)
  36.89 1145.49 v _214083_/Y (OA22x2_ASAP7_75t_R)
  14.64 1160.12 v _214088_/Y (AND4x1_ASAP7_75t_R)
  41.58 1201.70 ^ _214089_/Y (NAND3x1_ASAP7_75t_R)
  38.34 1240.04 v _214126_/Y (AOI221x1_ASAP7_75t_R)
  42.21 1282.25 v _214127_/Y (AND5x1_ASAP7_75t_R)
  29.72 1311.97 v _214553_/Y (AND4x1_ASAP7_75t_R)
  18.77 1330.74 v place29280/Y (BUFx3_ASAP7_75t_R)
  24.65 1355.40 ^ _214554_/Y (NAND3x1_ASAP7_75t_R)
  27.93 1383.33 ^ _217167_/Y (AND4x1_ASAP7_75t_R)
  27.87 1411.20 ^ _217174_/Y (AO221x1_ASAP7_75t_R)
  21.95 1433.15 ^ _217198_/Y (AO31x2_ASAP7_75t_R)
  20.25 1453.40 ^ place27934/Y (BUFx3_ASAP7_75t_R)
  10.70 1464.09 v _217278_/Y (OAI21x1_ASAP7_75t_R)
  25.57 1489.67 v _217284_/Y (OA211x2_ASAP7_75t_R)
  40.05 1529.72 v _217285_/Y (OR5x1_ASAP7_75t_R)
  33.32 1563.03 v _217286_/Y (MAJx2_ASAP7_75t_R)
  22.44 1585.48 v _217372_/Y (OA21x2_ASAP7_75t_R)
  24.83 1610.31 v _217375_/Y (OA222x2_ASAP7_75t_R)
  19.50 1629.81 v _217380_/Y (AND5x2_ASAP7_75t_R)
  30.66 1660.47 v _217382_/Y (OR3x2_ASAP7_75t_R)
  16.39 1676.87 ^ _217409_/Y (AOI21x1_ASAP7_75t_R)
  18.55 1695.42 ^ place26693/Y (BUFx3_ASAP7_75t_R)
   8.11 1703.53 v _217416_/Y (AOI211x1_ASAP7_75t_R)
  25.15 1728.67 ^ _217417_/Y (AOI221x1_ASAP7_75t_R)
  16.16 1744.84 v _217423_/Y (INVx1_ASAP7_75t_R)
  19.75 1764.59 v _217485_/Y (AO21x1_ASAP7_75t_R)
  32.05 1796.64 v _217488_/Y (AO21x1_ASAP7_75t_R)
  32.36 1829.00 v _217532_/Y (OA211x2_ASAP7_75t_R)
  21.82 1850.82 v _217533_/Y (XOR2x2_ASAP7_75t_R)
  21.19 1872.02 v _217545_/Y (MAJx2_ASAP7_75t_R)
  24.09 1896.11 v _217561_/Y (AO32x1_ASAP7_75t_R)
  24.73 1920.85 v _217562_/Y (MAJx2_ASAP7_75t_R)
  24.59 1945.43 v _217577_/Y (OA21x2_ASAP7_75t_R)
  16.90 1962.33 v place26187/Y (BUFx3_ASAP7_75t_R)
   8.47 1970.80 ^ _217612_/Y (NOR2x1_ASAP7_75t_R)
  27.24 1998.03 ^ _217613_/Y (XNOR2x2_ASAP7_75t_R)
  12.03 2010.07 v _217620_/Y (NOR2x1_ASAP7_75t_R)
  18.03 2028.09 ^ _217622_/Y (AOI22x1_ASAP7_75t_R)
  14.20 2042.29 v _217623_/Y (AOI21x1_ASAP7_75t_R)
  26.81 2069.11 v _217624_/Y (MAJx2_ASAP7_75t_R)
  28.30 2097.41 v _217669_/Y (AO32x1_ASAP7_75t_R)
  24.62 2122.03 v _217723_/Y (OR3x1_ASAP7_75t_R)
  26.03 2148.07 v _217732_/Y (AO221x1_ASAP7_75t_R)
  13.78 2161.85 ^ _217733_/Y (NAND3x1_ASAP7_75t_R)
  26.69 2188.54 ^ _217734_/Y (MAJx2_ASAP7_75t_R)
  21.78 2210.32 ^ _217735_/Y (MAJx2_ASAP7_75t_R)
  23.07 2233.39 ^ _217740_/Y (MAJx2_ASAP7_75t_R)
  25.63 2259.02 ^ _217741_/Y (AO221x1_ASAP7_75t_R)
  27.32 2286.34 ^ _217755_/Y (AO31x2_ASAP7_75t_R)
  23.88 2310.22 ^ _217807_/Y (AND3x1_ASAP7_75t_R)
  27.67 2337.89 v _217808_/Y (XNOR2x2_ASAP7_75t_R)
  18.85 2356.74 v _217809_/Y (OR2x2_ASAP7_75t_R)
  17.53 2374.28 v _217817_/Y (AO211x2_ASAP7_75t_R)
  30.10 2404.38 v _217818_/Y (AO32x2_ASAP7_75t_R)
  22.30 2426.68 v _217848_/Y (AO31x2_ASAP7_75t_R)
  28.77 2455.44 ^ _217853_/Y (AOI22x1_ASAP7_75t_R)
  21.88 2477.33 ^ _217888_/Y (AND2x2_ASAP7_75t_R)
  26.93 2504.26 v _217889_/Y (XNOR2x2_ASAP7_75t_R)
  21.61 2525.87 v _217890_/Y (OR2x2_ASAP7_75t_R)
  21.01 2546.88 v _217897_/Y (AO21x1_ASAP7_75t_R)
  16.97 2563.85 v _217898_/Y (AND2x2_ASAP7_75t_R)
  21.77 2585.62 v _217959_/Y (OA211x2_ASAP7_75t_R)
  19.67 2605.30 v _217960_/Y (OA21x2_ASAP7_75t_R)
  25.79 2631.08 v _218017_/Y (OA211x2_ASAP7_75t_R)
  21.46 2652.55 v _218018_/Y (XOR2x2_ASAP7_75t_R)
  27.77 2680.32 v _218038_/Y (OR4x1_ASAP7_75t_R)
  25.54 2705.86 v _218040_/Y (AO221x1_ASAP7_75t_R)
  33.42 2739.28 v _218043_/Y (AO33x2_ASAP7_75t_R)
  21.51 2760.79 v _218044_/Y (MAJx2_ASAP7_75t_R)
  27.13 2787.92 v _218049_/Y (MAJx3_ASAP7_75t_R)
  26.90 2814.82 v _218087_/Y (OA21x2_ASAP7_75t_R)
  16.18 2831.00 v _218091_/Y (AND2x4_ASAP7_75t_R)
  16.33 2847.33 v _218092_/Y (OA21x2_ASAP7_75t_R)
  25.31 2872.64 v _218093_/Y (OA222x2_ASAP7_75t_R)
  23.48 2896.12 v _218106_/Y (MAJx2_ASAP7_75t_R)
  29.73 2925.85 v _218130_/Y (AO32x2_ASAP7_75t_R)
  22.65 2948.50 v _218150_/Y (OA21x2_ASAP7_75t_R)
  28.49 2976.99 v _218190_/Y (OA211x2_ASAP7_75t_R)
  24.86 3001.85 v _218211_/Y (OA31x2_ASAP7_75t_R)
  27.47 3029.33 v _218260_/Y (AO32x1_ASAP7_75t_R)
  29.59 3058.92 v _218261_/Y (OR3x1_ASAP7_75t_R)
  24.00 3082.93 v _218270_/Y (OA22x2_ASAP7_75t_R)
  27.43 3110.35 v _218271_/Y (AO22x2_ASAP7_75t_R)
  30.15 3140.50 v _218276_/Y (AO22x2_ASAP7_75t_R)
  25.72 3166.22 v _218298_/Y (AO21x2_ASAP7_75t_R)
  16.65 3182.86 v place25618/Y (BUFx3_ASAP7_75t_R)
  15.38 3198.24 v _218449_/Y (AO21x1_ASAP7_75t_R)
   9.59 3207.83 ^ _218451_/Y (NAND2x1_ASAP7_75t_R)
  26.58 3234.41 ^ _218457_/Y (AO221x1_ASAP7_75t_R)
  24.62 3259.03 ^ _218458_/Y (AO32x1_ASAP7_75t_R)
  23.32 3282.35 ^ _218461_/Y (OA31x2_ASAP7_75t_R)
  28.12 3310.47 ^ _218493_/Y (OA21x2_ASAP7_75t_R)
  20.67 3331.14 v _218574_/Y (AOI21x1_ASAP7_75t_R)
  22.37 3353.51 v _218632_/Y (OA21x2_ASAP7_75t_R)
  26.08 3379.59 v _218633_/Y (OR4x1_ASAP7_75t_R)
  31.56 3411.15 v _218634_/Y (OA211x2_ASAP7_75t_R)
  27.87 3439.02 v _218635_/Y (MAJx2_ASAP7_75t_R)
  36.50 3475.52 v _218642_/Y (OR5x1_ASAP7_75t_R)
  11.72 3487.23 ^ _218643_/Y (OAI21x1_ASAP7_75t_R)
  15.75 3502.99 v _218664_/Y (OAI21x1_ASAP7_75t_R)
  20.23 3523.21 ^ _218760_/Y (AOI211x1_ASAP7_75t_R)
  27.31 3550.52 ^ _218763_/Y (OR2x2_ASAP7_75t_R)
  17.02 3567.55 ^ place25429/Y (BUFx6f_ASAP7_75t_R)
  13.87 3581.42 ^ place25427/Y (BUFx3_ASAP7_75t_R)
  18.86 3600.27 ^ _218821_/Y (OA21x2_ASAP7_75t_R)
  27.59 3627.86 v _218822_/Y (XNOR2x2_ASAP7_75t_R)
  16.50 3644.36 v _218823_/Y (AND2x2_ASAP7_75t_R)
  22.67 3667.03 v _218824_/Y (MAJx2_ASAP7_75t_R)
  23.76 3690.79 v _218825_/Y (MAJx2_ASAP7_75t_R)
  19.55 3710.34 ^ _218826_/Y (AOI221x1_ASAP7_75t_R)
  15.68 3726.03 v _218981_/Y (OAI21x1_ASAP7_75t_R)
  19.58 3745.61 v place25318/Y (BUFx6f_ASAP7_75t_R)
  26.00 3771.61 ^ _218987_/Y (NOR2x1_ASAP7_75t_R)
  26.36 3797.97 ^ _218995_/Y (OA22x2_ASAP7_75t_R)
  16.88 3814.85 ^ _219001_/Y (AO31x2_ASAP7_75t_R)
  35.48 3850.33 ^ _219008_/Y (AO221x1_ASAP7_75t_R)
  31.33 3881.67 ^ _219217_/Y (AO211x2_ASAP7_75t_R)
  28.93 3910.60 ^ _219222_/Y (AND5x2_ASAP7_75t_R)
  38.18 3948.78 ^ _219231_/Y (OA31x2_ASAP7_75t_R)
  23.43 3972.21 ^ place25226/Y (BUFx6f_ASAP7_75t_R)
  16.81 3989.02 ^ _219398_/Y (AND2x4_ASAP7_75t_R)
  25.68 4014.70 v _219399_/Y (XNOR2x2_ASAP7_75t_R)
  22.75 4037.45 v _219451_/Y (AO32x1_ASAP7_75t_R)
  18.59 4056.04 v _219459_/Y (OA21x2_ASAP7_75t_R)
  33.16 4089.20 v _219485_/Y (OA221x2_ASAP7_75t_R)
  18.78 4107.99 v place25136/Y (BUFx6f_ASAP7_75t_R)
  14.01 4121.99 ^ _219494_/Y (AOI21x1_ASAP7_75t_R)
  25.52 4147.51 ^ _219611_/Y (AND4x1_ASAP7_75t_R)
  22.18 4169.69 v _219612_/Y (AOI221x1_ASAP7_75t_R)
  18.86 4188.55 ^ _219633_/Y (AOI22x1_ASAP7_75t_R)
  28.58 4217.13 ^ _219634_/Y (OA31x2_ASAP7_75t_R)
  24.23 4241.36 ^ _219653_/Y (AO221x1_ASAP7_75t_R)
  28.26 4269.62 ^ _219666_/Y (AO31x2_ASAP7_75t_R)
  29.11 4298.74 ^ _219763_/Y (AO21x1_ASAP7_75t_R)
  17.66 4316.40 ^ place25012/Y (BUFx6f_ASAP7_75t_R)
  23.60 4339.99 ^ _220048_/Y (AO31x2_ASAP7_75t_R)
  20.05 4360.04 ^ _220050_/Y (AND2x2_ASAP7_75t_R)
  29.07 4389.11 v _220051_/Y (XNOR2x2_ASAP7_75t_R)
  18.96 4408.07 v _220065_/Y (OA31x2_ASAP7_75t_R)
  35.45 4443.52 v _220113_/Y (OR5x1_ASAP7_75t_R)
  22.72 4466.24 v _220143_/Y (AO211x2_ASAP7_75t_R)
  19.49 4485.73 v _220166_/Y (AO31x2_ASAP7_75t_R)
  30.48 4516.21 ^ _220179_/Y (AOI21x1_ASAP7_75t_R)
  24.05 4540.26 ^ place24895/Y (BUFx6f_ASAP7_75t_R)
  16.95 4557.22 ^ _220392_/Y (OA21x2_ASAP7_75t_R)
  27.86 4585.08 ^ _220393_/Y (AO22x1_ASAP7_75t_R)
  21.01 4606.09 ^ _220394_/Y (OR2x2_ASAP7_75t_R)
  17.94 4624.03 ^ _220395_/Y (AO211x2_ASAP7_75t_R)
  11.10 4635.14 v _220397_/Y (AOI22x1_ASAP7_75t_R)
  40.25 4675.38 v _220465_/Y (OR3x2_ASAP7_75t_R)
  29.50 4704.89 v _220567_/Y (AO21x1_ASAP7_75t_R)
  29.10 4733.99 v _220642_/Y (OA211x2_ASAP7_75t_R)
  23.82 4757.81 v _220643_/Y (XOR2x2_ASAP7_75t_R)
  22.52 4780.32 v _220786_/Y (AO22x2_ASAP7_75t_R)
  29.95 4810.27 v _220802_/Y (OR4x1_ASAP7_75t_R)
  34.92 4845.19 v _220811_/Y (AO32x1_ASAP7_75t_R)
  23.17 4868.36 v place24708/Y (BUFx3_ASAP7_75t_R)
  27.19 4895.55 v _220958_/Y (AO221x1_ASAP7_75t_R)
  29.28 4924.83 v _220959_/Y (OA211x2_ASAP7_75t_R)
  25.77 4950.60 v _221039_/Y (OA211x2_ASAP7_75t_R)
  23.26 4973.86 v _221040_/Y (XNOR2x2_ASAP7_75t_R)
  28.48 5002.33 v _221138_/Y (OA221x2_ASAP7_75t_R)
  27.81 5030.14 v _221139_/Y (OA211x2_ASAP7_75t_R)
  18.14 5048.28 v _221142_/Y (OA21x2_ASAP7_75t_R)
  19.05 5067.33 v _221143_/Y (OA21x2_ASAP7_75t_R)
  20.53 5087.86 v _221176_/Y (OA21x2_ASAP7_75t_R)
  26.41 5114.27 v _221217_/Y (AO21x2_ASAP7_75t_R)
  23.48 5137.75 v _221338_/Y (AND2x2_ASAP7_75t_R)
  24.63 5162.38 v _221339_/Y (XOR2x2_ASAP7_75t_R)
  25.50 5187.88 v _221375_/Y (OA211x2_ASAP7_75t_R)
  23.13 5211.01 ^ _221376_/Y (AOI211x1_ASAP7_75t_R)
  34.01 5245.02 ^ _221592_/Y (AO211x2_ASAP7_75t_R)
  22.74 5267.77 ^ _221600_/Y (AO31x2_ASAP7_75t_R)
  33.20 5300.97 ^ _221602_/Y (AND5x2_ASAP7_75t_R)
  18.34 5319.30 ^ place24445/Y (BUFx3_ASAP7_75t_R)
  18.45 5337.75 ^ _221804_/Y (OA31x2_ASAP7_75t_R)
  30.50 5368.25 v _221805_/Y (XNOR2x2_ASAP7_75t_R)
  21.55 5389.80 v _221841_/Y (OR2x2_ASAP7_75t_R)
  21.05 5410.85 v _221842_/Y (MAJx2_ASAP7_75t_R)
  22.37 5433.22 v _221846_/Y (MAJx2_ASAP7_75t_R)
  21.24 5454.46 v _221882_/Y (AND5x1_ASAP7_75t_R)
  22.01 5476.48 ^ _221926_/Y (OAI21x1_ASAP7_75t_R)
  22.89 5499.37 ^ place24326/Y (BUFx3_ASAP7_75t_R)
  20.13 5519.50 v _222073_/Y (AOI211x1_ASAP7_75t_R)
  23.73 5543.23 v _222155_/Y (OA21x2_ASAP7_75t_R)
  26.49 5569.73 ^ _222156_/Y (XOR2x2_ASAP7_75t_R)
  20.86 5590.59 ^ place24271/Y (BUFx3_ASAP7_75t_R)
  14.54 5605.13 v _222157_/Y (INVx1_ASAP7_75t_R)
  24.51 5629.64 v _222163_/Y (MAJx2_ASAP7_75t_R)
  14.56 5644.20 ^ _222164_/Y (AOI21x1_ASAP7_75t_R)
  22.53 5666.73 v _222322_/Y (NOR2x1_ASAP7_75t_R)
  29.06 5695.79 v _222326_/Y (AO22x2_ASAP7_75t_R)
  38.00 5733.79 v _222333_/Y (AO221x2_ASAP7_75t_R)
  22.34 5756.13 v place24142/Y (BUFx6f_ASAP7_75t_R)
  18.29 5774.42 v _222673_/Y (AO21x1_ASAP7_75t_R)
  20.52 5794.94 v _222675_/Y (AO22x2_ASAP7_75t_R)
  18.78 5813.72 v place24098/Y (BUFx3_ASAP7_75t_R)
  23.76 5837.47 v _222776_/Y (MAJx2_ASAP7_75t_R)
  15.23 5852.70 v _222872_/Y (OA21x2_ASAP7_75t_R)
  27.16 5879.86 v _222915_/Y (OR4x1_ASAP7_75t_R)
  32.98 5912.84 v _222917_/Y (OA211x2_ASAP7_75t_R)
  32.44 5945.28 v _222939_/Y (AO221x1_ASAP7_75t_R)
  28.98 5974.26 v _222940_/Y (AO211x2_ASAP7_75t_R)
  22.37 5996.64 v place23985/Y (BUFx6f_ASAP7_75t_R)
  15.90 6012.54 ^ _223249_/Y (NAND3x1_ASAP7_75t_R)
  20.47 6033.01 ^ _223250_/Y (AND3x1_ASAP7_75t_R)
  20.05 6053.07 ^ _223252_/Y (OA211x2_ASAP7_75t_R)
  20.56 6073.63 ^ _223253_/Y (AND3x1_ASAP7_75t_R)
  31.59 6105.22 ^ _223254_/Y (AND5x1_ASAP7_75t_R)
  30.44 6135.66 ^ _223255_/Y (AND5x1_ASAP7_75t_R)
  16.83 6152.49 ^ _223256_/Y (OR4x2_ASAP7_75t_R)
  20.81 6173.30 ^ place23853/Y (BUFx3_ASAP7_75t_R)
  19.61 6192.91 v _223257_/Y (NOR2x2_ASAP7_75t_R)
  16.90 6209.81 v place23846/Y (BUFx6f_ASAP7_75t_R)
  27.25 6237.06 v _223374_/Y (OR4x1_ASAP7_75t_R)
  19.72 6256.78 v _223375_/Y (AND4x1_ASAP7_75t_R)
  23.41 6280.19 ^ _223376_/Y (XNOR2x2_ASAP7_75t_R)
  17.46 6297.65 ^ _223377_/Y (AND2x2_ASAP7_75t_R)
  35.53 6333.18 ^ _223439_/Y (AND5x1_ASAP7_75t_R)
  16.52 6349.70 ^ place23753/Y (BUFx6f_ASAP7_75t_R)
  13.24 6362.94 v _223668_/Y (NAND3x1_ASAP7_75t_R)
  25.71 6388.65 v place23730/Y (BUFx3_ASAP7_75t_R)
  32.27 6420.92 v _223817_/Y (AO32x1_ASAP7_75t_R)
  22.94 6443.86 v _223977_/Y (XOR2x2_ASAP7_75t_R)
  22.04 6465.90 v _223993_/Y (MAJx2_ASAP7_75t_R)
  39.30 6505.20 v _223994_/Y (OR4x2_ASAP7_75t_R)
  13.94 6519.14 ^ _223995_/Y (AOI21x1_ASAP7_75t_R)
  23.10 6542.24 ^ _224023_/Y (OA31x2_ASAP7_75t_R)
  18.18 6560.42 ^ _224027_/Y (AO21x2_ASAP7_75t_R)
  24.24 6584.66 ^ _224028_/Y (AO211x2_ASAP7_75t_R)
  16.81 6601.47 ^ place23565/Y (BUFx6f_ASAP7_75t_R)
   9.06 6610.53 v _224375_/Y (NAND2x1_ASAP7_75t_R)
  33.83 6644.37 v _224386_/Y (OR5x1_ASAP7_75t_R)
  17.14 6661.51 v _224387_/Y (AND4x1_ASAP7_75t_R)
  44.16 6705.67 v _224397_/Y (OR5x1_ASAP7_75t_R)
  22.25 6727.92 v place23468/Y (BUFx3_ASAP7_75t_R)
  10.24 6738.16 ^ _224398_/Y (AOI211x1_ASAP7_75t_R)
  28.30 6766.46 ^ _224454_/Y (OA21x2_ASAP7_75t_R)
  30.34 6796.79 ^ _224494_/Y (OR3x2_ASAP7_75t_R)
  21.40 6818.19 ^ place23431/Y (BUFx3_ASAP7_75t_R)
  19.94 6838.12 ^ _224898_/Y (OA21x2_ASAP7_75t_R)
  22.56 6860.69 ^ _224899_/Y (AND3x1_ASAP7_75t_R)
  22.55 6883.24 ^ _224900_/Y (XNOR2x2_ASAP7_75t_R)
  21.37 6904.61 ^ _224902_/Y (OA211x2_ASAP7_75t_R)
  23.62 6928.22 ^ _224913_/Y (AND3x1_ASAP7_75t_R)
  23.48 6951.70 ^ _224922_/Y (AND3x1_ASAP7_75t_R)
  25.19 6976.89 ^ _224933_/Y (AND3x1_ASAP7_75t_R)
  19.12 6996.02 ^ place23290/Y (BUFx6f_ASAP7_75t_R)
  30.94 7026.96 ^ place23289/Y (BUFx3_ASAP7_75t_R)
  19.71 7046.66 ^ _225100_/Y (AO21x1_ASAP7_75t_R)
  29.90 7076.56 v _225101_/Y (XNOR2x2_ASAP7_75t_R)
  11.40 7087.96 ^ _225293_/Y (NAND2x1_ASAP7_75t_R)
  30.99 7118.96 ^ _225317_/Y (AND5x1_ASAP7_75t_R)
  28.10 7147.06 ^ _225318_/Y (AND4x1_ASAP7_75t_R)
  36.48 7183.54 ^ _225319_/Y (AND5x1_ASAP7_75t_R)
  17.73 7201.27 ^ _225371_/Y (OR4x2_ASAP7_75t_R)
  16.77 7218.04 ^ _225393_/Y (AO21x1_ASAP7_75t_R)
  29.53 7247.57 ^ place23178/Y (BUFx3_ASAP7_75t_R)
  37.73 7285.29 ^ _225573_/Y (AO211x2_ASAP7_75t_R)
  19.49 7304.79 ^ _225574_/Y (OA31x2_ASAP7_75t_R)
  23.24 7328.02 ^ _225585_/Y (OA31x2_ASAP7_75t_R)
  18.00 7346.02 ^ _225597_/Y (OR3x1_ASAP7_75t_R)
  25.88 7371.90 ^ _225616_/Y (AO211x2_ASAP7_75t_R)
  26.10 7397.99 ^ _225664_/Y (AO211x2_ASAP7_75t_R)
  23.95 7421.94 ^ _225676_/Y (AND3x1_ASAP7_75t_R)
  27.71 7449.65 ^ _225721_/Y (OA211x2_ASAP7_75t_R)
  31.24 7480.89 ^ _225732_/Y (AO221x1_ASAP7_75t_R)
  30.11 7511.00 v _225983_/Y (XNOR2x2_ASAP7_75t_R)
  41.29 7552.29 v _225996_/Y (OR5x1_ASAP7_75t_R)
  25.29 7577.58 ^ _225997_/Y (AOI211x1_ASAP7_75t_R)
  40.21 7617.78 ^ _225998_/Y (AND4x2_ASAP7_75t_R)
  15.06 7632.85 v _226127_/Y (OAI21x1_ASAP7_75t_R)
  23.71 7656.56 v _226147_/Y (AND3x1_ASAP7_75t_R)
  26.74 7683.30 v place22877/Y (BUFx3_ASAP7_75t_R)
  28.56 7711.86 v _226283_/Y (OR3x1_ASAP7_75t_R)
  19.74 7731.60 v _226345_/Y (AO21x1_ASAP7_75t_R)
  18.15 7749.75 v _226349_/Y (AND2x2_ASAP7_75t_R)
  20.83 7770.59 v _226351_/Y (OR3x1_ASAP7_75t_R)
  16.86 7787.45 v _226353_/Y (AND4x1_ASAP7_75t_R)
  27.94 7815.39 ^ _226637_/Y (AOI221x1_ASAP7_75t_R)
  28.07 7843.45 ^ place22754/Y (BUFx3_ASAP7_75t_R)
  24.02 7867.48 ^ _226639_/Y (OA21x2_ASAP7_75t_R)
  20.84 7888.32 ^ _226653_/Y (OA21x2_ASAP7_75t_R)
  20.50 7908.82 ^ _226654_/Y (MAJx2_ASAP7_75t_R)
  18.99 7927.81 ^ _226655_/Y (MAJx2_ASAP7_75t_R)
  26.89 7954.70 v _226656_/Y (XNOR2x2_ASAP7_75t_R)
  22.19 7976.89 v _226657_/Y (AO21x1_ASAP7_75t_R)
  24.53 8001.41 ^ _226660_/Y (NAND3x1_ASAP7_75t_R)
  32.37 8033.79 ^ _226751_/Y (AO221x1_ASAP7_75t_R)
  13.43 8047.22 v _226798_/Y (AOI21x1_ASAP7_75t_R)
  38.64 8085.87 v _227061_/Y (OR4x2_ASAP7_75t_R)
  20.06 8105.93 v place22557/Y (BUFx6f_ASAP7_75t_R)
  26.15 8132.08 v place22554/Y (BUFx6f_ASAP7_75t_R)
  15.23 8147.30 v _227302_/Y (AND3x1_ASAP7_75t_R)
  22.08 8169.38 v _227309_/Y (OA22x2_ASAP7_75t_R)
  15.20 8184.58 v _227329_/Y (AND4x1_ASAP7_75t_R)
  32.89 8217.48 v _227484_/Y (OA211x2_ASAP7_75t_R)
  24.19 8241.66 v _227512_/Y (AND5x2_ASAP7_75t_R)
  28.22 8269.88 v _227530_/Y (OR3x1_ASAP7_75t_R)
  32.68 8302.56 v _227532_/Y (OR3x1_ASAP7_75t_R)
  26.40 8328.96 v place22396/Y (BUFx3_ASAP7_75t_R)
  20.79 8349.76 v place22395/Y (BUFx3_ASAP7_75t_R)
  21.30 8371.06 v _227733_/Y (AND2x2_ASAP7_75t_R)
  19.67 8390.73 v _227734_/Y (XNOR2x2_ASAP7_75t_R)
  24.47 8415.20 v _227763_/Y (AO221x1_ASAP7_75t_R)
  26.71 8441.92 v _227783_/Y (AO32x1_ASAP7_75t_R)
  19.06 8460.98 ^ _227860_/Y (OAI21x1_ASAP7_75t_R)
  19.06 8480.03 ^ place22249/Y (BUFx6f_ASAP7_75t_R)
   7.84 8487.87 v _227861_/Y (NAND2x1_ASAP7_75t_R)
  23.29 8511.16 v _227862_/Y (AND2x2_ASAP7_75t_R)
  20.46 8531.62 v place22223/Y (BUFx3_ASAP7_75t_R)
  37.01 8568.63 v _228259_/Y (OR5x1_ASAP7_75t_R)
  24.78 8593.42 v _228294_/Y (AND5x1_ASAP7_75t_R)
  23.63 8617.05 v _228295_/Y (AO221x1_ASAP7_75t_R)
  28.78 8645.83 v _228296_/Y (AO221x1_ASAP7_75t_R)
  23.44 8669.28 ^ _228325_/Y (NAND2x1_ASAP7_75t_R)
  36.12 8705.40 ^ _228377_/Y (AO221x2_ASAP7_75t_R)
  23.48 8728.87 v _228378_/Y (NAND2x1_ASAP7_75t_R)
  21.80 8750.67 v place22046/Y (BUFx6f_ASAP7_75t_R)
  15.34 8766.02 v place22045/Y (BUFx3_ASAP7_75t_R)
  24.33 8790.34 v _228623_/Y (AO21x1_ASAP7_75t_R)
  20.06 8810.41 v _228624_/Y (AND2x4_ASAP7_75t_R)
  22.30 8832.71 ^ _228937_/Y (XNOR2x2_ASAP7_75t_R)
  25.26 8857.97 ^ _228939_/Y (AND4x1_ASAP7_75t_R)
   9.81 8867.78 v _228940_/Y (NAND2x1_ASAP7_75t_R)
  38.59 8906.36 v _228953_/Y (OR4x1_ASAP7_75t_R)
  23.52 8929.89 v _229055_/Y (OA21x2_ASAP7_75t_R)
  19.63 8949.52 v _229056_/Y (OA21x2_ASAP7_75t_R)
  21.98 8971.50 v place21843/Y (BUFx3_ASAP7_75t_R)
  21.32 8992.82 v place21842/Y (BUFx3_ASAP7_75t_R)
  27.69 9020.50 v _229327_/Y (OR4x1_ASAP7_75t_R)
   8.34 9028.85 ^ _229328_/Y (OAI21x1_ASAP7_75t_R)
  10.79 9039.64 v _229333_/Y (AOI22x1_ASAP7_75t_R)
  30.11 9069.75 ^ _229353_/Y (AOI221x1_ASAP7_75t_R)
  39.81 9109.56 ^ _229638_/Y (AND5x1_ASAP7_75t_R)
  23.05 9132.61 ^ _229640_/Y (AO221x1_ASAP7_75t_R)
  18.12 9150.72 ^ place21684/Y (BUFx6f_ASAP7_75t_R)
  26.72 9177.44 ^ _229740_/Y (OA31x2_ASAP7_75t_R)
  23.79 9201.23 ^ _229741_/Y (XNOR2x2_ASAP7_75t_R)
  24.88 9226.11 v _229742_/Y (XNOR2x2_ASAP7_75t_R)
  28.23 9254.34 v _229743_/Y (AO221x1_ASAP7_75t_R)
  25.69 9280.03 ^ _229749_/Y (AOI211x1_ASAP7_75t_R)
  17.42 9297.45 v _229763_/Y (NOR2x2_ASAP7_75t_R)
  23.50 9320.94 ^ _230125_/Y (AOI211x1_ASAP7_75t_R)
  35.15 9356.10 ^ _230181_/Y (OA21x2_ASAP7_75t_R)
  29.06 9385.16 ^ _230419_/Y (OA21x2_ASAP7_75t_R)
  26.80 9411.96 v _230420_/Y (XNOR2x2_ASAP7_75t_R)
  20.59 9432.55 ^ _230421_/Y (XNOR2x2_ASAP7_75t_R)
  33.20 9465.75 ^ _230422_/Y (AND5x1_ASAP7_75t_R)
  36.61 9502.36 ^ _230446_/Y (AND5x1_ASAP7_75t_R)
  19.22 9521.58 ^ _230513_/Y (AO31x2_ASAP7_75t_R)
  18.91 9540.49 v _230514_/Y (AOI221x1_ASAP7_75t_R)
  13.14 9553.62 ^ _230515_/Y (OAI21x1_ASAP7_75t_R)
  18.11 9571.73 ^ place21065/Y (BUFx6f_ASAP7_75t_R)
  20.70 9592.43 ^ place21062/Y (BUFx6f_ASAP7_75t_R)
  24.09 9616.52 ^ _230817_/Y (AND2x2_ASAP7_75t_R)
  22.87 9639.39 ^ _230818_/Y (XNOR2x2_ASAP7_75t_R)
  26.37 9665.76 v _230819_/Y (XNOR2x2_ASAP7_75t_R)
  18.67 9684.43 v _230872_/Y (OR2x2_ASAP7_75t_R)
  24.96 9709.39 v _230897_/Y (OA33x2_ASAP7_75t_R)
  14.09 9723.48 v _230898_/Y (OA21x2_ASAP7_75t_R)
  31.91 9755.39 v _230906_/Y (OA211x2_ASAP7_75t_R)
  14.92 9770.30 ^ _230918_/Y (OAI21x1_ASAP7_75t_R)
  28.29 9798.60 ^ _230936_/Y (AO21x2_ASAP7_75t_R)
  27.78 9826.38 ^ place20920/Y (BUFx3_ASAP7_75t_R)
  26.68 9853.06 ^ _230992_/Y (AND3x2_ASAP7_75t_R)
  27.70 9880.76 v _231175_/Y (XNOR2x2_ASAP7_75t_R)
  21.05 9901.81 ^ _231176_/Y (XNOR2x2_ASAP7_75t_R)
  30.20 9932.01 ^ _231180_/Y (AND4x1_ASAP7_75t_R)
   9.20 9941.21 v _231314_/Y (NAND3x1_ASAP7_75t_R)
  38.39 9979.59 v _231315_/Y (OR5x1_ASAP7_75t_R)
  26.97 10006.56 v _231371_/Y (AND5x2_ASAP7_75t_R)
  24.26 10030.82 ^ _231376_/Y (NAND2x1p5_ASAP7_75t_R)
  22.71 10053.53 ^ place20787/Y (BUFx6f_ASAP7_75t_R)
  17.49 10071.02 ^ _231559_/Y (AND2x2_ASAP7_75t_R)
  31.16 10102.19 v _231560_/Y (XNOR2x2_ASAP7_75t_R)
  13.09 10115.27 ^ _231561_/Y (NAND2x1_ASAP7_75t_R)
  31.86 10147.13 ^ _231575_/Y (AND5x2_ASAP7_75t_R)
  26.94 10174.07 ^ _231624_/Y (AND5x1_ASAP7_75t_R)
  25.61 10199.68 ^ _231625_/Y (OA211x2_ASAP7_75t_R)
  17.32 10217.00 ^ _231626_/Y (AND2x4_ASAP7_75t_R)
  26.23 10243.23 ^ _231767_/Y (AO211x2_ASAP7_75t_R)
  21.11 10264.34 ^ place20675/Y (BUFx6f_ASAP7_75t_R)
  21.03 10285.37 ^ _231908_/Y (AND2x2_ASAP7_75t_R)
  19.64 10305.02 v _231909_/Y (XOR2x2_ASAP7_75t_R)
  24.34 10329.36 v _231919_/Y (AO221x1_ASAP7_75t_R)
  28.15 10357.51 v _231938_/Y (OR5x1_ASAP7_75t_R)
  22.79 10380.30 v _231957_/Y (AO32x1_ASAP7_75t_R)
  24.61 10404.91 v _232004_/Y (OA221x2_ASAP7_75t_R)
  36.17 10441.08 v _232005_/Y (OR4x1_ASAP7_75t_R)
  30.54 10471.62 ^ _232006_/Y (NAND3x2_ASAP7_75t_R)
  32.90 10504.52 ^ _232185_/Y (AO22x1_ASAP7_75t_R)
  16.77 10521.29 ^ _232187_/Y (AO21x1_ASAP7_75t_R)
  24.18 10545.47 v _232190_/Y (AOI21x1_ASAP7_75t_R)
  31.91 10577.37 v _232248_/Y (OR3x1_ASAP7_75t_R)
  23.89 10601.26 v _232279_/Y (AO21x1_ASAP7_75t_R)
  29.13 10630.39 v _232503_/Y (AO22x2_ASAP7_75t_R)
  26.85 10657.23 ^ _232540_/Y (XNOR2x2_ASAP7_75t_R)
  22.11 10679.35 ^ _232542_/Y (AND3x2_ASAP7_75t_R)
  19.75 10699.10 ^ _232543_/Y (OR3x2_ASAP7_75t_R)
  17.79 10716.89 ^ place20232/Y (BUFx3_ASAP7_75t_R)
  17.03 10733.92 ^ _232615_/Y (AO31x2_ASAP7_75t_R)
  32.25 10766.17 ^ _232625_/Y (OA222x2_ASAP7_75t_R)
  21.07 10787.24 ^ _232638_/Y (MAJx2_ASAP7_75t_R)
  23.73 10810.97 ^ _232640_/Y (AO221x2_ASAP7_75t_R)
  14.66 10825.62 ^ place19938/Y (BUFx3_ASAP7_75t_R)
  22.91 10848.53 ^ _232669_/Y (AO31x2_ASAP7_75t_R)
  21.11 10869.64 v _232670_/Y (OAI21x1_ASAP7_75t_R)
  28.40 10898.05 v place19853/Y (BUFx3_ASAP7_75t_R)
  28.27 10926.32 v _233618_/Y (AO21x1_ASAP7_75t_R)
  31.54 10957.86 v _233619_/Y (OA211x2_ASAP7_75t_R)
  33.94 10991.80 v _233626_/Y (OR4x1_ASAP7_75t_R)
  27.61 11019.40 v _233632_/Y (OA211x2_ASAP7_75t_R)
  21.90 11041.31 v _233633_/Y (OA22x2_ASAP7_75t_R)
  22.25 11063.55 v _233721_/Y (AND5x2_ASAP7_75t_R)
  21.18 11084.73 v _233967_/Y (AND3x4_ASAP7_75t_R)
  22.92 11107.65 v _235036_/Y (AND5x2_ASAP7_75t_R)
  19.43 11127.08 v _235186_/Y (AND4x1_ASAP7_75t_R)
  16.80 11143.88 v _235297_/Y (AND3x2_ASAP7_75t_R)
  44.36 11188.25 v _235300_/Y (OR5x2_ASAP7_75t_R)
  24.88 11213.12 v place19574/Y (BUFx3_ASAP7_75t_R)
   7.50 11220.62 ^ _276097_/Y (INVx1_ASAP7_75t_R)
  29.56 11250.19 ^ _276098_/Y (AO32x2_ASAP7_75t_R)
  21.64 11271.83 v _279914_/Y (AOI21x1_ASAP7_75t_R)
  63.81 11335.64 ^ _280017_/Y (OAI21x1_ASAP7_75t_R)
  50.67 11386.31 v _326596_/Y (AOI22x1_ASAP7_75t_R)
  23.53 11409.84 v place19240/Y (BUFx6f_ASAP7_75t_R)
  20.37 11430.21 v place19238/Y (BUFx6f_ASAP7_75t_R)
  45.05 11475.26 v _334388_/Y (OA21x2_ASAP7_75t_R)
   8.07 11483.33 ^ _334389_/Y (NOR2x1_ASAP7_75t_R)
   0.12 11483.45 ^ _395836_/D (DFFHQNx1_ASAP7_75t_R)
        11483.45   data arrival time

12000.00 12000.00   clock core_clk (rise edge)
   0.00 12000.00   clock source latency
   0.00 12000.00 ^ clk (in)
  45.24 12045.24 ^ wire32813/Y (BUFx12f_ASAP7_75t_R)
  51.74 12096.99 ^ clkbuf_0_clk/Y (BUFx24_ASAP7_75t_R)
  27.57 12124.55 ^ clkbuf_1_1_0_clk/Y (BUFx24_ASAP7_75t_R)
  22.94 12147.50 ^ clkbuf_2_3_0_clk/Y (BUFx24_ASAP7_75t_R)
  30.79 12178.29 ^ clkbuf_3_7_0_clk/Y (BUFx24_ASAP7_75t_R)
  26.19 12204.48 ^ clkbuf_4_14_0_clk/Y (BUFx24_ASAP7_75t_R)
  26.10 12230.58 ^ clkbuf_6_58_0_clk/Y (BUFx24_ASAP7_75t_R)
  21.09 12251.67 ^ clkbuf_7_116__f_clk/Y (BUFx24_ASAP7_75t_R)
  23.01 12274.67 ^ clkbuf_leaf_591_clk/Y (BUFx24_ASAP7_75t_R)
   1.96 12276.63 ^ _395836_/CLK (DFFHQNx1_ASAP7_75t_R)
 -50.00 12226.63   clock uncertainty
   4.46 12231.09   clock reconvergence pessimism
 -10.99 12220.11   library setup time
        12220.11   data required time
---------------------------------------------------------
        12220.11   data required time
        -11483.45   data arrival time
---------------------------------------------------------
         736.65   slack (MET)


Startpoint: _386358_ (rising edge-triggered flip-flop clocked by core_clk)
Endpoint: _395836_ (rising edge-triggered flip-flop clocked by core_clk)
Path Group: reg2reg
Path Type: max

  Delay    Time   Description
---------------------------------------------------------
   0.00    0.00   clock core_clk (rise edge)
   0.00    0.00   clock source latency
   0.00    0.00 ^ clk (in)
  46.36   46.36 ^ wire32813/Y (BUFx12f_ASAP7_75t_R)
  53.38   99.75 ^ clkbuf_0_clk/Y (BUFx24_ASAP7_75t_R)
  28.51  128.26 ^ clkbuf_1_1_0_clk/Y (BUFx24_ASAP7_75t_R)
  23.70  151.96 ^ clkbuf_2_3_0_clk/Y (BUFx24_ASAP7_75t_R)
  32.83  184.79 ^ clkbuf_3_6_0_clk/Y (BUFx24_ASAP7_75t_R)
  26.85  211.64 ^ clkbuf_4_12_0_clk/Y (BUFx24_ASAP7_75t_R)
  27.58  239.22 ^ clkbuf_6_48_0_clk/Y (BUFx24_ASAP7_75t_R)
  22.29  261.50 ^ clkbuf_7_96__f_clk/Y (BUFx24_ASAP7_75t_R)
  24.98  286.48 ^ clkbuf_leaf_385_clk/Y (BUFx24_ASAP7_75t_R)
   2.87  289.35 ^ _386358_/CLK (DFFHQNx1_ASAP7_75t_R)
  78.73  368.08 v _386358_/QN (DFFHQNx1_ASAP7_75t_R)
  72.17  440.25 v _210677_/Y (OR4x2_ASAP7_75t_R)
  57.30  497.55 v place32433/Y (BUFx3_ASAP7_75t_R)
  66.16  563.70 v _210741_/Y (AND4x1_ASAP7_75t_R)
  34.66  598.36 v _210744_/Y (OA21x2_ASAP7_75t_R)
  54.90  653.26 v _210745_/Y (AND2x2_ASAP7_75t_R)
 123.11  776.37 v place31673/Y (BUFx3_ASAP7_75t_R)
  84.48  860.85 v _211121_/Y (OR3x2_ASAP7_75t_R)
  63.46  924.30 v _211124_/Y (OR2x2_ASAP7_75t_R)
 184.30 1108.60 v place30877/Y (BUFx3_ASAP7_75t_R)
  36.89 1145.49 v _214083_/Y (OA22x2_ASAP7_75t_R)
  14.64 1160.12 v _214088_/Y (AND4x1_ASAP7_75t_R)
  41.58 1201.70 ^ _214089_/Y (NAND3x1_ASAP7_75t_R)
  38.34 1240.04 v _214126_/Y (AOI221x1_ASAP7_75t_R)
  42.21 1282.25 v _214127_/Y (AND5x1_ASAP7_75t_R)
  29.72 1311.97 v _214553_/Y (AND4x1_ASAP7_75t_R)
  18.77 1330.74 v place29280/Y (BUFx3_ASAP7_75t_R)
  24.65 1355.40 ^ _214554_/Y (NAND3x1_ASAP7_75t_R)
  27.93 1383.33 ^ _217167_/Y (AND4x1_ASAP7_75t_R)
  27.87 1411.20 ^ _217174_/Y (AO221x1_ASAP7_75t_R)
  21.95 1433.15 ^ _217198_/Y (AO31x2_ASAP7_75t_R)
  20.25 1453.40 ^ place27934/Y (BUFx3_ASAP7_75t_R)
  10.70 1464.09 v _217278_/Y (OAI21x1_ASAP7_75t_R)
  25.57 1489.67 v _217284_/Y (OA211x2_ASAP7_75t_R)
  40.05 1529.72 v _217285_/Y (OR5x1_ASAP7_75t_R)
  33.32 1563.03 v _217286_/Y (MAJx2_ASAP7_75t_R)
  22.44 1585.48 v _217372_/Y (OA21x2_ASAP7_75t_R)
  24.83 1610.31 v _217375_/Y (OA222x2_ASAP7_75t_R)
  19.50 1629.81 v _217380_/Y (AND5x2_ASAP7_75t_R)
  30.66 1660.47 v _217382_/Y (OR3x2_ASAP7_75t_R)
  16.39 1676.87 ^ _217409_/Y (AOI21x1_ASAP7_75t_R)
  18.55 1695.42 ^ place26693/Y (BUFx3_ASAP7_75t_R)
   8.11 1703.53 v _217416_/Y (AOI211x1_ASAP7_75t_R)
  25.15 1728.67 ^ _217417_/Y (AOI221x1_ASAP7_75t_R)
  16.16 1744.84 v _217423_/Y (INVx1_ASAP7_75t_R)
  19.75 1764.59 v _217485_/Y (AO21x1_ASAP7_75t_R)
  32.05 1796.64 v _217488_/Y (AO21x1_ASAP7_75t_R)
  32.36 1829.00 v _217532_/Y (OA211x2_ASAP7_75t_R)
  21.82 1850.82 v _217533_/Y (XOR2x2_ASAP7_75t_R)
  21.19 1872.02 v _217545_/Y (MAJx2_ASAP7_75t_R)
  24.09 1896.11 v _217561_/Y (AO32x1_ASAP7_75t_R)
  24.73 1920.85 v _217562_/Y (MAJx2_ASAP7_75t_R)
  24.59 1945.43 v _217577_/Y (OA21x2_ASAP7_75t_R)
  16.90 1962.33 v place26187/Y (BUFx3_ASAP7_75t_R)
   8.47 1970.80 ^ _217612_/Y (NOR2x1_ASAP7_75t_R)
  27.24 1998.03 ^ _217613_/Y (XNOR2x2_ASAP7_75t_R)
  12.03 2010.07 v _217620_/Y (NOR2x1_ASAP7_75t_R)
  18.03 2028.09 ^ _217622_/Y (AOI22x1_ASAP7_75t_R)
  14.20 2042.29 v _217623_/Y (AOI21x1_ASAP7_75t_R)
  26.81 2069.11 v _217624_/Y (MAJx2_ASAP7_75t_R)
  28.30 2097.41 v _217669_/Y (AO32x1_ASAP7_75t_R)
  24.62 2122.03 v _217723_/Y (OR3x1_ASAP7_75t_R)
  26.03 2148.07 v _217732_/Y (AO221x1_ASAP7_75t_R)
  13.78 2161.85 ^ _217733_/Y (NAND3x1_ASAP7_75t_R)
  26.69 2188.54 ^ _217734_/Y (MAJx2_ASAP7_75t_R)
  21.78 2210.32 ^ _217735_/Y (MAJx2_ASAP7_75t_R)
  23.07 2233.39 ^ _217740_/Y (MAJx2_ASAP7_75t_R)
  25.63 2259.02 ^ _217741_/Y (AO221x1_ASAP7_75t_R)
  27.32 2286.34 ^ _217755_/Y (AO31x2_ASAP7_75t_R)
  23.88 2310.22 ^ _217807_/Y (AND3x1_ASAP7_75t_R)
  27.67 2337.89 v _217808_/Y (XNOR2x2_ASAP7_75t_R)
  18.85 2356.74 v _217809_/Y (OR2x2_ASAP7_75t_R)
  17.53 2374.28 v _217817_/Y (AO211x2_ASAP7_75t_R)
  30.10 2404.38 v _217818_/Y (AO32x2_ASAP7_75t_R)
  22.30 2426.68 v _217848_/Y (AO31x2_ASAP7_75t_R)
  28.77 2455.44 ^ _217853_/Y (AOI22x1_ASAP7_75t_R)
  21.88 2477.33 ^ _217888_/Y (AND2x2_ASAP7_75t_R)
  26.93 2504.26 v _217889_/Y (XNOR2x2_ASAP7_75t_R)
  21.61 2525.87 v _217890_/Y (OR2x2_ASAP7_75t_R)
  21.01 2546.88 v _217897_/Y (AO21x1_ASAP7_75t_R)
  16.97 2563.85 v _217898_/Y (AND2x2_ASAP7_75t_R)
  21.77 2585.62 v _217959_/Y (OA211x2_ASAP7_75t_R)
  19.67 2605.30 v _217960_/Y (OA21x2_ASAP7_75t_R)
  25.79 2631.08 v _218017_/Y (OA211x2_ASAP7_75t_R)
  21.46 2652.55 v _218018_/Y (XOR2x2_ASAP7_75t_R)
  27.77 2680.32 v _218038_/Y (OR4x1_ASAP7_75t_R)
  25.54 2705.86 v _218040_/Y (AO221x1_ASAP7_75t_R)
  33.42 2739.28 v _218043_/Y (AO33x2_ASAP7_75t_R)
  21.51 2760.79 v _218044_/Y (MAJx2_ASAP7_75t_R)
  27.13 2787.92 v _218049_/Y (MAJx3_ASAP7_75t_R)
  26.90 2814.82 v _218087_/Y (OA21x2_ASAP7_75t_R)
  16.18 2831.00 v _218091_/Y (AND2x4_ASAP7_75t_R)
  16.33 2847.33 v _218092_/Y (OA21x2_ASAP7_75t_R)
  25.31 2872.64 v _218093_/Y (OA222x2_ASAP7_75t_R)
  23.48 2896.12 v _218106_/Y (MAJx2_ASAP7_75t_R)
  29.73 2925.85 v _218130_/Y (AO32x2_ASAP7_75t_R)
  22.65 2948.50 v _218150_/Y (OA21x2_ASAP7_75t_R)
  28.49 2976.99 v _218190_/Y (OA211x2_ASAP7_75t_R)
  24.86 3001.85 v _218211_/Y (OA31x2_ASAP7_75t_R)
  27.47 3029.33 v _218260_/Y (AO32x1_ASAP7_75t_R)
  29.59 3058.92 v _218261_/Y (OR3x1_ASAP7_75t_R)
  24.00 3082.93 v _218270_/Y (OA22x2_ASAP7_75t_R)
  27.43 3110.35 v _218271_/Y (AO22x2_ASAP7_75t_R)
  30.15 3140.50 v _218276_/Y (AO22x2_ASAP7_75t_R)
  25.72 3166.22 v _218298_/Y (AO21x2_ASAP7_75t_R)
  16.65 3182.86 v place25618/Y (BUFx3_ASAP7_75t_R)
  15.38 3198.24 v _218449_/Y (AO21x1_ASAP7_75t_R)
   9.59 3207.83 ^ _218451_/Y (NAND2x1_ASAP7_75t_R)
  26.58 3234.41 ^ _218457_/Y (AO221x1_ASAP7_75t_R)
  24.62 3259.03 ^ _218458_/Y (AO32x1_ASAP7_75t_R)
  23.32 3282.35 ^ _218461_/Y (OA31x2_ASAP7_75t_R)
  28.12 3310.47 ^ _218493_/Y (OA21x2_ASAP7_75t_R)
  20.67 3331.14 v _218574_/Y (AOI21x1_ASAP7_75t_R)
  22.37 3353.51 v _218632_/Y (OA21x2_ASAP7_75t_R)
  26.08 3379.59 v _218633_/Y (OR4x1_ASAP7_75t_R)
  31.56 3411.15 v _218634_/Y (OA211x2_ASAP7_75t_R)
  27.87 3439.02 v _218635_/Y (MAJx2_ASAP7_75t_R)
  36.50 3475.52 v _218642_/Y (OR5x1_ASAP7_75t_R)
  11.72 3487.23 ^ _218643_/Y (OAI21x1_ASAP7_75t_R)
  15.75 3502.99 v _218664_/Y (OAI21x1_ASAP7_75t_R)
  20.23 3523.21 ^ _218760_/Y (AOI211x1_ASAP7_75t_R)
  27.31 3550.52 ^ _218763_/Y (OR2x2_ASAP7_75t_R)
  17.02 3567.55 ^ place25429/Y (BUFx6f_ASAP7_75t_R)
  13.87 3581.42 ^ place25427/Y (BUFx3_ASAP7_75t_R)
  18.86 3600.27 ^ _218821_/Y (OA21x2_ASAP7_75t_R)
  27.59 3627.86 v _218822_/Y (XNOR2x2_ASAP7_75t_R)
  16.50 3644.36 v _218823_/Y (AND2x2_ASAP7_75t_R)
  22.67 3667.03 v _218824_/Y (MAJx2_ASAP7_75t_R)
  23.76 3690.79 v _218825_/Y (MAJx2_ASAP7_75t_R)
  19.55 3710.34 ^ _218826_/Y (AOI221x1_ASAP7_75t_R)
  15.68 3726.03 v _218981_/Y (OAI21x1_ASAP7_75t_R)
  19.58 3745.61 v place25318/Y (BUFx6f_ASAP7_75t_R)
  26.00 3771.61 ^ _218987_/Y (NOR2x1_ASAP7_75t_R)
  26.36 3797.97 ^ _218995_/Y (OA22x2_ASAP7_75t_R)
  16.88 3814.85 ^ _219001_/Y (AO31x2_ASAP7_75t_R)
  35.48 3850.33 ^ _219008_/Y (AO221x1_ASAP7_75t_R)
  31.33 3881.67 ^ _219217_/Y (AO211x2_ASAP7_75t_R)
  28.93 3910.60 ^ _219222_/Y (AND5x2_ASAP7_75t_R)
  38.18 3948.78 ^ _219231_/Y (OA31x2_ASAP7_75t_R)
  23.43 3972.21 ^ place25226/Y (BUFx6f_ASAP7_75t_R)
  16.81 3989.02 ^ _219398_/Y (AND2x4_ASAP7_75t_R)
  25.68 4014.70 v _219399_/Y (XNOR2x2_ASAP7_75t_R)
  22.75 4037.45 v _219451_/Y (AO32x1_ASAP7_75t_R)
  18.59 4056.04 v _219459_/Y (OA21x2_ASAP7_75t_R)
  33.16 4089.20 v _219485_/Y (OA221x2_ASAP7_75t_R)
  18.78 4107.99 v place25136/Y (BUFx6f_ASAP7_75t_R)
  14.01 4121.99 ^ _219494_/Y (AOI21x1_ASAP7_75t_R)
  25.52 4147.51 ^ _219611_/Y (AND4x1_ASAP7_75t_R)
  22.18 4169.69 v _219612_/Y (AOI221x1_ASAP7_75t_R)
  18.86 4188.55 ^ _219633_/Y (AOI22x1_ASAP7_75t_R)
  28.58 4217.13 ^ _219634_/Y (OA31x2_ASAP7_75t_R)
  24.23 4241.36 ^ _219653_/Y (AO221x1_ASAP7_75t_R)
  28.26 4269.62 ^ _219666_/Y (AO31x2_ASAP7_75t_R)
  29.11 4298.74 ^ _219763_/Y (AO21x1_ASAP7_75t_R)
  17.66 4316.40 ^ place25012/Y (BUFx6f_ASAP7_75t_R)
  23.60 4339.99 ^ _220048_/Y (AO31x2_ASAP7_75t_R)
  20.05 4360.04 ^ _220050_/Y (AND2x2_ASAP7_75t_R)
  29.07 4389.11 v _220051_/Y (XNOR2x2_ASAP7_75t_R)
  18.96 4408.07 v _220065_/Y (OA31x2_ASAP7_75t_R)
  35.45 4443.52 v _220113_/Y (OR5x1_ASAP7_75t_R)
  22.72 4466.24 v _220143_/Y (AO211x2_ASAP7_75t_R)
  19.49 4485.73 v _220166_/Y (AO31x2_ASAP7_75t_R)
  30.48 4516.21 ^ _220179_/Y (AOI21x1_ASAP7_75t_R)
  24.05 4540.26 ^ place24895/Y (BUFx6f_ASAP7_75t_R)
  16.95 4557.22 ^ _220392_/Y (OA21x2_ASAP7_75t_R)
  27.86 4585.08 ^ _220393_/Y (AO22x1_ASAP7_75t_R)
  21.01 4606.09 ^ _220394_/Y (OR2x2_ASAP7_75t_R)
  17.94 4624.03 ^ _220395_/Y (AO211x2_ASAP7_75t_R)
  11.10 4635.14 v _220397_/Y (AOI22x1_ASAP7_75t_R)
  40.25 4675.38 v _220465_/Y (OR3x2_ASAP7_75t_R)
  29.50 4704.89 v _220567_/Y (AO21x1_ASAP7_75t_R)
  29.10 4733.99 v _220642_/Y (OA211x2_ASAP7_75t_R)
  23.82 4757.81 v _220643_/Y (XOR2x2_ASAP7_75t_R)
  22.52 4780.32 v _220786_/Y (AO22x2_ASAP7_75t_R)
  29.95 4810.27 v _220802_/Y (OR4x1_ASAP7_75t_R)
  34.92 4845.19 v _220811_/Y (AO32x1_ASAP7_75t_R)
  23.17 4868.36 v place24708/Y (BUFx3_ASAP7_75t_R)
  27.19 4895.55 v _220958_/Y (AO221x1_ASAP7_75t_R)
  29.28 4924.83 v _220959_/Y (OA211x2_ASAP7_75t_R)
  25.77 4950.60 v _221039_/Y (OA211x2_ASAP7_75t_R)
  23.26 4973.86 v _221040_/Y (XNOR2x2_ASAP7_75t_R)
  28.48 5002.33 v _221138_/Y (OA221x2_ASAP7_75t_R)
  27.81 5030.14 v _221139_/Y (OA211x2_ASAP7_75t_R)
  18.14 5048.28 v _221142_/Y (OA21x2_ASAP7_75t_R)
  19.05 5067.33 v _221143_/Y (OA21x2_ASAP7_75t_R)
  20.53 5087.86 v _221176_/Y (OA21x2_ASAP7_75t_R)
  26.41 5114.27 v _221217_/Y (AO21x2_ASAP7_75t_R)
  23.48 5137.75 v _221338_/Y (AND2x2_ASAP7_75t_R)
  24.63 5162.38 v _221339_/Y (XOR2x2_ASAP7_75t_R)
  25.50 5187.88 v _221375_/Y (OA211x2_ASAP7_75t_R)
  23.13 5211.01 ^ _221376_/Y (AOI211x1_ASAP7_75t_R)
  34.01 5245.02 ^ _221592_/Y (AO211x2_ASAP7_75t_R)
  22.74 5267.77 ^ _221600_/Y (AO31x2_ASAP7_75t_R)
  33.20 5300.97 ^ _221602_/Y (AND5x2_ASAP7_75t_R)
  18.34 5319.30 ^ place24445/Y (BUFx3_ASAP7_75t_R)
  18.45 5337.75 ^ _221804_/Y (OA31x2_ASAP7_75t_R)
  30.50 5368.25 v _221805_/Y (XNOR2x2_ASAP7_75t_R)
  21.55 5389.80 v _221841_/Y (OR2x2_ASAP7_75t_R)
  21.05 5410.85 v _221842_/Y (MAJx2_ASAP7_75t_R)
  22.37 5433.22 v _221846_/Y (MAJx2_ASAP7_75t_R)
  21.24 5454.46 v _221882_/Y (AND5x1_ASAP7_75t_R)
  22.01 5476.48 ^ _221926_/Y (OAI21x1_ASAP7_75t_R)
  22.89 5499.37 ^ place24326/Y (BUFx3_ASAP7_75t_R)
  20.13 5519.50 v _222073_/Y (AOI211x1_ASAP7_75t_R)
  23.73 5543.23 v _222155_/Y (OA21x2_ASAP7_75t_R)
  26.49 5569.73 ^ _222156_/Y (XOR2x2_ASAP7_75t_R)
  20.86 5590.59 ^ place24271/Y (BUFx3_ASAP7_75t_R)
  14.54 5605.13 v _222157_/Y (INVx1_ASAP7_75t_R)
  24.51 5629.64 v _222163_/Y (MAJx2_ASAP7_75t_R)
  14.56 5644.20 ^ _222164_/Y (AOI21x1_ASAP7_75t_R)
  22.53 5666.73 v _222322_/Y (NOR2x1_ASAP7_75t_R)
  29.06 5695.79 v _222326_/Y (AO22x2_ASAP7_75t_R)
  38.00 5733.79 v _222333_/Y (AO221x2_ASAP7_75t_R)
  22.34 5756.13 v place24142/Y (BUFx6f_ASAP7_75t_R)
  18.29 5774.42 v _222673_/Y (AO21x1_ASAP7_75t_R)
  20.52 5794.94 v _222675_/Y (AO22x2_ASAP7_75t_R)
  18.78 5813.72 v place24098/Y (BUFx3_ASAP7_75t_R)
  23.76 5837.47 v _222776_/Y (MAJx2_ASAP7_75t_R)
  15.23 5852.70 v _222872_/Y (OA21x2_ASAP7_75t_R)
  27.16 5879.86 v _222915_/Y (OR4x1_ASAP7_75t_R)
  32.98 5912.84 v _222917_/Y (OA211x2_ASAP7_75t_R)
  32.44 5945.28 v _222939_/Y (AO221x1_ASAP7_75t_R)
  28.98 5974.26 v _222940_/Y (AO211x2_ASAP7_75t_R)
  22.37 5996.64 v place23985/Y (BUFx6f_ASAP7_75t_R)
  15.90 6012.54 ^ _223249_/Y (NAND3x1_ASAP7_75t_R)
  20.47 6033.01 ^ _223250_/Y (AND3x1_ASAP7_75t_R)
  20.05 6053.07 ^ _223252_/Y (OA211x2_ASAP7_75t_R)
  20.56 6073.63 ^ _223253_/Y (AND3x1_ASAP7_75t_R)
  31.59 6105.22 ^ _223254_/Y (AND5x1_ASAP7_75t_R)
  30.44 6135.66 ^ _223255_/Y (AND5x1_ASAP7_75t_R)
  16.83 6152.49 ^ _223256_/Y (OR4x2_ASAP7_75t_R)
  20.81 6173.30 ^ place23853/Y (BUFx3_ASAP7_75t_R)
  19.61 6192.91 v _223257_/Y (NOR2x2_ASAP7_75t_R)
  16.90 6209.81 v place23846/Y (BUFx6f_ASAP7_75t_R)
  27.25 6237.06 v _223374_/Y (OR4x1_ASAP7_75t_R)
  19.72 6256.78 v _223375_/Y (AND4x1_ASAP7_75t_R)
  23.41 6280.19 ^ _223376_/Y (XNOR2x2_ASAP7_75t_R)
  17.46 6297.65 ^ _223377_/Y (AND2x2_ASAP7_75t_R)
  35.53 6333.18 ^ _223439_/Y (AND5x1_ASAP7_75t_R)
  16.52 6349.70 ^ place23753/Y (BUFx6f_ASAP7_75t_R)
  13.24 6362.94 v _223668_/Y (NAND3x1_ASAP7_75t_R)
  25.71 6388.65 v place23730/Y (BUFx3_ASAP7_75t_R)
  32.27 6420.92 v _223817_/Y (AO32x1_ASAP7_75t_R)
  22.94 6443.86 v _223977_/Y (XOR2x2_ASAP7_75t_R)
  22.04 6465.90 v _223993_/Y (MAJx2_ASAP7_75t_R)
  39.30 6505.20 v _223994_/Y (OR4x2_ASAP7_75t_R)
  13.94 6519.14 ^ _223995_/Y (AOI21x1_ASAP7_75t_R)
  23.10 6542.24 ^ _224023_/Y (OA31x2_ASAP7_75t_R)
  18.18 6560.42 ^ _224027_/Y (AO21x2_ASAP7_75t_R)
  24.24 6584.66 ^ _224028_/Y (AO211x2_ASAP7_75t_R)
  16.81 6601.47 ^ place23565/Y (BUFx6f_ASAP7_75t_R)
   9.06 6610.53 v _224375_/Y (NAND2x1_ASAP7_75t_R)
  33.83 6644.37 v _224386_/Y (OR5x1_ASAP7_75t_R)
  17.14 6661.51 v _224387_/Y (AND4x1_ASAP7_75t_R)
  44.16 6705.67 v _224397_/Y (OR5x1_ASAP7_75t_R)
  22.25 6727.92 v place23468/Y (BUFx3_ASAP7_75t_R)
  10.24 6738.16 ^ _224398_/Y (AOI211x1_ASAP7_75t_R)
  28.30 6766.46 ^ _224454_/Y (OA21x2_ASAP7_75t_R)
  30.34 6796.79 ^ _224494_/Y (OR3x2_ASAP7_75t_R)
  21.40 6818.19 ^ place23431/Y (BUFx3_ASAP7_75t_R)
  19.94 6838.12 ^ _224898_/Y (OA21x2_ASAP7_75t_R)
  22.56 6860.69 ^ _224899_/Y (AND3x1_ASAP7_75t_R)
  22.55 6883.24 ^ _224900_/Y (XNOR2x2_ASAP7_75t_R)
  21.37 6904.61 ^ _224902_/Y (OA211x2_ASAP7_75t_R)
  23.62 6928.22 ^ _224913_/Y (AND3x1_ASAP7_75t_R)
  23.48 6951.70 ^ _224922_/Y (AND3x1_ASAP7_75t_R)
  25.19 6976.89 ^ _224933_/Y (AND3x1_ASAP7_75t_R)
  19.12 6996.02 ^ place23290/Y (BUFx6f_ASAP7_75t_R)
  30.94 7026.96 ^ place23289/Y (BUFx3_ASAP7_75t_R)
  19.71 7046.66 ^ _225100_/Y (AO21x1_ASAP7_75t_R)
  29.90 7076.56 v _225101_/Y (XNOR2x2_ASAP7_75t_R)
  11.40 7087.96 ^ _225293_/Y (NAND2x1_ASAP7_75t_R)
  30.99 7118.96 ^ _225317_/Y (AND5x1_ASAP7_75t_R)
  28.10 7147.06 ^ _225318_/Y (AND4x1_ASAP7_75t_R)
  36.48 7183.54 ^ _225319_/Y (AND5x1_ASAP7_75t_R)
  17.73 7201.27 ^ _225371_/Y (OR4x2_ASAP7_75t_R)
  16.77 7218.04 ^ _225393_/Y (AO21x1_ASAP7_75t_R)
  29.53 7247.57 ^ place23178/Y (BUFx3_ASAP7_75t_R)
  37.73 7285.29 ^ _225573_/Y (AO211x2_ASAP7_75t_R)
  19.49 7304.79 ^ _225574_/Y (OA31x2_ASAP7_75t_R)
  23.24 7328.02 ^ _225585_/Y (OA31x2_ASAP7_75t_R)
  18.00 7346.02 ^ _225597_/Y (OR3x1_ASAP7_75t_R)
  25.88 7371.90 ^ _225616_/Y (AO211x2_ASAP7_75t_R)
  26.10 7397.99 ^ _225664_/Y (AO211x2_ASAP7_75t_R)
  23.95 7421.94 ^ _225676_/Y (AND3x1_ASAP7_75t_R)
  27.71 7449.65 ^ _225721_/Y (OA211x2_ASAP7_75t_R)
  31.24 7480.89 ^ _225732_/Y (AO221x1_ASAP7_75t_R)
  30.11 7511.00 v _225983_/Y (XNOR2x2_ASAP7_75t_R)
  41.29 7552.29 v _225996_/Y (OR5x1_ASAP7_75t_R)
  25.29 7577.58 ^ _225997_/Y (AOI211x1_ASAP7_75t_R)
  40.21 7617.78 ^ _225998_/Y (AND4x2_ASAP7_75t_R)
  15.06 7632.85 v _226127_/Y (OAI21x1_ASAP7_75t_R)
  23.71 7656.56 v _226147_/Y (AND3x1_ASAP7_75t_R)
  26.74 7683.30 v place22877/Y (BUFx3_ASAP7_75t_R)
  28.56 7711.86 v _226283_/Y (OR3x1_ASAP7_75t_R)
  19.74 7731.60 v _226345_/Y (AO21x1_ASAP7_75t_R)
  18.15 7749.75 v _226349_/Y (AND2x2_ASAP7_75t_R)
  20.83 7770.59 v _226351_/Y (OR3x1_ASAP7_75t_R)
  16.86 7787.45 v _226353_/Y (AND4x1_ASAP7_75t_R)
  27.94 7815.39 ^ _226637_/Y (AOI221x1_ASAP7_75t_R)
  28.07 7843.45 ^ place22754/Y (BUFx3_ASAP7_75t_R)
  24.02 7867.48 ^ _226639_/Y (OA21x2_ASAP7_75t_R)
  20.84 7888.32 ^ _226653_/Y (OA21x2_ASAP7_75t_R)
  20.50 7908.82 ^ _226654_/Y (MAJx2_ASAP7_75t_R)
  18.99 7927.81 ^ _226655_/Y (MAJx2_ASAP7_75t_R)
  26.89 7954.70 v _226656_/Y (XNOR2x2_ASAP7_75t_R)
  22.19 7976.89 v _226657_/Y (AO21x1_ASAP7_75t_R)
  24.53 8001.41 ^ _226660_/Y (NAND3x1_ASAP7_75t_R)
  32.37 8033.79 ^ _226751_/Y (AO221x1_ASAP7_75t_R)
  13.43 8047.22 v _226798_/Y (AOI21x1_ASAP7_75t_R)
  38.64 8085.87 v _227061_/Y (OR4x2_ASAP7_75t_R)
  20.06 8105.93 v place22557/Y (BUFx6f_ASAP7_75t_R)
  26.15 8132.08 v place22554/Y (BUFx6f_ASAP7_75t_R)
  15.23 8147.30 v _227302_/Y (AND3x1_ASAP7_75t_R)
  22.08 8169.38 v _227309_/Y (OA22x2_ASAP7_75t_R)
  15.20 8184.58 v _227329_/Y (AND4x1_ASAP7_75t_R)
  32.89 8217.48 v _227484_/Y (OA211x2_ASAP7_75t_R)
  24.19 8241.66 v _227512_/Y (AND5x2_ASAP7_75t_R)
  28.22 8269.88 v _227530_/Y (OR3x1_ASAP7_75t_R)
  32.68 8302.56 v _227532_/Y (OR3x1_ASAP7_75t_R)
  26.40 8328.96 v place22396/Y (BUFx3_ASAP7_75t_R)
  20.79 8349.76 v place22395/Y (BUFx3_ASAP7_75t_R)
  21.30 8371.06 v _227733_/Y (AND2x2_ASAP7_75t_R)
  19.67 8390.73 v _227734_/Y (XNOR2x2_ASAP7_75t_R)
  24.47 8415.20 v _227763_/Y (AO221x1_ASAP7_75t_R)
  26.71 8441.92 v _227783_/Y (AO32x1_ASAP7_75t_R)
  19.06 8460.98 ^ _227860_/Y (OAI21x1_ASAP7_75t_R)
  19.06 8480.03 ^ place22249/Y (BUFx6f_ASAP7_75t_R)
   7.84 8487.87 v _227861_/Y (NAND2x1_ASAP7_75t_R)
  23.29 8511.16 v _227862_/Y (AND2x2_ASAP7_75t_R)
  20.46 8531.62 v place22223/Y (BUFx3_ASAP7_75t_R)
  37.01 8568.63 v _228259_/Y (OR5x1_ASAP7_75t_R)
  24.78 8593.42 v _228294_/Y (AND5x1_ASAP7_75t_R)
  23.63 8617.05 v _228295_/Y (AO221x1_ASAP7_75t_R)
  28.78 8645.83 v _228296_/Y (AO221x1_ASAP7_75t_R)
  23.44 8669.28 ^ _228325_/Y (NAND2x1_ASAP7_75t_R)
  36.12 8705.40 ^ _228377_/Y (AO221x2_ASAP7_75t_R)
  23.48 8728.87 v _228378_/Y (NAND2x1_ASAP7_75t_R)
  21.80 8750.67 v place22046/Y (BUFx6f_ASAP7_75t_R)
  15.34 8766.02 v place22045/Y (BUFx3_ASAP7_75t_R)
  24.33 8790.34 v _228623_/Y (AO21x1_ASAP7_75t_R)
  20.06 8810.41 v _228624_/Y (AND2x4_ASAP7_75t_R)
  22.30 8832.71 ^ _228937_/Y (XNOR2x2_ASAP7_75t_R)
  25.26 8857.97 ^ _228939_/Y (AND4x1_ASAP7_75t_R)
   9.81 8867.78 v _228940_/Y (NAND2x1_ASAP7_75t_R)
  38.59 8906.36 v _228953_/Y (OR4x1_ASAP7_75t_R)
  23.52 8929.89 v _229055_/Y (OA21x2_ASAP7_75t_R)
  19.63 8949.52 v _229056_/Y (OA21x2_ASAP7_75t_R)
  21.98 8971.50 v place21843/Y (BUFx3_ASAP7_75t_R)
  21.32 8992.82 v place21842/Y (BUFx3_ASAP7_75t_R)
  27.69 9020.50 v _229327_/Y (OR4x1_ASAP7_75t_R)
   8.34 9028.85 ^ _229328_/Y (OAI21x1_ASAP7_75t_R)
  10.79 9039.64 v _229333_/Y (AOI22x1_ASAP7_75t_R)
  30.11 9069.75 ^ _229353_/Y (AOI221x1_ASAP7_75t_R)
  39.81 9109.56 ^ _229638_/Y (AND5x1_ASAP7_75t_R)
  23.05 9132.61 ^ _229640_/Y (AO221x1_ASAP7_75t_R)
  18.12 9150.72 ^ place21684/Y (BUFx6f_ASAP7_75t_R)
  26.72 9177.44 ^ _229740_/Y (OA31x2_ASAP7_75t_R)
  23.79 9201.23 ^ _229741_/Y (XNOR2x2_ASAP7_75t_R)
  24.88 9226.11 v _229742_/Y (XNOR2x2_ASAP7_75t_R)
  28.23 9254.34 v _229743_/Y (AO221x1_ASAP7_75t_R)
  25.69 9280.03 ^ _229749_/Y (AOI211x1_ASAP7_75t_R)
  17.42 9297.45 v _229763_/Y (NOR2x2_ASAP7_75t_R)
  23.50 9320.94 ^ _230125_/Y (AOI211x1_ASAP7_75t_R)
  35.15 9356.10 ^ _230181_/Y (OA21x2_ASAP7_75t_R)
  29.06 9385.16 ^ _230419_/Y (OA21x2_ASAP7_75t_R)
  26.80 9411.96 v _230420_/Y (XNOR2x2_ASAP7_75t_R)
  20.59 9432.55 ^ _230421_/Y (XNOR2x2_ASAP7_75t_R)
  33.20 9465.75 ^ _230422_/Y (AND5x1_ASAP7_75t_R)
  36.61 9502.36 ^ _230446_/Y (AND5x1_ASAP7_75t_R)
  19.22 9521.58 ^ _230513_/Y (AO31x2_ASAP7_75t_R)
  18.91 9540.49 v _230514_/Y (AOI221x1_ASAP7_75t_R)
  13.14 9553.62 ^ _230515_/Y (OAI21x1_ASAP7_75t_R)
  18.11 9571.73 ^ place21065/Y (BUFx6f_ASAP7_75t_R)
  20.70 9592.43 ^ place21062/Y (BUFx6f_ASAP7_75t_R)
  24.09 9616.52 ^ _230817_/Y (AND2x2_ASAP7_75t_R)
  22.87 9639.39 ^ _230818_/Y (XNOR2x2_ASAP7_75t_R)
  26.37 9665.76 v _230819_/Y (XNOR2x2_ASAP7_75t_R)
  18.67 9684.43 v _230872_/Y (OR2x2_ASAP7_75t_R)
  24.96 9709.39 v _230897_/Y (OA33x2_ASAP7_75t_R)
  14.09 9723.48 v _230898_/Y (OA21x2_ASAP7_75t_R)
  31.91 9755.39 v _230906_/Y (OA211x2_ASAP7_75t_R)
  14.92 9770.30 ^ _230918_/Y (OAI21x1_ASAP7_75t_R)
  28.29 9798.60 ^ _230936_/Y (AO21x2_ASAP7_75t_R)
  27.78 9826.38 ^ place20920/Y (BUFx3_ASAP7_75t_R)
  26.68 9853.06 ^ _230992_/Y (AND3x2_ASAP7_75t_R)
  27.70 9880.76 v _231175_/Y (XNOR2x2_ASAP7_75t_R)
  21.05 9901.81 ^ _231176_/Y (XNOR2x2_ASAP7_75t_R)
  30.20 9932.01 ^ _231180_/Y (AND4x1_ASAP7_75t_R)
   9.20 9941.21 v _231314_/Y (NAND3x1_ASAP7_75t_R)
  38.39 9979.59 v _231315_/Y (OR5x1_ASAP7_75t_R)
  26.97 10006.56 v _231371_/Y (AND5x2_ASAP7_75t_R)
  24.26 10030.82 ^ _231376_/Y (NAND2x1p5_ASAP7_75t_R)
  22.71 10053.53 ^ place20787/Y (BUFx6f_ASAP7_75t_R)
  17.49 10071.02 ^ _231559_/Y (AND2x2_ASAP7_75t_R)
  31.16 10102.19 v _231560_/Y (XNOR2x2_ASAP7_75t_R)
  13.09 10115.27 ^ _231561_/Y (NAND2x1_ASAP7_75t_R)
  31.86 10147.13 ^ _231575_/Y (AND5x2_ASAP7_75t_R)
  26.94 10174.07 ^ _231624_/Y (AND5x1_ASAP7_75t_R)
  25.61 10199.68 ^ _231625_/Y (OA211x2_ASAP7_75t_R)
  17.32 10217.00 ^ _231626_/Y (AND2x4_ASAP7_75t_R)
  26.23 10243.23 ^ _231767_/Y (AO211x2_ASAP7_75t_R)
  21.11 10264.34 ^ place20675/Y (BUFx6f_ASAP7_75t_R)
  21.03 10285.37 ^ _231908_/Y (AND2x2_ASAP7_75t_R)
  19.64 10305.02 v _231909_/Y (XOR2x2_ASAP7_75t_R)
  24.34 10329.36 v _231919_/Y (AO221x1_ASAP7_75t_R)
  28.15 10357.51 v _231938_/Y (OR5x1_ASAP7_75t_R)
  22.79 10380.30 v _231957_/Y (AO32x1_ASAP7_75t_R)
  24.61 10404.91 v _232004_/Y (OA221x2_ASAP7_75t_R)
  36.17 10441.08 v _232005_/Y (OR4x1_ASAP7_75t_R)
  30.54 10471.62 ^ _232006_/Y (NAND3x2_ASAP7_75t_R)
  32.90 10504.52 ^ _232185_/Y (AO22x1_ASAP7_75t_R)
  16.77 10521.29 ^ _232187_/Y (AO21x1_ASAP7_75t_R)
  24.18 10545.47 v _232190_/Y (AOI21x1_ASAP7_75t_R)
  31.91 10577.37 v _232248_/Y (OR3x1_ASAP7_75t_R)
  23.89 10601.26 v _232279_/Y (AO21x1_ASAP7_75t_R)
  29.13 10630.39 v _232503_/Y (AO22x2_ASAP7_75t_R)
  26.85 10657.23 ^ _232540_/Y (XNOR2x2_ASAP7_75t_R)
  22.11 10679.35 ^ _232542_/Y (AND3x2_ASAP7_75t_R)
  19.75 10699.10 ^ _232543_/Y (OR3x2_ASAP7_75t_R)
  17.79 10716.89 ^ place20232/Y (BUFx3_ASAP7_75t_R)
  17.03 10733.92 ^ _232615_/Y (AO31x2_ASAP7_75t_R)
  32.25 10766.17 ^ _232625_/Y (OA222x2_ASAP7_75t_R)
  21.07 10787.24 ^ _232638_/Y (MAJx2_ASAP7_75t_R)
  23.73 10810.97 ^ _232640_/Y (AO221x2_ASAP7_75t_R)
  14.66 10825.62 ^ place19938/Y (BUFx3_ASAP7_75t_R)
  22.91 10848.53 ^ _232669_/Y (AO31x2_ASAP7_75t_R)
  21.11 10869.64 v _232670_/Y (OAI21x1_ASAP7_75t_R)
  28.40 10898.05 v place19853/Y (BUFx3_ASAP7_75t_R)
  28.27 10926.32 v _233618_/Y (AO21x1_ASAP7_75t_R)
  31.54 10957.86 v _233619_/Y (OA211x2_ASAP7_75t_R)
  33.94 10991.80 v _233626_/Y (OR4x1_ASAP7_75t_R)
  27.61 11019.40 v _233632_/Y (OA211x2_ASAP7_75t_R)
  21.90 11041.31 v _233633_/Y (OA22x2_ASAP7_75t_R)
  22.25 11063.55 v _233721_/Y (AND5x2_ASAP7_75t_R)
  21.18 11084.73 v _233967_/Y (AND3x4_ASAP7_75t_R)
  22.92 11107.65 v _235036_/Y (AND5x2_ASAP7_75t_R)
  19.43 11127.08 v _235186_/Y (AND4x1_ASAP7_75t_R)
  16.80 11143.88 v _235297_/Y (AND3x2_ASAP7_75t_R)
  44.36 11188.25 v _235300_/Y (OR5x2_ASAP7_75t_R)
  24.88 11213.12 v place19574/Y (BUFx3_ASAP7_75t_R)
   7.50 11220.62 ^ _276097_/Y (INVx1_ASAP7_75t_R)
  29.56 11250.19 ^ _276098_/Y (AO32x2_ASAP7_75t_R)
  21.64 11271.83 v _279914_/Y (AOI21x1_ASAP7_75t_R)
  63.81 11335.64 ^ _280017_/Y (OAI21x1_ASAP7_75t_R)
  50.67 11386.31 v _326596_/Y (AOI22x1_ASAP7_75t_R)
  23.53 11409.84 v place19240/Y (BUFx6f_ASAP7_75t_R)
  20.37 11430.21 v place19238/Y (BUFx6f_ASAP7_75t_R)
  45.05 11475.26 v _334388_/Y (OA21x2_ASAP7_75t_R)
   8.07 11483.33 ^ _334389_/Y (NOR2x1_ASAP7_75t_R)
   0.12 11483.45 ^ _395836_/D (DFFHQNx1_ASAP7_75t_R)
        11483.45   data arrival time

12000.00 12000.00   clock core_clk (rise edge)
   0.00 12000.00   clock source latency
   0.00 12000.00 ^ clk (in)
  45.24 12045.24 ^ wire32813/Y (BUFx12f_ASAP7_75t_R)
  51.74 12096.99 ^ clkbuf_0_clk/Y (BUFx24_ASAP7_75t_R)
  27.57 12124.55 ^ clkbuf_1_1_0_clk/Y (BUFx24_ASAP7_75t_R)
  22.94 12147.50 ^ clkbuf_2_3_0_clk/Y (BUFx24_ASAP7_75t_R)
  30.79 12178.29 ^ clkbuf_3_7_0_clk/Y (BUFx24_ASAP7_75t_R)
  26.19 12204.48 ^ clkbuf_4_14_0_clk/Y (BUFx24_ASAP7_75t_R)
  26.10 12230.58 ^ clkbuf_6_58_0_clk/Y (BUFx24_ASAP7_75t_R)
  21.09 12251.67 ^ clkbuf_7_116__f_clk/Y (BUFx24_ASAP7_75t_R)
  23.01 12274.67 ^ clkbuf_leaf_591_clk/Y (BUFx24_ASAP7_75t_R)
   1.96 12276.63 ^ _395836_/CLK (DFFHQNx1_ASAP7_75t_R)
 -50.00 12226.63   clock uncertainty
   4.46 12231.09   clock reconvergence pessimism
 -10.99 12220.11   library setup time
        12220.11   data required time
---------------------------------------------------------
        12220.11   data required time
        -11483.45   data arrival time
---------------------------------------------------------
         736.65   slack (MET)


Startpoint: _386358_ (rising edge-triggered flip-flop clocked by core_clk)
Endpoint: _395836_ (rising edge-triggered flip-flop clocked by core_clk)
Path Group: reg2reg
Path Type: max

  Delay    Time   Description
---------------------------------------------------------
   0.00    0.00   clock core_clk (rise edge)
   0.00    0.00   clock source latency
   0.00    0.00 ^ clk (in)
  46.36   46.36 ^ wire32813/Y (BUFx12f_ASAP7_75t_R)
  53.38   99.75 ^ clkbuf_0_clk/Y (BUFx24_ASAP7_75t_R)
  28.51  128.26 ^ clkbuf_1_1_0_clk/Y (BUFx24_ASAP7_75t_R)
  23.70  151.96 ^ clkbuf_2_3_0_clk/Y (BUFx24_ASAP7_75t_R)
  32.83  184.79 ^ clkbuf_3_6_0_clk/Y (BUFx24_ASAP7_75t_R)
  26.85  211.64 ^ clkbuf_4_12_0_clk/Y (BUFx24_ASAP7_75t_R)
  27.58  239.22 ^ clkbuf_6_48_0_clk/Y (BUFx24_ASAP7_75t_R)
  22.29  261.50 ^ clkbuf_7_96__f_clk/Y (BUFx24_ASAP7_75t_R)
  24.98  286.48 ^ clkbuf_leaf_385_clk/Y (BUFx24_ASAP7_75t_R)
   2.87  289.35 ^ _386358_/CLK (DFFHQNx1_ASAP7_75t_R)
  78.73  368.08 v _386358_/QN (DFFHQNx1_ASAP7_75t_R)
  72.17  440.25 v _210677_/Y (OR4x2_ASAP7_75t_R)
  57.30  497.55 v place32433/Y (BUFx3_ASAP7_75t_R)
  66.16  563.70 v _210741_/Y (AND4x1_ASAP7_75t_R)
  34.66  598.36 v _210744_/Y (OA21x2_ASAP7_75t_R)
  54.90  653.26 v _210745_/Y (AND2x2_ASAP7_75t_R)
 123.11  776.37 v place31673/Y (BUFx3_ASAP7_75t_R)
  84.48  860.85 v _211121_/Y (OR3x2_ASAP7_75t_R)
  63.46  924.30 v _211124_/Y (OR2x2_ASAP7_75t_R)
 184.30 1108.60 v place30877/Y (BUFx3_ASAP7_75t_R)
  36.89 1145.49 v _214083_/Y (OA22x2_ASAP7_75t_R)
  14.64 1160.12 v _214088_/Y (AND4x1_ASAP7_75t_R)
  41.58 1201.70 ^ _214089_/Y (NAND3x1_ASAP7_75t_R)
  38.34 1240.04 v _214126_/Y (AOI221x1_ASAP7_75t_R)
  42.21 1282.25 v _214127_/Y (AND5x1_ASAP7_75t_R)
  29.72 1311.97 v _214553_/Y (AND4x1_ASAP7_75t_R)
  18.77 1330.74 v place29280/Y (BUFx3_ASAP7_75t_R)
  24.65 1355.40 ^ _214554_/Y (NAND3x1_ASAP7_75t_R)
  27.93 1383.33 ^ _217167_/Y (AND4x1_ASAP7_75t_R)
  27.87 1411.20 ^ _217174_/Y (AO221x1_ASAP7_75t_R)
  21.95 1433.15 ^ _217198_/Y (AO31x2_ASAP7_75t_R)
  20.25 1453.40 ^ place27934/Y (BUFx3_ASAP7_75t_R)
  10.70 1464.09 v _217278_/Y (OAI21x1_ASAP7_75t_R)
  25.57 1489.67 v _217284_/Y (OA211x2_ASAP7_75t_R)
  40.05 1529.72 v _217285_/Y (OR5x1_ASAP7_75t_R)
  33.32 1563.03 v _217286_/Y (MAJx2_ASAP7_75t_R)
  22.44 1585.48 v _217372_/Y (OA21x2_ASAP7_75t_R)
  24.83 1610.31 v _217375_/Y (OA222x2_ASAP7_75t_R)
  19.50 1629.81 v _217380_/Y (AND5x2_ASAP7_75t_R)
  30.66 1660.47 v _217382_/Y (OR3x2_ASAP7_75t_R)
  16.39 1676.87 ^ _217409_/Y (AOI21x1_ASAP7_75t_R)
  18.55 1695.42 ^ place26693/Y (BUFx3_ASAP7_75t_R)
   8.11 1703.53 v _217416_/Y (AOI211x1_ASAP7_75t_R)
  25.15 1728.67 ^ _217417_/Y (AOI221x1_ASAP7_75t_R)
  16.16 1744.84 v _217423_/Y (INVx1_ASAP7_75t_R)
  19.75 1764.59 v _217485_/Y (AO21x1_ASAP7_75t_R)
  32.05 1796.64 v _217488_/Y (AO21x1_ASAP7_75t_R)
  32.36 1829.00 v _217532_/Y (OA211x2_ASAP7_75t_R)
  21.82 1850.82 v _217533_/Y (XOR2x2_ASAP7_75t_R)
  21.19 1872.02 v _217545_/Y (MAJx2_ASAP7_75t_R)
  24.09 1896.11 v _217561_/Y (AO32x1_ASAP7_75t_R)
  24.73 1920.85 v _217562_/Y (MAJx2_ASAP7_75t_R)
  24.59 1945.43 v _217577_/Y (OA21x2_ASAP7_75t_R)
  16.90 1962.33 v place26187/Y (BUFx3_ASAP7_75t_R)
   8.47 1970.80 ^ _217612_/Y (NOR2x1_ASAP7_75t_R)
  27.24 1998.03 ^ _217613_/Y (XNOR2x2_ASAP7_75t_R)
  12.03 2010.07 v _217620_/Y (NOR2x1_ASAP7_75t_R)
  18.03 2028.09 ^ _217622_/Y (AOI22x1_ASAP7_75t_R)
  14.20 2042.29 v _217623_/Y (AOI21x1_ASAP7_75t_R)
  26.81 2069.11 v _217624_/Y (MAJx2_ASAP7_75t_R)
  28.30 2097.41 v _217669_/Y (AO32x1_ASAP7_75t_R)
  24.62 2122.03 v _217723_/Y (OR3x1_ASAP7_75t_R)
  26.03 2148.07 v _217732_/Y (AO221x1_ASAP7_75t_R)
  13.78 2161.85 ^ _217733_/Y (NAND3x1_ASAP7_75t_R)
  26.69 2188.54 ^ _217734_/Y (MAJx2_ASAP7_75t_R)
  21.78 2210.32 ^ _217735_/Y (MAJx2_ASAP7_75t_R)
  23.07 2233.39 ^ _217740_/Y (MAJx2_ASAP7_75t_R)
  25.63 2259.02 ^ _217741_/Y (AO221x1_ASAP7_75t_R)
  27.32 2286.34 ^ _217755_/Y (AO31x2_ASAP7_75t_R)
  23.88 2310.22 ^ _217807_/Y (AND3x1_ASAP7_75t_R)
  27.67 2337.89 v _217808_/Y (XNOR2x2_ASAP7_75t_R)
  18.85 2356.74 v _217809_/Y (OR2x2_ASAP7_75t_R)
  17.53 2374.28 v _217817_/Y (AO211x2_ASAP7_75t_R)
  30.10 2404.38 v _217818_/Y (AO32x2_ASAP7_75t_R)
  22.30 2426.68 v _217848_/Y (AO31x2_ASAP7_75t_R)
  28.77 2455.44 ^ _217853_/Y (AOI22x1_ASAP7_75t_R)
  21.88 2477.33 ^ _217888_/Y (AND2x2_ASAP7_75t_R)
  26.93 2504.26 v _217889_/Y (XNOR2x2_ASAP7_75t_R)
  21.61 2525.87 v _217890_/Y (OR2x2_ASAP7_75t_R)
  21.01 2546.88 v _217897_/Y (AO21x1_ASAP7_75t_R)
  16.97 2563.85 v _217898_/Y (AND2x2_ASAP7_75t_R)
  21.77 2585.62 v _217959_/Y (OA211x2_ASAP7_75t_R)
  19.67 2605.30 v _217960_/Y (OA21x2_ASAP7_75t_R)
  25.79 2631.08 v _218017_/Y (OA211x2_ASAP7_75t_R)
  21.46 2652.55 v _218018_/Y (XOR2x2_ASAP7_75t_R)
  27.77 2680.32 v _218038_/Y (OR4x1_ASAP7_75t_R)
  25.54 2705.86 v _218040_/Y (AO221x1_ASAP7_75t_R)
  33.42 2739.28 v _218043_/Y (AO33x2_ASAP7_75t_R)
  21.51 2760.79 v _218044_/Y (MAJx2_ASAP7_75t_R)
  27.13 2787.92 v _218049_/Y (MAJx3_ASAP7_75t_R)
  26.90 2814.82 v _218087_/Y (OA21x2_ASAP7_75t_R)
  16.18 2831.00 v _218091_/Y (AND2x4_ASAP7_75t_R)
  16.33 2847.33 v _218092_/Y (OA21x2_ASAP7_75t_R)
  25.31 2872.64 v _218093_/Y (OA222x2_ASAP7_75t_R)
  23.48 2896.12 v _218106_/Y (MAJx2_ASAP7_75t_R)
  29.73 2925.85 v _218130_/Y (AO32x2_ASAP7_75t_R)
  22.65 2948.50 v _218150_/Y (OA21x2_ASAP7_75t_R)
  28.49 2976.99 v _218190_/Y (OA211x2_ASAP7_75t_R)
  24.86 3001.85 v _218211_/Y (OA31x2_ASAP7_75t_R)
  27.47 3029.33 v _218260_/Y (AO32x1_ASAP7_75t_R)
  29.59 3058.92 v _218261_/Y (OR3x1_ASAP7_75t_R)
  24.00 3082.93 v _218270_/Y (OA22x2_ASAP7_75t_R)
  27.43 3110.35 v _218271_/Y (AO22x2_ASAP7_75t_R)
  30.15 3140.50 v _218276_/Y (AO22x2_ASAP7_75t_R)
  25.72 3166.22 v _218298_/Y (AO21x2_ASAP7_75t_R)
  16.65 3182.86 v place25618/Y (BUFx3_ASAP7_75t_R)
  15.38 3198.24 v _218449_/Y (AO21x1_ASAP7_75t_R)
   9.59 3207.83 ^ _218451_/Y (NAND2x1_ASAP7_75t_R)
  26.58 3234.41 ^ _218457_/Y (AO221x1_ASAP7_75t_R)
  24.62 3259.03 ^ _218458_/Y (AO32x1_ASAP7_75t_R)
  23.32 3282.35 ^ _218461_/Y (OA31x2_ASAP7_75t_R)
  28.12 3310.47 ^ _218493_/Y (OA21x2_ASAP7_75t_R)
  20.67 3331.14 v _218574_/Y (AOI21x1_ASAP7_75t_R)
  22.37 3353.51 v _218632_/Y (OA21x2_ASAP7_75t_R)
  26.08 3379.59 v _218633_/Y (OR4x1_ASAP7_75t_R)
  31.56 3411.15 v _218634_/Y (OA211x2_ASAP7_75t_R)
  27.87 3439.02 v _218635_/Y (MAJx2_ASAP7_75t_R)
  36.50 3475.52 v _218642_/Y (OR5x1_ASAP7_75t_R)
  11.72 3487.23 ^ _218643_/Y (OAI21x1_ASAP7_75t_R)
  15.75 3502.99 v _218664_/Y (OAI21x1_ASAP7_75t_R)
  20.23 3523.21 ^ _218760_/Y (AOI211x1_ASAP7_75t_R)
  27.31 3550.52 ^ _218763_/Y (OR2x2_ASAP7_75t_R)
  17.02 3567.55 ^ place25429/Y (BUFx6f_ASAP7_75t_R)
  13.87 3581.42 ^ place25427/Y (BUFx3_ASAP7_75t_R)
  18.86 3600.27 ^ _218821_/Y (OA21x2_ASAP7_75t_R)
  27.59 3627.86 v _218822_/Y (XNOR2x2_ASAP7_75t_R)
  16.50 3644.36 v _218823_/Y (AND2x2_ASAP7_75t_R)
  22.67 3667.03 v _218824_/Y (MAJx2_ASAP7_75t_R)
  23.76 3690.79 v _218825_/Y (MAJx2_ASAP7_75t_R)
  19.55 3710.34 ^ _218826_/Y (AOI221x1_ASAP7_75t_R)
  15.68 3726.03 v _218981_/Y (OAI21x1_ASAP7_75t_R)
  19.58 3745.61 v place25318/Y (BUFx6f_ASAP7_75t_R)
  26.00 3771.61 ^ _218987_/Y (NOR2x1_ASAP7_75t_R)
  26.36 3797.97 ^ _218995_/Y (OA22x2_ASAP7_75t_R)
  16.88 3814.85 ^ _219001_/Y (AO31x2_ASAP7_75t_R)
  35.48 3850.33 ^ _219008_/Y (AO221x1_ASAP7_75t_R)
  31.33 3881.67 ^ _219217_/Y (AO211x2_ASAP7_75t_R)
  28.93 3910.60 ^ _219222_/Y (AND5x2_ASAP7_75t_R)
  38.18 3948.78 ^ _219231_/Y (OA31x2_ASAP7_75t_R)
  23.43 3972.21 ^ place25226/Y (BUFx6f_ASAP7_75t_R)
  16.81 3989.02 ^ _219398_/Y (AND2x4_ASAP7_75t_R)
  25.68 4014.70 v _219399_/Y (XNOR2x2_ASAP7_75t_R)
  22.75 4037.45 v _219451_/Y (AO32x1_ASAP7_75t_R)
  18.59 4056.04 v _219459_/Y (OA21x2_ASAP7_75t_R)
  33.16 4089.20 v _219485_/Y (OA221x2_ASAP7_75t_R)
  18.78 4107.99 v place25136/Y (BUFx6f_ASAP7_75t_R)
  14.01 4121.99 ^ _219494_/Y (AOI21x1_ASAP7_75t_R)
  25.52 4147.51 ^ _219611_/Y (AND4x1_ASAP7_75t_R)
  22.18 4169.69 v _219612_/Y (AOI221x1_ASAP7_75t_R)
  18.86 4188.55 ^ _219633_/Y (AOI22x1_ASAP7_75t_R)
  28.58 4217.13 ^ _219634_/Y (OA31x2_ASAP7_75t_R)
  24.23 4241.36 ^ _219653_/Y (AO221x1_ASAP7_75t_R)
  28.26 4269.62 ^ _219666_/Y (AO31x2_ASAP7_75t_R)
  29.11 4298.74 ^ _219763_/Y (AO21x1_ASAP7_75t_R)
  17.66 4316.40 ^ place25012/Y (BUFx6f_ASAP7_75t_R)
  23.60 4339.99 ^ _220048_/Y (AO31x2_ASAP7_75t_R)
  20.05 4360.04 ^ _220050_/Y (AND2x2_ASAP7_75t_R)
  29.07 4389.11 v _220051_/Y (XNOR2x2_ASAP7_75t_R)
  18.96 4408.07 v _220065_/Y (OA31x2_ASAP7_75t_R)
  35.45 4443.52 v _220113_/Y (OR5x1_ASAP7_75t_R)
  22.72 4466.24 v _220143_/Y (AO211x2_ASAP7_75t_R)
  19.49 4485.73 v _220166_/Y (AO31x2_ASAP7_75t_R)
  30.48 4516.21 ^ _220179_/Y (AOI21x1_ASAP7_75t_R)
  24.05 4540.26 ^ place24895/Y (BUFx6f_ASAP7_75t_R)
  16.95 4557.22 ^ _220392_/Y (OA21x2_ASAP7_75t_R)
  27.86 4585.08 ^ _220393_/Y (AO22x1_ASAP7_75t_R)
  21.01 4606.09 ^ _220394_/Y (OR2x2_ASAP7_75t_R)
  17.94 4624.03 ^ _220395_/Y (AO211x2_ASAP7_75t_R)
  11.10 4635.14 v _220397_/Y (AOI22x1_ASAP7_75t_R)
  40.25 4675.38 v _220465_/Y (OR3x2_ASAP7_75t_R)
  29.50 4704.89 v _220567_/Y (AO21x1_ASAP7_75t_R)
  29.10 4733.99 v _220642_/Y (OA211x2_ASAP7_75t_R)
  23.82 4757.81 v _220643_/Y (XOR2x2_ASAP7_75t_R)
  22.52 4780.32 v _220786_/Y (AO22x2_ASAP7_75t_R)
  29.95 4810.27 v _220802_/Y (OR4x1_ASAP7_75t_R)
  34.92 4845.19 v _220811_/Y (AO32x1_ASAP7_75t_R)
  23.17 4868.36 v place24708/Y (BUFx3_ASAP7_75t_R)
  27.19 4895.55 v _220958_/Y (AO221x1_ASAP7_75t_R)
  29.28 4924.83 v _220959_/Y (OA211x2_ASAP7_75t_R)
  25.77 4950.60 v _221039_/Y (OA211x2_ASAP7_75t_R)
  23.26 4973.86 v _221040_/Y (XNOR2x2_ASAP7_75t_R)
  28.48 5002.33 v _221138_/Y (OA221x2_ASAP7_75t_R)
  27.81 5030.14 v _221139_/Y (OA211x2_ASAP7_75t_R)
  18.14 5048.28 v _221142_/Y (OA21x2_ASAP7_75t_R)
  19.05 5067.33 v _221143_/Y (OA21x2_ASAP7_75t_R)
  20.53 5087.86 v _221176_/Y (OA21x2_ASAP7_75t_R)
  26.41 5114.27 v _221217_/Y (AO21x2_ASAP7_75t_R)
  23.48 5137.75 v _221338_/Y (AND2x2_ASAP7_75t_R)
  24.63 5162.38 v _221339_/Y (XOR2x2_ASAP7_75t_R)
  25.50 5187.88 v _221375_/Y (OA211x2_ASAP7_75t_R)
  23.13 5211.01 ^ _221376_/Y (AOI211x1_ASAP7_75t_R)
  34.01 5245.02 ^ _221592_/Y (AO211x2_ASAP7_75t_R)
  22.74 5267.77 ^ _221600_/Y (AO31x2_ASAP7_75t_R)
  33.20 5300.97 ^ _221602_/Y (AND5x2_ASAP7_75t_R)
  18.34 5319.30 ^ place24445/Y (BUFx3_ASAP7_75t_R)
  18.45 5337.75 ^ _221804_/Y (OA31x2_ASAP7_75t_R)
  30.50 5368.25 v _221805_/Y (XNOR2x2_ASAP7_75t_R)
  21.55 5389.80 v _221841_/Y (OR2x2_ASAP7_75t_R)
  21.05 5410.85 v _221842_/Y (MAJx2_ASAP7_75t_R)
  22.37 5433.22 v _221846_/Y (MAJx2_ASAP7_75t_R)
  21.24 5454.46 v _221882_/Y (AND5x1_ASAP7_75t_R)
  22.01 5476.48 ^ _221926_/Y (OAI21x1_ASAP7_75t_R)
  22.89 5499.37 ^ place24326/Y (BUFx3_ASAP7_75t_R)
  20.13 5519.50 v _222073_/Y (AOI211x1_ASAP7_75t_R)
  23.73 5543.23 v _222155_/Y (OA21x2_ASAP7_75t_R)
  26.49 5569.73 ^ _222156_/Y (XOR2x2_ASAP7_75t_R)
  20.86 5590.59 ^ place24271/Y (BUFx3_ASAP7_75t_R)
  14.54 5605.13 v _222157_/Y (INVx1_ASAP7_75t_R)
  24.51 5629.64 v _222163_/Y (MAJx2_ASAP7_75t_R)
  14.56 5644.20 ^ _222164_/Y (AOI21x1_ASAP7_75t_R)
  22.53 5666.73 v _222322_/Y (NOR2x1_ASAP7_75t_R)
  29.06 5695.79 v _222326_/Y (AO22x2_ASAP7_75t_R)
  38.00 5733.79 v _222333_/Y (AO221x2_ASAP7_75t_R)
  22.34 5756.13 v place24142/Y (BUFx6f_ASAP7_75t_R)
  18.29 5774.42 v _222673_/Y (AO21x1_ASAP7_75t_R)
  20.52 5794.94 v _222675_/Y (AO22x2_ASAP7_75t_R)
  18.78 5813.72 v place24098/Y (BUFx3_ASAP7_75t_R)
  23.76 5837.47 v _222776_/Y (MAJx2_ASAP7_75t_R)
  15.23 5852.70 v _222872_/Y (OA21x2_ASAP7_75t_R)
  27.16 5879.86 v _222915_/Y (OR4x1_ASAP7_75t_R)
  32.98 5912.84 v _222917_/Y (OA211x2_ASAP7_75t_R)
  32.44 5945.28 v _222939_/Y (AO221x1_ASAP7_75t_R)
  28.98 5974.26 v _222940_/Y (AO211x2_ASAP7_75t_R)
  22.37 5996.64 v place23985/Y (BUFx6f_ASAP7_75t_R)
  15.90 6012.54 ^ _223249_/Y (NAND3x1_ASAP7_75t_R)
  20.47 6033.01 ^ _223250_/Y (AND3x1_ASAP7_75t_R)
  20.05 6053.07 ^ _223252_/Y (OA211x2_ASAP7_75t_R)
  20.56 6073.63 ^ _223253_/Y (AND3x1_ASAP7_75t_R)
  31.59 6105.22 ^ _223254_/Y (AND5x1_ASAP7_75t_R)
  30.44 6135.66 ^ _223255_/Y (AND5x1_ASAP7_75t_R)
  16.83 6152.49 ^ _223256_/Y (OR4x2_ASAP7_75t_R)
  20.81 6173.30 ^ place23853/Y (BUFx3_ASAP7_75t_R)
  19.61 6192.91 v _223257_/Y (NOR2x2_ASAP7_75t_R)
  16.90 6209.81 v place23846/Y (BUFx6f_ASAP7_75t_R)
  27.25 6237.06 v _223374_/Y (OR4x1_ASAP7_75t_R)
  19.72 6256.78 v _223375_/Y (AND4x1_ASAP7_75t_R)
  23.41 6280.19 ^ _223376_/Y (XNOR2x2_ASAP7_75t_R)
  17.46 6297.65 ^ _223377_/Y (AND2x2_ASAP7_75t_R)
  35.53 6333.18 ^ _223439_/Y (AND5x1_ASAP7_75t_R)
  16.52 6349.70 ^ place23753/Y (BUFx6f_ASAP7_75t_R)
  13.24 6362.94 v _223668_/Y (NAND3x1_ASAP7_75t_R)
  25.71 6388.65 v place23730/Y (BUFx3_ASAP7_75t_R)
  32.27 6420.92 v _223817_/Y (AO32x1_ASAP7_75t_R)
  22.94 6443.86 v _223977_/Y (XOR2x2_ASAP7_75t_R)
  22.04 6465.90 v _223993_/Y (MAJx2_ASAP7_75t_R)
  39.30 6505.20 v _223994_/Y (OR4x2_ASAP7_75t_R)
  13.94 6519.14 ^ _223995_/Y (AOI21x1_ASAP7_75t_R)
  23.10 6542.24 ^ _224023_/Y (OA31x2_ASAP7_75t_R)
  18.18 6560.42 ^ _224027_/Y (AO21x2_ASAP7_75t_R)
  24.24 6584.66 ^ _224028_/Y (AO211x2_ASAP7_75t_R)
  16.81 6601.47 ^ place23565/Y (BUFx6f_ASAP7_75t_R)
   9.06 6610.53 v _224375_/Y (NAND2x1_ASAP7_75t_R)
  33.83 6644.37 v _224386_/Y (OR5x1_ASAP7_75t_R)
  17.14 6661.51 v _224387_/Y (AND4x1_ASAP7_75t_R)
  44.16 6705.67 v _224397_/Y (OR5x1_ASAP7_75t_R)
  22.25 6727.92 v place23468/Y (BUFx3_ASAP7_75t_R)
  10.24 6738.16 ^ _224398_/Y (AOI211x1_ASAP7_75t_R)
  28.30 6766.46 ^ _224454_/Y (OA21x2_ASAP7_75t_R)
  30.34 6796.79 ^ _224494_/Y (OR3x2_ASAP7_75t_R)
  21.40 6818.19 ^ place23431/Y (BUFx3_ASAP7_75t_R)
  19.94 6838.12 ^ _224898_/Y (OA21x2_ASAP7_75t_R)
  22.56 6860.69 ^ _224899_/Y (AND3x1_ASAP7_75t_R)
  22.55 6883.24 ^ _224900_/Y (XNOR2x2_ASAP7_75t_R)
  21.37 6904.61 ^ _224902_/Y (OA211x2_ASAP7_75t_R)
  23.62 6928.22 ^ _224913_/Y (AND3x1_ASAP7_75t_R)
  23.48 6951.70 ^ _224922_/Y (AND3x1_ASAP7_75t_R)
  25.19 6976.89 ^ _224933_/Y (AND3x1_ASAP7_75t_R)
  19.12 6996.02 ^ place23290/Y (BUFx6f_ASAP7_75t_R)
  30.94 7026.96 ^ place23289/Y (BUFx3_ASAP7_75t_R)
  19.71 7046.66 ^ _225100_/Y (AO21x1_ASAP7_75t_R)
  29.90 7076.56 v _225101_/Y (XNOR2x2_ASAP7_75t_R)
  11.40 7087.96 ^ _225293_/Y (NAND2x1_ASAP7_75t_R)
  30.99 7118.96 ^ _225317_/Y (AND5x1_ASAP7_75t_R)
  28.10 7147.06 ^ _225318_/Y (AND4x1_ASAP7_75t_R)
  36.48 7183.54 ^ _225319_/Y (AND5x1_ASAP7_75t_R)
  17.73 7201.27 ^ _225371_/Y (OR4x2_ASAP7_75t_R)
  16.77 7218.04 ^ _225393_/Y (AO21x1_ASAP7_75t_R)
  29.53 7247.57 ^ place23178/Y (BUFx3_ASAP7_75t_R)
  37.73 7285.29 ^ _225573_/Y (AO211x2_ASAP7_75t_R)
  19.49 7304.79 ^ _225574_/Y (OA31x2_ASAP7_75t_R)
  23.24 7328.02 ^ _225585_/Y (OA31x2_ASAP7_75t_R)
  18.00 7346.02 ^ _225597_/Y (OR3x1_ASAP7_75t_R)
  25.88 7371.90 ^ _225616_/Y (AO211x2_ASAP7_75t_R)
  26.10 7397.99 ^ _225664_/Y (AO211x2_ASAP7_75t_R)
  23.95 7421.94 ^ _225676_/Y (AND3x1_ASAP7_75t_R)
  27.71 7449.65 ^ _225721_/Y (OA211x2_ASAP7_75t_R)
  31.24 7480.89 ^ _225732_/Y (AO221x1_ASAP7_75t_R)
  30.11 7511.00 v _225983_/Y (XNOR2x2_ASAP7_75t_R)
  41.29 7552.29 v _225996_/Y (OR5x1_ASAP7_75t_R)
  25.29 7577.58 ^ _225997_/Y (AOI211x1_ASAP7_75t_R)
  40.21 7617.78 ^ _225998_/Y (AND4x2_ASAP7_75t_R)
  15.06 7632.85 v _226127_/Y (OAI21x1_ASAP7_75t_R)
  23.71 7656.56 v _226147_/Y (AND3x1_ASAP7_75t_R)
  26.74 7683.30 v place22877/Y (BUFx3_ASAP7_75t_R)
  28.56 7711.86 v _226283_/Y (OR3x1_ASAP7_75t_R)
  19.74 7731.60 v _226345_/Y (AO21x1_ASAP7_75t_R)
  18.15 7749.75 v _226349_/Y (AND2x2_ASAP7_75t_R)
  20.83 7770.59 v _226351_/Y (OR3x1_ASAP7_75t_R)
  16.86 7787.45 v _226353_/Y (AND4x1_ASAP7_75t_R)
  27.94 7815.39 ^ _226637_/Y (AOI221x1_ASAP7_75t_R)
  28.07 7843.45 ^ place22754/Y (BUFx3_ASAP7_75t_R)
  24.02 7867.48 ^ _226639_/Y (OA21x2_ASAP7_75t_R)
  20.84 7888.32 ^ _226653_/Y (OA21x2_ASAP7_75t_R)
  20.50 7908.82 ^ _226654_/Y (MAJx2_ASAP7_75t_R)
  18.99 7927.81 ^ _226655_/Y (MAJx2_ASAP7_75t_R)
  26.89 7954.70 v _226656_/Y (XNOR2x2_ASAP7_75t_R)
  22.19 7976.89 v _226657_/Y (AO21x1_ASAP7_75t_R)
  24.53 8001.41 ^ _226660_/Y (NAND3x1_ASAP7_75t_R)
  32.37 8033.79 ^ _226751_/Y (AO221x1_ASAP7_75t_R)
  13.43 8047.22 v _226798_/Y (AOI21x1_ASAP7_75t_R)
  38.64 8085.87 v _227061_/Y (OR4x2_ASAP7_75t_R)
  20.06 8105.93 v place22557/Y (BUFx6f_ASAP7_75t_R)
  26.15 8132.08 v place22554/Y (BUFx6f_ASAP7_75t_R)
  15.23 8147.30 v _227302_/Y (AND3x1_ASAP7_75t_R)
  22.08 8169.38 v _227309_/Y (OA22x2_ASAP7_75t_R)
  15.20 8184.58 v _227329_/Y (AND4x1_ASAP7_75t_R)
  32.89 8217.48 v _227484_/Y (OA211x2_ASAP7_75t_R)
  24.19 8241.66 v _227512_/Y (AND5x2_ASAP7_75t_R)
  28.22 8269.88 v _227530_/Y (OR3x1_ASAP7_75t_R)
  32.68 8302.56 v _227532_/Y (OR3x1_ASAP7_75t_R)
  26.40 8328.96 v place22396/Y (BUFx3_ASAP7_75t_R)
  20.79 8349.76 v place22395/Y (BUFx3_ASAP7_75t_R)
  21.30 8371.06 v _227733_/Y (AND2x2_ASAP7_75t_R)
  19.67 8390.73 v _227734_/Y (XNOR2x2_ASAP7_75t_R)
  24.47 8415.20 v _227763_/Y (AO221x1_ASAP7_75t_R)
  26.71 8441.92 v _227783_/Y (AO32x1_ASAP7_75t_R)
  19.06 8460.98 ^ _227860_/Y (OAI21x1_ASAP7_75t_R)
  19.06 8480.03 ^ place22249/Y (BUFx6f_ASAP7_75t_R)
   7.84 8487.87 v _227861_/Y (NAND2x1_ASAP7_75t_R)
  23.29 8511.16 v _227862_/Y (AND2x2_ASAP7_75t_R)
  20.46 8531.62 v place22223/Y (BUFx3_ASAP7_75t_R)
  37.01 8568.63 v _228259_/Y (OR5x1_ASAP7_75t_R)
  24.78 8593.42 v _228294_/Y (AND5x1_ASAP7_75t_R)
  23.63 8617.05 v _228295_/Y (AO221x1_ASAP7_75t_R)
  28.78 8645.83 v _228296_/Y (AO221x1_ASAP7_75t_R)
  23.44 8669.28 ^ _228325_/Y (NAND2x1_ASAP7_75t_R)
  36.12 8705.40 ^ _228377_/Y (AO221x2_ASAP7_75t_R)
  23.48 8728.87 v _228378_/Y (NAND2x1_ASAP7_75t_R)
  21.80 8750.67 v place22046/Y (BUFx6f_ASAP7_75t_R)
  15.34 8766.02 v place22045/Y (BUFx3_ASAP7_75t_R)
  24.33 8790.34 v _228623_/Y (AO21x1_ASAP7_75t_R)
  20.06 8810.41 v _228624_/Y (AND2x4_ASAP7_75t_R)
  22.30 8832.71 ^ _228937_/Y (XNOR2x2_ASAP7_75t_R)
  25.26 8857.97 ^ _228939_/Y (AND4x1_ASAP7_75t_R)
   9.81 8867.78 v _228940_/Y (NAND2x1_ASAP7_75t_R)
  38.59 8906.36 v _228953_/Y (OR4x1_ASAP7_75t_R)
  23.52 8929.89 v _229055_/Y (OA21x2_ASAP7_75t_R)
  19.63 8949.52 v _229056_/Y (OA21x2_ASAP7_75t_R)
  21.98 8971.50 v place21843/Y (BUFx3_ASAP7_75t_R)
  21.32 8992.82 v place21842/Y (BUFx3_ASAP7_75t_R)
  27.69 9020.50 v _229327_/Y (OR4x1_ASAP7_75t_R)
   8.34 9028.85 ^ _229328_/Y (OAI21x1_ASAP7_75t_R)
  10.79 9039.64 v _229333_/Y (AOI22x1_ASAP7_75t_R)
  30.11 9069.75 ^ _229353_/Y (AOI221x1_ASAP7_75t_R)
  39.81 9109.56 ^ _229638_/Y (AND5x1_ASAP7_75t_R)
  23.05 9132.61 ^ _229640_/Y (AO221x1_ASAP7_75t_R)
  18.12 9150.72 ^ place21684/Y (BUFx6f_ASAP7_75t_R)
  26.72 9177.44 ^ _229740_/Y (OA31x2_ASAP7_75t_R)
  23.79 9201.23 ^ _229741_/Y (XNOR2x2_ASAP7_75t_R)
  24.88 9226.11 v _229742_/Y (XNOR2x2_ASAP7_75t_R)
  28.23 9254.34 v _229743_/Y (AO221x1_ASAP7_75t_R)
  25.69 9280.03 ^ _229749_/Y (AOI211x1_ASAP7_75t_R)
  17.42 9297.45 v _229763_/Y (NOR2x2_ASAP7_75t_R)
  23.50 9320.94 ^ _230125_/Y (AOI211x1_ASAP7_75t_R)
  35.15 9356.10 ^ _230181_/Y (OA21x2_ASAP7_75t_R)
  29.06 9385.16 ^ _230419_/Y (OA21x2_ASAP7_75t_R)
  26.80 9411.96 v _230420_/Y (XNOR2x2_ASAP7_75t_R)
  20.59 9432.55 ^ _230421_/Y (XNOR2x2_ASAP7_75t_R)
  33.20 9465.75 ^ _230422_/Y (AND5x1_ASAP7_75t_R)
  36.61 9502.36 ^ _230446_/Y (AND5x1_ASAP7_75t_R)
  19.22 9521.58 ^ _230513_/Y (AO31x2_ASAP7_75t_R)
  18.91 9540.49 v _230514_/Y (AOI221x1_ASAP7_75t_R)
  13.14 9553.62 ^ _230515_/Y (OAI21x1_ASAP7_75t_R)
  18.11 9571.73 ^ place21065/Y (BUFx6f_ASAP7_75t_R)
  20.70 9592.43 ^ place21062/Y (BUFx6f_ASAP7_75t_R)
  24.09 9616.52 ^ _230817_/Y (AND2x2_ASAP7_75t_R)
  22.87 9639.39 ^ _230818_/Y (XNOR2x2_ASAP7_75t_R)
  26.37 9665.76 v _230819_/Y (XNOR2x2_ASAP7_75t_R)
  18.67 9684.43 v _230872_/Y (OR2x2_ASAP7_75t_R)
  24.96 9709.39 v _230897_/Y (OA33x2_ASAP7_75t_R)
  14.09 9723.48 v _230898_/Y (OA21x2_ASAP7_75t_R)
  31.91 9755.39 v _230906_/Y (OA211x2_ASAP7_75t_R)
  14.92 9770.30 ^ _230918_/Y (OAI21x1_ASAP7_75t_R)
  28.29 9798.60 ^ _230936_/Y (AO21x2_ASAP7_75t_R)
  27.78 9826.38 ^ place20920/Y (BUFx3_ASAP7_75t_R)
  26.68 9853.06 ^ _230992_/Y (AND3x2_ASAP7_75t_R)
  27.70 9880.76 v _231175_/Y (XNOR2x2_ASAP7_75t_R)
  21.05 9901.81 ^ _231176_/Y (XNOR2x2_ASAP7_75t_R)
  30.20 9932.01 ^ _231180_/Y (AND4x1_ASAP7_75t_R)
   9.20 9941.21 v _231314_/Y (NAND3x1_ASAP7_75t_R)
  38.39 9979.59 v _231315_/Y (OR5x1_ASAP7_75t_R)
  26.97 10006.56 v _231371_/Y (AND5x2_ASAP7_75t_R)
  24.26 10030.82 ^ _231376_/Y (NAND2x1p5_ASAP7_75t_R)
  22.71 10053.53 ^ place20787/Y (BUFx6f_ASAP7_75t_R)
  17.49 10071.02 ^ _231559_/Y (AND2x2_ASAP7_75t_R)
  31.16 10102.19 v _231560_/Y (XNOR2x2_ASAP7_75t_R)
  13.09 10115.27 ^ _231561_/Y (NAND2x1_ASAP7_75t_R)
  31.86 10147.13 ^ _231575_/Y (AND5x2_ASAP7_75t_R)
  26.94 10174.07 ^ _231624_/Y (AND5x1_ASAP7_75t_R)
  25.61 10199.68 ^ _231625_/Y (OA211x2_ASAP7_75t_R)
  17.32 10217.00 ^ _231626_/Y (AND2x4_ASAP7_75t_R)
  26.23 10243.23 ^ _231767_/Y (AO211x2_ASAP7_75t_R)
  21.11 10264.34 ^ place20675/Y (BUFx6f_ASAP7_75t_R)
  21.03 10285.37 ^ _231908_/Y (AND2x2_ASAP7_75t_R)
  19.64 10305.02 v _231909_/Y (XOR2x2_ASAP7_75t_R)
  24.34 10329.36 v _231919_/Y (AO221x1_ASAP7_75t_R)
  28.15 10357.51 v _231938_/Y (OR5x1_ASAP7_75t_R)
  22.79 10380.30 v _231957_/Y (AO32x1_ASAP7_75t_R)
  24.61 10404.91 v _232004_/Y (OA221x2_ASAP7_75t_R)
  36.17 10441.08 v _232005_/Y (OR4x1_ASAP7_75t_R)
  30.54 10471.62 ^ _232006_/Y (NAND3x2_ASAP7_75t_R)
  32.90 10504.52 ^ _232185_/Y (AO22x1_ASAP7_75t_R)
  16.77 10521.29 ^ _232187_/Y (AO21x1_ASAP7_75t_R)
  24.18 10545.47 v _232190_/Y (AOI21x1_ASAP7_75t_R)
  31.91 10577.37 v _232248_/Y (OR3x1_ASAP7_75t_R)
  23.89 10601.26 v _232279_/Y (AO21x1_ASAP7_75t_R)
  29.13 10630.39 v _232503_/Y (AO22x2_ASAP7_75t_R)
  26.85 10657.23 ^ _232540_/Y (XNOR2x2_ASAP7_75t_R)
  22.11 10679.35 ^ _232542_/Y (AND3x2_ASAP7_75t_R)
  19.75 10699.10 ^ _232543_/Y (OR3x2_ASAP7_75t_R)
  17.79 10716.89 ^ place20232/Y (BUFx3_ASAP7_75t_R)
  17.03 10733.92 ^ _232615_/Y (AO31x2_ASAP7_75t_R)
  32.25 10766.17 ^ _232625_/Y (OA222x2_ASAP7_75t_R)
  21.07 10787.24 ^ _232638_/Y (MAJx2_ASAP7_75t_R)
  23.73 10810.97 ^ _232640_/Y (AO221x2_ASAP7_75t_R)
  14.66 10825.62 ^ place19938/Y (BUFx3_ASAP7_75t_R)
  22.91 10848.53 ^ _232669_/Y (AO31x2_ASAP7_75t_R)
  21.11 10869.64 v _232670_/Y (OAI21x1_ASAP7_75t_R)
  28.40 10898.05 v place19853/Y (BUFx3_ASAP7_75t_R)
  28.27 10926.32 v _233618_/Y (AO21x1_ASAP7_75t_R)
  31.54 10957.86 v _233619_/Y (OA211x2_ASAP7_75t_R)
  33.94 10991.80 v _233626_/Y (OR4x1_ASAP7_75t_R)
  27.61 11019.40 v _233632_/Y (OA211x2_ASAP7_75t_R)
  21.90 11041.31 v _233633_/Y (OA22x2_ASAP7_75t_R)
  22.25 11063.55 v _233721_/Y (AND5x2_ASAP7_75t_R)
  21.18 11084.73 v _233967_/Y (AND3x4_ASAP7_75t_R)
  22.92 11107.65 v _235036_/Y (AND5x2_ASAP7_75t_R)
  19.43 11127.08 v _235186_/Y (AND4x1_ASAP7_75t_R)
  16.80 11143.88 v _235297_/Y (AND3x2_ASAP7_75t_R)
  44.36 11188.25 v _235300_/Y (OR5x2_ASAP7_75t_R)
  24.88 11213.12 v place19574/Y (BUFx3_ASAP7_75t_R)
   7.50 11220.62 ^ _276097_/Y (INVx1_ASAP7_75t_R)
  29.56 11250.19 ^ _276098_/Y (AO32x2_ASAP7_75t_R)
  21.64 11271.83 v _279914_/Y (AOI21x1_ASAP7_75t_R)
  63.81 11335.64 ^ _280017_/Y (OAI21x1_ASAP7_75t_R)
  50.67 11386.31 v _326596_/Y (AOI22x1_ASAP7_75t_R)
  23.53 11409.84 v place19240/Y (BUFx6f_ASAP7_75t_R)
  20.37 11430.21 v place19238/Y (BUFx6f_ASAP7_75t_R)
  45.05 11475.26 v _334388_/Y (OA21x2_ASAP7_75t_R)
   8.07 11483.33 ^ _334389_/Y (NOR2x1_ASAP7_75t_R)
   0.12 11483.45 ^ _395836_/D (DFFHQNx1_ASAP7_75t_R)
        11483.45   data arrival time

12000.00 12000.00   clock core_clk (rise edge)
   0.00 12000.00   clock source latency
   0.00 12000.00 ^ clk (in)
  45.24 12045.24 ^ wire32813/Y (BUFx12f_ASAP7_75t_R)
  51.74 12096.99 ^ clkbuf_0_clk/Y (BUFx24_ASAP7_75t_R)
  27.57 12124.55 ^ clkbuf_1_1_0_clk/Y (BUFx24_ASAP7_75t_R)
  22.94 12147.50 ^ clkbuf_2_3_0_clk/Y (BUFx24_ASAP7_75t_R)
  30.79 12178.29 ^ clkbuf_3_7_0_clk/Y (BUFx24_ASAP7_75t_R)
  26.19 12204.48 ^ clkbuf_4_14_0_clk/Y (BUFx24_ASAP7_75t_R)
  26.10 12230.58 ^ clkbuf_6_58_0_clk/Y (BUFx24_ASAP7_75t_R)
  21.09 12251.67 ^ clkbuf_7_116__f_clk/Y (BUFx24_ASAP7_75t_R)
  23.01 12274.67 ^ clkbuf_leaf_591_clk/Y (BUFx24_ASAP7_75t_R)
   1.96 12276.63 ^ _395836_/CLK (DFFHQNx1_ASAP7_75t_R)
 -50.00 12226.63   clock uncertainty
   4.46 12231.09   clock reconvergence pessimism
 -10.99 12220.11   library setup time
        12220.11   data required time
---------------------------------------------------------
        12220.11   data required time
        -11483.45   data arrival time
---------------------------------------------------------
         736.65   slack (MET)


Startpoint: _386358_ (rising edge-triggered flip-flop clocked by core_clk)
Endpoint: _395836_ (rising edge-triggered flip-flop clocked by core_clk)
Path Group: reg2reg
Path Type: max

  Delay    Time   Description
---------------------------------------------------------
   0.00    0.00   clock core_clk (rise edge)
   0.00    0.00   clock source latency
   0.00    0.00 ^ clk (in)
  46.36   46.36 ^ wire32813/Y (BUFx12f_ASAP7_75t_R)
  53.38   99.75 ^ clkbuf_0_clk/Y (BUFx24_ASAP7_75t_R)
  28.51  128.26 ^ clkbuf_1_1_0_clk/Y (BUFx24_ASAP7_75t_R)
  23.70  151.96 ^ clkbuf_2_3_0_clk/Y (BUFx24_ASAP7_75t_R)
  32.83  184.79 ^ clkbuf_3_6_0_clk/Y (BUFx24_ASAP7_75t_R)
  26.85  211.64 ^ clkbuf_4_12_0_clk/Y (BUFx24_ASAP7_75t_R)
  27.58  239.22 ^ clkbuf_6_48_0_clk/Y (BUFx24_ASAP7_75t_R)
  22.29  261.50 ^ clkbuf_7_96__f_clk/Y (BUFx24_ASAP7_75t_R)
  24.98  286.48 ^ clkbuf_leaf_385_clk/Y (BUFx24_ASAP7_75t_R)
   2.87  289.35 ^ _386358_/CLK (DFFHQNx1_ASAP7_75t_R)
  78.73  368.08 v _386358_/QN (DFFHQNx1_ASAP7_75t_R)
  72.17  440.25 v _210677_/Y (OR4x2_ASAP7_75t_R)
  57.30  497.55 v place32433/Y (BUFx3_ASAP7_75t_R)
  66.16  563.70 v _210741_/Y (AND4x1_ASAP7_75t_R)
  34.66  598.36 v _210744_/Y (OA21x2_ASAP7_75t_R)
  54.90  653.26 v _210745_/Y (AND2x2_ASAP7_75t_R)
 123.11  776.37 v place31673/Y (BUFx3_ASAP7_75t_R)
  84.48  860.85 v _211121_/Y (OR3x2_ASAP7_75t_R)
  63.46  924.30 v _211124_/Y (OR2x2_ASAP7_75t_R)
 184.30 1108.60 v place30877/Y (BUFx3_ASAP7_75t_R)
  36.89 1145.49 v _214083_/Y (OA22x2_ASAP7_75t_R)
  14.64 1160.12 v _214088_/Y (AND4x1_ASAP7_75t_R)
  41.58 1201.70 ^ _214089_/Y (NAND3x1_ASAP7_75t_R)
  38.34 1240.04 v _214126_/Y (AOI221x1_ASAP7_75t_R)
  42.21 1282.25 v _214127_/Y (AND5x1_ASAP7_75t_R)
  29.72 1311.97 v _214553_/Y (AND4x1_ASAP7_75t_R)
  18.77 1330.74 v place29280/Y (BUFx3_ASAP7_75t_R)
  24.65 1355.40 ^ _214554_/Y (NAND3x1_ASAP7_75t_R)
  27.93 1383.33 ^ _217167_/Y (AND4x1_ASAP7_75t_R)
  27.87 1411.20 ^ _217174_/Y (AO221x1_ASAP7_75t_R)
  21.95 1433.15 ^ _217198_/Y (AO31x2_ASAP7_75t_R)
  20.25 1453.40 ^ place27934/Y (BUFx3_ASAP7_75t_R)
  10.70 1464.09 v _217278_/Y (OAI21x1_ASAP7_75t_R)
  25.57 1489.67 v _217284_/Y (OA211x2_ASAP7_75t_R)
  40.05 1529.72 v _217285_/Y (OR5x1_ASAP7_75t_R)
  33.32 1563.03 v _217286_/Y (MAJx2_ASAP7_75t_R)
  22.44 1585.48 v _217372_/Y (OA21x2_ASAP7_75t_R)
  24.83 1610.31 v _217375_/Y (OA222x2_ASAP7_75t_R)
  19.50 1629.81 v _217380_/Y (AND5x2_ASAP7_75t_R)
  30.66 1660.47 v _217382_/Y (OR3x2_ASAP7_75t_R)
  16.39 1676.87 ^ _217409_/Y (AOI21x1_ASAP7_75t_R)
  18.55 1695.42 ^ place26693/Y (BUFx3_ASAP7_75t_R)
   8.11 1703.53 v _217416_/Y (AOI211x1_ASAP7_75t_R)
  25.15 1728.67 ^ _217417_/Y (AOI221x1_ASAP7_75t_R)
  16.16 1744.84 v _217423_/Y (INVx1_ASAP7_75t_R)
  19.75 1764.59 v _217485_/Y (AO21x1_ASAP7_75t_R)
  32.05 1796.64 v _217488_/Y (AO21x1_ASAP7_75t_R)
  32.36 1829.00 v _217532_/Y (OA211x2_ASAP7_75t_R)
  21.82 1850.82 v _217533_/Y (XOR2x2_ASAP7_75t_R)
  21.19 1872.02 v _217545_/Y (MAJx2_ASAP7_75t_R)
  24.09 1896.11 v _217561_/Y (AO32x1_ASAP7_75t_R)
  24.73 1920.85 v _217562_/Y (MAJx2_ASAP7_75t_R)
  24.59 1945.43 v _217577_/Y (OA21x2_ASAP7_75t_R)
  16.90 1962.33 v place26187/Y (BUFx3_ASAP7_75t_R)
   8.47 1970.80 ^ _217612_/Y (NOR2x1_ASAP7_75t_R)
  27.24 1998.03 ^ _217613_/Y (XNOR2x2_ASAP7_75t_R)
  12.03 2010.07 v _217620_/Y (NOR2x1_ASAP7_75t_R)
  18.03 2028.09 ^ _217622_/Y (AOI22x1_ASAP7_75t_R)
  14.20 2042.29 v _217623_/Y (AOI21x1_ASAP7_75t_R)
  26.81 2069.11 v _217624_/Y (MAJx2_ASAP7_75t_R)
  28.30 2097.41 v _217669_/Y (AO32x1_ASAP7_75t_R)
  24.62 2122.03 v _217723_/Y (OR3x1_ASAP7_75t_R)
  26.03 2148.07 v _217732_/Y (AO221x1_ASAP7_75t_R)
  13.78 2161.85 ^ _217733_/Y (NAND3x1_ASAP7_75t_R)
  26.69 2188.54 ^ _217734_/Y (MAJx2_ASAP7_75t_R)
  21.78 2210.32 ^ _217735_/Y (MAJx2_ASAP7_75t_R)
  23.07 2233.39 ^ _217740_/Y (MAJx2_ASAP7_75t_R)
  25.63 2259.02 ^ _217741_/Y (AO221x1_ASAP7_75t_R)
  27.32 2286.34 ^ _217755_/Y (AO31x2_ASAP7_75t_R)
  23.88 2310.22 ^ _217807_/Y (AND3x1_ASAP7_75t_R)
  27.67 2337.89 v _217808_/Y (XNOR2x2_ASAP7_75t_R)
  18.85 2356.74 v _217809_/Y (OR2x2_ASAP7_75t_R)
  17.53 2374.28 v _217817_/Y (AO211x2_ASAP7_75t_R)
  30.10 2404.38 v _217818_/Y (AO32x2_ASAP7_75t_R)
  22.30 2426.68 v _217848_/Y (AO31x2_ASAP7_75t_R)
  28.77 2455.44 ^ _217853_/Y (AOI22x1_ASAP7_75t_R)
  21.88 2477.33 ^ _217888_/Y (AND2x2_ASAP7_75t_R)
  26.93 2504.26 v _217889_/Y (XNOR2x2_ASAP7_75t_R)
  21.61 2525.87 v _217890_/Y (OR2x2_ASAP7_75t_R)
  21.01 2546.88 v _217897_/Y (AO21x1_ASAP7_75t_R)
  16.97 2563.85 v _217898_/Y (AND2x2_ASAP7_75t_R)
  21.77 2585.62 v _217959_/Y (OA211x2_ASAP7_75t_R)
  19.67 2605.30 v _217960_/Y (OA21x2_ASAP7_75t_R)
  25.79 2631.08 v _218017_/Y (OA211x2_ASAP7_75t_R)
  21.46 2652.55 v _218018_/Y (XOR2x2_ASAP7_75t_R)
  27.77 2680.32 v _218038_/Y (OR4x1_ASAP7_75t_R)
  25.54 2705.86 v _218040_/Y (AO221x1_ASAP7_75t_R)
  33.42 2739.28 v _218043_/Y (AO33x2_ASAP7_75t_R)
  21.51 2760.79 v _218044_/Y (MAJx2_ASAP7_75t_R)
  27.13 2787.92 v _218049_/Y (MAJx3_ASAP7_75t_R)
  26.90 2814.82 v _218087_/Y (OA21x2_ASAP7_75t_R)
  16.18 2831.00 v _218091_/Y (AND2x4_ASAP7_75t_R)
  16.33 2847.33 v _218092_/Y (OA21x2_ASAP7_75t_R)
  25.31 2872.64 v _218093_/Y (OA222x2_ASAP7_75t_R)
  23.48 2896.12 v _218106_/Y (MAJx2_ASAP7_75t_R)
  29.73 2925.85 v _218130_/Y (AO32x2_ASAP7_75t_R)
  22.65 2948.50 v _218150_/Y (OA21x2_ASAP7_75t_R)
  28.49 2976.99 v _218190_/Y (OA211x2_ASAP7_75t_R)
  24.86 3001.85 v _218211_/Y (OA31x2_ASAP7_75t_R)
  27.47 3029.33 v _218260_/Y (AO32x1_ASAP7_75t_R)
  29.59 3058.92 v _218261_/Y (OR3x1_ASAP7_75t_R)
  24.00 3082.93 v _218270_/Y (OA22x2_ASAP7_75t_R)
  27.43 3110.35 v _218271_/Y (AO22x2_ASAP7_75t_R)
  30.15 3140.50 v _218276_/Y (AO22x2_ASAP7_75t_R)
  25.72 3166.22 v _218298_/Y (AO21x2_ASAP7_75t_R)
  16.65 3182.86 v place25618/Y (BUFx3_ASAP7_75t_R)
  15.38 3198.24 v _218449_/Y (AO21x1_ASAP7_75t_R)
   9.59 3207.83 ^ _218451_/Y (NAND2x1_ASAP7_75t_R)
  26.58 3234.41 ^ _218457_/Y (AO221x1_ASAP7_75t_R)
  24.62 3259.03 ^ _218458_/Y (AO32x1_ASAP7_75t_R)
  23.32 3282.35 ^ _218461_/Y (OA31x2_ASAP7_75t_R)
  28.12 3310.47 ^ _218493_/Y (OA21x2_ASAP7_75t_R)
  20.67 3331.14 v _218574_/Y (AOI21x1_ASAP7_75t_R)
  22.37 3353.51 v _218632_/Y (OA21x2_ASAP7_75t_R)
  26.08 3379.59 v _218633_/Y (OR4x1_ASAP7_75t_R)
  31.56 3411.15 v _218634_/Y (OA211x2_ASAP7_75t_R)
  27.87 3439.02 v _218635_/Y (MAJx2_ASAP7_75t_R)
  36.50 3475.52 v _218642_/Y (OR5x1_ASAP7_75t_R)
  11.72 3487.23 ^ _218643_/Y (OAI21x1_ASAP7_75t_R)
  15.75 3502.99 v _218664_/Y (OAI21x1_ASAP7_75t_R)
  20.23 3523.21 ^ _218760_/Y (AOI211x1_ASAP7_75t_R)
  27.31 3550.52 ^ _218763_/Y (OR2x2_ASAP7_75t_R)
  17.02 3567.55 ^ place25429/Y (BUFx6f_ASAP7_75t_R)
  13.87 3581.42 ^ place25427/Y (BUFx3_ASAP7_75t_R)
  18.86 3600.27 ^ _218821_/Y (OA21x2_ASAP7_75t_R)
  27.59 3627.86 v _218822_/Y (XNOR2x2_ASAP7_75t_R)
  16.50 3644.36 v _218823_/Y (AND2x2_ASAP7_75t_R)
  22.67 3667.03 v _218824_/Y (MAJx2_ASAP7_75t_R)
  23.76 3690.79 v _218825_/Y (MAJx2_ASAP7_75t_R)
  19.55 3710.34 ^ _218826_/Y (AOI221x1_ASAP7_75t_R)
  15.68 3726.03 v _218981_/Y (OAI21x1_ASAP7_75t_R)
  19.58 3745.61 v place25318/Y (BUFx6f_ASAP7_75t_R)
  26.00 3771.61 ^ _218987_/Y (NOR2x1_ASAP7_75t_R)
  26.36 3797.97 ^ _218995_/Y (OA22x2_ASAP7_75t_R)
  16.88 3814.85 ^ _219001_/Y (AO31x2_ASAP7_75t_R)
  35.48 3850.33 ^ _219008_/Y (AO221x1_ASAP7_75t_R)
  31.33 3881.67 ^ _219217_/Y (AO211x2_ASAP7_75t_R)
  28.93 3910.60 ^ _219222_/Y (AND5x2_ASAP7_75t_R)
  38.18 3948.78 ^ _219231_/Y (OA31x2_ASAP7_75t_R)
  23.43 3972.21 ^ place25226/Y (BUFx6f_ASAP7_75t_R)
  16.81 3989.02 ^ _219398_/Y (AND2x4_ASAP7_75t_R)
  25.68 4014.70 v _219399_/Y (XNOR2x2_ASAP7_75t_R)
  22.75 4037.45 v _219451_/Y (AO32x1_ASAP7_75t_R)
  18.59 4056.04 v _219459_/Y (OA21x2_ASAP7_75t_R)
  33.16 4089.20 v _219485_/Y (OA221x2_ASAP7_75t_R)
  18.78 4107.99 v place25136/Y (BUFx6f_ASAP7_75t_R)
  14.01 4121.99 ^ _219494_/Y (AOI21x1_ASAP7_75t_R)
  25.52 4147.51 ^ _219611_/Y (AND4x1_ASAP7_75t_R)
  22.18 4169.69 v _219612_/Y (AOI221x1_ASAP7_75t_R)
  18.86 4188.55 ^ _219633_/Y (AOI22x1_ASAP7_75t_R)
  28.58 4217.13 ^ _219634_/Y (OA31x2_ASAP7_75t_R)
  24.23 4241.36 ^ _219653_/Y (AO221x1_ASAP7_75t_R)
  28.26 4269.62 ^ _219666_/Y (AO31x2_ASAP7_75t_R)
  29.11 4298.74 ^ _219763_/Y (AO21x1_ASAP7_75t_R)
  17.66 4316.40 ^ place25012/Y (BUFx6f_ASAP7_75t_R)
  23.60 4339.99 ^ _220048_/Y (AO31x2_ASAP7_75t_R)
  20.05 4360.04 ^ _220050_/Y (AND2x2_ASAP7_75t_R)
  29.07 4389.11 v _220051_/Y (XNOR2x2_ASAP7_75t_R)
  18.96 4408.07 v _220065_/Y (OA31x2_ASAP7_75t_R)
  35.45 4443.52 v _220113_/Y (OR5x1_ASAP7_75t_R)
  22.72 4466.24 v _220143_/Y (AO211x2_ASAP7_75t_R)
  19.49 4485.73 v _220166_/Y (AO31x2_ASAP7_75t_R)
  30.48 4516.21 ^ _220179_/Y (AOI21x1_ASAP7_75t_R)
  24.05 4540.26 ^ place24895/Y (BUFx6f_ASAP7_75t_R)
  16.95 4557.22 ^ _220392_/Y (OA21x2_ASAP7_75t_R)
  27.86 4585.08 ^ _220393_/Y (AO22x1_ASAP7_75t_R)
  21.01 4606.09 ^ _220394_/Y (OR2x2_ASAP7_75t_R)
  17.94 4624.03 ^ _220395_/Y (AO211x2_ASAP7_75t_R)
  11.10 4635.14 v _220397_/Y (AOI22x1_ASAP7_75t_R)
  40.25 4675.38 v _220465_/Y (OR3x2_ASAP7_75t_R)
  29.50 4704.89 v _220567_/Y (AO21x1_ASAP7_75t_R)
  29.10 4733.99 v _220642_/Y (OA211x2_ASAP7_75t_R)
  23.82 4757.81 v _220643_/Y (XOR2x2_ASAP7_75t_R)
  22.52 4780.32 v _220786_/Y (AO22x2_ASAP7_75t_R)
  29.95 4810.27 v _220802_/Y (OR4x1_ASAP7_75t_R)
  34.92 4845.19 v _220811_/Y (AO32x1_ASAP7_75t_R)
  23.17 4868.36 v place24708/Y (BUFx3_ASAP7_75t_R)
  27.19 4895.55 v _220958_/Y (AO221x1_ASAP7_75t_R)
  29.28 4924.83 v _220959_/Y (OA211x2_ASAP7_75t_R)
  25.77 4950.60 v _221039_/Y (OA211x2_ASAP7_75t_R)
  23.26 4973.86 v _221040_/Y (XNOR2x2_ASAP7_75t_R)
  28.48 5002.33 v _221138_/Y (OA221x2_ASAP7_75t_R)
  27.81 5030.14 v _221139_/Y (OA211x2_ASAP7_75t_R)
  18.14 5048.28 v _221142_/Y (OA21x2_ASAP7_75t_R)
  19.05 5067.33 v _221143_/Y (OA21x2_ASAP7_75t_R)
  20.53 5087.86 v _221176_/Y (OA21x2_ASAP7_75t_R)
  26.41 5114.27 v _221217_/Y (AO21x2_ASAP7_75t_R)
  23.48 5137.75 v _221338_/Y (AND2x2_ASAP7_75t_R)
  24.63 5162.38 v _221339_/Y (XOR2x2_ASAP7_75t_R)
  25.50 5187.88 v _221375_/Y (OA211x2_ASAP7_75t_R)
  23.13 5211.01 ^ _221376_/Y (AOI211x1_ASAP7_75t_R)
  34.01 5245.02 ^ _221592_/Y (AO211x2_ASAP7_75t_R)
  22.74 5267.77 ^ _221600_/Y (AO31x2_ASAP7_75t_R)
  33.20 5300.97 ^ _221602_/Y (AND5x2_ASAP7_75t_R)
  18.34 5319.30 ^ place24445/Y (BUFx3_ASAP7_75t_R)
  18.45 5337.75 ^ _221804_/Y (OA31x2_ASAP7_75t_R)
  30.50 5368.25 v _221805_/Y (XNOR2x2_ASAP7_75t_R)
  21.55 5389.80 v _221841_/Y (OR2x2_ASAP7_75t_R)
  21.05 5410.85 v _221842_/Y (MAJx2_ASAP7_75t_R)
  22.37 5433.22 v _221846_/Y (MAJx2_ASAP7_75t_R)
  21.24 5454.46 v _221882_/Y (AND5x1_ASAP7_75t_R)
  22.01 5476.48 ^ _221926_/Y (OAI21x1_ASAP7_75t_R)
  22.89 5499.37 ^ place24326/Y (BUFx3_ASAP7_75t_R)
  20.13 5519.50 v _222073_/Y (AOI211x1_ASAP7_75t_R)
  23.73 5543.23 v _222155_/Y (OA21x2_ASAP7_75t_R)
  26.49 5569.73 ^ _222156_/Y (XOR2x2_ASAP7_75t_R)
  20.86 5590.59 ^ place24271/Y (BUFx3_ASAP7_75t_R)
  14.54 5605.13 v _222157_/Y (INVx1_ASAP7_75t_R)
  24.51 5629.64 v _222163_/Y (MAJx2_ASAP7_75t_R)
  14.56 5644.20 ^ _222164_/Y (AOI21x1_ASAP7_75t_R)
  22.53 5666.73 v _222322_/Y (NOR2x1_ASAP7_75t_R)
  29.06 5695.79 v _222326_/Y (AO22x2_ASAP7_75t_R)
  38.00 5733.79 v _222333_/Y (AO221x2_ASAP7_75t_R)
  22.34 5756.13 v place24142/Y (BUFx6f_ASAP7_75t_R)
  18.29 5774.42 v _222673_/Y (AO21x1_ASAP7_75t_R)
  20.52 5794.94 v _222675_/Y (AO22x2_ASAP7_75t_R)
  18.78 5813.72 v place24098/Y (BUFx3_ASAP7_75t_R)
  23.76 5837.47 v _222776_/Y (MAJx2_ASAP7_75t_R)
  15.23 5852.70 v _222872_/Y (OA21x2_ASAP7_75t_R)
  27.16 5879.86 v _222915_/Y (OR4x1_ASAP7_75t_R)
  32.98 5912.84 v _222917_/Y (OA211x2_ASAP7_75t_R)
  32.44 5945.28 v _222939_/Y (AO221x1_ASAP7_75t_R)
  28.98 5974.26 v _222940_/Y (AO211x2_ASAP7_75t_R)
  22.37 5996.64 v place23985/Y (BUFx6f_ASAP7_75t_R)
  15.90 6012.54 ^ _223249_/Y (NAND3x1_ASAP7_75t_R)
  20.47 6033.01 ^ _223250_/Y (AND3x1_ASAP7_75t_R)
  20.05 6053.07 ^ _223252_/Y (OA211x2_ASAP7_75t_R)
  20.56 6073.63 ^ _223253_/Y (AND3x1_ASAP7_75t_R)
  31.59 6105.22 ^ _223254_/Y (AND5x1_ASAP7_75t_R)
  30.44 6135.66 ^ _223255_/Y (AND5x1_ASAP7_75t_R)
  16.83 6152.49 ^ _223256_/Y (OR4x2_ASAP7_75t_R)
  20.81 6173.30 ^ place23853/Y (BUFx3_ASAP7_75t_R)
  19.61 6192.91 v _223257_/Y (NOR2x2_ASAP7_75t_R)
  16.90 6209.81 v place23846/Y (BUFx6f_ASAP7_75t_R)
  27.25 6237.06 v _223374_/Y (OR4x1_ASAP7_75t_R)
  19.72 6256.78 v _223375_/Y (AND4x1_ASAP7_75t_R)
  23.41 6280.19 ^ _223376_/Y (XNOR2x2_ASAP7_75t_R)
  17.46 6297.65 ^ _223377_/Y (AND2x2_ASAP7_75t_R)
  35.53 6333.18 ^ _223439_/Y (AND5x1_ASAP7_75t_R)
  16.52 6349.70 ^ place23753/Y (BUFx6f_ASAP7_75t_R)
  13.24 6362.94 v _223668_/Y (NAND3x1_ASAP7_75t_R)
  25.71 6388.65 v place23730/Y (BUFx3_ASAP7_75t_R)
  32.27 6420.92 v _223817_/Y (AO32x1_ASAP7_75t_R)
  22.94 6443.86 v _223977_/Y (XOR2x2_ASAP7_75t_R)
  22.04 6465.90 v _223993_/Y (MAJx2_ASAP7_75t_R)
  39.30 6505.20 v _223994_/Y (OR4x2_ASAP7_75t_R)
  13.94 6519.14 ^ _223995_/Y (AOI21x1_ASAP7_75t_R)
  23.10 6542.24 ^ _224023_/Y (OA31x2_ASAP7_75t_R)
  18.18 6560.42 ^ _224027_/Y (AO21x2_ASAP7_75t_R)
  24.24 6584.66 ^ _224028_/Y (AO211x2_ASAP7_75t_R)
  16.81 6601.47 ^ place23565/Y (BUFx6f_ASAP7_75t_R)
   9.06 6610.53 v _224375_/Y (NAND2x1_ASAP7_75t_R)
  33.83 6644.37 v _224386_/Y (OR5x1_ASAP7_75t_R)
  17.14 6661.51 v _224387_/Y (AND4x1_ASAP7_75t_R)
  44.16 6705.67 v _224397_/Y (OR5x1_ASAP7_75t_R)
  22.25 6727.92 v place23468/Y (BUFx3_ASAP7_75t_R)
  10.24 6738.16 ^ _224398_/Y (AOI211x1_ASAP7_75t_R)
  28.30 6766.46 ^ _224454_/Y (OA21x2_ASAP7_75t_R)
  30.34 6796.79 ^ _224494_/Y (OR3x2_ASAP7_75t_R)
  21.40 6818.19 ^ place23431/Y (BUFx3_ASAP7_75t_R)
  19.94 6838.12 ^ _224898_/Y (OA21x2_ASAP7_75t_R)
  22.56 6860.69 ^ _224899_/Y (AND3x1_ASAP7_75t_R)
  22.55 6883.24 ^ _224900_/Y (XNOR2x2_ASAP7_75t_R)
  21.37 6904.61 ^ _224902_/Y (OA211x2_ASAP7_75t_R)
  23.62 6928.22 ^ _224913_/Y (AND3x1_ASAP7_75t_R)
  23.48 6951.70 ^ _224922_/Y (AND3x1_ASAP7_75t_R)
  25.19 6976.89 ^ _224933_/Y (AND3x1_ASAP7_75t_R)
  19.12 6996.02 ^ place23290/Y (BUFx6f_ASAP7_75t_R)
  30.94 7026.96 ^ place23289/Y (BUFx3_ASAP7_75t_R)
  19.71 7046.66 ^ _225100_/Y (AO21x1_ASAP7_75t_R)
  29.90 7076.56 v _225101_/Y (XNOR2x2_ASAP7_75t_R)
  11.40 7087.96 ^ _225293_/Y (NAND2x1_ASAP7_75t_R)
  30.99 7118.96 ^ _225317_/Y (AND5x1_ASAP7_75t_R)
  28.10 7147.06 ^ _225318_/Y (AND4x1_ASAP7_75t_R)
  36.48 7183.54 ^ _225319_/Y (AND5x1_ASAP7_75t_R)
  17.73 7201.27 ^ _225371_/Y (OR4x2_ASAP7_75t_R)
  16.77 7218.04 ^ _225393_/Y (AO21x1_ASAP7_75t_R)
  29.53 7247.57 ^ place23178/Y (BUFx3_ASAP7_75t_R)
  37.73 7285.29 ^ _225573_/Y (AO211x2_ASAP7_75t_R)
  19.49 7304.79 ^ _225574_/Y (OA31x2_ASAP7_75t_R)
  23.24 7328.02 ^ _225585_/Y (OA31x2_ASAP7_75t_R)
  18.00 7346.02 ^ _225597_/Y (OR3x1_ASAP7_75t_R)
  25.88 7371.90 ^ _225616_/Y (AO211x2_ASAP7_75t_R)
  26.10 7397.99 ^ _225664_/Y (AO211x2_ASAP7_75t_R)
  23.95 7421.94 ^ _225676_/Y (AND3x1_ASAP7_75t_R)
  27.71 7449.65 ^ _225721_/Y (OA211x2_ASAP7_75t_R)
  31.24 7480.89 ^ _225732_/Y (AO221x1_ASAP7_75t_R)
  30.11 7511.00 v _225983_/Y (XNOR2x2_ASAP7_75t_R)
  41.29 7552.29 v _225996_/Y (OR5x1_ASAP7_75t_R)
  25.29 7577.58 ^ _225997_/Y (AOI211x1_ASAP7_75t_R)
  40.21 7617.78 ^ _225998_/Y (AND4x2_ASAP7_75t_R)
  15.06 7632.85 v _226127_/Y (OAI21x1_ASAP7_75t_R)
  23.71 7656.56 v _226147_/Y (AND3x1_ASAP7_75t_R)
  26.74 7683.30 v place22877/Y (BUFx3_ASAP7_75t_R)
  28.56 7711.86 v _226283_/Y (OR3x1_ASAP7_75t_R)
  19.74 7731.60 v _226345_/Y (AO21x1_ASAP7_75t_R)
  18.15 7749.75 v _226349_/Y (AND2x2_ASAP7_75t_R)
  20.83 7770.59 v _226351_/Y (OR3x1_ASAP7_75t_R)
  16.86 7787.45 v _226353_/Y (AND4x1_ASAP7_75t_R)
  27.94 7815.39 ^ _226637_/Y (AOI221x1_ASAP7_75t_R)
  28.07 7843.45 ^ place22754/Y (BUFx3_ASAP7_75t_R)
  24.02 7867.48 ^ _226639_/Y (OA21x2_ASAP7_75t_R)
  20.84 7888.32 ^ _226653_/Y (OA21x2_ASAP7_75t_R)
  20.50 7908.82 ^ _226654_/Y (MAJx2_ASAP7_75t_R)
  18.99 7927.81 ^ _226655_/Y (MAJx2_ASAP7_75t_R)
  26.89 7954.70 v _226656_/Y (XNOR2x2_ASAP7_75t_R)
  22.19 7976.89 v _226657_/Y (AO21x1_ASAP7_75t_R)
  24.53 8001.41 ^ _226660_/Y (NAND3x1_ASAP7_75t_R)
  32.37 8033.79 ^ _226751_/Y (AO221x1_ASAP7_75t_R)
  13.43 8047.22 v _226798_/Y (AOI21x1_ASAP7_75t_R)
  38.64 8085.87 v _227061_/Y (OR4x2_ASAP7_75t_R)
  20.06 8105.93 v place22557/Y (BUFx6f_ASAP7_75t_R)
  26.15 8132.08 v place22554/Y (BUFx6f_ASAP7_75t_R)
  15.23 8147.30 v _227302_/Y (AND3x1_ASAP7_75t_R)
  22.08 8169.38 v _227309_/Y (OA22x2_ASAP7_75t_R)
  15.20 8184.58 v _227329_/Y (AND4x1_ASAP7_75t_R)
  32.89 8217.48 v _227484_/Y (OA211x2_ASAP7_75t_R)
  24.19 8241.66 v _227512_/Y (AND5x2_ASAP7_75t_R)
  28.22 8269.88 v _227530_/Y (OR3x1_ASAP7_75t_R)
  32.68 8302.56 v _227532_/Y (OR3x1_ASAP7_75t_R)
  26.40 8328.96 v place22396/Y (BUFx3_ASAP7_75t_R)
  20.79 8349.76 v place22395/Y (BUFx3_ASAP7_75t_R)
  21.30 8371.06 v _227733_/Y (AND2x2_ASAP7_75t_R)
  19.67 8390.73 v _227734_/Y (XNOR2x2_ASAP7_75t_R)
  24.47 8415.20 v _227763_/Y (AO221x1_ASAP7_75t_R)
  26.71 8441.92 v _227783_/Y (AO32x1_ASAP7_75t_R)
  19.06 8460.98 ^ _227860_/Y (OAI21x1_ASAP7_75t_R)
  19.06 8480.03 ^ place22249/Y (BUFx6f_ASAP7_75t_R)
   7.84 8487.87 v _227861_/Y (NAND2x1_ASAP7_75t_R)
  23.29 8511.16 v _227862_/Y (AND2x2_ASAP7_75t_R)
  20.46 8531.62 v place22223/Y (BUFx3_ASAP7_75t_R)
  37.01 8568.63 v _228259_/Y (OR5x1_ASAP7_75t_R)
  24.78 8593.42 v _228294_/Y (AND5x1_ASAP7_75t_R)
  23.63 8617.05 v _228295_/Y (AO221x1_ASAP7_75t_R)
  28.78 8645.83 v _228296_/Y (AO221x1_ASAP7_75t_R)
  23.44 8669.28 ^ _228325_/Y (NAND2x1_ASAP7_75t_R)
  36.12 8705.40 ^ _228377_/Y (AO221x2_ASAP7_75t_R)
  23.48 8728.87 v _228378_/Y (NAND2x1_ASAP7_75t_R)
  21.80 8750.67 v place22046/Y (BUFx6f_ASAP7_75t_R)
  15.34 8766.02 v place22045/Y (BUFx3_ASAP7_75t_R)
  24.33 8790.34 v _228623_/Y (AO21x1_ASAP7_75t_R)
  20.06 8810.41 v _228624_/Y (AND2x4_ASAP7_75t_R)
  22.30 8832.71 ^ _228937_/Y (XNOR2x2_ASAP7_75t_R)
  25.26 8857.97 ^ _228939_/Y (AND4x1_ASAP7_75t_R)
   9.81 8867.78 v _228940_/Y (NAND2x1_ASAP7_75t_R)
  38.59 8906.36 v _228953_/Y (OR4x1_ASAP7_75t_R)
  23.52 8929.89 v _229055_/Y (OA21x2_ASAP7_75t_R)
  19.63 8949.52 v _229056_/Y (OA21x2_ASAP7_75t_R)
  21.98 8971.50 v place21843/Y (BUFx3_ASAP7_75t_R)
  21.32 8992.82 v place21842/Y (BUFx3_ASAP7_75t_R)
  27.69 9020.50 v _229327_/Y (OR4x1_ASAP7_75t_R)
   8.34 9028.85 ^ _229328_/Y (OAI21x1_ASAP7_75t_R)
  10.79 9039.64 v _229333_/Y (AOI22x1_ASAP7_75t_R)
  30.11 9069.75 ^ _229353_/Y (AOI221x1_ASAP7_75t_R)
  39.81 9109.56 ^ _229638_/Y (AND5x1_ASAP7_75t_R)
  23.05 9132.61 ^ _229640_/Y (AO221x1_ASAP7_75t_R)
  18.12 9150.72 ^ place21684/Y (BUFx6f_ASAP7_75t_R)
  26.72 9177.44 ^ _229740_/Y (OA31x2_ASAP7_75t_R)
  23.79 9201.23 ^ _229741_/Y (XNOR2x2_ASAP7_75t_R)
  24.88 9226.11 v _229742_/Y (XNOR2x2_ASAP7_75t_R)
  28.23 9254.34 v _229743_/Y (AO221x1_ASAP7_75t_R)
  25.69 9280.03 ^ _229749_/Y (AOI211x1_ASAP7_75t_R)
  17.42 9297.45 v _229763_/Y (NOR2x2_ASAP7_75t_R)
  23.50 9320.94 ^ _230125_/Y (AOI211x1_ASAP7_75t_R)
  35.15 9356.10 ^ _230181_/Y (OA21x2_ASAP7_75t_R)
  29.06 9385.16 ^ _230419_/Y (OA21x2_ASAP7_75t_R)
  26.80 9411.96 v _230420_/Y (XNOR2x2_ASAP7_75t_R)
  20.59 9432.55 ^ _230421_/Y (XNOR2x2_ASAP7_75t_R)
  33.20 9465.75 ^ _230422_/Y (AND5x1_ASAP7_75t_R)
  36.61 9502.36 ^ _230446_/Y (AND5x1_ASAP7_75t_R)
  19.22 9521.58 ^ _230513_/Y (AO31x2_ASAP7_75t_R)
  18.91 9540.49 v _230514_/Y (AOI221x1_ASAP7_75t_R)
  13.14 9553.62 ^ _230515_/Y (OAI21x1_ASAP7_75t_R)
  18.11 9571.73 ^ place21065/Y (BUFx6f_ASAP7_75t_R)
  20.70 9592.43 ^ place21062/Y (BUFx6f_ASAP7_75t_R)
  24.09 9616.52 ^ _230817_/Y (AND2x2_ASAP7_75t_R)
  22.87 9639.39 ^ _230818_/Y (XNOR2x2_ASAP7_75t_R)
  26.37 9665.76 v _230819_/Y (XNOR2x2_ASAP7_75t_R)
  18.67 9684.43 v _230872_/Y (OR2x2_ASAP7_75t_R)
  24.96 9709.39 v _230897_/Y (OA33x2_ASAP7_75t_R)
  14.09 9723.48 v _230898_/Y (OA21x2_ASAP7_75t_R)
  31.91 9755.39 v _230906_/Y (OA211x2_ASAP7_75t_R)
  14.92 9770.30 ^ _230918_/Y (OAI21x1_ASAP7_75t_R)
  28.29 9798.60 ^ _230936_/Y (AO21x2_ASAP7_75t_R)
  27.78 9826.38 ^ place20920/Y (BUFx3_ASAP7_75t_R)
  26.68 9853.06 ^ _230992_/Y (AND3x2_ASAP7_75t_R)
  27.70 9880.76 v _231175_/Y (XNOR2x2_ASAP7_75t_R)
  21.05 9901.81 ^ _231176_/Y (XNOR2x2_ASAP7_75t_R)
  30.20 9932.01 ^ _231180_/Y (AND4x1_ASAP7_75t_R)
   9.20 9941.21 v _231314_/Y (NAND3x1_ASAP7_75t_R)
  38.39 9979.59 v _231315_/Y (OR5x1_ASAP7_75t_R)
  26.97 10006.56 v _231371_/Y (AND5x2_ASAP7_75t_R)
  24.26 10030.82 ^ _231376_/Y (NAND2x1p5_ASAP7_75t_R)
  22.71 10053.53 ^ place20787/Y (BUFx6f_ASAP7_75t_R)
  17.49 10071.02 ^ _231559_/Y (AND2x2_ASAP7_75t_R)
  31.16 10102.19 v _231560_/Y (XNOR2x2_ASAP7_75t_R)
  13.09 10115.27 ^ _231561_/Y (NAND2x1_ASAP7_75t_R)
  31.86 10147.13 ^ _231575_/Y (AND5x2_ASAP7_75t_R)
  26.94 10174.07 ^ _231624_/Y (AND5x1_ASAP7_75t_R)
  25.61 10199.68 ^ _231625_/Y (OA211x2_ASAP7_75t_R)
  17.32 10217.00 ^ _231626_/Y (AND2x4_ASAP7_75t_R)
  26.23 10243.23 ^ _231767_/Y (AO211x2_ASAP7_75t_R)
  21.11 10264.34 ^ place20675/Y (BUFx6f_ASAP7_75t_R)
  21.03 10285.37 ^ _231908_/Y (AND2x2_ASAP7_75t_R)
  19.64 10305.02 v _231909_/Y (XOR2x2_ASAP7_75t_R)
  24.34 10329.36 v _231919_/Y (AO221x1_ASAP7_75t_R)
  28.15 10357.51 v _231938_/Y (OR5x1_ASAP7_75t_R)
  22.79 10380.30 v _231957_/Y (AO32x1_ASAP7_75t_R)
  24.61 10404.91 v _232004_/Y (OA221x2_ASAP7_75t_R)
  36.17 10441.08 v _232005_/Y (OR4x1_ASAP7_75t_R)
  30.54 10471.62 ^ _232006_/Y (NAND3x2_ASAP7_75t_R)
  32.90 10504.52 ^ _232185_/Y (AO22x1_ASAP7_75t_R)
  16.77 10521.29 ^ _232187_/Y (AO21x1_ASAP7_75t_R)
  24.18 10545.47 v _232190_/Y (AOI21x1_ASAP7_75t_R)
  31.91 10577.37 v _232248_/Y (OR3x1_ASAP7_75t_R)
  23.89 10601.26 v _232279_/Y (AO21x1_ASAP7_75t_R)
  29.13 10630.39 v _232503_/Y (AO22x2_ASAP7_75t_R)
  26.85 10657.23 ^ _232540_/Y (XNOR2x2_ASAP7_75t_R)
  22.11 10679.35 ^ _232542_/Y (AND3x2_ASAP7_75t_R)
  19.75 10699.10 ^ _232543_/Y (OR3x2_ASAP7_75t_R)
  17.79 10716.89 ^ place20232/Y (BUFx3_ASAP7_75t_R)
  17.03 10733.92 ^ _232615_/Y (AO31x2_ASAP7_75t_R)
  32.25 10766.17 ^ _232625_/Y (OA222x2_ASAP7_75t_R)
  21.07 10787.24 ^ _232638_/Y (MAJx2_ASAP7_75t_R)
  23.73 10810.97 ^ _232640_/Y (AO221x2_ASAP7_75t_R)
  14.66 10825.62 ^ place19938/Y (BUFx3_ASAP7_75t_R)
  22.91 10848.53 ^ _232669_/Y (AO31x2_ASAP7_75t_R)
  21.11 10869.64 v _232670_/Y (OAI21x1_ASAP7_75t_R)
  28.40 10898.05 v place19853/Y (BUFx3_ASAP7_75t_R)
  28.27 10926.32 v _233618_/Y (AO21x1_ASAP7_75t_R)
  31.54 10957.86 v _233619_/Y (OA211x2_ASAP7_75t_R)
  33.94 10991.80 v _233626_/Y (OR4x1_ASAP7_75t_R)
  27.61 11019.40 v _233632_/Y (OA211x2_ASAP7_75t_R)
  21.90 11041.31 v _233633_/Y (OA22x2_ASAP7_75t_R)
  22.25 11063.55 v _233721_/Y (AND5x2_ASAP7_75t_R)
  21.18 11084.73 v _233967_/Y (AND3x4_ASAP7_75t_R)
  22.92 11107.65 v _235036_/Y (AND5x2_ASAP7_75t_R)
  19.43 11127.08 v _235186_/Y (AND4x1_ASAP7_75t_R)
  16.80 11143.88 v _235297_/Y (AND3x2_ASAP7_75t_R)
  44.36 11188.25 v _235300_/Y (OR5x2_ASAP7_75t_R)
  24.88 11213.12 v place19574/Y (BUFx3_ASAP7_75t_R)
   7.50 11220.62 ^ _276097_/Y (INVx1_ASAP7_75t_R)
  29.56 11250.19 ^ _276098_/Y (AO32x2_ASAP7_75t_R)
  21.64 11271.83 v _279914_/Y (AOI21x1_ASAP7_75t_R)
  63.81 11335.64 ^ _280017_/Y (OAI21x1_ASAP7_75t_R)
  50.67 11386.31 v _326596_/Y (AOI22x1_ASAP7_75t_R)
  23.53 11409.84 v place19240/Y (BUFx6f_ASAP7_75t_R)
  20.37 11430.21 v place19238/Y (BUFx6f_ASAP7_75t_R)
  45.05 11475.26 v _334388_/Y (OA21x2_ASAP7_75t_R)
   8.07 11483.33 ^ _334389_/Y (NOR2x1_ASAP7_75t_R)
   0.12 11483.45 ^ _395836_/D (DFFHQNx1_ASAP7_75t_R)
        11483.45   data arrival time

12000.00 12000.00   clock core_clk (rise edge)
   0.00 12000.00   clock source latency
   0.00 12000.00 ^ clk (in)
  45.24 12045.24 ^ wire32813/Y (BUFx12f_ASAP7_75t_R)
  51.74 12096.99 ^ clkbuf_0_clk/Y (BUFx24_ASAP7_75t_R)
  27.57 12124.55 ^ clkbuf_1_1_0_clk/Y (BUFx24_ASAP7_75t_R)
  22.94 12147.50 ^ clkbuf_2_3_0_clk/Y (BUFx24_ASAP7_75t_R)
  30.79 12178.29 ^ clkbuf_3_7_0_clk/Y (BUFx24_ASAP7_75t_R)
  26.19 12204.48 ^ clkbuf_4_14_0_clk/Y (BUFx24_ASAP7_75t_R)
  26.10 12230.58 ^ clkbuf_6_58_0_clk/Y (BUFx24_ASAP7_75t_R)
  21.09 12251.67 ^ clkbuf_7_116__f_clk/Y (BUFx24_ASAP7_75t_R)
  23.01 12274.67 ^ clkbuf_leaf_591_clk/Y (BUFx24_ASAP7_75t_R)
   1.96 12276.63 ^ _395836_/CLK (DFFHQNx1_ASAP7_75t_R)
 -50.00 12226.63   clock uncertainty
   4.46 12231.09   clock reconvergence pessimism
 -10.99 12220.11   library setup time
        12220.11   data required time
---------------------------------------------------------
        12220.11   data required time
        -11483.45   data arrival time
---------------------------------------------------------
         736.65   slack (MET)


Startpoint: _386358_ (rising edge-triggered flip-flop clocked by core_clk)
Endpoint: _395836_ (rising edge-triggered flip-flop clocked by core_clk)
Path Group: reg2reg
Path Type: max

  Delay    Time   Description
---------------------------------------------------------
   0.00    0.00   clock core_clk (rise edge)
   0.00    0.00   clock source latency
   0.00    0.00 ^ clk (in)
  46.36   46.36 ^ wire32813/Y (BUFx12f_ASAP7_75t_R)
  53.38   99.75 ^ clkbuf_0_clk/Y (BUFx24_ASAP7_75t_R)
  28.51  128.26 ^ clkbuf_1_1_0_clk/Y (BUFx24_ASAP7_75t_R)
  23.70  151.96 ^ clkbuf_2_3_0_clk/Y (BUFx24_ASAP7_75t_R)
  32.83  184.79 ^ clkbuf_3_6_0_clk/Y (BUFx24_ASAP7_75t_R)
  26.85  211.64 ^ clkbuf_4_12_0_clk/Y (BUFx24_ASAP7_75t_R)
  27.58  239.22 ^ clkbuf_6_48_0_clk/Y (BUFx24_ASAP7_75t_R)
  22.29  261.50 ^ clkbuf_7_96__f_clk/Y (BUFx24_ASAP7_75t_R)
  24.98  286.48 ^ clkbuf_leaf_385_clk/Y (BUFx24_ASAP7_75t_R)
   2.87  289.35 ^ _386358_/CLK (DFFHQNx1_ASAP7_75t_R)
  78.73  368.08 v _386358_/QN (DFFHQNx1_ASAP7_75t_R)
  72.17  440.25 v _210677_/Y (OR4x2_ASAP7_75t_R)
  57.30  497.55 v place32433/Y (BUFx3_ASAP7_75t_R)
  66.16  563.70 v _210741_/Y (AND4x1_ASAP7_75t_R)
  34.66  598.36 v _210744_/Y (OA21x2_ASAP7_75t_R)
  54.90  653.26 v _210745_/Y (AND2x2_ASAP7_75t_R)
 123.11  776.37 v place31673/Y (BUFx3_ASAP7_75t_R)
  84.48  860.85 v _211121_/Y (OR3x2_ASAP7_75t_R)
  63.46  924.30 v _211124_/Y (OR2x2_ASAP7_75t_R)
 184.30 1108.60 v place30877/Y (BUFx3_ASAP7_75t_R)
  36.89 1145.49 v _214083_/Y (OA22x2_ASAP7_75t_R)
  14.64 1160.12 v _214088_/Y (AND4x1_ASAP7_75t_R)
  41.58 1201.70 ^ _214089_/Y (NAND3x1_ASAP7_75t_R)
  38.34 1240.04 v _214126_/Y (AOI221x1_ASAP7_75t_R)
  42.21 1282.25 v _214127_/Y (AND5x1_ASAP7_75t_R)
  29.72 1311.97 v _214553_/Y (AND4x1_ASAP7_75t_R)
  18.77 1330.74 v place29280/Y (BUFx3_ASAP7_75t_R)
  24.65 1355.40 ^ _214554_/Y (NAND3x1_ASAP7_75t_R)
  27.93 1383.33 ^ _217167_/Y (AND4x1_ASAP7_75t_R)
  27.87 1411.20 ^ _217174_/Y (AO221x1_ASAP7_75t_R)
  21.95 1433.15 ^ _217198_/Y (AO31x2_ASAP7_75t_R)
  20.25 1453.40 ^ place27934/Y (BUFx3_ASAP7_75t_R)
  10.70 1464.09 v _217278_/Y (OAI21x1_ASAP7_75t_R)
  25.57 1489.67 v _217284_/Y (OA211x2_ASAP7_75t_R)
  40.05 1529.72 v _217285_/Y (OR5x1_ASAP7_75t_R)
  33.32 1563.03 v _217286_/Y (MAJx2_ASAP7_75t_R)
  22.44 1585.48 v _217372_/Y (OA21x2_ASAP7_75t_R)
  24.83 1610.31 v _217375_/Y (OA222x2_ASAP7_75t_R)
  19.50 1629.81 v _217380_/Y (AND5x2_ASAP7_75t_R)
  30.66 1660.47 v _217382_/Y (OR3x2_ASAP7_75t_R)
  16.39 1676.87 ^ _217409_/Y (AOI21x1_ASAP7_75t_R)
  18.55 1695.42 ^ place26693/Y (BUFx3_ASAP7_75t_R)
   8.11 1703.53 v _217416_/Y (AOI211x1_ASAP7_75t_R)
  25.15 1728.67 ^ _217417_/Y (AOI221x1_ASAP7_75t_R)
  16.16 1744.84 v _217423_/Y (INVx1_ASAP7_75t_R)
  19.75 1764.59 v _217485_/Y (AO21x1_ASAP7_75t_R)
  32.05 1796.64 v _217488_/Y (AO21x1_ASAP7_75t_R)
  32.36 1829.00 v _217532_/Y (OA211x2_ASAP7_75t_R)
  21.82 1850.82 v _217533_/Y (XOR2x2_ASAP7_75t_R)
  21.19 1872.02 v _217545_/Y (MAJx2_ASAP7_75t_R)
  24.09 1896.11 v _217561_/Y (AO32x1_ASAP7_75t_R)
  24.73 1920.85 v _217562_/Y (MAJx2_ASAP7_75t_R)
  24.59 1945.43 v _217577_/Y (OA21x2_ASAP7_75t_R)
  16.90 1962.33 v place26187/Y (BUFx3_ASAP7_75t_R)
   8.47 1970.80 ^ _217612_/Y (NOR2x1_ASAP7_75t_R)
  27.24 1998.03 ^ _217613_/Y (XNOR2x2_ASAP7_75t_R)
  12.03 2010.07 v _217620_/Y (NOR2x1_ASAP7_75t_R)
  18.03 2028.09 ^ _217622_/Y (AOI22x1_ASAP7_75t_R)
  14.20 2042.29 v _217623_/Y (AOI21x1_ASAP7_75t_R)
  26.81 2069.11 v _217624_/Y (MAJx2_ASAP7_75t_R)
  28.30 2097.41 v _217669_/Y (AO32x1_ASAP7_75t_R)
  24.62 2122.03 v _217723_/Y (OR3x1_ASAP7_75t_R)
  26.03 2148.07 v _217732_/Y (AO221x1_ASAP7_75t_R)
  13.78 2161.85 ^ _217733_/Y (NAND3x1_ASAP7_75t_R)
  26.69 2188.54 ^ _217734_/Y (MAJx2_ASAP7_75t_R)
  21.78 2210.32 ^ _217735_/Y (MAJx2_ASAP7_75t_R)
  23.07 2233.39 ^ _217740_/Y (MAJx2_ASAP7_75t_R)
  25.63 2259.02 ^ _217741_/Y (AO221x1_ASAP7_75t_R)
  27.32 2286.34 ^ _217755_/Y (AO31x2_ASAP7_75t_R)
  23.88 2310.22 ^ _217807_/Y (AND3x1_ASAP7_75t_R)
  27.67 2337.89 v _217808_/Y (XNOR2x2_ASAP7_75t_R)
  18.85 2356.74 v _217809_/Y (OR2x2_ASAP7_75t_R)
  17.53 2374.28 v _217817_/Y (AO211x2_ASAP7_75t_R)
  30.10 2404.38 v _217818_/Y (AO32x2_ASAP7_75t_R)
  22.30 2426.68 v _217848_/Y (AO31x2_ASAP7_75t_R)
  28.77 2455.44 ^ _217853_/Y (AOI22x1_ASAP7_75t_R)
  21.88 2477.33 ^ _217888_/Y (AND2x2_ASAP7_75t_R)
  26.93 2504.26 v _217889_/Y (XNOR2x2_ASAP7_75t_R)
  21.61 2525.87 v _217890_/Y (OR2x2_ASAP7_75t_R)
  21.01 2546.88 v _217897_/Y (AO21x1_ASAP7_75t_R)
  16.97 2563.85 v _217898_/Y (AND2x2_ASAP7_75t_R)
  21.77 2585.62 v _217959_/Y (OA211x2_ASAP7_75t_R)
  19.67 2605.30 v _217960_/Y (OA21x2_ASAP7_75t_R)
  25.79 2631.08 v _218017_/Y (OA211x2_ASAP7_75t_R)
  21.46 2652.55 v _218018_/Y (XOR2x2_ASAP7_75t_R)
  27.77 2680.32 v _218038_/Y (OR4x1_ASAP7_75t_R)
  25.54 2705.86 v _218040_/Y (AO221x1_ASAP7_75t_R)
  33.42 2739.28 v _218043_/Y (AO33x2_ASAP7_75t_R)
  21.51 2760.79 v _218044_/Y (MAJx2_ASAP7_75t_R)
  27.13 2787.92 v _218049_/Y (MAJx3_ASAP7_75t_R)
  26.90 2814.82 v _218087_/Y (OA21x2_ASAP7_75t_R)
  16.18 2831.00 v _218091_/Y (AND2x4_ASAP7_75t_R)
  16.33 2847.33 v _218092_/Y (OA21x2_ASAP7_75t_R)
  25.31 2872.64 v _218093_/Y (OA222x2_ASAP7_75t_R)
  23.48 2896.12 v _218106_/Y (MAJx2_ASAP7_75t_R)
  29.73 2925.85 v _218130_/Y (AO32x2_ASAP7_75t_R)
  22.65 2948.50 v _218150_/Y (OA21x2_ASAP7_75t_R)
  28.49 2976.99 v _218190_/Y (OA211x2_ASAP7_75t_R)
  24.86 3001.85 v _218211_/Y (OA31x2_ASAP7_75t_R)
  27.47 3029.33 v _218260_/Y (AO32x1_ASAP7_75t_R)
  29.59 3058.92 v _218261_/Y (OR3x1_ASAP7_75t_R)
  24.00 3082.93 v _218270_/Y (OA22x2_ASAP7_75t_R)
  27.43 3110.35 v _218271_/Y (AO22x2_ASAP7_75t_R)
  30.15 3140.50 v _218276_/Y (AO22x2_ASAP7_75t_R)
  25.72 3166.22 v _218298_/Y (AO21x2_ASAP7_75t_R)
  16.65 3182.86 v place25618/Y (BUFx3_ASAP7_75t_R)
  15.38 3198.24 v _218449_/Y (AO21x1_ASAP7_75t_R)
   9.59 3207.83 ^ _218451_/Y (NAND2x1_ASAP7_75t_R)
  26.58 3234.41 ^ _218457_/Y (AO221x1_ASAP7_75t_R)
  24.62 3259.03 ^ _218458_/Y (AO32x1_ASAP7_75t_R)
  23.32 3282.35 ^ _218461_/Y (OA31x2_ASAP7_75t_R)
  28.12 3310.47 ^ _218493_/Y (OA21x2_ASAP7_75t_R)
  20.67 3331.14 v _218574_/Y (AOI21x1_ASAP7_75t_R)
  22.37 3353.51 v _218632_/Y (OA21x2_ASAP7_75t_R)
  26.08 3379.59 v _218633_/Y (OR4x1_ASAP7_75t_R)
  31.56 3411.15 v _218634_/Y (OA211x2_ASAP7_75t_R)
  27.87 3439.02 v _218635_/Y (MAJx2_ASAP7_75t_R)
  36.50 3475.52 v _218642_/Y (OR5x1_ASAP7_75t_R)
  11.72 3487.23 ^ _218643_/Y (OAI21x1_ASAP7_75t_R)
  15.75 3502.99 v _218664_/Y (OAI21x1_ASAP7_75t_R)
  20.23 3523.21 ^ _218760_/Y (AOI211x1_ASAP7_75t_R)
  27.31 3550.52 ^ _218763_/Y (OR2x2_ASAP7_75t_R)
  17.02 3567.55 ^ place25429/Y (BUFx6f_ASAP7_75t_R)
  13.87 3581.42 ^ place25427/Y (BUFx3_ASAP7_75t_R)
  18.86 3600.27 ^ _218821_/Y (OA21x2_ASAP7_75t_R)
  27.59 3627.86 v _218822_/Y (XNOR2x2_ASAP7_75t_R)
  16.50 3644.36 v _218823_/Y (AND2x2_ASAP7_75t_R)
  22.67 3667.03 v _218824_/Y (MAJx2_ASAP7_75t_R)
  23.76 3690.79 v _218825_/Y (MAJx2_ASAP7_75t_R)
  19.55 3710.34 ^ _218826_/Y (AOI221x1_ASAP7_75t_R)
  15.68 3726.03 v _218981_/Y (OAI21x1_ASAP7_75t_R)
  19.58 3745.61 v place25318/Y (BUFx6f_ASAP7_75t_R)
  26.00 3771.61 ^ _218987_/Y (NOR2x1_ASAP7_75t_R)
  26.36 3797.97 ^ _218995_/Y (OA22x2_ASAP7_75t_R)
  16.88 3814.85 ^ _219001_/Y (AO31x2_ASAP7_75t_R)
  35.48 3850.33 ^ _219008_/Y (AO221x1_ASAP7_75t_R)
  31.33 3881.67 ^ _219217_/Y (AO211x2_ASAP7_75t_R)
  28.93 3910.60 ^ _219222_/Y (AND5x2_ASAP7_75t_R)
  38.18 3948.78 ^ _219231_/Y (OA31x2_ASAP7_75t_R)
  23.43 3972.21 ^ place25226/Y (BUFx6f_ASAP7_75t_R)
  16.81 3989.02 ^ _219398_/Y (AND2x4_ASAP7_75t_R)
  25.68 4014.70 v _219399_/Y (XNOR2x2_ASAP7_75t_R)
  22.75 4037.45 v _219451_/Y (AO32x1_ASAP7_75t_R)
  18.59 4056.04 v _219459_/Y (OA21x2_ASAP7_75t_R)
  33.16 4089.20 v _219485_/Y (OA221x2_ASAP7_75t_R)
  18.78 4107.99 v place25136/Y (BUFx6f_ASAP7_75t_R)
  14.01 4121.99 ^ _219494_/Y (AOI21x1_ASAP7_75t_R)
  25.52 4147.51 ^ _219611_/Y (AND4x1_ASAP7_75t_R)
  22.18 4169.69 v _219612_/Y (AOI221x1_ASAP7_75t_R)
  18.86 4188.55 ^ _219633_/Y (AOI22x1_ASAP7_75t_R)
  28.58 4217.13 ^ _219634_/Y (OA31x2_ASAP7_75t_R)
  24.23 4241.36 ^ _219653_/Y (AO221x1_ASAP7_75t_R)
  28.26 4269.62 ^ _219666_/Y (AO31x2_ASAP7_75t_R)
  29.11 4298.74 ^ _219763_/Y (AO21x1_ASAP7_75t_R)
  17.66 4316.40 ^ place25012/Y (BUFx6f_ASAP7_75t_R)
  23.60 4339.99 ^ _220048_/Y (AO31x2_ASAP7_75t_R)
  20.05 4360.04 ^ _220050_/Y (AND2x2_ASAP7_75t_R)
  29.07 4389.11 v _220051_/Y (XNOR2x2_ASAP7_75t_R)
  18.96 4408.07 v _220065_/Y (OA31x2_ASAP7_75t_R)
  35.45 4443.52 v _220113_/Y (OR5x1_ASAP7_75t_R)
  22.72 4466.24 v _220143_/Y (AO211x2_ASAP7_75t_R)
  19.49 4485.73 v _220166_/Y (AO31x2_ASAP7_75t_R)
  30.48 4516.21 ^ _220179_/Y (AOI21x1_ASAP7_75t_R)
  24.05 4540.26 ^ place24895/Y (BUFx6f_ASAP7_75t_R)
  16.95 4557.22 ^ _220392_/Y (OA21x2_ASAP7_75t_R)
  27.86 4585.08 ^ _220393_/Y (AO22x1_ASAP7_75t_R)
  21.01 4606.09 ^ _220394_/Y (OR2x2_ASAP7_75t_R)
  17.94 4624.03 ^ _220395_/Y (AO211x2_ASAP7_75t_R)
  11.10 4635.14 v _220397_/Y (AOI22x1_ASAP7_75t_R)
  40.25 4675.38 v _220465_/Y (OR3x2_ASAP7_75t_R)
  29.50 4704.89 v _220567_/Y (AO21x1_ASAP7_75t_R)
  29.10 4733.99 v _220642_/Y (OA211x2_ASAP7_75t_R)
  23.82 4757.81 v _220643_/Y (XOR2x2_ASAP7_75t_R)
  22.52 4780.32 v _220786_/Y (AO22x2_ASAP7_75t_R)
  29.95 4810.27 v _220802_/Y (OR4x1_ASAP7_75t_R)
  34.92 4845.19 v _220811_/Y (AO32x1_ASAP7_75t_R)
  23.17 4868.36 v place24708/Y (BUFx3_ASAP7_75t_R)
  27.19 4895.55 v _220958_/Y (AO221x1_ASAP7_75t_R)
  29.28 4924.83 v _220959_/Y (OA211x2_ASAP7_75t_R)
  25.77 4950.60 v _221039_/Y (OA211x2_ASAP7_75t_R)
  23.26 4973.86 v _221040_/Y (XNOR2x2_ASAP7_75t_R)
  28.48 5002.33 v _221138_/Y (OA221x2_ASAP7_75t_R)
  27.81 5030.14 v _221139_/Y (OA211x2_ASAP7_75t_R)
  18.14 5048.28 v _221142_/Y (OA21x2_ASAP7_75t_R)
  19.05 5067.33 v _221143_/Y (OA21x2_ASAP7_75t_R)
  20.53 5087.86 v _221176_/Y (OA21x2_ASAP7_75t_R)
  26.41 5114.27 v _221217_/Y (AO21x2_ASAP7_75t_R)
  23.48 5137.75 v _221338_/Y (AND2x2_ASAP7_75t_R)
  24.63 5162.38 v _221339_/Y (XOR2x2_ASAP7_75t_R)
  25.50 5187.88 v _221375_/Y (OA211x2_ASAP7_75t_R)
  23.13 5211.01 ^ _221376_/Y (AOI211x1_ASAP7_75t_R)
  34.01 5245.02 ^ _221592_/Y (AO211x2_ASAP7_75t_R)
  22.74 5267.77 ^ _221600_/Y (AO31x2_ASAP7_75t_R)
  33.20 5300.97 ^ _221602_/Y (AND5x2_ASAP7_75t_R)
  18.34 5319.30 ^ place24445/Y (BUFx3_ASAP7_75t_R)
  18.45 5337.75 ^ _221804_/Y (OA31x2_ASAP7_75t_R)
  30.50 5368.25 v _221805_/Y (XNOR2x2_ASAP7_75t_R)
  21.55 5389.80 v _221841_/Y (OR2x2_ASAP7_75t_R)
  21.05 5410.85 v _221842_/Y (MAJx2_ASAP7_75t_R)
  22.37 5433.22 v _221846_/Y (MAJx2_ASAP7_75t_R)
  21.24 5454.46 v _221882_/Y (AND5x1_ASAP7_75t_R)
  22.01 5476.48 ^ _221926_/Y (OAI21x1_ASAP7_75t_R)
  22.89 5499.37 ^ place24326/Y (BUFx3_ASAP7_75t_R)
  20.13 5519.50 v _222073_/Y (AOI211x1_ASAP7_75t_R)
  23.73 5543.23 v _222155_/Y (OA21x2_ASAP7_75t_R)
  26.49 5569.73 ^ _222156_/Y (XOR2x2_ASAP7_75t_R)
  20.86 5590.59 ^ place24271/Y (BUFx3_ASAP7_75t_R)
  14.54 5605.13 v _222157_/Y (INVx1_ASAP7_75t_R)
  24.51 5629.64 v _222163_/Y (MAJx2_ASAP7_75t_R)
  14.56 5644.20 ^ _222164_/Y (AOI21x1_ASAP7_75t_R)
  22.53 5666.73 v _222322_/Y (NOR2x1_ASAP7_75t_R)
  29.06 5695.79 v _222326_/Y (AO22x2_ASAP7_75t_R)
  38.00 5733.79 v _222333_/Y (AO221x2_ASAP7_75t_R)
  22.34 5756.13 v place24142/Y (BUFx6f_ASAP7_75t_R)
  18.29 5774.42 v _222673_/Y (AO21x1_ASAP7_75t_R)
  20.52 5794.94 v _222675_/Y (AO22x2_ASAP7_75t_R)
  18.78 5813.72 v place24098/Y (BUFx3_ASAP7_75t_R)
  23.76 5837.47 v _222776_/Y (MAJx2_ASAP7_75t_R)
  15.23 5852.70 v _222872_/Y (OA21x2_ASAP7_75t_R)
  27.16 5879.86 v _222915_/Y (OR4x1_ASAP7_75t_R)
  32.98 5912.84 v _222917_/Y (OA211x2_ASAP7_75t_R)
  32.44 5945.28 v _222939_/Y (AO221x1_ASAP7_75t_R)
  28.98 5974.26 v _222940_/Y (AO211x2_ASAP7_75t_R)
  22.37 5996.64 v place23985/Y (BUFx6f_ASAP7_75t_R)
  15.90 6012.54 ^ _223249_/Y (NAND3x1_ASAP7_75t_R)
  20.47 6033.01 ^ _223250_/Y (AND3x1_ASAP7_75t_R)
  20.05 6053.07 ^ _223252_/Y (OA211x2_ASAP7_75t_R)
  20.56 6073.63 ^ _223253_/Y (AND3x1_ASAP7_75t_R)
  31.59 6105.22 ^ _223254_/Y (AND5x1_ASAP7_75t_R)
  30.44 6135.66 ^ _223255_/Y (AND5x1_ASAP7_75t_R)
  16.83 6152.49 ^ _223256_/Y (OR4x2_ASAP7_75t_R)
  20.81 6173.30 ^ place23853/Y (BUFx3_ASAP7_75t_R)
  19.61 6192.91 v _223257_/Y (NOR2x2_ASAP7_75t_R)
  16.90 6209.81 v place23846/Y (BUFx6f_ASAP7_75t_R)
  27.25 6237.06 v _223374_/Y (OR4x1_ASAP7_75t_R)
  19.72 6256.78 v _223375_/Y (AND4x1_ASAP7_75t_R)
  23.41 6280.19 ^ _223376_/Y (XNOR2x2_ASAP7_75t_R)
  17.46 6297.65 ^ _223377_/Y (AND2x2_ASAP7_75t_R)
  35.53 6333.18 ^ _223439_/Y (AND5x1_ASAP7_75t_R)
  16.52 6349.70 ^ place23753/Y (BUFx6f_ASAP7_75t_R)
  13.24 6362.94 v _223668_/Y (NAND3x1_ASAP7_75t_R)
  25.71 6388.65 v place23730/Y (BUFx3_ASAP7_75t_R)
  32.27 6420.92 v _223817_/Y (AO32x1_ASAP7_75t_R)
  22.94 6443.86 v _223977_/Y (XOR2x2_ASAP7_75t_R)
  22.04 6465.90 v _223993_/Y (MAJx2_ASAP7_75t_R)
  39.30 6505.20 v _223994_/Y (OR4x2_ASAP7_75t_R)
  13.94 6519.14 ^ _223995_/Y (AOI21x1_ASAP7_75t_R)
  23.10 6542.24 ^ _224023_/Y (OA31x2_ASAP7_75t_R)
  18.18 6560.42 ^ _224027_/Y (AO21x2_ASAP7_75t_R)
  24.24 6584.66 ^ _224028_/Y (AO211x2_ASAP7_75t_R)
  16.81 6601.47 ^ place23565/Y (BUFx6f_ASAP7_75t_R)
   9.06 6610.53 v _224375_/Y (NAND2x1_ASAP7_75t_R)
  33.83 6644.37 v _224386_/Y (OR5x1_ASAP7_75t_R)
  17.14 6661.51 v _224387_/Y (AND4x1_ASAP7_75t_R)
  44.16 6705.67 v _224397_/Y (OR5x1_ASAP7_75t_R)
  22.25 6727.92 v place23468/Y (BUFx3_ASAP7_75t_R)
  10.24 6738.16 ^ _224398_/Y (AOI211x1_ASAP7_75t_R)
  28.30 6766.46 ^ _224454_/Y (OA21x2_ASAP7_75t_R)
  30.34 6796.79 ^ _224494_/Y (OR3x2_ASAP7_75t_R)
  21.40 6818.19 ^ place23431/Y (BUFx3_ASAP7_75t_R)
  19.94 6838.12 ^ _224898_/Y (OA21x2_ASAP7_75t_R)
  22.56 6860.69 ^ _224899_/Y (AND3x1_ASAP7_75t_R)
  22.55 6883.24 ^ _224900_/Y (XNOR2x2_ASAP7_75t_R)
  21.37 6904.61 ^ _224902_/Y (OA211x2_ASAP7_75t_R)
  23.62 6928.22 ^ _224913_/Y (AND3x1_ASAP7_75t_R)
  23.48 6951.70 ^ _224922_/Y (AND3x1_ASAP7_75t_R)
  25.19 6976.89 ^ _224933_/Y (AND3x1_ASAP7_75t_R)
  19.12 6996.02 ^ place23290/Y (BUFx6f_ASAP7_75t_R)
  30.94 7026.96 ^ place23289/Y (BUFx3_ASAP7_75t_R)
  19.71 7046.66 ^ _225100_/Y (AO21x1_ASAP7_75t_R)
  29.90 7076.56 v _225101_/Y (XNOR2x2_ASAP7_75t_R)
  11.40 7087.96 ^ _225293_/Y (NAND2x1_ASAP7_75t_R)
  30.99 7118.96 ^ _225317_/Y (AND5x1_ASAP7_75t_R)
  28.10 7147.06 ^ _225318_/Y (AND4x1_ASAP7_75t_R)
  36.48 7183.54 ^ _225319_/Y (AND5x1_ASAP7_75t_R)
  17.73 7201.27 ^ _225371_/Y (OR4x2_ASAP7_75t_R)
  16.77 7218.04 ^ _225393_/Y (AO21x1_ASAP7_75t_R)
  29.53 7247.57 ^ place23178/Y (BUFx3_ASAP7_75t_R)
  37.73 7285.29 ^ _225573_/Y (AO211x2_ASAP7_75t_R)
  19.49 7304.79 ^ _225574_/Y (OA31x2_ASAP7_75t_R)
  23.24 7328.02 ^ _225585_/Y (OA31x2_ASAP7_75t_R)
  18.00 7346.02 ^ _225597_/Y (OR3x1_ASAP7_75t_R)
  25.88 7371.90 ^ _225616_/Y (AO211x2_ASAP7_75t_R)
  26.10 7397.99 ^ _225664_/Y (AO211x2_ASAP7_75t_R)
  23.95 7421.94 ^ _225676_/Y (AND3x1_ASAP7_75t_R)
  27.71 7449.65 ^ _225721_/Y (OA211x2_ASAP7_75t_R)
  31.24 7480.89 ^ _225732_/Y (AO221x1_ASAP7_75t_R)
  30.11 7511.00 v _225983_/Y (XNOR2x2_ASAP7_75t_R)
  41.29 7552.29 v _225996_/Y (OR5x1_ASAP7_75t_R)
  25.29 7577.58 ^ _225997_/Y (AOI211x1_ASAP7_75t_R)
  40.21 7617.78 ^ _225998_/Y (AND4x2_ASAP7_75t_R)
  15.06 7632.85 v _226127_/Y (OAI21x1_ASAP7_75t_R)
  23.71 7656.56 v _226147_/Y (AND3x1_ASAP7_75t_R)
  26.74 7683.30 v place22877/Y (BUFx3_ASAP7_75t_R)
  28.56 7711.86 v _226283_/Y (OR3x1_ASAP7_75t_R)
  19.74 7731.60 v _226345_/Y (AO21x1_ASAP7_75t_R)
  18.15 7749.75 v _226349_/Y (AND2x2_ASAP7_75t_R)
  20.83 7770.59 v _226351_/Y (OR3x1_ASAP7_75t_R)
  16.86 7787.45 v _226353_/Y (AND4x1_ASAP7_75t_R)
  27.94 7815.39 ^ _226637_/Y (AOI221x1_ASAP7_75t_R)
  28.07 7843.45 ^ place22754/Y (BUFx3_ASAP7_75t_R)
  24.02 7867.48 ^ _226639_/Y (OA21x2_ASAP7_75t_R)
  20.84 7888.32 ^ _226653_/Y (OA21x2_ASAP7_75t_R)
  20.50 7908.82 ^ _226654_/Y (MAJx2_ASAP7_75t_R)
  18.99 7927.81 ^ _226655_/Y (MAJx2_ASAP7_75t_R)
  26.89 7954.70 v _226656_/Y (XNOR2x2_ASAP7_75t_R)
  22.19 7976.89 v _226657_/Y (AO21x1_ASAP7_75t_R)
  24.53 8001.41 ^ _226660_/Y (NAND3x1_ASAP7_75t_R)
  32.37 8033.79 ^ _226751_/Y (AO221x1_ASAP7_75t_R)
  13.43 8047.22 v _226798_/Y (AOI21x1_ASAP7_75t_R)
  38.64 8085.87 v _227061_/Y (OR4x2_ASAP7_75t_R)
  20.06 8105.93 v place22557/Y (BUFx6f_ASAP7_75t_R)
  26.15 8132.08 v place22554/Y (BUFx6f_ASAP7_75t_R)
  15.23 8147.30 v _227302_/Y (AND3x1_ASAP7_75t_R)
  22.08 8169.38 v _227309_/Y (OA22x2_ASAP7_75t_R)
  15.20 8184.58 v _227329_/Y (AND4x1_ASAP7_75t_R)
  32.89 8217.48 v _227484_/Y (OA211x2_ASAP7_75t_R)
  24.19 8241.66 v _227512_/Y (AND5x2_ASAP7_75t_R)
  28.22 8269.88 v _227530_/Y (OR3x1_ASAP7_75t_R)
  32.68 8302.56 v _227532_/Y (OR3x1_ASAP7_75t_R)
  26.40 8328.96 v place22396/Y (BUFx3_ASAP7_75t_R)
  20.79 8349.76 v place22395/Y (BUFx3_ASAP7_75t_R)
  21.30 8371.06 v _227733_/Y (AND2x2_ASAP7_75t_R)
  19.67 8390.73 v _227734_/Y (XNOR2x2_ASAP7_75t_R)
  24.47 8415.20 v _227763_/Y (AO221x1_ASAP7_75t_R)
  26.71 8441.92 v _227783_/Y (AO32x1_ASAP7_75t_R)
  19.06 8460.98 ^ _227860_/Y (OAI21x1_ASAP7_75t_R)
  19.06 8480.03 ^ place22249/Y (BUFx6f_ASAP7_75t_R)
   7.84 8487.87 v _227861_/Y (NAND2x1_ASAP7_75t_R)
  23.29 8511.16 v _227862_/Y (AND2x2_ASAP7_75t_R)
  20.46 8531.62 v place22223/Y (BUFx3_ASAP7_75t_R)
  37.01 8568.63 v _228259_/Y (OR5x1_ASAP7_75t_R)
  24.78 8593.42 v _228294_/Y (AND5x1_ASAP7_75t_R)
  23.63 8617.05 v _228295_/Y (AO221x1_ASAP7_75t_R)
  28.78 8645.83 v _228296_/Y (AO221x1_ASAP7_75t_R)
  23.44 8669.28 ^ _228325_/Y (NAND2x1_ASAP7_75t_R)
  36.12 8705.40 ^ _228377_/Y (AO221x2_ASAP7_75t_R)
  23.48 8728.87 v _228378_/Y (NAND2x1_ASAP7_75t_R)
  21.80 8750.67 v place22046/Y (BUFx6f_ASAP7_75t_R)
  15.34 8766.02 v place22045/Y (BUFx3_ASAP7_75t_R)
  24.33 8790.34 v _228623_/Y (AO21x1_ASAP7_75t_R)
  20.06 8810.41 v _228624_/Y (AND2x4_ASAP7_75t_R)
  22.30 8832.71 ^ _228937_/Y (XNOR2x2_ASAP7_75t_R)
  25.26 8857.97 ^ _228939_/Y (AND4x1_ASAP7_75t_R)
   9.81 8867.78 v _228940_/Y (NAND2x1_ASAP7_75t_R)
  38.59 8906.36 v _228953_/Y (OR4x1_ASAP7_75t_R)
  23.52 8929.89 v _229055_/Y (OA21x2_ASAP7_75t_R)
  19.63 8949.52 v _229056_/Y (OA21x2_ASAP7_75t_R)
  21.98 8971.50 v place21843/Y (BUFx3_ASAP7_75t_R)
  21.32 8992.82 v place21842/Y (BUFx3_ASAP7_75t_R)
  27.69 9020.50 v _229327_/Y (OR4x1_ASAP7_75t_R)
   8.34 9028.85 ^ _229328_/Y (OAI21x1_ASAP7_75t_R)
  10.79 9039.64 v _229333_/Y (AOI22x1_ASAP7_75t_R)
  30.11 9069.75 ^ _229353_/Y (AOI221x1_ASAP7_75t_R)
  39.81 9109.56 ^ _229638_/Y (AND5x1_ASAP7_75t_R)
  23.05 9132.61 ^ _229640_/Y (AO221x1_ASAP7_75t_R)
  18.12 9150.72 ^ place21684/Y (BUFx6f_ASAP7_75t_R)
  26.72 9177.44 ^ _229740_/Y (OA31x2_ASAP7_75t_R)
  23.79 9201.23 ^ _229741_/Y (XNOR2x2_ASAP7_75t_R)
  24.88 9226.11 v _229742_/Y (XNOR2x2_ASAP7_75t_R)
  28.23 9254.34 v _229743_/Y (AO221x1_ASAP7_75t_R)
  25.69 9280.03 ^ _229749_/Y (AOI211x1_ASAP7_75t_R)
  17.42 9297.45 v _229763_/Y (NOR2x2_ASAP7_75t_R)
  23.50 9320.94 ^ _230125_/Y (AOI211x1_ASAP7_75t_R)
  35.15 9356.10 ^ _230181_/Y (OA21x2_ASAP7_75t_R)
  29.06 9385.16 ^ _230419_/Y (OA21x2_ASAP7_75t_R)
  26.80 9411.96 v _230420_/Y (XNOR2x2_ASAP7_75t_R)
  20.59 9432.55 ^ _230421_/Y (XNOR2x2_ASAP7_75t_R)
  33.20 9465.75 ^ _230422_/Y (AND5x1_ASAP7_75t_R)
  36.61 9502.36 ^ _230446_/Y (AND5x1_ASAP7_75t_R)
  19.22 9521.58 ^ _230513_/Y (AO31x2_ASAP7_75t_R)
  18.91 9540.49 v _230514_/Y (AOI221x1_ASAP7_75t_R)
  13.14 9553.62 ^ _230515_/Y (OAI21x1_ASAP7_75t_R)
  18.11 9571.73 ^ place21065/Y (BUFx6f_ASAP7_75t_R)
  20.70 9592.43 ^ place21062/Y (BUFx6f_ASAP7_75t_R)
  24.09 9616.52 ^ _230817_/Y (AND2x2_ASAP7_75t_R)
  22.87 9639.39 ^ _230818_/Y (XNOR2x2_ASAP7_75t_R)
  26.37 9665.76 v _230819_/Y (XNOR2x2_ASAP7_75t_R)
  18.67 9684.43 v _230872_/Y (OR2x2_ASAP7_75t_R)
  24.96 9709.39 v _230897_/Y (OA33x2_ASAP7_75t_R)
  14.09 9723.48 v _230898_/Y (OA21x2_ASAP7_75t_R)
  31.91 9755.39 v _230906_/Y (OA211x2_ASAP7_75t_R)
  14.92 9770.30 ^ _230918_/Y (OAI21x1_ASAP7_75t_R)
  28.29 9798.60 ^ _230936_/Y (AO21x2_ASAP7_75t_R)
  27.78 9826.38 ^ place20920/Y (BUFx3_ASAP7_75t_R)
  26.68 9853.06 ^ _230992_/Y (AND3x2_ASAP7_75t_R)
  27.70 9880.76 v _231175_/Y (XNOR2x2_ASAP7_75t_R)
  21.05 9901.81 ^ _231176_/Y (XNOR2x2_ASAP7_75t_R)
  30.20 9932.01 ^ _231180_/Y (AND4x1_ASAP7_75t_R)
   9.20 9941.21 v _231314_/Y (NAND3x1_ASAP7_75t_R)
  38.39 9979.59 v _231315_/Y (OR5x1_ASAP7_75t_R)
  26.97 10006.56 v _231371_/Y (AND5x2_ASAP7_75t_R)
  24.26 10030.82 ^ _231376_/Y (NAND2x1p5_ASAP7_75t_R)
  22.71 10053.53 ^ place20787/Y (BUFx6f_ASAP7_75t_R)
  17.49 10071.02 ^ _231559_/Y (AND2x2_ASAP7_75t_R)
  31.16 10102.19 v _231560_/Y (XNOR2x2_ASAP7_75t_R)
  13.09 10115.27 ^ _231561_/Y (NAND2x1_ASAP7_75t_R)
  31.86 10147.13 ^ _231575_/Y (AND5x2_ASAP7_75t_R)
  26.94 10174.07 ^ _231624_/Y (AND5x1_ASAP7_75t_R)
  25.61 10199.68 ^ _231625_/Y (OA211x2_ASAP7_75t_R)
  17.32 10217.00 ^ _231626_/Y (AND2x4_ASAP7_75t_R)
  26.23 10243.23 ^ _231767_/Y (AO211x2_ASAP7_75t_R)
  21.11 10264.34 ^ place20675/Y (BUFx6f_ASAP7_75t_R)
  21.03 10285.37 ^ _231908_/Y (AND2x2_ASAP7_75t_R)
  19.64 10305.02 v _231909_/Y (XOR2x2_ASAP7_75t_R)
  24.34 10329.36 v _231919_/Y (AO221x1_ASAP7_75t_R)
  28.15 10357.51 v _231938_/Y (OR5x1_ASAP7_75t_R)
  22.79 10380.30 v _231957_/Y (AO32x1_ASAP7_75t_R)
  24.61 10404.91 v _232004_/Y (OA221x2_ASAP7_75t_R)
  36.17 10441.08 v _232005_/Y (OR4x1_ASAP7_75t_R)
  30.54 10471.62 ^ _232006_/Y (NAND3x2_ASAP7_75t_R)
  32.90 10504.52 ^ _232185_/Y (AO22x1_ASAP7_75t_R)
  16.77 10521.29 ^ _232187_/Y (AO21x1_ASAP7_75t_R)
  24.18 10545.47 v _232190_/Y (AOI21x1_ASAP7_75t_R)
  31.91 10577.37 v _232248_/Y (OR3x1_ASAP7_75t_R)
  23.89 10601.26 v _232279_/Y (AO21x1_ASAP7_75t_R)
  29.13 10630.39 v _232503_/Y (AO22x2_ASAP7_75t_R)
  26.85 10657.23 ^ _232540_/Y (XNOR2x2_ASAP7_75t_R)
  22.11 10679.35 ^ _232542_/Y (AND3x2_ASAP7_75t_R)
  19.75 10699.10 ^ _232543_/Y (OR3x2_ASAP7_75t_R)
  17.79 10716.89 ^ place20232/Y (BUFx3_ASAP7_75t_R)
  17.03 10733.92 ^ _232615_/Y (AO31x2_ASAP7_75t_R)
  32.25 10766.17 ^ _232625_/Y (OA222x2_ASAP7_75t_R)
  21.07 10787.24 ^ _232638_/Y (MAJx2_ASAP7_75t_R)
  23.73 10810.97 ^ _232640_/Y (AO221x2_ASAP7_75t_R)
  14.66 10825.62 ^ place19938/Y (BUFx3_ASAP7_75t_R)
  22.91 10848.53 ^ _232669_/Y (AO31x2_ASAP7_75t_R)
  21.11 10869.64 v _232670_/Y (OAI21x1_ASAP7_75t_R)
  28.40 10898.05 v place19853/Y (BUFx3_ASAP7_75t_R)
  28.27 10926.32 v _233618_/Y (AO21x1_ASAP7_75t_R)
  31.54 10957.86 v _233619_/Y (OA211x2_ASAP7_75t_R)
  33.94 10991.80 v _233626_/Y (OR4x1_ASAP7_75t_R)
  27.61 11019.40 v _233632_/Y (OA211x2_ASAP7_75t_R)
  21.90 11041.31 v _233633_/Y (OA22x2_ASAP7_75t_R)
  22.25 11063.55 v _233721_/Y (AND5x2_ASAP7_75t_R)
  21.18 11084.73 v _233967_/Y (AND3x4_ASAP7_75t_R)
  22.92 11107.65 v _235036_/Y (AND5x2_ASAP7_75t_R)
  19.43 11127.08 v _235186_/Y (AND4x1_ASAP7_75t_R)
  16.80 11143.88 v _235297_/Y (AND3x2_ASAP7_75t_R)
  44.36 11188.25 v _235300_/Y (OR5x2_ASAP7_75t_R)
  24.88 11213.12 v place19574/Y (BUFx3_ASAP7_75t_R)
   7.50 11220.62 ^ _276097_/Y (INVx1_ASAP7_75t_R)
  29.56 11250.19 ^ _276098_/Y (AO32x2_ASAP7_75t_R)
  21.64 11271.83 v _279914_/Y (AOI21x1_ASAP7_75t_R)
  63.81 11335.64 ^ _280017_/Y (OAI21x1_ASAP7_75t_R)
  50.67 11386.31 v _326596_/Y (AOI22x1_ASAP7_75t_R)
  23.53 11409.84 v place19240/Y (BUFx6f_ASAP7_75t_R)
  20.37 11430.21 v place19238/Y (BUFx6f_ASAP7_75t_R)
  45.05 11475.26 v _334388_/Y (OA21x2_ASAP7_75t_R)
   8.07 11483.33 ^ _334389_/Y (NOR2x1_ASAP7_75t_R)
   0.12 11483.45 ^ _395836_/D (DFFHQNx1_ASAP7_75t_R)
        11483.45   data arrival time

12000.00 12000.00   clock core_clk (rise edge)
   0.00 12000.00   clock source latency
   0.00 12000.00 ^ clk (in)
  45.24 12045.24 ^ wire32813/Y (BUFx12f_ASAP7_75t_R)
  51.74 12096.99 ^ clkbuf_0_clk/Y (BUFx24_ASAP7_75t_R)
  27.57 12124.55 ^ clkbuf_1_1_0_clk/Y (BUFx24_ASAP7_75t_R)
  22.94 12147.50 ^ clkbuf_2_3_0_clk/Y (BUFx24_ASAP7_75t_R)
  30.79 12178.29 ^ clkbuf_3_7_0_clk/Y (BUFx24_ASAP7_75t_R)
  26.19 12204.48 ^ clkbuf_4_14_0_clk/Y (BUFx24_ASAP7_75t_R)
  26.10 12230.58 ^ clkbuf_6_58_0_clk/Y (BUFx24_ASAP7_75t_R)
  21.09 12251.67 ^ clkbuf_7_116__f_clk/Y (BUFx24_ASAP7_75t_R)
  23.01 12274.67 ^ clkbuf_leaf_591_clk/Y (BUFx24_ASAP7_75t_R)
   1.96 12276.63 ^ _395836_/CLK (DFFHQNx1_ASAP7_75t_R)
 -50.00 12226.63   clock uncertainty
   4.46 12231.09   clock reconvergence pessimism
 -10.99 12220.11   library setup time
        12220.11   data required time
---------------------------------------------------------
        12220.11   data required time
        -11483.45   data arrival time
---------------------------------------------------------
         736.65   slack (MET)


Startpoint: _386358_ (rising edge-triggered flip-flop clocked by core_clk)
Endpoint: _395836_ (rising edge-triggered flip-flop clocked by core_clk)
Path Group: reg2reg
Path Type: max

  Delay    Time   Description
---------------------------------------------------------
   0.00    0.00   clock core_clk (rise edge)
   0.00    0.00   clock source latency
   0.00    0.00 ^ clk (in)
  46.36   46.36 ^ wire32813/Y (BUFx12f_ASAP7_75t_R)
  53.38   99.75 ^ clkbuf_0_clk/Y (BUFx24_ASAP7_75t_R)
  28.51  128.26 ^ clkbuf_1_1_0_clk/Y (BUFx24_ASAP7_75t_R)
  23.70  151.96 ^ clkbuf_2_3_0_clk/Y (BUFx24_ASAP7_75t_R)
  32.83  184.79 ^ clkbuf_3_6_0_clk/Y (BUFx24_ASAP7_75t_R)
  26.85  211.64 ^ clkbuf_4_12_0_clk/Y (BUFx24_ASAP7_75t_R)
  27.58  239.22 ^ clkbuf_6_48_0_clk/Y (BUFx24_ASAP7_75t_R)
  22.29  261.50 ^ clkbuf_7_96__f_clk/Y (BUFx24_ASAP7_75t_R)
  24.98  286.48 ^ clkbuf_leaf_385_clk/Y (BUFx24_ASAP7_75t_R)
   2.87  289.35 ^ _386358_/CLK (DFFHQNx1_ASAP7_75t_R)
  78.73  368.08 v _386358_/QN (DFFHQNx1_ASAP7_75t_R)
  72.17  440.25 v _210677_/Y (OR4x2_ASAP7_75t_R)
  57.30  497.55 v place32433/Y (BUFx3_ASAP7_75t_R)
  66.16  563.70 v _210741_/Y (AND4x1_ASAP7_75t_R)
  34.66  598.36 v _210744_/Y (OA21x2_ASAP7_75t_R)
  54.90  653.26 v _210745_/Y (AND2x2_ASAP7_75t_R)
 123.11  776.37 v place31673/Y (BUFx3_ASAP7_75t_R)
  84.48  860.85 v _211121_/Y (OR3x2_ASAP7_75t_R)
  63.46  924.30 v _211124_/Y (OR2x2_ASAP7_75t_R)
 184.30 1108.60 v place30877/Y (BUFx3_ASAP7_75t_R)
  36.89 1145.49 v _214083_/Y (OA22x2_ASAP7_75t_R)
  14.64 1160.12 v _214088_/Y (AND4x1_ASAP7_75t_R)
  41.58 1201.70 ^ _214089_/Y (NAND3x1_ASAP7_75t_R)
  38.34 1240.04 v _214126_/Y (AOI221x1_ASAP7_75t_R)
  42.21 1282.25 v _214127_/Y (AND5x1_ASAP7_75t_R)
  29.72 1311.97 v _214553_/Y (AND4x1_ASAP7_75t_R)
  18.77 1330.74 v place29280/Y (BUFx3_ASAP7_75t_R)
  24.65 1355.40 ^ _214554_/Y (NAND3x1_ASAP7_75t_R)
  27.93 1383.33 ^ _217167_/Y (AND4x1_ASAP7_75t_R)
  27.87 1411.20 ^ _217174_/Y (AO221x1_ASAP7_75t_R)
  21.95 1433.15 ^ _217198_/Y (AO31x2_ASAP7_75t_R)
  20.25 1453.40 ^ place27934/Y (BUFx3_ASAP7_75t_R)
  10.70 1464.09 v _217278_/Y (OAI21x1_ASAP7_75t_R)
  25.57 1489.67 v _217284_/Y (OA211x2_ASAP7_75t_R)
  40.05 1529.72 v _217285_/Y (OR5x1_ASAP7_75t_R)
  33.32 1563.03 v _217286_/Y (MAJx2_ASAP7_75t_R)
  22.44 1585.48 v _217372_/Y (OA21x2_ASAP7_75t_R)
  24.83 1610.31 v _217375_/Y (OA222x2_ASAP7_75t_R)
  19.50 1629.81 v _217380_/Y (AND5x2_ASAP7_75t_R)
  30.66 1660.47 v _217382_/Y (OR3x2_ASAP7_75t_R)
  16.39 1676.87 ^ _217409_/Y (AOI21x1_ASAP7_75t_R)
  18.55 1695.42 ^ place26693/Y (BUFx3_ASAP7_75t_R)
   8.11 1703.53 v _217416_/Y (AOI211x1_ASAP7_75t_R)
  25.15 1728.67 ^ _217417_/Y (AOI221x1_ASAP7_75t_R)
  16.16 1744.84 v _217423_/Y (INVx1_ASAP7_75t_R)
  19.75 1764.59 v _217485_/Y (AO21x1_ASAP7_75t_R)
  32.05 1796.64 v _217488_/Y (AO21x1_ASAP7_75t_R)
  32.36 1829.00 v _217532_/Y (OA211x2_ASAP7_75t_R)
  21.82 1850.82 v _217533_/Y (XOR2x2_ASAP7_75t_R)
  21.19 1872.02 v _217545_/Y (MAJx2_ASAP7_75t_R)
  24.09 1896.11 v _217561_/Y (AO32x1_ASAP7_75t_R)
  24.73 1920.85 v _217562_/Y (MAJx2_ASAP7_75t_R)
  24.59 1945.43 v _217577_/Y (OA21x2_ASAP7_75t_R)
  16.90 1962.33 v place26187/Y (BUFx3_ASAP7_75t_R)
   8.47 1970.80 ^ _217612_/Y (NOR2x1_ASAP7_75t_R)
  27.24 1998.03 ^ _217613_/Y (XNOR2x2_ASAP7_75t_R)
  12.03 2010.07 v _217620_/Y (NOR2x1_ASAP7_75t_R)
  18.03 2028.09 ^ _217622_/Y (AOI22x1_ASAP7_75t_R)
  14.20 2042.29 v _217623_/Y (AOI21x1_ASAP7_75t_R)
  26.81 2069.11 v _217624_/Y (MAJx2_ASAP7_75t_R)
  28.30 2097.41 v _217669_/Y (AO32x1_ASAP7_75t_R)
  24.62 2122.03 v _217723_/Y (OR3x1_ASAP7_75t_R)
  26.03 2148.07 v _217732_/Y (AO221x1_ASAP7_75t_R)
  13.78 2161.85 ^ _217733_/Y (NAND3x1_ASAP7_75t_R)
  26.69 2188.54 ^ _217734_/Y (MAJx2_ASAP7_75t_R)
  21.78 2210.32 ^ _217735_/Y (MAJx2_ASAP7_75t_R)
  23.07 2233.39 ^ _217740_/Y (MAJx2_ASAP7_75t_R)
  25.63 2259.02 ^ _217741_/Y (AO221x1_ASAP7_75t_R)
  27.32 2286.34 ^ _217755_/Y (AO31x2_ASAP7_75t_R)
  23.88 2310.22 ^ _217807_/Y (AND3x1_ASAP7_75t_R)
  27.67 2337.89 v _217808_/Y (XNOR2x2_ASAP7_75t_R)
  18.85 2356.74 v _217809_/Y (OR2x2_ASAP7_75t_R)
  17.53 2374.28 v _217817_/Y (AO211x2_ASAP7_75t_R)
  30.10 2404.38 v _217818_/Y (AO32x2_ASAP7_75t_R)
  22.30 2426.68 v _217848_/Y (AO31x2_ASAP7_75t_R)
  28.77 2455.44 ^ _217853_/Y (AOI22x1_ASAP7_75t_R)
  21.88 2477.33 ^ _217888_/Y (AND2x2_ASAP7_75t_R)
  26.93 2504.26 v _217889_/Y (XNOR2x2_ASAP7_75t_R)
  21.61 2525.87 v _217890_/Y (OR2x2_ASAP7_75t_R)
  21.01 2546.88 v _217897_/Y (AO21x1_ASAP7_75t_R)
  16.97 2563.85 v _217898_/Y (AND2x2_ASAP7_75t_R)
  21.77 2585.62 v _217959_/Y (OA211x2_ASAP7_75t_R)
  19.67 2605.30 v _217960_/Y (OA21x2_ASAP7_75t_R)
  25.79 2631.08 v _218017_/Y (OA211x2_ASAP7_75t_R)
  21.46 2652.55 v _218018_/Y (XOR2x2_ASAP7_75t_R)
  27.77 2680.32 v _218038_/Y (OR4x1_ASAP7_75t_R)
  25.54 2705.86 v _218040_/Y (AO221x1_ASAP7_75t_R)
  33.42 2739.28 v _218043_/Y (AO33x2_ASAP7_75t_R)
  21.51 2760.79 v _218044_/Y (MAJx2_ASAP7_75t_R)
  27.13 2787.92 v _218049_/Y (MAJx3_ASAP7_75t_R)
  26.90 2814.82 v _218087_/Y (OA21x2_ASAP7_75t_R)
  16.18 2831.00 v _218091_/Y (AND2x4_ASAP7_75t_R)
  16.33 2847.33 v _218092_/Y (OA21x2_ASAP7_75t_R)
  25.31 2872.64 v _218093_/Y (OA222x2_ASAP7_75t_R)
  23.48 2896.12 v _218106_/Y (MAJx2_ASAP7_75t_R)
  29.73 2925.85 v _218130_/Y (AO32x2_ASAP7_75t_R)
  22.65 2948.50 v _218150_/Y (OA21x2_ASAP7_75t_R)
  28.49 2976.99 v _218190_/Y (OA211x2_ASAP7_75t_R)
  24.86 3001.85 v _218211_/Y (OA31x2_ASAP7_75t_R)
  27.47 3029.33 v _218260_/Y (AO32x1_ASAP7_75t_R)
  29.59 3058.92 v _218261_/Y (OR3x1_ASAP7_75t_R)
  24.00 3082.93 v _218270_/Y (OA22x2_ASAP7_75t_R)
  27.43 3110.35 v _218271_/Y (AO22x2_ASAP7_75t_R)
  30.15 3140.50 v _218276_/Y (AO22x2_ASAP7_75t_R)
  25.72 3166.22 v _218298_/Y (AO21x2_ASAP7_75t_R)
  16.65 3182.86 v place25618/Y (BUFx3_ASAP7_75t_R)
  15.38 3198.24 v _218449_/Y (AO21x1_ASAP7_75t_R)
   9.59 3207.83 ^ _218451_/Y (NAND2x1_ASAP7_75t_R)
  26.58 3234.41 ^ _218457_/Y (AO221x1_ASAP7_75t_R)
  24.62 3259.03 ^ _218458_/Y (AO32x1_ASAP7_75t_R)
  23.32 3282.35 ^ _218461_/Y (OA31x2_ASAP7_75t_R)
  28.12 3310.47 ^ _218493_/Y (OA21x2_ASAP7_75t_R)
  20.67 3331.14 v _218574_/Y (AOI21x1_ASAP7_75t_R)
  22.37 3353.51 v _218632_/Y (OA21x2_ASAP7_75t_R)
  26.08 3379.59 v _218633_/Y (OR4x1_ASAP7_75t_R)
  31.56 3411.15 v _218634_/Y (OA211x2_ASAP7_75t_R)
  27.87 3439.02 v _218635_/Y (MAJx2_ASAP7_75t_R)
  36.50 3475.52 v _218642_/Y (OR5x1_ASAP7_75t_R)
  11.72 3487.23 ^ _218643_/Y (OAI21x1_ASAP7_75t_R)
  15.75 3502.99 v _218664_/Y (OAI21x1_ASAP7_75t_R)
  20.23 3523.21 ^ _218760_/Y (AOI211x1_ASAP7_75t_R)
  27.31 3550.52 ^ _218763_/Y (OR2x2_ASAP7_75t_R)
  17.02 3567.55 ^ place25429/Y (BUFx6f_ASAP7_75t_R)
  13.87 3581.42 ^ place25427/Y (BUFx3_ASAP7_75t_R)
  18.86 3600.27 ^ _218821_/Y (OA21x2_ASAP7_75t_R)
  27.59 3627.86 v _218822_/Y (XNOR2x2_ASAP7_75t_R)
  16.50 3644.36 v _218823_/Y (AND2x2_ASAP7_75t_R)
  22.67 3667.03 v _218824_/Y (MAJx2_ASAP7_75t_R)
  23.76 3690.79 v _218825_/Y (MAJx2_ASAP7_75t_R)
  19.55 3710.34 ^ _218826_/Y (AOI221x1_ASAP7_75t_R)
  15.68 3726.03 v _218981_/Y (OAI21x1_ASAP7_75t_R)
  19.58 3745.61 v place25318/Y (BUFx6f_ASAP7_75t_R)
  26.00 3771.61 ^ _218987_/Y (NOR2x1_ASAP7_75t_R)
  26.36 3797.97 ^ _218995_/Y (OA22x2_ASAP7_75t_R)
  16.88 3814.85 ^ _219001_/Y (AO31x2_ASAP7_75t_R)
  35.48 3850.33 ^ _219008_/Y (AO221x1_ASAP7_75t_R)
  31.33 3881.67 ^ _219217_/Y (AO211x2_ASAP7_75t_R)
  28.93 3910.60 ^ _219222_/Y (AND5x2_ASAP7_75t_R)
  38.18 3948.78 ^ _219231_/Y (OA31x2_ASAP7_75t_R)
  23.43 3972.21 ^ place25226/Y (BUFx6f_ASAP7_75t_R)
  16.81 3989.02 ^ _219398_/Y (AND2x4_ASAP7_75t_R)
  25.68 4014.70 v _219399_/Y (XNOR2x2_ASAP7_75t_R)
  22.75 4037.45 v _219451_/Y (AO32x1_ASAP7_75t_R)
  18.59 4056.04 v _219459_/Y (OA21x2_ASAP7_75t_R)
  33.16 4089.20 v _219485_/Y (OA221x2_ASAP7_75t_R)
  18.78 4107.99 v place25136/Y (BUFx6f_ASAP7_75t_R)
  14.01 4121.99 ^ _219494_/Y (AOI21x1_ASAP7_75t_R)
  25.52 4147.51 ^ _219611_/Y (AND4x1_ASAP7_75t_R)
  22.18 4169.69 v _219612_/Y (AOI221x1_ASAP7_75t_R)
  18.86 4188.55 ^ _219633_/Y (AOI22x1_ASAP7_75t_R)
  28.58 4217.13 ^ _219634_/Y (OA31x2_ASAP7_75t_R)
  24.23 4241.36 ^ _219653_/Y (AO221x1_ASAP7_75t_R)
  28.26 4269.62 ^ _219666_/Y (AO31x2_ASAP7_75t_R)
  29.11 4298.74 ^ _219763_/Y (AO21x1_ASAP7_75t_R)
  17.66 4316.40 ^ place25012/Y (BUFx6f_ASAP7_75t_R)
  23.60 4339.99 ^ _220048_/Y (AO31x2_ASAP7_75t_R)
  20.05 4360.04 ^ _220050_/Y (AND2x2_ASAP7_75t_R)
  29.07 4389.11 v _220051_/Y (XNOR2x2_ASAP7_75t_R)
  18.96 4408.07 v _220065_/Y (OA31x2_ASAP7_75t_R)
  35.45 4443.52 v _220113_/Y (OR5x1_ASAP7_75t_R)
  22.72 4466.24 v _220143_/Y (AO211x2_ASAP7_75t_R)
  19.49 4485.73 v _220166_/Y (AO31x2_ASAP7_75t_R)
  30.48 4516.21 ^ _220179_/Y (AOI21x1_ASAP7_75t_R)
  24.05 4540.26 ^ place24895/Y (BUFx6f_ASAP7_75t_R)
  16.95 4557.22 ^ _220392_/Y (OA21x2_ASAP7_75t_R)
  27.86 4585.08 ^ _220393_/Y (AO22x1_ASAP7_75t_R)
  21.01 4606.09 ^ _220394_/Y (OR2x2_ASAP7_75t_R)
  17.94 4624.03 ^ _220395_/Y (AO211x2_ASAP7_75t_R)
  11.10 4635.14 v _220397_/Y (AOI22x1_ASAP7_75t_R)
  40.25 4675.38 v _220465_/Y (OR3x2_ASAP7_75t_R)
  29.50 4704.89 v _220567_/Y (AO21x1_ASAP7_75t_R)
  29.10 4733.99 v _220642_/Y (OA211x2_ASAP7_75t_R)
  23.82 4757.81 v _220643_/Y (XOR2x2_ASAP7_75t_R)
  22.52 4780.32 v _220786_/Y (AO22x2_ASAP7_75t_R)
  29.95 4810.27 v _220802_/Y (OR4x1_ASAP7_75t_R)
  34.92 4845.19 v _220811_/Y (AO32x1_ASAP7_75t_R)
  23.17 4868.36 v place24708/Y (BUFx3_ASAP7_75t_R)
  27.19 4895.55 v _220958_/Y (AO221x1_ASAP7_75t_R)
  29.28 4924.83 v _220959_/Y (OA211x2_ASAP7_75t_R)
  25.77 4950.60 v _221039_/Y (OA211x2_ASAP7_75t_R)
  23.26 4973.86 v _221040_/Y (XNOR2x2_ASAP7_75t_R)
  28.48 5002.33 v _221138_/Y (OA221x2_ASAP7_75t_R)
  27.81 5030.14 v _221139_/Y (OA211x2_ASAP7_75t_R)
  18.14 5048.28 v _221142_/Y (OA21x2_ASAP7_75t_R)
  19.05 5067.33 v _221143_/Y (OA21x2_ASAP7_75t_R)
  20.53 5087.86 v _221176_/Y (OA21x2_ASAP7_75t_R)
  26.41 5114.27 v _221217_/Y (AO21x2_ASAP7_75t_R)
  23.48 5137.75 v _221338_/Y (AND2x2_ASAP7_75t_R)
  24.63 5162.38 v _221339_/Y (XOR2x2_ASAP7_75t_R)
  25.50 5187.88 v _221375_/Y (OA211x2_ASAP7_75t_R)
  23.13 5211.01 ^ _221376_/Y (AOI211x1_ASAP7_75t_R)
  34.01 5245.02 ^ _221592_/Y (AO211x2_ASAP7_75t_R)
  22.74 5267.77 ^ _221600_/Y (AO31x2_ASAP7_75t_R)
  33.20 5300.97 ^ _221602_/Y (AND5x2_ASAP7_75t_R)
  18.34 5319.30 ^ place24445/Y (BUFx3_ASAP7_75t_R)
  18.45 5337.75 ^ _221804_/Y (OA31x2_ASAP7_75t_R)
  30.50 5368.25 v _221805_/Y (XNOR2x2_ASAP7_75t_R)
  21.55 5389.80 v _221841_/Y (OR2x2_ASAP7_75t_R)
  21.05 5410.85 v _221842_/Y (MAJx2_ASAP7_75t_R)
  22.37 5433.22 v _221846_/Y (MAJx2_ASAP7_75t_R)
  21.24 5454.46 v _221882_/Y (AND5x1_ASAP7_75t_R)
  22.01 5476.48 ^ _221926_/Y (OAI21x1_ASAP7_75t_R)
  22.89 5499.37 ^ place24326/Y (BUFx3_ASAP7_75t_R)
  20.13 5519.50 v _222073_/Y (AOI211x1_ASAP7_75t_R)
  23.73 5543.23 v _222155_/Y (OA21x2_ASAP7_75t_R)
  26.49 5569.73 ^ _222156_/Y (XOR2x2_ASAP7_75t_R)
  20.86 5590.59 ^ place24271/Y (BUFx3_ASAP7_75t_R)
  14.54 5605.13 v _222157_/Y (INVx1_ASAP7_75t_R)
  24.51 5629.64 v _222163_/Y (MAJx2_ASAP7_75t_R)
  14.56 5644.20 ^ _222164_/Y (AOI21x1_ASAP7_75t_R)
  22.53 5666.73 v _222322_/Y (NOR2x1_ASAP7_75t_R)
  29.06 5695.79 v _222326_/Y (AO22x2_ASAP7_75t_R)
  38.00 5733.79 v _222333_/Y (AO221x2_ASAP7_75t_R)
  22.34 5756.13 v place24142/Y (BUFx6f_ASAP7_75t_R)
  18.29 5774.42 v _222673_/Y (AO21x1_ASAP7_75t_R)
  20.52 5794.94 v _222675_/Y (AO22x2_ASAP7_75t_R)
  18.78 5813.72 v place24098/Y (BUFx3_ASAP7_75t_R)
  23.76 5837.47 v _222776_/Y (MAJx2_ASAP7_75t_R)
  15.23 5852.70 v _222872_/Y (OA21x2_ASAP7_75t_R)
  27.16 5879.86 v _222915_/Y (OR4x1_ASAP7_75t_R)
  32.98 5912.84 v _222917_/Y (OA211x2_ASAP7_75t_R)
  32.44 5945.28 v _222939_/Y (AO221x1_ASAP7_75t_R)
  28.98 5974.26 v _222940_/Y (AO211x2_ASAP7_75t_R)
  22.37 5996.64 v place23985/Y (BUFx6f_ASAP7_75t_R)
  15.90 6012.54 ^ _223249_/Y (NAND3x1_ASAP7_75t_R)
  20.47 6033.01 ^ _223250_/Y (AND3x1_ASAP7_75t_R)
  20.05 6053.07 ^ _223252_/Y (OA211x2_ASAP7_75t_R)
  20.56 6073.63 ^ _223253_/Y (AND3x1_ASAP7_75t_R)
  31.59 6105.22 ^ _223254_/Y (AND5x1_ASAP7_75t_R)
  30.44 6135.66 ^ _223255_/Y (AND5x1_ASAP7_75t_R)
  16.83 6152.49 ^ _223256_/Y (OR4x2_ASAP7_75t_R)
  20.81 6173.30 ^ place23853/Y (BUFx3_ASAP7_75t_R)
  19.61 6192.91 v _223257_/Y (NOR2x2_ASAP7_75t_R)
  16.90 6209.81 v place23846/Y (BUFx6f_ASAP7_75t_R)
  27.25 6237.06 v _223374_/Y (OR4x1_ASAP7_75t_R)
  19.72 6256.78 v _223375_/Y (AND4x1_ASAP7_75t_R)
  23.41 6280.19 ^ _223376_/Y (XNOR2x2_ASAP7_75t_R)
  17.46 6297.65 ^ _223377_/Y (AND2x2_ASAP7_75t_R)
  35.53 6333.18 ^ _223439_/Y (AND5x1_ASAP7_75t_R)
  16.52 6349.70 ^ place23753/Y (BUFx6f_ASAP7_75t_R)
  13.24 6362.94 v _223668_/Y (NAND3x1_ASAP7_75t_R)
  25.71 6388.65 v place23730/Y (BUFx3_ASAP7_75t_R)
  32.27 6420.92 v _223817_/Y (AO32x1_ASAP7_75t_R)
  22.94 6443.86 v _223977_/Y (XOR2x2_ASAP7_75t_R)
  22.04 6465.90 v _223993_/Y (MAJx2_ASAP7_75t_R)
  39.30 6505.20 v _223994_/Y (OR4x2_ASAP7_75t_R)
  13.94 6519.14 ^ _223995_/Y (AOI21x1_ASAP7_75t_R)
  23.10 6542.24 ^ _224023_/Y (OA31x2_ASAP7_75t_R)
  18.18 6560.42 ^ _224027_/Y (AO21x2_ASAP7_75t_R)
  24.24 6584.66 ^ _224028_/Y (AO211x2_ASAP7_75t_R)
  16.81 6601.47 ^ place23565/Y (BUFx6f_ASAP7_75t_R)
   9.06 6610.53 v _224375_/Y (NAND2x1_ASAP7_75t_R)
  33.83 6644.37 v _224386_/Y (OR5x1_ASAP7_75t_R)
  17.14 6661.51 v _224387_/Y (AND4x1_ASAP7_75t_R)
  44.16 6705.67 v _224397_/Y (OR5x1_ASAP7_75t_R)
  22.25 6727.92 v place23468/Y (BUFx3_ASAP7_75t_R)
  10.24 6738.16 ^ _224398_/Y (AOI211x1_ASAP7_75t_R)
  28.30 6766.46 ^ _224454_/Y (OA21x2_ASAP7_75t_R)
  30.34 6796.79 ^ _224494_/Y (OR3x2_ASAP7_75t_R)
  21.40 6818.19 ^ place23431/Y (BUFx3_ASAP7_75t_R)
  19.94 6838.12 ^ _224898_/Y (OA21x2_ASAP7_75t_R)
  22.56 6860.69 ^ _224899_/Y (AND3x1_ASAP7_75t_R)
  22.55 6883.24 ^ _224900_/Y (XNOR2x2_ASAP7_75t_R)
  21.37 6904.61 ^ _224902_/Y (OA211x2_ASAP7_75t_R)
  23.62 6928.22 ^ _224913_/Y (AND3x1_ASAP7_75t_R)
  23.48 6951.70 ^ _224922_/Y (AND3x1_ASAP7_75t_R)
  25.19 6976.89 ^ _224933_/Y (AND3x1_ASAP7_75t_R)
  19.12 6996.02 ^ place23290/Y (BUFx6f_ASAP7_75t_R)
  30.94 7026.96 ^ place23289/Y (BUFx3_ASAP7_75t_R)
  19.71 7046.66 ^ _225100_/Y (AO21x1_ASAP7_75t_R)
  29.90 7076.56 v _225101_/Y (XNOR2x2_ASAP7_75t_R)
  11.40 7087.96 ^ _225293_/Y (NAND2x1_ASAP7_75t_R)
  30.99 7118.96 ^ _225317_/Y (AND5x1_ASAP7_75t_R)
  28.10 7147.06 ^ _225318_/Y (AND4x1_ASAP7_75t_R)
  36.48 7183.54 ^ _225319_/Y (AND5x1_ASAP7_75t_R)
  17.73 7201.27 ^ _225371_/Y (OR4x2_ASAP7_75t_R)
  16.77 7218.04 ^ _225393_/Y (AO21x1_ASAP7_75t_R)
  29.53 7247.57 ^ place23178/Y (BUFx3_ASAP7_75t_R)
  37.73 7285.29 ^ _225573_/Y (AO211x2_ASAP7_75t_R)
  19.49 7304.79 ^ _225574_/Y (OA31x2_ASAP7_75t_R)
  23.24 7328.02 ^ _225585_/Y (OA31x2_ASAP7_75t_R)
  18.00 7346.02 ^ _225597_/Y (OR3x1_ASAP7_75t_R)
  25.88 7371.90 ^ _225616_/Y (AO211x2_ASAP7_75t_R)
  26.10 7397.99 ^ _225664_/Y (AO211x2_ASAP7_75t_R)
  23.95 7421.94 ^ _225676_/Y (AND3x1_ASAP7_75t_R)
  27.71 7449.65 ^ _225721_/Y (OA211x2_ASAP7_75t_R)
  31.24 7480.89 ^ _225732_/Y (AO221x1_ASAP7_75t_R)
  30.11 7511.00 v _225983_/Y (XNOR2x2_ASAP7_75t_R)
  41.29 7552.29 v _225996_/Y (OR5x1_ASAP7_75t_R)
  25.29 7577.58 ^ _225997_/Y (AOI211x1_ASAP7_75t_R)
  40.21 7617.78 ^ _225998_/Y (AND4x2_ASAP7_75t_R)
  15.06 7632.85 v _226127_/Y (OAI21x1_ASAP7_75t_R)
  23.71 7656.56 v _226147_/Y (AND3x1_ASAP7_75t_R)
  26.74 7683.30 v place22877/Y (BUFx3_ASAP7_75t_R)
  28.56 7711.86 v _226283_/Y (OR3x1_ASAP7_75t_R)
  19.74 7731.60 v _226345_/Y (AO21x1_ASAP7_75t_R)
  18.15 7749.75 v _226349_/Y (AND2x2_ASAP7_75t_R)
  20.83 7770.59 v _226351_/Y (OR3x1_ASAP7_75t_R)
  16.86 7787.45 v _226353_/Y (AND4x1_ASAP7_75t_R)
  27.94 7815.39 ^ _226637_/Y (AOI221x1_ASAP7_75t_R)
  28.07 7843.45 ^ place22754/Y (BUFx3_ASAP7_75t_R)
  24.02 7867.48 ^ _226639_/Y (OA21x2_ASAP7_75t_R)
  20.84 7888.32 ^ _226653_/Y (OA21x2_ASAP7_75t_R)
  20.50 7908.82 ^ _226654_/Y (MAJx2_ASAP7_75t_R)
  18.99 7927.81 ^ _226655_/Y (MAJx2_ASAP7_75t_R)
  26.89 7954.70 v _226656_/Y (XNOR2x2_ASAP7_75t_R)
  22.19 7976.89 v _226657_/Y (AO21x1_ASAP7_75t_R)
  24.53 8001.41 ^ _226660_/Y (NAND3x1_ASAP7_75t_R)
  32.37 8033.79 ^ _226751_/Y (AO221x1_ASAP7_75t_R)
  13.43 8047.22 v _226798_/Y (AOI21x1_ASAP7_75t_R)
  38.64 8085.87 v _227061_/Y (OR4x2_ASAP7_75t_R)
  20.06 8105.93 v place22557/Y (BUFx6f_ASAP7_75t_R)
  26.15 8132.08 v place22554/Y (BUFx6f_ASAP7_75t_R)
  15.23 8147.30 v _227302_/Y (AND3x1_ASAP7_75t_R)
  22.08 8169.38 v _227309_/Y (OA22x2_ASAP7_75t_R)
  15.20 8184.58 v _227329_/Y (AND4x1_ASAP7_75t_R)
  32.89 8217.48 v _227484_/Y (OA211x2_ASAP7_75t_R)
  24.19 8241.66 v _227512_/Y (AND5x2_ASAP7_75t_R)
  28.22 8269.88 v _227530_/Y (OR3x1_ASAP7_75t_R)
  32.68 8302.56 v _227532_/Y (OR3x1_ASAP7_75t_R)
  26.40 8328.96 v place22396/Y (BUFx3_ASAP7_75t_R)
  20.79 8349.76 v place22395/Y (BUFx3_ASAP7_75t_R)
  21.30 8371.06 v _227733_/Y (AND2x2_ASAP7_75t_R)
  19.67 8390.73 v _227734_/Y (XNOR2x2_ASAP7_75t_R)
  24.47 8415.20 v _227763_/Y (AO221x1_ASAP7_75t_R)
  26.71 8441.92 v _227783_/Y (AO32x1_ASAP7_75t_R)
  19.06 8460.98 ^ _227860_/Y (OAI21x1_ASAP7_75t_R)
  19.06 8480.03 ^ place22249/Y (BUFx6f_ASAP7_75t_R)
   7.84 8487.87 v _227861_/Y (NAND2x1_ASAP7_75t_R)
  23.29 8511.16 v _227862_/Y (AND2x2_ASAP7_75t_R)
  20.46 8531.62 v place22223/Y (BUFx3_ASAP7_75t_R)
  37.01 8568.63 v _228259_/Y (OR5x1_ASAP7_75t_R)
  24.78 8593.42 v _228294_/Y (AND5x1_ASAP7_75t_R)
  23.63 8617.05 v _228295_/Y (AO221x1_ASAP7_75t_R)
  28.78 8645.83 v _228296_/Y (AO221x1_ASAP7_75t_R)
  23.44 8669.28 ^ _228325_/Y (NAND2x1_ASAP7_75t_R)
  36.12 8705.40 ^ _228377_/Y (AO221x2_ASAP7_75t_R)
  23.48 8728.87 v _228378_/Y (NAND2x1_ASAP7_75t_R)
  21.80 8750.67 v place22046/Y (BUFx6f_ASAP7_75t_R)
  15.34 8766.02 v place22045/Y (BUFx3_ASAP7_75t_R)
  24.33 8790.34 v _228623_/Y (AO21x1_ASAP7_75t_R)
  20.06 8810.41 v _228624_/Y (AND2x4_ASAP7_75t_R)
  22.30 8832.71 ^ _228937_/Y (XNOR2x2_ASAP7_75t_R)
  25.26 8857.97 ^ _228939_/Y (AND4x1_ASAP7_75t_R)
   9.81 8867.78 v _228940_/Y (NAND2x1_ASAP7_75t_R)
  38.59 8906.36 v _228953_/Y (OR4x1_ASAP7_75t_R)
  23.52 8929.89 v _229055_/Y (OA21x2_ASAP7_75t_R)
  19.63 8949.52 v _229056_/Y (OA21x2_ASAP7_75t_R)
  21.98 8971.50 v place21843/Y (BUFx3_ASAP7_75t_R)
  21.32 8992.82 v place21842/Y (BUFx3_ASAP7_75t_R)
  27.69 9020.50 v _229327_/Y (OR4x1_ASAP7_75t_R)
   8.34 9028.85 ^ _229328_/Y (OAI21x1_ASAP7_75t_R)
  10.79 9039.64 v _229333_/Y (AOI22x1_ASAP7_75t_R)
  30.11 9069.75 ^ _229353_/Y (AOI221x1_ASAP7_75t_R)
  39.81 9109.56 ^ _229638_/Y (AND5x1_ASAP7_75t_R)
  23.05 9132.61 ^ _229640_/Y (AO221x1_ASAP7_75t_R)
  18.12 9150.72 ^ place21684/Y (BUFx6f_ASAP7_75t_R)
  26.72 9177.44 ^ _229740_/Y (OA31x2_ASAP7_75t_R)
  23.79 9201.23 ^ _229741_/Y (XNOR2x2_ASAP7_75t_R)
  24.88 9226.11 v _229742_/Y (XNOR2x2_ASAP7_75t_R)
  28.23 9254.34 v _229743_/Y (AO221x1_ASAP7_75t_R)
  25.69 9280.03 ^ _229749_/Y (AOI211x1_ASAP7_75t_R)
  17.42 9297.45 v _229763_/Y (NOR2x2_ASAP7_75t_R)
  23.50 9320.94 ^ _230125_/Y (AOI211x1_ASAP7_75t_R)
  35.15 9356.10 ^ _230181_/Y (OA21x2_ASAP7_75t_R)
  29.06 9385.16 ^ _230419_/Y (OA21x2_ASAP7_75t_R)
  26.80 9411.96 v _230420_/Y (XNOR2x2_ASAP7_75t_R)
  20.59 9432.55 ^ _230421_/Y (XNOR2x2_ASAP7_75t_R)
  33.20 9465.75 ^ _230422_/Y (AND5x1_ASAP7_75t_R)
  36.61 9502.36 ^ _230446_/Y (AND5x1_ASAP7_75t_R)
  19.22 9521.58 ^ _230513_/Y (AO31x2_ASAP7_75t_R)
  18.91 9540.49 v _230514_/Y (AOI221x1_ASAP7_75t_R)
  13.14 9553.62 ^ _230515_/Y (OAI21x1_ASAP7_75t_R)
  18.11 9571.73 ^ place21065/Y (BUFx6f_ASAP7_75t_R)
  20.70 9592.43 ^ place21062/Y (BUFx6f_ASAP7_75t_R)
  24.09 9616.52 ^ _230817_/Y (AND2x2_ASAP7_75t_R)
  22.87 9639.39 ^ _230818_/Y (XNOR2x2_ASAP7_75t_R)
  26.37 9665.76 v _230819_/Y (XNOR2x2_ASAP7_75t_R)
  18.67 9684.43 v _230872_/Y (OR2x2_ASAP7_75t_R)
  24.96 9709.39 v _230897_/Y (OA33x2_ASAP7_75t_R)
  14.09 9723.48 v _230898_/Y (OA21x2_ASAP7_75t_R)
  31.91 9755.39 v _230906_/Y (OA211x2_ASAP7_75t_R)
  14.92 9770.30 ^ _230918_/Y (OAI21x1_ASAP7_75t_R)
  28.29 9798.60 ^ _230936_/Y (AO21x2_ASAP7_75t_R)
  27.78 9826.38 ^ place20920/Y (BUFx3_ASAP7_75t_R)
  26.68 9853.06 ^ _230992_/Y (AND3x2_ASAP7_75t_R)
  27.70 9880.76 v _231175_/Y (XNOR2x2_ASAP7_75t_R)
  21.05 9901.81 ^ _231176_/Y (XNOR2x2_ASAP7_75t_R)
  30.20 9932.01 ^ _231180_/Y (AND4x1_ASAP7_75t_R)
   9.20 9941.21 v _231314_/Y (NAND3x1_ASAP7_75t_R)
  38.39 9979.59 v _231315_/Y (OR5x1_ASAP7_75t_R)
  26.97 10006.56 v _231371_/Y (AND5x2_ASAP7_75t_R)
  24.26 10030.82 ^ _231376_/Y (NAND2x1p5_ASAP7_75t_R)
  22.71 10053.53 ^ place20787/Y (BUFx6f_ASAP7_75t_R)
  17.49 10071.02 ^ _231559_/Y (AND2x2_ASAP7_75t_R)
  31.16 10102.19 v _231560_/Y (XNOR2x2_ASAP7_75t_R)
  13.09 10115.27 ^ _231561_/Y (NAND2x1_ASAP7_75t_R)
  31.86 10147.13 ^ _231575_/Y (AND5x2_ASAP7_75t_R)
  26.94 10174.07 ^ _231624_/Y (AND5x1_ASAP7_75t_R)
  25.61 10199.68 ^ _231625_/Y (OA211x2_ASAP7_75t_R)
  17.32 10217.00 ^ _231626_/Y (AND2x4_ASAP7_75t_R)
  26.23 10243.23 ^ _231767_/Y (AO211x2_ASAP7_75t_R)
  21.11 10264.34 ^ place20675/Y (BUFx6f_ASAP7_75t_R)
  21.03 10285.37 ^ _231908_/Y (AND2x2_ASAP7_75t_R)
  19.64 10305.02 v _231909_/Y (XOR2x2_ASAP7_75t_R)
  24.34 10329.36 v _231919_/Y (AO221x1_ASAP7_75t_R)
  28.15 10357.51 v _231938_/Y (OR5x1_ASAP7_75t_R)
  22.79 10380.30 v _231957_/Y (AO32x1_ASAP7_75t_R)
  24.61 10404.91 v _232004_/Y (OA221x2_ASAP7_75t_R)
  36.17 10441.08 v _232005_/Y (OR4x1_ASAP7_75t_R)
  30.54 10471.62 ^ _232006_/Y (NAND3x2_ASAP7_75t_R)
  32.90 10504.52 ^ _232185_/Y (AO22x1_ASAP7_75t_R)
  16.77 10521.29 ^ _232187_/Y (AO21x1_ASAP7_75t_R)
  24.18 10545.47 v _232190_/Y (AOI21x1_ASAP7_75t_R)
  31.91 10577.37 v _232248_/Y (OR3x1_ASAP7_75t_R)
  23.89 10601.26 v _232279_/Y (AO21x1_ASAP7_75t_R)
  29.13 10630.39 v _232503_/Y (AO22x2_ASAP7_75t_R)
  26.85 10657.23 ^ _232540_/Y (XNOR2x2_ASAP7_75t_R)
  22.11 10679.35 ^ _232542_/Y (AND3x2_ASAP7_75t_R)
  19.75 10699.10 ^ _232543_/Y (OR3x2_ASAP7_75t_R)
  17.79 10716.89 ^ place20232/Y (BUFx3_ASAP7_75t_R)
  17.03 10733.92 ^ _232615_/Y (AO31x2_ASAP7_75t_R)
  32.25 10766.17 ^ _232625_/Y (OA222x2_ASAP7_75t_R)
  21.07 10787.24 ^ _232638_/Y (MAJx2_ASAP7_75t_R)
  23.73 10810.97 ^ _232640_/Y (AO221x2_ASAP7_75t_R)
  14.66 10825.62 ^ place19938/Y (BUFx3_ASAP7_75t_R)
  22.91 10848.53 ^ _232669_/Y (AO31x2_ASAP7_75t_R)
  21.11 10869.64 v _232670_/Y (OAI21x1_ASAP7_75t_R)
  28.40 10898.05 v place19853/Y (BUFx3_ASAP7_75t_R)
  28.27 10926.32 v _233618_/Y (AO21x1_ASAP7_75t_R)
  31.54 10957.86 v _233619_/Y (OA211x2_ASAP7_75t_R)
  33.94 10991.80 v _233626_/Y (OR4x1_ASAP7_75t_R)
  27.61 11019.40 v _233632_/Y (OA211x2_ASAP7_75t_R)
  21.90 11041.31 v _233633_/Y (OA22x2_ASAP7_75t_R)
  22.25 11063.55 v _233721_/Y (AND5x2_ASAP7_75t_R)
  21.18 11084.73 v _233967_/Y (AND3x4_ASAP7_75t_R)
  22.92 11107.65 v _235036_/Y (AND5x2_ASAP7_75t_R)
  19.43 11127.08 v _235186_/Y (AND4x1_ASAP7_75t_R)
  16.80 11143.88 v _235297_/Y (AND3x2_ASAP7_75t_R)
  44.36 11188.25 v _235300_/Y (OR5x2_ASAP7_75t_R)
  24.88 11213.12 v place19574/Y (BUFx3_ASAP7_75t_R)
   7.50 11220.62 ^ _276097_/Y (INVx1_ASAP7_75t_R)
  29.56 11250.19 ^ _276098_/Y (AO32x2_ASAP7_75t_R)
  21.64 11271.83 v _279914_/Y (AOI21x1_ASAP7_75t_R)
  63.81 11335.64 ^ _280017_/Y (OAI21x1_ASAP7_75t_R)
  50.67 11386.31 v _326596_/Y (AOI22x1_ASAP7_75t_R)
  23.53 11409.84 v place19240/Y (BUFx6f_ASAP7_75t_R)
  20.37 11430.21 v place19238/Y (BUFx6f_ASAP7_75t_R)
  45.05 11475.26 v _334388_/Y (OA21x2_ASAP7_75t_R)
   8.07 11483.33 ^ _334389_/Y (NOR2x1_ASAP7_75t_R)
   0.12 11483.45 ^ _395836_/D (DFFHQNx1_ASAP7_75t_R)
        11483.45   data arrival time

12000.00 12000.00   clock core_clk (rise edge)
   0.00 12000.00   clock source latency
   0.00 12000.00 ^ clk (in)
  45.24 12045.24 ^ wire32813/Y (BUFx12f_ASAP7_75t_R)
  51.74 12096.99 ^ clkbuf_0_clk/Y (BUFx24_ASAP7_75t_R)
  27.57 12124.55 ^ clkbuf_1_1_0_clk/Y (BUFx24_ASAP7_75t_R)
  22.94 12147.50 ^ clkbuf_2_3_0_clk/Y (BUFx24_ASAP7_75t_R)
  30.79 12178.29 ^ clkbuf_3_7_0_clk/Y (BUFx24_ASAP7_75t_R)
  26.19 12204.48 ^ clkbuf_4_14_0_clk/Y (BUFx24_ASAP7_75t_R)
  26.10 12230.58 ^ clkbuf_6_58_0_clk/Y (BUFx24_ASAP7_75t_R)
  21.09 12251.67 ^ clkbuf_7_116__f_clk/Y (BUFx24_ASAP7_75t_R)
  23.01 12274.67 ^ clkbuf_leaf_591_clk/Y (BUFx24_ASAP7_75t_R)
   1.96 12276.63 ^ _395836_/CLK (DFFHQNx1_ASAP7_75t_R)
 -50.00 12226.63   clock uncertainty
   4.46 12231.09   clock reconvergence pessimism
 -10.99 12220.11   library setup time
        12220.11   data required time
---------------------------------------------------------
        12220.11   data required time
        -11483.45   data arrival time
---------------------------------------------------------
         736.65   slack (MET)


Startpoint: _386358_ (rising edge-triggered flip-flop clocked by core_clk)
Endpoint: _395836_ (rising edge-triggered flip-flop clocked by core_clk)
Path Group: reg2reg
Path Type: max

  Delay    Time   Description
---------------------------------------------------------
   0.00    0.00   clock core_clk (rise edge)
   0.00    0.00   clock source latency
   0.00    0.00 ^ clk (in)
  46.36   46.36 ^ wire32813/Y (BUFx12f_ASAP7_75t_R)
  53.38   99.75 ^ clkbuf_0_clk/Y (BUFx24_ASAP7_75t_R)
  28.51  128.26 ^ clkbuf_1_1_0_clk/Y (BUFx24_ASAP7_75t_R)
  23.70  151.96 ^ clkbuf_2_3_0_clk/Y (BUFx24_ASAP7_75t_R)
  32.83  184.79 ^ clkbuf_3_6_0_clk/Y (BUFx24_ASAP7_75t_R)
  26.85  211.64 ^ clkbuf_4_12_0_clk/Y (BUFx24_ASAP7_75t_R)
  27.58  239.22 ^ clkbuf_6_48_0_clk/Y (BUFx24_ASAP7_75t_R)
  22.29  261.50 ^ clkbuf_7_96__f_clk/Y (BUFx24_ASAP7_75t_R)
  24.98  286.48 ^ clkbuf_leaf_385_clk/Y (BUFx24_ASAP7_75t_R)
   2.87  289.35 ^ _386358_/CLK (DFFHQNx1_ASAP7_75t_R)
  78.73  368.08 v _386358_/QN (DFFHQNx1_ASAP7_75t_R)
  72.17  440.25 v _210677_/Y (OR4x2_ASAP7_75t_R)
  57.30  497.55 v place32433/Y (BUFx3_ASAP7_75t_R)
  66.16  563.70 v _210741_/Y (AND4x1_ASAP7_75t_R)
  34.66  598.36 v _210744_/Y (OA21x2_ASAP7_75t_R)
  54.90  653.26 v _210745_/Y (AND2x2_ASAP7_75t_R)
 123.11  776.37 v place31673/Y (BUFx3_ASAP7_75t_R)
  84.48  860.85 v _211121_/Y (OR3x2_ASAP7_75t_R)
  63.46  924.30 v _211124_/Y (OR2x2_ASAP7_75t_R)
 184.30 1108.60 v place30877/Y (BUFx3_ASAP7_75t_R)
  36.89 1145.49 v _214083_/Y (OA22x2_ASAP7_75t_R)
  14.64 1160.12 v _214088_/Y (AND4x1_ASAP7_75t_R)
  41.58 1201.70 ^ _214089_/Y (NAND3x1_ASAP7_75t_R)
  38.34 1240.04 v _214126_/Y (AOI221x1_ASAP7_75t_R)
  42.21 1282.25 v _214127_/Y (AND5x1_ASAP7_75t_R)
  29.72 1311.97 v _214553_/Y (AND4x1_ASAP7_75t_R)
  18.77 1330.74 v place29280/Y (BUFx3_ASAP7_75t_R)
  24.65 1355.40 ^ _214554_/Y (NAND3x1_ASAP7_75t_R)
  27.93 1383.33 ^ _217167_/Y (AND4x1_ASAP7_75t_R)
  27.87 1411.20 ^ _217174_/Y (AO221x1_ASAP7_75t_R)
  21.95 1433.15 ^ _217198_/Y (AO31x2_ASAP7_75t_R)
  20.25 1453.40 ^ place27934/Y (BUFx3_ASAP7_75t_R)
  10.70 1464.09 v _217278_/Y (OAI21x1_ASAP7_75t_R)
  25.57 1489.67 v _217284_/Y (OA211x2_ASAP7_75t_R)
  40.05 1529.72 v _217285_/Y (OR5x1_ASAP7_75t_R)
  33.32 1563.03 v _217286_/Y (MAJx2_ASAP7_75t_R)
  22.44 1585.48 v _217372_/Y (OA21x2_ASAP7_75t_R)
  24.83 1610.31 v _217375_/Y (OA222x2_ASAP7_75t_R)
  19.50 1629.81 v _217380_/Y (AND5x2_ASAP7_75t_R)
  30.66 1660.47 v _217382_/Y (OR3x2_ASAP7_75t_R)
  16.39 1676.87 ^ _217409_/Y (AOI21x1_ASAP7_75t_R)
  18.55 1695.42 ^ place26693/Y (BUFx3_ASAP7_75t_R)
   8.11 1703.53 v _217416_/Y (AOI211x1_ASAP7_75t_R)
  25.15 1728.67 ^ _217417_/Y (AOI221x1_ASAP7_75t_R)
  16.16 1744.84 v _217423_/Y (INVx1_ASAP7_75t_R)
  19.75 1764.59 v _217485_/Y (AO21x1_ASAP7_75t_R)
  32.05 1796.64 v _217488_/Y (AO21x1_ASAP7_75t_R)
  32.36 1829.00 v _217532_/Y (OA211x2_ASAP7_75t_R)
  21.82 1850.82 v _217533_/Y (XOR2x2_ASAP7_75t_R)
  21.19 1872.02 v _217545_/Y (MAJx2_ASAP7_75t_R)
  24.09 1896.11 v _217561_/Y (AO32x1_ASAP7_75t_R)
  24.73 1920.85 v _217562_/Y (MAJx2_ASAP7_75t_R)
  24.59 1945.43 v _217577_/Y (OA21x2_ASAP7_75t_R)
  16.90 1962.33 v place26187/Y (BUFx3_ASAP7_75t_R)
   8.47 1970.80 ^ _217612_/Y (NOR2x1_ASAP7_75t_R)
  27.24 1998.03 ^ _217613_/Y (XNOR2x2_ASAP7_75t_R)
  12.03 2010.07 v _217620_/Y (NOR2x1_ASAP7_75t_R)
  18.03 2028.09 ^ _217622_/Y (AOI22x1_ASAP7_75t_R)
  14.20 2042.29 v _217623_/Y (AOI21x1_ASAP7_75t_R)
  26.81 2069.11 v _217624_/Y (MAJx2_ASAP7_75t_R)
  28.30 2097.41 v _217669_/Y (AO32x1_ASAP7_75t_R)
  24.62 2122.03 v _217723_/Y (OR3x1_ASAP7_75t_R)
  26.03 2148.07 v _217732_/Y (AO221x1_ASAP7_75t_R)
  13.78 2161.85 ^ _217733_/Y (NAND3x1_ASAP7_75t_R)
  26.69 2188.54 ^ _217734_/Y (MAJx2_ASAP7_75t_R)
  21.78 2210.32 ^ _217735_/Y (MAJx2_ASAP7_75t_R)
  23.07 2233.39 ^ _217740_/Y (MAJx2_ASAP7_75t_R)
  25.63 2259.02 ^ _217741_/Y (AO221x1_ASAP7_75t_R)
  27.32 2286.34 ^ _217755_/Y (AO31x2_ASAP7_75t_R)
  23.88 2310.22 ^ _217807_/Y (AND3x1_ASAP7_75t_R)
  27.67 2337.89 v _217808_/Y (XNOR2x2_ASAP7_75t_R)
  18.85 2356.74 v _217809_/Y (OR2x2_ASAP7_75t_R)
  17.53 2374.28 v _217817_/Y (AO211x2_ASAP7_75t_R)
  30.10 2404.38 v _217818_/Y (AO32x2_ASAP7_75t_R)
  22.30 2426.68 v _217848_/Y (AO31x2_ASAP7_75t_R)
  28.77 2455.44 ^ _217853_/Y (AOI22x1_ASAP7_75t_R)
  21.88 2477.33 ^ _217888_/Y (AND2x2_ASAP7_75t_R)
  26.93 2504.26 v _217889_/Y (XNOR2x2_ASAP7_75t_R)
  21.61 2525.87 v _217890_/Y (OR2x2_ASAP7_75t_R)
  21.01 2546.88 v _217897_/Y (AO21x1_ASAP7_75t_R)
  16.97 2563.85 v _217898_/Y (AND2x2_ASAP7_75t_R)
  21.77 2585.62 v _217959_/Y (OA211x2_ASAP7_75t_R)
  19.67 2605.30 v _217960_/Y (OA21x2_ASAP7_75t_R)
  25.79 2631.08 v _218017_/Y (OA211x2_ASAP7_75t_R)
  21.46 2652.55 v _218018_/Y (XOR2x2_ASAP7_75t_R)
  27.77 2680.32 v _218038_/Y (OR4x1_ASAP7_75t_R)
  25.54 2705.86 v _218040_/Y (AO221x1_ASAP7_75t_R)
  33.42 2739.28 v _218043_/Y (AO33x2_ASAP7_75t_R)
  21.51 2760.79 v _218044_/Y (MAJx2_ASAP7_75t_R)
  27.13 2787.92 v _218049_/Y (MAJx3_ASAP7_75t_R)
  26.90 2814.82 v _218087_/Y (OA21x2_ASAP7_75t_R)
  16.18 2831.00 v _218091_/Y (AND2x4_ASAP7_75t_R)
  16.33 2847.33 v _218092_/Y (OA21x2_ASAP7_75t_R)
  25.31 2872.64 v _218093_/Y (OA222x2_ASAP7_75t_R)
  23.48 2896.12 v _218106_/Y (MAJx2_ASAP7_75t_R)
  29.73 2925.85 v _218130_/Y (AO32x2_ASAP7_75t_R)
  22.65 2948.50 v _218150_/Y (OA21x2_ASAP7_75t_R)
  28.49 2976.99 v _218190_/Y (OA211x2_ASAP7_75t_R)
  24.86 3001.85 v _218211_/Y (OA31x2_ASAP7_75t_R)
  27.47 3029.33 v _218260_/Y (AO32x1_ASAP7_75t_R)
  29.59 3058.92 v _218261_/Y (OR3x1_ASAP7_75t_R)
  24.00 3082.93 v _218270_/Y (OA22x2_ASAP7_75t_R)
  27.43 3110.35 v _218271_/Y (AO22x2_ASAP7_75t_R)
  30.15 3140.50 v _218276_/Y (AO22x2_ASAP7_75t_R)
  25.72 3166.22 v _218298_/Y (AO21x2_ASAP7_75t_R)
  16.65 3182.86 v place25618/Y (BUFx3_ASAP7_75t_R)
  15.38 3198.24 v _218449_/Y (AO21x1_ASAP7_75t_R)
   9.59 3207.83 ^ _218451_/Y (NAND2x1_ASAP7_75t_R)
  26.58 3234.41 ^ _218457_/Y (AO221x1_ASAP7_75t_R)
  24.62 3259.03 ^ _218458_/Y (AO32x1_ASAP7_75t_R)
  23.32 3282.35 ^ _218461_/Y (OA31x2_ASAP7_75t_R)
  28.12 3310.47 ^ _218493_/Y (OA21x2_ASAP7_75t_R)
  20.67 3331.14 v _218574_/Y (AOI21x1_ASAP7_75t_R)
  22.37 3353.51 v _218632_/Y (OA21x2_ASAP7_75t_R)
  26.08 3379.59 v _218633_/Y (OR4x1_ASAP7_75t_R)
  31.56 3411.15 v _218634_/Y (OA211x2_ASAP7_75t_R)
  27.87 3439.02 v _218635_/Y (MAJx2_ASAP7_75t_R)
  36.50 3475.52 v _218642_/Y (OR5x1_ASAP7_75t_R)
  11.72 3487.23 ^ _218643_/Y (OAI21x1_ASAP7_75t_R)
  15.75 3502.99 v _218664_/Y (OAI21x1_ASAP7_75t_R)
  20.23 3523.21 ^ _218760_/Y (AOI211x1_ASAP7_75t_R)
  27.31 3550.52 ^ _218763_/Y (OR2x2_ASAP7_75t_R)
  17.02 3567.55 ^ place25429/Y (BUFx6f_ASAP7_75t_R)
  13.87 3581.42 ^ place25427/Y (BUFx3_ASAP7_75t_R)
  18.86 3600.27 ^ _218821_/Y (OA21x2_ASAP7_75t_R)
  27.59 3627.86 v _218822_/Y (XNOR2x2_ASAP7_75t_R)
  16.50 3644.36 v _218823_/Y (AND2x2_ASAP7_75t_R)
  22.67 3667.03 v _218824_/Y (MAJx2_ASAP7_75t_R)
  23.76 3690.79 v _218825_/Y (MAJx2_ASAP7_75t_R)
  19.55 3710.34 ^ _218826_/Y (AOI221x1_ASAP7_75t_R)
  15.68 3726.03 v _218981_/Y (OAI21x1_ASAP7_75t_R)
  19.58 3745.61 v place25318/Y (BUFx6f_ASAP7_75t_R)
  26.00 3771.61 ^ _218987_/Y (NOR2x1_ASAP7_75t_R)
  26.36 3797.97 ^ _218995_/Y (OA22x2_ASAP7_75t_R)
  16.88 3814.85 ^ _219001_/Y (AO31x2_ASAP7_75t_R)
  35.48 3850.33 ^ _219008_/Y (AO221x1_ASAP7_75t_R)
  31.33 3881.67 ^ _219217_/Y (AO211x2_ASAP7_75t_R)
  28.93 3910.60 ^ _219222_/Y (AND5x2_ASAP7_75t_R)
  38.18 3948.78 ^ _219231_/Y (OA31x2_ASAP7_75t_R)
  23.43 3972.21 ^ place25226/Y (BUFx6f_ASAP7_75t_R)
  16.81 3989.02 ^ _219398_/Y (AND2x4_ASAP7_75t_R)
  25.68 4014.70 v _219399_/Y (XNOR2x2_ASAP7_75t_R)
  22.75 4037.45 v _219451_/Y (AO32x1_ASAP7_75t_R)
  18.59 4056.04 v _219459_/Y (OA21x2_ASAP7_75t_R)
  33.16 4089.20 v _219485_/Y (OA221x2_ASAP7_75t_R)
  18.78 4107.99 v place25136/Y (BUFx6f_ASAP7_75t_R)
  14.01 4121.99 ^ _219494_/Y (AOI21x1_ASAP7_75t_R)
  25.52 4147.51 ^ _219611_/Y (AND4x1_ASAP7_75t_R)
  22.18 4169.69 v _219612_/Y (AOI221x1_ASAP7_75t_R)
  18.86 4188.55 ^ _219633_/Y (AOI22x1_ASAP7_75t_R)
  28.58 4217.13 ^ _219634_/Y (OA31x2_ASAP7_75t_R)
  24.23 4241.36 ^ _219653_/Y (AO221x1_ASAP7_75t_R)
  28.26 4269.62 ^ _219666_/Y (AO31x2_ASAP7_75t_R)
  29.11 4298.74 ^ _219763_/Y (AO21x1_ASAP7_75t_R)
  17.66 4316.40 ^ place25012/Y (BUFx6f_ASAP7_75t_R)
  23.60 4339.99 ^ _220048_/Y (AO31x2_ASAP7_75t_R)
  20.05 4360.04 ^ _220050_/Y (AND2x2_ASAP7_75t_R)
  29.07 4389.11 v _220051_/Y (XNOR2x2_ASAP7_75t_R)
  18.96 4408.07 v _220065_/Y (OA31x2_ASAP7_75t_R)
  35.45 4443.52 v _220113_/Y (OR5x1_ASAP7_75t_R)
  22.72 4466.24 v _220143_/Y (AO211x2_ASAP7_75t_R)
  19.49 4485.73 v _220166_/Y (AO31x2_ASAP7_75t_R)
  30.48 4516.21 ^ _220179_/Y (AOI21x1_ASAP7_75t_R)
  24.05 4540.26 ^ place24895/Y (BUFx6f_ASAP7_75t_R)
  16.95 4557.22 ^ _220392_/Y (OA21x2_ASAP7_75t_R)
  27.86 4585.08 ^ _220393_/Y (AO22x1_ASAP7_75t_R)
  21.01 4606.09 ^ _220394_/Y (OR2x2_ASAP7_75t_R)
  17.94 4624.03 ^ _220395_/Y (AO211x2_ASAP7_75t_R)
  11.10 4635.14 v _220397_/Y (AOI22x1_ASAP7_75t_R)
  40.25 4675.38 v _220465_/Y (OR3x2_ASAP7_75t_R)
  29.50 4704.89 v _220567_/Y (AO21x1_ASAP7_75t_R)
  29.10 4733.99 v _220642_/Y (OA211x2_ASAP7_75t_R)
  23.82 4757.81 v _220643_/Y (XOR2x2_ASAP7_75t_R)
  22.52 4780.32 v _220786_/Y (AO22x2_ASAP7_75t_R)
  29.95 4810.27 v _220802_/Y (OR4x1_ASAP7_75t_R)
  34.92 4845.19 v _220811_/Y (AO32x1_ASAP7_75t_R)
  23.17 4868.36 v place24708/Y (BUFx3_ASAP7_75t_R)
  27.19 4895.55 v _220958_/Y (AO221x1_ASAP7_75t_R)
  29.28 4924.83 v _220959_/Y (OA211x2_ASAP7_75t_R)
  25.77 4950.60 v _221039_/Y (OA211x2_ASAP7_75t_R)
  23.26 4973.86 v _221040_/Y (XNOR2x2_ASAP7_75t_R)
  28.48 5002.33 v _221138_/Y (OA221x2_ASAP7_75t_R)
  27.81 5030.14 v _221139_/Y (OA211x2_ASAP7_75t_R)
  18.14 5048.28 v _221142_/Y (OA21x2_ASAP7_75t_R)
  19.05 5067.33 v _221143_/Y (OA21x2_ASAP7_75t_R)
  20.53 5087.86 v _221176_/Y (OA21x2_ASAP7_75t_R)
  26.41 5114.27 v _221217_/Y (AO21x2_ASAP7_75t_R)
  23.48 5137.75 v _221338_/Y (AND2x2_ASAP7_75t_R)
  24.63 5162.38 v _221339_/Y (XOR2x2_ASAP7_75t_R)
  25.50 5187.88 v _221375_/Y (OA211x2_ASAP7_75t_R)
  23.13 5211.01 ^ _221376_/Y (AOI211x1_ASAP7_75t_R)
  34.01 5245.02 ^ _221592_/Y (AO211x2_ASAP7_75t_R)
  22.74 5267.77 ^ _221600_/Y (AO31x2_ASAP7_75t_R)
  33.20 5300.97 ^ _221602_/Y (AND5x2_ASAP7_75t_R)
  18.34 5319.30 ^ place24445/Y (BUFx3_ASAP7_75t_R)
  18.45 5337.75 ^ _221804_/Y (OA31x2_ASAP7_75t_R)
  30.50 5368.25 v _221805_/Y (XNOR2x2_ASAP7_75t_R)
  21.55 5389.80 v _221841_/Y (OR2x2_ASAP7_75t_R)
  21.05 5410.85 v _221842_/Y (MAJx2_ASAP7_75t_R)
  22.37 5433.22 v _221846_/Y (MAJx2_ASAP7_75t_R)
  21.24 5454.46 v _221882_/Y (AND5x1_ASAP7_75t_R)
  22.01 5476.48 ^ _221926_/Y (OAI21x1_ASAP7_75t_R)
  22.89 5499.37 ^ place24326/Y (BUFx3_ASAP7_75t_R)
  20.13 5519.50 v _222073_/Y (AOI211x1_ASAP7_75t_R)
  23.73 5543.23 v _222155_/Y (OA21x2_ASAP7_75t_R)
  26.49 5569.73 ^ _222156_/Y (XOR2x2_ASAP7_75t_R)
  20.86 5590.59 ^ place24271/Y (BUFx3_ASAP7_75t_R)
  14.54 5605.13 v _222157_/Y (INVx1_ASAP7_75t_R)
  24.51 5629.64 v _222163_/Y (MAJx2_ASAP7_75t_R)
  14.56 5644.20 ^ _222164_/Y (AOI21x1_ASAP7_75t_R)
  22.53 5666.73 v _222322_/Y (NOR2x1_ASAP7_75t_R)
  29.06 5695.79 v _222326_/Y (AO22x2_ASAP7_75t_R)
  38.00 5733.79 v _222333_/Y (AO221x2_ASAP7_75t_R)
  22.34 5756.13 v place24142/Y (BUFx6f_ASAP7_75t_R)
  18.29 5774.42 v _222673_/Y (AO21x1_ASAP7_75t_R)
  20.52 5794.94 v _222675_/Y (AO22x2_ASAP7_75t_R)
  18.78 5813.72 v place24098/Y (BUFx3_ASAP7_75t_R)
  23.76 5837.47 v _222776_/Y (MAJx2_ASAP7_75t_R)
  15.23 5852.70 v _222872_/Y (OA21x2_ASAP7_75t_R)
  27.16 5879.86 v _222915_/Y (OR4x1_ASAP7_75t_R)
  32.98 5912.84 v _222917_/Y (OA211x2_ASAP7_75t_R)
  32.44 5945.28 v _222939_/Y (AO221x1_ASAP7_75t_R)
  28.98 5974.26 v _222940_/Y (AO211x2_ASAP7_75t_R)
  22.37 5996.64 v place23985/Y (BUFx6f_ASAP7_75t_R)
  15.90 6012.54 ^ _223249_/Y (NAND3x1_ASAP7_75t_R)
  20.47 6033.01 ^ _223250_/Y (AND3x1_ASAP7_75t_R)
  20.05 6053.07 ^ _223252_/Y (OA211x2_ASAP7_75t_R)
  20.56 6073.63 ^ _223253_/Y (AND3x1_ASAP7_75t_R)
  31.59 6105.22 ^ _223254_/Y (AND5x1_ASAP7_75t_R)
  30.44 6135.66 ^ _223255_/Y (AND5x1_ASAP7_75t_R)
  16.83 6152.49 ^ _223256_/Y (OR4x2_ASAP7_75t_R)
  20.81 6173.30 ^ place23853/Y (BUFx3_ASAP7_75t_R)
  19.61 6192.91 v _223257_/Y (NOR2x2_ASAP7_75t_R)
  16.90 6209.81 v place23846/Y (BUFx6f_ASAP7_75t_R)
  27.25 6237.06 v _223374_/Y (OR4x1_ASAP7_75t_R)
  19.72 6256.78 v _223375_/Y (AND4x1_ASAP7_75t_R)
  23.41 6280.19 ^ _223376_/Y (XNOR2x2_ASAP7_75t_R)
  17.46 6297.65 ^ _223377_/Y (AND2x2_ASAP7_75t_R)
  35.53 6333.18 ^ _223439_/Y (AND5x1_ASAP7_75t_R)
  16.52 6349.70 ^ place23753/Y (BUFx6f_ASAP7_75t_R)
  13.24 6362.94 v _223668_/Y (NAND3x1_ASAP7_75t_R)
  25.71 6388.65 v place23730/Y (BUFx3_ASAP7_75t_R)
  32.27 6420.92 v _223817_/Y (AO32x1_ASAP7_75t_R)
  22.94 6443.86 v _223977_/Y (XOR2x2_ASAP7_75t_R)
  22.04 6465.90 v _223993_/Y (MAJx2_ASAP7_75t_R)
  39.30 6505.20 v _223994_/Y (OR4x2_ASAP7_75t_R)
  13.94 6519.14 ^ _223995_/Y (AOI21x1_ASAP7_75t_R)
  23.10 6542.24 ^ _224023_/Y (OA31x2_ASAP7_75t_R)
  18.18 6560.42 ^ _224027_/Y (AO21x2_ASAP7_75t_R)
  24.24 6584.66 ^ _224028_/Y (AO211x2_ASAP7_75t_R)
  16.81 6601.47 ^ place23565/Y (BUFx6f_ASAP7_75t_R)
   9.06 6610.53 v _224375_/Y (NAND2x1_ASAP7_75t_R)
  33.83 6644.37 v _224386_/Y (OR5x1_ASAP7_75t_R)
  17.14 6661.51 v _224387_/Y (AND4x1_ASAP7_75t_R)
  44.16 6705.67 v _224397_/Y (OR5x1_ASAP7_75t_R)
  22.25 6727.92 v place23468/Y (BUFx3_ASAP7_75t_R)
  10.24 6738.16 ^ _224398_/Y (AOI211x1_ASAP7_75t_R)
  28.30 6766.46 ^ _224454_/Y (OA21x2_ASAP7_75t_R)
  30.34 6796.79 ^ _224494_/Y (OR3x2_ASAP7_75t_R)
  21.40 6818.19 ^ place23431/Y (BUFx3_ASAP7_75t_R)
  19.94 6838.12 ^ _224898_/Y (OA21x2_ASAP7_75t_R)
  22.56 6860.69 ^ _224899_/Y (AND3x1_ASAP7_75t_R)
  22.55 6883.24 ^ _224900_/Y (XNOR2x2_ASAP7_75t_R)
  21.37 6904.61 ^ _224902_/Y (OA211x2_ASAP7_75t_R)
  23.62 6928.22 ^ _224913_/Y (AND3x1_ASAP7_75t_R)
  23.48 6951.70 ^ _224922_/Y (AND3x1_ASAP7_75t_R)
  25.19 6976.89 ^ _224933_/Y (AND3x1_ASAP7_75t_R)
  19.12 6996.02 ^ place23290/Y (BUFx6f_ASAP7_75t_R)
  30.94 7026.96 ^ place23289/Y (BUFx3_ASAP7_75t_R)
  19.71 7046.66 ^ _225100_/Y (AO21x1_ASAP7_75t_R)
  29.90 7076.56 v _225101_/Y (XNOR2x2_ASAP7_75t_R)
  11.40 7087.96 ^ _225293_/Y (NAND2x1_ASAP7_75t_R)
  30.99 7118.96 ^ _225317_/Y (AND5x1_ASAP7_75t_R)
  28.10 7147.06 ^ _225318_/Y (AND4x1_ASAP7_75t_R)
  36.48 7183.54 ^ _225319_/Y (AND5x1_ASAP7_75t_R)
  17.73 7201.27 ^ _225371_/Y (OR4x2_ASAP7_75t_R)
  16.77 7218.04 ^ _225393_/Y (AO21x1_ASAP7_75t_R)
  29.53 7247.57 ^ place23178/Y (BUFx3_ASAP7_75t_R)
  37.73 7285.29 ^ _225573_/Y (AO211x2_ASAP7_75t_R)
  19.49 7304.79 ^ _225574_/Y (OA31x2_ASAP7_75t_R)
  23.24 7328.02 ^ _225585_/Y (OA31x2_ASAP7_75t_R)
  18.00 7346.02 ^ _225597_/Y (OR3x1_ASAP7_75t_R)
  25.88 7371.90 ^ _225616_/Y (AO211x2_ASAP7_75t_R)
  26.10 7397.99 ^ _225664_/Y (AO211x2_ASAP7_75t_R)
  23.95 7421.94 ^ _225676_/Y (AND3x1_ASAP7_75t_R)
  27.71 7449.65 ^ _225721_/Y (OA211x2_ASAP7_75t_R)
  31.24 7480.89 ^ _225732_/Y (AO221x1_ASAP7_75t_R)
  30.11 7511.00 v _225983_/Y (XNOR2x2_ASAP7_75t_R)
  41.29 7552.29 v _225996_/Y (OR5x1_ASAP7_75t_R)
  25.29 7577.58 ^ _225997_/Y (AOI211x1_ASAP7_75t_R)
  40.21 7617.78 ^ _225998_/Y (AND4x2_ASAP7_75t_R)
  15.06 7632.85 v _226127_/Y (OAI21x1_ASAP7_75t_R)
  23.71 7656.56 v _226147_/Y (AND3x1_ASAP7_75t_R)
  26.74 7683.30 v place22877/Y (BUFx3_ASAP7_75t_R)
  28.56 7711.86 v _226283_/Y (OR3x1_ASAP7_75t_R)
  19.74 7731.60 v _226345_/Y (AO21x1_ASAP7_75t_R)
  18.15 7749.75 v _226349_/Y (AND2x2_ASAP7_75t_R)
  20.83 7770.59 v _226351_/Y (OR3x1_ASAP7_75t_R)
  16.86 7787.45 v _226353_/Y (AND4x1_ASAP7_75t_R)
  27.94 7815.39 ^ _226637_/Y (AOI221x1_ASAP7_75t_R)
  28.07 7843.45 ^ place22754/Y (BUFx3_ASAP7_75t_R)
  24.02 7867.48 ^ _226639_/Y (OA21x2_ASAP7_75t_R)
  20.84 7888.32 ^ _226653_/Y (OA21x2_ASAP7_75t_R)
  20.50 7908.82 ^ _226654_/Y (MAJx2_ASAP7_75t_R)
  18.99 7927.81 ^ _226655_/Y (MAJx2_ASAP7_75t_R)
  26.89 7954.70 v _226656_/Y (XNOR2x2_ASAP7_75t_R)
  22.19 7976.89 v _226657_/Y (AO21x1_ASAP7_75t_R)
  24.53 8001.41 ^ _226660_/Y (NAND3x1_ASAP7_75t_R)
  32.37 8033.79 ^ _226751_/Y (AO221x1_ASAP7_75t_R)
  13.43 8047.22 v _226798_/Y (AOI21x1_ASAP7_75t_R)
  38.64 8085.87 v _227061_/Y (OR4x2_ASAP7_75t_R)
  20.06 8105.93 v place22557/Y (BUFx6f_ASAP7_75t_R)
  26.15 8132.08 v place22554/Y (BUFx6f_ASAP7_75t_R)
  15.23 8147.30 v _227302_/Y (AND3x1_ASAP7_75t_R)
  22.08 8169.38 v _227309_/Y (OA22x2_ASAP7_75t_R)
  15.20 8184.58 v _227329_/Y (AND4x1_ASAP7_75t_R)
  32.89 8217.48 v _227484_/Y (OA211x2_ASAP7_75t_R)
  24.19 8241.66 v _227512_/Y (AND5x2_ASAP7_75t_R)
  28.22 8269.88 v _227530_/Y (OR3x1_ASAP7_75t_R)
  32.68 8302.56 v _227532_/Y (OR3x1_ASAP7_75t_R)
  26.40 8328.96 v place22396/Y (BUFx3_ASAP7_75t_R)
  20.79 8349.76 v place22395/Y (BUFx3_ASAP7_75t_R)
  21.30 8371.06 v _227733_/Y (AND2x2_ASAP7_75t_R)
  19.67 8390.73 v _227734_/Y (XNOR2x2_ASAP7_75t_R)
  24.47 8415.20 v _227763_/Y (AO221x1_ASAP7_75t_R)
  26.71 8441.92 v _227783_/Y (AO32x1_ASAP7_75t_R)
  19.06 8460.98 ^ _227860_/Y (OAI21x1_ASAP7_75t_R)
  19.06 8480.03 ^ place22249/Y (BUFx6f_ASAP7_75t_R)
   7.84 8487.87 v _227861_/Y (NAND2x1_ASAP7_75t_R)
  23.29 8511.16 v _227862_/Y (AND2x2_ASAP7_75t_R)
  20.46 8531.62 v place22223/Y (BUFx3_ASAP7_75t_R)
  37.01 8568.63 v _228259_/Y (OR5x1_ASAP7_75t_R)
  24.78 8593.42 v _228294_/Y (AND5x1_ASAP7_75t_R)
  23.63 8617.05 v _228295_/Y (AO221x1_ASAP7_75t_R)
  28.78 8645.83 v _228296_/Y (AO221x1_ASAP7_75t_R)
  23.44 8669.28 ^ _228325_/Y (NAND2x1_ASAP7_75t_R)
  36.12 8705.40 ^ _228377_/Y (AO221x2_ASAP7_75t_R)
  23.48 8728.87 v _228378_/Y (NAND2x1_ASAP7_75t_R)
  21.80 8750.67 v place22046/Y (BUFx6f_ASAP7_75t_R)
  15.34 8766.02 v place22045/Y (BUFx3_ASAP7_75t_R)
  24.33 8790.34 v _228623_/Y (AO21x1_ASAP7_75t_R)
  20.06 8810.41 v _228624_/Y (AND2x4_ASAP7_75t_R)
  22.30 8832.71 ^ _228937_/Y (XNOR2x2_ASAP7_75t_R)
  25.26 8857.97 ^ _228939_/Y (AND4x1_ASAP7_75t_R)
   9.81 8867.78 v _228940_/Y (NAND2x1_ASAP7_75t_R)
  38.59 8906.36 v _228953_/Y (OR4x1_ASAP7_75t_R)
  23.52 8929.89 v _229055_/Y (OA21x2_ASAP7_75t_R)
  19.63 8949.52 v _229056_/Y (OA21x2_ASAP7_75t_R)
  21.98 8971.50 v place21843/Y (BUFx3_ASAP7_75t_R)
  21.32 8992.82 v place21842/Y (BUFx3_ASAP7_75t_R)
  27.69 9020.50 v _229327_/Y (OR4x1_ASAP7_75t_R)
   8.34 9028.85 ^ _229328_/Y (OAI21x1_ASAP7_75t_R)
  10.79 9039.64 v _229333_/Y (AOI22x1_ASAP7_75t_R)
  30.11 9069.75 ^ _229353_/Y (AOI221x1_ASAP7_75t_R)
  39.81 9109.56 ^ _229638_/Y (AND5x1_ASAP7_75t_R)
  23.05 9132.61 ^ _229640_/Y (AO221x1_ASAP7_75t_R)
  18.12 9150.72 ^ place21684/Y (BUFx6f_ASAP7_75t_R)
  26.72 9177.44 ^ _229740_/Y (OA31x2_ASAP7_75t_R)
  23.79 9201.23 ^ _229741_/Y (XNOR2x2_ASAP7_75t_R)
  24.88 9226.11 v _229742_/Y (XNOR2x2_ASAP7_75t_R)
  28.23 9254.34 v _229743_/Y (AO221x1_ASAP7_75t_R)
  25.69 9280.03 ^ _229749_/Y (AOI211x1_ASAP7_75t_R)
  17.42 9297.45 v _229763_/Y (NOR2x2_ASAP7_75t_R)
  23.50 9320.94 ^ _230125_/Y (AOI211x1_ASAP7_75t_R)
  35.15 9356.10 ^ _230181_/Y (OA21x2_ASAP7_75t_R)
  29.06 9385.16 ^ _230419_/Y (OA21x2_ASAP7_75t_R)
  26.80 9411.96 v _230420_/Y (XNOR2x2_ASAP7_75t_R)
  20.59 9432.55 ^ _230421_/Y (XNOR2x2_ASAP7_75t_R)
  33.20 9465.75 ^ _230422_/Y (AND5x1_ASAP7_75t_R)
  36.61 9502.36 ^ _230446_/Y (AND5x1_ASAP7_75t_R)
  19.22 9521.58 ^ _230513_/Y (AO31x2_ASAP7_75t_R)
  18.91 9540.49 v _230514_/Y (AOI221x1_ASAP7_75t_R)
  13.14 9553.62 ^ _230515_/Y (OAI21x1_ASAP7_75t_R)
  18.11 9571.73 ^ place21065/Y (BUFx6f_ASAP7_75t_R)
  20.70 9592.43 ^ place21062/Y (BUFx6f_ASAP7_75t_R)
  24.09 9616.52 ^ _230817_/Y (AND2x2_ASAP7_75t_R)
  22.87 9639.39 ^ _230818_/Y (XNOR2x2_ASAP7_75t_R)
  26.37 9665.76 v _230819_/Y (XNOR2x2_ASAP7_75t_R)
  18.67 9684.43 v _230872_/Y (OR2x2_ASAP7_75t_R)
  24.96 9709.39 v _230897_/Y (OA33x2_ASAP7_75t_R)
  14.09 9723.48 v _230898_/Y (OA21x2_ASAP7_75t_R)
  31.91 9755.39 v _230906_/Y (OA211x2_ASAP7_75t_R)
  14.92 9770.30 ^ _230918_/Y (OAI21x1_ASAP7_75t_R)
  28.29 9798.60 ^ _230936_/Y (AO21x2_ASAP7_75t_R)
  27.78 9826.38 ^ place20920/Y (BUFx3_ASAP7_75t_R)
  26.68 9853.06 ^ _230992_/Y (AND3x2_ASAP7_75t_R)
  27.70 9880.76 v _231175_/Y (XNOR2x2_ASAP7_75t_R)
  21.05 9901.81 ^ _231176_/Y (XNOR2x2_ASAP7_75t_R)
  30.20 9932.01 ^ _231180_/Y (AND4x1_ASAP7_75t_R)
   9.20 9941.21 v _231314_/Y (NAND3x1_ASAP7_75t_R)
  38.39 9979.59 v _231315_/Y (OR5x1_ASAP7_75t_R)
  26.97 10006.56 v _231371_/Y (AND5x2_ASAP7_75t_R)
  24.26 10030.82 ^ _231376_/Y (NAND2x1p5_ASAP7_75t_R)
  22.71 10053.53 ^ place20787/Y (BUFx6f_ASAP7_75t_R)
  17.49 10071.02 ^ _231559_/Y (AND2x2_ASAP7_75t_R)
  31.16 10102.19 v _231560_/Y (XNOR2x2_ASAP7_75t_R)
  13.09 10115.27 ^ _231561_/Y (NAND2x1_ASAP7_75t_R)
  31.86 10147.13 ^ _231575_/Y (AND5x2_ASAP7_75t_R)
  26.94 10174.07 ^ _231624_/Y (AND5x1_ASAP7_75t_R)
  25.61 10199.68 ^ _231625_/Y (OA211x2_ASAP7_75t_R)
  17.32 10217.00 ^ _231626_/Y (AND2x4_ASAP7_75t_R)
  26.23 10243.23 ^ _231767_/Y (AO211x2_ASAP7_75t_R)
  21.11 10264.34 ^ place20675/Y (BUFx6f_ASAP7_75t_R)
  21.03 10285.37 ^ _231908_/Y (AND2x2_ASAP7_75t_R)
  19.64 10305.02 v _231909_/Y (XOR2x2_ASAP7_75t_R)
  24.34 10329.36 v _231919_/Y (AO221x1_ASAP7_75t_R)
  28.15 10357.51 v _231938_/Y (OR5x1_ASAP7_75t_R)
  22.79 10380.30 v _231957_/Y (AO32x1_ASAP7_75t_R)
  24.61 10404.91 v _232004_/Y (OA221x2_ASAP7_75t_R)
  36.17 10441.08 v _232005_/Y (OR4x1_ASAP7_75t_R)
  30.54 10471.62 ^ _232006_/Y (NAND3x2_ASAP7_75t_R)
  32.90 10504.52 ^ _232185_/Y (AO22x1_ASAP7_75t_R)
  16.77 10521.29 ^ _232187_/Y (AO21x1_ASAP7_75t_R)
  24.18 10545.47 v _232190_/Y (AOI21x1_ASAP7_75t_R)
  31.91 10577.37 v _232248_/Y (OR3x1_ASAP7_75t_R)
  23.89 10601.26 v _232279_/Y (AO21x1_ASAP7_75t_R)
  29.13 10630.39 v _232503_/Y (AO22x2_ASAP7_75t_R)
  26.85 10657.23 ^ _232540_/Y (XNOR2x2_ASAP7_75t_R)
  22.11 10679.35 ^ _232542_/Y (AND3x2_ASAP7_75t_R)
  19.75 10699.10 ^ _232543_/Y (OR3x2_ASAP7_75t_R)
  17.79 10716.89 ^ place20232/Y (BUFx3_ASAP7_75t_R)
  17.03 10733.92 ^ _232615_/Y (AO31x2_ASAP7_75t_R)
  32.25 10766.17 ^ _232625_/Y (OA222x2_ASAP7_75t_R)
  21.07 10787.24 ^ _232638_/Y (MAJx2_ASAP7_75t_R)
  23.73 10810.97 ^ _232640_/Y (AO221x2_ASAP7_75t_R)
  14.66 10825.62 ^ place19938/Y (BUFx3_ASAP7_75t_R)
  22.91 10848.53 ^ _232669_/Y (AO31x2_ASAP7_75t_R)
  21.11 10869.64 v _232670_/Y (OAI21x1_ASAP7_75t_R)
  28.40 10898.05 v place19853/Y (BUFx3_ASAP7_75t_R)
  28.27 10926.32 v _233618_/Y (AO21x1_ASAP7_75t_R)
  31.54 10957.86 v _233619_/Y (OA211x2_ASAP7_75t_R)
  33.94 10991.80 v _233626_/Y (OR4x1_ASAP7_75t_R)
  27.61 11019.40 v _233632_/Y (OA211x2_ASAP7_75t_R)
  21.90 11041.31 v _233633_/Y (OA22x2_ASAP7_75t_R)
  22.25 11063.55 v _233721_/Y (AND5x2_ASAP7_75t_R)
  21.18 11084.73 v _233967_/Y (AND3x4_ASAP7_75t_R)
  22.92 11107.65 v _235036_/Y (AND5x2_ASAP7_75t_R)
  19.43 11127.08 v _235186_/Y (AND4x1_ASAP7_75t_R)
  16.80 11143.88 v _235297_/Y (AND3x2_ASAP7_75t_R)
  44.36 11188.25 v _235300_/Y (OR5x2_ASAP7_75t_R)
  24.88 11213.12 v place19574/Y (BUFx3_ASAP7_75t_R)
   7.50 11220.62 ^ _276097_/Y (INVx1_ASAP7_75t_R)
  29.56 11250.19 ^ _276098_/Y (AO32x2_ASAP7_75t_R)
  21.64 11271.83 v _279914_/Y (AOI21x1_ASAP7_75t_R)
  63.81 11335.64 ^ _280017_/Y (OAI21x1_ASAP7_75t_R)
  50.67 11386.31 v _326596_/Y (AOI22x1_ASAP7_75t_R)
  23.53 11409.84 v place19240/Y (BUFx6f_ASAP7_75t_R)
  20.37 11430.21 v place19238/Y (BUFx6f_ASAP7_75t_R)
  45.05 11475.26 v _334388_/Y (OA21x2_ASAP7_75t_R)
   8.07 11483.33 ^ _334389_/Y (NOR2x1_ASAP7_75t_R)
   0.12 11483.45 ^ _395836_/D (DFFHQNx1_ASAP7_75t_R)
        11483.45   data arrival time

12000.00 12000.00   clock core_clk (rise edge)
   0.00 12000.00   clock source latency
   0.00 12000.00 ^ clk (in)
  45.24 12045.24 ^ wire32813/Y (BUFx12f_ASAP7_75t_R)
  51.74 12096.99 ^ clkbuf_0_clk/Y (BUFx24_ASAP7_75t_R)
  27.57 12124.55 ^ clkbuf_1_1_0_clk/Y (BUFx24_ASAP7_75t_R)
  22.94 12147.50 ^ clkbuf_2_3_0_clk/Y (BUFx24_ASAP7_75t_R)
  30.79 12178.29 ^ clkbuf_3_7_0_clk/Y (BUFx24_ASAP7_75t_R)
  26.19 12204.48 ^ clkbuf_4_14_0_clk/Y (BUFx24_ASAP7_75t_R)
  26.10 12230.58 ^ clkbuf_6_58_0_clk/Y (BUFx24_ASAP7_75t_R)
  21.09 12251.67 ^ clkbuf_7_116__f_clk/Y (BUFx24_ASAP7_75t_R)
  23.01 12274.67 ^ clkbuf_leaf_591_clk/Y (BUFx24_ASAP7_75t_R)
   1.96 12276.63 ^ _395836_/CLK (DFFHQNx1_ASAP7_75t_R)
 -50.00 12226.63   clock uncertainty
   4.46 12231.09   clock reconvergence pessimism
 -10.99 12220.11   library setup time
        12220.11   data required time
---------------------------------------------------------
        12220.11   data required time
        -11483.45   data arrival time
---------------------------------------------------------
         736.65   slack (MET)


Startpoint: _386358_ (rising edge-triggered flip-flop clocked by core_clk)
Endpoint: _395836_ (rising edge-triggered flip-flop clocked by core_clk)
Path Group: reg2reg
Path Type: max

  Delay    Time   Description
---------------------------------------------------------
   0.00    0.00   clock core_clk (rise edge)
   0.00    0.00   clock source latency
   0.00    0.00 ^ clk (in)
  46.36   46.36 ^ wire32813/Y (BUFx12f_ASAP7_75t_R)
  53.38   99.75 ^ clkbuf_0_clk/Y (BUFx24_ASAP7_75t_R)
  28.51  128.26 ^ clkbuf_1_1_0_clk/Y (BUFx24_ASAP7_75t_R)
  23.70  151.96 ^ clkbuf_2_3_0_clk/Y (BUFx24_ASAP7_75t_R)
  32.83  184.79 ^ clkbuf_3_6_0_clk/Y (BUFx24_ASAP7_75t_R)
  26.85  211.64 ^ clkbuf_4_12_0_clk/Y (BUFx24_ASAP7_75t_R)
  27.58  239.22 ^ clkbuf_6_48_0_clk/Y (BUFx24_ASAP7_75t_R)
  22.29  261.50 ^ clkbuf_7_96__f_clk/Y (BUFx24_ASAP7_75t_R)
  24.98  286.48 ^ clkbuf_leaf_385_clk/Y (BUFx24_ASAP7_75t_R)
   2.87  289.35 ^ _386358_/CLK (DFFHQNx1_ASAP7_75t_R)
  78.73  368.08 v _386358_/QN (DFFHQNx1_ASAP7_75t_R)
  72.17  440.25 v _210677_/Y (OR4x2_ASAP7_75t_R)
  57.30  497.55 v place32433/Y (BUFx3_ASAP7_75t_R)
  66.16  563.70 v _210741_/Y (AND4x1_ASAP7_75t_R)
  34.66  598.36 v _210744_/Y (OA21x2_ASAP7_75t_R)
  54.90  653.26 v _210745_/Y (AND2x2_ASAP7_75t_R)
 123.11  776.37 v place31673/Y (BUFx3_ASAP7_75t_R)
  84.48  860.85 v _211121_/Y (OR3x2_ASAP7_75t_R)
  63.46  924.30 v _211124_/Y (OR2x2_ASAP7_75t_R)
 184.30 1108.60 v place30877/Y (BUFx3_ASAP7_75t_R)
  36.89 1145.49 v _214083_/Y (OA22x2_ASAP7_75t_R)
  14.64 1160.12 v _214088_/Y (AND4x1_ASAP7_75t_R)
  41.58 1201.70 ^ _214089_/Y (NAND3x1_ASAP7_75t_R)
  38.34 1240.04 v _214126_/Y (AOI221x1_ASAP7_75t_R)
  42.21 1282.25 v _214127_/Y (AND5x1_ASAP7_75t_R)
  29.72 1311.97 v _214553_/Y (AND4x1_ASAP7_75t_R)
  18.77 1330.74 v place29280/Y (BUFx3_ASAP7_75t_R)
  24.65 1355.40 ^ _214554_/Y (NAND3x1_ASAP7_75t_R)
  27.93 1383.33 ^ _217167_/Y (AND4x1_ASAP7_75t_R)
  27.87 1411.20 ^ _217174_/Y (AO221x1_ASAP7_75t_R)
  21.95 1433.15 ^ _217198_/Y (AO31x2_ASAP7_75t_R)
  20.25 1453.40 ^ place27934/Y (BUFx3_ASAP7_75t_R)
  10.70 1464.09 v _217278_/Y (OAI21x1_ASAP7_75t_R)
  25.57 1489.67 v _217284_/Y (OA211x2_ASAP7_75t_R)
  40.05 1529.72 v _217285_/Y (OR5x1_ASAP7_75t_R)
  33.32 1563.03 v _217286_/Y (MAJx2_ASAP7_75t_R)
  22.44 1585.48 v _217372_/Y (OA21x2_ASAP7_75t_R)
  24.83 1610.31 v _217375_/Y (OA222x2_ASAP7_75t_R)
  19.50 1629.81 v _217380_/Y (AND5x2_ASAP7_75t_R)
  30.66 1660.47 v _217382_/Y (OR3x2_ASAP7_75t_R)
  16.39 1676.87 ^ _217409_/Y (AOI21x1_ASAP7_75t_R)
  18.55 1695.42 ^ place26693/Y (BUFx3_ASAP7_75t_R)
   8.11 1703.53 v _217416_/Y (AOI211x1_ASAP7_75t_R)
  25.15 1728.67 ^ _217417_/Y (AOI221x1_ASAP7_75t_R)
  16.16 1744.84 v _217423_/Y (INVx1_ASAP7_75t_R)
  19.75 1764.59 v _217485_/Y (AO21x1_ASAP7_75t_R)
  32.05 1796.64 v _217488_/Y (AO21x1_ASAP7_75t_R)
  32.36 1829.00 v _217532_/Y (OA211x2_ASAP7_75t_R)
  21.82 1850.82 v _217533_/Y (XOR2x2_ASAP7_75t_R)
  21.19 1872.02 v _217545_/Y (MAJx2_ASAP7_75t_R)
  24.09 1896.11 v _217561_/Y (AO32x1_ASAP7_75t_R)
  24.73 1920.85 v _217562_/Y (MAJx2_ASAP7_75t_R)
  24.59 1945.43 v _217577_/Y (OA21x2_ASAP7_75t_R)
  16.90 1962.33 v place26187/Y (BUFx3_ASAP7_75t_R)
   8.47 1970.80 ^ _217612_/Y (NOR2x1_ASAP7_75t_R)
  27.24 1998.03 ^ _217613_/Y (XNOR2x2_ASAP7_75t_R)
  12.03 2010.07 v _217620_/Y (NOR2x1_ASAP7_75t_R)
  18.03 2028.09 ^ _217622_/Y (AOI22x1_ASAP7_75t_R)
  14.20 2042.29 v _217623_/Y (AOI21x1_ASAP7_75t_R)
  26.81 2069.11 v _217624_/Y (MAJx2_ASAP7_75t_R)
  28.30 2097.41 v _217669_/Y (AO32x1_ASAP7_75t_R)
  24.62 2122.03 v _217723_/Y (OR3x1_ASAP7_75t_R)
  26.03 2148.07 v _217732_/Y (AO221x1_ASAP7_75t_R)
  13.78 2161.85 ^ _217733_/Y (NAND3x1_ASAP7_75t_R)
  26.69 2188.54 ^ _217734_/Y (MAJx2_ASAP7_75t_R)
  21.78 2210.32 ^ _217735_/Y (MAJx2_ASAP7_75t_R)
  23.07 2233.39 ^ _217740_/Y (MAJx2_ASAP7_75t_R)
  25.63 2259.02 ^ _217741_/Y (AO221x1_ASAP7_75t_R)
  27.32 2286.34 ^ _217755_/Y (AO31x2_ASAP7_75t_R)
  23.88 2310.22 ^ _217807_/Y (AND3x1_ASAP7_75t_R)
  27.67 2337.89 v _217808_/Y (XNOR2x2_ASAP7_75t_R)
  18.85 2356.74 v _217809_/Y (OR2x2_ASAP7_75t_R)
  17.53 2374.28 v _217817_/Y (AO211x2_ASAP7_75t_R)
  30.10 2404.38 v _217818_/Y (AO32x2_ASAP7_75t_R)
  22.30 2426.68 v _217848_/Y (AO31x2_ASAP7_75t_R)
  28.77 2455.44 ^ _217853_/Y (AOI22x1_ASAP7_75t_R)
  21.88 2477.33 ^ _217888_/Y (AND2x2_ASAP7_75t_R)
  26.93 2504.26 v _217889_/Y (XNOR2x2_ASAP7_75t_R)
  21.61 2525.87 v _217890_/Y (OR2x2_ASAP7_75t_R)
  21.01 2546.88 v _217897_/Y (AO21x1_ASAP7_75t_R)
  16.97 2563.85 v _217898_/Y (AND2x2_ASAP7_75t_R)
  21.77 2585.62 v _217959_/Y (OA211x2_ASAP7_75t_R)
  19.67 2605.30 v _217960_/Y (OA21x2_ASAP7_75t_R)
  25.79 2631.08 v _218017_/Y (OA211x2_ASAP7_75t_R)
  21.46 2652.55 v _218018_/Y (XOR2x2_ASAP7_75t_R)
  27.77 2680.32 v _218038_/Y (OR4x1_ASAP7_75t_R)
  25.54 2705.86 v _218040_/Y (AO221x1_ASAP7_75t_R)
  33.42 2739.28 v _218043_/Y (AO33x2_ASAP7_75t_R)
  21.51 2760.79 v _218044_/Y (MAJx2_ASAP7_75t_R)
  27.13 2787.92 v _218049_/Y (MAJx3_ASAP7_75t_R)
  26.90 2814.82 v _218087_/Y (OA21x2_ASAP7_75t_R)
  16.18 2831.00 v _218091_/Y (AND2x4_ASAP7_75t_R)
  16.33 2847.33 v _218092_/Y (OA21x2_ASAP7_75t_R)
  25.31 2872.64 v _218093_/Y (OA222x2_ASAP7_75t_R)
  23.48 2896.12 v _218106_/Y (MAJx2_ASAP7_75t_R)
  29.73 2925.85 v _218130_/Y (AO32x2_ASAP7_75t_R)
  22.65 2948.50 v _218150_/Y (OA21x2_ASAP7_75t_R)
  28.49 2976.99 v _218190_/Y (OA211x2_ASAP7_75t_R)
  24.86 3001.85 v _218211_/Y (OA31x2_ASAP7_75t_R)
  27.47 3029.33 v _218260_/Y (AO32x1_ASAP7_75t_R)
  29.59 3058.92 v _218261_/Y (OR3x1_ASAP7_75t_R)
  24.00 3082.93 v _218270_/Y (OA22x2_ASAP7_75t_R)
  27.43 3110.35 v _218271_/Y (AO22x2_ASAP7_75t_R)
  30.15 3140.50 v _218276_/Y (AO22x2_ASAP7_75t_R)
  25.72 3166.22 v _218298_/Y (AO21x2_ASAP7_75t_R)
  16.65 3182.86 v place25618/Y (BUFx3_ASAP7_75t_R)
  15.38 3198.24 v _218449_/Y (AO21x1_ASAP7_75t_R)
   9.59 3207.83 ^ _218451_/Y (NAND2x1_ASAP7_75t_R)
  26.58 3234.41 ^ _218457_/Y (AO221x1_ASAP7_75t_R)
  24.62 3259.03 ^ _218458_/Y (AO32x1_ASAP7_75t_R)
  23.32 3282.35 ^ _218461_/Y (OA31x2_ASAP7_75t_R)
  28.12 3310.47 ^ _218493_/Y (OA21x2_ASAP7_75t_R)
  20.67 3331.14 v _218574_/Y (AOI21x1_ASAP7_75t_R)
  22.37 3353.51 v _218632_/Y (OA21x2_ASAP7_75t_R)
  26.08 3379.59 v _218633_/Y (OR4x1_ASAP7_75t_R)
  31.56 3411.15 v _218634_/Y (OA211x2_ASAP7_75t_R)
  27.87 3439.02 v _218635_/Y (MAJx2_ASAP7_75t_R)
  36.50 3475.52 v _218642_/Y (OR5x1_ASAP7_75t_R)
  11.72 3487.23 ^ _218643_/Y (OAI21x1_ASAP7_75t_R)
  15.75 3502.99 v _218664_/Y (OAI21x1_ASAP7_75t_R)
  20.23 3523.21 ^ _218760_/Y (AOI211x1_ASAP7_75t_R)
  27.31 3550.52 ^ _218763_/Y (OR2x2_ASAP7_75t_R)
  17.02 3567.55 ^ place25429/Y (BUFx6f_ASAP7_75t_R)
  13.87 3581.42 ^ place25427/Y (BUFx3_ASAP7_75t_R)
  18.86 3600.27 ^ _218821_/Y (OA21x2_ASAP7_75t_R)
  27.59 3627.86 v _218822_/Y (XNOR2x2_ASAP7_75t_R)
  16.50 3644.36 v _218823_/Y (AND2x2_ASAP7_75t_R)
  22.67 3667.03 v _218824_/Y (MAJx2_ASAP7_75t_R)
  23.76 3690.79 v _218825_/Y (MAJx2_ASAP7_75t_R)
  19.55 3710.34 ^ _218826_/Y (AOI221x1_ASAP7_75t_R)
  15.68 3726.03 v _218981_/Y (OAI21x1_ASAP7_75t_R)
  19.58 3745.61 v place25318/Y (BUFx6f_ASAP7_75t_R)
  26.00 3771.61 ^ _218987_/Y (NOR2x1_ASAP7_75t_R)
  26.36 3797.97 ^ _218995_/Y (OA22x2_ASAP7_75t_R)
  16.88 3814.85 ^ _219001_/Y (AO31x2_ASAP7_75t_R)
  35.48 3850.33 ^ _219008_/Y (AO221x1_ASAP7_75t_R)
  31.33 3881.67 ^ _219217_/Y (AO211x2_ASAP7_75t_R)
  28.93 3910.60 ^ _219222_/Y (AND5x2_ASAP7_75t_R)
  38.18 3948.78 ^ _219231_/Y (OA31x2_ASAP7_75t_R)
  23.43 3972.21 ^ place25226/Y (BUFx6f_ASAP7_75t_R)
  16.81 3989.02 ^ _219398_/Y (AND2x4_ASAP7_75t_R)
  25.68 4014.70 v _219399_/Y (XNOR2x2_ASAP7_75t_R)
  22.75 4037.45 v _219451_/Y (AO32x1_ASAP7_75t_R)
  18.59 4056.04 v _219459_/Y (OA21x2_ASAP7_75t_R)
  33.16 4089.20 v _219485_/Y (OA221x2_ASAP7_75t_R)
  18.78 4107.99 v place25136/Y (BUFx6f_ASAP7_75t_R)
  14.01 4121.99 ^ _219494_/Y (AOI21x1_ASAP7_75t_R)
  25.52 4147.51 ^ _219611_/Y (AND4x1_ASAP7_75t_R)
  22.18 4169.69 v _219612_/Y (AOI221x1_ASAP7_75t_R)
  18.86 4188.55 ^ _219633_/Y (AOI22x1_ASAP7_75t_R)
  28.58 4217.13 ^ _219634_/Y (OA31x2_ASAP7_75t_R)
  24.23 4241.36 ^ _219653_/Y (AO221x1_ASAP7_75t_R)
  28.26 4269.62 ^ _219666_/Y (AO31x2_ASAP7_75t_R)
  29.11 4298.74 ^ _219763_/Y (AO21x1_ASAP7_75t_R)
  17.66 4316.40 ^ place25012/Y (BUFx6f_ASAP7_75t_R)
  23.60 4339.99 ^ _220048_/Y (AO31x2_ASAP7_75t_R)
  20.05 4360.04 ^ _220050_/Y (AND2x2_ASAP7_75t_R)
  29.07 4389.11 v _220051_/Y (XNOR2x2_ASAP7_75t_R)
  18.96 4408.07 v _220065_/Y (OA31x2_ASAP7_75t_R)
  35.45 4443.52 v _220113_/Y (OR5x1_ASAP7_75t_R)
  22.72 4466.24 v _220143_/Y (AO211x2_ASAP7_75t_R)
  19.49 4485.73 v _220166_/Y (AO31x2_ASAP7_75t_R)
  30.48 4516.21 ^ _220179_/Y (AOI21x1_ASAP7_75t_R)
  24.05 4540.26 ^ place24895/Y (BUFx6f_ASAP7_75t_R)
  16.95 4557.22 ^ _220392_/Y (OA21x2_ASAP7_75t_R)
  27.86 4585.08 ^ _220393_/Y (AO22x1_ASAP7_75t_R)
  21.01 4606.09 ^ _220394_/Y (OR2x2_ASAP7_75t_R)
  17.94 4624.03 ^ _220395_/Y (AO211x2_ASAP7_75t_R)
  11.10 4635.14 v _220397_/Y (AOI22x1_ASAP7_75t_R)
  40.25 4675.38 v _220465_/Y (OR3x2_ASAP7_75t_R)
  29.50 4704.89 v _220567_/Y (AO21x1_ASAP7_75t_R)
  29.10 4733.99 v _220642_/Y (OA211x2_ASAP7_75t_R)
  23.82 4757.81 v _220643_/Y (XOR2x2_ASAP7_75t_R)
  22.52 4780.32 v _220786_/Y (AO22x2_ASAP7_75t_R)
  29.95 4810.27 v _220802_/Y (OR4x1_ASAP7_75t_R)
  34.92 4845.19 v _220811_/Y (AO32x1_ASAP7_75t_R)
  23.17 4868.36 v place24708/Y (BUFx3_ASAP7_75t_R)
  27.19 4895.55 v _220958_/Y (AO221x1_ASAP7_75t_R)
  29.28 4924.83 v _220959_/Y (OA211x2_ASAP7_75t_R)
  25.77 4950.60 v _221039_/Y (OA211x2_ASAP7_75t_R)
  23.26 4973.86 v _221040_/Y (XNOR2x2_ASAP7_75t_R)
  28.48 5002.33 v _221138_/Y (OA221x2_ASAP7_75t_R)
  27.81 5030.14 v _221139_/Y (OA211x2_ASAP7_75t_R)
  18.14 5048.28 v _221142_/Y (OA21x2_ASAP7_75t_R)
  19.05 5067.33 v _221143_/Y (OA21x2_ASAP7_75t_R)
  20.53 5087.86 v _221176_/Y (OA21x2_ASAP7_75t_R)
  26.41 5114.27 v _221217_/Y (AO21x2_ASAP7_75t_R)
  23.48 5137.75 v _221338_/Y (AND2x2_ASAP7_75t_R)
  24.63 5162.38 v _221339_/Y (XOR2x2_ASAP7_75t_R)
  25.50 5187.88 v _221375_/Y (OA211x2_ASAP7_75t_R)
  23.13 5211.01 ^ _221376_/Y (AOI211x1_ASAP7_75t_R)
  34.01 5245.02 ^ _221592_/Y (AO211x2_ASAP7_75t_R)
  22.74 5267.77 ^ _221600_/Y (AO31x2_ASAP7_75t_R)
  33.20 5300.97 ^ _221602_/Y (AND5x2_ASAP7_75t_R)
  18.34 5319.30 ^ place24445/Y (BUFx3_ASAP7_75t_R)
  18.45 5337.75 ^ _221804_/Y (OA31x2_ASAP7_75t_R)
  30.50 5368.25 v _221805_/Y (XNOR2x2_ASAP7_75t_R)
  21.55 5389.80 v _221841_/Y (OR2x2_ASAP7_75t_R)
  21.05 5410.85 v _221842_/Y (MAJx2_ASAP7_75t_R)
  22.37 5433.22 v _221846_/Y (MAJx2_ASAP7_75t_R)
  21.24 5454.46 v _221882_/Y (AND5x1_ASAP7_75t_R)
  22.01 5476.48 ^ _221926_/Y (OAI21x1_ASAP7_75t_R)
  22.89 5499.37 ^ place24326/Y (BUFx3_ASAP7_75t_R)
  20.13 5519.50 v _222073_/Y (AOI211x1_ASAP7_75t_R)
  23.73 5543.23 v _222155_/Y (OA21x2_ASAP7_75t_R)
  26.49 5569.73 ^ _222156_/Y (XOR2x2_ASAP7_75t_R)
  20.86 5590.59 ^ place24271/Y (BUFx3_ASAP7_75t_R)
  14.54 5605.13 v _222157_/Y (INVx1_ASAP7_75t_R)
  24.51 5629.64 v _222163_/Y (MAJx2_ASAP7_75t_R)
  14.56 5644.20 ^ _222164_/Y (AOI21x1_ASAP7_75t_R)
  22.53 5666.73 v _222322_/Y (NOR2x1_ASAP7_75t_R)
  29.06 5695.79 v _222326_/Y (AO22x2_ASAP7_75t_R)
  38.00 5733.79 v _222333_/Y (AO221x2_ASAP7_75t_R)
  22.34 5756.13 v place24142/Y (BUFx6f_ASAP7_75t_R)
  18.29 5774.42 v _222673_/Y (AO21x1_ASAP7_75t_R)
  20.52 5794.94 v _222675_/Y (AO22x2_ASAP7_75t_R)
  18.78 5813.72 v place24098/Y (BUFx3_ASAP7_75t_R)
  23.76 5837.47 v _222776_/Y (MAJx2_ASAP7_75t_R)
  15.23 5852.70 v _222872_/Y (OA21x2_ASAP7_75t_R)
  27.16 5879.86 v _222915_/Y (OR4x1_ASAP7_75t_R)
  32.98 5912.84 v _222917_/Y (OA211x2_ASAP7_75t_R)
  32.44 5945.28 v _222939_/Y (AO221x1_ASAP7_75t_R)
  28.98 5974.26 v _222940_/Y (AO211x2_ASAP7_75t_R)
  22.37 5996.64 v place23985/Y (BUFx6f_ASAP7_75t_R)
  15.90 6012.54 ^ _223249_/Y (NAND3x1_ASAP7_75t_R)
  20.47 6033.01 ^ _223250_/Y (AND3x1_ASAP7_75t_R)
  20.05 6053.07 ^ _223252_/Y (OA211x2_ASAP7_75t_R)
  20.56 6073.63 ^ _223253_/Y (AND3x1_ASAP7_75t_R)
  31.59 6105.22 ^ _223254_/Y (AND5x1_ASAP7_75t_R)
  30.44 6135.66 ^ _223255_/Y (AND5x1_ASAP7_75t_R)
  16.83 6152.49 ^ _223256_/Y (OR4x2_ASAP7_75t_R)
  20.81 6173.30 ^ place23853/Y (BUFx3_ASAP7_75t_R)
  19.61 6192.91 v _223257_/Y (NOR2x2_ASAP7_75t_R)
  16.90 6209.81 v place23846/Y (BUFx6f_ASAP7_75t_R)
  27.25 6237.06 v _223374_/Y (OR4x1_ASAP7_75t_R)
  19.72 6256.78 v _223375_/Y (AND4x1_ASAP7_75t_R)
  23.41 6280.19 ^ _223376_/Y (XNOR2x2_ASAP7_75t_R)
  17.46 6297.65 ^ _223377_/Y (AND2x2_ASAP7_75t_R)
  35.53 6333.18 ^ _223439_/Y (AND5x1_ASAP7_75t_R)
  16.52 6349.70 ^ place23753/Y (BUFx6f_ASAP7_75t_R)
  13.24 6362.94 v _223668_/Y (NAND3x1_ASAP7_75t_R)
  25.71 6388.65 v place23730/Y (BUFx3_ASAP7_75t_R)
  32.27 6420.92 v _223817_/Y (AO32x1_ASAP7_75t_R)
  22.94 6443.86 v _223977_/Y (XOR2x2_ASAP7_75t_R)
  22.04 6465.90 v _223993_/Y (MAJx2_ASAP7_75t_R)
  39.30 6505.20 v _223994_/Y (OR4x2_ASAP7_75t_R)
  13.94 6519.14 ^ _223995_/Y (AOI21x1_ASAP7_75t_R)
  23.10 6542.24 ^ _224023_/Y (OA31x2_ASAP7_75t_R)
  18.18 6560.42 ^ _224027_/Y (AO21x2_ASAP7_75t_R)
  24.24 6584.66 ^ _224028_/Y (AO211x2_ASAP7_75t_R)
  16.81 6601.47 ^ place23565/Y (BUFx6f_ASAP7_75t_R)
   9.06 6610.53 v _224375_/Y (NAND2x1_ASAP7_75t_R)
  33.83 6644.37 v _224386_/Y (OR5x1_ASAP7_75t_R)
  17.14 6661.51 v _224387_/Y (AND4x1_ASAP7_75t_R)
  44.16 6705.67 v _224397_/Y (OR5x1_ASAP7_75t_R)
  22.25 6727.92 v place23468/Y (BUFx3_ASAP7_75t_R)
  10.24 6738.16 ^ _224398_/Y (AOI211x1_ASAP7_75t_R)
  28.30 6766.46 ^ _224454_/Y (OA21x2_ASAP7_75t_R)
  30.34 6796.79 ^ _224494_/Y (OR3x2_ASAP7_75t_R)
  21.40 6818.19 ^ place23431/Y (BUFx3_ASAP7_75t_R)
  19.94 6838.12 ^ _224898_/Y (OA21x2_ASAP7_75t_R)
  22.56 6860.69 ^ _224899_/Y (AND3x1_ASAP7_75t_R)
  22.55 6883.24 ^ _224900_/Y (XNOR2x2_ASAP7_75t_R)
  21.37 6904.61 ^ _224902_/Y (OA211x2_ASAP7_75t_R)
  23.62 6928.22 ^ _224913_/Y (AND3x1_ASAP7_75t_R)
  23.48 6951.70 ^ _224922_/Y (AND3x1_ASAP7_75t_R)
  25.19 6976.89 ^ _224933_/Y (AND3x1_ASAP7_75t_R)
  19.12 6996.02 ^ place23290/Y (BUFx6f_ASAP7_75t_R)
  30.94 7026.96 ^ place23289/Y (BUFx3_ASAP7_75t_R)
  19.71 7046.66 ^ _225100_/Y (AO21x1_ASAP7_75t_R)
  29.90 7076.56 v _225101_/Y (XNOR2x2_ASAP7_75t_R)
  11.40 7087.96 ^ _225293_/Y (NAND2x1_ASAP7_75t_R)
  30.99 7118.96 ^ _225317_/Y (AND5x1_ASAP7_75t_R)
  28.10 7147.06 ^ _225318_/Y (AND4x1_ASAP7_75t_R)
  36.48 7183.54 ^ _225319_/Y (AND5x1_ASAP7_75t_R)
  17.73 7201.27 ^ _225371_/Y (OR4x2_ASAP7_75t_R)
  16.77 7218.04 ^ _225393_/Y (AO21x1_ASAP7_75t_R)
  29.53 7247.57 ^ place23178/Y (BUFx3_ASAP7_75t_R)
  37.73 7285.29 ^ _225573_/Y (AO211x2_ASAP7_75t_R)
  19.49 7304.79 ^ _225574_/Y (OA31x2_ASAP7_75t_R)
  23.24 7328.02 ^ _225585_/Y (OA31x2_ASAP7_75t_R)
  18.00 7346.02 ^ _225597_/Y (OR3x1_ASAP7_75t_R)
  25.88 7371.90 ^ _225616_/Y (AO211x2_ASAP7_75t_R)
  26.10 7397.99 ^ _225664_/Y (AO211x2_ASAP7_75t_R)
  23.95 7421.94 ^ _225676_/Y (AND3x1_ASAP7_75t_R)
  27.71 7449.65 ^ _225721_/Y (OA211x2_ASAP7_75t_R)
  31.24 7480.89 ^ _225732_/Y (AO221x1_ASAP7_75t_R)
  30.11 7511.00 v _225983_/Y (XNOR2x2_ASAP7_75t_R)
  41.29 7552.29 v _225996_/Y (OR5x1_ASAP7_75t_R)
  25.29 7577.58 ^ _225997_/Y (AOI211x1_ASAP7_75t_R)
  40.21 7617.78 ^ _225998_/Y (AND4x2_ASAP7_75t_R)
  15.06 7632.85 v _226127_/Y (OAI21x1_ASAP7_75t_R)
  23.71 7656.56 v _226147_/Y (AND3x1_ASAP7_75t_R)
  26.74 7683.30 v place22877/Y (BUFx3_ASAP7_75t_R)
  28.56 7711.86 v _226283_/Y (OR3x1_ASAP7_75t_R)
  19.74 7731.60 v _226345_/Y (AO21x1_ASAP7_75t_R)
  18.15 7749.75 v _226349_/Y (AND2x2_ASAP7_75t_R)
  20.83 7770.59 v _226351_/Y (OR3x1_ASAP7_75t_R)
  16.86 7787.45 v _226353_/Y (AND4x1_ASAP7_75t_R)
  27.94 7815.39 ^ _226637_/Y (AOI221x1_ASAP7_75t_R)
  28.07 7843.45 ^ place22754/Y (BUFx3_ASAP7_75t_R)
  24.02 7867.48 ^ _226639_/Y (OA21x2_ASAP7_75t_R)
  20.84 7888.32 ^ _226653_/Y (OA21x2_ASAP7_75t_R)
  20.50 7908.82 ^ _226654_/Y (MAJx2_ASAP7_75t_R)
  18.99 7927.81 ^ _226655_/Y (MAJx2_ASAP7_75t_R)
  26.89 7954.70 v _226656_/Y (XNOR2x2_ASAP7_75t_R)
  22.19 7976.89 v _226657_/Y (AO21x1_ASAP7_75t_R)
  24.53 8001.41 ^ _226660_/Y (NAND3x1_ASAP7_75t_R)
  32.37 8033.79 ^ _226751_/Y (AO221x1_ASAP7_75t_R)
  13.43 8047.22 v _226798_/Y (AOI21x1_ASAP7_75t_R)
  38.64 8085.87 v _227061_/Y (OR4x2_ASAP7_75t_R)
  20.06 8105.93 v place22557/Y (BUFx6f_ASAP7_75t_R)
  26.15 8132.08 v place22554/Y (BUFx6f_ASAP7_75t_R)
  15.23 8147.30 v _227302_/Y (AND3x1_ASAP7_75t_R)
  22.08 8169.38 v _227309_/Y (OA22x2_ASAP7_75t_R)
  15.20 8184.58 v _227329_/Y (AND4x1_ASAP7_75t_R)
  32.89 8217.48 v _227484_/Y (OA211x2_ASAP7_75t_R)
  24.19 8241.66 v _227512_/Y (AND5x2_ASAP7_75t_R)
  28.22 8269.88 v _227530_/Y (OR3x1_ASAP7_75t_R)
  32.68 8302.56 v _227532_/Y (OR3x1_ASAP7_75t_R)
  26.40 8328.96 v place22396/Y (BUFx3_ASAP7_75t_R)
  20.79 8349.76 v place22395/Y (BUFx3_ASAP7_75t_R)
  21.30 8371.06 v _227733_/Y (AND2x2_ASAP7_75t_R)
  19.67 8390.73 v _227734_/Y (XNOR2x2_ASAP7_75t_R)
  24.47 8415.20 v _227763_/Y (AO221x1_ASAP7_75t_R)
  26.71 8441.92 v _227783_/Y (AO32x1_ASAP7_75t_R)
  19.06 8460.98 ^ _227860_/Y (OAI21x1_ASAP7_75t_R)
  19.06 8480.03 ^ place22249/Y (BUFx6f_ASAP7_75t_R)
   7.84 8487.87 v _227861_/Y (NAND2x1_ASAP7_75t_R)
  23.29 8511.16 v _227862_/Y (AND2x2_ASAP7_75t_R)
  20.46 8531.62 v place22223/Y (BUFx3_ASAP7_75t_R)
  37.01 8568.63 v _228259_/Y (OR5x1_ASAP7_75t_R)
  24.78 8593.42 v _228294_/Y (AND5x1_ASAP7_75t_R)
  23.63 8617.05 v _228295_/Y (AO221x1_ASAP7_75t_R)
  28.78 8645.83 v _228296_/Y (AO221x1_ASAP7_75t_R)
  23.44 8669.28 ^ _228325_/Y (NAND2x1_ASAP7_75t_R)
  36.12 8705.40 ^ _228377_/Y (AO221x2_ASAP7_75t_R)
  23.48 8728.87 v _228378_/Y (NAND2x1_ASAP7_75t_R)
  21.80 8750.67 v place22046/Y (BUFx6f_ASAP7_75t_R)
  15.34 8766.02 v place22045/Y (BUFx3_ASAP7_75t_R)
  24.33 8790.34 v _228623_/Y (AO21x1_ASAP7_75t_R)
  20.06 8810.41 v _228624_/Y (AND2x4_ASAP7_75t_R)
  22.30 8832.71 ^ _228937_/Y (XNOR2x2_ASAP7_75t_R)
  25.26 8857.97 ^ _228939_/Y (AND4x1_ASAP7_75t_R)
   9.81 8867.78 v _228940_/Y (NAND2x1_ASAP7_75t_R)
  38.59 8906.36 v _228953_/Y (OR4x1_ASAP7_75t_R)
  23.52 8929.89 v _229055_/Y (OA21x2_ASAP7_75t_R)
  19.63 8949.52 v _229056_/Y (OA21x2_ASAP7_75t_R)
  21.98 8971.50 v place21843/Y (BUFx3_ASAP7_75t_R)
  21.32 8992.82 v place21842/Y (BUFx3_ASAP7_75t_R)
  27.69 9020.50 v _229327_/Y (OR4x1_ASAP7_75t_R)
   8.34 9028.85 ^ _229328_/Y (OAI21x1_ASAP7_75t_R)
  10.79 9039.64 v _229333_/Y (AOI22x1_ASAP7_75t_R)
  30.11 9069.75 ^ _229353_/Y (AOI221x1_ASAP7_75t_R)
  39.81 9109.56 ^ _229638_/Y (AND5x1_ASAP7_75t_R)
  23.05 9132.61 ^ _229640_/Y (AO221x1_ASAP7_75t_R)
  18.12 9150.72 ^ place21684/Y (BUFx6f_ASAP7_75t_R)
  26.72 9177.44 ^ _229740_/Y (OA31x2_ASAP7_75t_R)
  23.79 9201.23 ^ _229741_/Y (XNOR2x2_ASAP7_75t_R)
  24.88 9226.11 v _229742_/Y (XNOR2x2_ASAP7_75t_R)
  28.23 9254.34 v _229743_/Y (AO221x1_ASAP7_75t_R)
  25.69 9280.03 ^ _229749_/Y (AOI211x1_ASAP7_75t_R)
  17.42 9297.45 v _229763_/Y (NOR2x2_ASAP7_75t_R)
  23.50 9320.94 ^ _230125_/Y (AOI211x1_ASAP7_75t_R)
  35.15 9356.10 ^ _230181_/Y (OA21x2_ASAP7_75t_R)
  29.06 9385.16 ^ _230419_/Y (OA21x2_ASAP7_75t_R)
  26.80 9411.96 v _230420_/Y (XNOR2x2_ASAP7_75t_R)
  20.59 9432.55 ^ _230421_/Y (XNOR2x2_ASAP7_75t_R)
  33.20 9465.75 ^ _230422_/Y (AND5x1_ASAP7_75t_R)
  36.61 9502.36 ^ _230446_/Y (AND5x1_ASAP7_75t_R)
  19.22 9521.58 ^ _230513_/Y (AO31x2_ASAP7_75t_R)
  18.91 9540.49 v _230514_/Y (AOI221x1_ASAP7_75t_R)
  13.14 9553.62 ^ _230515_/Y (OAI21x1_ASAP7_75t_R)
  18.11 9571.73 ^ place21065/Y (BUFx6f_ASAP7_75t_R)
  20.70 9592.43 ^ place21062/Y (BUFx6f_ASAP7_75t_R)
  24.09 9616.52 ^ _230817_/Y (AND2x2_ASAP7_75t_R)
  22.87 9639.39 ^ _230818_/Y (XNOR2x2_ASAP7_75t_R)
  26.37 9665.76 v _230819_/Y (XNOR2x2_ASAP7_75t_R)
  18.67 9684.43 v _230872_/Y (OR2x2_ASAP7_75t_R)
  24.96 9709.39 v _230897_/Y (OA33x2_ASAP7_75t_R)
  14.09 9723.48 v _230898_/Y (OA21x2_ASAP7_75t_R)
  31.91 9755.39 v _230906_/Y (OA211x2_ASAP7_75t_R)
  14.92 9770.30 ^ _230918_/Y (OAI21x1_ASAP7_75t_R)
  28.29 9798.60 ^ _230936_/Y (AO21x2_ASAP7_75t_R)
  27.78 9826.38 ^ place20920/Y (BUFx3_ASAP7_75t_R)
  26.68 9853.06 ^ _230992_/Y (AND3x2_ASAP7_75t_R)
  27.70 9880.76 v _231175_/Y (XNOR2x2_ASAP7_75t_R)
  21.05 9901.81 ^ _231176_/Y (XNOR2x2_ASAP7_75t_R)
  30.20 9932.01 ^ _231180_/Y (AND4x1_ASAP7_75t_R)
   9.20 9941.21 v _231314_/Y (NAND3x1_ASAP7_75t_R)
  38.39 9979.59 v _231315_/Y (OR5x1_ASAP7_75t_R)
  26.97 10006.56 v _231371_/Y (AND5x2_ASAP7_75t_R)
  24.26 10030.82 ^ _231376_/Y (NAND2x1p5_ASAP7_75t_R)
  22.71 10053.53 ^ place20787/Y (BUFx6f_ASAP7_75t_R)
  17.49 10071.02 ^ _231559_/Y (AND2x2_ASAP7_75t_R)
  31.16 10102.19 v _231560_/Y (XNOR2x2_ASAP7_75t_R)
  13.09 10115.27 ^ _231561_/Y (NAND2x1_ASAP7_75t_R)
  31.86 10147.13 ^ _231575_/Y (AND5x2_ASAP7_75t_R)
  26.94 10174.07 ^ _231624_/Y (AND5x1_ASAP7_75t_R)
  25.61 10199.68 ^ _231625_/Y (OA211x2_ASAP7_75t_R)
  17.32 10217.00 ^ _231626_/Y (AND2x4_ASAP7_75t_R)
  26.23 10243.23 ^ _231767_/Y (AO211x2_ASAP7_75t_R)
  21.11 10264.34 ^ place20675/Y (BUFx6f_ASAP7_75t_R)
  21.03 10285.37 ^ _231908_/Y (AND2x2_ASAP7_75t_R)
  19.64 10305.02 v _231909_/Y (XOR2x2_ASAP7_75t_R)
  24.34 10329.36 v _231919_/Y (AO221x1_ASAP7_75t_R)
  28.15 10357.51 v _231938_/Y (OR5x1_ASAP7_75t_R)
  22.79 10380.30 v _231957_/Y (AO32x1_ASAP7_75t_R)
  24.61 10404.91 v _232004_/Y (OA221x2_ASAP7_75t_R)
  36.17 10441.08 v _232005_/Y (OR4x1_ASAP7_75t_R)
  30.54 10471.62 ^ _232006_/Y (NAND3x2_ASAP7_75t_R)
  32.90 10504.52 ^ _232185_/Y (AO22x1_ASAP7_75t_R)
  16.77 10521.29 ^ _232187_/Y (AO21x1_ASAP7_75t_R)
  24.18 10545.47 v _232190_/Y (AOI21x1_ASAP7_75t_R)
  31.91 10577.37 v _232248_/Y (OR3x1_ASAP7_75t_R)
  23.89 10601.26 v _232279_/Y (AO21x1_ASAP7_75t_R)
  29.13 10630.39 v _232503_/Y (AO22x2_ASAP7_75t_R)
  26.85 10657.23 ^ _232540_/Y (XNOR2x2_ASAP7_75t_R)
  22.11 10679.35 ^ _232542_/Y (AND3x2_ASAP7_75t_R)
  19.75 10699.10 ^ _232543_/Y (OR3x2_ASAP7_75t_R)
  17.79 10716.89 ^ place20232/Y (BUFx3_ASAP7_75t_R)
  17.03 10733.92 ^ _232615_/Y (AO31x2_ASAP7_75t_R)
  32.25 10766.17 ^ _232625_/Y (OA222x2_ASAP7_75t_R)
  21.07 10787.24 ^ _232638_/Y (MAJx2_ASAP7_75t_R)
  23.73 10810.97 ^ _232640_/Y (AO221x2_ASAP7_75t_R)
  14.66 10825.62 ^ place19938/Y (BUFx3_ASAP7_75t_R)
  22.91 10848.53 ^ _232669_/Y (AO31x2_ASAP7_75t_R)
  21.11 10869.64 v _232670_/Y (OAI21x1_ASAP7_75t_R)
  28.40 10898.05 v place19853/Y (BUFx3_ASAP7_75t_R)
  28.27 10926.32 v _233618_/Y (AO21x1_ASAP7_75t_R)
  31.54 10957.86 v _233619_/Y (OA211x2_ASAP7_75t_R)
  33.94 10991.80 v _233626_/Y (OR4x1_ASAP7_75t_R)
  27.61 11019.40 v _233632_/Y (OA211x2_ASAP7_75t_R)
  21.90 11041.31 v _233633_/Y (OA22x2_ASAP7_75t_R)
  22.25 11063.55 v _233721_/Y (AND5x2_ASAP7_75t_R)
  21.18 11084.73 v _233967_/Y (AND3x4_ASAP7_75t_R)
  22.92 11107.65 v _235036_/Y (AND5x2_ASAP7_75t_R)
  19.43 11127.08 v _235186_/Y (AND4x1_ASAP7_75t_R)
  16.80 11143.88 v _235297_/Y (AND3x2_ASAP7_75t_R)
  44.36 11188.25 v _235300_/Y (OR5x2_ASAP7_75t_R)
  24.88 11213.12 v place19574/Y (BUFx3_ASAP7_75t_R)
   7.50 11220.62 ^ _276097_/Y (INVx1_ASAP7_75t_R)
  29.56 11250.19 ^ _276098_/Y (AO32x2_ASAP7_75t_R)
  21.64 11271.83 v _279914_/Y (AOI21x1_ASAP7_75t_R)
  63.81 11335.64 ^ _280017_/Y (OAI21x1_ASAP7_75t_R)
  50.67 11386.31 v _326596_/Y (AOI22x1_ASAP7_75t_R)
  23.53 11409.84 v place19240/Y (BUFx6f_ASAP7_75t_R)
  20.37 11430.21 v place19238/Y (BUFx6f_ASAP7_75t_R)
  45.05 11475.26 v _334388_/Y (OA21x2_ASAP7_75t_R)
   8.07 11483.33 ^ _334389_/Y (NOR2x1_ASAP7_75t_R)
   0.12 11483.45 ^ _395836_/D (DFFHQNx1_ASAP7_75t_R)
        11483.45   data arrival time

12000.00 12000.00   clock core_clk (rise edge)
   0.00 12000.00   clock source latency
   0.00 12000.00 ^ clk (in)
  45.24 12045.24 ^ wire32813/Y (BUFx12f_ASAP7_75t_R)
  51.74 12096.99 ^ clkbuf_0_clk/Y (BUFx24_ASAP7_75t_R)
  27.57 12124.55 ^ clkbuf_1_1_0_clk/Y (BUFx24_ASAP7_75t_R)
  22.94 12147.50 ^ clkbuf_2_3_0_clk/Y (BUFx24_ASAP7_75t_R)
  30.79 12178.29 ^ clkbuf_3_7_0_clk/Y (BUFx24_ASAP7_75t_R)
  26.19 12204.48 ^ clkbuf_4_14_0_clk/Y (BUFx24_ASAP7_75t_R)
  26.10 12230.58 ^ clkbuf_6_58_0_clk/Y (BUFx24_ASAP7_75t_R)
  21.09 12251.67 ^ clkbuf_7_116__f_clk/Y (BUFx24_ASAP7_75t_R)
  23.01 12274.67 ^ clkbuf_leaf_591_clk/Y (BUFx24_ASAP7_75t_R)
   1.96 12276.63 ^ _395836_/CLK (DFFHQNx1_ASAP7_75t_R)
 -50.00 12226.63   clock uncertainty
   4.46 12231.09   clock reconvergence pessimism
 -10.99 12220.11   library setup time
        12220.11   data required time
---------------------------------------------------------
        12220.11   data required time
        -11483.45   data arrival time
---------------------------------------------------------
         736.65   slack (MET)


Startpoint: _386358_ (rising edge-triggered flip-flop clocked by core_clk)
Endpoint: _395836_ (rising edge-triggered flip-flop clocked by core_clk)
Path Group: reg2reg
Path Type: max

  Delay    Time   Description
---------------------------------------------------------
   0.00    0.00   clock core_clk (rise edge)
   0.00    0.00   clock source latency
   0.00    0.00 ^ clk (in)
  46.36   46.36 ^ wire32813/Y (BUFx12f_ASAP7_75t_R)
  53.38   99.75 ^ clkbuf_0_clk/Y (BUFx24_ASAP7_75t_R)
  28.51  128.26 ^ clkbuf_1_1_0_clk/Y (BUFx24_ASAP7_75t_R)
  23.70  151.96 ^ clkbuf_2_3_0_clk/Y (BUFx24_ASAP7_75t_R)
  32.83  184.79 ^ clkbuf_3_6_0_clk/Y (BUFx24_ASAP7_75t_R)
  26.85  211.64 ^ clkbuf_4_12_0_clk/Y (BUFx24_ASAP7_75t_R)
  27.58  239.22 ^ clkbuf_6_48_0_clk/Y (BUFx24_ASAP7_75t_R)
  22.29  261.50 ^ clkbuf_7_96__f_clk/Y (BUFx24_ASAP7_75t_R)
  24.98  286.48 ^ clkbuf_leaf_385_clk/Y (BUFx24_ASAP7_75t_R)
   2.87  289.35 ^ _386358_/CLK (DFFHQNx1_ASAP7_75t_R)
  78.73  368.08 v _386358_/QN (DFFHQNx1_ASAP7_75t_R)
  72.17  440.25 v _210677_/Y (OR4x2_ASAP7_75t_R)
  57.30  497.55 v place32433/Y (BUFx3_ASAP7_75t_R)
  66.16  563.70 v _210741_/Y (AND4x1_ASAP7_75t_R)
  34.66  598.36 v _210744_/Y (OA21x2_ASAP7_75t_R)
  54.90  653.26 v _210745_/Y (AND2x2_ASAP7_75t_R)
 123.11  776.37 v place31673/Y (BUFx3_ASAP7_75t_R)
  84.48  860.85 v _211121_/Y (OR3x2_ASAP7_75t_R)
  63.46  924.30 v _211124_/Y (OR2x2_ASAP7_75t_R)
 184.30 1108.60 v place30877/Y (BUFx3_ASAP7_75t_R)
  36.89 1145.49 v _214083_/Y (OA22x2_ASAP7_75t_R)
  14.64 1160.12 v _214088_/Y (AND4x1_ASAP7_75t_R)
  41.58 1201.70 ^ _214089_/Y (NAND3x1_ASAP7_75t_R)
  38.34 1240.04 v _214126_/Y (AOI221x1_ASAP7_75t_R)
  42.21 1282.25 v _214127_/Y (AND5x1_ASAP7_75t_R)
  29.72 1311.97 v _214553_/Y (AND4x1_ASAP7_75t_R)
  18.77 1330.74 v place29280/Y (BUFx3_ASAP7_75t_R)
  24.65 1355.40 ^ _214554_/Y (NAND3x1_ASAP7_75t_R)
  27.93 1383.33 ^ _217167_/Y (AND4x1_ASAP7_75t_R)
  27.87 1411.20 ^ _217174_/Y (AO221x1_ASAP7_75t_R)
  21.95 1433.15 ^ _217198_/Y (AO31x2_ASAP7_75t_R)
  20.25 1453.40 ^ place27934/Y (BUFx3_ASAP7_75t_R)
  10.70 1464.09 v _217278_/Y (OAI21x1_ASAP7_75t_R)
  25.57 1489.67 v _217284_/Y (OA211x2_ASAP7_75t_R)
  40.05 1529.72 v _217285_/Y (OR5x1_ASAP7_75t_R)
  33.32 1563.03 v _217286_/Y (MAJx2_ASAP7_75t_R)
  22.44 1585.48 v _217372_/Y (OA21x2_ASAP7_75t_R)
  24.83 1610.31 v _217375_/Y (OA222x2_ASAP7_75t_R)
  19.50 1629.81 v _217380_/Y (AND5x2_ASAP7_75t_R)
  30.66 1660.47 v _217382_/Y (OR3x2_ASAP7_75t_R)
  16.39 1676.87 ^ _217409_/Y (AOI21x1_ASAP7_75t_R)
  18.55 1695.42 ^ place26693/Y (BUFx3_ASAP7_75t_R)
   8.11 1703.53 v _217416_/Y (AOI211x1_ASAP7_75t_R)
  25.15 1728.67 ^ _217417_/Y (AOI221x1_ASAP7_75t_R)
  16.16 1744.84 v _217423_/Y (INVx1_ASAP7_75t_R)
  19.75 1764.59 v _217485_/Y (AO21x1_ASAP7_75t_R)
  32.05 1796.64 v _217488_/Y (AO21x1_ASAP7_75t_R)
  32.36 1829.00 v _217532_/Y (OA211x2_ASAP7_75t_R)
  21.82 1850.82 v _217533_/Y (XOR2x2_ASAP7_75t_R)
  21.19 1872.02 v _217545_/Y (MAJx2_ASAP7_75t_R)
  24.09 1896.11 v _217561_/Y (AO32x1_ASAP7_75t_R)
  24.73 1920.85 v _217562_/Y (MAJx2_ASAP7_75t_R)
  24.59 1945.43 v _217577_/Y (OA21x2_ASAP7_75t_R)
  16.90 1962.33 v place26187/Y (BUFx3_ASAP7_75t_R)
   8.47 1970.80 ^ _217612_/Y (NOR2x1_ASAP7_75t_R)
  27.24 1998.03 ^ _217613_/Y (XNOR2x2_ASAP7_75t_R)
  12.03 2010.07 v _217620_/Y (NOR2x1_ASAP7_75t_R)
  18.03 2028.09 ^ _217622_/Y (AOI22x1_ASAP7_75t_R)
  14.20 2042.29 v _217623_/Y (AOI21x1_ASAP7_75t_R)
  26.81 2069.11 v _217624_/Y (MAJx2_ASAP7_75t_R)
  28.30 2097.41 v _217669_/Y (AO32x1_ASAP7_75t_R)
  24.62 2122.03 v _217723_/Y (OR3x1_ASAP7_75t_R)
  26.03 2148.07 v _217732_/Y (AO221x1_ASAP7_75t_R)
  13.78 2161.85 ^ _217733_/Y (NAND3x1_ASAP7_75t_R)
  26.69 2188.54 ^ _217734_/Y (MAJx2_ASAP7_75t_R)
  21.78 2210.32 ^ _217735_/Y (MAJx2_ASAP7_75t_R)
  23.07 2233.39 ^ _217740_/Y (MAJx2_ASAP7_75t_R)
  25.63 2259.02 ^ _217741_/Y (AO221x1_ASAP7_75t_R)
  27.32 2286.34 ^ _217755_/Y (AO31x2_ASAP7_75t_R)
  23.88 2310.22 ^ _217807_/Y (AND3x1_ASAP7_75t_R)
  27.67 2337.89 v _217808_/Y (XNOR2x2_ASAP7_75t_R)
  18.85 2356.74 v _217809_/Y (OR2x2_ASAP7_75t_R)
  17.53 2374.28 v _217817_/Y (AO211x2_ASAP7_75t_R)
  30.10 2404.38 v _217818_/Y (AO32x2_ASAP7_75t_R)
  22.30 2426.68 v _217848_/Y (AO31x2_ASAP7_75t_R)
  28.77 2455.44 ^ _217853_/Y (AOI22x1_ASAP7_75t_R)
  21.88 2477.33 ^ _217888_/Y (AND2x2_ASAP7_75t_R)
  26.93 2504.26 v _217889_/Y (XNOR2x2_ASAP7_75t_R)
  21.61 2525.87 v _217890_/Y (OR2x2_ASAP7_75t_R)
  21.01 2546.88 v _217897_/Y (AO21x1_ASAP7_75t_R)
  16.97 2563.85 v _217898_/Y (AND2x2_ASAP7_75t_R)
  21.77 2585.62 v _217959_/Y (OA211x2_ASAP7_75t_R)
  19.67 2605.30 v _217960_/Y (OA21x2_ASAP7_75t_R)
  25.79 2631.08 v _218017_/Y (OA211x2_ASAP7_75t_R)
  21.46 2652.55 v _218018_/Y (XOR2x2_ASAP7_75t_R)
  27.77 2680.32 v _218038_/Y (OR4x1_ASAP7_75t_R)
  25.54 2705.86 v _218040_/Y (AO221x1_ASAP7_75t_R)
  33.42 2739.28 v _218043_/Y (AO33x2_ASAP7_75t_R)
  21.51 2760.79 v _218044_/Y (MAJx2_ASAP7_75t_R)
  27.13 2787.92 v _218049_/Y (MAJx3_ASAP7_75t_R)
  26.90 2814.82 v _218087_/Y (OA21x2_ASAP7_75t_R)
  16.18 2831.00 v _218091_/Y (AND2x4_ASAP7_75t_R)
  16.33 2847.33 v _218092_/Y (OA21x2_ASAP7_75t_R)
  25.31 2872.64 v _218093_/Y (OA222x2_ASAP7_75t_R)
  23.48 2896.12 v _218106_/Y (MAJx2_ASAP7_75t_R)
  29.73 2925.85 v _218130_/Y (AO32x2_ASAP7_75t_R)
  22.65 2948.50 v _218150_/Y (OA21x2_ASAP7_75t_R)
  28.49 2976.99 v _218190_/Y (OA211x2_ASAP7_75t_R)
  24.86 3001.85 v _218211_/Y (OA31x2_ASAP7_75t_R)
  27.47 3029.33 v _218260_/Y (AO32x1_ASAP7_75t_R)
  29.59 3058.92 v _218261_/Y (OR3x1_ASAP7_75t_R)
  24.00 3082.93 v _218270_/Y (OA22x2_ASAP7_75t_R)
  27.43 3110.35 v _218271_/Y (AO22x2_ASAP7_75t_R)
  30.15 3140.50 v _218276_/Y (AO22x2_ASAP7_75t_R)
  25.72 3166.22 v _218298_/Y (AO21x2_ASAP7_75t_R)
  16.65 3182.86 v place25618/Y (BUFx3_ASAP7_75t_R)
  15.38 3198.24 v _218449_/Y (AO21x1_ASAP7_75t_R)
   9.59 3207.83 ^ _218451_/Y (NAND2x1_ASAP7_75t_R)
  26.58 3234.41 ^ _218457_/Y (AO221x1_ASAP7_75t_R)
  24.62 3259.03 ^ _218458_/Y (AO32x1_ASAP7_75t_R)
  23.32 3282.35 ^ _218461_/Y (OA31x2_ASAP7_75t_R)
  28.12 3310.47 ^ _218493_/Y (OA21x2_ASAP7_75t_R)
  20.67 3331.14 v _218574_/Y (AOI21x1_ASAP7_75t_R)
  22.37 3353.51 v _218632_/Y (OA21x2_ASAP7_75t_R)
  26.08 3379.59 v _218633_/Y (OR4x1_ASAP7_75t_R)
  31.56 3411.15 v _218634_/Y (OA211x2_ASAP7_75t_R)
  27.87 3439.02 v _218635_/Y (MAJx2_ASAP7_75t_R)
  36.50 3475.52 v _218642_/Y (OR5x1_ASAP7_75t_R)
  11.72 3487.23 ^ _218643_/Y (OAI21x1_ASAP7_75t_R)
  15.75 3502.99 v _218664_/Y (OAI21x1_ASAP7_75t_R)
  20.23 3523.21 ^ _218760_/Y (AOI211x1_ASAP7_75t_R)
  27.31 3550.52 ^ _218763_/Y (OR2x2_ASAP7_75t_R)
  17.02 3567.55 ^ place25429/Y (BUFx6f_ASAP7_75t_R)
  13.87 3581.42 ^ place25427/Y (BUFx3_ASAP7_75t_R)
  18.86 3600.27 ^ _218821_/Y (OA21x2_ASAP7_75t_R)
  27.59 3627.86 v _218822_/Y (XNOR2x2_ASAP7_75t_R)
  16.50 3644.36 v _218823_/Y (AND2x2_ASAP7_75t_R)
  22.67 3667.03 v _218824_/Y (MAJx2_ASAP7_75t_R)
  23.76 3690.79 v _218825_/Y (MAJx2_ASAP7_75t_R)
  19.55 3710.34 ^ _218826_/Y (AOI221x1_ASAP7_75t_R)
  15.68 3726.03 v _218981_/Y (OAI21x1_ASAP7_75t_R)
  19.58 3745.61 v place25318/Y (BUFx6f_ASAP7_75t_R)
  26.00 3771.61 ^ _218987_/Y (NOR2x1_ASAP7_75t_R)
  26.36 3797.97 ^ _218995_/Y (OA22x2_ASAP7_75t_R)
  16.88 3814.85 ^ _219001_/Y (AO31x2_ASAP7_75t_R)
  35.48 3850.33 ^ _219008_/Y (AO221x1_ASAP7_75t_R)
  31.33 3881.67 ^ _219217_/Y (AO211x2_ASAP7_75t_R)
  28.93 3910.60 ^ _219222_/Y (AND5x2_ASAP7_75t_R)
  38.18 3948.78 ^ _219231_/Y (OA31x2_ASAP7_75t_R)
  23.43 3972.21 ^ place25226/Y (BUFx6f_ASAP7_75t_R)
  16.81 3989.02 ^ _219398_/Y (AND2x4_ASAP7_75t_R)
  25.68 4014.70 v _219399_/Y (XNOR2x2_ASAP7_75t_R)
  22.75 4037.45 v _219451_/Y (AO32x1_ASAP7_75t_R)
  18.59 4056.04 v _219459_/Y (OA21x2_ASAP7_75t_R)
  33.16 4089.20 v _219485_/Y (OA221x2_ASAP7_75t_R)
  18.78 4107.99 v place25136/Y (BUFx6f_ASAP7_75t_R)
  14.01 4121.99 ^ _219494_/Y (AOI21x1_ASAP7_75t_R)
  25.52 4147.51 ^ _219611_/Y (AND4x1_ASAP7_75t_R)
  22.18 4169.69 v _219612_/Y (AOI221x1_ASAP7_75t_R)
  18.86 4188.55 ^ _219633_/Y (AOI22x1_ASAP7_75t_R)
  28.58 4217.13 ^ _219634_/Y (OA31x2_ASAP7_75t_R)
  24.23 4241.36 ^ _219653_/Y (AO221x1_ASAP7_75t_R)
  28.26 4269.62 ^ _219666_/Y (AO31x2_ASAP7_75t_R)
  29.11 4298.74 ^ _219763_/Y (AO21x1_ASAP7_75t_R)
  17.66 4316.40 ^ place25012/Y (BUFx6f_ASAP7_75t_R)
  23.60 4339.99 ^ _220048_/Y (AO31x2_ASAP7_75t_R)
  20.05 4360.04 ^ _220050_/Y (AND2x2_ASAP7_75t_R)
  29.07 4389.11 v _220051_/Y (XNOR2x2_ASAP7_75t_R)
  18.96 4408.07 v _220065_/Y (OA31x2_ASAP7_75t_R)
  35.45 4443.52 v _220113_/Y (OR5x1_ASAP7_75t_R)
  22.72 4466.24 v _220143_/Y (AO211x2_ASAP7_75t_R)
  19.49 4485.73 v _220166_/Y (AO31x2_ASAP7_75t_R)
  30.48 4516.21 ^ _220179_/Y (AOI21x1_ASAP7_75t_R)
  24.05 4540.26 ^ place24895/Y (BUFx6f_ASAP7_75t_R)
  16.95 4557.22 ^ _220392_/Y (OA21x2_ASAP7_75t_R)
  27.86 4585.08 ^ _220393_/Y (AO22x1_ASAP7_75t_R)
  21.01 4606.09 ^ _220394_/Y (OR2x2_ASAP7_75t_R)
  17.94 4624.03 ^ _220395_/Y (AO211x2_ASAP7_75t_R)
  11.10 4635.14 v _220397_/Y (AOI22x1_ASAP7_75t_R)
  40.25 4675.38 v _220465_/Y (OR3x2_ASAP7_75t_R)
  29.50 4704.89 v _220567_/Y (AO21x1_ASAP7_75t_R)
  29.10 4733.99 v _220642_/Y (OA211x2_ASAP7_75t_R)
  23.82 4757.81 v _220643_/Y (XOR2x2_ASAP7_75t_R)
  22.52 4780.32 v _220786_/Y (AO22x2_ASAP7_75t_R)
  29.95 4810.27 v _220802_/Y (OR4x1_ASAP7_75t_R)
  34.92 4845.19 v _220811_/Y (AO32x1_ASAP7_75t_R)
  23.17 4868.36 v place24708/Y (BUFx3_ASAP7_75t_R)
  27.19 4895.55 v _220958_/Y (AO221x1_ASAP7_75t_R)
  29.28 4924.83 v _220959_/Y (OA211x2_ASAP7_75t_R)
  25.77 4950.60 v _221039_/Y (OA211x2_ASAP7_75t_R)
  23.26 4973.86 v _221040_/Y (XNOR2x2_ASAP7_75t_R)
  28.48 5002.33 v _221138_/Y (OA221x2_ASAP7_75t_R)
  27.81 5030.14 v _221139_/Y (OA211x2_ASAP7_75t_R)
  18.14 5048.28 v _221142_/Y (OA21x2_ASAP7_75t_R)
  19.05 5067.33 v _221143_/Y (OA21x2_ASAP7_75t_R)
  20.53 5087.86 v _221176_/Y (OA21x2_ASAP7_75t_R)
  26.41 5114.27 v _221217_/Y (AO21x2_ASAP7_75t_R)
  23.48 5137.75 v _221338_/Y (AND2x2_ASAP7_75t_R)
  24.63 5162.38 v _221339_/Y (XOR2x2_ASAP7_75t_R)
  25.50 5187.88 v _221375_/Y (OA211x2_ASAP7_75t_R)
  23.13 5211.01 ^ _221376_/Y (AOI211x1_ASAP7_75t_R)
  34.01 5245.02 ^ _221592_/Y (AO211x2_ASAP7_75t_R)
  22.74 5267.77 ^ _221600_/Y (AO31x2_ASAP7_75t_R)
  33.20 5300.97 ^ _221602_/Y (AND5x2_ASAP7_75t_R)
  18.34 5319.30 ^ place24445/Y (BUFx3_ASAP7_75t_R)
  18.45 5337.75 ^ _221804_/Y (OA31x2_ASAP7_75t_R)
  30.50 5368.25 v _221805_/Y (XNOR2x2_ASAP7_75t_R)
  21.55 5389.80 v _221841_/Y (OR2x2_ASAP7_75t_R)
  21.05 5410.85 v _221842_/Y (MAJx2_ASAP7_75t_R)
  22.37 5433.22 v _221846_/Y (MAJx2_ASAP7_75t_R)
  21.24 5454.46 v _221882_/Y (AND5x1_ASAP7_75t_R)
  22.01 5476.48 ^ _221926_/Y (OAI21x1_ASAP7_75t_R)
  22.89 5499.37 ^ place24326/Y (BUFx3_ASAP7_75t_R)
  20.13 5519.50 v _222073_/Y (AOI211x1_ASAP7_75t_R)
  23.73 5543.23 v _222155_/Y (OA21x2_ASAP7_75t_R)
  26.49 5569.73 ^ _222156_/Y (XOR2x2_ASAP7_75t_R)
  20.86 5590.59 ^ place24271/Y (BUFx3_ASAP7_75t_R)
  14.54 5605.13 v _222157_/Y (INVx1_ASAP7_75t_R)
  24.51 5629.64 v _222163_/Y (MAJx2_ASAP7_75t_R)
  14.56 5644.20 ^ _222164_/Y (AOI21x1_ASAP7_75t_R)
  22.53 5666.73 v _222322_/Y (NOR2x1_ASAP7_75t_R)
  29.06 5695.79 v _222326_/Y (AO22x2_ASAP7_75t_R)
  38.00 5733.79 v _222333_/Y (AO221x2_ASAP7_75t_R)
  22.34 5756.13 v place24142/Y (BUFx6f_ASAP7_75t_R)
  18.29 5774.42 v _222673_/Y (AO21x1_ASAP7_75t_R)
  20.52 5794.94 v _222675_/Y (AO22x2_ASAP7_75t_R)
  18.78 5813.72 v place24098/Y (BUFx3_ASAP7_75t_R)
  23.76 5837.47 v _222776_/Y (MAJx2_ASAP7_75t_R)
  15.23 5852.70 v _222872_/Y (OA21x2_ASAP7_75t_R)
  27.16 5879.86 v _222915_/Y (OR4x1_ASAP7_75t_R)
  32.98 5912.84 v _222917_/Y (OA211x2_ASAP7_75t_R)
  32.44 5945.28 v _222939_/Y (AO221x1_ASAP7_75t_R)
  28.98 5974.26 v _222940_/Y (AO211x2_ASAP7_75t_R)
  22.37 5996.64 v place23985/Y (BUFx6f_ASAP7_75t_R)
  15.90 6012.54 ^ _223249_/Y (NAND3x1_ASAP7_75t_R)
  20.47 6033.01 ^ _223250_/Y (AND3x1_ASAP7_75t_R)
  20.05 6053.07 ^ _223252_/Y (OA211x2_ASAP7_75t_R)
  20.56 6073.63 ^ _223253_/Y (AND3x1_ASAP7_75t_R)
  31.59 6105.22 ^ _223254_/Y (AND5x1_ASAP7_75t_R)
  30.44 6135.66 ^ _223255_/Y (AND5x1_ASAP7_75t_R)
  16.83 6152.49 ^ _223256_/Y (OR4x2_ASAP7_75t_R)
  20.81 6173.30 ^ place23853/Y (BUFx3_ASAP7_75t_R)
  19.61 6192.91 v _223257_/Y (NOR2x2_ASAP7_75t_R)
  16.90 6209.81 v place23846/Y (BUFx6f_ASAP7_75t_R)
  27.25 6237.06 v _223374_/Y (OR4x1_ASAP7_75t_R)
  19.72 6256.78 v _223375_/Y (AND4x1_ASAP7_75t_R)
  23.41 6280.19 ^ _223376_/Y (XNOR2x2_ASAP7_75t_R)
  17.46 6297.65 ^ _223377_/Y (AND2x2_ASAP7_75t_R)
  35.53 6333.18 ^ _223439_/Y (AND5x1_ASAP7_75t_R)
  16.52 6349.70 ^ place23753/Y (BUFx6f_ASAP7_75t_R)
  13.24 6362.94 v _223668_/Y (NAND3x1_ASAP7_75t_R)
  25.71 6388.65 v place23730/Y (BUFx3_ASAP7_75t_R)
  32.27 6420.92 v _223817_/Y (AO32x1_ASAP7_75t_R)
  22.94 6443.86 v _223977_/Y (XOR2x2_ASAP7_75t_R)
  22.04 6465.90 v _223993_/Y (MAJx2_ASAP7_75t_R)
  39.30 6505.20 v _223994_/Y (OR4x2_ASAP7_75t_R)
  13.94 6519.14 ^ _223995_/Y (AOI21x1_ASAP7_75t_R)
  23.10 6542.24 ^ _224023_/Y (OA31x2_ASAP7_75t_R)
  18.18 6560.42 ^ _224027_/Y (AO21x2_ASAP7_75t_R)
  24.24 6584.66 ^ _224028_/Y (AO211x2_ASAP7_75t_R)
  16.81 6601.47 ^ place23565/Y (BUFx6f_ASAP7_75t_R)
   9.06 6610.53 v _224375_/Y (NAND2x1_ASAP7_75t_R)
  33.83 6644.37 v _224386_/Y (OR5x1_ASAP7_75t_R)
  17.14 6661.51 v _224387_/Y (AND4x1_ASAP7_75t_R)
  44.16 6705.67 v _224397_/Y (OR5x1_ASAP7_75t_R)
  22.25 6727.92 v place23468/Y (BUFx3_ASAP7_75t_R)
  10.24 6738.16 ^ _224398_/Y (AOI211x1_ASAP7_75t_R)
  28.30 6766.46 ^ _224454_/Y (OA21x2_ASAP7_75t_R)
  30.34 6796.79 ^ _224494_/Y (OR3x2_ASAP7_75t_R)
  21.40 6818.19 ^ place23431/Y (BUFx3_ASAP7_75t_R)
  19.94 6838.12 ^ _224898_/Y (OA21x2_ASAP7_75t_R)
  22.56 6860.69 ^ _224899_/Y (AND3x1_ASAP7_75t_R)
  22.55 6883.24 ^ _224900_/Y (XNOR2x2_ASAP7_75t_R)
  21.37 6904.61 ^ _224902_/Y (OA211x2_ASAP7_75t_R)
  23.62 6928.22 ^ _224913_/Y (AND3x1_ASAP7_75t_R)
  23.48 6951.70 ^ _224922_/Y (AND3x1_ASAP7_75t_R)
  25.19 6976.89 ^ _224933_/Y (AND3x1_ASAP7_75t_R)
  19.12 6996.02 ^ place23290/Y (BUFx6f_ASAP7_75t_R)
  30.94 7026.96 ^ place23289/Y (BUFx3_ASAP7_75t_R)
  19.71 7046.66 ^ _225100_/Y (AO21x1_ASAP7_75t_R)
  29.90 7076.56 v _225101_/Y (XNOR2x2_ASAP7_75t_R)
  11.40 7087.96 ^ _225293_/Y (NAND2x1_ASAP7_75t_R)
  30.99 7118.96 ^ _225317_/Y (AND5x1_ASAP7_75t_R)
  28.10 7147.06 ^ _225318_/Y (AND4x1_ASAP7_75t_R)
  36.48 7183.54 ^ _225319_/Y (AND5x1_ASAP7_75t_R)
  17.73 7201.27 ^ _225371_/Y (OR4x2_ASAP7_75t_R)
  16.77 7218.04 ^ _225393_/Y (AO21x1_ASAP7_75t_R)
  29.53 7247.57 ^ place23178/Y (BUFx3_ASAP7_75t_R)
  37.73 7285.29 ^ _225573_/Y (AO211x2_ASAP7_75t_R)
  19.49 7304.79 ^ _225574_/Y (OA31x2_ASAP7_75t_R)
  23.24 7328.02 ^ _225585_/Y (OA31x2_ASAP7_75t_R)
  18.00 7346.02 ^ _225597_/Y (OR3x1_ASAP7_75t_R)
  25.88 7371.90 ^ _225616_/Y (AO211x2_ASAP7_75t_R)
  26.10 7397.99 ^ _225664_/Y (AO211x2_ASAP7_75t_R)
  23.95 7421.94 ^ _225676_/Y (AND3x1_ASAP7_75t_R)
  27.71 7449.65 ^ _225721_/Y (OA211x2_ASAP7_75t_R)
  31.24 7480.89 ^ _225732_/Y (AO221x1_ASAP7_75t_R)
  30.11 7511.00 v _225983_/Y (XNOR2x2_ASAP7_75t_R)
  41.29 7552.29 v _225996_/Y (OR5x1_ASAP7_75t_R)
  25.29 7577.58 ^ _225997_/Y (AOI211x1_ASAP7_75t_R)
  40.21 7617.78 ^ _225998_/Y (AND4x2_ASAP7_75t_R)
  15.06 7632.85 v _226127_/Y (OAI21x1_ASAP7_75t_R)
  23.71 7656.56 v _226147_/Y (AND3x1_ASAP7_75t_R)
  26.74 7683.30 v place22877/Y (BUFx3_ASAP7_75t_R)
  28.56 7711.86 v _226283_/Y (OR3x1_ASAP7_75t_R)
  19.74 7731.60 v _226345_/Y (AO21x1_ASAP7_75t_R)
  18.15 7749.75 v _226349_/Y (AND2x2_ASAP7_75t_R)
  20.83 7770.59 v _226351_/Y (OR3x1_ASAP7_75t_R)
  16.86 7787.45 v _226353_/Y (AND4x1_ASAP7_75t_R)
  27.94 7815.39 ^ _226637_/Y (AOI221x1_ASAP7_75t_R)
  28.07 7843.45 ^ place22754/Y (BUFx3_ASAP7_75t_R)
  24.02 7867.48 ^ _226639_/Y (OA21x2_ASAP7_75t_R)
  20.84 7888.32 ^ _226653_/Y (OA21x2_ASAP7_75t_R)
  20.50 7908.82 ^ _226654_/Y (MAJx2_ASAP7_75t_R)
  18.99 7927.81 ^ _226655_/Y (MAJx2_ASAP7_75t_R)
  26.89 7954.70 v _226656_/Y (XNOR2x2_ASAP7_75t_R)
  22.19 7976.89 v _226657_/Y (AO21x1_ASAP7_75t_R)
  24.53 8001.41 ^ _226660_/Y (NAND3x1_ASAP7_75t_R)
  32.37 8033.79 ^ _226751_/Y (AO221x1_ASAP7_75t_R)
  13.43 8047.22 v _226798_/Y (AOI21x1_ASAP7_75t_R)
  38.64 8085.87 v _227061_/Y (OR4x2_ASAP7_75t_R)
  20.06 8105.93 v place22557/Y (BUFx6f_ASAP7_75t_R)
  26.15 8132.08 v place22554/Y (BUFx6f_ASAP7_75t_R)
  15.23 8147.30 v _227302_/Y (AND3x1_ASAP7_75t_R)
  22.08 8169.38 v _227309_/Y (OA22x2_ASAP7_75t_R)
  15.20 8184.58 v _227329_/Y (AND4x1_ASAP7_75t_R)
  32.89 8217.48 v _227484_/Y (OA211x2_ASAP7_75t_R)
  24.19 8241.66 v _227512_/Y (AND5x2_ASAP7_75t_R)
  28.22 8269.88 v _227530_/Y (OR3x1_ASAP7_75t_R)
  32.68 8302.56 v _227532_/Y (OR3x1_ASAP7_75t_R)
  26.40 8328.96 v place22396/Y (BUFx3_ASAP7_75t_R)
  20.79 8349.76 v place22395/Y (BUFx3_ASAP7_75t_R)
  21.30 8371.06 v _227733_/Y (AND2x2_ASAP7_75t_R)
  19.67 8390.73 v _227734_/Y (XNOR2x2_ASAP7_75t_R)
  24.47 8415.20 v _227763_/Y (AO221x1_ASAP7_75t_R)
  26.71 8441.92 v _227783_/Y (AO32x1_ASAP7_75t_R)
  19.06 8460.98 ^ _227860_/Y (OAI21x1_ASAP7_75t_R)
  19.06 8480.03 ^ place22249/Y (BUFx6f_ASAP7_75t_R)
   7.84 8487.87 v _227861_/Y (NAND2x1_ASAP7_75t_R)
  23.29 8511.16 v _227862_/Y (AND2x2_ASAP7_75t_R)
  20.46 8531.62 v place22223/Y (BUFx3_ASAP7_75t_R)
  37.01 8568.63 v _228259_/Y (OR5x1_ASAP7_75t_R)
  24.78 8593.42 v _228294_/Y (AND5x1_ASAP7_75t_R)
  23.63 8617.05 v _228295_/Y (AO221x1_ASAP7_75t_R)
  28.78 8645.83 v _228296_/Y (AO221x1_ASAP7_75t_R)
  23.44 8669.28 ^ _228325_/Y (NAND2x1_ASAP7_75t_R)
  36.12 8705.40 ^ _228377_/Y (AO221x2_ASAP7_75t_R)
  23.48 8728.87 v _228378_/Y (NAND2x1_ASAP7_75t_R)
  21.80 8750.67 v place22046/Y (BUFx6f_ASAP7_75t_R)
  15.34 8766.02 v place22045/Y (BUFx3_ASAP7_75t_R)
  24.33 8790.34 v _228623_/Y (AO21x1_ASAP7_75t_R)
  20.06 8810.41 v _228624_/Y (AND2x4_ASAP7_75t_R)
  22.30 8832.71 ^ _228937_/Y (XNOR2x2_ASAP7_75t_R)
  25.26 8857.97 ^ _228939_/Y (AND4x1_ASAP7_75t_R)
   9.81 8867.78 v _228940_/Y (NAND2x1_ASAP7_75t_R)
  38.59 8906.36 v _228953_/Y (OR4x1_ASAP7_75t_R)
  23.52 8929.89 v _229055_/Y (OA21x2_ASAP7_75t_R)
  19.63 8949.52 v _229056_/Y (OA21x2_ASAP7_75t_R)
  21.98 8971.50 v place21843/Y (BUFx3_ASAP7_75t_R)
  21.32 8992.82 v place21842/Y (BUFx3_ASAP7_75t_R)
  27.69 9020.50 v _229327_/Y (OR4x1_ASAP7_75t_R)
   8.34 9028.85 ^ _229328_/Y (OAI21x1_ASAP7_75t_R)
  10.79 9039.64 v _229333_/Y (AOI22x1_ASAP7_75t_R)
  30.11 9069.75 ^ _229353_/Y (AOI221x1_ASAP7_75t_R)
  39.81 9109.56 ^ _229638_/Y (AND5x1_ASAP7_75t_R)
  23.05 9132.61 ^ _229640_/Y (AO221x1_ASAP7_75t_R)
  18.12 9150.72 ^ place21684/Y (BUFx6f_ASAP7_75t_R)
  26.72 9177.44 ^ _229740_/Y (OA31x2_ASAP7_75t_R)
  23.79 9201.23 ^ _229741_/Y (XNOR2x2_ASAP7_75t_R)
  24.88 9226.11 v _229742_/Y (XNOR2x2_ASAP7_75t_R)
  28.23 9254.34 v _229743_/Y (AO221x1_ASAP7_75t_R)
  25.69 9280.03 ^ _229749_/Y (AOI211x1_ASAP7_75t_R)
  17.42 9297.45 v _229763_/Y (NOR2x2_ASAP7_75t_R)
  23.50 9320.94 ^ _230125_/Y (AOI211x1_ASAP7_75t_R)
  35.15 9356.10 ^ _230181_/Y (OA21x2_ASAP7_75t_R)
  29.06 9385.16 ^ _230419_/Y (OA21x2_ASAP7_75t_R)
  26.80 9411.96 v _230420_/Y (XNOR2x2_ASAP7_75t_R)
  20.59 9432.55 ^ _230421_/Y (XNOR2x2_ASAP7_75t_R)
  33.20 9465.75 ^ _230422_/Y (AND5x1_ASAP7_75t_R)
  36.61 9502.36 ^ _230446_/Y (AND5x1_ASAP7_75t_R)
  19.22 9521.58 ^ _230513_/Y (AO31x2_ASAP7_75t_R)
  18.91 9540.49 v _230514_/Y (AOI221x1_ASAP7_75t_R)
  13.14 9553.62 ^ _230515_/Y (OAI21x1_ASAP7_75t_R)
  18.11 9571.73 ^ place21065/Y (BUFx6f_ASAP7_75t_R)
  20.70 9592.43 ^ place21062/Y (BUFx6f_ASAP7_75t_R)
  24.09 9616.52 ^ _230817_/Y (AND2x2_ASAP7_75t_R)
  22.87 9639.39 ^ _230818_/Y (XNOR2x2_ASAP7_75t_R)
  26.37 9665.76 v _230819_/Y (XNOR2x2_ASAP7_75t_R)
  18.67 9684.43 v _230872_/Y (OR2x2_ASAP7_75t_R)
  24.96 9709.39 v _230897_/Y (OA33x2_ASAP7_75t_R)
  14.09 9723.48 v _230898_/Y (OA21x2_ASAP7_75t_R)
  31.91 9755.39 v _230906_/Y (OA211x2_ASAP7_75t_R)
  14.92 9770.30 ^ _230918_/Y (OAI21x1_ASAP7_75t_R)
  28.29 9798.60 ^ _230936_/Y (AO21x2_ASAP7_75t_R)
  27.78 9826.38 ^ place20920/Y (BUFx3_ASAP7_75t_R)
  26.68 9853.06 ^ _230992_/Y (AND3x2_ASAP7_75t_R)
  27.70 9880.76 v _231175_/Y (XNOR2x2_ASAP7_75t_R)
  21.05 9901.81 ^ _231176_/Y (XNOR2x2_ASAP7_75t_R)
  30.20 9932.01 ^ _231180_/Y (AND4x1_ASAP7_75t_R)
   9.20 9941.21 v _231314_/Y (NAND3x1_ASAP7_75t_R)
  38.39 9979.59 v _231315_/Y (OR5x1_ASAP7_75t_R)
  26.97 10006.56 v _231371_/Y (AND5x2_ASAP7_75t_R)
  24.26 10030.82 ^ _231376_/Y (NAND2x1p5_ASAP7_75t_R)
  22.71 10053.53 ^ place20787/Y (BUFx6f_ASAP7_75t_R)
  17.49 10071.02 ^ _231559_/Y (AND2x2_ASAP7_75t_R)
  31.16 10102.19 v _231560_/Y (XNOR2x2_ASAP7_75t_R)
  13.09 10115.27 ^ _231561_/Y (NAND2x1_ASAP7_75t_R)
  31.86 10147.13 ^ _231575_/Y (AND5x2_ASAP7_75t_R)
  26.94 10174.07 ^ _231624_/Y (AND5x1_ASAP7_75t_R)
  25.61 10199.68 ^ _231625_/Y (OA211x2_ASAP7_75t_R)
  17.32 10217.00 ^ _231626_/Y (AND2x4_ASAP7_75t_R)
  26.23 10243.23 ^ _231767_/Y (AO211x2_ASAP7_75t_R)
  21.11 10264.34 ^ place20675/Y (BUFx6f_ASAP7_75t_R)
  21.03 10285.37 ^ _231908_/Y (AND2x2_ASAP7_75t_R)
  19.64 10305.02 v _231909_/Y (XOR2x2_ASAP7_75t_R)
  24.34 10329.36 v _231919_/Y (AO221x1_ASAP7_75t_R)
  28.15 10357.51 v _231938_/Y (OR5x1_ASAP7_75t_R)
  22.79 10380.30 v _231957_/Y (AO32x1_ASAP7_75t_R)
  24.61 10404.91 v _232004_/Y (OA221x2_ASAP7_75t_R)
  36.17 10441.08 v _232005_/Y (OR4x1_ASAP7_75t_R)
  30.54 10471.62 ^ _232006_/Y (NAND3x2_ASAP7_75t_R)
  32.90 10504.52 ^ _232185_/Y (AO22x1_ASAP7_75t_R)
  16.77 10521.29 ^ _232187_/Y (AO21x1_ASAP7_75t_R)
  24.18 10545.47 v _232190_/Y (AOI21x1_ASAP7_75t_R)
  31.91 10577.37 v _232248_/Y (OR3x1_ASAP7_75t_R)
  23.89 10601.26 v _232279_/Y (AO21x1_ASAP7_75t_R)
  29.13 10630.39 v _232503_/Y (AO22x2_ASAP7_75t_R)
  26.85 10657.23 ^ _232540_/Y (XNOR2x2_ASAP7_75t_R)
  22.11 10679.35 ^ _232542_/Y (AND3x2_ASAP7_75t_R)
  19.75 10699.10 ^ _232543_/Y (OR3x2_ASAP7_75t_R)
  17.79 10716.89 ^ place20232/Y (BUFx3_ASAP7_75t_R)
  17.03 10733.92 ^ _232615_/Y (AO31x2_ASAP7_75t_R)
  32.25 10766.17 ^ _232625_/Y (OA222x2_ASAP7_75t_R)
  21.07 10787.24 ^ _232638_/Y (MAJx2_ASAP7_75t_R)
  23.73 10810.97 ^ _232640_/Y (AO221x2_ASAP7_75t_R)
  14.66 10825.62 ^ place19938/Y (BUFx3_ASAP7_75t_R)
  22.91 10848.53 ^ _232669_/Y (AO31x2_ASAP7_75t_R)
  21.11 10869.64 v _232670_/Y (OAI21x1_ASAP7_75t_R)
  28.40 10898.05 v place19853/Y (BUFx3_ASAP7_75t_R)
  28.27 10926.32 v _233618_/Y (AO21x1_ASAP7_75t_R)
  31.54 10957.86 v _233619_/Y (OA211x2_ASAP7_75t_R)
  33.94 10991.80 v _233626_/Y (OR4x1_ASAP7_75t_R)
  27.61 11019.40 v _233632_/Y (OA211x2_ASAP7_75t_R)
  21.90 11041.31 v _233633_/Y (OA22x2_ASAP7_75t_R)
  22.25 11063.55 v _233721_/Y (AND5x2_ASAP7_75t_R)
  21.18 11084.73 v _233967_/Y (AND3x4_ASAP7_75t_R)
  22.92 11107.65 v _235036_/Y (AND5x2_ASAP7_75t_R)
  19.43 11127.08 v _235186_/Y (AND4x1_ASAP7_75t_R)
  16.80 11143.88 v _235297_/Y (AND3x2_ASAP7_75t_R)
  44.36 11188.25 v _235300_/Y (OR5x2_ASAP7_75t_R)
  24.88 11213.12 v place19574/Y (BUFx3_ASAP7_75t_R)
   7.50 11220.62 ^ _276097_/Y (INVx1_ASAP7_75t_R)
  29.56 11250.19 ^ _276098_/Y (AO32x2_ASAP7_75t_R)
  21.64 11271.83 v _279914_/Y (AOI21x1_ASAP7_75t_R)
  63.81 11335.64 ^ _280017_/Y (OAI21x1_ASAP7_75t_R)
  50.67 11386.31 v _326596_/Y (AOI22x1_ASAP7_75t_R)
  23.53 11409.84 v place19240/Y (BUFx6f_ASAP7_75t_R)
  20.37 11430.21 v place19238/Y (BUFx6f_ASAP7_75t_R)
  45.05 11475.26 v _334388_/Y (OA21x2_ASAP7_75t_R)
   8.07 11483.33 ^ _334389_/Y (NOR2x1_ASAP7_75t_R)
   0.12 11483.45 ^ _395836_/D (DFFHQNx1_ASAP7_75t_R)
        11483.45   data arrival time

12000.00 12000.00   clock core_clk (rise edge)
   0.00 12000.00   clock source latency
   0.00 12000.00 ^ clk (in)
  45.24 12045.24 ^ wire32813/Y (BUFx12f_ASAP7_75t_R)
  51.74 12096.99 ^ clkbuf_0_clk/Y (BUFx24_ASAP7_75t_R)
  27.57 12124.55 ^ clkbuf_1_1_0_clk/Y (BUFx24_ASAP7_75t_R)
  22.94 12147.50 ^ clkbuf_2_3_0_clk/Y (BUFx24_ASAP7_75t_R)
  30.79 12178.29 ^ clkbuf_3_7_0_clk/Y (BUFx24_ASAP7_75t_R)
  26.19 12204.48 ^ clkbuf_4_14_0_clk/Y (BUFx24_ASAP7_75t_R)
  26.10 12230.58 ^ clkbuf_6_58_0_clk/Y (BUFx24_ASAP7_75t_R)
  21.09 12251.67 ^ clkbuf_7_116__f_clk/Y (BUFx24_ASAP7_75t_R)
  23.01 12274.67 ^ clkbuf_leaf_591_clk/Y (BUFx24_ASAP7_75t_R)
   1.96 12276.63 ^ _395836_/CLK (DFFHQNx1_ASAP7_75t_R)
 -50.00 12226.63   clock uncertainty
   4.46 12231.09   clock reconvergence pessimism
 -10.99 12220.11   library setup time
        12220.11   data required time
---------------------------------------------------------
        12220.11   data required time
        -11483.45   data arrival time
---------------------------------------------------------
         736.65   slack (MET)


Startpoint: _386358_ (rising edge-triggered flip-flop clocked by core_clk)
Endpoint: _395836_ (rising edge-triggered flip-flop clocked by core_clk)
Path Group: reg2reg
Path Type: max

  Delay    Time   Description
---------------------------------------------------------
   0.00    0.00   clock core_clk (rise edge)
   0.00    0.00   clock source latency
   0.00    0.00 ^ clk (in)
  46.36   46.36 ^ wire32813/Y (BUFx12f_ASAP7_75t_R)
  53.38   99.75 ^ clkbuf_0_clk/Y (BUFx24_ASAP7_75t_R)
  28.51  128.26 ^ clkbuf_1_1_0_clk/Y (BUFx24_ASAP7_75t_R)
  23.70  151.96 ^ clkbuf_2_3_0_clk/Y (BUFx24_ASAP7_75t_R)
  32.83  184.79 ^ clkbuf_3_6_0_clk/Y (BUFx24_ASAP7_75t_R)
  26.85  211.64 ^ clkbuf_4_12_0_clk/Y (BUFx24_ASAP7_75t_R)
  27.58  239.22 ^ clkbuf_6_48_0_clk/Y (BUFx24_ASAP7_75t_R)
  22.29  261.50 ^ clkbuf_7_96__f_clk/Y (BUFx24_ASAP7_75t_R)
  24.98  286.48 ^ clkbuf_leaf_385_clk/Y (BUFx24_ASAP7_75t_R)
   2.87  289.35 ^ _386358_/CLK (DFFHQNx1_ASAP7_75t_R)
  78.73  368.08 v _386358_/QN (DFFHQNx1_ASAP7_75t_R)
  72.17  440.25 v _210677_/Y (OR4x2_ASAP7_75t_R)
  57.30  497.55 v place32433/Y (BUFx3_ASAP7_75t_R)
  66.16  563.70 v _210741_/Y (AND4x1_ASAP7_75t_R)
  34.66  598.36 v _210744_/Y (OA21x2_ASAP7_75t_R)
  54.90  653.26 v _210745_/Y (AND2x2_ASAP7_75t_R)
 123.11  776.37 v place31673/Y (BUFx3_ASAP7_75t_R)
  84.48  860.85 v _211121_/Y (OR3x2_ASAP7_75t_R)
  63.46  924.30 v _211124_/Y (OR2x2_ASAP7_75t_R)
 184.30 1108.60 v place30877/Y (BUFx3_ASAP7_75t_R)
  36.89 1145.49 v _214083_/Y (OA22x2_ASAP7_75t_R)
  14.64 1160.12 v _214088_/Y (AND4x1_ASAP7_75t_R)
  41.58 1201.70 ^ _214089_/Y (NAND3x1_ASAP7_75t_R)
  38.34 1240.04 v _214126_/Y (AOI221x1_ASAP7_75t_R)
  42.21 1282.25 v _214127_/Y (AND5x1_ASAP7_75t_R)
  29.72 1311.97 v _214553_/Y (AND4x1_ASAP7_75t_R)
  18.77 1330.74 v place29280/Y (BUFx3_ASAP7_75t_R)
  24.65 1355.40 ^ _214554_/Y (NAND3x1_ASAP7_75t_R)
  27.93 1383.33 ^ _217167_/Y (AND4x1_ASAP7_75t_R)
  27.87 1411.20 ^ _217174_/Y (AO221x1_ASAP7_75t_R)
  21.95 1433.15 ^ _217198_/Y (AO31x2_ASAP7_75t_R)
  20.25 1453.40 ^ place27934/Y (BUFx3_ASAP7_75t_R)
  10.70 1464.09 v _217278_/Y (OAI21x1_ASAP7_75t_R)
  25.57 1489.67 v _217284_/Y (OA211x2_ASAP7_75t_R)
  40.05 1529.72 v _217285_/Y (OR5x1_ASAP7_75t_R)
  33.32 1563.03 v _217286_/Y (MAJx2_ASAP7_75t_R)
  22.44 1585.48 v _217372_/Y (OA21x2_ASAP7_75t_R)
  24.83 1610.31 v _217375_/Y (OA222x2_ASAP7_75t_R)
  19.50 1629.81 v _217380_/Y (AND5x2_ASAP7_75t_R)
  30.66 1660.47 v _217382_/Y (OR3x2_ASAP7_75t_R)
  16.39 1676.87 ^ _217409_/Y (AOI21x1_ASAP7_75t_R)
  18.55 1695.42 ^ place26693/Y (BUFx3_ASAP7_75t_R)
   8.11 1703.53 v _217416_/Y (AOI211x1_ASAP7_75t_R)
  25.15 1728.67 ^ _217417_/Y (AOI221x1_ASAP7_75t_R)
  16.16 1744.84 v _217423_/Y (INVx1_ASAP7_75t_R)
  19.75 1764.59 v _217485_/Y (AO21x1_ASAP7_75t_R)
  32.05 1796.64 v _217488_/Y (AO21x1_ASAP7_75t_R)
  32.36 1829.00 v _217532_/Y (OA211x2_ASAP7_75t_R)
  21.82 1850.82 v _217533_/Y (XOR2x2_ASAP7_75t_R)
  21.19 1872.02 v _217545_/Y (MAJx2_ASAP7_75t_R)
  24.09 1896.11 v _217561_/Y (AO32x1_ASAP7_75t_R)
  24.73 1920.85 v _217562_/Y (MAJx2_ASAP7_75t_R)
  24.59 1945.43 v _217577_/Y (OA21x2_ASAP7_75t_R)
  16.90 1962.33 v place26187/Y (BUFx3_ASAP7_75t_R)
   8.47 1970.80 ^ _217612_/Y (NOR2x1_ASAP7_75t_R)
  27.24 1998.03 ^ _217613_/Y (XNOR2x2_ASAP7_75t_R)
  12.03 2010.07 v _217620_/Y (NOR2x1_ASAP7_75t_R)
  18.03 2028.09 ^ _217622_/Y (AOI22x1_ASAP7_75t_R)
  14.20 2042.29 v _217623_/Y (AOI21x1_ASAP7_75t_R)
  26.81 2069.11 v _217624_/Y (MAJx2_ASAP7_75t_R)
  28.30 2097.41 v _217669_/Y (AO32x1_ASAP7_75t_R)
  24.62 2122.03 v _217723_/Y (OR3x1_ASAP7_75t_R)
  26.03 2148.07 v _217732_/Y (AO221x1_ASAP7_75t_R)
  13.78 2161.85 ^ _217733_/Y (NAND3x1_ASAP7_75t_R)
  26.69 2188.54 ^ _217734_/Y (MAJx2_ASAP7_75t_R)
  21.78 2210.32 ^ _217735_/Y (MAJx2_ASAP7_75t_R)
  23.07 2233.39 ^ _217740_/Y (MAJx2_ASAP7_75t_R)
  25.63 2259.02 ^ _217741_/Y (AO221x1_ASAP7_75t_R)
  27.32 2286.34 ^ _217755_/Y (AO31x2_ASAP7_75t_R)
  23.88 2310.22 ^ _217807_/Y (AND3x1_ASAP7_75t_R)
  27.67 2337.89 v _217808_/Y (XNOR2x2_ASAP7_75t_R)
  18.85 2356.74 v _217809_/Y (OR2x2_ASAP7_75t_R)
  17.53 2374.28 v _217817_/Y (AO211x2_ASAP7_75t_R)
  30.10 2404.38 v _217818_/Y (AO32x2_ASAP7_75t_R)
  22.30 2426.68 v _217848_/Y (AO31x2_ASAP7_75t_R)
  28.77 2455.44 ^ _217853_/Y (AOI22x1_ASAP7_75t_R)
  21.88 2477.33 ^ _217888_/Y (AND2x2_ASAP7_75t_R)
  26.93 2504.26 v _217889_/Y (XNOR2x2_ASAP7_75t_R)
  21.61 2525.87 v _217890_/Y (OR2x2_ASAP7_75t_R)
  21.01 2546.88 v _217897_/Y (AO21x1_ASAP7_75t_R)
  16.97 2563.85 v _217898_/Y (AND2x2_ASAP7_75t_R)
  21.77 2585.62 v _217959_/Y (OA211x2_ASAP7_75t_R)
  19.67 2605.30 v _217960_/Y (OA21x2_ASAP7_75t_R)
  25.79 2631.08 v _218017_/Y (OA211x2_ASAP7_75t_R)
  21.46 2652.55 v _218018_/Y (XOR2x2_ASAP7_75t_R)
  27.77 2680.32 v _218038_/Y (OR4x1_ASAP7_75t_R)
  25.54 2705.86 v _218040_/Y (AO221x1_ASAP7_75t_R)
  33.42 2739.28 v _218043_/Y (AO33x2_ASAP7_75t_R)
  21.51 2760.79 v _218044_/Y (MAJx2_ASAP7_75t_R)
  27.13 2787.92 v _218049_/Y (MAJx3_ASAP7_75t_R)
  26.90 2814.82 v _218087_/Y (OA21x2_ASAP7_75t_R)
  16.18 2831.00 v _218091_/Y (AND2x4_ASAP7_75t_R)
  16.33 2847.33 v _218092_/Y (OA21x2_ASAP7_75t_R)
  25.31 2872.64 v _218093_/Y (OA222x2_ASAP7_75t_R)
  23.48 2896.12 v _218106_/Y (MAJx2_ASAP7_75t_R)
  29.73 2925.85 v _218130_/Y (AO32x2_ASAP7_75t_R)
  22.65 2948.50 v _218150_/Y (OA21x2_ASAP7_75t_R)
  28.49 2976.99 v _218190_/Y (OA211x2_ASAP7_75t_R)
  24.86 3001.85 v _218211_/Y (OA31x2_ASAP7_75t_R)
  27.47 3029.33 v _218260_/Y (AO32x1_ASAP7_75t_R)
  29.59 3058.92 v _218261_/Y (OR3x1_ASAP7_75t_R)
  24.00 3082.93 v _218270_/Y (OA22x2_ASAP7_75t_R)
  27.43 3110.35 v _218271_/Y (AO22x2_ASAP7_75t_R)
  30.15 3140.50 v _218276_/Y (AO22x2_ASAP7_75t_R)
  25.72 3166.22 v _218298_/Y (AO21x2_ASAP7_75t_R)
  16.65 3182.86 v place25618/Y (BUFx3_ASAP7_75t_R)
  15.38 3198.24 v _218449_/Y (AO21x1_ASAP7_75t_R)
   9.59 3207.83 ^ _218451_/Y (NAND2x1_ASAP7_75t_R)
  26.58 3234.41 ^ _218457_/Y (AO221x1_ASAP7_75t_R)
  24.62 3259.03 ^ _218458_/Y (AO32x1_ASAP7_75t_R)
  23.32 3282.35 ^ _218461_/Y (OA31x2_ASAP7_75t_R)
  28.12 3310.47 ^ _218493_/Y (OA21x2_ASAP7_75t_R)
  20.67 3331.14 v _218574_/Y (AOI21x1_ASAP7_75t_R)
  22.37 3353.51 v _218632_/Y (OA21x2_ASAP7_75t_R)
  26.08 3379.59 v _218633_/Y (OR4x1_ASAP7_75t_R)
  31.56 3411.15 v _218634_/Y (OA211x2_ASAP7_75t_R)
  27.87 3439.02 v _218635_/Y (MAJx2_ASAP7_75t_R)
  36.50 3475.52 v _218642_/Y (OR5x1_ASAP7_75t_R)
  11.72 3487.23 ^ _218643_/Y (OAI21x1_ASAP7_75t_R)
  15.75 3502.99 v _218664_/Y (OAI21x1_ASAP7_75t_R)
  20.23 3523.21 ^ _218760_/Y (AOI211x1_ASAP7_75t_R)
  27.31 3550.52 ^ _218763_/Y (OR2x2_ASAP7_75t_R)
  17.02 3567.55 ^ place25429/Y (BUFx6f_ASAP7_75t_R)
  13.87 3581.42 ^ place25427/Y (BUFx3_ASAP7_75t_R)
  18.86 3600.27 ^ _218821_/Y (OA21x2_ASAP7_75t_R)
  27.59 3627.86 v _218822_/Y (XNOR2x2_ASAP7_75t_R)
  16.50 3644.36 v _218823_/Y (AND2x2_ASAP7_75t_R)
  22.67 3667.03 v _218824_/Y (MAJx2_ASAP7_75t_R)
  23.76 3690.79 v _218825_/Y (MAJx2_ASAP7_75t_R)
  19.55 3710.34 ^ _218826_/Y (AOI221x1_ASAP7_75t_R)
  15.68 3726.03 v _218981_/Y (OAI21x1_ASAP7_75t_R)
  19.58 3745.61 v place25318/Y (BUFx6f_ASAP7_75t_R)
  26.00 3771.61 ^ _218987_/Y (NOR2x1_ASAP7_75t_R)
  26.36 3797.97 ^ _218995_/Y (OA22x2_ASAP7_75t_R)
  16.88 3814.85 ^ _219001_/Y (AO31x2_ASAP7_75t_R)
  35.48 3850.33 ^ _219008_/Y (AO221x1_ASAP7_75t_R)
  31.33 3881.67 ^ _219217_/Y (AO211x2_ASAP7_75t_R)
  28.93 3910.60 ^ _219222_/Y (AND5x2_ASAP7_75t_R)
  38.18 3948.78 ^ _219231_/Y (OA31x2_ASAP7_75t_R)
  23.43 3972.21 ^ place25226/Y (BUFx6f_ASAP7_75t_R)
  16.81 3989.02 ^ _219398_/Y (AND2x4_ASAP7_75t_R)
  25.68 4014.70 v _219399_/Y (XNOR2x2_ASAP7_75t_R)
  22.75 4037.45 v _219451_/Y (AO32x1_ASAP7_75t_R)
  18.59 4056.04 v _219459_/Y (OA21x2_ASAP7_75t_R)
  33.16 4089.20 v _219485_/Y (OA221x2_ASAP7_75t_R)
  18.78 4107.99 v place25136/Y (BUFx6f_ASAP7_75t_R)
  14.01 4121.99 ^ _219494_/Y (AOI21x1_ASAP7_75t_R)
  25.52 4147.51 ^ _219611_/Y (AND4x1_ASAP7_75t_R)
  22.18 4169.69 v _219612_/Y (AOI221x1_ASAP7_75t_R)
  18.86 4188.55 ^ _219633_/Y (AOI22x1_ASAP7_75t_R)
  28.58 4217.13 ^ _219634_/Y (OA31x2_ASAP7_75t_R)
  24.23 4241.36 ^ _219653_/Y (AO221x1_ASAP7_75t_R)
  28.26 4269.62 ^ _219666_/Y (AO31x2_ASAP7_75t_R)
  29.11 4298.74 ^ _219763_/Y (AO21x1_ASAP7_75t_R)
  17.66 4316.40 ^ place25012/Y (BUFx6f_ASAP7_75t_R)
  23.60 4339.99 ^ _220048_/Y (AO31x2_ASAP7_75t_R)
  20.05 4360.04 ^ _220050_/Y (AND2x2_ASAP7_75t_R)
  29.07 4389.11 v _220051_/Y (XNOR2x2_ASAP7_75t_R)
  18.96 4408.07 v _220065_/Y (OA31x2_ASAP7_75t_R)
  35.45 4443.52 v _220113_/Y (OR5x1_ASAP7_75t_R)
  22.72 4466.24 v _220143_/Y (AO211x2_ASAP7_75t_R)
  19.49 4485.73 v _220166_/Y (AO31x2_ASAP7_75t_R)
  30.48 4516.21 ^ _220179_/Y (AOI21x1_ASAP7_75t_R)
  24.05 4540.26 ^ place24895/Y (BUFx6f_ASAP7_75t_R)
  16.95 4557.22 ^ _220392_/Y (OA21x2_ASAP7_75t_R)
  27.86 4585.08 ^ _220393_/Y (AO22x1_ASAP7_75t_R)
  21.01 4606.09 ^ _220394_/Y (OR2x2_ASAP7_75t_R)
  17.94 4624.03 ^ _220395_/Y (AO211x2_ASAP7_75t_R)
  11.10 4635.14 v _220397_/Y (AOI22x1_ASAP7_75t_R)
  40.25 4675.38 v _220465_/Y (OR3x2_ASAP7_75t_R)
  29.50 4704.89 v _220567_/Y (AO21x1_ASAP7_75t_R)
  29.10 4733.99 v _220642_/Y (OA211x2_ASAP7_75t_R)
  23.82 4757.81 v _220643_/Y (XOR2x2_ASAP7_75t_R)
  22.52 4780.32 v _220786_/Y (AO22x2_ASAP7_75t_R)
  29.95 4810.27 v _220802_/Y (OR4x1_ASAP7_75t_R)
  34.92 4845.19 v _220811_/Y (AO32x1_ASAP7_75t_R)
  23.17 4868.36 v place24708/Y (BUFx3_ASAP7_75t_R)
  27.19 4895.55 v _220958_/Y (AO221x1_ASAP7_75t_R)
  29.28 4924.83 v _220959_/Y (OA211x2_ASAP7_75t_R)
  25.77 4950.60 v _221039_/Y (OA211x2_ASAP7_75t_R)
  23.26 4973.86 v _221040_/Y (XNOR2x2_ASAP7_75t_R)
  28.48 5002.33 v _221138_/Y (OA221x2_ASAP7_75t_R)
  27.81 5030.14 v _221139_/Y (OA211x2_ASAP7_75t_R)
  18.14 5048.28 v _221142_/Y (OA21x2_ASAP7_75t_R)
  19.05 5067.33 v _221143_/Y (OA21x2_ASAP7_75t_R)
  20.53 5087.86 v _221176_/Y (OA21x2_ASAP7_75t_R)
  26.41 5114.27 v _221217_/Y (AO21x2_ASAP7_75t_R)
  23.48 5137.75 v _221338_/Y (AND2x2_ASAP7_75t_R)
  24.63 5162.38 v _221339_/Y (XOR2x2_ASAP7_75t_R)
  25.50 5187.88 v _221375_/Y (OA211x2_ASAP7_75t_R)
  23.13 5211.01 ^ _221376_/Y (AOI211x1_ASAP7_75t_R)
  34.01 5245.02 ^ _221592_/Y (AO211x2_ASAP7_75t_R)
  22.74 5267.77 ^ _221600_/Y (AO31x2_ASAP7_75t_R)
  33.20 5300.97 ^ _221602_/Y (AND5x2_ASAP7_75t_R)
  18.34 5319.30 ^ place24445/Y (BUFx3_ASAP7_75t_R)
  18.45 5337.75 ^ _221804_/Y (OA31x2_ASAP7_75t_R)
  30.50 5368.25 v _221805_/Y (XNOR2x2_ASAP7_75t_R)
  21.55 5389.80 v _221841_/Y (OR2x2_ASAP7_75t_R)
  21.05 5410.85 v _221842_/Y (MAJx2_ASAP7_75t_R)
  22.37 5433.22 v _221846_/Y (MAJx2_ASAP7_75t_R)
  21.24 5454.46 v _221882_/Y (AND5x1_ASAP7_75t_R)
  22.01 5476.48 ^ _221926_/Y (OAI21x1_ASAP7_75t_R)
  22.89 5499.37 ^ place24326/Y (BUFx3_ASAP7_75t_R)
  20.13 5519.50 v _222073_/Y (AOI211x1_ASAP7_75t_R)
  23.73 5543.23 v _222155_/Y (OA21x2_ASAP7_75t_R)
  26.49 5569.73 ^ _222156_/Y (XOR2x2_ASAP7_75t_R)
  20.86 5590.59 ^ place24271/Y (BUFx3_ASAP7_75t_R)
  14.54 5605.13 v _222157_/Y (INVx1_ASAP7_75t_R)
  24.51 5629.64 v _222163_/Y (MAJx2_ASAP7_75t_R)
  14.56 5644.20 ^ _222164_/Y (AOI21x1_ASAP7_75t_R)
  22.53 5666.73 v _222322_/Y (NOR2x1_ASAP7_75t_R)
  29.06 5695.79 v _222326_/Y (AO22x2_ASAP7_75t_R)
  38.00 5733.79 v _222333_/Y (AO221x2_ASAP7_75t_R)
  22.34 5756.13 v place24142/Y (BUFx6f_ASAP7_75t_R)
  18.29 5774.42 v _222673_/Y (AO21x1_ASAP7_75t_R)
  20.52 5794.94 v _222675_/Y (AO22x2_ASAP7_75t_R)
  18.78 5813.72 v place24098/Y (BUFx3_ASAP7_75t_R)
  23.76 5837.47 v _222776_/Y (MAJx2_ASAP7_75t_R)
  15.23 5852.70 v _222872_/Y (OA21x2_ASAP7_75t_R)
  27.16 5879.86 v _222915_/Y (OR4x1_ASAP7_75t_R)
  32.98 5912.84 v _222917_/Y (OA211x2_ASAP7_75t_R)
  32.44 5945.28 v _222939_/Y (AO221x1_ASAP7_75t_R)
  28.98 5974.26 v _222940_/Y (AO211x2_ASAP7_75t_R)
  22.37 5996.64 v place23985/Y (BUFx6f_ASAP7_75t_R)
  15.90 6012.54 ^ _223249_/Y (NAND3x1_ASAP7_75t_R)
  20.47 6033.01 ^ _223250_/Y (AND3x1_ASAP7_75t_R)
  20.05 6053.07 ^ _223252_/Y (OA211x2_ASAP7_75t_R)
  20.56 6073.63 ^ _223253_/Y (AND3x1_ASAP7_75t_R)
  31.59 6105.22 ^ _223254_/Y (AND5x1_ASAP7_75t_R)
  30.44 6135.66 ^ _223255_/Y (AND5x1_ASAP7_75t_R)
  16.83 6152.49 ^ _223256_/Y (OR4x2_ASAP7_75t_R)
  20.81 6173.30 ^ place23853/Y (BUFx3_ASAP7_75t_R)
  19.61 6192.91 v _223257_/Y (NOR2x2_ASAP7_75t_R)
  16.90 6209.81 v place23846/Y (BUFx6f_ASAP7_75t_R)
  27.25 6237.06 v _223374_/Y (OR4x1_ASAP7_75t_R)
  19.72 6256.78 v _223375_/Y (AND4x1_ASAP7_75t_R)
  23.41 6280.19 ^ _223376_/Y (XNOR2x2_ASAP7_75t_R)
  17.46 6297.65 ^ _223377_/Y (AND2x2_ASAP7_75t_R)
  35.53 6333.18 ^ _223439_/Y (AND5x1_ASAP7_75t_R)
  16.52 6349.70 ^ place23753/Y (BUFx6f_ASAP7_75t_R)
  13.24 6362.94 v _223668_/Y (NAND3x1_ASAP7_75t_R)
  25.71 6388.65 v place23730/Y (BUFx3_ASAP7_75t_R)
  32.27 6420.92 v _223817_/Y (AO32x1_ASAP7_75t_R)
  22.94 6443.86 v _223977_/Y (XOR2x2_ASAP7_75t_R)
  22.04 6465.90 v _223993_/Y (MAJx2_ASAP7_75t_R)
  39.30 6505.20 v _223994_/Y (OR4x2_ASAP7_75t_R)
  13.94 6519.14 ^ _223995_/Y (AOI21x1_ASAP7_75t_R)
  23.10 6542.24 ^ _224023_/Y (OA31x2_ASAP7_75t_R)
  18.18 6560.42 ^ _224027_/Y (AO21x2_ASAP7_75t_R)
  24.24 6584.66 ^ _224028_/Y (AO211x2_ASAP7_75t_R)
  16.81 6601.47 ^ place23565/Y (BUFx6f_ASAP7_75t_R)
   9.06 6610.53 v _224375_/Y (NAND2x1_ASAP7_75t_R)
  33.83 6644.37 v _224386_/Y (OR5x1_ASAP7_75t_R)
  17.14 6661.51 v _224387_/Y (AND4x1_ASAP7_75t_R)
  44.16 6705.67 v _224397_/Y (OR5x1_ASAP7_75t_R)
  22.25 6727.92 v place23468/Y (BUFx3_ASAP7_75t_R)
  10.24 6738.16 ^ _224398_/Y (AOI211x1_ASAP7_75t_R)
  28.30 6766.46 ^ _224454_/Y (OA21x2_ASAP7_75t_R)
  30.34 6796.79 ^ _224494_/Y (OR3x2_ASAP7_75t_R)
  21.40 6818.19 ^ place23431/Y (BUFx3_ASAP7_75t_R)
  19.94 6838.12 ^ _224898_/Y (OA21x2_ASAP7_75t_R)
  22.56 6860.69 ^ _224899_/Y (AND3x1_ASAP7_75t_R)
  22.55 6883.24 ^ _224900_/Y (XNOR2x2_ASAP7_75t_R)
  21.37 6904.61 ^ _224902_/Y (OA211x2_ASAP7_75t_R)
  23.62 6928.22 ^ _224913_/Y (AND3x1_ASAP7_75t_R)
  23.48 6951.70 ^ _224922_/Y (AND3x1_ASAP7_75t_R)
  25.19 6976.89 ^ _224933_/Y (AND3x1_ASAP7_75t_R)
  19.12 6996.02 ^ place23290/Y (BUFx6f_ASAP7_75t_R)
  30.94 7026.96 ^ place23289/Y (BUFx3_ASAP7_75t_R)
  19.71 7046.66 ^ _225100_/Y (AO21x1_ASAP7_75t_R)
  29.90 7076.56 v _225101_/Y (XNOR2x2_ASAP7_75t_R)
  11.40 7087.96 ^ _225293_/Y (NAND2x1_ASAP7_75t_R)
  30.99 7118.96 ^ _225317_/Y (AND5x1_ASAP7_75t_R)
  28.10 7147.06 ^ _225318_/Y (AND4x1_ASAP7_75t_R)
  36.48 7183.54 ^ _225319_/Y (AND5x1_ASAP7_75t_R)
  17.73 7201.27 ^ _225371_/Y (OR4x2_ASAP7_75t_R)
  16.77 7218.04 ^ _225393_/Y (AO21x1_ASAP7_75t_R)
  29.53 7247.57 ^ place23178/Y (BUFx3_ASAP7_75t_R)
  37.73 7285.29 ^ _225573_/Y (AO211x2_ASAP7_75t_R)
  19.49 7304.79 ^ _225574_/Y (OA31x2_ASAP7_75t_R)
  23.24 7328.02 ^ _225585_/Y (OA31x2_ASAP7_75t_R)
  18.00 7346.02 ^ _225597_/Y (OR3x1_ASAP7_75t_R)
  25.88 7371.90 ^ _225616_/Y (AO211x2_ASAP7_75t_R)
  26.10 7397.99 ^ _225664_/Y (AO211x2_ASAP7_75t_R)
  23.95 7421.94 ^ _225676_/Y (AND3x1_ASAP7_75t_R)
  27.71 7449.65 ^ _225721_/Y (OA211x2_ASAP7_75t_R)
  31.24 7480.89 ^ _225732_/Y (AO221x1_ASAP7_75t_R)
  30.11 7511.00 v _225983_/Y (XNOR2x2_ASAP7_75t_R)
  41.29 7552.29 v _225996_/Y (OR5x1_ASAP7_75t_R)
  25.29 7577.58 ^ _225997_/Y (AOI211x1_ASAP7_75t_R)
  40.21 7617.78 ^ _225998_/Y (AND4x2_ASAP7_75t_R)
  15.06 7632.85 v _226127_/Y (OAI21x1_ASAP7_75t_R)
  23.71 7656.56 v _226147_/Y (AND3x1_ASAP7_75t_R)
  26.74 7683.30 v place22877/Y (BUFx3_ASAP7_75t_R)
  28.56 7711.86 v _226283_/Y (OR3x1_ASAP7_75t_R)
  19.74 7731.60 v _226345_/Y (AO21x1_ASAP7_75t_R)
  18.15 7749.75 v _226349_/Y (AND2x2_ASAP7_75t_R)
  20.83 7770.59 v _226351_/Y (OR3x1_ASAP7_75t_R)
  16.86 7787.45 v _226353_/Y (AND4x1_ASAP7_75t_R)
  27.94 7815.39 ^ _226637_/Y (AOI221x1_ASAP7_75t_R)
  28.07 7843.45 ^ place22754/Y (BUFx3_ASAP7_75t_R)
  24.02 7867.48 ^ _226639_/Y (OA21x2_ASAP7_75t_R)
  20.84 7888.32 ^ _226653_/Y (OA21x2_ASAP7_75t_R)
  20.50 7908.82 ^ _226654_/Y (MAJx2_ASAP7_75t_R)
  18.99 7927.81 ^ _226655_/Y (MAJx2_ASAP7_75t_R)
  26.89 7954.70 v _226656_/Y (XNOR2x2_ASAP7_75t_R)
  22.19 7976.89 v _226657_/Y (AO21x1_ASAP7_75t_R)
  24.53 8001.41 ^ _226660_/Y (NAND3x1_ASAP7_75t_R)
  32.37 8033.79 ^ _226751_/Y (AO221x1_ASAP7_75t_R)
  13.43 8047.22 v _226798_/Y (AOI21x1_ASAP7_75t_R)
  38.64 8085.87 v _227061_/Y (OR4x2_ASAP7_75t_R)
  20.06 8105.93 v place22557/Y (BUFx6f_ASAP7_75t_R)
  26.15 8132.08 v place22554/Y (BUFx6f_ASAP7_75t_R)
  15.23 8147.30 v _227302_/Y (AND3x1_ASAP7_75t_R)
  22.08 8169.38 v _227309_/Y (OA22x2_ASAP7_75t_R)
  15.20 8184.58 v _227329_/Y (AND4x1_ASAP7_75t_R)
  32.89 8217.48 v _227484_/Y (OA211x2_ASAP7_75t_R)
  24.19 8241.66 v _227512_/Y (AND5x2_ASAP7_75t_R)
  28.22 8269.88 v _227530_/Y (OR3x1_ASAP7_75t_R)
  32.68 8302.56 v _227532_/Y (OR3x1_ASAP7_75t_R)
  26.40 8328.96 v place22396/Y (BUFx3_ASAP7_75t_R)
  20.79 8349.76 v place22395/Y (BUFx3_ASAP7_75t_R)
  21.30 8371.06 v _227733_/Y (AND2x2_ASAP7_75t_R)
  19.67 8390.73 v _227734_/Y (XNOR2x2_ASAP7_75t_R)
  24.47 8415.20 v _227763_/Y (AO221x1_ASAP7_75t_R)
  26.71 8441.92 v _227783_/Y (AO32x1_ASAP7_75t_R)
  19.06 8460.98 ^ _227860_/Y (OAI21x1_ASAP7_75t_R)
  19.06 8480.03 ^ place22249/Y (BUFx6f_ASAP7_75t_R)
   7.84 8487.87 v _227861_/Y (NAND2x1_ASAP7_75t_R)
  23.29 8511.16 v _227862_/Y (AND2x2_ASAP7_75t_R)
  20.46 8531.62 v place22223/Y (BUFx3_ASAP7_75t_R)
  37.01 8568.63 v _228259_/Y (OR5x1_ASAP7_75t_R)
  24.78 8593.42 v _228294_/Y (AND5x1_ASAP7_75t_R)
  23.63 8617.05 v _228295_/Y (AO221x1_ASAP7_75t_R)
  28.78 8645.83 v _228296_/Y (AO221x1_ASAP7_75t_R)
  23.44 8669.28 ^ _228325_/Y (NAND2x1_ASAP7_75t_R)
  36.12 8705.40 ^ _228377_/Y (AO221x2_ASAP7_75t_R)
  23.48 8728.87 v _228378_/Y (NAND2x1_ASAP7_75t_R)
  21.80 8750.67 v place22046/Y (BUFx6f_ASAP7_75t_R)
  15.34 8766.02 v place22045/Y (BUFx3_ASAP7_75t_R)
  24.33 8790.34 v _228623_/Y (AO21x1_ASAP7_75t_R)
  20.06 8810.41 v _228624_/Y (AND2x4_ASAP7_75t_R)
  22.30 8832.71 ^ _228937_/Y (XNOR2x2_ASAP7_75t_R)
  25.26 8857.97 ^ _228939_/Y (AND4x1_ASAP7_75t_R)
   9.81 8867.78 v _228940_/Y (NAND2x1_ASAP7_75t_R)
  38.59 8906.36 v _228953_/Y (OR4x1_ASAP7_75t_R)
  23.52 8929.89 v _229055_/Y (OA21x2_ASAP7_75t_R)
  19.63 8949.52 v _229056_/Y (OA21x2_ASAP7_75t_R)
  21.98 8971.50 v place21843/Y (BUFx3_ASAP7_75t_R)
  21.32 8992.82 v place21842/Y (BUFx3_ASAP7_75t_R)
  27.69 9020.50 v _229327_/Y (OR4x1_ASAP7_75t_R)
   8.34 9028.85 ^ _229328_/Y (OAI21x1_ASAP7_75t_R)
  10.79 9039.64 v _229333_/Y (AOI22x1_ASAP7_75t_R)
  30.11 9069.75 ^ _229353_/Y (AOI221x1_ASAP7_75t_R)
  39.81 9109.56 ^ _229638_/Y (AND5x1_ASAP7_75t_R)
  23.05 9132.61 ^ _229640_/Y (AO221x1_ASAP7_75t_R)
  18.12 9150.72 ^ place21684/Y (BUFx6f_ASAP7_75t_R)
  26.72 9177.44 ^ _229740_/Y (OA31x2_ASAP7_75t_R)
  23.79 9201.23 ^ _229741_/Y (XNOR2x2_ASAP7_75t_R)
  24.88 9226.11 v _229742_/Y (XNOR2x2_ASAP7_75t_R)
  28.23 9254.34 v _229743_/Y (AO221x1_ASAP7_75t_R)
  25.69 9280.03 ^ _229749_/Y (AOI211x1_ASAP7_75t_R)
  17.42 9297.45 v _229763_/Y (NOR2x2_ASAP7_75t_R)
  23.50 9320.94 ^ _230125_/Y (AOI211x1_ASAP7_75t_R)
  35.15 9356.10 ^ _230181_/Y (OA21x2_ASAP7_75t_R)
  29.06 9385.16 ^ _230419_/Y (OA21x2_ASAP7_75t_R)
  26.80 9411.96 v _230420_/Y (XNOR2x2_ASAP7_75t_R)
  20.59 9432.55 ^ _230421_/Y (XNOR2x2_ASAP7_75t_R)
  33.20 9465.75 ^ _230422_/Y (AND5x1_ASAP7_75t_R)
  36.61 9502.36 ^ _230446_/Y (AND5x1_ASAP7_75t_R)
  19.22 9521.58 ^ _230513_/Y (AO31x2_ASAP7_75t_R)
  18.91 9540.49 v _230514_/Y (AOI221x1_ASAP7_75t_R)
  13.14 9553.62 ^ _230515_/Y (OAI21x1_ASAP7_75t_R)
  18.11 9571.73 ^ place21065/Y (BUFx6f_ASAP7_75t_R)
  20.70 9592.43 ^ place21062/Y (BUFx6f_ASAP7_75t_R)
  24.09 9616.52 ^ _230817_/Y (AND2x2_ASAP7_75t_R)
  22.87 9639.39 ^ _230818_/Y (XNOR2x2_ASAP7_75t_R)
  26.37 9665.76 v _230819_/Y (XNOR2x2_ASAP7_75t_R)
  18.67 9684.43 v _230872_/Y (OR2x2_ASAP7_75t_R)
  24.96 9709.39 v _230897_/Y (OA33x2_ASAP7_75t_R)
  14.09 9723.48 v _230898_/Y (OA21x2_ASAP7_75t_R)
  31.91 9755.39 v _230906_/Y (OA211x2_ASAP7_75t_R)
  14.92 9770.30 ^ _230918_/Y (OAI21x1_ASAP7_75t_R)
  28.29 9798.60 ^ _230936_/Y (AO21x2_ASAP7_75t_R)
  27.78 9826.38 ^ place20920/Y (BUFx3_ASAP7_75t_R)
  26.68 9853.06 ^ _230992_/Y (AND3x2_ASAP7_75t_R)
  27.70 9880.76 v _231175_/Y (XNOR2x2_ASAP7_75t_R)
  21.05 9901.81 ^ _231176_/Y (XNOR2x2_ASAP7_75t_R)
  30.20 9932.01 ^ _231180_/Y (AND4x1_ASAP7_75t_R)
   9.20 9941.21 v _231314_/Y (NAND3x1_ASAP7_75t_R)
  38.39 9979.59 v _231315_/Y (OR5x1_ASAP7_75t_R)
  26.97 10006.56 v _231371_/Y (AND5x2_ASAP7_75t_R)
  24.26 10030.82 ^ _231376_/Y (NAND2x1p5_ASAP7_75t_R)
  22.71 10053.53 ^ place20787/Y (BUFx6f_ASAP7_75t_R)
  17.49 10071.02 ^ _231559_/Y (AND2x2_ASAP7_75t_R)
  31.16 10102.19 v _231560_/Y (XNOR2x2_ASAP7_75t_R)
  13.09 10115.27 ^ _231561_/Y (NAND2x1_ASAP7_75t_R)
  31.86 10147.13 ^ _231575_/Y (AND5x2_ASAP7_75t_R)
  26.94 10174.07 ^ _231624_/Y (AND5x1_ASAP7_75t_R)
  25.61 10199.68 ^ _231625_/Y (OA211x2_ASAP7_75t_R)
  17.32 10217.00 ^ _231626_/Y (AND2x4_ASAP7_75t_R)
  26.23 10243.23 ^ _231767_/Y (AO211x2_ASAP7_75t_R)
  21.11 10264.34 ^ place20675/Y (BUFx6f_ASAP7_75t_R)
  21.03 10285.37 ^ _231908_/Y (AND2x2_ASAP7_75t_R)
  19.64 10305.02 v _231909_/Y (XOR2x2_ASAP7_75t_R)
  24.34 10329.36 v _231919_/Y (AO221x1_ASAP7_75t_R)
  28.15 10357.51 v _231938_/Y (OR5x1_ASAP7_75t_R)
  22.79 10380.30 v _231957_/Y (AO32x1_ASAP7_75t_R)
  24.61 10404.91 v _232004_/Y (OA221x2_ASAP7_75t_R)
  36.17 10441.08 v _232005_/Y (OR4x1_ASAP7_75t_R)
  30.54 10471.62 ^ _232006_/Y (NAND3x2_ASAP7_75t_R)
  32.90 10504.52 ^ _232185_/Y (AO22x1_ASAP7_75t_R)
  16.77 10521.29 ^ _232187_/Y (AO21x1_ASAP7_75t_R)
  24.18 10545.47 v _232190_/Y (AOI21x1_ASAP7_75t_R)
  31.91 10577.37 v _232248_/Y (OR3x1_ASAP7_75t_R)
  23.89 10601.26 v _232279_/Y (AO21x1_ASAP7_75t_R)
  29.13 10630.39 v _232503_/Y (AO22x2_ASAP7_75t_R)
  26.85 10657.23 ^ _232540_/Y (XNOR2x2_ASAP7_75t_R)
  22.11 10679.35 ^ _232542_/Y (AND3x2_ASAP7_75t_R)
  19.75 10699.10 ^ _232543_/Y (OR3x2_ASAP7_75t_R)
  17.79 10716.89 ^ place20232/Y (BUFx3_ASAP7_75t_R)
  17.03 10733.92 ^ _232615_/Y (AO31x2_ASAP7_75t_R)
  32.25 10766.17 ^ _232625_/Y (OA222x2_ASAP7_75t_R)
  21.07 10787.24 ^ _232638_/Y (MAJx2_ASAP7_75t_R)
  23.73 10810.97 ^ _232640_/Y (AO221x2_ASAP7_75t_R)
  14.66 10825.62 ^ place19938/Y (BUFx3_ASAP7_75t_R)
  22.91 10848.53 ^ _232669_/Y (AO31x2_ASAP7_75t_R)
  21.11 10869.64 v _232670_/Y (OAI21x1_ASAP7_75t_R)
  28.40 10898.05 v place19853/Y (BUFx3_ASAP7_75t_R)
  28.27 10926.32 v _233618_/Y (AO21x1_ASAP7_75t_R)
  31.54 10957.86 v _233619_/Y (OA211x2_ASAP7_75t_R)
  33.94 10991.80 v _233626_/Y (OR4x1_ASAP7_75t_R)
  27.61 11019.40 v _233632_/Y (OA211x2_ASAP7_75t_R)
  21.90 11041.31 v _233633_/Y (OA22x2_ASAP7_75t_R)
  22.25 11063.55 v _233721_/Y (AND5x2_ASAP7_75t_R)
  21.18 11084.73 v _233967_/Y (AND3x4_ASAP7_75t_R)
  22.92 11107.65 v _235036_/Y (AND5x2_ASAP7_75t_R)
  19.43 11127.08 v _235186_/Y (AND4x1_ASAP7_75t_R)
  16.80 11143.88 v _235297_/Y (AND3x2_ASAP7_75t_R)
  44.36 11188.25 v _235300_/Y (OR5x2_ASAP7_75t_R)
  24.88 11213.12 v place19574/Y (BUFx3_ASAP7_75t_R)
   7.50 11220.62 ^ _276097_/Y (INVx1_ASAP7_75t_R)
  29.56 11250.19 ^ _276098_/Y (AO32x2_ASAP7_75t_R)
  21.64 11271.83 v _279914_/Y (AOI21x1_ASAP7_75t_R)
  63.81 11335.64 ^ _280017_/Y (OAI21x1_ASAP7_75t_R)
  50.67 11386.31 v _326596_/Y (AOI22x1_ASAP7_75t_R)
  23.53 11409.84 v place19240/Y (BUFx6f_ASAP7_75t_R)
  20.37 11430.21 v place19238/Y (BUFx6f_ASAP7_75t_R)
  45.05 11475.26 v _334388_/Y (OA21x2_ASAP7_75t_R)
   8.07 11483.33 ^ _334389_/Y (NOR2x1_ASAP7_75t_R)
   0.12 11483.45 ^ _395836_/D (DFFHQNx1_ASAP7_75t_R)
        11483.45   data arrival time

12000.00 12000.00   clock core_clk (rise edge)
   0.00 12000.00   clock source latency
   0.00 12000.00 ^ clk (in)
  45.24 12045.24 ^ wire32813/Y (BUFx12f_ASAP7_75t_R)
  51.74 12096.99 ^ clkbuf_0_clk/Y (BUFx24_ASAP7_75t_R)
  27.57 12124.55 ^ clkbuf_1_1_0_clk/Y (BUFx24_ASAP7_75t_R)
  22.94 12147.50 ^ clkbuf_2_3_0_clk/Y (BUFx24_ASAP7_75t_R)
  30.79 12178.29 ^ clkbuf_3_7_0_clk/Y (BUFx24_ASAP7_75t_R)
  26.19 12204.48 ^ clkbuf_4_14_0_clk/Y (BUFx24_ASAP7_75t_R)
  26.10 12230.58 ^ clkbuf_6_58_0_clk/Y (BUFx24_ASAP7_75t_R)
  21.09 12251.67 ^ clkbuf_7_116__f_clk/Y (BUFx24_ASAP7_75t_R)
  23.01 12274.67 ^ clkbuf_leaf_591_clk/Y (BUFx24_ASAP7_75t_R)
   1.96 12276.63 ^ _395836_/CLK (DFFHQNx1_ASAP7_75t_R)
 -50.00 12226.63   clock uncertainty
   4.46 12231.09   clock reconvergence pessimism
 -10.99 12220.11   library setup time
        12220.11   data required time
---------------------------------------------------------
        12220.11   data required time
        -11483.45   data arrival time
---------------------------------------------------------
         736.65   slack (MET)


Startpoint: _386358_ (rising edge-triggered flip-flop clocked by core_clk)
Endpoint: _395836_ (rising edge-triggered flip-flop clocked by core_clk)
Path Group: reg2reg
Path Type: max

  Delay    Time   Description
---------------------------------------------------------
   0.00    0.00   clock core_clk (rise edge)
   0.00    0.00   clock source latency
   0.00    0.00 ^ clk (in)
  46.36   46.36 ^ wire32813/Y (BUFx12f_ASAP7_75t_R)
  53.38   99.75 ^ clkbuf_0_clk/Y (BUFx24_ASAP7_75t_R)
  28.51  128.26 ^ clkbuf_1_1_0_clk/Y (BUFx24_ASAP7_75t_R)
  23.70  151.96 ^ clkbuf_2_3_0_clk/Y (BUFx24_ASAP7_75t_R)
  32.83  184.79 ^ clkbuf_3_6_0_clk/Y (BUFx24_ASAP7_75t_R)
  26.85  211.64 ^ clkbuf_4_12_0_clk/Y (BUFx24_ASAP7_75t_R)
  27.58  239.22 ^ clkbuf_6_48_0_clk/Y (BUFx24_ASAP7_75t_R)
  22.29  261.50 ^ clkbuf_7_96__f_clk/Y (BUFx24_ASAP7_75t_R)
  24.98  286.48 ^ clkbuf_leaf_385_clk/Y (BUFx24_ASAP7_75t_R)
   2.87  289.35 ^ _386358_/CLK (DFFHQNx1_ASAP7_75t_R)
  78.73  368.08 v _386358_/QN (DFFHQNx1_ASAP7_75t_R)
  72.17  440.25 v _210677_/Y (OR4x2_ASAP7_75t_R)
  57.30  497.55 v place32433/Y (BUFx3_ASAP7_75t_R)
  66.16  563.70 v _210741_/Y (AND4x1_ASAP7_75t_R)
  34.66  598.36 v _210744_/Y (OA21x2_ASAP7_75t_R)
  54.90  653.26 v _210745_/Y (AND2x2_ASAP7_75t_R)
 123.11  776.37 v place31673/Y (BUFx3_ASAP7_75t_R)
  84.48  860.85 v _211121_/Y (OR3x2_ASAP7_75t_R)
  63.46  924.30 v _211124_/Y (OR2x2_ASAP7_75t_R)
 184.30 1108.60 v place30877/Y (BUFx3_ASAP7_75t_R)
  36.89 1145.49 v _214083_/Y (OA22x2_ASAP7_75t_R)
  14.64 1160.12 v _214088_/Y (AND4x1_ASAP7_75t_R)
  41.58 1201.70 ^ _214089_/Y (NAND3x1_ASAP7_75t_R)
  38.34 1240.04 v _214126_/Y (AOI221x1_ASAP7_75t_R)
  42.21 1282.25 v _214127_/Y (AND5x1_ASAP7_75t_R)
  29.72 1311.97 v _214553_/Y (AND4x1_ASAP7_75t_R)
  18.77 1330.74 v place29280/Y (BUFx3_ASAP7_75t_R)
  24.65 1355.40 ^ _214554_/Y (NAND3x1_ASAP7_75t_R)
  27.93 1383.33 ^ _217167_/Y (AND4x1_ASAP7_75t_R)
  27.87 1411.20 ^ _217174_/Y (AO221x1_ASAP7_75t_R)
  21.95 1433.15 ^ _217198_/Y (AO31x2_ASAP7_75t_R)
  20.25 1453.40 ^ place27934/Y (BUFx3_ASAP7_75t_R)
  10.70 1464.09 v _217278_/Y (OAI21x1_ASAP7_75t_R)
  25.57 1489.67 v _217284_/Y (OA211x2_ASAP7_75t_R)
  40.05 1529.72 v _217285_/Y (OR5x1_ASAP7_75t_R)
  33.32 1563.03 v _217286_/Y (MAJx2_ASAP7_75t_R)
  22.44 1585.48 v _217372_/Y (OA21x2_ASAP7_75t_R)
  24.83 1610.31 v _217375_/Y (OA222x2_ASAP7_75t_R)
  19.50 1629.81 v _217380_/Y (AND5x2_ASAP7_75t_R)
  30.66 1660.47 v _217382_/Y (OR3x2_ASAP7_75t_R)
  16.39 1676.87 ^ _217409_/Y (AOI21x1_ASAP7_75t_R)
  18.55 1695.42 ^ place26693/Y (BUFx3_ASAP7_75t_R)
   8.11 1703.53 v _217416_/Y (AOI211x1_ASAP7_75t_R)
  25.15 1728.67 ^ _217417_/Y (AOI221x1_ASAP7_75t_R)
  16.16 1744.84 v _217423_/Y (INVx1_ASAP7_75t_R)
  19.75 1764.59 v _217485_/Y (AO21x1_ASAP7_75t_R)
  32.05 1796.64 v _217488_/Y (AO21x1_ASAP7_75t_R)
  32.36 1829.00 v _217532_/Y (OA211x2_ASAP7_75t_R)
  21.82 1850.82 v _217533_/Y (XOR2x2_ASAP7_75t_R)
  21.19 1872.02 v _217545_/Y (MAJx2_ASAP7_75t_R)
  24.09 1896.11 v _217561_/Y (AO32x1_ASAP7_75t_R)
  24.73 1920.85 v _217562_/Y (MAJx2_ASAP7_75t_R)
  24.59 1945.43 v _217577_/Y (OA21x2_ASAP7_75t_R)
  16.90 1962.33 v place26187/Y (BUFx3_ASAP7_75t_R)
   8.47 1970.80 ^ _217612_/Y (NOR2x1_ASAP7_75t_R)
  27.24 1998.03 ^ _217613_/Y (XNOR2x2_ASAP7_75t_R)
  12.03 2010.07 v _217620_/Y (NOR2x1_ASAP7_75t_R)
  18.03 2028.09 ^ _217622_/Y (AOI22x1_ASAP7_75t_R)
  14.20 2042.29 v _217623_/Y (AOI21x1_ASAP7_75t_R)
  26.81 2069.11 v _217624_/Y (MAJx2_ASAP7_75t_R)
  28.30 2097.41 v _217669_/Y (AO32x1_ASAP7_75t_R)
  24.62 2122.03 v _217723_/Y (OR3x1_ASAP7_75t_R)
  26.03 2148.07 v _217732_/Y (AO221x1_ASAP7_75t_R)
  13.78 2161.85 ^ _217733_/Y (NAND3x1_ASAP7_75t_R)
  26.69 2188.54 ^ _217734_/Y (MAJx2_ASAP7_75t_R)
  21.78 2210.32 ^ _217735_/Y (MAJx2_ASAP7_75t_R)
  23.07 2233.39 ^ _217740_/Y (MAJx2_ASAP7_75t_R)
  25.63 2259.02 ^ _217741_/Y (AO221x1_ASAP7_75t_R)
  27.32 2286.34 ^ _217755_/Y (AO31x2_ASAP7_75t_R)
  23.88 2310.22 ^ _217807_/Y (AND3x1_ASAP7_75t_R)
  27.67 2337.89 v _217808_/Y (XNOR2x2_ASAP7_75t_R)
  18.85 2356.74 v _217809_/Y (OR2x2_ASAP7_75t_R)
  17.53 2374.28 v _217817_/Y (AO211x2_ASAP7_75t_R)
  30.10 2404.38 v _217818_/Y (AO32x2_ASAP7_75t_R)
  22.30 2426.68 v _217848_/Y (AO31x2_ASAP7_75t_R)
  28.77 2455.44 ^ _217853_/Y (AOI22x1_ASAP7_75t_R)
  21.88 2477.33 ^ _217888_/Y (AND2x2_ASAP7_75t_R)
  26.93 2504.26 v _217889_/Y (XNOR2x2_ASAP7_75t_R)
  21.61 2525.87 v _217890_/Y (OR2x2_ASAP7_75t_R)
  21.01 2546.88 v _217897_/Y (AO21x1_ASAP7_75t_R)
  16.97 2563.85 v _217898_/Y (AND2x2_ASAP7_75t_R)
  21.77 2585.62 v _217959_/Y (OA211x2_ASAP7_75t_R)
  19.67 2605.30 v _217960_/Y (OA21x2_ASAP7_75t_R)
  25.79 2631.08 v _218017_/Y (OA211x2_ASAP7_75t_R)
  21.46 2652.55 v _218018_/Y (XOR2x2_ASAP7_75t_R)
  27.77 2680.32 v _218038_/Y (OR4x1_ASAP7_75t_R)
  25.54 2705.86 v _218040_/Y (AO221x1_ASAP7_75t_R)
  33.42 2739.28 v _218043_/Y (AO33x2_ASAP7_75t_R)
  21.51 2760.79 v _218044_/Y (MAJx2_ASAP7_75t_R)
  27.13 2787.92 v _218049_/Y (MAJx3_ASAP7_75t_R)
  26.90 2814.82 v _218087_/Y (OA21x2_ASAP7_75t_R)
  16.18 2831.00 v _218091_/Y (AND2x4_ASAP7_75t_R)
  16.33 2847.33 v _218092_/Y (OA21x2_ASAP7_75t_R)
  25.31 2872.64 v _218093_/Y (OA222x2_ASAP7_75t_R)
  23.48 2896.12 v _218106_/Y (MAJx2_ASAP7_75t_R)
  29.73 2925.85 v _218130_/Y (AO32x2_ASAP7_75t_R)
  22.65 2948.50 v _218150_/Y (OA21x2_ASAP7_75t_R)
  28.49 2976.99 v _218190_/Y (OA211x2_ASAP7_75t_R)
  24.86 3001.85 v _218211_/Y (OA31x2_ASAP7_75t_R)
  27.47 3029.33 v _218260_/Y (AO32x1_ASAP7_75t_R)
  29.59 3058.92 v _218261_/Y (OR3x1_ASAP7_75t_R)
  24.00 3082.93 v _218270_/Y (OA22x2_ASAP7_75t_R)
  27.43 3110.35 v _218271_/Y (AO22x2_ASAP7_75t_R)
  30.15 3140.50 v _218276_/Y (AO22x2_ASAP7_75t_R)
  25.72 3166.22 v _218298_/Y (AO21x2_ASAP7_75t_R)
  16.65 3182.86 v place25618/Y (BUFx3_ASAP7_75t_R)
  15.38 3198.24 v _218449_/Y (AO21x1_ASAP7_75t_R)
   9.59 3207.83 ^ _218451_/Y (NAND2x1_ASAP7_75t_R)
  26.58 3234.41 ^ _218457_/Y (AO221x1_ASAP7_75t_R)
  24.62 3259.03 ^ _218458_/Y (AO32x1_ASAP7_75t_R)
  23.32 3282.35 ^ _218461_/Y (OA31x2_ASAP7_75t_R)
  28.12 3310.47 ^ _218493_/Y (OA21x2_ASAP7_75t_R)
  20.67 3331.14 v _218574_/Y (AOI21x1_ASAP7_75t_R)
  22.37 3353.51 v _218632_/Y (OA21x2_ASAP7_75t_R)
  26.08 3379.59 v _218633_/Y (OR4x1_ASAP7_75t_R)
  31.56 3411.15 v _218634_/Y (OA211x2_ASAP7_75t_R)
  27.87 3439.02 v _218635_/Y (MAJx2_ASAP7_75t_R)
  36.50 3475.52 v _218642_/Y (OR5x1_ASAP7_75t_R)
  11.72 3487.23 ^ _218643_/Y (OAI21x1_ASAP7_75t_R)
  15.75 3502.99 v _218664_/Y (OAI21x1_ASAP7_75t_R)
  20.23 3523.21 ^ _218760_/Y (AOI211x1_ASAP7_75t_R)
  27.31 3550.52 ^ _218763_/Y (OR2x2_ASAP7_75t_R)
  17.02 3567.55 ^ place25429/Y (BUFx6f_ASAP7_75t_R)
  13.87 3581.42 ^ place25427/Y (BUFx3_ASAP7_75t_R)
  18.86 3600.27 ^ _218821_/Y (OA21x2_ASAP7_75t_R)
  27.59 3627.86 v _218822_/Y (XNOR2x2_ASAP7_75t_R)
  16.50 3644.36 v _218823_/Y (AND2x2_ASAP7_75t_R)
  22.67 3667.03 v _218824_/Y (MAJx2_ASAP7_75t_R)
  23.76 3690.79 v _218825_/Y (MAJx2_ASAP7_75t_R)
  19.55 3710.34 ^ _218826_/Y (AOI221x1_ASAP7_75t_R)
  15.68 3726.03 v _218981_/Y (OAI21x1_ASAP7_75t_R)
  19.58 3745.61 v place25318/Y (BUFx6f_ASAP7_75t_R)
  26.00 3771.61 ^ _218987_/Y (NOR2x1_ASAP7_75t_R)
  26.36 3797.97 ^ _218995_/Y (OA22x2_ASAP7_75t_R)
  16.88 3814.85 ^ _219001_/Y (AO31x2_ASAP7_75t_R)
  35.48 3850.33 ^ _219008_/Y (AO221x1_ASAP7_75t_R)
  31.33 3881.67 ^ _219217_/Y (AO211x2_ASAP7_75t_R)
  28.93 3910.60 ^ _219222_/Y (AND5x2_ASAP7_75t_R)
  38.18 3948.78 ^ _219231_/Y (OA31x2_ASAP7_75t_R)
  23.43 3972.21 ^ place25226/Y (BUFx6f_ASAP7_75t_R)
  16.81 3989.02 ^ _219398_/Y (AND2x4_ASAP7_75t_R)
  25.68 4014.70 v _219399_/Y (XNOR2x2_ASAP7_75t_R)
  22.75 4037.45 v _219451_/Y (AO32x1_ASAP7_75t_R)
  18.59 4056.04 v _219459_/Y (OA21x2_ASAP7_75t_R)
  33.16 4089.20 v _219485_/Y (OA221x2_ASAP7_75t_R)
  18.78 4107.99 v place25136/Y (BUFx6f_ASAP7_75t_R)
  14.01 4121.99 ^ _219494_/Y (AOI21x1_ASAP7_75t_R)
  25.52 4147.51 ^ _219611_/Y (AND4x1_ASAP7_75t_R)
  22.18 4169.69 v _219612_/Y (AOI221x1_ASAP7_75t_R)
  18.86 4188.55 ^ _219633_/Y (AOI22x1_ASAP7_75t_R)
  28.58 4217.13 ^ _219634_/Y (OA31x2_ASAP7_75t_R)
  24.23 4241.36 ^ _219653_/Y (AO221x1_ASAP7_75t_R)
  28.26 4269.62 ^ _219666_/Y (AO31x2_ASAP7_75t_R)
  29.11 4298.74 ^ _219763_/Y (AO21x1_ASAP7_75t_R)
  17.66 4316.40 ^ place25012/Y (BUFx6f_ASAP7_75t_R)
  23.60 4339.99 ^ _220048_/Y (AO31x2_ASAP7_75t_R)
  20.05 4360.04 ^ _220050_/Y (AND2x2_ASAP7_75t_R)
  29.07 4389.11 v _220051_/Y (XNOR2x2_ASAP7_75t_R)
  18.96 4408.07 v _220065_/Y (OA31x2_ASAP7_75t_R)
  35.45 4443.52 v _220113_/Y (OR5x1_ASAP7_75t_R)
  22.72 4466.24 v _220143_/Y (AO211x2_ASAP7_75t_R)
  19.49 4485.73 v _220166_/Y (AO31x2_ASAP7_75t_R)
  30.48 4516.21 ^ _220179_/Y (AOI21x1_ASAP7_75t_R)
  24.05 4540.26 ^ place24895/Y (BUFx6f_ASAP7_75t_R)
  16.95 4557.22 ^ _220392_/Y (OA21x2_ASAP7_75t_R)
  27.86 4585.08 ^ _220393_/Y (AO22x1_ASAP7_75t_R)
  21.01 4606.09 ^ _220394_/Y (OR2x2_ASAP7_75t_R)
  17.94 4624.03 ^ _220395_/Y (AO211x2_ASAP7_75t_R)
  11.10 4635.14 v _220397_/Y (AOI22x1_ASAP7_75t_R)
  40.25 4675.38 v _220465_/Y (OR3x2_ASAP7_75t_R)
  29.50 4704.89 v _220567_/Y (AO21x1_ASAP7_75t_R)
  29.10 4733.99 v _220642_/Y (OA211x2_ASAP7_75t_R)
  23.82 4757.81 v _220643_/Y (XOR2x2_ASAP7_75t_R)
  22.52 4780.32 v _220786_/Y (AO22x2_ASAP7_75t_R)
  29.95 4810.27 v _220802_/Y (OR4x1_ASAP7_75t_R)
  34.92 4845.19 v _220811_/Y (AO32x1_ASAP7_75t_R)
  23.17 4868.36 v place24708/Y (BUFx3_ASAP7_75t_R)
  27.19 4895.55 v _220958_/Y (AO221x1_ASAP7_75t_R)
  29.28 4924.83 v _220959_/Y (OA211x2_ASAP7_75t_R)
  25.77 4950.60 v _221039_/Y (OA211x2_ASAP7_75t_R)
  23.26 4973.86 v _221040_/Y (XNOR2x2_ASAP7_75t_R)
  28.48 5002.33 v _221138_/Y (OA221x2_ASAP7_75t_R)
  27.81 5030.14 v _221139_/Y (OA211x2_ASAP7_75t_R)
  18.14 5048.28 v _221142_/Y (OA21x2_ASAP7_75t_R)
  19.05 5067.33 v _221143_/Y (OA21x2_ASAP7_75t_R)
  20.53 5087.86 v _221176_/Y (OA21x2_ASAP7_75t_R)
  26.41 5114.27 v _221217_/Y (AO21x2_ASAP7_75t_R)
  23.48 5137.75 v _221338_/Y (AND2x2_ASAP7_75t_R)
  24.63 5162.38 v _221339_/Y (XOR2x2_ASAP7_75t_R)
  25.50 5187.88 v _221375_/Y (OA211x2_ASAP7_75t_R)
  23.13 5211.01 ^ _221376_/Y (AOI211x1_ASAP7_75t_R)
  34.01 5245.02 ^ _221592_/Y (AO211x2_ASAP7_75t_R)
  22.74 5267.77 ^ _221600_/Y (AO31x2_ASAP7_75t_R)
  33.20 5300.97 ^ _221602_/Y (AND5x2_ASAP7_75t_R)
  18.34 5319.30 ^ place24445/Y (BUFx3_ASAP7_75t_R)
  18.45 5337.75 ^ _221804_/Y (OA31x2_ASAP7_75t_R)
  30.50 5368.25 v _221805_/Y (XNOR2x2_ASAP7_75t_R)
  21.55 5389.80 v _221841_/Y (OR2x2_ASAP7_75t_R)
  21.05 5410.85 v _221842_/Y (MAJx2_ASAP7_75t_R)
  22.37 5433.22 v _221846_/Y (MAJx2_ASAP7_75t_R)
  21.24 5454.46 v _221882_/Y (AND5x1_ASAP7_75t_R)
  22.01 5476.48 ^ _221926_/Y (OAI21x1_ASAP7_75t_R)
  22.89 5499.37 ^ place24326/Y (BUFx3_ASAP7_75t_R)
  20.13 5519.50 v _222073_/Y (AOI211x1_ASAP7_75t_R)
  23.73 5543.23 v _222155_/Y (OA21x2_ASAP7_75t_R)
  26.49 5569.73 ^ _222156_/Y (XOR2x2_ASAP7_75t_R)
  20.86 5590.59 ^ place24271/Y (BUFx3_ASAP7_75t_R)
  14.54 5605.13 v _222157_/Y (INVx1_ASAP7_75t_R)
  24.51 5629.64 v _222163_/Y (MAJx2_ASAP7_75t_R)
  14.56 5644.20 ^ _222164_/Y (AOI21x1_ASAP7_75t_R)
  22.53 5666.73 v _222322_/Y (NOR2x1_ASAP7_75t_R)
  29.06 5695.79 v _222326_/Y (AO22x2_ASAP7_75t_R)
  38.00 5733.79 v _222333_/Y (AO221x2_ASAP7_75t_R)
  22.34 5756.13 v place24142/Y (BUFx6f_ASAP7_75t_R)
  18.29 5774.42 v _222673_/Y (AO21x1_ASAP7_75t_R)
  20.52 5794.94 v _222675_/Y (AO22x2_ASAP7_75t_R)
  18.78 5813.72 v place24098/Y (BUFx3_ASAP7_75t_R)
  23.76 5837.47 v _222776_/Y (MAJx2_ASAP7_75t_R)
  15.23 5852.70 v _222872_/Y (OA21x2_ASAP7_75t_R)
  27.16 5879.86 v _222915_/Y (OR4x1_ASAP7_75t_R)
  32.98 5912.84 v _222917_/Y (OA211x2_ASAP7_75t_R)
  32.44 5945.28 v _222939_/Y (AO221x1_ASAP7_75t_R)
  28.98 5974.26 v _222940_/Y (AO211x2_ASAP7_75t_R)
  22.37 5996.64 v place23985/Y (BUFx6f_ASAP7_75t_R)
  15.90 6012.54 ^ _223249_/Y (NAND3x1_ASAP7_75t_R)
  20.47 6033.01 ^ _223250_/Y (AND3x1_ASAP7_75t_R)
  20.05 6053.07 ^ _223252_/Y (OA211x2_ASAP7_75t_R)
  20.56 6073.63 ^ _223253_/Y (AND3x1_ASAP7_75t_R)
  31.59 6105.22 ^ _223254_/Y (AND5x1_ASAP7_75t_R)
  30.44 6135.66 ^ _223255_/Y (AND5x1_ASAP7_75t_R)
  16.83 6152.49 ^ _223256_/Y (OR4x2_ASAP7_75t_R)
  20.81 6173.30 ^ place23853/Y (BUFx3_ASAP7_75t_R)
  19.61 6192.91 v _223257_/Y (NOR2x2_ASAP7_75t_R)
  16.90 6209.81 v place23846/Y (BUFx6f_ASAP7_75t_R)
  27.25 6237.06 v _223374_/Y (OR4x1_ASAP7_75t_R)
  19.72 6256.78 v _223375_/Y (AND4x1_ASAP7_75t_R)
  23.41 6280.19 ^ _223376_/Y (XNOR2x2_ASAP7_75t_R)
  17.46 6297.65 ^ _223377_/Y (AND2x2_ASAP7_75t_R)
  35.53 6333.18 ^ _223439_/Y (AND5x1_ASAP7_75t_R)
  16.52 6349.70 ^ place23753/Y (BUFx6f_ASAP7_75t_R)
  13.24 6362.94 v _223668_/Y (NAND3x1_ASAP7_75t_R)
  25.71 6388.65 v place23730/Y (BUFx3_ASAP7_75t_R)
  32.27 6420.92 v _223817_/Y (AO32x1_ASAP7_75t_R)
  22.94 6443.86 v _223977_/Y (XOR2x2_ASAP7_75t_R)
  22.04 6465.90 v _223993_/Y (MAJx2_ASAP7_75t_R)
  39.30 6505.20 v _223994_/Y (OR4x2_ASAP7_75t_R)
  13.94 6519.14 ^ _223995_/Y (AOI21x1_ASAP7_75t_R)
  23.10 6542.24 ^ _224023_/Y (OA31x2_ASAP7_75t_R)
  18.18 6560.42 ^ _224027_/Y (AO21x2_ASAP7_75t_R)
  24.24 6584.66 ^ _224028_/Y (AO211x2_ASAP7_75t_R)
  16.81 6601.47 ^ place23565/Y (BUFx6f_ASAP7_75t_R)
   9.06 6610.53 v _224375_/Y (NAND2x1_ASAP7_75t_R)
  33.83 6644.37 v _224386_/Y (OR5x1_ASAP7_75t_R)
  17.14 6661.51 v _224387_/Y (AND4x1_ASAP7_75t_R)
  44.16 6705.67 v _224397_/Y (OR5x1_ASAP7_75t_R)
  22.25 6727.92 v place23468/Y (BUFx3_ASAP7_75t_R)
  10.24 6738.16 ^ _224398_/Y (AOI211x1_ASAP7_75t_R)
  28.30 6766.46 ^ _224454_/Y (OA21x2_ASAP7_75t_R)
  30.34 6796.79 ^ _224494_/Y (OR3x2_ASAP7_75t_R)
  21.40 6818.19 ^ place23431/Y (BUFx3_ASAP7_75t_R)
  19.94 6838.12 ^ _224898_/Y (OA21x2_ASAP7_75t_R)
  22.56 6860.69 ^ _224899_/Y (AND3x1_ASAP7_75t_R)
  22.55 6883.24 ^ _224900_/Y (XNOR2x2_ASAP7_75t_R)
  21.37 6904.61 ^ _224902_/Y (OA211x2_ASAP7_75t_R)
  23.62 6928.22 ^ _224913_/Y (AND3x1_ASAP7_75t_R)
  23.48 6951.70 ^ _224922_/Y (AND3x1_ASAP7_75t_R)
  25.19 6976.89 ^ _224933_/Y (AND3x1_ASAP7_75t_R)
  19.12 6996.02 ^ place23290/Y (BUFx6f_ASAP7_75t_R)
  30.94 7026.96 ^ place23289/Y (BUFx3_ASAP7_75t_R)
  19.71 7046.66 ^ _225100_/Y (AO21x1_ASAP7_75t_R)
  29.90 7076.56 v _225101_/Y (XNOR2x2_ASAP7_75t_R)
  11.40 7087.96 ^ _225293_/Y (NAND2x1_ASAP7_75t_R)
  30.99 7118.96 ^ _225317_/Y (AND5x1_ASAP7_75t_R)
  28.10 7147.06 ^ _225318_/Y (AND4x1_ASAP7_75t_R)
  36.48 7183.54 ^ _225319_/Y (AND5x1_ASAP7_75t_R)
  17.73 7201.27 ^ _225371_/Y (OR4x2_ASAP7_75t_R)
  16.77 7218.04 ^ _225393_/Y (AO21x1_ASAP7_75t_R)
  29.53 7247.57 ^ place23178/Y (BUFx3_ASAP7_75t_R)
  37.73 7285.29 ^ _225573_/Y (AO211x2_ASAP7_75t_R)
  19.49 7304.79 ^ _225574_/Y (OA31x2_ASAP7_75t_R)
  23.24 7328.02 ^ _225585_/Y (OA31x2_ASAP7_75t_R)
  18.00 7346.02 ^ _225597_/Y (OR3x1_ASAP7_75t_R)
  25.88 7371.90 ^ _225616_/Y (AO211x2_ASAP7_75t_R)
  26.10 7397.99 ^ _225664_/Y (AO211x2_ASAP7_75t_R)
  23.95 7421.94 ^ _225676_/Y (AND3x1_ASAP7_75t_R)
  27.71 7449.65 ^ _225721_/Y (OA211x2_ASAP7_75t_R)
  31.24 7480.89 ^ _225732_/Y (AO221x1_ASAP7_75t_R)
  30.11 7511.00 v _225983_/Y (XNOR2x2_ASAP7_75t_R)
  41.29 7552.29 v _225996_/Y (OR5x1_ASAP7_75t_R)
  25.29 7577.58 ^ _225997_/Y (AOI211x1_ASAP7_75t_R)
  40.21 7617.78 ^ _225998_/Y (AND4x2_ASAP7_75t_R)
  15.06 7632.85 v _226127_/Y (OAI21x1_ASAP7_75t_R)
  23.71 7656.56 v _226147_/Y (AND3x1_ASAP7_75t_R)
  26.74 7683.30 v place22877/Y (BUFx3_ASAP7_75t_R)
  28.56 7711.86 v _226283_/Y (OR3x1_ASAP7_75t_R)
  19.74 7731.60 v _226345_/Y (AO21x1_ASAP7_75t_R)
  18.15 7749.75 v _226349_/Y (AND2x2_ASAP7_75t_R)
  20.83 7770.59 v _226351_/Y (OR3x1_ASAP7_75t_R)
  16.86 7787.45 v _226353_/Y (AND4x1_ASAP7_75t_R)
  27.94 7815.39 ^ _226637_/Y (AOI221x1_ASAP7_75t_R)
  28.07 7843.45 ^ place22754/Y (BUFx3_ASAP7_75t_R)
  24.02 7867.48 ^ _226639_/Y (OA21x2_ASAP7_75t_R)
  20.84 7888.32 ^ _226653_/Y (OA21x2_ASAP7_75t_R)
  20.50 7908.82 ^ _226654_/Y (MAJx2_ASAP7_75t_R)
  18.99 7927.81 ^ _226655_/Y (MAJx2_ASAP7_75t_R)
  26.89 7954.70 v _226656_/Y (XNOR2x2_ASAP7_75t_R)
  22.19 7976.89 v _226657_/Y (AO21x1_ASAP7_75t_R)
  24.53 8001.41 ^ _226660_/Y (NAND3x1_ASAP7_75t_R)
  32.37 8033.79 ^ _226751_/Y (AO221x1_ASAP7_75t_R)
  13.43 8047.22 v _226798_/Y (AOI21x1_ASAP7_75t_R)
  38.64 8085.87 v _227061_/Y (OR4x2_ASAP7_75t_R)
  20.06 8105.93 v place22557/Y (BUFx6f_ASAP7_75t_R)
  26.15 8132.08 v place22554/Y (BUFx6f_ASAP7_75t_R)
  15.23 8147.30 v _227302_/Y (AND3x1_ASAP7_75t_R)
  22.08 8169.38 v _227309_/Y (OA22x2_ASAP7_75t_R)
  15.20 8184.58 v _227329_/Y (AND4x1_ASAP7_75t_R)
  32.89 8217.48 v _227484_/Y (OA211x2_ASAP7_75t_R)
  24.19 8241.66 v _227512_/Y (AND5x2_ASAP7_75t_R)
  28.22 8269.88 v _227530_/Y (OR3x1_ASAP7_75t_R)
  32.68 8302.56 v _227532_/Y (OR3x1_ASAP7_75t_R)
  26.40 8328.96 v place22396/Y (BUFx3_ASAP7_75t_R)
  20.79 8349.76 v place22395/Y (BUFx3_ASAP7_75t_R)
  21.30 8371.06 v _227733_/Y (AND2x2_ASAP7_75t_R)
  19.67 8390.73 v _227734_/Y (XNOR2x2_ASAP7_75t_R)
  24.47 8415.20 v _227763_/Y (AO221x1_ASAP7_75t_R)
  26.71 8441.92 v _227783_/Y (AO32x1_ASAP7_75t_R)
  19.06 8460.98 ^ _227860_/Y (OAI21x1_ASAP7_75t_R)
  19.06 8480.03 ^ place22249/Y (BUFx6f_ASAP7_75t_R)
   7.84 8487.87 v _227861_/Y (NAND2x1_ASAP7_75t_R)
  23.29 8511.16 v _227862_/Y (AND2x2_ASAP7_75t_R)
  20.46 8531.62 v place22223/Y (BUFx3_ASAP7_75t_R)
  37.01 8568.63 v _228259_/Y (OR5x1_ASAP7_75t_R)
  24.78 8593.42 v _228294_/Y (AND5x1_ASAP7_75t_R)
  23.63 8617.05 v _228295_/Y (AO221x1_ASAP7_75t_R)
  28.78 8645.83 v _228296_/Y (AO221x1_ASAP7_75t_R)
  23.44 8669.28 ^ _228325_/Y (NAND2x1_ASAP7_75t_R)
  36.12 8705.40 ^ _228377_/Y (AO221x2_ASAP7_75t_R)
  23.48 8728.87 v _228378_/Y (NAND2x1_ASAP7_75t_R)
  21.80 8750.67 v place22046/Y (BUFx6f_ASAP7_75t_R)
  15.34 8766.02 v place22045/Y (BUFx3_ASAP7_75t_R)
  24.33 8790.34 v _228623_/Y (AO21x1_ASAP7_75t_R)
  20.06 8810.41 v _228624_/Y (AND2x4_ASAP7_75t_R)
  22.30 8832.71 ^ _228937_/Y (XNOR2x2_ASAP7_75t_R)
  25.26 8857.97 ^ _228939_/Y (AND4x1_ASAP7_75t_R)
   9.81 8867.78 v _228940_/Y (NAND2x1_ASAP7_75t_R)
  38.59 8906.36 v _228953_/Y (OR4x1_ASAP7_75t_R)
  23.52 8929.89 v _229055_/Y (OA21x2_ASAP7_75t_R)
  19.63 8949.52 v _229056_/Y (OA21x2_ASAP7_75t_R)
  21.98 8971.50 v place21843/Y (BUFx3_ASAP7_75t_R)
  21.32 8992.82 v place21842/Y (BUFx3_ASAP7_75t_R)
  27.69 9020.50 v _229327_/Y (OR4x1_ASAP7_75t_R)
   8.34 9028.85 ^ _229328_/Y (OAI21x1_ASAP7_75t_R)
  10.79 9039.64 v _229333_/Y (AOI22x1_ASAP7_75t_R)
  30.11 9069.75 ^ _229353_/Y (AOI221x1_ASAP7_75t_R)
  39.81 9109.56 ^ _229638_/Y (AND5x1_ASAP7_75t_R)
  23.05 9132.61 ^ _229640_/Y (AO221x1_ASAP7_75t_R)
  18.12 9150.72 ^ place21684/Y (BUFx6f_ASAP7_75t_R)
  26.72 9177.44 ^ _229740_/Y (OA31x2_ASAP7_75t_R)
  23.79 9201.23 ^ _229741_/Y (XNOR2x2_ASAP7_75t_R)
  24.88 9226.11 v _229742_/Y (XNOR2x2_ASAP7_75t_R)
  28.23 9254.34 v _229743_/Y (AO221x1_ASAP7_75t_R)
  25.69 9280.03 ^ _229749_/Y (AOI211x1_ASAP7_75t_R)
  17.42 9297.45 v _229763_/Y (NOR2x2_ASAP7_75t_R)
  23.50 9320.94 ^ _230125_/Y (AOI211x1_ASAP7_75t_R)
  35.15 9356.10 ^ _230181_/Y (OA21x2_ASAP7_75t_R)
  29.06 9385.16 ^ _230419_/Y (OA21x2_ASAP7_75t_R)
  26.80 9411.96 v _230420_/Y (XNOR2x2_ASAP7_75t_R)
  20.59 9432.55 ^ _230421_/Y (XNOR2x2_ASAP7_75t_R)
  33.20 9465.75 ^ _230422_/Y (AND5x1_ASAP7_75t_R)
  36.61 9502.36 ^ _230446_/Y (AND5x1_ASAP7_75t_R)
  19.22 9521.58 ^ _230513_/Y (AO31x2_ASAP7_75t_R)
  18.91 9540.49 v _230514_/Y (AOI221x1_ASAP7_75t_R)
  13.14 9553.62 ^ _230515_/Y (OAI21x1_ASAP7_75t_R)
  18.11 9571.73 ^ place21065/Y (BUFx6f_ASAP7_75t_R)
  20.70 9592.43 ^ place21062/Y (BUFx6f_ASAP7_75t_R)
  24.09 9616.52 ^ _230817_/Y (AND2x2_ASAP7_75t_R)
  22.87 9639.39 ^ _230818_/Y (XNOR2x2_ASAP7_75t_R)
  26.37 9665.76 v _230819_/Y (XNOR2x2_ASAP7_75t_R)
  18.67 9684.43 v _230872_/Y (OR2x2_ASAP7_75t_R)
  24.96 9709.39 v _230897_/Y (OA33x2_ASAP7_75t_R)
  14.09 9723.48 v _230898_/Y (OA21x2_ASAP7_75t_R)
  31.91 9755.39 v _230906_/Y (OA211x2_ASAP7_75t_R)
  14.92 9770.30 ^ _230918_/Y (OAI21x1_ASAP7_75t_R)
  28.29 9798.60 ^ _230936_/Y (AO21x2_ASAP7_75t_R)
  27.78 9826.38 ^ place20920/Y (BUFx3_ASAP7_75t_R)
  26.68 9853.06 ^ _230992_/Y (AND3x2_ASAP7_75t_R)
  27.70 9880.76 v _231175_/Y (XNOR2x2_ASAP7_75t_R)
  21.05 9901.81 ^ _231176_/Y (XNOR2x2_ASAP7_75t_R)
  30.20 9932.01 ^ _231180_/Y (AND4x1_ASAP7_75t_R)
   9.20 9941.21 v _231314_/Y (NAND3x1_ASAP7_75t_R)
  38.39 9979.59 v _231315_/Y (OR5x1_ASAP7_75t_R)
  26.97 10006.56 v _231371_/Y (AND5x2_ASAP7_75t_R)
  24.26 10030.82 ^ _231376_/Y (NAND2x1p5_ASAP7_75t_R)
  22.71 10053.53 ^ place20787/Y (BUFx6f_ASAP7_75t_R)
  17.49 10071.02 ^ _231559_/Y (AND2x2_ASAP7_75t_R)
  31.16 10102.19 v _231560_/Y (XNOR2x2_ASAP7_75t_R)
  13.09 10115.27 ^ _231561_/Y (NAND2x1_ASAP7_75t_R)
  31.86 10147.13 ^ _231575_/Y (AND5x2_ASAP7_75t_R)
  26.94 10174.07 ^ _231624_/Y (AND5x1_ASAP7_75t_R)
  25.61 10199.68 ^ _231625_/Y (OA211x2_ASAP7_75t_R)
  17.32 10217.00 ^ _231626_/Y (AND2x4_ASAP7_75t_R)
  26.23 10243.23 ^ _231767_/Y (AO211x2_ASAP7_75t_R)
  21.11 10264.34 ^ place20675/Y (BUFx6f_ASAP7_75t_R)
  21.03 10285.37 ^ _231908_/Y (AND2x2_ASAP7_75t_R)
  19.64 10305.02 v _231909_/Y (XOR2x2_ASAP7_75t_R)
  24.34 10329.36 v _231919_/Y (AO221x1_ASAP7_75t_R)
  28.15 10357.51 v _231938_/Y (OR5x1_ASAP7_75t_R)
  22.79 10380.30 v _231957_/Y (AO32x1_ASAP7_75t_R)
  24.61 10404.91 v _232004_/Y (OA221x2_ASAP7_75t_R)
  36.17 10441.08 v _232005_/Y (OR4x1_ASAP7_75t_R)
  30.54 10471.62 ^ _232006_/Y (NAND3x2_ASAP7_75t_R)
  32.90 10504.52 ^ _232185_/Y (AO22x1_ASAP7_75t_R)
  16.77 10521.29 ^ _232187_/Y (AO21x1_ASAP7_75t_R)
  24.18 10545.47 v _232190_/Y (AOI21x1_ASAP7_75t_R)
  31.91 10577.37 v _232248_/Y (OR3x1_ASAP7_75t_R)
  23.89 10601.26 v _232279_/Y (AO21x1_ASAP7_75t_R)
  29.13 10630.39 v _232503_/Y (AO22x2_ASAP7_75t_R)
  26.85 10657.23 ^ _232540_/Y (XNOR2x2_ASAP7_75t_R)
  22.11 10679.35 ^ _232542_/Y (AND3x2_ASAP7_75t_R)
  19.75 10699.10 ^ _232543_/Y (OR3x2_ASAP7_75t_R)
  17.79 10716.89 ^ place20232/Y (BUFx3_ASAP7_75t_R)
  17.03 10733.92 ^ _232615_/Y (AO31x2_ASAP7_75t_R)
  32.25 10766.17 ^ _232625_/Y (OA222x2_ASAP7_75t_R)
  21.07 10787.24 ^ _232638_/Y (MAJx2_ASAP7_75t_R)
  23.73 10810.97 ^ _232640_/Y (AO221x2_ASAP7_75t_R)
  14.66 10825.62 ^ place19938/Y (BUFx3_ASAP7_75t_R)
  22.91 10848.53 ^ _232669_/Y (AO31x2_ASAP7_75t_R)
  21.11 10869.64 v _232670_/Y (OAI21x1_ASAP7_75t_R)
  28.40 10898.05 v place19853/Y (BUFx3_ASAP7_75t_R)
  28.27 10926.32 v _233618_/Y (AO21x1_ASAP7_75t_R)
  31.54 10957.86 v _233619_/Y (OA211x2_ASAP7_75t_R)
  33.94 10991.80 v _233626_/Y (OR4x1_ASAP7_75t_R)
  27.61 11019.40 v _233632_/Y (OA211x2_ASAP7_75t_R)
  21.90 11041.31 v _233633_/Y (OA22x2_ASAP7_75t_R)
  22.25 11063.55 v _233721_/Y (AND5x2_ASAP7_75t_R)
  21.18 11084.73 v _233967_/Y (AND3x4_ASAP7_75t_R)
  22.92 11107.65 v _235036_/Y (AND5x2_ASAP7_75t_R)
  19.43 11127.08 v _235186_/Y (AND4x1_ASAP7_75t_R)
  16.80 11143.88 v _235297_/Y (AND3x2_ASAP7_75t_R)
  44.36 11188.25 v _235300_/Y (OR5x2_ASAP7_75t_R)
  24.88 11213.12 v place19574/Y (BUFx3_ASAP7_75t_R)
   7.50 11220.62 ^ _276097_/Y (INVx1_ASAP7_75t_R)
  29.56 11250.19 ^ _276098_/Y (AO32x2_ASAP7_75t_R)
  21.64 11271.83 v _279914_/Y (AOI21x1_ASAP7_75t_R)
  63.81 11335.64 ^ _280017_/Y (OAI21x1_ASAP7_75t_R)
  50.67 11386.31 v _326596_/Y (AOI22x1_ASAP7_75t_R)
  23.53 11409.84 v place19240/Y (BUFx6f_ASAP7_75t_R)
  20.37 11430.21 v place19238/Y (BUFx6f_ASAP7_75t_R)
  45.05 11475.26 v _334388_/Y (OA21x2_ASAP7_75t_R)
   8.07 11483.33 ^ _334389_/Y (NOR2x1_ASAP7_75t_R)
   0.12 11483.45 ^ _395836_/D (DFFHQNx1_ASAP7_75t_R)
        11483.45   data arrival time

12000.00 12000.00   clock core_clk (rise edge)
   0.00 12000.00   clock source latency
   0.00 12000.00 ^ clk (in)
  45.24 12045.24 ^ wire32813/Y (BUFx12f_ASAP7_75t_R)
  51.74 12096.99 ^ clkbuf_0_clk/Y (BUFx24_ASAP7_75t_R)
  27.57 12124.55 ^ clkbuf_1_1_0_clk/Y (BUFx24_ASAP7_75t_R)
  22.94 12147.50 ^ clkbuf_2_3_0_clk/Y (BUFx24_ASAP7_75t_R)
  30.79 12178.29 ^ clkbuf_3_7_0_clk/Y (BUFx24_ASAP7_75t_R)
  26.19 12204.48 ^ clkbuf_4_14_0_clk/Y (BUFx24_ASAP7_75t_R)
  26.10 12230.58 ^ clkbuf_6_58_0_clk/Y (BUFx24_ASAP7_75t_R)
  21.09 12251.67 ^ clkbuf_7_116__f_clk/Y (BUFx24_ASAP7_75t_R)
  23.01 12274.67 ^ clkbuf_leaf_591_clk/Y (BUFx24_ASAP7_75t_R)
   1.96 12276.63 ^ _395836_/CLK (DFFHQNx1_ASAP7_75t_R)
 -50.00 12226.63   clock uncertainty
   4.46 12231.09   clock reconvergence pessimism
 -10.99 12220.11   library setup time
        12220.11   data required time
---------------------------------------------------------
        12220.11   data required time
        -11483.45   data arrival time
---------------------------------------------------------
         736.65   slack (MET)


Startpoint: _386358_ (rising edge-triggered flip-flop clocked by core_clk)
Endpoint: _395836_ (rising edge-triggered flip-flop clocked by core_clk)
Path Group: reg2reg
Path Type: max

  Delay    Time   Description
---------------------------------------------------------
   0.00    0.00   clock core_clk (rise edge)
   0.00    0.00   clock source latency
   0.00    0.00 ^ clk (in)
  46.36   46.36 ^ wire32813/Y (BUFx12f_ASAP7_75t_R)
  53.38   99.75 ^ clkbuf_0_clk/Y (BUFx24_ASAP7_75t_R)
  28.51  128.26 ^ clkbuf_1_1_0_clk/Y (BUFx24_ASAP7_75t_R)
  23.70  151.96 ^ clkbuf_2_3_0_clk/Y (BUFx24_ASAP7_75t_R)
  32.83  184.79 ^ clkbuf_3_6_0_clk/Y (BUFx24_ASAP7_75t_R)
  26.85  211.64 ^ clkbuf_4_12_0_clk/Y (BUFx24_ASAP7_75t_R)
  27.58  239.22 ^ clkbuf_6_48_0_clk/Y (BUFx24_ASAP7_75t_R)
  22.29  261.50 ^ clkbuf_7_96__f_clk/Y (BUFx24_ASAP7_75t_R)
  24.98  286.48 ^ clkbuf_leaf_385_clk/Y (BUFx24_ASAP7_75t_R)
   2.87  289.35 ^ _386358_/CLK (DFFHQNx1_ASAP7_75t_R)
  78.73  368.08 v _386358_/QN (DFFHQNx1_ASAP7_75t_R)
  72.17  440.25 v _210677_/Y (OR4x2_ASAP7_75t_R)
  57.30  497.55 v place32433/Y (BUFx3_ASAP7_75t_R)
  66.16  563.70 v _210741_/Y (AND4x1_ASAP7_75t_R)
  34.66  598.36 v _210744_/Y (OA21x2_ASAP7_75t_R)
  54.90  653.26 v _210745_/Y (AND2x2_ASAP7_75t_R)
 123.11  776.37 v place31673/Y (BUFx3_ASAP7_75t_R)
  84.48  860.85 v _211121_/Y (OR3x2_ASAP7_75t_R)
  63.46  924.30 v _211124_/Y (OR2x2_ASAP7_75t_R)
 184.30 1108.60 v place30877/Y (BUFx3_ASAP7_75t_R)
  36.89 1145.49 v _214083_/Y (OA22x2_ASAP7_75t_R)
  14.64 1160.12 v _214088_/Y (AND4x1_ASAP7_75t_R)
  41.58 1201.70 ^ _214089_/Y (NAND3x1_ASAP7_75t_R)
  38.34 1240.04 v _214126_/Y (AOI221x1_ASAP7_75t_R)
  42.21 1282.25 v _214127_/Y (AND5x1_ASAP7_75t_R)
  29.72 1311.97 v _214553_/Y (AND4x1_ASAP7_75t_R)
  18.77 1330.74 v place29280/Y (BUFx3_ASAP7_75t_R)
  24.65 1355.40 ^ _214554_/Y (NAND3x1_ASAP7_75t_R)
  27.93 1383.33 ^ _217167_/Y (AND4x1_ASAP7_75t_R)
  27.87 1411.20 ^ _217174_/Y (AO221x1_ASAP7_75t_R)
  21.95 1433.15 ^ _217198_/Y (AO31x2_ASAP7_75t_R)
  20.25 1453.40 ^ place27934/Y (BUFx3_ASAP7_75t_R)
  10.70 1464.09 v _217278_/Y (OAI21x1_ASAP7_75t_R)
  25.57 1489.67 v _217284_/Y (OA211x2_ASAP7_75t_R)
  40.05 1529.72 v _217285_/Y (OR5x1_ASAP7_75t_R)
  33.32 1563.03 v _217286_/Y (MAJx2_ASAP7_75t_R)
  22.44 1585.48 v _217372_/Y (OA21x2_ASAP7_75t_R)
  24.83 1610.31 v _217375_/Y (OA222x2_ASAP7_75t_R)
  19.50 1629.81 v _217380_/Y (AND5x2_ASAP7_75t_R)
  30.66 1660.47 v _217382_/Y (OR3x2_ASAP7_75t_R)
  16.39 1676.87 ^ _217409_/Y (AOI21x1_ASAP7_75t_R)
  18.55 1695.42 ^ place26693/Y (BUFx3_ASAP7_75t_R)
   8.11 1703.53 v _217416_/Y (AOI211x1_ASAP7_75t_R)
  25.15 1728.67 ^ _217417_/Y (AOI221x1_ASAP7_75t_R)
  16.16 1744.84 v _217423_/Y (INVx1_ASAP7_75t_R)
  19.75 1764.59 v _217485_/Y (AO21x1_ASAP7_75t_R)
  32.05 1796.64 v _217488_/Y (AO21x1_ASAP7_75t_R)
  32.36 1829.00 v _217532_/Y (OA211x2_ASAP7_75t_R)
  21.82 1850.82 v _217533_/Y (XOR2x2_ASAP7_75t_R)
  21.19 1872.02 v _217545_/Y (MAJx2_ASAP7_75t_R)
  24.09 1896.11 v _217561_/Y (AO32x1_ASAP7_75t_R)
  24.73 1920.85 v _217562_/Y (MAJx2_ASAP7_75t_R)
  24.59 1945.43 v _217577_/Y (OA21x2_ASAP7_75t_R)
  16.90 1962.33 v place26187/Y (BUFx3_ASAP7_75t_R)
   8.47 1970.80 ^ _217612_/Y (NOR2x1_ASAP7_75t_R)
  27.24 1998.03 ^ _217613_/Y (XNOR2x2_ASAP7_75t_R)
  12.03 2010.07 v _217620_/Y (NOR2x1_ASAP7_75t_R)
  18.03 2028.09 ^ _217622_/Y (AOI22x1_ASAP7_75t_R)
  14.20 2042.29 v _217623_/Y (AOI21x1_ASAP7_75t_R)
  26.81 2069.11 v _217624_/Y (MAJx2_ASAP7_75t_R)
  28.30 2097.41 v _217669_/Y (AO32x1_ASAP7_75t_R)
  24.62 2122.03 v _217723_/Y (OR3x1_ASAP7_75t_R)
  26.03 2148.07 v _217732_/Y (AO221x1_ASAP7_75t_R)
  13.78 2161.85 ^ _217733_/Y (NAND3x1_ASAP7_75t_R)
  26.69 2188.54 ^ _217734_/Y (MAJx2_ASAP7_75t_R)
  21.78 2210.32 ^ _217735_/Y (MAJx2_ASAP7_75t_R)
  23.07 2233.39 ^ _217740_/Y (MAJx2_ASAP7_75t_R)
  25.63 2259.02 ^ _217741_/Y (AO221x1_ASAP7_75t_R)
  27.32 2286.34 ^ _217755_/Y (AO31x2_ASAP7_75t_R)
  23.88 2310.22 ^ _217807_/Y (AND3x1_ASAP7_75t_R)
  27.67 2337.89 v _217808_/Y (XNOR2x2_ASAP7_75t_R)
  18.85 2356.74 v _217809_/Y (OR2x2_ASAP7_75t_R)
  17.53 2374.28 v _217817_/Y (AO211x2_ASAP7_75t_R)
  30.10 2404.38 v _217818_/Y (AO32x2_ASAP7_75t_R)
  22.30 2426.68 v _217848_/Y (AO31x2_ASAP7_75t_R)
  28.77 2455.44 ^ _217853_/Y (AOI22x1_ASAP7_75t_R)
  21.88 2477.33 ^ _217888_/Y (AND2x2_ASAP7_75t_R)
  26.93 2504.26 v _217889_/Y (XNOR2x2_ASAP7_75t_R)
  21.61 2525.87 v _217890_/Y (OR2x2_ASAP7_75t_R)
  21.01 2546.88 v _217897_/Y (AO21x1_ASAP7_75t_R)
  16.97 2563.85 v _217898_/Y (AND2x2_ASAP7_75t_R)
  21.77 2585.62 v _217959_/Y (OA211x2_ASAP7_75t_R)
  19.67 2605.30 v _217960_/Y (OA21x2_ASAP7_75t_R)
  25.79 2631.08 v _218017_/Y (OA211x2_ASAP7_75t_R)
  21.46 2652.55 v _218018_/Y (XOR2x2_ASAP7_75t_R)
  27.77 2680.32 v _218038_/Y (OR4x1_ASAP7_75t_R)
  25.54 2705.86 v _218040_/Y (AO221x1_ASAP7_75t_R)
  33.42 2739.28 v _218043_/Y (AO33x2_ASAP7_75t_R)
  21.51 2760.79 v _218044_/Y (MAJx2_ASAP7_75t_R)
  27.13 2787.92 v _218049_/Y (MAJx3_ASAP7_75t_R)
  26.90 2814.82 v _218087_/Y (OA21x2_ASAP7_75t_R)
  16.18 2831.00 v _218091_/Y (AND2x4_ASAP7_75t_R)
  16.33 2847.33 v _218092_/Y (OA21x2_ASAP7_75t_R)
  25.31 2872.64 v _218093_/Y (OA222x2_ASAP7_75t_R)
  23.48 2896.12 v _218106_/Y (MAJx2_ASAP7_75t_R)
  29.73 2925.85 v _218130_/Y (AO32x2_ASAP7_75t_R)
  22.65 2948.50 v _218150_/Y (OA21x2_ASAP7_75t_R)
  28.49 2976.99 v _218190_/Y (OA211x2_ASAP7_75t_R)
  24.86 3001.85 v _218211_/Y (OA31x2_ASAP7_75t_R)
  27.47 3029.33 v _218260_/Y (AO32x1_ASAP7_75t_R)
  29.59 3058.92 v _218261_/Y (OR3x1_ASAP7_75t_R)
  24.00 3082.93 v _218270_/Y (OA22x2_ASAP7_75t_R)
  27.43 3110.35 v _218271_/Y (AO22x2_ASAP7_75t_R)
  30.15 3140.50 v _218276_/Y (AO22x2_ASAP7_75t_R)
  25.72 3166.22 v _218298_/Y (AO21x2_ASAP7_75t_R)
  16.65 3182.86 v place25618/Y (BUFx3_ASAP7_75t_R)
  15.38 3198.24 v _218449_/Y (AO21x1_ASAP7_75t_R)
   9.59 3207.83 ^ _218451_/Y (NAND2x1_ASAP7_75t_R)
  26.58 3234.41 ^ _218457_/Y (AO221x1_ASAP7_75t_R)
  24.62 3259.03 ^ _218458_/Y (AO32x1_ASAP7_75t_R)
  23.32 3282.35 ^ _218461_/Y (OA31x2_ASAP7_75t_R)
  28.12 3310.47 ^ _218493_/Y (OA21x2_ASAP7_75t_R)
  20.67 3331.14 v _218574_/Y (AOI21x1_ASAP7_75t_R)
  22.37 3353.51 v _218632_/Y (OA21x2_ASAP7_75t_R)
  26.08 3379.59 v _218633_/Y (OR4x1_ASAP7_75t_R)
  31.56 3411.15 v _218634_/Y (OA211x2_ASAP7_75t_R)
  27.87 3439.02 v _218635_/Y (MAJx2_ASAP7_75t_R)
  36.50 3475.52 v _218642_/Y (OR5x1_ASAP7_75t_R)
  11.72 3487.23 ^ _218643_/Y (OAI21x1_ASAP7_75t_R)
  15.75 3502.99 v _218664_/Y (OAI21x1_ASAP7_75t_R)
  20.23 3523.21 ^ _218760_/Y (AOI211x1_ASAP7_75t_R)
  27.31 3550.52 ^ _218763_/Y (OR2x2_ASAP7_75t_R)
  17.02 3567.55 ^ place25429/Y (BUFx6f_ASAP7_75t_R)
  13.87 3581.42 ^ place25427/Y (BUFx3_ASAP7_75t_R)
  18.86 3600.27 ^ _218821_/Y (OA21x2_ASAP7_75t_R)
  27.59 3627.86 v _218822_/Y (XNOR2x2_ASAP7_75t_R)
  16.50 3644.36 v _218823_/Y (AND2x2_ASAP7_75t_R)
  22.67 3667.03 v _218824_/Y (MAJx2_ASAP7_75t_R)
  23.76 3690.79 v _218825_/Y (MAJx2_ASAP7_75t_R)
  19.55 3710.34 ^ _218826_/Y (AOI221x1_ASAP7_75t_R)
  15.68 3726.03 v _218981_/Y (OAI21x1_ASAP7_75t_R)
  19.58 3745.61 v place25318/Y (BUFx6f_ASAP7_75t_R)
  26.00 3771.61 ^ _218987_/Y (NOR2x1_ASAP7_75t_R)
  26.36 3797.97 ^ _218995_/Y (OA22x2_ASAP7_75t_R)
  16.88 3814.85 ^ _219001_/Y (AO31x2_ASAP7_75t_R)
  35.48 3850.33 ^ _219008_/Y (AO221x1_ASAP7_75t_R)
  31.33 3881.67 ^ _219217_/Y (AO211x2_ASAP7_75t_R)
  28.93 3910.60 ^ _219222_/Y (AND5x2_ASAP7_75t_R)
  38.18 3948.78 ^ _219231_/Y (OA31x2_ASAP7_75t_R)
  23.43 3972.21 ^ place25226/Y (BUFx6f_ASAP7_75t_R)
  16.81 3989.02 ^ _219398_/Y (AND2x4_ASAP7_75t_R)
  25.68 4014.70 v _219399_/Y (XNOR2x2_ASAP7_75t_R)
  22.75 4037.45 v _219451_/Y (AO32x1_ASAP7_75t_R)
  18.59 4056.04 v _219459_/Y (OA21x2_ASAP7_75t_R)
  33.16 4089.20 v _219485_/Y (OA221x2_ASAP7_75t_R)
  18.78 4107.99 v place25136/Y (BUFx6f_ASAP7_75t_R)
  14.01 4121.99 ^ _219494_/Y (AOI21x1_ASAP7_75t_R)
  25.52 4147.51 ^ _219611_/Y (AND4x1_ASAP7_75t_R)
  22.18 4169.69 v _219612_/Y (AOI221x1_ASAP7_75t_R)
  18.86 4188.55 ^ _219633_/Y (AOI22x1_ASAP7_75t_R)
  28.58 4217.13 ^ _219634_/Y (OA31x2_ASAP7_75t_R)
  24.23 4241.36 ^ _219653_/Y (AO221x1_ASAP7_75t_R)
  28.26 4269.62 ^ _219666_/Y (AO31x2_ASAP7_75t_R)
  29.11 4298.74 ^ _219763_/Y (AO21x1_ASAP7_75t_R)
  17.66 4316.40 ^ place25012/Y (BUFx6f_ASAP7_75t_R)
  23.60 4339.99 ^ _220048_/Y (AO31x2_ASAP7_75t_R)
  20.05 4360.04 ^ _220050_/Y (AND2x2_ASAP7_75t_R)
  29.07 4389.11 v _220051_/Y (XNOR2x2_ASAP7_75t_R)
  18.96 4408.07 v _220065_/Y (OA31x2_ASAP7_75t_R)
  35.45 4443.52 v _220113_/Y (OR5x1_ASAP7_75t_R)
  22.72 4466.24 v _220143_/Y (AO211x2_ASAP7_75t_R)
  19.49 4485.73 v _220166_/Y (AO31x2_ASAP7_75t_R)
  30.48 4516.21 ^ _220179_/Y (AOI21x1_ASAP7_75t_R)
  24.05 4540.26 ^ place24895/Y (BUFx6f_ASAP7_75t_R)
  16.95 4557.22 ^ _220392_/Y (OA21x2_ASAP7_75t_R)
  27.86 4585.08 ^ _220393_/Y (AO22x1_ASAP7_75t_R)
  21.01 4606.09 ^ _220394_/Y (OR2x2_ASAP7_75t_R)
  17.94 4624.03 ^ _220395_/Y (AO211x2_ASAP7_75t_R)
  11.10 4635.14 v _220397_/Y (AOI22x1_ASAP7_75t_R)
  40.25 4675.38 v _220465_/Y (OR3x2_ASAP7_75t_R)
  29.50 4704.89 v _220567_/Y (AO21x1_ASAP7_75t_R)
  29.10 4733.99 v _220642_/Y (OA211x2_ASAP7_75t_R)
  23.82 4757.81 v _220643_/Y (XOR2x2_ASAP7_75t_R)
  22.52 4780.32 v _220786_/Y (AO22x2_ASAP7_75t_R)
  29.95 4810.27 v _220802_/Y (OR4x1_ASAP7_75t_R)
  34.92 4845.19 v _220811_/Y (AO32x1_ASAP7_75t_R)
  23.17 4868.36 v place24708/Y (BUFx3_ASAP7_75t_R)
  27.19 4895.55 v _220958_/Y (AO221x1_ASAP7_75t_R)
  29.28 4924.83 v _220959_/Y (OA211x2_ASAP7_75t_R)
  25.77 4950.60 v _221039_/Y (OA211x2_ASAP7_75t_R)
  23.26 4973.86 v _221040_/Y (XNOR2x2_ASAP7_75t_R)
  28.48 5002.33 v _221138_/Y (OA221x2_ASAP7_75t_R)
  27.81 5030.14 v _221139_/Y (OA211x2_ASAP7_75t_R)
  18.14 5048.28 v _221142_/Y (OA21x2_ASAP7_75t_R)
  19.05 5067.33 v _221143_/Y (OA21x2_ASAP7_75t_R)
  20.53 5087.86 v _221176_/Y (OA21x2_ASAP7_75t_R)
  26.41 5114.27 v _221217_/Y (AO21x2_ASAP7_75t_R)
  23.48 5137.75 v _221338_/Y (AND2x2_ASAP7_75t_R)
  24.63 5162.38 v _221339_/Y (XOR2x2_ASAP7_75t_R)
  25.50 5187.88 v _221375_/Y (OA211x2_ASAP7_75t_R)
  23.13 5211.01 ^ _221376_/Y (AOI211x1_ASAP7_75t_R)
  34.01 5245.02 ^ _221592_/Y (AO211x2_ASAP7_75t_R)
  22.74 5267.77 ^ _221600_/Y (AO31x2_ASAP7_75t_R)
  33.20 5300.97 ^ _221602_/Y (AND5x2_ASAP7_75t_R)
  18.34 5319.30 ^ place24445/Y (BUFx3_ASAP7_75t_R)
  18.45 5337.75 ^ _221804_/Y (OA31x2_ASAP7_75t_R)
  30.50 5368.25 v _221805_/Y (XNOR2x2_ASAP7_75t_R)
  21.55 5389.80 v _221841_/Y (OR2x2_ASAP7_75t_R)
  21.05 5410.85 v _221842_/Y (MAJx2_ASAP7_75t_R)
  22.37 5433.22 v _221846_/Y (MAJx2_ASAP7_75t_R)
  21.24 5454.46 v _221882_/Y (AND5x1_ASAP7_75t_R)
  22.01 5476.48 ^ _221926_/Y (OAI21x1_ASAP7_75t_R)
  22.89 5499.37 ^ place24326/Y (BUFx3_ASAP7_75t_R)
  20.13 5519.50 v _222073_/Y (AOI211x1_ASAP7_75t_R)
  23.73 5543.23 v _222155_/Y (OA21x2_ASAP7_75t_R)
  26.49 5569.73 ^ _222156_/Y (XOR2x2_ASAP7_75t_R)
  20.86 5590.59 ^ place24271/Y (BUFx3_ASAP7_75t_R)
  14.54 5605.13 v _222157_/Y (INVx1_ASAP7_75t_R)
  24.51 5629.64 v _222163_/Y (MAJx2_ASAP7_75t_R)
  14.56 5644.20 ^ _222164_/Y (AOI21x1_ASAP7_75t_R)
  22.53 5666.73 v _222322_/Y (NOR2x1_ASAP7_75t_R)
  29.06 5695.79 v _222326_/Y (AO22x2_ASAP7_75t_R)
  38.00 5733.79 v _222333_/Y (AO221x2_ASAP7_75t_R)
  22.34 5756.13 v place24142/Y (BUFx6f_ASAP7_75t_R)
  18.29 5774.42 v _222673_/Y (AO21x1_ASAP7_75t_R)
  20.52 5794.94 v _222675_/Y (AO22x2_ASAP7_75t_R)
  18.78 5813.72 v place24098/Y (BUFx3_ASAP7_75t_R)
  23.76 5837.47 v _222776_/Y (MAJx2_ASAP7_75t_R)
  15.23 5852.70 v _222872_/Y (OA21x2_ASAP7_75t_R)
  27.16 5879.86 v _222915_/Y (OR4x1_ASAP7_75t_R)
  32.98 5912.84 v _222917_/Y (OA211x2_ASAP7_75t_R)
  32.44 5945.28 v _222939_/Y (AO221x1_ASAP7_75t_R)
  28.98 5974.26 v _222940_/Y (AO211x2_ASAP7_75t_R)
  22.37 5996.64 v place23985/Y (BUFx6f_ASAP7_75t_R)
  15.90 6012.54 ^ _223249_/Y (NAND3x1_ASAP7_75t_R)
  20.47 6033.01 ^ _223250_/Y (AND3x1_ASAP7_75t_R)
  20.05 6053.07 ^ _223252_/Y (OA211x2_ASAP7_75t_R)
  20.56 6073.63 ^ _223253_/Y (AND3x1_ASAP7_75t_R)
  31.59 6105.22 ^ _223254_/Y (AND5x1_ASAP7_75t_R)
  30.44 6135.66 ^ _223255_/Y (AND5x1_ASAP7_75t_R)
  16.83 6152.49 ^ _223256_/Y (OR4x2_ASAP7_75t_R)
  20.81 6173.30 ^ place23853/Y (BUFx3_ASAP7_75t_R)
  19.61 6192.91 v _223257_/Y (NOR2x2_ASAP7_75t_R)
  16.90 6209.81 v place23846/Y (BUFx6f_ASAP7_75t_R)
  27.25 6237.06 v _223374_/Y (OR4x1_ASAP7_75t_R)
  19.72 6256.78 v _223375_/Y (AND4x1_ASAP7_75t_R)
  23.41 6280.19 ^ _223376_/Y (XNOR2x2_ASAP7_75t_R)
  17.46 6297.65 ^ _223377_/Y (AND2x2_ASAP7_75t_R)
  35.53 6333.18 ^ _223439_/Y (AND5x1_ASAP7_75t_R)
  16.52 6349.70 ^ place23753/Y (BUFx6f_ASAP7_75t_R)
  13.24 6362.94 v _223668_/Y (NAND3x1_ASAP7_75t_R)
  25.71 6388.65 v place23730/Y (BUFx3_ASAP7_75t_R)
  32.27 6420.92 v _223817_/Y (AO32x1_ASAP7_75t_R)
  22.94 6443.86 v _223977_/Y (XOR2x2_ASAP7_75t_R)
  22.04 6465.90 v _223993_/Y (MAJx2_ASAP7_75t_R)
  39.30 6505.20 v _223994_/Y (OR4x2_ASAP7_75t_R)
  13.94 6519.14 ^ _223995_/Y (AOI21x1_ASAP7_75t_R)
  23.10 6542.24 ^ _224023_/Y (OA31x2_ASAP7_75t_R)
  18.18 6560.42 ^ _224027_/Y (AO21x2_ASAP7_75t_R)
  24.24 6584.66 ^ _224028_/Y (AO211x2_ASAP7_75t_R)
  16.81 6601.47 ^ place23565/Y (BUFx6f_ASAP7_75t_R)
   9.06 6610.53 v _224375_/Y (NAND2x1_ASAP7_75t_R)
  33.83 6644.37 v _224386_/Y (OR5x1_ASAP7_75t_R)
  17.14 6661.51 v _224387_/Y (AND4x1_ASAP7_75t_R)
  44.16 6705.67 v _224397_/Y (OR5x1_ASAP7_75t_R)
  22.25 6727.92 v place23468/Y (BUFx3_ASAP7_75t_R)
  10.24 6738.16 ^ _224398_/Y (AOI211x1_ASAP7_75t_R)
  28.30 6766.46 ^ _224454_/Y (OA21x2_ASAP7_75t_R)
  30.34 6796.79 ^ _224494_/Y (OR3x2_ASAP7_75t_R)
  21.40 6818.19 ^ place23431/Y (BUFx3_ASAP7_75t_R)
  19.94 6838.12 ^ _224898_/Y (OA21x2_ASAP7_75t_R)
  22.56 6860.69 ^ _224899_/Y (AND3x1_ASAP7_75t_R)
  22.55 6883.24 ^ _224900_/Y (XNOR2x2_ASAP7_75t_R)
  21.37 6904.61 ^ _224902_/Y (OA211x2_ASAP7_75t_R)
  23.62 6928.22 ^ _224913_/Y (AND3x1_ASAP7_75t_R)
  23.48 6951.70 ^ _224922_/Y (AND3x1_ASAP7_75t_R)
  25.19 6976.89 ^ _224933_/Y (AND3x1_ASAP7_75t_R)
  19.12 6996.02 ^ place23290/Y (BUFx6f_ASAP7_75t_R)
  30.94 7026.96 ^ place23289/Y (BUFx3_ASAP7_75t_R)
  19.71 7046.66 ^ _225100_/Y (AO21x1_ASAP7_75t_R)
  29.90 7076.56 v _225101_/Y (XNOR2x2_ASAP7_75t_R)
  11.40 7087.96 ^ _225293_/Y (NAND2x1_ASAP7_75t_R)
  30.99 7118.96 ^ _225317_/Y (AND5x1_ASAP7_75t_R)
  28.10 7147.06 ^ _225318_/Y (AND4x1_ASAP7_75t_R)
  36.48 7183.54 ^ _225319_/Y (AND5x1_ASAP7_75t_R)
  17.73 7201.27 ^ _225371_/Y (OR4x2_ASAP7_75t_R)
  16.77 7218.04 ^ _225393_/Y (AO21x1_ASAP7_75t_R)
  29.53 7247.57 ^ place23178/Y (BUFx3_ASAP7_75t_R)
  37.73 7285.29 ^ _225573_/Y (AO211x2_ASAP7_75t_R)
  19.49 7304.79 ^ _225574_/Y (OA31x2_ASAP7_75t_R)
  23.24 7328.02 ^ _225585_/Y (OA31x2_ASAP7_75t_R)
  18.00 7346.02 ^ _225597_/Y (OR3x1_ASAP7_75t_R)
  25.88 7371.90 ^ _225616_/Y (AO211x2_ASAP7_75t_R)
  26.10 7397.99 ^ _225664_/Y (AO211x2_ASAP7_75t_R)
  23.95 7421.94 ^ _225676_/Y (AND3x1_ASAP7_75t_R)
  27.71 7449.65 ^ _225721_/Y (OA211x2_ASAP7_75t_R)
  31.24 7480.89 ^ _225732_/Y (AO221x1_ASAP7_75t_R)
  30.11 7511.00 v _225983_/Y (XNOR2x2_ASAP7_75t_R)
  41.29 7552.29 v _225996_/Y (OR5x1_ASAP7_75t_R)
  25.29 7577.58 ^ _225997_/Y (AOI211x1_ASAP7_75t_R)
  40.21 7617.78 ^ _225998_/Y (AND4x2_ASAP7_75t_R)
  15.06 7632.85 v _226127_/Y (OAI21x1_ASAP7_75t_R)
  23.71 7656.56 v _226147_/Y (AND3x1_ASAP7_75t_R)
  26.74 7683.30 v place22877/Y (BUFx3_ASAP7_75t_R)
  28.56 7711.86 v _226283_/Y (OR3x1_ASAP7_75t_R)
  19.74 7731.60 v _226345_/Y (AO21x1_ASAP7_75t_R)
  18.15 7749.75 v _226349_/Y (AND2x2_ASAP7_75t_R)
  20.83 7770.59 v _226351_/Y (OR3x1_ASAP7_75t_R)
  16.86 7787.45 v _226353_/Y (AND4x1_ASAP7_75t_R)
  27.94 7815.39 ^ _226637_/Y (AOI221x1_ASAP7_75t_R)
  28.07 7843.45 ^ place22754/Y (BUFx3_ASAP7_75t_R)
  24.02 7867.48 ^ _226639_/Y (OA21x2_ASAP7_75t_R)
  20.84 7888.32 ^ _226653_/Y (OA21x2_ASAP7_75t_R)
  20.50 7908.82 ^ _226654_/Y (MAJx2_ASAP7_75t_R)
  18.99 7927.81 ^ _226655_/Y (MAJx2_ASAP7_75t_R)
  26.89 7954.70 v _226656_/Y (XNOR2x2_ASAP7_75t_R)
  22.19 7976.89 v _226657_/Y (AO21x1_ASAP7_75t_R)
  24.53 8001.41 ^ _226660_/Y (NAND3x1_ASAP7_75t_R)
  32.37 8033.79 ^ _226751_/Y (AO221x1_ASAP7_75t_R)
  13.43 8047.22 v _226798_/Y (AOI21x1_ASAP7_75t_R)
  38.64 8085.87 v _227061_/Y (OR4x2_ASAP7_75t_R)
  20.06 8105.93 v place22557/Y (BUFx6f_ASAP7_75t_R)
  26.15 8132.08 v place22554/Y (BUFx6f_ASAP7_75t_R)
  15.23 8147.30 v _227302_/Y (AND3x1_ASAP7_75t_R)
  22.08 8169.38 v _227309_/Y (OA22x2_ASAP7_75t_R)
  15.20 8184.58 v _227329_/Y (AND4x1_ASAP7_75t_R)
  32.89 8217.48 v _227484_/Y (OA211x2_ASAP7_75t_R)
  24.19 8241.66 v _227512_/Y (AND5x2_ASAP7_75t_R)
  28.22 8269.88 v _227530_/Y (OR3x1_ASAP7_75t_R)
  32.68 8302.56 v _227532_/Y (OR3x1_ASAP7_75t_R)
  26.40 8328.96 v place22396/Y (BUFx3_ASAP7_75t_R)
  20.79 8349.76 v place22395/Y (BUFx3_ASAP7_75t_R)
  21.30 8371.06 v _227733_/Y (AND2x2_ASAP7_75t_R)
  19.67 8390.73 v _227734_/Y (XNOR2x2_ASAP7_75t_R)
  24.47 8415.20 v _227763_/Y (AO221x1_ASAP7_75t_R)
  26.71 8441.92 v _227783_/Y (AO32x1_ASAP7_75t_R)
  19.06 8460.98 ^ _227860_/Y (OAI21x1_ASAP7_75t_R)
  19.06 8480.03 ^ place22249/Y (BUFx6f_ASAP7_75t_R)
   7.84 8487.87 v _227861_/Y (NAND2x1_ASAP7_75t_R)
  23.29 8511.16 v _227862_/Y (AND2x2_ASAP7_75t_R)
  20.46 8531.62 v place22223/Y (BUFx3_ASAP7_75t_R)
  37.01 8568.63 v _228259_/Y (OR5x1_ASAP7_75t_R)
  24.78 8593.42 v _228294_/Y (AND5x1_ASAP7_75t_R)
  23.63 8617.05 v _228295_/Y (AO221x1_ASAP7_75t_R)
  28.78 8645.83 v _228296_/Y (AO221x1_ASAP7_75t_R)
  23.44 8669.28 ^ _228325_/Y (NAND2x1_ASAP7_75t_R)
  36.12 8705.40 ^ _228377_/Y (AO221x2_ASAP7_75t_R)
  23.48 8728.87 v _228378_/Y (NAND2x1_ASAP7_75t_R)
  21.80 8750.67 v place22046/Y (BUFx6f_ASAP7_75t_R)
  15.34 8766.02 v place22045/Y (BUFx3_ASAP7_75t_R)
  24.33 8790.34 v _228623_/Y (AO21x1_ASAP7_75t_R)
  20.06 8810.41 v _228624_/Y (AND2x4_ASAP7_75t_R)
  22.30 8832.71 ^ _228937_/Y (XNOR2x2_ASAP7_75t_R)
  25.26 8857.97 ^ _228939_/Y (AND4x1_ASAP7_75t_R)
   9.81 8867.78 v _228940_/Y (NAND2x1_ASAP7_75t_R)
  38.59 8906.36 v _228953_/Y (OR4x1_ASAP7_75t_R)
  23.52 8929.89 v _229055_/Y (OA21x2_ASAP7_75t_R)
  19.63 8949.52 v _229056_/Y (OA21x2_ASAP7_75t_R)
  21.98 8971.50 v place21843/Y (BUFx3_ASAP7_75t_R)
  21.32 8992.82 v place21842/Y (BUFx3_ASAP7_75t_R)
  27.69 9020.50 v _229327_/Y (OR4x1_ASAP7_75t_R)
   8.34 9028.85 ^ _229328_/Y (OAI21x1_ASAP7_75t_R)
  10.79 9039.64 v _229333_/Y (AOI22x1_ASAP7_75t_R)
  30.11 9069.75 ^ _229353_/Y (AOI221x1_ASAP7_75t_R)
  39.81 9109.56 ^ _229638_/Y (AND5x1_ASAP7_75t_R)
  23.05 9132.61 ^ _229640_/Y (AO221x1_ASAP7_75t_R)
  18.12 9150.72 ^ place21684/Y (BUFx6f_ASAP7_75t_R)
  26.72 9177.44 ^ _229740_/Y (OA31x2_ASAP7_75t_R)
  23.79 9201.23 ^ _229741_/Y (XNOR2x2_ASAP7_75t_R)
  24.88 9226.11 v _229742_/Y (XNOR2x2_ASAP7_75t_R)
  28.23 9254.34 v _229743_/Y (AO221x1_ASAP7_75t_R)
  25.69 9280.03 ^ _229749_/Y (AOI211x1_ASAP7_75t_R)
  17.42 9297.45 v _229763_/Y (NOR2x2_ASAP7_75t_R)
  23.50 9320.94 ^ _230125_/Y (AOI211x1_ASAP7_75t_R)
  35.15 9356.10 ^ _230181_/Y (OA21x2_ASAP7_75t_R)
  29.06 9385.16 ^ _230419_/Y (OA21x2_ASAP7_75t_R)
  26.80 9411.96 v _230420_/Y (XNOR2x2_ASAP7_75t_R)
  20.59 9432.55 ^ _230421_/Y (XNOR2x2_ASAP7_75t_R)
  33.20 9465.75 ^ _230422_/Y (AND5x1_ASAP7_75t_R)
  36.61 9502.36 ^ _230446_/Y (AND5x1_ASAP7_75t_R)
  19.22 9521.58 ^ _230513_/Y (AO31x2_ASAP7_75t_R)
  18.91 9540.49 v _230514_/Y (AOI221x1_ASAP7_75t_R)
  13.14 9553.62 ^ _230515_/Y (OAI21x1_ASAP7_75t_R)
  18.11 9571.73 ^ place21065/Y (BUFx6f_ASAP7_75t_R)
  20.70 9592.43 ^ place21062/Y (BUFx6f_ASAP7_75t_R)
  24.09 9616.52 ^ _230817_/Y (AND2x2_ASAP7_75t_R)
  22.87 9639.39 ^ _230818_/Y (XNOR2x2_ASAP7_75t_R)
  26.37 9665.76 v _230819_/Y (XNOR2x2_ASAP7_75t_R)
  18.67 9684.43 v _230872_/Y (OR2x2_ASAP7_75t_R)
  24.96 9709.39 v _230897_/Y (OA33x2_ASAP7_75t_R)
  14.09 9723.48 v _230898_/Y (OA21x2_ASAP7_75t_R)
  31.91 9755.39 v _230906_/Y (OA211x2_ASAP7_75t_R)
  14.92 9770.30 ^ _230918_/Y (OAI21x1_ASAP7_75t_R)
  28.29 9798.60 ^ _230936_/Y (AO21x2_ASAP7_75t_R)
  27.78 9826.38 ^ place20920/Y (BUFx3_ASAP7_75t_R)
  26.68 9853.06 ^ _230992_/Y (AND3x2_ASAP7_75t_R)
  27.70 9880.76 v _231175_/Y (XNOR2x2_ASAP7_75t_R)
  21.05 9901.81 ^ _231176_/Y (XNOR2x2_ASAP7_75t_R)
  30.20 9932.01 ^ _231180_/Y (AND4x1_ASAP7_75t_R)
   9.20 9941.21 v _231314_/Y (NAND3x1_ASAP7_75t_R)
  38.39 9979.59 v _231315_/Y (OR5x1_ASAP7_75t_R)
  26.97 10006.56 v _231371_/Y (AND5x2_ASAP7_75t_R)
  24.26 10030.82 ^ _231376_/Y (NAND2x1p5_ASAP7_75t_R)
  22.71 10053.53 ^ place20787/Y (BUFx6f_ASAP7_75t_R)
  17.49 10071.02 ^ _231559_/Y (AND2x2_ASAP7_75t_R)
  31.16 10102.19 v _231560_/Y (XNOR2x2_ASAP7_75t_R)
  13.09 10115.27 ^ _231561_/Y (NAND2x1_ASAP7_75t_R)
  31.86 10147.13 ^ _231575_/Y (AND5x2_ASAP7_75t_R)
  26.94 10174.07 ^ _231624_/Y (AND5x1_ASAP7_75t_R)
  25.61 10199.68 ^ _231625_/Y (OA211x2_ASAP7_75t_R)
  17.32 10217.00 ^ _231626_/Y (AND2x4_ASAP7_75t_R)
  26.23 10243.23 ^ _231767_/Y (AO211x2_ASAP7_75t_R)
  21.11 10264.34 ^ place20675/Y (BUFx6f_ASAP7_75t_R)
  21.03 10285.37 ^ _231908_/Y (AND2x2_ASAP7_75t_R)
  19.64 10305.02 v _231909_/Y (XOR2x2_ASAP7_75t_R)
  24.34 10329.36 v _231919_/Y (AO221x1_ASAP7_75t_R)
  28.15 10357.51 v _231938_/Y (OR5x1_ASAP7_75t_R)
  22.79 10380.30 v _231957_/Y (AO32x1_ASAP7_75t_R)
  24.61 10404.91 v _232004_/Y (OA221x2_ASAP7_75t_R)
  36.17 10441.08 v _232005_/Y (OR4x1_ASAP7_75t_R)
  30.54 10471.62 ^ _232006_/Y (NAND3x2_ASAP7_75t_R)
  32.90 10504.52 ^ _232185_/Y (AO22x1_ASAP7_75t_R)
  16.77 10521.29 ^ _232187_/Y (AO21x1_ASAP7_75t_R)
  24.18 10545.47 v _232190_/Y (AOI21x1_ASAP7_75t_R)
  31.91 10577.37 v _232248_/Y (OR3x1_ASAP7_75t_R)
  23.89 10601.26 v _232279_/Y (AO21x1_ASAP7_75t_R)
  29.13 10630.39 v _232503_/Y (AO22x2_ASAP7_75t_R)
  26.85 10657.23 ^ _232540_/Y (XNOR2x2_ASAP7_75t_R)
  22.11 10679.35 ^ _232542_/Y (AND3x2_ASAP7_75t_R)
  19.75 10699.10 ^ _232543_/Y (OR3x2_ASAP7_75t_R)
  17.79 10716.89 ^ place20232/Y (BUFx3_ASAP7_75t_R)
  17.03 10733.92 ^ _232615_/Y (AO31x2_ASAP7_75t_R)
  32.25 10766.17 ^ _232625_/Y (OA222x2_ASAP7_75t_R)
  21.07 10787.24 ^ _232638_/Y (MAJx2_ASAP7_75t_R)
  23.73 10810.97 ^ _232640_/Y (AO221x2_ASAP7_75t_R)
  14.66 10825.62 ^ place19938/Y (BUFx3_ASAP7_75t_R)
  22.91 10848.53 ^ _232669_/Y (AO31x2_ASAP7_75t_R)
  21.11 10869.64 v _232670_/Y (OAI21x1_ASAP7_75t_R)
  28.40 10898.05 v place19853/Y (BUFx3_ASAP7_75t_R)
  28.27 10926.32 v _233618_/Y (AO21x1_ASAP7_75t_R)
  31.54 10957.86 v _233619_/Y (OA211x2_ASAP7_75t_R)
  33.94 10991.80 v _233626_/Y (OR4x1_ASAP7_75t_R)
  27.61 11019.40 v _233632_/Y (OA211x2_ASAP7_75t_R)
  21.90 11041.31 v _233633_/Y (OA22x2_ASAP7_75t_R)
  22.25 11063.55 v _233721_/Y (AND5x2_ASAP7_75t_R)
  21.18 11084.73 v _233967_/Y (AND3x4_ASAP7_75t_R)
  22.92 11107.65 v _235036_/Y (AND5x2_ASAP7_75t_R)
  19.43 11127.08 v _235186_/Y (AND4x1_ASAP7_75t_R)
  16.80 11143.88 v _235297_/Y (AND3x2_ASAP7_75t_R)
  44.36 11188.25 v _235300_/Y (OR5x2_ASAP7_75t_R)
  24.88 11213.12 v place19574/Y (BUFx3_ASAP7_75t_R)
   7.50 11220.62 ^ _276097_/Y (INVx1_ASAP7_75t_R)
  29.56 11250.19 ^ _276098_/Y (AO32x2_ASAP7_75t_R)
  21.64 11271.83 v _279914_/Y (AOI21x1_ASAP7_75t_R)
  63.81 11335.64 ^ _280017_/Y (OAI21x1_ASAP7_75t_R)
  50.67 11386.31 v _326596_/Y (AOI22x1_ASAP7_75t_R)
  23.53 11409.84 v place19240/Y (BUFx6f_ASAP7_75t_R)
  20.37 11430.21 v place19238/Y (BUFx6f_ASAP7_75t_R)
  45.05 11475.26 v _334388_/Y (OA21x2_ASAP7_75t_R)
   8.07 11483.33 ^ _334389_/Y (NOR2x1_ASAP7_75t_R)
   0.12 11483.45 ^ _395836_/D (DFFHQNx1_ASAP7_75t_R)
        11483.45   data arrival time

12000.00 12000.00   clock core_clk (rise edge)
   0.00 12000.00   clock source latency
   0.00 12000.00 ^ clk (in)
  45.24 12045.24 ^ wire32813/Y (BUFx12f_ASAP7_75t_R)
  51.74 12096.99 ^ clkbuf_0_clk/Y (BUFx24_ASAP7_75t_R)
  27.57 12124.55 ^ clkbuf_1_1_0_clk/Y (BUFx24_ASAP7_75t_R)
  22.94 12147.50 ^ clkbuf_2_3_0_clk/Y (BUFx24_ASAP7_75t_R)
  30.79 12178.29 ^ clkbuf_3_7_0_clk/Y (BUFx24_ASAP7_75t_R)
  26.19 12204.48 ^ clkbuf_4_14_0_clk/Y (BUFx24_ASAP7_75t_R)
  26.10 12230.58 ^ clkbuf_6_58_0_clk/Y (BUFx24_ASAP7_75t_R)
  21.09 12251.67 ^ clkbuf_7_116__f_clk/Y (BUFx24_ASAP7_75t_R)
  23.01 12274.67 ^ clkbuf_leaf_591_clk/Y (BUFx24_ASAP7_75t_R)
   1.96 12276.63 ^ _395836_/CLK (DFFHQNx1_ASAP7_75t_R)
 -50.00 12226.63   clock uncertainty
   4.46 12231.09   clock reconvergence pessimism
 -10.99 12220.11   library setup time
        12220.11   data required time
---------------------------------------------------------
        12220.11   data required time
        -11483.45   data arrival time
---------------------------------------------------------
         736.65   slack (MET)


Startpoint: _386358_ (rising edge-triggered flip-flop clocked by core_clk)
Endpoint: _395836_ (rising edge-triggered flip-flop clocked by core_clk)
Path Group: reg2reg
Path Type: max

  Delay    Time   Description
---------------------------------------------------------
   0.00    0.00   clock core_clk (rise edge)
   0.00    0.00   clock source latency
   0.00    0.00 ^ clk (in)
  46.36   46.36 ^ wire32813/Y (BUFx12f_ASAP7_75t_R)
  53.38   99.75 ^ clkbuf_0_clk/Y (BUFx24_ASAP7_75t_R)
  28.51  128.26 ^ clkbuf_1_1_0_clk/Y (BUFx24_ASAP7_75t_R)
  23.70  151.96 ^ clkbuf_2_3_0_clk/Y (BUFx24_ASAP7_75t_R)
  32.83  184.79 ^ clkbuf_3_6_0_clk/Y (BUFx24_ASAP7_75t_R)
  26.85  211.64 ^ clkbuf_4_12_0_clk/Y (BUFx24_ASAP7_75t_R)
  27.58  239.22 ^ clkbuf_6_48_0_clk/Y (BUFx24_ASAP7_75t_R)
  22.29  261.50 ^ clkbuf_7_96__f_clk/Y (BUFx24_ASAP7_75t_R)
  24.98  286.48 ^ clkbuf_leaf_385_clk/Y (BUFx24_ASAP7_75t_R)
   2.87  289.35 ^ _386358_/CLK (DFFHQNx1_ASAP7_75t_R)
  78.73  368.08 v _386358_/QN (DFFHQNx1_ASAP7_75t_R)
  72.17  440.25 v _210677_/Y (OR4x2_ASAP7_75t_R)
  57.30  497.55 v place32433/Y (BUFx3_ASAP7_75t_R)
  66.16  563.70 v _210741_/Y (AND4x1_ASAP7_75t_R)
  34.66  598.36 v _210744_/Y (OA21x2_ASAP7_75t_R)
  54.90  653.26 v _210745_/Y (AND2x2_ASAP7_75t_R)
 123.11  776.37 v place31673/Y (BUFx3_ASAP7_75t_R)
  84.48  860.85 v _211121_/Y (OR3x2_ASAP7_75t_R)
  63.46  924.30 v _211124_/Y (OR2x2_ASAP7_75t_R)
 184.30 1108.60 v place30877/Y (BUFx3_ASAP7_75t_R)
  36.89 1145.49 v _214083_/Y (OA22x2_ASAP7_75t_R)
  14.64 1160.12 v _214088_/Y (AND4x1_ASAP7_75t_R)
  41.58 1201.70 ^ _214089_/Y (NAND3x1_ASAP7_75t_R)
  38.34 1240.04 v _214126_/Y (AOI221x1_ASAP7_75t_R)
  42.21 1282.25 v _214127_/Y (AND5x1_ASAP7_75t_R)
  29.72 1311.97 v _214553_/Y (AND4x1_ASAP7_75t_R)
  18.77 1330.74 v place29280/Y (BUFx3_ASAP7_75t_R)
  24.65 1355.40 ^ _214554_/Y (NAND3x1_ASAP7_75t_R)
  27.93 1383.33 ^ _217167_/Y (AND4x1_ASAP7_75t_R)
  27.87 1411.20 ^ _217174_/Y (AO221x1_ASAP7_75t_R)
  21.95 1433.15 ^ _217198_/Y (AO31x2_ASAP7_75t_R)
  20.25 1453.40 ^ place27934/Y (BUFx3_ASAP7_75t_R)
  10.70 1464.09 v _217278_/Y (OAI21x1_ASAP7_75t_R)
  25.57 1489.67 v _217284_/Y (OA211x2_ASAP7_75t_R)
  40.05 1529.72 v _217285_/Y (OR5x1_ASAP7_75t_R)
  33.32 1563.03 v _217286_/Y (MAJx2_ASAP7_75t_R)
  22.44 1585.48 v _217372_/Y (OA21x2_ASAP7_75t_R)
  24.83 1610.31 v _217375_/Y (OA222x2_ASAP7_75t_R)
  19.50 1629.81 v _217380_/Y (AND5x2_ASAP7_75t_R)
  30.66 1660.47 v _217382_/Y (OR3x2_ASAP7_75t_R)
  16.39 1676.87 ^ _217409_/Y (AOI21x1_ASAP7_75t_R)
  18.55 1695.42 ^ place26693/Y (BUFx3_ASAP7_75t_R)
   8.11 1703.53 v _217416_/Y (AOI211x1_ASAP7_75t_R)
  25.15 1728.67 ^ _217417_/Y (AOI221x1_ASAP7_75t_R)
  16.16 1744.84 v _217423_/Y (INVx1_ASAP7_75t_R)
  19.75 1764.59 v _217485_/Y (AO21x1_ASAP7_75t_R)
  32.05 1796.64 v _217488_/Y (AO21x1_ASAP7_75t_R)
  32.36 1829.00 v _217532_/Y (OA211x2_ASAP7_75t_R)
  21.82 1850.82 v _217533_/Y (XOR2x2_ASAP7_75t_R)
  21.19 1872.02 v _217545_/Y (MAJx2_ASAP7_75t_R)
  24.09 1896.11 v _217561_/Y (AO32x1_ASAP7_75t_R)
  24.73 1920.85 v _217562_/Y (MAJx2_ASAP7_75t_R)
  24.59 1945.43 v _217577_/Y (OA21x2_ASAP7_75t_R)
  16.90 1962.33 v place26187/Y (BUFx3_ASAP7_75t_R)
   8.47 1970.80 ^ _217612_/Y (NOR2x1_ASAP7_75t_R)
  27.24 1998.03 ^ _217613_/Y (XNOR2x2_ASAP7_75t_R)
  12.03 2010.07 v _217620_/Y (NOR2x1_ASAP7_75t_R)
  18.03 2028.09 ^ _217622_/Y (AOI22x1_ASAP7_75t_R)
  14.20 2042.29 v _217623_/Y (AOI21x1_ASAP7_75t_R)
  26.81 2069.11 v _217624_/Y (MAJx2_ASAP7_75t_R)
  28.30 2097.41 v _217669_/Y (AO32x1_ASAP7_75t_R)
  24.62 2122.03 v _217723_/Y (OR3x1_ASAP7_75t_R)
  26.03 2148.07 v _217732_/Y (AO221x1_ASAP7_75t_R)
  13.78 2161.85 ^ _217733_/Y (NAND3x1_ASAP7_75t_R)
  26.69 2188.54 ^ _217734_/Y (MAJx2_ASAP7_75t_R)
  21.78 2210.32 ^ _217735_/Y (MAJx2_ASAP7_75t_R)
  23.07 2233.39 ^ _217740_/Y (MAJx2_ASAP7_75t_R)
  25.63 2259.02 ^ _217741_/Y (AO221x1_ASAP7_75t_R)
  27.32 2286.34 ^ _217755_/Y (AO31x2_ASAP7_75t_R)
  23.88 2310.22 ^ _217807_/Y (AND3x1_ASAP7_75t_R)
  27.67 2337.89 v _217808_/Y (XNOR2x2_ASAP7_75t_R)
  18.85 2356.74 v _217809_/Y (OR2x2_ASAP7_75t_R)
  17.53 2374.28 v _217817_/Y (AO211x2_ASAP7_75t_R)
  30.10 2404.38 v _217818_/Y (AO32x2_ASAP7_75t_R)
  22.30 2426.68 v _217848_/Y (AO31x2_ASAP7_75t_R)
  28.77 2455.44 ^ _217853_/Y (AOI22x1_ASAP7_75t_R)
  21.88 2477.33 ^ _217888_/Y (AND2x2_ASAP7_75t_R)
  26.93 2504.26 v _217889_/Y (XNOR2x2_ASAP7_75t_R)
  21.61 2525.87 v _217890_/Y (OR2x2_ASAP7_75t_R)
  21.01 2546.88 v _217897_/Y (AO21x1_ASAP7_75t_R)
  16.97 2563.85 v _217898_/Y (AND2x2_ASAP7_75t_R)
  21.77 2585.62 v _217959_/Y (OA211x2_ASAP7_75t_R)
  19.67 2605.30 v _217960_/Y (OA21x2_ASAP7_75t_R)
  25.79 2631.08 v _218017_/Y (OA211x2_ASAP7_75t_R)
  21.46 2652.55 v _218018_/Y (XOR2x2_ASAP7_75t_R)
  27.77 2680.32 v _218038_/Y (OR4x1_ASAP7_75t_R)
  25.54 2705.86 v _218040_/Y (AO221x1_ASAP7_75t_R)
  33.42 2739.28 v _218043_/Y (AO33x2_ASAP7_75t_R)
  21.51 2760.79 v _218044_/Y (MAJx2_ASAP7_75t_R)
  27.13 2787.92 v _218049_/Y (MAJx3_ASAP7_75t_R)
  26.90 2814.82 v _218087_/Y (OA21x2_ASAP7_75t_R)
  16.18 2831.00 v _218091_/Y (AND2x4_ASAP7_75t_R)
  16.33 2847.33 v _218092_/Y (OA21x2_ASAP7_75t_R)
  25.31 2872.64 v _218093_/Y (OA222x2_ASAP7_75t_R)
  23.48 2896.12 v _218106_/Y (MAJx2_ASAP7_75t_R)
  29.73 2925.85 v _218130_/Y (AO32x2_ASAP7_75t_R)
  22.65 2948.50 v _218150_/Y (OA21x2_ASAP7_75t_R)
  28.49 2976.99 v _218190_/Y (OA211x2_ASAP7_75t_R)
  24.86 3001.85 v _218211_/Y (OA31x2_ASAP7_75t_R)
  27.47 3029.33 v _218260_/Y (AO32x1_ASAP7_75t_R)
  29.59 3058.92 v _218261_/Y (OR3x1_ASAP7_75t_R)
  24.00 3082.93 v _218270_/Y (OA22x2_ASAP7_75t_R)
  27.43 3110.35 v _218271_/Y (AO22x2_ASAP7_75t_R)
  30.15 3140.50 v _218276_/Y (AO22x2_ASAP7_75t_R)
  25.72 3166.22 v _218298_/Y (AO21x2_ASAP7_75t_R)
  16.65 3182.86 v place25618/Y (BUFx3_ASAP7_75t_R)
  15.38 3198.24 v _218449_/Y (AO21x1_ASAP7_75t_R)
   9.59 3207.83 ^ _218451_/Y (NAND2x1_ASAP7_75t_R)
  26.58 3234.41 ^ _218457_/Y (AO221x1_ASAP7_75t_R)
  24.62 3259.03 ^ _218458_/Y (AO32x1_ASAP7_75t_R)
  23.32 3282.35 ^ _218461_/Y (OA31x2_ASAP7_75t_R)
  28.12 3310.47 ^ _218493_/Y (OA21x2_ASAP7_75t_R)
  20.67 3331.14 v _218574_/Y (AOI21x1_ASAP7_75t_R)
  22.37 3353.51 v _218632_/Y (OA21x2_ASAP7_75t_R)
  26.08 3379.59 v _218633_/Y (OR4x1_ASAP7_75t_R)
  31.56 3411.15 v _218634_/Y (OA211x2_ASAP7_75t_R)
  27.87 3439.02 v _218635_/Y (MAJx2_ASAP7_75t_R)
  36.50 3475.52 v _218642_/Y (OR5x1_ASAP7_75t_R)
  11.72 3487.23 ^ _218643_/Y (OAI21x1_ASAP7_75t_R)
  15.75 3502.99 v _218664_/Y (OAI21x1_ASAP7_75t_R)
  20.23 3523.21 ^ _218760_/Y (AOI211x1_ASAP7_75t_R)
  27.31 3550.52 ^ _218763_/Y (OR2x2_ASAP7_75t_R)
  17.02 3567.55 ^ place25429/Y (BUFx6f_ASAP7_75t_R)
  13.87 3581.42 ^ place25427/Y (BUFx3_ASAP7_75t_R)
  18.86 3600.27 ^ _218821_/Y (OA21x2_ASAP7_75t_R)
  27.59 3627.86 v _218822_/Y (XNOR2x2_ASAP7_75t_R)
  16.50 3644.36 v _218823_/Y (AND2x2_ASAP7_75t_R)
  22.67 3667.03 v _218824_/Y (MAJx2_ASAP7_75t_R)
  23.76 3690.79 v _218825_/Y (MAJx2_ASAP7_75t_R)
  19.55 3710.34 ^ _218826_/Y (AOI221x1_ASAP7_75t_R)
  15.68 3726.03 v _218981_/Y (OAI21x1_ASAP7_75t_R)
  19.58 3745.61 v place25318/Y (BUFx6f_ASAP7_75t_R)
  26.00 3771.61 ^ _218987_/Y (NOR2x1_ASAP7_75t_R)
  26.36 3797.97 ^ _218995_/Y (OA22x2_ASAP7_75t_R)
  16.88 3814.85 ^ _219001_/Y (AO31x2_ASAP7_75t_R)
  35.48 3850.33 ^ _219008_/Y (AO221x1_ASAP7_75t_R)
  31.33 3881.67 ^ _219217_/Y (AO211x2_ASAP7_75t_R)
  28.93 3910.60 ^ _219222_/Y (AND5x2_ASAP7_75t_R)
  38.18 3948.78 ^ _219231_/Y (OA31x2_ASAP7_75t_R)
  23.43 3972.21 ^ place25226/Y (BUFx6f_ASAP7_75t_R)
  16.81 3989.02 ^ _219398_/Y (AND2x4_ASAP7_75t_R)
  25.68 4014.70 v _219399_/Y (XNOR2x2_ASAP7_75t_R)
  22.75 4037.45 v _219451_/Y (AO32x1_ASAP7_75t_R)
  18.59 4056.04 v _219459_/Y (OA21x2_ASAP7_75t_R)
  33.16 4089.20 v _219485_/Y (OA221x2_ASAP7_75t_R)
  18.78 4107.99 v place25136/Y (BUFx6f_ASAP7_75t_R)
  14.01 4121.99 ^ _219494_/Y (AOI21x1_ASAP7_75t_R)
  25.52 4147.51 ^ _219611_/Y (AND4x1_ASAP7_75t_R)
  22.18 4169.69 v _219612_/Y (AOI221x1_ASAP7_75t_R)
  18.86 4188.55 ^ _219633_/Y (AOI22x1_ASAP7_75t_R)
  28.58 4217.13 ^ _219634_/Y (OA31x2_ASAP7_75t_R)
  24.23 4241.36 ^ _219653_/Y (AO221x1_ASAP7_75t_R)
  28.26 4269.62 ^ _219666_/Y (AO31x2_ASAP7_75t_R)
  29.11 4298.74 ^ _219763_/Y (AO21x1_ASAP7_75t_R)
  17.66 4316.40 ^ place25012/Y (BUFx6f_ASAP7_75t_R)
  23.60 4339.99 ^ _220048_/Y (AO31x2_ASAP7_75t_R)
  20.05 4360.04 ^ _220050_/Y (AND2x2_ASAP7_75t_R)
  29.07 4389.11 v _220051_/Y (XNOR2x2_ASAP7_75t_R)
  18.96 4408.07 v _220065_/Y (OA31x2_ASAP7_75t_R)
  35.45 4443.52 v _220113_/Y (OR5x1_ASAP7_75t_R)
  22.72 4466.24 v _220143_/Y (AO211x2_ASAP7_75t_R)
  19.49 4485.73 v _220166_/Y (AO31x2_ASAP7_75t_R)
  30.48 4516.21 ^ _220179_/Y (AOI21x1_ASAP7_75t_R)
  24.05 4540.26 ^ place24895/Y (BUFx6f_ASAP7_75t_R)
  16.95 4557.22 ^ _220392_/Y (OA21x2_ASAP7_75t_R)
  27.86 4585.08 ^ _220393_/Y (AO22x1_ASAP7_75t_R)
  21.01 4606.09 ^ _220394_/Y (OR2x2_ASAP7_75t_R)
  17.94 4624.03 ^ _220395_/Y (AO211x2_ASAP7_75t_R)
  11.10 4635.14 v _220397_/Y (AOI22x1_ASAP7_75t_R)
  40.25 4675.38 v _220465_/Y (OR3x2_ASAP7_75t_R)
  29.50 4704.89 v _220567_/Y (AO21x1_ASAP7_75t_R)
  29.10 4733.99 v _220642_/Y (OA211x2_ASAP7_75t_R)
  23.82 4757.81 v _220643_/Y (XOR2x2_ASAP7_75t_R)
  22.52 4780.32 v _220786_/Y (AO22x2_ASAP7_75t_R)
  29.95 4810.27 v _220802_/Y (OR4x1_ASAP7_75t_R)
  34.92 4845.19 v _220811_/Y (AO32x1_ASAP7_75t_R)
  23.17 4868.36 v place24708/Y (BUFx3_ASAP7_75t_R)
  27.19 4895.55 v _220958_/Y (AO221x1_ASAP7_75t_R)
  29.28 4924.83 v _220959_/Y (OA211x2_ASAP7_75t_R)
  25.77 4950.60 v _221039_/Y (OA211x2_ASAP7_75t_R)
  23.26 4973.86 v _221040_/Y (XNOR2x2_ASAP7_75t_R)
  28.48 5002.33 v _221138_/Y (OA221x2_ASAP7_75t_R)
  27.81 5030.14 v _221139_/Y (OA211x2_ASAP7_75t_R)
  18.14 5048.28 v _221142_/Y (OA21x2_ASAP7_75t_R)
  19.05 5067.33 v _221143_/Y (OA21x2_ASAP7_75t_R)
  20.53 5087.86 v _221176_/Y (OA21x2_ASAP7_75t_R)
  26.41 5114.27 v _221217_/Y (AO21x2_ASAP7_75t_R)
  23.48 5137.75 v _221338_/Y (AND2x2_ASAP7_75t_R)
  24.63 5162.38 v _221339_/Y (XOR2x2_ASAP7_75t_R)
  25.50 5187.88 v _221375_/Y (OA211x2_ASAP7_75t_R)
  23.13 5211.01 ^ _221376_/Y (AOI211x1_ASAP7_75t_R)
  34.01 5245.02 ^ _221592_/Y (AO211x2_ASAP7_75t_R)
  22.74 5267.77 ^ _221600_/Y (AO31x2_ASAP7_75t_R)
  33.20 5300.97 ^ _221602_/Y (AND5x2_ASAP7_75t_R)
  18.34 5319.30 ^ place24445/Y (BUFx3_ASAP7_75t_R)
  18.45 5337.75 ^ _221804_/Y (OA31x2_ASAP7_75t_R)
  30.50 5368.25 v _221805_/Y (XNOR2x2_ASAP7_75t_R)
  21.55 5389.80 v _221841_/Y (OR2x2_ASAP7_75t_R)
  21.05 5410.85 v _221842_/Y (MAJx2_ASAP7_75t_R)
  22.37 5433.22 v _221846_/Y (MAJx2_ASAP7_75t_R)
  21.24 5454.46 v _221882_/Y (AND5x1_ASAP7_75t_R)
  22.01 5476.48 ^ _221926_/Y (OAI21x1_ASAP7_75t_R)
  22.89 5499.37 ^ place24326/Y (BUFx3_ASAP7_75t_R)
  20.13 5519.50 v _222073_/Y (AOI211x1_ASAP7_75t_R)
  23.73 5543.23 v _222155_/Y (OA21x2_ASAP7_75t_R)
  26.49 5569.73 ^ _222156_/Y (XOR2x2_ASAP7_75t_R)
  20.86 5590.59 ^ place24271/Y (BUFx3_ASAP7_75t_R)
  14.54 5605.13 v _222157_/Y (INVx1_ASAP7_75t_R)
  24.51 5629.64 v _222163_/Y (MAJx2_ASAP7_75t_R)
  14.56 5644.20 ^ _222164_/Y (AOI21x1_ASAP7_75t_R)
  22.53 5666.73 v _222322_/Y (NOR2x1_ASAP7_75t_R)
  29.06 5695.79 v _222326_/Y (AO22x2_ASAP7_75t_R)
  38.00 5733.79 v _222333_/Y (AO221x2_ASAP7_75t_R)
  22.34 5756.13 v place24142/Y (BUFx6f_ASAP7_75t_R)
  18.29 5774.42 v _222673_/Y (AO21x1_ASAP7_75t_R)
  20.52 5794.94 v _222675_/Y (AO22x2_ASAP7_75t_R)
  18.78 5813.72 v place24098/Y (BUFx3_ASAP7_75t_R)
  23.76 5837.47 v _222776_/Y (MAJx2_ASAP7_75t_R)
  15.23 5852.70 v _222872_/Y (OA21x2_ASAP7_75t_R)
  27.16 5879.86 v _222915_/Y (OR4x1_ASAP7_75t_R)
  32.98 5912.84 v _222917_/Y (OA211x2_ASAP7_75t_R)
  32.44 5945.28 v _222939_/Y (AO221x1_ASAP7_75t_R)
  28.98 5974.26 v _222940_/Y (AO211x2_ASAP7_75t_R)
  22.37 5996.64 v place23985/Y (BUFx6f_ASAP7_75t_R)
  15.90 6012.54 ^ _223249_/Y (NAND3x1_ASAP7_75t_R)
  20.47 6033.01 ^ _223250_/Y (AND3x1_ASAP7_75t_R)
  20.05 6053.07 ^ _223252_/Y (OA211x2_ASAP7_75t_R)
  20.56 6073.63 ^ _223253_/Y (AND3x1_ASAP7_75t_R)
  31.59 6105.22 ^ _223254_/Y (AND5x1_ASAP7_75t_R)
  30.44 6135.66 ^ _223255_/Y (AND5x1_ASAP7_75t_R)
  16.83 6152.49 ^ _223256_/Y (OR4x2_ASAP7_75t_R)
  20.81 6173.30 ^ place23853/Y (BUFx3_ASAP7_75t_R)
  19.61 6192.91 v _223257_/Y (NOR2x2_ASAP7_75t_R)
  16.90 6209.81 v place23846/Y (BUFx6f_ASAP7_75t_R)
  27.25 6237.06 v _223374_/Y (OR4x1_ASAP7_75t_R)
  19.72 6256.78 v _223375_/Y (AND4x1_ASAP7_75t_R)
  23.41 6280.19 ^ _223376_/Y (XNOR2x2_ASAP7_75t_R)
  17.46 6297.65 ^ _223377_/Y (AND2x2_ASAP7_75t_R)
  35.53 6333.18 ^ _223439_/Y (AND5x1_ASAP7_75t_R)
  16.52 6349.70 ^ place23753/Y (BUFx6f_ASAP7_75t_R)
  13.24 6362.94 v _223668_/Y (NAND3x1_ASAP7_75t_R)
  25.71 6388.65 v place23730/Y (BUFx3_ASAP7_75t_R)
  32.27 6420.92 v _223817_/Y (AO32x1_ASAP7_75t_R)
  22.94 6443.86 v _223977_/Y (XOR2x2_ASAP7_75t_R)
  22.04 6465.90 v _223993_/Y (MAJx2_ASAP7_75t_R)
  39.30 6505.20 v _223994_/Y (OR4x2_ASAP7_75t_R)
  13.94 6519.14 ^ _223995_/Y (AOI21x1_ASAP7_75t_R)
  23.10 6542.24 ^ _224023_/Y (OA31x2_ASAP7_75t_R)
  18.18 6560.42 ^ _224027_/Y (AO21x2_ASAP7_75t_R)
  24.24 6584.66 ^ _224028_/Y (AO211x2_ASAP7_75t_R)
  16.81 6601.47 ^ place23565/Y (BUFx6f_ASAP7_75t_R)
   9.06 6610.53 v _224375_/Y (NAND2x1_ASAP7_75t_R)
  33.83 6644.37 v _224386_/Y (OR5x1_ASAP7_75t_R)
  17.14 6661.51 v _224387_/Y (AND4x1_ASAP7_75t_R)
  44.16 6705.67 v _224397_/Y (OR5x1_ASAP7_75t_R)
  22.25 6727.92 v place23468/Y (BUFx3_ASAP7_75t_R)
  10.24 6738.16 ^ _224398_/Y (AOI211x1_ASAP7_75t_R)
  28.30 6766.46 ^ _224454_/Y (OA21x2_ASAP7_75t_R)
  30.34 6796.79 ^ _224494_/Y (OR3x2_ASAP7_75t_R)
  21.40 6818.19 ^ place23431/Y (BUFx3_ASAP7_75t_R)
  19.94 6838.12 ^ _224898_/Y (OA21x2_ASAP7_75t_R)
  22.56 6860.69 ^ _224899_/Y (AND3x1_ASAP7_75t_R)
  22.55 6883.24 ^ _224900_/Y (XNOR2x2_ASAP7_75t_R)
  21.37 6904.61 ^ _224902_/Y (OA211x2_ASAP7_75t_R)
  23.62 6928.22 ^ _224913_/Y (AND3x1_ASAP7_75t_R)
  23.48 6951.70 ^ _224922_/Y (AND3x1_ASAP7_75t_R)
  25.19 6976.89 ^ _224933_/Y (AND3x1_ASAP7_75t_R)
  19.12 6996.02 ^ place23290/Y (BUFx6f_ASAP7_75t_R)
  30.94 7026.96 ^ place23289/Y (BUFx3_ASAP7_75t_R)
  19.71 7046.66 ^ _225100_/Y (AO21x1_ASAP7_75t_R)
  29.90 7076.56 v _225101_/Y (XNOR2x2_ASAP7_75t_R)
  11.40 7087.96 ^ _225293_/Y (NAND2x1_ASAP7_75t_R)
  30.99 7118.96 ^ _225317_/Y (AND5x1_ASAP7_75t_R)
  28.10 7147.06 ^ _225318_/Y (AND4x1_ASAP7_75t_R)
  36.48 7183.54 ^ _225319_/Y (AND5x1_ASAP7_75t_R)
  17.73 7201.27 ^ _225371_/Y (OR4x2_ASAP7_75t_R)
  16.77 7218.04 ^ _225393_/Y (AO21x1_ASAP7_75t_R)
  29.53 7247.57 ^ place23178/Y (BUFx3_ASAP7_75t_R)
  37.73 7285.29 ^ _225573_/Y (AO211x2_ASAP7_75t_R)
  19.49 7304.79 ^ _225574_/Y (OA31x2_ASAP7_75t_R)
  23.24 7328.02 ^ _225585_/Y (OA31x2_ASAP7_75t_R)
  18.00 7346.02 ^ _225597_/Y (OR3x1_ASAP7_75t_R)
  25.88 7371.90 ^ _225616_/Y (AO211x2_ASAP7_75t_R)
  26.10 7397.99 ^ _225664_/Y (AO211x2_ASAP7_75t_R)
  23.95 7421.94 ^ _225676_/Y (AND3x1_ASAP7_75t_R)
  27.71 7449.65 ^ _225721_/Y (OA211x2_ASAP7_75t_R)
  31.24 7480.89 ^ _225732_/Y (AO221x1_ASAP7_75t_R)
  30.11 7511.00 v _225983_/Y (XNOR2x2_ASAP7_75t_R)
  41.29 7552.29 v _225996_/Y (OR5x1_ASAP7_75t_R)
  25.29 7577.58 ^ _225997_/Y (AOI211x1_ASAP7_75t_R)
  40.21 7617.78 ^ _225998_/Y (AND4x2_ASAP7_75t_R)
  15.06 7632.85 v _226127_/Y (OAI21x1_ASAP7_75t_R)
  23.71 7656.56 v _226147_/Y (AND3x1_ASAP7_75t_R)
  26.74 7683.30 v place22877/Y (BUFx3_ASAP7_75t_R)
  28.56 7711.86 v _226283_/Y (OR3x1_ASAP7_75t_R)
  19.74 7731.60 v _226345_/Y (AO21x1_ASAP7_75t_R)
  18.15 7749.75 v _226349_/Y (AND2x2_ASAP7_75t_R)
  20.83 7770.59 v _226351_/Y (OR3x1_ASAP7_75t_R)
  16.86 7787.45 v _226353_/Y (AND4x1_ASAP7_75t_R)
  27.94 7815.39 ^ _226637_/Y (AOI221x1_ASAP7_75t_R)
  28.07 7843.45 ^ place22754/Y (BUFx3_ASAP7_75t_R)
  24.02 7867.48 ^ _226639_/Y (OA21x2_ASAP7_75t_R)
  20.84 7888.32 ^ _226653_/Y (OA21x2_ASAP7_75t_R)
  20.50 7908.82 ^ _226654_/Y (MAJx2_ASAP7_75t_R)
  18.99 7927.81 ^ _226655_/Y (MAJx2_ASAP7_75t_R)
  26.89 7954.70 v _226656_/Y (XNOR2x2_ASAP7_75t_R)
  22.19 7976.89 v _226657_/Y (AO21x1_ASAP7_75t_R)
  24.53 8001.41 ^ _226660_/Y (NAND3x1_ASAP7_75t_R)
  32.37 8033.79 ^ _226751_/Y (AO221x1_ASAP7_75t_R)
  13.43 8047.22 v _226798_/Y (AOI21x1_ASAP7_75t_R)
  38.64 8085.87 v _227061_/Y (OR4x2_ASAP7_75t_R)
  20.06 8105.93 v place22557/Y (BUFx6f_ASAP7_75t_R)
  26.15 8132.08 v place22554/Y (BUFx6f_ASAP7_75t_R)
  15.23 8147.30 v _227302_/Y (AND3x1_ASAP7_75t_R)
  22.08 8169.38 v _227309_/Y (OA22x2_ASAP7_75t_R)
  15.20 8184.58 v _227329_/Y (AND4x1_ASAP7_75t_R)
  32.89 8217.48 v _227484_/Y (OA211x2_ASAP7_75t_R)
  24.19 8241.66 v _227512_/Y (AND5x2_ASAP7_75t_R)
  28.22 8269.88 v _227530_/Y (OR3x1_ASAP7_75t_R)
  32.68 8302.56 v _227532_/Y (OR3x1_ASAP7_75t_R)
  26.40 8328.96 v place22396/Y (BUFx3_ASAP7_75t_R)
  20.79 8349.76 v place22395/Y (BUFx3_ASAP7_75t_R)
  21.30 8371.06 v _227733_/Y (AND2x2_ASAP7_75t_R)
  19.67 8390.73 v _227734_/Y (XNOR2x2_ASAP7_75t_R)
  24.47 8415.20 v _227763_/Y (AO221x1_ASAP7_75t_R)
  26.71 8441.92 v _227783_/Y (AO32x1_ASAP7_75t_R)
  19.06 8460.98 ^ _227860_/Y (OAI21x1_ASAP7_75t_R)
  19.06 8480.03 ^ place22249/Y (BUFx6f_ASAP7_75t_R)
   7.84 8487.87 v _227861_/Y (NAND2x1_ASAP7_75t_R)
  23.29 8511.16 v _227862_/Y (AND2x2_ASAP7_75t_R)
  20.46 8531.62 v place22223/Y (BUFx3_ASAP7_75t_R)
  37.01 8568.63 v _228259_/Y (OR5x1_ASAP7_75t_R)
  24.78 8593.42 v _228294_/Y (AND5x1_ASAP7_75t_R)
  23.63 8617.05 v _228295_/Y (AO221x1_ASAP7_75t_R)
  28.78 8645.83 v _228296_/Y (AO221x1_ASAP7_75t_R)
  23.44 8669.28 ^ _228325_/Y (NAND2x1_ASAP7_75t_R)
  36.12 8705.40 ^ _228377_/Y (AO221x2_ASAP7_75t_R)
  23.48 8728.87 v _228378_/Y (NAND2x1_ASAP7_75t_R)
  21.80 8750.67 v place22046/Y (BUFx6f_ASAP7_75t_R)
  15.34 8766.02 v place22045/Y (BUFx3_ASAP7_75t_R)
  24.33 8790.34 v _228623_/Y (AO21x1_ASAP7_75t_R)
  20.06 8810.41 v _228624_/Y (AND2x4_ASAP7_75t_R)
  22.30 8832.71 ^ _228937_/Y (XNOR2x2_ASAP7_75t_R)
  25.26 8857.97 ^ _228939_/Y (AND4x1_ASAP7_75t_R)
   9.81 8867.78 v _228940_/Y (NAND2x1_ASAP7_75t_R)
  38.59 8906.36 v _228953_/Y (OR4x1_ASAP7_75t_R)
  23.52 8929.89 v _229055_/Y (OA21x2_ASAP7_75t_R)
  19.63 8949.52 v _229056_/Y (OA21x2_ASAP7_75t_R)
  21.98 8971.50 v place21843/Y (BUFx3_ASAP7_75t_R)
  21.32 8992.82 v place21842/Y (BUFx3_ASAP7_75t_R)
  27.69 9020.50 v _229327_/Y (OR4x1_ASAP7_75t_R)
   8.34 9028.85 ^ _229328_/Y (OAI21x1_ASAP7_75t_R)
  10.79 9039.64 v _229333_/Y (AOI22x1_ASAP7_75t_R)
  30.11 9069.75 ^ _229353_/Y (AOI221x1_ASAP7_75t_R)
  39.81 9109.56 ^ _229638_/Y (AND5x1_ASAP7_75t_R)
  23.05 9132.61 ^ _229640_/Y (AO221x1_ASAP7_75t_R)
  18.12 9150.72 ^ place21684/Y (BUFx6f_ASAP7_75t_R)
  26.72 9177.44 ^ _229740_/Y (OA31x2_ASAP7_75t_R)
  23.79 9201.23 ^ _229741_/Y (XNOR2x2_ASAP7_75t_R)
  24.88 9226.11 v _229742_/Y (XNOR2x2_ASAP7_75t_R)
  28.23 9254.34 v _229743_/Y (AO221x1_ASAP7_75t_R)
  25.69 9280.03 ^ _229749_/Y (AOI211x1_ASAP7_75t_R)
  17.42 9297.45 v _229763_/Y (NOR2x2_ASAP7_75t_R)
  23.50 9320.94 ^ _230125_/Y (AOI211x1_ASAP7_75t_R)
  35.15 9356.10 ^ _230181_/Y (OA21x2_ASAP7_75t_R)
  29.06 9385.16 ^ _230419_/Y (OA21x2_ASAP7_75t_R)
  26.80 9411.96 v _230420_/Y (XNOR2x2_ASAP7_75t_R)
  20.59 9432.55 ^ _230421_/Y (XNOR2x2_ASAP7_75t_R)
  33.20 9465.75 ^ _230422_/Y (AND5x1_ASAP7_75t_R)
  36.61 9502.36 ^ _230446_/Y (AND5x1_ASAP7_75t_R)
  19.22 9521.58 ^ _230513_/Y (AO31x2_ASAP7_75t_R)
  18.91 9540.49 v _230514_/Y (AOI221x1_ASAP7_75t_R)
  13.14 9553.62 ^ _230515_/Y (OAI21x1_ASAP7_75t_R)
  18.11 9571.73 ^ place21065/Y (BUFx6f_ASAP7_75t_R)
  20.70 9592.43 ^ place21062/Y (BUFx6f_ASAP7_75t_R)
  24.09 9616.52 ^ _230817_/Y (AND2x2_ASAP7_75t_R)
  22.87 9639.39 ^ _230818_/Y (XNOR2x2_ASAP7_75t_R)
  26.37 9665.76 v _230819_/Y (XNOR2x2_ASAP7_75t_R)
  18.67 9684.43 v _230872_/Y (OR2x2_ASAP7_75t_R)
  24.96 9709.39 v _230897_/Y (OA33x2_ASAP7_75t_R)
  14.09 9723.48 v _230898_/Y (OA21x2_ASAP7_75t_R)
  31.91 9755.39 v _230906_/Y (OA211x2_ASAP7_75t_R)
  14.92 9770.30 ^ _230918_/Y (OAI21x1_ASAP7_75t_R)
  28.29 9798.60 ^ _230936_/Y (AO21x2_ASAP7_75t_R)
  27.78 9826.38 ^ place20920/Y (BUFx3_ASAP7_75t_R)
  26.68 9853.06 ^ _230992_/Y (AND3x2_ASAP7_75t_R)
  27.70 9880.76 v _231175_/Y (XNOR2x2_ASAP7_75t_R)
  21.05 9901.81 ^ _231176_/Y (XNOR2x2_ASAP7_75t_R)
  30.20 9932.01 ^ _231180_/Y (AND4x1_ASAP7_75t_R)
   9.20 9941.21 v _231314_/Y (NAND3x1_ASAP7_75t_R)
  38.39 9979.59 v _231315_/Y (OR5x1_ASAP7_75t_R)
  26.97 10006.56 v _231371_/Y (AND5x2_ASAP7_75t_R)
  24.26 10030.82 ^ _231376_/Y (NAND2x1p5_ASAP7_75t_R)
  22.71 10053.53 ^ place20787/Y (BUFx6f_ASAP7_75t_R)
  17.49 10071.02 ^ _231559_/Y (AND2x2_ASAP7_75t_R)
  31.16 10102.19 v _231560_/Y (XNOR2x2_ASAP7_75t_R)
  13.09 10115.27 ^ _231561_/Y (NAND2x1_ASAP7_75t_R)
  31.86 10147.13 ^ _231575_/Y (AND5x2_ASAP7_75t_R)
  26.94 10174.07 ^ _231624_/Y (AND5x1_ASAP7_75t_R)
  25.61 10199.68 ^ _231625_/Y (OA211x2_ASAP7_75t_R)
  17.32 10217.00 ^ _231626_/Y (AND2x4_ASAP7_75t_R)
  26.23 10243.23 ^ _231767_/Y (AO211x2_ASAP7_75t_R)
  21.11 10264.34 ^ place20675/Y (BUFx6f_ASAP7_75t_R)
  21.03 10285.37 ^ _231908_/Y (AND2x2_ASAP7_75t_R)
  19.64 10305.02 v _231909_/Y (XOR2x2_ASAP7_75t_R)
  24.34 10329.36 v _231919_/Y (AO221x1_ASAP7_75t_R)
  28.15 10357.51 v _231938_/Y (OR5x1_ASAP7_75t_R)
  22.79 10380.30 v _231957_/Y (AO32x1_ASAP7_75t_R)
  24.61 10404.91 v _232004_/Y (OA221x2_ASAP7_75t_R)
  36.17 10441.08 v _232005_/Y (OR4x1_ASAP7_75t_R)
  30.54 10471.62 ^ _232006_/Y (NAND3x2_ASAP7_75t_R)
  32.90 10504.52 ^ _232185_/Y (AO22x1_ASAP7_75t_R)
  16.77 10521.29 ^ _232187_/Y (AO21x1_ASAP7_75t_R)
  24.18 10545.47 v _232190_/Y (AOI21x1_ASAP7_75t_R)
  31.91 10577.37 v _232248_/Y (OR3x1_ASAP7_75t_R)
  23.89 10601.26 v _232279_/Y (AO21x1_ASAP7_75t_R)
  29.13 10630.39 v _232503_/Y (AO22x2_ASAP7_75t_R)
  26.85 10657.23 ^ _232540_/Y (XNOR2x2_ASAP7_75t_R)
  22.11 10679.35 ^ _232542_/Y (AND3x2_ASAP7_75t_R)
  19.75 10699.10 ^ _232543_/Y (OR3x2_ASAP7_75t_R)
  17.79 10716.89 ^ place20232/Y (BUFx3_ASAP7_75t_R)
  17.03 10733.92 ^ _232615_/Y (AO31x2_ASAP7_75t_R)
  32.25 10766.17 ^ _232625_/Y (OA222x2_ASAP7_75t_R)
  21.07 10787.24 ^ _232638_/Y (MAJx2_ASAP7_75t_R)
  23.73 10810.97 ^ _232640_/Y (AO221x2_ASAP7_75t_R)
  14.66 10825.62 ^ place19938/Y (BUFx3_ASAP7_75t_R)
  22.91 10848.53 ^ _232669_/Y (AO31x2_ASAP7_75t_R)
  21.11 10869.64 v _232670_/Y (OAI21x1_ASAP7_75t_R)
  28.40 10898.05 v place19853/Y (BUFx3_ASAP7_75t_R)
  28.27 10926.32 v _233618_/Y (AO21x1_ASAP7_75t_R)
  31.54 10957.86 v _233619_/Y (OA211x2_ASAP7_75t_R)
  33.94 10991.80 v _233626_/Y (OR4x1_ASAP7_75t_R)
  27.61 11019.40 v _233632_/Y (OA211x2_ASAP7_75t_R)
  21.90 11041.31 v _233633_/Y (OA22x2_ASAP7_75t_R)
  22.25 11063.55 v _233721_/Y (AND5x2_ASAP7_75t_R)
  21.18 11084.73 v _233967_/Y (AND3x4_ASAP7_75t_R)
  22.92 11107.65 v _235036_/Y (AND5x2_ASAP7_75t_R)
  19.43 11127.08 v _235186_/Y (AND4x1_ASAP7_75t_R)
  16.80 11143.88 v _235297_/Y (AND3x2_ASAP7_75t_R)
  44.36 11188.25 v _235300_/Y (OR5x2_ASAP7_75t_R)
  24.88 11213.12 v place19574/Y (BUFx3_ASAP7_75t_R)
   7.50 11220.62 ^ _276097_/Y (INVx1_ASAP7_75t_R)
  29.56 11250.19 ^ _276098_/Y (AO32x2_ASAP7_75t_R)
  21.64 11271.83 v _279914_/Y (AOI21x1_ASAP7_75t_R)
  63.81 11335.64 ^ _280017_/Y (OAI21x1_ASAP7_75t_R)
  50.67 11386.31 v _326596_/Y (AOI22x1_ASAP7_75t_R)
  23.53 11409.84 v place19240/Y (BUFx6f_ASAP7_75t_R)
  20.37 11430.21 v place19238/Y (BUFx6f_ASAP7_75t_R)
  45.05 11475.26 v _334388_/Y (OA21x2_ASAP7_75t_R)
   8.07 11483.33 ^ _334389_/Y (NOR2x1_ASAP7_75t_R)
   0.12 11483.45 ^ _395836_/D (DFFHQNx1_ASAP7_75t_R)
        11483.45   data arrival time

12000.00 12000.00   clock core_clk (rise edge)
   0.00 12000.00   clock source latency
   0.00 12000.00 ^ clk (in)
  45.24 12045.24 ^ wire32813/Y (BUFx12f_ASAP7_75t_R)
  51.74 12096.99 ^ clkbuf_0_clk/Y (BUFx24_ASAP7_75t_R)
  27.57 12124.55 ^ clkbuf_1_1_0_clk/Y (BUFx24_ASAP7_75t_R)
  22.94 12147.50 ^ clkbuf_2_3_0_clk/Y (BUFx24_ASAP7_75t_R)
  30.79 12178.29 ^ clkbuf_3_7_0_clk/Y (BUFx24_ASAP7_75t_R)
  26.19 12204.48 ^ clkbuf_4_14_0_clk/Y (BUFx24_ASAP7_75t_R)
  26.10 12230.58 ^ clkbuf_6_58_0_clk/Y (BUFx24_ASAP7_75t_R)
  21.09 12251.67 ^ clkbuf_7_116__f_clk/Y (BUFx24_ASAP7_75t_R)
  23.01 12274.67 ^ clkbuf_leaf_591_clk/Y (BUFx24_ASAP7_75t_R)
   1.96 12276.63 ^ _395836_/CLK (DFFHQNx1_ASAP7_75t_R)
 -50.00 12226.63   clock uncertainty
   4.46 12231.09   clock reconvergence pessimism
 -10.99 12220.11   library setup time
        12220.11   data required time
---------------------------------------------------------
        12220.11   data required time
        -11483.45   data arrival time
---------------------------------------------------------
         736.65   slack (MET)


Startpoint: _386358_ (rising edge-triggered flip-flop clocked by core_clk)
Endpoint: _395836_ (rising edge-triggered flip-flop clocked by core_clk)
Path Group: reg2reg
Path Type: max

  Delay    Time   Description
---------------------------------------------------------
   0.00    0.00   clock core_clk (rise edge)
   0.00    0.00   clock source latency
   0.00    0.00 ^ clk (in)
  46.36   46.36 ^ wire32813/Y (BUFx12f_ASAP7_75t_R)
  53.38   99.75 ^ clkbuf_0_clk/Y (BUFx24_ASAP7_75t_R)
  28.51  128.26 ^ clkbuf_1_1_0_clk/Y (BUFx24_ASAP7_75t_R)
  23.70  151.96 ^ clkbuf_2_3_0_clk/Y (BUFx24_ASAP7_75t_R)
  32.83  184.79 ^ clkbuf_3_6_0_clk/Y (BUFx24_ASAP7_75t_R)
  26.85  211.64 ^ clkbuf_4_12_0_clk/Y (BUFx24_ASAP7_75t_R)
  27.58  239.22 ^ clkbuf_6_48_0_clk/Y (BUFx24_ASAP7_75t_R)
  22.29  261.50 ^ clkbuf_7_96__f_clk/Y (BUFx24_ASAP7_75t_R)
  24.98  286.48 ^ clkbuf_leaf_385_clk/Y (BUFx24_ASAP7_75t_R)
   2.87  289.35 ^ _386358_/CLK (DFFHQNx1_ASAP7_75t_R)
  78.73  368.08 v _386358_/QN (DFFHQNx1_ASAP7_75t_R)
  72.17  440.25 v _210677_/Y (OR4x2_ASAP7_75t_R)
  57.30  497.55 v place32433/Y (BUFx3_ASAP7_75t_R)
  66.16  563.70 v _210741_/Y (AND4x1_ASAP7_75t_R)
  34.66  598.36 v _210744_/Y (OA21x2_ASAP7_75t_R)
  54.90  653.26 v _210745_/Y (AND2x2_ASAP7_75t_R)
 123.11  776.37 v place31673/Y (BUFx3_ASAP7_75t_R)
  84.48  860.85 v _211121_/Y (OR3x2_ASAP7_75t_R)
  63.46  924.30 v _211124_/Y (OR2x2_ASAP7_75t_R)
 184.30 1108.60 v place30877/Y (BUFx3_ASAP7_75t_R)
  36.89 1145.49 v _214083_/Y (OA22x2_ASAP7_75t_R)
  14.64 1160.12 v _214088_/Y (AND4x1_ASAP7_75t_R)
  41.58 1201.70 ^ _214089_/Y (NAND3x1_ASAP7_75t_R)
  38.34 1240.04 v _214126_/Y (AOI221x1_ASAP7_75t_R)
  42.21 1282.25 v _214127_/Y (AND5x1_ASAP7_75t_R)
  29.72 1311.97 v _214553_/Y (AND4x1_ASAP7_75t_R)
  18.77 1330.74 v place29280/Y (BUFx3_ASAP7_75t_R)
  24.65 1355.40 ^ _214554_/Y (NAND3x1_ASAP7_75t_R)
  27.93 1383.33 ^ _217167_/Y (AND4x1_ASAP7_75t_R)
  27.87 1411.20 ^ _217174_/Y (AO221x1_ASAP7_75t_R)
  21.95 1433.15 ^ _217198_/Y (AO31x2_ASAP7_75t_R)
  20.25 1453.40 ^ place27934/Y (BUFx3_ASAP7_75t_R)
  10.70 1464.09 v _217278_/Y (OAI21x1_ASAP7_75t_R)
  25.57 1489.67 v _217284_/Y (OA211x2_ASAP7_75t_R)
  40.05 1529.72 v _217285_/Y (OR5x1_ASAP7_75t_R)
  33.32 1563.03 v _217286_/Y (MAJx2_ASAP7_75t_R)
  22.44 1585.48 v _217372_/Y (OA21x2_ASAP7_75t_R)
  24.83 1610.31 v _217375_/Y (OA222x2_ASAP7_75t_R)
  19.50 1629.81 v _217380_/Y (AND5x2_ASAP7_75t_R)
  30.66 1660.47 v _217382_/Y (OR3x2_ASAP7_75t_R)
  16.39 1676.87 ^ _217409_/Y (AOI21x1_ASAP7_75t_R)
  18.55 1695.42 ^ place26693/Y (BUFx3_ASAP7_75t_R)
   8.11 1703.53 v _217416_/Y (AOI211x1_ASAP7_75t_R)
  25.15 1728.67 ^ _217417_/Y (AOI221x1_ASAP7_75t_R)
  16.16 1744.84 v _217423_/Y (INVx1_ASAP7_75t_R)
  19.75 1764.59 v _217485_/Y (AO21x1_ASAP7_75t_R)
  32.05 1796.64 v _217488_/Y (AO21x1_ASAP7_75t_R)
  32.36 1829.00 v _217532_/Y (OA211x2_ASAP7_75t_R)
  21.82 1850.82 v _217533_/Y (XOR2x2_ASAP7_75t_R)
  21.19 1872.02 v _217545_/Y (MAJx2_ASAP7_75t_R)
  24.09 1896.11 v _217561_/Y (AO32x1_ASAP7_75t_R)
  24.73 1920.85 v _217562_/Y (MAJx2_ASAP7_75t_R)
  24.59 1945.43 v _217577_/Y (OA21x2_ASAP7_75t_R)
  16.90 1962.33 v place26187/Y (BUFx3_ASAP7_75t_R)
   8.47 1970.80 ^ _217612_/Y (NOR2x1_ASAP7_75t_R)
  27.24 1998.03 ^ _217613_/Y (XNOR2x2_ASAP7_75t_R)
  12.03 2010.07 v _217620_/Y (NOR2x1_ASAP7_75t_R)
  18.03 2028.09 ^ _217622_/Y (AOI22x1_ASAP7_75t_R)
  14.20 2042.29 v _217623_/Y (AOI21x1_ASAP7_75t_R)
  26.81 2069.11 v _217624_/Y (MAJx2_ASAP7_75t_R)
  28.30 2097.41 v _217669_/Y (AO32x1_ASAP7_75t_R)
  24.62 2122.03 v _217723_/Y (OR3x1_ASAP7_75t_R)
  26.03 2148.07 v _217732_/Y (AO221x1_ASAP7_75t_R)
  13.78 2161.85 ^ _217733_/Y (NAND3x1_ASAP7_75t_R)
  26.69 2188.54 ^ _217734_/Y (MAJx2_ASAP7_75t_R)
  21.78 2210.32 ^ _217735_/Y (MAJx2_ASAP7_75t_R)
  23.07 2233.39 ^ _217740_/Y (MAJx2_ASAP7_75t_R)
  25.63 2259.02 ^ _217741_/Y (AO221x1_ASAP7_75t_R)
  27.32 2286.34 ^ _217755_/Y (AO31x2_ASAP7_75t_R)
  23.88 2310.22 ^ _217807_/Y (AND3x1_ASAP7_75t_R)
  27.67 2337.89 v _217808_/Y (XNOR2x2_ASAP7_75t_R)
  18.85 2356.74 v _217809_/Y (OR2x2_ASAP7_75t_R)
  17.53 2374.28 v _217817_/Y (AO211x2_ASAP7_75t_R)
  30.10 2404.38 v _217818_/Y (AO32x2_ASAP7_75t_R)
  22.30 2426.68 v _217848_/Y (AO31x2_ASAP7_75t_R)
  28.77 2455.44 ^ _217853_/Y (AOI22x1_ASAP7_75t_R)
  21.88 2477.33 ^ _217888_/Y (AND2x2_ASAP7_75t_R)
  26.93 2504.26 v _217889_/Y (XNOR2x2_ASAP7_75t_R)
  21.61 2525.87 v _217890_/Y (OR2x2_ASAP7_75t_R)
  21.01 2546.88 v _217897_/Y (AO21x1_ASAP7_75t_R)
  16.97 2563.85 v _217898_/Y (AND2x2_ASAP7_75t_R)
  21.77 2585.62 v _217959_/Y (OA211x2_ASAP7_75t_R)
  19.67 2605.30 v _217960_/Y (OA21x2_ASAP7_75t_R)
  25.79 2631.08 v _218017_/Y (OA211x2_ASAP7_75t_R)
  21.46 2652.55 v _218018_/Y (XOR2x2_ASAP7_75t_R)
  27.77 2680.32 v _218038_/Y (OR4x1_ASAP7_75t_R)
  25.54 2705.86 v _218040_/Y (AO221x1_ASAP7_75t_R)
  33.42 2739.28 v _218043_/Y (AO33x2_ASAP7_75t_R)
  21.51 2760.79 v _218044_/Y (MAJx2_ASAP7_75t_R)
  27.13 2787.92 v _218049_/Y (MAJx3_ASAP7_75t_R)
  26.90 2814.82 v _218087_/Y (OA21x2_ASAP7_75t_R)
  16.18 2831.00 v _218091_/Y (AND2x4_ASAP7_75t_R)
  16.33 2847.33 v _218092_/Y (OA21x2_ASAP7_75t_R)
  25.31 2872.64 v _218093_/Y (OA222x2_ASAP7_75t_R)
  23.48 2896.12 v _218106_/Y (MAJx2_ASAP7_75t_R)
  29.73 2925.85 v _218130_/Y (AO32x2_ASAP7_75t_R)
  22.65 2948.50 v _218150_/Y (OA21x2_ASAP7_75t_R)
  28.49 2976.99 v _218190_/Y (OA211x2_ASAP7_75t_R)
  24.86 3001.85 v _218211_/Y (OA31x2_ASAP7_75t_R)
  27.47 3029.33 v _218260_/Y (AO32x1_ASAP7_75t_R)
  29.59 3058.92 v _218261_/Y (OR3x1_ASAP7_75t_R)
  24.00 3082.93 v _218270_/Y (OA22x2_ASAP7_75t_R)
  27.43 3110.35 v _218271_/Y (AO22x2_ASAP7_75t_R)
  30.15 3140.50 v _218276_/Y (AO22x2_ASAP7_75t_R)
  25.72 3166.22 v _218298_/Y (AO21x2_ASAP7_75t_R)
  16.65 3182.86 v place25618/Y (BUFx3_ASAP7_75t_R)
  15.38 3198.24 v _218449_/Y (AO21x1_ASAP7_75t_R)
   9.59 3207.83 ^ _218451_/Y (NAND2x1_ASAP7_75t_R)
  26.58 3234.41 ^ _218457_/Y (AO221x1_ASAP7_75t_R)
  24.62 3259.03 ^ _218458_/Y (AO32x1_ASAP7_75t_R)
  23.32 3282.35 ^ _218461_/Y (OA31x2_ASAP7_75t_R)
  28.12 3310.47 ^ _218493_/Y (OA21x2_ASAP7_75t_R)
  20.67 3331.14 v _218574_/Y (AOI21x1_ASAP7_75t_R)
  22.37 3353.51 v _218632_/Y (OA21x2_ASAP7_75t_R)
  26.08 3379.59 v _218633_/Y (OR4x1_ASAP7_75t_R)
  31.56 3411.15 v _218634_/Y (OA211x2_ASAP7_75t_R)
  27.87 3439.02 v _218635_/Y (MAJx2_ASAP7_75t_R)
  36.50 3475.52 v _218642_/Y (OR5x1_ASAP7_75t_R)
  11.72 3487.23 ^ _218643_/Y (OAI21x1_ASAP7_75t_R)
  15.75 3502.99 v _218664_/Y (OAI21x1_ASAP7_75t_R)
  20.23 3523.21 ^ _218760_/Y (AOI211x1_ASAP7_75t_R)
  27.31 3550.52 ^ _218763_/Y (OR2x2_ASAP7_75t_R)
  17.02 3567.55 ^ place25429/Y (BUFx6f_ASAP7_75t_R)
  13.87 3581.42 ^ place25427/Y (BUFx3_ASAP7_75t_R)
  18.86 3600.27 ^ _218821_/Y (OA21x2_ASAP7_75t_R)
  27.59 3627.86 v _218822_/Y (XNOR2x2_ASAP7_75t_R)
  16.50 3644.36 v _218823_/Y (AND2x2_ASAP7_75t_R)
  22.67 3667.03 v _218824_/Y (MAJx2_ASAP7_75t_R)
  23.76 3690.79 v _218825_/Y (MAJx2_ASAP7_75t_R)
  19.55 3710.34 ^ _218826_/Y (AOI221x1_ASAP7_75t_R)
  15.68 3726.03 v _218981_/Y (OAI21x1_ASAP7_75t_R)
  19.58 3745.61 v place25318/Y (BUFx6f_ASAP7_75t_R)
  26.00 3771.61 ^ _218987_/Y (NOR2x1_ASAP7_75t_R)
  26.36 3797.97 ^ _218995_/Y (OA22x2_ASAP7_75t_R)
  16.88 3814.85 ^ _219001_/Y (AO31x2_ASAP7_75t_R)
  35.48 3850.33 ^ _219008_/Y (AO221x1_ASAP7_75t_R)
  31.33 3881.67 ^ _219217_/Y (AO211x2_ASAP7_75t_R)
  28.93 3910.60 ^ _219222_/Y (AND5x2_ASAP7_75t_R)
  38.18 3948.78 ^ _219231_/Y (OA31x2_ASAP7_75t_R)
  23.43 3972.21 ^ place25226/Y (BUFx6f_ASAP7_75t_R)
  16.81 3989.02 ^ _219398_/Y (AND2x4_ASAP7_75t_R)
  25.68 4014.70 v _219399_/Y (XNOR2x2_ASAP7_75t_R)
  22.75 4037.45 v _219451_/Y (AO32x1_ASAP7_75t_R)
  18.59 4056.04 v _219459_/Y (OA21x2_ASAP7_75t_R)
  33.16 4089.20 v _219485_/Y (OA221x2_ASAP7_75t_R)
  18.78 4107.99 v place25136/Y (BUFx6f_ASAP7_75t_R)
  14.01 4121.99 ^ _219494_/Y (AOI21x1_ASAP7_75t_R)
  25.52 4147.51 ^ _219611_/Y (AND4x1_ASAP7_75t_R)
  22.18 4169.69 v _219612_/Y (AOI221x1_ASAP7_75t_R)
  18.86 4188.55 ^ _219633_/Y (AOI22x1_ASAP7_75t_R)
  28.58 4217.13 ^ _219634_/Y (OA31x2_ASAP7_75t_R)
  24.23 4241.36 ^ _219653_/Y (AO221x1_ASAP7_75t_R)
  28.26 4269.62 ^ _219666_/Y (AO31x2_ASAP7_75t_R)
  29.11 4298.74 ^ _219763_/Y (AO21x1_ASAP7_75t_R)
  17.66 4316.40 ^ place25012/Y (BUFx6f_ASAP7_75t_R)
  23.60 4339.99 ^ _220048_/Y (AO31x2_ASAP7_75t_R)
  20.05 4360.04 ^ _220050_/Y (AND2x2_ASAP7_75t_R)
  29.07 4389.11 v _220051_/Y (XNOR2x2_ASAP7_75t_R)
  18.96 4408.07 v _220065_/Y (OA31x2_ASAP7_75t_R)
  35.45 4443.52 v _220113_/Y (OR5x1_ASAP7_75t_R)
  22.72 4466.24 v _220143_/Y (AO211x2_ASAP7_75t_R)
  19.49 4485.73 v _220166_/Y (AO31x2_ASAP7_75t_R)
  30.48 4516.21 ^ _220179_/Y (AOI21x1_ASAP7_75t_R)
  24.05 4540.26 ^ place24895/Y (BUFx6f_ASAP7_75t_R)
  16.95 4557.22 ^ _220392_/Y (OA21x2_ASAP7_75t_R)
  27.86 4585.08 ^ _220393_/Y (AO22x1_ASAP7_75t_R)
  21.01 4606.09 ^ _220394_/Y (OR2x2_ASAP7_75t_R)
  17.94 4624.03 ^ _220395_/Y (AO211x2_ASAP7_75t_R)
  11.10 4635.14 v _220397_/Y (AOI22x1_ASAP7_75t_R)
  40.25 4675.38 v _220465_/Y (OR3x2_ASAP7_75t_R)
  29.50 4704.89 v _220567_/Y (AO21x1_ASAP7_75t_R)
  29.10 4733.99 v _220642_/Y (OA211x2_ASAP7_75t_R)
  23.82 4757.81 v _220643_/Y (XOR2x2_ASAP7_75t_R)
  22.52 4780.32 v _220786_/Y (AO22x2_ASAP7_75t_R)
  29.95 4810.27 v _220802_/Y (OR4x1_ASAP7_75t_R)
  34.92 4845.19 v _220811_/Y (AO32x1_ASAP7_75t_R)
  23.17 4868.36 v place24708/Y (BUFx3_ASAP7_75t_R)
  27.19 4895.55 v _220958_/Y (AO221x1_ASAP7_75t_R)
  29.28 4924.83 v _220959_/Y (OA211x2_ASAP7_75t_R)
  25.77 4950.60 v _221039_/Y (OA211x2_ASAP7_75t_R)
  23.26 4973.86 v _221040_/Y (XNOR2x2_ASAP7_75t_R)
  28.48 5002.33 v _221138_/Y (OA221x2_ASAP7_75t_R)
  27.81 5030.14 v _221139_/Y (OA211x2_ASAP7_75t_R)
  18.14 5048.28 v _221142_/Y (OA21x2_ASAP7_75t_R)
  19.05 5067.33 v _221143_/Y (OA21x2_ASAP7_75t_R)
  20.53 5087.86 v _221176_/Y (OA21x2_ASAP7_75t_R)
  26.41 5114.27 v _221217_/Y (AO21x2_ASAP7_75t_R)
  23.48 5137.75 v _221338_/Y (AND2x2_ASAP7_75t_R)
  24.63 5162.38 v _221339_/Y (XOR2x2_ASAP7_75t_R)
  25.50 5187.88 v _221375_/Y (OA211x2_ASAP7_75t_R)
  23.13 5211.01 ^ _221376_/Y (AOI211x1_ASAP7_75t_R)
  34.01 5245.02 ^ _221592_/Y (AO211x2_ASAP7_75t_R)
  22.74 5267.77 ^ _221600_/Y (AO31x2_ASAP7_75t_R)
  33.20 5300.97 ^ _221602_/Y (AND5x2_ASAP7_75t_R)
  18.34 5319.30 ^ place24445/Y (BUFx3_ASAP7_75t_R)
  18.45 5337.75 ^ _221804_/Y (OA31x2_ASAP7_75t_R)
  30.50 5368.25 v _221805_/Y (XNOR2x2_ASAP7_75t_R)
  21.55 5389.80 v _221841_/Y (OR2x2_ASAP7_75t_R)
  21.05 5410.85 v _221842_/Y (MAJx2_ASAP7_75t_R)
  22.37 5433.22 v _221846_/Y (MAJx2_ASAP7_75t_R)
  21.24 5454.46 v _221882_/Y (AND5x1_ASAP7_75t_R)
  22.01 5476.48 ^ _221926_/Y (OAI21x1_ASAP7_75t_R)
  22.89 5499.37 ^ place24326/Y (BUFx3_ASAP7_75t_R)
  20.13 5519.50 v _222073_/Y (AOI211x1_ASAP7_75t_R)
  23.73 5543.23 v _222155_/Y (OA21x2_ASAP7_75t_R)
  26.49 5569.73 ^ _222156_/Y (XOR2x2_ASAP7_75t_R)
  20.86 5590.59 ^ place24271/Y (BUFx3_ASAP7_75t_R)
  14.54 5605.13 v _222157_/Y (INVx1_ASAP7_75t_R)
  24.51 5629.64 v _222163_/Y (MAJx2_ASAP7_75t_R)
  14.56 5644.20 ^ _222164_/Y (AOI21x1_ASAP7_75t_R)
  22.53 5666.73 v _222322_/Y (NOR2x1_ASAP7_75t_R)
  29.06 5695.79 v _222326_/Y (AO22x2_ASAP7_75t_R)
  38.00 5733.79 v _222333_/Y (AO221x2_ASAP7_75t_R)
  22.34 5756.13 v place24142/Y (BUFx6f_ASAP7_75t_R)
  18.29 5774.42 v _222673_/Y (AO21x1_ASAP7_75t_R)
  20.52 5794.94 v _222675_/Y (AO22x2_ASAP7_75t_R)
  18.78 5813.72 v place24098/Y (BUFx3_ASAP7_75t_R)
  23.76 5837.47 v _222776_/Y (MAJx2_ASAP7_75t_R)
  15.23 5852.70 v _222872_/Y (OA21x2_ASAP7_75t_R)
  27.16 5879.86 v _222915_/Y (OR4x1_ASAP7_75t_R)
  32.98 5912.84 v _222917_/Y (OA211x2_ASAP7_75t_R)
  32.44 5945.28 v _222939_/Y (AO221x1_ASAP7_75t_R)
  28.98 5974.26 v _222940_/Y (AO211x2_ASAP7_75t_R)
  22.37 5996.64 v place23985/Y (BUFx6f_ASAP7_75t_R)
  15.90 6012.54 ^ _223249_/Y (NAND3x1_ASAP7_75t_R)
  20.47 6033.01 ^ _223250_/Y (AND3x1_ASAP7_75t_R)
  20.05 6053.07 ^ _223252_/Y (OA211x2_ASAP7_75t_R)
  20.56 6073.63 ^ _223253_/Y (AND3x1_ASAP7_75t_R)
  31.59 6105.22 ^ _223254_/Y (AND5x1_ASAP7_75t_R)
  30.44 6135.66 ^ _223255_/Y (AND5x1_ASAP7_75t_R)
  16.83 6152.49 ^ _223256_/Y (OR4x2_ASAP7_75t_R)
  20.81 6173.30 ^ place23853/Y (BUFx3_ASAP7_75t_R)
  19.61 6192.91 v _223257_/Y (NOR2x2_ASAP7_75t_R)
  16.90 6209.81 v place23846/Y (BUFx6f_ASAP7_75t_R)
  27.25 6237.06 v _223374_/Y (OR4x1_ASAP7_75t_R)
  19.72 6256.78 v _223375_/Y (AND4x1_ASAP7_75t_R)
  23.41 6280.19 ^ _223376_/Y (XNOR2x2_ASAP7_75t_R)
  17.46 6297.65 ^ _223377_/Y (AND2x2_ASAP7_75t_R)
  35.53 6333.18 ^ _223439_/Y (AND5x1_ASAP7_75t_R)
  16.52 6349.70 ^ place23753/Y (BUFx6f_ASAP7_75t_R)
  13.24 6362.94 v _223668_/Y (NAND3x1_ASAP7_75t_R)
  25.71 6388.65 v place23730/Y (BUFx3_ASAP7_75t_R)
  32.27 6420.92 v _223817_/Y (AO32x1_ASAP7_75t_R)
  22.94 6443.86 v _223977_/Y (XOR2x2_ASAP7_75t_R)
  22.04 6465.90 v _223993_/Y (MAJx2_ASAP7_75t_R)
  39.30 6505.20 v _223994_/Y (OR4x2_ASAP7_75t_R)
  13.94 6519.14 ^ _223995_/Y (AOI21x1_ASAP7_75t_R)
  23.10 6542.24 ^ _224023_/Y (OA31x2_ASAP7_75t_R)
  18.18 6560.42 ^ _224027_/Y (AO21x2_ASAP7_75t_R)
  24.24 6584.66 ^ _224028_/Y (AO211x2_ASAP7_75t_R)
  16.81 6601.47 ^ place23565/Y (BUFx6f_ASAP7_75t_R)
   9.06 6610.53 v _224375_/Y (NAND2x1_ASAP7_75t_R)
  33.83 6644.37 v _224386_/Y (OR5x1_ASAP7_75t_R)
  17.14 6661.51 v _224387_/Y (AND4x1_ASAP7_75t_R)
  44.16 6705.67 v _224397_/Y (OR5x1_ASAP7_75t_R)
  22.25 6727.92 v place23468/Y (BUFx3_ASAP7_75t_R)
  10.24 6738.16 ^ _224398_/Y (AOI211x1_ASAP7_75t_R)
  28.30 6766.46 ^ _224454_/Y (OA21x2_ASAP7_75t_R)
  30.34 6796.79 ^ _224494_/Y (OR3x2_ASAP7_75t_R)
  21.40 6818.19 ^ place23431/Y (BUFx3_ASAP7_75t_R)
  19.94 6838.12 ^ _224898_/Y (OA21x2_ASAP7_75t_R)
  22.56 6860.69 ^ _224899_/Y (AND3x1_ASAP7_75t_R)
  22.55 6883.24 ^ _224900_/Y (XNOR2x2_ASAP7_75t_R)
  21.37 6904.61 ^ _224902_/Y (OA211x2_ASAP7_75t_R)
  23.62 6928.22 ^ _224913_/Y (AND3x1_ASAP7_75t_R)
  23.48 6951.70 ^ _224922_/Y (AND3x1_ASAP7_75t_R)
  25.19 6976.89 ^ _224933_/Y (AND3x1_ASAP7_75t_R)
  19.12 6996.02 ^ place23290/Y (BUFx6f_ASAP7_75t_R)
  30.94 7026.96 ^ place23289/Y (BUFx3_ASAP7_75t_R)
  19.71 7046.66 ^ _225100_/Y (AO21x1_ASAP7_75t_R)
  29.90 7076.56 v _225101_/Y (XNOR2x2_ASAP7_75t_R)
  11.40 7087.96 ^ _225293_/Y (NAND2x1_ASAP7_75t_R)
  30.99 7118.96 ^ _225317_/Y (AND5x1_ASAP7_75t_R)
  28.10 7147.06 ^ _225318_/Y (AND4x1_ASAP7_75t_R)
  36.48 7183.54 ^ _225319_/Y (AND5x1_ASAP7_75t_R)
  17.73 7201.27 ^ _225371_/Y (OR4x2_ASAP7_75t_R)
  16.77 7218.04 ^ _225393_/Y (AO21x1_ASAP7_75t_R)
  29.53 7247.57 ^ place23178/Y (BUFx3_ASAP7_75t_R)
  37.73 7285.29 ^ _225573_/Y (AO211x2_ASAP7_75t_R)
  19.49 7304.79 ^ _225574_/Y (OA31x2_ASAP7_75t_R)
  23.24 7328.02 ^ _225585_/Y (OA31x2_ASAP7_75t_R)
  18.00 7346.02 ^ _225597_/Y (OR3x1_ASAP7_75t_R)
  25.88 7371.90 ^ _225616_/Y (AO211x2_ASAP7_75t_R)
  26.10 7397.99 ^ _225664_/Y (AO211x2_ASAP7_75t_R)
  23.95 7421.94 ^ _225676_/Y (AND3x1_ASAP7_75t_R)
  27.71 7449.65 ^ _225721_/Y (OA211x2_ASAP7_75t_R)
  31.24 7480.89 ^ _225732_/Y (AO221x1_ASAP7_75t_R)
  30.11 7511.00 v _225983_/Y (XNOR2x2_ASAP7_75t_R)
  41.29 7552.29 v _225996_/Y (OR5x1_ASAP7_75t_R)
  25.29 7577.58 ^ _225997_/Y (AOI211x1_ASAP7_75t_R)
  40.21 7617.78 ^ _225998_/Y (AND4x2_ASAP7_75t_R)
  15.06 7632.85 v _226127_/Y (OAI21x1_ASAP7_75t_R)
  23.71 7656.56 v _226147_/Y (AND3x1_ASAP7_75t_R)
  26.74 7683.30 v place22877/Y (BUFx3_ASAP7_75t_R)
  28.56 7711.86 v _226283_/Y (OR3x1_ASAP7_75t_R)
  19.74 7731.60 v _226345_/Y (AO21x1_ASAP7_75t_R)
  18.15 7749.75 v _226349_/Y (AND2x2_ASAP7_75t_R)
  20.83 7770.59 v _226351_/Y (OR3x1_ASAP7_75t_R)
  16.86 7787.45 v _226353_/Y (AND4x1_ASAP7_75t_R)
  27.94 7815.39 ^ _226637_/Y (AOI221x1_ASAP7_75t_R)
  28.07 7843.45 ^ place22754/Y (BUFx3_ASAP7_75t_R)
  24.02 7867.48 ^ _226639_/Y (OA21x2_ASAP7_75t_R)
  20.84 7888.32 ^ _226653_/Y (OA21x2_ASAP7_75t_R)
  20.50 7908.82 ^ _226654_/Y (MAJx2_ASAP7_75t_R)
  18.99 7927.81 ^ _226655_/Y (MAJx2_ASAP7_75t_R)
  26.89 7954.70 v _226656_/Y (XNOR2x2_ASAP7_75t_R)
  22.19 7976.89 v _226657_/Y (AO21x1_ASAP7_75t_R)
  24.53 8001.41 ^ _226660_/Y (NAND3x1_ASAP7_75t_R)
  32.37 8033.79 ^ _226751_/Y (AO221x1_ASAP7_75t_R)
  13.43 8047.22 v _226798_/Y (AOI21x1_ASAP7_75t_R)
  38.64 8085.87 v _227061_/Y (OR4x2_ASAP7_75t_R)
  20.06 8105.93 v place22557/Y (BUFx6f_ASAP7_75t_R)
  26.15 8132.08 v place22554/Y (BUFx6f_ASAP7_75t_R)
  15.23 8147.30 v _227302_/Y (AND3x1_ASAP7_75t_R)
  22.08 8169.38 v _227309_/Y (OA22x2_ASAP7_75t_R)
  15.20 8184.58 v _227329_/Y (AND4x1_ASAP7_75t_R)
  32.89 8217.48 v _227484_/Y (OA211x2_ASAP7_75t_R)
  24.19 8241.66 v _227512_/Y (AND5x2_ASAP7_75t_R)
  28.22 8269.88 v _227530_/Y (OR3x1_ASAP7_75t_R)
  32.68 8302.56 v _227532_/Y (OR3x1_ASAP7_75t_R)
  26.40 8328.96 v place22396/Y (BUFx3_ASAP7_75t_R)
  20.79 8349.76 v place22395/Y (BUFx3_ASAP7_75t_R)
  21.30 8371.06 v _227733_/Y (AND2x2_ASAP7_75t_R)
  19.67 8390.73 v _227734_/Y (XNOR2x2_ASAP7_75t_R)
  24.47 8415.20 v _227763_/Y (AO221x1_ASAP7_75t_R)
  26.71 8441.92 v _227783_/Y (AO32x1_ASAP7_75t_R)
  19.06 8460.98 ^ _227860_/Y (OAI21x1_ASAP7_75t_R)
  19.06 8480.03 ^ place22249/Y (BUFx6f_ASAP7_75t_R)
   7.84 8487.87 v _227861_/Y (NAND2x1_ASAP7_75t_R)
  23.29 8511.16 v _227862_/Y (AND2x2_ASAP7_75t_R)
  20.46 8531.62 v place22223/Y (BUFx3_ASAP7_75t_R)
  37.01 8568.63 v _228259_/Y (OR5x1_ASAP7_75t_R)
  24.78 8593.42 v _228294_/Y (AND5x1_ASAP7_75t_R)
  23.63 8617.05 v _228295_/Y (AO221x1_ASAP7_75t_R)
  28.78 8645.83 v _228296_/Y (AO221x1_ASAP7_75t_R)
  23.44 8669.28 ^ _228325_/Y (NAND2x1_ASAP7_75t_R)
  36.12 8705.40 ^ _228377_/Y (AO221x2_ASAP7_75t_R)
  23.48 8728.87 v _228378_/Y (NAND2x1_ASAP7_75t_R)
  21.80 8750.67 v place22046/Y (BUFx6f_ASAP7_75t_R)
  15.34 8766.02 v place22045/Y (BUFx3_ASAP7_75t_R)
  24.33 8790.34 v _228623_/Y (AO21x1_ASAP7_75t_R)
  20.06 8810.41 v _228624_/Y (AND2x4_ASAP7_75t_R)
  22.30 8832.71 ^ _228937_/Y (XNOR2x2_ASAP7_75t_R)
  25.26 8857.97 ^ _228939_/Y (AND4x1_ASAP7_75t_R)
   9.81 8867.78 v _228940_/Y (NAND2x1_ASAP7_75t_R)
  38.59 8906.36 v _228953_/Y (OR4x1_ASAP7_75t_R)
  23.52 8929.89 v _229055_/Y (OA21x2_ASAP7_75t_R)
  19.63 8949.52 v _229056_/Y (OA21x2_ASAP7_75t_R)
  21.98 8971.50 v place21843/Y (BUFx3_ASAP7_75t_R)
  21.32 8992.82 v place21842/Y (BUFx3_ASAP7_75t_R)
  27.69 9020.50 v _229327_/Y (OR4x1_ASAP7_75t_R)
   8.34 9028.85 ^ _229328_/Y (OAI21x1_ASAP7_75t_R)
  10.79 9039.64 v _229333_/Y (AOI22x1_ASAP7_75t_R)
  30.11 9069.75 ^ _229353_/Y (AOI221x1_ASAP7_75t_R)
  39.81 9109.56 ^ _229638_/Y (AND5x1_ASAP7_75t_R)
  23.05 9132.61 ^ _229640_/Y (AO221x1_ASAP7_75t_R)
  18.12 9150.72 ^ place21684/Y (BUFx6f_ASAP7_75t_R)
  26.72 9177.44 ^ _229740_/Y (OA31x2_ASAP7_75t_R)
  23.79 9201.23 ^ _229741_/Y (XNOR2x2_ASAP7_75t_R)
  24.88 9226.11 v _229742_/Y (XNOR2x2_ASAP7_75t_R)
  28.23 9254.34 v _229743_/Y (AO221x1_ASAP7_75t_R)
  25.69 9280.03 ^ _229749_/Y (AOI211x1_ASAP7_75t_R)
  17.42 9297.45 v _229763_/Y (NOR2x2_ASAP7_75t_R)
  23.50 9320.94 ^ _230125_/Y (AOI211x1_ASAP7_75t_R)
  35.15 9356.10 ^ _230181_/Y (OA21x2_ASAP7_75t_R)
  29.06 9385.16 ^ _230419_/Y (OA21x2_ASAP7_75t_R)
  26.80 9411.96 v _230420_/Y (XNOR2x2_ASAP7_75t_R)
  20.59 9432.55 ^ _230421_/Y (XNOR2x2_ASAP7_75t_R)
  33.20 9465.75 ^ _230422_/Y (AND5x1_ASAP7_75t_R)
  36.61 9502.36 ^ _230446_/Y (AND5x1_ASAP7_75t_R)
  19.22 9521.58 ^ _230513_/Y (AO31x2_ASAP7_75t_R)
  18.91 9540.49 v _230514_/Y (AOI221x1_ASAP7_75t_R)
  13.14 9553.62 ^ _230515_/Y (OAI21x1_ASAP7_75t_R)
  18.11 9571.73 ^ place21065/Y (BUFx6f_ASAP7_75t_R)
  20.70 9592.43 ^ place21062/Y (BUFx6f_ASAP7_75t_R)
  24.09 9616.52 ^ _230817_/Y (AND2x2_ASAP7_75t_R)
  22.87 9639.39 ^ _230818_/Y (XNOR2x2_ASAP7_75t_R)
  26.37 9665.76 v _230819_/Y (XNOR2x2_ASAP7_75t_R)
  18.67 9684.43 v _230872_/Y (OR2x2_ASAP7_75t_R)
  24.96 9709.39 v _230897_/Y (OA33x2_ASAP7_75t_R)
  14.09 9723.48 v _230898_/Y (OA21x2_ASAP7_75t_R)
  31.91 9755.39 v _230906_/Y (OA211x2_ASAP7_75t_R)
  14.92 9770.30 ^ _230918_/Y (OAI21x1_ASAP7_75t_R)
  28.29 9798.60 ^ _230936_/Y (AO21x2_ASAP7_75t_R)
  27.78 9826.38 ^ place20920/Y (BUFx3_ASAP7_75t_R)
  26.68 9853.06 ^ _230992_/Y (AND3x2_ASAP7_75t_R)
  27.70 9880.76 v _231175_/Y (XNOR2x2_ASAP7_75t_R)
  21.05 9901.81 ^ _231176_/Y (XNOR2x2_ASAP7_75t_R)
  30.20 9932.01 ^ _231180_/Y (AND4x1_ASAP7_75t_R)
   9.20 9941.21 v _231314_/Y (NAND3x1_ASAP7_75t_R)
  38.39 9979.59 v _231315_/Y (OR5x1_ASAP7_75t_R)
  26.97 10006.56 v _231371_/Y (AND5x2_ASAP7_75t_R)
  24.26 10030.82 ^ _231376_/Y (NAND2x1p5_ASAP7_75t_R)
  22.71 10053.53 ^ place20787/Y (BUFx6f_ASAP7_75t_R)
  17.49 10071.02 ^ _231559_/Y (AND2x2_ASAP7_75t_R)
  31.16 10102.19 v _231560_/Y (XNOR2x2_ASAP7_75t_R)
  13.09 10115.27 ^ _231561_/Y (NAND2x1_ASAP7_75t_R)
  31.86 10147.13 ^ _231575_/Y (AND5x2_ASAP7_75t_R)
  26.94 10174.07 ^ _231624_/Y (AND5x1_ASAP7_75t_R)
  25.61 10199.68 ^ _231625_/Y (OA211x2_ASAP7_75t_R)
  17.32 10217.00 ^ _231626_/Y (AND2x4_ASAP7_75t_R)
  26.23 10243.23 ^ _231767_/Y (AO211x2_ASAP7_75t_R)
  21.11 10264.34 ^ place20675/Y (BUFx6f_ASAP7_75t_R)
  21.03 10285.37 ^ _231908_/Y (AND2x2_ASAP7_75t_R)
  19.64 10305.02 v _231909_/Y (XOR2x2_ASAP7_75t_R)
  24.34 10329.36 v _231919_/Y (AO221x1_ASAP7_75t_R)
  28.15 10357.51 v _231938_/Y (OR5x1_ASAP7_75t_R)
  22.79 10380.30 v _231957_/Y (AO32x1_ASAP7_75t_R)
  24.61 10404.91 v _232004_/Y (OA221x2_ASAP7_75t_R)
  36.17 10441.08 v _232005_/Y (OR4x1_ASAP7_75t_R)
  30.54 10471.62 ^ _232006_/Y (NAND3x2_ASAP7_75t_R)
  32.90 10504.52 ^ _232185_/Y (AO22x1_ASAP7_75t_R)
  16.77 10521.29 ^ _232187_/Y (AO21x1_ASAP7_75t_R)
  24.18 10545.47 v _232190_/Y (AOI21x1_ASAP7_75t_R)
  31.91 10577.37 v _232248_/Y (OR3x1_ASAP7_75t_R)
  23.89 10601.26 v _232279_/Y (AO21x1_ASAP7_75t_R)
  29.13 10630.39 v _232503_/Y (AO22x2_ASAP7_75t_R)
  26.85 10657.23 ^ _232540_/Y (XNOR2x2_ASAP7_75t_R)
  22.11 10679.35 ^ _232542_/Y (AND3x2_ASAP7_75t_R)
  19.75 10699.10 ^ _232543_/Y (OR3x2_ASAP7_75t_R)
  17.79 10716.89 ^ place20232/Y (BUFx3_ASAP7_75t_R)
  17.03 10733.92 ^ _232615_/Y (AO31x2_ASAP7_75t_R)
  32.25 10766.17 ^ _232625_/Y (OA222x2_ASAP7_75t_R)
  21.07 10787.24 ^ _232638_/Y (MAJx2_ASAP7_75t_R)
  23.73 10810.97 ^ _232640_/Y (AO221x2_ASAP7_75t_R)
  14.66 10825.62 ^ place19938/Y (BUFx3_ASAP7_75t_R)
  22.91 10848.53 ^ _232669_/Y (AO31x2_ASAP7_75t_R)
  21.11 10869.64 v _232670_/Y (OAI21x1_ASAP7_75t_R)
  28.40 10898.05 v place19853/Y (BUFx3_ASAP7_75t_R)
  28.27 10926.32 v _233618_/Y (AO21x1_ASAP7_75t_R)
  31.54 10957.86 v _233619_/Y (OA211x2_ASAP7_75t_R)
  33.94 10991.80 v _233626_/Y (OR4x1_ASAP7_75t_R)
  27.61 11019.40 v _233632_/Y (OA211x2_ASAP7_75t_R)
  21.90 11041.31 v _233633_/Y (OA22x2_ASAP7_75t_R)
  22.25 11063.55 v _233721_/Y (AND5x2_ASAP7_75t_R)
  21.18 11084.73 v _233967_/Y (AND3x4_ASAP7_75t_R)
  22.92 11107.65 v _235036_/Y (AND5x2_ASAP7_75t_R)
  19.43 11127.08 v _235186_/Y (AND4x1_ASAP7_75t_R)
  16.80 11143.88 v _235297_/Y (AND3x2_ASAP7_75t_R)
  44.36 11188.25 v _235300_/Y (OR5x2_ASAP7_75t_R)
  24.88 11213.12 v place19574/Y (BUFx3_ASAP7_75t_R)
   7.50 11220.62 ^ _276097_/Y (INVx1_ASAP7_75t_R)
  29.56 11250.19 ^ _276098_/Y (AO32x2_ASAP7_75t_R)
  21.64 11271.83 v _279914_/Y (AOI21x1_ASAP7_75t_R)
  63.81 11335.64 ^ _280017_/Y (OAI21x1_ASAP7_75t_R)
  50.67 11386.31 v _326596_/Y (AOI22x1_ASAP7_75t_R)
  23.53 11409.84 v place19240/Y (BUFx6f_ASAP7_75t_R)
  20.37 11430.21 v place19238/Y (BUFx6f_ASAP7_75t_R)
  45.05 11475.26 v _334388_/Y (OA21x2_ASAP7_75t_R)
   8.07 11483.33 ^ _334389_/Y (NOR2x1_ASAP7_75t_R)
   0.12 11483.45 ^ _395836_/D (DFFHQNx1_ASAP7_75t_R)
        11483.45   data arrival time

12000.00 12000.00   clock core_clk (rise edge)
   0.00 12000.00   clock source latency
   0.00 12000.00 ^ clk (in)
  45.24 12045.24 ^ wire32813/Y (BUFx12f_ASAP7_75t_R)
  51.74 12096.99 ^ clkbuf_0_clk/Y (BUFx24_ASAP7_75t_R)
  27.57 12124.55 ^ clkbuf_1_1_0_clk/Y (BUFx24_ASAP7_75t_R)
  22.94 12147.50 ^ clkbuf_2_3_0_clk/Y (BUFx24_ASAP7_75t_R)
  30.79 12178.29 ^ clkbuf_3_7_0_clk/Y (BUFx24_ASAP7_75t_R)
  26.19 12204.48 ^ clkbuf_4_14_0_clk/Y (BUFx24_ASAP7_75t_R)
  26.10 12230.58 ^ clkbuf_6_58_0_clk/Y (BUFx24_ASAP7_75t_R)
  21.09 12251.67 ^ clkbuf_7_116__f_clk/Y (BUFx24_ASAP7_75t_R)
  23.01 12274.67 ^ clkbuf_leaf_591_clk/Y (BUFx24_ASAP7_75t_R)
   1.96 12276.63 ^ _395836_/CLK (DFFHQNx1_ASAP7_75t_R)
 -50.00 12226.63   clock uncertainty
   4.46 12231.09   clock reconvergence pessimism
 -10.99 12220.11   library setup time
        12220.11   data required time
---------------------------------------------------------
        12220.11   data required time
        -11483.45   data arrival time
---------------------------------------------------------
         736.65   slack (MET)


